Date,2020-11-28 09:15:36
Filename,STFMK-20201105-LW19-1943_20201128_091536_004.dat
Data Label,벨트느슨함
Label_No,04
Motor Spec,R-PAHU-04S, 1760,55, 105.3,
Period,3SEC
Sample Rate,4000
RMS,0.010218,
Data Length,12000,
0,-0.0074598631,
0.00025,-0.0095795542,
0.0005,-0.0115954336,
0.00075,0.0018255262,
0.001,0.0054204455,
0.00125,0.0087134503,
0.0015,0.0017022133,
0.00175,0.0119980741,
0.002,0.0113247558,
0.00225,0.0107383747,
0.0025,-0.0023672557,
0.00275,0.0005673564,
0.003,0.0025123172,
0.00325,-0.0011740240,
0.0035,0.0023169525,
0.00375,-0.0040867091,
0.004,0.0122588240,
0.00425,-0.0005760031,
0.0045,-0.0043841372,
0.00475,-0.0004014212,
0.005,0.0158723928,
0.00525,-0.0032870397,
0.0055,-0.0095125651,
0.00575,0.0115833348,
0.006,0.0134849166,
0.00625,-0.0108522596,
0.0065,0.0013237015,
0.00675,0.0213603470,
0.007,-0.0024186091,
0.00725,0.0017835964,
0.0075,0.0286354981,
0.00775,0.0062757004,
0.008,-0.0079391720,
0.00825,0.0081330901,
0.0085,0.0105799558,
0.00875,-0.0077858772,
0.009,-0.0031915703,
0.00925,-0.0004182545,
0.0095,0.0005777105,
0.00975,-0.0096808961,
0.01,-0.0036570581,
0.01025,0.0166013055,
0.0105,0.0010898657,
0.01075,0.0048582344,
0.011,0.0118438900,
0.01125,0.0091752680,
0.0115,0.0078331446,
0.01175,0.0091888774,
0.012,0.0136712734,
0.01225,0.0077722804,
0.0125,0.0091523826,
0.01275,0.0084501198,
0.013,0.0058801407,
0.01325,0.0063674748,
0.0135,-0.0061220904,
0.01375,0.0207309257,
0.014,0.0089273574,
0.01425,-0.0102538606,
0.0145,-0.0015206833,
0.01475,0.0250973739,
0.015,-0.0022948158,
0.01525,-0.0002633014,
0.0155,0.0120009668,
0.01575,0.0247411709,
0.016,0.0086665293,
0.01625,0.0053444481,
0.0165,0.0254538506,
0.01675,0.0185081381,
0.017,0.0078924578,
0.01725,0.0225850902,
0.0175,0.0135122202,
0.01775,0.0031734442,
0.018,-0.0134009263,
0.01825,0.0130143333,
0.0185,0.0112617770,
0.01875,-0.0117724538,
0.019,0.0002729181,
0.01925,0.0027514524,
0.0195,0.0039760885,
0.01975,-0.0145900939,
0.02,-0.0038678297,
0.02025,0.0168858673,
0.0205,0.0093029942,
0.02075,0.0078609996,
0.021,0.0061469078,
0.02125,0.0159823261,
0.0215,0.0087381490,
0.02175,0.0090986453,
0.022,0.0171838719,
0.02225,-0.0035758212,
0.0225,-0.0006502590,
0.02275,0.0117130121,
0.023,-0.0027980679,
0.02325,-0.0119870454,
0.0235,0.0136779249,
0.02375,0.0082606236,
0.024,-0.0068334360,
0.02425,0.0016259076,
0.0245,0.0031364069,
0.02475,0.0136689702,
0.025,-0.0093179112,
0.02525,-0.0049759047,
0.0255,0.0047293454,
0.02575,0.0050100014,
0.026,-0.0112273684,
0.02625,0.0068922103,
0.0265,0.0103654880,
0.02675,0.0037621486,
0.027,0.0020288522,
0.02725,0.0150941787,
0.0275,0.0014100031,
0.02775,-0.0114384117,
0.028,-0.0043193628,
0.02825,0.0009222873,
0.0285,-0.0077601080,
0.02875,-0.0091517009,
0.029,-0.0077396962,
0.02925,0.0010028847,
0.0295,-0.0217768382,
0.02975,-0.0069781663,
0.03,0.0070082517,
0.03025,0.0002974224,
0.0305,0.0019263534,
0.03075,-0.0031525688,
0.031,0.0094991652,
0.03125,-0.0142031554,
0.0315,-0.0086831525,
0.03175,-0.0007711137,
0.032,-0.0057154540,
0.03225,-0.0099455528,
0.0325,-0.0054899654,
0.03275,-0.0034392658,
0.033,-0.0060195597,
0.03325,-0.0077328430,
0.0335,0.0006975221,
0.03375,-0.0109300688,
0.034,-0.0121280132,
0.03425,-0.0137379253,
0.0345,-0.0001870804,
0.03475,-0.0064984700,
0.035,-0.0146054002,
0.03525,-0.0009271596,
0.0355,0.0147947110,
0.03575,-0.0019462830,
0.036,-0.0049922401,
0.03625,0.0137827434,
0.0365,0.0134650674,
0.03675,-0.0083770826,
0.037,0.0083742328,
0.03725,0.0080854967,
0.0375,-0.0062918146,
0.03775,-0.0298344791,
0.038,0.0121744759,
0.03825,-0.0067322021,
0.0385,-0.0273479931,
0.03875,-0.0092271948,
0.039,-0.0091829430,
0.03925,-0.0146291889,
0.0395,-0.0178020503,
0.03975,-0.0013151455,
0.04,0.0053224713,
0.04025,-0.0045262733,
0.0405,-0.0036531002,
0.04075,0.0061134072,
0.041,-0.0083535202,
0.04125,0.0019817057,
0.0415,-0.0022224654,
0.04175,-0.0053786747,
0.042,-0.0095998328,
0.04225,-0.0003967667,
0.0425,-0.0074167661,
0.04275,-0.0120373489,
0.043,-0.0068941833,
0.04325,-0.0011583274,
0.0435,-0.0016411033,
0.04375,0.0023733196,
0.044,-0.0177887846,
0.04425,-0.0116393026,
0.0445,0.0083220480,
0.04475,-0.0018525090,
0.045,-0.0064752642,
0.04525,0.0143817961,
0.0455,0.0163669642,
0.04575,-0.0075828265,
0.046,0.0023881404,
0.04625,0.0209641755,
0.0465,0.0100527750,
0.04675,-0.0059637465,
0.047,0.0178730786,
0.04725,-0.0045131142,
0.0475,-0.0131239789,
0.04775,-0.0006813393,
0.048,0.0017489643,
0.04825,-0.0129033402,
0.0485,-0.0036480399,
0.04875,-0.0067666667,
0.049,-0.0044550058,
0.04925,-0.0208228044,
0.0495,0.0009579468,
0.04975,0.0087508596,
0.05,0.0045352159,
0.05025,-0.0007608064,
0.0505,0.0123826694,
0.05075,-0.0102618430,
0.051,-0.0085192695,
0.05125,-0.0027509893,
0.0515,-0.0028448168,
0.05175,-0.0026674410,
0.052,0.0000288979,
0.05225,-0.0002336044,
0.0525,0.0080073010,
0.05275,0.0060439073,
0.053,-0.0093143452,
0.05325,0.0049259881,
0.0535,0.0113612320,
0.05375,-0.0051210956,
0.054,-0.0044524162,
0.05425,0.0046993345,
0.0545,0.0086114872,
0.05475,-0.0063080713,
0.055,0.0088010645,
0.05525,0.0133230360,
0.0555,0.0024762738,
0.05575,0.0057560694,
0.056,0.0123077538,
0.05625,0.0159225594,
0.0565,-0.0034686949,
0.05675,0.0119692078,
0.057,0.0008821203,
0.05725,-0.0134188822,
0.0575,-0.0105893724,
0.05775,0.0036142012,
0.058,0.0041187066,
0.05825,-0.0070468467,
0.0585,-0.0156848952,
0.05875,-0.0019580724,
0.059,-0.0061023026,
0.05925,-0.0090072993,
0.0595,-0.0069605839,
0.05975,0.0144755524,
0.06,-0.0072823446,
0.06025,-0.0050801015,
0.0605,0.0049065985,
0.06075,0.0037741379,
0.061,-0.0180885289,
0.06125,-0.0104532810,
0.0615,-0.0026378622,
0.06175,-0.0116778538,
0.062,-0.0059810886,
0.06225,-0.0094366157,
0.0625,-0.0036038400,
0.06275,-0.0077049229,
0.063,0.0055392594,
0.06325,0.0099717472,
0.0635,0.0041948445,
0.06375,-0.0136043224,
0.064,-0.0008290475,
0.06425,0.0059442152,
0.0645,0.0035908390,
0.06475,-0.0053789597,
0.065,0.0110679911,
0.06525,0.0094548734,
0.0655,-0.0028082684,
0.06575,0.0055014249,
0.066,0.0128046852,
0.06625,0.0076365415,
0.0665,0.0074295336,
0.06675,-0.0008889211,
0.067,-0.0060609831,
0.06725,-0.0018347549,
0.0675,-0.0039540743,
0.06775,-0.0073323720,
0.068,-0.0066987686,
0.06825,-0.0089983232,
0.0685,-0.0050752820,
0.06875,-0.0152871609,
0.069,-0.0154330665,
0.06925,-0.0063600605,
0.0695,0.0076095848,
0.06975,0.0136390710,
0.07,0.0021648782,
0.07025,0.0010075562,
0.0705,-0.0041364478,
0.07075,0.0023209117,
0.071,-0.0080699269,
0.07125,0.0023158360,
0.0715,-0.0082801897,
0.07175,0.0031388765,
0.072,-0.0088421581,
0.07225,0.0054524024,
0.0725,-0.0149642630,
0.07275,-0.0081406375,
0.073,-0.0042790733,
0.07325,0.0076511009,
0.0735,0.0079331873,
0.07375,-0.0106648123,
0.074,0.0055312295,
0.07425,0.0094777020,
0.0745,-0.0020650332,
0.07475,0.0006324403,
0.075,0.0052119140,
0.07525,0.0051467819,
0.0755,-0.0111189159,
0.07575,0.0071792435,
0.076,0.0171228498,
0.07625,0.0062190769,
0.0765,0.0077376906,
0.07675,-0.0049983249,
0.077,-0.0123134060,
0.07725,-0.0025492804,
0.0775,-0.0014902195,
0.07775,0.0107058436,
0.078,-0.0092044054,
0.07825,-0.0097931372,
0.0785,0.0026271511,
0.07875,-0.0225579552,
0.079,-0.0135605140,
0.07925,0.0018201863,
0.0795,0.0105160894,
0.07975,-0.0081761209,
0.08,0.0089852633,
0.08025,0.0025405260,
0.0805,-0.0041438695,
0.08075,-0.0113817016,
0.081,0.0007067178,
0.08125,-0.0149806626,
0.0815,-0.0049588419,
0.08175,-0.0098576723,
0.082,-0.0155657884,
0.08225,-0.0051457211,
0.0825,0.0031243719,
0.08275,-0.0046575214,
0.083,-0.0014565017,
0.08325,0.0111415386,
0.0835,-0.0078945318,
0.08375,-0.0088191601,
0.084,0.0074164923,
0.08425,0.0137811946,
0.0845,-0.0088901371,
0.08475,0.0043714531,
0.085,0.0195397250,
0.08525,-0.0010443495,
0.0855,-0.0069233733,
0.08575,0.0190687981,
0.086,0.0120640900,
0.08625,-0.0047728489,
0.0865,-0.0066849571,
0.08675,-0.0064017931,
0.087,-0.0017130839,
0.08725,-0.0130131692,
0.0875,0.0014960074,
0.08775,0.0002119980,
0.088,-0.0085362289,
0.08825,-0.0016321812,
0.0885,-0.0303499401,
0.08875,-0.0094007123,
0.089,-0.0037840845,
0.08925,0.0116634853,
0.0895,0.0131452745,
0.08975,0.0071120518,
0.09,0.0000959415,
0.09025,0.0073159207,
0.0905,-0.0013816783,
0.09075,0.0038479557,
0.091,-0.0004207266,
0.09125,0.0023152237,
0.0915,0.0013664272,
0.09175,0.0021635455,
0.092,-0.0076145409,
0.09225,-0.0134676322,
0.0925,0.0054925429,
0.09275,-0.0027969535,
0.093,0.0211119018,
0.09325,0.0082598813,
0.0935,-0.0004516287,
0.09375,0.0048529161,
0.094,0.0165929031,
0.09425,0.0056799985,
0.0945,0.0086315079,
0.09475,0.0136850588,
0.095,0.0193517879,
0.09525,-0.0021186448,
0.0955,0.0152697470,
0.09575,0.0185982548,
0.096,0.0165309422,
0.09625,-0.0005412019,
0.0965,-0.0133557701,
0.09675,0.0016055756,
0.097,0.0063865259,
0.09725,-0.0002777834,
0.0975,0.0085129300,
0.09775,-0.0041041970,
0.098,0.0011465244,
0.09825,-0.0132215125,
0.0985,0.0027057910,
0.09875,-0.0072942702,
0.099,-0.0022720152,
0.09925,0.0164188407,
0.0995,0.0156528037,
0.09975,-0.0006264738,
0.1,0.0025998582,
0.10025,0.0130136870,
0.1005,0.0076515451,
0.10075,0.0017288100,
0.101,0.0046703885,
0.10125,0.0127721997,
0.1015,-0.0036322675,
0.10175,0.0035599866,
0.102,0.0093181059,
0.10225,0.0099297520,
0.1025,-0.0166668259,
0.10275,0.0167362075,
0.103,0.0105289789,
0.10325,0.0005871275,
0.1035,0.0065609543,
0.10375,0.0162387956,
0.104,0.0124373669,
0.10425,0.0099802902,
0.1045,0.0101207253,
0.10475,0.0162564516,
0.105,0.0075397152,
0.10525,0.0051275911,
0.1055,0.0092489282,
0.10575,0.0090001673,
0.106,0.0015181974,
0.10625,-0.0078800181,
0.1065,-0.0110705532,
0.10675,0.0030833900,
0.107,-0.0165709835,
0.10725,-0.0003681584,
0.1075,0.0122714080,
0.10775,0.0048552011,
0.108,-0.0197552908,
0.10825,-0.0268941540,
0.1085,-0.0057849465,
0.10875,-0.0115011465,
0.109,0.0084054116,
0.10925,0.0125692189,
0.1095,0.0088481894,
0.10975,-0.0003798904,
0.11,0.0134419221,
0.11025,0.0103727309,
0.1105,0.0010045631,
0.11075,-0.0095326127,
0.111,0.0091387462,
0.11125,0.0005021470,
0.1115,-0.0042716772,
0.11175,-0.0170927178,
0.112,0.0027758810,
0.11225,-0.0000540657,
0.1125,-0.0077889403,
0.11275,0.0031866054,
0.113,0.0053898050,
0.11325,0.0002399118,
0.1135,-0.0018494765,
0.11375,0.0037757456,
0.114,0.0053687198,
0.11425,-0.0027162228,
0.1145,0.0010149978,
0.11475,0.0104418509,
0.115,-0.0003781443,
0.11525,-0.0032476522,
0.1155,0.0146372151,
0.11575,0.0140607255,
0.116,-0.0163187776,
0.11625,-0.0089969169,
0.1165,0.0045039630,
0.11675,-0.0109158792,
0.117,-0.0128736114,
0.11725,-0.0038400576,
0.1175,-0.0259852298,
0.11775,-0.0187713727,
0.118,-0.0155501720,
0.11825,-0.0020306748,
0.1185,-0.0277566817,
0.11875,-0.0081930598,
0.119,0.0061306101,
0.11925,0.0037407135,
0.1195,-0.0043762238,
0.11975,0.0074296300,
0.12,0.0072998060,
0.12025,0.0099929944,
0.1205,-0.0134659987,
0.12075,-0.0022421337,
0.121,-0.0004321629,
0.12125,-0.0001716984,
0.1215,-0.0153335966,
0.12175,-0.0000466860,
0.122,-0.0008022366,
0.12225,-0.0111125465,
0.1225,-0.0020228678,
0.12275,-0.0056064869,
0.123,0.0069499761,
0.12325,-0.0171532333,
0.1235,0.0036268670,
0.12375,0.0140041448,
0.124,-0.0013448286,
0.12425,-0.0134192957,
0.1245,0.0071448577,
0.12475,0.0004891087,
0.125,-0.0098902863,
0.12525,0.0052857101,
0.1255,0.0160081536,
0.12575,-0.0123207374,
0.126,-0.0061420631,
0.12625,0.0034951051,
0.1265,0.0026754381,
0.12675,-0.0174386408,
0.127,0.0020572043,
0.12725,0.0021959129,
0.1275,-0.0045351214,
0.12775,-0.0241278764,
0.128,-0.0075709093,
0.12825,-0.0242560338,
0.1285,-0.0162114408,
0.12875,0.0082140062,
0.129,0.0097582322,
0.12925,0.0044265641,
0.1295,0.0063447915,
0.12975,0.0117640952,
0.13,0.0054900199,
0.13025,0.0004598593,
0.1305,-0.0087667340,
0.13075,-0.0039402028,
0.131,-0.0057154167,
0.13125,-0.0098107681,
0.1315,-0.0248272158,
0.13175,0.0070622973,
0.132,-0.0015465165,
0.13225,-0.0032176515,
0.1325,-0.0072271004,
0.13275,0.0128267976,
0.133,-0.0065985136,
0.13325,-0.0067765191,
0.1335,0.0012247264,
0.13375,0.0035933782,
0.134,-0.0090858079,
0.13425,-0.0058223996,
0.1345,0.0109273335,
0.13475,-0.0033410895,
0.135,-0.0003167054,
0.13525,0.0167047624,
0.1355,0.0097982045,
0.13575,-0.0062110443,
0.136,-0.0046645300,
0.13625,-0.0050885319,
0.1365,-0.0219724122,
0.13675,-0.0142589770,
0.137,-0.0167218521,
0.13725,-0.0192216039,
0.1375,-0.0170827154,
0.13775,-0.0141917495,
0.138,-0.0001368494,
0.13825,-0.0163196456,
0.1385,0.0039757527,
0.13875,-0.0028209432,
0.139,0.0157526806,
0.13925,-0.0001626611,
0.1395,0.0010276353,
0.13975,0.0192386191,
0.14,0.0086690225,
0.14025,-0.0102257896,
0.1405,0.0006579870,
0.14075,-0.0021176846,
0.141,-0.0057010101,
0.14125,-0.0210834667,
0.1415,0.0022377092,
0.14175,-0.0040746555,
0.142,-0.0072979722,
0.14225,-0.0108398302,
0.1425,-0.0035208696,
0.14275,-0.0022228495,
0.143,-0.0123499725,
0.14325,0.0066096811,
0.1435,0.0019944462,
0.14375,-0.0041442020,
0.144,-0.0074270200,
0.14425,0.0064622336,
0.1445,0.0064581754,
0.14475,0.0039470284,
0.145,0.0033047386,
0.14525,0.0030173436,
0.1455,-0.0035447513,
0.14575,-0.0110798879,
0.146,-0.0005805686,
0.14625,0.0046654558,
0.1465,-0.0159734953,
0.14675,-0.0021393942,
0.147,-0.0087698726,
0.14725,-0.0150201190,
0.1475,-0.0346563347,
0.14775,-0.0227073580,
0.148,-0.0103232227,
0.14825,0.0035984383,
0.1485,0.0010598883,
0.14875,0.0096014431,
0.149,0.0093790004,
0.14925,-0.0050906320,
0.1495,0.0045549907,
0.14975,0.0107397065,
0.15,-0.0082533192,
0.15025,-0.0148491608,
0.1505,-0.0001503728,
0.15075,0.0053414442,
0.151,-0.0198337547,
0.15125,-0.0117812008,
0.1515,0.0037797852,
0.15175,0.0017855490,
0.152,-0.0023745506,
0.15225,-0.0207061954,
0.1525,0.0104080224,
0.15275,-0.0049867798,
0.153,-0.0075925700,
0.15325,-0.0046455800,
0.1535,0.0101900110,
0.15375,-0.0030788046,
0.154,-0.0059000147,
0.15425,0.0152530996,
0.1545,0.0046849824,
0.15475,-0.0129425824,
0.155,0.0083109457,
0.15525,0.0160333849,
0.1555,-0.0094938688,
0.15575,-0.0161708631,
0.156,-0.0163825285,
0.15625,-0.0189150125,
0.1565,-0.0186433475,
0.15675,-0.0046662292,
0.157,-0.0041454751,
0.15725,-0.0202635881,
0.1575,-0.0083795087,
0.15775,0.0004812406,
0.158,-0.0249973498,
0.15825,-0.0042015077,
0.1585,-0.0032572600,
0.15875,0.0098990547,
0.159,-0.0020688607,
0.15925,0.0036386712,
0.1595,0.0122215543,
0.15975,-0.0026555588,
0.16,0.0047250143,
0.16025,-0.0021633767,
0.1605,-0.0023106111,
0.16075,-0.0048232866,
0.161,-0.0191218760,
0.16125,-0.0034022562,
0.1615,-0.0029942396,
0.16175,0.0060912715,
0.162,-0.0252742469,
0.16225,-0.0061337114,
0.1625,0.0111218086,
0.16275,0.0026407712,
0.163,-0.0086225541,
0.16325,0.0170612894,
0.1635,0.0088433223,
0.16375,-0.0128361201,
0.164,0.0085450402,
0.16425,0.0108288880,
0.1645,0.0037602496,
0.16475,-0.0007630297,
0.165,0.0087311128,
0.16525,0.0069931373,
0.1655,-0.0116514694,
0.16575,0.0078193666,
0.166,0.0012763329,
0.16625,-0.0226520263,
0.1665,-0.0045663659,
0.16675,-0.0061548413,
0.167,-0.0309531298,
0.16725,-0.0330052003,
0.1675,-0.0066725682,
0.16775,-0.0021429812,
0.168,0.0063145943,
0.16825,0.0054982700,
0.1685,0.0179822464,
0.16875,0.0044873790,
0.169,0.0080783758,
0.16925,0.0173942707,
0.1695,0.0112664234,
0.16975,0.0066129421,
0.17,-0.0090936497,
0.17025,0.0085015427,
0.1705,0.0118828639,
0.17075,-0.0008566084,
0.171,-0.0014698803,
0.17125,0.0063961982,
0.1715,0.0147618027,
0.17175,-0.0018666559,
0.172,-0.0096728355,
0.17225,0.0120836459,
0.1725,0.0103884228,
0.17275,-0.0024844508,
0.173,0.0068430700,
0.17325,0.0205025431,
0.1735,0.0030512302,
0.17375,0.0034777026,
0.174,0.0128460443,
0.17425,0.0207114927,
0.1745,-0.0019752742,
0.17475,0.0184233561,
0.175,0.0183828454,
0.17525,-0.0043544034,
0.1755,-0.0058261864,
0.17575,0.0018089056,
0.176,0.0043735327,
0.17625,-0.0036270958,
0.1765,0.0027334797,
0.17675,-0.0004964949,
0.177,0.0018912046,
0.17725,0.0015115300,
0.1775,-0.0141851464,
0.17775,0.0044666198,
0.178,-0.0063917437,
0.17825,0.0011574257,
0.1785,0.0230479389,
0.17875,0.0126712900,
0.179,0.0162780005,
0.17925,0.0181721523,
0.1795,0.0165962018,
0.17975,0.0065414589,
0.18,-0.0005166718,
0.18025,0.0115446392,
0.1805,-0.0076780263,
0.18075,0.0016191278,
0.181,0.0095887529,
0.18125,0.0122662904,
0.1815,0.0117978901,
0.18175,-0.0103809182,
0.182,0.0148468791,
0.18225,0.0162879601,
0.1825,0.0128813917,
0.18275,-0.0013950691,
0.183,0.0163379703,
0.18325,0.0105895149,
0.1835,0.0036620847,
0.18375,0.0026671225,
0.184,0.0126005858,
0.18425,0.0075245313,
0.1845,0.0090178195,
0.18475,0.0123413429,
0.185,0.0105339205,
0.18525,0.0051541813,
0.1855,0.0038134339,
0.18575,-0.0116592962,
0.186,-0.0108531443,
0.18625,-0.0110242506,
0.1865,-0.0076895794,
0.18675,-0.0105884429,
0.187,-0.0114763137,
0.18725,-0.0163291730,
0.1875,0.0119496267,
0.18775,0.0138941351,
0.188,0.0035051131,
0.18825,0.0141499788,
0.1885,0.0169253610,
0.18875,0.0139751062,
0.189,0.0131083885,
0.18925,0.0124679077,
0.1895,0.0105729103,
0.18975,-0.0022913653,
0.19,0.0056927064,
0.19025,0.0115655968,
0.1905,-0.0063556111,
0.19075,-0.0057188189,
0.191,0.0135504510,
0.19125,0.0128477709,
0.1915,-0.0048803370,
0.19175,-0.0083096623,
0.192,0.0135464305,
0.19225,0.0127330935,
0.1925,-0.0075324876,
0.19275,0.0022876880,
0.193,0.0164922699,
0.19325,0.0030316075,
0.1935,0.0003685156,
0.19375,0.0042118747,
0.194,0.0176562071,
0.19425,0.0004826612,
0.1945,0.0023982020,
0.19475,0.0076649296,
0.195,-0.0020086593,
0.19525,-0.0168437697,
0.1955,-0.0054741921,
0.19575,0.0153476167,
0.196,-0.0114042573,
0.19625,-0.0071848370,
0.1965,-0.0048110662,
0.19675,-0.0117865754,
0.197,-0.0240494534,
0.19725,-0.0206274651,
0.1975,0.0011628513,
0.19775,-0.0125987846,
0.198,0.0066452222,
0.19825,0.0087242471,
0.1985,0.0082838573,
0.19875,0.0072997971,
0.199,0.0084173065,
0.19925,0.0039319219,
0.1995,0.0036445262,
0.19975,-0.0004344114,
0.2,-0.0015888012,
0.20025,-0.0103611927,
0.2005,0.0057799830,
0.20075,-0.0045498707,
0.201,0.0071896920,
0.20125,0.0081424126,
0.2015,-0.0056854431,
0.20175,-0.0044877995,
0.202,0.0177237894,
0.20225,0.0077037322,
0.2025,-0.0093499441,
0.20275,0.0042009722,
0.203,0.0234478246,
0.20325,-0.0020567516,
0.2035,-0.0011698446,
0.20375,0.0257215984,
0.204,0.0114268586,
0.20425,0.0009211113,
0.2045,0.0164166391,
0.20475,0.0182065405,
0.205,-0.0033078021,
0.20525,-0.0033512707,
0.2055,-0.0018546558,
0.20575,-0.0039059378,
0.206,-0.0090040956,
0.20625,0.0074802986,
0.2065,-0.0076401001,
0.20675,-0.0078733629,
0.207,-0.0073420745,
0.20725,0.0206343755,
0.2075,0.0023946979,
0.20775,0.0092422441,
0.208,0.0110208532,
0.20825,0.0159709640,
0.2085,0.0036062687,
0.20875,0.0091734910,
0.209,0.0087076994,
0.20925,0.0096801054,
0.2095,0.0120461127,
0.20975,0.0055029453,
0.21,0.0079950616,
0.21025,0.0051907627,
0.2105,0.0041780546,
0.21075,0.0131585542,
0.211,0.0139530003,
0.21125,0.0005300075,
0.2115,0.0000476451,
0.21175,0.0170725454,
0.212,0.0249559898,
0.21225,0.0065885857,
0.2125,0.0068611768,
0.21275,0.0234413184,
0.213,0.0127129834,
0.21325,0.0033366941,
0.2135,0.0164797418,
0.21375,0.0234149545,
0.214,0.0139634684,
0.21425,0.0030779850,
0.2145,0.0165683050,
0.21475,-0.0011471545,
0.215,-0.0049761888,
0.21525,0.0136334151,
0.2155,0.0171058401,
0.21575,0.0020310199,
0.216,-0.0030778032,
0.21625,-0.0096915513,
0.2165,-0.0057656672,
0.21675,-0.0201896969,
0.217,-0.0042264359,
0.21725,0.0100094350,
0.2175,0.0108574899,
0.21775,0.0071807997,
0.218,0.0111529212,
0.21825,0.0260194801,
0.2185,0.0125928177,
0.21875,0.0022518518,
0.219,0.0240248088,
0.21925,0.0083525795,
0.2195,0.0032205738,
0.21975,0.0004019208,
0.22,0.0059515266,
0.22025,0.0045758979,
0.2205,0.0018648708,
0.22075,0.0139405066,
0.221,0.0055169822,
0.22125,-0.0055106953,
0.2215,0.0004443531,
0.22175,0.0165682845,
0.222,0.0056448095,
0.22225,0.0029486956,
0.2225,0.0098774973,
0.22275,0.0147473393,
0.223,-0.0050316802,
0.22325,0.0032196708,
0.2235,0.0053146323,
0.22375,0.0100990329,
0.224,0.0034210491,
0.22425,0.0028647408,
0.2245,-0.0019020895,
0.22475,0.0014440453,
0.225,-0.0115887392,
0.22525,0.0060092732,
0.2255,-0.0004732530,
0.22575,-0.0025425525,
0.226,-0.0197173189,
0.22625,-0.0174558572,
0.2265,-0.0145824058,
0.22675,-0.0197353195,
0.227,-0.0026176688,
0.22725,0.0053854333,
0.2275,0.0030153184,
0.22775,-0.0100875963,
0.228,0.0093540912,
0.22825,0.0038571516,
0.2285,-0.0056399126,
0.22875,-0.0054103392,
0.229,0.0071903039,
0.22925,-0.0066362852,
0.2295,-0.0054542953,
0.22975,-0.0085375290,
0.23,-0.0027757746,
0.23025,-0.0123529462,
0.2305,-0.0023346520,
0.23075,-0.0040209321,
0.231,-0.0154124247,
0.23125,-0.0110903485,
0.2315,-0.0042329291,
0.23175,-0.0008997921,
0.232,-0.0042014900,
0.23225,-0.0087631233,
0.2325,0.0006959472,
0.23275,0.0003932161,
0.233,-0.0115214707,
0.23325,-0.0100648683,
0.2335,0.0113213249,
0.23375,-0.0096770767,
0.234,-0.0127474423,
0.23425,-0.0056104045,
0.2345,-0.0206005462,
0.23475,-0.0211102981,
0.235,-0.0113698607,
0.23525,0.0013950081,
0.2355,-0.0194175672,
0.23575,-0.0305551309,
0.236,-0.0222315490,
0.23625,-0.0173958223,
0.2365,-0.0406735912,
0.23675,-0.0136979772,
0.237,0.0020619007,
0.23725,-0.0100107491,
0.2375,-0.0096865753,
0.23775,0.0064123282,
0.238,0.0003496607,
0.23825,-0.0106849968,
0.2385,-0.0095022200,
0.23875,-0.0105914585,
0.239,-0.0200195573,
0.23925,-0.0034579430,
0.2395,-0.0246480256,
0.23975,-0.0117658032,
0.24,-0.0065258928,
0.24025,-0.0082944566,
0.2405,-0.0072694495,
0.24075,-0.0002743778,
0.241,-0.0012740899,
0.24125,-0.0192733463,
0.2415,-0.0046198205,
0.24175,0.0073130191,
0.242,-0.0118078087,
0.24225,-0.0108144507,
0.2425,0.0074283164,
0.24275,-0.0081085609,
0.243,-0.0164596625,
0.24325,0.0033659567,
0.2435,0.0086273504,
0.24375,-0.0075046280,
0.244,-0.0048734355,
0.24425,-0.0023333987,
0.2445,-0.0062784730,
0.24475,-0.0121400114,
0.245,0.0039567649,
0.24525,-0.0040620971,
0.2455,-0.0112417899,
0.24575,-0.0125997569,
0.246,-0.0086149005,
0.24625,-0.0291314684,
0.2465,-0.0134078879,
0.24675,0.0058011245,
0.247,0.0135505535,
0.24725,-0.0009090081,
0.2475,0.0036759027,
0.24775,-0.0003639291,
0.248,0.0060985843,
0.24825,-0.0002167123,
0.2485,-0.0040953765,
0.24875,0.0044415141,
0.249,0.0052902619,
0.24925,-0.0007647675,
0.2495,0.0016838682,
0.24975,0.0006208102,
0.25,0.0038606327,
0.25025,-0.0027270131,
0.2505,-0.0058078342,
0.25075,0.0110396054,
0.251,-0.0077231410,
0.25125,-0.0012556042,
0.2515,0.0086140446,
0.25175,0.0035999487,
0.252,-0.0007644478,
0.25225,0.0023435107,
0.2525,0.0136387721,
0.25275,-0.0010128306,
0.253,-0.0027258415,
0.25325,0.0177594349,
0.2535,0.0009317082,
0.25375,0.0059201727,
0.254,0.0047671832,
0.25425,-0.0128652295,
0.2545,0.0040360731,
0.25475,0.0051483149,
0.255,0.0061725611,
0.25525,-0.0036396270,
0.2555,-0.0173148736,
0.25575,0.0031747483,
0.256,-0.0114646368,
0.25625,-0.0180928539,
0.2565,-0.0028847789,
0.25675,0.0122048799,
0.257,0.0077262372,
0.25725,0.0041930601,
0.2575,0.0057140156,
0.25775,0.0090701077,
0.258,-0.0109849796,
0.25825,-0.0027706139,
0.2585,0.0017327502,
0.25875,0.0016246432,
0.259,0.0030082606,
0.25925,-0.0188899450,
0.2595,0.0085986927,
0.25975,0.0020141087,
0.26,-0.0032315634,
0.26025,-0.0027853504,
0.2605,0.0064610504,
0.26075,-0.0123462072,
0.261,-0.0085395267,
0.26125,0.0039575114,
0.2615,0.0045152400,
0.26175,0.0054773204,
0.262,-0.0018910294,
0.26225,0.0107067581,
0.2625,0.0047466857,
0.26275,-0.0030863755,
0.263,0.0085111419,
0.26325,0.0049556564,
0.2635,0.0072598392,
0.26375,-0.0049551586,
0.264,-0.0117855435,
0.26425,-0.0024664833,
0.2645,-0.0059321206,
0.26475,-0.0070855725,
0.265,0.0037880950,
0.26525,-0.0044654696,
0.2655,-0.0110619897,
0.26575,-0.0199923180,
0.266,-0.0155436993,
0.26625,0.0011556435,
0.2665,-0.0035533262,
0.26675,0.0140986638,
0.267,0.0088175591,
0.26725,-0.0057907305,
0.2675,0.0058943052,
0.26775,0.0111857979,
0.268,-0.0045023090,
0.26825,-0.0056704204,
0.2685,0.0002412136,
0.26875,0.0132361837,
0.269,-0.0118417563,
0.26925,0.0007408931,
0.2695,-0.0066849170,
0.26975,-0.0093418416,
0.27,-0.0049837097,
0.27025,-0.0076620057,
0.2705,0.0083709210,
0.27075,-0.0036891890,
0.271,-0.0015360629,
0.27125,-0.0000218638,
0.2715,0.0041141091,
0.27175,-0.0014253195,
0.272,-0.0042827716,
0.27225,0.0069859833,
0.2725,-0.0086072050,
0.27275,-0.0051806057,
0.273,0.0079196244,
0.27325,0.0143725742,
0.2735,-0.0031603046,
0.27375,-0.0109930290,
0.274,0.0003815333,
0.27425,0.0038270794,
0.2745,-0.0026244926,
0.27475,-0.0010918758,
0.275,-0.0073797526,
0.27525,-0.0121911895,
0.2755,-0.0107401833,
0.27575,-0.0035590457,
0.276,-0.0236726087,
0.27625,-0.0091089224,
0.2765,0.0130956015,
0.27675,0.0047714557,
0.277,0.0032508699,
0.27725,0.0004069951,
0.2775,0.0072380425,
0.27775,-0.0059192278,
0.278,0.0068494142,
0.27825,-0.0051681912,
0.2785,-0.0045883395,
0.27875,-0.0019758376,
0.279,-0.0093727987,
0.27925,-0.0122993756,
0.2795,0.0044800639,
0.27975,-0.0027443327,
0.28,-0.0190427359,
0.28025,0.0026693707,
0.2805,-0.0051624980,
0.28075,-0.0037152888,
0.281,-0.0030578615,
0.28125,0.0173049811,
0.2815,0.0077090133,
0.28175,-0.0099861640,
0.282,0.0051270681,
0.28225,0.0091834208,
0.2825,-0.0096092485,
0.28275,-0.0087432982,
0.283,0.0157312602,
0.28325,-0.0000195183,
0.2835,-0.0124626588,
0.28375,0.0004386704,
0.284,0.0087544210,
0.28425,-0.0130650066,
0.2845,0.0068805646,
0.28475,0.0089940093,
0.285,-0.0068679163,
0.28525,-0.0129004549,
0.2855,-0.0218405183,
0.28575,0.0007110545,
0.286,-0.0018151813,
0.28625,0.0057279789,
0.2865,0.0071267220,
0.28675,0.0110431332,
0.287,-0.0017110432,
0.28725,0.0194391981,
0.2875,0.0067880559,
0.28775,0.0111587904,
0.288,-0.0044335653,
0.28825,0.0042603426,
0.2885,0.0061933859,
0.28875,-0.0116474936,
0.289,-0.0137906969,
0.28925,-0.0107646976,
0.2895,-0.0021533368,
0.28975,-0.0100132544,
0.29,-0.0064210128,
0.29025,0.0105291177,
0.2905,0.0075388541,
0.29075,-0.0063506681,
0.291,0.0035275398,
0.29125,0.0179726947,
0.2915,0.0007458096,
0.29175,0.0005167786,
0.292,0.0063668452,
0.29225,0.0014129702,
0.2925,-0.0041929907,
0.29275,0.0121621126,
0.293,0.0172319785,
0.29325,0.0033786697,
0.2935,-0.0130256899,
0.29375,0.0048855152,
0.294,0.0127179874,
0.29425,-0.0015667991,
0.2945,-0.0018852722,
0.29475,-0.0041357945,
0.295,-0.0005280863,
0.29525,-0.0140239717,
0.2955,-0.0025798685,
0.29575,-0.0051823948,
0.296,-0.0058495468,
0.29625,0.0124886399,
0.2965,0.0140874600,
0.29675,0.0051438604,
0.297,0.0069176853,
0.29725,0.0117301401,
0.2975,0.0213331804,
0.29775,0.0021508508,
0.298,-0.0064832014,
0.29825,0.0152152199,
0.2985,-0.0006016560,
0.29875,-0.0040943599,
0.299,0.0002898987,
0.29925,0.0115904734,
0.2995,-0.0059636938,
0.29975,-0.0076327790,
0.3,-0.0006645114,
0.30025,0.0111714993,
0.3005,-0.0090193665,
0.30075,0.0024277954,
0.301,0.0170281939,
0.30125,0.0086584790,
0.3015,0.0060415291,
0.30175,-0.0012036196,
0.302,0.0135515220,
0.30225,0.0117239906,
0.3025,0.0051548295,
0.30275,0.0138905589,
0.303,0.0120557360,
0.30325,0.0016208210,
0.3035,-0.0020967792,
0.30375,0.0153084956,
0.304,0.0084536932,
0.30425,0.0002975610,
0.3045,0.0050899098,
0.30475,0.0114129186,
0.305,-0.0056782914,
0.30525,-0.0208287574,
0.3055,0.0045246608,
0.30575,0.0065286756,
0.306,0.0086401114,
0.30625,0.0006499100,
0.3065,0.0223666765,
0.30675,0.0029194865,
0.307,0.0073692305,
0.30725,0.0108247753,
0.3075,0.0079008620,
0.30775,-0.0103290277,
0.308,0.0069259941,
0.30825,0.0019044291,
0.3085,0.0043570460,
0.30875,-0.0210078806,
0.309,0.0114706922,
0.30925,0.0073742662,
0.3095,-0.0026703903,
0.30975,0.0051641925,
0.31,0.0091319457,
0.31025,0.0084976768,
0.3105,-0.0075206258,
0.31075,0.0056902408,
0.311,0.0136546846,
0.31125,0.0102479719,
0.3115,-0.0020073319,
0.31175,0.0147224050,
0.312,0.0151554579,
0.31225,0.0000446790,
0.3125,0.0047253598,
0.31275,0.0218341127,
0.313,0.0014220771,
0.31325,-0.0252545271,
0.3135,0.0088200280,
0.31375,0.0128385806,
0.314,-0.0227481611,
0.31425,-0.0082659023,
0.3145,0.0025161777,
0.31475,-0.0011373743,
0.315,-0.0164621696,
0.31525,0.0011779857,
0.3155,-0.0065967296,
0.31575,-0.0015743056,
0.316,0.0042900243,
0.31625,0.0065616430,
0.3165,0.0000125132,
0.31675,0.0100140944,
0.317,0.0051022875,
0.31725,0.0106249843,
0.3175,-0.0040686103,
0.31775,-0.0061615612,
0.318,0.0083430242,
0.31825,-0.0053158593,
0.3185,-0.0068758945,
0.31875,-0.0013369460,
0.319,0.0010929242,
0.31925,0.0016609434,
0.3195,-0.0067079444,
0.31975,-0.0117840078,
0.32,0.0126938326,
0.32025,0.0000501645,
0.3205,-0.0092842970,
0.32075,0.0071277227,
0.321,0.0187709387,
0.32125,-0.0119626075,
0.3215,-0.0028952535,
0.32175,0.0208067354,
0.322,-0.0013557588,
0.32225,-0.0097811017,
0.3225,0.0126158968,
0.32275,0.0089567881,
0.323,-0.0244177468,
0.32325,0.0004501330,
0.3235,0.0193585847,
0.32375,-0.0113813197,
0.324,-0.0098629110,
0.32425,-0.0009526911,
0.3245,-0.0012256543,
0.32475,-0.0267897453,
0.325,-0.0206332188,
0.32525,0.0016573892,
0.3255,-0.0062996335,
0.32575,0.0059348806,
0.326,0.0022071819,
0.32625,0.0114274165,
0.3265,-0.0043502259,
0.32675,0.0079412935,
0.327,0.0023611339,
0.32725,-0.0044012489,
0.3275,-0.0080771372,
0.32775,-0.0018223636,
0.328,-0.0026030643,
0.32825,-0.0023013980,
0.3285,-0.0145748919,
0.32875,0.0012844855,
0.329,0.0030781690,
0.32925,-0.0017266413,
0.3295,-0.0078068655,
0.32975,0.0057287998,
0.33,0.0019552505,
0.33025,-0.0070855003,
0.3305,-0.0006187210,
0.33075,0.0177880954,
0.331,0.0058625489,
0.33125,-0.0024588788,
0.3315,0.0113868620,
0.33175,0.0141509203,
0.332,-0.0055699754,
0.33225,0.0000639343,
0.3325,0.0179629251,
0.33275,-0.0005255408,
0.333,-0.0219538715,
0.33325,0.0051982058,
0.3335,-0.0032347904,
0.33375,-0.0182397626,
0.334,-0.0100184754,
0.33425,-0.0028136172,
0.3345,-0.0119526489,
0.33475,-0.0162987448,
0.335,-0.0059736753,
0.33525,-0.0043510455,
0.3355,0.0047675879,
0.33575,-0.0162037481,
0.336,0.0124467425,
0.33625,0.0127769588,
0.3365,0.0031918336,
0.33675,0.0079838764,
0.337,0.0099840155,
0.33725,0.0008571416,
0.3375,-0.0021631736,
0.33775,0.0010397548,
0.338,-0.0066445819,
0.33825,-0.0238164607,
0.3385,-0.0030870307,
0.33875,-0.0037445084,
0.339,0.0002619190,
0.33925,-0.0170028638,
0.3395,-0.0025683525,
0.33975,0.0135377087,
0.34,-0.0026802674,
0.34025,0.0044515068,
0.3405,0.0112803634,
0.34075,0.0147592891,
0.341,-0.0066261953,
0.34125,0.0000410520,
0.3415,0.0097878799,
0.34175,0.0069721136,
0.342,-0.0063880589,
0.34225,0.0068015335,
0.3425,-0.0056544589,
0.34275,-0.0068755765,
0.343,0.0053882482,
0.34325,0.0040765912,
0.3435,-0.0200199485,
0.34375,-0.0039994977,
0.344,-0.0114942724,
0.34425,-0.0156355146,
0.3445,-0.0348053686,
0.34475,-0.0171756148,
0.345,-0.0041550556,
0.34525,0.0070440285,
0.3455,0.0024139406,
0.34575,0.0023762423,
0.346,0.0071915826,
0.34625,-0.0020345366,
0.3465,-0.0055602775,
0.34675,0.0023645125,
0.347,0.0024497048,
0.34725,-0.0219251812,
0.3475,-0.0074718990,
0.34775,0.0071967836,
0.348,-0.0092367474,
0.34825,-0.0136313122,
0.3485,0.0033101903,
0.34875,0.0022652952,
0.349,0.0043694121,
0.34925,-0.0153806712,
0.3495,0.0020427764,
0.34975,0.0043822471,
0.35,-0.0053096619,
0.35025,-0.0045395885,
0.3505,0.0121588409,
0.35075,-0.0013055424,
0.351,-0.0051619136,
0.35125,0.0002024568,
0.3515,0.0112240780,
0.35175,-0.0080293808,
0.352,-0.0056796749,
0.35225,0.0115268202,
0.3525,-0.0115364622,
0.35275,-0.0244508218,
0.353,-0.0093578445,
0.35325,-0.0035613251,
0.3535,-0.0112847602,
0.35375,-0.0230873115,
0.354,0.0005914567,
0.35425,-0.0166773330,
0.3545,-0.0161270723,
0.35475,-0.0119445752,
0.355,-0.0038865253,
0.35525,-0.0154043911,
0.3555,-0.0173935648,
0.35575,0.0122129824,
0.356,0.0007916301,
0.35625,0.0020862781,
0.3565,0.0034252913,
0.35675,0.0002236818,
0.357,-0.0113531621,
0.35725,-0.0003931325,
0.3575,-0.0117272148,
0.35775,-0.0122954976,
0.358,-0.0137798572,
0.35825,-0.0023089149,
0.3585,-0.0105813537,
0.35875,0.0066263224,
0.359,-0.0125502339,
0.35925,-0.0137908645,
0.3595,0.0044034082,
0.35975,0.0161150396,
0.36,-0.0072291750,
0.36025,0.0003279006,
0.3605,0.0222762208,
0.36075,-0.0031547137,
0.361,-0.0119499341,
0.36125,0.0201806519,
0.3615,0.0083663259,
0.36175,-0.0129264649,
0.362,0.0008840157,
0.36225,-0.0018242166,
0.3625,-0.0121391341,
0.36275,0.0004144557,
0.363,-0.0061071748,
0.36325,-0.0165455043,
0.3635,-0.0243376847,
0.36375,0.0001104635,
0.364,-0.0111441361,
0.36425,-0.0280154422,
0.3645,-0.0077082720,
0.36475,-0.0036532725,
0.365,0.0136867762,
0.36525,-0.0044497661,
0.3655,0.0108222812,
0.36575,0.0051448983,
0.366,0.0003962453,
0.36625,0.0054711797,
0.3665,0.0088051343,
0.36675,-0.0017754326,
0.367,0.0031668185,
0.36725,-0.0005671635,
0.3675,0.0084122019,
0.36775,-0.0042540622,
0.368,-0.0107651521,
0.36825,0.0044193054,
0.3685,0.0157138668,
0.36875,0.0049585998,
0.369,-0.0064366069,
0.36925,0.0048992918,
0.3695,0.0196733586,
0.36975,0.0014835161,
0.37,0.0022228407,
0.37025,0.0190359559,
0.3705,0.0089025600,
0.37075,0.0069808373,
0.371,-0.0000323185,
0.37125,0.0170779228,
0.3715,0.0063328655,
0.37175,0.0058771013,
0.372,0.0017047618,
0.37225,-0.0161057729,
0.3725,-0.0071258452,
0.37275,0.0000849876,
0.373,0.0107152611,
0.37325,0.0068984544,
0.3735,-0.0090450132,
0.37375,0.0065035364,
0.374,-0.0080898013,
0.37425,-0.0167670082,
0.3745,-0.0161112770,
0.37475,0.0091601312,
0.375,-0.0087196277,
0.37525,0.0034342916,
0.3755,0.0036315313,
0.37575,0.0100103905,
0.376,0.0167959072,
0.37625,0.0058433791,
0.3765,0.0122244516,
0.37675,0.0141273942,
0.377,-0.0010026906,
0.37725,-0.0086108074,
0.3775,-0.0025702349,
0.37775,0.0008324992,
0.378,-0.0016583558,
0.37825,0.0023964373,
0.3785,0.0108324457,
0.37875,-0.0059633977,
0.379,0.0009340398,
0.37925,0.0106866919,
0.3795,0.0213174727,
0.37975,0.0024092656,
0.38,0.0154683441,
0.38025,0.0248065423,
0.3805,0.0012915268,
0.38075,0.0005719277,
0.381,0.0153422449,
0.38125,0.0070819575,
0.3815,0.0044190157,
0.38175,0.0026926277,
0.382,-0.0026494800,
0.38225,-0.0065802997,
0.3825,0.0034190109,
0.38275,-0.0181503557,
0.383,0.0042742006,
0.38325,-0.0038957559,
0.3835,0.0036587811,
0.38375,-0.0163988918,
0.384,-0.0122870021,
0.38425,-0.0087719979,
0.3845,0.0012022508,
0.38475,0.0123808943,
0.385,0.0072520562,
0.38525,0.0007533048,
0.3855,0.0053343899,
0.38575,0.0146674383,
0.386,-0.0002883088,
0.38625,0.0111465296,
0.3865,0.0067223930,
0.38675,0.0049283612,
0.387,0.0004332336,
0.38725,0.0054972274,
0.3875,-0.0129291769,
0.38775,-0.0075085638,
0.388,-0.0029326151,
0.38825,0.0114566218,
0.3885,0.0006292429,
0.38875,-0.0067337081,
0.389,0.0035571074,
0.38925,0.0103236493,
0.3895,0.0036389555,
0.38975,0.0029152203,
0.39,0.0112124830,
0.39025,0.0099535296,
0.3905,-0.0023651896,
0.39075,-0.0006224168,
0.391,0.0033355993,
0.39125,0.0129240416,
0.3915,0.0021750571,
0.39175,-0.0136319716,
0.392,-0.0007637832,
0.39225,-0.0067730742,
0.3925,-0.0057859956,
0.39275,0.0168982260,
0.393,-0.0020520436,
0.39325,-0.0108726304,
0.3935,-0.0157065373,
0.39375,-0.0247178413,
0.394,-0.0219459906,
0.39425,-0.0262981486,
0.3945,0.0087065147,
0.39475,-0.0078813070,
0.395,0.0008887149,
0.39525,0.0060538193,
0.3955,0.0082017193,
0.39575,0.0072755287,
0.396,0.0127079207,
0.39625,-0.0000761922,
0.3965,0.0055783000,
0.39675,-0.0048660203,
0.397,-0.0054680677,
0.39725,-0.0138594639,
0.3975,0.0043490059,
0.39775,-0.0087182168,
0.398,-0.0051137940,
0.39825,0.0013480966,
0.3985,0.0079669347,
0.39875,-0.0053822929,
0.399,0.0058507640,
0.39925,0.0192470364,
0.3995,0.0075345226,
0.39975,-0.0027383291,
0.4,0.0205287896,
0.40025,0.0068994826,
0.4005,-0.0076806452,
0.40075,0.0003946098,
0.401,0.0233719721,
0.40125,-0.0059728008,
0.4015,-0.0085619763,
0.40175,0.0021869871,
0.402,0.0028975932,
0.40225,-0.0080169914,
0.4025,-0.0040549543,
0.40275,0.0191368293,
0.403,-0.0037007628,
0.40325,-0.0015473508,
0.4035,-0.0180042610,
0.40375,-0.0092467703,
0.404,-0.0197398197,
0.40425,0.0093811452,
0.4045,0.0114686228,
0.40475,0.0119256051,
0.405,0.0047214832,
0.40525,0.0199525580,
0.4055,0.0119756013,
0.40575,0.0094863884,
0.406,0.0080519784,
0.40625,0.0074615101,
0.4065,0.0108984532,
0.40675,0.0079858573,
0.407,-0.0089647165,
0.40725,0.0019329593,
0.4075,0.0100866724,
0.40775,-0.0014707118,
0.408,0.0093394592,
0.40825,0.0056744944,
0.4085,0.0078856982,
0.40875,0.0053306785,
0.409,0.0119859036,
0.40925,0.0142585579,
0.4095,0.0062083369,
0.40975,0.0115242871,
0.41,0.0188017674,
0.41025,0.0042884578,
0.4105,0.0020847204,
0.41075,0.0148974657,
0.411,0.0213216580,
0.41125,0.0017832633,
0.4115,0.0017263149,
0.41175,0.0077729351,
0.412,-0.0010059428,
0.41225,-0.0009362641,
0.4125,0.0129276318,
0.41275,-0.0096179107,
0.413,-0.0099391621,
0.41325,-0.0158999003,
0.4135,-0.0000766417,
0.41375,-0.0183906257,
0.414,-0.0174638014,
0.41425,0.0094525460,
0.4145,0.0106901033,
0.41475,0.0024044549,
0.415,0.0071234186,
0.41525,0.0153989485,
0.4155,0.0221601129,
0.41575,0.0001676275,
0.416,0.0093157599,
0.41625,0.0252301898,
0.4165,0.0080443434,
0.41675,-0.0021662477,
0.417,0.0016561291,
0.41725,0.0206746794,
0.4175,-0.0136972982,
0.41775,0.0050337571,
0.418,0.0069686510,
0.41825,0.0058493037,
0.4185,-0.0059584444,
0.41875,0.0084126657,
0.419,0.0185531825,
0.41925,0.0120519716,
0.4195,0.0066098720,
0.41975,0.0172576960,
0.42,0.0115266442,
0.42025,-0.0001282123,
0.4205,0.0066844937,
0.42075,0.0200471450,
0.421,-0.0024051906,
0.42125,-0.0001889858,
0.4215,-0.0043958575,
0.42175,-0.0016297690,
0.422,-0.0055916277,
0.42225,-0.0028198664,
0.4225,0.0074262102,
0.42275,0.0064444025,
0.423,-0.0103672324,
0.42325,-0.0178422816,
0.4235,-0.0112803634,
0.42375,-0.0236069635,
0.424,0.0018728053,
0.42425,0.0083489427,
0.4245,0.0149327721,
0.42475,-0.0012705086,
0.425,0.0033347202,
0.42525,0.0116769774,
0.4255,0.0071610441,
0.42575,-0.0138634359,
0.426,0.0066308733,
0.42625,0.0084651764,
0.4265,-0.0010064367,
0.42675,-0.0175197441,
0.427,0.0088788187,
0.42725,-0.0053123459,
0.4275,-0.0128395502,
0.42775,-0.0051456946,
0.428,-0.0080000460,
0.42825,-0.0044145058,
0.4285,-0.0125199948,
0.42875,-0.0017980671,
0.429,-0.0024929908,
0.42925,-0.0020443199,
0.4295,-0.0060024718,
0.42975,0.0039110989,
0.43,0.0005127087,
0.43025,-0.0152757959,
0.4305,0.0023401165,
0.43075,0.0026189841,
0.431,-0.0165909082,
0.43125,-0.0149947461,
0.4315,-0.0156689007,
0.43175,-0.0163641684,
0.432,-0.0183134358,
0.43225,-0.0043659536,
0.4325,-0.0286660157,
0.43275,-0.0296903290,
0.433,-0.0176455658,
0.43325,-0.0053542126,
0.4335,-0.0314728469,
0.43375,-0.0307737645,
0.434,-0.0037572333,
0.43425,-0.0014489053,
0.4345,-0.0099087181,
0.43475,-0.0021794990,
0.435,0.0097327996,
0.43525,0.0037131491,
0.4355,-0.0154829761,
0.43575,0.0080064069,
0.436,-0.0086164353,
0.43625,-0.0030763007,
0.4365,-0.0122075481,
0.43675,-0.0203407165,
0.437,-0.0060921386,
0.43725,-0.0131251477,
0.4375,-0.0170698464,
0.43775,-0.0174920931,
0.438,-0.0020506189,
0.43825,-0.0167098790,
0.4385,-0.0049977102,
0.43875,0.0082473345,
0.439,0.0111848880,
0.43925,-0.0169523042,
0.4395,0.0026429070,
0.43975,0.0085413493,
0.44,-0.0180420987,
0.44025,-0.0145069510,
0.4405,0.0054071592,
0.44075,-0.0130133908,
0.441,-0.0175015572,
0.44125,-0.0145614948,
0.4415,0.0026691919,
0.44175,-0.0195282362,
0.442,-0.0064386935,
0.44225,0.0079511972,
0.4425,-0.0130905621,
0.44275,-0.0259759836,
0.443,-0.0088054165,
0.44325,-0.0272432417,
0.4435,-0.0144756204,
0.44375,0.0014163335,
0.444,0.0060143694,
0.44425,0.0035340367,
0.4445,-0.0025035786,
0.44475,0.0081441374,
0.445,0.0106617101,
0.44525,0.0102827959,
0.4455,-0.0021679299,
0.44575,0.0077266954,
0.446,0.0101846736,
0.44625,-0.0012862739,
0.4465,-0.0134473536,
0.44675,0.0033102187,
0.447,-0.0065029874,
0.44725,-0.0049575740,
0.4475,-0.0234734192,
0.44775,0.0010543661,
0.448,0.0011061497,
0.44825,-0.0050892308,
0.4485,0.0004004614,
0.44875,0.0078757256,
0.449,0.0061368775,
0.44925,0.0009322446,
0.4495,0.0162339248,
0.44975,0.0117421467,
0.45,-0.0081284028,
0.45025,0.0071990443,
0.4505,0.0137110185,
0.45075,-0.0009294817,
0.451,-0.0019333505,
0.45125,-0.0104792425,
0.4515,-0.0063664038,
0.45175,0.0030417424,
0.452,-0.0071760621,
0.45225,-0.0075979056,
0.4525,-0.0110386387,
0.45275,-0.0109527409,
0.453,0.0013872226,
0.45325,-0.0178163834,
0.4535,-0.0074775289,
0.45375,0.0028035552,
0.454,0.0113244988,
0.45425,0.0099355672,
0.4545,-0.0014497135,
0.45475,0.0143033322,
0.455,0.0085845506,
0.45525,0.0030641812,
0.4555,-0.0003622317,
0.45575,0.0013791317,
0.456,0.0135270087,
0.45625,-0.0151536157,
0.4565,-0.0016671068,
0.45675,0.0083039524,
0.457,-0.0008547259,
0.45725,-0.0195989851,
0.4575,-0.0051993900,
0.45775,-0.0016852058,
0.458,-0.0065025231,
0.45825,0.0034521122,
0.4585,0.0110411746,
0.45875,0.0161986873,
0.459,-0.0041182316,
0.45925,0.0106889950,
0.4595,0.0035668060,
0.45975,0.0027359556,
0.46,0.0083595198,
0.46025,0.0017849449,
0.4605,0.0099734440,
0.46075,-0.0042417189,
0.461,-0.0113896914,
0.46125,0.0080677969,
0.4615,-0.0043558013,
0.46175,0.0029758671,
0.462,-0.0044776858,
0.46225,-0.0215353910,
0.4625,-0.0177872516,
0.46275,-0.0214254651,
0.463,-0.0061187502,
0.46325,0.0101829171,
0.4635,0.0006350860,
0.46375,0.0013949432,
0.464,0.0135887740,
0.46425,0.0018576151,
0.4645,0.0048804497,
0.46475,0.0148300836,
0.465,0.0122273434,
0.46525,-0.0022120501,
0.4655,0.0000611332,
0.46575,0.0178887360,
0.466,0.0000104377,
0.46625,-0.0112389205,
0.4665,0.0030360324,
0.46675,0.0054326351,
0.467,-0.0105583128,
0.46725,-0.0185012091,
0.4675,0.0008857428,
0.46775,0.0062052347,
0.468,-0.0037309013,
0.46825,-0.0017969357,
0.4685,0.0105718486,
0.46875,0.0087284539,
0.469,0.0006604663,
0.46925,0.0054450789,
0.4695,0.0162819847,
0.46975,0.0002689614,
0.47,0.0012173328,
0.47025,0.0205225665,
0.4705,0.0029891043,
0.47075,-0.0074317539,
0.471,-0.0167492852,
0.47125,0.0072324811,
0.4715,-0.0024691552,
0.47175,-0.0065533640,
0.472,-0.0010584549,
0.47225,0.0003188619,
0.4725,-0.0059145032,
0.47275,-0.0052022832,
0.473,-0.0210602600,
0.47325,-0.0064538941,
0.4735,-0.0006931591,
0.47375,0.0137099046,
0.474,0.0013942696,
0.47425,0.0040022959,
0.4745,0.0187386349,
0.47475,0.0000189025,
0.475,0.0106068067,
0.47525,-0.0024415362,
0.4755,0.0007390575,
0.47575,0.0076050782,
0.476,-0.0058049178,
0.47625,0.0006393516,
0.4765,-0.0033944692,
0.47675,0.0093325796,
0.477,-0.0084832488,
0.47725,-0.0115751214,
0.4775,0.0043181651,
0.47775,0.0082146199,
0.478,-0.0133083193,
0.47825,0.0042792680,
0.4785,0.0177569538,
0.47875,0.0026879520,
0.479,-0.0071931081,
0.47925,0.0123875532,
0.4795,0.0124036036,
0.47975,-0.0143548641,
0.48,0.0093385829,
0.48025,0.0176128224,
0.4805,-0.0120805856,
0.48075,-0.0054971478,
0.481,0.0056962199,
0.48125,-0.0033069924,
0.4815,-0.0130410073,
0.48175,0.0029201081,
0.482,0.0018969836,
0.48225,-0.0127277980,
0.4825,-0.0136514939,
0.48275,0.0083294995,
0.483,-0.0023736802,
0.48325,-0.0030581797,
0.4835,0.0064028385,
0.48375,-0.0005622561,
0.484,0.0094516212,
0.48425,0.0052963332,
0.4845,0.0104941847,
0.48475,0.0135664009,
0.485,0.0023571993,
0.48525,0.0131497364,
0.4855,0.0090755718,
0.48575,0.0031720721,
0.486,-0.0070804446,
0.48625,-0.0021921317,
0.4865,0.0125149600,
0.48675,-0.0070548174,
0.487,-0.0115062036,
0.48725,0.0057155178,
0.4875,0.0162963234,
0.48775,-0.0018176112,
0.488,-0.0044711530,
0.48825,0.0223619509,
0.4885,0.0141579751,
0.48875,0.0017425613,
0.489,0.0089546163,
0.48925,0.0163385384,
0.4895,0.0035960472,
0.48975,0.0049623060,
0.49,0.0155634861,
0.49025,0.0100122709,
0.4905,-0.0151189845,
0.49075,-0.0059373062,
0.491,0.0249835122,
0.49125,0.0007437554,
0.4915,-0.0069439691,
0.49175,0.0060025621,
0.492,0.0037189017,
0.49225,-0.0001765080,
0.4925,-0.0202552509,
0.49275,0.0020364707,
0.493,0.0056285542,
0.49325,-0.0020873479,
0.4935,0.0111896181,
0.49375,0.0109096104,
0.494,0.0176196471,
0.49425,0.0089849643,
0.4945,0.0170120914,
0.49475,0.0170484148,
0.495,-0.0011636146,
0.49525,0.0082398122,
0.4955,0.0040442836,
0.49575,-0.0026527913,
0.496,-0.0025660349,
0.49625,0.0112481453,
0.4965,0.0057440652,
0.49675,-0.0059104180,
0.497,-0.0092141014,
0.49725,0.0197018031,
0.4975,0.0101416269,
0.49775,-0.0054043881,
0.498,0.0159255434,
0.49825,0.0150472671,
0.4985,0.0116902580,
0.49875,-0.0007791952,
0.499,0.0180627163,
0.49925,0.0115515273,
0.4995,0.0053803860,
0.49975,0.0110003641,
0.5,0.0170074943,
0.50025,0.0016396948,
0.5005,0.0007035129,
0.50075,0.0028681031,
0.501,0.0087631363,
0.50125,-0.0001334325,
0.5015,0.0033412748,
0.50175,0.0041907206,
0.502,0.0021729216,
0.50225,-0.0100774178,
0.5025,0.0061942665,
0.50275,0.0025924260,
0.503,0.0008267199,
0.50325,0.0013398152,
0.5035,0.0064311260,
0.50375,0.0145215616,
0.504,0.0021306563,
0.50425,0.0107899252,
0.5045,0.0165249854,
0.50475,0.0038933516,
0.505,0.0010172335,
0.50525,0.0100622643,
0.5055,0.0092269108,
0.50575,-0.0070708799,
0.506,0.0012850882,
0.50625,0.0145922471,
0.5065,-0.0028077688,
0.50675,-0.0007118304,
0.507,0.0090321964,
0.50725,0.0172767583,
0.5075,0.0101984181,
0.50775,0.0012293817,
0.508,0.0235061701,
0.50825,0.0111252209,
0.5085,0.0002769299,
0.50875,0.0138293747,
0.509,0.0186380409,
0.50925,0.0078179762,
0.5095,0.0034681384,
0.50975,0.0134101035,
0.51,0.0136478022,
0.51025,-0.0148192504,
0.5105,-0.0029562847,
0.51075,0.0242596027,
0.511,-0.0009725793,
0.51125,-0.0088557955,
0.5115,0.0005623840,
0.51175,-0.0108004408,
0.512,-0.0180173125,
0.51225,-0.0119383242,
0.5125,0.0020587388,
0.51275,0.0087000150,
0.513,-0.0017705455,
0.51325,0.0073058321,
0.5135,0.0086861867,
0.51375,0.0058410834,
0.514,0.0043785907,
0.51425,0.0029132213,
0.5145,0.0009341672,
0.51475,-0.0034035295,
0.515,0.0032363003,
0.51525,-0.0053374758,
0.5155,-0.0090874545,
0.51575,-0.0079399161,
0.516,-0.0041124979,
0.51625,0.0006083400,
0.5165,-0.0019771301,
0.51675,-0.0245341752,
0.517,-0.0016446215,
0.51725,0.0075307041,
0.5175,-0.0068383855,
0.51775,-0.0020345235,
0.518,0.0184296444,
0.51825,-0.0032530697,
0.5185,-0.0095077874,
0.51875,0.0070527513,
0.519,0.0235889331,
0.51925,-0.0082026962,
0.5195,-0.0000990241,
0.51975,0.0104873171,
0.52,-0.0067420984,
0.52025,-0.0143582011,
0.5205,0.0041301008,
0.52075,-0.0001260929,
0.521,-0.0147503512,
0.52125,-0.0053110262,
0.5215,-0.0046157832,
0.52175,-0.0161200408,
0.522,-0.0283244066,
0.52225,0.0024477234,
0.5225,-0.0043528276,
0.52275,0.0020446321,
0.523,-0.0059876107,
0.52325,0.0082378089,
0.5235,-0.0124327932,
0.52375,-0.0007458884,
0.524,-0.0010419904,
0.52425,0.0004521090,
0.5245,-0.0083730640,
0.52475,0.0004199813,
0.525,-0.0024195199,
0.52525,0.0015710767,
0.5255,-0.0142100174,
0.52575,-0.0026478716,
0.526,-0.0019090740,
0.52625,-0.0049915169,
0.5265,-0.0098396270,
0.52675,-0.0026052913,
0.527,0.0094498144,
0.52725,0.0002138850,
0.5275,-0.0022803009,
0.52775,0.0113632120,
0.528,0.0118896719,
0.52825,-0.0027922003,
0.5285,0.0018412148,
0.52875,0.0160527620,
0.529,0.0038481646,
0.52925,-0.0067823217,
0.5295,0.0086364513,
0.52975,-0.0072734300,
0.53,-0.0140906610,
0.53025,-0.0025514185,
0.5305,0.0078064809,
0.53075,0.0039405273,
0.531,-0.0054258220,
0.53125,-0.0126346564,
0.5315,-0.0051179631,
0.53175,-0.0105338190,
0.532,-0.0083896201,
0.53225,0.0014078242,
0.5325,0.0065675024,
0.53275,-0.0112862606,
0.533,-0.0051837298,
0.53325,0.0110425595,
0.5335,0.0004017215,
0.53375,-0.0115622943,
0.534,0.0018847042,
0.53425,-0.0067387614,
0.5345,-0.0019540905,
0.53475,-0.0067151263,
0.535,-0.0067269797,
0.53525,0.0020428365,
0.5355,-0.0060851248,
0.53575,0.0031159124,
0.536,0.0047107395,
0.53625,-0.0121752927,
0.5365,-0.0141785527,
0.53675,0.0024278548,
0.537,0.0056691421,
0.53725,0.0009238784,
0.5375,0.0042597950,
0.53775,0.0166111477,
0.538,-0.0023123764,
0.53825,0.0018250020,
0.5385,0.0078337193,
0.53875,0.0112489145,
0.539,-0.0007821262,
0.53925,-0.0020602150,
0.5395,-0.0071523008,
0.53975,-0.0070817806,
0.54,-0.0035831877,
0.54025,-0.0042898483,
0.5405,-0.0075260834,
0.54075,-0.0100263916,
0.541,-0.0122367730,
0.54125,-0.0135267209,
0.5415,-0.0250415709,
0.54175,-0.0181348175,
0.542,-0.0185095314,
0.54225,0.0015987300,
0.5425,-0.0010817717,
0.54275,-0.0052731321,
0.543,-0.0122186644,
0.54325,-0.0098190038,
0.5435,-0.0043469556,
0.54375,-0.0091545824,
0.544,0.0073084258,
0.54425,-0.0020436887,
0.5445,-0.0073906332,
0.54475,-0.0033423579,
0.545,0.0025310370,
0.54525,-0.0343754552,
0.5455,-0.0120453984,
0.54575,-0.0018021710,
0.546,-0.0036695823,
0.54625,-0.0118028382,
0.5465,-0.0166268498,
0.54675,0.0074670413,
0.547,-0.0005538979,
0.54725,0.0018256239,
0.5475,0.0090062376,
0.54775,0.0035359918,
0.548,0.0010319860,
0.54825,-0.0132068759,
0.5485,0.0096922470,
0.54875,-0.0062580276,
0.549,-0.0074710632,
0.54925,-0.0047062458,
0.5495,-0.0286932196,
0.54975,-0.0189708713,
0.55,-0.0074654473,
0.55025,-0.0063003153,
0.5505,0.0025730007,
0.55075,-0.0206151903,
0.551,-0.0041529769,
0.55125,-0.0057924120,
0.5515,-0.0205025617,
0.55175,-0.0229003653,
0.552,0.0001270898,
0.55225,-0.0101955943,
0.5525,-0.0171879679,
0.55275,0.0007286072,
0.553,-0.0028094086,
0.55325,-0.0055851038,
0.5535,-0.0115431650,
0.55375,0.0026982462,
0.554,-0.0139180673,
0.55425,-0.0002958994,
0.5545,-0.0135513805,
0.55475,-0.0176591929,
0.555,-0.0086126551,
0.55525,-0.0024752852,
0.5555,-0.0141035877,
0.55575,-0.0091342749,
0.556,-0.0038851718,
0.55625,-0.0196100976,
0.5565,-0.0051720249,
0.55675,0.0117405523,
0.557,0.0074793766,
0.55725,-0.0095158499,
0.5575,0.0099861538,
0.55775,0.0128403781,
0.558,-0.0130961202,
0.55825,-0.0019130850,
0.5585,0.0098047368,
0.55875,-0.0046694339,
0.559,-0.0126169901,
0.55925,-0.0129851941,
0.5595,-0.0060101030,
0.55975,-0.0027214095,
0.56,-0.0074926708,
0.56025,0.0044226269,
0.5605,-0.0064387023,
0.56075,0.0015887420,
0.561,-0.0047632903,
0.56125,-0.0291142166,
0.5615,-0.0070052706,
0.56175,-0.0031694947,
0.562,0.0135371834,
0.56225,0.0055834670,
0.5625,0.0009892591,
0.56275,0.0020147546,
0.563,0.0087636178,
0.56325,-0.0054190308,
0.5635,0.0067258417,
0.56375,-0.0003938382,
0.564,0.0098139439,
0.56425,0.0019693286,
0.5645,0.0022172788,
0.56475,-0.0071381354,
0.565,-0.0120305875,
0.56525,0.0002869320,
0.5655,0.0001413390,
0.56575,0.0151324002,
0.566,0.0015490468,
0.56625,-0.0025452373,
0.5665,0.0102789281,
0.56675,0.0085669216,
0.567,0.0049816472,
0.56725,0.0075115631,
0.5675,0.0183695201,
0.56775,0.0053732186,
0.568,0.0005900253,
0.56825,0.0155076617,
0.5685,0.0154076293,
0.56875,0.0112332264,
0.569,-0.0068312441,
0.56925,-0.0102727711,
0.5695,0.0059317774,
0.56975,0.0037198609,
0.57,0.0095696338,
0.57025,0.0099355178,
0.5705,0.0025951045,
0.57075,0.0063021174,
0.571,-0.0073142345,
0.57125,0.0066239359,
0.5715,-0.0095342370,
0.57175,0.0121500026,
0.572,0.0091769835,
0.57225,0.0083805127,
0.5725,-0.0006547105,
0.57275,-0.0014935131,
0.573,0.0036539950,
0.57325,0.0054420820,
0.5735,-0.0045968140,
0.57375,0.0120206680,
0.574,0.0095813572,
0.57425,-0.0049864957,
0.5745,0.0043024174,
0.57475,0.0077192225,
0.575,0.0076144398,
0.57525,-0.0132522862,
0.5755,0.0131418835,
0.57575,0.0003407370,
0.576,-0.0095707113,
0.57625,0.0042667720,
0.5765,0.0106279962,
0.57675,0.0127216252,
0.577,0.0055351756,
0.57725,0.0145772938,
0.5775,0.0102207717,
0.57775,0.0027809804,
0.578,0.0085812863,
0.57825,0.0113572385,
0.5785,0.0044799047,
0.57875,-0.0035993340,
0.579,-0.0054500955,
0.57925,-0.0074874707,
0.5795,0.0032700137,
0.57975,-0.0102590248,
0.58,0.0091182319,
0.58025,0.0070007052,
0.5805,0.0014042562,
0.58075,-0.0264754966,
0.581,-0.0092709148,
0.58125,-0.0010368769,
0.5815,-0.0116532557,
0.58175,0.0077610766,
0.582,0.0168223251,
0.58225,0.0003645126,
0.5825,0.0001161041,
0.58275,0.0163582675,
0.583,0.0084381159,
0.58325,-0.0077352626,
0.5835,-0.0006969972,
0.58375,0.0102911070,
0.584,-0.0032182862,
0.58425,-0.0092788599,
0.5845,-0.0103071090,
0.58475,-0.0029124096,
0.585,-0.0088569168,
0.58525,0.0002939798,
0.5855,0.0035780789,
0.58575,-0.0002682930,
0.586,-0.0068815029,
0.58625,0.0021894106,
0.5865,0.0074376776,
0.58675,0.0073067234,
0.587,0.0045545571,
0.58725,0.0137513876,
0.5875,0.0052408455,
0.58775,0.0004576976,
0.588,0.0050298274,
0.58825,0.0126615912,
0.5885,-0.0012493111,
0.58875,-0.0141385216,
0.589,-0.0153951366,
0.58925,0.0020919775,
0.5895,-0.0049918303,
0.58975,-0.0041005043,
0.59,-0.0047021592,
0.59025,-0.0086207259,
0.5905,-0.0150501998,
0.59075,-0.0007466616,
0.591,-0.0059060915,
0.59125,-0.0235480182,
0.5915,0.0054162750,
0.59175,0.0053890422,
0.592,-0.0019394439,
0.59225,-0.0098480089,
0.5925,0.0052216686,
0.59275,-0.0015861680,
0.593,0.0090152258,
0.59325,-0.0145070804,
0.5935,0.0035683576,
0.59375,-0.0005062360,
0.594,0.0008049125,
0.59425,-0.0172287691,
0.5945,0.0094655678,
0.59475,-0.0069216434,
0.595,-0.0132010365,
0.59525,-0.0084402328,
0.5955,-0.0038344250,
0.59575,0.0006858759,
0.596,-0.0131038064,
0.59625,0.0137390662,
0.5965,0.0152432164,
0.59675,0.0015362257,
0.597,0.0021681117,
0.59725,0.0178126618,
0.5975,0.0050192382,
0.59775,-0.0044383164,
0.598,0.0099940114,
0.59825,0.0114378715,
0.5985,-0.0148720099,
0.59875,-0.0033599709,
0.599,0.0145563073,
0.59925,-0.0016338867,
0.5995,-0.0158841144,
0.59975,0.0161163583,
0.6,0.0045848223,
0.60025,-0.0014486118,
0.6005,-0.0192626379,
0.60075,0.0038152528,
0.601,-0.0158104934,
0.60125,0.0042302622,
0.6015,0.0101348804,
0.60175,0.0126364874,
0.602,0.0048299935,
0.60225,0.0078434553,
0.6025,0.0184452794,
0.60275,0.0114767915,
0.603,0.0023438178,
0.60325,0.0062837615,
0.6035,0.0041918415,
0.60375,0.0003167191,
0.604,-0.0078122746,
0.60425,-0.0109503707,
0.6045,0.0117515009,
0.60475,-0.0019599006,
0.605,-0.0012716418,
0.60525,-0.0024614914,
0.6055,0.0132214203,
0.60575,-0.0027891416,
0.606,0.0026304452,
0.60625,0.0190109909,
0.6065,0.0146919992,
0.60675,0.0003090893,
0.607,0.0123263299,
0.60725,0.0175451823,
0.6075,0.0007604955,
0.60775,0.0092228958,
0.608,0.0206641965,
0.60825,0.0024647193,
0.6085,-0.0081181470,
0.60875,-0.0045849881,
0.609,0.0098258918,
0.60925,-0.0113972668,
0.6095,0.0020602676,
0.60975,-0.0050194208,
0.61,0.0021284986,
0.61025,-0.0060421689,
0.6105,0.0021777272,
0.61075,0.0023873055,
0.611,-0.0065827491,
0.61125,0.0152730774,
0.6115,0.0075764912,
0.61175,0.0155839613,
0.612,0.0072058896,
0.61225,0.0116896061,
0.6125,0.0242359117,
0.61275,0.0168716125,
0.613,-0.0008399366,
0.61325,0.0068793464,
0.6135,0.0018764245,
0.61375,-0.0031176277,
0.614,-0.0081314594,
0.61425,0.0149435913,
0.6145,-0.0058962451,
0.61475,0.0006048934,
0.615,-0.0079861376,
0.61525,0.0155411605,
0.6155,-0.0021015296,
0.61575,0.0029542274,
0.616,0.0214621201,
0.61625,0.0140393758,
0.6165,0.0038141105,
0.61675,0.0067385202,
0.617,0.0143342782,
0.61725,0.0094352653,
0.6175,-0.0017498515,
0.61775,0.0103483386,
0.618,0.0053892336,
0.61825,-0.0052243164,
0.6185,0.0012781678,
0.61875,0.0098546548,
0.619,0.0042696535,
0.61925,-0.0088934898,
0.6195,0.0011193473,
0.61975,0.0009381534,
0.62,-0.0114848968,
0.62025,-0.0217551030,
0.6205,-0.0013686905,
0.62075,-0.0043793637,
0.621,0.0077273143,
0.62125,-0.0016702842,
0.6215,0.0194257237,
0.62175,0.0031144531,
0.622,-0.0016850641,
0.62225,0.0090482924,
0.6225,0.0108792363,
0.62275,-0.0104515888,
0.623,-0.0075700441,
0.62325,0.0053393673,
0.6235,-0.0015330340,
0.62375,-0.0189622156,
0.624,-0.0018119265,
0.62425,-0.0001895027,
0.6245,-0.0053963838,
0.62475,-0.0157524720,
0.625,-0.0070572747,
0.62525,0.0028342870,
0.6255,-0.0057788384,
0.62575,-0.0025183104,
0.626,0.0040945956,
0.62625,0.0106792375,
0.6265,-0.0070226849,
0.62675,0.0060874945,
0.627,0.0105264792,
0.62725,-0.0019858340,
0.6275,-0.0121732131,
0.62775,0.0112501299,
0.628,-0.0033522472,
0.62825,-0.0231378376,
0.6285,-0.0185813028,
0.62875,-0.0154422643,
0.629,-0.0253532920,
0.62925,-0.0147834988,
0.6295,-0.0058664470,
0.62975,-0.0069400999,
0.63,-0.0158762895,
0.63025,-0.0036389944,
0.6305,-0.0169061609,
0.63075,-0.0192929171,
0.631,-0.0109248385,
0.63125,-0.0039864858,
0.6315,0.0032513307,
0.63175,-0.0089187976,
0.632,0.0070027485,
0.63225,0.0051627965,
0.6325,-0.0070460839,
0.63275,-0.0061082323,
0.633,-0.0102049476,
0.63325,-0.0025963411,
0.6335,-0.0145236393,
0.63375,-0.0177356843,
0.634,-0.0037590028,
0.63425,-0.0139020868,
0.6345,-0.0060710898,
0.63475,-0.0288950987,
0.635,-0.0012198662,
0.63525,-0.0004023721,
0.6355,-0.0085855322,
0.63575,-0.0050946935,
0.636,0.0148124918,
0.63625,-0.0045461003,
0.6365,-0.0178135913,
0.63675,0.0121045941,
0.637,0.0028279561,
0.63725,-0.0088306274,
0.6375,-0.0017876425,
0.63775,0.0002131856,
0.638,-0.0260193273,
0.63825,-0.0217792671,
0.6385,0.0068072784,
0.63875,-0.0175924767,
0.639,-0.0233699270,
0.63925,-0.0078822933,
0.6395,-0.0151198683,
0.63975,-0.0465727746,
0.64,-0.0276759602,
0.64025,-0.0082672248,
0.6405,-0.0021578090,
0.64075,-0.0001404770,
0.641,0.0001187337,
0.64125,0.0096972212,
0.6415,-0.0140587846,
0.64175,0.0033487515,
0.642,0.0038462074,
0.64225,0.0046906960,
0.6425,-0.0101936311,
0.64275,-0.0057261465,
0.643,0.0098877065,
0.64325,0.0030794684,
0.6435,-0.0128103178,
0.64375,0.0012943002,
0.644,-0.0008125929,
0.64425,0.0023304049,
0.6445,-0.0201908331,
0.64475,-0.0156082902,
0.645,0.0080202650,
0.64525,-0.0043010479,
0.6455,-0.0108176097,
0.64575,0.0116452742,
0.646,0.0139687601,
0.64625,-0.0064508962,
0.6465,0.0046001896,
0.64675,0.0115547189,
0.647,0.0006118215,
0.64725,-0.0094733052,
0.6475,0.0124952300,
0.64775,0.0013790794,
0.648,-0.0149186887,
0.64825,-0.0142461192,
0.6485,-0.0091763251,
0.64875,-0.0082393307,
0.649,-0.0070719887,
0.64925,-0.0001602682,
0.6495,0.0061070481,
0.64975,-0.0077972417,
0.65,-0.0030340487,
0.65025,-0.0197048020,
0.6505,-0.0105493469,
0.65075,-0.0130828088,
0.651,-0.0009497430,
0.65125,0.0090166517,
0.6515,0.0064928178,
0.65175,0.0112757906,
0.652,0.0088033928,
0.65225,0.0084361639,
0.6525,0.0035773220,
0.65275,0.0033752969,
0.653,0.0068655056,
0.65325,-0.0116088055,
0.6535,-0.0019078649,
0.65375,0.0038208026,
0.654,0.0084058661,
0.65425,-0.0132846702,
0.6545,-0.0107209496,
0.65475,0.0057952823,
0.655,0.0047410661,
0.65525,0.0059493734,
0.6555,-0.0004169140,
0.65575,0.0174325351,
0.656,0.0068716370,
0.65625,-0.0035177078,
0.6565,0.0094279833,
0.65675,0.0133953039,
0.657,0.0013573003,
0.65725,-0.0012707756,
0.6575,0.0009600311,
0.65775,-0.0009406217,
0.658,-0.0039998661,
0.65825,-0.0073989625,
0.6585,-0.0110293217,
0.65875,-0.0120907417,
0.659,-0.0077873520,
0.65925,-0.0110293422,
0.6595,-0.0165724996,
0.65975,-0.0090420088,
0.66,-0.0150518231,
0.66025,0.0155921821,
0.6605,-0.0012042825,
0.66075,-0.0071862172,
0.661,0.0099948691,
0.66125,0.0125640891,
0.6615,-0.0012502098,
0.66175,0.0097381910,
0.662,0.0138871744,
0.66225,0.0061580660,
0.6625,-0.0019218584,
0.66275,0.0171792954,
0.663,0.0088581778,
0.66325,-0.0147457840,
0.6635,0.0012208857,
0.66375,0.0050881016,
0.664,0.0000823347,
0.66425,-0.0146923102,
0.6645,-0.0044887378,
0.66475,0.0069991164,
0.665,0.0045505455,
0.66525,0.0003800278,
0.6655,0.0141832028,
0.66575,0.0106640570,
0.666,0.0067303330,
0.66625,0.0024600183,
0.6665,0.0110167461,
0.66675,0.0062957755,
0.667,0.0002865445,
0.66725,0.0017315098,
0.6675,-0.0159975775,
0.66775,-0.0100399554,
0.668,-0.0138070704,
0.66825,0.0028358079,
0.6685,0.0055548740,
0.66875,-0.0105798887,
0.669,0.0001473551,
0.66925,-0.0005143657,
0.6695,-0.0099148545,
0.66975,-0.0156434327,
0.67,-0.0084775370,
0.67025,-0.0046624341,
0.6705,-0.0039352621,
0.67075,0.0090350593,
0.671,0.0027366080,
0.67125,0.0066018640,
0.6715,0.0050684526,
0.67175,0.0093631558,
0.672,0.0040798411,
0.67225,0.0014543149,
0.6725,0.0021551317,
0.67275,-0.0037164066,
0.673,-0.0073517929,
0.67325,0.0100268843,
0.6735,-0.0066580647,
0.67375,0.0110738613,
0.674,0.0035432866,
0.67425,-0.0083278753,
0.6745,-0.0070673097,
0.67475,0.0257204324,
0.675,-0.0026157710,
0.67525,-0.0101590678,
0.6755,0.0218756851,
0.67575,0.0134064108,
0.676,-0.0129019981,
0.67625,0.0124366619,
0.6765,0.0197289959,
0.67675,0.0058250926,
0.677,-0.0041370518,
0.67725,0.0132621685,
0.6775,0.0004377111,
0.67775,-0.0068914266,
0.678,-0.0118081942,
0.67825,-0.0040074578,
0.6785,-0.0174813345,
0.67875,-0.0037544505,
0.679,0.0060344748,
0.67925,-0.0129726809,
0.6795,-0.0136080366,
0.67975,0.0011733201,
0.68,0.0172299612,
0.68025,-0.0069164862,
0.6805,0.0054052090,
0.68075,0.0103810076,
0.681,0.0103951935,
0.68125,0.0035469781,
0.6815,0.0140623478,
0.68175,0.0089127086,
0.682,0.0105431257,
0.68225,0.0100229029,
0.6825,0.0080067590,
0.68275,-0.0013603580,
0.683,-0.0017187825,
0.68325,0.0024361114,
0.6835,0.0117937056,
0.68375,0.0070534358,
0.684,-0.0083205411,
0.68425,-0.0046778349,
0.6845,0.0135710631,
0.68475,0.0059106038,
0.685,0.0004600186,
0.68525,0.0125655718,
0.6855,0.0193368681,
0.68575,0.0009466284,
0.686,-0.0011432909,
0.68625,0.0164253078,
0.6865,0.0158997849,
0.68675,0.0019323715,
0.687,0.0016606089,
0.68725,0.0009359538,
0.6875,-0.0076693860,
0.68775,-0.0108142272,
0.688,0.0134502668,
0.68825,0.0119080655,
0.6885,-0.0057980986,
0.68875,0.0058337417,
0.689,-0.0195834264,
0.68925,-0.0149841569,
0.6895,-0.0127899749,
0.68975,0.0020810820,
0.69,0.0024355061,
0.69025,0.0085819252,
0.6905,0.0038571944,
0.69075,0.0105932709,
0.691,0.0164244771,
0.69125,0.0053606797,
0.6915,0.0053534168,
0.69175,0.0203033872,
0.692,0.0074580489,
0.69225,0.0011713209,
0.6925,-0.0032050917,
0.69275,0.0118713621,
0.693,0.0010635688,
0.69325,0.0041411100,
0.6935,0.0122446269,
0.69375,-0.0040988876,
0.694,-0.0067287027,
0.69425,0.0032967536,
0.6945,0.0163512751,
0.69475,0.0010321192,
0.695,0.0061815670,
0.69525,0.0222634412,
0.6955,0.0144725805,
0.69575,0.0030475096,
0.696,0.0143381245,
0.69625,0.0138097573,
0.6965,0.0117752720,
0.69675,-0.0028972803,
0.697,0.0045531937,
0.69725,-0.0100064054,
0.6975,0.0020737625,
0.69775,-0.0067250775,
0.698,-0.0000398162,
0.69825,0.0049814414,
0.6985,0.0014815935,
0.69875,-0.0148188611,
0.699,0.0008425137,
0.69925,-0.0112814754,
0.6995,-0.0047994889,
0.69975,0.0061048958,
0.7,0.0119234240,
0.70025,-0.0011417364,
0.7005,0.0024270234,
0.70075,0.0146022849,
0.701,0.0055062207,
0.70125,0.0037107409,
0.7015,0.0127142491,
0.70175,0.0179588962,
0.702,0.0080388552,
0.70225,0.0073386878,
0.7025,0.0069284164,
0.70275,0.0113389548,
0.703,-0.0007397734,
0.70325,0.0131779863,
0.7035,0.0003683445,
0.70375,-0.0096606566,
0.704,0.0032483356,
0.70425,0.0052308613,
0.7045,0.0086548664,
0.70475,0.0095080249,
0.705,0.0102433460,
0.70525,0.0198342670,
0.7055,0.0075186319,
0.70575,0.0106011061,
0.706,0.0103890561,
0.70625,0.0207354594,
0.7065,0.0050330628,
0.70675,-0.0003577970,
0.707,0.0062876218,
0.70725,-0.0092808278,
0.7075,-0.0129218576,
0.70775,0.0146729127,
0.708,0.0047711618,
0.70825,-0.0115059260,
0.7085,-0.0104122525,
0.70875,-0.0062002074,
0.709,-0.0053350143,
0.70925,-0.0238589775,
0.7095,0.0069523295,
0.70975,0.0140922526,
0.71,0.0019293921,
0.71025,0.0072984975,
0.7105,0.0128983743,
0.71075,0.0108282007,
0.711,0.0067970986,
0.71125,0.0002622910,
0.7115,0.0142487045,
0.71175,0.0035264152,
0.712,0.0055760602,
0.71225,-0.0077653341,
0.7125,0.0106043797,
0.71275,0.0047008968,
0.713,-0.0000506172,
0.71325,-0.0025131260,
0.7135,0.0132935038,
0.71375,-0.0087916553,
0.714,-0.0071942424,
0.71425,0.0139486035,
0.7145,0.0170025751,
0.71475,-0.0002049688,
0.715,0.0121288328,
0.71525,0.0221803226,
0.7155,0.0021475393,
0.71575,-0.0028894935,
0.716,0.0251325630,
0.71625,0.0117503209,
0.7165,-0.0059247538,
0.71675,-0.0009470902,
0.717,0.0039713671,
0.71725,-0.0039834213,
0.7175,-0.0098883556,
0.71775,0.0143578369,
0.718,0.0044530588,
0.71825,-0.0084472606,
0.7185,-0.0025484161,
0.71875,-0.0061504738,
0.719,-0.0299063586,
0.71925,-0.0034112295,
0.7195,0.0105308704,
0.71975,0.0069448422,
0.72,-0.0042458735,
0.72025,0.0060990211,
0.7205,0.0014395504,
0.72075,0.0054843016,
0.721,-0.0065845135,
0.72125,0.0046100891,
0.7215,0.0078337323,
0.72175,0.0077841971,
0.722,-0.0019863066,
0.72225,0.0045811636,
0.7225,0.0007796771,
0.72275,-0.0039512189,
0.723,-0.0028624411,
0.72325,-0.0036883904,
0.7235,0.0032989939,
0.72375,-0.0110624060,
0.724,-0.0016125211,
0.72425,0.0050623347,
0.7245,-0.0014802606,
0.72475,-0.0034238722,
0.725,0.0076626982,
0.72525,0.0084822327,
0.7255,-0.0062489267,
0.72575,0.0080361674,
0.726,0.0160193071,
0.72625,-0.0071795466,
0.7265,-0.0040697637,
0.72675,-0.0085771568,
0.727,-0.0177737176,
0.72725,-0.0087200496,
0.7275,0.0041540167,
0.72775,-0.0103099719,
0.728,-0.0191699229,
0.72825,-0.0131025314,
0.7285,-0.0005977898,
0.72875,-0.0138043845,
0.729,-0.0220228471,
0.72925,0.0043316614,
0.7295,0.0011599318,
0.72975,-0.0059107924,
0.73,0.0065614991,
0.73025,-0.0024052730,
0.7305,0.0050315233,
0.73075,-0.0122276507,
0.731,-0.0053322692,
0.73125,-0.0010288862,
0.7315,0.0017177456,
0.73175,-0.0049984287,
0.732,-0.0126035502,
0.73225,0.0109617133,
0.7325,-0.0049074562,
0.73275,-0.0052586566,
0.733,-0.0074210409,
0.73325,0.0040683509,
0.7335,-0.0227602404,
0.73375,-0.0032001813,
0.734,0.0068982057,
0.73425,0.0049154684,
0.7345,-0.0033064617,
0.73475,0.0011292687,
0.735,0.0130149815,
0.73525,-0.0000203317,
0.7355,-0.0008562520,
0.73575,0.0104537690,
0.736,-0.0084248073,
0.73625,0.0016438377,
0.7365,-0.0155899590,
0.73675,-0.0106931403,
0.737,-0.0042133555,
0.73725,-0.0096262628,
0.7375,-0.0058176108,
0.73775,0.0013012667,
0.738,-0.0087556029,
0.73825,-0.0112774977,
0.7385,-0.0207826793,
0.73875,-0.0110515729,
0.739,-0.0061722170,
0.73925,-0.0003291448,
0.7395,0.0145844482,
0.73975,-0.0049993466,
0.74,-0.0066942484,
0.74025,0.0106939385,
0.7405,0.0077034417,
0.74075,-0.0099018384,
0.741,-0.0019996825,
0.74125,0.0032540448,
0.7415,0.0040707788,
0.74175,-0.0124095362,
0.742,0.0078769410,
0.74225,-0.0094350614,
0.7425,-0.0136956330,
0.74275,-0.0079760849,
0.743,-0.0023065563,
0.74325,-0.0073635718,
0.7435,-0.0128517635,
0.74375,-0.0037497643,
0.744,-0.0098466231,
0.74425,-0.0000068893,
0.7445,-0.0035361107,
0.74475,0.0021241587,
0.745,0.0100981556,
0.74525,-0.0073906058,
0.7455,-0.0108833881,
0.74575,0.0102071203,
0.746,-0.0016977963,
0.74625,-0.0097612254,
0.7465,-0.0273431502,
0.74675,-0.0135472007,
0.747,-0.0036311811,
0.74725,-0.0099257892,
0.7475,-0.0068874499,
0.74775,-0.0095834592,
0.748,-0.0121516064,
0.74825,0.0017124189,
0.7485,-0.0093825497,
0.74875,-0.0237443820,
0.749,0.0047428585,
0.74925,0.0015866216,
0.7495,-0.0032155283,
0.74975,-0.0076280078,
0.75,-0.0086531565,
0.75025,-0.0107065178,
0.7505,-0.0187910739,
0.75075,-0.0007160852,
0.751,-0.0150825009,
0.75125,0.0053102868,
0.7515,-0.0064963405,
0.75175,-0.0107510351,
0.752,-0.0059421221,
0.75225,0.0055384333,
0.7525,-0.0157173388,
0.75275,-0.0254572574,
0.753,-0.0101971636,
0.75325,-0.0140693616,
0.7535,-0.0175745338,
0.75375,-0.0069904914,
0.754,0.0188979618,
0.75425,-0.0097753461,
0.7545,-0.0087492242,
0.75475,0.0156652909,
0.755,0.0007966292,
0.75525,-0.0111129275,
0.7555,0.0053610848,
0.75575,0.0010550588,
0.756,-0.0089338645,
0.75625,-0.0198157318,
0.7565,-0.0011574465,
0.75675,0.0002680779,
0.757,-0.0159771685,
0.75725,0.0074391942,
0.7575,0.0021639138,
0.75775,-0.0141860023,
0.758,-0.0166617911,
0.75825,-0.0203000940,
0.7585,-0.0048340261,
0.75875,-0.0025868570,
0.759,0.0037108536,
0.75925,0.0043470720,
0.7595,-0.0062930500,
0.75975,-0.0053631030,
0.76,0.0114842225,
0.76025,-0.0037319437,
0.7605,0.0047760438,
0.76075,-0.0064584799,
0.761,0.0094102202,
0.76125,0.0001432120,
0.7615,-0.0085285688,
0.76175,-0.0135155749,
0.762,-0.0089869164,
0.76225,-0.0047974414,
0.7625,-0.0154395904,
0.76275,-0.0020474028,
0.763,0.0055199079,
0.76325,-0.0007172152,
0.7635,-0.0075995694,
0.76375,0.0086907446,
0.764,0.0161425378,
0.76425,0.0018123265,
0.7645,0.0110706203,
0.76475,0.0150099862,
0.765,0.0091946516,
0.76525,0.0056645367,
0.7655,0.0268410482,
0.76575,0.0128875002,
0.766,-0.0065228799,
0.76625,-0.0100341057,
0.7665,0.0060860026,
0.76675,0.0074553406,
0.767,-0.0017625205,
0.76725,0.0027239691,
0.7675,0.0029241866,
0.76775,-0.0010290580,
0.768,-0.0035249740,
0.76825,-0.0041463901,
0.7685,-0.0100423722,
0.76875,0.0134796519,
0.769,0.0084018027,
0.76925,0.0151514299,
0.7695,0.0024391580,
0.76975,0.0080888448,
0.77,0.0060974127,
0.77025,0.0130533818,
0.7705,-0.0054229661,
0.77075,-0.0026227529,
0.771,0.0211076364,
0.77125,-0.0000641576,
0.7715,-0.0051021781,
0.77175,0.0047367723,
0.772,0.0064701336,
0.77225,-0.0080014905,
0.7725,-0.0059446236,
0.77275,0.0037070445,
0.773,0.0039486326,
0.77325,-0.0064698830,
0.7735,0.0063817613,
0.77375,0.0223333724,
0.774,0.0082946112,
0.77425,0.0021137309,
0.7745,0.0138788959,
0.77475,0.0148689700,
0.775,0.0101968758,
0.77525,0.0088011911,
0.7755,0.0135348821,
0.77575,0.0037911918,
0.776,-0.0048154159,
0.77625,0.0016132002,
0.7765,0.0107369404,
0.77675,-0.0023485953,
0.777,-0.0029362841,
0.77725,0.0041215988,
0.7775,0.0069574742,
0.77775,-0.0161588956,
0.778,-0.0047588781,
0.77825,0.0110541089,
0.7785,0.0014928083,
0.77875,-0.0024519563,
0.779,0.0068711275,
0.77925,0.0079601640,
0.7795,-0.0046180440,
0.77975,0.0041038459,
0.78,0.0093551371,
0.78025,-0.0101223756,
0.7805,-0.0127643794,
0.78075,0.0081702517,
0.781,-0.0062029827,
0.78125,-0.0092336498,
0.7815,-0.0191482771,
0.78175,0.0106276069,
0.782,-0.0083472412,
0.78225,-0.0053675524,
0.7825,0.0029724124,
0.78275,0.0044273455,
0.783,-0.0057425327,
0.78325,-0.0042348136,
0.7835,0.0032737853,
0.78375,0.0134269102,
0.784,-0.0047815535,
0.78425,0.0010044924,
0.7845,0.0118003394,
0.78475,0.0086268848,
0.785,-0.0033911807,
0.78525,0.0094520617,
0.7855,0.0171402711,
0.78575,-0.0175455101,
0.786,-0.0278167706,
0.78625,0.0109019922,
0.7865,-0.0021616179,
0.78675,-0.0196431503,
0.787,-0.0164834075,
0.78725,0.0028384472,
0.7875,-0.0027511879,
0.78775,-0.0091299238,
0.788,-0.0088466126,
0.78825,-0.0018140627,
0.7885,-0.0008736544,
0.78875,0.0010828355,
0.789,0.0004002225,
0.78925,-0.0112129264,
0.7895,0.0059802113,
0.78975,0.0019213697,
0.79,0.0037339574,
0.79025,-0.0048034959,
0.7905,-0.0019968767,
0.79075,-0.0053001363,
0.791,-0.0033154744,
0.79125,-0.0058921073,
0.7915,-0.0097414060,
0.79175,0.0024190573,
0.792,0.0000997216,
0.79225,-0.0194593817,
0.7925,-0.0057416554,
0.79275,0.0098193157,
0.793,-0.0182837974,
0.79325,-0.0071374704,
0.7935,0.0123581486,
0.79375,0.0106792897,
0.794,-0.0150535582,
0.79425,0.0070919627,
0.7945,0.0188212506,
0.79475,-0.0084264968,
0.795,-0.0034050338,
0.79525,0.0189319383,
0.7955,-0.0042655515,
0.79575,-0.0170474909,
0.796,0.0044115228,
0.79625,0.0124970078,
0.7965,-0.0191951059,
0.79675,-0.0096768308,
0.797,0.0058614300,
0.79725,-0.0021599019,
0.7975,-0.0301130190,
0.79775,-0.0042341389,
0.798,-0.0009900857,
0.79825,-0.0039010544,
0.7985,0.0024108677,
0.79875,0.0047192173,
0.799,0.0024837011,
0.79925,-0.0074877320,
0.7995,0.0070346249,
0.79975,0.0016205609,
0.8,-0.0027844580,
0.80025,0.0005334190,
0.8005,0.0025003916,
0.80075,0.0048908754,
0.801,-0.0011435751,
0.80125,-0.0011930736,
0.8015,0.0097652944,
0.80175,-0.0090388134,
0.802,0.0015442793,
0.80225,-0.0057220687,
0.8025,0.0069033485,
0.80275,0.0094180768,
0.803,-0.0038541344,
0.80325,0.0049800454,
0.8035,0.0299276263,
0.80375,0.0006173132,
0.804,0.0110574029,
0.80425,0.0245013498,
0.8045,0.0206621196,
0.80475,-0.0011828709,
0.805,0.0157864410,
0.80525,0.0208826996,
0.8055,-0.0129578821,
0.80575,-0.0105451141,
0.806,0.0200456493,
0.80625,-0.0112000378,
0.8065,-0.0078856926,
0.80675,-0.0003596134,
0.807,0.0079771755,
0.80725,0.0014723772,
0.8075,-0.0098871347,
0.80775,0.0031469739,
0.808,0.0063803610,
0.80825,0.0096577667,
0.8085,0.0018195559,
0.80875,0.0116025386,
0.809,0.0135882460,
0.80925,0.0083791949,
0.8095,0.0105403131,
0.80975,0.0154826157,
0.81,0.0007322185,
0.81025,0.0081144879,
0.8105,0.0084069753,
0.81075,0.0008318558,
0.811,-0.0031131580,
0.81125,0.0057141786,
0.8115,0.0091995662,
0.81175,-0.0010024293,
0.812,-0.0160996970,
0.81225,0.0119830398,
0.8125,0.0164635517,
0.81275,-0.0003108254,
0.813,0.0124690924,
0.81325,0.0211213548,
0.8135,0.0155903548,
0.81375,0.0039395811,
0.814,0.0198957976,
0.81425,0.0195066780,
0.8145,0.0123400996,
0.81475,0.0072482112,
0.815,0.0170241054,
0.81525,-0.0058694975,
0.8155,-0.0037422040,
0.81575,0.0137022221,
0.816,0.0040238136,
0.81625,-0.0083393268,
0.8165,-0.0013953820,
0.81675,-0.0040975623,
0.817,-0.0019468029,
0.81725,-0.0240610372,
0.8175,-0.0034593940,
0.81775,0.0064273374,
0.818,0.0184713975,
0.81825,-0.0005271492,
0.8185,0.0172786508,
0.81875,0.0040720468,
0.819,-0.0124064572,
0.81925,-0.0042650155,
0.8195,0.0098182820,
0.81975,-0.0027554983,
0.82,-0.0143087618,
0.82025,0.0078199795,
0.8205,0.0167309567,
0.82075,-0.0056247907,
0.821,-0.0023688923,
0.82125,0.0089014573,
0.8215,0.0037068087,
0.82175,-0.0037626794,
0.822,-0.0055890046,
0.82225,0.0012757927,
0.8225,0.0035351249,
0.82275,-0.0020678444,
0.823,0.0068460894,
0.82325,0.0152561544,
0.8235,0.0004347324,
0.82375,0.0057214573,
0.824,0.0104960473,
0.82425,0.0115614654,
0.8245,-0.0030712998,
0.82475,0.0054872218,
0.825,0.0104247257,
0.82525,-0.0180906784,
0.8255,-0.0146715976,
0.82575,0.0039098742,
0.826,-0.0059537180,
0.82625,-0.0092469817,
0.8265,-0.0144720022,
0.82675,0.0004680171,
0.827,-0.0115768574,
0.82725,-0.0074934540,
0.8275,-0.0118060410,
0.82775,-0.0034270789,
0.828,-0.0132216625,
0.82825,-0.0060553066,
0.8285,0.0076782685,
0.82875,-0.0017003772,
0.829,0.0002648763,
0.82925,-0.0036991492,
0.8295,-0.0085570794,
0.82975,-0.0146295633,
0.83,0.0007586514,
0.83025,-0.0137099493,
0.8305,-0.0152651267,
0.83075,-0.0124557605,
0.831,-0.0069434294,
0.83125,-0.0045840517,
0.8315,0.0016920693,
0.83175,-0.0233310610,
0.832,-0.0117456596,
0.83225,0.0069563948,
0.8325,0.0043325298,
0.83275,-0.0154631529,
0.833,0.0081644105,
0.83325,0.0103468299,
0.8335,-0.0152574312,
0.83375,-0.0041539846,
0.834,0.0179097503,
0.83425,0.0000600990,
0.8345,-0.0099500157,
0.83475,0.0051267901,
0.835,-0.0020026253,
0.83525,-0.0146306846,
0.8355,-0.0040078717,
0.83575,-0.0111172479,
0.836,-0.0283427071,
0.83625,-0.0192408934,
0.8365,-0.0009272658,
0.83675,-0.0309951529,
0.837,-0.0261782967,
0.83725,-0.0076566301,
0.8375,0.0022213855,
0.83775,0.0045127566,
0.838,-0.0077421078,
0.83825,0.0088922735,
0.8385,-0.0101471450,
0.83875,-0.0094256001,
0.839,-0.0023089370,
0.83925,-0.0002930463,
0.8395,-0.0140204225,
0.83975,-0.0069709816,
0.84,0.0018633845,
0.84025,0.0081637753,
0.8405,-0.0117998589,
0.84075,-0.0036843019,
0.841,-0.0053345668,
0.84125,-0.0003306573,
0.8415,-0.0072771190,
0.84175,-0.0160329975,
0.842,0.0040901275,
0.84225,0.0084265713,
0.8425,-0.0046863202,
0.84275,0.0077218954,
0.843,0.0147092175,
0.84325,0.0115374373,
0.8435,-0.0025976859,
0.84375,0.0136151481,
0.844,0.0120418295,
0.84425,-0.0048733866,
0.8445,0.0109423976,
0.84475,-0.0076800766,
0.845,-0.0202549733,
0.84525,-0.0134585928,
0.8455,-0.0000143728,
0.84575,0.0049663242,
0.846,-0.0097407736,
0.84625,-0.0075840321,
0.8465,0.0056144278,
0.84675,-0.0098928548,
0.847,-0.0127793960,
0.84725,-0.0092904055,
0.8475,0.0045158602,
0.84775,-0.0185184274,
0.848,0.0004798896,
0.84825,-0.0018434291,
0.8485,0.0015976944,
0.84875,-0.0068268441,
0.849,-0.0027687100,
0.84925,-0.0107669653,
0.8495,0.0008177662,
0.84975,-0.0104222614,
0.85,-0.0082791923,
0.85025,-0.0092182346,
0.8505,-0.0004849411,
0.85075,-0.0085106762,
0.851,0.0063676964,
0.85125,0.0046063541,
0.8515,-0.0201317389,
0.85175,0.0041303192,
0.852,0.0109064030,
0.85225,0.0037124290,
0.8525,-0.0067206435,
0.85275,0.0173540190,
0.853,0.0116197504,
0.85325,0.0006936290,
0.8535,0.0112630948,
0.85375,0.0175173879,
0.854,0.0096300356,
0.85425,0.0037299334,
0.8545,-0.0032773891,
0.85475,-0.0056556799,
0.855,-0.0021160769,
0.85525,-0.0053195446,
0.8555,-0.0250339992,
0.85575,-0.0081167473,
0.856,-0.0039488701,
0.85625,0.0031995289,
0.8565,-0.0171814468,
0.85675,0.0000903877,
0.857,-0.0075428518,
0.85725,0.0128289890,
0.8575,0.0106148189,
0.85775,-0.0016535963,
0.858,-0.0018844039,
0.85825,0.0107570626,
0.8585,0.0015447057,
0.85875,-0.0033325427,
0.859,0.0086370409,
0.85925,0.0021584658,
0.8595,-0.0001214833,
0.85975,0.0090694344,
0.86,0.0140252067,
0.86025,-0.0108462712,
0.8605,-0.0032403413,
0.86075,0.0153066944,
0.861,0.0076591084,
0.86125,-0.0081430171,
0.8615,-0.0060665933,
0.86175,0.0061853956,
0.862,0.0092331637,
0.86225,0.0028417320,
0.8625,0.0072948099,
0.86275,0.0143720470,
0.863,0.0134493280,
0.86325,0.0000127589,
0.8635,0.0110135060,
0.86375,0.0117407329,
0.864,0.0095984731,
0.86425,0.0060140537,
0.8645,-0.0203733165,
0.86475,-0.0082972674,
0.865,-0.0069893664,
0.86525,-0.0041340948,
0.8655,0.0119831469,
0.86575,-0.0118550994,
0.866,-0.0012995149,
0.86625,-0.0133128893,
0.8665,-0.0156940687,
0.86675,-0.0179641545,
0.867,-0.0030184952,
0.86725,0.0082670450,
0.8675,-0.0013340625,
0.86775,0.0032736254,
0.868,0.0034478426,
0.86825,0.0068094134,
0.8685,0.0066802995,
0.86875,0.0032502883,
0.869,-0.0027372513,
0.86925,0.0117366668,
0.8695,-0.0034102935,
0.86975,-0.0074230870,
0.87,-0.0057196706,
0.87025,0.0130573660,
0.8705,-0.0145073878,
0.87075,0.0035407508,
0.871,0.0124610858,
0.87125,-0.0039285431,
0.8715,-0.0096629215,
0.87175,0.0099110426,
0.872,0.0126124471,
0.87225,-0.0024091920,
0.8725,0.0015771559,
0.87275,0.0236807037,
0.873,-0.0026119149,
0.87325,-0.0042524338,
0.8735,0.0178315826,
0.87375,0.0215302221,
0.874,-0.0097059784,
0.87425,-0.0005655332,
0.8745,-0.0032214224,
0.87475,-0.0059175082,
0.875,-0.0177347306,
0.87525,0.0054738289,
0.8755,-0.0006112515,
0.87575,-0.0072755665,
0.876,-0.0088091111,
0.87625,-0.0214560963,
0.8765,-0.0100082299,
0.87675,-0.0122576877,
0.877,0.0177517086,
0.87725,0.0139263663,
0.8775,0.0053075929,
0.87775,0.0053369002,
0.878,0.0204946399,
0.87825,0.0008883235,
0.8785,0.0039832303,
0.87875,0.0050592511,
0.879,0.0014081364,
0.87925,0.0049182167,
0.8795,0.0091255726,
0.87975,-0.0135834552,
0.88,0.0049816193,
0.88025,0.0064537092,
0.8805,0.0015142502,
0.88075,0.0070736976,
0.881,-0.0014570703,
0.88125,0.0032143993,
0.8815,-0.0018293281,
0.88175,0.0104911346,
0.882,0.0050084656,
0.88225,0.0001494683,
0.8825,0.0163874030,
0.88275,0.0122650433,
0.883,0.0002983829,
0.88325,0.0089199673,
0.8835,0.0207323320,
0.88375,0.0156261008,
0.884,-0.0061700093,
0.88425,0.0016197322,
0.8845,-0.0039912779,
0.88475,-0.0062231217,
0.885,0.0007214006,
0.88525,0.0086289607,
0.8855,-0.0145697966,
0.88575,-0.0145946071,
0.886,-0.0137658082,
0.88625,0.0020183516,
0.8865,-0.0226938743,
0.88675,-0.0000110563,
0.887,0.0084103160,
0.88725,0.0071058697,
0.8875,0.0045469580,
0.88775,0.0060196151,
0.888,0.0165338889,
0.88825,0.0145607917,
0.8885,-0.0088506090,
0.88875,0.0112423096,
0.889,0.0080279270,
0.88925,0.0012677208,
0.8895,-0.0047503170,
0.88975,0.0116781043,
0.89,0.0110371262,
0.89025,-0.0088473652,
0.8905,0.0129660312,
0.89075,0.0081158141,
0.891,0.0004069896,
0.89125,-0.0064937258,
0.8915,0.0110489968,
0.89175,0.0110086659,
0.892,0.0069079511,
0.89225,0.0126624182,
0.8925,0.0144351926,
0.89275,0.0122104231,
0.893,0.0069019170,
0.89325,0.0167712662,
0.8935,0.0204581656,
0.89375,0.0003634974,
0.894,0.0053062681,
0.89425,-0.0058172345,
0.8945,0.0004053518,
0.89475,-0.0085280975,
0.895,0.0034168023,
0.89525,0.0066120834,
0.8955,0.0065976987,
0.89575,-0.0218027234,
0.896,-0.0046277978,
0.89625,-0.0128684435,
0.8965,-0.0126030911,
0.89675,0.0092682373,
0.897,0.0204966739,
0.89725,0.0147690382,
0.8975,-0.0019667209,
0.89775,0.0150215765,
0.898,0.0154252555,
0.89825,-0.0026389328,
0.8985,-0.0049160356,
0.89875,0.0176065192,
0.899,0.0047926311,
0.89925,-0.0046846871,
0.8995,-0.0075931270,
0.89975,0.0134886075,
0.9,-0.0057908697,
0.90025,0.0006014468,
0.9005,0.0032037671,
0.90075,-0.0020848124,
0.901,0.0049049715,
0.90125,-0.0007385006,
0.9015,0.0066210199,
0.90175,0.0089159869,
0.902,-0.0014239490,
0.90225,0.0117578488,
0.9025,0.0120590264,
0.90275,0.0054570935,
0.903,0.0037314296,
0.90325,0.0166118108,
0.9035,0.0041775582,
0.90375,-0.0103686731,
0.904,-0.0096299099,
0.90425,-0.0036808220,
0.9045,-0.0122413095,
0.90475,-0.0128610944,
0.905,-0.0067523252,
0.90525,-0.0236671008,
0.9055,-0.0205337070,
0.90575,-0.0026209897,
0.906,0.0026034636,
0.90625,-0.0273980461,
0.9065,0.0001653878,
0.90675,0.0139511367,
0.907,0.0026832460,
0.90725,0.0017625227,
0.9075,0.0113741830,
0.90775,0.0134733608,
0.908,-0.0000082035,
0.90825,-0.0055456953,
0.9085,0.0004578679,
0.90875,0.0027918033,
0.909,0.0095292367,
0.90925,-0.0156957880,
0.9095,0.0106998114,
0.90975,0.0045723040,
0.91,0.0055252789,
0.91025,-0.0093904873,
0.9105,0.0027637652,
0.91075,-0.0011517426,
0.911,-0.0147386398,
0.91125,0.0023010243,
0.9115,0.0140507333,
0.91175,0.0048709456,
0.912,-0.0104108881,
0.91225,0.0086769070,
0.9125,0.0148105444,
0.91275,-0.0119919842,
0.913,0.0076386733,
0.91325,0.0144784842,
0.9135,-0.0088098217,
0.91375,-0.0088090301,
0.914,0.0007785339,
0.91425,0.0057208100,
0.9145,-0.0113801183,
0.91475,0.0029290454,
0.915,0.0103158830,
0.91525,-0.0131996404,
0.9155,-0.0202586409,
0.91575,-0.0006980591,
0.916,-0.0309556276,
0.91625,-0.0071815178,
0.9165,0.0102889640,
0.91675,0.0100075873,
0.917,0.0043302514,
0.91725,0.0021259962,
0.9175,0.0112608634,
0.91775,0.0170139521,
0.918,-0.0023311290,
0.91825,0.0082913609,
0.9185,0.0121082384,
0.91875,0.0060894610,
0.919,0.0024605726,
0.91925,-0.0099255880,
0.9195,0.0139451977,
0.91975,-0.0027976660,
0.92,-0.0108958669,
0.92025,-0.0179851372,
0.9205,0.0067812148,
0.92075,-0.0071064364,
0.921,-0.0020795171,
0.92125,-0.0011574272,
0.9215,0.0104045011,
0.92175,-0.0059522311,
0.922,0.0056610610,
0.92225,0.0195614584,
0.9225,0.0045389072,
0.92275,-0.0073319003,
0.923,0.0134060085,
0.92325,0.0090745045,
0.9235,-0.0116070695,
0.92375,-0.0080356169,
0.924,-0.0096776327,
0.92425,-0.0193126108,
0.9245,-0.0077436282,
0.92475,-0.0077151950,
0.925,-0.0197909698,
0.92525,-0.0155478576,
0.9255,-0.0018854234,
0.92575,-0.0036310675,
0.926,-0.0207642112,
0.92625,0.0006865215,
0.9265,0.0066442606,
0.92675,0.0083631519,
0.927,0.0027707207,
0.92725,0.0063278144,
0.9275,0.0113064237,
0.92775,0.0002893473,
0.928,-0.0001225986,
0.92825,-0.0092767077,
0.9285,0.0044906409,
0.92875,0.0031626367,
0.929,-0.0201316942,
0.92925,0.0076000574,
0.9295,-0.0005718692,
0.92975,0.0016110300,
0.93,-0.0183570795,
0.93025,-0.0007659634,
0.9305,-0.0062865107,
0.93075,-0.0117084067,
0.931,0.0030047041,
0.93125,0.0152270263,
0.9315,-0.0035515572,
0.93175,-0.0031628646,
0.932,0.0087452801,
0.93225,0.0029205307,
0.9325,-0.0005862805,
0.93275,0.0015129752,
0.933,-0.0023048609,
0.93325,-0.0003810767,
0.9335,-0.0063947225,
0.93375,-0.0047370144,
0.934,-0.0036027445,
0.93425,-0.0108989934,
0.9345,-0.0020360835,
0.93475,-0.0120339934,
0.935,-0.0278311260,
0.93525,-0.0290252045,
0.9355,-0.0203734357,
0.93575,-0.0008047745,
0.936,0.0069187116,
0.93625,-0.0047918963,
0.9365,0.0088385399,
0.93675,0.0060676034,
0.937,-0.0096919928,
0.93725,0.0088227130,
0.9375,0.0142068211,
0.93775,0.0008626556,
0.938,-0.0138783175,
0.93825,0.0044315611,
0.9385,0.0063561555,
0.93875,-0.0193366650,
0.939,-0.0082842316,
0.93925,0.0054867212,
0.9395,-0.0079361005,
0.93975,-0.0198429096,
0.94,-0.0202528108,
0.94025,0.0004063792,
0.9405,-0.0141799683,
0.94075,-0.0067590340,
0.941,-0.0105890082,
0.94125,0.0106561603,
0.9415,-0.0041668206,
0.94175,-0.0025896877,
0.942,0.0072655501,
0.94225,0.0041254391,
0.9425,-0.0063889618,
0.94275,0.0109366719,
0.943,0.0076302416,
0.94325,-0.0078837834,
0.9435,-0.0231356192,
0.94375,-0.0174016189,
0.944,-0.0094427988,
0.94425,-0.0126834353,
0.9445,-0.0121779051,
0.94475,-0.0074256752,
0.945,-0.0102545917,
0.94525,-0.0066984836,
0.9455,-0.0148201268,
0.94575,-0.0229837075,
0.946,-0.0055896239,
0.94625,0.0014356845,
0.9465,0.0008952627,
0.94675,-0.0082181068,
0.947,0.0036304542,
0.94725,0.0040756054,
0.9475,-0.0037572421,
0.94775,-0.0043627406,
0.948,-0.0116796941,
0.94825,0.0049761520,
0.9485,-0.0081130005,
0.94875,-0.0083225928,
0.949,-0.0087812813,
0.94925,0.0008796933,
0.9495,-0.0016200530,
0.94975,-0.0254461579,
0.95,-0.0116975680,
0.95025,-0.0042048302,
0.9505,-0.0066158460,
0.95075,-0.0183958840,
0.951,0.0063880440,
0.95125,0.0090949647,
0.9515,-0.0104808267,
0.95175,-0.0092936261,
0.952,0.0165712330,
0.95225,-0.0081006018,
0.9525,-0.0150300618,
0.95275,0.0078766383,
0.953,-0.0007230072,
0.95325,-0.0199894439,
0.9535,-0.0055905720,
0.95375,-0.0019473718,
0.954,-0.0195304342,
0.95425,-0.0156778581,
0.9545,-0.0065184413,
0.95475,-0.0197224487,
0.955,-0.0224124659,
0.95525,-0.0057114237,
0.9555,-0.0004760332,
0.95575,-0.0022447489,
0.956,-0.0034587053,
0.95625,0.0061412258,
0.9565,0.0030323812,
0.95675,-0.0035113448,
0.957,0.0107103717,
0.95725,0.0036751234,
0.9575,0.0001164730,
0.95775,-0.0075114043,
0.958,0.0074693738,
0.95825,0.0034584941,
0.9585,-0.0049164714,
0.95875,-0.0068402151,
0.959,0.0054791286,
0.95925,0.0072083306,
0.9595,-0.0093680322,
0.95975,-0.0176549181,
0.96,0.0104948990,
0.96025,0.0059398329,
0.9605,-0.0113350907,
0.96075,0.0014704857,
0.961,0.0197971910,
0.96125,-0.0004334717,
0.9615,0.0048725372,
0.96175,0.0118587827,
0.962,0.0182915591,
0.96225,0.0020253807,
0.9625,0.0134317474,
0.96275,0.0182335246,
0.963,-0.0036233827,
0.96325,-0.0173628107,
0.9635,-0.0002998721,
0.96375,0.0103863198,
0.964,-0.0092847915,
0.96425,-0.0063111186,
0.9645,0.0044691786,
0.96475,-0.0002474995,
0.965,-0.0043724491,
0.96525,-0.0085360687,
0.9655,0.0029309345,
0.96575,0.0012248147,
0.966,0.0095231077,
0.96625,0.0045456975,
0.9665,0.0121891256,
0.96675,0.0148829594,
0.967,0.0061255652,
0.96725,0.0180308763,
0.9675,0.0105147548,
0.96775,0.0016510282,
0.968,0.0166047383,
0.96825,0.0008582853,
0.9685,0.0120514911,
0.96875,0.0073408103,
0.969,0.0175694991,
0.96925,0.0088253561,
0.9695,-0.0051218462,
0.96975,0.0077028363,
0.97,0.0188407879,
0.97025,0.0005778179,
0.9705,-0.0035461052,
0.97075,0.0157761648,
0.971,0.0220710617,
0.97125,0.0029608726,
0.9715,0.0089475224,
0.97175,0.0242036134,
0.972,0.0078040101,
0.97225,0.0099180304,
0.9725,0.0142599437,
0.97275,0.0129580535,
0.973,0.0021731695,
0.97325,-0.0032667981,
0.9735,0.0033700091,
0.97375,0.0044253040,
0.974,-0.0006596267,
0.97425,0.0050179893,
0.9745,0.0024329610,
0.97475,-0.0038674804,
0.975,-0.0116806477,
0.97525,0.0123245222,
0.9755,0.0094787227,
0.97575,0.0005200087,
0.976,0.0049241721,
0.97625,0.0206081234,
0.9765,0.0078260545,
0.97675,0.0018869133,
0.977,0.0145511096,
0.97725,0.0088945786,
0.9775,-0.0001746540,
0.97775,0.0081255650,
0.978,0.0141571667,
0.97825,-0.0005780099,
0.9785,-0.0082875621,
0.97875,0.0154300202,
0.979,0.0075412486,
0.97925,-0.0038746619,
0.9795,-0.0003310439,
0.97975,0.0152691500,
0.98,0.0072991550,
0.98025,-0.0017802451,
0.9805,0.0058358060,
0.98075,0.0139155723,
0.981,0.0034106839,
0.98125,0.0017344283,
0.9815,0.0142206345,
0.98175,0.0162579641,
0.982,0.0043516830,
0.98225,0.0087658465,
0.9825,0.0135519542,
0.98275,-0.0035022451,
0.983,-0.0242083967,
0.98325,0.0046750209,
0.9835,0.0080638463,
0.98375,-0.0144983605,
0.984,-0.0117783910,
0.98425,-0.0092244707,
0.9845,-0.0060463487,
0.98475,-0.0216615554,
0.985,-0.0070902565,
0.98525,0.0039045173,
0.9855,0.0028604141,
0.98575,-0.0016028521,
0.986,0.0019633595,
0.98625,0.0064326469,
0.9865,0.0048622121,
0.98675,-0.0025453952,
0.987,0.0034709133,
0.98725,-0.0014387525,
0.9875,0.0018156599,
0.98775,0.0000608733,
0.988,-0.0037253392,
0.98825,0.0006266448,
0.9885,-0.0050937477,
0.98875,0.0011452901,
0.989,-0.0009129505,
0.98925,-0.0145533606,
0.9895,-0.0205303635,
0.98975,0.0098267682,
0.99,-0.0040331408,
0.99025,-0.0164510682,
0.9905,0.0023173410,
0.99075,0.0168446936,
0.991,-0.0142816650,
0.99125,0.0024918453,
0.9915,0.0161753260,
0.99175,0.0112350266,
0.992,-0.0115473950,
0.99225,0.0110560413,
0.9925,0.0070346212,
0.99275,-0.0089908466,
0.993,-0.0114768827,
0.99325,0.0116442004,
0.9935,-0.0106031401,
0.99375,-0.0130518666,
0.994,-0.0081806295,
0.99425,-0.0035846655,
0.9945,-0.0193619523,
0.99475,-0.0095799807,
0.995,0.0143643478,
0.99525,-0.0045709154,
0.9955,0.0027061987,
0.99575,0.0032150801,
0.996,0.0069511863,
0.99625,-0.0071559153,
0.9965,-0.0006606988,
0.99675,0.0040997430,
0.997,0.0017550163,
0.99725,-0.0015676317,
0.9975,0.0017934120,
0.99775,0.0018964278,
0.998,0.0076495269,
0.99825,0.0018635044,
0.9985,0.0082438383,
0.99875,0.0140318917,
0.999,0.0040231850,
0.99925,-0.0023066378,
0.9995,0.0098268259,
0.99975,0.0152063239,
1,-0.0020562073,
1.00025,0.0052438090,
1.0005,0.0212680269,
1.00075,0.0109927412,
1.001,0.0049765930,
1.00125,0.0175929293,
1.0015,0.0264018103,
1.00175,0.0075936900,
1.002,0.0082024392,
1.00225,0.0196865834,
1.0025,-0.0020197271,
1.00275,-0.0133072222,
1.003,0.0133773442,
1.00325,0.0119425636,
1.0035,-0.0056063565,
1.00375,-0.0042817956,
1.004,0.0015137501,
1.00425,-0.0026381970,
1.0045,-0.0013414252,
1.00475,-0.0037911211,
1.005,0.0212762654,
1.00525,0.0136131886,
1.0055,0.0035781534,
1.00575,0.0175321586,
1.006,0.0102339275,
1.00625,0.0078488896,
1.0065,-0.0035737816,
1.00675,0.0061202100,
1.007,0.0045187054,
1.00725,0.0079496615,
1.0075,0.0012741135,
1.00775,0.0139458887,
1.008,0.0070607844,
1.00825,0.0141418586,
1.0085,0.0123290922,
1.00875,0.0051960517,
1.009,0.0010948505,
1.00925,-0.0042036776,
1.0095,0.0199584197,
1.00975,0.0082555916,
1.01,0.0040936223,
1.01025,0.0152353896,
1.0105,0.0175821260,
1.01075,0.0047136056,
1.011,0.0118103102,
1.01125,0.0206894223,
1.0115,0.0224869661,
1.01175,0.0049653393,
1.012,0.0144165903,
1.01225,0.0006086036,
1.0125,0.0015623828,
1.01275,0.0032681020,
1.013,0.0008882850,
1.01325,0.0031305924,
1.0135,-0.0085388487,
1.01375,-0.0098439045,
1.014,0.0037559124,
1.01425,-0.0158875920,
1.0145,-0.0039693508,
1.01475,0.0053004697,
1.015,0.0196778290,
1.01525,0.0082148341,
1.0155,0.0056604650,
1.01575,0.0020508384,
1.016,0.0043944567,
1.01625,-0.0125314854,
1.0165,0.0034507555,
1.01675,0.0062153842,
1.017,-0.0031118605,
1.01725,-0.0053971075,
1.0175,0.0106658498,
1.01775,0.0012689007,
1.018,-0.0099738259,
1.01825,0.0045249835,
1.0185,0.0007632160,
1.01875,-0.0003123317,
1.019,-0.0122326901,
1.01925,-0.0003234107,
1.0195,0.0053492626,
1.01975,0.0021489894,
1.02,0.0082878647,
1.02025,0.0144489519,
1.0205,0.0057943682,
1.02075,0.0077534136,
1.021,0.0055938312,
1.02125,0.0178336818,
1.0215,0.0039251074,
1.02175,0.0068208924,
1.022,-0.0017951849,
1.02225,-0.0174950399,
1.0225,-0.0074360967,
1.02275,-0.0018872865,
1.023,0.0053260610,
1.02325,-0.0065081520,
1.0235,-0.0179059505,
1.02375,0.0018984101,
1.024,-0.0097456668,
1.02425,-0.0159359463,
1.0245,-0.0131025715,
1.02475,0.0116705485,
1.025,-0.0072625214,
1.02525,-0.0054557803,
1.0255,0.0031107273,
1.02575,-0.0037498772,
1.026,-0.0051629073,
1.02625,-0.0073692743,
1.0265,-0.0017673413,
1.02675,-0.0110424021,
1.027,-0.0039479285,
1.02725,-0.0193016622,
1.0275,-0.0077330396,
1.02775,-0.0043871603,
1.028,-0.0017305551,
1.02825,-0.0156779196,
1.0285,-0.0018822493,
1.02875,-0.0105230100,
1.029,-0.0232341737,
1.02925,0.0049217027,
1.0295,0.0059139878,
1.02975,-0.0052526682,
1.03,-0.0042714425,
1.03025,0.0143995332,
1.0305,-0.0037932401,
1.03075,-0.0202858727,
1.031,0.0074040261,
1.03125,0.0087468810,
1.0315,-0.0096651036,
1.03175,-0.0124860359,
1.032,-0.0058306293,
1.03225,-0.0101508033,
1.0325,-0.0093965493,
1.03275,-0.0124517493,
1.033,-0.0071716984,
1.03325,-0.0167681687,
1.0335,-0.0063131796,
1.03375,-0.0128526911,
1.034,-0.0250206664,
1.03425,-0.0165546630,
1.0345,0.0067773904,
1.03475,0.0096505266,
1.035,-0.0026758609,
1.03525,0.0021365567,
1.0355,-0.0082465531,
1.03575,-0.0084169991,
1.036,-0.0108997226,
1.03625,-0.0041934852,
1.0365,-0.0129245892,
1.03675,-0.0039212997,
1.037,-0.0035183867,
1.03725,0.0027474703,
1.0375,-0.0097161969,
1.03775,-0.0118558537,
1.038,0.0025109237,
1.03825,0.0023489613,
1.0385,0.0025762329,
1.03875,-0.0066265236,
1.039,-0.0094595635,
1.03925,0.0029836127,
1.0395,-0.0019935661,
1.03975,-0.0033911332,
1.04,0.0036111150,
1.04025,0.0113712642,
1.0405,-0.0088684596,
1.04075,0.0017517928,
1.041,0.0203510076,
1.04125,0.0038268291,
1.0415,0.0040831594,
1.04175,-0.0082676187,
1.042,-0.0139397364,
1.04225,-0.0051396927,
1.0425,0.0008942665,
1.04275,0.0012799033,
1.043,-0.0068258299,
1.04325,-0.0053602089,
1.0435,-0.0063239606,
1.04375,-0.0133734010,
1.044,-0.0135813700,
1.04425,-0.0030607034,
1.0445,0.0051045781,
1.04475,-0.0048001613,
1.045,0.0019888682,
1.04525,-0.0100537315,
1.0455,-0.0019450034,
1.04575,-0.0164893139,
1.046,0.0026005064,
1.04625,-0.0084449183,
1.0465,-0.0016190656,
1.04675,-0.0056442502,
1.047,-0.0133140367,
1.04725,-0.0003151964,
1.0475,0.0038059372,
1.04775,-0.0067555858,
1.048,-0.0089873271,
1.04825,0.0125408657,
1.0485,-0.0192782879,
1.04875,-0.0045697363,
1.049,0.0038653566,
1.04925,0.0033002226,
1.0495,-0.0014248972,
1.04975,-0.0067706266,
1.05,0.0150894597,
1.05025,-0.0001837368,
1.0505,0.0013768780,
1.05075,0.0064065703,
1.051,0.0091305859,
1.05125,0.0023481715,
1.0515,-0.0131099001,
1.05175,-0.0155277131,
1.052,-0.0033463347,
1.05225,-0.0103719551,
1.0525,-0.0203921665,
1.05275,-0.0011529353,
1.053,-0.0116934059,
1.05325,-0.0118660918,
1.0535,-0.0340564959,
1.05375,0.0052082380,
1.054,-0.0085397065,
1.05425,-0.0027203329,
1.0545,0.0157016851,
1.05475,0.0047210054,
1.055,-0.0053226338,
1.05525,0.0055124476,
1.0555,0.0018947793,
1.05575,-0.0078776423,
1.056,-0.0179403909,
1.05625,0.0026235525,
1.0565,0.0016241320,
1.05675,-0.0130661521,
1.057,-0.0063522025,
1.05725,-0.0113524050,
1.0575,-0.0022408410,
1.05775,-0.0136033762,
1.058,0.0040855194,
1.05825,-0.0027752346,
1.0585,-0.0077340864,
1.05875,-0.0015104357,
1.059,-0.0005527050,
1.05925,-0.0040170453,
1.0595,0.0012096437,
1.05975,0.0003375638,
1.06,0.0103148269,
1.06025,-0.0044823559,
1.0605,-0.0008580470,
1.06075,0.0063666161,
1.061,0.0081975833,
1.06125,-0.0050414437,
1.0615,-0.0189252831,
1.06175,-0.0164922085,
1.062,0.0016631810,
1.06225,-0.0124299014,
1.0625,-0.0067506242,
1.06275,-0.0086415019,
1.063,-0.0093191834,
1.06325,-0.0109524336,
1.0635,-0.0022048471,
1.06375,-0.0130263707,
1.064,-0.0084066661,
1.06425,0.0060797245,
1.0645,0.0015741831,
1.06475,-0.0031840457,
1.065,-0.0065929978,
1.06525,0.0039607021,
1.0655,0.0031225062,
1.06575,0.0004559568,
1.066,-0.0098397378,
1.06625,-0.0027718800,
1.0665,-0.0046642246,
1.06675,-0.0072921212,
1.067,-0.0094102891,
1.06725,0.0050722770,
1.0675,-0.0147538874,
1.06775,-0.0083637871,
1.068,-0.0069887303,
1.06825,0.0023460649,
1.0685,-0.0138028888,
1.06875,-0.0090772668,
1.069,0.0134221483,
1.06925,0.0026049907,
1.0695,-0.0078729196,
1.06975,0.0054327813,
1.07,0.0130727552,
1.07025,-0.0072406223,
1.0705,0.0012260348,
1.07075,0.0210303254,
1.071,-0.0012500923,
1.07125,-0.0124047585,
1.0715,-0.0056964746,
1.07175,0.0036308868,
1.072,-0.0190571900,
1.07225,-0.0055122054,
1.0725,0.0078170570,
1.07275,0.0018270675,
1.073,-0.0170090720,
1.07325,-0.0123799816,
1.0735,-0.0008148791,
1.07375,-0.0137548381,
1.074,0.0097428756,
1.07425,0.0094365263,
1.0745,0.0115277907,
1.07475,-0.0024296991,
1.075,0.0138957901,
1.07525,-0.0001335322,
1.0755,0.0039614448,
1.07575,-0.0142792948,
1.076,-0.0015635999,
1.07625,-0.0063439989,
1.0765,-0.0090154698,
1.07675,-0.0179540012,
1.077,-0.0036305378,
1.07725,0.0058806483,
1.0775,-0.0079414416,
1.07775,-0.0041650436,
1.078,0.0039361673,
1.07825,0.0076473597,
1.0785,-0.0124850310,
1.07875,0.0062961080,
1.079,0.0137896789,
1.07925,-0.0023681726,
1.0795,-0.0050188191,
1.07975,0.0134434588,
1.08,0.0058552492,
1.08025,-0.0007847156,
1.0805,0.0160556436,
1.08075,0.0196927432,
1.081,-0.0088724280,
1.08125,-0.0087467665,
1.0815,0.0127335228,
1.08175,0.0026235033,
1.082,-0.0083919736,
1.08225,0.0099592879,
1.0825,-0.0118589299,
1.08275,-0.0067025027,
1.083,-0.0115518728,
1.08325,0.0054656626,
1.0835,-0.0167071540,
1.08375,-0.0033992648,
1.084,0.0112763830,
1.08425,0.0144446185,
1.0845,0.0041971249,
1.08475,0.0094374046,
1.085,0.0133753056,
1.08525,0.0229642242,
1.0855,-0.0002012447,
1.08575,-0.0046358774,
1.086,0.0021549712,
1.08625,0.0017679664,
1.0865,-0.0128538013,
1.08675,-0.0066682748,
1.087,0.0057212655,
1.08725,-0.0051775640,
1.0875,0.0021949247,
1.08775,-0.0038583092,
1.088,0.0151615646,
1.08825,-0.0056002885,
1.0885,0.0079051405,
1.08875,0.0148544377,
1.089,0.0039782501,
1.08925,-0.0057088193,
1.0895,0.0065679951,
1.08975,0.0131078521,
1.09,0.0083114374,
1.09025,0.0054748608,
1.0905,0.0195029266,
1.09075,0.0031462710,
1.091,-0.0039204028,
1.09125,0.0032961182,
1.0915,0.0145638846,
1.09175,-0.0022871834,
1.092,-0.0054032817,
1.09225,-0.0028814271,
1.0925,0.0041929660,
1.09275,-0.0240968000,
1.093,-0.0134369442,
1.09325,-0.0017448915,
1.0935,-0.0086003412,
1.09375,0.0103537971,
1.094,0.0008161952,
1.09425,0.0216952879,
1.0945,0.0036254732,
1.09475,0.0058996701,
1.095,0.0097393980,
1.09525,0.0040214872,
1.0955,-0.0193864964,
1.09575,0.0049236268,
1.096,0.0022844772,
1.09625,-0.0094852448,
1.0965,-0.0183353368,
1.09675,0.0105987340,
1.097,-0.0016690140,
1.09725,-0.0003717155,
1.0975,-0.0075280135,
1.09775,0.0077165295,
1.098,0.0030509280,
1.09825,-0.0010845509,
1.0985,0.0013584273,
1.09875,0.0135439076,
1.099,0.0015036920,
1.09925,-0.0051539941,
1.0995,0.0138727995,
1.09975,0.0085794171,
1.1,-0.0010859212,
1.10025,0.0114003858,
1.1005,0.0133665483,
1.10075,-0.0034068499,
1.101,-0.0089411978,
1.10125,0.0031991603,
1.1015,-0.0110658724,
1.10175,-0.0134441052,
1.102,-0.0060436148,
1.10225,-0.0104045821,
1.1025,-0.0087990910,
1.10275,-0.0168501418,
1.103,0.0052500544,
1.10325,-0.0110978521,
1.1035,-0.0003478708,
1.10375,-0.0015649898,
1.104,0.0141080245,
1.10425,0.0095494231,
1.1045,0.0066008251,
1.10475,0.0168095380,
1.105,0.0118670557,
1.10525,0.0011951391,
1.1055,-0.0006054214,
1.10575,-0.0021731860,
1.106,0.0041863732,
1.10625,-0.0181636624,
1.1065,-0.0018223083,
1.10675,0.0022168052,
1.107,0.0021473530,
1.10725,-0.0061910357,
1.1075,-0.0070438348,
1.10775,0.0138860885,
1.108,-0.0045498074,
1.10825,0.0003756326,
1.1085,0.0092597529,
1.10875,0.0195044111,
1.109,-0.0082644811,
1.10925,0.0031299193,
1.1095,0.0188737214,
1.10975,0.0125121875,
1.11,0.0011841507,
1.11025,0.0167525299,
1.1105,0.0089941192,
1.11075,-0.0103303511,
1.111,0.0042587849,
1.11125,0.0204525031,
1.1115,-0.0218198840,
1.11175,-0.0070088841,
1.112,-0.0009245058,
1.11225,-0.0110215684,
1.1125,-0.0368995517,
1.11275,-0.0070783999,
1.113,0.0003342107,
1.11325,0.0049618469,
1.1135,0.0109599251,
1.11375,0.0178480409,
1.114,0.0147228120,
1.11425,0.0000623374,
1.1145,0.0143037662,
1.11475,0.0096354373,
1.115,0.0061853202,
1.11525,-0.0103274211,
1.1155,0.0069498699,
1.11575,0.0100061428,
1.116,0.0030712797,
1.11625,-0.0073464769,
1.1165,0.0103545096,
1.11675,0.0075314171,
1.117,0.0072416803,
1.11725,-0.0186981000,
1.1175,0.0067950301,
1.11775,0.0110813593,
1.118,-0.0007132639,
1.11825,0.0038413040,
1.1185,0.0241292045,
1.11875,0.0089605832,
1.119,-0.0032039881,
1.11925,0.0176113918,
1.1195,0.0178258419,
1.11975,-0.0119153894,
1.12,0.0117514087,
1.12025,0.0218410771,
1.1205,0.0067125764,
1.12075,-0.0064983456,
1.121,-0.0006491242,
1.12125,-0.0048897504,
1.1215,-0.0070958510,
1.12175,0.0019096105,
1.122,0.0076003484,
1.12225,-0.0050341468,
1.1225,-0.0008350678,
1.12275,-0.0046619326,
1.123,-0.0098763360,
1.12325,0.0005667050,
1.1235,-0.0051177810,
1.12375,0.0170472339,
1.124,0.0124817453,
1.12425,0.0117711630,
1.1245,0.0135786626,
1.12475,0.0097800680,
1.125,0.0046987161,
1.12525,0.0005951243,
1.1255,0.0051311380,
1.12575,0.0047841822,
1.126,-0.0139268972,
1.12625,0.0051035914,
1.1265,0.0047217691,
1.12675,0.0104427887,
1.127,-0.0134074129,
1.12725,-0.0012203319,
1.1275,0.0100284573,
1.12775,0.0080197118,
1.128,0.0002190399,
1.12825,0.0135632278,
1.1285,0.0147628151,
1.12875,-0.0014314528,
1.129,0.0023452842,
1.12925,0.0122948838,
1.1295,0.0131725604,
1.12975,0.0014208590,
1.13,0.0016150811,
1.13025,0.0096206404,
1.1305,-0.0079753427,
1.13075,-0.0045048110,
1.131,-0.0072475029,
1.13125,-0.0225826371,
1.1315,-0.0106405411,
1.13175,-0.0146018472,
1.132,-0.0203723796,
1.13225,-0.0250826050,
1.1325,-0.0136667490,
1.13275,0.0017927673,
1.133,0.0132829528,
1.13325,-0.0055513456,
1.1335,0.0056326725,
1.13375,0.0055540116,
1.134,0.0012397368,
1.13425,-0.0045629898,
1.1345,0.0099737551,
1.13475,0.0088421088,
1.135,-0.0138532035,
1.13525,0.0007967905,
1.1355,0.0120977946,
1.13575,-0.0110987937,
1.136,-0.0139739458,
1.13625,0.0046435660,
1.1365,0.0072979508,
1.13675,-0.0060738446,
1.137,-0.0219278932,
1.13725,0.0033460967,
1.1375,0.0042214072,
1.13775,-0.0085466634,
1.138,-0.0014826909,
1.13825,0.0137231909,
1.1385,-0.0028700705,
1.13875,-0.0033224830,
1.139,0.0010096970,
1.13925,0.0083996244,
1.1395,-0.0001437804,
1.13975,0.0046765716,
1.14,0.0089182202,
1.14025,-0.0075696171,
1.1405,-0.0146920439,
1.14075,-0.0150886746,
1.141,-0.0014969381,
1.14125,-0.0054962728,
1.1415,-0.0128915552,
1.14175,-0.0065137148,
1.142,-0.0061202380,
1.14225,-0.0056094471,
1.1425,-0.0216259342,
1.14275,-0.0073043685,
1.143,-0.0126703000,
1.14325,-0.0078415461,
1.1435,0.0107172690,
1.14375,-0.0001814620,
1.144,0.0071313111,
1.14425,0.0046113324,
1.1445,-0.0007437102,
1.14475,-0.0008297137,
1.145,-0.0066635562,
1.14525,-0.0046205400,
1.1455,-0.0160686076,
1.14575,-0.0056729624,
1.146,0.0031847178,
1.14625,-0.0033859534,
1.1465,0.0117143467,
1.14675,-0.0162188336,
1.147,-0.0099140257,
1.14725,0.0028212450,
1.1475,0.0104330108,
1.14775,-0.0173591617,
1.148,-0.0009898809,
1.14825,0.0140355453,
1.1485,-0.0010833810,
1.14875,-0.0158072617,
1.149,0.0183118023,
1.14925,0.0103191417,
1.1495,-0.0097215697,
1.14975,0.0004465180,
1.15,0.0125759281,
1.15025,-0.0138368448,
1.1505,-0.0098168179,
1.15075,-0.0144637143,
1.151,-0.0168100316,
1.15125,-0.0245448854,
1.1515,0.0038990485,
1.15175,-0.0147177968,
1.152,-0.0250615068,
1.15225,-0.0145326704,
1.1525,0.0057291542,
1.15275,0.0070480462,
1.153,-0.0089499336,
1.15325,0.0079493066,
1.1535,0.0064076697,
1.15375,0.0044892570,
1.154,0.0072444580,
1.15425,0.0085466430,
1.1545,0.0032031117,
1.15475,-0.0033658745,
1.155,-0.0015989244,
1.15525,0.0055513834,
1.1555,-0.0126391128,
1.15575,-0.0133518782,
1.156,-0.0051632482,
1.15625,0.0067372853,
1.1565,0.0012264267,
1.15675,-0.0096369265,
1.157,-0.0023557548,
1.15725,0.0173948798,
1.1575,-0.0017708417,
1.15775,-0.0070641292,
1.158,0.0107992552,
1.15825,0.0045752856,
1.1585,-0.0072162850,
1.15875,0.0042774756,
1.159,0.0200641248,
1.15925,0.0097246263,
1.1595,0.0046821628,
1.15975,0.0076947948,
1.16,-0.0011758760,
1.16025,-0.0107851196,
1.1605,-0.0034571732,
1.16075,0.0126099726,
1.161,-0.0052270256,
1.16125,-0.0088167200,
1.1615,-0.0046279882,
1.16175,-0.0189855304,
1.162,-0.0165236704,
1.16225,-0.0173545964,
1.1625,0.0077787982,
1.16275,0.0028456005,
1.163,0.0068913177,
1.16325,0.0096349623,
1.1635,0.0070999730,
1.16375,0.0041159838,
1.164,0.0041682655,
1.16425,0.0048155626,
1.1645,0.0175684132,
1.16475,-0.0048366832,
1.165,0.0034715144,
1.16525,0.0009915180,
1.1655,0.0125421016,
1.16575,0.0004908180,
1.166,0.0110825337,
1.16625,0.0138660287,
1.1665,-0.0030401165,
1.16675,-0.0025943173,
1.167,0.0135143492,
1.16725,0.0046029068,
1.1675,0.0044559385,
1.16775,0.0046265349,
1.168,0.0169089083,
1.16825,0.0054775253,
1.1685,0.0025087027,
1.16875,0.0170471780,
1.169,0.0212705117,
1.16925,0.0090173464,
1.1695,0.0074086711,
1.16975,0.0014536210,
1.17,0.0024326032,
1.17025,0.0021409851,
1.1705,-0.0073031574,
1.17075,0.0118754040,
1.171,0.0022419284,
1.17125,0.0018609324,
1.1715,-0.0093045402,
1.17175,-0.0020807339,
1.172,-0.0057965769,
1.17225,0.0055360012,
1.1725,0.0143680861,
1.17275,0.0142005086,
1.173,-0.0032183991,
1.17325,0.0194693990,
1.1735,0.0169058256,
1.17375,0.0017168395,
1.174,0.0083150100,
1.17425,0.0131527158,
1.1745,0.0106086694,
1.17475,0.0039989133,
1.175,0.0039330539,
1.17525,0.0075831180,
1.1755,0.0008270861,
1.17575,0.0092862938,
1.176,0.0199839883,
1.17625,-0.0050778384,
1.1765,0.0005667559,
1.17675,0.0042133341,
1.177,0.0141055780,
1.17725,0.0071163638,
1.1775,0.0015588708,
1.17775,0.0139257833,
1.178,0.0039390987,
1.17825,0.0000647418,
1.1785,0.0114203189,
1.17875,0.0143840304,
1.179,0.0159713048,
1.17925,0.0004919079,
1.1795,0.0003392513,
1.17975,0.0006864156,
1.18,-0.0130261006,
1.18025,-0.0060212119,
1.1805,0.0052785664,
1.18075,-0.0062249885,
1.181,-0.0106208473,
1.18125,-0.0239516050,
1.1815,-0.0066221314,
1.18175,-0.0206364691,
1.182,-0.0162542015,
1.18225,0.0054404866,
1.1825,0.0080102235,
1.18275,0.0035514648,
1.183,0.0063549913,
1.18325,0.0157550145,
1.1835,0.0070916722,
1.18375,-0.0060691028,
1.184,0.0055321557,
1.18425,0.0068435636,
1.1845,0.0005756632,
1.18475,-0.0034499774,
1.185,-0.0085400036,
1.18525,0.0041784151,
1.1855,-0.0080240369,
1.18575,-0.0006320713,
1.186,0.0006772415,
1.18625,0.0024742133,
1.1865,-0.0144608682,
1.18675,-0.0002387006,
1.187,0.0084821032,
1.18725,0.0024974355,
1.1875,-0.0051565333,
1.18775,0.0136886397,
1.188,0.0025822527,
1.18825,-0.0110759661,
1.1885,-0.0024779462,
1.18875,0.0227050930,
1.189,-0.0067499583,
1.18925,-0.0028109387,
1.1895,-0.0030844284,
1.18975,0.0002602600,
1.19,-0.0148677509,
1.19025,0.0010363581,
1.1905,0.0102169635,
1.19075,-0.0099024102,
1.191,-0.0103887552,
1.19125,-0.0134637682,
1.1915,-0.0259151217,
1.19175,-0.0264596548,
1.192,0.0006868693,
1.19225,0.0080172075,
1.1925,0.0039230785,
1.19275,-0.0014192436,
1.193,0.0089181606,
1.19325,0.0027376851,
1.1935,0.0020670544,
1.19375,0.0007665424,
1.194,0.0019360117,
1.19425,0.0009649760,
1.1945,0.0044225957,
1.19475,-0.0144242859,
1.195,0.0010350546,
1.19525,-0.0011333517,
1.1955,-0.0037410075,
1.19575,-0.0041119093,
1.196,0.0057072723,
1.19625,0.0007546465,
1.1965,-0.0037328359,
1.19675,0.0081428364,
1.197,0.0073828711,
1.19725,-0.0098704873,
1.1975,0.0052471464,
1.19775,0.0119535308,
1.198,-0.0027932469,
1.19825,-0.0059229280,
1.1985,0.0149994995,
1.19875,0.0134411622,
1.199,-0.0043882919,
1.19925,0.0088411979,
1.1995,0.0060731517,
1.19975,-0.0052040787,
1.2,0.0024570993,
1.20025,0.0072273910,
1.2005,-0.0088589834,
1.20075,-0.0198000222,
1.201,-0.0059204577,
1.20125,0.0044262009,
1.2015,-0.0253423098,
1.20175,-0.0072450694,
1.202,0.0169971865,
1.20225,0.0085894149,
1.2025,0.0062487186,
1.20275,0.0149455210,
1.203,0.0123036942,
1.20325,0.0151946219,
1.2035,-0.0094168587,
1.20375,0.0090315109,
1.204,0.0004796016,
1.20425,0.0077587869,
1.2045,-0.0089043947,
1.20475,-0.0003964653,
1.205,0.0118443184,
1.20525,-0.0034928769,
1.2055,0.0079403371,
1.20575,0.0020485972,
1.206,0.0057098311,
1.20625,-0.0065948293,
1.2065,0.0103840623,
1.20675,0.0134891262,
1.207,0.0115705235,
1.20725,0.0033825794,
1.2075,0.0169091262,
1.20775,0.0120036677,
1.208,0.0060003414,
1.20825,-0.0028150107,
1.2085,0.0108493315,
1.20875,0.0055313762,
1.209,0.0038835751,
1.20925,-0.0028909906,
1.2095,0.0050195609,
1.20975,0.0004864459,
1.21,0.0012414963,
1.21025,0.0057445909,
1.2105,0.0058453986,
1.21075,-0.0089245625,
1.211,-0.0187922567,
1.21125,-0.0201953538,
1.2115,-0.0163652617,
1.21175,-0.0021826082,
1.212,0.0138652138,
1.21225,0.0150773628,
1.2125,0.0026190302,
1.21275,0.0041938811,
1.213,0.0199181996,
1.21325,0.0004874857,
1.2135,-0.0039515570,
1.21375,0.0107807005,
1.214,0.0067568598,
1.21425,-0.0054173102,
1.2145,-0.0025955157,
1.21475,0.0080012009,
1.215,-0.0081667686,
1.21525,-0.0073437560,
1.2155,-0.0026810737,
1.21575,0.0079826470,
1.216,-0.0065589510,
1.21625,-0.0020751383,
1.2165,-0.0012241955,
1.21675,-0.0064043542,
1.217,0.0042032348,
1.21725,0.0012086516,
1.2175,0.0159459729,
1.21775,0.0031065200,
1.218,-0.0015192789,
1.21825,0.0090007000,
1.2185,0.0049040895,
1.21875,0.0034911206,
1.219,-0.0025751488,
1.21925,-0.0200329702,
1.2195,-0.0064789010,
1.21975,0.0004240074,
1.22,-0.0125838425,
1.22025,-0.0160708260,
1.2205,-0.0213626735,
1.22075,-0.0108916927,
1.221,-0.0039535556,
1.22125,-0.0184509382,
1.2215,-0.0079322588,
1.22175,0.0038826510,
1.222,0.0055469568,
1.22225,-0.0010482662,
1.2225,-0.0044837366,
1.22275,0.0002944393,
1.223,-0.0087095434,
1.22325,-0.0143129937,
1.2235,-0.0054262988,
1.22375,-0.0119052725,
1.224,0.0054680048,
1.22425,-0.0208687875,
1.2245,0.0006420581,
1.22475,-0.0003832788,
1.225,-0.0025409788,
1.22525,-0.0142745320,
1.2255,-0.0146758845,
1.22575,-0.0043745600,
1.226,-0.0099192513,
1.22625,-0.0089054517,
1.2265,0.0051324712,
1.22675,0.0072123786,
1.227,-0.0202114470,
1.22725,-0.0031197371,
1.2275,0.0063168565,
1.22775,-0.0155033134,
1.228,-0.0155116078,
1.22825,0.0027229227,
1.2285,-0.0013498054,
1.22875,-0.0216540881,
1.229,-0.0130570177,
1.22925,0.0043627266,
1.2295,-0.0166636705,
1.22975,-0.0143149439,
1.23,0.0005091905,
1.23025,-0.0210495275,
1.2305,-0.0265074223,
1.23075,-0.0269749574,
1.231,-0.0212842338,
1.23125,-0.0122174071,
1.2315,-0.0045216028,
1.23175,0.0095712319,
1.232,-0.0042320606,
1.23225,-0.0036728962,
1.2325,0.0095171230,
1.23275,0.0071314764,
1.233,0.0018595953,
1.23325,0.0007079556,
1.2335,-0.0053610438,
1.23375,0.0090794116,
1.234,-0.0072509334,
1.23425,-0.0100995312,
1.2345,-0.0164540336,
1.23475,-0.0067645963,
1.235,-0.0105310464,
1.23525,-0.0236826744,
1.2355,0.0062064445,
1.23575,-0.0015864843,
1.236,-0.0128649781,
1.23625,-0.0076705934,
1.2365,0.0100443363,
1.23675,0.0007418912,
1.237,-0.0034255304,
1.23725,0.0108057549,
1.2375,0.0066899839,
1.23775,-0.0086458996,
1.238,0.0095424559,
1.23825,0.0166533161,
1.2385,0.0007912383,
1.23875,-0.0141071426,
1.239,-0.0141211366,
1.23925,-0.0007098567,
1.2395,-0.0077085262,
1.23975,-0.0005624651,
1.24,-0.0092246030,
1.24025,-0.0080071948,
1.2405,-0.0067854207,
1.24075,-0.0027000834,
1.241,-0.0154456580,
1.24125,-0.0068661948,
1.2415,0.0096837003,
1.24175,0.0070433598,
1.242,0.0076667815,
1.24225,0.0005527171,
1.2425,0.0110343117,
1.24275,0.0058402596,
1.243,0.0082592620,
1.24325,-0.0077490513,
1.2435,0.0069144671,
1.24375,0.0073765782,
1.244,-0.0102635082,
1.24425,-0.0025492390,
1.2445,0.0073989974,
1.24475,0.0004501731,
1.245,-0.0199654493,
1.24525,-0.0030793315,
1.2455,0.0006900962,
1.24575,-0.0050046463,
1.246,-0.0043374924,
1.24625,0.0109939761,
1.2465,0.0097106108,
1.24675,-0.0050167535,
1.247,0.0007885100,
1.24725,0.0045598643,
1.2475,-0.0010160662,
1.24775,-0.0021537940,
1.248,0.0007380447,
1.24825,0.0053244950,
1.2485,-0.0018435644,
1.24875,-0.0054931878,
1.249,0.0023075603,
1.24925,-0.0011264994,
1.2495,-0.0062645548,
1.24975,-0.0024916127,
1.25,-0.0022023038,
1.25025,-0.0132409576,
1.2505,-0.0295393746,
1.25075,0.0004306876,
1.251,0.0056735100,
1.25125,-0.0062231091,
1.2515,-0.0009179834,
1.25175,0.0162825957,
1.252,-0.0002874679,
1.25225,0.0032760107,
1.2525,0.0061042160,
1.25275,0.0018776048,
1.253,-0.0120542711,
1.25325,-0.0055961609,
1.2535,0.0077711181,
1.25375,-0.0129113207,
1.254,-0.0212307926,
1.25425,-0.0047805794,
1.2545,0.0033063670,
1.25475,-0.0159474444,
1.255,-0.0077279955,
1.25525,0.0045443117,
1.2555,0.0029697411,
1.25575,-0.0077637769,
1.256,-0.0029676266,
1.25625,0.0040992652,
1.2565,0.0046129180,
1.25675,-0.0014981180,
1.257,0.0050250981,
1.25725,0.0103742648,
1.2575,0.0038339000,
1.25775,0.0058649103,
1.258,0.0174327772,
1.25825,0.0093966518,
1.2585,-0.0141292624,
1.25875,-0.0106620975,
1.259,0.0138001591,
1.25925,-0.0016096174,
1.2595,-0.0114909206,
1.25975,-0.0058991136,
1.26,0.0040947711,
1.26025,-0.0136364903,
1.2605,-0.0149430353,
1.26075,-0.0143400915,
1.261,0.0027213662,
1.26125,0.0057772473,
1.2615,0.0094729047,
1.26175,0.0014426165,
1.262,0.0046358132,
1.26225,0.0080281859,
1.2625,0.0100752572,
1.26275,0.0056818943,
1.263,-0.0154799698,
1.26325,0.0063084713,
1.2635,-0.0060908305,
1.26375,-0.0036665853,
1.264,-0.0093485517,
1.26425,0.0076013454,
1.2645,0.0020019410,
1.26475,-0.0065432345,
1.265,-0.0107870661,
1.26525,0.0099712256,
1.2655,0.0089102192,
1.26575,-0.0114658084,
1.266,0.0020312998,
1.26625,0.0176985692,
1.2665,-0.0036934745,
1.26675,-0.0144657753,
1.267,0.0189444534,
1.26725,0.0074581760,
1.2675,-0.0065455269,
1.26775,0.0204148144,
1.268,0.0197529458,
1.26825,-0.0085327951,
1.2685,-0.0103739332,
1.26875,0.0146572562,
1.269,0.0018275916,
1.26925,-0.0172650907,
1.2695,-0.0004802195,
1.26975,0.0005767525,
1.27,-0.0141798006,
1.27025,-0.0171417873,
1.2705,0.0055307471,
1.27075,-0.0036958978,
1.271,0.0024038511,
1.27125,0.0050999932,
1.2715,0.0100432942,
1.27175,-0.0032518501,
1.272,0.0051470352,
1.27225,0.0059434730,
1.2725,-0.0077662431,
1.27275,-0.0028822846,
1.273,-0.0045550712,
1.27325,-0.0064975028,
1.2735,-0.0003239136,
1.27375,-0.0131845269,
1.274,-0.0029075616,
1.27425,0.0105111217,
1.2745,-0.0008768181,
1.27475,-0.0017382222,
1.275,0.0049754428,
1.27525,0.0138477460,
1.2755,-0.0055865189,
1.27575,-0.0017436473,
1.276,0.0198830273,
1.27625,0.0118297050,
1.2765,-0.0086897481,
1.27675,0.0092728622,
1.277,0.0203326121,
1.27725,0.0058033969,
1.2775,-0.0030074366,
1.27775,0.0205199048,
1.278,0.0037509752,
1.27825,-0.0176154654,
1.2785,0.0045740330,
1.27875,0.0140591171,
1.279,-0.0154596241,
1.27925,-0.0041379835,
1.2795,0.0018148560,
1.27975,0.0026509962,
1.28,-0.0137785636,
1.28025,-0.0089200195,
1.2805,-0.0001121054,
1.28075,0.0008123951,
1.281,0.0064753112,
1.28125,0.0020852988,
1.2815,0.0139895640,
1.28175,0.0152759477,
1.282,0.0104536843,
1.28225,0.0153939463,
1.2825,0.0097335624,
1.28275,0.0006646561,
1.283,0.0090250839,
1.28325,0.0049553188,
1.2835,-0.0075896317,
1.28375,-0.0058355718,
1.284,0.0077992138,
1.28425,0.0041740057,
1.2845,0.0014978768,
1.28475,-0.0060712341,
1.285,0.0177775268,
1.28525,0.0081121381,
1.2855,0.0004606094,
1.28575,0.0137189105,
1.286,0.0222812388,
1.28625,0.0018820441,
1.2865,0.0053171441,
1.28675,0.0200426783,
1.287,0.0149089377,
1.28725,0.0101963431,
1.2875,0.0085742818,
1.28775,0.0144719901,
1.288,-0.0018886903,
1.28825,-0.0008828076,
1.2885,0.0141356383,
1.28875,0.0070620286,
1.289,-0.0014148264,
1.28925,-0.0012807969,
1.2895,0.0054889442,
1.28975,-0.0116392523,
1.29,-0.0183702316,
1.29025,0.0089790635,
1.2905,0.0055781798,
1.29075,0.0136784799,
1.291,0.0041884333,
1.29125,0.0236629099,
1.2915,0.0078702578,
1.29175,0.0006848926,
1.292,0.0081031974,
1.29225,0.0159505922,
1.2925,-0.0056595644,
1.29275,-0.0044908589,
1.293,0.0091000041,
1.29325,0.0120487716,
1.2935,-0.0080301221,
1.29375,0.0076199877,
1.294,0.0189875569,
1.29425,0.0059154993,
1.2945,-0.0038134560,
1.29475,0.0101684295,
1.295,0.0112383356,
1.29525,0.0011533146,
1.2955,0.0046235365,
1.29575,0.0241465159,
1.296,0.0103510879,
1.29625,0.0055289320,
1.2965,0.0109470217,
1.29675,0.0195152108,
1.297,0.0074958764,
1.29725,0.0038144493,
1.2975,0.0220822711,
1.29775,0.0078699114,
1.298,-0.0085594403,
1.29825,0.0082828617,
1.2985,0.0138771310,
1.29875,0.0036539880,
1.299,-0.0036820115,
1.29925,-0.0004699319,
1.2995,0.0025746340,
1.29975,-0.0048185806,
1.3,-0.0050990814,
1.30025,-0.0066759349,
1.3005,0.0065537910,
1.30075,-0.0115515282,
1.301,0.0053875716,
1.30125,0.0192226563,
1.3015,0.0068256701,
1.30175,0.0066951611,
1.302,0.0039754943,
1.30225,-0.0050403904,
1.3025,-0.0060415310,
1.30275,-0.0035282946,
1.303,-0.0028911415,
1.30325,-0.0176543407,
1.3035,-0.0036393763,
1.30375,0.0022753563,
1.304,-0.0013058288,
1.30425,0.0045940038,
1.3045,-0.0175342411,
1.30475,0.0056477613,
1.305,0.0187380686,
1.30525,0.0031379426,
1.3055,-0.0010119340,
1.30575,0.0210516341,
1.306,0.0016627922,
1.30625,-0.0073573021,
1.3065,0.0073650805,
1.30675,0.0203562733,
1.307,-0.0039964980,
1.30725,0.0021738929,
1.3075,0.0100370599,
1.30775,-0.0042401310,
1.308,-0.0053237728,
1.30825,0.0099620186,
1.3085,-0.0193574633,
1.30875,-0.0208591204,
1.309,-0.0170067362,
1.30925,-0.0032769735,
1.3095,-0.0361068025,
1.30975,-0.0203624442,
1.31,0.0008020357,
1.31025,0.0071686963,
1.3105,-0.0043357043,
1.31075,0.0080906097,
1.311,0.0059267487,
1.31125,-0.0131334979,
1.3115,0.0028977848,
1.31175,-0.0041429061,
1.312,-0.0036243654,
1.31225,-0.0089570722,
1.3125,-0.0000374591,
1.31275,0.0004738490,
1.313,0.0020278061,
1.31325,-0.0095928889,
1.3135,-0.0003679466,
1.31375,-0.0030338578,
1.314,0.0083887009,
1.31425,-0.0067401081,
1.3145,-0.0029396582,
1.31475,0.0179516114,
1.315,0.0080521116,
1.31525,-0.0039185891,
1.3155,0.0204327442,
1.31575,0.0130866598,
1.316,0.0040148259,
1.31625,-0.0016412605,
1.3165,0.0255243257,
1.31675,0.0021523184,
1.317,0.0032610362,
1.31725,0.0143441372,
1.3175,-0.0079722740,
1.31775,-0.0150636379,
1.318,0.0012841618,
1.31825,0.0085876789,
1.3185,0.0002221905,
1.31875,-0.0078626275,
1.319,0.0056570997,
1.31925,0.0004759305,
1.3195,-0.0086957952,
1.31975,-0.0068339985,
1.32,0.0008927673,
1.32025,0.0023753108,
1.3205,-0.0112320092,
1.32075,0.0127654904,
1.321,0.0134539045,
1.32125,0.0076536955,
1.3215,0.0003684355,
1.32175,0.0032117316,
1.322,-0.0064166798,
1.32225,0.0053180144,
1.3225,-0.0071378308,
1.32275,-0.0068646269,
1.323,-0.0040888456,
1.32325,0.0061330693,
1.3235,0.0039530913,
1.32375,0.0160017069,
1.324,0.0040793847,
1.32425,-0.0044402522,
1.3245,0.0064533879,
1.32475,0.0192511361,
1.325,0.0037959591,
1.32525,0.0049763331,
1.3255,0.0178850461,
1.32575,0.0094367880,
1.326,0.0041174777,
1.32625,0.0145455580,
1.3265,0.0184997078,
1.32675,0.0090559395,
1.327,0.0068535707,
1.32725,0.0028179963,
1.3275,-0.0035410349,
1.32775,0.0033000100,
1.328,-0.0101743406,
1.32825,-0.0100842509,
1.3285,-0.0080899913,
1.32875,-0.0056089452,
1.329,-0.0026178826,
1.32925,-0.0199049264,
1.3295,-0.0032356568,
1.32975,-0.0031761113,
1.33,0.0232443810,
1.33025,0.0042792242,
1.3305,0.0091570215,
1.33075,-0.0024333452,
1.331,0.0093461405,
1.33125,-0.0069448915,
1.3315,0.0030134243,
1.33175,0.0018656689,
1.332,0.0057471097,
1.33225,-0.0050733723,
1.3325,0.0106155351,
1.33275,0.0006773869,
1.333,-0.0190345794,
1.33325,0.0021247228,
1.3335,0.0101911072,
1.33375,0.0117175570,
1.334,-0.0118415132,
1.33425,-0.0051634591,
1.3345,0.0127938613,
1.33475,0.0003480949,
1.335,-0.0039551230,
1.33525,0.0062977411,
1.3355,0.0057861442,
1.33575,-0.0031306630,
1.336,-0.0005761096,
1.33625,0.0052509159,
1.3365,0.0001637882,
1.33675,0.0112029547,
1.337,-0.0077220341,
1.33725,-0.0263317209,
1.3375,-0.0057608811,
1.33775,-0.0049065975,
1.338,-0.0039055608,
1.33825,0.0047772047,
1.3385,-0.0150589468,
1.33875,-0.0046891738,
1.339,-0.0216391403,
1.33925,-0.0132681746,
1.3395,-0.0249192771,
1.33975,-0.0034111680,
1.34,-0.0063079018,
1.34025,-0.0050170575,
1.3405,-0.0055283071,
1.34075,-0.0068316651,
1.341,-0.0032028705,
1.34125,-0.0048071630,
1.3415,-0.0037460569,
1.34175,-0.0090738609,
1.342,-0.0091384463,
1.34225,-0.0206400994,
1.3425,-0.0164159350,
1.34275,-0.0108515574,
1.343,-0.0039707054,
1.34325,-0.0168986227,
1.3435,0.0031811486,
1.34375,-0.0139444964,
1.344,-0.0161203593,
1.34425,-0.0059935916,
1.3445,0.0040676640,
1.34475,-0.0014378764,
1.345,-0.0114986477,
1.34525,0.0055250796,
1.3455,0.0041317046,
1.34575,-0.0185394678,
1.346,-0.0074402667,
1.34625,0.0066555408,
1.3465,-0.0034151494,
1.34675,-0.0205658898,
1.347,-0.0172386076,
1.34725,-0.0129054449,
1.3475,-0.0153646162,
1.34775,-0.0240855571,
1.348,0.0039022134,
1.34825,-0.0214819144,
1.3485,-0.0124020511,
1.34875,-0.0232417490,
1.349,-0.0384286605,
1.34925,-0.0250622984,
1.3495,-0.0092537515,
1.34975,0.0072305514,
1.35,-0.0072260057,
1.35025,-0.0026046806,
1.3505,-0.0014810958,
1.35075,-0.0007284810,
1.351,-0.0034315288,
1.35125,0.0000644835,
1.3515,-0.0120466463,
1.35175,-0.0046789618,
1.352,-0.0030932298,
1.35225,-0.0104836086,
1.3525,-0.0243996996,
1.35275,-0.0070823608,
1.353,-0.0125323366,
1.35325,-0.0038101943,
1.3535,0.0054540648,
1.35375,-0.0082600778,
1.354,-0.0070483214,
1.35425,-0.0014087785,
1.3545,0.0020257337,
1.35475,-0.0073219226,
1.355,-0.0041607725,
1.35525,0.0149196368,
1.3555,-0.0083021335,
1.35575,-0.0100699142,
1.356,0.0062677590,
1.35625,0.0108129550,
1.3565,-0.0048255776,
1.35675,-0.0112213995,
1.357,-0.0018178142,
1.35725,-0.0072632628,
1.3575,-0.0120085496,
1.35775,0.0069180047,
1.358,-0.0105080195,
1.35825,-0.0166317839,
1.3585,-0.0144361556,
1.35875,-0.0195620172,
1.359,-0.0140304789,
1.35925,-0.0252646692,
1.3595,0.0027579200,
1.35975,-0.0020334469,
1.36,0.0094574140,
1.36025,0.0012431036,
1.3605,0.0055661201,
1.36075,0.0142225921,
1.361,0.0061325179,
1.36125,-0.0080487058,
1.3615,0.0117226457,
1.36175,0.0024895398,
1.362,0.0005122226,
1.36225,-0.0092783319,
1.3625,0.0098454161,
1.36275,-0.0023798847,
1.363,-0.0007668819,
1.36325,0.0105680041,
1.3635,0.0106164645,
1.36375,-0.0048132110,
1.364,0.0024080996,
1.36425,0.0164258014,
1.3645,0.0088530043,
1.36475,0.0070560453,
1.365,0.0126091335,
1.36525,0.0022493338,
1.3655,0.0043215426,
1.36575,0.0040584253,
1.366,0.0194038097,
1.36625,0.0165579207,
1.3665,-0.0059623010,
1.36675,-0.0029039602,
1.367,0.0026049907,
1.36725,0.0030544470,
1.3675,-0.0140186260,
1.36775,0.0083912723,
1.368,0.0040890779,
1.36825,-0.0047681439,
1.3685,-0.0227784272,
1.36875,-0.0042831860,
1.369,-0.0227524415,
1.36925,-0.0053237975,
1.3695,0.0134056164,
1.36975,0.0221295990,
1.37,0.0089781862,
1.37025,0.0117906388,
1.3705,0.0258031283,
1.37075,0.0123694632,
1.371,-0.0007948910,
1.37125,0.0081313001,
1.3715,0.0055594910,
1.37175,-0.0016682374,
1.372,-0.0145372245,
1.37225,-0.0101122437,
1.3725,0.0080816243,
1.37275,-0.0103386492,
1.373,0.0084673921,
1.37325,0.0043106158,
1.3735,0.0009273698,
1.37375,0.0018833075,
1.374,0.0053090844,
1.37425,0.0114987930,
1.3745,0.0028196278,
1.37475,0.0011643582,
1.375,0.0108581726,
1.37525,0.0037881916,
1.3755,0.0025202951,
1.37575,0.0094168223,
1.376,0.0139391692,
1.37625,-0.0008946416,
1.3765,-0.0005635808,
1.37675,-0.0035271822,
1.377,0.0050907601,
1.37725,-0.0069902362,
1.3775,0.0041564964,
1.37775,-0.0173736569,
1.378,-0.0181115679,
1.37825,-0.0151305841,
1.3785,-0.0046739131,
1.37875,-0.0082814330,
1.379,-0.0225361995,
1.37925,0.0027407648,
1.3795,0.0125782024,
1.37975,0.0069175889,
1.38,0.0010676740,
1.38025,0.0111124925,
1.3805,0.0130511224,
1.38075,-0.0037468174,
1.381,-0.0083332872,
1.38125,0.0022230595,
1.3815,-0.0032337357,
1.38175,-0.0070853950,
1.382,-0.0108272349,
1.38225,0.0120777711,
1.3825,-0.0053356960,
1.38275,0.0020541470,
1.383,-0.0135842608,
1.38325,0.0087325219,
1.3835,-0.0097752418,
1.38375,-0.0077459076,
1.384,0.0101528857,
1.38425,0.0099301450,
1.3845,-0.0019515853,
1.38475,-0.0022902144,
1.385,0.0130504165,
1.38525,0.0048635812,
1.3855,-0.0154725593,
1.38575,0.0148866782,
1.386,0.0016377524,
1.38625,-0.0136934910,
1.3865,-0.0066240868,
1.38675,0.0029545594,
1.387,0.0034776037,
1.38725,-0.0123161692,
1.3875,0.0156740025,
1.38775,0.0008896576,
1.388,-0.0169017054,
1.38825,-0.0131638646,
1.3885,-0.0172221679,
1.38875,-0.0365313217,
1.389,0.0029969290,
1.38925,-0.0008409290,
1.3895,0.0094892364,
1.38975,-0.0068987850,
1.39,0.0017242953,
1.39025,0.0173382573,
1.3905,0.0041407784,
1.39075,0.0002975976,
1.391,0.0027458204,
1.39125,-0.0014586601,
1.3915,0.0038606429,
1.39175,-0.0147283319,
1.392,-0.0124830492,
1.39225,0.0036592782,
1.3925,0.0000456955,
1.39275,-0.0169216264,
1.393,-0.0069559570,
1.39325,0.0152143706,
1.3935,-0.0062403139,
1.39375,0.0003054252,
1.394,0.0081959814,
1.39425,0.0089771859,
1.3945,-0.0068579386,
1.39475,0.0193171222,
1.395,0.0155129917,
1.39525,-0.0046748901,
1.3955,0.0071765068,
1.39575,0.0179604534,
1.396,-0.0006721258,
1.39625,-0.0038600629,
1.3965,0.0006707435,
1.39675,-0.0043807481,
1.397,-0.0140808327,
1.39725,0.0043595242,
1.3975,-0.0068134349,
1.39775,-0.0148924170,
1.398,-0.0102765355,
1.39825,0.0053639901,
1.3985,-0.0147374114,
1.39875,-0.0088969255,
1.399,0.0047503235,
1.39925,0.0141836219,
1.3995,0.0059957299,
1.39975,0.0056677661,
1.4,0.0176405832,
1.40025,0.0135323722,
1.4005,0.0081510330,
1.40075,0.0066300202,
1.401,0.0058659953,
1.40125,0.0133213717,
1.4015,-0.0059552626,
1.40175,-0.0061792657,
1.402,0.0136822257,
1.40225,0.0035385853,
1.4025,0.0011805785,
1.40275,-0.0116028693,
1.403,0.0138683412,
1.40325,0.0044421130,
1.4035,0.0048096995,
1.40375,0.0201626830,
1.404,0.0250799246,
1.40425,0.0066146995,
1.4045,0.0112812826,
1.40475,0.0152656268,
1.405,0.0093681812,
1.40525,0.0030527092,
1.4055,0.0052852132,
1.40575,0.0033853971,
1.406,0.0064045014,
1.40625,-0.0028598611,
1.4065,0.0155174835,
1.40675,0.0013413883,
1.407,0.0015815862,
1.40725,0.0094018187,
1.4075,-0.0043537775,
1.40775,-0.0268025547,
1.408,-0.0232769269,
1.40825,-0.0123532843,
1.4085,-0.0017589815,
1.40875,0.0046985564,
1.409,0.0025854460,
1.40925,0.0178912170,
1.4095,0.0069758198,
1.40975,0.0052761026,
1.41,0.0225164779,
1.41025,0.0223396346,
1.4105,0.0024465164,
1.41075,0.0001363510,
1.411,0.0204699766,
1.41125,0.0027159522,
1.4115,-0.0148310224,
1.41175,0.0077865841,
1.412,0.0004674835,
1.41225,-0.0014466648,
1.4125,-0.0157686733,
1.41275,0.0016207184,
1.413,0.0096079763,
1.41325,-0.0004485957,
1.4135,0.0071305265,
1.41375,0.0096133109,
1.414,0.0062557915,
1.41425,-0.0019189371,
1.4145,0.0117455414,
1.41475,0.0069370763,
1.415,-0.0015748041,
1.41525,-0.0017245419,
1.4155,0.0157944188,
1.41575,0.0021393583,
1.416,0.0010121962,
1.41625,-0.0202150289,
1.4165,-0.0139510389,
1.41675,-0.0001823190,
1.417,-0.0002050476,
1.41725,-0.0023168649,
1.4175,-0.0042529395,
1.41775,-0.0073967404,
1.418,-0.0019882082,
1.41825,-0.0188858788,
1.4185,-0.0092093786,
1.41875,-0.0062727653,
1.419,0.0033551920,
1.41925,0.0080574797,
1.4195,-0.0008875585,
1.41975,0.0167436376,
1.42,0.0144196255,
1.42025,0.0059820600,
1.4205,-0.0020773301,
1.42075,-0.0001714738,
1.421,0.0150196515,
1.42125,-0.0124157229,
1.4215,-0.0049570119,
1.42175,-0.0042011864,
1.422,0.0024932385,
1.42225,-0.0124837141,
1.4225,-0.0162745938,
1.42275,-0.0052198903,
1.423,-0.0005509323,
1.42325,-0.0011336771,
1.4235,-0.0044809580,
1.42375,0.0131619554,
1.424,-0.0002978582,
1.42425,-0.0078105368,
1.4245,0.0010486158,
1.42475,0.0058520027,
1.425,-0.0092503363,
1.42525,-0.0108622238,
1.4255,0.0130514326,
1.42575,-0.0097730551,
1.426,-0.0152107272,
1.42625,0.0089765349,
1.4265,-0.0086451080,
1.42675,-0.0173740648,
1.427,-0.0057978285,
1.42725,-0.0156014562,
1.4275,-0.0340467989,
1.42775,-0.0257583112,
1.428,-0.0110238008,
1.42825,-0.0009554242,
1.4285,-0.0085081607,
1.42875,0.0035640819,
1.429,0.0083124638,
1.42925,-0.0028361089,
1.4295,0.0141341817,
1.42975,0.0125312610,
1.43,0.0076487698,
1.43025,0.0025472166,
1.4305,-0.0000080509,
1.43075,0.0041292585,
1.431,-0.0018522855,
1.43125,-0.0114954682,
1.4315,-0.0128393713,
1.43175,-0.0015565762,
1.432,0.0029416271,
1.43225,-0.0190747306,
1.4325,-0.0069838669,
1.43275,0.0169999413,
1.433,-0.0050414796,
1.43325,-0.0114331059,
1.4335,0.0125729386,
1.43375,0.0169606991,
1.434,-0.0079885907,
1.43425,0.0001855197,
1.4345,0.0201962516,
1.43475,-0.0004264377,
1.435,-0.0074362550,
1.43525,0.0155615341,
1.4355,0.0034836675,
1.43575,-0.0144217759,
1.436,-0.0102898926,
1.43625,0.0006357536,
1.4365,0.0009016079,
1.43675,-0.0053622485,
1.437,0.0033402797,
1.43725,0.0022617958,
1.4375,0.0012458516,
1.43775,-0.0036237240,
1.438,-0.0087120896,
1.43825,-0.0051877834,
1.4385,-0.0036960349,
1.43875,0.0071130828,
1.439,0.0060197255,
1.43925,0.0048668557,
1.4395,0.0128616001,
1.43975,0.0074792746,
1.44,0.0147412065,
1.44025,0.0004225836,
1.4405,0.0047698892,
1.44075,0.0107242763,
1.441,-0.0012281074,
1.44125,0.0021284537,
1.4415,0.0066629220,
1.44175,0.0078680236,
1.442,-0.0091865258,
1.44225,-0.0064888746,
1.4425,0.0048040869,
1.44275,0.0146593293,
1.443,-0.0035799888,
1.44325,-0.0015774625,
1.4435,0.0163028203,
1.44375,0.0078570880,
1.444,-0.0103890095,
1.44425,0.0125156613,
1.4445,0.0140024824,
1.44475,0.0021251021,
1.445,0.0015203079,
1.44525,0.0155933239,
1.4455,0.0052481429,
1.44575,-0.0034633433,
1.446,0.0016925932,
1.44625,0.0026938610,
1.4465,-0.0053257868,
1.44675,-0.0068610045,
1.447,-0.0034980287,
1.44725,-0.0005941063,
1.4475,-0.0220797230,
1.44775,-0.0069587845,
1.448,0.0092397174,
1.44825,-0.0024309973,
1.4485,-0.0033497633,
1.44875,0.0092834514,
1.449,0.0115176057,
1.44925,0.0032018633,
1.4495,0.0052873003,
1.44975,0.0156553257,
1.45,0.0006771083,
1.45025,0.0010212135,
1.4505,0.0051410971,
1.45075,-0.0013611449,
1.451,-0.0156560726,
1.45125,-0.0107673006,
1.4515,0.0083316192,
1.45175,-0.0173817184,
1.452,-0.0152060464,
1.45225,-0.0017667999,
1.4525,0.0112218913,
1.45275,-0.0013163395,
1.453,-0.0042896550,
1.45325,0.0122693926,
1.4535,0.0062385192,
1.45375,-0.0026699889,
1.454,0.0058390591,
1.45425,0.0117390696,
1.4545,0.0050184084,
1.45475,-0.0030093752,
1.455,0.0048189433,
1.45525,-0.0001426207,
1.4555,-0.0163535140,
1.45575,-0.0208233092,
1.456,0.0092104068,
1.45625,0.0051743160,
1.4565,-0.0135511486,
1.45675,-0.0068537313,
1.457,0.0003425067,
1.45725,-0.0087678023,
1.4575,-0.0216916110,
1.45775,-0.0085771782,
1.458,0.0028437246,
1.45825,-0.0057737185,
1.4585,0.0004467532,
1.45875,-0.0003468121,
1.459,0.0050460803,
1.45925,0.0060414411,
1.4595,0.0031435206,
1.45975,0.0134769157,
1.46,-0.0073926728,
1.46025,0.0006792351,
1.4605,-0.0010954756,
1.46075,-0.0035934919,
1.461,-0.0065989830,
1.46125,-0.0007032684,
1.4615,-0.0037817040,
1.46175,-0.0111330748,
1.462,-0.0120996917,
1.46225,-0.0021554439,
1.4625,0.0121420762,
1.46275,-0.0103890393,
1.463,-0.0009672407,
1.46325,0.0049463343,
1.4635,0.0148436073,
1.46375,-0.0133816451,
1.464,-0.0027523481,
1.46425,0.0152304219,
1.4645,-0.0059538912,
1.46475,-0.0099222604,
1.465,0.0114769340,
1.46525,0.0037201345,
1.4655,-0.0071300059,
1.46575,-0.0060253507,
1.466,0.0103049772,
1.46625,-0.0137440413,
1.4665,-0.0022457561,
1.46675,-0.0012213376,
1.467,-0.0087338071,
1.46725,-0.0259757899,
1.4675,0.0019781999,
1.46775,0.0003181776,
1.468,-0.0024029852,
1.46825,0.0034194165,
1.4685,0.0073090666,
1.46875,0.0075809099,
1.469,-0.0014270351,
1.46925,0.0093682902,
1.4695,0.0020529940,
1.46975,0.0042786095,
1.47,0.0062319310,
1.47025,-0.0025842856,
1.4705,0.0016809972,
1.47075,0.0055514504,
1.471,-0.0032041396,
1.47125,0.0031950118,
1.4715,0.0062084594,
1.47175,-0.0068462770,
1.472,-0.0013789412,
1.47225,0.0134831211,
1.4725,0.0143515375,
1.47275,-0.0059521995,
1.473,0.0105966823,
1.47325,0.0260790139,
1.4735,-0.0040636365,
1.47375,0.0043052454,
1.474,0.0215830076,
1.47425,0.0158239678,
1.4745,-0.0049519902,
1.47475,0.0077576460,
1.475,0.0139394030,
1.47525,-0.0109202042,
1.4755,-0.0124550909,
1.47575,0.0254841056,
1.476,-0.0014249294,
1.47625,-0.0039041992,
1.4765,-0.0011936226,
1.47675,-0.0069570709,
1.477,-0.0082546175,
1.47725,-0.0167264808,
1.4775,0.0089829732,
1.47775,0.0149903866,
1.478,0.0016614214,
1.47825,0.0065223030,
1.4785,0.0186768472,
1.47875,0.0156536810,
1.479,0.0028475085,
1.47925,0.0060376716,
1.4795,0.0066772196,
1.47975,-0.0011374888,
1.48,0.0061245998,
1.48025,-0.0022444981,
1.4805,0.0057654958,
1.48075,-0.0013083029,
1.481,0.0048766080,
1.48125,0.0105216680,
1.4815,0.0032269650,
1.48175,-0.0068022665,
1.482,0.0097005852,
1.48225,0.0116208289,
1.4825,0.0080721183,
1.48275,0.0080236634,
1.483,0.0140169123,
1.48325,0.0063916105,
1.4835,0.0003614512,
1.48375,0.0067715398,
1.484,0.0191780329,
1.48425,0.0126168299,
1.4845,0.0038850447,
1.48475,0.0126606598,
1.485,0.0042173667,
1.48525,0.0066529633,
1.4855,0.0082371002,
1.48575,0.0064067915,
1.486,0.0033551154,
1.48625,-0.0044506192,
1.4865,-0.0047850055,
1.48675,-0.0024489986,
1.487,-0.0119967302,
1.48725,-0.0047348901,
1.4875,0.0091242306,
1.48775,0.0173247643,
1.488,-0.0010971845,
1.48825,0.0107434681,
1.4885,-0.0040263189,
1.48875,0.0047624628,
1.489,-0.0110422438,
1.48925,0.0107941180,
1.4895,0.0081474762,
1.48975,0.0025470871,
1.49,-0.0004240439,
1.49025,0.0181872658,
1.4905,-0.0031036127,
1.49075,-0.0033234470,
1.491,0.0067722793,
1.49125,0.0067088315,
1.4915,-0.0074435361,
1.49175,-0.0059344182,
1.492,0.0153768472,
1.49225,0.0041949055,
1.4925,0.0022815794,
1.49275,0.0154511034,
1.493,0.0122249573,
1.49325,0.0115078790,
1.4935,0.0071196994,
1.49375,0.0167946815,
1.494,0.0095732352,
1.49425,0.0000496508,
1.4945,0.0137391053,
1.49475,-0.0077018659,
1.495,-0.0152922925,
1.49525,0.0000530059,
1.4955,0.0054896688,
1.49575,0.0058662109,
1.496,-0.0058920709,
1.49625,-0.0119993174,
1.4965,-0.0000018878,
1.49675,-0.0070371935,
1.497,-0.0140677262,
1.49725,0.0001898413,
1.4975,0.0097551923,
1.49775,-0.0038001186,
1.498,-0.0021653506,
1.49825,0.0088752117,
1.4985,0.0099187847,
1.49875,-0.0076356716,
1.499,0.0055486844,
1.49925,-0.0006290099,
1.4995,0.0041200910,
1.49975,-0.0063312585,
1.5,-0.0129212365,
1.50025,0.0018933170,
1.5005,-0.0056147883,
1.50075,0.0016416459,
1.501,-0.0086010657,
1.50125,-0.0017437864,
1.5015,-0.0085134469,
1.50175,-0.0067165592,
1.502,0.0111380210,
1.50225,0.0129384091,
1.5025,-0.0010507189,
1.50275,0.0144811124,
1.503,0.0158326905,
1.50325,0.0013370558,
1.5035,-0.0042005023,
1.50375,0.0161351711,
1.504,0.0065112212,
1.50425,-0.0099929841,
1.5045,-0.0068112551,
1.50475,-0.0002659933,
1.505,-0.0086085107,
1.50525,0.0000757415,
1.5055,-0.0014685589,
1.50575,-0.0046953256,
1.506,-0.0110127451,
1.50625,0.0036606821,
1.5065,-0.0138706071,
1.50675,-0.0214690994,
1.507,-0.0044314703,
1.50725,0.0146988882,
1.5075,0.0017602363,
1.50775,-0.0030340557,
1.508,0.0012560887,
1.50825,-0.0140921250,
1.5085,0.0019892417,
1.50875,-0.0078046704,
1.509,0.0020618117,
1.50925,-0.0000254440,
1.5095,0.0074315667,
1.50975,-0.0004634450,
1.51,0.0018559875,
1.51025,-0.0071127517,
1.5105,-0.0057037151,
1.51075,-0.0129219107,
1.511,0.0020051606,
1.51125,0.0038656341,
1.5115,-0.0189385507,
1.51175,0.0088820970,
1.512,0.0094789220,
1.51225,0.0013622723,
1.5125,-0.0019915132,
1.51275,0.0133528952,
1.513,0.0071203671,
1.51325,-0.0141402055,
1.5135,0.0124388970,
1.51375,0.0087639326,
1.514,-0.0031994949,
1.51425,0.0025458760,
1.5145,-0.0129746981,
1.51475,-0.0099939778,
1.515,0.0003652161,
1.51525,0.0044169147,
1.5155,0.0110558067,
1.51575,-0.0116708539,
1.516,0.0028378062,
1.51625,0.0007712429,
1.5165,-0.0121132703,
1.51675,-0.0124713676,
1.517,0.0066359024,
1.51725,0.0042902343,
1.5175,0.0000663977,
1.51775,0.0042536501,
1.518,0.0020314553,
1.51825,0.0023892876,
1.5185,-0.0070299264,
1.51875,0.0114685018,
1.519,-0.0061575836,
1.51925,0.0117247012,
1.5195,-0.0060376176,
1.51975,-0.0121235866,
1.52,0.0057334322,
1.52025,-0.0029711528,
1.5205,-0.0097578205,
1.52075,0.0035353864,
1.521,-0.0012326806,
1.52125,-0.0072737476,
1.5215,0.0017002032,
1.52175,0.0090446901,
1.522,0.0151768373,
1.52225,-0.0017286278,
1.5225,0.0129898377,
1.52275,0.0149157792,
1.523,-0.0007923265,
1.52325,0.0010719942,
1.5235,0.0063889204,
1.52375,0.0074420609,
1.524,-0.0016220661,
1.52425,-0.0107211526,
1.5245,-0.0079047233,
1.52475,-0.0021730165,
1.525,-0.0073191174,
1.52525,0.0028647194,
1.5255,0.0068711718,
1.52575,0.0058145951,
1.526,-0.0110586351,
1.52625,-0.0245445371,
1.5265,0.0043291776,
1.52675,-0.0076826387,
1.527,0.0110242376,
1.52725,0.0107538644,
1.5275,0.0077699488,
1.52775,-0.0055142511,
1.528,0.0143595263,
1.52825,0.0050488980,
1.5285,-0.0074103936,
1.52875,-0.0044379393,
1.529,0.0084793977,
1.52925,-0.0020421860,
1.5295,-0.0055682128,
1.52975,-0.0049493983,
1.53,-0.0151175456,
1.53025,-0.0100737885,
1.5305,-0.0109302551,
1.53075,0.0085466718,
1.531,-0.0064466270,
1.53125,-0.0082763294,
1.5315,0.0069432170,
1.53175,-0.0021208962,
1.532,0.0029859657,
1.53225,0.0053009549,
1.5325,0.0073517482,
1.53275,0.0048965747,
1.533,-0.0032246560,
1.53325,0.0023863246,
1.5335,0.0051705176,
1.53375,0.0064478153,
1.534,-0.0117884818,
1.53425,-0.0258798152,
1.5345,-0.0046304711,
1.53475,0.0036845794,
1.535,-0.0032941932,
1.53525,-0.0042615044,
1.5355,-0.0038098844,
1.53575,-0.0121833803,
1.536,-0.0241013207,
1.53625,-0.0065763900,
1.5365,-0.0165003017,
1.53675,-0.0158364736,
1.537,0.0016645438,
1.53725,-0.0002466577,
1.5375,-0.0140743563,
1.53775,-0.0060050650,
1.538,-0.0045711519,
1.53825,-0.0004179138,
1.5385,-0.0143686142,
1.53875,-0.0098758563,
1.539,-0.0002105420,
1.53925,-0.0166218933,
1.5395,-0.0150692109,
1.53975,-0.0081025809,
1.54,-0.0095874919,
1.54025,-0.0254648011,
1.5405,-0.0061482619,
1.54075,-0.0151663553,
1.541,-0.0061444081,
1.54125,-0.0209746510,
1.5415,-0.0048424299,
1.54175,0.0110349506,
1.542,-0.0101623107,
1.54225,-0.0102332989,
1.5425,0.0032316186,
1.54275,-0.0055815838,
1.543,-0.0164886471,
1.54325,-0.0003509083,
1.5435,0.0074576838,
1.54375,-0.0191482641,
1.544,-0.0230467878,
1.54425,-0.0086080460,
1.5445,-0.0084445775,
1.54475,-0.0278307945,
1.545,-0.0014957213,
1.54525,0.0040576137,
1.5455,-0.0111357039,
1.54575,-0.0295312908,
1.546,-0.0099411001,
1.54625,-0.0128604984,
1.5465,-0.0140875261,
1.54675,0.0036683211,
1.547,-0.0010563968,
1.54725,-0.0087023079,
1.5475,-0.0032193507,
1.54775,0.0043600458,
1.548,-0.0125236074,
1.54825,-0.0044768858,
1.5485,-0.0116853490,
1.54875,-0.0037084322,
1.549,-0.0111560887,
1.54925,-0.0057858918,
1.5495,-0.0309224278,
1.54975,0.0007534053,
1.55,-0.0072811707,
1.55025,-0.0179239325,
1.5505,-0.0048229280,
1.55075,0.0018985870,
1.551,-0.0117556043,
1.55125,-0.0147203440,
1.5515,0.0005708098,
1.55175,0.0100837424,
1.552,-0.0131543241,
1.55225,0.0014991153,
1.5525,0.0103454059,
1.55275,-0.0041101668,
1.553,0.0012330685,
1.55325,0.0167283155,
1.5535,-0.0000185827,
1.55375,-0.0172741041,
1.554,-0.0117496736,
1.55425,0.0135458708,
1.5545,-0.0110873077,
1.55475,-0.0093489569,
1.555,0.0040370873,
1.55525,-0.0210184790,
1.5555,-0.0084948437,
1.55575,-0.0103907799,
1.556,-0.0065126587,
1.55625,-0.0182733368,
1.5565,0.0044714995,
1.55675,0.0029035718,
1.557,0.0056450530,
1.55725,-0.0023794549,
1.5575,0.0114321383,
1.55775,0.0080664754,
1.558,0.0185221825,
1.55825,-0.0118589401,
1.5585,0.0027993331,
1.55875,0.0018856424,
1.559,-0.0063377554,
1.55925,-0.0106722321,
1.5595,0.0032035143,
1.55975,-0.0053085089,
1.56,-0.0090994965,
1.56025,-0.0108381398,
1.5605,0.0003229504,
1.56075,0.0038007044,
1.561,-0.0060930429,
1.56125,0.0156905949,
1.5615,0.0149034066,
1.56175,0.0118255420,
1.562,0.0013666843,
1.56225,0.0055603944,
1.5625,0.0123541970,
1.56275,0.0005682046,
1.563,0.0026637735,
1.56325,0.0133626834,
1.5635,-0.0090159038,
1.56375,-0.0094207926,
1.564,0.0053405301,
1.56425,0.0080021601,
1.5645,-0.0097454600,
1.56475,0.0034745096,
1.565,0.0063079298,
1.56525,0.0112437215,
1.5655,-0.0236137416,
1.56575,-0.0020304930,
1.566,-0.0049553849,
1.56625,0.0004802820,
1.5665,0.0012212299,
1.56675,0.0103336843,
1.567,0.0120423092,
1.56725,-0.0073829526,
1.5675,0.0080584912,
1.56775,0.0124736605,
1.568,-0.0022539073,
1.56825,-0.0050917743,
1.5685,0.0052900854,
1.56875,0.0003036277,
1.569,-0.0121334624,
1.56925,-0.0158400238,
1.5695,0.0143996514,
1.56975,-0.0042201234,
1.57,-0.0046118479,
1.57025,-0.0036871189,
1.5705,0.0112960786,
1.57075,-0.0091277882,
1.571,0.0081944615,
1.57125,0.0131858988,
1.5715,0.0165056642,
1.57175,-0.0011599890,
1.572,0.0080833873,
1.57225,0.0129255001,
1.5725,0.0109205842,
1.57275,0.0043503810,
1.573,0.0174264479,
1.57325,0.0107594542,
1.5735,-0.0049230410,
1.57375,-0.0082943840,
1.574,0.0118457852,
1.57425,-0.0120752947,
1.5745,-0.0059694494,
1.57475,-0.0128208976,
1.575,-0.0029615264,
1.57525,-0.0096025020,
1.5755,-0.0129809314,
1.57575,-0.0059975954,
1.576,-0.0066957548,
1.57625,0.0010287774,
1.5765,-0.0036020766,
1.57675,0.0133784870,
1.577,0.0072603896,
1.57725,0.0061949040,
1.5775,0.0175254028,
1.57775,0.0105994325,
1.578,-0.0068272501,
1.57825,0.0003777690,
1.5785,0.0118070543,
1.57875,-0.0100020953,
1.579,-0.0120327622,
1.57925,0.0057166307,
1.5795,-0.0031157844,
1.57975,0.0063039791,
1.58,-0.0168890953,
1.58025,0.0037366669,
1.5805,0.0044938247,
1.58075,-0.0012428646,
1.581,0.0116735129,
1.58125,0.0157418959,
1.5815,0.0147621818,
1.58175,-0.0087209502,
1.582,0.0108856689,
1.58225,0.0165148489,
1.5825,-0.0026195252,
1.58275,-0.0009786915,
1.583,0.0135528632,
1.58325,-0.0109092714,
1.5835,-0.0181366466,
1.58375,0.0096867038,
1.584,0.0045785457,
1.58425,-0.0162708722,
1.5845,-0.0037041674,
1.58475,0.0008942798,
1.585,-0.0182818938,
1.58525,-0.0353342704,
1.5855,0.0009332676,
1.58575,-0.0068609947,
1.586,0.0010116078,
1.58625,0.0048418264,
1.5865,0.0087495409,
1.58675,0.0008855400,
1.587,0.0019561877,
1.58725,0.0066953669,
1.5875,0.0083607500,
1.58775,-0.0011847134,
1.588,-0.0047144690,
1.58825,0.0046092393,
1.5885,0.0076633417,
1.58875,-0.0056617251,
1.589,-0.0124504846,
1.58925,0.0056455815,
1.5895,0.0012038460,
1.58975,-0.0037944950,
1.59,-0.0132932048,
1.59025,0.0143655939,
1.5905,0.0016504835,
1.59075,-0.0049177348,
1.591,0.0097316280,
1.59125,0.0225485861,
1.5915,-0.0028199411,
1.59175,0.0036727798,
1.592,0.0212438405,
1.59225,0.0078061693,
1.5925,-0.0097019561,
1.59275,0.0155249657,
1.593,0.0138919884,
1.59325,-0.0134336762,
1.5935,-0.0035759013,
1.59375,0.0023673163,
1.594,-0.0202100165,
1.59425,-0.0099918423,
1.5945,-0.0014457067,
1.59475,0.0107598454,
1.595,-0.0180264711,
1.59525,0.0027946411,
1.5955,-0.0029426513,
1.59575,-0.0007218698,
1.596,-0.0021003417,
1.59625,-0.0014408829,
1.5965,0.0213369802,
1.59675,0.0066350936,
1.597,0.0145927966,
1.59725,0.0190787427,
1.5975,0.0068667997,
1.59775,0.0054574944,
1.598,0.0073895580,
1.59825,0.0100506321,
1.5985,-0.0014574458,
1.59875,-0.0022102119,
1.599,0.0143653136,
1.59925,0.0088811740,
1.5995,0.0086995503,
1.59975,-0.0110842101,
1.6,0.0056389961,
1.60025,0.0085623143,
1.6005,0.0078245085,
1.60075,0.0072616176,
1.601,0.0226316862,
1.60125,0.0082579264,
1.6015,0.0052580917,
1.60175,0.0143162385,
1.602,0.0217905361,
1.60225,0.0088551436,
1.6025,0.0026705184,
1.60275,0.0123395473,
1.603,0.0021711038,
1.60325,-0.0031529884,
1.6035,0.0082302885,
1.60375,-0.0015447503,
1.604,-0.0103291776,
1.60425,-0.0020228534,
1.6045,-0.0071061188,
1.60475,-0.0140906833,
1.605,-0.0162666626,
1.60525,0.0056613698,
1.6055,0.0124483593,
1.60575,0.0171795879,
1.606,0.0030835224,
1.60625,0.0170867834,
1.6065,0.0121791614,
1.60675,0.0087124147,
1.607,0.0108917076,
1.60725,0.0184026621,
1.6075,0.0105876904,
1.60775,-0.0041203047,
1.608,0.0156066585,
1.60825,0.0225999597,
1.6085,-0.0066079148,
1.60875,0.0008454288,
1.609,0.0136573911,
1.60925,0.0098978896,
1.6095,-0.0104190735,
1.60975,-0.0045319921,
1.61,0.0116836010,
1.61025,0.0053836750,
1.6105,-0.0010705718,
1.61075,0.0155386701,
1.611,0.0141426316,
1.61125,0.0024708814,
1.6115,0.0115479846,
1.61175,0.0103903553,
1.612,0.0099274619,
1.61225,0.0003355808,
1.6125,0.0150720216,
1.61275,0.0114064515,
1.613,-0.0060239783,
1.61325,-0.0042546345,
1.6135,-0.0033290160,
1.61375,0.0027909144,
1.614,-0.0000902538,
1.61425,-0.0032560248,
1.6145,0.0048641507,
1.61475,0.0056092981,
1.615,-0.0079032071,
1.61525,-0.0101769725,
1.6155,0.0049531600,
1.61575,-0.0169450864,
1.616,0.0022401612,
1.61625,0.0108453808,
1.6165,0.0093610026,
1.61675,-0.0011800553,
1.617,0.0099507403,
1.61725,0.0014853016,
1.6175,-0.0029930493,
1.61775,-0.0049958755,
1.618,0.0016613256,
1.61825,-0.0152596543,
1.6185,-0.0021542497,
1.61875,-0.0027196922,
1.619,0.0016735623,
1.61925,-0.0012485068,
1.6195,-0.0199567601,
1.61975,-0.0041827229,
1.62,0.0072145048,
1.62025,0.0079901367,
1.6205,-0.0092324028,
1.62075,0.0116587412,
1.621,0.0163948294,
1.62125,-0.0070147426,
1.6215,-0.0005748081,
1.62175,0.0161190238,
1.622,-0.0010397624,
1.62225,-0.0093549397,
1.6225,-0.0008767982,
1.62275,-0.0021459656,
1.623,-0.0167959407,
1.62325,-0.0105121620,
1.6235,-0.0104827322,
1.62375,-0.0222568549,
1.624,-0.0224782191,
1.62425,0.0016728675,
1.6245,-0.0200180132,
1.62475,-0.0189285874,
1.625,-0.0113501735,
1.62525,0.0102033317,
1.6255,-0.0067746704,
1.62575,-0.0083205216,
1.626,0.0029909406,
1.62625,-0.0087434007,
1.6265,-0.0043729516,
1.62675,0.0021078316,
1.627,-0.0023000853,
1.62725,-0.0041922210,
1.6275,-0.0022556044,
1.62775,-0.0009361712,
1.628,-0.0045814198,
1.62825,-0.0185535159,
1.6285,-0.0084388992,
1.62875,-0.0057668528,
1.629,0.0028496436,
1.62925,-0.0105893761,
1.6295,-0.0194589533,
1.62975,0.0060704858,
1.63,0.0092104971,
1.63025,-0.0145374835,
1.6305,0.0003615254,
1.63075,0.0105630932,
1.631,0.0016101382,
1.63125,-0.0130002154,
1.6315,0.0129132057,
1.63175,0.0095078759,
1.632,-0.0016378073,
1.63225,0.0038395096,
1.6325,-0.0010006435,
1.63275,-0.0136761013,
1.633,-0.0140668638,
1.63325,-0.0013419786,
1.6335,0.0056307288,
1.63375,-0.0129741291,
1.634,-0.0022546349,
1.63425,-0.0122705018,
1.6345,-0.0187670365,
1.63475,-0.0283126868,
1.635,-0.0083953217,
1.63525,-0.0016591027,
1.6355,-0.0153915156,
1.63575,0.0098405592,
1.636,-0.0004867091,
1.63625,0.0102170287,
1.6365,0.0047791922,
1.63675,0.0044600824,
1.637,0.0081653744,
1.63725,0.0052575190,
1.6375,-0.0037228807,
1.63775,-0.0048033819,
1.638,-0.0062450203,
1.63825,0.0048434483,
1.6385,-0.0065821614,
1.63875,0.0080432231,
1.639,0.0007561278,
1.63925,-0.0062433262,
1.6395,-0.0018152092,
1.63975,0.0167107321,
1.64,0.0089795059,
1.64025,0.0033538584,
1.6405,0.0131158084,
1.64075,0.0236787368,
1.641,0.0024596010,
1.64125,0.0085956845,
1.6415,0.0177751184,
1.64175,0.0140476841,
1.642,-0.0004674479,
1.64225,-0.0009742060,
1.6425,-0.0010687587,
1.64275,0.0062975432,
1.643,-0.0092470385,
1.64325,-0.0047724661,
1.6435,-0.0001206253,
1.64375,-0.0044337790,
1.644,-0.0001153844,
1.64425,-0.0100263916,
1.6445,-0.0052395486,
1.64475,-0.0098807644,
1.645,0.0107554644,
1.64525,0.0083507095,
1.6455,0.0035918585,
1.64575,0.0005113544,
1.646,0.0122314403,
1.64625,0.0060464209,
1.6465,0.0047204643,
1.64675,0.0041401437,
1.647,0.0129109425,
1.64725,0.0012353449,
1.6475,0.0006223422,
1.64775,0.0079217898,
1.648,-0.0046247905,
1.64825,-0.0067343027,
1.6485,0.0145781878,
1.64875,0.0104088569,
1.649,-0.0093664713,
1.64925,-0.0022214260,
1.6495,0.0087394025,
1.64975,0.0055260882,
1.65,-0.0023409277,
1.65025,0.0082949046,
1.6505,0.0102648046,
1.65075,0.0029338684,
1.651,-0.0003534025,
1.65125,0.0097493846,
1.6515,0.0085984096,
1.65175,0.0101682097,
1.652,-0.0054431790,
1.65225,-0.0125128254,
1.6525,-0.0085219890,
1.65275,-0.0207940377,
1.653,-0.0027716835,
1.65325,0.0051095029,
1.6535,-0.0072624832,
1.65375,-0.0127965081,
1.654,-0.0212772489,
1.65425,-0.0145392362,
1.6545,-0.0247099474,
1.65475,-0.0142044444,
1.655,-0.0001317437,
1.65525,-0.0003719152,
1.6555,-0.0077124210,
1.65575,0.0000794239,
1.656,0.0071906974,
1.65625,-0.0034626117,
1.6565,-0.0081688911,
1.65675,0.0082752593,
1.657,-0.0015393363,
1.65725,0.0010700147,
1.6575,-0.0080771381,
1.65775,-0.0008670893,
1.658,0.0006121413,
1.65825,-0.0109142950,
1.6585,-0.0002569836,
1.65875,-0.0060580429,
1.659,-0.0128001152,
1.65925,-0.0139818974,
1.6595,0.0040737358,
1.65975,0.0067075039,
1.66,0.0025922642,
1.66025,0.0022909625,
1.6605,0.0129083823,
1.66075,-0.0006628418,
1.661,-0.0115154088,
1.66125,0.0073891124,
1.6615,0.0152174253,
1.66175,-0.0169796012,
1.662,-0.0036210301,
1.66225,-0.0108997570,
1.6625,-0.0051995041,
1.66275,-0.0278810058,
1.663,0.0088251187,
1.66325,-0.0020558634,
1.6635,-0.0088231247,
1.66375,-0.0195412785,
1.664,-0.0158894397,
1.66425,-0.0287821740,
1.6645,-0.0156072900,
1.66475,0.0033378405,
1.665,0.0012738369,
1.66525,-0.0003374263,
1.6655,0.0052952329,
1.66575,0.0025052533,
1.666,0.0037731850,
1.66625,0.0043105935,
1.6665,-0.0052754073,
1.66675,0.0053585903,
1.667,0.0069220373,
1.66725,0.0003525545,
1.6675,-0.0055107339,
1.66775,0.0048590293,
1.668,-0.0027472265,
1.66825,-0.0019399112,
1.6685,0.0016412926,
1.66875,0.0004804006,
1.669,-0.0071113231,
1.66925,-0.0013682027,
1.6695,0.0091275331,
1.66975,0.0059466399,
1.67,-0.0050179623,
1.67025,0.0168607421,
1.6705,0.0121397674,
1.67075,-0.0066822651,
1.671,0.0037348538,
1.67125,0.0231071189,
1.6715,-0.0050052810,
1.67175,-0.0092673078,
1.672,0.0076892115,
1.67225,-0.0075179776,
1.6725,-0.0055723586,
1.67275,0.0060002389,
1.673,0.0062356982,
1.67325,-0.0109089948,
1.6735,-0.0158879124,
1.67375,0.0028805169,
1.674,-0.0049946900,
1.67425,-0.0234734435,
1.6745,0.0005265058,
1.67475,0.0129474271,
1.675,0.0019820945,
1.67525,-0.0008711974,
1.6755,0.0124365892,
1.67575,0.0171303581,
1.676,0.0055631893,
1.67625,0.0039229337,
1.6765,0.0199802015,
1.67675,0.0104790507,
1.677,0.0113689937,
1.67725,-0.0064212522,
1.6775,0.0078722918,
1.67775,0.0015870138,
1.678,0.0044337269,
1.67825,-0.0016655248,
1.6785,0.0060967598,
1.67875,0.0033668703,
1.679,-0.0082739089,
1.67925,0.0139621506,
1.6795,0.0188969709,
1.67975,0.0088274404,
1.68,0.0112611698,
1.68025,0.0122214649,
1.6805,0.0088508669,
1.68075,0.0009006952,
1.681,0.0126048308,
1.68125,0.0166609623,
1.6815,-0.0004509646,
1.68175,-0.0016066085,
1.682,-0.0016775315,
1.68225,0.0015994114,
1.6825,-0.0021819430,
1.68275,0.0077524493,
1.683,0.0113584334,
1.68325,0.0018279445,
1.6835,-0.0173766930,
1.68375,-0.0055237338,
1.684,-0.0271550659,
1.68425,-0.0077036433,
1.6845,0.0052771103,
1.68475,0.0153605808,
1.685,0.0070560304,
1.68525,0.0041373144,
1.6855,0.0128013976,
1.68575,0.0219839830,
1.686,-0.0015395337,
1.68625,0.0041282321,
1.6865,0.0187352691,
1.68675,0.0116031291,
1.687,-0.0025114778,
1.68725,0.0023593477,
1.6875,0.0129615245,
1.68775,-0.0123014320,
1.688,-0.0054568141,
1.68825,0.0051421821,
1.6885,0.0042041382,
1.68875,-0.0085583245,
1.689,0.0015412446,
1.68925,0.0107511990,
1.6895,0.0025327874,
1.68975,0.0029675916,
1.69,0.0154488608,
1.69025,0.0153460987,
1.6905,0.0030543886,
1.69075,0.0027095270,
1.691,0.0139115294,
1.69125,-0.0031178109,
1.6915,-0.0000244800,
1.69175,-0.0116414875,
1.692,-0.0243773535,
1.69225,-0.0016543239,
1.6925,-0.0013151678,
1.69275,-0.0053501250,
1.693,-0.0050635585,
1.69325,-0.0122144902,
1.6935,0.0026849003,
1.69375,-0.0003885460,
1.694,-0.0183063261,
1.69425,0.0054054544,
1.6945,0.0060340920,
1.69475,0.0125465710,
1.695,0.0008676898,
1.69525,0.0024913796,
1.6955,0.0154010216,
1.69575,-0.0060791625,
1.696,0.0013014709,
1.69625,0.0035124607,
1.6965,0.0096954508,
1.69675,0.0017706191,
1.697,-0.0112640439,
1.69725,0.0113953911,
1.6975,0.0022407204,
1.69775,0.0062711043,
1.698,-0.0152932871,
1.69825,0.0071278452,
1.6985,-0.0097045684,
1.69875,-0.0022424317,
1.699,0.0008210416,
1.69925,0.0127321342,
1.6995,0.0063888771,
1.69975,-0.0053249998,
1.7,0.0113657322,
1.70025,0.0109271668,
1.7005,-0.0076633086,
1.70075,0.0047909925,
1.701,0.0122634312,
1.70125,0.0010092010,
1.7015,-0.0128230266,
1.70175,0.0022749889,
1.702,0.0069625331,
1.70225,-0.0158795826,
1.7025,0.0080002490,
1.70275,0.0065199616,
1.703,-0.0156152295,
1.70325,-0.0075224978,
1.7035,-0.0221048687,
1.70375,-0.0115875360,
1.704,0.0041653221,
1.70425,0.0094129248,
1.7045,0.0131664379,
1.70475,0.0000427523,
1.705,-0.0013434391,
1.70525,0.0135937249,
1.7055,0.0061687855,
1.70575,0.0044769472,
1.706,-0.0028238012,
1.70625,0.0063379016,
1.7065,0.0141628655,
1.70675,-0.0018187049,
1.707,-0.0017201500,
1.70725,-0.0013004430,
1.7075,0.0046722647,
1.70775,-0.0164952241,
1.708,-0.0150036123,
1.70825,0.0105483159,
1.7085,-0.0080757141,
1.70875,-0.0081908302,
1.709,0.0043813046,
1.70925,0.0124626830,
1.7095,-0.0023514524,
1.70975,0.0114912000,
1.71,0.0224072319,
1.71025,0.0037037772,
1.7105,-0.0023926087,
1.71075,0.0230621900,
1.711,0.0115981931,
1.71125,-0.0048316144,
1.7115,-0.0113468934,
1.71175,-0.0083186775,
1.712,0.0019291004,
1.71225,0.0018665285,
1.7125,0.0040309620,
1.71275,0.0004547714,
1.713,-0.0043799328,
1.71325,-0.0006367092,
1.7135,-0.0002852742,
1.71375,-0.0204658657,
1.714,0.0061409781,
1.71425,0.0109946495,
1.7145,0.0064496230,
1.71475,0.0061565083,
1.715,0.0013584211,
1.71525,0.0075308937,
1.7155,0.0040985253,
1.71575,0.0025004873,
1.716,-0.0045254040,
1.71625,0.0114711635,
1.7165,0.0026592328,
1.71675,-0.0035064616,
1.717,0.0007727661,
1.71725,0.0071240496,
1.7175,-0.0074983649,
1.71775,-0.0168179050,
1.718,-0.0018778632,
1.71825,-0.0086197630,
1.7185,0.0002357060,
1.71875,-0.0037776972,
1.719,0.0190431774,
1.71925,0.0083636977,
1.7195,-0.0001840054,
1.71975,0.0092213126,
1.72,0.0100494223,
1.72025,0.0041018464,
1.7205,-0.0036179386,
1.72075,0.0136437565,
1.721,0.0113895405,
1.72125,-0.0143345213,
1.7215,-0.0055816812,
1.72175,0.0080941347,
1.722,-0.0171526931,
1.72225,0.0037405828,
1.7225,-0.0012033000,
1.72275,-0.0079769613,
1.723,-0.0102738375,
1.72325,-0.0161629952,
1.7235,0.0089009386,
1.72375,0.0065397057,
1.724,-0.0043333750,
1.72425,0.0054144226,
1.7245,0.0116466545,
1.72475,-0.0024020246,
1.725,0.0042770323,
1.72525,0.0066198432,
1.7255,0.0041502677,
1.72575,-0.0161617920,
1.726,0.0106367012,
1.72625,0.0054529468,
1.7265,-0.0086356485,
1.72675,-0.0128611159,
1.727,0.0043862979,
1.72725,-0.0017097846,
1.7275,-0.0201224741,
1.72775,-0.0049149990,
1.728,0.0074571241,
1.72825,-0.0054572569,
1.7285,-0.0098685632,
1.72875,0.0064177462,
1.729,0.0117116533,
1.72925,0.0057324301,
1.7295,0.0062779831,
1.72975,0.0063861851,
1.73,0.0011966267,
1.73025,-0.0015017920,
1.7305,0.0068088342,
1.73075,0.0070023746,
1.731,-0.0088923154,
1.73125,-0.0184465107,
1.7315,-0.0116266403,
1.73175,0.0050746161,
1.732,-0.0033061765,
1.73225,-0.0106985485,
1.7325,0.0028791069,
1.73275,-0.0009680497,
1.733,-0.0151164625,
1.73325,-0.0164030716,
1.7335,-0.0124024032,
1.73375,-0.0005583369,
1.734,-0.0057191984,
1.73425,0.0113701858,
1.7345,-0.0067835189,
1.73475,-0.0028657285,
1.735,0.0036766517,
1.73525,0.0069612963,
1.7355,-0.0046630404,
1.73575,-0.0103455419,
1.736,0.0073133055,
1.73625,-0.0119753517,
1.7365,-0.0065119746,
1.73675,-0.0062727514,
1.737,0.0028481402,
1.73725,-0.0134954704,
1.7375,-0.0095821982,
1.73775,-0.0114419637,
1.738,0.0051588034,
1.73825,-0.0079467408,
1.7385,-0.0161666609,
1.73875,0.0071428488,
1.739,0.0026310061,
1.73925,-0.0187643208,
1.7395,-0.0081703430,
1.73975,0.0079746777,
1.74,-0.0028345897,
1.74025,-0.0094104363,
1.7405,0.0105588660,
1.74075,0.0067626778,
1.741,-0.0280165765,
1.74125,-0.0083613703,
1.7415,0.0019610312,
1.74175,-0.0193735026,
1.742,-0.0207768977,
1.74225,-0.0084161488,
1.7425,-0.0062764804,
1.74275,-0.0254664831,
1.743,-0.0188255534,
1.74325,-0.0012511410,
1.7435,-0.0086160293,
1.74375,-0.0092883660,
1.744,-0.0025388084,
1.74425,-0.0059628817,
1.7445,-0.0046200701,
1.74475,-0.0034835606,
1.745,-0.0083995694,
1.74525,-0.0061973319,
1.7455,-0.0081054885,
1.74575,-0.0084193600,
1.746,-0.0124491937,
1.74625,-0.0046684551,
1.7465,-0.0182894506,
1.74675,-0.0089032967,
1.747,-0.0019698751,
1.74725,-0.0166991428,
1.7475,-0.0221629478,
1.74775,0.0057689277,
1.748,-0.0038301514,
1.74825,-0.0192998108,
1.7485,-0.0008517961,
1.74875,0.0157899354,
1.749,-0.0064523569,
1.74925,-0.0101611111,
1.7495,0.0101493653,
1.74975,0.0092356270,
1.75,-0.0100673661,
1.75025,0.0057316646,
1.7505,0.0104951300,
1.75075,-0.0123768589,
1.751,-0.0285924952,
1.75125,0.0096432446,
1.7515,0.0038771718,
1.75175,-0.0272202343,
1.752,-0.0064402362,
1.75225,-0.0034476775,
1.7525,-0.0052903332,
1.75275,-0.0186179336,
1.753,-0.0119402213,
1.75325,-0.0018678996,
1.7535,0.0046595917,
1.75375,0.0025387537,
1.754,0.0042977701,
1.75425,0.0017032133,
1.7545,0.0026956457,
1.75475,0.0063701882,
1.755,0.0056206081,
1.75525,-0.0069462690,
1.7555,-0.0018796031,
1.75575,-0.0013097735,
1.756,-0.0051491898,
1.75625,-0.0151225729,
1.7565,-0.0047025206,
1.75675,-0.0018960305,
1.757,-0.0051418003,
1.75725,-0.0078909295,
1.7575,-0.0080227563,
1.75775,0.0110938726,
1.758,-0.0073776329,
1.75825,-0.0074831215,
1.7585,0.0066625057,
1.75875,0.0139586199,
1.759,-0.0095593259,
1.75925,0.0092170676,
1.7595,0.0174439251,
1.75975,0.0103041586,
1.76,-0.0069628749,
1.76025,0.0163396429,
1.7605,0.0060194130,
1.76075,-0.0146991499,
1.761,-0.0008712287,
1.76125,0.0119351093,
1.7615,-0.0099389339,
1.76175,-0.0079992777,
1.762,-0.0065061469,
1.76225,0.0065207896,
1.7625,-0.0195699409,
1.76275,-0.0123341624,
1.763,0.0123636182,
1.76325,0.0057842731,
1.7635,0.0069478285,
1.76375,0.0009200351,
1.764,0.0193582550,
1.76425,-0.0049647214,
1.7645,-0.0027332853,
1.76475,0.0064999228,
1.765,0.0050189113,
1.76525,-0.0115607204,
1.7655,0.0021868595,
1.76575,0.0100387670,
1.766,0.0028884467,
1.76625,-0.0109112775,
1.7665,0.0113528678,
1.76675,0.0106098307,
1.767,-0.0081905760,
1.76725,-0.0025518769,
1.7675,0.0107390014,
1.76775,-0.0008287247,
1.768,-0.0042795143,
1.76825,0.0073025329,
1.7685,0.0213429537,
1.76875,0.0020850659,
1.769,0.0095219817,
1.76925,0.0176672656,
1.7695,0.0117749535,
1.76975,0.0037294941,
1.77,0.0080246124,
1.77025,0.0074530602,
1.7705,-0.0044706007,
1.77075,-0.0158357471,
1.771,0.0096474029,
1.77125,-0.0012025916,
1.7715,-0.0011034798,
1.77175,-0.0056170463,
1.772,-0.0006044213,
1.77225,-0.0002034096,
1.7725,-0.0071887700,
1.77275,-0.0115063274,
1.773,0.0114147104,
1.77325,0.0051863128,
1.7735,-0.0117076188,
1.77375,0.0100471741,
1.774,0.0117763449,
1.77425,0.0019746949,
1.7745,0.0048741177,
1.77475,0.0038731724,
1.775,-0.0037330247,
1.77525,-0.0008466279,
1.7755,0.0044586686,
1.77575,-0.0003514201,
1.776,-0.0155216353,
1.77625,0.0081254644,
1.7765,0.0035829819,
1.77675,0.0038491643,
1.777,-0.0124095380,
1.77725,-0.0094743613,
1.7775,0.0107510258,
1.77775,0.0043891165,
1.778,-0.0011522496,
1.77825,0.0079126116,
1.7785,0.0180166848,
1.77875,0.0012028718,
1.779,-0.0015367003,
1.77925,0.0175178424,
1.7795,0.0171713736,
1.77975,-0.0090841744,
1.78,0.0125194425,
1.78025,0.0009963347,
1.7805,-0.0136816576,
1.78075,-0.0033698229,
1.781,0.0056488537,
1.78125,-0.0123632159,
1.7815,-0.0134078059,
1.78175,-0.0021136841,
1.782,-0.0069288928,
1.78225,-0.0316813439,
1.7825,-0.0019610622,
1.78275,0.0054556699,
1.783,0.0128086200,
1.78325,0.0019009394,
1.7835,0.0137447845,
1.78375,-0.0021868248,
1.784,-0.0048666294,
1.78425,0.0049859537,
1.7845,0.0021172771,
1.78475,-0.0026482861,
1.785,0.0042360388,
1.78525,0.0029512241,
1.7855,0.0042773299,
1.78575,0.0044665304,
1.786,-0.0069447332,
1.78625,-0.0005994733,
1.7865,-0.0010025044,
1.78675,0.0040994901,
1.787,-0.0153757650,
1.78725,0.0071289879,
1.7875,0.0165319294,
1.78775,-0.0041076280,
1.788,0.0061519728,
1.78825,0.0248162746,
1.7885,0.0119481282,
1.78875,0.0008562819,
1.789,0.0151549662,
1.78925,0.0225667860,
1.7895,-0.0033115945,
1.78975,0.0101413382,
1.79,0.0128160277,
1.79025,-0.0183913037,
1.7905,-0.0142328544,
1.79075,0.0083114430,
1.791,0.0092015192,
1.79125,-0.0085924957,
1.7915,-0.0050127888,
1.79175,0.0079168677,
1.792,-0.0031008162,
1.79225,-0.0033314489,
1.7925,-0.0008523719,
1.79275,0.0150470054,
1.793,-0.0086860228,
1.79325,-0.0003748344,
1.7935,0.0197260547,
1.79375,0.0107861320,
1.794,0.0069704046,
1.79425,-0.0004526266,
1.7945,0.0037687989,
1.79475,-0.0036509004,
1.795,0.0088788783,
1.79525,-0.0039638397,
1.7955,-0.0047725351,
1.79575,0.0026948217,
1.796,0.0094484612,
1.79625,0.0011179640,
1.7965,0.0148390066,
1.79675,-0.0038480363,
1.797,-0.0021970740,
1.79725,0.0121235019,
1.7975,0.0167957377,
1.79775,0.0017902409,
1.798,0.0118460562,
1.79825,0.0266335700,
1.7985,0.0105093289,
1.79875,0.0069243507,
1.799,0.0273672827,
1.79925,0.0214141440,
1.7995,0.0043932782,
1.79975,0.0116789937,
1.8,-0.0015878071,
1.80025,-0.0007912292,
1.8005,0.0100601474,
1.80075,-0.0018896307,
1.801,-0.0023890128,
1.80125,-0.0022224884,
1.8015,0.0065541556,
1.80175,-0.0030828021,
1.802,-0.0036492909,
1.80225,0.0029705665,
1.8025,0.0083722062,
1.80275,0.0247105379,
1.803,0.0073005166,
1.80325,0.0093754074,
1.8035,0.0000377092,
1.80375,0.0078089675,
1.804,0.0000908991,
1.80425,0.0063119950,
1.8045,0.0064951032,
1.80475,0.0098923910,
1.805,-0.0023396062,
1.80525,0.0212593190,
1.8055,-0.0046397028,
1.80575,-0.0081036659,
1.806,0.0049024653,
1.80625,0.0221706294,
1.8065,0.0034806137,
1.80675,-0.0087925931,
1.807,0.0082876654,
1.80725,0.0135606080,
1.8075,0.0019447575,
1.80775,0.0107242148,
1.808,0.0163977630,
1.80825,0.0115730669,
1.8085,0.0077577746,
1.80875,0.0117666684,
1.809,0.0169299357,
1.80925,0.0103110122,
1.8095,0.0210449453,
1.80975,-0.0067489846,
1.81,-0.0170852058,
1.81025,0.0050277733,
1.8105,-0.0017280316,
1.81075,0.0037313057,
1.811,0.0039998093,
1.81125,-0.0022505366,
1.8115,0.0013152002,
1.81175,-0.0072125481,
1.812,-0.0034130809,
1.81225,-0.0093172221,
1.8125,0.0122409575,
1.81275,-0.0050338889,
1.813,0.0053773313,
1.81325,-0.0064487779,
1.8135,0.0073106936,
1.81375,-0.0049586087,
1.814,-0.0014832894,
1.81425,0.0014909776,
1.8145,0.0009707700,
1.81475,-0.0061426875,
1.815,-0.0046691401,
1.81525,0.0012801120,
1.8155,-0.0003197738,
1.81575,0.0005280699,
1.816,-0.0001878630,
1.81625,0.0079778135,
1.8165,-0.0138120912,
1.81675,-0.0076430626,
1.817,0.0033912272,
1.81725,0.0117423581,
1.8175,0.0001935291,
1.81775,0.0012105461,
1.818,0.0198872127,
1.81825,0.0033036461,
1.8185,-0.0044618892,
1.81875,0.0108476179,
1.819,0.0143567640,
1.81925,-0.0042796126,
1.8195,-0.0164699685,
1.81975,-0.0109056216,
1.82,-0.0114806974,
1.82025,-0.0146674830,
1.8205,-0.0160211585,
1.82075,-0.0050844210,
1.821,-0.0144189047,
1.82125,-0.0043232944,
1.8215,-0.0216199979,
1.82175,-0.0136807580,
1.822,-0.0143979033,
1.82225,0.0037547131,
1.8225,0.0063141100,
1.82275,-0.0033576987,
1.823,-0.0068171648,
1.82325,0.0028140375,
1.8235,-0.0117533822,
1.82375,-0.0043544136,
1.824,-0.0016637036,
1.82425,-0.0101544764,
1.8245,0.0039227121,
1.82475,-0.0004262587,
1.825,-0.0101263169,
1.82525,-0.0167242289,
1.8255,-0.0007382355,
1.82575,-0.0126514724,
1.826,0.0055502472,
1.82625,-0.0030120765,
1.8265,-0.0136278030,
1.82675,-0.0118365213,
1.827,0.0118815536,
1.82725,-0.0032847843,
1.8275,-0.0071216682,
1.82775,0.0050788913,
1.828,0.0127270902,
1.82825,-0.0130742528,
1.8285,0.0000782954,
1.82875,0.0114094187,
1.829,0.0066872556,
1.82925,-0.0087988302,
1.8295,-0.0156483315,
1.82975,-0.0077527212,
1.83,-0.0158090293,
1.83025,-0.0087302215,
1.8305,0.0072680814,
1.83075,-0.0142866885,
1.831,-0.0119942334,
1.83125,-0.0133229923,
1.8315,-0.0094967308,
1.83175,-0.0221773908,
1.832,-0.0134554086,
1.83225,0.0035466417,
1.8325,-0.0077477074,
1.83275,-0.0030329875,
1.833,-0.0041366862,
1.83325,0.0000675526,
1.8335,-0.0023291716,
1.83375,-0.0045900396,
1.834,-0.0058120470,
1.83425,0.0075161108,
1.8345,0.0007024116,
1.83475,0.0004437008,
1.835,-0.0031818554,
1.83525,0.0074807825,
1.8355,-0.0118465144,
1.83575,0.0043900623,
1.836,0.0009441798,
1.83625,-0.0012134514,
1.8365,-0.0069569233,
1.83675,0.0006584565,
1.837,0.0153354360,
1.83725,0.0040667816,
1.8375,0.0091626346,
1.83775,0.0175265390,
1.838,0.0029858437,
1.83825,0.0029634503,
1.8385,0.0029333965,
1.83875,0.0217528492,
1.839,-0.0079043666,
1.83925,-0.0055337725,
1.8395,-0.0141662005,
1.83975,-0.0075382222,
1.84,-0.0119465329,
1.84025,-0.0083396500,
1.8405,0.0112204868,
1.84075,0.0073292903,
1.841,-0.0117125865,
1.84125,-0.0246069599,
1.8415,-0.0052143065,
1.84175,-0.0210803654,
1.842,0.0093483953,
1.84225,0.0096715568,
1.8425,0.0117819421,
1.84275,-0.0004567757,
1.843,0.0082576051,
1.84325,0.0102340104,
1.8435,0.0041920599,
1.84375,-0.0067951018,
1.844,0.0093871905,
1.84425,0.0084966496,
1.8445,-0.0028667687,
1.84475,-0.0153230540,
1.845,0.0054102084,
1.84525,-0.0016086496,
1.8455,-0.0046636076,
1.84575,0.0120182298,
1.846,-0.0006004995,
1.84625,-0.0020229467,
1.8465,-0.0061099455,
1.84675,0.0076124240,
1.847,-0.0007597135,
1.84725,-0.0023315977,
1.8475,0.0085474057,
1.84775,0.0065059233,
1.848,-0.0000232992,
1.84825,0.0037550994,
1.8485,0.0099138599,
1.84875,0.0110656964,
1.849,-0.0083247777,
1.84925,-0.0088710953,
1.8495,-0.0118072843,
1.84975,-0.0036661471,
1.85,-0.0104042795,
1.85025,-0.0061725588,
1.8505,-0.0208195709,
1.85075,-0.0187247638,
1.851,-0.0208726041,
1.85125,0.0009970888,
1.8515,-0.0184473414,
1.85175,-0.0210040044,
1.852,0.0039756140,
1.85225,0.0101461876,
1.8525,-0.0059413076,
1.85275,-0.0037794448,
1.853,0.0081928773,
1.85325,0.0097981794,
1.8535,-0.0134432791,
1.85375,-0.0043037026,
1.854,0.0070308875,
1.85425,-0.0047341706,
1.8545,-0.0076774154,
1.85475,-0.0034697191,
1.855,0.0057988572,
1.85525,-0.0211188085,
1.8555,0.0018364588,
1.85575,-0.0135956621,
1.856,-0.0000800168,
1.85625,-0.0128471609,
1.8565,-0.0043430007,
1.85675,0.0032622702,
1.857,0.0067891683,
1.85725,-0.0061857477,
1.8575,0.0036192278,
1.85775,0.0077176355,
1.858,-0.0104369046,
1.85825,-0.0056683850,
1.8585,0.0134579930,
1.85875,-0.0168253966,
1.859,-0.0134194260,
1.85925,-0.0144712394,
1.8595,-0.0020296453,
1.85975,-0.0236826055,
1.86,-0.0110204313,
1.86025,0.0099978931,
1.8605,-0.0060397428,
1.86075,-0.0244404934,
1.861,-0.0081096282,
1.86125,-0.0167297069,
1.8615,-0.0223355666,
1.86175,0.0075686681,
1.862,0.0041148211,
1.86225,0.0024955752,
1.8625,-0.0054282746,
1.86275,0.0073335301,
1.863,0.0043566069,
1.86325,-0.0034052036,
1.8635,-0.0089339707,
1.86375,-0.0027256724,
1.864,0.0009139697,
1.86425,-0.0027033093,
1.8645,-0.0245861448,
1.86475,0.0051445113,
1.865,0.0008719864,
1.86525,-0.0093043679,
1.8655,-0.0137362964,
1.86575,0.0089008780,
1.866,-0.0052711312,
1.86625,-0.0197696220,
1.8665,-0.0024656989,
1.86675,0.0062462725,
1.867,-0.0153934686,
1.86725,-0.0026470914,
1.8675,0.0162176751,
1.86775,0.0003650195,
1.868,-0.0053174291,
1.86825,0.0109242266,
1.8685,0.0121213766,
1.86875,-0.0138326064,
1.869,-0.0037881788,
1.86925,0.0009823112,
1.8695,-0.0191155598,
1.86975,-0.0158871002,
1.87,-0.0089550558,
1.87025,-0.0234599635,
1.8705,-0.0181907453,
1.87075,-0.0016643028,
1.871,0.0053107198,
1.87125,-0.0246136524,
1.8715,-0.0011754681,
1.87175,0.0091238506,
1.872,0.0092640929,
1.87225,-0.0016796122,
1.8725,0.0134052709,
1.87275,0.0173620600,
1.873,0.0098634679,
1.87325,-0.0005607839,
1.8735,0.0147271985,
1.87375,0.0027897311,
1.874,0.0133832488,
1.87425,-0.0056459573,
1.8745,0.0120985676,
1.87475,0.0022145347,
1.875,0.0016268609,
1.87525,-0.0073146909,
1.8755,-0.0098626055,
1.87575,0.0098039350,
1.876,-0.0067684073,
1.87625,0.0095999697,
1.8765,0.0182111766,
1.87675,0.0190895107,
1.877,-0.0017381493,
1.87725,0.0189310797,
1.8775,0.0221142136,
1.87775,0.0084756091,
1.878,0.0087032970,
1.87825,0.0155503098,
1.8785,0.0049009481,
1.87875,-0.0048086150,
1.879,0.0061225183,
1.87925,0.0123812240,
1.8795,-0.0126467543,
1.87975,0.0037367730,
1.88,0.0034917435,
1.88025,-0.0060918001,
1.8805,-0.0232568663,
1.88075,-0.0070748003,
1.881,-0.0069590108,
1.88125,0.0050846115,
1.8815,0.0111948242,
1.88175,0.0170292072,
1.882,0.0201372541,
1.88225,0.0042435396,
1.8825,0.0112896021,
1.88275,0.0148838442,
1.883,0.0111819450,
1.88325,-0.0105464468,
1.8835,0.0080154231,
1.88375,0.0149419829,
1.884,-0.0029003792,
1.88425,-0.0084880199,
1.8845,0.0107986350,
1.88475,0.0089019118,
1.885,-0.0030362376,
1.88525,-0.0049810787,
1.8855,0.0141970664,
1.88575,-0.0015693606,
1.886,-0.0010795319,
1.88625,0.0066865464,
1.8865,0.0089251893,
1.88675,0.0061547174,
1.887,0.0085581150,
1.88725,0.0167632774,
1.8875,0.0038564233,
1.88775,0.0029903860,
1.888,0.0137141161,
1.88825,0.0148289548,
1.8885,-0.0014976099,
1.88875,-0.0013524184,
1.889,-0.0135363135,
1.88925,-0.0117464922,
1.8895,-0.0068536829,
1.88975,-0.0029768241,
1.89,-0.0065006698,
1.89025,-0.0017435297,
1.8905,-0.0038613975,
1.89075,-0.0022275387,
1.891,-0.0129238740,
1.89125,0.0009488920,
1.8915,-0.0034727771,
1.89175,0.0082598552,
1.892,0.0096787605,
1.89225,0.0000252628,
1.8925,0.0183680970,
1.89275,0.0134191103,
1.893,0.0045801168,
1.89325,0.0017919588,
1.8935,0.0085319998,
1.89375,0.0108453874,
1.894,-0.0175426863,
1.89425,0.0105162514,
1.8945,0.0016984877,
1.89475,0.0031243353,
1.895,-0.0153084826,
1.89525,-0.0033305595,
1.8955,0.0005767648,
1.89575,-0.0034419638,
1.896,0.0000450160,
1.89625,0.0123872375,
1.8965,0.0125342254,
1.89675,0.0010801601,
1.897,0.0045875185,
1.89725,0.0117168855,
1.8975,0.0101936413,
1.89775,-0.0010191374,
1.898,0.0083626835,
1.89825,0.0120388661,
1.8985,-0.0131429564,
1.89875,-0.0045941430,
1.899,0.0066013616,
1.89925,-0.0170013867,
1.8995,-0.0073395362,
1.89975,-0.0055440534,
1.9,-0.0226410404,
1.90025,-0.0316102952,
1.9005,-0.0140793165,
1.90075,0.0061657410,
1.901,0.0063668927,
1.90125,0.0056097722,
1.9015,0.0141706448,
1.90175,0.0089663109,
1.902,0.0034587479,
1.90225,0.0174205415,
1.9025,0.0111672292,
1.90275,0.0020093664,
1.903,0.0000719166,
1.90325,0.0047138250,
1.9035,0.0090214992,
1.90375,-0.0006240422,
1.904,-0.0036226597,
1.90425,0.0015790418,
1.9045,0.0075002769,
1.90475,0.0030930419,
1.905,-0.0196295343,
1.90525,0.0087561905,
1.9055,0.0071235038,
1.90575,-0.0057536666,
1.906,-0.0097501297,
1.90625,0.0213231239,
1.9065,0.0103055695,
1.90675,-0.0104627311,
1.907,0.0181174837,
1.90725,0.0140657322,
1.9075,-0.0081620049,
1.90775,0.0083903782,
1.908,0.0204946753,
1.90825,-0.0003831711,
1.9085,-0.0180654153,
1.90875,-0.0113516850,
1.909,-0.0024794992,
1.90925,-0.0082802195,
1.9095,-0.0047888681,
1.90975,-0.0017378652,
1.91,-0.0022391309,
1.91025,0.0014598173,
1.9105,-0.0048747840,
1.91075,-0.0120768147,
1.911,-0.0003892895,
1.91125,0.0048516383,
1.9115,0.0151577946,
1.91175,0.0027946155,
1.912,0.0122810202,
1.91225,0.0146274166,
1.9125,0.0069592251,
1.91275,0.0070031052,
1.913,-0.0034265043,
1.91325,0.0114162695,
1.9135,-0.0014970818,
1.91375,0.0015102107,
1.914,0.0089051342,
1.91425,0.0086277733,
1.9145,0.0106731467,
1.91475,-0.0088015907,
1.915,-0.0065855640,
1.91525,0.0087146936,
1.9155,0.0091814371,
1.91575,-0.0148157664,
1.916,0.0092499414,
1.91625,0.0104659908,
1.9165,0.0034631640,
1.91675,-0.0035959051,
1.917,0.0148336608,
1.91725,0.0112143066,
1.9175,-0.0032660286,
1.91775,0.0069517503,
1.918,0.0077177561,
1.91825,-0.0069619371,
1.9185,-0.0023212440,
1.91875,-0.0089894347,
1.919,-0.0105870683,
1.91925,-0.0166947208,
1.9195,-0.0066934144,
1.91975,-0.0140158329,
1.92,-0.0130932769,
1.92025,-0.0145744849,
1.9205,0.0030110325,
1.92075,0.0098973373,
1.921,-0.0039558983,
1.92125,0.0012564774,
1.9215,0.0119746570,
1.92175,0.0051084533,
1.922,-0.0006080484,
1.92225,0.0088529745,
1.9225,0.0065977378,
1.92275,-0.0050993254,
1.923,-0.0013897822,
1.92325,0.0104137883,
1.9235,0.0008320075,
1.92375,-0.0164837465,
1.924,0.0107070133,
1.92425,0.0102388971,
1.9245,-0.0127288615,
1.92475,-0.0149121936,
1.925,0.0072375434,
1.92525,0.0080604302,
1.9255,-0.0158002265,
1.92575,0.0015804194,
1.926,0.0116547560,
1.92625,0.0017339661,
1.9265,-0.0003010852,
1.92675,0.0067421752,
1.927,0.0092932563,
1.92725,0.0002851632,
1.9275,0.0018887396,
1.92775,0.0053145867,
1.928,-0.0077689672,
1.92825,-0.0198194049,
1.9285,-0.0105392970,
1.92875,0.0074287225,
1.929,-0.0015169724,
1.92925,-0.0135688316,
1.9295,-0.0022113880,
1.92975,-0.0006513277,
1.93,-0.0142560266,
1.93025,-0.0231686253,
1.9305,-0.0023828968,
1.93075,-0.0024092747,
1.931,-0.0080000330,
1.93125,-0.0013179143,
1.9315,0.0071136705,
1.93175,0.0064226077,
1.932,-0.0002890536,
1.93225,0.0168433990,
1.9325,0.0040749926,
1.93275,-0.0059293713,
1.933,0.0088604270,
1.93325,-0.0062671257,
1.9335,-0.0049594203,
1.93375,-0.0084474050,
1.934,0.0015995312,
1.93425,-0.0049903598,
1.9345,-0.0100469356,
1.93475,-0.0109425765,
1.935,0.0041578552,
1.93525,0.0019655875,
1.9355,-0.0136886314,
1.93575,0.0004224625,
1.936,0.0120447800,
1.93625,-0.0039598886,
1.9365,-0.0046526589,
1.93675,0.0120243337,
1.937,0.0071515325,
1.93725,-0.0010095614,
1.9375,-0.0021439996,
1.93775,0.0094174920,
1.938,-0.0058916463,
1.93825,-0.0147364903,
1.9385,-0.0046809311,
1.93875,-0.0086014075,
1.939,-0.0170985181,
1.93925,-0.0018962728,
1.9395,-0.0062014135,
1.93975,-0.0114360526,
1.94,-0.0197968055,
1.94025,0.0049600308,
1.9405,0.0015855276,
1.94075,-0.0037048382,
1.941,0.0018478616,
1.94125,0.0100991679,
1.9415,-0.0105072381,
1.94175,-0.0055161309,
1.942,0.0001180782,
1.94225,-0.0043063844,
1.9425,-0.0016690865,
1.94275,-0.0039531700,
1.943,-0.0011072449,
1.94325,-0.0030063507,
1.9435,-0.0034072073,
1.94375,0.0003422794,
1.944,-0.0014002988,
1.94425,-0.0024235290,
1.9445,-0.0172493588,
1.94475,-0.0043885661,
1.945,0.0108065456,
1.94525,-0.0085904831,
1.9455,-0.0097173788,
1.94575,0.0141186630,
1.946,0.0095579103,
1.94625,-0.0110605685,
1.9465,0.0006774093,
1.94675,0.0147111863,
1.947,-0.0019966075,
1.94725,-0.0081739817,
1.9475,0.0061408421,
1.94775,-0.0010960554,
1.948,-0.0222093649,
1.94825,-0.0039384044,
1.9485,0.0163263269,
1.94875,-0.0146688316,
1.949,-0.0080679348,
1.94925,-0.0099568646,
1.9495,-0.0133006824,
1.94975,-0.0269227140,
1.95,-0.0117834266,
1.95025,0.0076288860,
1.9505,-0.0029872146,
1.95075,0.0009080499,
1.951,0.0042378162,
1.95125,0.0044166655,
1.9515,0.0038639712,
1.95175,-0.0017914722,
1.952,0.0050142072,
1.95225,-0.0054680668,
1.9525,0.0023081927,
1.95275,-0.0048750653,
1.953,-0.0076373103,
1.95325,0.0054538362,
1.9535,-0.0053930189,
1.95375,0.0075944983,
1.954,-0.0023182570,
1.95425,-0.0011926318,
1.9545,-0.0125122331,
1.95475,0.0055426867,
1.955,0.0068455441,
1.95525,0.0011742249,
1.9555,-0.0004732114,
1.95575,0.0198000334,
1.956,-0.0004069366,
1.95625,-0.0006070202,
1.9565,0.0140362242,
1.95675,0.0191019867,
1.957,0.0037133645,
1.95725,0.0052520032,
1.9575,0.0111316293,
1.95775,0.0009251036,
1.958,-0.0079354383,
1.95825,0.0082381712,
1.9585,0.0021556045,
1.95875,-0.0038688139,
1.959,-0.0113634160,
1.95925,-0.0101098800,
1.9595,-0.0083885090,
1.95975,-0.0154477442,
1.96,0.0042545600,
1.96025,0.0071535064,
1.9605,0.0108514465,
1.96075,-0.0003828646,
1.961,0.0050794049,
1.96125,0.0032132436,
1.9615,0.0007088789,
1.96175,-0.0040817512,
1.962,0.0172273088,
1.96225,0.0040266179,
1.9625,0.0027412716,
1.96275,0.0048216600,
1.963,0.0187923014,
1.96325,-0.0043384712,
1.9635,0.0056935633,
1.96375,0.0071146577,
1.964,0.0013626616,
1.96425,-0.0071713272,
1.9645,0.0073727150,
1.96475,0.0138219930,
1.965,0.0041038282,
1.96525,0.0062514772,
1.9655,0.0193070546,
1.96575,0.0116739459,
1.966,0.0065342919,
1.96625,0.0142427804,
1.9665,0.0219581760,
1.96675,0.0058659324,
1.967,0.0094374111,
1.96725,0.0109724924,
1.9675,-0.0090162959,
1.96775,-0.0112033691,
1.968,0.0027276364,
1.96825,0.0061200536,
1.9685,0.0005953881,
1.96875,-0.0078671407,
1.969,-0.0097561637,
1.96925,-0.0013434913,
1.9695,-0.0119888363,
1.96975,-0.0127961123,
1.97,0.0159607902,
1.97025,0.0139504215,
1.9705,-0.0051582651,
1.97075,0.0089810314,
1.971,0.0104924748,
1.97125,0.0033278367,
1.9715,-0.0072170417,
1.97175,0.0013784413,
1.972,-0.0012402968,
1.97225,-0.0022380631,
1.9725,-0.0066299369,
1.97275,-0.0013739644,
1.973,-0.0018017953,
1.97325,0.0018985588,
1.9735,0.0053862394,
1.97375,-0.0076722829,
1.974,-0.0052901986,
1.97425,-0.0147994533,
1.9745,0.0013584029,
1.97475,0.0099825561,
1.975,0.0021864907,
1.97525,0.0052661118,
1.9755,0.0113671515,
1.97575,0.0073465006,
1.976,0.0022649157,
1.97625,0.0038778540,
1.9765,0.0213707052,
1.97675,-0.0008489448,
1.977,0.0009371401,
1.97725,-0.0065120519,
1.9775,-0.0040480783,
1.97775,-0.0155980177,
1.978,-0.0034970911,
1.97825,0.0003400033,
1.9785,-0.0046819905,
1.97875,-0.0096589513,
1.979,0.0021396466,
1.97925,-0.0208083708,
1.9795,-0.0226808824,
1.97975,0.0065282313,
1.98,0.0137899453,
1.98025,-0.0032568073,
1.9805,-0.0006164568,
1.98075,-0.0094323093,
1.981,-0.0023319079,
1.98125,-0.0134206098,
1.9815,-0.0082314983,
1.98175,-0.0019430390,
1.982,0.0007855098,
1.98225,0.0067717205,
1.9825,-0.0027228720,
1.98275,0.0037027844,
1.983,-0.0013752575,
1.98325,-0.0064875423,
1.9835,-0.0029094112,
1.98375,0.0043198671,
1.984,-0.0089494884,
1.98425,-0.0064205262,
1.9845,0.0085866489,
1.98475,0.0105631929,
1.985,-0.0061854389,
1.98525,0.0006465683,
1.9855,0.0146587482,
1.98575,0.0030089589,
1.986,-0.0062478338,
1.98625,0.0258480180,
1.9865,0.0082717361,
1.98675,0.0021818562,
1.987,0.0014009310,
1.98725,-0.0113128666,
1.9875,-0.0016699162,
1.98775,0.0012784993,
1.988,0.0154340621,
1.98825,-0.0017239489,
1.9885,-0.0153360795,
1.98875,0.0136326766,
1.989,-0.0044161370,
1.98925,-0.0178961605,
1.9895,-0.0002938118,
1.98975,0.0154419690,
1.99,0.0081243701,
1.99025,-0.0007093753,
1.9905,0.0082974816,
1.99075,0.0026663397,
1.991,-0.0110773034,
1.99125,-0.0012704593,
1.9915,0.0099681094,
1.99175,-0.0041833837,
1.992,0.0125790676,
1.99225,-0.0102022272,
1.9925,0.0076598027,
1.99275,0.0064210994,
1.993,0.0127245001,
1.99325,-0.0003374245,
1.9935,0.0054713460,
1.99375,0.0040031383,
1.994,-0.0054619252,
1.99425,0.0053102900,
1.9945,0.0182257202,
1.99475,0.0127885388,
1.995,0.0051082158,
1.99525,0.0239644833,
1.9955,0.0186588746,
1.99575,0.0054601841,
1.996,0.0127399573,
1.99625,0.0267116185,
1.9965,0.0100881895,
1.99675,0.0005101007,
1.997,-0.0015266730,
1.99725,0.0030256866,
1.9975,0.0057550077,
1.99775,0.0007021131,
1.998,0.0086246990,
1.99825,0.0081697954,
1.9985,0.0054578832,
1.99875,-0.0115302559,
1.999,-0.0096289394,
1.99925,0.0021968232,
1.9995,0.0078868903,
1.99975,0.0207302645,
2,0.0107204281,
2.00025,0.0094216922,
2.0005,-0.0014683394,
2.00075,0.0189443976,
2.001,0.0016699305,
2.00125,0.0034077165,
2.0015,0.0095988978,
2.00175,0.0209157746,
2.002,0.0051751868,
2.00225,0.0094063170,
2.0025,0.0029311050,
2.00275,0.0005427416,
2.003,-0.0024988297,
2.00325,0.0104312189,
2.0035,0.0138552496,
2.00375,-0.0031940844,
2.004,0.0096311336,
2.00425,0.0134219462,
2.0045,0.0065531796,
2.00475,0.0084615909,
2.005,0.0122507419,
2.00525,0.0220957492,
2.0055,0.0064484593,
2.00575,0.0102440910,
2.006,0.0198684707,
2.00625,0.0113153104,
2.0065,0.0131751187,
2.00675,-0.0005575104,
2.007,-0.0180921555,
2.00725,0.0100524258,
2.0075,0.0035118428,
2.00775,0.0004035556,
2.008,0.0010353957,
2.00825,0.0007326063,
2.0085,-0.0076718796,
2.00875,-0.0098085413,
2.009,-0.0081244260,
2.00925,-0.0063092308,
2.0095,0.0099308370,
2.00975,0.0060796058,
2.01,0.0104169883,
2.01025,-0.0087293619,
2.0105,0.0049848761,
2.01075,-0.0009745175,
2.011,0.0025926852,
2.01125,-0.0127356444,
2.0115,-0.0007271162,
2.01175,0.0019322229,
2.012,-0.0138381142,
2.01225,0.0043393993,
2.0125,0.0030691086,
2.01275,-0.0031776729,
2.013,-0.0107467212,
2.01325,0.0009445518,
2.0135,-0.0080885887,
2.01375,-0.0038315500,
2.014,-0.0062935171,
2.01425,0.0081047406,
2.0145,0.0062138364,
2.01475,-0.0038013905,
2.015,0.0049147503,
2.01525,0.0079026576,
2.0155,-0.0041961162,
2.01575,-0.0021263277,
2.016,0.0074899234,
2.01625,0.0078890752,
2.0165,-0.0182562210,
2.01675,-0.0128965722,
2.017,-0.0036503612,
2.01725,-0.0159831122,
2.0175,-0.0141382758,
2.01775,-0.0017568871,
2.018,-0.0053798244,
2.01825,-0.0128025021,
2.0185,-0.0300062560,
2.01875,-0.0045491401,
2.019,-0.0044714184,
2.01925,-0.0039988263,
2.0195,0.0076458165,
2.01975,0.0001466716,
2.02,-0.0111941230,
2.02025,0.0029575496,
2.0205,-0.0034439692,
2.02075,-0.0046007982,
2.021,-0.0116749015,
2.02125,-0.0058943834,
2.0215,-0.0040677055,
2.02175,-0.0127728730,
2.022,-0.0093635442,
2.02225,-0.0263279714,
2.0225,0.0031114777,
2.02275,-0.0112277819,
2.023,-0.0169668533,
2.02325,0.0021072894,
2.0235,-0.0012646315,
2.02375,-0.0227779485,
2.024,-0.0109408246,
2.02425,0.0007399896,
2.0245,-0.0073287338,
2.02475,-0.0182003025,
2.025,0.0068555744,
2.02525,-0.0033513308,
2.0255,-0.0169036575,
2.02575,0.0098729311,
2.026,0.0156443398,
2.02625,-0.0081783775,
2.0265,-0.0196201131,
2.02675,-0.0081870286,
2.027,0.0019954257,
2.02725,-0.0201622508,
2.0275,-0.0088236788,
2.02775,-0.0127525618,
2.028,-0.0166531783,
2.02825,-0.0229897685,
2.0285,0.0013514684,
2.02875,-0.0163244139,
2.029,-0.0157958288,
2.02925,0.0110752871,
2.0295,0.0025050717,
2.02975,-0.0048647281,
2.03,-0.0034450449,
2.03025,0.0027796954,
2.0305,-0.0011851944,
2.03075,-0.0029049688,
2.031,-0.0216135494,
2.03125,0.0036953532,
2.0315,-0.0098545086,
2.03175,-0.0080447840,
2.032,-0.0109397536,
2.03225,0.0054364195,
2.0325,-0.0076603475,
2.03275,-0.0067318827,
2.033,-0.0096911434,
2.03325,-0.0028224015,
2.0335,-0.0045135845,
2.03375,-0.0145762265,
2.034,0.0089881932,
2.03425,0.0059650857,
2.0345,-0.0028654449,
2.03475,-0.0037427885,
2.035,0.0084979944,
2.03525,0.0037572547,
2.0355,-0.0000544682,
2.03575,0.0144563392,
2.036,0.0074786185,
2.03625,-0.0148379700,
2.0365,-0.0049791299,
2.03675,0.0083402926,
2.037,-0.0075535700,
2.03725,-0.0097594112,
2.0375,0.0052407342,
2.03775,0.0002011172,
2.038,-0.0062750839,
2.03825,-0.0221852940,
2.0385,0.0039715697,
2.03875,-0.0071514007,
2.039,-0.0015943096,
2.03925,0.0027644145,
2.0395,0.0134102767,
2.03975,-0.0008573293,
2.04,0.0008239559,
2.04025,0.0036897315,
2.0405,0.0022048512,
2.04075,-0.0185234789,
2.041,-0.0027285498,
2.04125,-0.0050606346,
2.0415,-0.0063938200,
2.04175,-0.0247981679,
2.042,-0.0081305131,
2.04225,0.0082810074,
2.0425,-0.0159527212,
2.04275,-0.0053246650,
2.043,0.0068254024,
2.04325,-0.0001019623,
2.0435,-0.0138232503,
2.04375,0.0055168527,
2.044,0.0043307999,
2.04425,0.0013297470,
2.0445,-0.0083284918,
2.04475,0.0059210649,
2.045,0.0005537960,
2.04525,-0.0043639485,
2.0455,0.0058862711,
2.04575,0.0107663414,
2.046,-0.0003161014,
2.04625,-0.0183679424,
2.0465,-0.0057663373,
2.04675,-0.0027299034,
2.047,-0.0171748195,
2.04725,-0.0134002641,
2.0475,-0.0190217216,
2.04775,-0.0012058010,
2.048,-0.0190785583,
2.04825,-0.0060473359,
2.0485,-0.0077213631,
2.04875,-0.0036305459,
2.049,0.0007184435,
2.04925,0.0024699010,
2.0495,-0.0007346788,
2.04975,-0.0015267731,
2.05,0.0028930476,
2.05025,0.0111267846,
2.0505,-0.0113647357,
2.05075,-0.0150340814,
2.051,0.0008238013,
2.05125,-0.0048489007,
2.0515,-0.0151829058,
2.05175,-0.0116227958,
2.052,0.0062474543,
2.05225,-0.0128360968,
2.0525,-0.0048326664,
2.05275,-0.0124585582,
2.053,0.0036645613,
2.05325,-0.0112604816,
2.0535,-0.0036859673,
2.05375,0.0009911951,
2.054,0.0079488484,
2.05425,-0.0100956662,
2.0545,-0.0048357463,
2.05475,0.0082432888,
2.055,0.0034064502,
2.05525,-0.0081510022,
2.0555,0.0087086931,
2.05575,0.0020161478,
2.056,-0.0099339196,
2.05625,-0.0072596106,
2.0565,0.0130654294,
2.05675,-0.0064762291,
2.057,-0.0163553692,
2.05725,-0.0025614393,
2.0575,-0.0021327743,
2.05775,-0.0281812325,
2.058,-0.0278813764,
2.05825,-0.0024320385,
2.0585,-0.0108277462,
2.05875,0.0021412834,
2.059,-0.0033180034,
2.05925,0.0101012457,
2.0595,-0.0063033300,
2.05975,-0.0005946102,
2.06,0.0045003197,
2.06025,-0.0066038035,
2.0605,-0.0151697714,
2.06075,-0.0067437538,
2.061,-0.0115182241,
2.06125,-0.0082290005,
2.0615,-0.0271104295,
2.06175,-0.0128427092,
2.062,-0.0020417811,
2.06225,-0.0021095581,
2.0625,-0.0201139115,
2.06275,-0.0064573553,
2.063,0.0069571561,
2.06325,-0.0182642955,
2.0635,-0.0121583939,
2.06375,0.0101370029,
2.064,0.0056351414,
2.06425,-0.0168487132,
2.0645,0.0103489216,
2.06475,0.0134484340,
2.065,-0.0052065402,
2.06525,-0.0022023618,
2.0655,0.0216821767,
2.06575,0.0023807674,
2.066,-0.0216359254,
2.06625,-0.0008015959,
2.0665,-0.0048391819,
2.06675,-0.0334002413,
2.067,-0.0085616820,
2.06725,-0.0022792981,
2.0675,-0.0073544113,
2.06775,-0.0180638097,
2.068,0.0091443723,
2.06825,-0.0069631701,
2.0685,-0.0003383490,
2.06875,0.0003833961,
2.069,0.0126466956,
2.06925,0.0095170001,
2.0695,0.0063472381,
2.06975,0.0125057660,
2.07,0.0086841630,
2.07025,-0.0030839196,
2.0705,-0.0023068143,
2.07075,0.0010639594,
2.071,-0.0053753033,
2.07125,-0.0192136392,
2.0715,0.0015426476,
2.07175,0.0061728097,
2.072,0.0016409927,
2.07225,0.0019359030,
2.0725,-0.0177163091,
2.07275,0.0198125374,
2.073,0.0071990355,
2.07325,0.0062172436,
2.0735,0.0053191721,
2.07375,0.0193461776,
2.074,0.0021517724,
2.07425,0.0023082641,
2.0745,0.0176469721,
2.07475,0.0169053338,
2.075,-0.0031411536,
2.07525,0.0150302509,
2.0755,0.0143639836,
2.07575,-0.0059455363,
2.076,0.0037511925,
2.07625,0.0152559783,
2.0765,-0.0026846123,
2.07675,0.0029446925,
2.077,-0.0009690545,
2.07725,-0.0047805449,
2.0775,-0.0247741956,
2.07775,-0.0084027294,
2.078,-0.0002138079,
2.07825,0.0098337699,
2.0785,0.0127474293,
2.07875,-0.0000944376,
2.079,0.0195780862,
2.07925,-0.0087375585,
2.0795,0.0041059493,
2.07975,0.0080943024,
2.08,0.0090325912,
2.08025,-0.0062265550,
2.0805,0.0002194379,
2.08075,0.0174356475,
2.081,0.0136261443,
2.08125,-0.0079098027,
2.0815,0.0097095445,
2.08175,0.0165693238,
2.082,0.0091859689,
2.08225,-0.0119098183,
2.0825,0.0014372460,
2.08275,0.0066029858,
2.083,-0.0025606384,
2.08325,0.0029864623,
2.0835,0.0219641589,
2.08375,0.0100016398,
2.084,0.0074914563,
2.08425,0.0185401272,
2.0845,0.0217580386,
2.08475,0.0093808658,
2.085,0.0131571768,
2.08525,0.0197959710,
2.0855,-0.0017197700,
2.08575,-0.0060958723,
2.086,-0.0093650762,
2.08625,-0.0090122214,
2.0865,-0.0013117219,
2.08675,-0.0120669883,
2.087,-0.0034821199,
2.08725,0.0027223262,
2.0875,-0.0006793216,
2.08775,-0.0057136081,
2.088,-0.0033640026,
2.08825,0.0038797180,
2.0885,-0.0104275262,
2.08875,0.0129963281,
2.089,0.0125350934,
2.08925,0.0045495401,
2.0895,0.0075628879,
2.08975,0.0097438563,
2.09,0.0046829237,
2.09025,0.0017484016,
2.0905,0.0035752794,
2.09075,0.0068105967,
2.091,-0.0131545598,
2.09125,0.0068418658,
2.0915,0.0091551766,
2.09175,0.0066617606,
2.092,-0.0072476040,
2.09225,-0.0048909178,
2.0925,0.0113495626,
2.09275,0.0147516560,
2.093,0.0055874237,
2.09325,0.0065544103,
2.0935,0.0215275399,
2.09375,0.0075746858,
2.094,-0.0009997562,
2.09425,0.0198837146,
2.0945,0.0165199470,
2.09475,0.0059778290,
2.095,0.0021961117,
2.09525,0.0046620653,
2.0955,-0.0059282924,
2.09575,0.0008581037,
2.096,-0.0070489105,
2.09625,-0.0184988081,
2.0965,-0.0159001183,
2.09675,-0.0036072452,
2.097,-0.0049390607,
2.09725,-0.0187167637,
2.0975,-0.0104715535,
2.09775,-0.0011711792,
2.098,0.0138416523,
2.09825,-0.0014056911,
2.0985,0.0119919972,
2.09875,0.0056438744,
2.099,0.0029102594,
2.09925,0.0064699687,
2.0995,0.0081349360,
2.09975,0.0067140022,
2.1,-0.0012736856,
2.10025,0.0016063442,
2.1005,0.0106290458,
2.10075,0.0009656716,
2.101,-0.0051761316,
2.10125,0.0042426796,
2.1015,0.0107300058,
2.10175,0.0137236826,
2.102,-0.0150399981,
2.10225,-0.0035737851,
2.1025,0.0191135220,
2.10275,0.0072228773,
2.103,-0.0037292668,
2.10325,0.0194849968,
2.1035,0.0146485269,
2.10375,0.0023213159,
2.104,0.0010184256,
2.10425,0.0225983337,
2.1045,0.0057165734,
2.10475,0.0060930420,
2.105,0.0108932853,
2.10525,-0.0055610109,
2.1055,-0.0082909092,
2.10575,-0.0029796155,
2.106,0.0136545310,
2.10625,0.0030128032,
2.1065,-0.0134143503,
2.10675,0.0127193034,
2.107,-0.0017306092,
2.10725,-0.0145029454,
2.1075,-0.0093183937,
2.10775,0.0089848470,
2.108,-0.0046723154,
2.10825,0.0017399925,
2.1085,0.0147711411,
2.10875,0.0124635771,
2.109,0.0110953301,
2.10925,0.0103975050,
2.1095,0.0160046015,
2.10975,0.0070830686,
2.11,0.0048049744,
2.11025,0.0064828857,
2.1105,-0.0076920297,
2.11075,0.0038511655,
2.111,0.0081451759,
2.11125,0.0019596526,
2.1115,0.0130597558,
2.11175,-0.0004329214,
2.112,0.0004463873,
2.11225,0.0088156816,
2.1125,0.0227446333,
2.11275,-0.0018503646,
2.113,0.0054330234,
2.11325,0.0256503094,
2.1135,0.0097832652,
2.11375,-0.0005573495,
2.114,0.0153263491,
2.11425,0.0122988513,
2.1145,0.0064801248,
2.11475,0.0036285985,
2.115,0.0085083498,
2.11525,0.0026000722,
2.1155,0.0016763235,
2.11575,-0.0045629502,
2.116,-0.0047439537,
2.11625,-0.0063389596,
2.1165,0.0037003958,
2.11675,-0.0057574101,
2.117,-0.0086582974,
2.11725,-0.0110731144,
2.1175,0.0031472605,
2.11775,0.0218070503,
2.118,0.0022636577,
2.11825,0.0087824594,
2.1185,0.0095420331,
2.11875,0.0109454729,
2.119,-0.0008459568,
2.11925,0.0043862076,
2.1195,0.0081125284,
2.11975,0.0089375544,
2.12,-0.0006436288,
2.12025,0.0071166065,
2.1205,0.0005020430,
2.12075,-0.0066218087,
2.121,0.0000899220,
2.12125,0.0189261865,
2.1215,0.0071560452,
2.12175,-0.0120669510,
2.122,0.0050632306,
2.12225,0.0121341562,
2.1225,-0.0015209140,
2.12275,-0.0030867381,
2.123,0.0112825306,
2.12325,0.0085843299,
2.1235,-0.0013304621,
2.12375,0.0049193525,
2.124,0.0114316959,
2.12425,0.0097919768,
2.1245,0.0095126946,
2.12475,-0.0036189030,
2.125,-0.0105276890,
2.12525,-0.0103320722,
2.1255,-0.0143984109,
2.12575,0.0025589885,
2.126,-0.0019365053,
2.12625,-0.0138914194,
2.1265,-0.0162109770,
2.12675,-0.0260115452,
2.127,-0.0186831262,
2.12725,-0.0264070909,
2.1275,0.0023714607,
2.12775,0.0004731932,
2.128,0.0008780190,
2.12825,-0.0048112771,
2.1285,0.0091989376,
2.12875,0.0027250457,
2.129,-0.0030693482,
2.12925,-0.0014265721,
2.1295,0.0074183312,
2.12975,-0.0091607757,
2.13,-0.0014053202,
2.13025,-0.0068973470,
2.1305,0.0002811171,
2.13075,-0.0072230748,
2.131,-0.0013428192,
2.13125,0.0098550878,
2.1315,-0.0083499756,
2.13175,-0.0082788356,
2.132,-0.0003693523,
2.13225,0.0022921732,
2.1325,-0.0022671572,
2.13275,-0.0005005074,
2.133,0.0097515183,
2.13325,0.0047567436,
2.1335,-0.0069948528,
2.13375,0.0025482867,
2.134,0.0141205974,
2.13425,0.0037815992,
2.1345,-0.0033379542,
2.13475,-0.0027525113,
2.135,-0.0107100746,
2.13525,-0.0107120806,
2.1355,-0.0144743538,
2.13575,0.0040791421,
2.136,-0.0146691268,
2.13625,-0.0095000751,
2.1365,-0.0294652246,
2.13675,-0.0127871856,
2.137,-0.0252895430,
2.13725,-0.0041340343,
2.1375,0.0115177650,
2.13775,0.0076299259,
2.138,-0.0020855274,
2.13825,0.0057435622,
2.1385,0.0030140483,
2.13875,-0.0026294119,
2.139,-0.0017112243,
2.13925,-0.0032382375,
2.1395,0.0004893971,
2.13975,0.0044965530,
2.14,-0.0078646224,
2.14025,-0.0053650416,
2.1405,0.0054505430,
2.14075,-0.0017794775,
2.141,-0.0001683683,
2.14125,0.0017672970,
2.1415,-0.0042660222,
2.14175,-0.0104983598,
2.142,-0.0041361265,
2.14225,0.0066607282,
2.1425,-0.0101299211,
2.14275,0.0017674790,
2.143,0.0075933710,
2.14325,-0.0010534273,
2.1435,-0.0076138177,
2.14375,0.0072263549,
2.144,0.0230576694,
2.14425,-0.0167645905,
2.1445,-0.0083021317,
2.14475,0.0022831953,
2.145,-0.0204293728,
2.14525,-0.0125746792,
2.1455,0.0063862763,
2.14575,-0.0124390936,
2.146,-0.0191531032,
2.14625,-0.0237881616,
2.1465,-0.0122157112,
2.14675,-0.0287962481,
2.147,-0.0318409391,
2.14725,0.0098576751,
2.1475,-0.0006811240,
2.14775,-0.0016988517,
2.148,0.0045890878,
2.14825,0.0093893167,
2.1485,0.0070705544,
2.14875,-0.0042574857,
2.149,0.0062833456,
2.14925,0.0046076784,
2.1495,0.0009497437,
2.14975,-0.0004502923,
2.15,-0.0122378971,
2.15025,0.0032080030,
2.1505,-0.0107377963,
2.15075,0.0015349708,
2.151,-0.0075727929,
2.15125,0.0027211977,
2.1515,-0.0104748597,
2.15175,-0.0047481381,
2.152,0.0081235236,
2.15225,0.0076409844,
2.1525,-0.0060784612,
2.15275,0.0097613046,
2.153,0.0097680055,
2.15325,-0.0033931036,
2.1535,0.0009888677,
2.15375,0.0179797951,
2.154,0.0028179854,
2.15425,-0.0015312908,
2.1545,-0.0078046704,
2.15475,0.0024269568,
2.155,-0.0058015301,
2.15525,-0.0088238856,
2.1555,0.0059292372,
2.15575,-0.0011310098,
2.156,-0.0118450643,
2.15625,-0.0114182867,
2.1565,-0.0159364790,
2.15675,-0.0220852550,
2.157,0.0007046426,
2.15725,0.0074848272,
2.1575,0.0178343318,
2.15775,0.0029763291,
2.158,0.0060564554,
2.15825,0.0129133426,
2.1585,0.0114920642,
2.15875,-0.0105260229,
2.159,0.0031972190,
2.15925,0.0112221092,
2.1595,0.0001804894,
2.15975,-0.0132334800,
2.16,0.0116877174,
2.16025,0.0041792025,
2.1605,-0.0073335967,
2.16075,0.0082138982,
2.161,0.0028052572,
2.16125,0.0000580290,
2.1615,-0.0062556481,
2.16175,0.0095665418,
2.162,0.0037131370,
2.16225,-0.0007409476,
2.1625,-0.0012948427,
2.16275,0.0070663723,
2.163,0.0067484537,
2.16325,-0.0021724002,
2.1635,0.0093671195,
2.16375,0.0108523704,
2.164,-0.0044198642,
2.16425,0.0041968692,
2.1645,-0.0043427590,
2.16475,-0.0085258260,
2.165,-0.0016043046,
2.16525,-0.0010342292,
2.1655,-0.0201844536,
2.16575,-0.0145367356,
2.166,-0.0139717385,
2.16625,0.0022579415,
2.1665,-0.0168592539,
2.16675,-0.0188449249,
2.167,0.0041382466,
2.16725,0.0142178265,
2.1675,0.0074475631,
2.16775,-0.0023091256,
2.168,0.0187197030,
2.16825,0.0114335250,
2.1685,-0.0115877809,
2.16875,-0.0003833644,
2.169,-0.0004365342,
2.16925,0.0012726870,
2.1695,-0.0129667521,
2.16975,-0.0062864176,
2.17,0.0078134723,
2.17025,-0.0084638856,
2.1705,-0.0026605304,
2.17075,-0.0016648197,
2.171,0.0036498276,
2.17125,-0.0104539264,
2.1715,0.0017868539,
2.17175,0.0077054794,
2.172,0.0079609156,
2.17225,-0.0063741738,
2.1725,0.0010308896,
2.17275,0.0078180758,
2.173,-0.0031099189,
2.17325,-0.0073507577,
2.1735,0.0187268313,
2.17375,-0.0002948430,
2.174,0.0020286096,
2.17425,-0.0125823058,
2.1745,0.0030495084,
2.17475,-0.0053381030,
2.175,-0.0083585540,
2.17525,0.0014954688,
2.1755,-0.0061839307,
2.17575,-0.0236093234,
2.176,-0.0140713425,
2.17625,-0.0263468456,
2.1765,-0.0158250779,
2.17675,-0.0003220730,
2.177,0.0149544012,
2.17725,0.0051345113,
2.1775,-0.0031366893,
2.17775,0.0032706561,
2.178,0.0061027887,
2.17825,0.0046301279,
2.1785,-0.0053943628,
2.17875,-0.0100371530,
2.179,0.0004532617,
2.17925,-0.0025420571,
2.1795,-0.0145033952,
2.17975,-0.0043889768,
2.18,0.0022222938,
2.18025,0.0017316163,
2.1805,-0.0197282452,
2.18075,0.0033560677,
2.181,0.0071572377,
2.18125,-0.0096008377,
2.1815,-0.0015807839,
2.18175,0.0037235669,
2.182,0.0044259243,
2.18225,-0.0102384100,
2.1825,0.0119692236,
2.18275,0.0102564516,
2.183,-0.0127010411,
2.18325,0.0059881289,
2.1835,0.0254742354,
2.18375,-0.0025267270,
2.184,-0.0031855069,
2.18425,-0.0076641031,
2.1845,0.0012422537,
2.18475,-0.0092953984,
2.185,0.0029693639,
2.18525,-0.0056339093,
2.1855,-0.0208381340,
2.18575,-0.0130120572,
2.186,0.0033171647,
2.18625,-0.0238961428,
2.1865,-0.0127296206,
2.18675,0.0115643246,
2.187,0.0102174357,
2.18725,0.0089542307,
2.1875,0.0051929099,
2.18775,0.0184227694,
2.188,0.0023354797,
2.18825,0.0002079865,
2.1885,0.0083873412,
2.18875,-0.0046388982,
2.189,0.0129247960,
2.18925,-0.0016551727,
2.1895,0.0026514207,
2.18975,0.0077706692,
2.19,-0.0005420621,
2.19025,-0.0023651901,
2.1905,-0.0065840594,
2.19075,0.0036953064,
2.191,0.0021362063,
2.19125,-0.0020532622,
2.1915,0.0105131995,
2.19175,0.0267605782,
2.192,-0.0011869119,
2.19225,0.0066859345,
2.1925,0.0154536087,
2.19275,0.0120714530,
2.193,0.0110041928,
2.19325,0.0142214969,
2.1935,0.0234669745,
2.19375,0.0007205226,
2.194,-0.0048774164,
2.19425,0.0115466109,
2.1945,-0.0040750806,
2.19475,0.0039874916,
2.195,0.0021293557,
2.19525,-0.0084595606,
2.1955,-0.0081650037,
2.19575,-0.0195584409,
2.196,-0.0005550136,
2.19625,0.0168987457,
2.1965,0.0120137259,
2.19675,0.0132523524,
2.197,0.0183772352,
2.19725,0.0082525313,
2.1975,0.0117339324,
2.19775,0.0174314678,
2.198,0.0212384239,
2.19825,0.0047076605,
2.1985,-0.0051911823,
2.19875,0.0248342119,
2.199,0.0022429635,
2.19925,-0.0022908153,
2.1995,0.0020617123,
2.19975,0.0126301963,
2.2,0.0045538153,
2.20025,-0.0074783089,
2.2005,0.0199893098,
2.20075,0.0120673049,
2.201,0.0041988068,
2.20125,0.0121072214,
2.2015,0.0147966659,
2.20175,0.0207155962,
2.202,0.0043495744,
2.20225,0.0137993898,
2.2025,0.0176896472,
2.20275,0.0045816307,
2.203,0.0119461603,
2.20325,0.0236776378,
2.2035,0.0111923162,
2.20375,-0.0029878083,
2.204,-0.0182841420,
2.20425,0.0094975270,
2.2045,0.0116303088,
2.20475,-0.0056953728,
2.205,-0.0008717419,
2.20525,0.0012767795,
2.2055,-0.0033744699,
2.20575,-0.0050053988,
2.206,-0.0135008972,
2.20625,-0.0015971613,
2.2065,0.0027206861,
2.20675,0.0128428750,
2.207,0.0170562118,
2.20725,-0.0044974447,
2.2075,0.0119512007,
2.20775,0.0141447885,
2.208,0.0090500144,
2.20825,-0.0053243153,
2.2085,0.0044192611,
2.20875,0.0097228270,
2.209,-0.0100636594,
2.20925,0.0013744971,
2.2095,0.0028533314,
2.20975,0.0050063301,
2.21,-0.0147045664,
2.21025,-0.0041642217,
2.2105,0.0000789881,
2.21075,-0.0006173105,
2.211,-0.0042441520,
2.21125,0.0010377015,
2.2115,0.0025186888,
2.21175,0.0030620534,
2.212,-0.0071267434,
2.21225,0.0010659299,
2.2125,0.0079938592,
2.21275,-0.0033098031,
2.213,0.0012535608,
2.21325,0.0188771095,
2.2135,-0.0032858741,
2.21375,-0.0156429540,
2.214,0.0041578934,
2.21425,-0.0010071313,
2.2145,-0.0167537797,
2.21475,-0.0137271862,
2.215,-0.0057173935,
2.21525,-0.0181223843,
2.2155,-0.0331098996,
2.21575,-0.0084763477,
2.216,-0.0021776760,
2.21625,-0.0036394096,
2.2165,-0.0055303313,
2.21675,0.0060395333,
2.217,-0.0040207379,
2.21725,0.0065540867,
2.2175,0.0043453039,
2.21775,0.0025391313,
2.218,-0.0052478090,
2.21825,-0.0061200703,
2.2185,-0.0045817061,
2.21875,-0.0111849736,
2.219,-0.0144443791,
2.21925,-0.0173974801,
2.2195,0.0035056248,
2.21975,-0.0113789197,
2.22,-0.0184896849,
2.22025,-0.0099648964,
2.2205,0.0150177265,
2.22075,-0.0072100870,
2.221,-0.0129921874,
2.22125,0.0099210264,
2.2215,0.0097173564,
2.22175,-0.0153271109,
2.222,-0.0054194834,
2.22225,0.0132733760,
2.2225,-0.0088161752,
2.22275,-0.0125193149,
2.223,0.0129751526,
2.22325,0.0038012485,
2.2235,-0.0281644892,
2.22375,-0.0145018734,
2.224,0.0171005037,
2.22425,-0.0173287541,
2.2245,-0.0184671413,
2.22475,-0.0089627141,
2.225,-0.0057051880,
2.22525,-0.0155294230,
2.2255,-0.0166776069,
2.22575,-0.0122779692,
2.226,-0.0077677588,
2.22625,0.0001292706,
2.2265,0.0070526469,
2.22675,0.0004085369,
2.227,0.0055336491,
2.22725,0.0078923246,
2.2275,0.0084687499,
2.22775,0.0043976931,
2.228,-0.0074290270,
2.22825,0.0014347745,
2.2285,-0.0077263629,
2.22875,-0.0137006007,
2.229,-0.0046711303,
2.22925,-0.0049408330,
2.2295,0.0012707094,
2.22975,-0.0031819090,
2.23,-0.0124510946,
2.23025,0.0040308814,
2.2305,0.0094531793,
2.23075,-0.0116659384,
2.231,-0.0056020338,
2.23125,0.0105959224,
2.2315,-0.0015692373,
2.23175,-0.0157514066,
2.232,0.0132383043,
2.23225,0.0090714274,
2.2325,-0.0042376379,
2.23275,0.0073421705,
2.233,0.0178564135,
2.23325,-0.0068125753,
2.2335,-0.0122687146,
2.23375,0.0034828619,
2.234,0.0072649191,
2.23425,-0.0105072325,
2.2345,-0.0075239288,
2.23475,0.0005631351,
2.235,-0.0057056099,
2.23525,-0.0209624432,
2.2355,-0.0043371953,
2.23575,-0.0008229407,
2.236,0.0048595774,
2.23625,-0.0045585842,
2.2365,0.0094957473,
2.23675,0.0088597490,
2.237,-0.0072130323,
2.23725,0.0024336826,
2.2375,0.0006447291,
2.23775,-0.0012098694,
2.238,-0.0090987934,
2.23825,-0.0082503082,
2.2385,0.0101830112,
2.23875,-0.0143920742,
2.239,0.0000678521,
2.23925,0.0170961544,
2.2395,-0.0112908473,
2.23975,-0.0080845514,
2.24,0.0034724546,
2.24025,0.0112826116,
2.2405,-0.0066196453,
2.24075,-0.0070879650,
2.241,0.0099592144,
2.24125,0.0037389807,
2.2415,-0.0063850619,
2.24175,0.0045670061,
2.242,0.0067875367,
2.24225,0.0088222083,
2.2425,-0.0044169584,
2.24275,0.0121417185,
2.243,0.0077672685,
2.24325,-0.0182463676,
2.2435,-0.0079582045,
2.24375,0.0148476055,
2.244,-0.0062624700,
2.24425,-0.0132140620,
2.2445,-0.0104598710,
2.24475,0.0065541556,
2.245,-0.0155807510,
2.24525,-0.0158905666,
2.2455,-0.0019499200,
2.24575,0.0078722993,
2.246,0.0005143750,
2.24625,0.0000059808,
2.2465,0.0147329308,
2.24675,0.0120024476,
2.247,-0.0039139595,
2.24725,0.0106214276,
2.2475,0.0080647664,
2.24775,-0.0170348417,
2.248,0.0042664469,
2.24825,0.0050457451,
2.2485,-0.0146286190,
2.24875,-0.0089561092,
2.249,0.0033111447,
2.24925,-0.0050683343,
2.2495,-0.0097392611,
2.24975,-0.0174550824,
2.25,0.0051959073,
2.25025,-0.0019188898,
2.2505,-0.0095186904,
2.25075,0.0002471485,
2.251,0.0102823088,
2.25125,0.0042344094,
2.2515,-0.0048454721,
2.25175,0.0116351899,
2.252,0.0120719159,
2.25225,0.0044145719,
2.2525,0.0054752389,
2.25275,0.0113371480,
2.253,0.0004502911,
2.25325,-0.0061673308,
2.2535,-0.0002938644,
2.25375,0.0041579134,
2.254,-0.0143129881,
2.25425,-0.0116679613,
2.2545,-0.0047312705,
2.25475,-0.0148960901,
2.255,-0.0261255372,
2.25525,-0.0001265780,
2.2555,-0.0028722014,
2.25575,0.0061949398,
2.256,-0.0016979708,
2.25625,0.0121025546,
2.2565,-0.0048295762,
2.25675,-0.0017600318,
2.257,-0.0008904486,
2.25725,-0.0027922669,
2.2575,-0.0040224204,
2.25775,-0.0095770080,
2.258,-0.0060197483,
2.25825,0.0015672965,
2.2585,-0.0097544519,
2.25875,-0.0075915223,
2.259,0.0022864910,
2.25925,0.0018323311,
2.2595,-0.0084432466,
2.25975,-0.0071995384,
2.26,0.0104603870,
2.26025,0.0091402186,
2.2605,-0.0132981688,
2.26075,0.0171933621,
2.261,0.0199238956,
2.26125,-0.0023150868,
2.2615,0.0012564312,
2.26175,0.0197038166,
2.262,0.0080213854,
2.26225,-0.0074509019,
2.2625,0.0133597953,
2.26275,0.0131307319,
2.263,-0.0192903988,
2.26325,-0.0044694860,
2.2635,0.0134927966,
2.26375,-0.0071318755,
2.264,-0.0117767928,
2.26425,-0.0028707171,
2.2645,0.0044661066,
2.26475,-0.0144427503,
2.265,-0.0097005367,
2.26525,0.0036451519,
2.2655,-0.0025733232,
2.26575,-0.0158416629,
2.266,0.0098318318,
2.26625,0.0084111383,
2.2665,-0.0009694837,
2.26675,-0.0016268343,
2.267,-0.0028894860,
2.26725,-0.0122328680,
2.2675,-0.0036757914,
2.26775,-0.0033022405,
2.268,-0.0085200770,
2.26825,-0.0103266109,
2.2685,0.0015408366,
2.26875,0.0023440793,
2.269,-0.0009982714,
2.26925,0.0077001243,
2.2695,-0.0095730359,
2.26975,0.0008959430,
2.27,0.0145612555,
2.27025,0.0107359467,
2.2705,0.0036347425,
2.27075,0.0208280496,
2.271,0.0132488087,
2.27125,0.0047173095,
2.2715,0.0124798939,
2.27175,0.0287529975,
2.272,0.0057437159,
2.27225,0.0076950719,
2.2725,0.0121882688,
2.27275,-0.0014185848,
2.273,0.0012742252,
2.27325,0.0124561181,
2.2735,-0.0049185054,
2.27375,-0.0080436245,
2.274,-0.0075377361,
2.27425,-0.0072977273,
2.2745,-0.0145515604,
2.27475,-0.0164037682,
2.275,-0.0042835292,
2.27525,0.0108028902,
2.2755,0.0133364666,
2.27575,0.0112224855,
2.276,0.0053557893,
2.27625,-0.0022640007,
2.2765,0.0054739406,
2.27675,-0.0050323810,
2.277,0.0115219224,
2.27725,0.0012255602,
2.2775,-0.0035055932,
2.27775,0.0035066602,
2.278,0.0161212143,
2.27825,-0.0105799912,
2.2785,-0.0000938040,
2.27875,0.0145573318,
2.279,0.0189848691,
2.27925,-0.0013703208,
2.2795,0.0056084637,
2.27975,0.0184481796,
2.28,0.0171777979,
2.28025,0.0064007211,
2.2805,0.0186178125,
2.28075,0.0184409078,
2.281,0.0090380562,
2.28125,0.0076703597,
2.2815,0.0235725958,
2.28175,0.0123993587,
2.282,0.0136123737,
2.28225,0.0189272277,
2.2825,-0.0093036182,
2.28275,-0.0045905816,
2.283,0.0026760432,
2.28325,0.0026224479,
2.2835,0.0166290272,
2.28375,-0.0110727632,
2.284,0.0000214202,
2.28425,0.0028913734,
2.2845,-0.0003528393,
2.28475,-0.0068363696,
2.285,0.0106496494,
2.28525,0.0157797951,
2.2855,-0.0084488131,
2.28575,0.0165384784,
2.286,0.0143729942,
2.28625,0.0099962400,
2.2865,-0.0061246236,
2.28675,0.0129531790,
2.287,-0.0028969259,
2.28725,0.0065105031,
2.2875,-0.0079708407,
2.28775,0.0032005182,
2.288,0.0020852431,
2.28825,0.0039838576,
2.2885,0.0117082298,
2.28875,0.0130605409,
2.289,0.0071318150,
2.28925,-0.0058755660,
2.2895,0.0093667479,
2.28975,0.0179996658,
2.29,0.0085074669,
2.29025,0.0021797852,
2.2905,0.0153177641,
2.29075,0.0119995596,
2.291,-0.0012920564,
2.29125,0.0080025764,
2.2915,0.0174641088,
2.29175,0.0076866332,
2.292,0.0040508164,
2.29225,-0.0026577802,
2.2925,-0.0052231103,
2.29275,0.0060138707,
2.293,-0.0080200322,
2.29325,-0.0031159597,
2.2935,-0.0005710564,
2.29375,-0.0084481863,
2.294,-0.0007297733,
2.29425,-0.0248201303,
2.2945,-0.0050217155,
2.29475,-0.0063896370,
2.295,0.0188147221,
2.29525,0.0069753341,
2.2955,0.0087254485,
2.29575,0.0011023073,
2.296,0.0029619269,
2.29625,-0.0024841141,
2.2965,-0.0011757405,
2.29675,-0.0005915038,
2.297,0.0020037603,
2.29725,0.0015278232,
2.2975,-0.0014044736,
2.29775,-0.0057086432,
2.298,-0.0146896439,
2.29825,-0.0005588990,
2.2985,-0.0047707404,
2.29875,0.0169445947,
2.299,0.0007237680,
2.29925,-0.0141998008,
2.2995,0.0047937953,
2.29975,0.0113740088,
2.3,-0.0043584784,
2.30025,0.0023383428,
2.3005,0.0157042947,
2.30075,0.0069764741,
2.301,-0.0141585674,
2.30125,0.0153416041,
2.3015,0.0151401162,
2.30175,0.0098388419,
2.302,-0.0075308550,
2.30225,-0.0092354128,
2.3025,-0.0016525771,
2.30275,-0.0042519025,
2.303,0.0057944846,
2.30325,0.0098892543,
2.3035,-0.0128063038,
2.30375,-0.0009589500,
2.304,-0.0141283665,
2.30425,-0.0177181046,
2.3045,-0.0209037475,
2.30475,0.0048623858,
2.305,-0.0010565852,
2.30525,-0.0041545192,
2.3055,0.0029784418,
2.30575,0.0027795860,
2.306,-0.0030090413,
2.30625,-0.0011581716,
2.3065,0.0030474397,
2.30675,0.0012918161,
2.307,0.0000432161,
2.30725,-0.0028336877,
2.3075,-0.0082556959,
2.30775,-0.0023760116,
2.308,0.0082452912,
2.30825,-0.0181835219,
2.3085,0.0133162010,
2.30875,-0.0002411399,
2.309,-0.0006858126,
2.30925,-0.0009025190,
2.3095,0.0110331820,
2.30975,0.0141025344,
2.31,0.0043911692,
2.31025,0.0131852478,
2.3105,0.0133573040,
2.31075,0.0003248361,
2.311,-0.0002493200,
2.31125,0.0170378089,
2.3115,0.0120391883,
2.31175,-0.0088321529,
2.312,-0.0026731575,
2.31225,-0.0067451647,
2.3125,0.0044994806,
2.31275,-0.0166555457,
2.313,0.0093538119,
2.31325,0.0049699540,
2.3135,0.0000662708,
2.31375,-0.0223575011,
2.314,-0.0213438105,
2.31425,-0.0068795579,
2.3145,-0.0058777020,
2.31475,0.0113629736,
2.315,0.0190647207,
2.31525,0.0065505411,
2.3155,0.0052775205,
2.31575,0.0162119120,
2.316,0.0037574430,
2.31625,0.0004585297,
2.3165,-0.0076568271,
2.31675,0.0072194468,
2.317,-0.0013597915,
2.31725,-0.0057054381,
2.3175,-0.0154920369,
2.31775,-0.0018762408,
2.318,-0.0021020053,
2.31825,0.0036308719,
2.3185,0.0155589227,
2.31875,0.0024068616,
2.319,-0.0042270324,
2.31925,0.0080404822,
2.3195,0.0117148934,
2.31975,-0.0021293520,
2.32,0.0090572061,
2.32025,0.0077506276,
2.3205,-0.0016367018,
2.32075,-0.0008266713,
2.321,0.0019267270,
2.32125,0.0143735837,
2.3215,0.0046290350,
2.32175,-0.0128509551,
2.322,-0.0148377493,
2.32225,0.0017299498,
2.3225,-0.0042301668,
2.32275,-0.0013298048,
2.323,-0.0042821877,
2.32325,-0.0143272411,
2.3235,-0.0187519919,
2.32375,-0.0195374154,
2.324,-0.0084340461,
2.32425,-0.0333144814,
2.3245,-0.0080682309,
2.32475,0.0002121256,
2.325,0.0010262125,
2.32525,-0.0092679374,
2.3255,0.0008627315,
2.32575,0.0114637539,
2.326,0.0047194380,
2.32625,-0.0134920226,
2.3265,0.0054681282,
2.32675,-0.0004262283,
2.327,-0.0137671260,
2.32725,-0.0207631122,
2.3275,0.0022938484,
2.32775,-0.0158007797,
2.328,-0.0214256160,
2.32825,0.0047514550,
2.3285,-0.0100349654,
2.32875,-0.0065212352,
2.329,-0.0047301538,
2.32925,0.0066002794,
2.3295,0.0025931797,
2.32975,-0.0010202043,
2.33,-0.0061565801,
2.33025,-0.0008799324,
2.3305,-0.0082084946,
2.33075,-0.0180521682,
2.331,0.0026965458,
2.33125,-0.0037574314,
2.3315,-0.0171968453,
2.33175,-0.0117306123,
2.332,-0.0089595160,
2.33225,-0.0034442339,
2.3325,-0.0266726781,
2.33275,-0.0028235912,
2.333,-0.0021896800,
2.33325,-0.0087817805,
2.3335,-0.0340149887,
2.33375,-0.0152217131,
2.334,-0.0241972804,
2.33425,-0.0138961188,
2.3345,0.0021729819,
2.33475,0.0071430271,
2.335,-0.0060773497,
2.33525,0.0034801457,
2.3355,0.0104571935,
2.33575,0.0008867506,
2.336,-0.0074294256,
2.33625,-0.0132073453,
2.3365,-0.0065254662,
2.33675,-0.0051194197,
2.337,-0.0167523734,
2.33725,-0.0249563232,
2.3375,0.0014636116,
2.33775,-0.0009649048,
2.338,-0.0137806367,
2.33825,-0.0081824623,
2.3385,0.0106616486,
2.33875,-0.0080295354,
2.339,-0.0145189138,
2.33925,0.0045006312,
2.3395,0.0004251528,
2.33975,-0.0197894517,
2.34,0.0034912114,
2.34025,0.0077195209,
2.3405,-0.0072235521,
2.34075,-0.0054475362,
2.341,0.0181813426,
2.34125,-0.0010320548,
2.3415,-0.0195400864,
2.34175,-0.0036973418,
2.342,0.0002943850,
2.34225,-0.0241414998,
2.3425,-0.0058778217,
2.34275,-0.0096416399,
2.343,-0.0280237105,
2.34325,-0.0277104340,
2.3435,-0.0019749184,
2.34375,-0.0080462340,
2.344,-0.0356468223,
2.34425,0.0030438730,
2.3445,0.0102380421,
2.34475,-0.0008281409,
2.345,-0.0014633168,
2.34525,0.0124073420,
2.3455,0.0129953083,
2.34575,-0.0014378637,
2.346,-0.0059844856,
2.34625,0.0079381131,
2.3465,-0.0081054037,
2.34675,-0.0065592099,
2.347,-0.0163368769,
2.34725,0.0014404639,
2.3475,-0.0083149429,
2.34775,-0.0027401079,
2.348,-0.0159780644,
2.34825,0.0049811918,
2.3485,0.0004900729,
2.34875,-0.0066950074,
2.349,0.0120563665,
2.34925,0.0125151221,
2.3495,0.0016690979,
2.34975,-0.0019516627,
2.35,0.0099306544,
2.35025,0.0048103128,
2.3505,-0.0045942618,
2.35075,0.0085736644,
2.351,0.0080363555,
2.35125,-0.0056594126,
2.3515,-0.0046846997,
2.35175,0.0159412418,
2.352,-0.0002272975,
2.35225,-0.0174572859,
2.3525,0.0045554419,
2.35275,-0.0071249688,
2.353,-0.0148758534,
2.35325,-0.0224929303,
2.3535,-0.0115107242,
2.35375,-0.0220922176,
2.354,0.0054276553,
2.35425,0.0048047812,
2.3545,0.0176299140,
2.35475,0.0120699387,
2.355,0.0068359990,
2.35525,0.0058755726,
2.3555,0.0089185582,
2.35575,-0.0011478870,
2.356,-0.0063031772,
2.35625,0.0026089922,
2.3565,0.0065730540,
2.35675,-0.0157806501,
2.357,-0.0085802218,
2.35725,0.0122096660,
2.3575,-0.0009061683,
2.35775,-0.0089679714,
2.358,0.0008701117,
2.35825,0.0099074366,
2.3585,-0.0067455317,
2.35875,0.0021612174,
2.359,0.0079090232,
2.35925,0.0079369955,
2.3595,-0.0034873441,
2.35975,0.0090552494,
2.36,0.0088484632,
2.36025,0.0016633391,
2.3605,0.0026709638,
2.36075,0.0127637554,
2.361,0.0082032233,
2.36125,0.0008271097,
2.3615,-0.0084617008,
2.36175,-0.0004613934,
2.362,-0.0155815659,
2.36225,-0.0001084836,
2.3625,-0.0086805234,
2.36275,-0.0053536654,
2.363,-0.0100590019,
2.36325,-0.0096816560,
2.3635,-0.0091169942,
2.36375,-0.0160053968,
2.364,-0.0017365348,
2.36425,0.0059235138,
2.3645,0.0133455899,
2.36475,0.0051159449,
2.365,0.0102717513,
2.36525,0.0263659302,
2.3655,0.0164115429,
2.36575,-0.0022875592,
2.366,0.0066952799,
2.36625,0.0154144643,
2.3665,-0.0057836878,
2.36675,-0.0087368703,
2.367,0.0115170926,
2.36725,-0.0041246931,
2.3675,-0.0012345705,
2.36775,-0.0164251253,
2.368,0.0087282546,
2.36825,-0.0014044238,
2.3685,0.0029076198,
2.36875,0.0118330978,
2.369,0.0155003201,
2.36925,-0.0009662379,
2.3695,0.0032982137,
2.36975,0.0060153436,
2.37,0.0053746514,
2.37025,-0.0002827508,
2.3705,-0.0015030486,
2.37075,0.0048099966,
2.371,-0.0061619366,
2.37125,-0.0099371150,
2.3715,0.0073623452,
2.37175,-0.0010372044,
2.372,-0.0127549563,
2.37225,0.0007794384,
2.3725,-0.0155886179,
2.37275,-0.0246874988,
2.373,-0.0242925268,
2.37325,-0.0175876766,
2.3735,-0.0067957561,
2.37375,0.0030149505,
2.374,0.0040902514,
2.37425,0.0108297961,
2.3745,0.0110367835,
2.37475,0.0062930309,
2.375,0.0127731273,
2.37525,0.0166978892,
2.3755,-0.0023529485,
2.37575,-0.0041055302,
2.376,0.0041138758,
2.37625,0.0025817796,
2.3765,-0.0091267712,
2.37675,-0.0149023766,
2.377,-0.0009448751,
2.37725,0.0040757610,
2.3775,-0.0157023016,
2.37775,-0.0195360929,
2.378,0.0130311549,
2.37825,0.0006342296,
2.3785,-0.0129685635,
2.37875,0.0068514263,
2.379,0.0215148404,
2.37925,-0.0092000710,
2.3795,-0.0025746946,
2.37975,0.0116677023,
2.38,-0.0025712606,
2.38025,-0.0135462806,
2.3805,0.0117056333,
2.38075,0.0122068096,
2.381,-0.0121375555,
2.38125,-0.0166957248,
2.3815,-0.0034667484,
2.38175,-0.0118256547,
2.382,-0.0080208015,
2.38225,0.0015159200,
2.3825,0.0009685555,
2.38275,-0.0198820066,
2.383,-0.0033280607,
2.38325,-0.0165722761,
2.3835,-0.0183767471,
2.38375,-0.0062550362,
2.384,0.0104381097,
2.38425,0.0109663215,
2.3845,0.0058785728,
2.38475,0.0214284733,
2.385,0.0186548177,
2.38525,0.0077952794,
2.3855,0.0043893415,
2.38575,0.0012612495,
2.386,0.0105288997,
2.38625,-0.0147361020,
2.3865,0.0023142993,
2.38675,0.0043137958,
2.387,0.0032008344,
2.38725,0.0039957059,
2.3875,-0.0046279468,
2.38775,0.0050875866,
2.388,0.0157573987,
2.38825,0.0071869139,
2.3885,-0.0037572593,
2.38875,0.0174177848,
2.389,0.0107485671,
2.38925,-0.0053153229,
2.3895,0.0072875656,
2.38975,0.0148122301,
2.39,0.0056523168,
2.39025,0.0049351854,
2.3905,0.0138125839,
2.39075,0.0161308069,
2.391,-0.0018088451,
2.39125,0.0107044578,
2.3915,-0.0007850170,
2.39175,-0.0039867712,
2.392,0.0052903211,
2.39225,-0.0030239634,
2.3925,-0.0142119629,
2.39275,-0.0061009987,
2.393,0.0012487858,
2.39325,0.0161789153,
2.3935,0.0145076178,
2.39375,0.0080213239,
2.394,0.0189623479,
2.39425,0.0188574605,
2.3945,0.0228277314,
2.39475,0.0191453435,
2.395,0.0237307157,
2.39525,0.0189071018,
2.3955,0.0013934269,
2.39575,0.0187641103,
2.396,0.0149072194,
2.39625,-0.0026547897,
2.3965,0.0038289470,
2.39675,0.0132425139,
2.397,0.0156685654,
2.39725,-0.0099824974,
2.3975,-0.0044598766,
2.39775,0.0280495249,
2.398,0.0072946451,
2.39825,0.0050903521,
2.3985,0.0243010484,
2.39875,0.0194781050,
2.399,0.0106811635,
2.39925,0.0143992705,
2.3995,0.0221235342,
2.39975,0.0209390353,
2.4,0.0083606914,
2.40025,0.0235098936,
2.4005,0.0117158182,
2.40075,0.0042695422,
2.401,-0.0011015158,
2.40125,0.0077609383,
2.4015,0.0194147229,
2.40175,0.0007342303,
2.402,-0.0034125261,
2.40225,0.0095654614,
2.4025,0.0071759890,
2.40275,-0.0052057742,
2.403,-0.0109414030,
2.40325,0.0061759381,
2.4035,0.0006740659,
2.40375,0.0046705911,
2.404,0.0224736519,
2.40425,0.0221056230,
2.4045,0.0155815342,
2.40475,0.0199077837,
2.405,0.0159825068,
2.40525,0.0023666439,
2.4055,0.0051293671,
2.40575,0.0140368240,
2.406,-0.0044790944,
2.40625,-0.0004252141,
2.4065,0.0080353823,
2.40675,0.0183438212,
2.407,-0.0080120396,
2.40725,-0.0048238323,
2.4075,0.0028409131,
2.40775,0.0187386293,
2.408,0.0018114999,
2.40825,-0.0031960246,
2.4085,0.0086298902,
2.40875,0.0113910064,
2.409,-0.0004966189,
2.40925,0.0082326801,
2.4095,0.0139879696,
2.40975,0.0044170944,
2.41,0.0005598000,
2.41025,0.0079035703,
2.4105,0.0071614231,
2.41075,-0.0110830413,
2.411,-0.0106818024,
2.41125,-0.0065660193,
2.4115,-0.0136327390,
2.41175,-0.0044444539,
2.412,-0.0043630935,
2.41225,-0.0030974078,
2.4125,-0.0101681910,
2.41275,-0.0081962096,
2.413,0.0135046225,
2.41325,-0.0067191217,
2.4135,-0.0041122306,
2.41375,0.0032304020,
2.414,0.0042731501,
2.41425,0.0003381691,
2.4145,0.0049091573,
2.41475,0.0008248409,
2.415,0.0075177960,
2.41525,-0.0007520557,
2.4155,0.0000997909,
2.41575,-0.0044114385,
2.416,-0.0076189917,
2.41625,-0.0102917328,
2.4165,0.0022085584,
2.41675,-0.0011152960,
2.417,-0.0178193115,
2.41725,-0.0125852916,
2.4175,0.0055140276,
2.41775,0.0057406807,
2.418,-0.0143545037,
2.41825,-0.0019837043,
2.4185,0.0190940984,
2.41875,-0.0009334588,
2.419,-0.0140181333,
2.41925,0.0128517067,
2.4195,0.0085781207,
2.41975,-0.0124431923,
2.42,-0.0043581249,
2.42025,-0.0016796154,
2.4205,-0.0162212402,
2.42075,-0.0257102735,
2.421,0.0145223662,
2.42125,0.0096391523,
2.4215,-0.0284020081,
2.42175,-0.0003723316,
2.422,-0.0079910243,
2.42225,-0.0193995573,
2.4225,-0.0259304643,
2.42275,-0.0051352750,
2.423,-0.0044530793,
2.42325,-0.0128967855,
2.4235,0.0037970212,
2.42375,-0.0012242030,
2.424,0.0059109088,
2.42425,0.0010078319,
2.4245,0.0028841253,
2.42475,0.0043155882,
2.425,-0.0064289272,
2.42525,-0.0033972019,
2.4255,-0.0058267675,
2.42575,-0.0065336558,
2.426,-0.0043951590,
2.42625,-0.0073248129,
2.4265,-0.0083463741,
2.42675,-0.0087972097,
2.427,-0.0091142124,
2.42725,-0.0101051237,
2.4275,0.0121509116,
2.42775,0.0012977571,
2.428,-0.0052694203,
2.42825,0.0107895536,
2.4285,0.0059120259,
2.42875,-0.0138575258,
2.429,0.0083640581,
2.42925,0.0100934822,
2.4295,0.0092377989,
2.42975,-0.0089410590,
2.43,0.0098310979,
2.43025,-0.0030845571,
2.4305,0.0041486882,
2.43075,-0.0050354283,
2.431,0.0036668815,
2.43125,-0.0040493556,
2.4315,0.0063037458,
2.43175,-0.0107746469,
2.432,-0.0038227211,
2.43225,-0.0149790281,
2.4325,-0.0091393152,
2.43275,0.0039164210,
2.433,0.0000774053,
2.43325,0.0007115301,
2.4335,0.0051416261,
2.43375,0.0073092459,
2.434,0.0003546143,
2.43425,-0.0003971157,
2.4345,0.0084706619,
2.43475,0.0063403230,
2.435,0.0039843484,
2.43525,-0.0001097660,
2.4355,0.0036504637,
2.43575,0.0030882601,
2.436,-0.0065928521,
2.43625,0.0110544730,
2.4365,-0.0053611947,
2.43675,-0.0079610087,
2.437,-0.0005631625,
2.43725,0.0142705180,
2.4375,0.0123599283,
2.43775,0.0046944204,
2.438,0.0054564616,
2.43825,0.0161788072,
2.4385,0.0015541840,
2.43875,0.0021753090,
2.439,0.0132400282,
2.43925,0.0090823378,
2.4395,0.0039076298,
2.43975,0.0017681945,
2.44,0.0064425725,
2.44025,-0.0043291077,
2.4405,-0.0121773416,
2.44075,0.0092756897,
2.441,0.0036564281,
2.44125,-0.0052205245,
2.4415,-0.0187439770,
2.44175,-0.0137443356,
2.442,-0.0128234457,
2.44225,-0.0297400914,
2.4425,-0.0066220118,
2.44275,0.0079685207,
2.443,0.0002177010,
2.44325,-0.0013959110,
2.4435,0.0071423743,
2.44375,0.0121109877,
2.444,-0.0044559883,
2.44425,-0.0096366219,
2.4445,0.0063741584,
2.44475,-0.0069622463,
2.445,-0.0141478963,
2.44525,-0.0037122250,
2.4455,-0.0069084931,
2.44575,-0.0174784213,
2.446,0.0043740203,
2.44625,0.0010048955,
2.4465,-0.0070807482,
2.44675,-0.0109081641,
2.447,-0.0037513617,
2.44725,0.0066578034,
2.4475,0.0033223960,
2.44775,-0.0018985874,
2.448,0.0096366657,
2.44825,-0.0008268497,
2.4485,0.0009789150,
2.44875,-0.0050038430,
2.449,0.0071585169,
2.44925,0.0028595366,
2.4495,-0.0065587210,
2.44975,-0.0045092069,
2.45,-0.0164744034,
2.45025,-0.0090913558,
2.4505,-0.0152105447,
2.45075,-0.0012963464,
2.451,-0.0044778767,
2.45125,-0.0123714823,
2.4515,-0.0118726902,
2.45175,-0.0124796387,
2.452,-0.0291832332,
2.45225,-0.0106269531,
2.4525,-0.0022852977,
2.45275,0.0071447552,
2.453,-0.0113517800,
2.45325,-0.0027879558,
2.4535,-0.0074496674,
2.45375,-0.0071874764,
2.454,-0.0092404084,
2.45425,-0.0038935305,
2.4545,0.0014579290,
2.45475,0.0024937291,
2.455,-0.0040278248,
2.45525,-0.0000187537,
2.4555,0.0047093974,
2.45575,-0.0047920137,
2.456,-0.0038275127,
2.45625,-0.0027741552,
2.4565,-0.0000285414,
2.45675,-0.0080982763,
2.457,-0.0071646930,
2.45725,0.0099515989,
2.4575,0.0010672981,
2.45775,-0.0140951211,
2.458,0.0072721746,
2.45825,0.0017782669,
2.4585,-0.0147069246,
2.45875,0.0001013133,
2.459,0.0192857925,
2.45925,-0.0093015358,
2.4595,-0.0007487183,
2.45975,0.0008158828,
2.46,-0.0092414403,
2.46025,-0.0125215491,
2.4605,0.0038015607,
2.46075,0.0044237599,
2.461,-0.0199885126,
2.46125,-0.0144717433,
2.4615,-0.0016382691,
2.46175,-0.0163109358,
2.462,-0.0223231502,
2.46225,0.0008541403,
2.4625,0.0118476804,
2.46275,-0.0086599207,
2.463,0.0018159186,
2.46325,0.0109942174,
2.4635,0.0004887835,
2.46375,-0.0119777629,
2.464,0.0098729823,
2.46425,-0.0015247166,
2.4645,-0.0026183752,
2.46475,0.0030962033,
2.465,-0.0125105418,
2.46525,0.0074344571,
2.4655,0.0023116821,
2.46575,0.0042286022,
2.466,-0.0034462065,
2.46625,0.0071218326,
2.4665,-0.0081868013,
2.46675,-0.0033199950,
2.467,0.0056995014,
2.46725,0.0146280713,
2.4675,0.0033690410,
2.46775,0.0067479005,
2.468,0.0163322389,
2.46825,0.0060431445,
2.4685,-0.0065998086,
2.46875,0.0081038941,
2.469,0.0051287008,
2.46925,-0.0035055131,
2.4695,-0.0060365805,
2.46975,-0.0097030886,
2.47,-0.0027211024,
2.47025,0.0037540458,
2.4705,0.0013754636,
2.47075,0.0028260434,
2.471,-0.0058832201,
2.47125,-0.0013865776,
2.4715,-0.0152691398,
2.47175,-0.0183701403,
2.472,-0.0000684490,
2.47225,0.0094295265,
2.4725,0.0132035930,
2.47275,0.0049438337,
2.473,0.0022861620,
2.47325,0.0042525372,
2.4735,0.0123301903,
2.47375,0.0018457244,
2.474,0.0032616542,
2.47425,0.0115433196,
2.4745,0.0105393166,
2.47475,-0.0068558669,
2.475,0.0102232117,
2.47525,-0.0135484701,
2.4755,-0.0125700925,
2.47575,-0.0129687116,
2.476,0.0093022930,
2.47625,0.0043927077,
2.4765,-0.0105322246,
2.47675,0.0092365807,
2.477,0.0110426275,
2.47725,0.0017132757,
2.4775,0.0083889477,
2.47775,0.0069483658,
2.478,0.0133461356,
2.47825,-0.0081067104,
2.4785,-0.0016492161,
2.47875,0.0102089113,
2.479,0.0020383403,
2.47925,0.0030627344,
2.4795,-0.0176375154,
2.47975,-0.0105842026,
2.48,0.0128335208,
2.48025,0.0028442414,
2.4805,0.0071460111,
2.48075,-0.0044967867,
2.481,-0.0008651937,
2.48125,-0.0059389411,
2.4815,-0.0068387385,
2.48175,-0.0095870802,
2.482,-0.0011100947,
2.48225,0.0071472488,
2.4825,0.0068641510,
2.48275,-0.0016161130,
2.483,0.0046118353,
2.48325,0.0083784554,
2.4835,-0.0110683870,
2.48375,0.0034570838,
2.484,-0.0066236877,
2.48425,0.0050638728,
2.4845,-0.0054973969,
2.48475,-0.0119942408,
2.485,0.0022476648,
2.48525,-0.0004769469,
2.4855,-0.0082978336,
2.48575,-0.0046616425,
2.486,0.0017165658,
2.48625,-0.0186794642,
2.4865,0.0015359449,
2.48675,0.0077538341,
2.487,0.0139882639,
2.48725,0.0059115398,
2.4875,0.0035521272,
2.48775,0.0152396830,
2.488,0.0012182560,
2.48825,0.0020373138,
2.4885,0.0054544839,
2.48875,0.0081580700,
2.489,0.0026551760,
2.48925,-0.0088053253,
2.4895,-0.0069823442,
2.48975,0.0089473734,
2.49,-0.0037545059,
2.49025,0.0066034002,
2.4905,0.0089975186,
2.49075,0.0014145076,
2.491,-0.0145665845,
2.49125,-0.0235001203,
2.4915,0.0015439466,
2.49175,-0.0070635611,
2.492,0.0085234363,
2.49225,0.0160266478,
2.4925,0.0066002063,
2.49275,0.0092199426,
2.493,0.0154086864,
2.49325,0.0070925755,
2.4935,0.0110620055,
2.49375,-0.0040530628,
2.494,0.0060393475,
2.49425,0.0009911493,
2.4945,-0.0068552303,
2.49475,-0.0144089060,
2.495,-0.0142885195,
2.49525,0.0024849083,
2.4955,-0.0117460694,
2.49575,-0.0020064996,
2.496,0.0125946430,
2.49625,-0.0042790347,
2.4965,-0.0055064140,
2.49675,0.0055049448,
2.497,0.0137805957,
2.49725,-0.0001389112,
2.4975,-0.0029292342,
2.49775,0.0231252965,
2.498,-0.0009695428,
2.49825,-0.0054736007,
2.4985,0.0214557145,
2.49875,0.0147187784,
2.499,-0.0065199537,
2.49925,-0.0079134749,
2.4995,0.0122924997,
2.49975,0.0064571826,
2.5,-0.0019505136,
2.50025,0.0123971347,
2.5005,-0.0037373661,
2.50075,-0.0093581453,
2.501,-0.0036618754,
2.50125,0.0019976371,
2.5015,-0.0137698976,
2.50175,0.0051003457,
2.502,0.0136394314,
2.50225,0.0075270692,
2.5025,-0.0033509922,
2.50275,0.0083873235,
2.503,0.0046380288,
2.50325,0.0022892985,
2.5035,0.0001949358,
2.50375,-0.0075171683,
2.504,0.0077270758,
2.50425,-0.0000577159,
2.5045,-0.0016770617,
2.50475,-0.0039005235,
2.505,0.0083558345,
2.50525,-0.0168722048,
2.5055,-0.0002663299,
2.50575,-0.0018691844,
2.506,0.0022798309,
2.50625,-0.0028752405,
2.5065,0.0023552105,
2.50675,0.0206057914,
2.507,0.0063066548,
2.50725,-0.0001926203,
2.5075,0.0071339505,
2.50775,0.0069595124,
2.508,-0.0000960999,
2.50825,0.0041051982,
2.5085,0.0194720719,
2.50875,0.0016902625,
2.509,-0.0126035232,
2.50925,0.0054250071,
2.5095,0.0072496161,
2.50975,-0.0043810881,
2.51,0.0027236177,
2.51025,0.0019183019,
2.5105,0.0027962169,
2.51075,-0.0165478904,
2.511,-0.0102973469,
2.51125,-0.0014163118,
2.5115,-0.0041963602,
2.51175,0.0025298665,
2.512,0.0058196038,
2.51225,0.0101648467,
2.5125,0.0012844627,
2.51275,0.0112764677,
2.513,0.0100693749,
2.51325,0.0028392533,
2.5135,-0.0112102600,
2.51375,0.0067557185,
2.514,-0.0079880357,
2.51425,-0.0107994759,
2.5145,-0.0224643722,
2.51475,0.0002877738,
2.515,-0.0052878102,
2.51525,-0.0145236608,
2.5155,-0.0010631639,
2.51575,0.0078915190,
2.516,-0.0030739126,
2.51625,-0.0049286839,
2.5165,0.0116958953,
2.51675,0.0135864280,
2.517,-0.0043221591,
2.51725,0.0044155819,
2.5175,0.0111439507,
2.51775,0.0020282948,
2.518,-0.0036355862,
2.51825,0.0122182146,
2.5185,0.0094828252,
2.51875,-0.0119251367,
2.519,-0.0187168252,
2.51925,0.0033846344,
2.5195,-0.0049975538,
2.51975,-0.0133682275,
2.52,-0.0160943493,
2.52025,-0.0085719340,
2.5205,-0.0023614385,
2.52075,-0.0157338846,
2.521,-0.0080008972,
2.52125,-0.0099520301,
2.5215,-0.0056111510,
2.52175,-0.0030140295,
2.522,0.0069778962,
2.52225,-0.0098146023,
2.5225,-0.0029280118,
2.52275,0.0043862443,
2.523,0.0160746388,
2.52325,-0.0132780513,
2.5235,-0.0087371161,
2.52375,-0.0009587496,
2.524,-0.0134587241,
2.52425,-0.0195645131,
2.5245,-0.0002707010,
2.52475,-0.0092290174,
2.525,-0.0185504612,
2.52525,-0.0152114928,
2.5255,-0.0088152392,
2.52575,-0.0009368875,
2.526,-0.0159544982,
2.52625,0.0067484118,
2.5265,0.0021939706,
2.52675,0.0038919316,
2.527,-0.0055191503,
2.52725,0.0030777594,
2.5275,0.0012695058,
2.52775,-0.0013092054,
2.528,-0.0041368208,
2.52825,-0.0000744534,
2.5285,-0.0043928851,
2.52875,-0.0189487822,
2.529,0.0010012463,
2.52925,0.0095984153,
2.5295,-0.0139815062,
2.52975,-0.0090705855,
2.53,-0.0006626751,
2.53025,0.0009800600,
2.5305,-0.0345669016,
2.53075,-0.0141466120,
2.531,-0.0126189729,
2.53125,-0.0065990188,
2.5315,-0.0068519991,
2.53175,-0.0047561200,
2.532,0.0031045857,
2.53225,-0.0159778278,
2.5325,0.0041672457,
2.53275,-0.0016078362,
2.533,-0.0071315579,
2.53325,-0.0087187700,
2.5335,-0.0027308562,
2.53375,-0.0065776496,
2.534,-0.0110463053,
2.53425,-0.0259933360,
2.5345,-0.0045191599,
2.53475,-0.0064140563,
2.535,-0.0091924211,
2.53525,-0.0186360087,
2.5355,0.0007873458,
2.53575,0.0014949550,
2.536,-0.0173537452,
2.53625,0.0007299525,
2.5365,0.0183186512,
2.53675,-0.0037487850,
2.537,-0.0076884655,
2.53725,0.0181603394,
2.5375,0.0068966281,
2.53775,-0.0162063967,
2.538,0.0038890881,
2.53825,0.0140132625,
2.5385,-0.0228290558,
2.53875,-0.0216848105,
2.539,0.0122287478,
2.53925,-0.0182180963,
2.5395,-0.0234031584,
2.53975,-0.0058044451,
2.54,0.0013466262,
2.54025,-0.0165048558,
2.5405,-0.0153373638,
2.54075,0.0015996883,
2.541,-0.0144539420,
2.54125,-0.0035106856,
2.5415,-0.0016664797,
2.54175,0.0037864470,
2.542,0.0021072952,
2.54225,0.0064294478,
2.5425,0.0098850252,
2.54275,0.0100994902,
2.543,-0.0033159463,
2.54325,0.0077841133,
2.5435,-0.0053169969,
2.54375,-0.0078885732,
2.544,-0.0184538513,
2.54425,-0.0000104841,
2.5445,-0.0059143780,
2.54475,0.0009637102,
2.545,-0.0186359733,
2.54525,-0.0020117215,
2.5455,0.0121578891,
2.54575,-0.0009466273,
2.546,0.0091789989,
2.54625,0.0163437966,
2.5465,0.0146135837,
2.54675,-0.0044353302,
2.547,0.0142494310,
2.54725,0.0154562332,
2.5475,0.0022141242,
2.54775,0.0014746246,
2.548,0.0131370975,
2.54825,-0.0013884791,
2.5485,-0.0096068364,
2.54875,0.0094752079,
2.549,0.0137501778,
2.54925,-0.0108575951,
2.5495,0.0030812856,
2.54975,-0.0004024408,
2.55,-0.0153985042,
2.55025,-0.0326661095,
2.5505,-0.0000260665,
2.55075,-0.0017453748,
2.551,0.0077173617,
2.55125,0.0088684438,
2.5515,0.0114317881,
2.55175,0.0132653732,
2.552,-0.0006323045,
2.55225,0.0106444415,
2.5525,0.0090629850,
2.55275,0.0021716934,
2.553,-0.0066547892,
2.55325,0.0037793033,
2.5535,0.0168723464,
2.55375,0.0017447558,
2.554,-0.0035562946,
2.55425,0.0135055166,
2.5545,0.0032318193,
2.55475,0.0029758420,
2.555,-0.0081633674,
2.55525,0.0058069890,
2.5555,0.0083212629,
2.55575,-0.0023107703,
2.556,0.0110466648,
2.55625,0.0236489624,
2.5565,0.0040434361,
2.55675,0.0087984018,
2.557,0.0182108749,
2.55725,0.0165083371,
2.5575,-0.0019748656,
2.55775,0.0104911607,
2.558,0.0152383139,
2.55825,-0.0084869647,
2.5585,-0.0092452168,
2.55875,0.0004560385,
2.559,-0.0022739840,
2.55925,0.0007128709,
2.5595,-0.0037181042,
2.55975,0.0079979300,
2.56,0.0011080557,
2.56025,-0.0006879298,
2.5605,-0.0078468546,
2.56075,-0.0019148970,
2.561,-0.0052796770,
2.56125,-0.0097952699,
2.5615,0.0159467869,
2.56175,0.0085347611,
2.562,0.0038904336,
2.56225,0.0106464624,
2.5625,0.0110088484,
2.56275,-0.0006914436,
2.563,-0.0014434509,
2.56325,0.0081411162,
2.5635,-0.0052524228,
2.56375,-0.0141472109,
2.564,0.0089739347,
2.56425,0.0060100742,
2.5645,0.0043790815,
2.56475,-0.0194665212,
2.565,0.0015498002,
2.56525,0.0004905898,
2.5655,0.0059069316,
2.56575,0.0018293870,
2.566,0.0086935880,
2.56625,0.0108512808,
2.5665,0.0003983212,
2.56675,0.0021106852,
2.567,0.0120164379,
2.56725,0.0108481068,
2.5675,0.0004708290,
2.56775,0.0058588381,
2.568,-0.0005362558,
2.56825,-0.0041069114,
2.5685,0.0017824937,
2.56875,-0.0098511372,
2.569,-0.0157441888,
2.56925,-0.0120536946,
2.5695,-0.0009060294,
2.56975,-0.0229035597,
2.57,-0.0252130739,
2.57025,-0.0127789890,
2.5705,0.0012672630,
2.57075,0.0099389534,
2.571,-0.0038246342,
2.57125,0.0117029147,
2.5715,-0.0055708266,
2.57175,0.0047839982,
2.572,-0.0044354093,
2.57225,0.0083003063,
2.5725,-0.0056231786,
2.57275,-0.0082184114,
2.573,0.0031084360,
2.57325,0.0058656191,
2.5735,-0.0102479672,
2.57375,-0.0047026114,
2.574,-0.0079109389,
2.57425,0.0086868936,
2.5745,-0.0037788264,
2.57475,-0.0243430231,
2.575,0.0016893602,
2.57525,0.0120518282,
2.5755,-0.0058359676,
2.57575,-0.0029228791,
2.576,0.0221499447,
2.57625,0.0054220734,
2.5765,-0.0076988665,
2.57675,0.0123416493,
2.577,0.0176369138,
2.57725,-0.0125301825,
2.5775,0.0062321988,
2.57775,0.0038021924,
2.578,-0.0177048370,
2.57825,-0.0164165124,
2.5785,-0.0028314269,
2.57875,0.0116769094,
2.579,-0.0095916856,
2.57925,-0.0070543485,
2.5795,0.0145556275,
2.57975,-0.0122974534,
2.58,-0.0110548045,
2.58025,-0.0052537262,
2.5805,-0.0006047611,
2.58075,-0.0231517032,
2.581,0.0014888205,
2.58125,0.0064259772,
2.5815,-0.0006930504,
2.58175,0.0076112519,
2.582,0.0115530835,
2.58225,0.0020543493,
2.5825,0.0013535942,
2.58275,0.0044046529,
2.583,-0.0051742983,
2.58325,-0.0024024188,
2.5835,0.0020700265,
2.58375,-0.0044836751,
2.584,0.0051351027,
2.58425,0.0031313950,
2.5845,-0.0091602756,
2.58475,-0.0052822432,
2.585,0.0133851068,
2.58525,0.0160540696,
2.5855,-0.0024475632,
2.58575,0.0191616938,
2.586,0.0224588159,
2.58625,0.0027195283,
2.5865,0.0067193299,
2.58675,0.0226994529,
2.587,0.0125639709,
2.58725,-0.0031246583,
2.5875,0.0085807461,
2.58775,0.0090153916,
2.588,-0.0038184957,
2.58825,-0.0006158216,
2.5885,-0.0041533676,
2.58875,-0.0128590269,
2.589,-0.0029046987,
2.58925,0.0097452309,
2.5895,-0.0073032356,
2.58975,-0.0025236011,
2.59,-0.0031313694,
2.59025,0.0094101392,
2.5905,0.0136770550,
2.59075,0.0051724855,
2.591,0.0097199772,
2.59125,0.0123682665,
2.5915,0.0099600581,
2.59175,0.0084421765,
2.592,0.0154038277,
2.59225,0.0120858802,
2.5925,0.0130001782,
2.59275,0.0108973272,
2.593,0.0145699158,
2.59325,-0.0071346671,
2.5935,0.0036392722,
2.59375,0.0089978557,
2.594,0.0212265830,
2.59425,0.0025293762,
2.5945,-0.0059622461,
2.59475,0.0176153313,
2.595,0.0213125162,
2.59525,0.0097762933,
2.5955,0.0186382532,
2.59575,0.0248527564,
2.596,0.0205314253,
2.59625,0.0063205073,
2.5965,0.0176589359,
2.59675,0.0169679318,
2.597,0.0146750789,
2.59725,0.0102575114,
2.5975,-0.0029388021,
2.59775,-0.0046074991,
2.598,0.0055324743,
2.59825,0.0061309459,
2.5985,0.0205863714,
2.59875,0.0062497258,
2.599,0.0071039102,
2.59925,-0.0036204634,
2.5995,-0.0060658231,
2.59975,-0.0217823945,
2.6,-0.0099871447,
2.60025,0.0103400266,
2.6005,0.0009333999,
2.60075,0.0054002432,
2.601,0.0041497401,
2.60125,0.0204811133,
2.6015,0.0068874117,
2.60175,0.0072928164,
2.602,0.0113198077,
2.60225,0.0171059240,
2.6025,-0.0046357424,
2.60275,0.0005489922,
2.603,0.0011425146,
2.60325,0.0052283118,
2.6035,-0.0085793724,
2.60375,0.0190717801,
2.604,0.0035681645,
2.60425,-0.0083228163,
2.6045,0.0011302687,
2.60475,0.0146606546,
2.605,0.0080171507,
2.60525,0.0047265319,
2.6055,0.0120450696,
2.60575,0.0127462223,
2.606,-0.0047414098,
2.60625,0.0054662935,
2.6065,0.0075810566,
2.60675,0.0142982928,
2.607,0.0014917953,
2.60725,-0.0034465217,
2.6075,-0.0109159909,
2.60775,0.0065081585,
2.608,-0.0138853071,
2.60825,-0.0122091165,
2.6085,0.0054216022,
2.60875,-0.0042180833,
2.609,-0.0092069171,
2.60925,-0.0205534045,
2.6095,-0.0102247009,
2.60975,-0.0214737281,
2.61,0.0072067934,
2.61025,0.0060446784,
2.6105,0.0006278267,
2.61075,-0.0012796478,
2.611,0.0146076232,
2.61125,-0.0004802488,
2.6115,0.0064586680,
2.61175,-0.0041639376,
2.612,0.0043496080,
2.61225,0.0023391785,
2.6125,-0.0010619118,
2.61275,-0.0068579921,
2.613,-0.0112582780,
2.61325,-0.0013502229,
2.6135,-0.0038690269,
2.61375,-0.0059933569,
2.614,-0.0054550222,
2.61425,-0.0119181024,
2.6145,-0.0078174043,
2.61475,0.0030472341,
2.615,0.0020954732,
2.61525,-0.0078129945,
2.6155,0.0070009837,
2.61575,0.0130048264,
2.616,-0.0118380263,
2.61625,-0.0072954586,
2.6165,0.0179641675,
2.61675,0.0019139685,
2.617,-0.0190868564,
2.61725,-0.0052648121,
2.6175,-0.0048887678,
2.61775,-0.0224430338,
2.618,-0.0056476304,
2.61825,0.0107196067,
2.6185,-0.0226458441,
2.61875,-0.0180455986,
2.619,-0.0188662261,
2.61925,-0.0162759535,
2.6195,-0.0392144918,
2.61975,-0.0120374169,
2.62,0.0003943214,
2.62025,-0.0096767824,
2.6205,-0.0058451206,
2.62075,-0.0004557400,
2.621,0.0036910865,
2.62125,0.0018683386,
2.6215,-0.0065212306,
2.62175,0.0000019903,
2.622,-0.0032692775,
2.62225,-0.0044812663,
2.6225,-0.0115314759,
2.62275,-0.0084385797,
2.623,0.0024748573,
2.62325,-0.0239849370,
2.6235,0.0024110270,
2.62375,-0.0041252933,
2.624,-0.0115322322,
2.62425,-0.0143147781,
2.6245,-0.0027477671,
2.62475,0.0086731343,
2.625,0.0001457430,
2.62525,0.0001438036,
2.6255,0.0164232384,
2.62575,0.0013707021,
2.626,-0.0046381326,
2.62625,0.0054571573,
2.6265,0.0209753420,
2.62675,-0.0143759781,
2.627,-0.0009352118,
2.62725,-0.0082571562,
2.6275,-0.0040782792,
2.62775,-0.0177615471,
2.628,-0.0006763281,
2.62825,0.0035903461,
2.6285,-0.0027580201,
2.62875,-0.0115530659,
2.629,-0.0135862082,
2.62925,-0.0209802911,
2.6295,-0.0247136336,
2.62975,0.0001200949,
2.63,0.0079702931,
2.63025,-0.0003856295,
2.6305,-0.0032809111,
2.63075,0.0067278319,
2.631,0.0044334121,
2.63125,0.0046046586,
2.6315,-0.0050603691,
2.63175,0.0082575390,
2.632,0.0108433599,
2.63225,-0.0014506496,
2.6325,-0.0083809886,
2.63275,0.0121276649,
2.633,-0.0034778938,
2.63325,0.0009361043,
2.6335,-0.0031518326,
2.63375,0.0017688818,
2.634,-0.0076868655,
2.63425,-0.0051534711,
2.6345,0.0174271837,
2.63475,0.0076347399,
2.635,0.0030353419,
2.63525,0.0141065419,
2.6355,0.0159884263,
2.63575,0.0058721071,
2.636,-0.0006937590,
2.63625,0.0167384855,
2.6365,-0.0007516319,
2.63675,-0.0084391711,
2.637,-0.0059750914,
2.63725,-0.0097126039,
2.6375,-0.0089228228,
2.63775,-0.0066719018,
2.638,-0.0013083299,
2.63825,-0.0175617002,
2.6385,-0.0243399628,
2.63875,-0.0099569615,
2.639,0.0004523621,
2.63925,-0.0283695981,
2.6395,-0.0136137120,
2.63975,0.0007989560,
2.64,0.0096976142,
2.64025,-0.0090245390,
2.6405,-0.0026517094,
2.64075,0.0151215661,
2.641,0.0009582554,
2.64125,-0.0148580093,
2.6415,0.0060185762,
2.64175,0.0076471167,
2.642,-0.0044214660,
2.64225,-0.0176704489,
2.6425,0.0071157445,
2.64275,-0.0035146722,
2.643,-0.0122476425,
2.64325,-0.0009733870,
2.6435,-0.0014973551,
2.64375,-0.0097522251,
2.644,-0.0098457700,
2.64425,0.0039298655,
2.6445,0.0057476154,
2.64475,-0.0001540457,
2.645,-0.0003913142,
2.64525,0.0039962051,
2.6455,0.0008029185,
2.64575,-0.0070877094,
2.646,-0.0006425111,
2.64625,0.0073345080,
2.6465,-0.0063132141,
2.64675,-0.0086275404,
2.647,-0.0143797435,
2.64725,-0.0048775477,
2.6475,-0.0097842971,
2.64775,-0.0019357541,
2.648,-0.0010361902,
2.64825,-0.0047232499,
2.6485,-0.0216610916,
2.64875,-0.0154676670,
2.649,-0.0294224285,
2.64925,-0.0172056500,
2.6495,-0.0028797367,
2.64975,0.0023458800,
2.65,0.0016045370,
2.65025,-0.0050937645,
2.6505,0.0061771460,
2.65075,0.0136759281,
2.651,-0.0023375289,
2.65125,0.0017750862,
2.6515,0.0022938449,
2.65175,0.0092712771,
2.652,-0.0048100068,
2.65225,-0.0117420312,
2.6525,0.0015147324,
2.65275,-0.0078221625,
2.653,-0.0121696759,
2.65325,-0.0202498175,
2.6535,0.0011779697,
2.65375,-0.0059283436,
2.654,-0.0110499747,
2.65425,-0.0002066913,
2.6545,0.0095513454,
2.65475,-0.0092635714,
2.655,-0.0077981791,
2.65525,0.0192381945,
2.6555,-0.0044086818,
2.65575,-0.0132376514,
2.656,0.0096360669,
2.65625,0.0059146574,
2.6565,-0.0100980550,
2.65675,-0.0097503383,
2.657,-0.0085266586,
2.65725,-0.0103362557,
2.6575,-0.0069101714,
2.65775,0.0033922496,
2.658,-0.0204930976,
2.65825,-0.0220955238,
2.6585,-0.0047186022,
2.65875,-0.0032788711,
2.659,-0.0256386846,
2.65925,-0.0048522921,
2.6595,0.0172274522,
2.65975,0.0029818742,
2.66,0.0046998663,
2.66025,0.0090770535,
2.6605,0.0099633550,
2.66075,-0.0016306679,
2.661,0.0024075548,
2.66125,0.0035823160,
2.6615,0.0012036877,
2.66175,0.0033836041,
2.662,-0.0120207574,
2.66225,0.0002075157,
2.6625,0.0008450133,
2.66275,0.0021102664,
2.663,-0.0198417157,
2.66325,-0.0016219652,
2.6635,-0.0032041646,
2.66375,-0.0073410100,
2.664,-0.0003707186,
2.66425,0.0178047810,
2.6645,0.0120270476,
2.66475,-0.0071035372,
2.665,0.0160374809,
2.66525,0.0142947212,
2.6655,-0.0048607774,
2.66575,0.0080339015,
2.666,0.0055855410,
2.66625,0.0073694321,
2.6665,-0.0114261359,
2.66675,-0.0013780025,
2.667,0.0104251886,
2.66725,-0.0068507758,
2.6675,0.0071205785,
2.66775,0.0063163671,
2.668,-0.0063441377,
2.66825,-0.0146035338,
2.6685,-0.0081540113,
2.66875,-0.0075569712,
2.669,0.0089934263,
2.66925,0.0092692291,
2.6695,0.0121239163,
2.66975,0.0106077921,
2.67,0.0041060620,
2.67025,0.0115023423,
2.6705,0.0190502238,
2.67075,0.0082101868,
2.671,0.0065506059,
2.67125,0.0057418272,
2.6715,0.0192737654,
2.67175,-0.0001131814,
2.672,-0.0050484296,
2.67225,0.0015503541,
2.6725,0.0062438757,
2.67275,-0.0150151756,
2.673,-0.0086902129,
2.67325,0.0097259823,
2.6735,-0.0047835750,
2.67375,-0.0030361870,
2.674,0.0006201369,
2.67425,0.0146412309,
2.6745,0.0065200161,
2.67475,0.0063638724,
2.675,0.0150408493,
2.67525,0.0129034985,
2.6755,-0.0038769599,
2.67575,0.0127256289,
2.676,0.0208779052,
2.67625,0.0060214666,
2.6765,-0.0090368288,
2.67675,-0.0075485888,
2.677,0.0052583828,
2.67725,0.0038459850,
2.6775,-0.0036841780,
2.67775,0.0010662562,
2.678,0.0025639045,
2.67825,0.0002753913,
2.6785,-0.0008434261,
2.67875,-0.0136749828,
2.679,0.0049351766,
2.67925,0.0074530793,
2.6795,0.0147715071,
2.67975,0.0061493842,
2.68,0.0024924530,
2.68025,0.0120217223,
2.6805,0.0089334333,
2.68075,0.0058930232,
2.681,-0.0101857493,
2.68125,0.0214175992,
2.6815,0.0032358922,
2.68175,-0.0077236975,
2.682,0.0103670117,
2.68225,0.0086511942,
2.6825,-0.0020204056,
2.68275,-0.0093263891,
2.683,0.0006773952,
2.68325,-0.0032347047,
2.6835,0.0033526029,
2.68375,0.0013685366,
2.684,0.0109031182,
2.68425,0.0106754517,
2.6845,0.0071851467,
2.68475,0.0079005370,
2.685,0.0121587506,
2.68525,0.0051550213,
2.6855,0.0064203087,
2.68575,0.0043073362,
2.686,0.0058076060,
2.68625,-0.0048378929,
2.6865,-0.0114242956,
2.68675,0.0091520874,
2.687,0.0033179172,
2.68725,-0.0043047755,
2.6875,0.0020552631,
2.68775,-0.0080874730,
2.688,-0.0075288978,
2.68825,-0.0156654567,
2.6885,0.0061907386,
2.68875,0.0083061326,
2.689,-0.0019883141,
2.68925,0.0024521397,
2.6895,0.0133502288,
2.68975,-0.0014482243,
2.69,0.0139377657,
2.69025,0.0135127353,
2.6905,0.0096751004,
2.69075,0.0015721144,
2.691,0.0138422251,
2.69125,-0.0016908570,
2.6915,-0.0004531806,
2.69175,-0.0041317251,
2.692,-0.0009022281,
2.69225,0.0128545947,
2.6925,-0.0098115075,
2.69275,-0.0112963915,
2.693,0.0088388184,
2.69325,0.0145230489,
2.6935,-0.0095568020,
2.69375,0.0029132371,
2.694,0.0248943307,
2.69425,0.0103517286,
2.6945,-0.0036956249,
2.69475,0.0115703959,
2.695,0.0201867167,
2.69525,-0.0040960568,
2.6955,0.0105247637,
2.69575,0.0229340699,
2.696,-0.0044494094,
2.69625,-0.0224310048,
2.6965,0.0089048622,
2.69675,0.0131798424,
2.697,-0.0094883358,
2.69725,-0.0058123535,
2.6975,0.0026734569,
2.69775,0.0012270773,
2.698,-0.0112835616,
2.69825,0.0039331182,
2.6985,-0.0112524768,
2.69875,0.0040808083,
2.699,0.0111865513,
2.69925,0.0106703443,
2.6995,0.0062980619,
2.69975,0.0153474137,
2.7,0.0138876755,
2.70025,0.0133155398,
2.7005,0.0090247914,
2.70075,-0.0021825067,
2.701,0.0126017667,
2.70125,0.0033177431,
2.7015,0.0007779707,
2.70175,-0.0029065004,
2.702,0.0082546957,
2.70225,0.0012480034,
2.7025,-0.0084792012,
2.70275,-0.0036213552,
2.703,0.0093201278,
2.70325,0.0031476319,
2.7035,-0.0068195984,
2.70375,0.0108834812,
2.704,0.0212692022,
2.70425,0.0022507096,
2.7045,0.0001850688,
2.70475,0.0226883870,
2.705,0.0063341549,
2.70525,-0.0026700019,
2.7055,0.0148429517,
2.70575,0.0129426215,
2.706,-0.0085796090,
2.70625,-0.0038781096,
2.7065,0.0099227671,
2.70675,0.0038614834,
2.707,-0.0069954894,
2.70725,0.0099093188,
2.7075,0.0069565955,
2.70775,-0.0040142443,
2.708,-0.0146501614,
2.70825,0.0124621382,
2.7085,0.0031036581,
2.70875,0.0024562436,
2.709,0.0061971843,
2.70925,0.0168122314,
2.7095,0.0019001504,
2.70975,0.0079189539,
2.71,0.0075280359,
2.71025,0.0097402055,
2.7105,0.0012911581,
2.71075,-0.0011426175,
2.711,0.0112896236,
2.71125,0.0017093942,
2.7115,-0.0104158185,
2.71175,0.0102237426,
2.712,0.0057222201,
2.71225,-0.0035796906,
2.7125,-0.0084144874,
2.71275,0.0139458925,
2.713,0.0053563672,
2.71325,-0.0090033822,
2.7135,0.0005732868,
2.71375,0.0174291916,
2.714,0.0074627255,
2.71425,-0.0004465850,
2.7145,0.0129485559,
2.71475,0.0169807039,
2.715,0.0021229344,
2.71525,0.0021191190,
2.7155,0.0160304997,
2.71575,-0.0045154681,
2.716,-0.0194692817,
2.71625,0.0067628943,
2.7165,0.0184018631,
2.71675,-0.0091591431,
2.717,-0.0122241303,
2.71725,0.0000569719,
2.7175,0.0017252624,
2.71775,-0.0132416021,
2.718,-0.0082636746,
2.71825,0.0005637611,
2.7185,0.0077250712,
2.71875,-0.0037290393,
2.719,0.0012774137,
2.71925,0.0112749636,
2.7195,0.0002742255,
2.71975,-0.0042036003,
2.72,0.0138877835,
2.72025,-0.0018615661,
2.7205,-0.0089669768,
2.72075,0.0062477710,
2.721,0.0000840454,
2.72125,-0.0096660443,
2.7215,-0.0050405804,
2.72175,0.0037869543,
2.722,-0.0046140654,
2.72225,-0.0136820450,
2.7225,-0.0200686939,
2.72275,0.0119904997,
2.723,-0.0087659871,
2.72325,-0.0072478126,
2.7235,0.0037130190,
2.72375,0.0114687830,
2.724,-0.0030454199,
2.72425,0.0027023321,
2.7245,0.0110716140,
2.72475,0.0025627736,
2.725,0.0004029039,
2.72525,0.0017075333,
2.7255,-0.0011235020,
2.72575,-0.0109788757,
2.726,-0.0097370567,
2.72625,0.0005867017,
2.7265,-0.0127541283,
2.72675,-0.0107605485,
2.727,-0.0102287084,
2.72725,-0.0064702928,
2.7275,-0.0205328017,
2.72775,-0.0242181793,
2.728,0.0003470319,
2.72825,-0.0007204320,
2.7285,-0.0013354550,
2.72875,-0.0068650637,
2.729,0.0030165645,
2.72925,-0.0197478775,
2.7295,-0.0096142422,
2.72975,-0.0103683360,
2.73,-0.0044864034,
2.73025,-0.0079595745,
2.7305,-0.0104982853,
2.73075,-0.0034644799,
2.731,-0.0018870533,
2.73125,-0.0159363914,
2.7315,-0.0063257040,
2.73175,-0.0053308853,
2.732,-0.0087338528,
2.73225,-0.0163335372,
2.7325,-0.0154287638,
2.73275,0.0050635301,
2.733,-0.0079430249,
2.73325,-0.0175201036,
2.7335,0.0172682405,
2.73375,0.0008069407,
2.734,-0.0109483069,
2.73425,0.0062641087,
2.7345,0.0172878355,
2.73475,-0.0112745129,
2.735,-0.0141893849,
2.73525,0.0067093712,
2.7355,-0.0096723391,
2.73575,-0.0394895636,
2.736,-0.0009746244,
2.73625,0.0014711609,
2.7365,-0.0226042308,
2.73675,-0.0136164557,
2.737,-0.0067361705,
2.73725,-0.0137894396,
2.7375,-0.0175072793,
2.73775,-0.0045478311,
2.738,-0.0033675423,
2.73825,-0.0095943278,
2.7385,-0.0129751898,
2.73875,0.0011881983,
2.739,0.0002908618,
2.73925,-0.0078929411,
2.7395,-0.0146434093,
2.73975,-0.0050173742,
2.74,-0.0155300377,
2.74025,-0.0010726585,
2.7405,-0.0089957491,
2.74075,-0.0106092952,
2.741,-0.0131342188,
2.74125,-0.0017848280,
2.7415,-0.0123727527,
2.74175,-0.0063571082,
2.742,-0.0126473028,
2.74225,-0.0189802945,
2.7425,0.0042016855,
2.74275,0.0045051472,
2.743,-0.0041893991,
2.74325,0.0060004303,
2.7435,0.0158829130,
2.74375,-0.0048432332,
2.744,0.0021361872,
2.74425,0.0120779919,
2.7445,0.0191501603,
2.74475,-0.0099572558,
2.745,0.0035842350,
2.74525,0.0036020044,
2.7455,-0.0107759973,
2.74575,0.0017891090,
2.746,-0.0024733911,
2.74625,-0.0097649619,
2.7465,-0.0099760108,
2.74675,-0.0077545000,
2.747,0.0017256661,
2.74725,-0.0234193765,
2.7475,-0.0056249695,
2.74775,-0.0024009049,
2.748,0.0097174188,
2.74825,0.0023251742,
2.7485,0.0078467941,
2.74875,-0.0018404763,
2.749,-0.0072703939,
2.74925,-0.0075307796,
2.7495,0.0015318186,
2.74975,0.0017286708,
2.75,-0.0018042517,
2.75025,-0.0001778011,
2.7505,0.0027288087,
2.75075,0.0144255087,
2.751,-0.0098618101,
2.75125,0.0025404734,
2.7515,0.0109960455,
2.75175,0.0045670550,
2.752,-0.0049724872,
2.75225,-0.0023913926,
2.7525,0.0158199221,
2.75275,0.0015190220,
2.753,0.0029329211,
2.75325,0.0185828954,
2.7535,0.0075532054,
2.75375,0.0123250121,
2.754,0.0092562474,
2.75425,0.0208197236,
2.7545,0.0058791875,
2.75475,0.0117867161,
2.755,0.0084995609,
2.75525,-0.0072873966,
2.7555,-0.0116721168,
2.75575,0.0050617051,
2.756,0.0097232331,
2.75625,0.0021391020,
2.7565,-0.0066037853,
2.75675,-0.0012901227,
2.757,0.0029725763,
2.75725,-0.0033545499,
2.7575,-0.0112706050,
2.75775,0.0132388175,
2.758,0.0018840043,
2.75825,-0.0048214621,
2.7585,0.0091567524,
2.75875,0.0017779691,
2.759,0.0010131210,
2.75925,-0.0082227411,
2.7595,0.0076211104,
2.75975,-0.0014634419,
2.76,0.0027249567,
2.76025,-0.0131943598,
2.7605,0.0020465292,
2.76075,-0.0049054204,
2.761,0.0020238990,
2.76125,0.0047272984,
2.7615,0.0068271155,
2.76175,-0.0109141339,
2.762,-0.0057763378,
2.76225,0.0152909067,
2.7625,0.0104257222,
2.76275,0.0063987398,
2.763,0.0096193049,
2.76325,0.0172312409,
2.7635,0.0043032952,
2.76375,0.0048698317,
2.764,0.0110337101,
2.76425,0.0083743576,
2.7645,0.0040947339,
2.76475,-0.0039196056,
2.765,-0.0144027639,
2.76525,-0.0066545187,
2.7655,0.0029268102,
2.76575,-0.0162080079,
2.766,-0.0067624380,
2.76625,-0.0098812589,
2.7665,-0.0004173120,
2.76675,-0.0060303095,
2.767,-0.0227418169,
2.76725,-0.0065787230,
2.7675,-0.0035666437,
2.76775,0.0170378555,
2.768,0.0029872451,
2.76825,0.0019426406,
2.7685,-0.0091876313,
2.76875,0.0027665901,
2.769,-0.0119374394,
2.76925,-0.0016342455,
2.7695,-0.0079300273,
2.76975,-0.0046715820,
2.77,-0.0014392554,
2.77025,0.0039572306,
2.7705,-0.0083733825,
2.77075,-0.0128038283,
2.771,-0.0032957783,
2.77125,-0.0013741825,
2.7715,0.0085962294,
2.77175,-0.0109887253,
2.772,-0.0111893807,
2.77225,0.0083557386,
2.7725,0.0051400862,
2.77275,-0.0026455640,
2.773,0.0036831740,
2.77325,0.0177604072,
2.7735,-0.0028857591,
2.77375,-0.0089605823,
2.774,0.0235131867,
2.77425,0.0035567849,
2.7745,-0.0005117772,
2.77475,-0.0060827355,
2.775,-0.0145161841,
2.77525,-0.0119030764,
2.7755,-0.0043983045,
2.77575,0.0063947299,
2.776,-0.0036345907,
2.77625,-0.0107156448,
2.7765,0.0035841123,
2.77675,-0.0118028792,
2.777,-0.0158027522,
2.77725,-0.0135122482,
2.7775,0.0123276599,
2.77775,-0.0136576816,
2.778,-0.0007038694,
2.77825,-0.0021259186,
2.7785,-0.0027085985,
2.77875,-0.0089633176,
2.779,0.0031477832,
2.77925,-0.0067394190,
2.7795,0.0000009670,
2.77975,0.0029892600,
2.78,-0.0089300396,
2.78025,-0.0046744552,
2.7805,0.0044904691,
2.78075,0.0005093734,
2.781,-0.0102233868,
2.78125,0.0136188269,
2.7815,-0.0066918652,
2.78175,-0.0050711958,
2.782,0.0040021483,
2.78225,0.0202741139,
2.7825,0.0076902416,
2.78275,0.0061365706,
2.783,0.0200917162,
2.78325,0.0124785434,
2.7835,-0.0018767440,
2.78375,0.0147357769,
2.784,0.0123059563,
2.78425,0.0070825256,
2.7845,-0.0062050121,
2.78475,-0.0034735966,
2.785,-0.0019633344,
2.78525,-0.0068444782,
2.7855,-0.0130156297,
2.78575,0.0087343678,
2.786,0.0010441487,
2.78625,0.0044557829,
2.7865,-0.0244104564,
2.78675,-0.0055881832,
2.787,-0.0027473853,
2.78725,0.0085475808,
2.7875,0.0196866114,
2.78775,0.0123945801,
2.788,0.0084007988,
2.78825,0.0114680184,
2.7885,0.0121220341,
2.78875,0.0080924993,
2.789,0.0049233157,
2.78925,0.0044757952,
2.7895,0.0180245880,
2.78975,0.0014622496,
2.79,0.0099891592,
2.79025,-0.0126131177,
2.7905,0.0019067752,
2.79075,0.0059799282,
2.791,0.0092770010,
2.79125,0.0102297598,
2.7915,0.0018123703,
2.79175,-0.0021045660,
2.792,0.0109024113,
2.79225,0.0101140235,
2.7925,0.0041617090,
2.79275,0.0188432969,
2.793,0.0186729319,
2.79325,0.0054329732,
2.7935,0.0081317024,
2.79375,0.0172788035,
2.794,0.0239288528,
2.79425,0.0027544550,
2.7945,-0.0092865070,
2.79475,-0.0073643331,
2.795,0.0104286624,
2.79525,-0.0006047268,
2.7955,0.0122179762,
2.79575,0.0050723888,
2.796,0.0039068256,
2.79625,-0.0068737539,
2.7965,-0.0021923666,
2.79675,0.0000191282,
2.797,-0.0083556045,
2.79725,0.0092211189,
2.7975,0.0117290905,
2.79775,0.0049491804,
2.798,-0.0025451132,
2.79825,0.0137764718,
2.7985,0.0166200921,
2.79875,0.0084229261,
2.799,0.0016492377,
2.79925,0.0249589235,
2.7995,0.0081416918,
2.79975,-0.0005438976,
2.8,0.0025976121,
2.80025,0.0196432099,
2.8005,-0.0140487924,
2.80075,0.0018408028,
2.801,0.0127287563,
2.80125,0.0005913751,
2.8015,-0.0022100217,
2.80175,0.0084411418,
2.802,0.0176207069,
2.80225,0.0093166754,
2.8025,0.0180037208,
2.80275,0.0147355953,
2.803,0.0084646437,
2.80325,0.0097248061,
2.8035,0.0109903216,
2.80375,0.0128352251,
2.804,0.0087749939,
2.80425,-0.0059338803,
2.8045,-0.0101444852,
2.80475,-0.0039237454,
2.805,-0.0030020699,
2.80525,-0.0081778243,
2.8055,0.0079035424,
2.80575,0.0087028928,
2.806,-0.0035763956,
2.80625,-0.0227618925,
2.8065,0.0056454754,
2.80675,-0.0148497652,
2.807,0.0071088551,
2.80725,0.0119428206,
2.8075,0.0117211929,
2.80775,-0.0004195290,
2.808,0.0099348752,
2.80825,0.0084464522,
2.8085,0.0045418628,
2.80875,-0.0136207836,
2.809,0.0020756142,
2.80925,-0.0011879083,
2.8095,-0.0016419922,
2.80975,-0.0125185121,
2.81,-0.0074120802,
2.81025,0.0055096461,
2.8105,-0.0068861628,
2.81075,-0.0050300681,
2.811,-0.0015932049,
2.81125,0.0066641541,
2.8115,-0.0120046213,
2.81175,-0.0003558461,
2.812,0.0094422903,
2.81225,0.0020514352,
2.8125,-0.0069933897,
2.81275,0.0142223286,
2.813,0.0054779369,
2.81325,-0.0099445404,
2.8135,0.0062015369,
2.81375,0.0183454342,
2.814,-0.0199312568,
2.81425,-0.0221757554,
2.8145,0.0011364969,
2.81475,-0.0089456281,
2.815,-0.0232353080,
2.81525,-0.0003194504,
2.8155,-0.0204301216,
2.81575,-0.0246446133,
2.816,-0.0220287479,
2.81625,0.0017892879,
2.8165,-0.0278153904,
2.81675,-0.0192000270,
2.817,0.0013161425,
2.81725,-0.0005272871,
2.8175,-0.0106111020,
2.81775,-0.0072794757,
2.818,0.0004021939,
2.81825,0.0053241812,
2.8185,-0.0065022716,
2.81875,-0.0061141308,
2.819,0.0023066837,
2.81925,-0.0038913549,
2.8195,-0.0093619572,
2.81975,-0.0100266729,
2.82,0.0072994432,
2.82025,-0.0145037109,
2.8205,-0.0112805283,
2.82075,-0.0081818094,
2.821,0.0047630249,
2.82125,-0.0184541475,
2.8215,-0.0040921578,
2.82175,0.0072859763,
2.822,0.0021541093,
2.82225,-0.0063963211,
2.8225,-0.0007933801,
2.82275,0.0063125142,
2.823,-0.0010986018,
2.82325,-0.0077559776,
2.8235,0.0137365665,
2.82375,-0.0080443472,
2.824,-0.0179423522,
2.82425,-0.0105041461,
2.8245,-0.0005107562,
2.82475,-0.0242514573,
2.825,-0.0134091182,
2.82525,0.0012358337,
2.8255,-0.0047099134,
2.82575,-0.0242684949,
2.826,-0.0152656827,
2.82625,-0.0110049956,
2.8265,-0.0200742930,
2.82675,0.0079239756,
2.827,0.0001999868,
2.82725,0.0098381201,
2.8275,-0.0005412843,
2.82775,0.0037305723,
2.828,0.0083079468,
2.82825,0.0059764409,
2.8285,-0.0107012335,
2.82875,0.0043500983,
2.829,0.0015531095,
2.82925,0.0012574164,
2.8295,-0.0130150635,
2.82975,0.0084126536,
2.83,0.0068486896,
2.83025,-0.0056257523,
2.8305,-0.0118308514,
2.83075,-0.0010237246,
2.831,0.0079644136,
2.83125,-0.0109527959,
2.8315,-0.0004029150,
2.83175,0.0119946972,
2.832,0.0017838459,
2.83225,-0.0012058602,
2.8325,0.0184404198,
2.83275,0.0059872149,
2.833,-0.0001704077,
2.83325,0.0004057871,
2.8335,0.0139274867,
2.83375,-0.0063403556,
2.834,-0.0098074423,
2.83425,-0.0102875717,
2.8345,-0.0159919597,
2.83475,-0.0147983003,
2.835,-0.0059832488,
2.83525,-0.0149544571,
2.8355,-0.0017406521,
2.83575,-0.0127460454,
2.836,0.0033587406,
2.83625,-0.0162282735,
2.8365,-0.0112422202,
2.83675,0.0035115015,
2.837,0.0033394732,
2.83725,0.0130512416,
2.8375,-0.0001099682,
2.83775,0.0131862843,
2.838,0.0174952410,
2.83825,0.0009794309,
2.8385,-0.0032498459,
2.83875,0.0003882955,
2.839,0.0117004495,
2.83925,-0.0171262715,
2.8395,-0.0037747892,
2.83975,0.0068150326,
2.84,-0.0095796986,
2.84025,-0.0134551935,
2.8405,-0.0092923790,
2.84075,-0.0020955219,
2.841,-0.0170181487,
2.84125,0.0042874031,
2.8415,-0.0019105676,
2.84175,0.0011703062,
2.842,-0.0033476944,
2.84225,0.0058837957,
2.8425,0.0016251259,
2.84275,0.0031115164,
2.843,0.0014176598,
2.84325,0.0005635243,
2.8435,-0.0056813196,
2.84375,-0.0082135871,
2.844,-0.0120594073,
2.84425,0.0013687359,
2.8445,-0.0121550495,
2.84475,-0.0104880612,
2.845,-0.0105579738,
2.84525,-0.0093492549,
2.8455,-0.0318615772,
2.84575,-0.0189676136,
2.846,-0.0065100617,
2.84625,-0.0003024117,
2.8465,0.0029414615,
2.84675,-0.0003761775,
2.847,0.0089192372,
2.84725,-0.0027578662,
2.8475,0.0004608376,
2.84775,0.0069115963,
2.848,-0.0010806361,
2.84825,-0.0126127824,
2.8485,-0.0030078937,
2.84875,0.0054219621,
2.849,-0.0024711050,
2.84925,-0.0139298420,
2.8495,0.0002250360,
2.84975,0.0012567877,
2.85,-0.0002232679,
2.85025,-0.0344612412,
2.8505,-0.0067276619,
2.85075,-0.0039021112,
2.851,-0.0107119847,
2.85125,-0.0173587035,
2.8515,0.0126188584,
2.85175,0.0098279901,
2.852,-0.0150357131,
2.85225,0.0110366996,
2.8525,0.0105352001,
2.85275,-0.0125083383,
2.853,-0.0102051329,
2.85325,0.0156945270,
2.8535,-0.0055442369,
2.85375,-0.0226669796,
2.854,-0.0108337216,
2.85425,-0.0108319595,
2.8545,-0.0253638625,
2.85475,-0.0080255996,
2.855,0.0012363720,
2.85525,-0.0149578964,
2.8555,-0.0083031477,
2.85575,-0.0023014066,
2.856,-0.0212711543,
2.85625,-0.0097079873,
2.8565,-0.0117052728,
2.85675,0.0098918173,
2.857,-0.0023687880,
2.85725,0.0069964249,
2.8575,0.0106942263,
2.85775,0.0032180636,
2.858,0.0035265214,
2.85825,-0.0006676989,
2.8585,-0.0021322714,
2.85875,0.0064624539,
2.859,-0.0215314329,
2.85925,0.0036655997,
2.8595,-0.0043289196,
2.85975,0.0089071644,
2.86,-0.0090696309,
2.86025,-0.0148373358,
2.8605,0.0084002819,
2.86075,0.0039483896,
2.861,-0.0003256367,
2.86125,0.0089087281,
2.8615,0.0144758457,
2.86175,0.0001563492,
2.862,-0.0020387799,
2.86225,0.0138406474,
2.8625,0.0162595790,
2.86275,0.0026982292,
2.863,0.0127592646,
2.86325,0.0191909596,
2.8635,-0.0011747240,
2.86375,0.0058925366,
2.864,0.0068372190,
2.86425,-0.0088786064,
2.8645,-0.0004673534,
2.86475,0.0045144698,
2.865,-0.0123393424,
2.86525,-0.0215900782,
2.8655,-0.0006265176,
2.86575,0.0039258637,
2.866,0.0149719035,
2.86625,0.0043062521,
2.8665,0.0125341220,
2.86675,0.0156226624,
2.867,0.0064809737,
2.86725,0.0131875193,
2.8675,0.0159034990,
2.86775,0.0105335368,
2.868,0.0020630960,
2.86825,0.0074593821,
2.8685,0.0170803796,
2.86875,0.0087999310,
2.869,-0.0074300920,
2.86925,0.0058228774,
2.8695,0.0183775313,
2.86975,0.0011394718,
2.87,-0.0158771202,
2.87025,0.0057074283,
2.8705,0.0123068327,
2.87075,0.0054379730,
2.871,0.0036626291,
2.87125,0.0244012065,
2.8715,0.0158800781,
2.87175,0.0009901568,
2.872,0.0159972738,
2.87225,0.0240050908,
2.8725,0.0025803507,
2.87275,0.0138866482,
2.873,0.0206492394,
2.87325,0.0068342555,
2.8735,-0.0074493471,
2.87375,-0.0119953994,
2.874,0.0067907921,
2.87425,0.0041007465,
2.8745,-0.0058920179,
2.87475,0.0002473895,
2.875,0.0032791737,
2.87525,-0.0015221755,
2.8755,-0.0108363256,
2.87575,-0.0078554843,
2.876,-0.0026465757,
2.87625,-0.0076985508,
2.8765,0.0132165086,
2.87675,0.0067568459,
2.877,0.0080080638,
2.87725,0.0059558381,
2.8775,0.0099191330,
2.87775,0.0074711912,
2.878,-0.0060924101,
2.87825,0.0044890177,
2.8785,0.0042395284,
2.87875,-0.0075539500,
2.879,0.0048429323,
2.87925,0.0110167461,
2.8795,0.0069054393,
2.87975,-0.0148487929,
2.88,-0.0048469934,
2.88025,-0.0020422549,
2.8805,0.0042503644,
2.88075,-0.0112525793,
2.881,0.0028486699,
2.88125,0.0066494155,
2.8815,0.0070523568,
2.88175,0.0007766317,
2.882,0.0075805611,
2.88225,0.0159547031,
2.8825,0.0000112588,
2.88275,0.0049504004,
2.883,0.0081171617,
2.88325,-0.0034239483,
2.8835,-0.0042257002,
2.88375,-0.0127624106,
2.884,-0.0102939075,
2.88425,-0.0109334607,
2.8845,-0.0030783718,
2.88475,-0.0148896640,
2.885,-0.0024535647,
2.88525,-0.0119703747,
2.8855,-0.0002093407,
2.88575,0.0144949788,
2.886,-0.0103786085,
2.88625,-0.0001131522,
2.8865,0.0090886950,
2.88675,0.0062523107,
2.887,0.0027654611,
2.88725,0.0098858261,
2.8875,0.0084193097,
2.88775,-0.0001577377,
2.888,0.0038922350,
2.88825,0.0082382550,
2.8885,-0.0018918108,
2.88875,-0.0060652280,
2.889,-0.0019720350,
2.88925,0.0094142519,
2.8895,0.0032181770,
2.88975,-0.0098043857,
2.89,0.0005916276,
2.89025,0.0182217192,
2.8905,0.0031362872,
2.89075,-0.0087618418,
2.891,0.0110728284,
2.89125,0.0183278173,
2.8915,-0.0049861334,
2.89175,0.0025134077,
2.892,0.0281028096,
2.89225,0.0056070006,
2.8925,0.0037429072,
2.89275,0.0074391542,
2.893,-0.0048415223,
2.89325,-0.0144819468,
2.8935,-0.0164684225,
2.89375,0.0190251954,
2.894,-0.0032323990,
2.89425,-0.0150321983,
2.8945,0.0074917627,
2.89475,-0.0069886935,
2.895,-0.0136326756,
2.89525,-0.0088069486,
2.8955,0.0114739276,
2.89575,-0.0020457329,
2.896,0.0127384420,
2.89625,0.0106566632,
2.8965,0.0067507406,
2.89675,0.0113289990,
2.897,0.0102269845,
2.89725,0.0070110471,
2.8975,0.0170610584,
2.89775,0.0022634398,
2.898,0.0101495730,
2.89825,0.0012380169,
2.8985,0.0136341481,
2.89875,0.0059763873,
2.899,0.0104556410,
2.89925,0.0120850839,
2.8995,0.0036680929,
2.89975,-0.0080181370,
2.9,0.0034733452,
2.90025,0.0204170980,
2.9005,-0.0022653139,
2.90075,0.0036589485,
2.901,0.0228110962,
2.90125,0.0125904270,
2.9015,0.0001098941,
2.90175,0.0207686089,
2.902,0.0220398419,
2.90225,0.0092447214,
2.9025,0.0051213312,
2.90275,0.0178165678,
2.903,0.0014822808,
2.90325,0.0012761408,
2.9035,-0.0035937924,
2.90375,0.0109643973,
2.904,-0.0094534736,
2.90425,0.0078252433,
2.9045,0.0000263303,
2.90475,-0.0001005637,
2.905,-0.0118695190,
2.90525,0.0082074814,
2.9055,0.0063994038,
2.90575,0.0059339446,
2.906,0.0034993610,
2.90625,0.0149316229,
2.9065,0.0088023189,
2.90675,0.0003748995,
2.907,0.0116236173,
2.90725,0.0090257321,
2.9075,0.0143241584,
2.90775,0.0101487515,
2.908,0.0071987533,
2.90825,0.0103073558,
2.9085,0.0063163852,
2.90875,0.0067271655,
2.909,0.0130602252,
2.90925,0.0022273413,
2.9095,-0.0018089927,
2.90975,0.0050679571,
2.91,0.0178818423,
2.91025,0.0049359435,
2.9105,0.0025542807,
2.91075,0.0175862722,
2.911,0.0090934718,
2.91125,-0.0012394069,
2.9115,0.0112874610,
2.91175,0.0168371592,
2.912,0.0173012950,
2.91225,0.0017063058,
2.9125,0.0107777724,
2.91275,-0.0008811326,
2.913,-0.0191564504,
2.91325,0.0007889640,
2.9135,0.0131317861,
2.91375,-0.0020361973,
2.914,-0.0104088318,
2.91425,-0.0162598118,
2.9145,-0.0132436873,
2.91475,-0.0172475688,
2.915,-0.0194657557,
2.91525,0.0045616357,
2.9155,0.0095075658,
2.91575,0.0019752895,
2.916,-0.0016344128,
2.91625,0.0149598159,
2.9165,0.0078054327,
2.91675,-0.0139413625,
2.917,0.0060574594,
2.91725,0.0067160889,
2.9175,-0.0040815542,
2.91775,-0.0020677287,
2.918,-0.0076929964,
2.91825,0.0000223134,
2.9185,-0.0111099472,
2.91875,0.0103432592,
2.919,-0.0061286995,
2.91925,-0.0109700533,
2.9195,-0.0159839895,
2.91975,-0.0011246612,
2.92,0.0057004648,
2.92025,0.0004530653,
2.9205,0.0027564678,
2.92075,0.0078981388,
2.921,-0.0032598947,
2.92125,0.0025713674,
2.9215,0.0015687851,
2.92175,0.0081599401,
2.922,-0.0027280604,
2.92225,-0.0032209810,
2.9225,-0.0138064902,
2.92275,-0.0086365407,
2.923,-0.0086673088,
2.92325,-0.0094683105,
2.9235,-0.0050395164,
2.92375,-0.0054267752,
2.924,-0.0140220309,
2.92425,-0.0156616271,
2.9245,-0.0127665475,
2.92475,-0.0278031304,
2.925,-0.0058305850,
2.92525,0.0010138270,
2.9255,0.0035261102,
2.92575,-0.0109805400,
2.926,0.0007153829,
2.92625,-0.0056728404,
2.9265,-0.0041141855,
2.92675,-0.0108070867,
2.927,-0.0004090985,
2.92725,0.0004479701,
2.9275,-0.0055131041,
2.92775,-0.0066824658,
2.928,-0.0002890093,
2.92825,-0.0067160674,
2.9285,-0.0056126197,
2.92875,-0.0055199214,
2.929,-0.0087190308,
2.92925,-0.0084999474,
2.9295,-0.0205243677,
2.92975,-0.0006093534,
2.93,0.0009027907,
2.93025,-0.0122838803,
2.9305,-0.0006256841,
2.93075,0.0037812954,
2.931,-0.0025717171,
2.93125,-0.0132778473,
2.9315,0.0059943181,
2.93175,0.0109579042,
2.932,-0.0197180398,
2.93225,-0.0059813289,
2.9325,-0.0077166315,
2.93275,-0.0253413320,
2.933,-0.0142873283,
2.93325,0.0003420399,
2.9335,-0.0128907841,
2.93375,-0.0240690783,
2.934,-0.0115588401,
2.93425,-0.0050349804,
2.9345,-0.0268576406,
2.93475,-0.0163926538,
2.935,0.0105454400,
2.93525,-0.0032917461,
2.9355,-0.0114905275,
2.93575,0.0046405485,
2.936,0.0018674419,
2.93625,-0.0040399581,
2.9365,-0.0179875214,
2.93675,0.0021305003,
2.937,-0.0108141582,
2.93725,0.0000646962,
2.9375,-0.0109203923,
2.93775,-0.0116091883,
2.938,-0.0000031153,
2.93825,-0.0047635431,
2.9385,-0.0057137287,
2.93875,-0.0066206176,
2.939,-0.0036727907,
2.93925,-0.0192383621,
2.9395,-0.0096842498,
2.93975,-0.0000467824,
2.94,0.0033997905,
2.94025,-0.0107968030,
2.9405,0.0067054583,
2.94075,0.0065010376,
2.941,-0.0060428237,
2.94125,-0.0020393957,
2.9415,0.0178881958,
2.94175,-0.0008583814,
2.942,-0.0066855075,
2.94225,-0.0037801564,
2.9425,-0.0041672736,
2.94275,-0.0090664607,
2.943,0.0023600343,
2.94325,0.0038734169,
2.9435,-0.0015806989,
2.94375,-0.0091622593,
2.944,-0.0009836967,
2.94425,-0.0220048241,
2.9445,-0.0205034688,
2.94475,-0.0050696051,
2.945,0.0146693597,
2.94525,0.0014258012,
2.9455,0.0007380727,
2.94575,-0.0026589141,
2.946,0.0046586641,
2.94625,-0.0019545727,
2.9465,-0.0088091549,
2.94675,0.0084560253,
2.947,-0.0006638584,
2.94725,0.0102224816,
2.9475,-0.0072912429,
2.94775,0.0063832612,
2.948,-0.0068127383,
2.94825,-0.0103600239,
2.9485,0.0006495687,
2.94875,0.0063766930,
2.949,0.0011148910,
2.94925,-0.0095669469,
2.9495,0.0065877656,
2.94975,0.0077658761,
2.95,0.0020051161,
2.95025,0.0090112342,
2.9505,0.0165333115,
2.95075,0.0080033867,
2.951,-0.0012461299,
2.95125,0.0186599046,
2.9515,0.0129014216,
2.95175,0.0080140801,
2.952,0.0025855610,
2.95225,-0.0213412531,
2.9525,-0.0020034034,
2.95275,0.0018222723,
2.953,0.0032910008,
2.95325,0.0048740460,
2.9535,-0.0055024857,
2.95375,0.0055664168,
2.954,0.0034972383,
2.95425,-0.0051768501,
2.9545,-0.0029525065,
2.95475,0.0092250397,
2.955,0.0110053355,
2.95525,0.0029954421,
2.9555,-0.0027967091,
2.95575,0.0048455838,
2.956,-0.0031854901,
2.95625,-0.0120322276,
2.9565,-0.0016080677,
2.95675,0.0054468215,
2.957,0.0139703192,
2.95725,-0.0127602844,
2.9575,0.0106521808,
2.95775,0.0053156535,
2.958,0.0015785329,
2.95825,-0.0034505411,
2.9585,0.0009830890,
2.95875,0.0006487134,
2.959,-0.0160351936,
2.95925,0.0084332693,
2.9595,0.0152356504,
2.95975,0.0088371709,
2.96,0.0047036894,
2.96025,0.0116418079,
2.9605,0.0126730707,
2.96075,0.0052691298,
2.961,0.0048637497,
2.96125,0.0063187168,
2.9615,0.0074404217,
2.96175,0.0016330088,
2.962,-0.0098008811,
2.96225,0.0043119858,
2.9625,0.0001607099,
2.96275,-0.0076449621,
2.963,0.0046523623,
2.96325,0.0016121968,
2.9635,-0.0066205505,
2.96375,-0.0219316147,
2.964,-0.0187655129,
2.96425,0.0036680461,
2.9645,-0.0047260108,
2.96475,0.0118379062,
2.965,0.0111823753,
2.96525,0.0013418337,
2.9655,-0.0004718812,
2.96575,0.0120370463,
2.966,0.0003802290,
2.96625,-0.0017029872,
2.9665,-0.0018151831,
2.96675,0.0029760660,
2.967,-0.0033790469,
2.96725,-0.0056628222,
2.9675,-0.0128415581,
2.96775,0.0006194388,
2.968,-0.0069306782,
2.96825,-0.0117463702,
2.9685,0.0042564087,
2.96875,-0.0013042695,
2.969,-0.0028129716,
2.96925,-0.0120128207,
2.9695,0.0079231262,
2.96975,0.0045828768,
2.97,-0.0095313657,
2.97025,0.0143232392,
2.9705,0.0086315554,
2.97075,-0.0158648714,
2.971,0.0067166546,
2.97125,0.0185759049,
2.9715,0.0047102422,
2.97175,-0.0209210739,
2.972,-0.0170943998,
2.97225,0.0034106588,
2.9725,-0.0129724275,
2.97275,0.0022921516,
2.973,0.0030592815,
2.97325,-0.0141951386,
2.9735,-0.0084739663,
2.97375,-0.0034240519,
2.974,-0.0119707417,
2.97425,-0.0108199827,
2.9745,0.0075216708,
2.97475,0.0029322417,
2.975,-0.0001436005,
2.97525,-0.0082532028,
2.9755,0.0012990565,
2.97575,-0.0085986629,
2.976,0.0080705117,
2.97625,-0.0068082279,
2.9765,-0.0024811383,
2.97675,0.0031345894,
2.977,-0.0104159880,
2.97725,-0.0014028964,
2.9775,0.0036627254,
2.97775,0.0071287709,
2.978,-0.0159975719,
2.97825,-0.0096544242,
2.9785,-0.0038130297,
2.97875,0.0015696186,
2.979,-0.0108692097,
2.97925,0.0138364658,
2.9795,0.0112454537,
2.97975,-0.0038803280,
2.98,0.0063276365,
2.98025,0.0083108190,
2.9805,0.0036318868,
2.98075,-0.0023034445,
2.981,0.0117476266,
2.98125,0.0146612534,
2.9815,-0.0045878007,
2.98175,-0.0056166016,
2.982,0.0048426320,
2.98225,-0.0048378389,
2.9825,-0.0110391956,
2.98275,0.0051811794,
2.983,0.0015431544,
2.98325,-0.0019412797,
2.9835,-0.0266393479,
2.98375,0.0027880401,
2.984,0.0014449371,
2.98425,0.0044769994,
2.9845,0.0104966955,
2.98475,0.0128305005,
2.985,0.0013033684,
2.98525,0.0094416449,
2.9855,0.0109828161,
2.98575,0.0049156621,
2.986,-0.0006890856,
2.98625,-0.0037855201,
2.9865,0.0134883160,
2.98675,-0.0001993809,
2.987,-0.0041756039,
2.98725,-0.0114650922,
2.9875,0.0101532172,
2.98775,-0.0017000244,
2.988,-0.0062048151,
2.98825,0.0114413714,
2.9885,0.0092812330,
2.98875,-0.0032927517,
2.989,0.0040366543,
2.98925,0.0132408785,
2.9895,0.0122254854,
2.98975,0.0034994408,
2.99,0.0143241119,
2.99025,0.0189993065,
2.9905,0.0139050521,
2.99075,0.0077579450,
2.991,0.0285834093,
2.99125,0.0091996230,
2.9915,-0.0119496863,
2.99175,-0.0095513966,
2.992,0.0130401189,
2.99225,0.0014815353,
2.9925,-0.0016039250,
2.99275,-0.0007874874,
2.993,0.0067831692,
2.99325,0.0007017899,
2.9935,0.0019655260,
2.99375,-0.0008835430,
2.994,0.0059168562,
2.99425,0.0114769870,
2.9945,0.0082408916,
2.99475,0.0138220135,
2.995,-0.0041096895,
2.99525,0.0055155433,
2.9955,0.0155124767,
2.99575,0.0108830929,
2.996,-0.0096247979,
2.99625,0.0169819612,
2.9965,0.0114524374,
2.99675,0.0011050301,
2.997,-0.0001763910,
2.99725,0.0165232606,
2.9975,-0.0021041911,
2.99775,-0.0040791426,
2.998,0.0040520444,
2.99825,0.0049195653,
2.9985,0.0000665339,
2.99875,-0.0060178284,
2.999,0.0128609855,
2.99925,0.0123151029,
2.9995,0.0077067511,
2.99975,0.0013347724,