Date,2020-11-28 09:16:42
Filename,STFMK-20201105-LW19-1943_20201128_091642_004.dat
Data Label,벨트느슨함
Label_No,04
Motor Spec,R-PAHU-04S, 1760,55, 105.3,
Period,3SEC
Sample Rate,4000
RMS,0.010309,
Data Length,12000,
0,-0.0016877537,
0.00025,0.0131621156,
0.0005,0.0176394414,
0.00075,0.0175980311,
0.001,0.0004042169,
0.00125,0.0210115053,
0.0015,0.0238386281,
0.00175,0.0102814948,
0.002,0.0088966815,
0.00225,0.0206971243,
0.0025,-0.0034165403,
0.00275,-0.0048057511,
0.003,0.0175480451,
0.00325,0.0159897264,
0.0035,-0.0075924778,
0.00375,0.0023178579,
0.004,0.0103407595,
0.00425,0.0053463015,
0.0045,-0.0194917917,
0.00475,0.0041001108,
0.005,0.0026874968,
0.00525,0.0140436357,
0.0055,0.0105943726,
0.00575,0.0066377432,
0.006,0.0165477116,
0.00625,-0.0034415859,
0.0065,0.0117769707,
0.00675,0.0123565001,
0.007,-0.0047075050,
0.00725,0.0030264969,
0.0075,0.0021868630,
0.00775,0.0117412917,
0.008,-0.0005093988,
0.00825,-0.0088424664,
0.0085,0.0152723622,
0.00875,0.0027097124,
0.009,0.0019615898,
0.00925,0.0008203121,
0.0095,0.0122321201,
0.00975,-0.0058327504,
0.01,-0.0039484636,
0.01025,0.0060378266,
0.0105,0.0189216249,
0.01075,-0.0037143477,
0.011,0.0036795447,
0.01125,0.0161417183,
0.0115,0.0071894787,
0.01175,-0.0014575885,
0.012,0.0152343800,
0.01225,0.0131499041,
0.0125,-0.0043059392,
0.01275,-0.0097664054,
0.013,0.0021083679,
0.01325,-0.0155925471,
0.0135,-0.0077048708,
0.01375,-0.0121144718,
0.014,0.0040095183,
0.01425,-0.0142580876,
0.0145,-0.0139082968,
0.01475,-0.0040687416,
0.015,-0.0047365907,
0.01525,-0.0039101262,
0.0155,-0.0085402224,
0.01575,0.0177426413,
0.016,0.0018868061,
0.01625,0.0045239776,
0.0165,0.0021609892,
0.01675,0.0086596441,
0.017,-0.0101896897,
0.01725,-0.0055736583,
0.0175,0.0027983191,
0.01775,-0.0178422406,
0.018,-0.0226376988,
0.01825,0.0049744109,
0.0185,-0.0071504563,
0.01875,-0.0090196561,
0.019,-0.0217540152,
0.01925,0.0019195618,
0.0195,-0.0027609440,
0.01975,-0.0031032055,
0.02,0.0038761375,
0.02025,0.0070169317,
0.0205,0.0033675046,
0.02075,-0.0078569101,
0.021,0.0040162657,
0.02125,0.0063120229,
0.0215,-0.0020925666,
0.02175,-0.0058403900,
0.022,-0.0016535743,
0.02225,-0.0116167078,
0.0225,-0.0112867691,
0.02275,-0.0038366704,
0.023,-0.0111745838,
0.02325,-0.0195345320,
0.0235,-0.0190417133,
0.02375,-0.0166985989,
0.024,-0.0233227201,
0.02425,-0.0396916047,
0.0245,-0.0103924293,
0.02475,-0.0066365232,
0.025,0.0069073942,
0.02525,-0.0042715990,
0.0255,0.0065863216,
0.02575,-0.0043624123,
0.026,-0.0127976127,
0.02625,-0.0013883127,
0.0265,-0.0005304019,
0.02675,-0.0134360660,
0.027,-0.0146828312,
0.02725,-0.0068021342,
0.0275,0.0010214800,
0.02775,-0.0128283175,
0.028,-0.0038149485,
0.02825,0.0007780939,
0.0285,0.0019922561,
0.02875,-0.0042390120,
0.029,-0.0212425534,
0.02925,-0.0048085256,
0.0295,-0.0006473802,
0.02975,-0.0147802280,
0.03,-0.0107701849,
0.03025,0.0095968824,
0.0305,-0.0066861203,
0.03075,-0.0109230243,
0.031,0.0110618034,
0.03125,0.0078071146,
0.0315,-0.0197702814,
0.03175,0.0109117748,
0.032,0.0104003502,
0.03225,-0.0207260102,
0.0325,-0.0194130912,
0.03275,-0.0024108777,
0.033,-0.0151450522,
0.03325,-0.0225867666,
0.0335,-0.0095995246,
0.03375,-0.0025419169,
0.034,-0.0201812591,
0.03425,-0.0051246025,
0.0345,-0.0087919431,
0.03475,-0.0035159639,
0.035,-0.0206348859,
0.03525,0.0022121638,
0.0355,0.0116342297,
0.03575,-0.0061036278,
0.036,0.0018461300,
0.03625,0.0016293672,
0.0365,-0.0123484451,
0.03675,-0.0057034111,
0.037,-0.0032405560,
0.03725,-0.0016484782,
0.0375,-0.0146514215,
0.03775,0.0000023619,
0.038,0.0051981155,
0.03825,0.0001691561,
0.0385,-0.0012384971,
0.03875,-0.0196620375,
0.039,-0.0023793315,
0.03925,0.0040452988,
0.0395,0.0072869314,
0.03975,-0.0098586380,
0.04,0.0119625628,
0.04025,0.0089056026,
0.0405,-0.0069078892,
0.04075,0.0065855146,
0.041,0.0199890491,
0.04125,0.0033798194,
0.0415,0.0036266595,
0.04175,0.0085402550,
0.042,-0.0024161167,
0.04225,-0.0066592498,
0.0425,0.0051634060,
0.04275,-0.0160159636,
0.043,-0.0150194438,
0.04325,-0.0177303981,
0.0435,-0.0062510977,
0.04375,-0.0218906347,
0.044,-0.0157153644,
0.04425,-0.0104822693,
0.0445,0.0128428824,
0.04475,0.0060352944,
0.045,0.0014713700,
0.04525,0.0083836894,
0.0455,-0.0047074626,
0.04575,0.0071189823,
0.046,-0.0017243428,
0.04625,0.0117094051,
0.0465,0.0030411328,
0.04675,-0.0030403151,
0.047,0.0096471896,
0.04725,0.0092405230,
0.0475,-0.0122631211,
0.04775,0.0006169301,
0.048,0.0081522381,
0.04825,0.0159440581,
0.0485,-0.0052490225,
0.04875,-0.0056567299,
0.049,0.0081927693,
0.04925,0.0130036883,
0.0495,-0.0045965663,
0.04975,0.0115546063,
0.05,0.0178596899,
0.05025,0.0055589564,
0.0505,0.0029002849,
0.05075,0.0165628605,
0.051,0.0104958797,
0.05125,0.0032103641,
0.0515,0.0134557756,
0.05175,-0.0063505508,
0.052,-0.0101219937,
0.05225,-0.0068221153,
0.0525,-0.0018266047,
0.05275,0.0159023777,
0.053,-0.0038598441,
0.05325,0.0006567949,
0.0535,0.0000823352,
0.05375,-0.0017011509,
0.054,-0.0073426547,
0.05425,-0.0070259245,
0.0545,0.0113271810,
0.05475,-0.0061750268,
0.055,0.0070573399,
0.05525,0.0131340921,
0.0555,0.0163416751,
0.05575,0.0019379292,
0.056,0.0132563785,
0.05625,0.0142106656,
0.0565,0.0099108359,
0.05675,-0.0014285551,
0.057,0.0015565606,
0.05725,0.0030850112,
0.0575,-0.0001505102,
0.05775,-0.0009567013,
0.058,0.0158385765,
0.05825,0.0033438061,
0.0585,-0.0078852298,
0.05875,0.0098785125,
0.059,0.0143987536,
0.05925,0.0043746224,
0.0595,0.0069029774,
0.05975,0.0150083089,
0.06,0.0182711408,
0.06025,0.0052968455,
0.0605,0.0110733127,
0.06075,0.0154999131,
0.061,0.0107206171,
0.06125,0.0016819669,
0.0615,0.0051055895,
0.06175,0.0025701777,
0.062,-0.0006118945,
0.06225,-0.0037196442,
0.0625,-0.0172253251,
0.06275,-0.0062985830,
0.063,0.0032069273,
0.06325,-0.0040860502,
0.0635,-0.0123067051,
0.06375,-0.0044577555,
0.064,-0.0140317427,
0.06425,0.0140653607,
0.0645,0.0095781786,
0.06475,0.0002861589,
0.065,0.0051425369,
0.06525,0.0058907499,
0.0655,0.0046252408,
0.06575,0.0034887847,
0.066,0.0083017144,
0.06625,0.0055769738,
0.0665,-0.0029751777,
0.06675,0.0063414169,
0.067,-0.0005925267,
0.06725,-0.0133406455,
0.0675,0.0020135995,
0.06775,0.0054115434,
0.068,0.0105145341,
0.06825,-0.0055749565,
0.0685,-0.0063589034,
0.06875,-0.0006619846,
0.069,0.0100282403,
0.06925,-0.0053610089,
0.0695,-0.0046701441,
0.06975,0.0104272841,
0.07,0.0042139310,
0.07025,-0.0105333459,
0.0705,0.0053679068,
0.07075,0.0141321626,
0.071,0.0077336868,
0.07125,-0.0094231144,
0.0715,-0.0080357818,
0.07175,-0.0052109882,
0.072,-0.0166835934,
0.07225,-0.0020999459,
0.0725,0.0131959040,
0.07275,-0.0191967823,
0.073,-0.0103008691,
0.07325,-0.0140854456,
0.0735,-0.0184064768,
0.07375,-0.0375693627,
0.074,-0.0029950601,
0.07425,0.0001468093,
0.0745,-0.0060427072,
0.07475,0.0030940431,
0.075,0.0044234381,
0.07525,0.0077559664,
0.0755,0.0032779563,
0.07575,0.0049099429,
0.076,0.0013991992,
0.07625,-0.0004960861,
0.0765,-0.0006875509,
0.07675,-0.0098214578,
0.077,-0.0063983169,
0.07725,0.0011441753,
0.0775,-0.0119224656,
0.07775,0.0098249698,
0.078,0.0024325287,
0.07825,-0.0005044912,
0.0785,-0.0061556501,
0.07875,0.0093708206,
0.079,0.0106022451,
0.07925,0.0008251384,
0.0795,0.0124449842,
0.07975,0.0149263768,
0.08,-0.0020687780,
0.08025,0.0029253329,
0.0805,0.0119021339,
0.08075,0.0202543866,
0.081,-0.0056537427,
0.08125,0.0085269334,
0.0815,-0.0017720019,
0.08175,0.0062338877,
0.082,-0.0147843603,
0.08225,0.0059079961,
0.0825,0.0018837231,
0.08275,-0.0005237320,
0.083,-0.0116173541,
0.08325,-0.0201585479,
0.0835,-0.0124302143,
0.08375,-0.0162606668,
0.084,0.0193025433,
0.08425,0.0167168509,
0.0845,0.0093860161,
0.08475,0.0086116688,
0.085,0.0228203647,
0.08525,0.0095632076,
0.0855,0.0117421951,
0.08575,0.0067242431,
0.086,0.0132711530,
0.08625,0.0112173008,
0.0865,0.0081359642,
0.08675,0.0011611732,
0.087,0.0150718763,
0.08725,0.0059068063,
0.0875,0.0165508799,
0.08775,0.0106977811,
0.088,0.0020053994,
0.08825,0.0084360093,
0.0885,0.0067341086,
0.08875,0.0138682593,
0.089,0.0102414582,
0.08925,0.0089995451,
0.0895,0.0191250797,
0.08975,0.0108945016,
0.09,0.0100440579,
0.09025,0.0123285856,
0.0905,0.0283242613,
0.09075,0.0165756177,
0.091,-0.0026544209,
0.09125,0.0096459584,
0.0915,-0.0002302628,
0.09175,0.0019630415,
0.092,0.0100905877,
0.09225,0.0057345927,
0.0925,-0.0018803249,
0.09275,-0.0083533749,
0.093,-0.0088171726,
0.09325,0.0118182246,
0.0935,-0.0182964448,
0.09375,0.0040401397,
0.094,0.0179580450,
0.09425,0.0199075639,
0.0945,0.0063673835,
0.09475,0.0111095412,
0.095,0.0244919695,
0.09525,0.0086924415,
0.0955,-0.0003149765,
0.09575,0.0225489605,
0.096,0.0140644945,
0.09625,0.0081551541,
0.0965,0.0008204679,
0.09675,0.0169546865,
0.097,0.0063860128,
0.09725,0.0008609073,
0.0975,0.0195298176,
0.09775,0.0056676520,
0.098,0.0020013046,
0.09825,-0.0000635338,
0.0985,0.0153354732,
0.09875,0.0157338586,
0.099,0.0048498744,
0.09925,0.0183752980,
0.0995,0.0109231137,
0.09975,0.0086422730,
0.1,0.0122180562,
0.10025,0.0178035013,
0.1005,0.0182867013,
0.10075,0.0045447000,
0.101,-0.0002979883,
0.10125,-0.0030482835,
0.1015,0.0103210937,
0.10175,-0.0046053347,
0.102,0.0046132081,
0.10225,0.0104188807,
0.1025,0.0053814761,
0.10275,-0.0130969845,
0.103,-0.0007583148,
0.10325,-0.0222639628,
0.1035,-0.0022801356,
0.10375,0.0073078624,
0.104,0.0163605437,
0.10425,0.0043138503,
0.1045,-0.0030297751,
0.10475,0.0109723164,
0.105,0.0124319820,
0.10525,-0.0009027243,
0.1055,-0.0032952395,
0.10575,0.0104762046,
0.106,0.0091781085,
0.10625,0.0001631815,
0.1065,-0.0053750016,
0.10675,0.0155833531,
0.107,-0.0004784222,
0.10725,-0.0032320502,
0.1075,-0.0074985232,
0.10775,0.0066440571,
0.108,-0.0059675896,
0.10825,-0.0113316709,
0.1085,-0.0028342106,
0.10875,-0.0016076399,
0.109,-0.0066228900,
0.10925,-0.0001350374,
0.1095,0.0200740546,
0.10975,-0.0037081421,
0.11,-0.0089751426,
0.11025,0.0190660581,
0.1105,-0.0021718033,
0.11075,-0.0115197580,
0.111,-0.0103955511,
0.11125,-0.0081985025,
0.1115,-0.0147007601,
0.11175,-0.0114476886,
0.112,-0.0008172665,
0.11225,-0.0283209812,
0.1125,-0.0287109446,
0.11275,-0.0027611046,
0.113,-0.0144154858,
0.11325,-0.0400010198,
0.1135,-0.0045534573,
0.11375,0.0047066747,
0.114,-0.0049115927,
0.11425,-0.0101584857,
0.1145,0.0056762304,
0.11475,0.0074103093,
0.115,-0.0098738335,
0.11525,-0.0079355771,
0.1155,0.0037988536,
0.11575,-0.0042879772,
0.116,-0.0012114549,
0.11625,-0.0185708087,
0.1165,0.0037870279,
0.11675,-0.0069704191,
0.117,-0.0079399263,
0.11725,-0.0148824565,
0.1175,-0.0058644684,
0.11775,-0.0140586300,
0.118,-0.0103551019,
0.11825,-0.0031176328,
0.1185,0.0088571105,
0.11875,-0.0029927222,
0.119,-0.0076512555,
0.11925,0.0107606789,
0.1195,-0.0018040485,
0.11975,-0.0117890341,
0.12,0.0024595521,
0.12025,0.0038135659,
0.1205,-0.0029489349,
0.12075,-0.0153789949,
0.121,-0.0091161896,
0.12125,-0.0033814777,
0.1215,-0.0208152197,
0.12175,-0.0037460239,
0.122,-0.0093794502,
0.12225,-0.0192209296,
0.1225,-0.0282244664,
0.12275,-0.0210026354,
0.123,-0.0321481638,
0.12325,-0.0057228394,
0.1235,0.0016946227,
0.12375,0.0051816022,
0.124,0.0007896277,
0.12425,-0.0004324417,
0.1245,0.0053893486,
0.12475,0.0103752390,
0.125,-0.0056021377,
0.12525,-0.0065913280,
0.1255,0.0050930777,
0.12575,0.0042126011,
0.126,-0.0083487472,
0.12625,-0.0049925549,
0.1265,-0.0048174001,
0.12675,-0.0040247547,
0.127,-0.0145254005,
0.12725,-0.0096729519,
0.1275,0.0047921878,
0.12775,-0.0081971623,
0.128,0.0024687427,
0.12825,-0.0101003852,
0.1285,0.0058011240,
0.12875,-0.0066472525,
0.129,0.0062966263,
0.12925,0.0098750507,
0.1295,-0.0072133727,
0.12975,-0.0043766308,
0.13,0.0121540781,
0.13025,0.0027036318,
0.1305,-0.0008871232,
0.13075,-0.0138483997,
0.131,-0.0137675880,
0.13125,-0.0029815622,
0.1315,-0.0080495086,
0.13175,-0.0072230920,
0.132,-0.0201483835,
0.13225,-0.0130835827,
0.1325,-0.0134482961,
0.13275,-0.0145967165,
0.133,-0.0203328691,
0.13325,-0.0031357326,
0.1335,0.0081473226,
0.13375,0.0113388393,
0.134,0.0015505486,
0.13425,0.0007554097,
0.1345,0.0109535446,
0.13475,-0.0000027722,
0.135,-0.0014386731,
0.13525,-0.0075477618,
0.1355,0.0076719658,
0.13575,-0.0036485970,
0.136,-0.0162666254,
0.13625,0.0074869972,
0.1365,0.0017161369,
0.13675,-0.0062569659,
0.137,-0.0153773241,
0.13725,0.0025712510,
0.1375,-0.0178434551,
0.13775,-0.0070437295,
0.138,-0.0000383012,
0.13825,0.0076430007,
0.1385,-0.0020144545,
0.13875,-0.0015786365,
0.139,0.0018878097,
0.13925,-0.0065940497,
0.1395,-0.0018356666,
0.13975,-0.0014435506,
0.14,0.0024639859,
0.14025,0.0045825606,
0.1405,-0.0153740551,
0.14075,-0.0096585266,
0.141,-0.0068850815,
0.14125,-0.0140256425,
0.1415,-0.0078192158,
0.14175,-0.0183552392,
0.142,-0.0278995764,
0.14225,-0.0285679698,
0.1425,-0.0237192921,
0.14275,0.0033576202,
0.143,0.0054077599,
0.14325,-0.0021659178,
0.1435,0.0055131996,
0.14375,0.0088174753,
0.144,-0.0057167783,
0.14425,-0.0000390733,
0.1445,0.0075978870,
0.14475,-0.0059626899,
0.145,-0.0111063663,
0.14525,0.0050657899,
0.1455,0.0015611852,
0.14575,-0.0154702887,
0.146,-0.0042780722,
0.14625,-0.0020091920,
0.1465,0.0050954157,
0.14675,-0.0145214163,
0.147,-0.0212069005,
0.14725,0.0043264106,
0.1475,-0.0003950990,
0.14775,-0.0112511357,
0.148,-0.0093250507,
0.14825,0.0106998980,
0.1485,-0.0011211615,
0.14875,-0.0059255101,
0.149,0.0126811881,
0.14925,0.0038412446,
0.1495,-0.0131557956,
0.14975,0.0107859280,
0.15,0.0137994764,
0.15025,-0.0068882150,
0.1505,-0.0283708647,
0.15075,-0.0080119092,
0.151,0.0008403943,
0.15125,-0.0173529070,
0.1515,-0.0044942042,
0.15175,-0.0015789876,
0.152,-0.0128220990,
0.15225,-0.0039258720,
0.1525,-0.0139720002,
0.15275,-0.0191757046,
0.153,0.0038519688,
0.15325,0.0064759441,
0.1535,0.0099221263,
0.15375,-0.0076735397,
0.154,0.0063749142,
0.15425,0.0120849255,
0.1545,0.0010258284,
0.15475,0.0002055596,
0.155,-0.0044560912,
0.15525,0.0082694460,
0.1555,-0.0089071989,
0.15575,0.0023630033,
0.156,0.0002319679,
0.15625,0.0130905285,
0.1565,0.0047147381,
0.15675,-0.0141635593,
0.157,-0.0044888379,
0.15725,0.0043382524,
0.1575,-0.0030570172,
0.15775,-0.0165903978,
0.158,0.0088609708,
0.15825,0.0074270712,
0.1585,-0.0029846365,
0.15875,-0.0026442015,
0.159,0.0173648279,
0.15925,0.0012707809,
0.1595,0.0041789822,
0.15975,0.0190030616,
0.16,0.0131725390,
0.16025,-0.0082726749,
0.1605,-0.0001736863,
0.16075,0.0088398075,
0.161,-0.0068294387,
0.16125,-0.0070321234,
0.1615,-0.0035220266,
0.16175,-0.0025121609,
0.162,-0.0118411761,
0.16225,-0.0074729533,
0.1625,0.0180776715,
0.16275,0.0059643285,
0.163,0.0052257851,
0.16325,0.0156768616,
0.1635,0.0022838139,
0.16375,0.0118977334,
0.164,0.0173005573,
0.16425,0.0077295187,
0.1645,0.0118778655,
0.16475,-0.0013302199,
0.165,0.0118944775,
0.16525,0.0052364264,
0.1655,0.0019197920,
0.16575,-0.0071886778,
0.166,0.0117638521,
0.16625,0.0093857897,
0.1665,-0.0072144372,
0.16675,-0.0021173859,
0.167,0.0173692349,
0.16725,0.0033491007,
0.1675,-0.0062715542,
0.16775,0.0113738095,
0.168,0.0176930781,
0.16825,0.0066005206,
0.1685,0.0044920472,
0.16875,0.0094670486,
0.169,0.0219071060,
0.16925,-0.0013727916,
0.1695,0.0107004270,
0.16975,0.0215969943,
0.17,-0.0044475966,
0.17025,-0.0120083950,
0.1705,0.0061718645,
0.17075,0.0167111661,
0.171,-0.0129781626,
0.17125,-0.0170964897,
0.1715,0.0045349016,
0.17175,0.0042714407,
0.172,-0.0116724316,
0.17225,-0.0170520544,
0.1725,0.0009374952,
0.17275,0.0089417547,
0.173,-0.0022347204,
0.17325,0.0101024378,
0.1735,0.0113780992,
0.17375,0.0030712618,
0.174,0.0117080398,
0.17425,0.0175037142,
0.1745,-0.0017540880,
0.17475,-0.0033715828,
0.175,0.0099280020,
0.17525,0.0019809122,
0.1755,-0.0081288898,
0.17575,-0.0017618668,
0.176,-0.0000255489,
0.17625,-0.0048657837,
0.1765,-0.0050495933,
0.17675,-0.0077018677,
0.177,0.0092661772,
0.17725,-0.0142211737,
0.1775,-0.0084497519,
0.17775,0.0005643342,
0.178,0.0030301975,
0.17825,-0.0059889117,
0.1785,-0.0024483451,
0.17875,0.0079843085,
0.179,0.0031667810,
0.17925,0.0016725069,
0.1795,0.0104842717,
0.17975,0.0093640331,
0.18,-0.0111478530,
0.18025,-0.0035991168,
0.1805,0.0085170325,
0.18075,-0.0061335703,
0.181,-0.0070406664,
0.18125,-0.0036317939,
0.1815,0.0010272783,
0.18175,-0.0194202568,
0.182,-0.0180194210,
0.18225,0.0055783279,
0.1825,0.0000383298,
0.18275,0.0002801883,
0.183,0.0028946158,
0.18325,0.0133677404,
0.1835,0.0011258544,
0.18375,0.0011125769,
0.184,0.0049296701,
0.18425,0.0022183333,
0.1845,-0.0123762898,
0.18475,-0.0042965226,
0.185,-0.0056485776,
0.18525,-0.0009059754,
0.1855,-0.0168353040,
0.18575,0.0033219110,
0.186,-0.0018539372,
0.18625,-0.0044268784,
0.1865,-0.0060192770,
0.18675,0.0089959651,
0.187,0.0116422214,
0.18725,-0.0104915239,
0.1875,-0.0012874235,
0.18775,0.0168972444,
0.188,0.0005537182,
0.18825,-0.0122077568,
0.1885,0.0046351412,
0.18875,0.0193697922,
0.189,-0.0077912509,
0.18925,0.0043121390,
0.1895,0.0207994394,
0.18975,0.0012898456,
0.19,-0.0211439189,
0.19025,0.0147379376,
0.1905,0.0115784593,
0.19075,-0.0124776568,
0.191,-0.0094274040,
0.19125,0.0075370334,
0.1915,-0.0065010763,
0.19175,-0.0235031322,
0.192,0.0048013167,
0.19225,0.0104839159,
0.1925,0.0069038146,
0.19275,0.0070278849,
0.193,0.0150765283,
0.19325,0.0118108457,
0.1935,0.0033462788,
0.19375,0.0068134437,
0.194,0.0060927458,
0.19425,-0.0128464717,
0.1945,0.0002650839,
0.19475,0.0014963192,
0.195,-0.0041629155,
0.19525,0.0001612250,
0.1955,0.0091975564,
0.19575,0.0107091675,
0.196,0.0107544307,
0.19625,-0.0015900955,
0.1965,-0.0053899311,
0.19675,0.0173289552,
0.197,0.0014061951,
0.19725,0.0027456007,
0.1975,0.0111363698,
0.19775,0.0194665529,
0.198,0.0006242051,
0.19825,0.0091906795,
0.1985,0.0250423122,
0.19875,0.0232939571,
0.199,0.0082039097,
0.19925,0.0228205509,
0.1995,0.0197797529,
0.19975,0.0023658134,
0.2,0.0089872852,
0.20025,0.0214347523,
0.2005,-0.0014139214,
0.20075,-0.0011629597,
0.201,0.0042163725,
0.20125,-0.0008326739,
0.2015,-0.0163415466,
0.20175,0.0037131144,
0.202,0.0077008782,
0.20225,0.0115573741,
0.2025,0.0103484783,
0.20275,0.0093546873,
0.203,0.0114312032,
0.20325,0.0019778893,
0.2035,0.0050020739,
0.20375,-0.0000744816,
0.204,0.0040532169,
0.20425,0.0026925409,
0.2045,0.0086045340,
0.20475,0.0123392995,
0.205,0.0168988332,
0.20525,-0.0011696084,
0.2055,0.0124738542,
0.20575,0.0074649518,
0.206,0.0058640949,
0.20625,-0.0035413159,
0.2065,0.0164495092,
0.20675,0.0190557335,
0.207,0.0059819287,
0.20725,0.0129312947,
0.2075,0.0312648937,
0.20775,0.0128967259,
0.208,0.0099133151,
0.20825,0.0203353539,
0.2085,0.0242223125,
0.20875,0.0084328037,
0.209,0.0161778778,
0.20925,0.0138423909,
0.2095,-0.0057042008,
0.20975,-0.0101425182,
0.21,0.0053798417,
0.21025,0.0055969874,
0.2105,-0.0030299383,
0.21075,-0.0075140456,
0.211,-0.0056852023,
0.21125,-0.0046095303,
0.2115,-0.0013794543,
0.21175,-0.0089578042,
0.212,0.0156760532,
0.21225,0.0028050416,
0.2125,-0.0065358658,
0.21275,0.0129710846,
0.213,0.0148940589,
0.21325,-0.0071307942,
0.2135,-0.0054901522,
0.21375,0.0014964549,
0.214,-0.0105596799,
0.21425,-0.0052233478,
0.2145,-0.0032683047,
0.21475,-0.0097442158,
0.215,-0.0069387536,
0.21525,0.0004971137,
0.2155,0.0014913080,
0.21575,0.0009524373,
0.216,-0.0148095926,
0.21625,-0.0066694343,
0.2165,0.0055631059,
0.21675,0.0033573024,
0.217,-0.0043438096,
0.21725,0.0158250500,
0.2175,0.0035351794,
0.21775,-0.0026665367,
0.218,0.0016173777,
0.21825,0.0039985804,
0.2185,0.0093080206,
0.21875,-0.0089928033,
0.219,-0.0010252685,
0.21925,-0.0117610348,
0.2195,-0.0075299172,
0.21975,-0.0036398233,
0.22,-0.0140409963,
0.22025,-0.0080118813,
0.2205,-0.0163095929,
0.22075,-0.0145960925,
0.221,-0.0126482220,
0.22125,-0.0263480935,
0.2215,-0.0151695395,
0.22175,-0.0065360521,
0.222,0.0072982744,
0.22225,-0.0064077531,
0.2225,-0.0001092399,
0.22275,-0.0110406289,
0.223,-0.0058599599,
0.22325,-0.0100915795,
0.2235,-0.0000567811,
0.22375,-0.0129640000,
0.224,-0.0100144353,
0.22425,-0.0130599281,
0.2245,0.0024006886,
0.22475,-0.0115417307,
0.225,-0.0193924047,
0.22525,-0.0012102671,
0.2255,-0.0022653935,
0.22575,-0.0018062552,
0.226,-0.0131869186,
0.22625,-0.0101713818,
0.2265,0.0054239063,
0.22675,0.0017591610,
0.227,-0.0116899787,
0.22725,0.0058225286,
0.2275,0.0010898552,
0.22775,-0.0117240231,
0.228,-0.0099123139,
0.22825,0.0078174416,
0.2285,-0.0089579448,
0.22875,-0.0063247159,
0.229,-0.0053705024,
0.22925,-0.0195538364,
0.2295,-0.0200651605,
0.22975,-0.0012360780,
0.23,0.0096949367,
0.23025,-0.0157978889,
0.2305,-0.0160023905,
0.23075,-0.0008595263,
0.231,-0.0193297882,
0.23125,-0.0224674325,
0.2315,-0.0181840677,
0.23175,0.0099662878,
0.232,-0.0227013249,
0.23225,0.0000131372,
0.2325,0.0019502779,
0.23275,-0.0052295742,
0.233,-0.0122212414,
0.23325,-0.0058226110,
0.2335,-0.0028080344,
0.23375,-0.0129612293,
0.234,-0.0038845832,
0.23425,-0.0197708011,
0.2345,-0.0153234499,
0.23475,-0.0092339059,
0.235,-0.0040951311,
0.23525,-0.0125316754,
0.2355,-0.0001631225,
0.23575,-0.0140941991,
0.236,-0.0068078600,
0.23625,0.0033103777,
0.2365,0.0126262922,
0.23675,-0.0032908781,
0.237,0.0003874060,
0.23725,0.0166109186,
0.2375,-0.0033533103,
0.23775,-0.0081557548,
0.238,0.0056122178,
0.23825,0.0049237912,
0.2385,-0.0040749591,
0.23875,-0.0076922844,
0.239,-0.0057408684,
0.23925,-0.0018897604,
0.2395,0.0008344975,
0.23975,-0.0093262699,
0.24,0.0031140377,
0.24025,-0.0099334260,
0.2405,0.0041741538,
0.24075,-0.0243448187,
0.241,-0.0179442577,
0.24125,-0.0086779064,
0.2415,0.0047399360,
0.24175,0.0162863694,
0.242,0.0041944450,
0.24225,0.0012434019,
0.2425,0.0043111108,
0.24275,0.0023849376,
0.243,-0.0075173699,
0.24325,-0.0010997085,
0.2435,-0.0039767055,
0.24375,-0.0011007044,
0.244,-0.0011605973,
0.24425,0.0014512024,
0.2445,-0.0213915687,
0.24475,-0.0034758297,
0.245,-0.0015093525,
0.24525,0.0095351590,
0.2455,0.0107516609,
0.24575,-0.0095985541,
0.246,-0.0035545304,
0.24625,0.0112164570,
0.2465,-0.0026373856,
0.24675,0.0020810398,
0.247,0.0111971181,
0.24725,0.0123738227,
0.2475,-0.0086653680,
0.24775,0.0054630311,
0.248,0.0129005443,
0.24825,0.0159225762,
0.2485,0.0089674154,
0.24875,-0.0075371121,
0.249,-0.0084020058,
0.24925,0.0033262374,
0.2495,-0.0011407139,
0.24975,0.0076561789,
0.25,-0.0013780615,
0.25025,0.0021712158,
0.2505,-0.0084751844,
0.25075,-0.0134348795,
0.251,-0.0061326884,
0.25125,-0.0086735478,
0.2515,0.0082941707,
0.25175,0.0024788687,
0.252,0.0033979979,
0.25225,-0.0100390203,
0.2525,0.0090081627,
0.25275,-0.0014003911,
0.253,-0.0023916808,
0.25325,-0.0056575043,
0.2535,0.0066509796,
0.25375,-0.0066161752,
0.254,-0.0036513531,
0.25425,-0.0037303618,
0.2545,0.0117055876,
0.25475,-0.0183634460,
0.255,0.0022234828,
0.25525,0.0104043903,
0.2555,-0.0163483638,
0.25575,0.0001435623,
0.256,0.0035712058,
0.25625,0.0093728900,
0.2565,0.0056363996,
0.25675,0.0072519523,
0.257,0.0191276670,
0.25725,0.0026194784,
0.2575,0.0050162901,
0.25775,0.0128137181,
0.258,0.0140760932,
0.25825,0.0039194161,
0.2585,-0.0035116305,
0.25875,-0.0113208927,
0.259,0.0026934280,
0.25925,-0.0052158693,
0.2595,-0.0066314256,
0.25975,0.0121829305,
0.26,0.0022932880,
0.26025,-0.0054751569,
0.2605,-0.0324779265,
0.26075,0.0034104036,
0.261,-0.0112857064,
0.26125,0.0074578379,
0.2615,0.0141329868,
0.26175,0.0112237213,
0.262,0.0027211020,
0.26225,0.0099759400,
0.2625,0.0047960072,
0.26275,0.0041610287,
0.263,-0.0101847285,
0.26325,0.0035082710,
0.2635,-0.0015499864,
0.26375,-0.0045877597,
0.264,-0.0121063236,
0.26425,-0.0204367340,
0.2645,0.0029603553,
0.26475,-0.0096654389,
0.265,-0.0006457093,
0.26525,0.0045414045,
0.2655,-0.0043951306,
0.26575,-0.0098612700,
0.266,0.0057091294,
0.26625,0.0071217702,
0.2665,0.0010144665,
0.26675,-0.0011221848,
0.267,0.0136027476,
0.26725,0.0012894771,
0.2675,-0.0093797743,
0.26775,0.0171750691,
0.268,0.0199010875,
0.26825,-0.0140837030,
0.2685,-0.0136540495,
0.26875,0.0040539578,
0.269,-0.0016281579,
0.26925,-0.0077205901,
0.2695,0.0097286571,
0.26975,-0.0092853364,
0.27,-0.0142950388,
0.27025,-0.0171841197,
0.2705,0.0042981468,
0.27075,-0.0235657208,
0.271,-0.0165460594,
0.27125,0.0091244150,
0.2715,0.0012398058,
0.27175,-0.0057002334,
0.272,0.0012649570,
0.27225,0.0065424573,
0.2725,0.0032522515,
0.27275,0.0004735044,
0.273,-0.0022960878,
0.27325,0.0020051848,
0.2735,-0.0073811556,
0.27375,0.0002661362,
0.274,-0.0119957840,
0.27425,0.0041581066,
0.2745,-0.0173726734,
0.27475,-0.0042274161,
0.275,-0.0017312506,
0.27525,0.0011021026,
0.2755,-0.0046971045,
0.27575,0.0017477009,
0.276,0.0155910552,
0.27625,0.0084393853,
0.2765,-0.0003391097,
0.27675,0.0092165992,
0.277,0.0046486966,
0.27725,-0.0024400037,
0.2775,-0.0000999591,
0.27775,0.0186943486,
0.278,-0.0040127002,
0.27825,-0.0088250376,
0.2785,-0.0049009710,
0.27875,0.0043265950,
0.279,-0.0123835187,
0.27925,-0.0000786839,
0.2795,0.0141550368,
0.27975,0.0043792762,
0.28,-0.0136684887,
0.28025,-0.0131945824,
0.2805,-0.0062789563,
0.28075,-0.0206791312,
0.281,0.0092231464,
0.28125,0.0095209591,
0.2815,0.0077342335,
0.28175,0.0058065159,
0.282,0.0163546167,
0.28225,0.0102463411,
0.2825,0.0058741160,
0.28275,-0.0116805974,
0.283,0.0033139205,
0.28325,-0.0014322948,
0.2835,-0.0053371871,
0.28375,-0.0229695663,
0.284,0.0073710606,
0.28425,0.0037354962,
0.2845,-0.0027811618,
0.28475,0.0001939558,
0.285,0.0133638233,
0.28525,0.0055593168,
0.2855,-0.0070518330,
0.28575,0.0083861388,
0.286,0.0041594878,
0.28625,0.0009450990,
0.2865,0.0013712466,
0.28675,0.0140042566,
0.287,0.0048784702,
0.28725,0.0008393230,
0.2875,0.0182859600,
0.28775,0.0146818962,
0.288,-0.0036471323,
0.28825,0.0003032926,
0.2885,0.0004417289,
0.28875,-0.0002588723,
0.289,-0.0073861359,
0.28925,-0.0007939848,
0.2895,-0.0147322798,
0.28975,-0.0122831492,
0.29,-0.0125477286,
0.29025,0.0051063229,
0.2905,-0.0193292871,
0.29075,-0.0027135671,
0.291,0.0077572889,
0.29125,0.0114594009,
0.2915,0.0099379607,
0.29175,0.0019124860,
0.292,0.0173258632,
0.29225,0.0258681178,
0.2925,-0.0066644074,
0.29275,0.0026624152,
0.293,0.0085812127,
0.29325,-0.0001476615,
0.2935,-0.0147936363,
0.29375,0.0042233258,
0.294,0.0096123768,
0.29425,-0.0105146319,
0.2945,0.0063726171,
0.29475,-0.0016696820,
0.295,0.0141564393,
0.29525,-0.0065719779,
0.2955,0.0170500837,
0.29575,0.0114926212,
0.296,0.0130612869,
0.29625,0.0018565315,
0.2965,0.0129513778,
0.29675,0.0116288830,
0.297,0.0098951012,
0.29725,0.0091721350,
0.2975,0.0141187161,
0.29775,0.0021318493,
0.298,0.0075348802,
0.29825,-0.0011347847,
0.2985,0.0184029322,
0.29875,-0.0120747965,
0.299,-0.0013082918,
0.29925,0.0012550304,
0.2995,-0.0056954483,
0.29975,-0.0319500901,
0.3,-0.0127110993,
0.30025,-0.0149438661,
0.3005,-0.0035795881,
0.30075,0.0088905841,
0.301,0.0149532259,
0.30125,0.0246652290,
0.3015,0.0036358216,
0.30175,0.0159883518,
0.302,0.0143814925,
0.30225,0.0095224138,
0.3025,-0.0079229921,
0.30275,0.0029493894,
0.303,0.0055097467,
0.30325,0.0013943990,
0.3035,-0.0136784241,
0.30375,0.0081635267,
0.304,0.0029166304,
0.30425,0.0077606197,
0.3045,-0.0130645176,
0.30475,0.0067121717,
0.305,0.0072171809,
0.30525,-0.0102583505,
0.3055,0.0054677799,
0.30575,0.0123628266,
0.306,-0.0019403973,
0.30625,-0.0023260843,
0.3065,0.0172333028,
0.30675,0.0122678149,
0.307,-0.0055589639,
0.30725,0.0056712525,
0.3075,0.0211484805,
0.30775,-0.0114663215,
0.308,-0.0085665910,
0.30825,-0.0084265061,
0.3085,-0.0173776913,
0.30875,-0.0151286516,
0.309,-0.0074055954,
0.30925,-0.0015869844,
0.3095,-0.0160569232,
0.30975,-0.0119723957,
0.31,0.0065685292,
0.31025,-0.0295241289,
0.3105,-0.0048538935,
0.31075,0.0115768472,
0.311,0.0073074820,
0.31125,0.0063009770,
0.3115,0.0072055520,
0.31175,0.0156992972,
0.312,0.0096810022,
0.31225,0.0020425043,
0.3125,0.0010339690,
0.31275,-0.0001685243,
0.313,0.0028880781,
0.31325,-0.0242513809,
0.3135,0.0040723169,
0.31375,-0.0061357962,
0.314,0.0031419473,
0.31425,-0.0163030978,
0.3145,-0.0114914812,
0.31475,0.0030715242,
0.315,-0.0068972069,
0.31525,0.0012689477,
0.3155,0.0079136109,
0.31575,0.0131148938,
0.316,-0.0102285538,
0.31625,-0.0013701379,
0.3165,0.0088112047,
0.31675,0.0010500463,
0.317,-0.0051627932,
0.31725,0.0005995143,
0.3175,-0.0030391007,
0.31775,-0.0187363885,
0.318,-0.0081821410,
0.31825,0.0028795484,
0.3185,-0.0217115488,
0.31875,-0.0131071778,
0.319,-0.0063029304,
0.31925,-0.0246191118,
0.3195,-0.0361661278,
0.31975,-0.0143989641,
0.32,-0.0111325756,
0.32025,0.0088362964,
0.3205,0.0037473571,
0.32075,0.0081091924,
0.321,0.0137948571,
0.32125,-0.0062092091,
0.3215,0.0089273807,
0.32175,0.0136577431,
0.322,-0.0063184579,
0.32225,-0.0082316874,
0.3225,0.0045930366,
0.32275,0.0055997670,
0.323,-0.0027869167,
0.32325,-0.0114106517,
0.3235,0.0009481812,
0.32375,0.0067825699,
0.324,-0.0048545953,
0.32425,-0.0290749054,
0.3245,-0.0052145990,
0.32475,0.0010190100,
0.325,-0.0150377844,
0.32525,-0.0082814079,
0.3255,0.0118924286,
0.32575,-0.0038249423,
0.326,-0.0102814604,
0.32625,0.0062903990,
0.3265,0.0024546927,
0.32675,-0.0057233428,
0.327,-0.0001729964,
0.32725,0.0151466243,
0.3275,-0.0082595171,
0.32775,-0.0109526189,
0.328,-0.0153211420,
0.32825,-0.0112428367,
0.3285,-0.0053972462,
0.32875,-0.0084931739,
0.329,-0.0010617228,
0.32925,-0.0068784170,
0.3295,-0.0083464067,
0.32975,-0.0147096273,
0.33,-0.0188465752,
0.33025,-0.0065357871,
0.3305,-0.0089030713,
0.33075,0.0070928694,
0.331,0.0084677516,
0.33125,0.0038782181,
0.3315,0.0112641687,
0.33175,0.0082462281,
0.332,0.0026287977,
0.33225,-0.0093232915,
0.3325,0.0031207004,
0.33275,-0.0036512706,
0.333,-0.0267879274,
0.33325,-0.0002449964,
0.3335,-0.0057848208,
0.33375,-0.0017212080,
0.334,-0.0224815588,
0.33425,0.0005541719,
0.3345,0.0033230789,
0.33475,0.0000188599,
0.335,-0.0078380117,
0.33525,0.0107351039,
0.3355,0.0018560207,
0.33575,-0.0021246676,
0.336,-0.0075371657,
0.33625,0.0028091860,
0.3365,-0.0004557702,
0.33675,-0.0025688657,
0.337,-0.0012715384,
0.33725,0.0027169054,
0.3375,-0.0013668671,
0.33775,-0.0049223448,
0.338,-0.0065704384,
0.33825,-0.0090612788,
0.3385,-0.0158617292,
0.33875,-0.0142128570,
0.339,-0.0239383150,
0.33925,-0.0254814290,
0.3395,-0.0178171825,
0.33975,-0.0043211672,
0.34,0.0081280721,
0.34025,-0.0090201069,
0.3405,0.0055228570,
0.34075,0.0100133484,
0.341,0.0067384662,
0.34125,0.0073005767,
0.3415,0.0132259261,
0.34175,0.0055600842,
0.342,-0.0087118028,
0.34225,0.0037237911,
0.3425,0.0042552683,
0.34275,-0.0060666529,
0.343,-0.0146088181,
0.34325,-0.0009892973,
0.3435,0.0049928166,
0.34375,-0.0064661484,
0.344,-0.0164337512,
0.34425,0.0040988736,
0.3445,0.0113676004,
0.34475,-0.0053059054,
0.345,-0.0009323537,
0.34525,0.0138023011,
0.3455,0.0077437335,
0.34575,-0.0085400194,
0.346,0.0009406756,
0.34625,0.0175392237,
0.3465,-0.0049176929,
0.34675,0.0015011376,
0.347,0.0140465898,
0.34725,-0.0006310648,
0.3475,-0.0203804281,
0.34775,-0.0056458493,
0.348,0.0140544791,
0.34825,-0.0088694058,
0.3485,-0.0090672486,
0.34875,0.0031518047,
0.349,-0.0075337701,
0.34925,-0.0105551556,
0.3495,-0.0215420779,
0.34975,0.0002555580,
0.35,-0.0117552225,
0.35025,0.0004076437,
0.3505,0.0156649575,
0.35075,0.0031944315,
0.351,0.0122283176,
0.35125,0.0169317778,
0.3515,0.0043694293,
0.35175,0.0082557639,
0.352,-0.0037633136,
0.35225,-0.0000329380,
0.3525,-0.0117204096,
0.35275,0.0001068141,
0.353,0.0021388906,
0.35325,0.0068505229,
0.3535,0.0104405740,
0.35375,-0.0070808064,
0.354,-0.0005787991,
0.35425,0.0098682530,
0.3545,0.0201061741,
0.35475,-0.0108286813,
0.355,0.0013979820,
0.35525,0.0174460243,
0.3555,0.0023588699,
0.35575,-0.0067820344,
0.356,0.0223587062,
0.35625,0.0116255637,
0.3565,0.0002736370,
0.35675,0.0106041925,
0.357,0.0186870713,
0.35725,-0.0001115036,
0.3575,-0.0006136575,
0.35775,-0.0012118263,
0.358,-0.0066739828,
0.35825,-0.0077919327,
0.3585,0.0065664900,
0.35875,0.0005200848,
0.359,0.0016274352,
0.35925,-0.0113977529,
0.3595,0.0173611082,
0.35975,0.0066004093,
0.36,0.0017274693,
0.36025,0.0114448667,
0.3605,0.0093580540,
0.36075,0.0156994537,
0.361,0.0055776672,
0.36125,0.0128858173,
0.3615,0.0128950225,
0.36175,0.0066433130,
0.362,0.0108400462,
0.36225,0.0116548399,
0.3625,0.0009991374,
0.36275,0.0101591758,
0.363,0.0130362613,
0.36325,0.0211043376,
0.3635,0.0042354171,
0.36375,-0.0067873164,
0.364,0.0138008799,
0.36425,0.0218020864,
0.3645,0.0037268950,
0.36475,0.0044692452,
0.365,0.0181068871,
0.36525,0.0179868732,
0.3655,-0.0002361590,
0.36575,0.0156321507,
0.366,0.0192499552,
0.36625,0.0166916363,
0.3665,0.0103276139,
0.36675,0.0125385961,
0.367,0.0062351096,
0.36725,-0.0056122197,
0.3675,-0.0036423923,
0.36775,0.0256478265,
0.368,-0.0004971591,
0.36825,-0.0028105392,
0.3685,-0.0040530092,
0.36875,-0.0084372787,
0.369,-0.0137267280,
0.36925,-0.0142127881,
0.3695,0.0124653438,
0.36975,0.0021574511,
0.37,0.0159602202,
0.37025,0.0024523202,
0.3705,0.0223495029,
0.37075,0.0212913975,
0.371,-0.0020677019,
0.37125,0.0185845643,
0.3715,0.0146404803,
0.37175,-0.0022675544,
0.372,0.0072806925,
0.37225,0.0005826658,
0.3725,0.0048429356,
0.37275,-0.0036493987,
0.373,0.0151284691,
0.37325,0.0101864291,
0.3735,-0.0090828966,
0.37375,-0.0032031038,
0.374,0.0124253668,
0.37425,0.0021637904,
0.3745,0.0066584954,
0.37475,0.0083777523,
0.375,0.0190527663,
0.37525,0.0011677676,
0.3755,0.0011129278,
0.37575,0.0093571227,
0.376,0.0131797381,
0.37625,0.0042351331,
0.3765,0.0048720073,
0.37675,0.0025199223,
0.377,0.0021479365,
0.37725,-0.0039228173,
0.3775,-0.0040153130,
0.37775,0.0051732012,
0.378,0.0006063922,
0.37825,-0.0042681214,
0.3785,-0.0122431647,
0.37875,-0.0060633486,
0.379,-0.0164641328,
0.37925,0.0004329240,
0.3795,0.0036723870,
0.37975,0.0006700840,
0.38,-0.0078208381,
0.38025,0.0141750798,
0.3805,-0.0025320621,
0.38075,0.0029669914,
0.381,0.0032327720,
0.38125,0.0078421989,
0.3815,0.0012728800,
0.38175,-0.0023055372,
0.382,-0.0002176320,
0.38225,0.0012743752,
0.3825,-0.0057611065,
0.38275,0.0053918837,
0.383,-0.0060628904,
0.38325,-0.0072927452,
0.3835,-0.0074159736,
0.38375,-0.0010162137,
0.384,0.0111864554,
0.38425,0.0068009137,
0.3845,-0.0032725779,
0.38475,0.0071346881,
0.385,0.0094757462,
0.38525,-0.0060330806,
0.3855,-0.0035044090,
0.38575,0.0131514464,
0.386,0.0029167831,
0.38625,-0.0124783712,
0.3865,0.0024620944,
0.38675,0.0021128897,
0.387,-0.0162878837,
0.38725,-0.0065816035,
0.3875,0.0160295740,
0.38775,-0.0074573122,
0.388,-0.0204134639,
0.38825,-0.0137260333,
0.3885,-0.0074546449,
0.38875,-0.0315296873,
0.389,-0.0176391248,
0.38925,0.0077148462,
0.3895,0.0009857547,
0.38975,-0.0030392502,
0.39,0.0095924819,
0.39025,0.0157465544,
0.3905,0.0049696346,
0.39075,-0.0008180223,
0.391,0.0148898074,
0.39125,-0.0048150187,
0.3915,0.0009707683,
0.39175,0.0023298196,
0.392,-0.0140069136,
0.39225,0.0038392728,
0.3925,-0.0099104028,
0.39275,-0.0021419539,
0.393,0.0005907734,
0.39325,-0.0009783818,
0.3935,-0.0117158657,
0.39375,0.0091177244,
0.394,0.0125941960,
0.39425,0.0096729435,
0.3945,0.0061440351,
0.39475,0.0193635691,
0.395,0.0131435515,
0.39525,-0.0009576622,
0.3955,0.0053101713,
0.39575,0.0241146777,
0.396,-0.0003633621,
0.39625,0.0009486258,
0.3965,-0.0008795757,
0.39675,0.0019637642,
0.397,-0.0051293559,
0.39725,0.0095924390,
0.3975,0.0062729097,
0.39775,-0.0032916942,
0.398,-0.0066608163,
0.39825,0.0038972264,
0.3985,-0.0173621774,
0.39875,-0.0144701079,
0.399,0.0093013961,
0.39925,0.0171300247,
0.3995,0.0059367721,
0.39975,0.0059465654,
0.4,0.0105357068,
0.40025,0.0055637793,
0.4005,0.0097302245,
0.40075,0.0018879118,
0.401,0.0052928175,
0.40125,0.0116275232,
0.4015,0.0038926085,
0.40175,-0.0014857820,
0.402,0.0098587368,
0.40225,-0.0020900553,
0.4025,0.0089562424,
0.40275,0.0018419971,
0.403,0.0102799814,
0.40325,0.0035504410,
0.4035,0.0021658160,
0.40375,0.0188016295,
0.404,0.0136393178,
0.40425,0.0041044001,
0.4045,0.0153834103,
0.40475,0.0165119432,
0.405,0.0101475222,
0.40525,0.0001959232,
0.4055,0.0219451729,
0.40575,0.0085264603,
0.406,0.0036833135,
0.40625,0.0064923982,
0.4065,-0.0135465069,
0.40675,-0.0022545471,
0.407,0.0064124186,
0.40725,0.0070587583,
0.4075,-0.0034075901,
0.40775,-0.0086876294,
0.408,0.0002020575,
0.40825,0.0040452620,
0.4085,-0.0148792211,
0.40875,-0.0041339938,
0.409,0.0149860457,
0.40925,0.0124880709,
0.4095,0.0014257533,
0.40975,0.0095720636,
0.41,0.0166549571,
0.41025,-0.0006337618,
0.4105,-0.0095184268,
0.41075,0.0062890192,
0.411,0.0039781812,
0.41125,0.0037894098,
0.4115,-0.0210770406,
0.41175,0.0038498868,
0.412,0.0059256982,
0.41225,-0.0013550792,
0.4125,0.0031846641,
0.41275,0.0043251836,
0.413,-0.0012983968,
0.41325,-0.0150790615,
0.4135,0.0070152953,
0.41375,0.0034024268,
0.414,-0.0001170068,
0.41425,0.0022243590,
0.4145,0.0065684319,
0.41475,0.0029619897,
0.415,0.0021056398,
0.41525,0.0030178744,
0.4155,0.0115058143,
0.41575,-0.0005544866,
0.416,-0.0006368893,
0.41625,-0.0186699349,
0.4165,-0.0065405238,
0.41675,0.0009856354,
0.417,-0.0120746586,
0.41725,0.0001472638,
0.4175,-0.0035072551,
0.41775,-0.0096773561,
0.418,-0.0149314292,
0.41825,-0.0299721025,
0.4185,-0.0192178823,
0.41875,-0.0055829925,
0.419,0.0053163189,
0.41925,-0.0002102712,
0.4195,-0.0069588395,
0.41975,-0.0088809486,
0.42,0.0048873229,
0.42025,-0.0105089275,
0.4205,-0.0034116653,
0.42075,-0.0022593848,
0.421,-0.0002880745,
0.42125,-0.0074974392,
0.4215,-0.0123078972,
0.42175,-0.0127268806,
0.422,-0.0135965422,
0.42225,-0.0126374559,
0.4225,-0.0154281631,
0.42275,-0.0008713154,
0.423,-0.0156057440,
0.42325,-0.0193235278,
0.4235,-0.0075690751,
0.42375,0.0014118223,
0.424,-0.0065340851,
0.42425,-0.0067611150,
0.4245,0.0106963795,
0.42475,-0.0054322854,
0.425,-0.0189631656,
0.42525,0.0027263465,
0.4255,0.0040273746,
0.42575,-0.0106740613,
0.426,-0.0202732366,
0.42625,-0.0167894177,
0.4265,-0.0041179433,
0.42675,-0.0190467909,
0.427,0.0011979416,
0.42725,-0.0139293615,
0.4275,-0.0221252404,
0.42775,-0.0057128626,
0.428,-0.0147902584,
0.42825,-0.0214363653,
0.4285,-0.0213384423,
0.42875,0.0027227702,
0.429,-0.0003997030,
0.42925,-0.0172191672,
0.4295,-0.0050391210,
0.42975,-0.0066080298,
0.43,-0.0257257037,
0.43025,-0.0073359539,
0.4305,-0.0121075008,
0.43075,-0.0127193164,
0.431,0.0006504200,
0.43125,-0.0166865010,
0.4315,-0.0098208953,
0.43175,-0.0146288965,
0.432,-0.0079059564,
0.43225,-0.0219069067,
0.4325,-0.0139702838,
0.43275,-0.0199448522,
0.433,-0.0159207806,
0.43325,-0.0081622861,
0.4335,0.0055776983,
0.43375,0.0076288776,
0.434,-0.0099452976,
0.43425,0.0090661682,
0.4345,0.0086226985,
0.43475,-0.0107936114,
0.435,-0.0059332740,
0.43525,0.0048772530,
0.4355,0.0015073410,
0.43575,-0.0197024457,
0.436,-0.0118938237,
0.43625,-0.0043474492,
0.4365,-0.0125938011,
0.43675,-0.0074331956,
0.437,0.0009025373,
0.43725,-0.0051020933,
0.4375,-0.0105558485,
0.43775,-0.0337880924,
0.438,-0.0145006329,
0.43825,-0.0088713737,
0.4385,-0.0029497568,
0.43875,0.0022771368,
0.439,0.0020785029,
0.43925,-0.0064413100,
0.4395,-0.0035102251,
0.43975,0.0152805876,
0.44,-0.0002439880,
0.44025,-0.0023976141,
0.4405,-0.0021527288,
0.44075,0.0079752309,
0.441,-0.0095093641,
0.44125,-0.0096453046,
0.4415,-0.0210027061,
0.44175,-0.0020937743,
0.442,-0.0133093903,
0.44225,-0.0082142595,
0.4425,0.0066570602,
0.44275,0.0024956258,
0.443,-0.0068324269,
0.44325,0.0027261409,
0.4435,0.0146206105,
0.44375,0.0046834112,
0.444,-0.0017297396,
0.44425,0.0173046440,
0.4445,0.0035629515,
0.44475,-0.0027952669,
0.445,0.0152499313,
0.44525,0.0167308599,
0.4455,0.0047860825,
0.44575,-0.0151311569,
0.446,-0.0067891949,
0.44625,0.0081048543,
0.4465,-0.0000276566,
0.44675,0.0013949064,
0.447,-0.0020364164,
0.44725,-0.0022011029,
0.4475,-0.0112489089,
0.44775,-0.0072932034,
0.448,-0.0069872285,
0.44825,-0.0080682812,
0.4485,0.0041416595,
0.44875,0.0114047602,
0.449,0.0084258066,
0.44925,-0.0004005276,
0.4495,0.0102358852,
0.44975,0.0062237447,
0.45,0.0081421919,
0.45025,-0.0146866543,
0.4505,0.0119580552,
0.45075,-0.0013675150,
0.451,-0.0113516003,
0.45125,0.0027375729,
0.4515,0.0187285319,
0.45175,-0.0041497760,
0.452,-0.0101289628,
0.45225,0.0055919192,
0.4525,-0.0005097701,
0.45275,0.0003061479,
0.453,0.0036368025,
0.45325,0.0195593871,
0.4535,0.0089151878,
0.45375,0.0067531560,
0.454,0.0094107203,
0.45425,0.0010783282,
0.4545,0.0070422334,
0.45475,0.0041664201,
0.455,0.0062669618,
0.45525,0.0137375370,
0.4555,-0.0009511903,
0.45575,-0.0082419775,
0.456,0.0101811448,
0.45625,0.0064207483,
0.4565,-0.0010247517,
0.45675,0.0033399900,
0.457,0.0067511667,
0.45725,-0.0053803492,
0.4575,-0.0270826910,
0.45775,0.0089639081,
0.458,0.0004269441,
0.45825,0.0010766779,
0.4585,0.0047610430,
0.45875,0.0146409888,
0.459,0.0045571411,
0.45925,0.0080522243,
0.4595,0.0126686217,
0.45975,0.0091834478,
0.46,-0.0077102561,
0.46025,0.0043648314,
0.4605,0.0051994212,
0.46075,-0.0070862421,
0.461,-0.0116562387,
0.46125,-0.0073291496,
0.4615,0.0053897635,
0.46175,-0.0073060296,
0.462,-0.0006468576,
0.46225,0.0063875914,
0.4625,0.0129926819,
0.46275,-0.0024150379,
0.463,0.0004410776,
0.46325,0.0149485171,
0.4635,0.0099008204,
0.46375,-0.0106083881,
0.464,0.0081826579,
0.46425,0.0128521137,
0.4645,-0.0017755118,
0.46475,0.0033054014,
0.465,0.0237388313,
0.46525,0.0019047803,
0.4655,-0.0253047459,
0.46575,-0.0017497477,
0.466,0.0072880019,
0.46625,-0.0186666884,
0.4665,-0.0143613331,
0.46675,-0.0097145578,
0.467,-0.0061001536,
0.46725,-0.0169876963,
0.4675,0.0005690964,
0.46775,-0.0128643112,
0.468,-0.0037303944,
0.46825,0.0101237921,
0.4685,0.0048153391,
0.46875,0.0002522424,
0.469,0.0059916927,
0.46925,0.0070414697,
0.4695,0.0111928843,
0.46975,-0.0035455718,
0.47,-0.0088747293,
0.47025,0.0057978830,
0.4705,-0.0052822703,
0.47075,-0.0042918897,
0.471,-0.0092052016,
0.47125,0.0032211330,
0.4715,0.0000761830,
0.47175,-0.0048861522,
0.472,-0.0159624517,
0.47225,0.0062721805,
0.4725,-0.0072718686,
0.47275,-0.0107514746,
0.473,0.0065156464,
0.47325,0.0125120655,
0.4735,-0.0066209389,
0.47375,-0.0082017984,
0.474,0.0153810754,
0.47425,0.0032396726,
0.4745,-0.0059007225,
0.47475,0.0125771435,
0.475,0.0085178455,
0.47525,-0.0132839102,
0.4755,-0.0098258909,
0.47575,0.0163331553,
0.476,-0.0035299486,
0.47625,-0.0202293042,
0.4765,0.0026965393,
0.47675,0.0043326886,
0.477,-0.0115901781,
0.47725,-0.0248881578,
0.4775,0.0029826106,
0.47775,-0.0030194898,
0.478,0.0054676216,
0.47825,0.0057177572,
0.4785,0.0136787640,
0.47875,0.0056878543,
0.479,0.0130122844,
0.47925,0.0045460602,
0.4795,0.0061838422,
0.47975,-0.0123396935,
0.48,-0.0004052868,
0.48025,0.0048003411,
0.4805,-0.0010258637,
0.48075,-0.0155561650,
0.481,-0.0016689923,
0.48125,0.0038232037,
0.4815,0.0006767368,
0.48175,-0.0028825433,
0.482,0.0054245451,
0.48225,0.0114349108,
0.4825,-0.0061838198,
0.48275,0.0024404111,
0.483,0.0154310456,
0.48325,0.0093077943,
0.4835,-0.0069004898,
0.48375,0.0080081401,
0.484,0.0168509446,
0.48425,0.0002090915,
0.4845,0.0046847053,
0.48475,0.0214334596,
0.485,0.0069537908,
0.48525,-0.0145995542,
0.4855,0.0067202253,
0.48575,0.0026546570,
0.486,-0.0116772614,
0.48625,-0.0088371793,
0.4865,0.0008422696,
0.48675,0.0116321025,
0.487,-0.0147505794,
0.48725,0.0019597658,
0.4875,-0.0003407919,
0.48775,0.0092186322,
0.488,0.0025461572,
0.48825,0.0014679239,
0.4885,0.0185346175,
0.48875,0.0074836155,
0.489,0.0132346805,
0.48925,0.0235840045,
0.4895,0.0072901677,
0.48975,0.0059671765,
0.49,0.0100424504,
0.49025,0.0074108881,
0.4905,-0.0168068670,
0.49075,-0.0028685424,
0.491,0.0115431054,
0.49125,-0.0018552148,
0.4915,-0.0046548811,
0.49175,-0.0065464415,
0.492,0.0160378572,
0.49225,-0.0047527682,
0.4925,0.0078871455,
0.49275,0.0143219568,
0.493,0.0177175850,
0.49325,0.0021768925,
0.4935,0.0082181338,
0.49375,0.0171895716,
0.494,0.0086801592,
0.49425,0.0043208706,
0.4945,0.0117879491,
0.49475,0.0045786058,
0.495,-0.0061066910,
0.49525,0.0054113353,
0.4955,0.0166172516,
0.49575,-0.0011672255,
0.496,0.0037209829,
0.49625,-0.0008595638,
0.4965,0.0013374073,
0.49675,-0.0175763555,
0.497,-0.0195512939,
0.49725,0.0040301215,
0.4975,0.0116477683,
0.49775,0.0141215734,
0.498,0.0036459765,
0.49825,0.0229162741,
0.4985,0.0023548712,
0.49875,0.0086182710,
0.499,0.0067407708,
0.49925,0.0080447486,
0.4995,-0.0071772970,
0.49975,-0.0024952088,
0.5,0.0105085783,
0.50025,0.0017083888,
0.5005,-0.0109915286,
0.50075,0.0025661660,
0.501,0.0000288169,
0.50125,0.0060923980,
0.5015,-0.0091258455,
0.50175,-0.0066258968,
0.502,0.0140705658,
0.50225,0.0045717279,
0.5025,-0.0055609820,
0.50275,0.0213846192,
0.503,0.0136865498,
0.50325,-0.0041136537,
0.5035,0.0106150731,
0.50375,0.0215153880,
0.504,0.0013059297,
0.50425,-0.0008303756,
0.5045,0.0249453802,
0.50475,0.0091043198,
0.505,-0.0141000515,
0.50525,-0.0010451903,
0.5055,0.0000688356,
0.50575,-0.0091758538,
0.506,-0.0079335775,
0.50625,0.0045616748,
0.5065,-0.0054752314,
0.50675,-0.0111429654,
0.507,-0.0003727274,
0.50725,-0.0057268753,
0.5075,-0.0054576546,
0.50775,-0.0170215238,
0.508,0.0138795730,
0.50825,0.0038713943,
0.5085,0.0033203533,
0.50875,0.0058898572,
0.509,0.0043130275,
0.50925,-0.0038416842,
0.5095,0.0006653039,
0.50975,0.0018620244,
0.51,-0.0073635047,
0.51025,-0.0191340558,
0.5105,0.0018246028,
0.51075,-0.0060995342,
0.511,0.0057182740,
0.51125,-0.0084168268,
0.5115,-0.0170529801,
0.51175,0.0083798906,
0.512,0.0049147662,
0.51225,0.0005331208,
0.5125,0.0014431260,
0.51275,0.0168704558,
0.513,-0.0030499073,
0.51325,-0.0018647241,
0.5135,0.0104815708,
0.51375,0.0198828336,
0.514,-0.0016477051,
0.51425,0.0045922855,
0.5145,0.0127331987,
0.51475,-0.0051542576,
0.515,0.0023251560,
0.51525,0.0053781136,
0.5155,-0.0125870854,
0.51575,-0.0223665312,
0.516,-0.0177223086,
0.51625,-0.0027693657,
0.5165,-0.0331090987,
0.51675,-0.0190619342,
0.517,-0.0041741538,
0.51725,0.0092262905,
0.5175,-0.0003410651,
0.51775,0.0124043431,
0.518,0.0029812343,
0.51825,-0.0035901736,
0.5185,0.0008167846,
0.51875,0.0047297548,
0.519,0.0049905423,
0.51925,-0.0121077783,
0.5195,-0.0020843276,
0.51975,0.0045815883,
0.52,0.0060223080,
0.52025,-0.0203553028,
0.5205,-0.0055605164,
0.52075,0.0092444550,
0.521,0.0029493440,
0.52125,-0.0157877617,
0.5215,-0.0066234642,
0.52175,0.0062897005,
0.522,0.0065132584,
0.52225,-0.0026385356,
0.5225,0.0157463867,
0.52275,0.0207208134,
0.523,-0.0034560438,
0.52325,0.0050990796,
0.5235,0.0229579806,
0.52375,0.0039365259,
0.524,0.0080782296,
0.52425,0.0070826327,
0.5245,-0.0122680105,
0.52475,-0.0174172744,
0.525,-0.0056942906,
0.52525,0.0018187691,
0.5255,-0.0062403036,
0.52575,-0.0131534245,
0.526,-0.0008542633,
0.52625,-0.0101112053,
0.5265,0.0016444881,
0.52675,-0.0178813450,
0.527,0.0001022568,
0.52725,0.0022455158,
0.5275,-0.0166875999,
0.52775,0.0080886632,
0.528,0.0077552162,
0.52825,0.0020845595,
0.5285,-0.0050367699,
0.52875,0.0010846049,
0.529,0.0000839047,
0.52925,-0.0035791753,
0.5295,-0.0133976322,
0.52975,-0.0084565757,
0.53,-0.0158979595,
0.53025,-0.0019361612,
0.5305,0.0015478707,
0.53075,0.0088240979,
0.531,-0.0097246356,
0.53125,-0.0093764989,
0.5315,0.0108156307,
0.53175,0.0111597050,
0.532,-0.0077029038,
0.53225,0.0064692409,
0.5325,0.0186010282,
0.53275,-0.0026810830,
0.533,0.0001600030,
0.53325,0.0079086972,
0.5335,0.0058615231,
0.53375,0.0002332446,
0.534,-0.0090450458,
0.53425,-0.0060380339,
0.5345,-0.0096418764,
0.53475,-0.0056756851,
0.535,-0.0179871824,
0.53525,-0.0216789190,
0.5355,-0.0140902596,
0.53575,-0.0127020339,
0.536,-0.0122421980,
0.53625,-0.0151586616,
0.5365,-0.0121608283,
0.53675,-0.0112020792,
0.537,0.0088431742,
0.53725,-0.0051638121,
0.5375,-0.0037407328,
0.53775,-0.0024074612,
0.538,-0.0044772718,
0.53825,-0.0117689362,
0.5385,-0.0013909658,
0.53875,0.0013417422,
0.539,-0.0048376746,
0.53925,-0.0048508132,
0.5395,0.0006815565,
0.53975,-0.0087679056,
0.54,-0.0168099143,
0.54025,-0.0049898438,
0.5405,0.0043411981,
0.54075,-0.0028833232,
0.541,-0.0179966148,
0.54125,-0.0093919430,
0.5415,0.0013672679,
0.54175,-0.0001395531,
0.542,-0.0035314299,
0.54225,0.0000880017,
0.5425,0.0115005663,
0.54275,-0.0063009444,
0.543,-0.0143900644,
0.54325,0.0137436753,
0.5435,-0.0005985190,
0.54375,-0.0059314026,
0.544,-0.0129625853,
0.54425,-0.0190861467,
0.5445,-0.0136316707,
0.54475,-0.0180132352,
0.545,0.0117554190,
0.54525,0.0005525468,
0.5455,-0.0173768662,
0.54575,0.0026076147,
0.546,-0.0218734127,
0.54625,-0.0276010446,
0.5465,-0.0307109430,
0.54675,-0.0020578350,
0.547,-0.0136942239,
0.54725,-0.0065209069,
0.5475,-0.0021442191,
0.54775,0.0011218094,
0.548,-0.0007057544,
0.54825,0.0073435297,
0.5485,0.0022215599,
0.54875,0.0042201011,
0.549,-0.0003507824,
0.54925,-0.0073934142,
0.5495,-0.0130117871,
0.54975,-0.0029312205,
0.55,-0.0054491032,
0.55025,-0.0077135772,
0.5505,0.0085278219,
0.55075,-0.0076427725,
0.551,-0.0095040388,
0.55125,-0.0079196375,
0.5515,0.0128493309,
0.55175,0.0006038910,
0.552,-0.0035183735,
0.55225,0.0168836359,
0.5525,0.0029699781,
0.55275,-0.0071295062,
0.553,0.0030300715,
0.55325,0.0140446248,
0.5535,0.0082518514,
0.55375,-0.0117957816,
0.554,0.0057694372,
0.55425,0.0017346318,
0.5545,-0.0001726170,
0.55475,-0.0134222526,
0.555,0.0112978686,
0.55525,-0.0084383152,
0.5555,0.0014915562,
0.55575,-0.0147990240,
0.556,-0.0142219737,
0.55625,-0.0194223281,
0.5565,-0.0013722924,
0.55675,0.0159790441,
0.557,0.0086202556,
0.55725,0.0043163369,
0.5575,0.0174804572,
0.55775,0.0155604985,
0.558,0.0053891651,
0.55825,0.0113530923,
0.5585,0.0051409774,
0.55875,0.0122450013,
0.559,0.0038860491,
0.55925,0.0036536250,
0.5595,-0.0093645407,
0.55975,0.0036968281,
0.56,0.0040185815,
0.56025,0.0073936824,
0.5605,0.0056629186,
0.56075,-0.0025288463,
0.561,0.0052725761,
0.56125,0.0115128420,
0.5615,0.0134577891,
0.56175,0.0059463400,
0.562,0.0158194993,
0.56225,0.0160895735,
0.5625,0.0085988520,
0.56275,0.0038454561,
0.563,0.0115367938,
0.56325,0.0288156159,
0.5635,-0.0006289606,
0.56375,0.0011531576,
0.564,0.0026224004,
0.56425,0.0002112907,
0.5645,-0.0007554083,
0.56475,0.0080714561,
0.565,0.0026856505,
0.56525,-0.0066854404,
0.5655,-0.0202535000,
0.56575,-0.0077222469,
0.566,-0.0050470270,
0.56625,-0.0225382969,
0.5665,0.0077204984,
0.56675,0.0109799122,
0.567,0.0121684335,
0.56725,-0.0015391916,
0.5675,0.0175955351,
0.56775,0.0249067135,
0.568,-0.0016679023,
0.56825,0.0016105972,
0.5685,0.0193624906,
0.56875,0.0034708241,
0.569,-0.0011046765,
0.56925,-0.0078587243,
0.5695,0.0180786140,
0.56975,-0.0120459395,
0.57,0.0026173142,
0.57025,0.0164029337,
0.5705,0.0013090075,
0.57075,-0.0055228183,
0.571,0.0072564301,
0.57125,0.0115923509,
0.5715,0.0078466525,
0.57175,0.0055835466,
0.572,0.0091017801,
0.57225,0.0067628054,
0.5725,0.0003126793,
0.57275,0.0023358969,
0.573,0.0161176212,
0.57325,0.0069430261,
0.5735,-0.0013385920,
0.57375,-0.0062877322,
0.574,-0.0010621386,
0.57425,0.0010625023,
0.5745,-0.0131438412,
0.57475,0.0113595612,
0.575,0.0025408105,
0.57525,-0.0072105890,
0.5755,-0.0203334186,
0.57575,-0.0057199504,
0.576,-0.0233123284,
0.57625,-0.0024179884,
0.5765,0.0084222537,
0.57675,0.0137296403,
0.577,-0.0015798932,
0.57725,0.0073745465,
0.5775,0.0094816741,
0.57775,0.0109840278,
0.578,-0.0094929328,
0.57825,0.0002638614,
0.5785,0.0105198901,
0.57875,-0.0022594775,
0.579,-0.0069490257,
0.57925,0.0013481292,
0.5795,0.0014801394,
0.57975,0.0039063133,
0.58,-0.0056475210,
0.58025,-0.0072668903,
0.5805,0.0053382786,
0.58075,-0.0150680365,
0.581,-0.0005190431,
0.58125,0.0107649257,
0.5815,-0.0053120386,
0.58175,-0.0037990301,
0.582,0.0099359257,
0.58225,0.0079780994,
0.5825,-0.0095113385,
0.58275,0.0021377818,
0.583,0.0225458574,
0.58325,-0.0107592959,
0.5835,-0.0082983151,
0.58375,-0.0033214442,
0.584,-0.0086209960,
0.58425,-0.0172141772,
0.5845,-0.0022487361,
0.58475,-0.0145906322,
0.585,-0.0324758962,
0.58525,-0.0271422230,
0.5855,0.0013693772,
0.58575,-0.0232891738,
0.586,-0.0256312843,
0.58625,0.0012445771,
0.5865,0.0123176761,
0.58675,-0.0008578850,
0.587,-0.0052538346,
0.58725,0.0179559793,
0.5875,0.0069149584,
0.58775,-0.0128686931,
0.588,0.0036017359,
0.58825,0.0005200246,
0.5885,0.0007588394,
0.58875,-0.0061895787,
0.589,-0.0131488759,
0.58925,0.0100014880,
0.5895,-0.0042249421,
0.58975,-0.0024444552,
0.59,-0.0087862760,
0.59025,0.0025361415,
0.5905,-0.0069610998,
0.59075,0.0007311057,
0.591,0.0114700114,
0.59125,0.0144432317,
0.5915,0.0005286358,
0.59175,0.0033267727,
0.592,0.0184958912,
0.59225,-0.0018502707,
0.5925,-0.0068675857,
0.59275,0.0173208639,
0.593,0.0013350372,
0.59325,-0.0016538163,
0.5935,-0.0073037809,
0.59375,0.0111314822,
0.594,-0.0004860495,
0.59425,-0.0048608794,
0.5945,0.0138833523,
0.59475,0.0065164631,
0.595,-0.0110813621,
0.59525,-0.0002245808,
0.5955,-0.0135716563,
0.59575,-0.0260419119,
0.596,0.0044681290,
0.59625,0.0132599156,
0.5965,0.0126106292,
0.59675,0.0021339594,
0.597,0.0107862577,
0.59725,0.0172858723,
0.5975,0.0093873292,
0.59775,0.0044809608,
0.598,0.0119745079,
0.59825,0.0134465555,
0.5985,0.0146913324,
0.59875,-0.0088943923,
0.599,0.0103021879,
0.59925,0.0079480456,
0.5995,-0.0017197800,
0.59975,-0.0084259231,
0.6,-0.0029440785,
0.60025,0.0165397283,
0.6005,-0.0022394205,
0.60075,0.0039285435,
0.601,0.0121141868,
0.60125,0.0077273841,
0.6015,0.0032801339,
0.60175,0.0198808983,
0.602,0.0118307415,
0.60225,-0.0027856652,
0.6025,0.0079105059,
0.60275,0.0214133747,
0.603,0.0010840935,
0.60325,0.0012327718,
0.6035,-0.0000522929,
0.60375,-0.0001279011,
0.604,0.0003798119,
0.60425,0.0064167776,
0.6045,-0.0101474039,
0.60475,-0.0088593177,
0.605,-0.0063104555,
0.60525,0.0029372685,
0.6055,-0.0139594097,
0.60575,-0.0180952325,
0.606,0.0130451852,
0.60625,0.0087499544,
0.6065,0.0159442145,
0.60675,0.0092260111,
0.607,0.0105542401,
0.60725,0.0243678335,
0.6075,0.0095852269,
0.60775,0.0023884317,
0.608,0.0100068087,
0.60825,0.0194594841,
0.6085,-0.0103467992,
0.60875,0.0001511364,
0.609,0.0124951303,
0.60925,-0.0039590485,
0.6095,-0.0069152424,
0.60975,-0.0042234063,
0.61,0.0056345291,
0.61025,-0.0132346097,
0.6105,0.0086887628,
0.61075,0.0143707860,
0.611,0.0167652722,
0.61125,0.0057883775,
0.6115,0.0094257370,
0.61175,0.0109476037,
0.612,0.0013666827,
0.61225,0.0071492568,
0.6125,0.0064136423,
0.61275,0.0050050784,
0.613,0.0004706694,
0.61325,-0.0133677796,
0.6135,0.0034698700,
0.61375,-0.0025561401,
0.614,-0.0054763905,
0.61425,0.0009563899,
0.6145,-0.0121333096,
0.61475,-0.0174604803,
0.615,-0.0223107301,
0.61525,-0.0180084147,
0.6155,0.0054810829,
0.61575,0.0010520935,
0.616,0.0039780131,
0.61625,0.0116680330,
0.6165,-0.0017765751,
0.61675,0.0005995037,
0.617,0.0153366029,
0.61725,0.0055051390,
0.6175,-0.0041790972,
0.61775,-0.0031189525,
0.618,0.0125292502,
0.61825,-0.0041091610,
0.6185,-0.0114656016,
0.61875,-0.0069647324,
0.619,0.0074531813,
0.61925,-0.0045352764,
0.6195,-0.0226341523,
0.61975,-0.0019794856,
0.62,0.0030324459,
0.62025,-0.0016940158,
0.6205,-0.0121807046,
0.62075,0.0024858261,
0.621,0.0071291002,
0.62125,-0.0119377570,
0.6215,0.0031643570,
0.62175,0.0086785061,
0.622,-0.0130611360,
0.62225,-0.0050139334,
0.6225,0.0108338390,
0.62275,0.0022841133,
0.623,-0.0119271679,
0.62325,-0.0215636380,
0.6235,-0.0039163693,
0.62375,-0.0078414585,
0.624,-0.0165914670,
0.62425,-0.0101220747,
0.6245,-0.0092692757,
0.62475,-0.0188348368,
0.625,-0.0054081753,
0.62525,-0.0287266839,
0.6255,-0.0203927997,
0.62575,-0.0000038071,
0.626,0.0075038513,
0.62625,0.0036766797,
0.6265,-0.0043511898,
0.62675,0.0107096052,
0.627,0.0002458595,
0.62725,0.0005276510,
0.6275,-0.0088282973,
0.62775,-0.0074618175,
0.628,0.0046521313,
0.62825,-0.0164959021,
0.6285,-0.0056969891,
0.62875,-0.0029015609,
0.629,-0.0011281858,
0.62925,-0.0086972527,
0.6295,-0.0182578173,
0.62975,-0.0081792129,
0.63,0.0054069790,
0.63025,-0.0136756292,
0.6305,-0.0001678202,
0.63075,0.0141700674,
0.631,-0.0059493561,
0.63125,-0.0073010046,
0.6315,0.0045678914,
0.63175,0.0035676504,
0.632,-0.0037068862,
0.63225,-0.0071405112,
0.6325,0.0123351701,
0.63275,-0.0071319011,
0.633,-0.0202973951,
0.63325,0.0034291777,
0.6335,-0.0075625810,
0.63375,-0.0133881755,
0.634,-0.0023190542,
0.63425,-0.0194156989,
0.6345,-0.0200357679,
0.63475,-0.0267640650,
0.635,-0.0010796719,
0.63525,0.0028151614,
0.6355,-0.0017230173,
0.63575,-0.0004014988,
0.636,0.0082639446,
0.63625,0.0002329785,
0.6365,0.0081609581,
0.63675,0.0105934171,
0.637,0.0135390833,
0.63725,-0.0023139967,
0.6375,0.0020780303,
0.63775,0.0141602205,
0.638,-0.0122118695,
0.63825,-0.0026112958,
0.6385,-0.0118553583,
0.63875,0.0082687484,
0.639,-0.0015624707,
0.63925,-0.0209990349,
0.6395,0.0009367460,
0.63975,0.0097849453,
0.64,-0.0047938279,
0.64025,-0.0039242753,
0.6405,0.0092881555,
0.64075,0.0151932705,
0.641,-0.0060657221,
0.64125,0.0029264991,
0.6415,0.0159923211,
0.64175,-0.0032630535,
0.642,-0.0000932453,
0.64225,0.0158491526,
0.6425,0.0037682522,
0.64275,-0.0147983916,
0.643,-0.0182077587,
0.64325,0.0072716027,
0.6435,0.0031265893,
0.64375,-0.0087207826,
0.644,-0.0038906885,
0.64425,0.0096954647,
0.6445,0.0006656443,
0.64475,-0.0113118766,
0.645,-0.0111165382,
0.64525,0.0049339868,
0.6455,-0.0037702408,
0.64575,0.0072557870,
0.646,0.0108536296,
0.64625,0.0052947574,
0.6465,0.0128070163,
0.64675,0.0129104573,
0.647,0.0183473956,
0.64725,-0.0036275934,
0.6475,0.0073522823,
0.64775,0.0154584888,
0.648,-0.0081970524,
0.64825,-0.0053135976,
0.6485,0.0113620665,
0.64875,-0.0006374102,
0.649,-0.0125465058,
0.64925,-0.0083118808,
0.6495,-0.0052082767,
0.64975,0.0074892514,
0.65,-0.0148165654,
0.65025,0.0061532557,
0.6505,0.0157253370,
0.65075,0.0015388753,
0.651,-0.0034477222,
0.65125,0.0111859683,
0.6515,0.0096143465,
0.65175,0.0038315111,
0.652,-0.0026154770,
0.65225,0.0137516018,
0.6525,0.0000941970,
0.65275,-0.0066996138,
0.653,-0.0011490914,
0.65325,0.0035684719,
0.6535,-0.0073088873,
0.65375,-0.0015070785,
0.654,0.0036150375,
0.65425,0.0108119892,
0.6545,-0.0168217439,
0.65475,0.0000849806,
0.655,0.0153179877,
0.65525,-0.0065241950,
0.6555,0.0036951266,
0.65575,0.0086361933,
0.656,0.0107662678,
0.65625,0.0076109907,
0.6565,0.0087079229,
0.65675,0.0161359310,
0.657,0.0081447614,
0.65725,0.0003467638,
0.6575,0.0072193611,
0.65775,0.0064301961,
0.658,-0.0069957152,
0.65825,-0.0060610124,
0.6585,0.0081711058,
0.65875,0.0044308840,
0.659,-0.0065725925,
0.65925,0.0027601556,
0.6595,0.0185820572,
0.65975,0.0016590621,
0.66,0.0021918889,
0.66025,0.0136916237,
0.6605,0.0184821170,
0.66075,-0.0055981893,
0.661,0.0027352059,
0.66125,0.0195078012,
0.6615,0.0078196628,
0.66175,-0.0081133712,
0.662,0.0110126827,
0.66225,0.0155821359,
0.6625,-0.0181757621,
0.66275,-0.0144186821,
0.663,0.0267838128,
0.66325,-0.0000135973,
0.6635,-0.0163572356,
0.66375,0.0007709873,
0.664,-0.0006951005,
0.66425,-0.0126051176,
0.6645,-0.0129456436,
0.66475,0.0012119443,
0.665,0.0079631051,
0.66525,0.0004304884,
0.6655,0.0058411267,
0.66575,0.0061496324,
0.666,0.0089802388,
0.66625,0.0067600752,
0.6665,0.0114596449,
0.66675,0.0064069820,
0.667,-0.0032821738,
0.66725,0.0055977525,
0.6675,0.0007226731,
0.66775,-0.0039148014,
0.668,-0.0068292581,
0.66825,0.0011387590,
0.6685,-0.0012344236,
0.66875,-0.0031826296,
0.669,-0.0142073147,
0.66925,0.0020079112,
0.6695,0.0100991018,
0.66975,0.0006403702,
0.67,-0.0036878905,
0.67025,0.0128221707,
0.6705,0.0169185679,
0.67075,-0.0171473548,
0.671,0.0142797790,
0.67125,0.0152046410,
0.6715,-0.0010080655,
0.67175,-0.0015780281,
0.672,0.0199452303,
0.67225,-0.0069760988,
0.6725,-0.0097521171,
0.67275,0.0076466524,
0.673,0.0099334065,
0.67325,-0.0084039234,
0.6735,0.0027566468,
0.67375,0.0024211165,
0.674,-0.0037570146,
0.67425,-0.0281992741,
0.6745,0.0030904345,
0.67475,0.0046838373,
0.675,0.0020623526,
0.67525,-0.0022295869,
0.6755,0.0190633982,
0.67575,-0.0017074293,
0.676,-0.0008429184,
0.67625,0.0106777474,
0.6765,0.0032739048,
0.67675,-0.0018923099,
0.677,0.0025456897,
0.67725,-0.0026032487,
0.6775,0.0075905952,
0.67775,-0.0059490046,
0.678,-0.0010955060,
0.67825,0.0074475068,
0.6785,-0.0037530824,
0.67875,-0.0016260815,
0.679,-0.0063829320,
0.67925,0.0178074352,
0.6795,0.0067799403,
0.67975,-0.0081349397,
0.68,0.0213493146,
0.68025,0.0137434490,
0.6805,0.0016581248,
0.68075,0.0115929656,
0.681,0.0166049935,
0.68125,0.0136223529,
0.6815,0.0008524607,
0.68175,0.0150757236,
0.682,0.0114259031,
0.68225,-0.0173508413,
0.6825,-0.0048118057,
0.68275,0.0165029652,
0.683,-0.0030541262,
0.68325,-0.0108347218,
0.6835,-0.0040957434,
0.68375,-0.0035266550,
0.684,-0.0068606897,
0.68425,-0.0035567777,
0.6845,0.0000541525,
0.68475,0.0123573914,
0.685,-0.0001694574,
0.68525,0.0032851205,
0.6855,0.0153135583,
0.68575,0.0146733699,
0.686,-0.0077131619,
0.68625,0.0057832203,
0.6865,0.0056942129,
0.68675,-0.0064664981,
0.687,0.0091447718,
0.68725,0.0000305640,
0.6875,-0.0041012289,
0.68775,0.0020256888,
0.688,0.0018631808,
0.68825,0.0136342365,
0.6885,-0.0084412694,
0.68875,-0.0173935760,
0.689,0.0117830047,
0.68925,0.0012210688,
0.6895,0.0049420302,
0.68975,0.0074669085,
0.69,0.0191763937,
0.69025,0.0070635439,
0.6905,0.0007184497,
0.69075,0.0144999428,
0.691,0.0181922056,
0.69125,0.0039572599,
0.6915,0.0099127870,
0.69175,0.0024222517,
0.692,-0.0074789189,
0.69225,-0.0007899877,
0.6925,0.0007552583,
0.69275,-0.0023294098,
0.693,-0.0043294639,
0.69325,-0.0064232242,
0.6935,0.0001190675,
0.69375,-0.0102635417,
0.694,-0.0127617698,
0.69425,-0.0002019196,
0.6945,0.0035159884,
0.69475,0.0160366185,
0.695,-0.0056629712,
0.69525,0.0104787154,
0.6955,-0.0096608903,
0.69575,-0.0094299503,
0.696,-0.0004499254,
0.69625,0.0037772804,
0.6965,0.0035031983,
0.69675,-0.0009680720,
0.697,0.0009441486,
0.69725,0.0140266577,
0.6975,-0.0093681104,
0.69775,-0.0015047373,
0.698,0.0000921310,
0.69825,0.0003976957,
0.6985,-0.0020437888,
0.69875,-0.0117725031,
0.699,0.0016857760,
0.69925,0.0072020441,
0.6995,-0.0019695817,
0.69975,0.0132017778,
0.7,0.0114003569,
0.70025,0.0063697034,
0.7005,-0.0012987887,
0.70075,0.0078968713,
0.701,0.0128932316,
0.70125,-0.0125442985,
0.7015,0.0072373981,
0.70175,-0.0062784208,
0.702,-0.0225509107,
0.70225,-0.0062799240,
0.7025,0.0018246016,
0.70275,0.0066160671,
0.703,-0.0152749810,
0.70325,-0.0072213723,
0.7035,0.0050056679,
0.70375,-0.0156656113,
0.704,-0.0121313278,
0.70425,-0.0016212636,
0.7045,0.0004588442,
0.70475,-0.0184024032,
0.705,-0.0006018136,
0.70525,0.0083138533,
0.7055,-0.0009249427,
0.70575,-0.0157052316,
0.706,0.0031623202,
0.70625,-0.0058110175,
0.7065,-0.0019142746,
0.70675,-0.0015253646,
0.707,-0.0095606241,
0.70725,-0.0075956718,
0.7075,-0.0050433781,
0.70775,-0.0103254542,
0.708,-0.0047036125,
0.70825,-0.0012696346,
0.7085,-0.0188601185,
0.70875,-0.0032852686,
0.709,0.0078155100,
0.70925,0.0079495637,
0.7095,-0.0058021839,
0.70975,0.0121499784,
0.71,0.0109282890,
0.71025,-0.0091153439,
0.7105,0.0034061805,
0.71075,0.0120272571,
0.711,-0.0021441348,
0.71125,-0.0076720379,
0.7115,-0.0075339479,
0.71175,-0.0094482554,
0.712,-0.0034048939,
0.71225,-0.0049035526,
0.7125,-0.0039318805,
0.71275,-0.0051714536,
0.713,-0.0128461756,
0.71325,0.0070251389,
0.7135,-0.0243360922,
0.71375,-0.0217005573,
0.714,-0.0090420125,
0.71425,0.0158787183,
0.7145,0.0019405028,
0.71475,0.0011729597,
0.715,0.0016292649,
0.71525,-0.0024166019,
0.7155,-0.0080408789,
0.71575,-0.0068716165,
0.716,0.0030041505,
0.71625,-0.0028230159,
0.7165,0.0042357491,
0.71675,-0.0041096439,
0.717,0.0004375140,
0.71725,-0.0204826985,
0.7175,-0.0094586965,
0.71775,0.0048716757,
0.718,0.0113277612,
0.71825,-0.0012321019,
0.7185,-0.0089498404,
0.71875,0.0085675409,
0.719,0.0063552563,
0.71925,0.0013887391,
0.7195,0.0072629428,
0.71975,0.0125833228,
0.72,0.0107228998,
0.72025,-0.0098937359,
0.7205,0.0162290316,
0.72075,0.0135012344,
0.721,0.0052216342,
0.72125,0.0038246405,
0.7215,-0.0185641982,
0.72175,-0.0086562857,
0.722,0.0016037865,
0.72225,0.0031367410,
0.7225,0.0086978488,
0.72275,-0.0073735761,
0.723,0.0059335609,
0.72325,-0.0125747733,
0.7235,-0.0108979773,
0.72375,-0.0120821139,
0.724,0.0025227375,
0.72425,0.0013631843,
0.7245,0.0004191046,
0.72475,-0.0024049168,
0.725,0.0019528994,
0.72525,0.0055981423,
0.7255,-0.0069302837,
0.72575,-0.0043694950,
0.726,-0.0039216322,
0.72625,0.0050856587,
0.7265,-0.0206451286,
0.72675,-0.0014407043,
0.727,-0.0025591245,
0.72725,-0.0043708100,
0.7275,-0.0112047596,
0.72775,0.0069102086,
0.728,-0.0047861813,
0.72825,-0.0141163999,
0.7285,-0.0008397142,
0.72875,0.0067823562,
0.729,-0.0007682533,
0.72925,-0.0018360479,
0.7295,0.0088885762,
0.72975,0.0034154085,
0.73,-0.0038087044,
0.73025,-0.0018441060,
0.7305,0.0051173549,
0.73075,0.0030912375,
0.731,-0.0036154550,
0.73125,-0.0115980851,
0.7315,-0.0166103356,
0.73175,0.0027320157,
0.732,-0.0158616919,
0.73225,-0.0104744565,
0.7325,0.0002087289,
0.73275,-0.0081619425,
0.733,-0.0246246941,
0.73325,-0.0291905925,
0.7335,-0.0078161750,
0.73375,-0.0148604764,
0.734,0.0102491528,
0.73425,0.0025075488,
0.7345,0.0001087379,
0.73475,-0.0074477382,
0.735,0.0028466238,
0.73525,-0.0064927330,
0.7355,-0.0134332022,
0.73575,-0.0085625807,
0.736,-0.0049239220,
0.73625,-0.0111211231,
0.7365,-0.0043976242,
0.73675,-0.0190891102,
0.737,-0.0195553303,
0.73725,-0.0080401702,
0.7375,-0.0068422388,
0.73775,0.0032381527,
0.738,-0.0106260683,
0.73825,-0.0112147909,
0.7385,-0.0059661120,
0.73875,-0.0065615019,
0.739,-0.0027672215,
0.73925,-0.0109500177,
0.7395,0.0050758314,
0.73975,0.0041123298,
0.74,-0.0097076856,
0.74025,-0.0017707774,
0.7405,0.0122763673,
0.74075,0.0060500349,
0.741,-0.0205450505,
0.74125,-0.0202646777,
0.7415,-0.0046981298,
0.74175,-0.0166754872,
0.742,-0.0105833355,
0.74225,-0.0037584426,
0.7425,-0.0220594928,
0.74275,-0.0174996853,
0.743,-0.0176997837,
0.74325,-0.0088098161,
0.7435,-0.0291871056,
0.74375,0.0014211343,
0.744,-0.0015493796,
0.74425,-0.0045062420,
0.7445,-0.0168348458,
0.74475,-0.0006991817,
0.745,-0.0021817181,
0.74525,-0.0006180501,
0.7455,-0.0042917356,
0.74575,-0.0028671229,
0.746,-0.0036142156,
0.74625,-0.0074613229,
0.7465,-0.0096029043,
0.74675,-0.0046872282,
0.747,0.0000981137,
0.74725,-0.0194770135,
0.7475,-0.0001791236,
0.74775,-0.0059594661,
0.748,0.0001207674,
0.74825,-0.0093825292,
0.7485,0.0068691950,
0.74875,0.0153788971,
0.749,0.0039381031,
0.74925,0.0018475296,
0.7495,0.0136345765,
0.74975,0.0007775243,
0.75,-0.0090913596,
0.75025,0.0075539360,
0.7505,0.0144570284,
0.75075,-0.0123637160,
0.751,-0.0099297231,
0.75125,0.0021247272,
0.7515,-0.0037011507,
0.75175,-0.0193004832,
0.752,0.0141223809,
0.75225,0.0093585756,
0.7525,0.0024816557,
0.75275,-0.0208922140,
0.753,-0.0035664258,
0.75325,-0.0084236367,
0.7535,-0.0078655425,
0.75375,0.0169743560,
0.754,0.0120686553,
0.75425,0.0008258567,
0.7545,0.0058159260,
0.75475,0.0156528801,
0.755,0.0073709432,
0.75525,-0.0001577310,
0.7555,0.0024122638,
0.75575,0.0088540232,
0.756,0.0021536506,
0.75625,0.0034659638,
0.7565,-0.0109709222,
0.75675,0.0177417621,
0.757,0.0050647049,
0.75725,0.0026734415,
0.7575,0.0031578981,
0.75775,0.0184940342,
0.758,0.0061810128,
0.75825,-0.0005705726,
0.7585,0.0162161235,
0.75875,0.0131159183,
0.759,0.0002809168,
0.75925,0.0210034437,
0.7595,0.0135288304,
0.75975,0.0085057998,
0.76,0.0126753710,
0.76025,0.0251387227,
0.7605,0.0146320276,
0.76075,-0.0096650608,
0.761,0.0029438343,
0.76125,0.0110551231,
0.7615,-0.0044978289,
0.76175,0.0063032424,
0.762,-0.0056972872,
0.76225,-0.0103195207,
0.7625,-0.0104523879,
0.76275,-0.0050123525,
0.763,0.0057599870,
0.76325,-0.0170891713,
0.7635,0.0075638695,
0.76375,0.0092862714,
0.764,0.0124330465,
0.76425,0.0045705419,
0.7645,0.0090229781,
0.76475,0.0271828957,
0.765,0.0213725474,
0.76525,-0.0057071070,
0.7655,0.0195413567,
0.76575,0.0061421879,
0.766,0.0040043537,
0.76625,-0.0051089372,
0.7665,0.0172372758,
0.76675,0.0030463110,
0.767,-0.0057641948,
0.76725,0.0074600186,
0.7675,0.0131099336,
0.76775,0.0056448206,
0.768,-0.0004583219,
0.76825,0.0207579210,
0.7685,0.0134456111,
0.76875,0.0113641461,
0.769,0.0014672935,
0.76925,0.0177218430,
0.7695,0.0061693159,
0.76975,0.0048466637,
0.77,0.0159911178,
0.77025,0.0076652276,
0.7705,-0.0033918354,
0.77075,-0.0043373890,
0.771,0.0026061630,
0.77125,0.0139778191,
0.7715,-0.0095860315,
0.77175,0.0048945816,
0.772,0.0078373849,
0.77225,-0.0050700661,
0.7725,-0.0272053313,
0.77275,-0.0036900665,
0.773,-0.0155080147,
0.77325,0.0051703029,
0.7735,0.0014971663,
0.77375,0.0184235405,
0.774,0.0138581116,
0.77425,-0.0011458604,
0.7745,0.0191955678,
0.77475,0.0114017809,
0.775,0.0015155376,
0.77525,-0.0072739203,
0.7755,0.0055517093,
0.77575,0.0031065682,
0.776,-0.0178477801,
0.77625,-0.0057140780,
0.7765,0.0095500527,
0.77675,-0.0103748133,
0.777,-0.0027757022,
0.77725,-0.0119465478,
0.7775,0.0144003192,
0.77775,-0.0072243088,
0.778,0.0009794928,
0.77825,0.0100991763,
0.7785,0.0113712111,
0.77875,-0.0017994036,
0.779,0.0043022148,
0.77925,0.0155833811,
0.7795,0.0049601244,
0.77975,-0.0081344126,
0.78,0.0147619285,
0.78025,0.0052700518,
0.7805,-0.0204425864,
0.78075,-0.0077436981,
0.781,-0.0026481363,
0.78125,-0.0219704770,
0.7815,-0.0081524868,
0.78175,-0.0179244112,
0.782,-0.0071575707,
0.78225,-0.0153144868,
0.7825,-0.0106730741,
0.78275,-0.0015075378,
0.783,-0.0245601758,
0.78325,0.0003190772,
0.7835,0.0066152215,
0.78375,0.0058931196,
0.784,0.0024995366,
0.78425,0.0110532250,
0.7845,0.0183711965,
0.78475,0.0055412771,
0.785,-0.0040070023,
0.78525,0.0047132559,
0.7855,0.0008632723,
0.78575,-0.0057176617,
0.786,-0.0142847504,
0.78625,0.0049533583,
0.7865,-0.0091560092,
0.78675,0.0033734425,
0.787,-0.0182803497,
0.78725,0.0023755957,
0.7875,0.0039859423,
0.78775,-0.0037851282,
0.788,-0.0000438890,
0.78825,0.0162101053,
0.7885,0.0083471751,
0.78875,-0.0091635771,
0.789,0.0143574597,
0.78925,0.0119670713,
0.7895,-0.0086108446,
0.78975,0.0029256009,
0.79,0.0070055695,
0.79025,-0.0036956817,
0.7905,-0.0132185603,
0.79075,0.0090061110,
0.791,0.0063547562,
0.79125,-0.0217202567,
0.7915,0.0023813122,
0.79175,0.0024076642,
0.792,-0.0265830420,
0.79225,-0.0281656161,
0.7925,-0.0011631458,
0.79275,-0.0012379681,
0.793,0.0108867614,
0.79325,0.0062429742,
0.7935,0.0214675423,
0.79375,0.0050515723,
0.794,0.0085417163,
0.79425,0.0194329880,
0.7945,0.0124708023,
0.79475,-0.0013913854,
0.795,0.0011589502,
0.79525,0.0130020697,
0.7955,0.0114442706,
0.79575,-0.0037007218,
0.796,0.0066884542,
0.79625,0.0065250583,
0.7965,0.0096205343,
0.79675,-0.0071721007,
0.797,-0.0142781204,
0.79725,0.0125154555,
0.7975,0.0028380298,
0.79775,-0.0004300753,
0.798,0.0108596515,
0.79825,0.0244661327,
0.7985,0.0006073173,
0.79875,0.0076973857,
0.799,0.0247135218,
0.79925,0.0056301244,
0.7995,-0.0032310977,
0.79975,0.0233534016,
0.8,0.0063102795,
0.80025,-0.0059959535,
0.8005,-0.0066561229,
0.80075,-0.0085464660,
0.801,-0.0077207717,
0.80125,-0.0005862643,
0.8015,0.0063728159,
0.80175,0.0033151023,
0.802,-0.0033477214,
0.80225,0.0077669979,
0.8025,-0.0081564533,
0.80275,-0.0075557567,
0.803,-0.0002010854,
0.80325,0.0054227416,
0.8035,0.0174995866,
0.80375,0.0113746570,
0.804,0.0117698638,
0.80425,0.0147015611,
0.8045,0.0165496953,
0.80475,0.0055989712,
0.805,0.0056329714,
0.80525,0.0200608671,
0.8055,-0.0036529559,
0.80575,-0.0032560888,
0.806,0.0161851365,
0.80625,0.0034792745,
0.8065,0.0002137705,
0.80675,-0.0155710988,
0.807,0.0126817273,
0.80725,0.0028301235,
0.8075,0.0041005732,
0.80775,0.0117580313,
0.808,0.0150155639,
0.80825,0.0095987748,
0.8085,0.0032648919,
0.80875,0.0068439990,
0.809,0.0144190956,
0.80925,0.0030530852,
0.8095,-0.0003659776,
0.80975,0.0051080906,
0.81,-0.0005987859,
0.81025,-0.0070886509,
0.8105,0.0036099695,
0.81075,-0.0149709042,
0.811,-0.0086599002,
0.81125,-0.0035927473,
0.8115,-0.0131546985,
0.81175,-0.0209373161,
0.812,-0.0158961006,
0.81225,-0.0126004834,
0.8125,0.0075203325,
0.81275,0.0065856278,
0.813,-0.0075126789,
0.81325,0.0089953206,
0.8135,0.0010273322,
0.81375,0.0004477371,
0.814,0.0052253813,
0.81425,0.0133195929,
0.8145,-0.0010353589,
0.81475,-0.0046787919,
0.815,0.0041264561,
0.81525,0.0024058670,
0.8155,-0.0138872061,
0.81575,-0.0084197624,
0.816,0.0007721997,
0.81625,-0.0043595619,
0.8165,-0.0232625417,
0.81675,-0.0182207301,
0.817,0.0010557732,
0.81725,-0.0010494319,
0.8175,-0.0096131507,
0.81775,-0.0006112887,
0.818,0.0135347974,
0.81825,-0.0051539782,
0.8185,-0.0037816707,
0.81875,0.0118291946,
0.819,0.0035713026,
0.81925,-0.0114073660,
0.8195,0.0079702437,
0.81975,-0.0082690371,
0.82,-0.0134617919,
0.82025,-0.0210244786,
0.8205,-0.0095376661,
0.82075,0.0015173496,
0.821,-0.0171917751,
0.82125,-0.0046437373,
0.8215,0.0053669829,
0.82175,-0.0148094799,
0.822,-0.0155618042,
0.82225,-0.0236326717,
0.8225,-0.0091172308,
0.82275,-0.0228354428,
0.823,-0.0005057672,
0.82325,0.0042238371,
0.8235,-0.0070577585,
0.82375,0.0055645220,
0.824,0.0084259724,
0.82425,-0.0007537762,
0.8245,-0.0079845116,
0.82475,-0.0010753574,
0.825,-0.0031555649,
0.82525,-0.0175218582,
0.8255,-0.0056702700,
0.82575,-0.0087947529,
0.826,-0.0003193208,
0.82625,-0.0079007661,
0.8265,-0.0151867401,
0.82675,-0.0063340031,
0.827,0.0095499782,
0.82725,-0.0019937027,
0.8275,-0.0149333244,
0.82775,0.0080509679,
0.828,0.0090304241,
0.82825,-0.0122829573,
0.8285,-0.0075463783,
0.82875,0.0149039840,
0.829,0.0004924318,
0.82925,-0.0134591870,
0.8295,0.0055391518,
0.82975,0.0009094496,
0.83,-0.0178601369,
0.83025,-0.0072067580,
0.8305,-0.0113306148,
0.83075,-0.0263795033,
0.831,-0.0176996384,
0.83125,-0.0047928402,
0.8315,-0.0153826447,
0.83175,-0.0149461031,
0.832,-0.0117255487,
0.83225,0.0116909994,
0.8325,-0.0080907037,
0.83275,-0.0061264406,
0.833,0.0071256701,
0.83325,0.0036031310,
0.8335,0.0017511063,
0.83375,0.0076038199,
0.834,0.0062395125,
0.83425,0.0021014917,
0.8345,0.0008676057,
0.83475,0.0069938386,
0.835,0.0027256836,
0.83525,-0.0112291537,
0.8355,-0.0047450657,
0.83575,0.0030055894,
0.836,0.0026297839,
0.83625,-0.0116121881,
0.8365,-0.0093544740,
0.83675,0.0063293013,
0.837,0.0028745118,
0.83725,-0.0068048299,
0.8375,0.0038409438,
0.83775,0.0145955011,
0.838,0.0017120999,
0.83825,-0.0035356579,
0.8385,0.0187114868,
0.83875,0.0143421888,
0.839,-0.0000674504,
0.83925,0.0088934032,
0.8395,-0.0017694111,
0.83975,-0.0152607933,
0.84,-0.0142803956,
0.84025,-0.0066740075,
0.8405,0.0103634140,
0.84075,-0.0195297059,
0.841,-0.0072088493,
0.84125,-0.0070338440,
0.8415,-0.0146589689,
0.84175,-0.0212971270,
0.842,-0.0099626351,
0.84225,0.0032861964,
0.8425,-0.0019742162,
0.84275,0.0041692276,
0.843,0.0029111144,
0.84325,0.0156408921,
0.8435,-0.0011646926,
0.84375,0.0039468841,
0.844,0.0068369512,
0.84425,-0.0069892691,
0.8445,-0.0051337183,
0.84475,-0.0001244844,
0.845,-0.0036668868,
0.84525,-0.0024382356,
0.8455,-0.0092600267,
0.84575,0.0103278235,
0.846,-0.0054163570,
0.84625,-0.0131163662,
0.8465,-0.0049618096,
0.84675,0.0131940935,
0.847,-0.0070733940,
0.84725,-0.0018610236,
0.8475,0.0109163765,
0.84775,0.0080314968,
0.848,-0.0071878461,
0.84825,0.0110617634,
0.8485,0.0058537624,
0.84875,0.0106317466,
0.849,-0.0035448838,
0.84925,0.0011882747,
0.8495,-0.0079559088,
0.84975,-0.0049551548,
0.85,-0.0180283915,
0.85025,-0.0076376926,
0.8505,-0.0078051081,
0.85075,-0.0019232057,
0.851,-0.0061715320,
0.85125,-0.0124709532,
0.8515,-0.0083359573,
0.85175,-0.0113682523,
0.852,0.0089312196,
0.85225,-0.0020644083,
0.8525,-0.0014653911,
0.85275,-0.0075990586,
0.853,0.0108203301,
0.85325,-0.0023029568,
0.8535,-0.0011822123,
0.85375,0.0076663285,
0.854,0.0075408611,
0.85425,0.0042778663,
0.8545,0.0032452832,
0.85475,0.0025212450,
0.855,0.0046960171,
0.85525,-0.0074698590,
0.8555,0.0085509811,
0.85575,0.0037492474,
0.856,-0.0137535436,
0.85625,-0.0068173413,
0.8565,0.0124223335,
0.85675,0.0053637139,
0.857,-0.0009728409,
0.85725,0.0049426989,
0.8575,0.0131741799,
0.85775,0.0009246179,
0.858,0.0015827488,
0.85825,0.0082770362,
0.8585,0.0180382431,
0.85875,0.0045333030,
0.859,-0.0092288023,
0.85925,0.0048973835,
0.8595,-0.0081385989,
0.85975,-0.0146729406,
0.86,0.0097400099,
0.86025,0.0107297078,
0.8605,-0.0085899904,
0.86075,-0.0111483783,
0.861,-0.0105048148,
0.86125,-0.0097413510,
0.8615,-0.0290313102,
0.86175,0.0018065742,
0.862,0.0091958884,
0.86225,-0.0003113868,
0.8625,0.0018696995,
0.86275,0.0056284098,
0.863,0.0118655991,
0.86325,0.0018818290,
0.8635,0.0009738273,
0.86375,0.0127846012,
0.864,0.0039766412,
0.86425,0.0085345870,
0.8645,0.0012807683,
0.86475,0.0027595179,
0.865,0.0009691563,
0.86525,0.0048315614,
0.8655,0.0028879954,
0.86575,-0.0009349362,
0.866,-0.0099509917,
0.86625,-0.0083421413,
0.8665,0.0067868992,
0.86675,0.0104765054,
0.867,-0.0000065757,
0.86725,0.0065288595,
0.8675,0.0174926873,
0.86775,-0.0007531341,
0.868,-0.0030133510,
0.86825,0.0201305896,
0.8685,0.0148597648,
0.86875,-0.0078053810,
0.869,0.0047015836,
0.86925,0.0008053971,
0.8695,0.0028350744,
0.86975,-0.0119298464,
0.87,0.0196908154,
0.87025,0.0057160724,
0.8705,-0.0066806846,
0.87075,-0.0001182512,
0.871,-0.0010266736,
0.87125,-0.0284166858,
0.8715,-0.0011242155,
0.87175,0.0047122575,
0.872,0.0116188955,
0.87225,0.0002490994,
0.8725,0.0048145521,
0.87275,0.0107232649,
0.873,0.0033696061,
0.87325,0.0026292063,
0.8735,0.0107313823,
0.87375,0.0102495942,
0.874,0.0086671570,
0.87425,0.0065013915,
0.8745,-0.0001268164,
0.87475,0.0098250229,
0.875,0.0009593163,
0.87525,0.0085060429,
0.8755,-0.0036091409,
0.87575,0.0027962844,
0.876,-0.0005491162,
0.87625,-0.0021505917,
0.8765,0.0111580733,
0.87675,0.0046117846,
0.877,0.0055259634,
0.87725,0.0198606607,
0.8775,0.0087558292,
0.87775,0.0069742971,
0.878,0.0072292280,
0.87825,0.0206313990,
0.8785,0.0041447850,
0.87875,0.0011474245,
0.879,0.0096861525,
0.87925,-0.0098463474,
0.8795,-0.0046967822,
0.87975,0.0080652768,
0.88,0.0053544436,
0.88025,-0.0111905662,
0.8805,-0.0091426391,
0.88075,-0.0094232997,
0.881,-0.0024564795,
0.88125,-0.0178713147,
0.8815,0.0029269322,
0.88175,0.0174074173,
0.882,0.0025739330,
0.88225,0.0028289133,
0.8825,0.0115172528,
0.88275,0.0118239503,
0.883,-0.0003146477,
0.88325,-0.0086078532,
0.8835,0.0113856234,
0.88375,0.0030385272,
0.884,-0.0023559157,
0.88425,-0.0113854930,
0.8845,0.0125010228,
0.88475,0.0016447639,
0.885,0.0045757056,
0.88525,0.0038131268,
0.8855,0.0058817794,
0.88575,-0.0096632224,
0.886,-0.0014554452,
0.88625,0.0125683397,
0.8865,0.0080226129,
0.88675,0.0063651353,
0.887,0.0125657804,
0.88725,0.0149460863,
0.8875,0.0083372155,
0.88775,0.0008238351,
0.888,0.0128114587,
0.88825,0.0061176047,
0.8885,0.0016672567,
0.88875,0.0019607118,
0.889,-0.0045784176,
0.88925,0.0032240422,
0.8895,-0.0017952970,
0.88975,-0.0018995854,
0.89,-0.0000123955,
0.89025,-0.0000671107,
0.8905,-0.0074653118,
0.89075,-0.0189405847,
0.891,-0.0284535736,
0.89125,-0.0026012491,
0.8915,-0.0047595073,
0.89175,0.0115881395,
0.892,0.0019526640,
0.89225,-0.0012556079,
0.8925,0.0050362339,
0.89275,0.0167411324,
0.893,-0.0030751522,
0.89325,0.0038532848,
0.8935,0.0094193015,
0.89375,0.0116553986,
0.894,-0.0005523148,
0.89425,0.0120875333,
0.8945,0.0014033843,
0.89475,-0.0060652299,
0.895,0.0014262637,
0.89525,-0.0012762054,
0.8955,0.0036671665,
0.89575,-0.0071474933,
0.896,0.0042114868,
0.89625,0.0063882610,
0.8965,0.0061424812,
0.89675,0.0033867913,
0.897,0.0125507070,
0.89725,0.0144927427,
0.8975,0.0003123124,
0.89775,0.0066796122,
0.898,0.0174071845,
0.89825,0.0097485548,
0.8985,-0.0031141497,
0.89875,-0.0074447826,
0.899,-0.0046969149,
0.89925,-0.0083466554,
0.8995,0.0008829506,
0.89975,0.0002375228,
0.9,-0.0138917584,
0.90025,-0.0094012646,
0.9005,0.0030901274,
0.90075,-0.0093787266,
0.901,-0.0206186343,
0.90125,0.0048659365,
0.9015,0.0163010396,
0.90175,-0.0028435213,
0.902,0.0036148226,
0.90225,0.0043372740,
0.9025,0.0001024582,
0.90275,-0.0150259081,
0.903,0.0021670214,
0.90325,0.0024078821,
0.9035,0.0005255281,
0.90375,-0.0011003579,
0.904,-0.0045376727,
0.90425,0.0008733966,
0.9045,0.0036614081,
0.90475,0.0027673105,
0.905,-0.0176608488,
0.90525,0.0027473362,
0.9055,-0.0123290122,
0.90575,-0.0084084896,
0.906,-0.0018148413,
0.90625,0.0135114826,
0.9065,0.0075824121,
0.90675,-0.0025519594,
0.907,0.0207189489,
0.90725,0.0165742319,
0.9075,-0.0104069877,
0.90775,0.0113438861,
0.908,0.0100512980,
0.90825,-0.0033696971,
0.9085,-0.0155973453,
0.90875,-0.0046763690,
0.909,-0.0016226042,
0.90925,-0.0095671499,
0.9095,0.0031976367,
0.90975,0.0070212833,
0.91,-0.0112224240,
0.91025,-0.0063291593,
0.9105,-0.0210791435,
0.91075,-0.0103756282,
0.911,-0.0000230293,
0.91125,0.0096442942,
0.9115,0.0102378149,
0.91175,-0.0002628142,
0.912,0.0003204537,
0.91225,0.0081745805,
0.9125,0.0042293672,
0.91275,0.0010642917,
0.913,0.0039207325,
0.91325,0.0049193781,
0.9135,0.0077804783,
0.91375,-0.0024612187,
0.914,-0.0053106304,
0.91425,-0.0066049029,
0.9145,0.0012250401,
0.91475,-0.0116372099,
0.915,0.0015471962,
0.91525,0.0041408921,
0.9155,-0.0036675148,
0.91575,0.0007065814,
0.916,0.0004391063,
0.91625,0.0067531867,
0.9165,0.0004351305,
0.91675,0.0085634729,
0.917,0.0133871567,
0.91725,-0.0011648401,
0.9175,0.0020613773,
0.91775,0.0152459275,
0.918,0.0114444075,
0.91825,0.0021651664,
0.9185,-0.0238225274,
0.91875,0.0006426888,
0.919,0.0067428965,
0.91925,-0.0043141712,
0.9195,0.0053874664,
0.91975,-0.0037162064,
0.92,-0.0011391741,
0.92025,-0.0060438607,
0.9205,-0.0037537143,
0.92075,-0.0154900625,
0.921,0.0052761184,
0.92125,0.0038549632,
0.9215,0.0093617989,
0.92175,-0.0021671404,
0.922,-0.0029261778,
0.92225,0.0066739079,
0.9225,-0.0051362067,
0.92275,0.0011975106,
0.923,-0.0062873862,
0.92325,0.0184963346,
0.9235,-0.0053283875,
0.92375,-0.0028331426,
0.924,0.0025133057,
0.92425,0.0096143382,
0.9245,-0.0160603654,
0.92475,-0.0052341633,
0.925,-0.0089048482,
0.92525,-0.0078056017,
0.9255,-0.0008253483,
0.92575,-0.0010022528,
0.926,0.0177133288,
0.92625,0.0007841905,
0.9265,-0.0006705261,
0.92675,0.0079595679,
0.927,0.0012305505,
0.92725,0.0030403794,
0.9275,-0.0017216934,
0.92775,0.0002896207,
0.928,-0.0008775384,
0.92825,-0.0188295804,
0.9285,-0.0065906756,
0.92875,-0.0031574422,
0.929,-0.0074837427,
0.92925,-0.0035720165,
0.9295,-0.0080039175,
0.92975,-0.0006094615,
0.93,-0.0266949162,
0.93025,-0.0278767012,
0.9305,-0.0061824084,
0.93075,-0.0108998250,
0.931,-0.0036209910,
0.93125,-0.0021685888,
0.9315,0.0022371127,
0.93175,-0.0100530386,
0.932,0.0045079216,
0.93225,0.0023959507,
0.9325,-0.0027426002,
0.93275,-0.0198378228,
0.933,0.0097836927,
0.93325,-0.0128132999,
0.9335,-0.0139459977,
0.93375,-0.0193210654,
0.934,-0.0036882288,
0.93425,-0.0072971894,
0.9345,-0.0177978370,
0.93475,-0.0035983545,
0.935,0.0041979235,
0.93525,-0.0132773211,
0.9355,-0.0085035358,
0.93575,-0.0027855791,
0.936,0.0042778701,
0.93625,-0.0031279130,
0.9365,-0.0078840852,
0.93675,0.0075823157,
0.937,-0.0041865841,
0.93725,-0.0090887100,
0.9375,0.0122272233,
0.93775,0.0008817131,
0.938,-0.0143359303,
0.93825,-0.0334138125,
0.9385,-0.0034593893,
0.93875,-0.0009950059,
0.939,-0.0212401375,
0.93925,-0.0150377862,
0.9395,-0.0120727075,
0.93975,-0.0082505737,
0.94,-0.0159776621,
0.94025,-0.0102171283,
0.9405,-0.0216692705,
0.94075,-0.0041972804,
0.941,0.0003543333,
0.94125,0.0024835574,
0.9415,-0.0172582101,
0.94175,-0.0019190675,
0.942,-0.0016042565,
0.94225,-0.0022444581,
0.9425,-0.0107449293,
0.94275,-0.0081986766,
0.943,0.0031899896,
0.94325,-0.0104107158,
0.9435,-0.0071290741,
0.94375,-0.0050577563,
0.944,-0.0015648296,
0.94425,-0.0074528605,
0.9445,-0.0141430758,
0.94475,-0.0199127607,
0.945,0.0029194881,
0.94525,-0.0145574389,
0.9455,-0.0162635595,
0.94575,0.0049654357,
0.946,0.0035959075,
0.94625,-0.0164402500,
0.9465,-0.0044093775,
0.94675,0.0073447088,
0.947,-0.0038967563,
0.94725,-0.0074280575,
0.9475,0.0145229530,
0.94775,0.0009297392,
0.948,-0.0192435421,
0.94825,0.0017788499,
0.9485,0.0075006182,
0.94875,-0.0174669474,
0.949,-0.0099061560,
0.94925,0.0062211459,
0.9495,-0.0056833494,
0.94975,-0.0308767855,
0.95,-0.0095927408,
0.95025,-0.0018320852,
0.9505,-0.0065530515,
0.95075,0.0076275077,
0.951,0.0042747762,
0.95125,0.0085230973,
0.9515,0.0018076806,
0.95175,0.0094086686,
0.952,0.0050351555,
0.95225,-0.0034206216,
0.9525,-0.0048315669,
0.95275,0.0047087423,
0.953,-0.0047365162,
0.95325,-0.0037369202,
0.9535,-0.0115364417,
0.95375,0.0091705834,
0.954,0.0047282255,
0.95425,-0.0004474217,
0.9545,-0.0025708955,
0.95475,0.0106662251,
0.955,-0.0014430326,
0.95525,-0.0068770228,
0.9555,0.0029957269,
0.95575,0.0173506308,
0.956,0.0043531172,
0.95625,0.0033832304,
0.9565,0.0199082978,
0.95675,0.0172969904,
0.957,0.0018765217,
0.95725,0.0169859268,
0.9575,0.0230176207,
0.95775,-0.0054777390,
0.958,-0.0134543758,
0.95825,0.0124361888,
0.9585,0.0003547319,
0.95875,-0.0054192068,
0.959,-0.0024303165,
0.95925,0.0080657555,
0.9595,0.0071601244,
0.95975,-0.0081481179,
0.96,0.0061844932,
0.96025,0.0107070636,
0.9605,0.0132761793,
0.96075,0.0049737357,
0.961,0.0081191640,
0.96125,0.0165956765,
0.9615,0.0094985962,
0.96175,0.0094876327,
0.962,0.0204263665,
0.96225,0.0064219898,
0.9625,0.0072506322,
0.96275,0.0145686595,
0.963,0.0060204235,
0.96325,-0.0074336650,
0.9635,0.0071051978,
0.96375,0.0057781693,
0.964,-0.0041370648,
0.96425,-0.0060098572,
0.9645,0.0005740973,
0.96475,0.0128693422,
0.965,-0.0007903118,
0.96525,0.0030285162,
0.9655,0.0111753112,
0.96575,0.0165401157,
0.966,-0.0021852176,
0.96625,0.0181005746,
0.9665,0.0177287199,
0.96675,0.0096518910,
0.967,0.0009040117,
0.96725,0.0147290705,
0.9675,0.0021279952,
0.96775,-0.0068704085,
0.968,0.0049625360,
0.96825,0.0103691509,
0.9685,-0.0062516676,
0.96875,-0.0019141955,
0.969,-0.0107989777,
0.96925,0.0004380506,
0.9695,-0.0241430681,
0.96975,-0.0053222058,
0.97,0.0022903346,
0.97025,0.0120874625,
0.9705,0.0036389041,
0.97075,0.0034618713,
0.971,0.0087072579,
0.97125,-0.0110401688,
0.9715,0.0042035133,
0.97175,0.0019600198,
0.972,-0.0011580689,
0.97225,-0.0121186757,
0.9725,-0.0007254041,
0.97275,0.0059485603,
0.973,-0.0056332834,
0.97325,-0.0101288045,
0.9735,0.0104080271,
0.97375,-0.0052249799,
0.974,-0.0036857584,
0.97425,-0.0082709426,
0.9745,0.0045630890,
0.97475,0.0062352330,
0.975,-0.0041862102,
0.97525,0.0072078155,
0.9755,0.0194167681,
0.97575,0.0020038821,
0.976,0.0083240559,
0.97625,0.0141778644,
0.9765,0.0150760021,
0.97675,-0.0022608214,
0.977,0.0043386882,
0.97725,0.0199559592,
0.9775,-0.0111933751,
0.97775,-0.0157893766,
0.978,0.0066805580,
0.97825,-0.0075487657,
0.9785,-0.0084098810,
0.97875,-0.0054243929,
0.979,0.0056059035,
0.97925,-0.0029179791,
0.9795,-0.0088824127,
0.97975,-0.0007832170,
0.98,0.0019214186,
0.98025,-0.0041258293,
0.9805,-0.0081288386,
0.98075,0.0108582759,
0.981,0.0025767668,
0.98125,-0.0004566209,
0.9815,0.0035270159,
0.98175,0.0004722284,
0.982,-0.0060920715,
0.98225,0.0011655944,
0.9825,0.0036000959,
0.98275,-0.0080627184,
0.983,-0.0083090477,
0.98325,0.0042750468,
0.9835,-0.0070463717,
0.98375,0.0069427234,
0.984,-0.0178509746,
0.98425,-0.0067901714,
0.9845,0.0092999432,
0.98475,0.0039422563,
0.985,0.0005267573,
0.98525,0.0083489260,
0.9855,0.0194252208,
0.98575,-0.0029142443,
0.986,-0.0002046471,
0.98625,0.0246203896,
0.9865,0.0139889689,
0.98675,-0.0050392170,
0.987,0.0182070434,
0.98725,0.0058265226,
0.9875,-0.0108987568,
0.98775,0.0066546015,
0.988,0.0032071176,
0.98825,-0.0210499652,
0.9885,-0.0165670309,
0.98875,-0.0072363401,
0.989,-0.0132943876,
0.98925,-0.0343841985,
0.9895,-0.0053656711,
0.98975,0.0037937388,
0.99,0.0125200870,
0.99025,-0.0019064210,
0.9905,0.0196454097,
0.99075,-0.0028676013,
0.991,-0.0058162231,
0.99125,0.0067717670,
0.9915,0.0092983227,
0.99175,-0.0067763748,
0.992,-0.0045344681,
0.99225,0.0045935512,
0.9925,0.0079130400,
0.99275,0.0037356012,
0.993,-0.0094110575,
0.99325,0.0066547305,
0.9935,0.0061454521,
0.99375,0.0012593715,
0.994,-0.0065393578,
0.99425,0.0016446025,
0.9945,0.0134004606,
0.99475,-0.0005567843,
0.995,0.0031960756,
0.99525,0.0189420730,
0.9955,0.0054677571,
0.99575,0.0091657657,
0.996,0.0115725100,
0.99625,0.0203615706,
0.9965,-0.0006822082,
0.99675,0.0081885522,
0.997,0.0099147111,
0.99725,-0.0132145416,
0.9975,-0.0108710481,
0.99775,-0.0002359964,
0.998,0.0011866000,
0.99825,-0.0004953239,
0.9985,-0.0110958004,
0.99875,0.0096947169,
0.999,0.0006135036,
0.99925,-0.0037618871,
0.9995,-0.0096255438,
0.99975,0.0089919129,
1,-0.0052336035,
1.00025,-0.0028078291,
1.0005,0.0080221575,
1.00075,0.0059746574,
1.001,0.0004799512,
1.00125,0.0007154656,
1.0015,0.0063555525,
1.00175,-0.0046315766,
1.002,0.0005352885,
1.00225,-0.0035027028,
1.0025,-0.0026239092,
1.00275,0.0003745604,
1.003,0.0064505143,
1.00325,0.0060557202,
1.0035,0.0120924562,
1.00375,-0.0170077421,
1.004,0.0054863868,
1.00425,0.0099193882,
1.0045,0.0060960585,
1.00475,-0.0025584111,
1.005,0.0119969379,
1.00525,0.0197934844,
1.0055,-0.0015964846,
1.00575,0.0042019319,
1.006,0.0200811047,
1.00625,0.0123681352,
1.0065,0.0043103350,
1.00675,-0.0018971756,
1.007,-0.0064073699,
1.00725,-0.0067593767,
1.0075,-0.0017034479,
1.00775,-0.0195574369,
1.008,-0.0218230821,
1.00825,-0.0161797423,
1.0085,-0.0044634896,
1.00875,-0.0140086189,
1.009,-0.0057438253,
1.00925,-0.0099401046,
1.0095,0.0036003368,
1.00975,0.0108950958,
1.01,-0.0008639978,
1.01025,0.0049617067,
1.0105,0.0044751624,
1.01075,-0.0008814181,
1.011,-0.0094083445,
1.01125,0.0054207300,
1.0115,0.0011100146,
1.01175,-0.0017980442,
1.012,-0.0021647178,
1.01225,0.0154352672,
1.0125,-0.0115470216,
1.01275,-0.0118987449,
1.013,0.0005238584,
1.01325,0.0080605522,
1.0135,-0.0093268920,
1.01375,-0.0139602358,
1.014,0.0010085709,
1.01425,0.0083825868,
1.0145,-0.0016641909,
1.01475,0.0040032542,
1.015,0.0114219077,
1.01525,0.0077878586,
1.0155,-0.0052203070,
1.01575,0.0066698459,
1.016,0.0088790813,
1.01625,-0.0011509234,
1.0165,0.0026415451,
1.01675,-0.0150009897,
1.017,-0.0222060923,
1.01725,-0.0147638824,
1.0175,-0.0126602575,
1.01775,0.0074185571,
1.018,-0.0097442884,
1.01825,-0.0091554029,
1.0185,0.0001948236,
1.01875,-0.0258711949,
1.019,-0.0216934755,
1.01925,-0.0226304885,
1.0195,0.0050365552,
1.01975,-0.0156314690,
1.02,-0.0075290860,
1.02025,-0.0025430217,
1.0205,0.0052924743,
1.02075,-0.0097786086,
1.021,0.0056527201,
1.02125,-0.0018160501,
1.0215,-0.0014537645,
1.02175,0.0014563582,
1.022,-0.0075763999,
1.02225,-0.0148222866,
1.0225,0.0054714251,
1.02275,-0.0050498177,
1.023,-0.0032289664,
1.02325,0.0024201374,
1.0235,-0.0136414804,
1.02375,-0.0136747779,
1.024,-0.0007856790,
1.02425,0.0104609272,
1.0245,-0.0099497829,
1.02475,0.0020569186,
1.025,0.0207550153,
1.02525,-0.0073289494,
1.0255,-0.0051131975,
1.02575,0.0104664061,
1.026,0.0152531965,
1.02625,-0.0084494837,
1.0265,-0.0086391419,
1.02675,-0.0016624669,
1.027,-0.0142253460,
1.02725,-0.0165827833,
1.0275,-0.0093149478,
1.02775,-0.0044224607,
1.028,-0.0131010227,
1.02825,-0.0020153210,
1.0285,-0.0191939883,
1.02875,-0.0090052076,
1.029,-0.0207979027,
1.02925,0.0169230253,
1.0295,0.0031541567,
1.02975,-0.0023607558,
1.03,0.0080501605,
1.03025,0.0092614889,
1.0305,0.0017645047,
1.03075,0.0041756090,
1.031,-0.0009519978,
1.03125,0.0021256548,
1.0315,0.0013768753,
1.03175,0.0029694750,
1.032,-0.0057195690,
1.03225,-0.0193421580,
1.0325,-0.0015736574,
1.03275,-0.0067333789,
1.033,0.0108723510,
1.03325,-0.0092587089,
1.0335,-0.0076014316,
1.03375,0.0035017205,
1.034,0.0001295598,
1.03425,0.0003159618,
1.0345,0.0008708944,
1.03475,0.0063971439,
1.035,0.0142682102,
1.03525,-0.0108622368,
1.0355,0.0048462749,
1.03575,0.0078504067,
1.036,0.0109425271,
1.03625,-0.0101274764,
1.0365,-0.0174644999,
1.03675,-0.0054826280,
1.037,-0.0078480132,
1.03725,-0.0053020436,
1.0375,0.0113106156,
1.03775,-0.0110190650,
1.038,-0.0054093353,
1.03825,-0.0188528299,
1.0385,-0.0172720291,
1.03875,-0.0150484927,
1.039,-0.0155241713,
1.03925,0.0021280476,
1.0395,-0.0018982195,
1.03975,-0.0043238704,
1.04,-0.0076632723,
1.04025,0.0117689827,
1.0405,0.0062440839,
1.04075,-0.0037842176,
1.041,0.0015845349,
1.04125,0.0063995742,
1.0415,-0.0108805681,
1.04175,-0.0090984432,
1.042,-0.0057206331,
1.04225,0.0037214204,
1.0425,-0.0108158700,
1.04275,0.0064460472,
1.043,0.0035111022,
1.04325,-0.0075195213,
1.0435,-0.0099656414,
1.04375,0.0033847124,
1.044,0.0047243880,
1.04425,-0.0002705364,
1.0445,0.0038323347,
1.04475,0.0126960706,
1.045,0.0005964940,
1.04525,-0.0004915902,
1.0455,0.0072563766,
1.04575,0.0170075260,
1.046,-0.0031472181,
1.04625,-0.0018593833,
1.0465,-0.0124323098,
1.04675,-0.0004675598,
1.047,-0.0119313244,
1.04725,-0.0078194467,
1.0475,0.0058156298,
1.04775,-0.0047500958,
1.048,-0.0141184144,
1.04825,-0.0223579742,
1.0485,-0.0165957864,
1.04875,-0.0194033030,
1.049,0.0073895138,
1.04925,0.0125016998,
1.0495,0.0074594975,
1.04975,-0.0039409446,
1.05,0.0117905028,
1.05025,0.0067984802,
1.0505,0.0016445055,
1.05075,-0.0064608459,
1.051,0.0100223152,
1.05125,-0.0004950101,
1.0515,-0.0024439422,
1.05175,-0.0115162600,
1.052,0.0041797175,
1.05225,0.0018300738,
1.0525,0.0003103018,
1.05275,0.0057034465,
1.053,-0.0012207003,
1.05325,0.0004830259,
1.0535,-0.0035394062,
1.05375,0.0082602836,
1.054,0.0048392694,
1.05425,0.0021059045,
1.0545,0.0072283251,
1.05475,0.0129572349,
1.055,0.0039572124,
1.05525,0.0083784424,
1.0555,0.0192779563,
1.05575,0.0106384922,
1.056,-0.0021313177,
1.05625,-0.0035344837,
1.0565,-0.0005561689,
1.05675,-0.0045825946,
1.057,-0.0126162590,
1.05725,-0.0006440204,
1.0575,-0.0188476462,
1.05775,-0.0218701363,
1.058,-0.0152701698,
1.05825,0.0044539254,
1.0585,-0.0319102891,
1.05875,-0.0107258474,
1.059,0.0129137384,
1.05925,0.0084860055,
1.0595,-0.0030353826,
1.05975,0.0033053337,
1.06,0.0163256265,
1.06025,0.0074016294,
1.0605,-0.0123330718,
1.06075,0.0045842342,
1.061,0.0060768118,
1.06125,0.0032398864,
1.0615,-0.0065322989,
1.06175,0.0078921625,
1.062,0.0070323185,
1.06225,-0.0022882135,
1.0625,0.0029332247,
1.06275,0.0056017628,
1.063,0.0051271818,
1.06325,-0.0110254455,
1.0635,0.0034364560,
1.06375,0.0168982800,
1.064,0.0079439944,
1.06425,-0.0004348025,
1.0645,0.0141202761,
1.06475,0.0201604180,
1.065,-0.0006851101,
1.06525,0.0086342534,
1.0655,0.0266068690,
1.06575,-0.0010513150,
1.066,-0.0037746895,
1.06625,-0.0016351303,
1.0665,0.0098011680,
1.06675,-0.0202043131,
1.067,0.0059672031,
1.06725,0.0143866260,
1.0675,-0.0022853576,
1.06775,-0.0182320960,
1.068,-0.0000918280,
1.06825,-0.0220255908,
1.0685,-0.0184957981,
1.06875,0.0129496288,
1.069,0.0148277208,
1.06925,0.0075491248,
1.0695,0.0023148127,
1.06975,0.0164035112,
1.07,0.0096238889,
1.07025,0.0028909559,
1.0705,0.0006621869,
1.07075,0.0059489296,
1.071,0.0104033090,
1.07125,0.0070606335,
1.0715,-0.0036981227,
1.07175,0.0114088356,
1.072,0.0071950033,
1.07225,0.0024698065,
1.0725,-0.0076878914,
1.07275,0.0080392826,
1.073,0.0075033242,
1.07325,0.0005674345,
1.0735,0.0088139549,
1.07375,0.0134360045,
1.074,0.0045876293,
1.07425,0.0018026879,
1.0745,0.0192001946,
1.07475,0.0068770181,
1.075,0.0018980064,
1.07525,0.0216375217,
1.0755,0.0141044138,
1.07575,-0.0102073904,
1.076,0.0058730887,
1.07625,-0.0012429060,
1.0765,-0.0044838367,
1.07675,0.0022904449,
1.077,0.0018723044,
1.07725,-0.0113798920,
1.0775,-0.0104849683,
1.07775,-0.0012873522,
1.078,0.0003580024,
1.07825,-0.0221930705,
1.0785,-0.0045652008,
1.07875,0.0119967032,
1.079,0.0099512357,
1.07925,0.0083242562,
1.0795,0.0070512039,
1.07975,0.0188359637,
1.08,0.0154501954,
1.08025,0.0013893421,
1.0805,0.0120167360,
1.08075,0.0196411666,
1.081,0.0156111903,
1.08125,-0.0077478359,
1.0815,0.0183066316,
1.08175,0.0088165654,
1.082,0.0082503054,
1.08225,-0.0050700856,
1.0825,0.0021581890,
1.08275,0.0049075913,
1.083,-0.0055248858,
1.08325,0.0108638359,
1.0835,0.0186968204,
1.08375,0.0164747331,
1.084,0.0042412668,
1.08425,0.0200245380,
1.0845,0.0171364769,
1.08475,0.0086285872,
1.085,0.0139901917,
1.08525,0.0097604627,
1.0855,0.0028570620,
1.08575,-0.0017338154,
1.086,-0.0048785787,
1.08625,0.0115081556,
1.0865,-0.0047036819,
1.08675,-0.0022816258,
1.087,0.0047756201,
1.08725,-0.0056607248,
1.0875,-0.0200629532,
1.08775,-0.0100389179,
1.088,-0.0153621463,
1.08825,0.0074022473,
1.0885,0.0111600701,
1.08875,0.0155507829,
1.089,0.0187340379,
1.08925,0.0063151540,
1.0895,0.0151781887,
1.08975,0.0250357036,
1.09,0.0138632199,
1.09025,0.0095154168,
1.0905,0.0114337029,
1.09075,0.0201332830,
1.091,-0.0038865954,
1.09125,-0.0021235666,
1.0915,0.0116891507,
1.09175,-0.0021109139,
1.092,-0.0023329766,
1.09225,-0.0107325334,
1.0925,0.0123316059,
1.09275,-0.0010556844,
1.093,-0.0007873955,
1.09325,-0.0001994051,
1.0935,0.0105851190,
1.09375,0.0015496153,
1.094,0.0057058120,
1.09425,0.0112781106,
1.0945,0.0033493119,
1.09475,-0.0043611517,
1.095,0.0113361431,
1.09525,0.0133078620,
1.0955,-0.0017212506,
1.09575,-0.0121290321,
1.096,-0.0124545638,
1.09625,-0.0056685577,
1.0965,-0.0089352094,
1.09675,-0.0081834979,
1.097,-0.0061291032,
1.09725,-0.0155258328,
1.0975,-0.0060603190,
1.09775,-0.0045916820,
1.098,-0.0200549308,
1.09825,-0.0022918410,
1.0985,0.0089256112,
1.09875,0.0165419448,
1.099,0.0017749121,
1.09925,0.0060626324,
1.0995,0.0151378280,
1.09975,0.0047946502,
1.1,0.0036444957,
1.10025,-0.0054745660,
1.1005,0.0030612072,
1.10075,0.0014121856,
1.101,-0.0115909036,
1.10125,0.0046218941,
1.1015,0.0012263196,
1.10175,0.0049438737,
1.102,-0.0179895386,
1.10225,-0.0074889800,
1.1025,-0.0046107154,
1.10275,-0.0003632962,
1.103,-0.0095792916,
1.10325,0.0051181600,
1.1035,0.0075868908,
1.10375,-0.0098148687,
1.104,-0.0034644906,
1.10425,0.0122630550,
1.1045,-0.0048705596,
1.10475,-0.0084064156,
1.105,0.0033965989,
1.10525,0.0060124206,
1.1055,-0.0162127912,
1.10575,-0.0023011011,
1.106,0.0012324773,
1.10625,-0.0169623103,
1.1065,-0.0077584386,
1.10675,-0.0048223543,
1.107,-0.0198362675,
1.10725,-0.0278150588,
1.1075,-0.0161861926,
1.10775,0.0035899640,
1.108,-0.0005806054,
1.10825,0.0025543990,
1.1085,0.0096606985,
1.10875,0.0075576175,
1.109,-0.0033197934,
1.10925,0.0150207700,
1.1095,0.0084298318,
1.10975,0.0055979029,
1.11,-0.0001622744,
1.11025,0.0067370036,
1.1105,0.0051964503,
1.11075,-0.0024198219,
1.111,-0.0064409534,
1.11125,-0.0016622060,
1.1115,0.0079228319,
1.11175,-0.0120505523,
1.112,-0.0218320601,
1.11225,0.0024970190,
1.1125,0.0038914252,
1.11275,-0.0152726928,
1.113,-0.0037299837,
1.11325,0.0118237529,
1.1135,-0.0009950718,
1.11375,0.0006641116,
1.114,0.0102250632,
1.11425,0.0107610459,
1.1145,0.0003086565,
1.11475,0.0088541014,
1.115,0.0156434886,
1.11525,0.0037446767,
1.1155,-0.0213272981,
1.11575,-0.0110577717,
1.116,0.0077516171,
1.11625,-0.0079002148,
1.1165,-0.0076498566,
1.11675,0.0003912543,
1.117,0.0020586413,
1.11725,-0.0020062306,
1.1175,-0.0112731615,
1.11775,-0.0070830905,
1.118,0.0089737559,
1.11825,0.0005909296,
1.1185,0.0158911310,
1.11875,0.0078025092,
1.119,0.0052133594,
1.11925,0.0079758782,
1.1195,0.0098141897,
1.11975,0.0055583958,
1.12,-0.0066136671,
1.12025,0.0158508942,
1.1205,0.0048995712,
1.12075,-0.0031684900,
1.121,0.0030782039,
1.12125,0.0089255897,
1.1215,0.0007382145,
1.12175,-0.0121383509,
1.122,-0.0036633769,
1.12225,-0.0000807870,
1.1225,0.0006116453,
1.12275,-0.0104569159,
1.123,0.0087408712,
1.12325,0.0076931897,
1.1235,0.0064645703,
1.12375,-0.0077867424,
1.124,0.0156320892,
1.12425,0.0062915026,
1.1245,-0.0043213060,
1.12475,0.0095068868,
1.125,0.0068368134,
1.12525,-0.0078203818,
1.1255,-0.0036229726,
1.12575,-0.0035063410,
1.126,-0.0050579710,
1.12625,-0.0127123967,
1.1265,-0.0051112636,
1.12675,-0.0041936748,
1.127,-0.0019128870,
1.12725,-0.0163888521,
1.1275,0.0051177386,
1.12775,0.0054865661,
1.128,-0.0095884576,
1.12825,-0.0007665838,
1.1285,0.0086074490,
1.12875,0.0002455705,
1.129,-0.0008437114,
1.12925,0.0062164064,
1.1295,0.0050025284,
1.12975,-0.0059512854,
1.13,-0.0009968374,
1.13025,0.0045264782,
1.1305,-0.0028145427,
1.13075,-0.0252987482,
1.131,0.0008549896,
1.13125,-0.0008670068,
1.1315,-0.0218634959,
1.13175,-0.0126370648,
1.132,-0.0024627219,
1.13225,0.0001459188,
1.1325,-0.0168829747,
1.13275,-0.0126334559,
1.133,0.0053967778,
1.13325,-0.0058069178,
1.1335,-0.0112426635,
1.13375,0.0037892421,
1.134,0.0061740098,
1.13425,-0.0097912624,
1.1345,-0.0046339012,
1.13475,0.0010262867,
1.135,-0.0075137685,
1.13525,-0.0223108605,
1.1355,-0.0169386268,
1.13575,0.0119727645,
1.136,-0.0144688748,
1.13625,-0.0317512713,
1.1365,-0.0058474275,
1.13675,-0.0083218412,
1.137,-0.0221376717,
1.13725,-0.0219114888,
1.1375,-0.0101592224,
1.13775,-0.0000321264,
1.138,-0.0059179701,
1.13825,-0.0005201779,
1.1385,0.0006972596,
1.13875,0.0021117439,
1.139,-0.0016989696,
1.13925,0.0048254365,
1.1395,-0.0102710016,
1.13975,-0.0102018556,
1.14,-0.0053033559,
1.14025,-0.0170499682,
1.1405,-0.0073832762,
1.14075,-0.0186495427,
1.141,-0.0092861345,
1.14125,-0.0093094697,
1.1415,-0.0148034459,
1.14175,-0.0225398205,
1.142,0.0046109823,
1.14225,-0.0030666161,
1.1425,-0.0205180012,
1.14275,-0.0099755721,
1.143,0.0153827844,
1.14325,-0.0093899909,
1.1435,-0.0118280053,
1.14375,0.0115628121,
1.144,0.0022206982,
1.14425,-0.0117657473,
1.1445,-0.0006889544,
1.14475,0.0115351481,
1.145,-0.0135834757,
1.14525,-0.0128150284,
1.1455,0.0137364911,
1.14575,-0.0081036529,
1.146,-0.0187302660,
1.14625,0.0051079066,
1.1465,-0.0059042228,
1.14675,-0.0151779884,
1.147,-0.0251373872,
1.14725,0.0113193672,
1.1475,-0.0046963608,
1.14775,-0.0043102689,
1.148,0.0039394414,
1.14825,0.0087606767,
1.1485,-0.0076545519,
1.14875,0.0057082772,
1.149,-0.0004168882,
1.14925,-0.0001542711,
1.1495,-0.0016995288,
1.14975,-0.0035403378,
1.15,-0.0067388285,
1.15025,-0.0001530813,
1.1505,-0.0072754463,
1.15075,0.0055061956,
1.151,0.0057085268,
1.15125,-0.0004909862,
1.1515,-0.0055529550,
1.15175,0.0067592082,
1.152,0.0135538280,
1.15225,0.0019986769,
1.1525,-0.0020853630,
1.15275,0.0204344448,
1.153,0.0067248931,
1.15325,-0.0000079939,
1.1535,0.0156580117,
1.15375,0.0232326146,
1.154,0.0104050348,
1.15425,0.0036786802,
1.1545,0.0227627307,
1.15475,0.0038387000,
1.155,-0.0098622637,
1.15525,0.0112504177,
1.1555,0.0114463931,
1.15575,-0.0015975988,
1.156,-0.0095962910,
1.15625,-0.0069966037,
1.1565,-0.0002671922,
1.15675,-0.0141168209,
1.157,0.0006863804,
1.15725,0.0106164152,
1.1575,0.0148113715,
1.15775,0.0058643618,
1.158,0.0091274697,
1.15825,0.0194320381,
1.1585,0.0067453207,
1.15875,-0.0052305502,
1.159,0.0039311261,
1.15925,-0.0016738538,
1.1595,-0.0038361750,
1.15975,0.0062973797,
1.16,0.0050724261,
1.16025,0.0008887100,
1.1605,0.0046423865,
1.16075,0.0108203311,
1.161,0.0056584827,
1.16125,-0.0016407678,
1.1615,-0.0008202871,
1.16175,0.0128951110,
1.162,0.0077784625,
1.16225,0.0051851263,
1.1625,0.0101285139,
1.16275,0.0226250831,
1.163,-0.0006394105,
1.16325,0.0122516183,
1.1635,0.0151397930,
1.16375,0.0244926866,
1.164,0.0077396892,
1.16425,0.0111521976,
1.1645,0.0099776313,
1.16475,0.0036260891,
1.165,0.0006813488,
1.16525,0.0055136420,
1.1655,-0.0043579382,
1.16575,-0.0081741782,
1.166,-0.0102195507,
1.16625,-0.0050852960,
1.1665,-0.0064643221,
1.16675,-0.0099243298,
1.167,0.0024470037,
1.16725,0.0170603544,
1.1675,0.0136958454,
1.16775,0.0046078665,
1.168,0.0083297668,
1.16825,0.0016155567,
1.1685,-0.0053390306,
1.16875,-0.0033844202,
1.169,0.0086722178,
1.16925,-0.0054770890,
1.1695,-0.0014095446,
1.16975,0.0067609875,
1.17,0.0154887270,
1.17025,-0.0061161248,
1.1705,0.0060339756,
1.17075,0.0074610603,
1.171,0.0011481320,
1.17125,-0.0079880673,
1.1715,0.0037951823,
1.17175,0.0073260744,
1.172,-0.0032852034,
1.17225,0.0048413067,
1.1725,0.0147899576,
1.17275,0.0070253517,
1.173,0.0082397265,
1.17325,0.0065268879,
1.1735,0.0213179532,
1.17375,0.0084552560,
1.174,0.0038160412,
1.17425,0.0111891944,
1.1745,-0.0070497356,
1.17475,-0.0142699964,
1.175,0.0007566254,
1.17525,0.0030551758,
1.1755,-0.0033698105,
1.17575,-0.0123375840,
1.176,-0.0100978557,
1.17625,-0.0009364338,
1.1765,-0.0084447274,
1.17675,-0.0108947214,
1.177,0.0171703883,
1.17725,0.0045393030,
1.1775,-0.0031136663,
1.17775,0.0123162288,
1.178,0.0038461243,
1.17825,0.0053896010,
1.1785,-0.0088853473,
1.17875,0.0030301092,
1.179,-0.0078335917,
1.17925,0.0000524536,
1.1795,-0.0039418773,
1.17975,-0.0051023383,
1.18,-0.0038450714,
1.18025,0.0071828607,
1.1805,-0.0046887225,
1.18075,0.0064856443,
1.181,0.0006254507,
1.18125,-0.0174292419,
1.1815,0.0081551829,
1.18175,0.0131914467,
1.182,0.0067470511,
1.18225,0.0020402903,
1.1825,0.0179999098,
1.18275,0.0105965184,
1.183,-0.0090274587,
1.18325,0.0094001163,
1.1835,0.0239632744,
1.18375,-0.0065351580,
1.184,-0.0038086260,
1.18425,0.0007188984,
1.1845,-0.0052403477,
1.18475,-0.0031869765,
1.185,-0.0013449359,
1.18525,0.0021106389,
1.1855,-0.0150140943,
1.18575,-0.0034266638,
1.186,0.0115198037,
1.18625,-0.0204744078,
1.1865,-0.0033701104,
1.18675,0.0060888571,
1.187,0.0204564910,
1.18725,0.0019349032,
1.1875,0.0092881666,
1.18775,-0.0003437729,
1.188,-0.0002002207,
1.18825,-0.0068174419,
1.1885,0.0019372483,
1.18875,0.0039985403,
1.189,0.0038011151,
1.18925,0.0053437743,
1.1895,0.0091253202,
1.18975,0.0023136102,
1.19,-0.0082879253,
1.19025,0.0053639715,
1.1905,0.0059072976,
1.19075,0.0132328235,
1.191,-0.0022913245,
1.19125,-0.0032054724,
1.1915,0.0172953699,
1.19175,0.0058938982,
1.192,0.0038305914,
1.19225,0.0105279032,
1.1925,0.0145227984,
1.19275,0.0047847996,
1.193,0.0017177693,
1.19325,0.0248196572,
1.1935,0.0082228947,
1.19375,0.0144539513,
1.194,0.0005170081,
1.19425,-0.0103234705,
1.1945,-0.0036549345,
1.19475,0.0089155659,
1.195,0.0114824073,
1.19525,0.0018362156,
1.1955,0.0000689494,
1.19575,0.0066469326,
1.196,-0.0085787140,
1.19625,-0.0011791525,
1.1965,-0.0119272638,
1.19675,0.0162335467,
1.197,0.0001509730,
1.19725,0.0004284356,
1.1975,0.0071384595,
1.19775,0.0029835543,
1.198,-0.0024938248,
1.19825,-0.0028949345,
1.1985,-0.0041182837,
1.19875,-0.0001385886,
1.199,-0.0016785944,
1.19925,-0.0183371343,
1.1995,-0.0153246690,
1.19975,0.0011656889,
1.2,0.0024344861,
1.20025,-0.0111276461,
1.2005,0.0131269097,
1.20075,-0.0100109652,
1.201,-0.0044118552,
1.20125,0.0144456988,
1.2015,0.0130273793,
1.20175,0.0088416189,
1.202,0.0067331074,
1.20225,0.0162759144,
1.2025,0.0038663044,
1.20275,-0.0085697714,
1.203,0.0080356151,
1.20325,0.0128879938,
1.2035,0.0063871522,
1.20375,0.0018691598,
1.204,-0.0116133858,
1.20425,-0.0027829870,
1.2045,0.0081683798,
1.20475,-0.0139383450,
1.205,0.0046212533,
1.20525,-0.0015538010,
1.2055,-0.0074985432,
1.20575,-0.0231080595,
1.206,-0.0170505438,
1.20625,-0.0017853368,
1.2065,-0.0030808339,
1.20675,0.0107899550,
1.207,0.0120480498,
1.20725,-0.0020475381,
1.2075,0.0029743398,
1.20775,0.0073735067,
1.208,-0.0077990489,
1.20825,-0.0005366484,
1.2085,-0.0036355283,
1.20875,0.0035678551,
1.209,-0.0093482733,
1.20925,0.0025169037,
1.2095,-0.0159000326,
1.20975,-0.0111138336,
1.21,-0.0008493395,
1.21025,0.0071156728,
1.2105,0.0056979787,
1.21075,-0.0113552352,
1.211,-0.0061861053,
1.21125,0.0039189537,
1.2115,-0.0016817473,
1.21175,-0.0021834634,
1.212,0.0026744183,
1.21225,0.0056453324,
1.2125,-0.0013708392,
1.21275,0.0026102271,
1.213,0.0072131529,
1.21325,0.0125515927,
1.2135,0.0080753854,
1.21375,-0.0184843577,
1.214,-0.0145953242,
1.21425,0.0033198751,
1.2145,-0.0101864003,
1.21475,-0.0010359552,
1.215,-0.0079016844,
1.21525,-0.0113540888,
1.2155,-0.0171117932,
1.21575,-0.0167053305,
1.216,-0.0116306646,
1.21625,-0.0218885913,
1.2165,0.0026823718,
1.21675,0.0029305359,
1.217,-0.0027823024,
1.21725,-0.0062843524,
1.2175,0.0016372029,
1.21775,-0.0096740145,
1.218,-0.0001812032,
1.21825,-0.0109466538,
1.2185,0.0001601601,
1.21875,-0.0079917684,
1.219,-0.0093459021,
1.21925,-0.0141771054,
1.2195,-0.0025473870,
1.21975,-0.0085187377,
1.22,-0.0111486260,
1.22025,-0.0018976450,
1.2205,-0.0077740159,
1.22075,-0.0034772933,
1.221,-0.0093201958,
1.22125,0.0115472162,
1.2215,0.0106129991,
1.22175,-0.0082292045,
1.222,0.0086810589,
1.22225,0.0083323075,
1.2225,-0.0059193582,
1.22275,-0.0037139026,
1.223,0.0130778346,
1.22325,0.0016972164,
1.2235,-0.0183709320,
1.22375,-0.0093715386,
1.224,-0.0018402718,
1.22425,-0.0209283642,
1.2245,-0.0203024186,
1.22475,0.0113392249,
1.225,-0.0041297609,
1.22525,-0.0119364243,
1.2255,-0.0281542558,
1.22575,-0.0030620655,
1.226,-0.0192524716,
1.22625,0.0054410985,
1.2265,0.0153557537,
1.22675,0.0083996346,
1.227,-0.0059785689,
1.22725,0.0136532644,
1.2275,0.0024546427,
1.22775,-0.0065547470,
1.228,-0.0095906015,
1.22825,-0.0048481142,
1.2285,0.0027171769,
1.22875,-0.0067370809,
1.229,-0.0127850268,
1.22925,-0.0122168120,
1.2295,0.0080750659,
1.22975,-0.0080460459,
1.23,0.0021234374,
1.23025,-0.0002903144,
1.2305,0.0054501304,
1.23075,-0.0116142826,
1.231,0.0018828481,
1.23125,0.0035288117,
1.2315,0.0019183179,
1.23175,-0.0020143618,
1.232,0.0096070925,
1.23225,0.0038384532,
1.2325,-0.0071589979,
1.23275,0.0099527482,
1.233,0.0133520914,
1.23325,-0.0091086412,
1.2335,-0.0139949108,
1.23375,-0.0068108509,
1.234,0.0045339754,
1.23425,-0.0124918073,
1.2345,-0.0032051608,
1.23475,-0.0071613239,
1.235,-0.0160465799,
1.23525,-0.0169930253,
1.2355,-0.0055001904,
1.23575,-0.0231343973,
1.236,-0.0100904470,
1.23625,0.0006996969,
1.2365,0.0030858605,
1.23675,0.0034125869,
1.237,-0.0109140277,
1.23725,0.0050974875,
1.2375,0.0103671122,
1.23775,-0.0062562660,
1.238,-0.0069496478,
1.23825,0.0060948771,
1.2385,-0.0032932283,
1.23875,-0.0116386060,
1.239,-0.0124030337,
1.23925,0.0031394486,
1.2395,-0.0221350826,
1.23975,-0.0021635147,
1.24,-0.0069146329,
1.24025,0.0063018929,
1.2405,-0.0091583962,
1.24075,-0.0042647640,
1.241,0.0144873457,
1.24125,0.0082883528,
1.2415,-0.0046510105,
1.24175,0.0112658087,
1.242,0.0066769915,
1.24225,-0.0001587642,
1.2425,0.0010760002,
1.24275,0.0074080341,
1.243,0.0029991930,
1.24325,-0.0068253633,
1.2435,-0.0055269152,
1.24375,0.0090519814,
1.244,-0.0076452103,
1.24425,-0.0118614584,
1.2445,-0.0003996677,
1.24475,0.0061993804,
1.245,-0.0158088356,
1.24525,-0.0271094311,
1.2455,-0.0024732468,
1.24575,-0.0181551427,
1.246,0.0005983569,
1.24625,0.0015664613,
1.2465,0.0110709630,
1.24675,-0.0003106114,
1.247,0.0007406470,
1.24725,0.0106412992,
1.2475,0.0017487996,
1.24775,-0.0164654553,
1.248,-0.0017646435,
1.24825,-0.0116411727,
1.2485,-0.0129611772,
1.24875,-0.0190008320,
1.249,-0.0006012879,
1.24925,-0.0056236167,
1.2495,-0.0079131722,
1.24975,-0.0082062306,
1.25,-0.0068644392,
1.25025,0.0099738613,
1.2505,-0.0157620423,
1.25075,0.0086738709,
1.251,0.0037259585,
1.25125,-0.0011384729,
1.2515,-0.0033314468,
1.25175,0.0038026469,
1.252,0.0051910034,
1.25225,-0.0062408289,
1.2525,0.0016167316,
1.25275,0.0070040561,
1.253,-0.0070682662,
1.25325,-0.0126867145,
1.2535,-0.0053064036,
1.25375,-0.0041791042,
1.254,-0.0196606889,
1.25425,-0.0101471357,
1.2545,-0.0101990160,
1.25475,-0.0130531667,
1.255,-0.0216150358,
1.25525,-0.0067453897,
1.2555,-0.0178423338,
1.25575,-0.0127685033,
1.256,0.0012008921,
1.25625,0.0053062481,
1.2565,0.0002355576,
1.25675,0.0015387917,
1.257,0.0142812803,
1.25725,0.0179753490,
1.2575,-0.0022633558,
1.25775,-0.0027093170,
1.258,-0.0060180454,
1.25825,-0.0024433071,
1.2585,-0.0089912293,
1.25875,-0.0122432793,
1.259,0.0045743962,
1.25925,-0.0038285253,
1.2595,-0.0018605293,
1.25975,-0.0153439157,
1.26,0.0084531009,
1.26025,-0.0038496335,
1.2605,-0.0029020417,
1.26075,0.0034253623,
1.261,0.0180264469,
1.26125,-0.0074010827,
1.2615,-0.0023784661,
1.26175,0.0153884329,
1.262,0.0044960263,
1.26225,-0.0081122406,
1.2625,0.0105355447,
1.26275,0.0057279896,
1.263,-0.0189388432,
1.26325,-0.0064760265,
1.2635,0.0258532651,
1.26375,-0.0110959988,
1.264,-0.0159284286,
1.26425,0.0073057963,
1.2645,-0.0106294416,
1.26475,-0.0265471991,
1.265,-0.0175990742,
1.26525,-0.0005998008,
1.2655,-0.0069714757,
1.26575,0.0106106969,
1.266,0.0133550623,
1.26625,0.0196320564,
1.2665,-0.0005485897,
1.26675,0.0131941224,
1.267,0.0159774125,
1.26725,0.0054181302,
1.2675,-0.0028940870,
1.26775,0.0090119373,
1.268,0.0089405086,
1.26825,0.0068426272,
1.2685,-0.0106991166,
1.26875,0.0120736798,
1.269,0.0045512803,
1.26925,-0.0009924313,
1.2695,-0.0078977849,
1.26975,-0.0009638342,
1.27,0.0122074857,
1.27025,-0.0002135887,
1.2705,-0.0034698248,
1.27075,0.0143925892,
1.271,0.0150460750,
1.27125,-0.0041216826,
1.2715,0.0141848754,
1.27175,0.0164937358,
1.272,0.0045072655,
1.27225,0.0054814285,
1.2725,0.0310963467,
1.27275,0.0041915607,
1.273,-0.0091547044,
1.27325,0.0066402671,
1.2735,-0.0089595169,
1.27375,-0.0137939099,
1.274,-0.0016765355,
1.27425,0.0005367337,
1.2745,0.0049700909,
1.27475,-0.0050510741,
1.275,0.0073660421,
1.27525,-0.0045872661,
1.2755,0.0047449595,
1.27575,0.0019687272,
1.276,0.0179178845,
1.27625,0.0202041194,
1.2765,0.0168968402,
1.27675,0.0160742514,
1.277,0.0208058935,
1.27725,0.0086187841,
1.2775,0.0007468596,
1.27775,0.0083286073,
1.278,0.0122135179,
1.27825,-0.0083345883,
1.2785,0.0073935706,
1.27875,0.0068667578,
1.279,0.0150047531,
1.27925,-0.0089402441,
1.2795,-0.0069001154,
1.27975,0.0180261936,
1.28,-0.0025133081,
1.28025,0.0065080863,
1.2805,0.0110641457,
1.28075,0.0190661214,
1.281,0.0023909130,
1.28125,0.0081006279,
1.2815,0.0194143355,
1.28175,0.0179930106,
1.282,0.0051918775,
1.28225,0.0157758612,
1.2825,0.0069445376,
1.28275,-0.0028306358,
1.283,0.0088995770,
1.28325,-0.0022367642,
1.2835,-0.0116398083,
1.28375,-0.0012036896,
1.284,0.0016850459,
1.28425,-0.0127592161,
1.2845,-0.0171834622,
1.28475,-0.0122668538,
1.285,-0.0002427584,
1.28525,0.0154587170,
1.2855,0.0091673397,
1.28575,0.0074079782,
1.286,0.0232154652,
1.28625,0.0049318420,
1.2865,0.0041548111,
1.28675,0.0149522023,
1.287,0.0117106512,
1.28725,-0.0079291509,
1.2875,0.0024505882,
1.28775,0.0156295896,
1.288,0.0074903578,
1.28825,-0.0118974894,
1.2885,0.0049940706,
1.28875,0.0079235537,
1.289,-0.0064897514,
1.28925,-0.0181986727,
1.2895,0.0024641566,
1.28975,0.0024245286,
1.29,0.0033176155,
1.29025,0.0017930988,
1.2905,0.0153264385,
1.29075,0.0105574597,
1.291,-0.0035311659,
1.29125,0.0117865391,
1.2915,0.0080867801,
1.29175,0.0023539406,
1.292,0.0050582965,
1.29225,0.0157244019,
1.2925,0.0034497548,
1.29275,-0.0103915017,
1.293,-0.0079389736,
1.29325,-0.0002953707,
1.2935,-0.0004567598,
1.29375,-0.0050789393,
1.294,0.0002271083,
1.29425,0.0059836917,
1.2945,-0.0051938794,
1.29475,-0.0150703639,
1.295,-0.0116692120,
1.29525,-0.0085390629,
1.2955,-0.0110644763,
1.29575,0.0151437949,
1.296,0.0036344470,
1.29625,0.0073339348,
1.2965,0.0093232039,
1.29675,0.0085455142,
1.297,0.0030857087,
1.29725,-0.0033651097,
1.2975,0.0070508542,
1.29775,0.0012169488,
1.298,-0.0128183318,
1.29825,0.0090996567,
1.2985,-0.0103038037,
1.29875,0.0067375293,
1.299,-0.0086683976,
1.29925,-0.0115427971,
1.2995,0.0058300039,
1.29975,0.0114369635,
1.3,-0.0023626036,
1.30025,-0.0026954883,
1.3005,0.0155080194,
1.30075,0.0064561041,
1.301,-0.0112261549,
1.30125,0.0127953440,
1.3015,0.0227337796,
1.30175,-0.0076543856,
1.302,0.0057619428,
1.30225,0.0109552499,
1.3025,-0.0067200530,
1.30275,-0.0016245255,
1.303,-0.0041147792,
1.30325,-0.0126154460,
1.3035,-0.0264887400,
1.30375,-0.0058464478,
1.304,-0.0053100795,
1.30425,-0.0266303271,
1.3045,-0.0114752334,
1.30475,-0.0003358531,
1.305,0.0108855870,
1.30525,-0.0096247550,
1.3055,0.0029653721,
1.30575,0.0068343226,
1.306,0.0045711333,
1.30625,0.0012020378,
1.3065,0.0155943949,
1.30675,0.0050737793,
1.307,-0.0033781747,
1.30725,0.0073284460,
1.3075,0.0098224897,
1.30775,-0.0045557744,
1.308,-0.0123819103,
1.30825,0.0004525922,
1.3085,0.0096537974,
1.30875,-0.0024716230,
1.309,-0.0177476536,
1.30925,0.0020383180,
1.3095,0.0140405642,
1.30975,0.0036342456,
1.31,-0.0068814857,
1.31025,0.0159776416,
1.3105,0.0078248056,
1.31075,-0.0009792042,
1.311,0.0003497922,
1.31125,0.0138167646,
1.3115,0.0028780766,
1.31175,0.0032671543,
1.312,0.0071001095,
1.31225,-0.0061262148,
1.3125,-0.0134800421,
1.31275,-0.0093653388,
1.313,0.0065125050,
1.31325,-0.0015769852,
1.3135,-0.0151303299,
1.31375,-0.0021051446,
1.314,-0.0118754264,
1.31425,-0.0139204981,
1.3145,-0.0254533254,
1.31475,0.0037342610,
1.315,-0.0029919974,
1.31525,-0.0003183651,
1.3155,0.0112136081,
1.31575,0.0080631180,
1.316,0.0136363991,
1.31625,0.0017236633,
1.3165,0.0052449526,
1.31675,0.0041355812,
1.317,-0.0013289123,
1.31725,-0.0130143194,
1.3175,-0.0084100906,
1.31775,-0.0017924601,
1.318,-0.0037247795,
1.31825,0.0096258326,
1.3185,0.0124103054,
1.31875,-0.0051228162,
1.319,-0.0059736725,
1.31925,0.0063829832,
1.3195,0.0152880754,
1.31975,-0.0121907853,
1.32,0.0053778877,
1.32025,0.0115586650,
1.3205,-0.0009933853,
1.32075,-0.0053593805,
1.321,0.0109308576,
1.32125,0.0094960900,
1.3215,0.0073119663,
1.32175,0.0021269072,
1.322,0.0142841879,
1.32225,-0.0035259735,
1.3225,-0.0005639330,
1.32275,-0.0144593306,
1.323,-0.0049503194,
1.32325,-0.0122257750,
1.3235,-0.0068112132,
1.32375,-0.0136584975,
1.324,-0.0075924359,
1.32425,-0.0173447616,
1.3245,-0.0040388592,
1.32475,0.0075171520,
1.325,0.0005086759,
1.32525,-0.0041756597,
1.3255,0.0020296581,
1.32575,0.0165972468,
1.326,-0.0016507559,
1.32625,0.0021817782,
1.3265,0.0105244517,
1.32675,-0.0008883787,
1.327,-0.0078628473,
1.32725,0.0037941239,
1.3275,-0.0027823360,
1.32775,-0.0092609888,
1.328,0.0021253554,
1.32825,0.0113585871,
1.3285,-0.0047194492,
1.32875,-0.0094771609,
1.329,0.0032958388,
1.32925,0.0088856574,
1.3295,-0.0027246885,
1.32975,0.0008040002,
1.33,0.0035303228,
1.33025,0.0068552345,
1.3305,-0.0026544724,
1.33075,0.0008470967,
1.331,0.0104517136,
1.33125,0.0093210936,
1.3315,0.0021652190,
1.33175,0.0001095861,
1.332,-0.0059326463,
1.33225,-0.0149241360,
1.3325,-0.0179269835,
1.33275,0.0085799750,
1.333,-0.0062693097,
1.33325,-0.0179447327,
1.3335,-0.0162193254,
1.33375,-0.0212577749,
1.334,-0.0219728071,
1.33425,-0.0286373701,
1.3345,-0.0018562647,
1.33475,0.0047130273,
1.335,-0.0099286176,
1.33525,-0.0002860476,
1.3355,0.0060059726,
1.33575,-0.0032536751,
1.336,-0.0034413831,
1.33625,-0.0023707116,
1.3365,-0.0009920767,
1.33675,-0.0069277883,
1.337,-0.0023168712,
1.33725,-0.0143942004,
1.3375,0.0018634098,
1.33775,-0.0095246574,
1.338,-0.0025695844,
1.33825,-0.0058151698,
1.3385,-0.0042855674,
1.33875,-0.0160012972,
1.339,-0.0112768160,
1.33925,0.0064747012,
1.3395,-0.0053915032,
1.33975,-0.0109818839,
1.34,0.0083292667,
1.34025,0.0065436731,
1.3405,-0.0129491445,
1.34075,-0.0022768416,
1.341,0.0197758693,
1.34125,-0.0046604550,
1.3415,-0.0116873579,
1.34175,0.0008493112,
1.342,-0.0013528662,
1.34225,-0.0142901875,
1.3425,-0.0051159733,
1.34275,0.0090684844,
1.343,-0.0101466347,
1.34325,-0.0110666174,
1.3435,-0.0118474253,
1.34375,-0.0175909661,
1.344,-0.0371408984,
1.34425,-0.0003804709,
1.3445,-0.0030425072,
1.34475,-0.0020398151,
1.345,-0.0072096661,
1.34525,0.0085691139,
1.3455,-0.0037336922,
1.34575,-0.0016543576,
1.346,0.0025611839,
1.34625,-0.0017256318,
1.3465,0.0051248223,
1.34675,0.0024729313,
1.347,-0.0016946325,
1.34725,-0.0015509634,
1.3475,-0.0035552243,
1.34775,0.0020527027,
1.348,0.0051023792,
1.34825,-0.0017461418,
1.3485,-0.0021003571,
1.34875,-0.0012377074,
1.349,0.0041078343,
1.34925,0.0083173458,
1.3495,-0.0011138389,
1.34975,0.0092100799,
1.35,0.0085291425,
1.35025,0.0031539910,
1.3505,-0.0004929946,
1.35075,0.0116897728,
1.351,0.0132200876,
1.35125,-0.0052390429,
1.3515,0.0007232009,
1.35175,0.0019349304,
1.352,-0.0095364153,
1.35225,-0.0083492156,
1.3525,0.0131305084,
1.35275,-0.0053984281,
1.353,-0.0178326853,
1.35325,-0.0108240154,
1.3535,-0.0014051866,
1.35375,-0.0176408216,
1.354,-0.0158403963,
1.35425,0.0109041939,
1.3545,0.0121662812,
1.35475,0.0046385806,
1.355,0.0074527222,
1.35525,0.0166338142,
1.3555,0.0145606874,
1.35575,-0.0078686932,
1.356,0.0060388176,
1.35625,0.0108563229,
1.3565,0.0015378704,
1.35675,-0.0036912588,
1.357,-0.0069449404,
1.35725,0.0146277975,
1.3575,-0.0004179346,
1.35775,0.0028256630,
1.358,0.0113483556,
1.35825,0.0071629193,
1.3585,-0.0062557794,
1.35875,0.0129440157,
1.359,0.0182788223,
1.35925,0.0142607475,
1.3595,0.0086527290,
1.35975,0.0216949824,
1.36,0.0126266088,
1.36025,0.0006595313,
1.3605,0.0016483471,
1.36075,0.0171921011,
1.361,0.0026237057,
1.36125,0.0057220329,
1.3615,-0.0016716658,
1.36175,0.0025554325,
1.362,0.0040917462,
1.36225,0.0089537650,
1.3625,0.0091420766,
1.36275,0.0047061564,
1.363,-0.0021049615,
1.36325,-0.0041983505,
1.3635,-0.0162242465,
1.36375,-0.0184341427,
1.364,-0.0101076458,
1.36425,0.0071572037,
1.3645,0.0169813465,
1.36475,0.0009357189,
1.365,0.0091760522,
1.36525,0.0143748475,
1.3655,0.0061931130,
1.36575,-0.0056552850,
1.366,0.0107863061,
1.36625,0.0142736230,
1.3665,0.0024237311,
1.36675,-0.0084592048,
1.367,0.0143418359,
1.36725,-0.0061651482,
1.3675,-0.0030310866,
1.36775,-0.0009891784,
1.368,0.0059359204,
1.36825,0.0007145457,
1.3685,0.0008775324,
1.36875,0.0120248348,
1.369,0.0080817882,
1.36925,-0.0001879717,
1.3695,0.0087980125,
1.36975,0.0057765571,
1.37,0.0119964136,
1.37025,-0.0016867452,
1.3705,0.0125647532,
1.37075,0.0152151799,
1.371,0.0042420272,
1.37125,0.0064956839,
1.3715,-0.0109053496,
1.37175,-0.0049169264,
1.372,0.0024572716,
1.37225,-0.0000522429,
1.3725,-0.0068056602,
1.37275,-0.0160015840,
1.373,-0.0098779881,
1.37325,0.0006855443,
1.3735,-0.0103577171,
1.37375,-0.0194222536,
1.374,0.0136153754,
1.37425,0.0085849371,
1.3745,0.0059950016,
1.37475,0.0080733802,
1.375,0.0033555236,
1.37525,0.0006201980,
1.3755,-0.0103443414,
1.37575,0.0050495653,
1.376,-0.0021575515,
1.37625,-0.0011031122,
1.3765,-0.0056461017,
1.37675,-0.0049844040,
1.377,0.0029945057,
1.37725,0.0005053955,
1.3775,-0.0055389414,
1.37775,-0.0108651128,
1.378,0.0038534752,
1.37825,-0.0089628380,
1.3785,-0.0029892616,
1.37875,0.0069047827,
1.379,0.0173059776,
1.37925,-0.0057553453,
1.3795,0.0013081048,
1.37975,0.0211118422,
1.38,-0.0040661693,
1.38025,-0.0109732132,
1.3805,0.0078818398,
1.38075,0.0082380092,
1.381,-0.0054298360,
1.38125,-0.0128869535,
1.3815,0.0032236832,
1.38175,0.0045302687,
1.382,-0.0076045599,
1.38225,0.0092482343,
1.3825,0.0016012427,
1.38275,-0.0188794620,
1.383,-0.0034759331,
1.38325,-0.0206537936,
1.3835,-0.0093906531,
1.38375,0.0049071843,
1.384,0.0141568575,
1.38425,0.0086207995,
1.3845,0.0057368316,
1.38475,0.0046082316,
1.385,0.0192537364,
1.38525,0.0022444678,
1.3855,-0.0026298745,
1.38575,0.0072031845,
1.386,0.0069861030,
1.38625,0.0056159990,
1.3865,-0.0001575810,
1.38675,-0.0001436564,
1.387,0.0035953559,
1.38725,-0.0000255828,
1.3875,-0.0039275787,
1.38775,0.0046397005,
1.388,0.0031776843,
1.38825,0.0003197322,
1.3885,0.0000570466,
1.38875,0.0046198857,
1.389,0.0124111306,
1.38925,0.0034326026,
1.3895,0.0175349303,
1.38975,0.0116298217,
1.39,-0.0025652549,
1.39025,0.0139031829,
1.3905,0.0249982290,
1.39075,0.0107473927,
1.391,-0.0035566788,
1.39125,-0.0102381911,
1.3915,-0.0014039542,
1.39175,-0.0017960136,
1.392,0.0045874338,
1.39225,-0.0041350638,
1.3925,-0.0022852072,
1.39275,-0.0021856918,
1.393,-0.0037790970,
1.39325,-0.0013446719,
1.3935,-0.0060503669,
1.39375,0.0107435454,
1.394,0.0128302034,
1.39425,0.0076230457,
1.3945,-0.0015453422,
1.39475,0.0094720051,
1.395,0.0007469812,
1.39525,0.0097767916,
1.3955,0.0044687418,
1.39575,0.0026073698,
1.396,0.0182470139,
1.39625,-0.0083312383,
1.3965,0.0068969447,
1.39675,0.0087166661,
1.397,0.0071277721,
1.39725,-0.0098295966,
1.3975,-0.0077427230,
1.39775,-0.0030112921,
1.398,-0.0045780656,
1.39825,-0.0026661588,
1.3985,0.0148401484,
1.39875,0.0185261797,
1.399,0.0015038783,
1.39925,0.0108002825,
1.3995,0.0133415489,
1.39975,0.0031791949,
1.4,0.0049651032,
1.40025,0.0026191424,
1.4005,0.0020394535,
1.40075,-0.0007375428,
1.401,-0.0136975423,
1.40125,-0.0010299914,
1.4015,0.0010688883,
1.40175,-0.0113324998,
1.402,-0.0047069923,
1.40225,-0.0109026637,
1.4025,-0.0134786461,
1.40275,-0.0301192813,
1.403,-0.0085703740,
1.40325,-0.0045507140,
1.4035,-0.0050426642,
1.40375,-0.0008131000,
1.404,0.0076335948,
1.40425,0.0052796742,
1.4045,-0.0037138907,
1.40475,0.0182015281,
1.405,0.0103245806,
1.40525,-0.0085752457,
1.4055,-0.0071098125,
1.40575,0.0137845566,
1.406,-0.0145217553,
1.40625,-0.0145407021,
1.4065,-0.0114355991,
1.40675,0.0048874994,
1.407,-0.0169718061,
1.40725,-0.0152037162,
1.4075,0.0010018526,
1.40775,-0.0023398059,
1.408,-0.0076474417,
1.40825,-0.0016555302,
1.4085,0.0047863959,
1.40875,0.0020653596,
1.409,-0.0012579997,
1.40925,0.0013374367,
1.4095,-0.0032330551,
1.40975,-0.0049939770,
1.41,-0.0032111420,
1.41025,0.0049740328,
1.4105,0.0039886986,
1.41075,-0.0251441244,
1.411,-0.0259713084,
1.41125,0.0027063719,
1.4115,-0.0066737290,
1.41175,-0.0148484595,
1.412,-0.0164376367,
1.41225,-0.0043662991,
1.4125,-0.0128507232,
1.41275,-0.0146632176,
1.413,-0.0206582434,
1.41325,-0.0124602625,
1.4135,-0.0050683003,
1.41375,0.0067304345,
1.414,0.0009310853,
1.41425,-0.0107497461,
1.4145,0.0031122020,
1.41475,-0.0047493950,
1.415,0.0064018229,
1.41525,-0.0191633664,
1.4155,-0.0032033760,
1.41575,-0.0075894729,
1.416,-0.0136648715,
1.41625,-0.0141530307,
1.4165,-0.0083280811,
1.41675,-0.0054882430,
1.417,-0.0128880925,
1.41725,-0.0189880207,
1.4175,-0.0071379207,
1.41775,0.0032994163,
1.418,-0.0200797040,
1.41825,-0.0057419594,
1.4185,0.0096499678,
1.41875,-0.0099800657,
1.419,-0.0219218992,
1.41925,0.0041514323,
1.4195,-0.0016294949,
1.41975,-0.0153795704,
1.42,-0.0030959155,
1.42025,0.0121731320,
1.4205,-0.0157689452,
1.42075,-0.0113055753,
1.421,0.0079651559,
1.42125,-0.0002028290,
1.4215,-0.0168859810,
1.42175,-0.0054885978,
1.422,-0.0002116947,
1.42225,-0.0103776520,
1.4225,-0.0324561074,
1.42275,0.0003776569,
1.423,-0.0058810310,
1.42325,-0.0037225171,
1.4235,0.0013874359,
1.42375,0.0086065698,
1.424,0.0015882638,
1.42425,0.0057731466,
1.4245,0.0078182239,
1.42475,0.0050001889,
1.425,-0.0112465359,
1.42525,-0.0010371699,
1.4255,-0.0033255750,
1.42575,-0.0076196291,
1.426,-0.0128998905,
1.42625,-0.0089194421,
1.4265,0.0096471030,
1.42675,-0.0072811381,
1.427,-0.0082364157,
1.42725,0.0021128375,
1.4275,0.0071838340,
1.42775,-0.0119877364,
1.428,-0.0078508444,
1.42825,0.0104523962,
1.4285,0.0086237602,
1.42875,-0.0062622591,
1.429,0.0055160346,
1.42925,0.0136078950,
1.4295,0.0043877717,
1.42975,0.0050994866,
1.43,0.0162336566,
1.43025,0.0147552714,
1.4305,-0.0154669136,
1.43075,-0.0121365599,
1.431,0.0234743357,
1.43125,-0.0124080218,
1.4315,-0.0134693254,
1.43175,-0.0046279309,
1.432,0.0101224808,
1.43225,-0.0068659401,
1.4325,-0.0083665876,
1.43275,-0.0010935289,
1.433,0.0023080108,
1.43325,0.0077579194,
1.4335,0.0044133877,
1.43375,0.0132533582,
1.434,0.0007019843,
1.43425,0.0058472673,
1.4345,0.0145988818,
1.43475,0.0082367836,
1.435,-0.0055054333,
1.43525,0.0070593795,
1.4355,-0.0028394267,
1.43575,-0.0037402911,
1.436,-0.0067894650,
1.43625,0.0014649762,
1.4365,-0.0005719096,
1.43675,-0.0036685497,
1.437,-0.0164660513,
1.43725,0.0093874075,
1.4375,-0.0005286105,
1.43775,-0.0106738862,
1.438,0.0079374136,
1.43825,0.0116148945,
1.4385,0.0043898583,
1.43875,-0.0092244325,
1.439,0.0166837089,
1.43925,0.0068852333,
1.4395,-0.0016600698,
1.43975,0.0061921217,
1.44,0.0109129418,
1.44025,-0.0063559292,
1.4405,-0.0098875314,
1.44075,0.0122628910,
1.441,0.0054941662,
1.44125,-0.0120688900,
1.4415,-0.0076236837,
1.44175,-0.0058737760,
1.442,-0.0051978701,
1.44225,-0.0278467089,
1.4425,-0.0029240933,
1.44275,0.0052311104,
1.443,0.0003679949,
1.44325,-0.0092428206,
1.4435,0.0138860475,
1.44375,-0.0023583358,
1.444,-0.0054037008,
1.44425,-0.0010574413,
1.4445,0.0052504372,
1.44475,-0.0077672997,
1.445,-0.0116026606,
1.44525,0.0032094375,
1.4455,0.0039431434,
1.44575,-0.0160141438,
1.446,-0.0028377734,
1.44625,0.0087116444,
1.4465,-0.0079967566,
1.44675,-0.0085806455,
1.447,0.0035680600,
1.44725,-0.0003807195,
1.4475,-0.0111285374,
1.44775,-0.0002007408,
1.448,0.0099302353,
1.44825,0.0075237150,
1.4485,-0.0018660094,
1.44875,0.0084214928,
1.449,0.0130768260,
1.44925,0.0045566615,
1.4495,-0.0094804224,
1.44975,0.0121238781,
1.45,0.0016742969,
1.45025,-0.0205523130,
1.4505,-0.0068595349,
1.45075,0.0047834506,
1.451,-0.0189590715,
1.45125,-0.0095366603,
1.4515,-0.0076889321,
1.45175,0.0063518896,
1.452,-0.0145062376,
1.45225,-0.0106228525,
1.4525,-0.0025247172,
1.45275,-0.0006190650,
1.453,-0.0062857075,
1.45325,-0.0073794811,
1.4535,0.0074715125,
1.45375,0.0009201666,
1.454,0.0019863828,
1.45425,0.0075009717,
1.4545,-0.0057306327,
1.45475,-0.0002234786,
1.455,0.0006443355,
1.45525,-0.0055727260,
1.4555,-0.0149000920,
1.45575,-0.0157470480,
1.456,-0.0094314516,
1.45625,-0.0064410572,
1.4565,-0.0014256277,
1.45675,-0.0259991828,
1.457,0.0010667200,
1.45725,0.0039273794,
1.4575,0.0027021996,
1.45775,-0.0045162197,
1.458,0.0201041289,
1.45825,0.0060101431,
1.4585,-0.0086602410,
1.45875,0.0090094460,
1.459,0.0168165099,
1.45925,0.0008627246,
1.4595,-0.0007652363,
1.45975,0.0128881345,
1.46,-0.0020191721,
1.46025,-0.0111245792,
1.4605,0.0134442188,
1.46075,-0.0013867054,
1.461,-0.0217468310,
1.46125,-0.0068655154,
1.4615,-0.0007345289,
1.46175,-0.0278424993,
1.462,-0.0294738840,
1.46225,-0.0013696718,
1.4625,0.0068218219,
1.46275,0.0060085682,
1.463,0.0015416769,
1.46325,0.0192004405,
1.4635,-0.0074861730,
1.46375,0.0044614486,
1.464,0.0060983105,
1.46425,0.0035319356,
1.4645,-0.0109298695,
1.46475,-0.0026013770,
1.465,0.0057254867,
1.46525,0.0066415556,
1.4655,-0.0084702242,
1.46575,0.0012990914,
1.466,0.0038548228,
1.46625,0.0017919610,
1.4665,-0.0067373589,
1.46675,-0.0044146748,
1.467,0.0089715477,
1.46725,0.0063566631,
1.4675,0.0038220575,
1.46775,0.0149810091,
1.468,0.0195810236,
1.46825,0.0067510963,
1.4685,0.0068779811,
1.46875,0.0214148127,
1.469,0.0090276180,
1.46925,0.0003127003,
1.4695,0.0183421765,
1.46975,0.0074989647,
1.47,-0.0099426592,
1.47025,0.0026979297,
1.4705,0.0104990052,
1.47075,0.0097406022,
1.471,-0.0057747327,
1.47125,0.0042705555,
1.4715,0.0083610639,
1.47175,-0.0063043339,
1.472,-0.0006641890,
1.47225,-0.0044008638,
1.4725,0.0110608051,
1.47275,-0.0112658367,
1.473,0.0110922679,
1.47325,0.0137126315,
1.4735,0.0141074751,
1.47375,0.0066609345,
1.474,0.0077564195,
1.47425,0.0031443068,
1.4745,0.0064557791,
1.47475,0.0003883592,
1.475,0.0007657916,
1.47525,-0.0091030113,
1.4755,0.0050014816,
1.47575,0.0054972987,
1.476,0.0059076836,
1.47625,0.0048822858,
1.4765,-0.0033712811,
1.47675,0.0063163606,
1.477,0.0242058393,
1.47725,0.0143957287,
1.4775,0.0085927332,
1.47775,0.0282086432,
1.478,0.0170590580,
1.47825,0.0010204006,
1.4785,0.0153262531,
1.47875,0.0249898247,
1.479,0.0042523076,
1.47925,0.0079790512,
1.4795,0.0123448949,
1.47975,-0.0037133386,
1.48,0.0124796862,
1.48025,0.0060774805,
1.4805,-0.0149433743,
1.48075,-0.0032623233,
1.481,-0.0129031288,
1.48125,0.0042147310,
1.4815,-0.0096421102,
1.48175,-0.0029162928,
1.482,-0.0012042313,
1.48225,0.0193475261,
1.4825,0.0210327394,
1.48275,0.0095919464,
1.483,0.0061432933,
1.48325,0.0100130551,
1.4835,-0.0025058109,
1.48375,0.0025658754,
1.484,0.0159462355,
1.48425,0.0006531941,
1.4845,0.0060289651,
1.48475,0.0096055176,
1.485,0.0180305894,
1.48525,-0.0081936419,
1.4855,0.0022247727,
1.48575,0.0134404143,
1.486,0.0195180979,
1.48625,-0.0054315524,
1.4865,0.0016409032,
1.48675,0.0177172367,
1.487,0.0103699882,
1.48725,0.0066177412,
1.4875,0.0184199270,
1.48775,0.0156431608,
1.488,0.0124069816,
1.48825,0.0058369548,
1.4885,0.0196743049,
1.48875,0.0070555219,
1.489,0.0175033771,
1.48925,0.0100682350,
1.4895,-0.0127590559,
1.48975,-0.0018557628,
1.49,-0.0041011996,
1.49025,0.0059895730,
1.4905,0.0101240408,
1.49075,-0.0169667993,
1.491,0.0014398715,
1.49125,-0.0075948071,
1.4915,-0.0042098109,
1.49175,-0.0207829252,
1.492,-0.0004400155,
1.49225,0.0070959693,
1.4925,-0.0160437226,
1.49275,0.0121844513,
1.493,0.0053684949,
1.49325,0.0027623866,
1.4935,0.0037325183,
1.49375,0.0021228639,
1.494,-0.0044123763,
1.49425,0.0018711860,
1.4945,-0.0119942660,
1.49475,-0.0042554098,
1.495,-0.0149750011,
1.49525,0.0022378026,
1.4955,-0.0053938944,
1.49575,0.0090293642,
1.496,0.0039206003,
1.49625,-0.0090134004,
1.4965,-0.0045172609,
1.49675,0.0154747013,
1.497,0.0047897352,
1.49725,-0.0042056548,
1.4975,0.0133587625,
1.49775,0.0185253136,
1.498,-0.0049085543,
1.49825,0.0029847750,
1.4985,0.0186610315,
1.49875,0.0039984873,
1.499,-0.0114612151,
1.49925,0.0026377467,
1.4995,-0.0061743669,
1.49975,-0.0114642931,
1.5,-0.0170767903,
1.50025,-0.0094541069,
1.5005,-0.0116554564,
1.50075,-0.0113239400,
1.501,-0.0008148130,
1.50125,-0.0176356118,
1.5015,-0.0126506314,
1.50175,-0.0040685013,
1.502,0.0176935121,
1.50225,0.0006772693,
1.5025,0.0031651370,
1.50275,-0.0087786140,
1.503,0.0073484154,
1.50325,-0.0078379884,
1.5035,0.0056020683,
1.50375,0.0049371016,
1.504,-0.0032671294,
1.50425,0.0038689477,
1.5045,0.0078196786,
1.50475,-0.0090295840,
1.505,-0.0142171243,
1.50525,-0.0040123141,
1.5055,0.0047933813,
1.50575,0.0078333346,
1.506,-0.0120041594,
1.50625,-0.0010199648,
1.5065,0.0074570677,
1.50675,0.0040173656,
1.507,-0.0021690624,
1.50725,0.0064304499,
1.5075,0.0138045559,
1.50775,0.0016359129,
1.508,-0.0063245255,
1.50825,0.0069103148,
1.5085,0.0061472668,
1.50875,0.0043183463,
1.509,-0.0035801996,
1.50925,-0.0123535302,
1.5095,-0.0028771732,
1.50975,-0.0128728319,
1.51,0.0057752007,
1.51025,0.0098177968,
1.5105,-0.0124728233,
1.51075,0.0009032669,
1.511,-0.0242722984,
1.51125,-0.0117279682,
1.5115,-0.0282086022,
1.51175,-0.0042225523,
1.512,-0.0025113893,
1.51225,-0.0034489597,
1.5125,-0.0012445742,
1.51275,0.0030544004,
1.513,0.0037940338,
1.51325,0.0080885794,
1.5135,0.0005337112,
1.51375,0.0068175476,
1.514,0.0080777649,
1.51425,-0.0017058258,
1.5145,-0.0101159122,
1.51475,0.0030895816,
1.515,0.0009911013,
1.51525,-0.0162022598,
1.5155,0.0055119172,
1.51575,-0.0051752273,
1.516,-0.0041767210,
1.51625,-0.0067917015,
1.5165,0.0137049481,
1.51675,0.0052762823,
1.517,0.0068875840,
1.51725,0.0194571018,
1.5175,0.0094455425,
1.51775,-0.0024940171,
1.518,0.0045610215,
1.51825,0.0091033280,
1.5185,0.0087377587,
1.51875,-0.0121389003,
1.519,-0.0037150269,
1.51925,-0.0078073349,
1.5195,-0.0012147144,
1.51975,-0.0135505749,
1.52,0.0040109730,
1.52025,0.0076709744,
1.5205,0.0048996881,
1.52075,-0.0184847806,
1.521,-0.0174125601,
1.52125,-0.0117108868,
1.5215,-0.0117140375,
1.52175,0.0072273728,
1.522,0.0085598389,
1.52225,0.0017090938,
1.5225,0.0035762368,
1.52275,0.0132122068,
1.523,0.0085909823,
1.52325,-0.0027645121,
1.5235,0.0017673125,
1.52375,0.0114994636,
1.524,-0.0076990565,
1.52425,-0.0026597776,
1.5245,-0.0120294970,
1.52475,-0.0047023236,
1.525,-0.0055129118,
1.52525,0.0067000086,
1.5255,0.0041315700,
1.52575,-0.0063661421,
1.526,-0.0023725696,
1.52625,0.0089861695,
1.5265,0.0015096474,
1.52675,-0.0015134183,
1.527,0.0068732211,
1.52725,0.0044049411,
1.5275,-0.0056501608,
1.52775,0.0001764030,
1.528,-0.0034878142,
1.52825,0.0110592060,
1.5285,0.0004983684,
1.52875,-0.0148642026,
1.529,-0.0063155275,
1.52925,-0.0059002610,
1.5295,-0.0092984401,
1.52975,-0.0045520212,
1.53,-0.0103799403,
1.53025,-0.0285123680,
1.5305,-0.0272123925,
1.53075,-0.0150267398,
1.531,-0.0189532395,
1.53125,-0.0381398238,
1.5315,-0.0103760455,
1.53175,-0.0026650352,
1.532,0.0045566219,
1.53225,-0.0099338163,
1.5325,0.0066118180,
1.53275,0.0112796500,
1.533,-0.0015929006,
1.53325,-0.0112517783,
1.5335,0.0063471268,
1.53375,-0.0069243247,
1.534,-0.0045620739,
1.53425,-0.0217818934,
1.5345,-0.0009248498,
1.53475,-0.0099664684,
1.535,-0.0094880052,
1.53525,-0.0076840073,
1.5355,-0.0107868314,
1.53575,-0.0027350197,
1.536,-0.0202313550,
1.53625,0.0045921099,
1.5365,0.0104533965,
1.53675,-0.0085035041,
1.537,-0.0050753583,
1.53725,0.0104717547,
1.5375,-0.0079717841,
1.53775,-0.0171364564,
1.538,0.0069627510,
1.53825,-0.0014490418,
1.5385,-0.0188997164,
1.53875,-0.0190387499,
1.539,-0.0035732288,
1.53925,-0.0147008700,
1.5395,-0.0194876976,
1.53975,0.0044552055,
1.54,-0.0061922036,
1.54025,-0.0140379071,
1.5405,-0.0299276710,
1.54075,-0.0156689920,
1.541,-0.0431531891,
1.54125,-0.0166433379,
1.5415,0.0062848041,
1.54175,0.0045652697,
1.542,-0.0094301011,
1.54225,-0.0019348348,
1.5425,0.0076956213,
1.54275,0.0007769794,
1.543,-0.0053143166,
1.54325,-0.0068342225,
1.5435,0.0024346497,
1.54375,-0.0072080460,
1.544,-0.0158086605,
1.54425,-0.0128317149,
1.5445,-0.0008463288,
1.54475,-0.0053551495,
1.545,-0.0065610320,
1.54525,-0.0107534593,
1.5455,0.0101691708,
1.54575,-0.0068301670,
1.546,-0.0032135420,
1.54625,0.0091835745,
1.5465,-0.0013914998,
1.54675,-0.0037501277,
1.547,0.0058461963,
1.54725,0.0051535643,
1.5475,-0.0023593029,
1.54775,-0.0034123301,
1.548,0.0136434268,
1.54825,-0.0074744155,
1.5485,-0.0144657763,
1.54875,-0.0047783153,
1.549,-0.0056675351,
1.54925,-0.0149457427,
1.5495,-0.0046333335,
1.54975,-0.0153292697,
1.55,-0.0206509996,
1.55025,-0.0197278112,
1.5505,0.0055237995,
1.55075,-0.0099452138,
1.551,-0.0238851067,
1.55125,0.0103374003,
1.5515,0.0048151095,
1.55175,0.0110337529,
1.552,0.0011627020,
1.55225,0.0166947693,
1.5525,0.0190699883,
1.55275,-0.0020177914,
1.553,0.0051530772,
1.55325,0.0081333192,
1.5535,0.0106930025,
1.55375,0.0112250270,
1.554,-0.0062526180,
1.55425,0.0202053227,
1.5545,0.0021952027,
1.55475,0.0039160978,
1.555,-0.0031114556,
1.55525,0.0059347749,
1.5555,-0.0069500688,
1.55575,-0.0001133366,
1.556,0.0113694649,
1.55625,0.0185137559,
1.5565,0.0086128414,
1.55675,0.0030804856,
1.557,0.0239924323,
1.55725,0.0113867354,
1.5575,-0.0001541311,
1.55775,0.0163844079,
1.558,0.0036845198,
1.55825,-0.0003160130,
1.5585,-0.0060888915,
1.55875,0.0057895649,
1.559,0.0035304627,
1.55925,-0.0059279483,
1.5595,0.0087582571,
1.55975,0.0052216374,
1.56,-0.0103866421,
1.56025,-0.0159199685,
1.5605,-0.0096489098,
1.56075,-0.0114073362,
1.561,0.0055740168,
1.56125,0.0060938429,
1.5615,0.0192811582,
1.56175,0.0097776912,
1.562,0.0061347606,
1.56225,0.0174589530,
1.5625,0.0244276561,
1.56275,-0.0002211231,
1.563,0.0053972374,
1.56325,0.0195493456,
1.5635,0.0101095056,
1.56375,-0.0158375483,
1.564,0.0097748414,
1.56425,0.0060487748,
1.5645,-0.0101221614,
1.56475,-0.0029588211,
1.565,-0.0063231937,
1.56525,0.0108589847,
1.5655,-0.0061103557,
1.56575,0.0007240669,
1.566,0.0040944037,
1.56625,0.0089858966,
1.5665,-0.0018169410,
1.56675,0.0176248048,
1.567,0.0047731022,
1.56725,0.0007008092,
1.5675,0.0020301472,
1.56775,0.0097144507,
1.568,0.0038655766,
1.56825,0.0006320435,
1.5685,-0.0116216261,
1.56875,-0.0098057659,
1.569,-0.0073597413,
1.56925,-0.0043479474,
1.5695,-0.0079846112,
1.56975,-0.0086274762,
1.57,-0.0105862394,
1.57025,0.0045595663,
1.5705,-0.0091128489,
1.57075,-0.0128240092,
1.571,0.0062864143,
1.57125,0.0157258250,
1.5715,0.0142726395,
1.57175,0.0051610363,
1.572,0.0100009553,
1.57225,0.0167125724,
1.5725,0.0045752251,
1.57275,0.0088542197,
1.573,0.0001737099,
1.57325,0.0146268643,
1.5735,-0.0067558400,
1.57375,-0.0012960015,
1.574,0.0026113356,
1.57425,0.0049963240,
1.5745,0.0018244043,
1.57475,-0.0221562386,
1.575,0.0000438306,
1.57525,-0.0006028967,
1.5755,0.0039337259,
1.57575,0.0007120171,
1.576,0.0193754882,
1.57625,0.0091543999,
1.5765,-0.0094896574,
1.57675,0.0133924615,
1.577,0.0104823718,
1.57725,-0.0048181540,
1.5775,-0.0023097401,
1.57775,0.0073779705,
1.578,-0.0025671651,
1.57825,-0.0140562700,
1.5785,0.0138538964,
1.57875,0.0056848964,
1.579,-0.0077352836,
1.57925,0.0041335989,
1.5795,-0.0002763665,
1.57975,-0.0247400552,
1.58,-0.0254052132,
1.58025,-0.0068000336,
1.5805,-0.0003919010,
1.58075,0.0066077337,
1.581,0.0074163959,
1.58125,0.0170898177,
1.5815,0.0101231709,
1.58175,0.0107088462,
1.582,0.0232031234,
1.58225,0.0167782865,
1.5825,0.0107714552,
1.58275,0.0008544472,
1.583,0.0186169408,
1.58325,0.0060303500,
1.5835,-0.0059719980,
1.58375,-0.0032195784,
1.584,0.0109644970,
1.58425,0.0078695538,
1.5845,-0.0172643214,
1.58475,-0.0007446960,
1.585,0.0102192517,
1.58525,0.0110491756,
1.5855,-0.0024983138,
1.58575,0.0054610851,
1.586,0.0242601223,
1.58625,0.0033274631,
1.5865,0.0067358017,
1.58675,0.0189867150,
1.587,0.0052869674,
1.58725,0.0033180460,
1.5875,0.0251905154,
1.58775,0.0184385087,
1.588,0.0055119465,
1.58825,-0.0072813178,
1.5885,0.0052252430,
1.58875,0.0072364877,
1.589,0.0028580059,
1.58925,0.0016926988,
1.5895,0.0091703571,
1.58975,0.0058365939,
1.59,0.0007503774,
1.59025,-0.0065536937,
1.5905,-0.0038111778,
1.59075,0.0077118622,
1.591,0.0189132076,
1.59125,0.0158392508,
1.5915,0.0135454498,
1.59175,0.0225379094,
1.592,0.0152333882,
1.59225,0.0225411337,
1.5925,0.0050854892,
1.59275,0.0046732598,
1.593,0.0275240019,
1.59325,-0.0075912271,
1.5935,0.0139578050,
1.59375,0.0082200170,
1.594,0.0092654759,
1.59425,-0.0011660672,
1.5945,-0.0083897058,
1.59475,0.0034301532,
1.595,0.0107305180,
1.59525,-0.0025670438,
1.5955,-0.0031785576,
1.59575,0.0230415557,
1.596,0.0075950259,
1.59625,0.0028210608,
1.5965,0.0063788122,
1.59675,0.0194717404,
1.597,0.0037644496,
1.59725,0.0046951063,
1.5975,0.0201331601,
1.59775,0.0064993980,
1.598,0.0000938608,
1.59825,0.0050262311,
1.5985,0.0038131899,
1.59875,0.0002316683,
1.599,-0.0068810238,
1.59925,-0.0059532537,
1.5995,-0.0048727505,
1.59975,-0.0071708816,
1.6,-0.0128140571,
1.60025,0.0140584074,
1.6005,0.0022333532,
1.60075,-0.0028605415,
1.601,0.0095596304,
1.60125,0.0119409515,
1.6015,0.0016300367,
1.60175,0.0075875451,
1.602,0.0130849909,
1.60225,0.0015057598,
1.6025,-0.0089131286,
1.60275,0.0102264304,
1.603,0.0006479534,
1.60325,-0.0128581291,
1.6035,-0.0173548944,
1.60375,0.0036252271,
1.604,-0.0059025199,
1.60425,-0.0263217241,
1.6045,-0.0053754812,
1.60475,0.0075509730,
1.605,-0.0042703380,
1.60525,-0.0052654762,
1.6055,0.0002628704,
1.60575,0.0088826083,
1.606,-0.0032972612,
1.60625,-0.0033785915,
1.6065,0.0080681592,
1.60675,-0.0014693831,
1.607,-0.0021626740,
1.60725,0.0054513705,
1.6075,0.0039926991,
1.60775,-0.0095201712,
1.608,-0.0221617110,
1.60825,-0.0045263693,
1.6085,0.0095929792,
1.60875,-0.0179388355,
1.609,-0.0149899991,
1.60925,0.0009875944,
1.6095,-0.0033555762,
1.60975,-0.0234949421,
1.61,-0.0183026530,
1.61025,0.0004929991,
1.6105,-0.0100637125,
1.61075,0.0000164477,
1.611,-0.0065925801,
1.61125,-0.0048117805,
1.6115,0.0045112539,
1.61175,-0.0042352383,
1.612,0.0026506516,
1.61225,-0.0086996602,
1.6125,-0.0075927773,
1.61275,-0.0027867821,
1.613,-0.0136020230,
1.61325,-0.0084697455,
1.6135,-0.0077522970,
1.61375,-0.0048824283,
1.614,-0.0120031182,
1.61425,-0.0203441624,
1.6145,-0.0198421460,
1.61475,0.0074025905,
1.615,-0.0159085654,
1.61525,-0.0137609653,
1.6155,-0.0002414076,
1.61575,0.0137828756,
1.616,-0.0185046922,
1.61625,-0.0059165410,
1.6165,0.0145176817,
1.61675,-0.0059055081,
1.617,-0.0196538195,
1.61725,0.0146050928,
1.6175,-0.0006023566,
1.61775,-0.0214111730,
1.618,-0.0042794244,
1.61825,0.0060514258,
1.6185,-0.0198881589,
1.61875,-0.0140632680,
1.619,0.0014749765,
1.61925,-0.0063374117,
1.6195,-0.0240898542,
1.61975,-0.0132021960,
1.62,0.0012724174,
1.62025,-0.0136697954,
1.6205,-0.0070922873,
1.62075,-0.0006211840,
1.621,0.0023048206,
1.62125,-0.0040220791,
1.6215,0.0028125374,
1.62175,0.0008383173,
1.622,0.0007586877,
1.62225,-0.0036277031,
1.6225,-0.0017607003,
1.62275,-0.0062230425,
1.623,-0.0134584662,
1.62325,-0.0097944103,
1.6235,0.0068240049,
1.62375,-0.0124181481,
1.624,-0.0071187979,
1.62425,-0.0130944243,
1.6245,0.0145882629,
1.62475,0.0086543746,
1.625,-0.0067648627,
1.62525,0.0090713119,
1.6255,0.0176127590,
1.62575,0.0022189147,
1.626,0.0006874046,
1.62625,0.0157229770,
1.6265,0.0128129981,
1.62675,-0.0039271070,
1.627,0.0071181473,
1.62725,0.0121776070,
1.6275,-0.0107824001,
1.62775,-0.0153881973,
1.628,0.0157028846,
1.62825,0.0092305234,
1.6285,-0.0093897982,
1.62875,0.0011024399,
1.629,-0.0023938522,
1.62925,-0.0112350713,
1.6295,-0.0206083432,
1.62975,0.0028399597,
1.63,0.0073643234,
1.63025,0.0025097097,
1.6305,-0.0014978237,
1.63075,0.0115050171,
1.631,0.0081624985,
1.63125,0.0064159464,
1.6315,0.0085676359,
1.63175,0.0019378256,
1.632,0.0023225304,
1.63225,0.0048552458,
1.6325,-0.0024040507,
1.63275,0.0004327132,
1.633,-0.0069846092,
1.63325,0.0022685470,
1.6335,0.0048231734,
1.63375,-0.0042473706,
1.634,-0.0079281544,
1.63425,0.0021357629,
1.6345,0.0184848160,
1.63475,0.0058642738,
1.635,0.0037674666,
1.63525,0.0163313150,
1.6355,0.0114608575,
1.63575,-0.0060995379,
1.636,0.0077931471,
1.63625,0.0130459182,
1.6365,0.0088656023,
1.63675,0.0002424960,
1.637,0.0109581789,
1.63725,0.0015090307,
1.6375,0.0045312815,
1.63775,-0.0014402752,
1.638,0.0071884645,
1.63825,-0.0038464458,
1.6385,-0.0034136360,
1.63875,-0.0123988483,
1.639,-0.0032499335,
1.63925,-0.0278313942,
1.6395,-0.0043545570,
1.63975,-0.0014575301,
1.64,0.0082116164,
1.64025,-0.0022448006,
1.6405,0.0058312006,
1.64075,0.0011265993,
1.641,-0.0093000531,
1.64125,-0.0022981758,
1.6415,0.0027596387,
1.64175,0.0080719478,
1.642,-0.0095557496,
1.64225,-0.0092457477,
1.6425,0.0129935686,
1.64275,-0.0044809566,
1.643,-0.0061788419,
1.64325,0.0142963175,
1.6435,-0.0023515841,
1.64375,-0.0074891197,
1.644,-0.0067677358,
1.64425,0.0044358037,
1.6445,0.0016013661,
1.64475,-0.0092410147,
1.645,0.0088841300,
1.64525,0.0062682303,
1.6455,-0.0029246258,
1.64575,0.0059615034,
1.646,0.0060862806,
1.64625,0.0108091952,
1.6465,-0.0086050536,
1.64675,0.0005085769,
1.647,-0.0005878526,
1.64725,-0.0183747839,
1.6475,-0.0126143657,
1.64775,0.0032152177,
1.648,0.0041243518,
1.64825,-0.0126479287,
1.6485,-0.0171327256,
1.64875,-0.0086869961,
1.649,-0.0073691811,
1.64925,-0.0151857864,
1.6495,-0.0068006348,
1.64975,0.0081682233,
1.65,-0.0038052900,
1.65025,-0.0078289649,
1.6505,0.0047795950,
1.65075,0.0082141822,
1.651,-0.0150199253,
1.65125,-0.0008125704,
1.6515,-0.0018631073,
1.65175,-0.0148798097,
1.652,0.0038653323,
1.65225,-0.0105317160,
1.6525,-0.0104091298,
1.65275,-0.0042146812,
1.653,-0.0055206651,
1.65325,-0.0050400849,
1.6535,0.0003538914,
1.65375,-0.0190269146,
1.654,-0.0077517699,
1.65425,-0.0000911887,
1.6545,0.0089175841,
1.65475,-0.0083671203,
1.655,0.0041504768,
1.65525,0.0087909922,
1.6555,-0.0084187863,
1.65575,-0.0113183875,
1.656,0.0182093251,
1.65625,0.0060495310,
1.6565,-0.0138149541,
1.65675,-0.0031175856,
1.657,-0.0025333599,
1.65725,-0.0096367281,
1.6575,-0.0088765351,
1.65775,0.0046013496,
1.658,-0.0095075360,
1.65825,-0.0140217412,
1.6585,-0.0035518468,
1.65875,-0.0089758225,
1.659,-0.0247879233,
1.65925,-0.0091954172,
1.6595,0.0109019512,
1.65975,0.0088073118,
1.66,-0.0054180613,
1.66025,0.0056487736,
1.6605,-0.0101357549,
1.66075,-0.0066686347,
1.661,-0.0067364210,
1.66125,0.0006154951,
1.6615,-0.0035135234,
1.66175,0.0034795410,
1.662,-0.0008270756,
1.66225,0.0102196215,
1.6625,-0.0011438096,
1.66275,-0.0132710058,
1.663,0.0059432671,
1.66325,-0.0022463538,
1.6635,-0.0007325532,
1.66375,-0.0107021648,
1.664,-0.0087467842,
1.66425,0.0137665225,
1.6645,0.0035208296,
1.66475,0.0089909565,
1.665,0.0212978180,
1.66525,0.0113240238,
1.6655,0.0029520011,
1.66575,0.0113016050,
1.666,0.0201303493,
1.66625,0.0059578451,
1.6665,0.0054426077,
1.66675,-0.0049386388,
1.667,-0.0128286313,
1.66725,-0.0012742535,
1.6675,0.0062354351,
1.66775,0.0122229094,
1.668,-0.0049036946,
1.66825,-0.0015897268,
1.6685,0.0096239923,
1.66875,-0.0068093608,
1.669,-0.0106617920,
1.66925,0.0050754752,
1.6695,0.0119442577,
1.66975,-0.0091691418,
1.67,0.0101725589,
1.67025,-0.0013928502,
1.6705,0.0105799083,
1.67075,-0.0064022541,
1.671,-0.0008743604,
1.67125,0.0044558849,
1.6715,0.0002385497,
1.67175,0.0020059911,
1.672,-0.0058909226,
1.67225,0.0030172032,
1.6725,0.0045763142,
1.67275,0.0008145822,
1.673,-0.0049976236,
1.67325,0.0124066342,
1.6735,-0.0106595885,
1.67375,0.0029577173,
1.674,0.0106851058,
1.67425,0.0148839504,
1.6745,0.0082072904,
1.67475,0.0126656527,
1.675,0.0234049186,
1.67525,0.0034860580,
1.6755,0.0060736430,
1.67575,0.0170190018,
1.676,0.0128580052,
1.67625,0.0063732131,
1.6765,-0.0047198301,
1.67675,-0.0036496201,
1.677,0.0020746698,
1.67725,0.0039074770,
1.6775,0.0009488426,
1.67775,0.0097043449,
1.678,0.0010416546,
1.67825,0.0041638585,
1.6785,-0.0213450473,
1.67875,-0.0001748574,
1.679,-0.0004610901,
1.67925,0.0131455231,
1.6795,0.0189914703,
1.67975,0.0156260375,
1.68,-0.0028311450,
1.68025,0.0036903194,
1.6805,0.0066024666,
1.68075,-0.0052836817,
1.681,0.0105745150,
1.68125,0.0098809423,
1.6815,0.0065752915,
1.68175,0.0005250597,
1.682,0.0069808820,
1.68225,-0.0137821166,
1.6825,-0.0085001811,
1.68275,0.0025925806,
1.683,0.0123974830,
1.68325,-0.0028246394,
1.6835,-0.0039962949,
1.68375,0.0161276329,
1.684,0.0078095449,
1.68425,0.0097979493,
1.6845,0.0099913906,
1.68475,0.0073295697,
1.685,0.0141465524,
1.68525,-0.0035640316,
1.6855,0.0072439755,
1.68575,0.0105831120,
1.686,0.0144112846,
1.68625,0.0053242818,
1.6865,-0.0237299502,
1.68675,-0.0066805626,
1.687,0.0119474921,
1.68725,-0.0016472645,
1.6875,0.0103328144,
1.68775,0.0001894493,
1.688,0.0037979532,
1.68825,-0.0119904149,
1.6885,-0.0021327273,
1.68875,-0.0141912745,
1.689,-0.0016013667,
1.68925,0.0084247272,
1.6895,0.0015416606,
1.68975,0.0008908191,
1.69,0.0051380582,
1.69025,0.0035676847,
1.6905,-0.0020695361,
1.69075,0.0054104417,
1.691,-0.0093363374,
1.69125,0.0062555810,
1.6915,-0.0123253670,
1.69175,-0.0071555707,
1.692,-0.0063481778,
1.69225,0.0064775655,
1.6925,-0.0061379820,
1.69275,-0.0038928567,
1.693,0.0030380832,
1.69325,0.0004988175,
1.6935,-0.0058041322,
1.69375,0.0062435404,
1.694,0.0201550014,
1.69425,-0.0034425855,
1.6945,0.0016296355,
1.69475,0.0124221407,
1.695,0.0032568849,
1.69525,-0.0101425396,
1.6955,-0.0016281871,
1.69575,0.0155776404,
1.696,-0.0069084326,
1.69625,-0.0196279306,
1.6965,0.0003894208,
1.69675,-0.0022890219,
1.697,-0.0196663942,
1.69725,-0.0008119951,
1.6975,0.0092027094,
1.69775,-0.0071738278,
1.698,-0.0138252890,
1.69825,-0.0185754970,
1.6985,0.0000789547,
1.69875,-0.0101999510,
1.699,0.0133415787,
1.69925,0.0089066532,
1.6995,0.0074836873,
1.69975,0.0030523445,
1.7,0.0112247337,
1.70025,0.0030479738,
1.7005,-0.0022098145,
1.70075,-0.0033847766,
1.701,0.0090352986,
1.70125,-0.0037909639,
1.7015,0.0025589650,
1.70175,-0.0124098836,
1.702,-0.0132422289,
1.70225,0.0021190648,
1.7025,-0.0113880085,
1.70275,0.0077422564,
1.703,-0.0035208664,
1.70325,-0.0050621224,
1.7035,-0.0050540781,
1.70375,0.0006809463,
1.704,0.0071156835,
1.70425,-0.0012075190,
1.7045,0.0090378067,
1.70475,0.0159675144,
1.705,-0.0024874602,
1.70525,0.0056135952,
1.7055,0.0179513227,
1.70575,0.0094388230,
1.706,-0.0084485011,
1.70625,-0.0168797988,
1.7065,0.0024985047,
1.70675,-0.0043875962,
1.707,-0.0086685251,
1.70725,0.0075359689,
1.7075,-0.0108745173,
1.70775,-0.0113239614,
1.708,-0.0174984969,
1.70825,-0.0003640499,
1.7085,-0.0208576843,
1.70875,-0.0052569378,
1.709,0.0053083692,
1.70925,0.0024334709,
1.7095,-0.0081998073,
1.70975,0.0018393612,
1.71,-0.0023279700,
1.71025,0.0125512984,
1.7105,-0.0115254521,
1.71075,-0.0037569411,
1.711,0.0109633943,
1.71125,-0.0047000637,
1.7115,-0.0121193696,
1.71175,0.0023432623,
1.712,0.0053998060,
1.71225,-0.0170060340,
1.7125,0.0013538552,
1.71275,-0.0058400230,
1.713,0.0064521395,
1.71325,-0.0174248572,
1.7135,0.0089931777,
1.71375,0.0108229667,
1.714,0.0016280771,
1.71425,0.0014960616,
1.7145,0.0050778729,
1.71475,0.0041078562,
1.715,-0.0021570353,
1.71525,0.0060570869,
1.7155,0.0121566821,
1.71575,-0.0068032374,
1.716,-0.0071886200,
1.71625,-0.0121375741,
1.7165,0.0011416365,
1.71675,-0.0172848292,
1.717,-0.0066629793,
1.71725,0.0048284223,
1.7175,0.0076310551,
1.71775,-0.0302679259,
1.718,-0.0158122052,
1.71825,-0.0038451022,
1.7185,-0.0119014904,
1.71875,0.0046512303,
1.719,0.0077163288,
1.71925,0.0083728954,
1.7195,-0.0007138265,
1.71975,0.0095903166,
1.72,0.0129814679,
1.72025,-0.0033068054,
1.7205,-0.0154091408,
1.72075,0.0136384126,
1.721,-0.0100241750,
1.72125,-0.0100176521,
1.7215,-0.0202746298,
1.72175,-0.0015186971,
1.722,-0.0128038609,
1.72225,-0.0086122621,
1.7225,0.0004186657,
1.72275,0.0004067965,
1.723,-0.0092415251,
1.72325,-0.0062403041,
1.7235,0.0106853331,
1.72375,0.0041331546,
1.724,-0.0004386139,
1.72425,0.0023438314,
1.7245,0.0018052320,
1.72475,-0.0048376080,
1.725,-0.0015987349,
1.72525,0.0045924746,
1.7255,0.0037737158,
1.72575,-0.0139739541,
1.726,-0.0152988741,
1.72625,0.0075203315,
1.7265,-0.0071717063,
1.72675,-0.0073236781,
1.727,-0.0074678902,
1.72725,-0.0085564218,
1.7275,-0.0081965812,
1.72775,-0.0144535499,
1.728,-0.0074517005,
1.72825,-0.0252273493,
1.7285,-0.0017984327,
1.72875,0.0025873606,
1.729,0.0066876980,
1.72925,-0.0039490741,
1.7295,0.0069539198,
1.72975,0.0143387243,
1.73,0.0168700255,
1.73025,-0.0066466732,
1.7305,0.0055580800,
1.73075,0.0028217931,
1.731,0.0005942335,
1.73125,-0.0165781826,
1.7315,-0.0015241823,
1.73175,-0.0007055613,
1.732,-0.0086046085,
1.73225,-0.0099884858,
1.7325,-0.0116621871,
1.73275,0.0062137516,
1.733,-0.0076321661,
1.73325,0.0007972953,
1.7335,0.0122061986,
1.73375,0.0090561202,
1.734,-0.0145745538,
1.73425,0.0059716874,
1.7345,0.0125368387,
1.73475,-0.0073383516,
1.735,-0.0003953962,
1.73525,0.0138415433,
1.7355,-0.0139283184,
1.73575,-0.0208924171,
1.736,0.0025257936,
1.73625,0.0112100421,
1.7365,-0.0186927821,
1.73675,-0.0040850164,
1.737,0.0085954554,
1.73725,-0.0072877258,
1.7375,-0.0338945463,
1.73775,-0.0058285864,
1.738,-0.0097241551,
1.73825,-0.0017746544,
1.7385,0.0037549052,
1.73875,0.0091129281,
1.739,0.0087597268,
1.73925,-0.0015787340,
1.7395,0.0158150606,
1.73975,0.0045034522,
1.74,-0.0030145370,
1.74025,-0.0012558263,
1.7405,-0.0009127433,
1.74075,0.0009741338,
1.741,-0.0097809825,
1.74125,-0.0172096882,
1.7415,0.0019889069,
1.74175,-0.0154511314,
1.742,-0.0075500854,
1.74225,-0.0205044113,
1.7425,0.0058081928,
1.74275,-0.0005490577,
1.743,-0.0113498094,
1.74325,-0.0033457070,
1.7435,0.0143030677,
1.74375,-0.0057471520,
1.744,-0.0033449950,
1.74425,0.0135697993,
1.7445,0.0070694266,
1.74475,-0.0079181883,
1.745,0.0066765402,
1.74525,0.0132637788,
1.7455,-0.0153895235,
1.74575,-0.0064507090,
1.746,0.0037682294,
1.74625,-0.0179338679,
1.7465,-0.0127752293,
1.74675,-0.0053398567,
1.747,-0.0001895411,
1.74725,-0.0123924501,
1.7475,-0.0120568452,
1.74775,0.0025583196,
1.748,-0.0172320213,
1.74825,-0.0003879121,
1.7485,0.0040597832,
1.74875,0.0127051100,
1.749,0.0062760124,
1.74925,0.0123342918,
1.7495,0.0149574820,
1.74975,0.0110348221,
1.75,-0.0006486051,
1.75025,0.0055785002,
1.7505,0.0000868788,
1.75075,-0.0021234606,
1.751,-0.0163886808,
1.75125,0.0046852864,
1.7515,0.0003270207,
1.75175,-0.0025872262,
1.752,-0.0192859601,
1.75225,0.0020279749,
1.7525,0.0072180037,
1.75275,-0.0050953645,
1.753,0.0087639848,
1.75325,0.0125391670,
1.7535,0.0092453156,
1.75375,-0.0036116454,
1.754,0.0164201260,
1.75425,0.0145296082,
1.7545,0.0066189603,
1.75475,0.0045970674,
1.755,0.0105705773,
1.75525,0.0031989180,
1.7555,-0.0026168781,
1.75575,0.0102326097,
1.756,0.0059773652,
1.75625,-0.0094280504,
1.7565,0.0001778406,
1.75675,-0.0042789937,
1.757,-0.0150470268,
1.75725,-0.0341891386,
1.7575,-0.0044555590,
1.75775,0.0031433553,
1.758,0.0209910031,
1.75825,0.0011110129,
1.7585,0.0181130432,
1.75875,0.0124907913,
1.759,0.0000122054,
1.75925,0.0071947556,
1.7595,0.0115823792,
1.75975,0.0046530422,
1.76,-0.0145126097,
1.76025,0.0056455908,
1.7605,0.0200325884,
1.76075,-0.0091168303,
1.761,-0.0124887601,
1.76125,0.0138232773,
1.7615,-0.0010921523,
1.76175,-0.0053944248,
1.762,-0.0124371219,
1.76225,0.0039670188,
1.7625,0.0038742288,
1.76275,0.0008800341,
1.763,0.0083618257,
1.76325,0.0192328002,
1.7635,0.0053354362,
1.76375,0.0104641644,
1.764,0.0156572722,
1.76425,0.0113802729,
1.7645,-0.0009442584,
1.76475,0.0147227617,
1.765,0.0137834987,
1.76525,-0.0074474909,
1.7655,-0.0060142111,
1.76575,-0.0043198192,
1.766,-0.0077549811,
1.76625,0.0036649434,
1.7665,-0.0024872478,
1.76675,0.0049417089,
1.767,0.0005380033,
1.76725,0.0010952073,
1.7675,-0.0102393785,
1.76775,-0.0035855221,
1.768,-0.0115455221,
1.76825,-0.0014747510,
1.7685,0.0131357349,
1.76875,0.0056103109,
1.769,0.0070656189,
1.76925,0.0100716576,
1.7695,0.0066004791,
1.76975,-0.0049314438,
1.77,0.0014590130,
1.77025,0.0069645518,
1.7705,-0.0039150869,
1.77075,-0.0036114152,
1.771,0.0054163947,
1.77125,0.0021319895,
1.7715,0.0086938860,
1.77175,-0.0191760454,
1.772,-0.0048333202,
1.77225,0.0043164277,
1.7725,0.0094867367,
1.77275,-0.0094286436,
1.773,0.0144548528,
1.77325,0.0171275195,
1.7735,-0.0017004509,
1.77375,0.0028880169,
1.774,0.0202122331,
1.77425,0.0079804780,
1.7745,-0.0056567877,
1.77475,0.0136333816,
1.775,0.0087837707,
1.77525,-0.0070788702,
1.7755,0.0019685782,
1.77575,0.0038218028,
1.776,-0.0146074230,
1.77625,-0.0142717026,
1.7765,0.0002341261,
1.77675,-0.0161652938,
1.777,-0.0220744517,
1.77725,-0.0081542805,
1.7775,0.0053440412,
1.77775,0.0012770505,
1.778,-0.0082600964,
1.77825,0.0084343944,
1.7785,0.0047871550,
1.77875,0.0001028042,
1.779,0.0091790920,
1.77925,0.0152664408,
1.7795,0.0021903887,
1.77975,0.0075761201,
1.78,0.0104309991,
1.78025,0.0109294839,
1.7805,-0.0089510968,
1.78075,-0.0066817906,
1.781,0.0029167952,
1.78125,0.0086236978,
1.7815,-0.0064170151,
1.78175,-0.0080413250,
1.782,0.0078392848,
1.78225,0.0122347083,
1.7825,0.0025834129,
1.78275,0.0068848915,
1.783,0.0270274058,
1.78325,0.0091528492,
1.7835,0.0008709403,
1.78375,0.0144068841,
1.784,0.0178252310,
1.78425,0.0036786282,
1.7845,0.0143910721,
1.78475,0.0122124562,
1.785,0.0016378213,
1.78525,-0.0060632061,
1.7855,0.0007270015,
1.78575,0.0167378932,
1.786,-0.0054505570,
1.78625,0.0008311094,
1.7865,0.0113837970,
1.78675,-0.0101950821,
1.787,-0.0104572587,
1.78725,-0.0107795177,
1.7875,0.0082783177,
1.78775,-0.0111652650,
1.788,0.0096216034,
1.78825,0.0140286833,
1.7885,0.0146187600,
1.78875,0.0145911854,
1.789,0.0139635066,
1.78925,0.0114999050,
1.7895,0.0166257247,
1.78975,0.0041703735,
1.79,0.0077916170,
1.79025,-0.0026001225,
1.7905,0.0075977081,
1.79075,0.0075696921,
1.791,0.0099507459,
1.79125,0.0137775801,
1.7915,-0.0026707230,
1.79175,0.0033875441,
1.792,0.0229616743,
1.79225,0.0088031422,
1.7925,-0.0013743071,
1.79275,0.0236094594,
1.793,0.0205237083,
1.79325,0.0100049200,
1.7935,0.0128494902,
1.79375,0.0190618914,
1.794,0.0174732972,
1.79425,-0.0001794291,
1.7945,0.0160871558,
1.79475,0.0030842973,
1.795,0.0007641264,
1.79525,0.0067274291,
1.7955,-0.0077152774,
1.79575,-0.0029742031,
1.796,-0.0024274776,
1.79625,-0.0019952240,
1.7965,-0.0032807915,
1.79675,0.0031820883,
1.797,-0.0153482044,
1.79725,0.0192193557,
1.7975,0.0070646461,
1.79775,0.0015975367,
1.798,0.0005796242,
1.79825,0.0177776404,
1.7985,0.0157044232,
1.79875,0.0044187140,
1.799,0.0149226477,
1.79925,0.0129071726,
1.7995,0.0013817718,
1.79975,0.0085929977,
1.8,0.0039871819,
1.80025,-0.0037231534,
1.8005,-0.0092361234,
1.80075,0.0125864837,
1.801,0.0164254624,
1.80125,-0.0056687640,
1.8015,-0.0034440034,
1.80175,0.0166287050,
1.802,0.0096152248,
1.80225,-0.0012980963,
1.8025,0.0034017367,
1.80275,0.0120149478,
1.803,0.0014213979,
1.80325,-0.0056828642,
1.8035,0.0123467660,
1.80375,0.0046534226,
1.804,0.0063730842,
1.80425,0.0042020679,
1.8045,-0.0159233510,
1.80475,-0.0088699302,
1.805,-0.0116622867,
1.80525,-0.0101253781,
1.8055,0.0113821728,
1.80575,-0.0123990243,
1.806,-0.0134899430,
1.80625,-0.0157414768,
1.8065,-0.0211800188,
1.80675,-0.0285931863,
1.807,-0.0187795870,
1.80725,0.0012946972,
1.8075,-0.0093413694,
1.80775,0.0014340458,
1.808,-0.0041681826,
1.80825,0.0023249171,
1.8085,-0.0002803733,
1.80875,-0.0014221398,
1.809,-0.0032761574,
1.80925,-0.0006718757,
1.8095,-0.0106700435,
1.80975,-0.0073714829,
1.81,-0.0138069931,
1.81025,-0.0004246763,
1.8105,-0.0172721017,
1.81075,-0.0094855782,
1.811,-0.0097039891,
1.81125,-0.0211103410,
1.8115,-0.0176280048,
1.81175,-0.0049096951,
1.812,-0.0085280295,
1.81225,-0.0082991915,
1.8125,-0.0091627901,
1.81275,0.0107731009,
1.813,-0.0093128821,
1.81325,-0.0120857162,
1.8135,0.0036084983,
1.81375,0.0086512379,
1.814,-0.0186784472,
1.81425,-0.0127465269,
1.8145,-0.0087937377,
1.81475,-0.0138846971,
1.815,-0.0239273310,
1.81525,-0.0072115404,
1.8155,-0.0115388213,
1.81575,-0.0174838156,
1.816,-0.0154442331,
1.81625,-0.0159699712,
1.8165,-0.0295999721,
1.81675,-0.0221174881,
1.817,0.0044945595,
1.81725,-0.0086409310,
1.8175,-0.0073849484,
1.81775,-0.0068638306,
1.818,-0.0016181717,
1.81825,-0.0094007105,
1.8185,-0.0045354934,
1.81875,-0.0025146783,
1.819,0.0000306981,
1.81925,-0.0078176446,
1.8195,0.0016918136,
1.81975,-0.0139117464,
1.82,-0.0021336116,
1.82025,-0.0060810363,
1.8205,-0.0029636964,
1.82075,0.0023232792,
1.821,-0.0110588921,
1.82125,-0.0068251044,
1.8215,-0.0082269954,
1.82175,0.0016618182,
1.822,-0.0012082987,
1.82225,-0.0049014771,
1.8225,0.0060408972,
1.82275,0.0078763776,
1.823,-0.0075037591,
1.82325,-0.0021925624,
1.8235,0.0149203697,
1.82375,0.0062648775,
1.824,-0.0176905468,
1.82425,-0.0000092127,
1.8245,-0.0044835270,
1.82475,-0.0228468291,
1.825,0.0009343078,
1.82525,0.0076778429,
1.8255,-0.0150955971,
1.82575,-0.0111292666,
1.826,-0.0156233385,
1.82625,-0.0078287078,
1.8265,-0.0279102996,
1.82675,-0.0102344565,
1.827,0.0085577127,
1.82725,-0.0022054038,
1.8275,-0.0048240740,
1.82775,0.0071898745,
1.828,0.0089654746,
1.82825,0.0043863053,
1.8285,-0.0040911012,
1.82875,0.0124309668,
1.829,0.0067063398,
1.82925,0.0043015201,
1.8295,-0.0050833821,
1.82975,0.0051011653,
1.83,0.0036766506,
1.83025,-0.0064640674,
1.8305,-0.0003051653,
1.83075,-0.0029077595,
1.831,-0.0043072398,
1.83125,-0.0104827378,
1.8315,0.0028927277,
1.83175,0.0099333609,
1.832,0.0031458761,
1.83225,0.0074688802,
1.8325,0.0178278759,
1.83275,0.0030753179,
1.833,0.0034134174,
1.83325,0.0157901756,
1.8335,0.0144579839,
1.83375,-0.0034684653,
1.834,0.0046162582,
1.83425,-0.0109245209,
1.8345,0.0068610995,
1.83475,-0.0120324139,
1.835,0.0091293305,
1.83525,0.0028835118,
1.8355,-0.0003170179,
1.83575,-0.0173879825,
1.836,-0.0098945471,
1.83625,-0.0229391232,
1.8365,-0.0184770823,
1.83675,-0.0015254157,
1.837,0.0108612431,
1.83725,0.0048614601,
1.8375,-0.0025741628,
1.83775,0.0054238979,
1.838,0.0103054717,
1.83825,-0.0066954764,
1.8385,-0.0018663935,
1.83875,0.0157604478,
1.839,0.0037538116,
1.83925,-0.0052686245,
1.8395,-0.0036262919,
1.83975,0.0099083390,
1.84,-0.0094704619,
1.84025,-0.0030876186,
1.8405,0.0012555065,
1.84075,0.0007169982,
1.841,-0.0082589909,
1.84125,-0.0011321901,
1.8415,0.0100007020,
1.84175,-0.0053225718,
1.842,0.0042477697,
1.84225,0.0094082933,
1.8425,0.0043834420,
1.84275,0.0051170471,
1.843,-0.0016171951,
1.84325,0.0101236627,
1.8435,0.0052468809,
1.84375,-0.0048456956,
1.844,-0.0001155135,
1.84425,-0.0148987714,
1.8445,-0.0079096463,
1.84475,0.0043463530,
1.845,-0.0030640126,
1.84525,-0.0163055565,
1.8455,-0.0135030495,
1.84575,-0.0057568378,
1.846,-0.0051201577,
1.84625,-0.0258491579,
1.8465,-0.0092714299,
1.84675,0.0070603294,
1.847,-0.0009926652,
1.84725,-0.0058592074,
1.8475,-0.0009741456,
1.84775,0.0034772700,
1.848,-0.0076869973,
1.84825,-0.0107519533,
1.8485,0.0070598638,
1.84875,-0.0060688248,
1.849,0.0048159421,
1.84925,-0.0187022481,
1.8495,0.0015618510,
1.84975,-0.0016749890,
1.85,-0.0060251686,
1.85025,-0.0108606257,
1.8505,-0.0056799408,
1.85075,-0.0068554897,
1.851,-0.0140781514,
1.85125,0.0047494327,
1.8515,0.0062072268,
1.85175,0.0053341496,
1.852,-0.0046872115,
1.85225,0.0134232659,
1.8525,0.0139447758,
1.85275,-0.0165221281,
1.853,0.0050229942,
1.85325,0.0098706260,
1.8535,-0.0081823226,
1.85375,-0.0068473374,
1.854,-0.0107069518,
1.85425,0.0038795485,
1.8545,-0.0122190248,
1.85475,-0.0031357154,
1.855,0.0081183519,
1.85525,-0.0153654711,
1.8555,-0.0125182616,
1.85575,-0.0175730828,
1.856,-0.0349461436,
1.85625,-0.0064011449,
1.8565,0.0018859119,
1.85675,0.0145395463,
1.857,-0.0027714355,
1.85725,-0.0020179378,
1.8575,0.0096040946,
1.85775,0.0053051841,
1.858,-0.0059153023,
1.85825,0.0021711795,
1.8585,0.0015150668,
1.85875,-0.0021910369,
1.859,-0.0081327381,
1.85925,-0.0060527637,
1.8595,-0.0008599053,
1.85975,-0.0066758180,
1.86,-0.0066982014,
1.86025,-0.0057637710,
1.8605,0.0094246343,
1.86075,-0.0039389180,
1.861,-0.0028298008,
1.86125,0.0023099829,
1.8615,0.0035026949,
1.86175,0.0021153248,
1.862,0.0070731696,
1.86225,0.0187535230,
1.8625,0.0007615255,
1.86275,-0.0030318743,
1.863,0.0156524833,
1.86325,0.0160041060,
1.8635,-0.0033975584,
1.86375,-0.0118198581,
1.864,-0.0057967845,
1.86425,-0.0041817864,
1.8645,-0.0036444063,
1.86475,0.0045020347,
1.865,-0.0114606088,
1.86525,-0.0081831776,
1.8655,-0.0013412933,
1.86575,-0.0034336026,
1.866,-0.0095933760,
1.86625,0.0014702263,
1.8665,0.0170171410,
1.86675,0.0043974495,
1.867,-0.0006446988,
1.86725,0.0043392396,
1.8675,0.0070308736,
1.86775,-0.0088911392,
1.868,0.0103112422,
1.86825,-0.0013110237,
1.8685,0.0061455467,
1.86875,0.0117326053,
1.869,-0.0058733583,
1.86925,0.0113273179,
1.8695,0.0100270584,
1.86975,0.0048748674,
1.87,-0.0115270037,
1.87025,0.0035811486,
1.8705,-0.0006622417,
1.87075,-0.0026447347,
1.871,0.0050285384,
1.87125,0.0180854388,
1.8715,0.0124995150,
1.87175,0.0023874517,
1.872,0.0113954693,
1.87225,0.0177486576,
1.8725,0.0018390913,
1.87275,0.0067690015,
1.873,0.0085647209,
1.87325,0.0038141271,
1.8735,-0.0051471307,
1.87375,-0.0008130266,
1.874,0.0042389375,
1.87425,0.0005964299,
1.8745,-0.0050888001,
1.87475,0.0060064201,
1.875,-0.0060221097,
1.87525,-0.0083358344,
1.8755,-0.0199340936,
1.87575,0.0004774959,
1.876,0.0136513952,
1.87625,0.0028263750,
1.8765,0.0157879256,
1.87675,0.0219471082,
1.877,0.0014339199,
1.87725,0.0143067250,
1.8775,0.0211968049,
1.87775,0.0080752866,
1.878,0.0028072996,
1.87825,0.0146923764,
1.8785,0.0220271572,
1.87875,-0.0081321485,
1.879,0.0083640134,
1.87925,0.0020189651,
1.8795,0.0014013994,
1.87975,-0.0060321898,
1.88,0.0066111931,
1.88025,0.0115305781,
1.8805,0.0022583504,
1.88075,0.0069801444,
1.881,0.0099196145,
1.88125,0.0180292819,
1.8815,0.0114497039,
1.88175,0.0120393289,
1.882,0.0196687430,
1.88225,0.0063554454,
1.8825,0.0057453457,
1.88275,0.0205221046,
1.883,0.0122060459,
1.88325,0.0124073923,
1.8835,-0.0133110536,
1.88375,-0.0125225633,
1.884,0.0180612002,
1.88425,0.0050921808,
1.8845,0.0042284802,
1.88475,0.0062316367,
1.885,0.0057190335,
1.88525,-0.0023564096,
1.8855,-0.0014686490,
1.88575,-0.0074269087,
1.886,0.0086940378,
1.88625,0.0090017347,
1.8865,0.0187072698,
1.88675,0.0096790362,
1.887,0.0029759828,
1.88725,0.0175454728,
1.8875,0.0119229956,
1.88775,0.0114769004,
1.888,-0.0044644699,
1.88825,0.0192315727,
1.8885,0.0094118146,
1.88875,-0.0002006340,
1.889,0.0039427164,
1.88925,0.0035091361,
1.8895,0.0014425482,
1.88975,-0.0109923268,
1.89,-0.0080402894,
1.89025,0.0074165710,
1.8905,-0.0000620786,
1.89075,-0.0059482297,
1.891,0.0144975716,
1.89125,0.0088415109,
1.8915,-0.0038338979,
1.89175,-0.0015579001,
1.892,0.0069455388,
1.89225,-0.0009176064,
1.8925,-0.0054737790,
1.89275,0.0109659871,
1.893,0.0115539143,
1.89325,-0.0193003211,
1.8935,0.0032277219,
1.89375,0.0105347708,
1.894,-0.0090808254,
1.89425,-0.0031197960,
1.8945,-0.0001077840,
1.89475,-0.0018954107,
1.895,-0.0166812465,
1.89525,-0.0157142915,
1.8955,0.0075225923,
1.89575,-0.0034509595,
1.896,0.0010620778,
1.89625,0.0079400353,
1.8965,0.0013716090,
1.89675,0.0004305655,
1.897,0.0163244735,
1.89725,0.0049662404,
1.8975,0.0022801922,
1.89775,-0.0078952163,
1.898,0.0056866002,
1.89825,-0.0066292211,
1.8985,-0.0102219777,
1.89875,-0.0174422711,
1.899,-0.0072917752,
1.89925,-0.0038377759,
1.8995,-0.0229248330,
1.89975,-0.0107874926,
1.9,0.0035498303,
1.90025,-0.0019590384,
1.9005,-0.0114799114,
1.90075,-0.0063987300,
1.901,0.0125195645,
1.90125,0.0040946882,
1.9015,-0.0090206889,
1.90175,0.0105764437,
1.902,0.0098260976,
1.90225,-0.0077297585,
1.9025,0.0075248093,
1.90275,0.0165575054,
1.903,-0.0057905442,
1.90325,-0.0236216374,
1.9035,0.0049133571,
1.90375,0.0176928788,
1.904,-0.0135080535,
1.90425,-0.0044034556,
1.9045,0.0064437231,
1.90475,0.0000120368,
1.905,-0.0047265650,
1.90525,-0.0047898651,
1.9055,-0.0108876806,
1.90575,0.0087231928,
1.906,0.0035238923,
1.90625,0.0098831384,
1.9065,0.0008887749,
1.90675,-0.0004990279,
1.907,0.0054410934,
1.90725,0.0172117911,
1.9075,-0.0032542553,
1.90775,-0.0088065462,
1.908,0.0078237411,
1.90825,-0.0081844190,
1.9085,-0.0048786388,
1.90875,-0.0092756758,
1.909,0.0055217165,
1.90925,-0.0090059023,
1.9095,-0.0054605519,
1.90975,-0.0146021303,
1.91,0.0128027499,
1.91025,-0.0089719957,
1.9105,-0.0101069221,
1.91075,0.0114484485,
1.911,0.0075789285,
1.91125,-0.0052097156,
1.9115,0.0038570340,
1.91175,0.0121377334,
1.912,0.0067834235,
1.91225,-0.0010710068,
1.9125,0.0155038331,
1.91275,0.0115451729,
1.913,-0.0117050372,
1.91325,-0.0032343643,
1.9135,0.0147198318,
1.91375,-0.0045990176,
1.914,-0.0044996734,
1.91425,-0.0052093784,
1.9145,0.0085204337,
1.91475,-0.0073393658,
1.915,-0.0184840802,
1.91525,0.0056399819,
1.9155,0.0017968001,
1.91575,0.0081076939,
1.916,-0.0002753315,
1.91625,0.0163656734,
1.9165,-0.0010708174,
1.91675,-0.0073432182,
1.917,0.0025078214,
1.91725,-0.0012877822,
1.9175,-0.0144840851,
1.91775,0.0047950968,
1.918,-0.0015712855,
1.91825,-0.0023964061,
1.9185,-0.0151934549,
1.91875,0.0024505332,
1.919,0.0036354829,
1.91925,-0.0097443406,
1.9195,-0.0068238340,
1.91975,0.0113553777,
1.92,-0.0057088397,
1.92025,-0.0056387088,
1.9205,0.0029824856,
1.92075,0.0135438945,
1.921,0.0033234248,
1.92125,0.0024429767,
1.9215,0.0135475313,
1.92175,0.0170603897,
1.922,0.0004143667,
1.92225,0.0042949435,
1.9225,0.0125007760,
1.92275,-0.0009128656,
1.923,-0.0192842986,
1.92325,0.0031532734,
1.9235,0.0078676771,
1.92375,-0.0151659623,
1.924,-0.0092140781,
1.92425,0.0003652662,
1.9245,0.0048115808,
1.92475,-0.0157331210,
1.925,-0.0063923514,
1.92525,-0.0020930744,
1.9255,0.0036461288,
1.92575,-0.0042002718,
1.926,0.0008580973,
1.92625,0.0020674369,
1.9265,0.0028934372,
1.92675,0.0032541843,
1.927,0.0028933669,
1.92725,-0.0038461003,
1.9275,-0.0095451307,
1.92775,-0.0017010791,
1.928,-0.0013069286,
1.92825,-0.0239130501,
1.9285,-0.0075583281,
1.92875,-0.0051957266,
1.929,-0.0092472713,
1.92925,-0.0124791218,
1.9295,-0.0172016807,
1.92975,0.0037180132,
1.93,-0.0015247472,
1.93025,-0.0093813008,
1.9305,0.0010216004,
1.93075,0.0158686321,
1.931,-0.0124418605,
1.93125,0.0015125701,
1.9315,0.0100519564,
1.93175,0.0065345308,
1.932,-0.0107937772,
1.93225,0.0054002670,
1.9325,0.0064072646,
1.93275,-0.0196718406,
1.933,-0.0071662152,
1.93325,0.0107099731,
1.9335,-0.0160998479,
1.93375,-0.0154590150,
1.934,-0.0066973791,
1.93425,-0.0047550160,
1.9345,-0.0314290039,
1.93475,-0.0175313354,
1.935,0.0033958631,
1.93525,-0.0069438163,
1.9355,0.0023910224,
1.93575,-0.0024269735,
1.936,0.0024148503,
1.93625,-0.0198809262,
1.9365,-0.0069387285,
1.93675,0.0001487869,
1.937,-0.0080815842,
1.93725,-0.0154914754,
1.9375,-0.0050383252,
1.93775,-0.0021100470,
1.938,-0.0020293929,
1.93825,-0.0120182345,
1.9385,-0.0023409666,
1.93875,-0.0054359487,
1.939,-0.0083773891,
1.93925,-0.0162917189,
1.9395,-0.0021030903,
1.93975,0.0036690272,
1.94,-0.0099696070,
1.94025,-0.0064570662,
1.9405,0.0236043613,
1.94075,0.0070837820,
1.941,0.0007644450,
1.94125,0.0117038386,
1.9415,0.0172027014,
1.94175,-0.0036265780,
1.942,-0.0050399643,
1.94225,0.0129512837,
1.9425,-0.0098878462,
1.94275,-0.0226016082,
1.943,0.0077921245,
1.94325,0.0031473071,
1.9435,-0.0083639268,
1.94375,-0.0065472275,
1.944,0.0029021301,
1.94425,-0.0045391303,
1.9445,-0.0097538745,
1.94475,-0.0091041243,
1.945,-0.0024326385,
1.94525,-0.0038873116,
1.9455,-0.0184167381,
1.94575,0.0101721324,
1.946,-0.0003169460,
1.94625,-0.0004688210,
1.9465,0.0008473254,
1.94675,0.0020572459,
1.947,-0.0100988848,
1.94725,0.0048270412,
1.9475,-0.0044912980,
1.94775,-0.0102499416,
1.948,-0.0122808516,
1.94825,0.0032461758,
1.9485,-0.0020725620,
1.94875,0.0049553970,
1.949,-0.0120999580,
1.94925,-0.0076595652,
1.9495,0.0132895056,
1.94975,0.0067853965,
1.95,0.0056491923,
1.95025,0.0121588632,
1.9505,0.0185948666,
1.95075,0.0026648447,
1.951,0.0056587807,
1.95125,0.0184691586,
1.9515,0.0127830207,
1.95175,-0.0021405993,
1.952,0.0104461657,
1.95225,-0.0006240266,
1.9525,-0.0055775261,
1.95275,0.0045501455,
1.953,-0.0013734554,
1.95325,-0.0061293570,
1.9535,-0.0086786905,
1.95375,-0.0055403234,
1.954,-0.0054155951,
1.95425,-0.0180247780,
1.9545,-0.0075891763,
1.95475,-0.0056320704,
1.955,0.0220741723,
1.95525,-0.0004948699,
1.9555,0.0049978653,
1.95575,-0.0047365502,
1.956,-0.0035081063,
1.95625,-0.0096508106,
1.9565,-0.0025725961,
1.95675,0.0049638506,
1.957,-0.0026541317,
1.95725,-0.0030357679,
1.9575,0.0161713324,
1.95775,0.0065762447,
1.958,-0.0122774560,
1.95825,0.0116295172,
1.9585,0.0160199050,
1.95875,-0.0038382239,
1.959,-0.0077826595,
1.95925,0.0009052689,
1.9595,0.0051420545,
1.95975,0.0011198133,
1.96,0.0010212370,
1.96025,0.0168751217,
1.9605,0.0054239803,
1.96075,0.0104886899,
1.961,0.0093271155,
1.96125,0.0177220367,
1.9615,0.0037633718,
1.96175,0.0132403597,
1.962,0.0090317326,
1.96225,-0.0109992772,
1.9625,-0.0080585359,
1.96275,-0.0061283126,
1.963,0.0007222811,
1.96325,-0.0049647386,
1.9635,-0.0141769974,
1.96375,-0.0052441619,
1.964,-0.0127676707,
1.96425,-0.0101821069,
1.9645,-0.0231841579,
1.96475,0.0034739501,
1.965,-0.0124593936,
1.96525,-0.0080221901,
1.9655,0.0054424047,
1.96575,0.0057774405,
1.966,-0.0098934770,
1.96625,-0.0064012692,
1.9665,-0.0024858797,
1.96675,-0.0121855643,
1.967,-0.0007052284,
1.96725,-0.0092262346,
1.9675,-0.0137817999,
1.96775,-0.0067245071,
1.968,0.0021543182,
1.96825,-0.0086542917,
1.9685,0.0087572113,
1.96875,-0.0084328735,
1.969,-0.0142707881,
1.96925,0.0044189645,
1.9695,0.0132314730,
1.96975,-0.0021525298,
1.97,-0.0001160866,
1.97025,0.0171845052,
1.9705,0.0096276365,
1.97075,-0.0069597899,
1.971,0.0159343965,
1.97125,0.0160659291,
1.9715,-0.0080894725,
1.97175,-0.0069932695,
1.972,-0.0065513891,
1.97225,-0.0105195483,
1.9725,-0.0090619465,
1.97275,-0.0172144994,
1.973,-0.0183181297,
1.97325,-0.0201537833,
1.9735,-0.0001130859,
1.97375,-0.0086415587,
1.974,-0.0144990403,
1.97425,-0.0129603315,
1.9745,0.0116399620,
1.97475,0.0203538649,
1.975,-0.0055322708,
1.97525,0.0106238276,
1.9755,-0.0015295569,
1.97575,-0.0043946421,
1.976,-0.0059001078,
1.97625,0.0061879391,
1.9765,-0.0028316199,
1.97675,0.0047541391,
1.977,0.0037806809,
1.97725,0.0085926093,
1.9775,-0.0117295180,
1.97775,-0.0091489730,
1.978,0.0015750960,
1.97825,0.0107059432,
1.9785,0.0055276346,
1.97875,-0.0070634484,
1.979,0.0019160595,
1.97925,0.0136376321,
1.9795,0.0074361102,
1.97975,0.0008201924,
1.98,0.0148272375,
1.98025,0.0175399724,
1.9805,-0.0071098395,
1.98075,0.0059589297,
1.981,0.0227958560,
1.98125,0.0130594792,
1.9815,0.0087102838,
1.98175,-0.0052117091,
1.982,-0.0093769375,
1.98225,-0.0048721195,
1.9825,-0.0067766365,
1.98275,0.0174023081,
1.983,0.0066443961,
1.98325,-0.0052219490,
1.9835,0.0069243717,
1.98375,-0.0132562425,
1.984,-0.0076054940,
1.98425,-0.0095320884,
1.9845,0.0144544672,
1.98475,-0.0043281671,
1.985,0.0083135609,
1.98525,0.0060781999,
1.9855,0.0155966347,
1.98575,0.0014835504,
1.986,0.0115182921,
1.98625,0.0070367800,
1.9865,0.0121862981,
1.98675,0.0115190027,
1.987,0.0041762595,
1.98725,0.0004262721,
1.9875,0.0160365086,
1.98775,0.0045945290,
1.988,0.0053395825,
1.98825,0.0193601865,
1.9885,-0.0032357839,
1.98875,-0.0000806211,
1.989,0.0077164704,
1.98925,0.0207375921,
1.9895,0.0064652339,
1.98975,0.0163362864,
1.99,0.0277778301,
1.99025,0.0114681767,
1.9905,0.0102141956,
1.99075,0.0167887062,
1.991,0.0243450999,
1.99125,0.0098584257,
1.9915,-0.0023689924,
1.99175,-0.0024835414,
1.992,-0.0079225237,
1.99225,0.0012870017,
1.9925,-0.0099581862,
1.99275,0.0149282627,
1.993,0.0105295703,
1.99325,0.0076252455,
1.9935,-0.0260590594,
1.99375,0.0070579075,
1.994,-0.0047205770,
1.99425,0.0081541492,
1.9945,0.0194504336,
1.99475,0.0180198140,
1.995,0.0065324921,
1.99525,0.0119461641,
1.9955,0.0145704169,
1.99575,0.0078626694,
1.996,-0.0017739029,
1.99625,0.0161060542,
1.9965,0.0101906005,
1.99675,0.0022975104,
1.997,0.0067721708,
1.99725,-0.0095805051,
1.9975,0.0018722547,
1.99775,-0.0033148157,
1.998,0.0137446309,
1.99825,0.0044046016,
1.9985,-0.0080136787,
1.99875,0.0043695653,
1.999,0.0085132178,
1.99925,-0.0010891361,
1.9995,0.0037431286,
1.99975,0.0105815027,
2,0.0097154249,
2.00025,-0.0047764215,
2.0005,0.0040789940,
2.00075,0.0096539259,
2.001,0.0109428391,
2.00125,0.0012880650,
2.0015,-0.0092721432,
2.00175,-0.0103474576,
2.002,-0.0006862370,
2.00225,-0.0123951212,
2.0025,0.0000802644,
2.00275,-0.0103435190,
2.003,-0.0153612643,
2.00325,-0.0229022838,
2.0035,-0.0118151810,
2.00375,-0.0156259146,
2.004,-0.0228732154,
2.00425,-0.0027814901,
2.0045,0.0066833147,
2.00475,-0.0065097036,
2.005,-0.0051321182,
2.00525,0.0107854223,
2.0055,0.0071280198,
2.00575,-0.0050794752,
2.006,-0.0121264625,
2.00625,0.0033566940,
2.0065,-0.0089713242,
2.00675,-0.0132742897,
2.007,-0.0161067601,
2.00725,0.0054208538,
2.0075,-0.0225258395,
2.00775,-0.0030967046,
2.008,-0.0100001544,
2.00825,-0.0007929424,
2.0085,-0.0185425375,
2.00875,-0.0133477226,
2.009,0.0113648828,
2.00925,-0.0061830040,
2.0095,-0.0030924345,
2.00975,0.0062438217,
2.01,-0.0023528500,
2.01025,-0.0067421887,
2.0105,-0.0129835382,
2.01075,0.0145629961,
2.011,-0.0118075972,
2.01125,-0.0205640458,
2.0115,-0.0216679238,
2.01175,-0.0077064452,
2.012,-0.0279025380,
2.01225,-0.0218111090,
2.0125,0.0054047205,
2.01275,-0.0085425489,
2.013,-0.0287351869,
2.01325,-0.0242267270,
2.0135,-0.0173617546,
2.01375,-0.0362338200,
2.014,0.0002541186,
2.01425,-0.0011622384,
2.0145,0.0003410141,
2.01475,-0.0092620607,
2.015,-0.0002097870,
2.01525,0.0025321739,
2.0155,-0.0100949975,
2.01575,-0.0123343421,
2.016,-0.0051754257,
2.01625,-0.0081511308,
2.0165,-0.0086356364,
2.01675,-0.0235136636,
2.017,-0.0116571020,
2.01725,0.0040790681,
2.0175,-0.0094372006,
2.01775,-0.0083761336,
2.018,-0.0057093818,
2.01825,-0.0025306698,
2.0185,-0.0097811706,
2.01875,-0.0072695245,
2.019,-0.0031842785,
2.01925,-0.0078021102,
2.0195,-0.0103769163,
2.01975,0.0102868266,
2.02,-0.0005969969,
2.02025,-0.0131391045,
2.0205,0.0153518198,
2.02075,0.0144522628,
2.021,-0.0147573538,
2.02125,-0.0068368418,
2.0215,-0.0059084310,
2.02175,-0.0095936712,
2.022,-0.0157512706,
2.02225,-0.0008948841,
2.0225,-0.0292929895,
2.02275,-0.0253445301,
2.023,-0.0181947276,
2.02325,0.0017180641,
2.0235,-0.0243813153,
2.02375,-0.0105389291,
2.024,0.0070121284,
2.02425,0.0099414792,
2.0245,0.0000900777,
2.02475,-0.0017860648,
2.025,0.0182597656,
2.02525,0.0099021643,
2.0255,-0.0070793862,
2.02575,-0.0006955239,
2.026,0.0071955603,
2.02625,0.0080386465,
2.0265,-0.0062985998,
2.02675,0.0017655313,
2.027,0.0122063523,
2.02725,-0.0033933939,
2.0275,0.0072057396,
2.02775,-0.0129899578,
2.028,0.0083468324,
2.02825,-0.0069252406,
2.0285,-0.0006302403,
2.02875,0.0169050600,
2.029,0.0090786815,
2.02925,-0.0009281159,
2.0295,0.0090020467,
2.02975,0.0141729033,
2.03,0.0067880312,
2.03025,0.0018115437,
2.0305,0.0182299297,
2.03075,-0.0036771651,
2.031,-0.0011029122,
2.03125,-0.0050942837,
2.0315,0.0068546082,
2.03175,-0.0007599697,
2.032,-0.0033428960,
2.03225,0.0112318052,
2.0325,0.0046433317,
2.03275,-0.0156044159,
2.033,-0.0070645651,
2.03325,-0.0112548321,
2.0335,-0.0135491844,
2.03375,0.0059601269,
2.034,0.0068730772,
2.03425,0.0191122033,
2.0345,0.0005875750,
2.03475,0.0102663860,
2.035,0.0176116861,
2.03525,0.0105822319,
2.0355,-0.0011348355,
2.03575,0.0134818219,
2.036,0.0156975538,
2.03625,0.0063680294,
2.0365,-0.0162021983,
2.03675,0.0185006447,
2.037,0.0062000221,
2.03725,0.0006661384,
2.0375,-0.0146551896,
2.03775,0.0029904614,
2.038,-0.0011378316,
2.03825,-0.0128744738,
2.0385,0.0091108568,
2.03875,0.0000700982,
2.039,0.0015854508,
2.03925,0.0012732779,
2.0395,0.0158899575,
2.03975,0.0084547056,
2.04,0.0047524325,
2.04025,0.0085583208,
2.0405,0.0155886812,
2.04075,-0.0023737990,
2.041,-0.0044546379,
2.04125,-0.0134834107,
2.0415,-0.0121740336,
2.04175,-0.0094808191,
2.042,-0.0127057750,
2.04225,-0.0126691218,
2.0425,-0.0131623680,
2.04275,-0.0097242165,
2.043,0.0092167538,
2.04325,-0.0150002297,
2.0435,-0.0018940531,
2.04375,0.0081259506,
2.044,0.0116980085,
2.04425,0.0079739587,
2.0445,0.0059864256,
2.04475,0.0140738850,
2.045,0.0170284119,
2.04525,-0.0022451112,
2.0455,0.0041868030,
2.04575,0.0049139210,
2.046,0.0131691787,
2.04625,-0.0151269231,
2.0465,-0.0004302228,
2.04675,0.0037352671,
2.047,-0.0000893840,
2.04725,-0.0151648857,
2.0475,-0.0165445376,
2.04775,-0.0011107438,
2.048,-0.0061110556,
2.04825,0.0031507970,
2.0485,0.0095555661,
2.04875,0.0178710632,
2.049,-0.0076901792,
2.04925,0.0034989924,
2.0495,0.0145830996,
2.04975,-0.0038716954,
2.05,-0.0035182410,
2.05025,-0.0005087649,
2.0505,0.0023838321,
2.05075,-0.0126145072,
2.051,-0.0094787981,
2.05125,0.0096297804,
2.0515,-0.0162788238,
2.05175,-0.0053269574,
2.052,0.0013930539,
2.05225,-0.0217331983,
2.0525,-0.0353789181,
2.05275,-0.0205553398,
2.053,-0.0128204860,
2.05325,-0.0061031901,
2.0535,0.0011528479,
2.05375,0.0071620434,
2.054,0.0050895382,
2.05425,-0.0063551450,
2.0545,0.0141625842,
2.05475,0.0130444672,
2.055,0.0012551352,
2.05525,-0.0009226042,
2.0555,0.0050142808,
2.05575,0.0096049504,
2.056,-0.0071376986,
2.05625,-0.0147543279,
2.0565,0.0014191120,
2.05675,-0.0002843424,
2.057,-0.0041361693,
2.05725,-0.0226192698,
2.0575,-0.0025436431,
2.05775,0.0040708426,
2.058,-0.0132861193,
2.05825,-0.0082973270,
2.0585,0.0114516178,
2.05875,0.0029990543,
2.059,-0.0047188983,
2.05925,0.0139933685,
2.0595,0.0108107347,
2.05975,-0.0061252615,
2.06,0.0046272352,
2.06025,0.0233296659,
2.0605,0.0032500327,
2.06075,-0.0089062452,
2.061,-0.0096907848,
2.06125,-0.0041991607,
2.0615,-0.0050686374,
2.06175,0.0015963577,
2.062,-0.0039307568,
2.06225,-0.0094055561,
2.0625,-0.0072041410,
2.06275,0.0053678290,
2.063,-0.0174314678,
2.06325,0.0015658782,
2.0635,0.0101449322,
2.06375,0.0205352679,
2.064,0.0132374372,
2.06425,0.0115898848,
2.0645,0.0224952996,
2.06475,0.0113949757,
2.065,0.0156653114,
2.06525,0.0029170508,
2.0655,0.0109117664,
2.06575,0.0096588042,
2.066,-0.0090659000,
2.06625,0.0064777606,
2.0665,0.0054351655,
2.06675,0.0132840071,
2.067,-0.0124770235,
2.06725,-0.0004861927,
2.0675,-0.0009282963,
2.06775,0.0045282152,
2.068,0.0042983596,
2.06825,0.0112670287,
2.0685,0.0228381902,
2.06875,0.0006381538,
2.069,0.0037954822,
2.06925,0.0142552974,
2.0695,0.0144360606,
2.06975,0.0041234065,
2.07,0.0082570398,
2.07025,0.0163328648,
2.0705,0.0014945667,
2.07075,0.0029540856,
2.071,0.0061439294,
2.07125,-0.0003041137,
2.0715,0.0041350997,
2.07175,0.0019187591,
2.072,-0.0074334964,
2.07225,-0.0085849641,
2.0725,-0.0098915361,
2.07275,0.0062441085,
2.073,0.0166101772,
2.07325,0.0141027272,
2.0735,0.0068194224,
2.07375,0.0192840509,
2.074,0.0128892353,
2.07425,0.0113433059,
2.0745,0.0201666020,
2.07475,0.0177813135,
2.075,-0.0032865137,
2.07525,0.0057773693,
2.0755,0.0190895647,
2.07575,0.0033390629,
2.076,-0.0043536676,
2.07625,0.0124914655,
2.0765,0.0182617567,
2.07675,-0.0011455663,
2.077,-0.0052610571,
2.07725,0.0096664187,
2.0775,0.0082123391,
2.07775,-0.0075388113,
2.078,-0.0006968155,
2.07825,0.0200747419,
2.0785,0.0075936187,
2.07875,-0.0010743367,
2.079,0.0166046694,
2.07925,0.0190361869,
2.0795,0.0101085790,
2.07975,0.0106523074,
2.08,0.0193680860,
2.08025,0.0107013760,
2.0805,-0.0045586419,
2.08075,-0.0108913882,
2.081,0.0124743953,
2.08125,0.0071731173,
2.0815,-0.0069092964,
2.08175,0.0014242327,
2.082,0.0116222128,
2.08225,0.0063251052,
2.0825,-0.0062062596,
2.08275,-0.0004612119,
2.083,0.0067315460,
2.08325,0.0048001083,
2.0835,0.0132435458,
2.08375,0.0083730761,
2.084,0.0051567215,
2.08425,0.0122802099,
2.0845,0.0158389956,
2.08475,0.0071765664,
2.085,-0.0039906353,
2.08525,0.0135443313,
2.0855,0.0051006628,
2.08575,0.0018246378,
2.086,0.0055532902,
2.08625,0.0098360041,
2.0865,0.0084725451,
2.08675,-0.0080970014,
2.087,-0.0083827386,
2.08725,0.0064993370,
2.0875,0.0077799060,
2.08775,-0.0103195067,
2.088,0.0000087030,
2.08825,0.0173031799,
2.0885,0.0077326875,
2.08875,-0.0089674154,
2.089,0.0193545558,
2.08925,0.0155007523,
2.0895,-0.0044463677,
2.08975,0.0042733070,
2.09,0.0192490593,
2.09025,-0.0034935144,
2.0905,-0.0031100234,
2.09075,-0.0001641022,
2.091,-0.0004621999,
2.09125,-0.0139505044,
2.0915,-0.0032577324,
2.09175,-0.0006492357,
2.092,-0.0082047135,
2.09225,-0.0204612538,
2.0925,0.0088002374,
2.09275,0.0047747064,
2.093,-0.0117494455,
2.09325,0.0037647693,
2.0935,0.0046492079,
2.09375,-0.0013429216,
2.094,0.0027139131,
2.09425,0.0010905374,
2.0945,0.0047436259,
2.09475,-0.0009382540,
2.095,0.0035246471,
2.09525,0.0043848278,
2.0955,-0.0042999377,
2.09575,-0.0036866646,
2.096,0.0012722113,
2.09625,0.0039859875,
2.0965,0.0018117764,
2.09675,-0.0189600345,
2.097,-0.0010713644,
2.09725,0.0139847873,
2.0975,-0.0073059211,
2.09775,-0.0078759752,
2.098,0.0176070426,
2.09825,0.0142655354,
2.0985,-0.0054895971,
2.09875,0.0078276927,
2.099,0.0237868391,
2.09925,0.0015858652,
2.0995,-0.0032122908,
2.09975,0.0077021513,
2.1,0.0005307287,
2.10025,-0.0227729604,
2.1005,-0.0115515245,
2.10075,0.0209211651,
2.101,-0.0074194535,
2.10125,-0.0201368071,
2.1015,0.0052834419,
2.10175,-0.0092579834,
2.102,-0.0146015538,
2.10225,-0.0129797570,
2.1025,0.0008542802,
2.10275,-0.0048176814,
2.103,0.0011090629,
2.10325,-0.0010548529,
2.1035,0.0026230982,
2.10375,0.0074792039,
2.104,0.0017701957,
2.10425,0.0047084219,
2.1045,0.0069566467,
2.10475,-0.0025521985,
2.105,0.0056570019,
2.10525,-0.0022539645,
2.1055,-0.0013239402,
2.10575,-0.0051116636,
2.106,0.0047952672,
2.10625,-0.0058919834,
2.1065,-0.0087908590,
2.10675,-0.0116542922,
2.107,0.0105290534,
2.10725,0.0050760899,
2.1075,-0.0065686717,
2.10775,0.0029184504,
2.108,0.0169228353,
2.10825,0.0069836057,
2.1085,-0.0023234626,
2.10875,0.0146320732,
2.109,0.0119941533,
2.10925,-0.0020121555,
2.1095,0.0013934155,
2.10975,0.0086145587,
2.11,-0.0022277348,
2.11025,-0.0076093180,
2.1105,-0.0084677357,
2.11075,0.0027142128,
2.111,-0.0118438154,
2.11125,-0.0016548259,
2.1115,-0.0121926200,
2.11175,-0.0059024589,
2.112,-0.0195742808,
2.11225,0.0019776935,
2.1125,0.0010204659,
2.11275,0.0040704915,
2.113,-0.0046183267,
2.11325,0.0111788707,
2.1135,-0.0000835889,
2.11375,-0.0067947609,
2.114,-0.0038985796,
2.11425,0.0043840776,
2.1145,-0.0100134294,
2.11475,-0.0113405231,
2.115,0.0024577582,
2.11525,0.0000603348,
2.1155,-0.0068368567,
2.11575,0.0044752224,
2.116,0.0092779286,
2.11625,-0.0070954589,
2.1165,-0.0107277185,
2.11675,0.0045581539,
2.117,0.0062152948,
2.11725,-0.0088181701,
2.1175,-0.0027595083,
2.11775,0.0096569248,
2.118,0.0054573012,
2.11825,-0.0085568577,
2.1185,-0.0000537790,
2.11875,0.0136757456,
2.119,-0.0031701964,
2.11925,-0.0051571331,
2.1195,0.0018593902,
2.11975,-0.0061818352,
2.12,-0.0177054554,
2.12025,-0.0146470759,
2.1205,0.0041072085,
2.12075,-0.0090130484,
2.121,-0.0138630075,
2.12125,-0.0154169016,
2.1215,-0.0109158158,
2.12175,-0.0204609353,
2.122,-0.0147688668,
2.12225,0.0046379333,
2.1225,0.0079138838,
2.12275,-0.0063548526,
2.123,-0.0029548882,
2.12325,0.0097288154,
2.1235,0.0014141405,
2.12375,-0.0110788029,
2.124,-0.0062020328,
2.12425,-0.0109745245,
2.1245,-0.0100574195,
2.12475,-0.0056026494,
2.125,-0.0090847202,
2.12525,-0.0119385794,
2.1255,-0.0060539236,
2.12575,0.0005504963,
2.126,-0.0057370453,
2.12625,-0.0091176471,
2.1265,-0.0205722190,
2.12675,-0.0007260003,
2.127,0.0000031986,
2.12725,-0.0074730227,
2.1275,-0.0107240491,
2.12775,0.0044484250,
2.128,-0.0112409480,
2.12825,-0.0071655866,
2.1285,-0.0006533819,
2.12875,0.0156896804,
2.129,0.0012519527,
2.12925,-0.0082415771,
2.1295,0.0025433206,
2.12975,-0.0048472313,
2.13,-0.0185892489,
2.13025,-0.0005006392,
2.1305,-0.0084273545,
2.13075,-0.0165103637,
2.131,-0.0162837766,
2.13125,-0.0101612937,
2.1315,-0.0266386941,
2.13175,-0.0242060032,
2.132,-0.0011630090,
2.13225,0.0054640220,
2.1325,-0.0013562356,
2.13275,0.0003706423,
2.133,0.0046088579,
2.13325,-0.0173540860,
2.1335,-0.0070382440,
2.13375,-0.0139153386,
2.134,-0.0021362184,
2.13425,-0.0122461366,
2.1345,0.0002627351,
2.13475,-0.0029258253,
2.135,0.0040580272,
2.13525,0.0002986077,
2.1355,0.0016566915,
2.13575,-0.0033528823,
2.136,0.0015071188,
2.13625,-0.0102262069,
2.1365,-0.0084449798,
2.13675,0.0084699932,
2.137,0.0001981309,
2.13725,-0.0023428097,
2.1375,0.0100852754,
2.13775,0.0099236742,
2.138,0.0058816820,
2.13825,-0.0044280295,
2.1385,0.0243234225,
2.13875,0.0143551826,
2.139,-0.0071235439,
2.13925,0.0138537018,
2.1395,-0.0068927919,
2.13975,-0.0191440545,
2.14,-0.0006689227,
2.14025,0.0085652070,
2.1405,-0.0031241796,
2.14075,-0.0126846517,
2.141,-0.0043700789,
2.14125,0.0005312386,
2.1415,-0.0126679856,
2.14175,-0.0057042832,
2.142,0.0152477240,
2.14225,0.0078899050,
2.1425,-0.0028194180,
2.14275,0.0080464017,
2.143,0.0091683734,
2.14325,-0.0065728799,
2.1435,-0.0074441913,
2.14375,0.0022468446,
2.144,-0.0084048100,
2.14425,0.0041782022,
2.1445,-0.0075069275,
2.14475,-0.0078873085,
2.145,0.0098883770,
2.14525,0.0010485465,
2.1455,0.0059068738,
2.14575,0.0052300645,
2.146,0.0020857202,
2.14625,-0.0093991179,
2.1465,0.0002292163,
2.14675,0.0131835798,
2.147,0.0026623250,
2.14725,0.0020908543,
2.1475,0.0165947583,
2.14775,0.0127646532,
2.148,0.0022124678,
2.14825,0.0094444165,
2.1485,0.0202126242,
2.14875,0.0064443182,
2.149,0.0090100784,
2.14925,-0.0100566782,
2.1495,-0.0065719271,
2.14975,-0.0016141720,
2.15,-0.0059616053,
2.15025,-0.0041395877,
2.1505,-0.0043256842,
2.15075,-0.0153565146,
2.151,-0.0065113371,
2.15125,-0.0175534785,
2.1515,-0.0114042591,
2.15175,-0.0002764804,
2.152,0.0150092430,
2.15225,0.0132144839,
2.1525,0.0013955806,
2.15275,-0.0039476110,
2.153,0.0055166045,
2.15325,-0.0075974292,
2.1535,-0.0061327247,
2.15375,0.0014103280,
2.154,0.0053108577,
2.15425,0.0031044795,
2.1545,0.0026549688,
2.15475,0.0141584463,
2.155,-0.0204052702,
2.15525,-0.0089047207,
2.1555,0.0057158992,
2.15575,0.0081630945,
2.156,-0.0141639411,
2.15625,-0.0089143114,
2.1565,0.0104910173,
2.15675,0.0021986375,
2.157,0.0007389116,
2.15725,0.0154036758,
2.1575,0.0082036508,
2.15775,0.0023158269,
2.158,0.0030492211,
2.15825,0.0088361539,
2.1585,0.0073767570,
2.15875,0.0046503036,
2.159,-0.0051203072,
2.15925,-0.0260406323,
2.1595,-0.0048339805,
2.15975,-0.0027032839,
2.16,0.0008522900,
2.16025,-0.0070051937,
2.1605,-0.0084799398,
2.16075,-0.0004233755,
2.161,-0.0202285163,
2.16125,-0.0085563101,
2.1615,-0.0108196717,
2.16175,-0.0012429031,
2.162,0.0009213080,
2.16225,0.0003252726,
2.1625,-0.0032929885,
2.16275,-0.0006863216,
2.163,-0.0060449010,
2.16325,-0.0099709705,
2.1635,0.0008631134,
2.16375,-0.0089604491,
2.164,0.0031657456,
2.16425,-0.0192390028,
2.1645,-0.0063830656,
2.16475,-0.0025199256,
2.165,-0.0043772440,
2.16525,-0.0150901685,
2.1655,0.0071475133,
2.16575,-0.0046277423,
2.166,-0.0052890396,
2.16625,0.0021134932,
2.1665,0.0005774485,
2.16675,0.0086001949,
2.167,-0.0088763759,
2.16725,0.0004976724,
2.1675,0.0121329091,
2.16775,-0.0120446123,
2.168,-0.0057238643,
2.16825,0.0121367248,
2.1685,0.0052919295,
2.16875,-0.0146337179,
2.169,-0.0097112032,
2.16925,-0.0034951186,
2.1695,-0.0028568101,
2.16975,-0.0214815773,
2.17,0.0001267138,
2.17025,0.0007302331,
2.1705,-0.0100512244,
2.17075,-0.0198975541,
2.171,-0.0207300223,
2.17125,-0.0049015731,
2.1715,-0.0025831584,
2.17175,0.0182345454,
2.172,0.0030429433,
2.17225,0.0068682195,
2.1725,0.0062269354,
2.17275,0.0112579474,
2.173,-0.0099532437,
2.17325,0.0013441746,
2.1735,-0.0063302172,
2.17375,0.0050631464,
2.174,-0.0062350836,
2.17425,-0.0007262732,
2.1745,-0.0093700066,
2.17475,-0.0066156937,
2.175,0.0043744417,
2.17525,-0.0027311514,
2.1755,0.0103365183,
2.17575,0.0067123212,
2.176,-0.0067737931,
2.17625,0.0007764876,
2.1765,0.0067835888,
2.17675,0.0040996941,
2.177,-0.0045227264,
2.17725,0.0128609613,
2.1775,0.0036645934,
2.17775,-0.0000576229,
2.178,0.0127038881,
2.17825,0.0226975400,
2.1785,0.0124608167,
2.17875,-0.0116453981,
2.179,-0.0023508461,
2.17925,0.0136005618,
2.1795,-0.0022912214,
2.17975,0.0095071560,
2.18,0.0023063796,
2.18025,-0.0077407202,
2.1805,-0.0088223424,
2.18075,-0.0103224013,
2.181,-0.0055717188,
2.18125,-0.0153072029,
2.1815,0.0163523741,
2.18175,0.0134812193,
2.182,0.0132326791,
2.18225,0.0080282716,
2.1825,0.0155018661,
2.18275,0.0086595966,
2.183,0.0097220307,
2.18325,-0.0028655573,
2.1835,0.0129202958,
2.18375,0.0050146105,
2.184,0.0024186282,
2.18425,-0.0006069082,
2.1845,0.0145073365,
2.18475,0.0023103242,
2.185,-0.0115692625,
2.18525,0.0108362157,
2.1855,0.0059732893,
2.18575,0.0063356222,
2.186,0.0011067726,
2.18625,0.0148357591,
2.1865,0.0162238479,
2.18675,0.0021425972,
2.187,0.0109412065,
2.18725,0.0143405050,
2.1875,0.0070010144,
2.18775,0.0101622213,
2.188,0.0220829621,
2.18825,0.0208174065,
2.1885,-0.0040469668,
2.18875,0.0010949681,
2.189,0.0041830363,
2.18925,-0.0016787300,
2.1895,-0.0071734739,
2.18975,0.0075344751,
2.19,0.0120095341,
2.19025,0.0048102811,
2.1905,-0.0224975124,
2.19075,0.0128509579,
2.191,0.0046120090,
2.19125,0.0074883010,
2.1915,0.0189753789,
2.19175,0.0238736160,
2.192,0.0112327002,
2.19225,0.0143984715,
2.1925,0.0184159148,
2.19275,0.0177408904,
2.193,-0.0068214871,
2.19325,0.0004630105,
2.1935,0.0142131327,
2.19375,-0.0038672662,
2.194,-0.0083112577,
2.19425,-0.0091631282,
2.1945,0.0112295980,
2.19475,-0.0076790382,
2.195,0.0028634968,
2.19525,0.0082809925,
2.1955,0.0078364853,
2.19575,-0.0052293763,
2.196,0.0073464429,
2.19625,0.0111791762,
2.1965,0.0055910684,
2.19675,0.0046102433,
2.197,0.0083789583,
2.19725,0.0115543250,
2.1975,0.0055471803,
2.19775,0.0123914108,
2.198,0.0150884045,
2.19825,0.0040039602,
2.1985,-0.0074351504,
2.19875,-0.0063220561,
2.199,0.0127832144,
2.19925,-0.0078857020,
2.1995,-0.0022293879,
2.19975,-0.0035626637,
2.2,-0.0013880386,
2.20025,-0.0111712441,
2.2005,-0.0035802140,
2.20075,-0.0060253525,
2.201,-0.0120936055,
2.20125,0.0049467706,
2.2015,0.0069786012,
2.20175,0.0094960937,
2.202,-0.0053446093,
2.20225,0.0088222865,
2.2025,0.0097710369,
2.20275,0.0032988242,
2.203,-0.0207005534,
2.20325,0.0106142825,
2.2035,-0.0070755258,
2.20375,-0.0045781410,
2.204,-0.0075693936,
2.20425,0.0161660593,
2.2045,-0.0137292761,
2.20475,-0.0013784072,
2.205,-0.0137269199,
2.20525,-0.0005844852,
2.2055,-0.0058322111,
2.20575,-0.0108722989,
2.206,0.0052401167,
2.20625,0.0014645151,
2.2065,-0.0055397912,
2.20675,-0.0079938788,
2.207,0.0061786589,
2.20725,0.0005013434,
2.2075,-0.0045807944,
2.20775,0.0012870972,
2.208,0.0078406082,
2.20825,-0.0145806484,
2.2085,-0.0202802122,
2.20875,0.0110601652,
2.209,-0.0065366360,
2.20925,-0.0240673032,
2.2095,0.0027086823,
2.20975,0.0027984779,
2.21,-0.0147295641,
2.21025,-0.0307201743,
2.2105,0.0000403334,
2.21075,-0.0217570961,
2.211,-0.0079208547,
2.21125,-0.0001944237,
2.2115,0.0036288896,
2.21175,-0.0062184036,
2.212,0.0031782500,
2.21225,0.0043625655,
2.2125,-0.0010307471,
2.21275,-0.0155165149,
2.213,-0.0008401618,
2.21325,-0.0107928105,
2.2135,-0.0087149404,
2.21375,-0.0198980141,
2.214,-0.0185145140,
2.21425,-0.0049242144,
2.2145,-0.0112625714,
2.21475,-0.0182363167,
2.215,-0.0133808441,
2.21525,0.0059720664,
2.2155,-0.0124721369,
2.21575,-0.0103623718,
2.216,0.0036344924,
2.21625,0.0027636769,
2.2165,-0.0161262378,
2.21675,-0.0015951920,
2.217,0.0101129673,
2.21725,-0.0080224946,
2.2175,-0.0113085993,
2.21775,0.0191700403,
2.218,-0.0069754501,
2.21825,-0.0200974979,
2.2185,-0.0053655566,
2.21875,0.0032615245,
2.219,-0.0245505758,
2.21925,-0.0140654650,
2.2195,-0.0143906428,
2.21975,-0.0109123792,
2.22,-0.0262739472,
2.22025,-0.0049365805,
2.2205,-0.0145023698,
2.22075,-0.0119490251,
2.221,0.0032107988,
2.22125,0.0017441597,
2.2215,0.0105573339,
2.22175,0.0070348177,
2.222,0.0148049518,
2.22225,0.0164468326,
2.2225,0.0009446428,
2.22275,-0.0038931957,
2.223,-0.0033378343,
2.22325,-0.0033929863,
2.2235,-0.0135550555,
2.22375,-0.0126324175,
2.224,-0.0033871345,
2.22425,-0.0062451316,
2.2245,-0.0022570915,
2.22475,-0.0195053704,
2.225,0.0100914557,
2.22525,-0.0025816904,
2.2255,-0.0057097548,
2.22575,0.0064411024,
2.226,0.0115647353,
2.22625,-0.0030151457,
2.2265,-0.0023684856,
2.22675,0.0127197662,
2.227,0.0079385322,
2.22725,0.0036626579,
2.2275,0.0079225861,
2.22775,0.0084966337,
2.228,-0.0104827015,
2.22825,-0.0048431228,
2.2285,0.0176089406,
2.22875,-0.0062400186,
2.229,-0.0074903532,
2.22925,-0.0003166898,
2.2295,-0.0104068359,
2.22975,-0.0208049230,
2.23,-0.0297307577,
2.23025,0.0021420678,
2.2305,0.0033663402,
2.23075,0.0082947370,
2.231,0.0054015080,
2.23125,0.0218098704,
2.2315,0.0046585011,
2.23175,0.0006167625,
2.232,0.0094808843,
2.23225,0.0067629707,
2.2325,-0.0163949076,
2.23275,-0.0062630372,
2.233,0.0038648536,
2.23325,-0.0008759848,
2.2335,-0.0282576792,
2.23375,-0.0049965461,
2.234,0.0103101237,
2.23425,-0.0052031763,
2.2345,-0.0127800647,
2.23475,0.0004022010,
2.235,0.0071536815,
2.23525,-0.0075172409,
2.2355,0.0010841471,
2.23575,0.0079901898,
2.236,0.0084846150,
2.23625,-0.0062672473,
2.2365,0.0080911675,
2.23675,0.0111318203,
2.237,0.0037222146,
2.23725,0.0064678192,
2.2375,0.0161752217,
2.23775,0.0093106274,
2.238,-0.0085797468,
2.23825,-0.0059549492,
2.2385,-0.0129968012,
2.23875,-0.0113805998,
2.239,-0.0035675310,
2.23925,-0.0060412497,
2.2395,-0.0014783631,
2.23975,-0.0129434559,
2.24,0.0006975213,
2.24025,-0.0119186062,
2.2405,0.0068021864,
2.24075,-0.0123360986,
2.241,0.0073798555,
2.24125,0.0093419980,
2.2415,0.0032410016,
2.24175,0.0072520804,
2.242,0.0062457197,
2.24225,0.0005539640,
2.2425,-0.0052066911,
2.24275,-0.0002171256,
2.243,0.0111349188,
2.24325,-0.0127241286,
2.2435,0.0002457415,
2.24375,0.0022171261,
2.244,0.0062921322,
2.24425,-0.0051131444,
2.2445,-0.0162176248,
2.24475,0.0087504368,
2.245,0.0031153869,
2.24525,0.0023411929,
2.2455,-0.0005502183,
2.24575,0.0121369325,
2.246,0.0044828169,
2.24625,-0.0012422214,
2.2465,0.0092929741,
2.24675,0.0161614642,
2.247,-0.0015144201,
2.24725,0.0063051097,
2.2475,0.0048096022,
2.24775,-0.0038289600,
2.248,-0.0057545467,
2.24825,0.0023882296,
2.2485,-0.0112133808,
2.24875,-0.0191090908,
2.249,-0.0174778569,
2.24925,-0.0056362776,
2.2495,-0.0356633738,
2.24975,-0.0188658200,
2.25,-0.0033375481,
2.25025,0.0029053676,
2.2505,0.0039643622,
2.25075,0.0020195856,
2.251,0.0148634380,
2.25125,-0.0032352156,
2.2515,-0.0000888252,
2.25175,0.0078931451,
2.252,0.0016697483,
2.25225,-0.0120810317,
2.2525,-0.0015664685,
2.25275,0.0064580413,
2.253,0.0048664473,
2.25325,-0.0119402586,
2.2535,0.0011707522,
2.25375,0.0040589012,
2.254,0.0008053961,
2.25425,-0.0109111276,
2.2545,-0.0109392367,
2.25475,0.0033741589,
2.255,0.0071334988,
2.25525,-0.0162676536,
2.2555,0.0128076235,
2.25575,0.0149095673,
2.256,-0.0063099521,
2.25625,0.0063478416,
2.2565,0.0177075826,
2.25675,0.0047276188,
2.257,-0.0022777924,
2.25725,0.0172615591,
2.2575,0.0005547288,
2.25775,-0.0198949967,
2.258,-0.0087237572,
2.25825,-0.0021625035,
2.2585,-0.0083318762,
2.25875,-0.0119634168,
2.259,-0.0003095137,
2.25925,-0.0039410559,
2.2595,-0.0090533365,
2.25975,-0.0100706741,
2.26,-0.0015002317,
2.26025,-0.0072639855,
2.2605,-0.0145184454,
2.26075,0.0182853900,
2.261,0.0045917104,
2.26125,0.0059426180,
2.2615,0.0062784646,
2.26175,0.0072130580,
2.262,0.0011969910,
2.26225,-0.0009760619,
2.2625,0.0044679949,
2.26275,-0.0028538972,
2.263,-0.0070826104,
2.26325,0.0133596566,
2.2635,-0.0038536922,
2.26375,0.0126763266,
2.264,0.0001327852,
2.26425,-0.0100305816,
2.2645,0.0085108997,
2.26475,0.0173221007,
2.265,0.0035879621,
2.26525,0.0048911413,
2.2655,0.0153739490,
2.26575,0.0122010848,
2.266,-0.0051571121,
2.26625,0.0132243522,
2.2665,0.0212254357,
2.26675,-0.0020230138,
2.267,0.0090497369,
2.26725,0.0092081409,
2.2675,-0.0009628112,
2.26775,0.0066765286,
2.268,-0.0061549661,
2.26825,-0.0084357364,
2.2685,-0.0098149739,
2.26875,-0.0021180897,
2.269,0.0001915280,
2.26925,-0.0144018559,
2.2695,-0.0079365941,
2.26975,-0.0051256893,
2.27,0.0129946843,
2.27025,-0.0002554207,
2.2705,0.0020013861,
2.27075,0.0050758566,
2.271,0.0085126283,
2.27125,0.0059908396,
2.2715,0.0122026624,
2.27175,0.0147088282,
2.272,0.0090047903,
2.27225,0.0000870806,
2.2725,0.0110298349,
2.27275,0.0014577726,
2.273,-0.0182913318,
2.27325,0.0014441566,
2.2735,0.0081721731,
2.27375,0.0104434788,
2.274,-0.0080312286,
2.27425,0.0034402451,
2.2745,0.0203711502,
2.27475,0.0066458341,
2.275,-0.0030337349,
2.27525,0.0143759847,
2.2755,0.0111270603,
2.27575,0.0049915798,
2.276,0.0046400637,
2.27625,0.0139368149,
2.2765,0.0095233796,
2.27675,0.0124779632,
2.277,0.0102954526,
2.27725,0.0006322137,
2.2775,-0.0071749883,
2.27775,-0.0034671314,
2.278,0.0098626968,
2.27825,0.0071386043,
2.2785,-0.0105747664,
2.27875,0.0019737883,
2.279,-0.0130675957,
2.27925,-0.0080398992,
2.2795,-0.0213226192,
2.27975,0.0016390445,
2.28,0.0059111193,
2.28025,0.0009393136,
2.2805,0.0089161666,
2.28075,0.0117357709,
2.281,0.0131273586,
2.28125,0.0010293882,
2.2815,0.0109818382,
2.28175,0.0109064728,
2.282,0.0035695524,
2.28225,0.0000186488,
2.2825,-0.0025558078,
2.28275,0.0003035647,
2.283,0.0077918987,
2.28325,0.0000190506,
2.2835,0.0150389047,
2.28375,0.0014305499,
2.284,-0.0044092014,
2.28425,0.0060600396,
2.2845,0.0157182328,
2.28475,0.0001434568,
2.285,0.0062756883,
2.28525,0.0103523023,
2.2855,0.0172305889,
2.28575,-0.0025269471,
2.286,0.0108561665,
2.28625,0.0236539394,
2.2865,0.0130047454,
2.28675,-0.0027324874,
2.287,0.0072335014,
2.28725,0.0046431245,
2.2875,0.0016966008,
2.28775,-0.0104747415,
2.288,-0.0000834052,
2.28825,-0.0034694457,
2.2885,-0.0053897239,
2.28875,-0.0070834276,
2.289,-0.0059685009,
2.28925,-0.0181105323,
2.2895,0.0027095831,
2.28975,0.0174725391,
2.29,-0.0000070095,
2.29025,0.0047785686,
2.2905,0.0124123711,
2.29075,0.0119952653,
2.291,0.0008164202,
2.29125,0.0107326861,
2.2915,0.0065524220,
2.29175,0.0007879620,
2.292,0.0060067093,
2.29225,0.0054633939,
2.2925,-0.0052056233,
2.29275,0.0011456672,
2.293,-0.0005457675,
2.29325,0.0090718865,
2.2935,0.0137196779,
2.29375,0.0010799872,
2.294,0.0027131862,
2.29425,0.0096389670,
2.2945,0.0090780212,
2.29475,-0.0032047681,
2.295,0.0048163459,
2.29525,0.0160960387,
2.2955,-0.0012216244,
2.29575,-0.0079166247,
2.296,0.0137126734,
2.29625,0.0201515593,
2.2965,0.0012042435,
2.29675,-0.0062258877,
2.297,0.0009893239,
2.29725,-0.0074759359,
2.2975,-0.0149217956,
2.29775,0.0120860469,
2.298,0.0000580905,
2.29825,-0.0162271168,
2.2985,-0.0127839930,
2.29875,-0.0211350694,
2.299,-0.0218686871,
2.29925,-0.0300555937,
2.2995,0.0118934438,
2.29975,0.0033814239,
2.3,0.0022045502,
2.30025,0.0036316426,
2.3005,0.0139694531,
2.30075,0.0071764207,
2.301,0.0030658394,
2.30125,0.0008605560,
2.3015,0.0093072671,
2.30175,0.0031034860,
2.302,0.0027687144,
2.30225,-0.0100240931,
2.3025,0.0132163102,
2.30275,-0.0024130407,
2.303,-0.0009464984,
2.30325,0.0110748224,
2.3035,-0.0031374372,
2.30375,-0.0048194444,
2.304,-0.0062212404,
2.30425,0.0124615766,
2.3045,0.0035705839,
2.30475,0.0006696507,
2.305,0.0169729143,
2.30525,0.0034646082,
2.3055,0.0052655544,
2.30575,-0.0015123225,
2.306,0.0183614194,
2.30625,0.0125058880,
2.3065,-0.0069068456,
2.30675,0.0037432401,
2.307,-0.0074187377,
2.30725,-0.0085931867,
2.3075,-0.0133355614,
2.30775,0.0057959952,
2.308,-0.0004975664,
2.30825,-0.0037572233,
2.3085,-0.0206559505,
2.30875,-0.0129605280,
2.309,-0.0253174286,
2.30925,-0.0050796918,
2.3095,0.0042144065,
2.30975,0.0094348192,
2.31,-0.0015916920,
2.31025,-0.0007301156,
2.3105,0.0121848173,
2.31075,0.0064605735,
2.311,-0.0074235490,
2.31125,0.0059968275,
2.3115,0.0108149378,
2.31175,0.0026854340,
2.312,-0.0085706292,
2.31225,0.0043659499,
2.3125,0.0030680066,
2.31275,-0.0051622996,
2.313,0.0056716790,
2.31325,-0.0018876151,
2.3135,-0.0094375992,
2.31375,-0.0081000933,
2.314,0.0038955442,
2.31425,0.0012235451,
2.3145,-0.0032636840,
2.31475,0.0035387217,
2.315,0.0065351715,
2.31525,0.0003936157,
2.3155,-0.0021024907,
2.31575,0.0065854029,
2.316,0.0091236606,
2.31625,-0.0085208248,
2.3165,-0.0008029207,
2.31675,-0.0053838911,
2.317,-0.0190274026,
2.31725,-0.0088269208,
2.3175,-0.0011226591,
2.31775,-0.0147376098,
2.318,-0.0240412392,
2.31825,-0.0184821915,
2.3185,-0.0093581816,
2.31875,-0.0242557675,
2.319,-0.0245622732,
2.31925,-0.0032664896,
2.3195,0.0052678240,
2.31975,0.0041573280,
2.32,-0.0084208958,
2.32025,0.0100891832,
2.3205,0.0102403555,
2.32075,-0.0080895275,
2.321,-0.0011662771,
2.32125,0.0077387835,
2.3215,-0.0025846765,
2.32175,-0.0080614863,
2.322,-0.0152910789,
2.32225,0.0008696868,
2.3225,-0.0152572412,
2.32275,-0.0020746836,
2.323,-0.0067174300,
2.32325,-0.0026138078,
2.3235,-0.0085040731,
2.32375,-0.0034276401,
2.324,0.0074471980,
2.32425,0.0055720727,
2.3245,-0.0036559561,
2.32475,0.0005387927,
2.325,0.0022012454,
2.32525,-0.0084718429,
2.3255,-0.0123601221,
2.32575,-0.0035816785,
2.326,0.0017650260,
2.32625,-0.0122075705,
2.3265,-0.0125192935,
2.32675,0.0021237300,
2.327,-0.0131997373,
2.32725,-0.0093790041,
2.3275,0.0014515192,
2.32775,-0.0012372551,
2.328,-0.0189142507,
2.32825,-0.0176894888,
2.3285,-0.0196649693,
2.32875,-0.0330850780,
2.329,-0.0135250948,
2.32925,0.0091923196,
2.3295,0.0061714114,
2.32975,-0.0120548997,
2.33,0.0100562777,
2.33025,0.0052389433,
2.3305,-0.0030158213,
2.33075,-0.0072864061,
2.331,-0.0005491003,
2.33125,-0.0027914583,
2.3315,0.0009036178,
2.33175,-0.0101872496,
2.332,-0.0031209779,
2.33225,-0.0016971817,
2.3325,-0.0021434980,
2.33275,-0.0082471604,
2.333,0.0019460986,
2.33325,0.0090265954,
2.3335,-0.0082609495,
2.33375,-0.0008214538,
2.334,-0.0000331909,
2.33425,-0.0019948327,
2.3345,-0.0091302292,
2.33475,-0.0013249388,
2.335,0.0080961008,
2.33525,-0.0173995197,
2.3355,0.0021541780,
2.33575,0.0152727030,
2.336,-0.0045607644,
2.33625,-0.0018105832,
2.3365,-0.0068063252,
2.33675,-0.0051160390,
2.337,-0.0020082116,
2.33725,0.0073245536,
2.3375,-0.0047407248,
2.33775,-0.0160720050,
2.338,-0.0119208870,
2.33825,0.0032594756,
2.3385,-0.0146607123,
2.33875,-0.0180358626,
2.339,0.0118161310,
2.33925,0.0121712517,
2.3395,0.0023773082,
2.33975,0.0123926634,
2.34,0.0153613035,
2.34025,0.0061431690,
2.3405,-0.0044877743,
2.34075,0.0155044533,
2.341,0.0028061334,
2.34125,0.0108460542,
2.3415,0.0020231013,
2.34175,0.0008584569,
2.342,0.0107040890,
2.34225,0.0054005934,
2.3425,0.0042439117,
2.34275,-0.0030936287,
2.343,0.0097552696,
2.34325,0.0009189625,
2.3435,0.0067964075,
2.34375,0.0112029528,
2.344,0.0183418151,
2.34425,0.0050669415,
2.3445,0.0057408377,
2.34475,0.0219370350,
2.345,0.0037589436,
2.34525,-0.0011896640,
2.3455,0.0175659787,
2.34575,0.0063224044,
2.346,0.0127247032,
2.34625,-0.0080615431,
2.3465,0.0106559545,
2.34675,0.0056682993,
2.347,-0.0043770606,
2.34725,0.0108890887,
2.3475,-0.0019306841,
2.34775,-0.0155726913,
2.348,-0.0096532069,
2.34825,-0.0177029222,
2.3485,0.0051855412,
2.34875,0.0079747522,
2.349,0.0104451077,
2.34925,0.0246393885,
2.3495,0.0139404219,
2.34975,0.0093666846,
2.35,0.0257246476,
2.35025,0.0145586990,
2.3505,0.0048523424,
2.35075,-0.0013107487,
2.351,0.0192928296,
2.35125,0.0104155624,
2.3515,-0.0061178836,
2.35175,0.0097741392,
2.352,0.0058755828,
2.35225,0.0028399073,
2.3525,-0.0119160041,
2.35275,0.0069933189,
2.353,0.0066033197,
2.35325,-0.0046897950,
2.3535,0.0074809655,
2.35375,0.0024875954,
2.354,0.0028299554,
2.35425,0.0027303821,
2.3545,0.0140342778,
2.35475,0.0123359151,
2.355,0.0003560270,
2.35525,0.0080849510,
2.3555,0.0162725132,
2.35575,0.0018537384,
2.356,0.0003220302,
2.35625,-0.0213906709,
2.3565,-0.0068618008,
2.35675,0.0035669906,
2.357,0.0005811877,
2.35725,-0.0069477260,
2.3575,-0.0085166972,
2.35775,-0.0031438693,
2.358,-0.0035674153,
2.35825,-0.0080240229,
2.3585,-0.0098752566,
2.35875,0.0038979645,
2.359,0.0076815817,
2.35925,0.0052239043,
2.3595,-0.0020557328,
2.35975,0.0066973800,
2.36,0.0035502806,
2.36025,0.0036771353,
2.3605,-0.0122108888,
2.36075,-0.0061665829,
2.361,0.0179959442,
2.36125,-0.0130758546,
2.3615,-0.0072885728,
2.36175,0.0048048254,
2.362,-0.0017741522,
2.36225,-0.0154122422,
2.3625,-0.0150351766,
2.36275,-0.0106871547,
2.363,-0.0149591491,
2.36325,-0.0057680584,
2.3635,-0.0095888330,
2.36375,0.0104789827,
2.364,-0.0037065637,
2.36425,-0.0094028357,
2.3645,0.0020124388,
2.36475,0.0032096300,
2.365,-0.0088590365,
2.36525,-0.0044545783,
2.3655,0.0067117182,
2.36575,-0.0016573175,
2.366,-0.0198168494,
2.36625,0.0038875684,
2.3665,-0.0031560252,
2.36675,-0.0177990012,
2.367,-0.0029954326,
2.36725,-0.0114677204,
2.3675,-0.0164806135,
2.36775,-0.0300423130,
2.368,-0.0148528451,
2.36825,-0.0016343774,
2.3685,-0.0045176465,
2.36875,0.0014745019,
2.369,0.0065276236,
2.36925,0.0070427037,
2.3695,0.0008100154,
2.36975,0.0183515064,
2.37,0.0017204303,
2.37025,-0.0038179115,
2.3705,0.0019771860,
2.37075,0.0046716426,
2.371,-0.0075091524,
2.37125,-0.0032293096,
2.3715,-0.0243180804,
2.37175,-0.0058918311,
2.372,-0.0053625372,
2.37225,-0.0209024064,
2.3725,-0.0050933361,
2.37275,0.0066831387,
2.373,-0.0035699592,
2.37325,-0.0141861150,
2.3735,0.0083761746,
2.37375,0.0152467806,
2.374,-0.0115282284,
2.37425,0.0014533527,
2.3745,0.0160925630,
2.37475,-0.0011437788,
2.375,-0.0052317651,
2.37525,0.0122281266,
2.3755,0.0088314340,
2.37575,-0.0167417284,
2.376,-0.0098318495,
2.37625,0.0201650038,
2.3765,0.0045722625,
2.37675,-0.0026217178,
2.377,0.0078667235,
2.37725,0.0074725640,
2.3775,0.0022826351,
2.37775,-0.0044586454,
2.378,-0.0081360638,
2.37825,-0.0025542101,
2.3785,0.0069075036,
2.37875,0.0141278971,
2.379,0.0148280151,
2.37925,-0.0017585345,
2.3795,0.0233870260,
2.37975,0.0114726610,
2.38,0.0172648504,
2.38025,0.0027679233,
2.3805,0.0042420686,
2.38075,0.0135073308,
2.381,-0.0067516705,
2.38125,0.0006507060,
2.3815,0.0035130184,
2.38175,0.0048245061,
2.382,0.0024190585,
2.38225,-0.0028392919,
2.3825,0.0035980509,
2.38275,0.0169854909,
2.383,-0.0030765412,
2.38325,0.0098487595,
2.3835,0.0185832940,
2.38375,0.0151769686,
2.384,-0.0023408493,
2.38425,0.0069040223,
2.3845,0.0163898263,
2.38475,-0.0001789122,
2.385,0.0132033415,
2.38525,0.0281045232,
2.3855,0.0113049224,
2.38575,-0.0011225421,
2.386,0.0152316131,
2.38625,0.0199034996,
2.3865,0.0064648082,
2.38675,0.0008723447,
2.387,0.0070404653,
2.38725,0.0121394992,
2.3875,-0.0162384398,
2.38775,0.0035508485,
2.388,0.0079587204,
2.38825,0.0107571017,
2.3885,0.0078770965,
2.38875,0.0110261329,
2.389,0.0181160942,
2.38925,0.0063924473,
2.3895,0.0086958166,
2.38975,0.0150892120,
2.39,0.0037488677,
2.39025,0.0032260427,
2.3905,0.0065856166,
2.39075,-0.0006519490,
2.391,-0.0033061290,
2.39125,-0.0059707006,
2.3915,0.0205731504,
2.39175,0.0007733065,
2.392,-0.0101142367,
2.39225,0.0105629954,
2.3925,0.0179315507,
2.39275,-0.0049254010,
2.393,0.0002454573,
2.39325,0.0190033875,
2.3935,0.0191993359,
2.39375,-0.0040081581,
2.394,0.0106372703,
2.39425,0.0157450810,
2.3945,0.0092853997,
2.39475,0.0052732807,
2.395,0.0178062953,
2.39525,0.0150864394,
2.3955,-0.0066201873,
2.39575,-0.0070324577,
2.396,0.0208708271,
2.39625,0.0019611027,
2.3965,-0.0104249911,
2.39675,-0.0045428509,
2.397,0.0019436645,
2.39725,-0.0019039434,
2.3975,-0.0190115683,
2.39775,-0.0102177393,
2.398,0.0080168191,
2.39825,0.0076781265,
2.3985,-0.0022530823,
2.39875,0.0103782751,
2.399,0.0054451991,
2.39925,0.0032875217,
2.3995,0.0103431176,
2.39975,0.0043713311,
2.4,-0.0175619628,
2.40025,-0.0061864117,
2.4005,0.0023180533,
2.40075,-0.0096123042,
2.401,-0.0144347278,
2.40125,0.0026740229,
2.4015,-0.0019973880,
2.40175,-0.0011940601,
2.402,-0.0137062985,
2.40225,0.0026883164,
2.4025,0.0075495825,
2.40275,-0.0129462928,
2.403,-0.0000168985,
2.40325,0.0039778147,
2.4035,0.0024836645,
2.40375,-0.0127327610,
2.404,0.0061754133,
2.40425,0.0118797878,
2.4045,0.0017462311,
2.40475,-0.0043321638,
2.405,0.0169799011,
2.40525,-0.0050114845,
2.4055,-0.0184799638,
2.40575,0.0040596961,
2.406,0.0001760191,
2.40625,-0.0209332667,
2.4065,-0.0122949937,
2.40675,-0.0113128638,
2.407,-0.0092354929,
2.40725,-0.0386011750,
2.4075,-0.0040860558,
2.40775,0.0015654983,
2.408,-0.0034741757,
2.40825,-0.0036424773,
2.4085,0.0053569297,
2.40875,-0.0035089431,
2.409,-0.0157255828,
2.40925,-0.0022673798,
2.4095,-0.0111990282,
2.40975,-0.0125201149,
2.41,-0.0117590055,
2.41025,-0.0063655535,
2.4105,-0.0033142420,
2.41075,-0.0099399732,
2.411,-0.0142219011,
2.41125,-0.0046251947,
2.4115,-0.0097329468,
2.41175,-0.0108301509,
2.412,-0.0142498408,
2.41225,0.0026839485,
2.4125,-0.0032832986,
2.41275,-0.0142695289,
2.413,0.0001389512,
2.41325,0.0180016123,
2.4135,-0.0065281233,
2.41375,-0.0084663639,
2.414,0.0140293026,
2.41425,0.0021268057,
2.4145,-0.0150854746,
2.41475,0.0069240509,
2.415,0.0057938457,
2.41525,-0.0204257146,
2.4155,-0.0238356534,
2.41575,0.0052116849,
2.416,-0.0158327390,
2.41625,-0.0243707374,
2.4165,-0.0062707746,
2.41675,-0.0011962415,
2.417,-0.0254665967,
2.41725,-0.0131501537,
2.4175,-0.0083880424,
2.41775,-0.0095056975,
2.418,-0.0084851533,
2.41825,-0.0103632351,
2.4185,0.0047991662,
2.41875,-0.0011248856,
2.419,-0.0063311122,
2.41925,0.0026345837,
2.4195,-0.0107094552,
2.41975,-0.0203880761,
2.42,-0.0017588136,
2.42025,-0.0107990932,
2.4205,-0.0183933452,
2.42075,-0.0123277288,
2.421,0.0022206954,
2.42125,-0.0063251699,
2.4215,-0.0066541778,
2.42175,-0.0146009205,
2.422,-0.0056143482,
2.42225,0.0058822143,
2.4225,0.0016759256,
2.42275,-0.0034323526,
2.423,0.0115506174,
2.42325,0.0040887836,
2.4235,-0.0042634825,
2.42375,-0.0001822225,
2.424,0.0149336914,
2.42425,0.0035272795,
2.4245,-0.0028987022,
2.42475,0.0059306398,
2.425,0.0006675834,
2.42525,-0.0090504363,
2.4255,0.0049800840,
2.42575,-0.0048720050,
2.426,-0.0161734857,
2.42625,-0.0067738714,
2.4265,-0.0135595463,
2.42675,-0.0199916922,
2.427,-0.0247705001,
2.42725,-0.0083099995,
2.4275,-0.0014200043,
2.42775,0.0095708221,
2.428,-0.0083102761,
2.42825,0.0137269050,
2.4285,-0.0150586562,
2.42875,-0.0094096428,
2.429,-0.0054128380,
2.42925,-0.0000033449,
2.4295,0.0035935277,
2.42975,-0.0104246046,
2.43,-0.0008538176,
2.43025,0.0109721860,
2.4305,-0.0134218521,
2.43075,-0.0040186509,
2.431,0.0045682625,
2.43125,0.0015292689,
2.4315,-0.0063575739,
2.43175,-0.0110953934,
2.432,0.0134073198,
2.43225,0.0043863170,
2.4325,-0.0037789955,
2.43275,0.0145334462,
2.433,0.0105652129,
2.43325,0.0038746390,
2.4335,-0.0000472050,
2.43375,0.0097652674,
2.434,0.0022059861,
2.43425,-0.0010454489,
2.4345,0.0147613557,
2.43475,-0.0039377976,
2.435,-0.0179658253,
2.43525,-0.0003784243,
2.4355,-0.0013331901,
2.43575,0.0018364880,
2.436,-0.0045417729,
2.43625,-0.0138874408,
2.4365,-0.0045725009,
2.43675,-0.0092441877,
2.437,-0.0171617307,
2.43725,-0.0116447657,
2.4375,0.0058982810,
2.43775,-0.0175811406,
2.438,0.0003281142,
2.43825,0.0128404051,
2.4385,0.0100484872,
2.43875,-0.0014915613,
2.439,0.0032559517,
2.43925,0.0011069711,
2.4395,-0.0049213115,
2.43975,-0.0033999183,
2.44,-0.0103244195,
2.44025,-0.0103952680,
2.4405,-0.0067557120,
2.44075,0.0016919709,
2.441,0.0071853539,
2.44125,0.0015872377,
2.4415,-0.0129706152,
2.44175,0.0040409281,
2.442,0.0084296716,
2.44225,0.0161708500,
2.4425,-0.0036151647,
2.44275,0.0213121362,
2.443,0.0108824745,
2.44325,0.0029127784,
2.4435,0.0028608544,
2.44375,0.0198659040,
2.444,0.0090182126,
2.44425,0.0017233331,
2.4445,-0.0018470072,
2.44475,-0.0022355290,
2.445,-0.0034859469,
2.44525,-0.0033430976,
2.4455,-0.0104204919,
2.44575,-0.0130334599,
2.446,-0.0195720904,
2.44625,0.0019891090,
2.4465,-0.0144135123,
2.44675,-0.0212294385,
2.447,-0.0039308965,
2.44725,0.0157820508,
2.4475,0.0107550770,
2.44775,0.0070089633,
2.448,0.0065915962,
2.44825,0.0010877285,
2.4485,-0.0008405094,
2.44875,0.0007318916,
2.449,0.0043670242,
2.44925,-0.0078943074,
2.4495,0.0066420645,
2.44975,-0.0055985441,
2.45,-0.0024081166,
2.45025,-0.0124520240,
2.4505,-0.0045954208,
2.45075,-0.0022917634,
2.451,0.0162955746,
2.45125,0.0024921666,
2.4515,-0.0054898211,
2.45175,0.0064844554,
2.452,0.0157820340,
2.45225,-0.0006708915,
2.4525,-0.0011231909,
2.45275,0.0120775159,
2.453,0.0077132760,
2.45325,-0.0135499425,
2.4535,0.0089218942,
2.45375,0.0113041596,
2.454,0.0018630200,
2.45425,0.0020753909,
2.4545,-0.0018387460,
2.45475,-0.0097395703,
2.455,-0.0050272588,
2.45525,0.0080588143,
2.4555,0.0159233883,
2.45575,-0.0144495247,
2.456,0.0050763930,
2.45625,-0.0069800932,
2.4565,-0.0201416053,
2.45675,-0.0152309649,
2.457,-0.0019620415,
2.45725,0.0086200051,
2.4575,-0.0132493638,
2.45775,0.0071074758,
2.458,0.0034870454,
2.45825,0.0033679409,
2.4585,-0.0047164811,
2.45875,0.0074726446,
2.459,-0.0122562349,
2.45925,0.0064319577,
2.4595,-0.0099902712,
2.45975,-0.0033787433,
2.46,-0.0051750923,
2.46025,0.0093763098,
2.4605,0.0007284628,
2.46075,0.0073208567,
2.461,0.0044274074,
2.46125,-0.0075495206,
2.4615,0.0005369800,
2.46175,0.0106244870,
2.462,0.0101562999,
2.46225,0.0013362884,
2.4625,0.0126902675,
2.46275,0.0185750872,
2.463,0.0018720020,
2.46325,0.0075163697,
2.4635,0.0164241530,
2.46375,0.0154287964,
2.464,0.0013805447,
2.46425,-0.0001669188,
2.4645,-0.0033444534,
2.46475,0.0062117465,
2.465,-0.0015787056,
2.46525,-0.0131688938,
2.4655,0.0077803321,
2.46575,-0.0046712807,
2.466,-0.0003971691,
2.46625,-0.0138625735,
2.4665,-0.0048093568,
2.46675,-0.0031964546,
2.467,0.0161455236,
2.46725,0.0126386657,
2.4675,0.0150547177,
2.46775,-0.0030242130,
2.468,0.0184054263,
2.46825,0.0071527176,
2.4685,0.0051304195,
2.46875,0.0109750293,
2.469,0.0094303470,
2.46925,0.0074893404,
2.4695,0.0044383369,
2.46975,0.0015332594,
2.47,-0.0070426511,
2.47025,-0.0026296393,
2.4705,0.0109032933,
2.47075,0.0170858707,
2.471,-0.0008003264,
2.47125,0.0009436576,
2.4715,0.0163566060,
2.47175,0.0167351887,
2.472,0.0036224220,
2.47225,0.0126758330,
2.4725,0.0239143781,
2.47275,0.0068539698,
2.473,0.0016002283,
2.47325,0.0144199478,
2.4735,0.0110827535,
2.47375,0.0197748914,
2.474,-0.0017457870,
2.47425,-0.0160669386,
2.4745,0.0029950887,
2.47475,-0.0009306314,
2.475,0.0015061669,
2.47525,0.0094088055,
2.4755,-0.0042107343,
2.47575,0.0005324237,
2.476,-0.0234177969,
2.47625,-0.0077765239,
2.4765,-0.0182392970,
2.47675,-0.0123776319,
2.477,0.0052316394,
2.47725,0.0076554315,
2.4775,-0.0038079778,
2.47775,0.0092000198,
2.478,0.0133862142,
2.47825,0.0121816024,
2.4785,0.0016255195,
2.47875,0.0117581002,
2.479,0.0144176930,
2.47925,-0.0050712852,
2.4795,0.0026099039,
2.47975,0.0013103797,
2.48,0.0041634301,
2.48025,-0.0097042872,
2.4805,0.0166928172,
2.48075,-0.0030793834,
2.481,0.0012349967,
2.48125,0.0062574218,
2.4815,0.0140944263,
2.48175,0.0188494120,
2.482,0.0118604060,
2.48225,0.0125268362,
2.4825,0.0203191005,
2.48275,0.0076380949,
2.483,-0.0009642201,
2.48325,0.0108654620,
2.4835,0.0113996621,
2.48375,-0.0086354511,
2.484,-0.0106251789,
2.48425,-0.0037444867,
2.4845,0.0015634792,
2.48475,-0.0186902639,
2.485,0.0067891153,
2.48525,0.0149551649,
2.4855,0.0025756918,
2.48575,-0.0243771262,
2.486,-0.0116462540,
2.48625,-0.0176441427,
2.4865,-0.0213080086,
2.48675,0.0138961347,
2.487,0.0110810883,
2.48725,0.0038241446,
2.4875,0.0118719228,
2.48775,0.0221162997,
2.488,0.0118533568,
2.48825,0.0076806732,
2.4885,0.0092747109,
2.48875,0.0101908008,
2.489,0.0005133006,
2.48925,0.0033875899,
2.4895,-0.0200502910,
2.48975,-0.0011243591,
2.49,0.0013892874,
2.49025,-0.0039902162,
2.4905,0.0039709671,
2.49075,0.0108971456,
2.491,0.0036432790,
2.49125,-0.0020705690,
2.4915,0.0167348888,
2.49175,0.0124219386,
2.492,-0.0005518275,
2.49225,0.0115449578,
2.4925,0.0163391065,
2.49275,-0.0075770123,
2.493,0.0013916799,
2.49325,0.0223142132,
2.4935,0.0009244843,
2.49375,-0.0163766313,
2.494,-0.0041943723,
2.49425,0.0050950460,
2.4945,-0.0132720564,
2.49475,-0.0067189983,
2.495,-0.0004512002,
2.49525,-0.0271143094,
2.4955,-0.0212660879,
2.49575,-0.0070543005,
2.496,-0.0032612253,
2.49625,-0.0333460495,
2.4965,-0.0030179010,
2.49675,0.0119345039,
2.497,0.0086711776,
2.49725,-0.0022044226,
2.4975,0.0165346824,
2.49775,0.0199183747,
2.498,0.0107117826,
2.49825,-0.0027428393,
2.4985,0.0106101725,
2.49875,0.0030800395,
2.499,0.0048665032,
2.49925,-0.0083618434,
2.4995,0.0070847105,
2.49975,0.0026172891,
2.5,-0.0078031165,
2.50025,0.0033902724,
2.5005,-0.0010605198,
2.50075,0.0051678508,
2.501,-0.0064329100,
2.50125,0.0102569954,
2.5015,0.0133435847,
2.50175,0.0068287887,
2.502,0.0012552468,
2.50225,0.0091047613,
2.5025,0.0058935764,
2.50275,-0.0021928265,
2.503,0.0055223834,
2.50325,0.0106806578,
2.5035,-0.0113091990,
2.50375,-0.0075019663,
2.504,0.0022655940,
2.50425,0.0048141871,
2.5045,-0.0144278584,
2.50475,0.0065841111,
2.505,0.0060240091,
2.50525,-0.0018822505,
2.5055,-0.0222178642,
2.50575,-0.0095596202,
2.506,-0.0224457141,
2.50625,-0.0151849855,
2.5065,0.0079803662,
2.50675,0.0167763885,
2.507,0.0064019617,
2.50725,0.0099470885,
2.5075,0.0128343413,
2.50775,0.0126629369,
2.508,-0.0008640874,
2.50825,-0.0090845097,
2.5085,0.0094651189,
2.50875,-0.0000808729,
2.509,-0.0141000953,
2.50925,-0.0083802789,
2.5095,0.0066616614,
2.50975,-0.0070675812,
2.51,-0.0047270264,
2.51025,-0.0066027213,
2.5105,0.0078867637,
2.51075,-0.0119444681,
2.511,-0.0031038609,
2.51125,-0.0020106602,
2.5115,-0.0045291418,
2.51175,-0.0075286701,
2.512,0.0037037157,
2.51225,0.0094267325,
2.5125,-0.0061645964,
2.51275,-0.0086064069,
2.513,0.0123545006,
2.51325,-0.0087083187,
2.5135,-0.0160733815,
2.51375,-0.0109208673,
2.514,-0.0134326275,
2.51425,-0.0192226060,
2.5145,-0.0104412725,
2.51475,-0.0232667364,
2.515,-0.0324971825,
2.51525,-0.0221836958,
2.5155,-0.0067558442,
2.51575,-0.0088123120,
2.516,-0.0184926651,
2.51625,-0.0011244660,
2.5165,-0.0022211075,
2.51675,0.0034323798,
2.517,-0.0068633370,
2.51725,0.0001165698,
2.5175,0.0170768015,
2.51775,0.0009016634,
2.518,-0.0142329857,
2.51825,0.0083369650,
2.5185,-0.0019869497,
2.51875,-0.0041716155,
2.519,-0.0236787368,
2.51925,0.0080303028,
2.5195,-0.0123491557,
2.51975,-0.0046224305,
2.52,-0.0198421348,
2.52025,-0.0097628664,
2.5205,-0.0103226490,
2.52075,-0.0078721568,
2.521,-0.0026747095,
2.52125,0.0005974792,
2.5215,-0.0001283436,
2.52175,-0.0103429714,
2.522,0.0079968022,
2.52225,-0.0017285752,
2.5225,-0.0107043944,
2.52275,-0.0041099940,
2.523,-0.0058748270,
2.52325,-0.0111610573,
2.5235,-0.0236356780,
2.52375,-0.0036736107,
2.524,0.0044450858,
2.52425,-0.0228600912,
2.5245,-0.0030562493,
2.52475,-0.0047702151,
2.525,-0.0288849790,
2.52525,-0.0321527831,
2.5255,-0.0222126953,
2.52575,-0.0224204026,
2.526,-0.0087427776,
2.52625,-0.0051547289,
2.5265,0.0095619457,
2.52675,-0.0115418909,
2.527,-0.0032376030,
2.52725,0.0107796909,
2.5275,0.0033402443,
2.52775,-0.0038556682,
2.528,-0.0077896779,
2.52825,0.0007419008,
2.5285,0.0004752372,
2.52875,-0.0169609711,
2.529,-0.0146484571,
2.52925,-0.0088246427,
2.5295,-0.0067145512,
2.52975,-0.0211904459,
2.53,-0.0303024463,
2.53025,0.0024628791,
2.5305,-0.0102601591,
2.53075,-0.0177254174,
2.531,-0.0075261677,
2.53125,0.0089948084,
2.5315,-0.0090515623,
2.53175,-0.0070443470,
2.532,0.0092593282,
2.53225,-0.0012657681,
2.5325,-0.0185604002,
2.53275,0.0095761307,
2.533,0.0040845219,
2.53325,-0.0185778383,
2.5335,-0.0139273703,
2.53375,-0.0146760512,
2.534,-0.0159154683,
2.53425,-0.0096230898,
2.5345,-0.0062762313,
2.53475,-0.0082870936,
2.535,-0.0203776825,
2.53525,-0.0025225249,
2.5355,-0.0046744188,
2.53575,-0.0311936289,
2.536,0.0036095236,
2.53625,0.0020355943,
2.5365,0.0128075564,
2.53675,-0.0036375131,
2.537,0.0126738651,
2.53725,0.0202948228,
2.5375,0.0097220028,
2.53775,0.0046868422,
2.538,0.0034823224,
2.53825,0.0109716402,
2.5385,-0.0080255941,
2.53875,-0.0184291359,
2.539,0.0101239830,
2.53925,-0.0135464957,
2.5395,0.0002052466,
2.53975,-0.0205923952,
2.54,-0.0035561640,
2.54025,-0.0002138513,
2.5405,0.0040856255,
2.54075,0.0056628967,
2.541,0.0171997361,
2.54125,0.0121568553,
2.5415,-0.0007686635,
2.54175,0.0063710357,
2.542,0.0119138313,
2.54225,0.0062767155,
2.5425,-0.0014537898,
2.54275,0.0132837556,
2.543,0.0036003555,
2.54325,-0.0015179052,
2.5435,0.0103240507,
2.54375,0.0118882433,
2.544,0.0035885270,
2.54425,0.0055912333,
2.5445,-0.0021135397,
2.54475,-0.0196734555,
2.545,-0.0161406044,
2.54525,-0.0067336438,
2.5455,0.0110752955,
2.54575,0.0174933672,
2.546,0.0046264734,
2.54625,0.0209102985,
2.5465,0.0170159452,
2.54675,0.0090099117,
2.547,0.0238178149,
2.54725,0.0210697185,
2.5475,0.0120233241,
2.54775,0.0018979700,
2.548,0.0106652817,
2.54825,0.0143142212,
2.5485,-0.0029559166,
2.54875,-0.0057580932,
2.549,0.0148677286,
2.54925,0.0136381704,
2.5495,-0.0103978617,
2.54975,-0.0050590769,
2.55,0.0133575415,
2.55025,0.0091511169,
2.5505,-0.0003818949,
2.55075,0.0154124349,
2.551,0.0202136561,
2.55125,0.0072126375,
2.5515,0.0103488024,
2.55175,0.0170430243,
2.552,0.0099394480,
2.55225,0.0045821918,
2.5525,0.0190820955,
2.55275,0.0139542092,
2.553,0.0035716705,
2.55325,-0.0009100274,
2.5535,-0.0033507450,
2.55375,0.0076743141,
2.554,0.0058640298,
2.55425,-0.0021442347,
2.5545,0.0081917513,
2.55475,0.0053709177,
2.555,0.0024313596,
2.55525,-0.0168839060,
2.5555,-0.0081491638,
2.55575,-0.0054117343,
2.556,0.0068693254,
2.55625,0.0111992043,
2.5565,0.0073308456,
2.55675,0.0113295438,
2.557,0.0119649349,
2.55725,0.0113188755,
2.5575,0.0009574267,
2.55775,-0.0071829334,
2.558,0.0152966231,
2.55825,-0.0087024104,
2.5585,-0.0031866468,
2.55875,0.0050403234,
2.559,0.0017228302,
2.55925,-0.0026131822,
2.5595,-0.0126041975,
2.55975,0.0002391850,
2.56,0.0067780688,
2.56025,0.0050452836,
2.5605,-0.0086389603,
2.56075,0.0106939413,
2.561,0.0061734561,
2.56125,-0.0032987925,
2.5615,-0.0017035869,
2.56175,0.0142117944,
2.562,0.0040551964,
2.56225,-0.0044950824,
2.5625,0.0144319655,
2.56275,0.0083435830,
2.563,-0.0066453936,
2.56325,-0.0054932712,
2.5635,-0.0036585499,
2.56375,-0.0103437565,
2.564,-0.0191489980,
2.56425,-0.0076447111,
2.5645,-0.0151001383,
2.56475,-0.0225796402,
2.565,-0.0185017828,
2.56525,0.0062677041,
2.5655,-0.0030653100,
2.56575,-0.0078001088,
2.566,0.0034348154,
2.56625,0.0016991039,
2.5665,-0.0015522715,
2.56675,0.0041598347,
2.567,0.0001820850,
2.56725,-0.0009132281,
2.5675,-0.0086637810,
2.56775,0.0008212640,
2.568,-0.0059873373,
2.56825,-0.0063187396,
2.5685,-0.0109191090,
2.56875,-0.0001225783,
2.569,0.0017119700,
2.56925,-0.0105594741,
2.5695,-0.0144011397,
2.56975,0.0051860949,
2.57,0.0094502494,
2.57025,-0.0143063497,
2.5705,0.0000623989,
2.57075,0.0216047913,
2.571,0.0038659375,
2.57125,-0.0122438669,
2.5715,0.0186078269,
2.57175,0.0147197489,
2.572,-0.0083945049,
2.57225,0.0109560192,
2.5725,0.0094621852,
2.57275,-0.0111421403,
2.573,-0.0234890990,
2.57325,0.0048114457,
2.5735,0.0103052389,
2.57375,-0.0144007206,
2.574,-0.0083269514,
2.57425,0.0086952681,
2.5745,-0.0064036688,
2.57475,-0.0143539421,
2.575,-0.0144830449,
2.57525,0.0013817673,
2.5755,-0.0101562552,
2.57575,0.0078757005,
2.576,0.0042007091,
2.57625,0.0091907512,
2.5765,0.0095002092,
2.57675,0.0122972652,
2.577,0.0108538307,
2.57725,0.0058833696,
2.5775,0.0078841057,
2.57775,0.0103732664,
2.578,-0.0008895651,
2.57825,0.0066489531,
2.5785,0.0033049346,
2.57875,0.0128530022,
2.579,-0.0030097624,
2.57925,0.0002628215,
2.5795,-0.0011126137,
2.57975,0.0182294007,
2.58,0.0061750701,
2.58025,0.0000013819,
2.5805,0.0179364122,
2.58075,0.0214465987,
2.581,0.0037251508,
2.58125,0.0134884715,
2.5815,0.0191643015,
2.58175,0.0171115622,
2.582,0.0012682623,
2.58225,0.0157663897,
2.5825,0.0152213816,
2.58275,0.0009345271,
2.583,-0.0000312386,
2.58325,0.0100040641,
2.5835,0.0027723236,
2.58375,0.0000933682,
2.584,0.0048131994,
2.58425,0.0073136245,
2.5845,-0.0073799016,
2.58475,-0.0080795456,
2.585,0.0193961542,
2.58525,0.0051101292,
2.5855,0.0097532840,
2.58575,0.0122928610,
2.586,0.0233577732,
2.58625,0.0062005222,
2.5865,0.0119953025,
2.58675,0.0139499474,
2.587,0.0217744783,
2.58725,0.0110255294,
2.5875,0.0144992163,
2.58775,0.0152509091,
2.588,0.0098045627,
2.58825,0.0079524964,
2.5885,0.0163997207,
2.58875,0.0219904110,
2.589,-0.0019524670,
2.58925,0.0055938317,
2.5895,0.0304074492,
2.58975,0.0133428546,
2.59,0.0075239688,
2.59025,0.0135126170,
2.5905,0.0273013003,
2.59075,0.0147388922,
2.591,0.0065719155,
2.59125,0.0200327877,
2.5915,0.0170164965,
2.59175,0.0041190432,
2.592,0.0098767355,
2.59225,0.0088303555,
2.5925,0.0031713434,
2.59275,-0.0073713758,
2.593,0.0170597695,
2.59325,0.0246701408,
2.5935,-0.0010780685,
2.59375,0.0018953972,
2.594,-0.0043888125,
2.59425,-0.0028967448,
2.5945,-0.0102097914,
2.59475,-0.0110507328,
2.595,0.0100232307,
2.59525,0.0112182721,
2.5955,-0.0017587095,
2.59575,0.0074619465,
2.596,0.0249759778,
2.59625,0.0042239851,
2.5965,0.0044569829,
2.59675,0.0162620824,
2.597,-0.0032126668,
2.59725,0.0056623667,
2.5975,-0.0007560285,
2.59775,0.0021721791,
2.598,-0.0076220650,
2.59825,0.0018781662,
2.5985,0.0097981738,
2.59875,-0.0042661042,
2.599,-0.0068489695,
2.59925,-0.0038563076,
2.5995,0.0064716623,
2.59975,0.0013135453,
2.6,-0.0018159109,
2.60025,0.0074424357,
2.6005,0.0118034463,
2.60075,-0.0051078582,
2.601,0.0005060730,
2.60125,0.0034167420,
2.6015,0.0128584690,
2.60175,-0.0100756399,
2.602,-0.0015893368,
2.60225,0.0026276833,
2.6025,-0.0065428880,
2.60275,-0.0130596766,
2.603,0.0061369715,
2.60325,-0.0051211761,
2.6035,-0.0060264505,
2.60375,-0.0226496514,
2.604,-0.0061952537,
2.60425,-0.0303403065,
2.6045,-0.0265560523,
2.60475,0.0051324023,
2.605,0.0023590028,
2.60525,-0.0120330499,
2.6055,0.0071132672,
2.60575,-0.0009908301,
2.606,-0.0099428855,
2.60625,-0.0071813888,
2.6065,-0.0097874552,
2.60675,0.0014590127,
2.607,-0.0078049097,
2.60725,0.0014879502,
2.6075,-0.0067800283,
2.60775,-0.0009961078,
2.608,-0.0090564657,
2.60825,-0.0031768067,
2.6085,-0.0105966665,
2.60875,-0.0056773070,
2.609,-0.0182280019,
2.60925,-0.0013486900,
2.6095,0.0090718092,
2.60975,-0.0085582975,
2.61,-0.0036455307,
2.61025,0.0083249714,
2.6105,0.0025698515,
2.61075,-0.0116871437,
2.611,-0.0012996471,
2.61125,0.0189514514,
2.6115,-0.0119188596,
2.61175,-0.0067239190,
2.612,0.0097919405,
2.61225,-0.0213502683,
2.6125,-0.0195795149,
2.61275,0.0016218179,
2.613,0.0000206032,
2.61325,-0.0143285394,
2.6135,-0.0247967057,
2.61375,-0.0065255035,
2.614,-0.0184067972,
2.61425,-0.0282819420,
2.6145,-0.0060231611,
2.61475,0.0055108736,
2.615,-0.0076236292,
2.61525,-0.0035688984,
2.6155,0.0068717543,
2.61575,0.0052052825,
2.616,-0.0129795829,
2.61625,-0.0014975516,
2.6165,-0.0014049421,
2.61675,-0.0146116232,
2.617,0.0014859147,
2.61725,-0.0140972892,
2.6175,-0.0120860152,
2.61775,-0.0048467591,
2.618,-0.0015581808,
2.61825,-0.0041097794,
2.6185,0.0008482529,
2.61875,-0.0083609931,
2.619,-0.0075327866,
2.61925,-0.0007808504,
2.6195,0.0056732730,
2.61975,-0.0011812560,
2.62,0.0007785098,
2.62025,0.0043467674,
2.6205,0.0040323376,
2.62075,-0.0011768077,
2.621,0.0131071601,
2.62125,0.0148333693,
2.6215,-0.0005075585,
2.62175,-0.0016884425,
2.622,-0.0044904714,
2.62225,-0.0008931351,
2.6225,-0.0097592231,
2.62275,-0.0009651237,
2.623,-0.0040129693,
2.62325,-0.0074013136,
2.6235,-0.0108591616,
2.62375,-0.0149938334,
2.624,-0.0229142010,
2.62425,-0.0107433572,
2.6245,0.0000938377,
2.62475,0.0142663149,
2.625,-0.0047388268,
2.62525,0.0004753609,
2.6255,-0.0120396949,
2.62575,0.0031388665,
2.626,-0.0089945374,
2.62625,-0.0072577717,
2.6265,0.0073324852,
2.62675,0.0026950312,
2.627,-0.0072301668,
2.62725,0.0050613545,
2.6275,-0.0016031570,
2.62775,-0.0093844142,
2.628,-0.0037364240,
2.62825,-0.0077922782,
2.6285,0.0007636695,
2.62875,-0.0183566976,
2.629,-0.0015800947,
2.62925,0.0111223767,
2.6295,-0.0077170758,
2.62975,0.0080401134,
2.63,0.0012213737,
2.63025,0.0050290837,
2.6305,0.0035275407,
2.63075,-0.0040152385,
2.631,0.0135854492,
2.63125,-0.0069328463,
2.6315,-0.0000630331,
2.63175,-0.0140785063,
2.632,-0.0322955772,
2.63225,-0.0033961176,
2.6325,-0.0009435053,
2.63275,-0.0040440941,
2.633,-0.0088606952,
2.63325,-0.0157734919,
2.6335,-0.0024402097,
2.63375,-0.0088430960,
2.634,-0.0207793377,
2.63425,-0.0085924789,
2.6345,0.0046117222,
2.63475,-0.0079422388,
2.635,-0.0046623256,
2.63525,-0.0074020512,
2.6355,-0.0027324327,
2.63575,-0.0162048601,
2.636,-0.0074537070,
2.63625,-0.0019298414,
2.6365,-0.0039158808,
2.63675,-0.0076172259,
2.637,-0.0185238477,
2.63725,0.0011819992,
2.6375,-0.0081680287,
2.63775,-0.0047139670,
2.638,-0.0083870729,
2.63825,0.0008654364,
2.6385,-0.0159666371,
2.63875,-0.0006043008,
2.639,0.0055547776,
2.63925,0.0073973183,
2.6395,0.0048188376,
2.63975,-0.0006567840,
2.64,0.0089019947,
2.64025,0.0058707390,
2.6405,-0.0110707246,
2.64075,0.0030802398,
2.641,-0.0010365130,
2.64125,0.0023450127,
2.6415,-0.0187563654,
2.64175,-0.0183333568,
2.642,-0.0020823549,
2.64225,-0.0111918319,
2.6425,-0.0096134618,
2.64275,0.0086304042,
2.643,-0.0085768532,
2.64325,0.0000843321,
2.6435,-0.0252140462,
2.64375,-0.0174645316,
2.644,-0.0035947976,
2.64425,0.0012893365,
2.6445,0.0115842223,
2.64475,-0.0037883034,
2.645,-0.0058201491,
2.64525,0.0021422449,
2.6455,-0.0011664073,
2.64575,-0.0034706679,
2.646,0.0028883000,
2.64625,-0.0026736818,
2.6465,0.0116777401,
2.64675,-0.0013170012,
2.647,0.0016075510,
2.64725,-0.0108311493,
2.6475,0.0009094938,
2.64775,-0.0089582801,
2.648,-0.0013073711,
2.64825,0.0059542456,
2.6485,-0.0061310804,
2.64875,-0.0020834485,
2.649,0.0048269066,
2.64925,0.0090735303,
2.6495,-0.0006303509,
2.64975,0.0063364110,
2.65,0.0181663670,
2.65025,-0.0049503776,
2.6505,-0.0060495595,
2.65075,0.0188674238,
2.651,0.0104650194,
2.65125,-0.0060815341,
2.6515,-0.0083165970,
2.65175,-0.0040673413,
2.652,0.0050062314,
2.65225,-0.0033532560,
2.6525,0.0131647000,
2.65275,-0.0050310506,
2.653,-0.0068043214,
2.65325,-0.0050900159,
2.6535,-0.0050680209,
2.65375,-0.0174184218,
2.654,-0.0025104224,
2.65425,0.0122401910,
2.6545,0.0034083056,
2.65475,0.0041773836,
2.655,0.0031782060,
2.65525,0.0051193503,
2.6555,0.0021300293,
2.65575,0.0062959818,
2.656,-0.0023658841,
2.65625,0.0090490300,
2.6565,-0.0058005280,
2.65675,-0.0026153729,
2.657,0.0041839499,
2.65725,0.0024222923,
2.6575,-0.0079481695,
2.65775,-0.0007307135,
2.658,-0.0025668330,
2.65825,0.0045697535,
2.6585,-0.0009369558,
2.65875,0.0036682051,
2.659,0.0243294537,
2.65925,0.0123327393,
2.6595,0.0075292704,
2.65975,0.0135505330,
2.66,0.0081513496,
2.66025,-0.0019847071,
2.6605,0.0032872502,
2.66075,0.0122560896,
2.661,0.0007836797,
2.66125,-0.0114543419,
2.6615,-0.0077909036,
2.66175,0.0037702597,
2.662,-0.0100092664,
2.66225,-0.0042691538,
2.6625,0.0094713103,
2.66275,0.0048135924,
2.663,-0.0077658249,
2.66325,-0.0238113813,
2.6635,0.0026766441,
2.66375,-0.0008271189,
2.664,0.0052081444,
2.66425,0.0124861132,
2.6645,0.0159162190,
2.66475,-0.0043528560,
2.665,0.0141186118,
2.66525,0.0117536560,
2.6655,0.0060315374,
2.66575,-0.0073740380,
2.666,0.0054198713,
2.66625,0.0000740172,
2.6665,-0.0034366851,
2.66675,-0.0145736951,
2.667,0.0001252352,
2.66725,0.0051043173,
2.6675,-0.0194256715,
2.66775,0.0077136513,
2.668,0.0078535574,
2.66825,-0.0036016477,
2.6685,-0.0010468403,
2.66875,0.0076387636,
2.669,0.0075582135,
2.66925,0.0050751138,
2.6695,0.0048198905,
2.66975,0.0116058579,
2.67,-0.0008173077,
2.67025,0.0040633744,
2.6705,0.0135259805,
2.67075,0.0126642231,
2.671,0.0003485260,
2.67125,-0.0129836416,
2.6715,0.0000640691,
2.67175,0.0137823671,
2.672,-0.0070657274,
2.67225,0.0023251900,
2.6725,-0.0095427707,
2.67275,-0.0018784853,
2.673,-0.0165972281,
2.67325,0.0020688390,
2.6735,-0.0069022872,
2.67375,-0.0010436993,
2.674,0.0035164747,
2.67425,0.0110841841,
2.6745,-0.0003981552,
2.67475,0.0045476928,
2.675,0.0067923660,
2.67525,0.0168478638,
2.6755,-0.0053098071,
2.67575,-0.0096757188,
2.676,0.0153771611,
2.67625,-0.0000977268,
2.6765,-0.0039516622,
2.67675,0.0067375437,
2.677,0.0074438900,
2.67725,-0.0181179661,
2.6775,0.0051998040,
2.67775,-0.0143818222,
2.678,0.0027130730,
2.67825,-0.0124791246,
2.6785,0.0044564861,
2.67875,0.0102835903,
2.679,0.0050695082,
2.67925,0.0050318805,
2.6795,0.0057045054,
2.67975,0.0062998566,
2.68,0.0056614084,
2.68025,-0.0003933563,
2.6805,0.0137197925,
2.68075,-0.0027359289,
2.681,-0.0156097207,
2.68125,-0.0091477185,
2.6815,0.0082108183,
2.68175,-0.0046325936,
2.682,-0.0088193370,
2.68225,0.0080986163,
2.6825,0.0151250064,
2.68275,-0.0146599282,
2.683,-0.0036968836,
2.68325,0.0045925803,
2.6835,-0.0080059506,
2.68375,0.0102768373,
2.684,0.0042533996,
2.68425,0.0107909227,
2.6845,0.0009302845,
2.68475,0.0089349393,
2.685,0.0117094945,
2.68525,-0.0030813680,
2.6855,0.0015836162,
2.68575,0.0115145184,
2.686,-0.0063476991,
2.68625,0.0034022797,
2.6865,-0.0216068234,
2.68675,0.0058684964,
2.687,0.0081254393,
2.68725,-0.0050207861,
2.6875,-0.0103301648,
2.68775,0.0051754718,
2.688,0.0042996523,
2.68825,-0.0078024161,
2.6885,0.0009522657,
2.68875,0.0229965895,
2.689,-0.0006400995,
2.68925,-0.0007472776,
2.6895,0.0222365465,
2.68975,0.0100937095,
2.69,-0.0017565966,
2.69025,0.0093328478,
2.6905,0.0179472361,
2.69075,-0.0058590276,
2.691,-0.0130665721,
2.69125,0.0150229828,
2.6915,0.0020264694,
2.69175,-0.0158969052,
2.692,-0.0011490821,
2.69225,-0.0005955883,
2.6925,-0.0087775392,
2.69275,-0.0100466292,
2.693,0.0093925456,
2.69325,-0.0101256194,
2.6935,0.0046704053,
2.69375,0.0091573028,
2.694,0.0133569799,
2.69425,0.0042148978,
2.6945,0.0149118938,
2.69475,0.0169091541,
2.695,0.0167855844,
2.69525,0.0009033562,
2.6955,0.0077282055,
2.69575,0.0058809766,
2.696,0.0015640417,
2.69625,-0.0094505735,
2.6965,0.0017227542,
2.69675,-0.0008746574,
2.697,-0.0042692553,
2.69725,-0.0056776959,
2.6975,-0.0106003825,
2.69775,0.0121767353,
2.698,-0.0089390986,
2.69825,0.0103253592,
2.6985,0.0097922133,
2.69875,0.0170273595,
2.699,-0.0002137291,
2.69925,0.0065844795,
2.6995,0.0174184982,
2.69975,0.0054936875,
2.7,0.0045000268,
2.70025,0.0172942951,
2.7005,-0.0000195792,
2.70075,-0.0074801613,
2.701,0.0049841041,
2.70125,0.0125610409,
2.7015,-0.0020597298,
2.70175,-0.0031825083,
2.702,0.0093715964,
2.70225,0.0021189013,
2.7025,-0.0248343982,
2.70275,-0.0094741732,
2.703,0.0010809806,
2.70325,-0.0015949992,
2.7035,0.0114957718,
2.70375,0.0027947207,
2.704,0.0164929982,
2.70425,0.0002035993,
2.7045,0.0064455229,
2.70475,0.0080811642,
2.705,0.0017742161,
2.70525,-0.0111427028,
2.7055,-0.0070352270,
2.70575,0.0057095522,
2.706,-0.0074170129,
2.70625,-0.0247303862,
2.7065,0.0082390513,
2.70675,-0.0087952819,
2.707,-0.0041633020,
2.70725,-0.0117949210,
2.7075,0.0068868599,
2.70775,-0.0002901147,
2.708,-0.0068221875,
2.70825,0.0096154325,
2.7085,0.0139410906,
2.70875,-0.0009829750,
2.709,-0.0013479806,
2.70925,0.0058077592,
2.7095,0.0086073447,
2.70975,-0.0064727874,
2.71,-0.0029239850,
2.71025,0.0167473275,
2.7105,-0.0125830946,
2.71075,-0.0140550351,
2.711,0.0090088155,
2.71125,-0.0178098325,
2.7115,-0.0114578856,
2.71175,-0.0106120799,
2.712,-0.0033454306,
2.71225,-0.0077435076,
2.7125,-0.0162421465,
2.71275,-0.0028067762,
2.713,-0.0194792897,
2.71325,-0.0003007857,
2.7135,-0.0107374471,
2.71375,0.0070894626,
2.714,0.0081345383,
2.71425,0.0000661656,
2.7145,0.0065227267,
2.71475,0.0139650460,
2.715,-0.0131811472,
2.71525,-0.0023199311,
2.7155,0.0017260045,
2.71575,-0.0047730268,
2.716,-0.0256698839,
2.71625,-0.0029119614,
2.7165,0.0010608829,
2.71675,-0.0033218714,
2.717,-0.0211811252,
2.71725,-0.0044152387,
2.7175,-0.0039993413,
2.71775,-0.0047341031,
2.718,0.0054607764,
2.71825,-0.0038339561,
2.7185,0.0112467911,
2.71875,-0.0111151692,
2.719,0.0036615229,
2.71925,0.0099864034,
2.7195,0.0034747147,
2.71975,-0.0039076996,
2.72,0.0068724202,
2.72025,-0.0041898168,
2.7205,-0.0067404592,
2.72075,-0.0012969135,
2.721,0.0021030570,
2.72125,-0.0216940772,
2.7215,-0.0036699607,
2.72175,-0.0157955512,
2.722,-0.0157208256,
2.72225,-0.0346825272,
2.7225,-0.0193102323,
2.72275,-0.0073636700,
2.723,0.0038412914,
2.72325,-0.0043709194,
2.7235,0.0022387651,
2.72375,0.0059634410,
2.724,-0.0154008428,
2.72425,0.0040901024,
2.7245,-0.0028142121,
2.72475,-0.0082080187,
2.725,-0.0166788753,
2.72525,-0.0114246663,
2.7255,0.0028254935,
2.72575,-0.0116364090,
2.726,-0.0104075745,
2.72625,-0.0043928241,
2.7265,-0.0041625360,
2.72675,-0.0019065118,
2.727,-0.0256879795,
2.72725,-0.0002334004,
2.7275,0.0073666107,
2.72775,-0.0176388286,
2.728,-0.0091344705,
2.72825,0.0152481357,
2.7285,-0.0004048335,
2.72875,-0.0007337119,
2.729,0.0050140657,
2.72925,0.0165137555,
2.7295,-0.0078002075,
2.72975,0.0019304352,
2.73,0.0148041463,
2.73025,-0.0090574203,
2.7305,-0.0201144405,
2.73075,-0.0052562794,
2.731,-0.0147699546,
2.73125,-0.0201106779,
2.7315,-0.0171147622,
2.73175,0.0002004883,
2.732,-0.0162136964,
2.73225,-0.0102652432,
2.7325,-0.0090601323,
2.73275,-0.0073075248,
2.733,-0.0191094540,
2.73325,-0.0030148600,
2.7335,0.0095710186,
2.73375,0.0006123498,
2.734,0.0016683039,
2.73425,0.0017547882,
2.7345,0.0047161016,
2.73475,-0.0051402654,
2.735,-0.0016142239,
2.73525,0.0024318390,
2.7355,-0.0124674179,
2.73575,-0.0054773064,
2.736,0.0101046413,
2.73625,-0.0054317843,
2.7365,0.0081901727,
2.73675,-0.0164963230,
2.737,-0.0025536371,
2.73725,0.0083946474,
2.7375,0.0119091803,
2.73775,0.0000687291,
2.738,0.0100546936,
2.73825,0.0117635299,
2.7385,0.0048690117,
2.73875,0.0038493748,
2.739,0.0178797841,
2.73925,0.0123698711,
2.7395,-0.0002858979,
2.73975,0.0100726187,
2.74,0.0019213937,
2.74025,-0.0033332705,
2.7405,0.0065181227,
2.74075,0.0002457603,
2.741,-0.0093592657,
2.74125,-0.0138447434,
2.7415,0.0047474774,
2.74175,-0.0104699042,
2.742,-0.0106749125,
2.74225,-0.0153083783,
2.7425,0.0041925944,
2.74275,0.0145226009,
2.743,-0.0036941261,
2.74325,0.0068941270,
2.7435,0.0051209079,
2.74375,0.0090663796,
2.744,0.0059735235,
2.74425,0.0159447771,
2.7445,0.0150385583,
2.74475,0.0053585330,
2.745,0.0064952201,
2.74525,0.0223129541,
2.7455,-0.0045781708,
2.74575,-0.0053813234,
2.746,0.0108042601,
2.74625,0.0145707224,
2.7465,0.0067192903,
2.74675,-0.0084526455,
2.747,0.0181035288,
2.74725,0.0196648929,
2.7475,0.0060447427,
2.74775,0.0165415518,
2.748,0.0274059512,
2.74825,0.0155486083,
2.7485,0.0087035326,
2.74875,0.0178150982,
2.749,0.0211046636,
2.74925,0.0076905172,
2.7495,0.0190267973,
2.74975,-0.0007422551,
2.75,-0.0071007018,
2.75025,-0.0069276839,
2.7505,0.0014120287,
2.75075,0.0115482556,
2.751,0.0030681582,
2.75125,-0.0038690423,
2.7515,0.0038905765,
2.75175,-0.0035319489,
2.752,-0.0073352372,
2.75225,-0.0172836967,
2.7525,0.0109369010,
2.75275,-0.0095379194,
2.753,0.0016121009,
2.75325,0.0114140250,
2.7535,0.0150204878,
2.75375,0.0130751394,
2.754,0.0114353038,
2.75425,0.0216626711,
2.7545,0.0131911514,
2.75475,0.0008699233,
2.755,0.0106537584,
2.75525,-0.0051374510,
2.7555,-0.0004196714,
2.75575,0.0032817631,
2.756,0.0033482120,
2.75625,0.0067396937,
2.7565,-0.0143733146,
2.75675,0.0023023768,
2.757,0.0127512692,
2.75725,0.0130784325,
2.7575,-0.0004512476,
2.75775,0.0161814298,
2.758,0.0158280917,
2.75825,0.0072012916,
2.7585,0.0020120838,
2.75875,0.0079583600,
2.759,0.0071253185,
2.75925,-0.0027873632,
2.7595,-0.0082988609,
2.75975,-0.0015913048,
2.76,-0.0043489798,
2.76025,-0.0071184058,
2.7605,-0.0161624923,
2.76075,-0.0042501832,
2.761,-0.0167726129,
2.76125,-0.0023435368,
2.7615,-0.0153433979,
2.76175,-0.0099924318,
2.762,-0.0172437429,
2.76225,0.0058375029,
2.7625,0.0049409508,
2.76275,-0.0010073446,
2.763,0.0021099218,
2.76325,0.0048410874,
2.7635,0.0037414520,
2.76375,-0.0061354344,
2.764,0.0076918448,
2.76425,-0.0030016152,
2.7645,-0.0018006426,
2.76475,0.0022153612,
2.765,-0.0117325969,
2.76525,-0.0117575116,
2.7655,-0.0016085930,
2.76575,0.0004509214,
2.766,0.0131199034,
2.76625,-0.0009470193,
2.7665,-0.0018578225,
2.76675,-0.0045467406,
2.767,0.0162806958,
2.76725,0.0044821026,
2.7675,-0.0040208027,
2.76775,0.0114792474,
2.768,0.0137704713,
2.76825,-0.0116242282,
2.7685,0.0024099229,
2.76875,0.0126241622,
2.769,0.0077577410,
2.76925,-0.0068181865,
2.7695,-0.0068097897,
2.76975,-0.0029243401,
2.77,-0.0202698857,
2.77025,-0.0105459876,
2.7705,0.0129685728,
2.77075,-0.0187355243,
2.771,-0.0115829930,
2.77125,-0.0059359423,
2.7715,-0.0255029425,
2.77175,-0.0310919583,
2.772,-0.0177662857,
2.77225,0.0073761535,
2.7725,-0.0065230699,
2.77275,-0.0007563434,
2.773,0.0079191579,
2.77325,0.0139367171,
2.7735,0.0012358052,
2.77375,0.0105261421,
2.774,0.0064762346,
2.77425,0.0123091917,
2.7745,-0.0021915950,
2.77475,-0.0005977008,
2.775,-0.0047902414,
2.77525,0.0082961703,
2.7755,-0.0042253924,
2.77575,0.0100910058,
2.776,0.0001135848,
2.77625,0.0035016034,
2.7765,-0.0016500929,
2.77675,0.0061885272,
2.777,0.0151079195,
2.77725,0.0079380358,
2.7775,0.0110390075,
2.77775,0.0213363934,
2.778,0.0085599823,
2.77825,0.0027512591,
2.7785,0.0102692991,
2.77875,0.0226935390,
2.779,0.0001869079,
2.77925,0.0020543279,
2.7795,-0.0017662836,
2.77975,0.0078041903,
2.78,-0.0067802700,
2.78025,-0.0056965603,
2.7805,0.0171268433,
2.78075,-0.0006119895,
2.781,-0.0010756149,
2.78125,-0.0124197286,
2.7815,-0.0066543035,
2.78175,-0.0120886397,
2.782,0.0127081051,
2.78225,0.0071156919,
2.7825,0.0154002560,
2.78275,-0.0004105695,
2.783,0.0129914973,
2.78325,0.0140347797,
2.7835,0.0059238272,
2.78375,0.0070441449,
2.784,0.0148362480,
2.78425,0.0181787126,
2.7845,0.0081497375,
2.78475,0.0006021679,
2.785,0.0159630962,
2.78525,0.0077675981,
2.7855,0.0115548205,
2.78575,0.0122050755,
2.786,0.0050329254,
2.78625,-0.0009133829,
2.7865,0.0008025206,
2.78675,0.0206505153,
2.787,0.0095332582,
2.78725,0.0036836790,
2.7875,0.0219190232,
2.78775,0.0134682283,
2.788,0.0109557621,
2.78825,0.0110610491,
2.7885,0.0214346852,
2.78875,0.0166715700,
2.789,-0.0043422976,
2.78925,0.0063125724,
2.7895,-0.0017095197,
2.78975,-0.0069788834,
2.79,0.0028396302,
2.79025,0.0070939176,
2.7905,-0.0067066266,
2.79075,-0.0120245311,
2.791,-0.0132677974,
2.79125,-0.0021923017,
2.7915,-0.0200873129,
2.79175,-0.0145237660,
2.792,0.0067006256,
2.79225,0.0088129211,
2.7925,-0.0024128838,
2.79275,0.0002567212,
2.793,0.0230265968,
2.79325,0.0098303128,
2.7935,-0.0043426026,
2.79375,0.0144734224,
2.794,0.0153169483,
2.79425,0.0096482327,
2.7945,-0.0037352317,
2.79475,0.0032147407,
2.795,0.0056562116,
2.79525,-0.0111742867,
2.7955,0.0062113446,
2.79575,-0.0018309134,
2.796,-0.0031640797,
2.79625,-0.0109488992,
2.7965,0.0066068666,
2.79675,0.0104033314,
2.797,0.0104573360,
2.79725,0.0072667683,
2.7975,0.0116536403,
2.79775,0.0100566624,
2.798,-0.0079303924,
2.79825,0.0039041596,
2.7985,0.0138557870,
2.79875,-0.0030330664,
2.799,-0.0105584497,
2.79925,-0.0120774461,
2.7995,-0.0003930513,
2.79975,-0.0183263645,
2.8,-0.0044066319,
2.80025,0.0058700661,
2.8005,-0.0035882310,
2.80075,-0.0139437169,
2.801,-0.0117328474,
2.80125,-0.0343485884,
2.8015,-0.0234646145,
2.80175,-0.0033733656,
2.802,0.0054569780,
2.80225,0.0008413118,
2.8025,-0.0080441134,
2.80275,0.0005554432,
2.803,0.0042595221,
2.80325,-0.0003838702,
2.8035,-0.0119753880,
2.80375,0.0072539812,
2.804,0.0036231703,
2.80425,0.0003024368,
2.8045,-0.0130693158,
2.80475,0.0022276700,
2.805,-0.0043842685,
2.80525,-0.0087989997,
2.8055,-0.0272852965,
2.80575,-0.0045773489,
2.806,-0.0043631271,
2.80625,-0.0204150975,
2.8065,0.0018612830,
2.80675,0.0057948679,
2.807,-0.0128085501,
2.80725,-0.0024066600,
2.8075,0.0091965878,
2.80775,-0.0009616376,
2.808,-0.0179986190,
2.80825,0.0090608243,
2.8085,0.0014005182,
2.80875,-0.0221887343,
2.809,-0.0047939490,
2.80925,-0.0071013928,
2.8095,-0.0193606596,
2.80975,-0.0117493523,
2.81,0.0013628684,
2.81025,-0.0203858111,
2.8105,-0.0289338417,
2.81075,-0.0083574038,
2.811,-0.0023963717,
2.81125,-0.0325695686,
2.8115,-0.0186974276,
2.81175,0.0096766222,
2.812,-0.0024805299,
2.81225,-0.0123016834,
2.8125,0.0015357685,
2.81275,0.0084137945,
2.813,-0.0050041773,
2.81325,-0.0111020487,
2.8135,0.0152398348,
2.81375,-0.0030989223,
2.814,0.0080205491,
2.81425,-0.0134110162,
2.8145,-0.0030628280,
2.81475,-0.0004619897,
2.815,-0.0072500426,
2.81525,-0.0055496790,
2.8155,-0.0116376802,
2.81575,-0.0045794738,
2.816,-0.0121400496,
2.81625,-0.0007505061,
2.8165,0.0050167572,
2.81675,0.0087364800,
2.817,-0.0071800640,
2.81725,0.0057732570,
2.8175,0.0077573052,
2.81775,-0.0097480472,
2.818,-0.0059457771,
2.81825,0.0077309087,
2.8185,-0.0023056515,
2.81875,-0.0077393460,
2.819,-0.0120519642,
2.81925,0.0033575604,
2.8195,-0.0162081085,
2.81975,-0.0056656240,
2.82,0.0041124555,
2.82025,-0.0109167136,
2.8205,-0.0159337036,
2.82075,-0.0064301789,
2.821,-0.0270324461,
2.82125,-0.0067727910,
2.8215,0.0015772827,
2.82175,0.0102354791,
2.822,0.0056267492,
2.82225,-0.0036408368,
2.8225,0.0035597761,
2.82275,0.0082174335,
2.823,0.0037825948,
2.82325,-0.0074067507,
2.8235,-0.0013957183,
2.82375,0.0138730165,
2.824,-0.0059290174,
2.82425,-0.0076807472,
2.8245,0.0066510690,
2.82475,-0.0113648213,
2.825,-0.0093614468,
2.82525,-0.0110100433,
2.8255,0.0036430778,
2.82575,-0.0103903143,
2.826,-0.0069053168,
2.82625,-0.0031422633,
2.8265,0.0007517446,
2.82675,-0.0004492954,
2.827,0.0017368729,
2.82725,0.0161426347,
2.8275,-0.0014326777,
2.82775,-0.0087307440,
2.828,0.0105713196,
2.82825,0.0019587800,
2.8285,-0.0076855836,
2.82875,-0.0085979337,
2.829,-0.0245376844,
2.82925,-0.0082364175,
2.8295,-0.0019399771,
2.82975,-0.0106489770,
2.83,-0.0151358135,
2.83025,-0.0059027867,
2.8305,-0.0167442448,
2.83075,-0.0045128283,
2.831,-0.0252748244,
2.83125,-0.0081259198,
2.8315,0.0043819887,
2.83175,0.0062347855,
2.832,0.0038290571,
2.83225,-0.0050456822,
2.8325,0.0038961649,
2.83275,0.0008827802,
2.833,-0.0058388938,
2.83325,-0.0049835844,
2.8335,0.0064416644,
2.83375,0.0074776066,
2.834,-0.0169573687,
2.83425,0.0055001052,
2.8345,0.0006139846,
2.83475,-0.0019878114,
2.835,-0.0161003210,
2.83525,-0.0081150401,
2.8355,-0.0085807154,
2.83575,-0.0113386055,
2.836,-0.0020120759,
2.83625,-0.0005499179,
2.8365,0.0070963339,
2.83675,-0.0040359381,
2.837,0.0034379933,
2.83725,0.0033372869,
2.8375,0.0014015809,
2.83775,0.0013907403,
2.838,0.0030661197,
2.83825,0.0089334799,
2.8385,-0.0122117298,
2.83875,-0.0086352583,
2.839,0.0009045407,
2.83925,-0.0057492284,
2.8395,-0.0078830514,
2.83975,-0.0004878597,
2.84,-0.0101235704,
2.84025,-0.0188754275,
2.8405,-0.0204766430,
2.84075,0.0020310394,
2.841,0.0078501105,
2.84125,0.0029916873,
2.8415,0.0089442506,
2.84175,0.0088089136,
2.842,-0.0024397580,
2.84225,0.0109276837,
2.8425,0.0100330831,
2.84275,0.0058281091,
2.843,0.0049792454,
2.84325,0.0009454386,
2.8435,0.0174722020,
2.84375,-0.0032437788,
2.844,-0.0025058850,
2.84425,-0.0059775980,
2.8445,0.0048623676,
2.84475,-0.0083220797,
2.845,-0.0193616599,
2.84525,-0.0023376490,
2.8455,0.0051476732,
2.84575,-0.0071149031,
2.846,-0.0112895146,
2.84625,0.0214821286,
2.8465,0.0101948204,
2.84675,-0.0058432668,
2.847,0.0170194879,
2.84725,0.0121127423,
2.8475,-0.0027870839,
2.84775,0.0114387823,
2.848,0.0176903084,
2.84825,0.0042910939,
2.8485,-0.0261381548,
2.84875,-0.0108610988,
2.849,0.0094303219,
2.84925,-0.0064419769,
2.8495,0.0018949308,
2.84975,0.0078360513,
2.85,0.0050411136,
2.85025,-0.0021569242,
2.8505,0.0054049473,
2.85075,-0.0088313967,
2.851,-0.0013074474,
2.85125,0.0151703246,
2.8515,0.0156798325,
2.85175,-0.0025665998,
2.852,0.0041120388,
2.85225,0.0146882739,
2.8525,0.0078978771,
2.85275,0.0077734101,
2.853,-0.0018818309,
2.85325,0.0138343424,
2.8535,0.0030537206,
2.85375,-0.0019245287,
2.854,0.0055060121,
2.85425,0.0105499094,
2.8545,0.0024615750,
2.85475,-0.0056612957,
2.855,-0.0080804070,
2.85525,0.0015302490,
2.8555,0.0044830069,
2.85575,-0.0107731856,
2.856,0.0120391138,
2.85625,0.0125344470,
2.8565,0.0079761269,
2.85675,-0.0035574972,
2.857,0.0146594830,
2.85725,0.0105415480,
2.8575,-0.0002130426,
2.85775,0.0138899488,
2.858,0.0220150296,
2.85825,-0.0081400340,
2.8585,-0.0014238616,
2.85875,0.0129271168,
2.859,0.0030903786,
2.85925,-0.0043715294,
2.8595,0.0036977381,
2.85975,0.0081656054,
2.86,-0.0030573774,
2.86025,-0.0113494582,
2.8605,0.0107217906,
2.86075,0.0086405845,
2.861,0.0069467863,
2.86125,0.0035724174,
2.8615,0.0124930544,
2.86175,0.0024442768,
2.862,0.0076491842,
2.86225,0.0102412561,
2.8625,0.0098255966,
2.86275,0.0040910724,
2.863,0.0030009451,
2.86325,0.0024409853,
2.8635,0.0052734865,
2.86375,-0.0157505739,
2.864,0.0032900474,
2.86425,0.0132933799,
2.8645,-0.0167275611,
2.86475,-0.0126420856,
2.865,0.0130500840,
2.86525,0.0100882957,
2.8655,-0.0073609194,
2.86575,0.0054526301,
2.866,0.0224260818,
2.86625,0.0098992158,
2.8665,0.0022766253,
2.86675,0.0150725329,
2.867,0.0179228019,
2.86725,0.0031136442,
2.8675,0.0106207421,
2.86775,0.0209351406,
2.868,0.0069897436,
2.86825,-0.0102030598,
2.8685,-0.0005584393,
2.86875,0.0223096311,
2.869,0.0022197806,
2.86925,-0.0071991682,
2.8695,0.0050878706,
2.86975,0.0106370905,
2.87,-0.0036649061,
2.87025,-0.0099041518,
2.8705,0.0012603477,
2.87075,0.0095225982,
2.871,-0.0040738871,
2.87125,0.0114544444,
2.8715,0.0068838047,
2.87175,0.0053344956,
2.872,0.0095043993,
2.87225,0.0134599339,
2.8725,0.0026768995,
2.87275,-0.0128112361,
2.873,0.0129848802,
2.87325,0.0022651819,
2.8735,-0.0089263720,
2.87375,0.0013620853,
2.874,0.0066876127,
2.87425,-0.0016183739,
2.8745,-0.0039058924,
2.87475,0.0009003861,
2.875,0.0132062100,
2.87525,0.0031883942,
2.8755,-0.0081218211,
2.87575,0.0085785687,
2.876,0.0122139044,
2.87625,0.0014606131,
2.8765,0.0002489551,
2.87675,0.0112099461,
2.877,0.0115646832,
2.87725,0.0015472102,
2.8775,0.0037025218,
2.87775,0.0193302073,
2.878,-0.0041638114,
2.87825,-0.0062432024,
2.8785,0.0153379971,
2.87875,0.0007474609,
2.879,-0.0092953155,
2.87925,0.0041824700,
2.8795,0.0039856024,
2.87975,-0.0037379472,
2.88,-0.0243801977,
2.88025,0.0114004677,
2.8805,-0.0032185765,
2.88075,0.0038366814,
2.881,-0.0008773193,
2.88125,0.0083541982,
2.8815,0.0037289246,
2.88175,-0.0016616051,
2.882,0.0053221220,
2.88225,-0.0013751059,
2.8825,-0.0075069112,
2.88275,-0.0011122370,
2.883,-0.0047328351,
2.88325,-0.0016819312,
2.8835,-0.0156748891,
2.88375,-0.0039639659,
2.884,-0.0016325270,
2.88425,-0.0096892929,
2.8845,-0.0079387277,
2.88475,-0.0026068855,
2.885,0.0087087713,
2.88525,-0.0051740063,
2.8855,-0.0060632210,
2.88575,0.0199296493,
2.886,0.0150270341,
2.88625,-0.0059854304,
2.8865,0.0121085476,
2.88675,0.0246674959,
2.887,0.0005396260,
2.88725,0.0012818251,
2.8875,0.0176781472,
2.88775,0.0043662516,
2.888,-0.0272371732,
2.88825,0.0013444306,
2.8885,0.0197926648,
2.88875,-0.0226971321,
2.889,-0.0125351837,
2.88925,0.0083400123,
2.8895,-0.0027949607,
2.88975,-0.0137472609,
2.89,-0.0016980597,
2.89025,0.0064204801,
2.8905,0.0094949864,
2.89075,-0.0043848068,
2.891,0.0134827988,
2.89125,0.0104673710,
2.8915,0.0022967155,
2.89175,0.0046160063,
2.892,0.0076044379,
2.89225,-0.0064084232,
2.8925,-0.0004939718,
2.89275,0.0063965945,
2.893,0.0001731898,
2.89325,-0.0073870569,
2.8935,0.0018657524,
2.89375,0.0070925904,
2.894,0.0040502944,
2.89425,-0.0010963423,
2.8945,-0.0054845717,
2.89475,0.0122979432,
2.895,0.0063190153,
2.89525,0.0071079331,
2.8955,0.0045603029,
2.89575,0.0258179083,
2.896,0.0020941421,
2.89625,0.0080477428,
2.8965,0.0187319927,
2.89675,0.0194874946,
2.897,0.0055891583,
2.89725,0.0074157165,
2.8975,0.0090178084,
2.89775,-0.0057773134,
2.898,-0.0013200572,
2.89825,0.0105305528,
2.8985,-0.0026683786,
2.89875,-0.0043852124,
2.899,-0.0014082518,
2.89925,0.0045911619,
2.8995,-0.0133359358,
2.89975,-0.0134100383,
2.9,0.0113080703,
2.90025,-0.0016194140,
2.9005,0.0078110821,
2.90075,0.0029595401,
2.901,0.0030934447,
2.90125,-0.0080233365,
2.9015,0.0034758123,
2.90175,-0.0013245827,
2.902,0.0059278896,
2.90225,-0.0031637792,
2.9025,0.0015775966,
2.90275,0.0101325763,
2.903,0.0145043908,
2.90325,-0.0051104585,
2.9035,-0.0009090080,
2.90375,0.0109701324,
2.904,-0.0013132492,
2.90425,-0.0140308086,
2.9045,0.0061173122,
2.90475,0.0117420759,
2.905,-0.0028759313,
2.90525,0.0018489739,
2.9055,0.0207065977,
2.90575,0.0101414891,
2.906,0.0034820014,
2.90625,0.0112247569,
2.9065,0.0188495088,
2.90675,0.0000974097,
2.907,0.0007444755,
2.90725,0.0106741339,
2.9075,-0.0060737901,
2.90775,-0.0173028354,
2.908,0.0009375572,
2.90825,-0.0017265028,
2.9085,-0.0038914839,
2.90875,-0.0127212442,
2.909,-0.0041425503,
2.90925,-0.0054826355,
2.9095,-0.0095255217,
2.90975,-0.0187075417,
2.91,-0.0016692674,
2.91025,0.0061942730,
2.9105,-0.0213988200,
2.91075,0.0056884643,
2.911,0.0035871912,
2.91125,-0.0075728567,
2.9115,-0.0161818583,
2.91175,-0.0011551494,
2.912,-0.0132455397,
2.91225,-0.0140198320,
2.9125,-0.0046340930,
2.91275,-0.0092025641,
2.913,-0.0199034512,
2.91325,-0.0029659690,
2.9135,-0.0046310318,
2.91375,-0.0050763572,
2.914,-0.0193990450,
2.91425,-0.0154527696,
2.9145,0.0014253743,
2.91475,0.0007813059,
2.915,-0.0006217785,
2.91525,0.0043956847,
2.9155,0.0068099843,
2.91575,0.0017193051,
2.916,-0.0075470721,
2.91625,0.0046029426,
2.9165,0.0104565863,
2.91675,-0.0143939257,
2.917,0.0006411268,
2.91725,-0.0115024559,
2.9175,-0.0165405907,
2.91775,-0.0080614854,
2.918,-0.0074520619,
2.91825,-0.0195885040,
2.9185,-0.0225631595,
2.91875,-0.0170449875,
2.919,-0.0055938642,
2.91925,-0.0282707792,
2.9195,-0.0166891012,
2.91975,-0.0121654477,
2.92,0.0050070491,
2.92025,-0.0058672866,
2.9205,-0.0034130509,
2.92075,-0.0070321113,
2.921,-0.0157349277,
2.92125,-0.0098933857,
2.9215,-0.0062517356,
2.92175,-0.0079350648,
2.922,-0.0085710157,
2.92225,-0.0113504473,
2.9225,-0.0033750972,
2.92275,-0.0081576305,
2.923,-0.0205919147,
2.92325,-0.0111188870,
2.9235,-0.0126172872,
2.92375,-0.0033267625,
2.924,-0.0130481981,
2.92425,-0.0180898067,
2.9245,0.0039513460,
2.92475,0.0040622712,
2.925,-0.0134877004,
2.92525,0.0076279812,
2.9255,0.0064684283,
2.92575,-0.0057783052,
2.926,-0.0090822270,
2.92625,0.0125423241,
2.9265,-0.0053975126,
2.92675,-0.0075015188,
2.927,-0.0003227350,
2.92725,-0.0144397607,
2.9275,-0.0181375295,
2.92775,-0.0117796361,
2.928,0.0012802549,
2.92825,-0.0025095437,
2.9285,-0.0232719183,
2.92875,0.0012914616,
2.929,-0.0082700299,
2.92925,-0.0220987033,
2.9295,-0.0192663614,
2.92975,0.0026350101,
2.93,-0.0185743608,
2.93025,-0.0205235444,
2.9305,0.0038063731,
2.93075,0.0031853537,
2.931,-0.0185999237,
2.93125,-0.0121954558,
2.9315,0.0024587605,
2.93175,-0.0175850261,
2.932,0.0008634027,
2.93225,-0.0109721348,
2.9325,-0.0027294387,
2.93275,-0.0090094572,
2.933,-0.0004400884,
2.93325,-0.0058137737,
2.9335,0.0052142744,
2.93375,-0.0098887784,
2.934,-0.0143695567,
2.93425,0.0079391291,
2.9345,0.0054519023,
2.93475,0.0001882553,
2.935,0.0008919674,
2.93525,0.0071349535,
2.9355,0.0133819208,
2.93575,-0.0021185209,
2.936,0.0060244831,
2.93625,0.0185596086,
2.9365,-0.0065116389,
2.93675,-0.0034735908,
2.937,-0.0093302988,
2.93725,-0.0143109653,
2.9375,-0.0023637197,
2.93775,-0.0138635924,
2.938,-0.0050547086,
2.93825,-0.0157867912,
2.9385,0.0031526478,
2.93875,-0.0111606196,
2.939,-0.0210514590,
2.93925,-0.0063907569,
2.9395,-0.0048746224,
2.93975,0.0202647038,
2.94,0.0020214352,
2.94025,0.0064020702,
2.9405,-0.0050912471,
2.94075,-0.0037372336,
2.941,-0.0000708199,
2.94125,0.0017646624,
2.9415,-0.0011062368,
2.94175,0.0149082281,
2.942,-0.0037844954,
2.94225,0.0056502568,
2.9425,-0.0035029266,
2.94275,-0.0094795227,
2.943,-0.0008556480,
2.94325,0.0129760941,
2.9435,0.0124476627,
2.94375,-0.0057042819,
2.944,-0.0011604187,
2.94425,0.0188065246,
2.9445,0.0074840141,
2.94475,0.0027609258,
2.945,0.0194428787,
2.94525,0.0185223632,
2.9455,0.0015711968,
2.94575,0.0042379405,
2.946,0.0173688643,
2.94625,0.0116450815,
2.9465,0.0105681010,
2.94675,-0.0073312917,
2.947,-0.0167539138,
2.94725,-0.0015521822,
2.9475,-0.0001725165,
2.94775,0.0036772431,
2.948,0.0042125634,
2.94825,-0.0029116685,
2.9485,-0.0011210875,
2.94875,-0.0146877589,
2.949,-0.0042478917,
2.94925,-0.0110594463,
2.9495,0.0027340173,
2.94975,0.0104921786,
2.95,0.0040700128,
2.95025,-0.0080267452,
2.9505,0.0169021152,
2.95075,0.0038607849,
2.951,-0.0002819374,
2.95125,0.0008345572,
2.9515,0.0123295076,
2.95175,-0.0040089041,
2.952,0.0043926919,
2.95225,0.0037331621,
2.9525,0.0101487068,
2.95275,0.0022604354,
2.953,0.0008341344,
2.95325,0.0141367186,
2.9535,-0.0056967004,
2.95375,-0.0005749588,
2.954,0.0084606856,
2.95425,0.0166891329,
2.9545,0.0067961719,
2.95475,0.0128475223,
2.955,0.0203805715,
2.95525,0.0101717329,
2.9555,0.0105327936,
2.95575,0.0063809538,
2.956,0.0142778289,
2.95625,0.0053880094,
2.9565,-0.0094108991,
2.95675,-0.0083140805,
2.957,-0.0048785117,
2.95725,-0.0042850925,
2.9575,-0.0167672522,
2.95775,0.0165123362,
2.958,0.0050095194,
2.95825,0.0024705539,
2.9585,-0.0260242186,
2.95875,-0.0071406779,
2.959,-0.0081604980,
2.95925,0.0012292110,
2.9595,0.0157264601,
2.95975,0.0095871557,
2.96,0.0054253587,
2.96025,0.0111075584,
2.9605,0.0134627298,
2.96075,0.0085054636,
2.961,0.0016209449,
2.96125,0.0002089005,
2.9615,0.0048623937,
2.96175,0.0068670255,
2.962,-0.0040734936,
2.96225,-0.0159558505,
2.9625,0.0023110709,
2.96275,-0.0026730555,
2.963,-0.0004232731,
2.96325,0.0027830934,
2.9635,0.0020800936,
2.96375,-0.0083025526,
2.964,0.0030653297,
2.96425,0.0109718814,
2.9645,-0.0001676982,
2.96475,-0.0014255804,
2.965,0.0127773359,
2.96525,0.0012255406,
2.9655,-0.0086312890,
2.96575,0.0086947260,
2.966,0.0201300979,
2.96625,-0.0137626799,
2.9665,-0.0156285726,
2.96675,-0.0032180813,
2.967,-0.0036153595,
2.96725,-0.0159751885,
2.9675,0.0042973957,
2.96775,-0.0101280995,
2.968,-0.0176291429,
2.96825,-0.0185220372,
2.9685,-0.0030752379,
2.96875,-0.0185502656,
2.969,-0.0295163468,
2.96925,0.0103047621,
2.9695,0.0008952920,
2.96975,-0.0004501057,
2.97,-0.0046081385,
2.97025,0.0119550014,
2.9705,0.0051447242,
2.97075,0.0036768005,
2.971,-0.0018356717,
2.97125,0.0118052699,
2.9715,0.0021106887,
2.97175,0.0024725799,
2.972,-0.0043043871,
2.97225,0.0034211208,
2.9725,-0.0175473522,
2.97275,0.0027084036,
2.973,-0.0077241217,
2.97325,-0.0022590067,
2.9735,-0.0013489708,
2.97375,-0.0086206468,
2.974,0.0158079043,
2.97425,0.0118804621,
2.9745,-0.0021290292,
2.97475,0.0104572522,
2.975,0.0089026783,
2.97525,0.0038063016,
2.9755,-0.0008529835,
2.97575,0.0151596135,
2.976,0.0055628056,
2.97625,-0.0116315540,
2.9765,-0.0020699454,
2.97675,0.0047521302,
2.977,-0.0069175707,
2.97725,-0.0082969815,
2.9775,0.0133467764,
2.97775,0.0131873498,
2.978,-0.0101827821,
2.97825,-0.0181754716,
2.9785,0.0007401645,
2.97875,-0.0175384376,
2.979,-0.0013142148,
2.97925,0.0125824604,
2.9795,0.0200503785,
2.97975,0.0066383276,
2.98,0.0135114547,
2.98025,0.0230723172,
2.9805,0.0113133984,
2.98075,-0.0018875446,
2.981,0.0109176971,
2.98125,0.0041039619,
2.9815,0.0070271641,
2.98175,-0.0122020999,
2.982,-0.0051006060,
2.98225,0.0189822335,
2.9825,-0.0017166795,
2.98275,0.0023624799,
2.983,0.0072984453,
2.98325,0.0084769074,
2.9835,-0.0083477367,
2.98375,0.0088595403,
2.984,0.0071513276,
2.98425,0.0027744002,
2.9845,-0.0029889671,
2.98475,0.0171996355,
2.985,0.0075545479,
2.98525,0.0034942341,
2.9855,0.0152973169,
2.98575,0.0210433938,
2.986,-0.0041487557,
2.98625,0.0000705140,
2.9865,0.0003951841,
2.98675,-0.0008859649,
2.987,-0.0128354542,
2.98725,0.0001962121,
2.9875,-0.0182433873,
2.98775,-0.0117617883,
2.988,-0.0077603222,
2.98825,0.0044989721,
2.9885,-0.0037100464,
2.98875,-0.0087705478,
2.989,0.0090690088,
2.98925,0.0213482622,
2.9895,0.0130125564,
2.98975,0.0062167598,
2.99,0.0185499340,
2.99025,0.0228174794,
2.9905,-0.0000971375,
2.99075,0.0005962659,
2.991,0.0178769175,
2.99125,0.0106034372,
2.9915,-0.0040689018,
2.99175,0.0016604585,
2.992,0.0224268436,
2.99225,-0.0105821565,
2.9925,0.0082096048,
2.99275,-0.0052928641,
2.993,0.0027471557,
2.99325,-0.0000848420,
2.9935,0.0060932082,
2.99375,0.0102426894,
2.994,0.0114468038,
2.99425,0.0008848470,
2.9945,0.0106935166,
2.99475,0.0125028305,
2.995,0.0073568253,
2.99525,0.0063703419,
2.9955,0.0115027856,
2.99575,0.0037851117,
2.996,-0.0014906859,
2.99625,-0.0093479082,
2.9965,0.0152943889,
2.99675,-0.0044430569,
2.997,-0.0086740507,
2.99725,0.0096844528,
2.9975,0.0036028493,
2.99775,-0.0215704571,
2.998,-0.0171669740,
2.99825,-0.0064781616,
2.9985,-0.0190901961,
2.99875,0.0104927234,
2.999,0.0018402808,
2.99925,0.0072905445,
2.9995,0.0029415647,
2.99975,0.0061111674,