Date,2020-11-28 09:29:12
Filename,STFMK-20201105-LW19-1943_20201128_092912_004.dat
Data Label,벨트느슨함
Label_No,04
Motor Spec,R-PAHU-04S, 1760,55, 105.3,
Period,3SEC
Sample Rate,4000
RMS,0.010693,
Data Length,12000,
0,0.0050578662,
0.00025,0.0090972856,
0.0005,0.0192811545,
0.00075,0.0141766332,
0.001,0.0009964069,
0.00125,0.0018634024,
0.0015,-0.0010067419,
0.00175,-0.0029074294,
0.002,0.0025661814,
0.00225,-0.0057152915,
0.0025,-0.0191236306,
0.00275,-0.0162944738,
0.003,-0.0066248490,
0.00325,-0.0000069647,
0.0035,-0.0207797326,
0.00375,-0.0008378627,
0.004,0.0236632042,
0.00425,0.0093152607,
0.0045,0.0050223861,
0.00475,0.0066880081,
0.005,0.0129935406,
0.00525,0.0071769883,
0.0055,-0.0024228306,
0.00575,0.0141558712,
0.006,0.0082833143,
0.00625,0.0030136718,
0.0065,-0.0092228763,
0.00675,0.0145110376,
0.007,0.0053044306,
0.00725,-0.0002701149,
0.0075,-0.0079046786,
0.00775,-0.0020769220,
0.008,0.0026080825,
0.00825,-0.0121271759,
0.0085,0.0000250060,
0.00875,-0.0034852747,
0.009,-0.0007697382,
0.00925,0.0021962572,
0.0095,0.0121877538,
0.00975,0.0050691552,
0.01,-0.0105817346,
0.01025,0.0111697391,
0.0105,0.0133044943,
0.01075,-0.0066295615,
0.011,-0.0093024382,
0.01125,-0.0072833826,
0.0115,-0.0019593281,
0.01175,-0.0094582988,
0.012,0.0036953227,
0.01225,0.0048301453,
0.0125,-0.0023720660,
0.01275,-0.0086383391,
0.013,-0.0135520147,
0.01325,-0.0265660603,
0.0135,-0.0108124334,
0.01375,0.0026126467,
0.014,0.0185736492,
0.01425,0.0019392904,
0.0145,0.0030737482,
0.01475,0.0088338731,
0.015,0.0094084311,
0.01525,-0.0089338748,
0.0155,0.0072945519,
0.01575,0.0111105703,
0.016,0.0050421176,
0.01625,-0.0065046931,
0.0165,0.0003036807,
0.01675,0.0090297144,
0.017,-0.0062835747,
0.01725,-0.0095395138,
0.0175,-0.0166974477,
0.01775,-0.0013044351,
0.018,-0.0048030186,
0.01825,-0.0019209010,
0.0185,-0.0050465018,
0.01875,-0.0155284349,
0.019,-0.0008930003,
0.01925,0.0073984927,
0.0195,0.0107024238,
0.01975,-0.0006578547,
0.02,-0.0006528606,
0.02025,0.0150251072,
0.0205,0.0044492874,
0.02075,0.0002597554,
0.021,-0.0040222928,
0.02125,-0.0075138598,
0.0215,-0.0008272175,
0.02175,-0.0106687853,
0.022,-0.0085764900,
0.02225,-0.0227987021,
0.0225,-0.0083596082,
0.02275,0.0038821308,
0.023,0.0027918608,
0.02325,-0.0159667190,
0.0235,0.0104302391,
0.02375,0.0146264639,
0.024,0.0091207502,
0.02425,-0.0006097103,
0.0245,0.0059407810,
0.02475,0.0158264898,
0.025,-0.0079594562,
0.02525,-0.0085385730,
0.0255,0.0065067923,
0.02575,0.0007767466,
0.026,0.0048168255,
0.02625,-0.0126263686,
0.0265,0.0196333602,
0.02675,0.0046089827,
0.027,-0.0179878436,
0.02725,-0.0151162269,
0.0275,-0.0021746368,
0.02775,-0.0135429008,
0.028,-0.0075577064,
0.02825,0.0020448749,
0.0285,0.0074051837,
0.02875,0.0003644187,
0.029,0.0036334165,
0.02925,0.0152726732,
0.0295,-0.0000652154,
0.02975,-0.0077889888,
0.03,0.0017086491,
0.03025,0.0008656724,
0.0305,0.0026803359,
0.03075,-0.0192418303,
0.031,-0.0025890977,
0.03125,-0.0002900632,
0.0315,-0.0109010236,
0.03175,0.0070809298,
0.032,-0.0038952772,
0.03225,-0.0096791787,
0.0325,-0.0195627436,
0.03275,-0.0182676893,
0.033,-0.0056842337,
0.03325,0.0035970167,
0.0335,-0.0034957423,
0.03375,0.0066469568,
0.034,0.0057189637,
0.03425,-0.0055479994,
0.0345,0.0037169680,
0.03475,0.0067793904,
0.035,-0.0113359354,
0.03525,-0.0092797829,
0.0355,0.0075935521,
0.03575,0.0036385097,
0.036,-0.0168963559,
0.03625,-0.0003083814,
0.0365,-0.0088373553,
0.03675,-0.0149531430,
0.037,-0.0191953741,
0.03725,-0.0194243342,
0.0375,-0.0054431204,
0.03775,-0.0135175874,
0.038,-0.0078432206,
0.03825,-0.0157342702,
0.0385,-0.0072958884,
0.03875,-0.0030866424,
0.039,0.0016088467,
0.03925,0.0043629301,
0.0395,-0.0036191896,
0.03975,-0.0069767199,
0.04,0.0160083640,
0.04025,0.0053817565,
0.0405,0.0031297393,
0.04075,-0.0180111304,
0.041,-0.0129339835,
0.04125,-0.0025950826,
0.0415,-0.0150245661,
0.04175,-0.0041602319,
0.042,-0.0161384474,
0.04225,-0.0103845624,
0.0425,-0.0098520424,
0.04275,-0.0133374510,
0.043,-0.0155980689,
0.04325,-0.0075330045,
0.0435,-0.0059534279,
0.04375,0.0018211988,
0.044,-0.0111403633,
0.04425,-0.0023236799,
0.0445,-0.0003963423,
0.04475,-0.0091922730,
0.045,-0.0068503162,
0.04525,-0.0164111890,
0.0455,0.0047172722,
0.04575,-0.0110280253,
0.046,-0.0216023214,
0.04625,-0.0006789519,
0.0465,-0.0072447686,
0.04675,-0.0196835175,
0.047,-0.0318713449,
0.04725,-0.0235660393,
0.0475,-0.0199055411,
0.04775,-0.0142344572,
0.048,-0.0121578686,
0.04825,0.0058096414,
0.0485,-0.0054230080,
0.04875,-0.0071947672,
0.049,0.0013915841,
0.04925,0.0011120631,
0.0495,-0.0055910759,
0.04975,-0.0079110153,
0.05,0.0042367047,
0.05025,-0.0002186356,
0.0505,-0.0176769588,
0.05075,0.0024367003,
0.051,-0.0040917415,
0.05125,-0.0096374322,
0.0515,-0.0129871313,
0.05175,-0.0120408088,
0.052,-0.0123397680,
0.05225,-0.0278404765,
0.0525,-0.0212657917,
0.05275,0.0117445169,
0.053,-0.0005790491,
0.05325,-0.0008180799,
0.0535,0.0066674924,
0.05375,0.0028633142,
0.054,-0.0026092464,
0.05425,0.0100319963,
0.0545,0.0114774881,
0.05475,-0.0016826792,
0.055,-0.0111678876,
0.05525,0.0140520968,
0.0555,-0.0061380509,
0.05575,-0.0147040607,
0.056,-0.0047669522,
0.05625,0.0013733439,
0.0565,-0.0007614231,
0.05675,-0.0113880076,
0.057,-0.0088428501,
0.05725,0.0065189530,
0.0575,-0.0005541566,
0.05775,0.0041232458,
0.058,0.0038883695,
0.05825,0.0101773925,
0.0585,0.0116854394,
0.05875,0.0046935831,
0.059,0.0173347425,
0.05925,0.0113433124,
0.0595,0.0079327570,
0.05975,0.0220260583,
0.06,0.0202746410,
0.06025,0.0097115897,
0.0605,-0.0070813396,
0.06075,-0.0002779770,
0.061,0.0146186352,
0.06125,-0.0041372371,
0.0615,-0.0001102454,
0.06175,0.0128825679,
0.062,0.0104322853,
0.06225,0.0034587304,
0.0625,-0.0065412461,
0.06275,0.0028284276,
0.063,0.0165322889,
0.06325,0.0050668973,
0.0635,0.0145259649,
0.06375,0.0090592103,
0.064,0.0085480325,
0.06425,0.0114466110,
0.0645,0.0164669435,
0.06475,0.0108622387,
0.065,0.0010689984,
0.06525,0.0290321857,
0.0655,0.0044966983,
0.06575,0.0079873586,
0.066,0.0131126046,
0.06625,0.0109522920,
0.0665,0.0029923839,
0.06675,-0.0064927042,
0.067,-0.0053041494,
0.06725,0.0159230623,
0.0675,-0.0004315993,
0.06775,0.0020537020,
0.068,0.0161551703,
0.06825,0.0115502588,
0.0685,0.0042370684,
0.06875,0.0097069917,
0.069,0.0227598771,
0.06925,0.0115450369,
0.0695,0.0112128016,
0.06975,0.0212324951,
0.07,0.0156457704,
0.07025,0.0023833155,
0.0705,0.0051443251,
0.07075,0.0098518049,
0.071,-0.0017244804,
0.07125,-0.0113688735,
0.0715,-0.0006744092,
0.07175,0.0068480708,
0.072,-0.0090385024,
0.07225,-0.0217888299,
0.0725,0.0159636382,
0.07275,0.0071081026,
0.073,0.0032587461,
0.07325,0.0021946889,
0.0735,0.0032918048,
0.07375,0.0088629387,
0.074,0.0059915730,
0.07425,0.0157634243,
0.0745,0.0042719655,
0.07475,-0.0112900464,
0.075,0.0103789605,
0.07525,-0.0008645164,
0.0755,-0.0074503496,
0.07575,-0.0067323330,
0.076,0.0078082322,
0.07625,0.0031506224,
0.0765,-0.0104881059,
0.07675,-0.0158106554,
0.077,0.0070834300,
0.07725,0.0023925973,
0.0775,-0.0064873993,
0.07775,0.0077929385,
0.078,0.0158922710,
0.07825,-0.0001460676,
0.0785,0.0042596604,
0.07875,0.0090866005,
0.079,0.0088940533,
0.07925,0.0048147547,
0.0795,0.0086165816,
0.07975,0.0102791134,
0.08,-0.0016500454,
0.08025,-0.0196526274,
0.0805,-0.0005430953,
0.08075,0.0070376322,
0.081,-0.0248825997,
0.08125,-0.0171943922,
0.0815,0.0045483243,
0.08175,0.0031107736,
0.082,-0.0281559266,
0.08225,-0.0081995837,
0.0825,0.0034744265,
0.08275,0.0057445159,
0.083,-0.0076869605,
0.08325,-0.0044593289,
0.0835,0.0068184342,
0.08375,0.0002169606,
0.084,0.0045812521,
0.08425,0.0080608046,
0.0845,-0.0011723646,
0.08475,-0.0055662678,
0.085,0.0038595477,
0.08525,0.0000245895,
0.0855,-0.0171121061,
0.08575,-0.0031780447,
0.086,0.0106692826,
0.08625,-0.0133204572,
0.0865,-0.0109829884,
0.08675,-0.0074642068,
0.087,0.0136293415,
0.08725,-0.0048082960,
0.0875,-0.0071107647,
0.08775,0.0026397456,
0.088,0.0077609392,
0.08825,-0.0048721223,
0.0885,0.0033458346,
0.08875,0.0130525995,
0.089,0.0039880732,
0.08925,-0.0008420605,
0.0895,0.0124360267,
0.08975,0.0055332989,
0.09,-0.0090982858,
0.09025,-0.0021258185,
0.0905,0.0190667044,
0.09075,-0.0202193875,
0.091,-0.0081287399,
0.09125,-0.0020198994,
0.0915,0.0008983880,
0.09175,-0.0220793821,
0.092,-0.0224710722,
0.09225,0.0133879101,
0.0925,0.0067618387,
0.09275,0.0011034578,
0.093,-0.0019848365,
0.09325,0.0166605860,
0.0935,-0.0044025625,
0.09375,0.0126055861,
0.094,0.0136586148,
0.09425,0.0074983989,
0.0945,-0.0147155942,
0.09475,0.0069324491,
0.095,0.0071579223,
0.09525,-0.0018272635,
0.0955,-0.0041905884,
0.09575,0.0158725865,
0.096,0.0033290181,
0.09625,-0.0089045269,
0.0965,-0.0045135156,
0.09675,0.0162555873,
0.097,0.0031889784,
0.09725,0.0035283170,
0.0975,0.0107902978,
0.09775,0.0214974210,
0.098,0.0119364681,
0.09825,0.0120737823,
0.0985,0.0139472624,
0.09875,0.0219011586,
0.099,0.0078244135,
0.09925,0.0056129838,
0.0995,0.0154710487,
0.09975,0.0055582179,
0.1,-0.0077683916,
0.10025,0.0153057361,
0.1005,0.0019165461,
0.10075,-0.0115552461,
0.101,-0.0065720268,
0.10125,0.0112976097,
0.1015,0.0018829508,
0.10175,-0.0138585940,
0.102,0.0029883708,
0.10225,0.0139088286,
0.1025,0.0114666261,
0.10275,-0.0043998724,
0.103,0.0084213838,
0.10325,0.0202050228,
0.1035,0.0083966628,
0.10375,0.0120234070,
0.104,0.0216623135,
0.10425,-0.0034315351,
0.1045,0.0065775565,
0.10475,0.0102683380,
0.105,-0.0057755699,
0.10525,-0.0114342151,
0.1055,0.0155507382,
0.10575,0.0080204606,
0.106,-0.0023792966,
0.10625,-0.0038572508,
0.1065,0.0027084409,
0.10675,0.0151428496,
0.107,0.0015090310,
0.10725,0.0022870013,
0.1075,0.0108803436,
0.10775,0.0166729484,
0.108,-0.0023747918,
0.10825,0.0124251181,
0.1085,0.0166430678,
0.10875,0.0113042705,
0.109,0.0030558216,
0.10925,0.0115550635,
0.1095,0.0012920449,
0.10975,-0.0081058303,
0.11,0.0072508403,
0.11025,0.0059326412,
0.1105,-0.0212030038,
0.11075,-0.0146154892,
0.111,-0.0078504235,
0.11125,-0.0031114675,
0.1115,-0.0241580158,
0.11175,-0.0087598842,
0.112,0.0036531233,
0.11225,0.0208475664,
0.1125,-0.0030983901,
0.11275,0.0121738426,
0.113,0.0018779334,
0.11325,-0.0051633297,
0.1135,0.0012659944,
0.11375,-0.0048744846,
0.114,-0.0012750783,
0.11425,-0.0087737599,
0.1145,-0.0086544119,
0.11475,0.0083054872,
0.115,0.0058360542,
0.11525,-0.0109254671,
0.1155,0.0126343081,
0.11575,0.0033278719,
0.116,-0.0110602546,
0.11625,-0.0112469885,
0.1165,0.0058169658,
0.11675,0.0011847462,
0.117,-0.0080427332,
0.11725,0.0066716364,
0.1175,0.0090477923,
0.11775,0.0093764700,
0.118,-0.0005436160,
0.11825,0.0062824478,
0.1185,0.0130087249,
0.11875,-0.0014500978,
0.119,0.0046489732,
0.11925,0.0055543259,
0.1195,-0.0259182230,
0.11975,-0.0110938596,
0.12,-0.0055998978,
0.12025,-0.0102851689,
0.1205,-0.0088305781,
0.12075,-0.0246811397,
0.121,0.0062523182,
0.12125,-0.0104454253,
0.1215,-0.0178209916,
0.12175,-0.0211393014,
0.122,0.0040542199,
0.12225,-0.0068317996,
0.1225,-0.0121501312,
0.12275,0.0056532836,
0.123,0.0053935307,
0.12325,-0.0079191923,
0.1235,-0.0053271255,
0.12375,-0.0035300404,
0.124,-0.0224725418,
0.12425,-0.0085751750,
0.1245,-0.0120900366,
0.12475,-0.0135007072,
0.125,-0.0079771867,
0.12525,-0.0054254220,
0.1255,-0.0054622283,
0.12575,-0.0052399514,
0.126,-0.0155222369,
0.12625,-0.0065747458,
0.1265,0.0016167082,
0.12675,0.0035152852,
0.127,-0.0116564352,
0.12725,0.0037831939,
0.1275,0.0097204912,
0.12775,-0.0087617813,
0.128,-0.0035384935,
0.12825,0.0080230469,
0.1285,0.0062961667,
0.12875,-0.0008942420,
0.129,0.0006080333,
0.12925,-0.0103639960,
0.1295,-0.0080396682,
0.12975,-0.0031077259,
0.13,-0.0137849804,
0.13025,-0.0164031349,
0.1305,-0.0253484994,
0.13075,-0.0015987167,
0.131,-0.0040081320,
0.13125,-0.0161501579,
0.1315,-0.0221955255,
0.13175,0.0029111551,
0.132,0.0155555466,
0.13225,-0.0042374004,
0.1325,-0.0025470091,
0.13275,-0.0085441852,
0.133,-0.0096195545,
0.13325,-0.0153220892,
0.1335,0.0010845007,
0.13375,-0.0033290056,
0.134,0.0008410206,
0.13425,-0.0103733512,
0.1345,0.0128057972,
0.13475,-0.0056137666,
0.135,-0.0246400107,
0.13525,0.0008160610,
0.1355,-0.0006015905,
0.13575,-0.0127568301,
0.136,-0.0172806885,
0.13625,0.0051479544,
0.1365,0.0084307594,
0.13675,-0.0111684538,
0.137,0.0088265911,
0.13725,0.0029204900,
0.1375,0.0062276465,
0.13775,-0.0059470809,
0.138,0.0028058356,
0.13825,0.0147988852,
0.1385,0.0068149692,
0.13875,0.0123008573,
0.139,-0.0123904841,
0.13925,-0.0233894940,
0.1395,-0.0000021909,
0.13975,-0.0026448099,
0.14,0.0130948368,
0.14025,-0.0092384135,
0.1405,-0.0036167984,
0.14075,-0.0040265853,
0.141,-0.0151959164,
0.14125,-0.0154166128,
0.1415,-0.0208202731,
0.14175,0.0098754857,
0.142,-0.0061525772,
0.14225,0.0063480940,
0.1425,0.0083538536,
0.14275,0.0103499563,
0.143,-0.0032318046,
0.14325,0.0018441411,
0.1435,-0.0030738818,
0.14375,-0.0016609865,
0.144,-0.0023572654,
0.14425,-0.0184094310,
0.1445,0.0016450556,
0.14475,0.0067114090,
0.145,-0.0067832312,
0.14525,-0.0095079625,
0.1455,0.0044191056,
0.14575,-0.0097098751,
0.146,-0.0014151710,
0.14625,0.0073518334,
0.1465,0.0001987400,
0.14675,-0.0055705477,
0.147,0.0072539230,
0.14725,0.0174935684,
0.1475,-0.0017189819,
0.14775,-0.0050537870,
0.148,0.0082346210,
0.14825,0.0139163844,
0.1485,0.0036365355,
0.14875,-0.0074675204,
0.149,-0.0203131158,
0.14925,-0.0105488664,
0.1495,-0.0122235958,
0.14975,-0.0141813643,
0.15,0.0016142115,
0.15025,-0.0082410937,
0.1505,0.0046963003,
0.15075,-0.0201535746,
0.151,-0.0113699082,
0.15125,-0.0129623422,
0.1515,0.0068666153,
0.15175,0.0138139250,
0.152,0.0112683848,
0.15225,-0.0045046802,
0.1525,0.0023865593,
0.15275,0.0011391081,
0.153,0.0003976468,
0.15325,0.0028367057,
0.1535,0.0067126197,
0.15375,0.0047988766,
0.154,-0.0105530750,
0.15425,0.0019440333,
0.1545,-0.0097431997,
0.15475,-0.0129175736,
0.155,0.0023768449,
0.15525,0.0020169197,
0.1555,-0.0084827235,
0.15575,-0.0072465567,
0.156,0.0065224785,
0.15625,0.0039295936,
0.1565,-0.0110250572,
0.15675,0.0017993858,
0.157,0.0045397570,
0.15725,0.0049889628,
0.1575,-0.0055914130,
0.15775,-0.0055760155,
0.158,0.0103783589,
0.15825,0.0121327359,
0.1585,0.0011044210,
0.15875,-0.0144638447,
0.159,-0.0098544005,
0.15925,0.0076287589,
0.1595,-0.0014012638,
0.15975,0.0045121429,
0.16,-0.0107143456,
0.16025,-0.0117574623,
0.1605,-0.0179371778,
0.16075,-0.0063945251,
0.161,-0.0118382256,
0.16125,-0.0205588508,
0.1615,0.0036868770,
0.16175,0.0131858746,
0.162,0.0023020273,
0.16225,0.0006590261,
0.1625,0.0127999913,
0.16275,0.0026633393,
0.163,-0.0006155713,
0.16325,0.0029029036,
0.1635,0.0061711734,
0.16375,-0.0012682215,
0.164,-0.0027335759,
0.16425,-0.0078240652,
0.1645,0.0132464021,
0.16475,-0.0182459801,
0.165,-0.0019609779,
0.16525,-0.0036230991,
0.1655,-0.0025856839,
0.16575,-0.0014512880,
0.166,-0.0067854165,
0.16625,0.0075638010,
0.1665,-0.0055108215,
0.16675,0.0024580036,
0.167,0.0105540836,
0.16725,0.0075708074,
0.1675,-0.0017248166,
0.16775,0.0093117068,
0.168,0.0222679153,
0.16825,0.0037717293,
0.1685,-0.0076594446,
0.16875,-0.0137114655,
0.169,0.0014734345,
0.16925,-0.0059388047,
0.1695,-0.0022669397,
0.16975,0.0134670269,
0.17,0.0043862676,
0.17025,-0.0092095183,
0.1705,-0.0105357133,
0.17075,-0.0089575453,
0.171,-0.0225262158,
0.17125,0.0065773265,
0.1715,0.0202180631,
0.17175,0.0126162441,
0.172,0.0019187282,
0.17225,0.0140305562,
0.1725,0.0165926591,
0.17275,0.0103464238,
0.173,-0.0046473723,
0.17325,0.0116193807,
0.1735,-0.0021373678,
0.17375,-0.0108758910,
0.174,-0.0101942178,
0.17425,-0.0006158403,
0.1745,-0.0003340429,
0.17475,-0.0024421627,
0.175,-0.0006297989,
0.17525,-0.0063093388,
0.1755,0.0087796561,
0.17575,0.0040919101,
0.176,0.0090404078,
0.17625,-0.0036093793,
0.1765,0.0050606322,
0.17675,0.0073069632,
0.177,0.0050756852,
0.17725,0.0035678272,
0.1775,0.0011078281,
0.17775,0.0194801893,
0.178,0.0157723185,
0.17825,-0.0002475859,
0.1785,0.0016257026,
0.17875,0.0052047479,
0.179,0.0057243807,
0.17925,-0.0070389756,
0.1795,-0.0041738250,
0.17975,-0.0163252577,
0.18,-0.0174416564,
0.18025,-0.0104820812,
0.1805,0.0060351472,
0.18075,-0.0130254012,
0.181,-0.0129195871,
0.18125,0.0126291364,
0.1815,0.0108115384,
0.18175,0.0052762209,
0.182,-0.0004999113,
0.18225,0.0147927534,
0.1825,0.0099954801,
0.18275,-0.0005271200,
0.183,0.0020858985,
0.18325,0.0106799137,
0.1835,0.0059058280,
0.18375,-0.0085863816,
0.184,0.0017915386,
0.18425,0.0149800852,
0.1845,-0.0172424372,
0.18475,0.0004493370,
0.185,-0.0055402634,
0.18525,0.0123250913,
0.1855,-0.0066848435,
0.18575,0.0035420521,
0.186,0.0038693454,
0.18625,0.0053984011,
0.1865,0.0006157983,
0.18675,0.0173257105,
0.187,0.0153770596,
0.18725,0.0023629754,
0.1875,0.0066177920,
0.18775,0.0195614640,
0.188,0.0036511766,
0.18825,-0.0013857194,
0.1885,-0.0067789499,
0.18875,0.0104837678,
0.189,-0.0024572271,
0.18925,-0.0070323534,
0.1895,0.0057843579,
0.18975,-0.0009748847,
0.19,-0.0109694917,
0.19025,-0.0187776126,
0.1905,-0.0081579555,
0.19075,-0.0070083370,
0.191,0.0039709788,
0.19125,0.0127205495,
0.1915,0.0146805681,
0.19175,0.0085704727,
0.192,0.0087760892,
0.19225,0.0195550993,
0.1925,0.0108211292,
0.19275,-0.0029456278,
0.193,0.0127048958,
0.19325,0.0030857383,
0.1935,-0.0050733429,
0.19375,-0.0158129148,
0.194,0.0176099632,
0.19425,-0.0005840900,
0.1945,-0.0102884937,
0.19475,-0.0127116460,
0.195,0.0037646783,
0.19525,0.0057118861,
0.1955,0.0025509568,
0.19575,0.0035689902,
0.196,-0.0090894122,
0.19625,0.0033085563,
0.1965,0.0062977294,
0.19675,0.0103281168,
0.197,0.0050554452,
0.19725,0.0002000694,
0.1975,0.0085489387,
0.19775,0.0142048961,
0.198,0.0029568279,
0.19825,-0.0048546637,
0.1985,0.0019896280,
0.19875,-0.0087956553,
0.199,-0.0153406188,
0.19925,-0.0098835509,
0.1995,-0.0221474506,
0.19975,-0.0096826507,
0.2,-0.0159045849,
0.20025,0.0119457953,
0.2005,-0.0167814605,
0.20075,-0.0010324490,
0.201,0.0072081527,
0.20125,0.0051630060,
0.2015,0.0085374881,
0.20175,-0.0006286923,
0.202,0.0220562257,
0.20225,0.0194930267,
0.2025,-0.0032087162,
0.20275,0.0014381554,
0.203,0.0070479563,
0.20325,0.0060168565,
0.2035,-0.0145596694,
0.20375,0.0047943313,
0.204,0.0058148038,
0.20425,-0.0026904130,
0.2045,-0.0135654947,
0.20475,-0.0176906697,
0.205,0.0072834082,
0.20525,-0.0133752953,
0.2055,0.0059932480,
0.20575,0.0074090539,
0.206,0.0125013301,
0.20625,-0.0030327612,
0.2065,0.0087586045,
0.20675,0.0164109915,
0.207,0.0025603154,
0.20725,0.0058988226,
0.2075,0.0088121444,
0.20775,0.0003716647,
0.208,-0.0039609340,
0.20825,-0.0068125357,
0.2085,0.0218897127,
0.20875,-0.0122706881,
0.209,-0.0028456689,
0.20925,-0.0032292933,
0.2095,-0.0189025085,
0.20975,-0.0342228711,
0.21,-0.0266471673,
0.21025,-0.0067670951,
0.2105,0.0041388576,
0.21075,0.0005345599,
0.211,0.0087084295,
0.21125,0.0229107179,
0.2115,-0.0020635233,
0.21175,0.0151301995,
0.212,0.0199859180,
0.21225,0.0087666502,
0.2125,-0.0141515993,
0.21275,0.0082498454,
0.213,0.0106573720,
0.21325,-0.0166347940,
0.2135,-0.0134633472,
0.21375,0.0107320733,
0.214,-0.0061215898,
0.21425,-0.0138058318,
0.2145,-0.0218041688,
0.21475,0.0012989260,
0.215,-0.0004408140,
0.21525,-0.0042000501,
0.2155,-0.0043226914,
0.21575,-0.0002874917,
0.216,0.0061221179,
0.21625,0.0006711556,
0.2165,0.0112230787,
0.21675,0.0014610215,
0.217,-0.0019487140,
0.21725,0.0030595108,
0.2175,0.0195216797,
0.21775,0.0018712438,
0.218,-0.0069342861,
0.21825,-0.0078354441,
0.2185,-0.0241221208,
0.21875,-0.0186554361,
0.219,-0.0074305343,
0.21925,-0.0130854258,
0.2195,-0.0059440769,
0.21975,-0.0138695594,
0.22,-0.0068924753,
0.22025,-0.0176402126,
0.2205,-0.0042055212,
0.22075,-0.0053484906,
0.221,0.0077260761,
0.22125,0.0022726739,
0.2215,0.0045672506,
0.22175,0.0077627795,
0.222,0.0046094032,
0.22225,-0.0014195303,
0.2225,-0.0103266146,
0.22275,0.0035472098,
0.223,-0.0034981270,
0.22325,-0.0228489023,
0.2235,0.0057463301,
0.22375,0.0015163175,
0.224,0.0075570769,
0.22425,-0.0247554481,
0.2245,-0.0077763055,
0.22475,0.0008458808,
0.225,-0.0083475402,
0.22525,0.0011528339,
0.2255,0.0080499258,
0.22575,0.0089444257,
0.226,-0.0057737445,
0.22625,-0.0001076660,
0.2265,0.0130562577,
0.22675,0.0016612399,
0.227,0.0043712771,
0.22725,0.0032555079,
0.2275,-0.0043214229,
0.22775,-0.0058318824,
0.228,-0.0021414247,
0.22825,0.0035707182,
0.2285,-0.0091216052,
0.22875,-0.0199871585,
0.229,-0.0110387700,
0.22925,-0.0202782117,
0.2295,-0.0332360901,
0.22975,-0.0218675192,
0.23,-0.0096608978,
0.23025,0.0081655458,
0.2305,-0.0043925373,
0.23075,-0.0010651969,
0.231,0.0108607262,
0.23125,-0.0016670218,
0.2315,0.0095205372,
0.23175,0.0128858574,
0.232,0.0114399614,
0.23225,-0.0035728512,
0.2325,0.0054811817,
0.23275,0.0153570175,
0.233,-0.0161296893,
0.23325,-0.0082352161,
0.2335,0.0065058195,
0.23375,0.0042108442,
0.234,-0.0076617161,
0.23425,-0.0175688304,
0.2345,-0.0046530268,
0.23475,-0.0018447018,
0.235,0.0015632913,
0.23525,-0.0059297197,
0.2355,0.0151155898,
0.23575,0.0089876624,
0.236,0.0004452515,
0.23625,0.0073099434,
0.2365,0.0020316485,
0.23675,-0.0004706710,
0.237,0.0074214586,
0.23725,0.0139117977,
0.2375,-0.0056237616,
0.23775,-0.0129796425,
0.238,-0.0093804589,
0.23825,-0.0137506556,
0.2385,-0.0083929561,
0.23875,-0.0157503393,
0.239,-0.0035044593,
0.23925,-0.0012333180,
0.2395,-0.0088056037,
0.23975,-0.0344379842,
0.24,-0.0091662798,
0.24025,-0.0074315043,
0.2405,-0.0087178983,
0.24075,0.0007062410,
0.241,0.0035608725,
0.24125,0.0025097921,
0.2415,0.0022426522,
0.24175,0.0093361838,
0.242,-0.0021007054,
0.24225,-0.0103010330,
0.2425,0.0027650793,
0.24275,-0.0080970591,
0.243,-0.0089574428,
0.24325,0.0031856156,
0.2435,-0.0034839842,
0.24375,0.0055482620,
0.244,-0.0176013559,
0.24425,-0.0115216374,
0.2445,0.0110364892,
0.24475,0.0039383066,
0.245,-0.0080389474,
0.24525,0.0051544979,
0.2455,0.0075239353,
0.24575,0.0003169958,
0.246,-0.0095276311,
0.24625,0.0093470765,
0.2465,0.0034934301,
0.24675,-0.0096780891,
0.247,-0.0001487211,
0.24725,0.0023669880,
0.2475,-0.0104806125,
0.24775,-0.0009739120,
0.248,-0.0163394436,
0.24825,-0.0053593139,
0.2485,-0.0280433521,
0.24875,-0.0083267633,
0.249,-0.0015215473,
0.24925,-0.0167357046,
0.2495,-0.0285512488,
0.24975,-0.0047225174,
0.25,0.0018980376,
0.25025,-0.0145825734,
0.2505,-0.0163073577,
0.25075,0.0012344226,
0.251,0.0025362163,
0.25125,0.0026488984,
0.2515,0.0090523325,
0.25175,0.0074535790,
0.252,0.0000538851,
0.25225,0.0046314485,
0.2525,0.0117255114,
0.25275,-0.0054523852,
0.253,-0.0175117310,
0.25325,0.0083599137,
0.2535,0.0114847952,
0.25375,-0.0158892572,
0.254,-0.0188194104,
0.25425,-0.0005936133,
0.2545,0.0116118155,
0.25475,-0.0024993727,
0.255,-0.0040193293,
0.25525,0.0131411292,
0.2555,0.0063135596,
0.25575,-0.0018599351,
0.256,0.0034738637,
0.25625,0.0108011067,
0.2565,0.0088814786,
0.25675,0.0123070143,
0.257,0.0042828433,
0.25725,0.0020495970,
0.2575,-0.0007307548,
0.25775,-0.0118264006,
0.258,0.0209288709,
0.25825,-0.0058193356,
0.2585,-0.0096277297,
0.25875,0.0012519782,
0.259,0.0010967521,
0.25925,-0.0256847236,
0.2595,-0.0310819242,
0.25975,0.0113896048,
0.26,0.0084778788,
0.26025,0.0021169125,
0.2605,0.0092813540,
0.26075,0.0206342246,
0.261,0.0170163494,
0.26125,0.0160805471,
0.2615,0.0205018669,
0.26175,0.0170128606,
0.262,0.0027423152,
0.26225,0.0109657552,
0.2625,0.0063511813,
0.26275,0.0147986514,
0.263,0.0044858460,
0.26325,0.0154125178,
0.2635,0.0068533630,
0.26375,-0.0074910624,
0.264,0.0040467321,
0.26425,0.0192090180,
0.2645,0.0062560551,
0.26475,0.0058115884,
0.265,0.0110203661,
0.26525,0.0231030006,
0.2655,0.0119309910,
0.26575,0.0073571913,
0.266,0.0223865006,
0.26625,0.0218554307,
0.2665,0.0096175903,
0.26675,0.0100507922,
0.267,0.0098932926,
0.26725,0.0081637548,
0.2675,0.0114182550,
0.26775,0.0113833994,
0.268,0.0054870080,
0.26825,-0.0001971014,
0.2685,0.0116309039,
0.26875,0.0081593040,
0.269,0.0002618990,
0.26925,-0.0205256622,
0.2695,0.0156060746,
0.26975,0.0059251981,
0.27,0.0181849878,
0.27025,0.0017691657,
0.2705,0.0179082789,
0.27075,0.0206613503,
0.271,0.0102710333,
0.27125,0.0143058961,
0.2715,0.0245035812,
0.27175,0.0105689168,
0.272,0.0023920753,
0.27225,0.0157318749,
0.2725,0.0132209808,
0.27275,0.0082553392,
0.273,0.0175231211,
0.27325,0.0179217961,
0.2735,-0.0023614559,
0.27375,-0.0066970754,
0.274,0.0153940218,
0.27425,0.0210098401,
0.2745,0.0037414420,
0.27475,-0.0003666240,
0.275,0.0172732640,
0.27525,0.0040299613,
0.2755,-0.0054824715,
0.27575,0.0077220001,
0.276,0.0169705227,
0.27625,0.0153453080,
0.2765,0.0056599309,
0.27675,0.0028674295,
0.277,-0.0016768875,
0.27725,-0.0095746526,
0.2775,0.0027276250,
0.27775,0.0171831809,
0.278,-0.0049329242,
0.27825,-0.0143835982,
0.2785,-0.0130348802,
0.27875,-0.0025614493,
0.279,-0.0254360512,
0.27925,-0.0240290985,
0.2795,0.0158223454,
0.27975,0.0132583259,
0.28,0.0003753767,
0.28025,0.0080964407,
0.2805,0.0069955401,
0.28075,0.0108844638,
0.281,0.0034085193,
0.28125,0.0166204982,
0.2815,0.0067368727,
0.28175,0.0001498782,
0.282,-0.0001643995,
0.28225,-0.0019404425,
0.2825,0.0051048673,
0.28275,-0.0058885021,
0.283,0.0032290153,
0.28325,-0.0049661091,
0.2835,-0.0066712690,
0.28375,-0.0104750898,
0.284,0.0081220707,
0.28425,-0.0001842100,
0.2845,-0.0022711665,
0.28475,-0.0041689156,
0.285,0.0076814238,
0.28525,0.0059203738,
0.2855,-0.0074472595,
0.28575,-0.0034378814,
0.286,0.0152038084,
0.28625,0.0016836020,
0.2865,-0.0037388252,
0.28675,-0.0033027516,
0.287,0.0019772365,
0.28725,-0.0043892181,
0.2875,-0.0000430827,
0.28775,0.0017005777,
0.288,-0.0109532932,
0.28825,-0.0099524092,
0.2885,0.0004307111,
0.28875,-0.0279386304,
0.289,-0.0247162208,
0.28925,-0.0015195948,
0.2895,0.0071756942,
0.28975,0.0156123834,
0.29,-0.0019222326,
0.29025,0.0068067070,
0.2905,0.0018971869,
0.29075,0.0007107700,
0.291,0.0024029103,
0.29125,0.0105569223,
0.2915,-0.0019684727,
0.29175,-0.0015676219,
0.292,-0.0046890727,
0.29225,0.0145692388,
0.2925,-0.0037536081,
0.29275,0.0030480442,
0.293,0.0091693653,
0.29325,-0.0114511717,
0.2935,-0.0088516101,
0.29375,0.0067354925,
0.294,0.0086875651,
0.29425,-0.0005199678,
0.2945,-0.0023272969,
0.29475,0.0125526534,
0.295,0.0083717601,
0.29525,0.0000735134,
0.2955,0.0004594612,
0.29575,0.0121276062,
0.296,0.0112422369,
0.29625,0.0012977002,
0.2965,0.0094166026,
0.29675,0.0011179048,
0.297,-0.0078509627,
0.29725,0.0151401376,
0.2975,0.0056415983,
0.29775,-0.0002379135,
0.298,-0.0116970353,
0.29825,0.0006131118,
0.2985,0.0098164249,
0.29875,-0.0104023609,
0.299,-0.0163098164,
0.29925,0.0177401323,
0.2995,0.0147664342,
0.29975,0.0010251090,
0.3,0.0174910985,
0.30025,0.0115790721,
0.3005,0.0202066172,
0.30075,0.0021229573,
0.301,0.0116082206,
0.30125,0.0070454697,
0.3015,0.0005785084,
0.30175,0.0010934435,
0.302,-0.0000634312,
0.30225,0.0128541440,
0.3025,0.0046502617,
0.30275,0.0010146186,
0.303,0.0055026831,
0.30325,0.0042780312,
0.3035,-0.0066039721,
0.30375,0.0113093946,
0.304,0.0076071722,
0.30425,0.0069963234,
0.3045,0.0062508737,
0.30475,0.0189938415,
0.305,0.0183922350,
0.30525,-0.0022460558,
0.3055,0.0032688512,
0.30575,0.0164629109,
0.306,0.0031329689,
0.30625,0.0100362562,
0.3065,0.0033442115,
0.30675,0.0004326271,
0.307,0.0092047043,
0.30725,0.0037284298,
0.3075,0.0047426713,
0.30775,0.0022193012,
0.308,0.0012474607,
0.30825,0.0008568306,
0.3085,-0.0183511265,
0.30875,-0.0069627231,
0.309,-0.0042872098,
0.30925,0.0161329340,
0.3095,0.0166692361,
0.30975,0.0067389705,
0.31,0.0035045044,
0.31025,0.0112239737,
0.3105,-0.0019909781,
0.31075,-0.0014523910,
0.311,0.0106185945,
0.31125,0.0069551701,
0.3115,-0.0067471713,
0.31175,-0.0076381788,
0.312,0.0142185157,
0.31225,-0.0196233597,
0.3125,-0.0142740905,
0.31275,-0.0022411179,
0.313,-0.0037965411,
0.31325,-0.0055120466,
0.3135,-0.0015679140,
0.31375,0.0067452053,
0.314,-0.0088620270,
0.31425,-0.0032612267,
0.3145,0.0059312624,
0.31475,-0.0009339285,
0.315,-0.0061038551,
0.31525,-0.0059791044,
0.3155,0.0036674263,
0.31575,0.0051668612,
0.316,0.0041975952,
0.31625,-0.0103183389,
0.3165,-0.0260825455,
0.31675,-0.0089606177,
0.317,0.0050004506,
0.31725,0.0014617825,
0.3175,-0.0147575047,
0.31775,-0.0109275337,
0.318,-0.0043581338,
0.31825,-0.0064028362,
0.3185,-0.0160573553,
0.31875,-0.0206089169,
0.319,0.0056294170,
0.31925,-0.0046605607,
0.3195,-0.0004604154,
0.31975,-0.0024265121,
0.32,0.0058646509,
0.32025,-0.0034491557,
0.3205,-0.0118944086,
0.32075,0.0008102010,
0.321,-0.0093887169,
0.32125,-0.0010571913,
0.3215,-0.0270270444,
0.32175,-0.0057760370,
0.322,-0.0051854746,
0.32225,-0.0155268777,
0.3225,-0.0228557643,
0.32275,-0.0178197268,
0.323,-0.0093253255,
0.32325,-0.0211835392,
0.3235,-0.0041206419,
0.32375,-0.0111303031,
0.324,-0.0037327274,
0.32425,-0.0139798494,
0.3245,0.0005918821,
0.32475,0.0012057276,
0.325,-0.0147605576,
0.32525,-0.0147702359,
0.3255,0.0021940228,
0.32575,-0.0001268412,
0.326,-0.0142895915,
0.32625,-0.0184006356,
0.3265,-0.0099684950,
0.32675,-0.0056222370,
0.327,-0.0153500196,
0.32725,0.0021066361,
0.3275,-0.0106062125,
0.32775,-0.0096191401,
0.328,-0.0267352052,
0.32825,-0.0248291884,
0.3285,-0.0059485082,
0.32875,-0.0123283789,
0.329,0.0072530960,
0.32925,0.0076625380,
0.3295,-0.0059316070,
0.32975,-0.0025741728,
0.33,0.0092634056,
0.33025,-0.0109351473,
0.3305,-0.0081839552,
0.33075,-0.0026965961,
0.331,0.0042097983,
0.33125,-0.0184690282,
0.3315,-0.0119181518,
0.33175,-0.0119570410,
0.332,-0.0325829946,
0.33225,-0.0171113685,
0.3325,-0.0163653884,
0.33275,-0.0113822278,
0.333,-0.0053228666,
0.33325,0.0023857525,
0.3335,-0.0023499432,
0.33375,-0.0112867495,
0.334,0.0002952646,
0.33425,-0.0031585994,
0.3345,0.0093850363,
0.33475,0.0019277039,
0.335,-0.0057951268,
0.33525,0.0057702372,
0.3355,0.0142744072,
0.33575,0.0116505455,
0.336,-0.0116239693,
0.33625,-0.0178694613,
0.3365,0.0105330804,
0.33675,0.0029448012,
0.337,0.0005605071,
0.33725,-0.0026282130,
0.3375,-0.0045987261,
0.33775,-0.0100124814,
0.338,-0.0078693442,
0.33825,-0.0103765111,
0.3385,-0.0112059563,
0.33875,0.0076157860,
0.339,0.0086889379,
0.33925,0.0077377856,
0.3395,0.0040947516,
0.33975,0.0125798285,
0.34,-0.0011100033,
0.34025,0.0072837295,
0.3405,-0.0093530966,
0.34075,0.0032786818,
0.341,0.0059207645,
0.34125,-0.0146182543,
0.3415,-0.0099762678,
0.34175,0.0050485767,
0.342,-0.0096071148,
0.34225,-0.0241256226,
0.3425,-0.0068325838,
0.34275,-0.0064588473,
0.343,-0.0005126451,
0.34325,-0.0091550704,
0.3435,0.0127522172,
0.34375,0.0037892247,
0.344,-0.0008998461,
0.34425,-0.0006424459,
0.3445,0.0042859502,
0.34475,0.0023003058,
0.345,-0.0034651356,
0.34525,0.0090210633,
0.3455,0.0153865814,
0.34575,-0.0093479306,
0.346,-0.0014522705,
0.34625,0.0077168830,
0.3465,0.0005548493,
0.34675,-0.0027365738,
0.347,0.0047869845,
0.34725,0.0010314570,
0.3475,0.0005736898,
0.34775,-0.0214508716,
0.348,-0.0020100474,
0.34825,0.0003233592,
0.3485,-0.0069956435,
0.34875,-0.0026118192,
0.349,0.0059733288,
0.34925,0.0042641032,
0.3495,0.0013673410,
0.34975,0.0076335715,
0.35,0.0171900298,
0.35025,-0.0099809393,
0.3505,0.0044613513,
0.35075,0.0065928041,
0.351,-0.0237778928,
0.35125,-0.0130612543,
0.3515,-0.0158179663,
0.35175,0.0022719323,
0.352,-0.0172892194,
0.35225,-0.0213051997,
0.3525,-0.0069134687,
0.35275,0.0022416250,
0.353,-0.0022038538,
0.35325,0.0007800439,
0.3535,0.0009979508,
0.35375,0.0098005291,
0.354,0.0005677777,
0.35425,0.0082858745,
0.3545,0.0078560421,
0.35475,-0.0015354771,
0.355,0.0087232897,
0.35525,0.0061140517,
0.3555,0.0069968160,
0.35575,-0.0100041134,
0.356,-0.0171174444,
0.35625,0.0223593432,
0.3565,-0.0027509800,
0.35675,-0.0148383761,
0.357,-0.0022858558,
0.35725,-0.0023747005,
0.3575,-0.0028865065,
0.35775,-0.0122810109,
0.358,-0.0094599184,
0.35825,-0.0053834636,
0.3585,0.0007230320,
0.35875,0.0050663068,
0.359,0.0053789103,
0.35925,-0.0023199269,
0.3595,0.0101268180,
0.35975,0.0078549106,
0.36,0.0104707619,
0.36025,-0.0108093480,
0.3605,0.0052200682,
0.36075,-0.0015023047,
0.361,-0.0135386027,
0.36125,-0.0111487191,
0.3615,0.0070625586,
0.36175,-0.0113925505,
0.362,-0.0079676202,
0.36225,-0.0150111038,
0.3625,0.0057214899,
0.36275,0.0047470462,
0.363,-0.0142513691,
0.36325,0.0110012088,
0.3635,0.0064810961,
0.36375,0.0013251252,
0.364,0.0003533109,
0.36425,0.0047228471,
0.3645,0.0061495672,
0.36475,-0.0044596596,
0.365,0.0124572217,
0.36525,0.0180254336,
0.3655,-0.0103364792,
0.36575,-0.0034697116,
0.366,0.0129596666,
0.36625,0.0098691620,
0.3665,-0.0184519794,
0.36675,-0.0059843645,
0.367,0.0071451631,
0.36725,-0.0060880492,
0.3675,-0.0335917585,
0.36775,-0.0017996719,
0.368,-0.0023408500,
0.36825,0.0017880604,
0.3685,-0.0048822407,
0.36875,0.0070718238,
0.369,0.0090380413,
0.36925,0.0025099311,
0.3695,0.0134360595,
0.36975,0.0108090192,
0.37,-0.0096471980,
0.37025,0.0027412407,
0.3705,0.0038051638,
0.37075,-0.0102194920,
0.371,-0.0192492940,
0.37125,-0.0062280446,
0.3715,0.0131857060,
0.37175,-0.0142391156,
0.372,-0.0129524898,
0.37225,0.0025492189,
0.3725,0.0138398921,
0.37275,0.0006736682,
0.373,0.0092068892,
0.37325,0.0155414119,
0.3735,0.0156104928,
0.37375,0.0053802151,
0.374,0.0135441031,
0.37425,0.0138315381,
0.3745,0.0086914385,
0.37475,0.0085634757,
0.375,0.0161571205,
0.37525,0.0163243935,
0.3755,-0.0070363539,
0.37575,-0.0018297215,
0.376,0.0237603970,
0.37625,-0.0221556406,
0.3765,-0.0149225760,
0.37675,-0.0018284486,
0.377,0.0070830425,
0.37725,-0.0131933959,
0.3775,-0.0146599347,
0.37775,0.0029432017,
0.378,0.0050477805,
0.37825,0.0063020182,
0.3785,-0.0036776650,
0.37875,0.0178250875,
0.379,0.0098145287,
0.37925,0.0171869472,
0.3795,0.0199206956,
0.37975,0.0195315257,
0.38,-0.0050754407,
0.38025,0.0077098524,
0.3805,0.0104206782,
0.38075,-0.0152912904,
0.381,-0.0123275090,
0.38125,0.0148150316,
0.3815,-0.0034160910,
0.38175,0.0021876991,
0.382,-0.0128280018,
0.38225,0.0216933191,
0.3825,0.0041496907,
0.38275,0.0091767684,
0.383,0.0168802924,
0.38325,0.0217613243,
0.3835,0.0103146322,
0.38375,0.0026776048,
0.384,0.0192842968,
0.38425,0.0165793337,
0.3845,0.0029249841,
0.38475,0.0132973883,
0.385,0.0124781318,
0.38525,-0.0061633671,
0.3855,-0.0035064514,
0.38575,0.0252322946,
0.386,0.0020330041,
0.38625,-0.0162175652,
0.3865,0.0038003337,
0.38675,0.0008807643,
0.387,-0.0145943603,
0.38725,-0.0269427616,
0.3875,0.0095960516,
0.38775,0.0094619868,
0.388,0.0169789810,
0.38825,-0.0054219416,
0.3885,0.0179979671,
0.38875,-0.0014485614,
0.389,0.0053504147,
0.38925,0.0142332111,
0.3895,0.0208972786,
0.38975,-0.0041313502,
0.39,0.0004741443,
0.39025,0.0109614804,
0.3905,0.0085148197,
0.39075,-0.0088869948,
0.391,0.0062683108,
0.39125,0.0171771497,
0.3915,-0.0030396341,
0.39175,-0.0153323654,
0.392,-0.0000493940,
0.39225,0.0088880789,
0.3925,-0.0004322494,
0.39275,0.0071187560,
0.393,0.0147249652,
0.39325,0.0129727069,
0.3935,0.0076755155,
0.39375,0.0149508612,
0.394,0.0171184596,
0.39425,0.0078205010,
0.3945,0.0026362417,
0.39475,0.0100252358,
0.395,0.0121193239,
0.39525,-0.0086332075,
0.3955,0.0000332716,
0.39575,-0.0012026749,
0.396,-0.0227428693,
0.39625,-0.0094244014,
0.3965,-0.0045550130,
0.39675,0.0090281786,
0.397,-0.0129157919,
0.39725,-0.0004209665,
0.3975,-0.0108566359,
0.39775,0.0032475423,
0.398,-0.0017926191,
0.39825,-0.0032721157,
0.3985,0.0149034522,
0.39875,0.0126151964,
0.399,0.0096325753,
0.39925,0.0161711480,
0.3995,0.0077339252,
0.39975,-0.0114496127,
0.4,0.0084721260,
0.40025,0.0004588588,
0.4005,-0.0217457004,
0.40075,-0.0018765735,
0.401,0.0067976965,
0.40125,-0.0007006979,
0.4015,-0.0078161918,
0.40175,-0.0209614299,
0.402,0.0054328605,
0.40225,-0.0027008702,
0.4025,0.0055064978,
0.40275,0.0067719184,
0.403,0.0089580482,
0.40325,0.0020050015,
0.4035,0.0036721625,
0.40375,0.0092536807,
0.404,0.0167481955,
0.40425,-0.0000049597,
0.4045,0.0021090177,
0.40475,0.0067952247,
0.405,-0.0075249802,
0.40525,-0.0007055117,
0.4055,0.0067832605,
0.40575,-0.0221164506,
0.406,-0.0135319792,
0.40625,-0.0199618787,
0.4065,-0.0005503165,
0.40675,-0.0188909527,
0.407,-0.0233991053,
0.40725,-0.0016140785,
0.4075,0.0095213195,
0.40775,0.0075409980,
0.408,0.0026224551,
0.40825,0.0060570845,
0.4085,0.0060016382,
0.40875,0.0036119288,
0.409,0.0059192367,
0.40925,0.0078695556,
0.4095,-0.0106146410,
0.40975,0.0062056030,
0.41,0.0075703794,
0.41025,0.0103449021,
0.4105,-0.0102265980,
0.41075,0.0014349658,
0.411,0.0051624812,
0.41125,-0.0006801656,
0.4115,-0.0160905998,
0.41175,-0.0004442682,
0.412,0.0099216662,
0.41225,0.0118683837,
0.4125,0.0016312777,
0.41275,0.0148857627,
0.413,0.0128051378,
0.41325,0.0010761942,
0.4135,0.0049048234,
0.41375,0.0107862931,
0.414,0.0073960917,
0.41425,0.0018834464,
0.4145,0.0185163207,
0.41475,-0.0019638783,
0.415,-0.0050198454,
0.41525,0.0020485842,
0.4155,-0.0047807223,
0.41575,0.0035124011,
0.416,-0.0139579084,
0.41625,0.0089611094,
0.4165,0.0030633423,
0.41675,-0.0069347741,
0.417,-0.0272415727,
0.41725,-0.0169335566,
0.4175,-0.0017008388,
0.41775,-0.0254016463,
0.418,0.0080382675,
0.41825,0.0068209330,
0.4185,0.0118714804,
0.41875,0.0075731007,
0.419,0.0122221503,
0.41925,0.0028896776,
0.4195,-0.0051519717,
0.41975,-0.0024493695,
0.42,-0.0051478231,
0.42025,-0.0027341517,
0.4205,0.0136435265,
0.42075,0.0044123377,
0.421,0.0046744319,
0.42125,-0.0007873373,
0.4215,-0.0131602297,
0.42175,0.0100619486,
0.422,0.0192525275,
0.42225,-0.0117906276,
0.4225,0.0074565066,
0.42275,0.0188310537,
0.423,0.0077025755,
0.42325,0.0053377515,
0.4235,0.0145851774,
0.42375,0.0171125606,
0.424,0.0044873790,
0.42425,0.0005785555,
0.4245,0.0033232581,
0.42475,-0.0153366523,
0.425,0.0079193413,
0.42525,-0.0063692122,
0.4255,-0.0206850655,
0.42575,-0.0169503931,
0.426,-0.0156180300,
0.42625,0.0034209320,
0.4265,-0.0113610048,
0.42675,-0.0184009802,
0.427,-0.0049959226,
0.42725,0.0132800657,
0.4275,-0.0019714325,
0.42775,0.0028480382,
0.428,-0.0073872339,
0.42825,0.0053432975,
0.4285,0.0005119198,
0.42875,0.0072076586,
0.429,0.0081335083,
0.42925,0.0049664536,
0.4295,-0.0020897135,
0.42975,0.0016706175,
0.43,0.0027135080,
0.43025,-0.0213151723,
0.4305,-0.0127647305,
0.43075,0.0007034674,
0.431,0.0003064620,
0.43125,-0.0242061354,
0.4315,0.0034244803,
0.43175,0.0110581564,
0.432,-0.0016358094,
0.43225,-0.0029637893,
0.4325,0.0095383804,
0.43275,0.0093153706,
0.433,-0.0063735950,
0.43325,-0.0105736265,
0.4335,0.0052065006,
0.43375,0.0043792739,
0.434,0.0026357060,
0.43425,0.0000348008,
0.4345,-0.0171833932,
0.43475,-0.0114063434,
0.435,-0.0089147147,
0.43525,0.0001566914,
0.4355,0.0065667015,
0.43575,-0.0169185754,
0.436,-0.0024533980,
0.43625,-0.0208645090,
0.4365,-0.0161995236,
0.43675,-0.0357286595,
0.437,-0.0133193946,
0.43725,-0.0021334363,
0.4375,-0.0113305580,
0.43775,-0.0025711956,
0.438,0.0008916511,
0.43825,0.0021991828,
0.4385,0.0001504439,
0.43875,-0.0009919592,
0.439,0.0034480002,
0.43925,-0.0041633388,
0.4395,-0.0094182342,
0.43975,-0.0109652849,
0.44,0.0017587198,
0.44025,-0.0039148182,
0.4405,-0.0077548856,
0.44075,0.0027590317,
0.441,-0.0163655989,
0.44125,-0.0107616093,
0.4415,-0.0078925341,
0.44175,0.0017702819,
0.442,-0.0105567966,
0.44225,-0.0031136572,
0.4425,0.0074830297,
0.44275,0.0056173066,
0.443,-0.0074351109,
0.44325,-0.0041338308,
0.4435,0.0052539576,
0.44375,0.0054387497,
0.444,-0.0189746171,
0.44425,-0.0177258402,
0.4445,-0.0205333382,
0.44475,-0.0113151092,
0.445,-0.0166744683,
0.44525,-0.0154047096,
0.4455,-0.0127551146,
0.44575,-0.0077108783,
0.446,-0.0138864964,
0.44625,-0.0136936996,
0.4465,-0.0321138948,
0.44675,-0.0152896605,
0.447,0.0056699268,
0.44725,0.0002945045,
0.4475,-0.0099611823,
0.44775,-0.0051309797,
0.448,0.0072380230,
0.44825,0.0031375454,
0.4485,0.0045945765,
0.44875,0.0123653449,
0.449,0.0018185305,
0.44925,-0.0010258217,
0.4495,-0.0022527771,
0.44975,-0.0130998949,
0.45,-0.0144166723,
0.45025,-0.0067416211,
0.4505,0.0005396967,
0.45075,-0.0055808108,
0.451,-0.0184917059,
0.45125,0.0018034503,
0.4515,0.0086633433,
0.45175,-0.0104871187,
0.452,-0.0077887625,
0.45225,0.0038547898,
0.4525,0.0060540712,
0.45275,-0.0011250312,
0.453,-0.0104889311,
0.45325,0.0054982593,
0.4535,0.0116790757,
0.45375,0.0036139158,
0.454,-0.0085330531,
0.45425,-0.0172422174,
0.4545,-0.0002078908,
0.45475,-0.0119222524,
0.455,0.0070477379,
0.45525,-0.0043440629,
0.4555,-0.0236551538,
0.45575,-0.0123268096,
0.456,-0.0204610042,
0.45625,-0.0156749114,
0.4565,-0.0398325510,
0.45675,-0.0020621903,
0.457,0.0085036308,
0.45725,0.0019930103,
0.4575,-0.0044239182,
0.45775,0.0103633339,
0.458,0.0100346291,
0.45825,0.0059489263,
0.4585,0.0060567288,
0.45875,0.0180773661,
0.459,0.0102851270,
0.45925,0.0066129686,
0.4595,-0.0021549312,
0.45975,0.0168601144,
0.46,0.0038413194,
0.46025,-0.0050712759,
0.4605,-0.0006181406,
0.46075,-0.0069858320,
0.461,0.0049041300,
0.46125,-0.0001956018,
0.4615,0.0083197197,
0.46175,0.0052715847,
0.462,0.0074688392,
0.46225,0.0162532404,
0.4625,0.0189865623,
0.46275,-0.0015802683,
0.463,0.0010932056,
0.46325,0.0205440409,
0.4635,0.0050411653,
0.46375,-0.0034993123,
0.464,-0.0060320189,
0.46425,-0.0082752937,
0.4645,0.0063174875,
0.46475,-0.0027072048,
0.465,0.0157518182,
0.46525,0.0061097872,
0.4655,0.0081913378,
0.46575,-0.0050089834,
0.466,-0.0073443195,
0.46625,-0.0248866007,
0.4665,-0.0082750265,
0.46675,0.0152728278,
0.467,0.0138730090,
0.46725,0.0073484546,
0.4675,0.0147253787,
0.46775,0.0171479415,
0.468,0.0226773340,
0.46825,0.0083636902,
0.4685,0.0131884487,
0.46875,0.0191958956,
0.469,0.0080299061,
0.46925,-0.0073093106,
0.4695,0.0077208774,
0.46975,0.0098394519,
0.47,-0.0088986252,
0.47025,0.0019737841,
0.4705,-0.0035584280,
0.47075,0.0039126095,
0.471,0.0077156965,
0.47125,0.0115848714,
0.4715,0.0028083320,
0.47175,-0.0061347447,
0.472,0.0043679886,
0.47225,0.0087142326,
0.4725,0.0120389499,
0.47275,-0.0004683679,
0.473,0.0073333830,
0.47325,0.0187540762,
0.4735,0.0009740632,
0.47375,-0.0022409419,
0.474,0.0063416855,
0.47425,-0.0048013609,
0.4745,0.0022493980,
0.47475,0.0022506076,
0.475,-0.0070021786,
0.47525,-0.0194993187,
0.4755,-0.0107415710,
0.47575,0.0017571417,
0.476,-0.0107331220,
0.47625,-0.0240397938,
0.4765,0.0048282519,
0.47675,0.0101348683,
0.477,0.0128566977,
0.47725,-0.0014897647,
0.4775,0.0107527720,
0.47775,0.0237811618,
0.478,0.0029377951,
0.47825,0.0045259134,
0.4785,0.0089741480,
0.47875,-0.0015740211,
0.479,0.0003570398,
0.47925,-0.0203217026,
0.4795,0.0188804734,
0.47975,-0.0124171097,
0.48,-0.0071170479,
0.48025,-0.0213271026,
0.4805,-0.0049661431,
0.48075,-0.0017197680,
0.481,-0.0106795225,
0.48125,0.0090692034,
0.4815,0.0034987722,
0.48175,-0.0040628822,
0.482,0.0014822009,
0.48225,0.0095372200,
0.4825,-0.0031947054,
0.48275,-0.0083834473,
0.483,0.0032928775,
0.48325,-0.0012278795,
0.4835,-0.0066750804,
0.48375,-0.0152059719,
0.484,0.0005633341,
0.48425,0.0088703902,
0.4845,-0.0124129755,
0.48475,0.0065393909,
0.485,0.0028168608,
0.48525,-0.0080597065,
0.4855,-0.0230257008,
0.48575,-0.0186231099,
0.486,-0.0236621127,
0.48625,-0.0091089904,
0.4865,0.0042737937,
0.48675,0.0177576225,
0.487,-0.0010103101,
0.48725,0.0067309253,
0.4875,0.0183177516,
0.48775,0.0115543157,
0.488,-0.0010076403,
0.48825,0.0069114966,
0.4885,0.0111335870,
0.48875,0.0034411971,
0.489,-0.0153450705,
0.48925,0.0038362327,
0.4895,0.0053016678,
0.48975,-0.0165045056,
0.49,-0.0121951578,
0.49025,-0.0089283427,
0.4905,0.0071880864,
0.49075,-0.0011758266,
0.491,0.0083235698,
0.49125,-0.0096926484,
0.4915,0.0007672653,
0.49175,0.0057660067,
0.492,0.0083342465,
0.49225,0.0106687900,
0.4925,-0.0021913357,
0.49275,0.0036810110,
0.493,0.0202624127,
0.49325,0.0054964302,
0.4935,0.0036443300,
0.49375,-0.0045483159,
0.494,0.0013495713,
0.49425,0.0005321121,
0.4945,0.0019274298,
0.49475,-0.0048609120,
0.495,-0.0139169227,
0.49525,-0.0078378376,
0.4955,0.0074159028,
0.49575,-0.0046641668,
0.496,-0.0122167440,
0.49625,0.0116197541,
0.4965,0.0068140770,
0.49675,0.0187638346,
0.497,0.0000270571,
0.49725,0.0198631268,
0.4975,0.0215407535,
0.49775,0.0034576263,
0.498,0.0050383010,
0.49825,0.0112385321,
0.4985,0.0165120997,
0.49875,-0.0049414681,
0.499,-0.0040586805,
0.49925,0.0176623408,
0.4995,0.0008082035,
0.49975,-0.0059681255,
0.5,-0.0225538481,
0.50025,0.0048967074,
0.5005,-0.0061077578,
0.50075,0.0042848205,
0.501,0.0171191916,
0.50125,0.0198884085,
0.5015,0.0034082343,
0.50175,0.0143429441,
0.502,0.0110771079,
0.50225,0.0076143886,
0.5025,-0.0024351615,
0.50275,0.0067594605,
0.503,0.0057866052,
0.50325,0.0001239115,
0.5035,-0.0090994872,
0.50375,0.0107366722,
0.504,0.0061812713,
0.50425,0.0018649416,
0.5045,0.0112211052,
0.50475,-0.0063881832,
0.505,-0.0067595337,
0.50525,-0.0216109119,
0.5055,-0.0131393950,
0.50575,0.0051546493,
0.506,0.0069263661,
0.50625,0.0045290147,
0.5065,0.0113453325,
0.50675,0.0010862986,
0.507,0.0014097999,
0.50725,0.0216880608,
0.5075,0.0148045551,
0.50775,0.0031420637,
0.508,0.0001903346,
0.50825,0.0194816794,
0.5085,0.0061447909,
0.50875,-0.0126165338,
0.509,0.0044983109,
0.50925,-0.0028337846,
0.5095,-0.0062863766,
0.50975,-0.0230930839,
0.51,-0.0079884492,
0.51025,-0.0013785851,
0.5105,-0.0061140866,
0.51075,-0.0052733668,
0.511,-0.0030498893,
0.51125,0.0108725671,
0.5115,0.0026378976,
0.51175,0.0102634877,
0.512,0.0110041909,
0.51225,-0.0011698107,
0.5125,-0.0037601695,
0.51275,0.0173686426,
0.513,0.0058945725,
0.51325,0.0019684387,
0.5135,-0.0124328509,
0.51375,-0.0069019268,
0.514,-0.0032867349,
0.51425,0.0024386002,
0.5145,-0.0070546838,
0.51475,-0.0011725203,
0.515,-0.0032531596,
0.51525,-0.0036389313,
0.5155,-0.0157107543,
0.51575,-0.0158581045,
0.516,0.0020833763,
0.51625,-0.0049872054,
0.5165,0.0082401866,
0.51675,-0.0019900985,
0.517,0.0082086185,
0.51725,0.0097596319,
0.5175,0.0027487124,
0.51775,-0.0043918253,
0.518,-0.0040919576,
0.51825,0.0145657714,
0.5185,-0.0188657101,
0.51875,-0.0098390430,
0.519,-0.0041903066,
0.51925,-0.0030848319,
0.5195,-0.0231917109,
0.51975,-0.0336667933,
0.52,-0.0134121524,
0.52025,-0.0102943163,
0.5205,-0.0086291451,
0.52075,-0.0024282928,
0.521,0.0087315757,
0.52125,-0.0096916305,
0.5215,-0.0015833951,
0.52175,-0.0010493163,
0.522,-0.0035549719,
0.52225,-0.0079338672,
0.5225,-0.0093822395,
0.52275,0.0010240456,
0.523,-0.0041600214,
0.52325,-0.0169182606,
0.5235,0.0031079920,
0.52375,-0.0003496825,
0.524,-0.0080588171,
0.52425,-0.0161827337,
0.5245,-0.0102976197,
0.52475,-0.0137198288,
0.525,-0.0284122135,
0.52525,-0.0164224990,
0.5255,0.0102900174,
0.52575,-0.0083917491,
0.526,-0.0072871591,
0.52625,-0.0010412127,
0.5265,-0.0043464536,
0.52675,0.0019182930,
0.527,0.0084743090,
0.52725,0.0167027526,
0.5275,-0.0043529207,
0.52775,-0.0066452818,
0.528,0.0188319162,
0.52825,-0.0118977204,
0.5285,-0.0154920807,
0.52875,-0.0094056893,
0.529,0.0017364661,
0.52925,-0.0083675012,
0.5295,-0.0239168815,
0.52975,-0.0189150758,
0.53,0.0030008496,
0.53025,-0.0011100215,
0.5305,-0.0013334224,
0.53075,0.0029558674,
0.531,0.0185654461,
0.53125,0.0036796557,
0.5315,-0.0032821114,
0.53175,0.0137618920,
0.532,0.0028910707,
0.53225,-0.0007988098,
0.5325,0.0139634386,
0.53275,0.0076517165,
0.533,0.0013346430,
0.53325,-0.0123954462,
0.5335,0.0064073307,
0.53375,0.0159106161,
0.534,-0.0119248861,
0.53425,-0.0002471132,
0.5345,0.0154286018,
0.53475,0.0066063562,
0.535,-0.0211999770,
0.53525,-0.0202187728,
0.5355,-0.0018633856,
0.53575,0.0024488906,
0.536,-0.0099447081,
0.53625,0.0016872749,
0.5365,0.0004075974,
0.53675,0.0081322175,
0.537,0.0181209650,
0.53725,0.0123599619,
0.5375,0.0044836691,
0.53775,0.0160531774,
0.538,0.0109463008,
0.53825,-0.0004031215,
0.5385,0.0030633253,
0.53875,-0.0011432619,
0.539,0.0088380296,
0.53925,-0.0115706911,
0.5395,-0.0097178789,
0.53975,0.0005162595,
0.54,0.0193344131,
0.54025,-0.0097881090,
0.5405,0.0011280336,
0.54075,0.0138857123,
0.541,0.0100246165,
0.54125,-0.0015125592,
0.5415,0.0140652442,
0.54175,0.0104208151,
0.542,0.0011440194,
0.54225,0.0023628431,
0.5425,0.0142835137,
0.54275,0.0035471099,
0.543,-0.0060485634,
0.54325,-0.0008197763,
0.5435,0.0085164625,
0.54375,-0.0133513389,
0.544,-0.0021177342,
0.54425,-0.0016290671,
0.5445,0.0083898902,
0.54475,-0.0150846578,
0.545,-0.0150146252,
0.54525,0.0108546754,
0.5455,-0.0035015997,
0.54575,-0.0115754027,
0.546,0.0005620753,
0.54625,0.0040766443,
0.5465,-0.0035807013,
0.54675,0.0028313638,
0.547,0.0100280661,
0.54725,0.0058105066,
0.5475,-0.0063898088,
0.54775,0.0073089842,
0.548,0.0011485496,
0.54825,-0.0136541296,
0.5485,-0.0088310018,
0.54875,0.0126142576,
0.549,-0.0029680564,
0.54925,-0.0200285185,
0.5495,-0.0146055864,
0.54975,0.0122492807,
0.55,0.0007974504,
0.55025,-0.0017759358,
0.5505,0.0078319041,
0.55075,0.0131656434,
0.551,0.0030435578,
0.55125,0.0013937581,
0.5515,0.0048962417,
0.55175,0.0114745004,
0.552,-0.0003913368,
0.55225,0.0076808669,
0.5525,-0.0002006884,
0.55275,-0.0049301516,
0.553,-0.0213029403,
0.55325,0.0109705348,
0.5535,0.0048941430,
0.55375,-0.0191251375,
0.554,-0.0030930678,
0.55425,0.0057718437,
0.5545,-0.0056708907,
0.55475,-0.0302838385,
0.555,-0.0046751462,
0.55525,0.0040961644,
0.5555,0.0032866301,
0.55575,-0.0140617415,
0.556,0.0007047177,
0.55625,0.0104650808,
0.5565,0.0036705995,
0.55675,0.0114514232,
0.557,0.0127355009,
0.55725,-0.0054589966,
0.5575,0.0058297357,
0.55775,0.0022577357,
0.558,-0.0054911384,
0.55825,-0.0134015437,
0.5585,-0.0000737844,
0.55875,0.0047270483,
0.559,-0.0150289740,
0.55925,-0.0165303946,
0.5595,-0.0014351298,
0.55975,0.0079845199,
0.56,-0.0054942416,
0.56025,-0.0006268171,
0.5605,0.0059994473,
0.56075,0.0159829967,
0.561,-0.0041271211,
0.56125,0.0103262430,
0.5615,0.0108500049,
0.56175,0.0044284016,
0.562,0.0004971084,
0.56225,0.0030785091,
0.5625,0.0024269666,
0.56275,-0.0083523942,
0.563,0.0003219681,
0.56325,0.0116129210,
0.5635,-0.0175825730,
0.56375,-0.0035057960,
0.564,0.0010006962,
0.56425,0.0059174602,
0.5645,-0.0300078355,
0.56475,-0.0097364429,
0.565,0.0112126637,
0.56525,0.0074794106,
0.5655,-0.0101986947,
0.56575,0.0113440845,
0.566,0.0017362820,
0.56625,-0.0040399008,
0.5665,0.0069120154,
0.56675,0.0064504915,
0.567,0.0029840558,
0.56725,-0.0029258463,
0.5675,0.0007606751,
0.56775,0.0135480752,
0.568,-0.0040405402,
0.56825,0.0012261663,
0.5685,0.0148968827,
0.56875,-0.0047186916,
0.569,-0.0069367676,
0.56925,-0.0099403327,
0.5695,0.0187896788,
0.56975,0.0079059312,
0.57,-0.0043399506,
0.57025,0.0144007467,
0.5705,0.0141509483,
0.57075,0.0072613889,
0.571,0.0059016915,
0.57125,0.0138230808,
0.5715,0.0180844609,
0.57175,-0.0004615628,
0.572,0.0069499444,
0.57225,0.0109101683,
0.5725,-0.0074391416,
0.57275,-0.0018536518,
0.573,0.0205433853,
0.57325,0.0072737271,
0.5735,0.0017109702,
0.57375,-0.0080363769,
0.574,0.0168772861,
0.57425,-0.0045760241,
0.5745,-0.0158062037,
0.57475,0.0023129820,
0.575,0.0161814149,
0.57525,0.0018280779,
0.5755,-0.0054186722,
0.57575,0.0160713252,
0.576,0.0151370140,
0.57625,0.0094424160,
0.5765,0.0125098685,
0.57675,0.0133196721,
0.577,-0.0019762751,
0.57725,0.0081084771,
0.5775,0.0037115533,
0.57775,-0.0021596209,
0.578,0.0064041074,
0.57825,0.0127467131,
0.5785,0.0088253515,
0.57875,0.0017259788,
0.579,-0.0102936402,
0.57925,0.0057566185,
0.5795,0.0150522972,
0.57975,0.0087205255,
0.58,0.0092018293,
0.58025,0.0198090561,
0.5805,0.0205320846,
0.58075,0.0037711710,
0.581,0.0146804741,
0.58125,0.0209427886,
0.5815,0.0150919659,
0.58175,0.0118998392,
0.582,0.0051859212,
0.58225,0.0075407354,
0.5825,0.0014549738,
0.58275,0.0139546487,
0.583,0.0024225302,
0.58325,-0.0054930104,
0.5835,-0.0043316875,
0.58375,0.0071171746,
0.584,0.0048047481,
0.58425,-0.0190782771,
0.5845,0.0000635859,
0.58475,0.0016700083,
0.585,0.0195824001,
0.58525,0.0041330140,
0.5855,0.0076885051,
0.58575,-0.0046122763,
0.586,0.0057926127,
0.58625,-0.0072926008,
0.5865,0.0095269755,
0.58675,0.0019865998,
0.587,0.0021020437,
0.58725,-0.0003441912,
0.5875,0.0116789518,
0.58775,0.0075184833,
0.588,-0.0089002941,
0.58825,0.0093836933,
0.5885,-0.0046016015,
0.58875,-0.0089473519,
0.589,-0.0062396666,
0.58925,0.0059584668,
0.5895,0.0107789077,
0.58975,0.0006216100,
0.59,0.0131306984,
0.59025,0.0177679099,
0.5905,0.0096458588,
0.59075,0.0016151391,
0.591,0.0129912188,
0.59125,0.0142467041,
0.5915,0.0026876365,
0.59175,0.0121032633,
0.592,0.0015533332,
0.59225,-0.0199845619,
0.5925,0.0032245528,
0.59275,0.0035547963,
0.593,0.0030309719,
0.59325,-0.0095937653,
0.5935,-0.0121168699,
0.59375,0.0066794837,
0.594,-0.0072074570,
0.59425,-0.0214261580,
0.5945,-0.0115506435,
0.59475,0.0087637166,
0.595,-0.0098269451,
0.59525,-0.0056486954,
0.5955,0.0072332327,
0.59575,0.0112152025,
0.596,-0.0045569828,
0.59625,0.0029040871,
0.5965,-0.0035592313,
0.59675,-0.0131888352,
0.597,-0.0077426345,
0.59725,-0.0144844670,
0.5975,-0.0027359535,
0.59775,-0.0056220731,
0.598,-0.0042123217,
0.59825,-0.0081692757,
0.5985,-0.0000766468,
0.59875,-0.0156955756,
0.599,-0.0057304017,
0.59925,0.0065452307,
0.5995,0.0018385553,
0.59975,0.0006001701,
0.6,0.0079816803,
0.60025,0.0111073991,
0.6005,-0.0004732737,
0.60075,-0.0037797287,
0.601,0.0104493219,
0.60125,0.0033987986,
0.6015,-0.0009085234,
0.60175,-0.0053058984,
0.602,-0.0169302821,
0.60225,-0.0040482120,
0.6025,-0.0072631137,
0.60275,-0.0137716513,
0.603,-0.0063248957,
0.60325,-0.0129123125,
0.6035,0.0067644990,
0.60375,-0.0115936203,
0.604,-0.0144248446,
0.60425,-0.0166391674,
0.6045,0.0059184488,
0.60475,0.0066551501,
0.605,-0.0046268706,
0.60525,-0.0143684894,
0.6055,-0.0100097805,
0.60575,-0.0061854701,
0.606,-0.0141977929,
0.60625,0.0040771589,
0.6065,-0.0039695827,
0.60675,0.0039833672,
0.607,-0.0108256331,
0.60725,0.0123921782,
0.6075,-0.0158101488,
0.60775,-0.0197491515,
0.608,-0.0036437202,
0.60825,-0.0048267506,
0.6085,-0.0117179044,
0.60875,-0.0069251088,
0.609,0.0045024888,
0.60925,0.0014238817,
0.6095,-0.0014908565,
0.60975,0.0052372674,
0.61,0.0152760129,
0.61025,0.0101279756,
0.6105,-0.0049347170,
0.61075,0.0069462000,
0.611,0.0124072488,
0.61125,0.0087573063,
0.6115,0.0028335431,
0.61175,-0.0132447649,
0.612,-0.0186890811,
0.61225,0.0025219317,
0.6125,-0.0042959084,
0.61275,0.0121174138,
0.613,-0.0084020607,
0.61325,0.0018455589,
0.6135,-0.0083823446,
0.61375,-0.0024920939,
0.614,-0.0182871036,
0.61425,-0.0079177823,
0.6145,0.0111801503,
0.61475,-0.0058265962,
0.615,0.0075295796,
0.61525,0.0049330629,
0.6155,0.0040650191,
0.61575,-0.0076352032,
0.616,0.0038109641,
0.61625,-0.0027271700,
0.6165,0.0061420966,
0.61675,-0.0051493915,
0.617,-0.0045451806,
0.61725,0.0026685689,
0.6175,0.0074535008,
0.61775,-0.0119982827,
0.618,-0.0061436258,
0.61825,0.0034785050,
0.6185,-0.0113578839,
0.61875,0.0015789248,
0.619,0.0067558186,
0.61925,0.0032484345,
0.6195,0.0012396977,
0.61975,0.0127562275,
0.62,0.0190615859,
0.62025,-0.0031747152,
0.6205,-0.0012598687,
0.62075,0.0093744239,
0.621,0.0106933750,
0.62125,-0.0047512138,
0.6215,-0.0142214457,
0.62175,-0.0239816755,
0.622,-0.0079615144,
0.62225,-0.0140066994,
0.6225,-0.0083591128,
0.62275,0.0038414148,
0.623,-0.0002043591,
0.62325,-0.0061648684,
0.6235,-0.0274681933,
0.62375,0.0011438114,
0.624,-0.0101330122,
0.62425,0.0008810082,
0.6245,0.0073267082,
0.62475,0.0009953906,
0.625,-0.0060710958,
0.62525,0.0011047522,
0.6255,-0.0002531903,
0.62575,-0.0044092042,
0.626,-0.0024420749,
0.62625,0.0102408929,
0.6265,-0.0072848350,
0.62675,-0.0053369850,
0.627,-0.0088012135,
0.62725,-0.0180933326,
0.6275,-0.0092385048,
0.62775,-0.0084314756,
0.628,-0.0059765717,
0.62825,-0.0132600581,
0.6285,-0.0037211445,
0.62875,0.0052833874,
0.629,-0.0072820196,
0.62925,-0.0081006233,
0.6295,0.0000183932,
0.62975,0.0035160840,
0.63,0.0036414522,
0.63025,-0.0141292252,
0.6305,-0.0041166628,
0.63075,0.0011664772,
0.631,0.0017917843,
0.63125,-0.0068462435,
0.6315,-0.0263282508,
0.63175,-0.0090549663,
0.632,0.0011786817,
0.63225,-0.0056716474,
0.6325,-0.0068710949,
0.63275,-0.0172929969,
0.633,-0.0136517780,
0.63325,-0.0237468109,
0.6335,-0.0047190296,
0.63375,-0.0284821894,
0.634,-0.0140889660,
0.63425,-0.0003742218,
0.6345,0.0007796536,
0.63475,-0.0023552098,
0.635,-0.0054739327,
0.63525,-0.0060224570,
0.6355,-0.0008773053,
0.63575,-0.0048018722,
0.636,-0.0092010675,
0.63625,0.0043769032,
0.6365,-0.0060861972,
0.63675,-0.0142483693,
0.637,-0.0061066961,
0.63725,-0.0015352211,
0.6375,-0.0321633779,
0.63775,-0.0090760915,
0.638,-0.0191071797,
0.63825,-0.0048214751,
0.6385,-0.0128520513,
0.63875,-0.0030209383,
0.639,0.0006501770,
0.63925,-0.0031600874,
0.6395,0.0030800842,
0.63975,0.0027372336,
0.64,0.0029768068,
0.64025,-0.0079803262,
0.6405,0.0023372755,
0.64075,0.0167275798,
0.641,-0.0118792932,
0.64125,-0.0204839166,
0.6415,-0.0184444189,
0.64175,-0.0026944624,
0.642,-0.0118704056,
0.64225,-0.0014346511,
0.6425,0.0088422019,
0.64275,0.0005425508,
0.643,-0.0168770514,
0.64325,-0.0119788814,
0.6435,-0.0090659698,
0.64375,-0.0090413149,
0.644,-0.0066306880,
0.64425,0.0088271424,
0.6445,0.0030634829,
0.64475,-0.0036884248,
0.645,0.0114935748,
0.64525,0.0056753540,
0.6455,0.0044395383,
0.64575,-0.0030880617,
0.646,0.0123910969,
0.64625,-0.0071793618,
0.6465,-0.0147140548,
0.64675,-0.0197549369,
0.647,-0.0115273977,
0.64725,-0.0073492662,
0.6475,-0.0135458373,
0.64775,-0.0220814422,
0.648,-0.0047926954,
0.64825,-0.0008513771,
0.6485,-0.0091591300,
0.64875,0.0033758823,
0.649,-0.0081194658,
0.64925,-0.0010895021,
0.6495,0.0055767340,
0.64975,0.0116986418,
0.65,-0.0017554109,
0.65025,0.0010173708,
0.6505,0.0125223082,
0.65075,0.0068969983,
0.651,-0.0103908544,
0.65125,-0.0098081082,
0.6515,0.0084787486,
0.65175,0.0022060038,
0.652,-0.0100531103,
0.65225,-0.0055963807,
0.6525,-0.0155578479,
0.65275,-0.0023396772,
0.653,-0.0079263831,
0.65325,0.0105168950,
0.6535,-0.0176355876,
0.65375,0.0012656138,
0.654,0.0112350238,
0.65425,0.0076472946,
0.6545,0.0081805401,
0.65475,-0.0020487229,
0.655,0.0132944984,
0.65525,0.0110149924,
0.6555,-0.0088932272,
0.65575,0.0047028605,
0.656,0.0058931736,
0.65625,-0.0000182673,
0.6565,-0.0179461744,
0.65675,0.0062919287,
0.657,-0.0043791202,
0.65725,-0.0126286447,
0.6575,-0.0116630364,
0.65775,-0.0103582926,
0.658,0.0046242098,
0.65825,-0.0173381511,
0.6585,0.0072972802,
0.65875,0.0088125654,
0.659,0.0065122289,
0.65925,-0.0004750068,
0.6595,0.0143526085,
0.65975,0.0087491246,
0.66,0.0026019479,
0.66025,0.0102587268,
0.6605,0.0130963009,
0.66075,-0.0070656002,
0.661,-0.0021546783,
0.66125,-0.0038165618,
0.6615,0.0158603992,
0.66175,-0.0052388781,
0.662,0.0075448719,
0.66225,0.0117010996,
0.6625,0.0068604993,
0.66275,-0.0126440059,
0.663,-0.0148544228,
0.66325,-0.0019676329,
0.6635,0.0061511304,
0.66375,0.0016085294,
0.664,0.0064762258,
0.66425,0.0170301106,
0.6645,-0.0043480485,
0.66475,0.0166620389,
0.665,0.0179757215,
0.66525,0.0052610757,
0.6655,0.0038821525,
0.66575,0.0100122346,
0.666,0.0056054853,
0.66625,-0.0115158223,
0.6665,-0.0194032621,
0.66675,0.0173593704,
0.667,-0.0082895122,
0.66725,-0.0108698849,
0.6675,-0.0194194280,
0.66775,0.0084381346,
0.668,0.0029659087,
0.66825,-0.0028010050,
0.6685,0.0089038284,
0.66875,0.0077092471,
0.669,0.0093983477,
0.66925,0.0136259943,
0.6695,0.0231740903,
0.66975,0.0129413093,
0.67,0.0077083753,
0.67025,0.0093212007,
0.6705,0.0217126217,
0.67075,-0.0087550273,
0.671,0.0006448355,
0.67125,0.0076520890,
0.6715,-0.0152176106,
0.67175,-0.0166426115,
0.672,-0.0055391686,
0.67225,-0.0045323563,
0.6725,-0.0008464603,
0.67275,-0.0147811417,
0.673,0.0080953110,
0.67325,-0.0169286709,
0.6735,0.0043834089,
0.67375,-0.0000522709,
0.674,0.0046009212,
0.67425,0.0032313741,
0.6745,0.0056169042,
0.67475,0.0158642177,
0.675,0.0218143035,
0.67525,0.0001156540,
0.6755,0.0030974750,
0.67575,0.0209705438,
0.676,-0.0043469835,
0.67625,-0.0240870416,
0.6765,0.0062451926,
0.67675,-0.0017643337,
0.677,-0.0003827610,
0.67725,-0.0190552603,
0.6775,-0.0052168900,
0.67775,0.0016240771,
0.678,-0.0007000501,
0.67825,0.0131896799,
0.6785,0.0160103161,
0.67875,0.0141181182,
0.679,0.0041000433,
0.67925,0.0169357155,
0.6795,0.0202730410,
0.67975,0.0067743664,
0.68,0.0042305710,
0.68025,0.0089083575,
0.6805,-0.0029936528,
0.68075,-0.0040511796,
0.681,0.0070016636,
0.68125,0.0161271635,
0.6815,-0.0102750398,
0.68175,-0.0030547329,
0.682,-0.0053616655,
0.68225,-0.0059489077,
0.6825,-0.0431186482,
0.68275,-0.0193334967,
0.683,-0.0039293002,
0.68325,0.0074291816,
0.6835,-0.0056349374,
0.68375,0.0057284529,
0.684,0.0153363310,
0.68425,-0.0103091905,
0.6845,0.0195171181,
0.68475,0.0221152492,
0.685,0.0019265627,
0.68525,0.0002680143,
0.6855,0.0151441116,
0.68575,0.0129523929,
0.686,-0.0081308503,
0.68625,-0.0096025467,
0.6865,0.0124815013,
0.68675,-0.0055462932,
0.687,-0.0149219995,
0.68725,-0.0155332889,
0.6875,0.0053608115,
0.68775,0.0073539261,
0.688,0.0001356223,
0.68825,0.0033678710,
0.6885,0.0225065723,
0.68875,0.0089971395,
0.689,0.0202682056,
0.68925,0.0191313103,
0.6895,0.0108792270,
0.68975,0.0096907243,
0.69,0.0093612392,
0.69025,0.0198321249,
0.6905,0.0006764240,
0.69075,-0.0087903589,
0.691,-0.0048531676,
0.69125,-0.0143917352,
0.6915,-0.0121989585,
0.69175,-0.0049244361,
0.692,0.0135956313,
0.69225,-0.0044195149,
0.6925,0.0048264517,
0.69275,-0.0010964496,
0.693,-0.0119153513,
0.69325,-0.0019703680,
0.6935,-0.0023520845,
0.69375,0.0080711525,
0.694,0.0058130026,
0.69425,0.0155598987,
0.6945,0.0158533677,
0.69475,0.0219491422,
0.695,0.0036203028,
0.69525,0.0088643832,
0.6955,0.0277439058,
0.69575,-0.0057032588,
0.696,-0.0024099364,
0.69625,0.0189889763,
0.6965,0.0079288930,
0.69675,0.0098073315,
0.697,-0.0209545940,
0.69725,0.0120452894,
0.6975,0.0049088891,
0.69775,0.0109123364,
0.698,0.0135713806,
0.69825,0.0223291572,
0.6985,0.0239370577,
0.69875,0.0098864697,
0.699,0.0102505190,
0.69925,0.0257076044,
0.6995,0.0123151131,
0.69975,0.0086465999,
0.7,0.0098122228,
0.70025,0.0033372568,
0.7005,-0.0029529838,
0.70075,0.0143581443,
0.701,0.0013170228,
0.70125,-0.0082388232,
0.7015,-0.0055228211,
0.70175,-0.0018216022,
0.702,-0.0069078477,
0.70225,-0.0142314760,
0.7025,-0.0139763486,
0.70275,0.0075046234,
0.703,0.0157377087,
0.70325,-0.0025843049,
0.7035,0.0084543005,
0.70375,0.0076834224,
0.704,0.0076644919,
0.70425,0.0127067622,
0.7045,0.0258775987,
0.70475,0.0104845231,
0.705,0.0037554887,
0.70525,0.0223112479,
0.7055,0.0158650950,
0.70575,0.0009925970,
0.706,0.0015591818,
0.70625,0.0121808127,
0.7065,0.0085148178,
0.70675,-0.0128115974,
0.707,-0.0193427801,
0.70725,0.0007589963,
0.7075,0.0038790358,
0.70775,-0.0067493990,
0.708,0.0074232440,
0.70825,0.0146300821,
0.7085,0.0002742782,
0.70875,0.0057788729,
0.709,0.0126674203,
0.70925,0.0142663270,
0.7095,0.0035498557,
0.70975,0.0124109481,
0.71,0.0097715873,
0.71025,-0.0088701416,
0.7105,-0.0072389310,
0.71075,-0.0156174861,
0.711,-0.0024528545,
0.71125,-0.0110461153,
0.7115,-0.0108880010,
0.71175,0.0088648796,
0.712,0.0003290977,
0.71225,-0.0108914925,
0.7125,-0.0316411331,
0.71275,-0.0078294165,
0.713,-0.0088356733,
0.71325,-0.0094783669,
0.7135,-0.0062642833,
0.71375,0.0057592029,
0.714,0.0033518230,
0.71425,0.0091693345,
0.7145,0.0079751508,
0.71475,-0.0006085873,
0.715,-0.0022197093,
0.71525,0.0069941678,
0.7155,-0.0081066946,
0.71575,-0.0006788858,
0.716,-0.0036969339,
0.71625,-0.0011248187,
0.7165,-0.0062574977,
0.71675,-0.0238145962,
0.717,-0.0116790915,
0.71725,0.0059743514,
0.7175,-0.0058676163,
0.71775,-0.0109476270,
0.718,0.0085345553,
0.71825,0.0042599402,
0.7185,-0.0050870357,
0.71875,-0.0035987138,
0.719,0.0104152542,
0.71925,-0.0041521867,
0.7195,-0.0055146618,
0.71975,-0.0045682965,
0.72,-0.0087993890,
0.72025,-0.0173364691,
0.7205,-0.0120849106,
0.72075,-0.0193005633,
0.721,-0.0200235061,
0.72125,-0.0228637271,
0.7215,-0.0062604155,
0.72175,0.0019675344,
0.722,-0.0182371493,
0.72225,-0.0299706496,
0.7225,0.0044312403,
0.72275,-0.0035951249,
0.723,-0.0131537467,
0.72325,-0.0146715268,
0.7235,0.0011179958,
0.72375,-0.0004921370,
0.724,-0.0019835988,
0.72425,0.0095498739,
0.7245,0.0020567938,
0.72475,0.0007237673,
0.725,0.0115957009,
0.72525,-0.0005010389,
0.7255,-0.0037345225,
0.72575,-0.0169897489,
0.726,0.0076133180,
0.72625,0.0032569724,
0.7265,-0.0230551530,
0.72675,-0.0193405747,
0.727,0.0018027913,
0.72725,0.0041828915,
0.7275,-0.0042169332,
0.72775,-0.0026459079,
0.728,0.0084268060,
0.72825,0.0046025082,
0.7285,-0.0049294024,
0.72875,0.0004871931,
0.729,0.0108262887,
0.72925,0.0048039444,
0.7295,0.0011708654,
0.72975,-0.0085287951,
0.73,-0.0114041865,
0.73025,-0.0197383165,
0.7305,-0.0100820223,
0.73075,0.0186331235,
0.731,-0.0141128292,
0.73125,-0.0043173009,
0.7315,-0.0040443782,
0.73175,-0.0078372974,
0.732,-0.0373220518,
0.73225,-0.0193975344,
0.7325,0.0113721676,
0.73275,-0.0082997382,
0.733,-0.0016127072,
0.73325,0.0033984801,
0.7335,0.0070830504,
0.73375,0.0099800481,
0.734,0.0080185859,
0.73425,0.0152564365,
0.7345,0.0140643399,
0.73475,0.0036449032,
0.735,0.0140384790,
0.73525,0.0049768211,
0.7355,0.0077016400,
0.73575,0.0006727558,
0.736,0.0111566661,
0.73625,-0.0054908819,
0.7365,-0.0070164530,
0.73675,-0.0042958069,
0.737,0.0112960357,
0.73725,0.0017410622,
0.7375,0.0013318955,
0.73775,0.0123657994,
0.738,0.0133056436,
0.73825,0.0098700644,
0.7385,0.0004753655,
0.73875,0.0156053258,
0.739,0.0169194452,
0.73925,-0.0062514376,
0.7395,0.0121010477,
0.73975,-0.0102704000,
0.74,-0.0025465204,
0.74025,-0.0049639889,
0.7405,-0.0004860668,
0.74075,0.0021479938,
0.741,-0.0032282500,
0.74125,0.0038626175,
0.7415,-0.0007825534,
0.74175,-0.0109972451,
0.742,-0.0130771808,
0.74225,0.0082104299,
0.7425,0.0095750429,
0.74275,0.0033533992,
0.743,-0.0025910935,
0.74325,0.0148760825,
0.7435,0.0071579460,
0.74375,0.0026670424,
0.744,0.0104236901,
0.74425,0.0121200010,
0.7445,0.0069928919,
0.74475,0.0028844988,
0.745,0.0027271851,
0.74525,0.0061996775,
0.7455,-0.0072851870,
0.74575,0.0087855654,
0.746,0.0022955411,
0.74625,-0.0185259208,
0.7465,-0.0109330183,
0.74675,0.0019848333,
0.747,0.0051928144,
0.74725,-0.0050515500,
0.7475,-0.0029201978,
0.74775,0.0105443271,
0.748,-0.0032384582,
0.74825,-0.0006684641,
0.7485,0.0033388997,
0.74875,0.0053850645,
0.749,0.0092093637,
0.74925,-0.0078170560,
0.7495,-0.0109841404,
0.74975,-0.0087688575,
0.75,-0.0233792402,
0.75025,0.0052124676,
0.7505,0.0022378520,
0.75075,-0.0105147790,
0.751,-0.0117047643,
0.75125,-0.0180032700,
0.7515,-0.0044791489,
0.75175,-0.0360000841,
0.752,-0.0177296512,
0.75225,0.0097411051,
0.7525,0.0028427499,
0.75275,-0.0059505254,
0.753,-0.0007264443,
0.75325,0.0037726434,
0.7535,0.0060140104,
0.75375,-0.0055016400,
0.754,0.0111039486,
0.75425,0.0011731286,
0.7545,-0.0040891524,
0.75475,-0.0087168943,
0.755,0.0021556155,
0.75525,0.0012488137,
0.7555,-0.0149718337,
0.75575,-0.0002071664,
0.756,-0.0166924167,
0.75625,-0.0081026051,
0.7565,-0.0115726814,
0.75675,-0.0037347435,
0.757,-0.0092229936,
0.75725,-0.0029265450,
0.7575,0.0002225030,
0.75775,0.0120493229,
0.758,0.0023976497,
0.75825,-0.0112928785,
0.7585,0.0055596470,
0.75875,0.0120382896,
0.759,-0.0046158624,
0.75925,0.0000596434,
0.7595,-0.0118223028,
0.75975,0.0014762005,
0.76,-0.0068829600,
0.76025,-0.0045432947,
0.7605,0.0002854818,
0.76075,-0.0093671726,
0.761,-0.0106608951,
0.76125,0.0026354585,
0.7615,-0.0236897543,
0.76175,-0.0158194192,
0.762,-0.0017631239,
0.76225,0.0132727912,
0.7625,-0.0019907812,
0.76275,-0.0031039780,
0.763,-0.0036863422,
0.76325,-0.0023527830,
0.7635,-0.0085146790,
0.76375,-0.0023999710,
0.764,0.0098146023,
0.76425,0.0008485235,
0.7645,0.0006853776,
0.76475,-0.0022752301,
0.765,0.0166649371,
0.76525,-0.0035220236,
0.7655,-0.0076834159,
0.76575,-0.0064467411,
0.766,-0.0098877680,
0.76625,-0.0097524412,
0.7665,0.0001865748,
0.76675,0.0016913948,
0.767,-0.0084982477,
0.76725,-0.0006253567,
0.7675,-0.0001166631,
0.76775,0.0109340446,
0.768,0.0057770032,
0.76825,0.0053410707,
0.7685,0.0211385153,
0.76875,0.0151231047,
0.769,0.0002741776,
0.76925,0.0010737448,
0.7695,-0.0083303340,
0.76975,-0.0078080366,
0.77,0.0055623995,
0.77025,0.0090380404,
0.7705,-0.0157593898,
0.77075,-0.0170760527,
0.771,0.0042036576,
0.77125,0.0051138327,
0.7715,-0.0188537631,
0.77175,-0.0097569432,
0.772,0.0149328578,
0.77225,0.0103995577,
0.7725,0.0009569663,
0.77275,0.0114629744,
0.773,0.0177415255,
0.77325,0.0053115399,
0.7735,-0.0024743276,
0.77375,0.0143100796,
0.774,-0.0005573822,
0.77425,0.0047343737,
0.7745,-0.0052756183,
0.77475,0.0118498113,
0.775,0.0124887517,
0.77525,0.0030604294,
0.7755,-0.0031020248,
0.77575,-0.0018760134,
0.776,0.0087330984,
0.77625,-0.0161929298,
0.7765,0.0111457482,
0.77675,0.0070023993,
0.777,0.0080031268,
0.77725,0.0099078901,
0.7775,0.0201911870,
0.77775,0.0159931034,
0.778,-0.0009810306,
0.77825,0.0016159662,
0.7785,0.0137586705,
0.77875,0.0090080639,
0.779,-0.0011572946,
0.77925,-0.0112127522,
0.7795,0.0057463981,
0.77975,0.0005473479,
0.78,0.0002551804,
0.78025,0.0064165713,
0.7805,0.0036918670,
0.78075,-0.0009669508,
0.781,-0.0059940391,
0.78125,-0.0148851294,
0.7815,0.0006418139,
0.78175,0.0019500402,
0.782,0.0179560408,
0.78225,0.0128720654,
0.7825,0.0046795388,
0.78275,0.0057991967,
0.783,0.0096204644,
0.78325,0.0020397410,
0.7835,0.0020044977,
0.78375,0.0144339278,
0.784,0.0168959796,
0.78425,-0.0004974034,
0.7845,0.0058430941,
0.78475,0.0190058276,
0.785,-0.0203723051,
0.78525,-0.0082158530,
0.7855,-0.0022470467,
0.78575,-0.0034006299,
0.786,-0.0056589278,
0.78625,0.0071406085,
0.7865,0.0033798045,
0.78675,-0.0055900333,
0.787,0.0063357111,
0.78725,0.0051496779,
0.7875,0.0145930909,
0.78775,0.0039991424,
0.788,-0.0005547339,
0.78825,0.0118748192,
0.7885,0.0121704098,
0.78875,0.0039439593,
0.789,-0.0043776697,
0.78925,-0.0071672909,
0.7895,0.0059983036,
0.78975,0.0014789121,
0.79,0.0143456329,
0.79025,-0.0063831257,
0.7905,0.0012460788,
0.79075,0.0054272083,
0.791,0.0045188870,
0.79125,-0.0061695902,
0.7915,0.0025733430,
0.79175,0.0086392798,
0.792,0.0064563761,
0.79225,0.0088152410,
0.7925,0.0005281652,
0.79275,0.0124267973,
0.793,-0.0019940115,
0.79325,0.0007061914,
0.7935,0.0095844371,
0.79375,0.0035392526,
0.794,0.0108183268,
0.79425,-0.0108375577,
0.7945,0.0122175980,
0.79475,0.0084985178,
0.795,-0.0024783686,
0.79525,-0.0207370427,
0.7955,0.0008982770,
0.79575,-0.0030917912,
0.796,-0.0115374019,
0.79625,0.0015589790,
0.7965,0.0081529012,
0.79675,0.0038103315,
0.797,0.0034272885,
0.79725,0.0145368287,
0.7975,0.0009981791,
0.79775,0.0021695367,
0.798,-0.0049906634,
0.79825,0.0147479577,
0.7985,0.0056278636,
0.79875,-0.0104900040,
0.799,-0.0124743208,
0.79925,-0.0004797757,
0.7995,-0.0038875893,
0.79975,-0.0065893950,
0.8,-0.0045951093,
0.80025,0.0002369482,
0.8005,-0.0128285754,
0.80075,-0.0222862735,
0.801,0.0033073639,
0.80125,-0.0052497163,
0.8015,0.0019850922,
0.80175,0.0029520290,
0.802,0.0100372443,
0.80225,-0.0006665566,
0.8025,0.0016574902,
0.80275,0.0133210700,
0.803,-0.0055200816,
0.80325,0.0004716085,
0.8035,0.0115103973,
0.80375,0.0095498301,
0.804,-0.0106524974,
0.80425,-0.0052688383,
0.8045,-0.0060856342,
0.80475,-0.0075909635,
0.805,-0.0138708428,
0.80525,-0.0170636065,
0.8055,-0.0078066820,
0.80575,-0.0039550946,
0.806,0.0016748194,
0.80625,-0.0036434669,
0.8065,0.0002177472,
0.80675,0.0082407016,
0.807,0.0047119390,
0.80725,0.0171825085,
0.8075,0.0019220365,
0.80775,-0.0088830758,
0.808,0.0154606393,
0.80825,0.0118558891,
0.8085,0.0002201220,
0.80875,-0.0138051901,
0.809,-0.0126319025,
0.80925,0.0093027158,
0.8095,-0.0072857062,
0.80975,0.0012776561,
0.81,-0.0002893650,
0.81025,-0.0030671011,
0.8105,-0.0039109020,
0.81075,-0.0009300175,
0.811,-0.0093010729,
0.81125,0.0015416649,
0.8115,0.0050956379,
0.81175,0.0142188650,
0.812,0.0024761560,
0.81225,0.0073266309,
0.8125,0.0057676365,
0.81275,-0.0009754483,
0.813,0.0025677783,
0.81325,-0.0095871044,
0.8135,0.0164922960,
0.81375,0.0023778472,
0.814,-0.0107493857,
0.81425,0.0040287240,
0.8145,0.0005443789,
0.81475,-0.0125824586,
0.815,-0.0189363621,
0.81525,-0.0119047537,
0.8155,-0.0053651407,
0.81575,-0.0068972968,
0.816,-0.0115511296,
0.81625,0.0168836843,
0.8165,-0.0050340667,
0.81675,0.0023057938,
0.817,0.0062032761,
0.81725,0.0038250580,
0.8175,0.0016789625,
0.81775,0.0021664638,
0.818,0.0127634732,
0.81825,0.0085497834,
0.8185,-0.0105267409,
0.81875,-0.0062434352,
0.819,-0.0010674858,
0.81925,0.0011381074,
0.8195,-0.0035009857,
0.81975,0.0007863890,
0.82,0.0067938510,
0.82025,-0.0074049355,
0.8205,-0.0134829236,
0.82075,0.0104267448,
0.821,0.0034921658,
0.82125,0.0054840725,
0.8215,-0.0086221034,
0.82175,0.0015252880,
0.822,-0.0040486371,
0.82225,0.0029543675,
0.8225,0.0106760943,
0.82275,0.0061895018,
0.823,-0.0108957468,
0.82325,0.0119897928,
0.8235,-0.0037144003,
0.82375,-0.0134667791,
0.824,-0.0125974556,
0.82425,-0.0091227768,
0.8245,-0.0011724752,
0.82475,-0.0223179925,
0.825,-0.0183036197,
0.82525,-0.0064531718,
0.8255,-0.0066469586,
0.82575,-0.0135705611,
0.826,-0.0030253653,
0.82625,0.0053158593,
0.8265,0.0033558612,
0.82675,-0.0054417788,
0.827,0.0131419506,
0.82725,0.0039115720,
0.8275,-0.0008121331,
0.82775,0.0052852770,
0.828,0.0060293144,
0.82825,-0.0003575789,
0.8285,-0.0183259845,
0.82875,-0.0062802332,
0.829,0.0084334556,
0.82925,-0.0189367142,
0.8295,-0.0086472724,
0.82975,-0.0065848120,
0.83,0.0041910796,
0.83025,-0.0143460296,
0.8305,-0.0125346798,
0.83075,-0.0020646853,
0.831,0.0006242418,
0.83125,-0.0048152935,
0.8315,-0.0018042813,
0.83175,-0.0002347059,
0.832,-0.0068991906,
0.83225,0.0018772063,
0.8325,0.0072029089,
0.83275,-0.0066738985,
0.833,-0.0106972661,
0.83325,0.0069215754,
0.8335,-0.0081917970,
0.83375,-0.0152205788,
0.834,-0.0111803142,
0.83425,-0.0009383666,
0.8345,-0.0112672094,
0.83475,-0.0219931006,
0.835,-0.0234869104,
0.83525,0.0016863308,
0.8355,-0.0162094980,
0.83575,-0.0089115575,
0.836,-0.0009721629,
0.83625,0.0002383809,
0.8365,-0.0027014420,
0.83675,-0.0023199015,
0.837,0.0081250295,
0.83725,0.0034956420,
0.8375,-0.0001237969,
0.83775,0.0090713911,
0.838,0.0052792290,
0.83825,-0.0154149849,
0.8385,-0.0156087968,
0.83875,0.0132806636,
0.839,-0.0064504230,
0.83925,-0.0179057755,
0.8395,-0.0071097175,
0.83975,0.0062170308,
0.84,-0.0158587787,
0.84025,-0.0289397947,
0.8405,0.0109985052,
0.84075,-0.0088896658,
0.841,-0.0007126955,
0.84125,-0.0151390443,
0.8415,0.0055604712,
0.84175,-0.0045598820,
0.842,-0.0049243672,
0.84225,0.0090394672,
0.8425,0.0046333489,
0.84275,-0.0147327883,
0.843,0.0039084773,
0.84325,-0.0016590034,
0.8435,-0.0102201384,
0.84375,-0.0126222167,
0.844,-0.0001178669,
0.84425,0.0004397361,
0.8445,-0.0209777392,
0.84475,-0.0188250318,
0.845,0.0011882482,
0.84525,0.0026890542,
0.8455,-0.0057623507,
0.84575,0.0006655343,
0.846,0.0160145983,
0.84625,0.0092999088,
0.8465,-0.0007622273,
0.84675,0.0144401956,
0.847,0.0102087781,
0.84725,0.0028273035,
0.8475,0.0073670074,
0.84775,0.0166704375,
0.848,0.0070550609,
0.84825,-0.0114624240,
0.8485,-0.0002160790,
0.84875,0.0086778933,
0.849,-0.0294777825,
0.84925,-0.0126899481,
0.8495,0.0016704153,
0.84975,0.0061606760,
0.85,-0.0164242592,
0.85025,-0.0012487678,
0.8505,0.0066926186,
0.85075,0.0077046873,
0.851,-0.0056308405,
0.85125,-0.0004750026,
0.8515,0.0080182226,
0.85175,-0.0007298927,
0.852,0.0113110980,
0.85225,0.0129755344,
0.8525,0.0034462712,
0.85275,-0.0018571222,
0.853,0.0040377053,
0.85325,0.0002354997,
0.8535,-0.0191963874,
0.85375,0.0049459119,
0.854,0.0079478277,
0.85425,-0.0072923214,
0.8545,-0.0099589406,
0.85475,-0.0173473768,
0.855,0.0151095483,
0.85525,-0.0079915468,
0.8555,0.0063130502,
0.85575,0.0122384559,
0.856,0.0190226547,
0.85625,0.0092407586,
0.8565,0.0143868839,
0.85675,0.0218175389,
0.857,0.0180945750,
0.85725,0.0151638649,
0.8575,0.0156053770,
0.85775,0.0046978616,
0.858,-0.0043253070,
0.85825,-0.0036932239,
0.8585,0.0176155791,
0.85875,-0.0202277396,
0.859,-0.0077128201,
0.85925,-0.0078649670,
0.8595,0.0036302744,
0.85975,-0.0156180086,
0.86,-0.0231363773,
0.86025,0.0167437196,
0.8605,0.0064570811,
0.86075,0.0080684777,
0.861,-0.0021608784,
0.86125,0.0123880859,
0.8615,-0.0018946639,
0.86175,0.0008268852,
0.862,0.0080559440,
0.86225,0.0057349675,
0.8625,-0.0120258909,
0.86275,0.0015675240,
0.863,0.0099669490,
0.86325,-0.0001823222,
0.8635,-0.0079182172,
0.86375,0.0117188133,
0.864,0.0135178361,
0.86425,-0.0084759602,
0.8645,-0.0153871868,
0.86475,0.0122729512,
0.865,0.0057126516,
0.86525,-0.0016522235,
0.8655,0.0091540590,
0.86575,0.0175552070,
0.866,0.0102192070,
0.86625,0.0048987428,
0.8665,0.0142438654,
0.86675,0.0214005373,
0.867,0.0050637522,
0.86725,0.0134740844,
0.8675,0.0136039387,
0.86775,0.0077218846,
0.868,-0.0124773122,
0.86825,0.0004048945,
0.8685,-0.0133091137,
0.86875,-0.0148314796,
0.869,-0.0175111648,
0.86925,0.0014238167,
0.8695,-0.0010712233,
0.86975,-0.0082294531,
0.87,-0.0014856148,
0.87025,-0.0022818984,
0.8705,0.0097445846,
0.87075,-0.0141563872,
0.871,0.0077432645,
0.87125,0.0099671036,
0.8715,0.0019150613,
0.87175,0.0030275059,
0.872,0.0102185598,
0.87225,-0.0038644157,
0.8725,-0.0059842016,
0.87275,0.0105056027,
0.873,-0.0044311360,
0.87325,-0.0154386451,
0.8735,0.0119933430,
0.87375,0.0069571654,
0.874,0.0035639917,
0.87425,-0.0162500609,
0.8745,-0.0111958366,
0.87475,0.0055163763,
0.875,-0.0014263351,
0.87525,0.0041027674,
0.8755,0.0122726252,
0.87575,0.0142043931,
0.876,0.0074765650,
0.87625,0.0109226052,
0.8765,0.0153029021,
0.87675,0.0205107573,
0.877,0.0065156249,
0.87725,0.0033603956,
0.8775,-0.0023354487,
0.87775,-0.0071941409,
0.878,0.0008253966,
0.87825,-0.0014979207,
0.8785,-0.0271371379,
0.87875,-0.0236070007,
0.879,-0.0224266425,
0.87925,0.0025292684,
0.8795,-0.0144940233,
0.87975,-0.0145013714,
0.88,-0.0024128240,
0.88025,0.0199884288,
0.8805,0.0034279001,
0.88075,0.0026577245,
0.881,0.0001092070,
0.88125,-0.0036291734,
0.8815,-0.0020604769,
0.88175,0.0054248655,
0.882,0.0035794543,
0.88225,-0.0074278694,
0.8825,0.0006176491,
0.88275,0.0150749609,
0.883,0.0085393349,
0.88325,-0.0120494533,
0.8835,0.0153836068,
0.88375,0.0066528432,
0.884,0.0020577926,
0.88425,-0.0101838093,
0.8845,0.0016356253,
0.88475,0.0092542311,
0.885,0.0007566487,
0.88525,0.0036476995,
0.8855,0.0154437022,
0.88575,0.0151417460,
0.886,0.0020850408,
0.88625,0.0076532159,
0.8865,0.0173392985,
0.88675,0.0068350807,
0.887,0.0080019720,
0.88725,0.0109578529,
0.8875,-0.0160431247,
0.88775,-0.0088800043,
0.888,-0.0039410228,
0.88825,-0.0017428482,
0.8885,0.0012760767,
0.88875,-0.0139597207,
0.889,0.0183629859,
0.88925,0.0004224293,
0.8895,-0.0016363017,
0.88975,-0.0189107265,
0.89,0.0106442384,
0.89025,-0.0002156054,
0.8905,-0.0096716089,
0.89075,0.0125897769,
0.891,0.0103640929,
0.89125,0.0016945136,
0.8915,0.0080833249,
0.89175,0.0075804600,
0.892,-0.0080682654,
0.89225,0.0003741900,
0.8925,-0.0068757641,
0.89275,0.0033933914,
0.893,0.0102273803,
0.89325,0.0092393830,
0.8935,0.0025188026,
0.89375,0.0092538530,
0.894,-0.0120857647,
0.89425,-0.0036291094,
0.8945,0.0138917770,
0.89475,0.0079507167,
0.895,-0.0011182416,
0.89525,0.0132515412,
0.8955,0.0193255097,
0.89575,0.0080272201,
0.896,0.0070721745,
0.89625,0.0208512526,
0.8965,0.0185761955,
0.89675,0.0135458913,
0.897,0.0010503000,
0.89725,0.0039295857,
0.8975,-0.0098117646,
0.89775,0.0098492093,
0.898,-0.0088318698,
0.89825,-0.0151164476,
0.8985,-0.0139508480,
0.89875,0.0034909535,
0.899,0.0070405980,
0.89925,-0.0099592581,
0.8995,-0.0080660768,
0.89975,0.0091190198,
0.9,0.0173617098,
0.90025,0.0093165031,
0.9005,-0.0012844919,
0.90075,-0.0073045911,
0.901,0.0130885141,
0.90125,-0.0014336930,
0.9015,0.0128021985,
0.90175,0.0134081244,
0.902,0.0050192368,
0.90225,0.0017978605,
0.9025,0.0141406711,
0.90275,-0.0030503049,
0.903,-0.0194294136,
0.90325,-0.0005552646,
0.9035,0.0112097207,
0.90375,0.0014277510,
0.904,-0.0135435574,
0.90425,0.0062302551,
0.9045,0.0147174858,
0.90475,-0.0051601781,
0.905,0.0040930668,
0.90525,0.0100951642,
0.9055,0.0163732357,
0.90575,-0.0013145223,
0.906,0.0037583448,
0.90625,0.0190749969,
0.9065,0.0118354373,
0.90675,0.0103497449,
0.907,-0.0034334841,
0.90725,-0.0222508144,
0.9075,-0.0065503586,
0.90775,-0.0142568275,
0.908,0.0066128629,
0.90825,-0.0099193966,
0.9085,-0.0074869264,
0.90875,-0.0048550619,
0.909,-0.0157314260,
0.90925,-0.0148043493,
0.9095,-0.0306245424,
0.90975,0.0067034340,
0.91,-0.0037807866,
0.91025,-0.0043496192,
0.9105,-0.0014087160,
0.91075,0.0065708277,
0.911,-0.0022079700,
0.91125,0.0009752088,
0.9115,0.0010471153,
0.91175,-0.0020645410,
0.912,-0.0032859039,
0.91225,-0.0082439370,
0.9125,-0.0061549549,
0.91275,0.0086181508,
0.913,-0.0042968574,
0.91325,-0.0011446823,
0.9135,-0.0022740860,
0.91375,-0.0170202162,
0.914,-0.0113861281,
0.91425,0.0013007831,
0.9145,-0.0003088074,
0.91475,-0.0107461317,
0.915,0.0015075663,
0.91525,0.0091890451,
0.9155,-0.0036932889,
0.91575,-0.0076087979,
0.916,-0.0017998633,
0.91625,0.0093280133,
0.9165,-0.0018085343,
0.91675,-0.0236421358,
0.917,-0.0235672947,
0.91725,-0.0223572068,
0.9175,-0.0127867004,
0.91775,-0.0287100524,
0.918,-0.0107235610,
0.91825,-0.0120936260,
0.9185,-0.0098699816,
0.91875,-0.0169907901,
0.919,-0.0177405849,
0.91925,-0.0313984193,
0.9195,-0.0016563734,
0.91975,0.0100854049,
0.92,0.0030384944,
0.92025,-0.0105511416,
0.9205,-0.0032732077,
0.92075,0.0043197144,
0.921,-0.0067412937,
0.92125,-0.0007696699,
0.9215,0.0020311582,
0.92175,-0.0014301441,
0.922,-0.0075322744,
0.92225,-0.0039203991,
0.9225,-0.0164059363,
0.92275,-0.0152479075,
0.923,-0.0041088345,
0.92325,0.0035018115,
0.9235,-0.0098664584,
0.92375,-0.0144279320,
0.924,-0.0003382238,
0.92425,0.0002205398,
0.9245,-0.0117960796,
0.92475,-0.0175132956,
0.925,0.0009118475,
0.92525,-0.0007295157,
0.9255,-0.0061815456,
0.92575,-0.0058376584,
0.926,0.0094288159,
0.92625,0.0132287620,
0.9265,0.0011263021,
0.92675,-0.0169439390,
0.927,-0.0092914375,
0.92725,-0.0057401741,
0.9275,-0.0134164020,
0.92775,0.0012428233,
0.928,-0.0165431425,
0.92825,-0.0216132514,
0.9285,-0.0238560811,
0.92875,-0.0146420263,
0.929,-0.0260631666,
0.92925,-0.0290262308,
0.9295,0.0072837500,
0.92975,0.0082797874,
0.93,0.0016894543,
0.93025,0.0010282894,
0.9305,0.0062811491,
0.93075,0.0035463842,
0.931,0.0026218877,
0.93125,0.0058102370,
0.9315,0.0066971686,
0.93175,0.0019971523,
0.932,-0.0066717518,
0.93225,-0.0048590051,
0.9325,0.0187987294,
0.93275,-0.0188562106,
0.933,0.0000622702,
0.93325,-0.0041781878,
0.9335,-0.0049086045,
0.93375,-0.0005817677,
0.934,-0.0044244272,
0.93425,0.0015786622,
0.9345,0.0005605516,
0.93475,0.0057348232,
0.935,0.0128489863,
0.93525,0.0053185150,
0.9355,0.0053330371,
0.93575,0.0019636094,
0.936,0.0145330131,
0.93625,0.0099675814,
0.9365,-0.0113855721,
0.93675,-0.0095594125,
0.937,-0.0063150553,
0.93725,-0.0116432682,
0.9375,-0.0006625150,
0.93775,0.0047033322,
0.938,-0.0042300969,
0.93825,-0.0038785303,
0.9385,-0.0130185392,
0.93875,-0.0127030667,
0.939,-0.0200391635,
0.93925,0.0011859589,
0.9395,0.0141399708,
0.93975,0.0143059241,
0.94,0.0087796105,
0.94025,0.0011598377,
0.9405,0.0194990281,
0.94075,0.0146137234,
0.941,-0.0103963250,
0.94125,0.0131328609,
0.9415,0.0049117086,
0.94175,-0.0053441562,
0.942,-0.0066798083,
0.94225,-0.0007526133,
0.9425,0.0121167628,
0.94275,-0.0074625104,
0.943,-0.0128857046,
0.94325,-0.0014707102,
0.9435,0.0030308554,
0.94375,-0.0076997802,
0.944,0.0086316848,
0.94425,-0.0109561766,
0.9445,-0.0084376605,
0.94475,0.0036102976,
0.945,0.0110175554,
0.94525,0.0056764511,
0.9455,0.0002768809,
0.94575,0.0196912251,
0.946,0.0147315776,
0.94625,-0.0036194515,
0.9465,0.0014198818,
0.94675,-0.0016121403,
0.947,-0.0011436376,
0.94725,-0.0015152574,
0.9475,-0.0042353054,
0.94775,-0.0174170937,
0.948,-0.0231352616,
0.94825,-0.0089648142,
0.9485,0.0080404906,
0.94875,-0.0203358047,
0.949,-0.0189322215,
0.94925,0.0110845026,
0.9495,0.0073752180,
0.94975,0.0086179459,
0.95,-0.0049845958,
0.95025,0.0112097375,
0.9505,0.0146123972,
0.95075,-0.0012017562,
0.951,-0.0045244871,
0.95125,0.0107926978,
0.9515,0.0100259576,
0.95175,-0.0065051802,
0.952,-0.0095259175,
0.95225,0.0166224279,
0.9525,-0.0101401247,
0.95275,-0.0043270276,
0.953,-0.0185044222,
0.95325,0.0038753601,
0.9535,-0.0030968632,
0.95375,-0.0062256521,
0.954,0.0016789265,
0.95425,0.0021201517,
0.9545,-0.0077591138,
0.95475,0.0057293293,
0.955,0.0051790481,
0.95525,-0.0023927072,
0.9555,-0.0007188349,
0.95575,0.0071670916,
0.956,0.0057818950,
0.95625,-0.0059082829,
0.9565,-0.0142162098,
0.95675,0.0145677142,
0.957,-0.0066922768,
0.95725,-0.0110361204,
0.9575,0.0003985171,
0.95775,-0.0098485546,
0.958,-0.0191073846,
0.95825,-0.0294141695,
0.9585,-0.0221533403,
0.95875,-0.0129754301,
0.959,-0.0022722674,
0.95925,-0.0001158142,
0.9595,0.0169888157,
0.95975,-0.0020462414,
0.96,0.0065480289,
0.96025,0.0186914876,
0.9605,-0.0007761033,
0.96075,-0.0061718007,
0.961,0.0051013455,
0.96125,0.0106789973,
0.9615,-0.0048174094,
0.96175,-0.0113546457,
0.962,0.0112812873,
0.96225,-0.0000154139,
0.9625,-0.0046601654,
0.96275,-0.0171402078,
0.963,-0.0042448514,
0.96325,0.0065367669,
0.9635,-0.0086522670,
0.96375,-0.0004484711,
0.964,-0.0152919181,
0.96425,-0.0012323284,
0.9645,0.0024689767,
0.96475,0.0061118980,
0.965,0.0095797209,
0.96525,-0.0010770021,
0.9655,0.0023290406,
0.96575,0.0250403211,
0.966,0.0006483834,
0.96625,0.0013206062,
0.9665,-0.0053950548,
0.96675,-0.0071010734,
0.967,-0.0144673195,
0.96725,-0.0067648939,
0.9675,-0.0103230299,
0.96775,-0.0068880194,
0.968,-0.0140408045,
0.96825,0.0123448893,
0.9685,-0.0110051651,
0.96875,-0.0124831013,
0.969,0.0121897496,
0.96925,0.0112291034,
0.9695,0.0156968441,
0.96975,0.0038527439,
0.97,0.0248889923,
0.97025,0.0176167879,
0.9705,0.0062234346,
0.97075,-0.0002425020,
0.971,0.0164873414,
0.97125,0.0145349512,
0.9715,-0.0134302909,
0.97175,0.0084456950,
0.972,0.0154293608,
0.97225,0.0035963745,
0.9725,-0.0031643861,
0.97275,-0.0118800914,
0.973,0.0071151704,
0.97325,-0.0086399186,
0.9735,0.0076835933,
0.97375,0.0115614254,
0.974,0.0184254963,
0.97425,-0.0009744196,
0.9745,0.0077224951,
0.97475,0.0150702652,
0.975,0.0065300558,
0.97525,0.0127122663,
0.9755,0.0143338777,
0.97575,0.0066353898,
0.976,0.0021994782,
0.97625,-0.0020649796,
0.9765,0.0194163974,
0.97675,-0.0001495004,
0.977,-0.0010231254,
0.97725,0.0045759226,
0.9775,-0.0181105584,
0.97775,-0.0180663131,
0.978,-0.0247860961,
0.97825,-0.0007004372,
0.9785,0.0249426141,
0.97875,0.0091827800,
0.979,0.0105913542,
0.97925,0.0255681984,
0.9795,-0.0016501093,
0.97975,0.0192704313,
0.98,0.0241564028,
0.98025,0.0148382261,
0.9805,0.0053654872,
0.98075,0.0029695651,
0.981,0.0270853341,
0.98125,-0.0003638833,
0.9815,-0.0016571489,
0.98175,0.0175808333,
0.982,0.0112485085,
0.98225,0.0022193766,
0.9825,-0.0146879731,
0.98275,0.0056366017,
0.983,0.0100929309,
0.98325,-0.0026652345,
0.9835,0.0027781883,
0.98375,0.0051737614,
0.984,0.0113176126,
0.98425,0.0073386841,
0.9845,0.0137371961,
0.98475,0.0200216062,
0.985,0.0123177301,
0.98525,0.0123741161,
0.9855,0.0307070091,
0.98575,0.0194768608,
0.986,0.0049866922,
0.98625,-0.0054856720,
0.9865,-0.0050510750,
0.98675,-0.0006988751,
0.987,-0.0039454913,
0.98725,0.0057217935,
0.9875,0.0087411664,
0.98775,-0.0014336414,
0.988,0.0051073404,
0.98825,-0.0159719791,
0.9885,0.0048306254,
0.98875,0.0074255634,
0.989,0.0099163949,
0.98925,0.0133502483,
0.9895,0.0069491169,
0.98975,0.0141268317,
0.99,0.0188993812,
0.99025,0.0040386436,
0.9905,-0.0056948117,
0.99075,0.0136862621,
0.991,0.0151433107,
0.99125,-0.0088632908,
0.9915,0.0097902156,
0.99175,0.0121912779,
0.992,0.0107389921,
0.99225,-0.0185793210,
0.9925,-0.0085396860,
0.99275,-0.0019384829,
0.993,0.0050003026,
0.99325,0.0007149996,
0.9935,0.0054771760,
0.99375,0.0119217997,
0.994,0.0009221220,
0.99425,-0.0038790428,
0.9945,0.0098982267,
0.99475,0.0130254161,
0.995,0.0062122094,
0.99525,0.0042565791,
0.9955,0.0106115732,
0.99575,-0.0052146097,
0.996,-0.0035557752,
0.99625,0.0036755791,
0.9965,-0.0052558249,
0.99675,-0.0105075799,
0.997,-0.0167610701,
0.99725,-0.0111613190,
0.9975,-0.0089293243,
0.99775,-0.0239817090,
0.998,-0.0037288563,
0.99825,0.0202157702,
0.9985,-0.0018049066,
0.99875,-0.0033533538,
0.999,0.0088926600,
0.99925,-0.0020177239,
0.9995,0.0050827889,
0.99975,0.0104003735,
1,0.0100047346,
1.00025,-0.0024225204,
1.0005,0.0037346955,
1.00075,0.0145401135,
1.001,-0.0105833346,
1.00125,-0.0080015967,
1.0015,-0.0007322337,
1.00175,0.0111318063,
1.002,-0.0100781200,
1.00225,-0.0232532453,
1.0025,-0.0162041653,
1.00275,0.0091235712,
1.003,-0.0076608728,
1.00325,-0.0087408200,
1.0035,0.0111966282,
1.00375,0.0077557806,
1.004,-0.0062141404,
1.00425,0.0052289800,
1.0045,0.0113718379,
1.00475,0.0055884286,
1.005,0.0023519401,
1.00525,0.0123522487,
1.0055,0.0053697284,
1.00575,-0.0096079297,
1.006,-0.0137723014,
1.00625,0.0079024406,
1.0065,-0.0003499050,
1.00675,-0.0161383897,
1.007,0.0024631564,
1.00725,0.0076855393,
1.0075,-0.0092150187,
1.00775,-0.0209299363,
1.008,-0.0191196352,
1.00825,0.0049118809,
1.0085,-0.0020197441,
1.00875,-0.0029679236,
1.009,0.0053805369,
1.00925,0.0050406177,
1.0095,0.0075772768,
1.00975,0.0092474744,
1.01,0.0106339883,
1.01025,-0.0062985616,
1.0105,0.0104545876,
1.01075,0.0069641038,
1.011,-0.0089209480,
1.01125,0.0034594231,
1.0115,0.0072100083,
1.01175,0.0076702186,
1.012,-0.0116050197,
1.01225,-0.0065753213,
1.0125,-0.0008411586,
1.01275,0.0120599121,
1.013,-0.0135869589,
1.01325,0.0008826021,
1.0135,0.0044847247,
1.01375,0.0009802205,
1.014,-0.0036687455,
1.01425,0.0096296417,
1.0145,0.0137414057,
1.01475,0.0021479516,
1.015,0.0037571774,
1.01525,0.0155451596,
1.0155,-0.0012585697,
1.01575,-0.0041925423,
1.016,0.0007859477,
1.01625,0.0001128833,
1.0165,-0.0198444147,
1.01675,-0.0064961668,
1.017,-0.0016936646,
1.01725,0.0059535038,
1.0175,-0.0285840984,
1.01775,0.0010095686,
1.018,0.0175428651,
1.01825,-0.0027702949,
1.0185,-0.0026914838,
1.01875,0.0085799694,
1.019,0.0119037377,
1.01925,0.0032399294,
1.0195,0.0072309799,
1.01975,0.0106756352,
1.02,0.0016202596,
1.02025,0.0021629455,
1.0205,0.0024399278,
1.02075,-0.0033498574,
1.021,-0.0066060768,
1.02125,-0.0005656392,
1.0215,0.0170502532,
1.02175,-0.0083560515,
1.022,-0.0208044313,
1.02225,0.0025851768,
1.0225,0.0145877386,
1.02275,-0.0056957984,
1.023,-0.0053275647,
1.02325,0.0126785077,
1.0235,0.0112016946,
1.02375,-0.0065151360,
1.024,0.0035753371,
1.02425,0.0107028186,
1.0245,0.0100285085,
1.02475,0.0053366469,
1.025,0.0116226366,
1.02525,0.0031228981,
1.0255,-0.0061529819,
1.02575,-0.0105932467,
1.026,0.0182941221,
1.02625,-0.0078806179,
1.0265,-0.0204769336,
1.02675,-0.0032950027,
1.027,-0.0000688241,
1.02725,-0.0149535015,
1.0275,-0.0294230711,
1.02775,-0.0042932346,
1.028,0.0129974931,
1.02825,-0.0030737813,
1.0285,-0.0074090972,
1.02875,0.0146618020,
1.029,0.0073390454,
1.02925,0.0013265272,
1.0295,0.0062688692,
1.02975,-0.0042707645,
1.03,-0.0114967171,
1.03025,-0.0039817011,
1.0305,-0.0039529051,
1.03075,-0.0160198305,
1.031,-0.0150538869,
1.03125,0.0072882539,
1.0315,-0.0056520309,
1.03175,-0.0138573991,
1.032,-0.0132334288,
1.03225,-0.0021910788,
1.0325,-0.0019225809,
1.03275,-0.0158345904,
1.033,-0.0079131462,
1.03325,0.0026694357,
1.0335,-0.0045760809,
1.03375,-0.0081768734,
1.034,0.0045231041,
1.03425,0.0042269081,
1.0345,0.0005669273,
1.03475,-0.0123077892,
1.035,0.0032626637,
1.03525,-0.0130338054,
1.0355,-0.0151036773,
1.03575,-0.0039783907,
1.036,-0.0096639935,
1.03625,-0.0256115478,
1.0365,-0.0176805444,
1.03675,-0.0052069174,
1.037,-0.0131150167,
1.03725,-0.0409203023,
1.0375,-0.0022218400,
1.03775,0.0011594563,
1.038,-0.0031975098,
1.03825,-0.0126564642,
1.0385,-0.0007078978,
1.03875,-0.0142056299,
1.039,-0.0109737683,
1.03925,-0.0090095624,
1.0395,0.0017677759,
1.03975,-0.0162178632,
1.04,-0.0101035330,
1.04025,-0.0041934038,
1.0405,-0.0057112896,
1.04075,-0.0080181668,
1.041,-0.0005675752,
1.04125,0.0051421011,
1.0415,-0.0116674686,
1.04175,-0.0222176481,
1.042,-0.0037442227,
1.04225,0.0103039909,
1.0425,-0.0054269312,
1.04275,-0.0118380282,
1.043,0.0025030365,
1.04325,0.0000962238,
1.0435,-0.0063009975,
1.04375,-0.0048473328,
1.044,0.0124342414,
1.04425,0.0019532372,
1.0445,-0.0023447843,
1.04475,0.0032935222,
1.045,0.0019054832,
1.04525,-0.0196513273,
1.0455,-0.0100985030,
1.04575,0.0141861895,
1.046,-0.0174595099,
1.04625,-0.0193474703,
1.0465,-0.0128044663,
1.04675,-0.0054628169,
1.047,-0.0172586348,
1.04725,-0.0228612423,
1.0475,0.0040232586,
1.04775,0.0166533496,
1.048,-0.0026255213,
1.04825,0.0059194560,
1.0485,0.0118852220,
1.04875,0.0124156922,
1.049,-0.0028583864,
1.04925,0.0087697022,
1.0495,0.0030398546,
1.04975,-0.0095849149,
1.05,0.0029498367,
1.05025,0.0016805808,
1.0505,0.0034582620,
1.05075,0.0113722794,
1.051,0.0144597692,
1.05125,0.0025725113,
1.0515,-0.0060358108,
1.05175,0.0004938857,
1.052,0.0050434722,
1.05225,0.0078193927,
1.0525,0.0049242023,
1.05275,0.0025594635,
1.053,0.0111578386,
1.05325,0.0119240871,
1.0535,0.0028342868,
1.05375,0.0141586587,
1.054,0.0216626544,
1.05425,0.0116541283,
1.0545,0.0134543274,
1.05475,0.0080251610,
1.055,-0.0004515419,
1.05525,0.0063809333,
1.0555,0.0029620563,
1.05575,-0.0039605787,
1.056,-0.0047498769,
1.05625,-0.0103115328,
1.0565,0.0106482776,
1.05675,-0.0091165313,
1.057,-0.0092655802,
1.05725,-0.0033711737,
1.0575,0.0131609244,
1.05775,0.0232638698,
1.058,0.0031825597,
1.05825,0.0121091958,
1.0585,-0.0006511963,
1.05875,0.0060473699,
1.059,-0.0012185590,
1.05925,0.0118041513,
1.0595,0.0023163792,
1.05975,0.0077270647,
1.06,-0.0034075496,
1.06025,0.0163920689,
1.0605,0.0047804425,
1.06075,0.0017433631,
1.061,0.0053686332,
1.06125,0.0023015761,
1.0615,-0.0056294072,
1.06175,0.0000181014,
1.062,0.0180545859,
1.06225,0.0026359223,
1.0625,-0.0065612094,
1.06275,0.0140645178,
1.063,0.0018678589,
1.06325,0.0033576521,
1.0635,0.0007753011,
1.06375,0.0066520032,
1.064,0.0162213668,
1.06425,-0.0001588949,
1.0645,0.0097228056,
1.06475,-0.0054171518,
1.065,-0.0133481435,
1.06525,0.0023940795,
1.0655,0.0018264073,
1.06575,-0.0013640744,
1.066,-0.0180292185,
1.06625,-0.0021173675,
1.0665,-0.0011679516,
1.06675,-0.0087847440,
1.067,-0.0186655093,
1.06725,0.0084812893,
1.0675,0.0094101168,
1.06775,-0.0015516382,
1.068,0.0091223530,
1.06825,0.0079955058,
1.0685,0.0115566878,
1.06875,-0.0126957437,
1.069,0.0052875490,
1.06925,-0.0087702544,
1.0695,-0.0169693343,
1.06975,-0.0051678848,
1.07,-0.0130842589,
1.07025,0.0066144262,
1.0705,-0.0000547256,
1.07075,-0.0046002781,
1.071,0.0047455560,
1.07125,0.0009607811,
1.0715,-0.0118992105,
1.07175,0.0092113959,
1.072,0.0036550681,
1.07225,0.0010769066,
1.0725,-0.0015533231,
1.07275,0.0068789823,
1.073,0.0087597184,
1.07325,-0.0020267486,
1.0735,-0.0061539910,
1.07375,0.0100067724,
1.074,0.0044022459,
1.07425,0.0001242474,
1.0745,-0.0102397706,
1.07475,-0.0169835724,
1.075,0.0017215919,
1.07525,-0.0069028754,
1.0755,-0.0049612485,
1.07575,-0.0026183682,
1.076,-0.0117172487,
1.07625,-0.0027917919,
1.0765,-0.0204375871,
1.07675,-0.0135980071,
1.077,-0.0129630193,
1.07725,0.0176761746,
1.0775,0.0144265136,
1.07775,0.0049712649,
1.078,-0.0022841734,
1.07825,-0.0000418758,
1.0785,-0.0039900686,
1.07875,-0.0019954403,
1.079,0.0063070166,
1.07925,0.0049837939,
1.0795,0.0014221821,
1.07975,-0.0112030786,
1.08,0.0084186336,
1.08025,-0.0205401517,
1.0805,-0.0135259787,
1.08075,-0.0010178442,
1.081,0.0010218506,
1.08125,-0.0022673807,
1.0815,0.0024076919,
1.08175,0.0096578235,
1.082,0.0032764054,
1.08225,-0.0049248235,
1.0825,0.0042441762,
1.08275,0.0096876649,
1.083,0.0080205612,
1.08325,-0.0088474806,
1.0835,0.0094245104,
1.08375,0.0192648210,
1.084,0.0149413757,
1.08425,0.0025836329,
1.0845,-0.0134694371,
1.08475,0.0072904467,
1.085,0.0064174468,
1.08525,0.0109485667,
1.0855,0.0072629964,
1.08575,-0.0042058537,
1.086,0.0112317763,
1.08625,-0.0077721248,
1.0865,0.0036623117,
1.08675,-0.0116687529,
1.087,0.0103357853,
1.08725,0.0196640603,
1.0875,0.0084892195,
1.08775,0.0093882587,
1.088,0.0186746959,
1.08825,0.0088790767,
1.0885,-0.0060884659,
1.08875,0.0101277363,
1.089,0.0002443542,
1.08925,0.0013771210,
1.0895,0.0030032371,
1.08975,0.0063062231,
1.09,0.0090550473,
1.09025,0.0086618224,
1.0905,-0.0079838075,
1.09075,0.0028713457,
1.091,0.0066259122,
1.09125,-0.0051141833,
1.0915,0.0101507083,
1.09175,0.0090050753,
1.092,0.0072866715,
1.09225,0.0098367520,
1.0925,0.0156030990,
1.09275,0.0169970915,
1.093,0.0040210290,
1.09325,0.0108193411,
1.0935,0.0200432893,
1.09375,0.0194268450,
1.094,0.0070838304,
1.09425,-0.0113459136,
1.0945,-0.0067704292,
1.09475,0.0056849518,
1.095,-0.0031513483,
1.09525,0.0064632827,
1.0955,0.0086036101,
1.09575,0.0097295120,
1.096,-0.0156090399,
1.09625,-0.0073323282,
1.0965,0.0076347706,
1.09675,0.0000938352,
1.097,0.0180653539,
1.09725,0.0210636687,
1.0975,0.0125879198,
1.09775,0.0062614195,
1.098,0.0143156201,
1.09825,0.0094566513,
1.0985,0.0072437404,
1.09875,0.0085577667,
1.099,0.0155097730,
1.09925,-0.0023392211,
1.0995,-0.0031017081,
1.09975,-0.0042698444,
1.1,-0.0020777048,
1.10025,-0.0041158143,
1.1005,-0.0025982992,
1.10075,0.0076149427,
1.101,0.0003273465,
1.10125,0.0052235513,
1.1015,0.0045117009,
1.10175,-0.0009218216,
1.102,-0.0020854403,
1.10225,0.0055198469,
1.1025,0.0166528039,
1.10275,0.0017464277,
1.103,-0.0064814053,
1.10325,0.0141703608,
1.1035,0.0178031959,
1.10375,0.0085631860,
1.104,-0.0078941993,
1.10425,-0.0143400133,
1.1045,0.0064059440,
1.10475,0.0033492432,
1.105,0.0041807513,
1.10525,-0.0092865610,
1.1055,-0.0096740928,
1.10575,-0.0063880947,
1.106,-0.0080712717,
1.10625,0.0034203671,
1.1065,-0.0184278600,
1.10675,-0.0023976995,
1.107,0.0135897566,
1.10725,0.0050234701,
1.1075,0.0003144441,
1.10775,0.0004026313,
1.108,-0.0022545350,
1.10825,0.0034410218,
1.1085,-0.0108567458,
1.10875,-0.0042344267,
1.109,0.0001204801,
1.10925,-0.0122418366,
1.1095,-0.0045100828,
1.10975,-0.0017821345,
1.11,-0.0142319137,
1.11025,-0.0211220440,
1.1105,-0.0085070105,
1.11075,-0.0127843218,
1.111,-0.0042712516,
1.11125,-0.0138466321,
1.1115,0.0051620645,
1.11175,-0.0046690032,
1.112,-0.0041922978,
1.11225,0.0009013430,
1.1125,0.0009587969,
1.11275,-0.0016090652,
1.113,-0.0073748147,
1.11325,0.0092302524,
1.1135,0.0064167017,
1.11375,-0.0156707577,
1.114,-0.0142182512,
1.11425,-0.0084997928,
1.1145,-0.0007286190,
1.11475,-0.0174795296,
1.115,-0.0027635975,
1.11525,0.0021584760,
1.1155,-0.0084648486,
1.11575,-0.0339401364,
1.116,-0.0100601334,
1.11625,-0.0119757922,
1.1165,-0.0142140640,
1.11675,0.0007567354,
1.117,0.0069709918,
1.11725,-0.0020850443,
1.1175,-0.0011340670,
1.11775,0.0129726995,
1.118,0.0067658341,
1.11825,-0.0048352140,
1.1185,0.0002347193,
1.11875,0.0013791466,
1.119,-0.0186755285,
1.11925,-0.0228348467,
1.1195,-0.0274295155,
1.11975,-0.0065810485,
1.12,-0.0151535263,
1.12025,-0.0190322604,
1.1205,-0.0116188126,
1.12075,-0.0013650093,
1.121,-0.0042749764,
1.12125,-0.0070731724,
1.1215,-0.0003278418,
1.12175,-0.0062604104,
1.122,-0.0071929232,
1.12225,0.0048567895,
1.1225,0.0021795630,
1.12275,-0.0087278457,
1.123,0.0020703105,
1.12325,0.0139164785,
1.1235,0.0000037638,
1.12375,-0.0134190600,
1.124,-0.0074603157,
1.12425,0.0101666721,
1.1245,-0.0141747426,
1.12475,-0.0177767202,
1.125,-0.0097291190,
1.12525,-0.0145698842,
1.1255,-0.0122048622,
1.12575,-0.0069363238,
1.126,0.0013679902,
1.12625,-0.0157735106,
1.1265,0.0062110503,
1.12675,0.0067436844,
1.127,0.0069879303,
1.12725,-0.0000390517,
1.1275,0.0077855098,
1.12775,0.0063257003,
1.128,0.0036454152,
1.12825,-0.0132349338,
1.1285,0.0044074561,
1.12875,0.0046318811,
1.129,-0.0103077861,
1.12925,-0.0179308131,
1.1295,0.0110295545,
1.12975,-0.0113697900,
1.13,-0.0060058017,
1.13025,-0.0161539130,
1.1305,-0.0027487415,
1.13075,0.0076887016,
1.131,-0.0109686749,
1.13125,0.0119674671,
1.1315,0.0028190613,
1.13175,0.0060861520,
1.132,-0.0034150027,
1.13225,0.0132785160,
1.1325,0.0065606022,
1.13275,-0.0016086862,
1.133,0.0090483725,
1.13325,0.0111020682,
1.1335,-0.0065408596,
1.13375,-0.0034451983,
1.134,0.0090673827,
1.13425,0.0206143390,
1.1345,-0.0212123152,
1.13475,0.0029116098,
1.135,0.0054962696,
1.13525,-0.0038892701,
1.1355,-0.0299086031,
1.13575,-0.0109430039,
1.136,-0.0046027484,
1.13625,0.0051914388,
1.1365,-0.0010718307,
1.13675,0.0105232317,
1.137,0.0104305418,
1.13725,0.0022330023,
1.1375,0.0112729035,
1.13775,0.0109601449,
1.138,-0.0070706969,
1.13825,-0.0040645748,
1.1385,0.0008752132,
1.13875,-0.0075297472,
1.139,-0.0224116147,
1.13925,-0.0112048620,
1.1395,0.0091245528,
1.13975,-0.0084675774,
1.14,-0.0128266728,
1.14025,-0.0086509334,
1.1405,0.0167421270,
1.14075,-0.0032927627,
1.141,-0.0035685138,
1.14125,-0.0001246847,
1.1415,0.0044225804,
1.14175,-0.0022133142,
1.142,0.0095523493,
1.14225,0.0128588025,
1.1425,0.0015797475,
1.14275,0.0002489332,
1.143,0.0179605950,
1.14325,0.0110638328,
1.1435,-0.0095924884,
1.14375,0.0005330506,
1.144,-0.0089670690,
1.14425,-0.0311142299,
1.1445,-0.0138222435,
1.14475,-0.0139050102,
1.145,-0.0026870212,
1.14525,-0.0145496950,
1.1455,-0.0137988208,
1.14575,-0.0008002942,
1.146,-0.0114274696,
1.14625,0.0060664471,
1.1465,-0.0074553140,
1.14675,0.0142365191,
1.147,-0.0000621653,
1.14725,0.0066022519,
1.1475,0.0132451281,
1.14775,0.0143336123,
1.148,-0.0091552781,
1.14825,0.0053082621,
1.1485,0.0092769433,
1.14875,-0.0199063960,
1.149,-0.0167280901,
1.14925,0.0061591640,
1.1495,-0.0031748230,
1.14975,-0.0089463396,
1.15,-0.0198862664,
1.15025,0.0040395414,
1.1505,-0.0062439195,
1.15075,0.0009961617,
1.151,0.0082202991,
1.15125,0.0099480506,
1.1515,0.0016731732,
1.15175,-0.0010507704,
1.152,0.0083997371,
1.15225,0.0133840851,
1.1525,0.0021389881,
1.15275,0.0089221811,
1.153,-0.0006775692,
1.15325,-0.0057580690,
1.1535,-0.0099019893,
1.15375,0.0079673463,
1.154,-0.0051887846,
1.15425,-0.0259794947,
1.1545,-0.0134397000,
1.15475,-0.0198228750,
1.155,-0.0271192919,
1.15525,-0.0480607823,
1.1555,-0.0104229255,
1.15575,0.0007867673,
1.156,0.0101377824,
1.15625,-0.0101888068,
1.1565,0.0142424880,
1.15675,-0.0020047100,
1.157,-0.0014438101,
1.15725,0.0110646039,
1.1575,0.0116051268,
1.15775,-0.0085861273,
1.158,-0.0096496604,
1.15825,0.0046450975,
1.1585,-0.0011746718,
1.15875,-0.0179865975,
1.159,0.0007689305,
1.15925,0.0088149235,
1.1595,-0.0005897357,
1.15975,-0.0095704142,
1.16,-0.0127080958,
1.16025,0.0047217645,
1.1605,0.0009335951,
1.16075,-0.0049459906,
1.161,-0.0025024102,
1.16125,0.0220475513,
1.1615,-0.0044451882,
1.16175,0.0058137607,
1.162,0.0127500575,
1.16225,0.0074894726,
1.1625,0.0031344001,
1.16275,0.0125694135,
1.163,0.0152518088,
1.16325,-0.0049433010,
1.1635,-0.0026628342,
1.16375,-0.0134004550,
1.164,-0.0215709284,
1.16425,-0.0139686856,
1.1645,-0.0078666285,
1.16475,0.0096801035,
1.165,-0.0096975490,
1.16525,-0.0060430262,
1.1655,-0.0140590360,
1.16575,-0.0048916116,
1.166,-0.0091939978,
1.16625,-0.0005769704,
1.1665,0.0085652685,
1.16675,0.0065639978,
1.167,0.0090738945,
1.16725,0.0215193518,
1.1675,0.0088751167,
1.16775,-0.0041955262,
1.168,0.0093171299,
1.16825,0.0063544796,
1.1685,-0.0210826769,
1.16875,0.0025323569,
1.169,0.0082673403,
1.16925,0.0028206387,
1.1695,0.0008713201,
1.16975,-0.0154290814,
1.17,0.0108591765,
1.17025,0.0079532564,
1.1705,0.0065389690,
1.17075,0.0091709085,
1.171,0.0165963192,
1.17125,0.0093931481,
1.1715,0.0044981488,
1.17175,0.0048652203,
1.172,0.0221539512,
1.17225,0.0089253495,
1.1725,0.0102168191,
1.17275,0.0103210183,
1.173,-0.0028284315,
1.17325,0.0040516043,
1.1735,0.0136349723,
1.17375,-0.0148069104,
1.174,-0.0150151001,
1.17425,-0.0222659260,
1.1745,-0.0085724909,
1.17475,-0.0106383525,
1.175,-0.0235192664,
1.17525,-0.0174284130,
1.1755,0.0128444154,
1.17575,0.0080318917,
1.176,0.0017964427,
1.17625,0.0083105294,
1.1765,0.0036851699,
1.17675,0.0122125931,
1.177,0.0124479560,
1.17725,0.0220912248,
1.1775,0.0012751693,
1.17775,0.0075519904,
1.178,0.0098359101,
1.17825,0.0147769554,
1.1785,-0.0041276482,
1.17875,-0.0022484290,
1.179,0.0183824003,
1.17925,0.0100350641,
1.1795,-0.0127879046,
1.17975,-0.0027113785,
1.18,0.0196313951,
1.18025,0.0101218047,
1.1805,-0.0005357901,
1.18075,0.0146478098,
1.181,0.0260124523,
1.18125,-0.0013783863,
1.1815,0.0052082902,
1.18175,0.0142431082,
1.182,0.0086487904,
1.18225,0.0041645896,
1.1825,0.0157833863,
1.18275,-0.0020340495,
1.183,-0.0096397605,
1.18325,-0.0028239053,
1.1835,-0.0026722557,
1.18375,0.0017793424,
1.184,-0.0122517403,
1.18425,0.0059406762,
1.1845,0.0024940530,
1.18475,0.0025290146,
1.185,-0.0286705624,
1.18525,-0.0216762498,
1.1855,0.0055802637,
1.18575,-0.0127743296,
1.186,0.0034106821,
1.18625,0.0112031205,
1.1865,0.0180986673,
1.18675,0.0130206579,
1.187,0.0100871911,
1.18725,0.0085797077,
1.1875,0.0083350996,
1.18775,-0.0028205544,
1.188,0.0008688346,
1.18825,-0.0060353000,
1.1885,0.0097524850,
1.18875,-0.0028486284,
1.189,0.0125004761,
1.18925,0.0001331107,
1.1895,-0.0072113047,
1.18975,0.0063563641,
1.19,0.0198485330,
1.19025,0.0027584406,
1.1905,0.0073118201,
1.19075,0.0084660221,
1.191,0.0032538434,
1.19125,0.0060032359,
1.1915,0.0023927679,
1.19175,0.0171428453,
1.192,0.0087355189,
1.19225,0.0049100234,
1.1925,0.0053319559,
1.19275,-0.0072923698,
1.193,0.0078811748,
1.19325,-0.0056935577,
1.1935,-0.0157332905,
1.19375,-0.0136164781,
1.194,-0.0202015787,
1.19425,0.0036140950,
1.1945,-0.0030585197,
1.19475,-0.0235859379,
1.195,-0.0090335691,
1.19525,0.0175590310,
1.1955,0.0097109443,
1.19575,0.0054929797,
1.196,-0.0030544242,
1.19625,0.0222722832,
1.1965,0.0080306204,
1.19675,0.0043134349,
1.197,0.0183471628,
1.19725,0.0001347249,
1.1975,0.0022023111,
1.19775,0.0044370834,
1.198,0.0054333191,
1.19825,-0.0052578291,
1.1985,-0.0044209817,
1.19875,0.0137017723,
1.199,0.0065399799,
1.19925,-0.0095019527,
1.1995,-0.0089124553,
1.19975,0.0182539001,
1.2,0.0058676936,
1.20025,-0.0028060912,
1.2005,0.0028710905,
1.20075,0.0200860798,
1.201,0.0021334826,
1.20125,-0.0080003208,
1.2015,0.0136680398,
1.20175,0.0136728445,
1.202,0.0042932453,
1.20225,0.0092834132,
1.2025,-0.0094999317,
1.20275,-0.0063888445,
1.203,-0.0047711078,
1.20325,0.0091578364,
1.2035,0.0197523236,
1.20375,-0.0137219932,
1.204,-0.0014788518,
1.20425,-0.0129339527,
1.2045,-0.0091204774,
1.20475,-0.0427693278,
1.205,-0.0101636294,
1.20525,0.0139772752,
1.2055,-0.0032654116,
1.20575,0.0040369905,
1.206,0.0156120304,
1.20625,0.0104940459,
1.2065,0.0115390066,
1.20675,0.0120084565,
1.207,0.0118971858,
1.20725,0.0040040365,
1.2075,-0.0033849105,
1.20775,0.0006101005,
1.208,-0.0000415713,
1.20825,-0.0008807017,
1.2085,-0.0076357718,
1.20875,0.0097096488,
1.209,-0.0096243406,
1.20925,-0.0115124434,
1.2095,0.0047108200,
1.20975,0.0071465783,
1.21,-0.0092482902,
1.21025,0.0042746551,
1.2105,0.0070140129,
1.21075,0.0008787995,
1.211,-0.0067869136,
1.21125,0.0032690146,
1.2115,0.0082799084,
1.21175,0.0156400949,
1.212,-0.0061366716,
1.21225,0.0021960537,
1.2125,-0.0055297064,
1.21275,0.0032976940,
1.213,-0.0113332495,
1.21325,-0.0007918312,
1.2135,-0.0019505208,
1.21375,-0.0083226468,
1.214,-0.0023287723,
1.21425,-0.0063444762,
1.2145,-0.0263218880,
1.21475,-0.0108860349,
1.215,0.0107771400,
1.21525,0.0052164192,
1.2155,-0.0025117793,
1.21575,0.0036014863,
1.216,0.0110067511,
1.21625,0.0059631057,
1.2165,0.0027820589,
1.21675,0.0049334094,
1.217,0.0086265346,
1.21725,-0.0010190042,
1.2175,-0.0047378233,
1.21775,-0.0002401473,
1.218,-0.0079833213,
1.21825,-0.0079907747,
1.2185,0.0071323626,
1.21875,-0.0113020968,
1.219,-0.0137003753,
1.21925,-0.0060092006,
1.2195,0.0152842663,
1.21975,-0.0043784976,
1.22,-0.0087246755,
1.22025,0.0047188122,
1.2205,0.0114004295,
1.22075,-0.0014332432,
1.221,-0.0073106531,
1.22125,0.0077725644,
1.2215,0.0093028499,
1.22175,0.0068582525,
1.222,0.0002273377,
1.22225,-0.0083384672,
1.2225,-0.0086369058,
1.22275,-0.0165390354,
1.223,0.0031343277,
1.22325,0.0050022877,
1.2235,-0.0194067881,
1.22375,-0.0182436444,
1.224,-0.0195083562,
1.22425,-0.0251374505,
1.2245,-0.0370326564,
1.22475,-0.0186788440,
1.225,0.0119403843,
1.22525,0.0012572104,
1.2255,-0.0067739347,
1.22575,0.0063375412,
1.226,0.0071528438,
1.22625,0.0034307796,
1.2265,0.0027606436,
1.22675,0.0100352969,
1.227,0.0035880185,
1.22725,-0.0058038393,
1.2275,-0.0109738531,
1.22775,0.0113149956,
1.228,-0.0082336329,
1.22825,-0.0084767174,
1.2285,-0.0018014370,
1.22875,-0.0118017653,
1.229,-0.0065087052,
1.22925,-0.0043404619,
1.2295,-0.0041076490,
1.22975,-0.0053782067,
1.23,0.0004172179,
1.23025,0.0004921214,
1.2305,0.0027645906,
1.23075,-0.0022120923,
1.231,-0.0029644039,
1.23125,0.0051826430,
1.2315,0.0119666252,
1.23175,-0.0006988740,
1.232,-0.0146109564,
1.23225,-0.0065747565,
1.2325,-0.0064421543,
1.23275,-0.0040225694,
1.233,-0.0027415315,
1.23325,-0.0083355149,
1.2335,-0.0069149868,
1.23375,-0.0148862218,
1.234,-0.0155913755,
1.23425,-0.0399632938,
1.2345,-0.0176087208,
1.23475,-0.0042699701,
1.235,0.0097376406,
1.23525,-0.0081319930,
1.2355,-0.0011793200,
1.23575,0.0010063569,
1.236,0.0083250720,
1.23625,-0.0051726610,
1.2365,0.0052456642,
1.23675,0.0033561897,
1.237,-0.0046548462,
1.23725,-0.0105771897,
1.2375,-0.0042544683,
1.23775,-0.0012127227,
1.238,-0.0084647927,
1.23825,-0.0054609221,
1.2385,-0.0124565866,
1.23875,-0.0063169557,
1.239,-0.0022907455,
1.23925,0.0006004747,
1.2395,0.0016966976,
1.23975,-0.0103449021,
1.24,-0.0046106991,
1.24025,0.0022666776,
1.2405,0.0073641436,
1.24075,-0.0076612337,
1.241,-0.0010981446,
1.24125,0.0169397090,
1.2415,-0.0001498178,
1.24175,-0.0030472965,
1.242,0.0049295127,
1.24225,-0.0091969073,
1.2425,-0.0031130081,
1.24275,0.0001628813,
1.243,-0.0052101435,
1.24325,-0.0310771074,
1.2435,-0.0273031760,
1.24375,-0.0030612433,
1.244,-0.0140353665,
1.24425,-0.0343728140,
1.2445,-0.0015118548,
1.24475,0.0102016944,
1.245,0.0057746745,
1.24525,0.0065435232,
1.2455,0.0144954436,
1.24575,0.0186486952,
1.246,0.0001222566,
1.24625,0.0034253953,
1.2465,0.0077122226,
1.24675,-0.0017512122,
1.247,-0.0033341530,
1.24725,-0.0126799615,
1.2475,0.0168103985,
1.24775,-0.0038967244,
1.248,-0.0027978697,
1.24825,-0.0043000253,
1.2485,-0.0049413173,
1.24875,0.0039531938,
1.249,-0.0047145523,
1.24925,0.0112147052,
1.2495,0.0015744260,
1.24975,0.0028332011,
1.25,0.0077498513,
1.25025,0.0089559071,
1.2505,0.0048510944,
1.25075,-0.0040638130,
1.251,0.0092062727,
1.25125,0.0118506532,
1.2515,0.0059647625,
1.25175,-0.0043400321,
1.252,-0.0070386748,
1.25225,0.0133235371,
1.2525,-0.0033922822,
1.25275,0.0111174211,
1.253,0.0033997719,
1.25325,0.0015477685,
1.2535,-0.0042506317,
1.25375,-0.0156117985,
1.254,-0.0115565620,
1.25425,0.0018203580,
1.2545,0.0050025475,
1.25475,0.0193749424,
1.255,0.0172251854,
1.25525,0.0071355258,
1.2555,0.0119414171,
1.25575,0.0180496071,
1.256,-0.0053378805,
1.25625,0.0191363469,
1.2565,0.0147090554,
1.25675,0.0142426714,
1.257,-0.0027480833,
1.25725,0.0069777337,
1.2575,0.0087985136,
1.25775,-0.0067050364,
1.258,-0.0038342001,
1.25825,-0.0056051784,
1.2585,0.0042485553,
1.25875,0.0061664106,
1.259,0.0087918937,
1.25925,-0.0058781956,
1.2595,-0.0010787767,
1.25975,0.0025860381,
1.26,0.0122516276,
1.26025,0.0196512509,
1.2605,-0.0046162289,
1.26075,0.0031970632,
1.261,0.0182878897,
1.26125,0.0053969263,
1.2615,0.0078125047,
1.26175,-0.0059298882,
1.262,-0.0033338533,
1.26225,0.0069074584,
1.2625,0.0105616488,
1.26275,0.0005083219,
1.263,-0.0174720846,
1.26325,-0.0031106086,
1.2635,0.0057717268,
1.26375,-0.0050897640,
1.264,-0.0132425083,
1.26425,0.0076555274,
1.2645,0.0086874617,
1.26475,0.0088947676,
1.265,0.0102713788,
1.26525,0.0133119766,
1.2655,0.0134279635,
1.26575,-0.0015348097,
1.266,0.0083538461,
1.26625,-0.0053417240,
1.2665,0.0102964342,
1.26675,-0.0034441478,
1.267,-0.0070491312,
1.26725,0.0180829559,
1.2675,0.0009521046,
1.26775,-0.0078293914,
1.268,-0.0206643809,
1.26825,0.0014640846,
1.2685,-0.0128580350,
1.26875,-0.0044550709,
1.269,0.0088709947,
1.26925,0.0069883564,
1.2695,0.0019216239,
1.26975,0.0014004397,
1.27,0.0097928643,
1.27025,0.0043360475,
1.2705,-0.0102079343,
1.27075,-0.0051617068,
1.271,0.0096559869,
1.27125,-0.0011111469,
1.2715,-0.0140787335,
1.27175,-0.0088589722,
1.272,0.0048265634,
1.27225,-0.0041518067,
1.2725,-0.0011550706,
1.27275,-0.0034283695,
1.273,-0.0054620653,
1.27325,-0.0190024842,
1.2735,-0.0181523487,
1.27375,0.0041891630,
1.274,0.0032533112,
1.27425,-0.0037341136,
1.2745,0.0109400209,
1.27475,0.0047890474,
1.275,-0.0052526551,
1.27525,0.0126965847,
1.2755,0.0079347566,
1.27575,-0.0017872599,
1.276,0.0010306672,
1.27625,0.0121548269,
1.2765,0.0015851065,
1.27675,-0.0135940351,
1.277,-0.0046656406,
1.27725,-0.0035360381,
1.2775,-0.0096469130,
1.27775,-0.0179536380,
1.278,-0.0167932156,
1.27825,-0.0001061891,
1.2785,0.0011484118,
1.27875,0.0008090092,
1.279,-0.0069508329,
1.27925,0.0086998111,
1.2795,0.0046206927,
1.27975,-0.0064921826,
1.28,0.0159235839,
1.28025,-0.0038136707,
1.2805,0.0011276738,
1.28075,0.0175170209,
1.281,0.0132706352,
1.28125,0.0052662576,
1.2815,-0.0107427770,
1.28175,0.0023684253,
1.282,0.0119253108,
1.28225,0.0001356722,
1.2825,0.0051238411,
1.28275,0.0055001592,
1.283,-0.0055091870,
1.28325,0.0042816815,
1.2835,-0.0079808701,
1.28375,-0.0097601758,
1.284,0.0088415304,
1.28425,0.0072451546,
1.2845,0.0160313789,
1.28475,0.0095219156,
1.285,0.0149957705,
1.28525,0.0158428811,
1.2855,0.0077538402,
1.28575,0.0036519724,
1.286,0.0023028627,
1.28625,0.0234941971,
1.2865,-0.0063847071,
1.28675,-0.0023879083,
1.287,0.0081372224,
1.28725,-0.0064066658,
1.2875,-0.0118921641,
1.28775,-0.0078124814,
1.288,-0.0031808466,
1.28825,0.0041710548,
1.2885,0.0010910047,
1.28875,0.0067727431,
1.289,0.0198305380,
1.28925,0.0070329318,
1.2895,0.0133286081,
1.28975,0.0048768637,
1.29,0.0118407644,
1.29025,0.0059711114,
1.2905,0.0053331167,
1.29075,0.0255247857,
1.291,0.0118599143,
1.29125,-0.0014194719,
1.2915,0.0094770370,
1.29175,0.0183073431,
1.292,0.0094576739,
1.29225,0.0038776433,
1.2925,0.0061674346,
1.29275,0.0125524513,
1.293,-0.0094622141,
1.29325,-0.0036474608,
1.2935,0.0203959197,
1.29375,0.0058867289,
1.294,0.0080812247,
1.29425,0.0070270514,
1.2945,0.0155318230,
1.29475,0.0118555669,
1.295,0.0164995100,
1.29525,0.0241730027,
1.2955,0.0155316293,
1.29575,-0.0038230596,
1.296,0.0249229334,
1.29625,-0.0007411829,
1.2965,-0.0010490046,
1.29675,-0.0086568873,
1.297,0.0044955937,
1.29725,0.0102950837,
1.2975,-0.0196306407,
1.29775,-0.0044181645,
1.298,0.0150423115,
1.29825,0.0058121164,
1.2985,0.0020730833,
1.29875,0.0154746929,
1.299,0.0192319341,
1.29925,0.0040986794,
1.2995,-0.0005008392,
1.29975,0.0164579265,
1.3,0.0071353698,
1.30025,-0.0017280208,
1.3005,0.0204312596,
1.30075,0.0119442921,
1.301,0.0076993923,
1.30125,-0.0094357086,
1.3015,0.0074869134,
1.30175,0.0225442573,
1.302,-0.0114009231,
1.30225,0.0009044015,
1.3025,0.0088405684,
1.30275,0.0049145143,
1.303,-0.0083920350,
1.30325,-0.0110076386,
1.3035,-0.0004455267,
1.30375,0.0060227290,
1.304,-0.0010805232,
1.30425,0.0036589350,
1.3045,0.0078351246,
1.30475,0.0049768612,
1.305,0.0067241392,
1.30525,0.0132949129,
1.3055,-0.0110327443,
1.30575,-0.0046344898,
1.306,0.0056129098,
1.30625,-0.0060378304,
1.3065,-0.0223431252,
1.30675,0.0025068710,
1.307,0.0005763721,
1.30725,-0.0194754712,
1.3075,-0.0135862837,
1.30775,-0.0173597820,
1.308,0.0071265697,
1.30825,-0.0113627603,
1.3085,-0.0013687795,
1.30875,0.0050052004,
1.309,-0.0020055538,
1.30925,0.0002840316,
1.3095,0.0005625254,
1.30975,0.0028494028,
1.31,0.0025397851,
1.31025,-0.0058140070,
1.3105,0.0099957623,
1.31075,-0.0003276075,
1.311,-0.0213055220,
1.31125,-0.0061358814,
1.3115,0.0036499824,
1.31175,-0.0118481237,
1.312,-0.0185449701,
1.31225,-0.0154207051,
1.3125,0.0025356920,
1.31275,-0.0294665638,
1.313,-0.0302932784,
1.31325,0.0032108065,
1.3135,-0.0126116481,
1.31375,-0.0109383939,
1.314,-0.0118368845,
1.31425,-0.0008347514,
1.3145,-0.0086379014,
1.31475,-0.0044532451,
1.315,0.0050923466,
1.31525,-0.0068160426,
1.3155,-0.0167429894,
1.31575,-0.0052802609,
1.316,-0.0182947945,
1.31625,-0.0157220326,
1.3165,-0.0296082925,
1.31675,-0.0021898348,
1.317,-0.0074246293,
1.31725,-0.0286784172,
1.3175,-0.0204407591,
1.31775,0.0045131864,
1.318,-0.0060018534,
1.31825,-0.0083251707,
1.3185,0.0008725888,
1.31875,0.0070451037,
1.319,-0.0070923790,
1.31925,-0.0134264221,
1.3195,-0.0023622217,
1.31975,0.0015159429,
1.32,-0.0108280778,
1.32025,0.0001627121,
1.3205,0.0052678240,
1.32075,-0.0080676861,
1.321,-0.0224082898,
1.32125,0.0080681844,
1.3215,-0.0040199948,
1.32175,-0.0305413734,
1.322,-0.0133574754,
1.32225,-0.0019316300,
1.3225,-0.0149308816,
1.32275,-0.0308279414,
1.323,-0.0088957660,
1.32325,-0.0009190607,
1.3235,-0.0052119563,
1.32375,-0.0166784208,
1.324,-0.0015729703,
1.32425,0.0010286649,
1.3245,-0.0062238667,
1.32475,0.0045063933,
1.325,0.0078146774,
1.32525,-0.0149281137,
1.3255,-0.0072730309,
1.32575,0.0047816169,
1.326,-0.0126007842,
1.32625,-0.0280279312,
1.3265,0.0035567384,
1.32675,0.0004635057,
1.327,-0.0153108956,
1.32725,-0.0135487020,
1.3275,-0.0056668255,
1.32775,0.0113712084,
1.328,-0.0059756357,
1.32825,0.0053374795,
1.3285,0.0105468128,
1.32875,0.0098879170,
1.329,-0.0005657234,
1.32925,0.0096076550,
1.3295,0.0062962850,
1.32975,0.0089289891,
1.33,0.0053042988,
1.33025,0.0091143567,
1.3305,-0.0010316238,
1.33075,-0.0039517218,
1.331,0.0047571971,
1.33125,0.0153838461,
1.3315,-0.0182200652,
1.33175,-0.0048436075,
1.332,-0.0083621042,
1.33225,0.0021098442,
1.3325,-0.0363870896,
1.33275,-0.0127145182,
1.333,0.0037991866,
1.33325,0.0062459670,
1.3335,-0.0046708775,
1.33375,0.0086894268,
1.334,0.0053501213,
1.33425,-0.0072319503,
1.3345,0.0092944950,
1.33475,0.0056542354,
1.335,0.0042211725,
1.33525,-0.0087882159,
1.3355,0.0042807856,
1.33575,0.0028627759,
1.336,-0.0018114257,
1.33625,-0.0069744950,
1.3365,0.0134453624,
1.33675,0.0010467214,
1.337,-0.0144684128,
1.33725,-0.0074898032,
1.3375,0.0119504984,
1.33775,0.0112676108,
1.338,-0.0011857324,
1.33825,0.0120852310,
1.3385,0.0176437870,
1.33875,0.0040734457,
1.339,0.0004009501,
1.33925,0.0097513506,
1.3395,0.0128260488,
1.33975,-0.0028717569,
1.34,0.0025943422,
1.34025,0.0144633362,
1.3405,-0.0190502610,
1.34075,-0.0135954292,
1.341,0.0071968273,
1.34125,-0.0139151905,
1.3415,-0.0127885258,
1.34175,-0.0155772818,
1.342,0.0061739823,
1.34225,-0.0078827990,
1.3425,-0.0106885098,
1.34275,-0.0084784152,
1.343,-0.0007145691,
1.34325,0.0009053052,
1.3435,-0.0125166159,
1.34375,0.0059784837,
1.344,0.0144452648,
1.34425,0.0036829235,
1.3445,0.0061439453,
1.34475,0.0080541456,
1.345,-0.0126536088,
1.34525,-0.0018498815,
1.3455,0.0006700248,
1.34575,-0.0199340694,
1.346,-0.0093053570,
1.34625,0.0036789533,
1.3465,0.0045843269,
1.34675,-0.0008121039,
1.347,-0.0124903247,
1.34725,0.0053650094,
1.3475,0.0118304426,
1.34775,0.0109126940,
1.348,0.0045894091,
1.34825,0.0141075123,
1.3485,0.0092862090,
1.34875,-0.0033507254,
1.349,0.0064112796,
1.34925,0.0127934534,
1.3495,0.0022657639,
1.34975,0.0021138224,
1.35,0.0033899811,
1.35025,-0.0020782559,
1.3505,-0.0044658417,
1.35075,0.0082199005,
1.351,-0.0107194893,
1.35125,-0.0154354684,
1.3515,-0.0155575285,
1.35175,-0.0161831435,
1.352,-0.0011083449,
1.35225,-0.0227794144,
1.3525,-0.0183599312,
1.35275,-0.0002032776,
1.353,0.0156722572,
1.35325,0.0000472368,
1.3535,0.0103534469,
1.35375,-0.0073788147,
1.354,0.0036149155,
1.35425,-0.0012541912,
1.3545,0.0087991878,
1.35475,-0.0006824665,
1.355,-0.0016434187,
1.35525,-0.0078576095,
1.3555,0.0056930901,
1.35575,-0.0035361559,
1.356,-0.0160286482,
1.35625,0.0025507282,
1.3565,0.0017984613,
1.35675,-0.0053843269,
1.357,-0.0142416265,
1.35725,0.0105089741,
1.3575,0.0094990572,
1.35775,-0.0015052001,
1.358,0.0060519548,
1.35825,0.0099058151,
1.3585,0.0039049871,
1.35875,-0.0027335533,
1.359,0.0041939593,
1.35925,0.0122276824,
1.3595,-0.0012197098,
1.35975,0.0045376127,
1.36,0.0051124133,
1.36025,-0.0262648053,
1.3605,-0.0024368109,
1.36075,0.0000126632,
1.361,0.0092218611,
1.36125,-0.0162175857,
1.3615,-0.0082934480,
1.36175,0.0118887201,
1.362,-0.0137780933,
1.36225,-0.0162302442,
1.3625,-0.0278447531,
1.36275,0.0132258935,
1.363,-0.0135767600,
1.36325,-0.0027908524,
1.3635,0.0096299332,
1.36375,0.0156600457,
1.364,0.0087812329,
1.36425,0.0043305983,
1.3645,0.0042249551,
1.36475,-0.0079999221,
1.365,0.0035694290,
1.36525,-0.0056573884,
1.3655,-0.0039815288,
1.36575,0.0019467303,
1.366,0.0040790923,
1.36625,0.0028144200,
1.3665,0.0016236102,
1.36675,-0.0086701224,
1.367,0.0070080152,
1.36725,0.0181436595,
1.3675,0.0038677147,
1.36775,0.0100580417,
1.368,0.0121797984,
1.36825,0.0203370117,
1.3685,0.0085923430,
1.36875,0.0026772965,
1.369,0.0181520432,
1.36925,0.0086632716,
1.3695,0.0053636320,
1.36975,0.0015182827,
1.37,-0.0101677505,
1.37025,0.0031171120,
1.3705,0.0114363171,
1.37075,-0.0093496721,
1.371,-0.0062926770,
1.37125,-0.0048879813,
1.3715,0.0065385588,
1.37175,-0.0038058884,
1.372,-0.0128911287,
1.37225,-0.0169137884,
1.3725,0.0123534836,
1.37275,0.0176895056,
1.373,0.0072272494,
1.37325,0.0038563132,
1.3735,0.0022015781,
1.37375,0.0112691903,
1.374,0.0048992261,
1.37425,0.0137330331,
1.3745,0.0137459850,
1.37475,0.0104662422,
1.375,0.0024288825,
1.37525,0.0157454815,
1.3755,-0.0076157744,
1.37575,-0.0148858642,
1.376,0.0058884071,
1.37625,0.0118219778,
1.3765,-0.0014031872,
1.37675,-0.0132042840,
1.377,0.0142071564,
1.37725,0.0181086306,
1.3775,0.0011768354,
1.37775,0.0152163906,
1.378,0.0188162345,
1.37825,0.0164878238,
1.3785,0.0040082978,
1.37875,0.0078725554,
1.379,0.0192322750,
1.37925,0.0087485304,
1.3795,0.0088190185,
1.37975,-0.0126527753,
1.38,-0.0179512557,
1.38025,0.0023536263,
1.3805,-0.0006963161,
1.38075,0.0191612467,
1.381,-0.0064503830,
1.38125,0.0047473754,
1.3815,-0.0045569213,
1.38175,-0.0144607089,
1.382,-0.0138631286,
1.38225,-0.0160662569,
1.3825,0.0110683087,
1.38275,0.0026627891,
1.383,0.0020839060,
1.38325,0.0053994544,
1.3835,0.0239470638,
1.38375,0.0036725437,
1.384,0.0139497183,
1.38425,0.0089883162,
1.3845,0.0090204617,
1.38475,-0.0020642697,
1.385,-0.0051789312,
1.38525,0.0036688088,
1.3855,0.0085443240,
1.38575,-0.0195851531,
1.386,0.0053985342,
1.38625,-0.0005505864,
1.3865,-0.0085191522,
1.38675,0.0044076927,
1.387,0.0083158528,
1.38725,0.0123963039,
1.3875,0.0071779895,
1.38775,0.0175209418,
1.388,0.0168092418,
1.38825,0.0025372524,
1.3885,0.0037516362,
1.38875,0.0055717542,
1.389,0.0140918223,
1.38925,-0.0007837125,
1.3895,-0.0096390955,
1.38975,-0.0140100382,
1.39,0.0034891700,
1.39025,-0.0055654310,
1.3905,-0.0108731966,
1.39075,0.0124216974,
1.391,-0.0009418526,
1.39125,-0.0005218048,
1.3915,-0.0131485220,
1.39175,-0.0095574427,
1.392,-0.0202528387,
1.39225,0.0110850558,
1.3925,0.0139996503,
1.39275,0.0079437150,
1.393,-0.0015177368,
1.39325,0.0125159752,
1.3935,0.0102239642,
1.39375,0.0087443301,
1.394,0.0058515621,
1.39425,0.0136937685,
1.3945,0.0059025711,
1.39475,-0.0037406082,
1.395,-0.0008621063,
1.39525,-0.0125300279,
1.3955,-0.0043508057,
1.39575,-0.0043250159,
1.396,0.0024229130,
1.39625,-0.0027524866,
1.3965,-0.0037591255,
1.39675,0.0126571255,
1.397,0.0086413343,
1.39725,-0.0012391650,
1.3975,0.0016676961,
1.39775,0.0110759288,
1.398,0.0134598333,
1.39825,-0.0026537632,
1.3985,-0.0039729825,
1.39875,0.0189776402,
1.399,0.0121686934,
1.39925,-0.0063327886,
1.3995,-0.0060556578,
1.39975,-0.0031880201,
1.4,0.0043421048,
1.40025,0.0037913662,
1.4005,0.0016050730,
1.40075,-0.0107517093,
1.401,-0.0185535960,
1.40125,-0.0183681194,
1.4015,-0.0025009657,
1.40175,-0.0259383619,
1.402,-0.0156420171,
1.40225,0.0053605298,
1.4025,0.0110605368,
1.40275,0.0007140852,
1.403,-0.0010483947,
1.40325,0.0192150827,
1.4035,0.0067573576,
1.40375,0.0071776821,
1.404,0.0112095466,
1.40425,0.0061855190,
1.4045,-0.0001597532,
1.40475,-0.0067083035,
1.405,0.0036754869,
1.40525,0.0058843573,
1.4055,-0.0218892768,
1.40575,0.0043595517,
1.406,-0.0125964740,
1.40625,0.0052221068,
1.4065,-0.0002152119,
1.40675,0.0022309748,
1.407,0.0081077674,
1.40725,0.0070847296,
1.4075,0.0168255717,
1.40775,0.0185750835,
1.408,0.0059869466,
1.40825,0.0019909141,
1.4085,0.0099034784,
1.40875,0.0157605242,
1.409,-0.0045388788,
1.40925,-0.0030181999,
1.4095,-0.0124822566,
1.40975,0.0006937006,
1.41,-0.0055042729,
1.41025,0.0027622520,
1.4105,0.0128685124,
1.41075,0.0020409934,
1.411,-0.0024008078,
1.41125,-0.0138871232,
1.4115,-0.0161987189,
1.41175,-0.0181893744,
1.412,0.0019174732,
1.41225,0.0138774607,
1.4125,0.0057690470,
1.41275,0.0052062604,
1.413,0.0107381195,
1.41325,0.0164276753,
1.4135,0.0093904613,
1.41375,-0.0041684774,
1.414,0.0100247478,
1.41425,0.0054726941,
1.4145,-0.0079630427,
1.41475,-0.0171076078,
1.415,0.0047211563,
1.41525,0.0032658591,
1.4155,-0.0101849949,
1.41575,-0.0102111530,
1.416,0.0027500317,
1.41625,0.0038181874,
1.4165,-0.0009746488,
1.41675,0.0128853833,
1.417,-0.0085888989,
1.41725,0.0026637437,
1.4175,0.0062202131,
1.41775,0.0057058218,
1.418,0.0001529061,
1.41825,-0.0039845244,
1.4185,0.0126154441,
1.41875,0.0037995190,
1.419,-0.0088867880,
1.41925,-0.0013992259,
1.4195,-0.0004961597,
1.41975,-0.0044203950,
1.42,-0.0037025306,
1.42025,-0.0104954420,
1.4205,-0.0295583420,
1.42075,-0.0208094642,
1.421,-0.0158670545,
1.42125,-0.0008767586,
1.4215,-0.0348378383,
1.42175,-0.0148057081,
1.422,0.0036703516,
1.42225,-0.0000365222,
1.4225,-0.0025071292,
1.42275,-0.0017124572,
1.423,0.0123367496,
1.42325,0.0118976729,
1.4235,-0.0067752600,
1.42375,0.0073367069,
1.424,0.0051657809,
1.42425,-0.0002458356,
1.4245,-0.0183938276,
1.42475,0.0061738985,
1.425,-0.0018279774,
1.42525,-0.0261664949,
1.4255,-0.0035255135,
1.42575,-0.0179595873,
1.426,0.0024215262,
1.42625,-0.0125172529,
1.4265,-0.0006684049,
1.42675,-0.0014753303,
1.427,0.0038831737,
1.42725,-0.0079481238,
1.4275,0.0093837697,
1.42775,-0.0004318295,
1.428,-0.0109655689,
1.42825,-0.0005738907,
1.4285,0.0015680142,
1.42875,-0.0117506655,
1.429,-0.0081786085,
1.42925,-0.0247004367,
1.4295,0.0115682147,
1.42975,-0.0197812505,
1.43,-0.0058926074,
1.43025,-0.0059419908,
1.4305,-0.0168914683,
1.43075,-0.0226744637,
1.431,-0.0249694772,
1.43125,-0.0202958118,
1.4315,-0.0155634657,
1.43175,-0.0031166510,
1.432,0.0014349301,
1.43225,0.0089591751,
1.4325,-0.0061829300,
1.43275,0.0073345616,
1.433,0.0122349877,
1.43325,0.0013282051,
1.4335,-0.0108885467,
1.43375,0.0079589579,
1.434,0.0094374958,
1.43425,-0.0206393581,
1.4345,-0.0184301492,
1.43475,0.0035357629,
1.435,-0.0094349915,
1.43525,-0.0190073736,
1.4355,-0.0283670910,
1.43575,-0.0041527003,
1.436,-0.0033457368,
1.43625,-0.0159732327,
1.4365,-0.0076579573,
1.43675,-0.0130121224,
1.437,-0.0027951393,
1.43725,-0.0010845159,
1.4375,0.0061461334,
1.43775,-0.0034905593,
1.438,-0.0171836875,
1.43825,0.0023959135,
1.4385,0.0042465208,
1.43875,-0.0195792653,
1.439,-0.0174994804,
1.43925,-0.0110538118,
1.4395,-0.0239129197,
1.43975,-0.0192780700,
1.44,-0.0149397664,
1.44025,-0.0183547903,
1.4405,-0.0140375961,
1.44075,-0.0235511567,
1.441,0.0002791211,
1.44125,-0.0369119011,
1.4415,-0.0116917780,
1.44175,-0.0012696353,
1.442,-0.0001847671,
1.44225,0.0001278547,
1.4425,-0.0004876111,
1.44275,0.0184585601,
1.443,0.0146121923,
1.44325,-0.0049758474,
1.4435,0.0081969062,
1.44375,0.0109410761,
1.444,-0.0039356193,
1.44425,-0.0243588984,
1.4445,0.0048827147,
1.44475,-0.0042648655,
1.445,-0.0098778978,
1.44525,-0.0274230503,
1.4455,-0.0135849053,
1.44575,-0.0041135629,
1.446,-0.0097187106,
1.44625,0.0074210744,
1.4465,0.0077791996,
1.44675,0.0039999220,
1.447,-0.0059688096,
1.44725,0.0096650012,
1.4475,0.0006548392,
1.44775,0.0023796528,
1.448,0.0040102545,
1.44825,0.0037964643,
1.4485,0.0011447265,
1.44875,-0.0103505058,
1.449,-0.0008961913,
1.44925,0.0115324166,
1.4495,-0.0134399896,
1.44975,0.0071523553,
1.45,-0.0015672104,
1.45025,-0.0223364104,
1.4505,-0.0223637260,
1.45075,-0.0221709833,
1.451,0.0012542063,
1.45125,0.0169612132,
1.4515,0.0006598571,
1.45175,0.0102669336,
1.452,0.0158592667,
1.45225,0.0041262098,
1.4525,0.0199123956,
1.45275,0.0202141218,
1.453,0.0185349230,
1.45325,0.0028187688,
1.4535,0.0131234750,
1.45375,0.0198683161,
1.454,-0.0114389267,
1.45425,-0.0012329619,
1.4545,0.0146366451,
1.45475,-0.0009552838,
1.455,-0.0070484504,
1.45525,-0.0174516644,
1.4555,0.0062084878,
1.45575,0.0093831541,
1.456,-0.0013870182,
1.45625,0.0039189160,
1.4565,0.0192859322,
1.45675,0.0167428404,
1.457,0.0015446650,
1.45725,0.0205161441,
1.4575,0.0135413827,
1.45775,-0.0018941737,
1.458,0.0185167119,
1.45825,0.0211557169,
1.4585,0.0064415894,
1.45875,0.0046685277,
1.459,0.0013860066,
1.45925,-0.0044783228,
1.4595,0.0000884438,
1.45975,0.0017933547,
1.46,0.0105395457,
1.46025,0.0044986750,
1.4605,-0.0015596632,
1.46075,-0.0026370534,
1.461,-0.0210516751,
1.46125,-0.0003705419,
1.4615,-0.0000057004,
1.46175,0.0109549602,
1.462,0.0100671574,
1.46225,0.0117856711,
1.4625,0.0166662522,
1.46275,0.0205531195,
1.463,0.0049480312,
1.46325,-0.0012954264,
1.4635,0.0175887235,
1.46375,-0.0010965239,
1.464,-0.0134477150,
1.46425,0.0097072758,
1.4645,0.0017897831,
1.46475,0.0026810111,
1.465,-0.0260261707,
1.46525,-0.0040195957,
1.4655,-0.0065020574,
1.46575,-0.0002206726,
1.466,0.0019793878,
1.46625,0.0106360167,
1.4665,0.0043541701,
1.46675,-0.0044359318,
1.467,0.0070903143,
1.46725,0.0077713649,
1.4675,0.0070552318,
1.46775,-0.0011792592,
1.468,0.0060044564,
1.46825,0.0092119491,
1.4685,-0.0056372453,
1.46875,0.0035364092,
1.469,0.0024948420,
1.46925,-0.0094217444,
1.4695,-0.0120208301,
1.46975,-0.0132292928,
1.47,-0.0110420072,
1.47025,-0.0207364857,
1.4705,-0.0240023546,
1.47075,0.0022074287,
1.471,0.0063046403,
1.47125,-0.0120029114,
1.4715,0.0002444903,
1.47175,-0.0062861051,
1.472,-0.0003634488,
1.47225,0.0076813675,
1.4725,0.0092086364,
1.47275,0.0097952215,
1.473,-0.0065073203,
1.47325,0.0044644605,
1.4735,0.0058489968,
1.47375,-0.0096277483,
1.474,-0.0080620125,
1.47425,-0.0047287727,
1.4745,0.0079402719,
1.47475,-0.0219910778,
1.475,-0.0267620310,
1.47525,-0.0052236030,
1.4755,0.0067922296,
1.47575,-0.0069506369,
1.476,0.0016203664,
1.47625,0.0172650479,
1.4765,0.0122486223,
1.47675,-0.0033454681,
1.477,0.0106752496,
1.47725,0.0106076142,
1.4775,0.0011749703,
1.47775,0.0068823043,
1.478,0.0109250275,
1.47825,-0.0010573928,
1.4785,-0.0063397679,
1.47875,-0.0101081058,
1.479,0.0070143775,
1.47925,-0.0030944468,
1.4795,-0.0132641215,
1.47975,0.0089950096,
1.48,0.0077277506,
1.48025,-0.0130833071,
1.4805,-0.0296845548,
1.48075,-0.0068637235,
1.481,0.0012640853,
1.48125,-0.0094441976,
1.4815,0.0089139799,
1.48175,0.0047199987,
1.482,0.0111456458,
1.48225,0.0178404134,
1.4825,0.0195201598,
1.48275,0.0108007519,
1.483,0.0029417975,
1.48325,0.0205068681,
1.4835,0.0054808916,
1.48375,0.0041786539,
1.484,0.0122827180,
1.48425,0.0132673644,
1.4845,0.0028541780,
1.48475,-0.0082476009,
1.485,0.0057037286,
1.48525,0.0138199842,
1.4855,0.0132972943,
1.48575,0.0047807237,
1.486,0.0105733005,
1.48625,0.0139419809,
1.4865,0.0141424499,
1.48675,0.0081278775,
1.487,0.0220609419,
1.48725,0.0159147829,
1.4875,0.0083186673,
1.48775,0.0142785888,
1.488,0.0168220419,
1.48825,0.0093508074,
1.4885,0.0074484367,
1.48875,0.0099886758,
1.489,0.0034663952,
1.48925,-0.0094696404,
1.4895,0.0048222356,
1.48975,0.0160405748,
1.49,-0.0009561539,
1.49025,-0.0197037701,
1.4905,0.0177097619,
1.49075,0.0046799872,
1.491,0.0019701552,
1.49125,-0.0050661378,
1.4915,0.0117962053,
1.49175,0.0179946162,
1.492,0.0166317299,
1.49225,0.0196663830,
1.4925,0.0283185579,
1.49275,0.0141335102,
1.493,0.0163482670,
1.49325,0.0162590928,
1.4935,0.0117050596,
1.49375,-0.0032573019,
1.494,0.0154706175,
1.49425,0.0165112540,
1.4945,-0.0080386326,
1.49475,-0.0080952831,
1.495,0.0149146942,
1.49525,0.0270584114,
1.4955,0.0070991237,
1.49575,0.0143003566,
1.496,0.0313493572,
1.49625,0.0221773069,
1.4965,0.0037514064,
1.49675,0.0155346654,
1.497,0.0198940560,
1.49725,0.0099711400,
1.4975,0.0131360078,
1.49775,0.0109069962,
1.498,0.0003996814,
1.49825,-0.0043012938,
1.4985,0.0023986436,
1.49875,0.0208939984,
1.499,-0.0019218639,
1.49925,-0.0002180678,
1.4995,0.0015959429,
1.49975,0.0043849526,
1.5,-0.0214749053,
1.50025,-0.0193682164,
1.5005,0.0138733247,
1.50075,0.0005197595,
1.501,0.0020269204,
1.50125,0.0052187461,
1.5015,0.0140178334,
1.50175,0.0147160739,
1.502,0.0116877304,
1.50225,0.0250968523,
1.5025,0.0103744660,
1.50275,-0.0000745967,
1.503,0.0087315133,
1.50325,0.0051231002,
1.5035,0.0012412911,
1.50375,-0.0053050695,
1.504,0.0109126363,
1.50425,-0.0031733518,
1.5045,-0.0187431928,
1.50475,-0.0043088179,
1.505,0.0165147595,
1.50525,-0.0066036168,
1.5055,0.0077637229,
1.50575,0.0018083241,
1.506,0.0114619536,
1.50625,0.0026392778,
1.5065,-0.0033000791,
1.50675,0.0113579547,
1.507,0.0041989326,
1.50725,-0.0048430692,
1.5075,-0.0035026635,
1.50775,-0.0134497639,
1.508,-0.0069826012,
1.50825,-0.0079108467,
1.5085,0.0016028448,
1.50875,-0.0051147062,
1.509,-0.0060401317,
1.50925,-0.0026040992,
1.5095,0.0057867235,
1.50975,-0.0185425952,
1.51,-0.0259676408,
1.51025,0.0011713600,
1.5105,-0.0048812381,
1.51075,-0.0042161476,
1.511,-0.0222791247,
1.51125,0.0095352959,
1.5115,-0.0032744166,
1.51175,-0.0020354316,
1.512,0.0029544823,
1.51225,0.0059628179,
1.5125,-0.0037743100,
1.51275,-0.0039531109,
1.513,-0.0027409217,
1.51325,0.0024182594,
1.5135,-0.0228600688,
1.51375,0.0008945531,
1.514,-0.0085919248,
1.51425,-0.0148697589,
1.5145,-0.0197565015,
1.51475,-0.0031043359,
1.515,0.0125069246,
1.51525,-0.0119867362,
1.5155,-0.0084692314,
1.51575,0.0122867292,
1.516,-0.0023956026,
1.51625,-0.0093445973,
1.5165,-0.0058371858,
1.51675,0.0012058240,
1.517,-0.0045375703,
1.51725,-0.0132569131,
1.5175,-0.0060341200,
1.51775,-0.0118909255,
1.518,-0.0247455221,
1.51825,0.0025417195,
1.5185,0.0059271008,
1.51875,-0.0164788663,
1.519,-0.0205781721,
1.51925,-0.0201436859,
1.5195,-0.0017755092,
1.51975,-0.0313779488,
1.52,-0.0211605504,
1.52025,0.0087498780,
1.5205,0.0022000980,
1.52075,-0.0131059950,
1.521,0.0009994663,
1.52125,0.0149808172,
1.5215,0.0028507307,
1.52175,-0.0005919946,
1.522,0.0133042764,
1.52225,-0.0050430009,
1.5225,-0.0090735881,
1.52275,0.0074499012,
1.523,-0.0090980530,
1.52325,-0.0044287238,
1.5235,-0.0028660623,
1.52375,-0.0003660243,
1.524,-0.0106555577,
1.52425,-0.0170606971,
1.5245,-0.0074561909,
1.52475,0.0027405566,
1.525,-0.0069748233,
1.52525,0.0019158195,
1.5255,0.0039491649,
1.52575,0.0132187530,
1.526,0.0025104254,
1.52625,0.0014611981,
1.5265,0.0065788277,
1.52675,0.0076325936,
1.527,0.0015668158,
1.52725,-0.0028750608,
1.5275,-0.0086737014,
1.52775,-0.0032965490,
1.528,-0.0026603141,
1.52825,0.0035430440,
1.5285,-0.0009208527,
1.52875,-0.0037070338,
1.529,-0.0007333208,
1.52925,0.0044570738,
1.5295,-0.0169971008,
1.52975,-0.0074832430,
1.53,-0.0098504350,
1.53025,0.0162115246,
1.5305,0.0011702628,
1.53075,0.0057284739,
1.531,-0.0030615076,
1.53125,-0.0025207195,
1.5315,0.0062303669,
1.53175,-0.0016182079,
1.532,0.0063308207,
1.53225,0.0080869421,
1.5325,-0.0068787895,
1.53275,-0.0009443804,
1.533,0.0114202676,
1.53325,-0.0088741528,
1.5335,0.0004779180,
1.53375,-0.0070816157,
1.534,-0.0071391701,
1.53425,-0.0092017483,
1.5345,0.0050306218,
1.53475,0.0139289061,
1.535,-0.0014144937,
1.53525,-0.0008716965,
1.5355,0.0147648603,
1.53575,0.0101245493,
1.536,-0.0006340070,
1.53625,0.0032637380,
1.5365,0.0157468803,
1.53675,0.0069304565,
1.537,-0.0021804699,
1.53725,0.0117778303,
1.5375,-0.0149921440,
1.53775,-0.0108614806,
1.538,0.0105336206,
1.53825,0.0013415988,
1.5385,-0.0012693990,
1.53875,-0.0144862272,
1.539,-0.0008086745,
1.53925,0.0017767068,
1.5395,-0.0177151877,
1.53975,-0.0121926535,
1.54,0.0115014948,
1.54025,-0.0055086063,
1.5405,-0.0107537471,
1.54075,0.0034224028,
1.541,0.0077591040,
1.54125,0.0050472040,
1.5415,-0.0062089418,
1.54175,0.0038366953,
1.542,-0.0059821419,
1.54225,-0.0096608354,
1.5425,-0.0125146564,
1.54275,-0.0017400596,
1.543,0.0012996665,
1.54325,-0.0061907768,
1.5435,-0.0050952756,
1.54375,-0.0076416438,
1.544,-0.0053574895,
1.54425,-0.0141133033,
1.5445,0.0046175541,
1.54475,-0.0021919913,
1.545,0.0036457507,
1.54525,0.0030609602,
1.5455,0.0137165273,
1.54575,0.0106658032,
1.546,-0.0007817933,
1.54625,-0.0019039841,
1.5465,0.0029594982,
1.54675,-0.0031839232,
1.547,-0.0048655509,
1.54725,-0.0124905035,
1.5475,-0.0127556156,
1.54775,-0.0010304516,
1.548,-0.0045674043,
1.54825,0.0000790542,
1.5485,0.0014297310,
1.54875,0.0019889704,
1.549,-0.0079390462,
1.54925,-0.0221590791,
1.5495,-0.0106907226,
1.54975,-0.0117216799,
1.55,0.0100541906,
1.55025,0.0050835665,
1.5505,-0.0065857535,
1.55075,-0.0127713522,
1.551,0.0006109193,
1.55125,-0.0141460560,
1.5515,0.0000184976,
1.55175,0.0022807908,
1.552,0.0038321624,
1.55225,-0.0017843123,
1.5525,-0.0036373679,
1.55275,-0.0002066352,
1.553,-0.0308019463,
1.55325,-0.0164957084,
1.5535,-0.0088266432,
1.55375,-0.0066644349,
1.554,-0.0130930338,
1.55425,-0.0062764352,
1.5545,0.0072958330,
1.55475,-0.0046146922,
1.555,-0.0080281459,
1.55525,0.0101472382,
1.5555,0.0150430910,
1.55575,-0.0059761177,
1.556,-0.0044963453,
1.55625,0.0114465775,
1.5565,0.0080360463,
1.55675,0.0043130252,
1.557,-0.0148122115,
1.55725,-0.0202015955,
1.5575,0.0032857601,
1.55775,0.0031801010,
1.558,0.0106579270,
1.55825,-0.0027077044,
1.5585,-0.0028593806,
1.55875,0.0003971567,
1.559,-0.0014563138,
1.55925,-0.0049224263,
1.5595,-0.0151825929,
1.55975,0.0110319545,
1.56,0.0035403976,
1.56025,-0.0031835735,
1.5605,0.0018756848,
1.56075,0.0096923802,
1.561,-0.0081123989,
1.56125,-0.0049374159,
1.5615,0.0065959506,
1.56175,0.0049023274,
1.562,0.0060433098,
1.56225,-0.0041121552,
1.5625,0.0111777792,
1.56275,0.0039194757,
1.563,-0.0080427397,
1.56325,-0.0067625479,
1.5635,-0.0017194437,
1.56375,-0.0084658228,
1.564,-0.0023778561,
1.56425,0.0056563206,
1.5645,0.0078293886,
1.56475,0.0095721576,
1.565,0.0121284099,
1.56525,0.0151737835,
1.5655,0.0117281564,
1.56575,0.0019652478,
1.566,0.0054851817,
1.56625,0.0120667880,
1.5665,0.0114270579,
1.56675,-0.0037977111,
1.567,-0.0128586302,
1.56725,0.0009384137,
1.5675,0.0038913582,
1.56775,-0.0067906897,
1.568,0.0123898182,
1.56825,0.0081182728,
1.5685,0.0023226899,
1.56875,-0.0134791359,
1.569,-0.0049668183,
1.56925,0.0085009038,
1.5695,0.0065940567,
1.56975,0.0101890275,
1.57,0.0185464993,
1.57025,0.0110961730,
1.5705,0.0033960745,
1.57075,0.0152662443,
1.571,0.0045141513,
1.57125,0.0085010547,
1.5715,0.0112724062,
1.57175,0.0102326320,
1.572,-0.0081131477,
1.57225,0.0010662167,
1.5725,-0.0083618090,
1.57275,-0.0005778389,
1.573,-0.0105696134,
1.57325,-0.0059393300,
1.5735,0.0088556930,
1.57375,0.0015242985,
1.574,0.0052240076,
1.57425,0.0059943851,
1.5745,0.0079871919,
1.57475,0.0037678343,
1.575,0.0131564010,
1.57525,0.0213399995,
1.5755,0.0028212797,
1.57575,0.0029002391,
1.576,0.0179492738,
1.57625,0.0158877000,
1.5765,0.0083048809,
1.57675,-0.0125762038,
1.577,-0.0123984776,
1.57725,0.0108816950,
1.5775,0.0035028821,
1.57775,0.0100619849,
1.578,-0.0096658599,
1.57825,0.0068010674,
1.5785,-0.0060030231,
1.57875,0.0023068404,
1.579,-0.0003796807,
1.57925,-0.0083518438,
1.5795,0.0088558961,
1.57975,0.0050648930,
1.58,-0.0035779991,
1.58025,-0.0039011033,
1.5805,0.0046518282,
1.58075,-0.0023442314,
1.581,0.0048499559,
1.58125,-0.0121584339,
1.5815,0.0172325727,
1.58175,0.0050485577,
1.582,-0.0061856871,
1.58225,-0.0007026993,
1.5825,0.0098439958,
1.58275,-0.0172394216,
1.583,-0.0136801079,
1.58325,-0.0058872635,
1.5835,-0.0099973865,
1.58375,-0.0020105187,
1.584,-0.0085665500,
1.58425,0.0112438817,
1.5845,0.0032656291,
1.58475,0.0050352151,
1.585,0.0051718247,
1.58525,0.0027982667,
1.5855,0.0013078535,
1.58575,-0.0019599989,
1.586,0.0112640951,
1.58625,0.0054367334,
1.5865,-0.0101230554,
1.58675,-0.0144979721,
1.587,0.0009777865,
1.58725,0.0045915861,
1.5875,-0.0111199841,
1.58775,0.0026489168,
1.588,0.0019769336,
1.58825,-0.0069042896,
1.5885,-0.0240160059,
1.58875,-0.0051666582,
1.589,-0.0051056482,
1.58925,-0.0030799080,
1.5895,0.0007881877,
1.58975,0.0073138326,
1.59,-0.0023491206,
1.59025,0.0016293256,
1.5905,0.0097701829,
1.59075,0.0115248607,
1.591,-0.0065726088,
1.59125,0.0094135348,
1.5915,0.0029408126,
1.59175,-0.0114704296,
1.592,-0.0159948431,
1.59225,-0.0105173560,
1.5925,0.0057011582,
1.59275,-0.0218437202,
1.593,-0.0240369365,
1.59325,-0.0093724551,
1.5935,0.0032865913,
1.59375,-0.0132955695,
1.594,-0.0016144384,
1.59425,0.0101178363,
1.5945,0.0002078282,
1.59475,-0.0019584023,
1.595,0.0161093343,
1.59525,0.0062901750,
1.5955,-0.0027096760,
1.59575,0.0115644597,
1.596,0.0116613694,
1.59625,0.0014746296,
1.5965,-0.0240130760,
1.59675,-0.0033604107,
1.597,0.0145347314,
1.59725,-0.0192558542,
1.5975,-0.0093149832,
1.59775,-0.0072032260,
1.598,-0.0010652114,
1.59825,-0.0081656538,
1.5985,0.0023697168,
1.59875,0.0023406690,
1.599,-0.0019336469,
1.59925,0.0061717001,
1.5995,0.0001727117,
1.59975,0.0023059628,
1.6,-0.0004658228,
1.60025,0.0032582493,
1.6005,0.0160480756,
1.60075,0.0056271870,
1.601,-0.0111505315,
1.60125,0.0221129470,
1.6015,-0.0033650615,
1.60175,-0.0109513681,
1.602,-0.0028802177,
1.60225,0.0053261351,
1.6025,-0.0148701072,
1.60275,-0.0050348225,
1.603,-0.0176420920,
1.60325,0.0068201041,
1.6035,-0.0057123834,
1.60375,0.0016651523,
1.604,0.0064637456,
1.60425,0.0089758160,
1.6045,0.0088673895,
1.60475,0.0017874445,
1.605,0.0112220664,
1.60525,0.0047819791,
1.6055,0.0031759499,
1.60575,0.0161438342,
1.606,0.0057293153,
1.60625,-0.0137261441,
1.6065,-0.0083224019,
1.60675,0.0112277512,
1.607,0.0044593904,
1.60725,-0.0197127834,
1.6075,0.0011761023,
1.60775,0.0039957375,
1.608,-0.0086246673,
1.60825,-0.0316029713,
1.6085,0.0027488593,
1.60875,-0.0004880427,
1.609,0.0052846773,
1.60925,-0.0039406815,
1.6095,0.0169629585,
1.60975,0.0032253210,
1.61,0.0065151658,
1.61025,0.0124289654,
1.6105,0.0109727718,
1.61075,-0.0026424287,
1.611,0.0023731110,
1.61125,0.0047503640,
1.6115,-0.0085764388,
1.61175,-0.0187162403,
1.612,-0.0010887475,
1.61225,0.0017914765,
1.6125,-0.0203267876,
1.61275,-0.0228146054,
1.613,-0.0007659633,
1.61325,0.0109286979,
1.6135,-0.0119757205,
1.61375,0.0015112744,
1.614,0.0065812049,
1.61425,0.0028354882,
1.6145,0.0019755275,
1.61475,0.0100019779,
1.615,0.0066537079,
1.61525,-0.0023929810,
1.6155,0.0025287983,
1.61575,0.0089357812,
1.616,0.0007459800,
1.61625,-0.0179997683,
1.6165,-0.0064615961,
1.61675,-0.0062480262,
1.617,-0.0290592406,
1.61725,-0.0154923424,
1.6175,-0.0035142861,
1.61775,0.0009991260,
1.618,-0.0222518966,
1.61825,-0.0058589485,
1.6185,-0.0079517458,
1.61875,-0.0076244962,
1.619,-0.0081435842,
1.61925,-0.0087762102,
1.6195,0.0011768531,
1.61975,-0.0057296758,
1.62,0.0017548804,
1.62025,0.0122380927,
1.6205,0.0043853908,
1.62075,-0.0196481105,
1.621,0.0100642350,
1.62125,-0.0036190269,
1.6215,-0.0282815881,
1.62175,-0.0148244156,
1.622,0.0002651804,
1.62225,-0.0179647729,
1.6225,-0.0179140754,
1.62275,-0.0213050656,
1.623,0.0013292370,
1.62325,-0.0202938579,
1.6235,0.0009041271,
1.62375,0.0067388788,
1.624,0.0072968118,
1.62425,-0.0035163905,
1.6245,0.0023613104,
1.62475,0.0078509534,
1.625,0.0024014290,
1.62525,-0.0001495164,
1.6255,0.0037356638,
1.62575,-0.0117288996,
1.626,-0.0162845273,
1.62625,-0.0116730612,
1.6265,0.0121598858,
1.62675,-0.0230071619,
1.627,-0.0148329902,
1.62725,-0.0108171050,
1.6275,-0.0130917309,
1.62775,-0.0329951644,
1.628,-0.0350085348,
1.62825,0.0017243780,
1.6285,0.0004873654,
1.62875,0.0033589138,
1.629,-0.0049292501,
1.62925,0.0119363107,
1.6295,-0.0075195516,
1.62975,0.0018941185,
1.63,0.0099198613,
1.63025,0.0034208917,
1.6305,-0.0133171342,
1.63075,-0.0027547940,
1.631,0.0020518021,
1.63125,0.0000016543,
1.6315,-0.0179764461,
1.63175,0.0001705259,
1.632,-0.0041809324,
1.63225,-0.0141434018,
1.6325,-0.0235657375,
1.63275,-0.0075674215,
1.633,0.0000186755,
1.63325,-0.0087599652,
1.6335,-0.0078546526,
1.63375,0.0139403064,
1.634,0.0145326462,
1.63425,-0.0007537587,
1.6345,0.0143227726,
1.63475,0.0133522991,
1.635,0.0010535056,
1.63525,-0.0044646258,
1.6355,0.0185796134,
1.63575,-0.0021039594,
1.636,-0.0160230994,
1.63625,-0.0007275813,
1.6365,-0.0195645131,
1.63675,-0.0189322494,
1.637,-0.0114473039,
1.63725,0.0044282079,
1.6375,0.0085799359,
1.63775,-0.0098671746,
1.638,-0.0022590517,
1.63825,-0.0186835863,
1.6385,0.0006108457,
1.63875,-0.0181056149,
1.639,0.0030421549,
1.63925,0.0040732902,
1.6395,0.0017371317,
1.63975,0.0061641796,
1.64,0.0185064301,
1.64025,-0.0088222791,
1.6405,-0.0091486182,
1.64075,0.0144002028,
1.641,-0.0055647520,
1.64125,-0.0285101105,
1.6415,0.0031227220,
1.64175,0.0051035471,
1.642,-0.0013097445,
1.64225,-0.0175892524,
1.6425,-0.0099390838,
1.64275,0.0064077340,
1.643,-0.0041544195,
1.64325,0.0098537393,
1.6435,0.0090682013,
1.64375,0.0142308893,
1.644,0.0076658335,
1.64425,0.0089462930,
1.6445,0.0125052854,
1.64475,0.0170723256,
1.645,0.0022342864,
1.64525,0.0028746796,
1.6455,0.0028377045,
1.64575,-0.0057055098,
1.646,0.0054088365,
1.64625,-0.0035772121,
1.6465,-0.0236846842,
1.64675,-0.0139138289,
1.647,-0.0165706165,
1.64725,0.0022363078,
1.6475,-0.0258157011,
1.64775,-0.0114331776,
1.648,-0.0084984498,
1.64825,0.0159683339,
1.6485,0.0019929660,
1.64875,0.0062338910,
1.649,0.0063448064,
1.64925,0.0033508313,
1.6495,0.0101303328,
1.64975,0.0114729349,
1.65,0.0076916665,
1.65025,0.0018587533,
1.6505,0.0071088942,
1.65075,0.0092572523,
1.651,0.0121608805,
1.65125,-0.0093159443,
1.6515,0.0064650420,
1.65175,0.0151508125,
1.652,-0.0037060166,
1.65225,-0.0178212933,
1.6525,-0.0073524849,
1.65275,0.0143220881,
1.653,0.0030234770,
1.65325,0.0046179160,
1.6535,0.0309165083,
1.65375,0.0168668739,
1.654,0.0081081530,
1.65425,0.0144755747,
1.6545,0.0127739385,
1.65475,0.0104594026,
1.655,0.0046040621,
1.65525,0.0154744796,
1.6555,-0.0119422944,
1.65575,-0.0092887841,
1.656,-0.0025001741,
1.65625,-0.0008813775,
1.6565,0.0043117669,
1.65675,-0.0075913756,
1.657,0.0090819718,
1.65725,0.0058790045,
1.6575,-0.0014688619,
1.65775,-0.0216426682,
1.658,-0.0089816833,
1.65825,0.0017353980,
1.6585,-0.0153617952,
1.65875,0.0079597123,
1.659,0.0158500224,
1.65925,0.0132179391,
1.6595,0.0093282517,
1.65975,0.0164201651,
1.66,0.0078454930,
1.66025,0.0034154588,
1.6605,0.0077628316,
1.66075,0.0056130588,
1.661,-0.0022618072,
1.66125,0.0089010308,
1.6615,0.0068358327,
1.66175,0.0053433999,
1.662,-0.0096385386,
1.66225,-0.0017251812,
1.6625,0.0084701413,
1.66275,0.0093992315,
1.663,0.0002320347,
1.66325,0.0086400742,
1.6635,0.0128493253,
1.66375,0.0121178925,
1.664,0.0059506418,
1.66425,0.0163410809,
1.6645,0.0181200877,
1.66475,0.0062546907,
1.665,0.0040214257,
1.66525,0.0022224125,
1.6655,-0.0101935286,
1.66575,0.0040183417,
1.666,-0.0127036078,
1.66625,-0.0168503169,
1.6665,-0.0165044554,
1.66675,-0.0080793900,
1.667,0.0018901482,
1.66725,-0.0059635574,
1.6675,-0.0194270778,
1.66775,-0.0041037961,
1.668,0.0134291947,
1.66825,-0.0036540055,
1.6685,-0.0069298735,
1.66875,-0.0068505616,
1.669,0.0103073893,
1.66925,-0.0010557256,
1.6695,0.0061865132,
1.66975,0.0130204894,
1.67,0.0062299687,
1.67025,0.0088324156,
1.6705,0.0116039310,
1.67075,0.0024429713,
1.671,-0.0049951086,
1.67125,-0.0031624925,
1.6715,0.0144351665,
1.67175,-0.0015190615,
1.672,-0.0218868777,
1.67225,-0.0001786223,
1.6725,0.0151387528,
1.67275,-0.0014944737,
1.673,-0.0053403690,
1.67325,0.0147102503,
1.6735,0.0173262153,
1.67375,0.0001038456,
1.674,0.0010041667,
1.67425,0.0126710255,
1.6745,0.0091354800,
1.67475,0.0040072189,
1.675,-0.0010862630,
1.67525,-0.0176289454,
1.6755,-0.0090501681,
1.67575,-0.0112212496,
1.676,0.0151829626,
1.67625,-0.0014876721,
1.6765,-0.0071316324,
1.67675,0.0034732462,
1.677,-0.0147437593,
1.67725,-0.0151754310,
1.6775,-0.0339685492,
1.67775,0.0030739876,
1.678,-0.0028930828,
1.67825,-0.0066519184,
1.6785,-0.0039687902,
1.67875,0.0177693106,
1.679,0.0061342171,
1.67925,0.0090083145,
1.6795,0.0164542552,
1.67975,0.0124383196,
1.68,0.0046932381,
1.68025,0.0000043691,
1.6805,0.0069599245,
1.68075,0.0092487717,
1.681,0.0033595345,
1.68125,0.0085930414,
1.6815,0.0004849892,
1.68175,-0.0119390190,
1.682,0.0032325373,
1.68225,0.0127042877,
1.6825,0.0074207615,
1.68275,-0.0008823634,
1.683,0.0146726668,
1.68325,0.0143725481,
1.6835,0.0164369438,
1.68375,0.0091705509,
1.684,0.0133189019,
1.68425,0.0170445684,
1.6845,0.0116315410,
1.68475,0.0021740389,
1.685,-0.0065829004,
1.68525,-0.0068864562,
1.6855,0.0042042411,
1.68575,-0.0036841978,
1.686,0.0039668498,
1.68625,0.0022855515,
1.6865,0.0056197103,
1.68675,0.0040075704,
1.687,0.0051904218,
1.68725,-0.0158837251,
1.6875,0.0092820469,
1.68775,0.0213173684,
1.688,0.0092853708,
1.68825,-0.0004864915,
1.6885,0.0165747311,
1.68875,0.0166182723,
1.689,0.0167190023,
1.68925,0.0157481804,
1.6895,0.0224769656,
1.68975,0.0196315013,
1.69,0.0191645250,
1.69025,0.0070329220,
1.6905,0.0116608841,
1.69075,0.0155544141,
1.691,0.0096724359,
1.69125,0.0119017987,
1.6915,-0.0000303783,
1.69175,-0.0054881005,
1.692,0.0143170031,
1.69225,0.0186648406,
1.6925,0.0151275508,
1.69275,0.0093987407,
1.693,0.0160633028,
1.69325,0.0311409142,
1.6935,0.0076680360,
1.69375,0.0071939547,
1.694,0.0263371989,
1.69425,0.0247292072,
1.6945,0.0131926322,
1.69475,0.0024506864,
1.695,0.0012830875,
1.69525,-0.0002142903,
1.6955,-0.0016420146,
1.69575,0.0216959249,
1.696,-0.0052508079,
1.69625,-0.0088990768,
1.6965,-0.0114258192,
1.69675,-0.0057708328,
1.697,-0.0075629111,
1.69725,-0.0268802904,
1.6975,0.0032530085,
1.69775,0.0228490271,
1.698,0.0077826399,
1.69825,0.0046549034,
1.6985,0.0192427225,
1.69875,0.0157131962,
1.699,0.0093101813,
1.69925,0.0144251660,
1.6995,0.0236944743,
1.69975,0.0068246317,
1.7,0.0102493186,
1.70025,0.0068101240,
1.7005,0.0263069496,
1.70075,-0.0107292607,
1.701,0.0083499523,
1.70125,-0.0019708553,
1.7015,-0.0063511282,
1.70175,-0.0049968874,
1.702,-0.0055082333,
1.70225,-0.0029594284,
1.7025,-0.0062193591,
1.70275,0.0067798840,
1.703,0.0083020646,
1.70325,0.0025170632,
1.7035,0.0067396266,
1.70375,0.0023664769,
1.704,0.0179887880,
1.70425,0.0071104965,
1.7045,-0.0046786629,
1.70475,-0.0144809540,
1.705,-0.0133127794,
1.70525,-0.0001801501,
1.7055,-0.0085235415,
1.70575,-0.0015988515,
1.706,0.0036910502,
1.70625,-0.0036400768,
1.7065,-0.0041559367,
1.70675,-0.0154681299,
1.707,-0.0281191617,
1.70725,-0.0076917191,
1.7075,0.0034949952,
1.70775,0.0050610052,
1.708,-0.0052741012,
1.70825,-0.0040653478,
1.7085,0.0032850190,
1.70875,0.0073708240,
1.709,-0.0098854415,
1.70925,0.0075599011,
1.7095,-0.0049093701,
1.70975,0.0008400034,
1.71,-0.0128955506,
1.71025,-0.0028797798,
1.7105,0.0069943932,
1.71075,-0.0105491988,
1.711,-0.0168454684,
1.71125,-0.0148663530,
1.7115,-0.0136143472,
1.71175,-0.0096678585,
1.712,0.0001584962,
1.71225,-0.0170402452,
1.7125,-0.0116125299,
1.71275,-0.0073394249,
1.713,0.0013736458,
1.71325,-0.0007421675,
1.7135,-0.0164574496,
1.71375,0.0072422260,
1.714,0.0091516217,
1.71425,-0.0160846543,
1.7145,-0.0055565266,
1.71475,-0.0133700939,
1.715,-0.0111404760,
1.71525,-0.0147973225,
1.7155,-0.0051610596,
1.71575,-0.0226199348,
1.716,-0.0394149683,
1.71625,-0.0177029539,
1.7165,-0.0031825639,
1.71675,-0.0286120363,
1.717,-0.0338498838,
1.71725,0.0008211937,
1.7175,0.0007593355,
1.71775,-0.0083078435,
1.718,-0.0149091035,
1.71825,0.0118202241,
1.7185,0.0016119087,
1.71875,-0.0178385638,
1.719,0.0007069206,
1.71925,-0.0003479344,
1.7195,-0.0079747774,
1.71975,-0.0159150697,
1.72,-0.0057236208,
1.72025,0.0058873468,
1.7205,-0.0196730420,
1.72075,-0.0113134189,
1.721,-0.0267125145,
1.72125,-0.0133846048,
1.7215,-0.0125113735,
1.72175,-0.0139880534,
1.722,-0.0042723599,
1.72225,-0.0035677387,
1.7225,-0.0011356961,
1.72275,0.0073571065,
1.723,0.0075683300,
1.72325,0.0009827620,
1.7235,-0.0036973089,
1.72375,0.0061373925,
1.724,-0.0010658607,
1.72425,-0.0126643302,
1.7245,-0.0225081462,
1.72475,-0.0103611350,
1.725,-0.0028902716,
1.72525,-0.0114757000,
1.7255,0.0033474672,
1.72575,0.0017445587,
1.726,-0.0090323566,
1.72625,-0.0103743337,
1.7265,-0.0200759713,
1.72675,-0.0168232452,
1.727,-0.0016993727,
1.72725,0.0000874888,
1.7275,0.0121744480,
1.72775,0.0013446923,
1.728,-0.0019626431,
1.72825,0.0104168477,
1.7285,0.0024420267,
1.72875,-0.0065141865,
1.729,0.0087579973,
1.72925,0.0130072003,
1.7295,0.0096083041,
1.72975,-0.0110605936,
1.73,0.0128627298,
1.73025,0.0005500234,
1.7305,-0.0119270962,
1.73075,-0.0140476897,
1.731,-0.0077063129,
1.73125,0.0015792002,
1.7315,-0.0085662547,
1.73175,0.0026623115,
1.732,-0.0085535944,
1.73225,-0.0023097259,
1.7325,0.0066673318,
1.73275,0.0149335656,
1.733,0.0132354833,
1.73325,-0.0059097279,
1.7335,0.0077662873,
1.73375,0.0182387121,
1.734,-0.0033021311,
1.73425,-0.0011641810,
1.7345,-0.0101045715,
1.73475,-0.0039368970,
1.735,-0.0070687626,
1.73525,0.0029765056,
1.7355,-0.0164854415,
1.73575,-0.0126715023,
1.736,-0.0076010455,
1.73625,0.0065298025,
1.7365,-0.0077541312,
1.73675,-0.0114904623,
1.737,0.0072436081,
1.73725,-0.0011839740,
1.7375,0.0098707667,
1.73775,-0.0097693605,
1.738,0.0062569231,
1.73825,0.0036408100,
1.7385,-0.0161075294,
1.73875,0.0030272519,
1.739,-0.0027601346,
1.73925,0.0077788788,
1.7395,-0.0078645004,
1.73975,0.0023173257,
1.74,0.0129535506,
1.74025,-0.0088176690,
1.7405,-0.0165558681,
1.74075,-0.0240212344,
1.741,-0.0125853326,
1.74125,-0.0209862012,
1.7415,-0.0051331609,
1.74175,-0.0023519299,
1.742,0.0007737751,
1.74225,-0.0031838659,
1.7425,0.0040312968,
1.74275,0.0038708742,
1.743,-0.0091688698,
1.74325,-0.0007842522,
1.7435,-0.0040327134,
1.74375,-0.0001626628,
1.744,-0.0031242142,
1.74425,-0.0250629224,
1.7445,-0.0041263704,
1.74475,-0.0095857009,
1.745,-0.0091750035,
1.74525,-0.0049038278,
1.7455,-0.0088118967,
1.74575,-0.0157339424,
1.746,-0.0287398286,
1.74625,-0.0152968811,
1.7465,0.0030171245,
1.74675,-0.0060166880,
1.747,-0.0092653483,
1.74725,0.0053230864,
1.7475,-0.0089337137,
1.74775,-0.0027853807,
1.748,0.0086106993,
1.74825,-0.0001889207,
1.7485,-0.0019267149,
1.74875,-0.0014642497,
1.749,0.0155615788,
1.74925,-0.0108142206,
1.7495,-0.0123372320,
1.74975,0.0015978025,
1.75,-0.0071842447,
1.75025,-0.0102052372,
1.7505,-0.0254612882,
1.75075,-0.0148206996,
1.751,-0.0050818212,
1.75125,-0.0091055967,
1.7515,-0.0088365581,
1.75175,-0.0051352102,
1.752,0.0047661169,
1.75225,0.0026178686,
1.7525,0.0093113119,
1.75275,0.0098195029,
1.753,-0.0074802996,
1.75325,0.0034066907,
1.7535,0.0235350076,
1.75375,0.0009301109,
1.754,-0.0052131177,
1.75425,-0.0204147398,
1.7545,-0.0021307121,
1.75475,-0.0080548618,
1.755,-0.0035276974,
1.75525,-0.0079185320,
1.7555,0.0015152862,
1.75575,-0.0012253104,
1.756,0.0003979572,
1.75625,-0.0098113194,
1.7565,-0.0034057130,
1.75675,0.0057761646,
1.757,0.0057557477,
1.75725,0.0132720117,
1.7575,0.0007218828,
1.75775,0.0140595511,
1.758,0.0107071558,
1.75825,-0.0002486553,
1.7585,-0.0029362300,
1.75875,0.0112693897,
1.759,0.0136238607,
1.75925,-0.0085196812,
1.7595,0.0052978238,
1.75975,0.0077553093,
1.76,0.0034713936,
1.76025,-0.0149192270,
1.7605,-0.0136904875,
1.76075,-0.0079314364,
1.761,0.0003835279,
1.76125,-0.0015959523,
1.7615,0.0105902124,
1.76175,0.0150802247,
1.762,0.0092210462,
1.76225,0.0139575563,
1.7625,0.0034473338,
1.76275,0.0119557921,
1.763,0.0096926298,
1.76325,0.0054978090,
1.7635,0.0182071682,
1.76375,0.0074751498,
1.764,-0.0082701128,
1.76425,0.0128480922,
1.7645,0.0046302276,
1.76475,-0.0078740353,
1.765,-0.0022007860,
1.76525,-0.0002280323,
1.7655,0.0078412006,
1.76575,-0.0172347184,
1.766,0.0052511012,
1.76625,0.0170189179,
1.7665,0.0006281619,
1.76675,0.0067202612,
1.767,0.0032315950,
1.76725,0.0070425146,
1.7675,0.0105048567,
1.76775,0.0105236787,
1.768,0.0182490498,
1.76825,0.0024539749,
1.7685,0.0090592830,
1.76875,0.0188806597,
1.769,-0.0046036621,
1.76925,0.0018934251,
1.7695,-0.0091382023,
1.76975,0.0083263880,
1.77,-0.0015428774,
1.77025,-0.0212294385,
1.7705,-0.0036724312,
1.77075,0.0136564784,
1.771,-0.0020719382,
1.77125,-0.0015761923,
1.7715,0.0170621872,
1.77175,0.0224522501,
1.772,0.0047698403,
1.77225,0.0109647270,
1.7725,0.0207838342,
1.77275,0.0045621675,
1.773,0.0047641885,
1.77325,0.0256321207,
1.7735,0.0054262327,
1.77375,-0.0000811879,
1.774,-0.0092185847,
1.77425,0.0111540500,
1.7745,0.0116847195,
1.77475,-0.0139571205,
1.775,0.0044140806,
1.77525,0.0119577665,
1.7755,0.0079448000,
1.77575,-0.0071379025,
1.776,-0.0063676797,
1.77625,0.0136776660,
1.7765,0.0038411133,
1.77675,0.0033352103,
1.777,0.0100514311,
1.77725,0.0090934699,
1.7775,0.0056274333,
1.77775,0.0157607943,
1.778,0.0132393520,
1.77825,-0.0024945708,
1.7785,0.0129142497,
1.77875,0.0180293228,
1.779,-0.0054137153,
1.77925,0.0043549757,
1.7795,0.0105271908,
1.77975,0.0029334910,
1.78,-0.0086218026,
1.78025,-0.0131419897,
1.7805,0.0036688289,
1.78075,0.0088396026,
1.781,-0.0035031128,
1.78125,0.0097821448,
1.7815,0.0079334108,
1.78175,0.0111733014,
1.782,0.0028355294,
1.78225,0.0128245307,
1.7825,0.0104784556,
1.78275,0.0090081347,
1.783,0.0026261033,
1.78325,0.0108728502,
1.7835,0.0016619072,
1.78375,-0.0085190460,
1.784,0.0020738456,
1.78425,0.0099692969,
1.7845,-0.0148535762,
1.78475,0.0002401326,
1.785,0.0041909595,
1.78525,0.0100731533,
1.7855,-0.0284804031,
1.78575,-0.0005186984,
1.786,0.0145756276,
1.78625,0.0035398861,
1.7865,0.0019114420,
1.78675,0.0049479031,
1.787,0.0081375465,
1.78725,0.0052927453,
1.7875,0.0055052936,
1.78775,0.0155904470,
1.788,-0.0040145619,
1.78825,-0.0015625909,
1.7885,0.0008379081,
1.78875,-0.0050401683,
1.789,-0.0073651392,
1.78925,-0.0095270872,
1.7895,0.0160537995,
1.78975,-0.0016865318,
1.79,-0.0128853982,
1.79025,-0.0081567802,
1.7905,0.0154186413,
1.79075,-0.0003296839,
1.791,-0.0008029359,
1.79125,0.0105129294,
1.7915,0.0197066963,
1.79175,-0.0006516792,
1.792,0.0018735765,
1.79225,0.0162926726,
1.7925,0.0084255142,
1.79275,-0.0044986787,
1.793,0.0142730288,
1.79325,0.0111353314,
1.7935,-0.0065249363,
1.79375,-0.0128659159,
1.794,0.0186269283,
1.79425,-0.0057690912,
1.7945,-0.0260395408,
1.79475,-0.0037963875,
1.795,0.0167248566,
1.79525,-0.0101705045,
1.7955,-0.0198171325,
1.79575,0.0070101013,
1.796,0.0150718223,
1.79625,0.0032637722,
1.7965,-0.0096169217,
1.79675,0.0128802983,
1.797,0.0042459886,
1.79725,0.0022263525,
1.7975,0.0177791920,
1.79775,0.0064687636,
1.798,-0.0070815645,
1.79825,0.0095514217,
1.7985,0.0147265848,
1.79875,-0.0085646641,
1.799,-0.0050499532,
1.79925,0.0181439016,
1.7995,0.0039262436,
1.79975,-0.0139001645,
1.8,-0.0087390533,
1.80025,0.0082679521,
1.8005,0.0054202816,
1.80075,-0.0002662733,
1.801,0.0081617637,
1.80125,0.0102385785,
1.8015,0.0129226213,
1.80175,0.0040989467,
1.802,0.0154371187,
1.80225,0.0179854799,
1.8025,0.0071350485,
1.80275,0.0098946728,
1.803,0.0097533446,
1.80325,0.0014667104,
1.8035,-0.0045746872,
1.80375,0.0114584286,
1.804,0.0049732868,
1.80425,-0.0160993654,
1.8045,0.0027474398,
1.80475,0.0016455200,
1.805,0.0059115533,
1.80525,-0.0304768886,
1.8055,0.0042067491,
1.80575,0.0104314033,
1.806,0.0130211376,
1.80625,-0.0005458514,
1.8065,0.0135753304,
1.80675,0.0002036399,
1.807,0.0011636731,
1.80725,0.0043265992,
1.8075,0.0057862531,
1.80775,-0.0025946682,
1.808,-0.0031826973,
1.80825,0.0061502545,
1.8085,0.0078063570,
1.80875,-0.0036863924,
1.809,0.0095270174,
1.80925,0.0066335541,
1.8095,-0.0017118111,
1.80975,-0.0113084810,
1.81,-0.0036037802,
1.81025,0.0150469057,
1.8105,-0.0009557622,
1.81075,-0.0037311737,
1.811,0.0151711432,
1.81125,0.0172823723,
1.8115,-0.0010882346,
1.81175,0.0104979053,
1.812,0.0242745019,
1.81225,0.0143475719,
1.8125,-0.0021765931,
1.81275,0.0101125967,
1.813,0.0100416802,
1.81325,-0.0145348245,
1.8135,-0.0022928738,
1.81375,0.0015174755,
1.814,-0.0090182703,
1.81425,-0.0097814929,
1.8145,-0.0109937554,
1.81475,0.0091861840,
1.815,-0.0093449987,
1.81525,-0.0054202871,
1.8155,-0.0000511182,
1.81575,0.0103737786,
1.816,-0.0039080079,
1.81625,-0.0085996175,
1.8165,0.0095769409,
1.81675,0.0048567788,
1.817,-0.0048969178,
1.81725,0.0121955480,
1.8175,-0.0064967624,
1.81775,-0.0143325981,
1.818,0.0041041323,
1.81825,-0.0076468773,
1.8185,-0.0113246785,
1.81875,-0.0059057581,
1.819,0.0099490592,
1.81925,-0.0001735725,
1.8195,-0.0145296585,
1.81975,-0.0156676602,
1.82,0.0009495165,
1.82025,-0.0075862673,
1.8205,-0.0056163846,
1.82075,0.0011991323,
1.821,0.0079555055,
1.82125,-0.0036988561,
1.8215,0.0017347750,
1.82175,0.0044907168,
1.822,0.0112232463,
1.82225,0.0047540623,
1.8225,-0.0003683790,
1.82275,-0.0058901487,
1.823,-0.0058977846,
1.82325,-0.0172187034,
1.8235,-0.0052373586,
1.82375,-0.0286025554,
1.824,-0.0243518725,
1.82425,-0.0197608434,
1.8245,-0.0059941579,
1.82475,-0.0167983044,
1.825,-0.0232129917,
1.82525,-0.0116807399,
1.8255,0.0035117799,
1.82575,0.0073086973,
1.826,-0.0070156162,
1.82625,0.0021930072,
1.8265,-0.0141509706,
1.82675,-0.0014370105,
1.827,-0.0089551862,
1.82725,-0.0037290014,
1.8275,-0.0110730724,
1.82775,-0.0093771638,
1.828,-0.0091209384,
1.82825,0.0091474904,
1.8285,-0.0143328793,
1.82875,-0.0075978138,
1.829,-0.0065648966,
1.82925,-0.0084004365,
1.8295,-0.0178661235,
1.82975,-0.0187166315,
1.83,0.0106824292,
1.83025,-0.0036949220,
1.8305,-0.0069415839,
1.83075,0.0065342458,
1.831,0.0062509929,
1.83125,0.0017139644,
1.8315,-0.0026374916,
1.83175,0.0072990879,
1.832,0.0099628698,
1.83225,-0.0111970445,
1.8325,0.0063565723,
1.83275,-0.0114311446,
1.833,-0.0315862671,
1.83325,0.0017076069,
1.8335,-0.0115426518,
1.83375,-0.0004019693,
1.834,-0.0220425092,
1.83425,-0.0040084082,
1.8345,0.0088443272,
1.83475,-0.0146498019,
1.835,-0.0223827139,
1.83525,-0.0049776016,
1.8355,0.0057456042,
1.83575,-0.0202476345,
1.836,-0.0014695736,
1.83625,0.0001549086,
1.8365,0.0095035657,
1.83675,-0.0115389451,
1.837,0.0015508943,
1.83725,-0.0123685738,
1.8375,-0.0155561035,
1.83775,0.0002246631,
1.838,-0.0077785812,
1.83825,-0.0055317977,
1.8385,-0.0003502573,
1.83875,-0.0014434729,
1.839,-0.0021299862,
1.83925,-0.0089499019,
1.8395,-0.0134275891,
1.83975,0.0036753386,
1.84,0.0063936682,
1.84025,0.0033067227,
1.8405,0.0039157257,
1.84075,0.0163276475,
1.841,0.0143772746,
1.84125,0.0018733861,
1.8415,0.0067955470,
1.84175,0.0152421240,
1.842,0.0103319539,
1.84225,0.0036177351,
1.8425,-0.0008357108,
1.84275,-0.0112211034,
1.843,-0.0008388050,
1.84325,-0.0044052918,
1.8435,-0.0085491855,
1.84375,-0.0122603597,
1.844,-0.0067815380,
1.84425,0.0081263725,
1.8445,-0.0100212814,
1.84475,-0.0060521015,
1.845,-0.0061857766,
1.84525,0.0174724013,
1.8455,0.0168772582,
1.84575,0.0022759617,
1.846,-0.0054829707,
1.84625,-0.0009529006,
1.8465,-0.0051430464,
1.84675,-0.0074536796,
1.847,0.0005445037,
1.84725,0.0048865895,
1.8475,0.0055915532,
1.84775,0.0042994390,
1.848,0.0095613701,
1.84825,-0.0156854093,
1.8485,-0.0143175581,
1.84875,0.0070928684,
1.849,0.0003919106,
1.84925,-0.0105787152,
1.8495,-0.0108835017,
1.84975,0.0092776921,
1.85,0.0015764339,
1.85025,-0.0058826203,
1.8505,0.0148182772,
1.85075,0.0215275176,
1.851,0.0137715358,
1.85125,0.0021029047,
1.8515,0.0192704126,
1.85175,0.0158347487,
1.852,0.0143093541,
1.85225,0.0090749757,
1.8525,-0.0246569235,
1.85275,-0.0103520565,
1.853,0.0031752160,
1.85325,0.0055661453,
1.8535,0.0086438525,
1.85375,-0.0065815756,
1.854,0.0059851953,
1.85425,-0.0077267047,
1.8545,-0.0012498767,
1.85475,-0.0184532329,
1.855,0.0038302555,
1.85525,0.0081529785,
1.8555,-0.0011901163,
1.85575,0.0045209802,
1.856,0.0021738810,
1.85625,0.0056979060,
1.8565,-0.0017603470,
1.85675,0.0059613823,
1.857,0.0012913705,
1.85725,0.0075820079,
1.8575,-0.0104808630,
1.85775,0.0044362568,
1.858,0.0062060477,
1.85825,0.0033310587,
1.8585,-0.0072340393,
1.85875,0.0121609448,
1.859,-0.0052226200,
1.85925,-0.0091018975,
1.8595,0.0084179882,
1.85975,-0.0011730914,
1.86,0.0035117837,
1.86025,0.0039070663,
1.8605,0.0164351687,
1.86075,0.0133518521,
1.861,-0.0013367204,
1.86125,0.0062305378,
1.8615,0.0109609589,
1.86175,0.0193243362,
1.862,-0.0033737910,
1.86225,-0.0116470512,
1.8625,-0.0161039531,
1.86275,-0.0045739599,
1.863,-0.0163692106,
1.86325,-0.0044130245,
1.8635,-0.0031223278,
1.86375,-0.0000423296,
1.864,-0.0085269613,
1.86425,-0.0135723222,
1.8645,-0.0066262907,
1.86475,-0.0069774929,
1.865,0.0130685801,
1.86525,0.0126328282,
1.8655,0.0044641267,
1.86575,-0.0039430540,
1.866,0.0105924532,
1.86625,0.0006926226,
1.8665,0.0023022019,
1.86675,0.0000962804,
1.867,0.0091267210,
1.86725,0.0031469460,
1.8675,0.0022550335,
1.86775,-0.0090538803,
1.868,-0.0080408612,
1.86825,0.0046575572,
1.8685,0.0003811159,
1.86875,-0.0033455130,
1.869,-0.0037373754,
1.86925,-0.0070265327,
1.8695,0.0049005053,
1.86975,-0.0030347004,
1.87,-0.0089278156,
1.87025,0.0044063632,
1.8705,0.0124781812,
1.87075,0.0088086762,
1.871,-0.0068237623,
1.87125,0.0027196740,
1.8715,0.0161442738,
1.87175,0.0081806211,
1.872,-0.0110735726,
1.87225,-0.0150281359,
1.8725,-0.0018583540,
1.87275,-0.0047256071,
1.873,-0.0015945797,
1.87325,-0.0082167769,
1.8735,-0.0109401047,
1.87375,-0.0200936608,
1.874,-0.0184931811,
1.87425,-0.0005239011,
1.8745,-0.0335922390,
1.87475,-0.0087193018,
1.875,0.0105884019,
1.87525,0.0032022477,
1.8755,0.0016623096,
1.87575,0.0082901521,
1.876,0.0013173895,
1.87625,0.0049478193,
1.8765,-0.0046477984,
1.87675,0.0074890535,
1.877,0.0080014504,
1.87725,-0.0044148825,
1.8775,-0.0037070129,
1.87775,0.0069143805,
1.878,-0.0082909903,
1.87825,-0.0145400399,
1.8785,0.0051371586,
1.87875,-0.0127336886,
1.879,0.0007274761,
1.87925,-0.0087050637,
1.8795,0.0032579205,
1.87975,0.0012301910,
1.88,0.0057242666,
1.88025,0.0091226520,
1.8805,0.0114366403,
1.88075,0.0066667432,
1.881,0.0033259357,
1.88125,0.0130235236,
1.8815,0.0199682098,
1.88175,-0.0001027778,
1.882,-0.0122027183,
1.88225,-0.0139304437,
1.8825,0.0026885758,
1.88275,-0.0144069446,
1.883,0.0001261768,
1.88325,0.0058198953,
1.8835,-0.0003196586,
1.88375,-0.0114741120,
1.884,-0.0077784578,
1.88425,-0.0095478129,
1.8845,-0.0034695775,
1.88475,0.0168090463,
1.885,0.0182973277,
1.88525,0.0130837234,
1.8855,0.0125686405,
1.88575,0.0180525389,
1.886,0.0182274394,
1.88625,0.0070372373,
1.8865,-0.0040675262,
1.88675,0.0079459194,
1.887,-0.0027015870,
1.88725,-0.0076647857,
1.8875,-0.0103044929,
1.88775,0.0088602630,
1.888,0.0018056831,
1.88825,-0.0077720913,
1.8885,-0.0108916871,
1.88875,0.0088875582,
1.889,0.0035872711,
1.88925,0.0004322567,
1.8895,0.0097342217,
1.88975,-0.0027362066,
1.89,0.0054174843,
1.89025,0.0148653006,
1.8905,0.0181642696,
1.89075,0.0039029215,
1.891,0.0145665975,
1.89125,0.0279994905,
1.8915,0.0092066182,
1.89175,-0.0013593509,
1.892,0.0052898349,
1.89225,0.0102366088,
1.8925,-0.0016756083,
1.89275,-0.0028048428,
1.893,-0.0043556145,
1.89325,-0.0194569081,
1.8935,-0.0084901052,
1.89375,0.0050156564,
1.894,0.0066628256,
1.89425,-0.0160322692,
1.8945,0.0134245809,
1.89475,0.0104141645,
1.895,0.0183732640,
1.89525,0.0045240256,
1.8955,0.0107971765,
1.89575,0.0189912189,
1.896,0.0134772761,
1.89625,-0.0076327287,
1.8965,0.0142234992,
1.89675,0.0115082702,
1.897,-0.0000658786,
1.89725,-0.0147953443,
1.8975,0.0229073800,
1.89775,-0.0060376315,
1.898,-0.0104512163,
1.89825,-0.0057890099,
1.8985,-0.0037760322,
1.89875,0.0062873545,
1.899,-0.0055849422,
1.89925,0.0041316096,
1.8995,0.0053662118,
1.89975,0.0079424726,
1.9,-0.0005152912,
1.90025,0.0211592875,
1.9005,0.0080825994,
1.90075,0.0057431916,
1.901,0.0163897853,
1.90125,0.0122525813,
1.9015,0.0009236577,
1.90175,-0.0031868459,
1.902,-0.0042307042,
1.90225,0.0150630623,
1.9025,-0.0188311301,
1.90275,0.0051540188,
1.903,-0.0021224851,
1.90325,-0.0020633654,
1.9035,-0.0209059920,
1.90375,-0.0127933044,
1.904,-0.0057886546,
1.90425,-0.0012143664,
1.9045,0.0030687884,
1.90475,0.0085556777,
1.905,0.0018092121,
1.90525,0.0032645245,
1.9055,0.0095717246,
1.90575,0.0119242268,
1.906,-0.0047691260,
1.90625,-0.0044756299,
1.9065,0.0079427138,
1.90675,-0.0017546456,
1.907,-0.0134582436,
1.90725,-0.0091511607,
1.9075,0.0047466392,
1.90775,-0.0081024235,
1.908,-0.0240173098,
1.90825,-0.0252048373,
1.9085,0.0088544460,
1.90875,-0.0121201612,
1.909,-0.0067169135,
1.90925,-0.0097155999,
1.9095,-0.0064018285,
1.90975,-0.0028599845,
1.91,0.0051810122,
1.91025,0.0061451308,
1.9105,0.0020392532,
1.91075,-0.0078192148,
1.911,0.0079937316,
1.91125,0.0028113658,
1.9115,-0.0117269568,
1.91175,-0.0117785251,
1.912,-0.0109902546,
1.91225,-0.0297588632,
1.9125,-0.0234503634,
1.91275,-0.0195087511,
1.913,-0.0089078937,
1.91325,-0.0244890824,
1.9135,-0.0136813661,
1.91375,-0.0035775618,
1.914,-0.0324734189,
1.91425,0.0006309411,
1.9145,-0.0023586992,
1.91475,0.0027074001,
1.915,-0.0062676221,
1.91525,-0.0020123064,
1.9155,0.0146073084,
1.91575,0.0016751906,
1.916,-0.0158278793,
1.91625,-0.0063010231,
1.9165,0.0075518778,
1.91675,-0.0247439109,
1.917,-0.0204034243,
1.91725,0.0116776256,
1.9175,-0.0110967699,
1.91775,-0.0072881123,
1.918,-0.0288092121,
1.91825,-0.0045187688,
1.9185,-0.0153899565,
1.91875,-0.0056244116,
1.919,0.0012782910,
1.91925,0.0082414607,
1.9195,0.0000945419,
1.91975,-0.0061411271,
1.92,0.0119844284,
1.92025,0.0045208340,
1.9205,0.0007721026,
1.92075,0.0066836942,
1.921,-0.0004637222,
1.92125,-0.0037872593,
1.9215,-0.0124689974,
1.92175,0.0058105537,
1.922,-0.0002532581,
1.92225,-0.0194063578,
1.9225,0.0003607922,
1.92275,-0.0157951694,
1.923,-0.0276759751,
1.92325,-0.0287170969,
1.9235,-0.0167958848,
1.92375,0.0033867001,
1.924,0.0103853811,
1.92425,-0.0051884335,
1.9245,0.0159990061,
1.92475,0.0005261034,
1.925,0.0006928284,
1.92525,0.0130873509,
1.9255,0.0096724806,
1.92575,-0.0004856110,
1.926,-0.0084158108,
1.92625,0.0131213842,
1.9265,0.0046030064,
1.92675,-0.0161506906,
1.927,-0.0026302710,
1.92725,0.0127034467,
1.9275,0.0035922318,
1.92775,-0.0209662709,
1.928,-0.0162365437,
1.92825,0.0069527952,
1.9285,-0.0060670986,
1.92875,-0.0059406040,
1.929,-0.0022618242,
1.92925,0.0122153703,
1.9295,-0.0005311134,
1.92975,0.0013065123,
1.93,0.0092169158,
1.93025,0.0046170717,
1.9305,-0.0031054204,
1.93075,0.0127288159,
1.931,0.0138782756,
1.93125,-0.0005625712,
1.9315,-0.0076803896,
1.93175,-0.0139023410,
1.932,-0.0188687779,
1.93225,-0.0087176971,
1.9325,-0.0103312591,
1.93275,0.0056097154,
1.933,-0.0139151840,
1.93325,-0.0031486431,
1.9335,-0.0180530772,
1.93375,-0.0149115697,
1.934,-0.0023272601,
1.93425,-0.0030042033,
1.9345,0.0073333820,
1.93475,0.0026942571,
1.935,0.0051066596,
1.93525,0.0106461924,
1.9355,0.0121428072,
1.93575,-0.0100992201,
1.936,0.0011805750,
1.93625,0.0114822332,
1.9365,-0.0243854038,
1.93675,-0.0040954868,
1.937,0.0094149066,
1.93725,-0.0008554575,
1.9375,-0.0070158755,
1.93775,-0.0297063142,
1.938,-0.0086566880,
1.93825,-0.0194755755,
1.9385,-0.0002126506,
1.93875,-0.0015653787,
1.939,0.0038768209,
1.93925,0.0014692021,
1.9395,0.0029159724,
1.93975,0.0053391517,
1.94,0.0148776881,
1.94025,0.0037157291,
1.9405,0.0058406498,
1.94075,0.0080088293,
1.941,0.0019395434,
1.94125,-0.0052184192,
1.9415,0.0033090245,
1.94175,-0.0094991988,
1.942,-0.0107405726,
1.94225,-0.0215387829,
1.9425,-0.0121847969,
1.94275,-0.0174376201,
1.943,-0.0228798687,
1.94325,-0.0125566954,
1.9435,0.0065663168,
1.94375,0.0088620046,
1.944,-0.0042054425,
1.94425,0.0071276161,
1.9445,0.0071323877,
1.94475,0.0027851122,
1.945,0.0146243181,
1.94525,0.0095083220,
1.9455,0.0011370736,
1.94575,-0.0023102332,
1.946,0.0105354199,
1.94625,0.0053551383,
1.9465,-0.0064307973,
1.94675,-0.0087433588,
1.947,0.0119526926,
1.94725,0.0032880581,
1.9475,-0.0158913359,
1.94775,-0.0198943578,
1.948,0.0023845697,
1.94825,0.0071859155,
1.9485,-0.0099439817,
1.94875,0.0036888923,
1.949,0.0205980986,
1.94925,-0.0071373698,
1.9495,-0.0011960100,
1.94975,0.0084938379,
1.95,0.0102362595,
1.95025,0.0064207749,
1.9505,0.0053315945,
1.95075,0.0174373966,
1.951,-0.0075683407,
1.95125,-0.0151114929,
1.9515,-0.0084945178,
1.95175,-0.0021282504,
1.952,-0.0183319524,
1.95225,-0.0122361071,
1.9525,0.0044101900,
1.95275,0.0001658211,
1.953,-0.0307910610,
1.95325,-0.0228488166,
1.9535,0.0096691120,
1.95375,-0.0108342096,
1.954,0.0026181259,
1.95425,0.0052607246,
1.9545,0.0070189815,
1.95475,0.0058400421,
1.955,0.0105171017,
1.95525,0.0113337710,
1.9555,-0.0079056090,
1.95575,0.0041791117,
1.956,0.0179199651,
1.95625,-0.0117886076,
1.9565,0.0126167396,
1.95675,0.0129387230,
1.957,0.0138387140,
1.95725,0.0013509102,
1.9575,-0.0088643767,
1.95775,0.0005053069,
1.958,0.0130327614,
1.95825,0.0002721882,
1.9585,0.0021288190,
1.95875,0.0058111288,
1.959,0.0085236803,
1.95925,0.0041192146,
1.9595,0.0052938415,
1.95975,0.0227877386,
1.96,0.0149078611,
1.96025,0.0079358723,
1.9605,0.0226549786,
1.96075,0.0041607907,
1.961,0.0091796862,
1.96125,-0.0016734708,
1.9615,-0.0027666066,
1.96175,-0.0083100041,
1.962,-0.0147127258,
1.96225,0.0093020052,
1.9625,0.0094256103,
1.96275,-0.0126453619,
1.963,-0.0105837816,
1.96325,0.0229929853,
1.9635,0.0051820879,
1.96375,0.0012075520,
1.964,0.0046988134,
1.96425,0.0213388707,
1.9645,0.0081093265,
1.96475,0.0168013275,
1.965,0.0158007890,
1.96525,0.0163964294,
1.9655,0.0131667387,
1.96575,0.0124461595,
1.966,0.0195536278,
1.96625,0.0105682118,
1.9665,0.0019355672,
1.96675,0.0276704319,
1.967,0.0081604151,
1.96725,-0.0090086916,
1.9675,-0.0078132981,
1.96775,0.0209633745,
1.968,0.0161374155,
1.96825,-0.0062648118,
1.9685,0.0132456617,
1.96875,0.0194158945,
1.969,0.0056106574,
1.96925,0.0045739589,
1.9695,0.0152118215,
1.96975,0.0177004039,
1.97,0.0150974728,
1.97025,0.0095983734,
1.9705,0.0048390892,
1.97075,-0.0022143694,
1.971,-0.0139346793,
1.97125,0.0112748388,
1.9715,0.0146871535,
1.97175,-0.0094577195,
1.972,0.0020728300,
1.97225,-0.0070838798,
1.9725,0.0018375975,
1.97275,-0.0254350994,
1.973,-0.0023547758,
1.97325,0.0177651998,
1.9735,0.0083424095,
1.97375,0.0109860711,
1.974,0.0117555782,
1.97425,0.0231411718,
1.9745,0.0129977250,
1.97475,0.0112522524,
1.975,0.0278389808,
1.97525,-0.0009644348,
1.9755,-0.0014675108,
1.97575,0.0160198249,
1.976,0.0048115915,
1.97625,0.0092977034,
1.9765,0.0100608766,
1.97675,0.0169644225,
1.977,-0.0083253533,
1.97725,-0.0026947241,
1.9775,0.0051721842,
1.97775,0.0105435066,
1.978,-0.0087153353,
1.97825,0.0026106250,
1.9785,0.0073189563,
1.97875,0.0136378976,
1.979,-0.0001032842,
1.97925,0.0078049484,
1.9795,0.0147523787,
1.97975,0.0169432368,
1.98,0.0030563781,
1.98025,0.0051620328,
1.9805,0.0023002669,
1.98075,0.0039504496,
1.981,0.0008376341,
1.98125,0.0053936527,
1.9815,-0.0003571612,
1.98175,0.0004872138,
1.982,-0.0014956550,
1.98225,0.0063471124,
1.9825,-0.0178948641,
1.98275,-0.0093591232,
1.983,0.0092167500,
1.98325,0.0126130041,
1.9835,0.0044323374,
1.98375,0.0071604233,
1.984,0.0115728090,
1.98425,0.0028563768,
1.9845,0.0089819869,
1.98475,0.0050522615,
1.985,0.0117799165,
1.98525,0.0008534858,
1.9855,-0.0008196535,
1.98575,-0.0005884746,
1.986,0.0096621187,
1.98625,0.0020769031,
1.9865,0.0103020500,
1.98675,0.0050829062,
1.987,-0.0115407538,
1.98725,-0.0092789046,
1.9875,0.0100725070,
1.98775,0.0052573625,
1.988,-0.0084063048,
1.98825,-0.0036499551,
1.9885,0.0054138615,
1.98875,0.0016380113,
1.989,-0.0056711934,
1.98925,0.0045223176,
1.9895,0.0150061315,
1.98975,0.0051947539,
1.99,-0.0022493836,
1.99025,0.0044850376,
1.9905,-0.0050648628,
1.99075,-0.0183641016,
1.991,0.0108087044,
1.99125,0.0009793092,
1.9915,-0.0152654834,
1.99175,-0.0187057164,
1.992,-0.0070089744,
1.99225,-0.0028469958,
1.9925,-0.0261436775,
1.99275,-0.0103870174,
1.993,0.0227371026,
1.99325,0.0078312410,
1.9935,-0.0019747522,
1.99375,0.0120081734,
1.994,0.0112526724,
1.99425,0.0021119507,
1.9945,0.0006579479,
1.99475,0.0130646871,
1.995,-0.0104103032,
1.99525,-0.0020434558,
1.9955,0.0013606570,
1.99575,0.0028454028,
1.996,0.0018503367,
1.99625,0.0015382550,
1.9965,0.0054024737,
1.99675,-0.0073503777,
1.997,-0.0053525530,
1.99725,-0.0034813059,
1.9975,-0.0025730908,
1.99775,-0.0014853163,
1.998,-0.0012850376,
1.99825,0.0042755478,
1.9985,0.0112864086,
1.99875,0.0034377843,
1.999,0.0050166352,
1.99925,0.0104820784,
1.9995,0.0184038747,
1.99975,0.0066111097,
2,0.0046325019,
2.00025,-0.0017166183,
2.0005,0.0090772780,
2.00075,-0.0039925268,
2.001,0.0040991288,
2.00125,-0.0027866112,
2.0015,-0.0080065150,
2.00175,-0.0014364808,
2.002,-0.0020411513,
2.00225,-0.0306184329,
2.0025,-0.0068418710,
2.00275,0.0033544828,
2.003,0.0178756509,
2.00325,0.0053450228,
2.0035,0.0119518675,
2.00375,-0.0020630967,
2.004,0.0076616439,
2.00425,-0.0050314427,
2.0045,0.0028521689,
2.00475,0.0066876882,
2.005,0.0014213880,
2.00525,-0.0076778275,
2.0055,0.0029842551,
2.00575,0.0143299066,
2.006,-0.0041374243,
2.00625,0.0014901701,
2.0065,-0.0010482387,
2.00675,-0.0015213750,
2.007,-0.0077982415,
2.00725,-0.0001410001,
2.0075,-0.0014949741,
2.00775,-0.0063261660,
2.008,-0.0014249959,
2.00825,0.0117494920,
2.0085,0.0048800819,
2.00875,0.0035446747,
2.009,0.0070721069,
2.00925,0.0250130706,
2.0095,0.0098275151,
2.00975,0.0051802462,
2.01,0.0109042497,
2.01025,-0.0176263619,
2.0105,-0.0008965060,
2.01075,0.0069159754,
2.011,-0.0037048324,
2.01125,-0.0157928132,
2.0115,-0.0164458118,
2.01175,-0.0005948982,
2.012,-0.0003151945,
2.01225,-0.0170052536,
2.0125,-0.0064500375,
2.01275,0.0213778298,
2.013,-0.0052335430,
2.01325,0.0022313809,
2.0135,0.0038401214,
2.01375,0.0098124901,
2.014,0.0001977336,
2.01425,-0.0143811330,
2.0145,-0.0004538428,
2.01475,-0.0145064052,
2.015,-0.0104044927,
2.01525,-0.0101431133,
2.0155,0.0008512004,
2.01575,-0.0003819274,
2.016,-0.0131836804,
2.01625,-0.0101266382,
2.0165,-0.0006138859,
2.01675,-0.0119483704,
2.017,-0.0109172408,
2.01725,-0.0047394019,
2.0175,-0.0114589427,
2.01775,-0.0015742598,
2.018,-0.0034664772,
2.01825,0.0112715634,
2.0185,0.0007387291,
2.01875,-0.0087747388,
2.019,0.0025347881,
2.01925,-0.0025770813,
2.0195,-0.0007543043,
2.01975,-0.0065155448,
2.02,-0.0182028282,
2.02025,-0.0054686638,
2.0205,-0.0069939340,
2.02075,-0.0132895736,
2.021,-0.0044164546,
2.02125,-0.0126332343,
2.0215,-0.0080332085,
2.02175,-0.0241765194,
2.022,-0.0307118930,
2.02225,-0.0122482060,
2.0225,-0.0068973918,
2.02275,0.0071159787,
2.023,0.0015734488,
2.02325,-0.0111157997,
2.0235,-0.0106466152,
2.02375,-0.0034582685,
2.024,-0.0183294360,
2.02425,-0.0088342763,
2.0245,-0.0097625758,
2.02475,0.0004020697,
2.025,-0.0266031884,
2.02525,-0.0068690591,
2.0255,-0.0043574106,
2.02575,-0.0336179957,
2.026,-0.0134276515,
2.02625,-0.0138990870,
2.0265,-0.0086726667,
2.02675,-0.0125359455,
2.027,-0.0085885534,
2.02725,-0.0121321026,
2.0275,-0.0164149273,
2.02775,-0.0126499217,
2.028,-0.0031307258,
2.02825,0.0001997887,
2.0285,-0.0160761587,
2.02875,-0.0101161711,
2.029,0.0117565114,
2.02925,0.0065814005,
2.0295,-0.0022005630,
2.02975,-0.0221735630,
2.03,-0.0172649082,
2.03025,-0.0073052063,
2.0305,-0.0060159061,
2.03075,-0.0071128784,
2.031,-0.0194626860,
2.03125,-0.0099948402,
2.0315,-0.0140736904,
2.03175,-0.0111560747,
2.032,-0.0187168717,
2.03225,-0.0130995978,
2.0325,0.0043460433,
2.03275,-0.0010759786,
2.033,-0.0069181435,
2.03325,-0.0032671769,
2.0335,0.0036963904,
2.03375,-0.0192898493,
2.034,-0.0071632704,
2.03425,-0.0058515887,
2.0345,-0.0074741282,
2.03475,-0.0111688757,
2.035,-0.0075894501,
2.03525,0.0045470409,
2.0355,-0.0008556773,
2.03575,-0.0099688629,
2.036,-0.0138644427,
2.03625,-0.0033262998,
2.0365,-0.0136320842,
2.03675,-0.0013541242,
2.037,-0.0020552557,
2.03725,0.0005241642,
2.0375,-0.0007817898,
2.03775,0.0037074625,
2.038,0.0034851902,
2.03825,0.0005061912,
2.0385,-0.0082746325,
2.03875,0.0027452353,
2.039,0.0098822713,
2.03925,0.0026992504,
2.0395,-0.0059697535,
2.03975,-0.0104321083,
2.04,0.0061081913,
2.04025,-0.0063419463,
2.0405,-0.0055389889,
2.04075,0.0026860202,
2.041,-0.0061460715,
2.04125,-0.0157361608,
2.0415,-0.0294368360,
2.04175,-0.0024401771,
2.042,0.0017592479,
2.04225,0.0031335233,
2.0425,0.0134655843,
2.04275,0.0149705186,
2.043,-0.0029104294,
2.04325,0.0151234362,
2.0435,0.0075328578,
2.04375,0.0026103503,
2.044,0.0043551028,
2.04425,0.0075935661,
2.0445,0.0042389235,
2.04475,-0.0129430266,
2.045,0.0002664897,
2.04525,-0.0055782958,
2.0455,0.0000565923,
2.04575,-0.0035988269,
2.046,0.0022882761,
2.04625,0.0055538439,
2.0465,0.0080615105,
2.04675,-0.0004071032,
2.047,0.0058427351,
2.04725,0.0066194432,
2.0475,0.0025440180,
2.04775,0.0130913202,
2.048,0.0131711625,
2.04825,0.0034465087,
2.0485,0.0013546493,
2.04875,0.0231553223,
2.049,0.0159720462,
2.04925,0.0085568577,
2.0495,-0.0082736816,
2.04975,-0.0026560647,
2.05,0.0107844379,
2.05025,0.0066751610,
2.0505,-0.0035313498,
2.05075,-0.0041847927,
2.051,0.0033403630,
2.05125,-0.0118667344,
2.0515,0.0019279709,
2.05175,0.0005752046,
2.052,-0.0002883523,
2.05225,0.0116183246,
2.0525,0.0079322383,
2.05275,0.0033806809,
2.053,0.0058011618,
2.05325,0.0051799081,
2.0535,0.0057137986,
2.05375,0.0014929136,
2.054,-0.0073365360,
2.05425,0.0096678957,
2.0545,-0.0081100492,
2.05475,-0.0056974818,
2.055,0.0066208206,
2.05525,0.0007878402,
2.0555,-0.0125285564,
2.05575,-0.0028563235,
2.056,-0.0061428510,
2.05625,0.0020326835,
2.0565,-0.0059586018,
2.05675,0.0017542712,
2.057,0.0091740107,
2.05725,-0.0038651822,
2.0575,0.0011267891,
2.05775,-0.0014432399,
2.058,-0.0006655772,
2.05825,0.0025185458,
2.0585,-0.0005455698,
2.05875,0.0161521230,
2.059,0.0061761905,
2.05925,-0.0081304517,
2.0595,-0.0037862305,
2.05975,0.0062538893,
2.06,-0.0082045114,
2.06025,-0.0115897171,
2.0605,0.0040571317,
2.06075,0.0049866531,
2.061,-0.0168202631,
2.06125,-0.0133416001,
2.0615,0.0030778339,
2.06175,0.0002030226,
2.062,0.0113099087,
2.06225,0.0022526220,
2.0625,0.0089663714,
2.06275,0.0049014222,
2.063,0.0046364516,
2.06325,0.0090767713,
2.0635,0.0040793493,
2.06375,-0.0160551127,
2.064,0.0081740431,
2.06425,-0.0142655419,
2.0645,-0.0104042385,
2.06475,-0.0179483294,
2.065,0.0016732671,
2.06525,0.0073598437,
2.0655,-0.0263094157,
2.06575,-0.0168012064,
2.066,-0.0059083831,
2.06625,-0.0007733645,
2.0665,-0.0085652135,
2.06675,-0.0054631950,
2.067,0.0021008982,
2.06725,-0.0047389050,
2.0675,-0.0043353131,
2.06775,0.0139029361,
2.068,0.0001775624,
2.06825,-0.0022021125,
2.0685,0.0132882791,
2.06875,0.0108008534,
2.069,0.0031529777,
2.06925,-0.0168271773,
2.0695,0.0023449794,
2.06975,0.0081233205,
2.07,-0.0198264401,
2.07025,-0.0108192451,
2.0705,-0.0041140993,
2.07075,-0.0027806417,
2.071,-0.0147420224,
2.07125,-0.0022048843,
2.0715,-0.0068649063,
2.07175,0.0076463534,
2.072,0.0028562325,
2.07225,0.0099575482,
2.0725,-0.0009016005,
2.07275,-0.0021875193,
2.073,0.0130672762,
2.07325,0.0129264537,
2.0735,-0.0061012572,
2.07375,0.0008607074,
2.074,0.0082258508,
2.07425,-0.0067194086,
2.0745,-0.0208948348,
2.07475,0.0027807336,
2.075,0.0063713775,
2.07525,-0.0195497908,
2.0755,-0.0041097272,
2.07575,-0.0185812917,
2.076,0.0084818890,
2.07625,-0.0095613440,
2.0765,0.0041910708,
2.07675,0.0085352967,
2.077,0.0074713705,
2.07725,0.0013178563,
2.0775,0.0064151883,
2.07775,0.0103388336,
2.078,0.0119133061,
2.07825,-0.0003043428,
2.0785,0.0187968742,
2.07875,0.0125688650,
2.079,-0.0067787133,
2.07925,0.0046328334,
2.0795,0.0258612074,
2.07975,-0.0057978211,
2.08,-0.0068246024,
2.08025,0.0079597523,
2.0805,0.0111518661,
2.08075,-0.0109796319,
2.081,-0.0154418414,
2.08125,0.0141578680,
2.0815,0.0042194808,
2.08175,0.0140329264,
2.082,0.0073504979,
2.08225,0.0215259902,
2.0825,0.0145303654,
2.08275,0.0113351913,
2.083,0.0183708761,
2.08325,0.0065899640,
2.0835,-0.0062138503,
2.08375,0.0113806361,
2.084,-0.0006523895,
2.08425,-0.0063256924,
2.0845,-0.0126676830,
2.08475,0.0167381968,
2.085,0.0084968992,
2.08525,-0.0118136974,
2.0855,-0.0065826671,
2.08575,0.0143506788,
2.086,0.0077590030,
2.08625,0.0035556136,
2.0865,0.0060078008,
2.08675,0.0177981295,
2.087,0.0077708345,
2.08725,0.0059399791,
2.0875,0.0194223691,
2.08775,0.0138999224,
2.088,0.0054097599,
2.08825,0.0116124041,
2.0885,0.0210619532,
2.08875,0.0108179636,
2.089,-0.0086872615,
2.08925,0.0227721408,
2.0895,-0.0010025604,
2.08975,-0.0141155738,
2.09,0.0028319831,
2.09025,0.0071056001,
2.0905,0.0123822521,
2.09075,-0.0165709537,
2.091,0.0030860365,
2.09125,0.0028987254,
2.0915,0.0108161028,
2.09175,-0.0063298671,
2.092,0.0086684162,
2.09225,0.0175731983,
2.0925,0.0063669514,
2.09275,0.0175985806,
2.093,0.0225447528,
2.09325,0.0040914034,
2.0935,-0.0009496402,
2.09375,0.0182651095,
2.094,-0.0042962749,
2.09425,-0.0252348594,
2.0945,0.0051835803,
2.09475,0.0018844906,
2.095,-0.0003101832,
2.09525,-0.0083635459,
2.0955,0.0019425615,
2.09575,0.0140416697,
2.096,-0.0072688540,
2.09625,0.0181203391,
2.0965,0.0141347628,
2.09675,0.0130723398,
2.097,0.0001012923,
2.09725,0.0110154990,
2.0975,0.0162413865,
2.09775,0.0145373791,
2.098,0.0119939297,
2.09825,0.0195623562,
2.0985,0.0004655609,
2.09875,-0.0032508196,
2.099,0.0062118033,
2.09925,0.0174101498,
2.0995,-0.0196553990,
2.09975,-0.0056936145,
2.1,-0.0056133000,
2.10025,-0.0063272524,
2.1005,-0.0312320814,
2.10075,-0.0163254216,
2.101,0.0067921188,
2.10125,0.0140038515,
2.1015,0.0081923837,
2.10175,0.0093640052,
2.102,0.0165606774,
2.10225,0.0035381406,
2.1025,0.0073028374,
2.10275,0.0100490125,
2.103,0.0024630523,
2.10325,-0.0128752571,
2.1035,-0.0001721738,
2.10375,0.0037786919,
2.104,-0.0112121329,
2.10425,-0.0132027697,
2.1045,0.0073303604,
2.10475,0.0046374667,
2.105,-0.0048898929,
2.10525,-0.0225937031,
2.1055,0.0067399796,
2.10575,0.0081395404,
2.106,-0.0040736138,
2.10625,0.0036973762,
2.1065,0.0184920449,
2.10675,0.0064553022,
2.107,0.0009432608,
2.10725,0.0133823184,
2.1075,0.0121845920,
2.10775,-0.0054320232,
2.108,-0.0011609138,
2.10825,0.0166669674,
2.1085,-0.0104412260,
2.10875,-0.0118705444,
2.109,-0.0020210193,
2.10925,-0.0163895432,
2.1095,-0.0214954875,
2.10975,-0.0215646699,
2.11,0.0089207673,
2.11025,-0.0024610097,
2.1105,-0.0156792253,
2.11075,-0.0201985538,
2.111,-0.0083954893,
2.11125,-0.0053480174,
2.1115,-0.0240812935,
2.11175,0.0079962295,
2.112,0.0062370542,
2.11225,-0.0003413577,
2.1125,0.0048840367,
2.11275,0.0055226013,
2.113,-0.0220496040,
2.11325,-0.0069168066,
2.1135,0.0000236801,
2.11375,-0.0158004630,
2.114,-0.0223815721,
2.11425,0.0098900069,
2.1145,-0.0016805518,
2.11475,-0.0048149964,
2.115,-0.0210652202,
2.11525,-0.0021158974,
2.1155,0.0049167722,
2.11575,0.0006452440,
2.116,0.0024737625,
2.11625,0.0009064433,
2.1165,0.0009024425,
2.11675,-0.0016925719,
2.117,-0.0008173676,
2.11725,0.0075088092,
2.1175,0.0120240021,
2.11775,-0.0017510268,
2.118,0.0042519467,
2.11825,0.0002897905,
2.1185,-0.0100362813,
2.11875,0.0071223197,
2.119,-0.0059852800,
2.11925,-0.0213534869,
2.1195,-0.0265114084,
2.11975,-0.0161898956,
2.12,-0.0060087293,
2.12025,-0.0284013450,
2.1205,-0.0185664892,
2.12075,-0.0024504154,
2.121,0.0169491898,
2.12125,-0.0048945080,
2.1215,0.0060021346,
2.12175,0.0016682991,
2.122,0.0024013957,
2.12225,0.0054436075,
2.1225,0.0035867728,
2.12275,0.0019642836,
2.123,0.0011963119,
2.12325,0.0010837717,
2.1235,0.0112946983,
2.12375,-0.0012164669,
2.124,-0.0119781857,
2.12425,0.0113634709,
2.1245,0.0081049986,
2.12475,-0.0084525486,
2.125,-0.0172707420,
2.12525,0.0049887900,
2.1255,0.0129797040,
2.12575,-0.0040800511,
2.126,0.0039948504,
2.12625,0.0202132277,
2.1265,0.0053613284,
2.12675,-0.0056300135,
2.127,0.0129424017,
2.12725,0.0132688116,
2.1275,0.0018517132,
2.12775,0.0115890969,
2.128,0.0039529298,
2.12825,-0.0145466626,
2.1285,-0.0057670758,
2.12875,-0.0104675209,
2.129,0.0020939831,
2.12925,-0.0132982042,
2.1295,-0.0130955353,
2.12975,0.0074412199,
2.13,-0.0121649355,
2.13025,-0.0111035109,
2.1305,-0.0359030031,
2.13075,0.0013787193,
2.131,-0.0093139540,
2.13125,-0.0113374330,
2.1315,0.0084288456,
2.13175,0.0119227786,
2.132,0.0001343425,
2.13225,0.0046968479,
2.1325,-0.0012155788,
2.13275,-0.0059838705,
2.133,-0.0088250861,
2.13325,-0.0106510874,
2.1335,-0.0112455934,
2.13375,-0.0063051274,
2.134,0.0040352023,
2.13425,-0.0064396448,
2.1345,0.0015737234,
2.13475,-0.0104058152,
2.135,-0.0040045921,
2.13525,0.0093959626,
2.1355,0.0026402008,
2.13575,-0.0053935461,
2.136,0.0102822715,
2.13625,0.0087592276,
2.1365,0.0026431654,
2.13675,-0.0003330873,
2.137,0.0094106710,
2.13725,0.0155701041,
2.1375,-0.0009804986,
2.13775,0.0019350522,
2.138,-0.0083016623,
2.13825,-0.0145900296,
2.1385,0.0017096795,
2.13875,-0.0230974294,
2.139,-0.0210352633,
2.13925,-0.0240051486,
2.1395,-0.0080265440,
2.13975,-0.0096079558,
2.14,-0.0213160254,
2.14025,-0.0285659842,
2.1405,0.0053533912,
2.14075,0.0029569073,
2.141,0.0012401089,
2.14125,-0.0118056955,
2.1415,-0.0066274097,
2.14175,0.0073130187,
2.142,-0.0065270104,
2.14225,0.0082516959,
2.1425,-0.0026243031,
2.14275,0.0000540110,
2.143,-0.0027755615,
2.14325,0.0015963877,
2.1435,-0.0132456366,
2.14375,-0.0198674574,
2.144,-0.0045153177,
2.14425,0.0060761119,
2.1445,-0.0129838660,
2.14475,-0.0201920439,
2.145,0.0050473814,
2.14525,0.0085590044,
2.1455,-0.0077445577,
2.14575,-0.0082660588,
2.146,0.0075620371,
2.14625,0.0080896160,
2.1465,-0.0168195292,
2.14675,-0.0017252710,
2.147,0.0077402722,
2.14725,-0.0003121846,
2.1475,0.0091476915,
2.14775,-0.0208530296,
2.148,-0.0227123480,
2.14825,-0.0074749994,
2.1485,-0.0106795784,
2.14875,0.0135615896,
2.149,-0.0135509875,
2.14925,-0.0111202626,
2.1495,-0.0137623502,
2.14975,-0.0247280486,
2.15,-0.0277387630,
2.15025,-0.0337294079,
2.1505,0.0074277394,
2.15075,-0.0042683925,
2.151,-0.0023791727,
2.15125,0.0091261314,
2.1515,0.0167311952,
2.15175,0.0006895203,
2.152,0.0118038813,
2.15225,0.0087376703,
2.1525,0.0011648233,
2.15275,-0.0045094662,
2.153,-0.0107218707,
2.15325,-0.0001161607,
2.1535,0.0059614102,
2.15375,-0.0111315176,
2.154,0.0101187937,
2.15425,-0.0071511427,
2.1545,-0.0042612804,
2.15475,0.0013950224,
2.155,0.0059760846,
2.15525,0.0006864325,
2.1555,-0.0030240840,
2.15575,0.0066090371,
2.156,0.0101239830,
2.15625,0.0026174034,
2.1565,0.0017316970,
2.15675,0.0065449015,
2.157,0.0244998448,
2.15725,0.0060973600,
2.1575,-0.0051357653,
2.15775,-0.0030268962,
2.158,-0.0042901039,
2.15825,-0.0022201797,
2.1585,-0.0018880115,
2.15875,0.0046234499,
2.159,0.0018182818,
2.15925,-0.0027517527,
2.1595,-0.0008412349,
2.15975,-0.0135205053,
2.16,-0.0213495623,
2.16025,0.0137909707,
2.1605,0.0176501572,
2.16075,0.0124877496,
2.161,0.0095009645,
2.16125,0.0194650311,
2.1615,0.0169905312,
2.16175,0.0086521721,
2.162,0.0135601405,
2.16225,0.0174680669,
2.1625,0.0043327757,
2.16275,0.0108304769,
2.163,-0.0031378008,
2.16325,-0.0053709564,
2.1635,0.0132820904,
2.16375,0.0061725727,
2.164,0.0109719988,
2.16425,-0.0002063484,
2.1645,0.0013977324,
2.16475,0.0132609233,
2.165,0.0135292597,
2.16525,0.0015751204,
2.1655,-0.0011412522,
2.16575,0.0156163685,
2.166,0.0055694226,
2.16625,-0.0064835283,
2.1665,0.0052202521,
2.16675,0.0237697698,
2.167,0.0193952061,
2.16725,0.0086020138,
2.1675,-0.0014189358,
2.16775,0.0040236092,
2.168,0.0074000079,
2.16825,0.0001978746,
2.1685,0.0099224215,
2.16875,-0.0056370343,
2.169,-0.0178212486,
2.16925,-0.0144475717,
2.1695,-0.0034430625,
2.16975,-0.0212208144,
2.17,-0.0228684656,
2.17025,0.0135788312,
2.1705,0.0167749655,
2.17075,0.0050039468,
2.171,0.0056918920,
2.17125,0.0172055215,
2.1715,0.0111492388,
2.17175,0.0010465012,
2.172,0.0074830325,
2.17225,0.0112693440,
2.1725,-0.0002755343,
2.17275,-0.0098478664,
2.173,0.0019261719,
2.17325,0.0164835192,
2.1735,-0.0172312073,
2.17375,0.0104053495,
2.174,-0.0063645323,
2.17425,-0.0051262798,
2.1745,0.0004366926,
2.17475,0.0006928056,
2.175,-0.0017462680,
2.17525,0.0026312049,
2.1755,0.0051679583,
2.17575,0.0080966931,
2.176,0.0040761488,
2.17625,-0.0076917270,
2.1765,0.0064420765,
2.17675,0.0168937333,
2.177,0.0021211230,
2.17725,0.0000270087,
2.1775,-0.0109058041,
2.17775,0.0000724255,
2.178,-0.0010941551,
2.17825,0.0035526382,
2.1785,0.0054887813,
2.17875,0.0029850344,
2.179,-0.0076914090,
2.17925,-0.0083812224,
2.1795,-0.0272552595,
2.17975,-0.0253177136,
2.18,-0.0003434455,
2.18025,0.0087472741,
2.1805,0.0138170887,
2.18075,0.0048968466,
2.181,0.0045732087,
2.18125,0.0170244444,
2.1815,0.0098937266,
2.18175,-0.0039443062,
2.182,0.0079336343,
2.18225,0.0062113446,
2.1825,-0.0050124256,
2.18275,-0.0144537482,
2.183,0.0057048933,
2.18325,0.0087556168,
2.1835,-0.0068809176,
2.18375,-0.0107849715,
2.184,-0.0009896667,
2.18425,0.0081870882,
2.1845,0.0001959565,
2.18475,0.0036271338,
2.185,-0.0104550011,
2.18525,-0.0129662436,
2.1855,0.0069302823,
2.18575,0.0070135384,
2.186,0.0024093366,
2.18625,-0.0073056477,
2.1865,0.0116981566,
2.18675,0.0141181741,
2.187,-0.0077869594,
2.18725,0.0060993535,
2.1875,0.0012928161,
2.18775,0.0005068296,
2.188,-0.0023360227,
2.18825,-0.0025065909,
2.1885,-0.0169223249,
2.18875,-0.0232222024,
2.189,-0.0141334068,
2.18925,0.0039501693,
2.1895,-0.0261185952,
2.18975,-0.0200567599,
2.19,0.0163899641,
2.19025,0.0081780199,
2.1905,0.0108231660,
2.19075,-0.0015260902,
2.191,0.0270793680,
2.19125,0.0157182962,
2.1915,-0.0071202535,
2.19175,0.0089909518,
2.192,0.0082019400,
2.19225,0.0050478773,
2.1925,-0.0091269603,
2.19275,0.0053392253,
2.193,0.0126305558,
2.19325,-0.0181392655,
2.1935,-0.0044620950,
2.19375,-0.0147996694,
2.194,0.0045781955,
2.19425,-0.0052920594,
2.1945,0.0065607200,
2.19475,0.0072343843,
2.195,0.0135876751,
2.19525,0.0006249759,
2.1955,0.0148084555,
2.19575,0.0177071821,
2.196,-0.0021525968,
2.19625,0.0059245350,
2.1965,0.0066657104,
2.19675,0.0030541082,
2.197,0.0002754351,
2.19725,-0.0111743566,
2.1975,0.0173223857,
2.19775,0.0007664115,
2.198,0.0068566338,
2.19825,0.0134497005,
2.1985,-0.0029450399,
2.19875,-0.0094826855,
2.199,-0.0187441111,
2.19925,-0.0199400932,
2.1995,-0.0083540743,
2.19975,-0.0026926263,
2.2,0.0110111469,
2.20025,0.0157375671,
2.2005,0.0055816816,
2.20075,0.0137885083,
2.201,0.0210407302,
2.20125,0.0088075371,
2.2015,-0.0015583892,
2.20175,0.0099092238,
2.202,0.0187668279,
2.20225,-0.0078803776,
2.2025,-0.0090619307,
2.20275,0.0117197428,
2.203,-0.0014330305,
2.20325,-0.0010560455,
2.2035,-0.0196079742,
2.20375,0.0100335535,
2.204,0.0054643881,
2.20425,0.0048780516,
2.2045,0.0026835939,
2.20475,-0.0056601679,
2.205,0.0022970536,
2.20525,0.0055267666,
2.2055,0.0174651965,
2.20575,0.0027062572,
2.206,-0.0129073560,
2.20625,0.0055805170,
2.2065,0.0179602373,
2.20675,-0.0008368868,
2.207,-0.0013901289,
2.20725,-0.0058624684,
2.2075,-0.0050987042,
2.20775,-0.0065320521,
2.208,-0.0019091474,
2.20825,-0.0122435251,
2.2085,-0.0116969012,
2.20875,-0.0142900534,
2.209,0.0045910534,
2.20925,-0.0248141177,
2.2095,-0.0014675930,
2.20975,0.0059518456,
2.21,0.0091699772,
2.21025,0.0102948118,
2.2105,-0.0012606074,
2.21075,0.0211315956,
2.211,0.0085030561,
2.21125,-0.0027280557,
2.2115,0.0003152205,
2.21175,0.0062304242,
2.212,0.0065121967,
2.21225,-0.0181202199,
2.2125,0.0083295703,
2.21275,0.0056867469,
2.213,-0.0050934954,
2.21325,-0.0161599573,
2.2135,-0.0136769330,
2.21375,-0.0056982487,
2.214,-0.0064603863,
2.21425,-0.0016725783,
2.2145,0.0052954759,
2.21475,0.0053411247,
2.215,-0.0075397938,
2.21525,0.0037290484,
2.2155,0.0004921074,
2.21575,-0.0076535572,
2.216,-0.0057807588,
2.21625,-0.0002788353,
2.2165,0.0010875009,
2.21675,-0.0047149239,
2.217,-0.0090360446,
2.21725,0.0067320233,
2.2175,-0.0098706307,
2.21775,-0.0039318940,
2.218,-0.0092459805,
2.21825,-0.0161418747,
2.2185,-0.0263578240,
2.21875,-0.0387393758,
2.219,-0.0101165418,
2.21925,0.0038218535,
2.2195,-0.0107958596,
2.21975,0.0006969083,
2.22,0.0063029961,
2.22025,-0.0046574031,
2.2205,0.0108787464,
2.22075,0.0121417865,
2.221,0.0050923247,
2.22125,-0.0078303982,
2.2215,-0.0037667728,
2.22175,0.0124475658,
2.222,-0.0178285576,
2.22225,-0.0104220659,
2.2225,-0.0068258569,
2.22275,-0.0030308540,
2.223,-0.0135595165,
2.22325,-0.0314391628,
2.2235,0.0039329897,
2.22375,-0.0022239611,
2.224,-0.0120279696,
2.22425,-0.0085162893,
2.2245,0.0008047078,
2.22475,0.0025353443,
2.225,-0.0053010792,
2.22525,0.0030137750,
2.2255,0.0010157985,
2.22575,-0.0120750433,
2.226,0.0052102804,
2.22625,0.0108017605,
2.2265,0.0058117472,
2.22675,-0.0118454369,
2.227,-0.0169983525,
2.22725,-0.0029000046,
2.2275,-0.0094083119,
2.22775,-0.0077018235,
2.228,-0.0093611246,
2.22825,-0.0027360872,
2.2285,-0.0172736607,
2.22875,-0.0074258861,
2.229,-0.0235810038,
2.22925,-0.0048508639,
2.2295,-0.0021893901,
2.22975,0.0052605574,
2.23,0.0035591130,
2.23025,0.0031795702,
2.2305,0.0139401658,
2.23075,0.0093038948,
2.231,0.0000948296,
2.23125,-0.0113875940,
2.2315,0.0125978244,
2.23175,-0.0006095092,
2.232,-0.0227313936,
2.23225,0.0014730580,
2.2325,-0.0026674650,
2.23275,-0.0097754467,
2.233,-0.0248856302,
2.23325,-0.0157284290,
2.2335,-0.0120860115,
2.23375,-0.0022751351,
2.234,-0.0023091517,
2.23425,0.0086577283,
2.2345,0.0107333940,
2.23475,-0.0013351762,
2.235,-0.0010318565,
2.23525,0.0022221711,
2.2355,0.0013819813,
2.23575,-0.0098789120,
2.236,0.0011729489,
2.23625,0.0089155147,
2.2365,-0.0104063237,
2.23675,-0.0003505185,
2.237,0.0018603430,
2.23725,0.0034939570,
2.2375,-0.0085697835,
2.23775,-0.0098045226,
2.238,-0.0027465133,
2.23825,-0.0093221460,
2.2385,-0.0269586183,
2.23875,0.0026943246,
2.239,0.0079966104,
2.23925,-0.0048293909,
2.2395,-0.0021540960,
2.23975,0.0068629244,
2.24,0.0037831825,
2.24025,0.0104113296,
2.2405,0.0172060914,
2.24075,0.0174135305,
2.241,0.0014400774,
2.24125,0.0121356249,
2.2415,0.0095896414,
2.24175,-0.0105957305,
2.242,-0.0054402361,
2.24225,-0.0046114046,
2.2425,0.0113439988,
2.24275,-0.0089617055,
2.243,-0.0267303288,
2.24325,-0.0016037433,
2.2435,0.0052434970,
2.24375,0.0012187592,
2.244,0.0018124327,
2.24425,0.0143908858,
2.2445,0.0150386756,
2.24475,-0.0051431288,
2.245,0.0120063126,
2.24525,0.0072398554,
2.2455,0.0010769444,
2.24575,0.0106959213,
2.246,0.0152975926,
2.24625,0.0042592604,
2.2465,-0.0006574025,
2.24675,-0.0061399713,
2.247,0.0201920308,
2.24725,0.0042476724,
2.2475,-0.0057764761,
2.24775,0.0124590704,
2.248,0.0155101847,
2.24825,-0.0003230171,
2.2485,-0.0195004065,
2.24875,0.0021968205,
2.249,0.0113456249,
2.24925,-0.0031066285,
2.2495,0.0083744163,
2.24975,0.0082561290,
2.25,0.0099861575,
2.25025,0.0157219116,
2.2505,0.0224947762,
2.25075,0.0165316779,
2.251,-0.0002116604,
2.25125,0.0214648135,
2.2515,0.0101408958,
2.25175,-0.0038080546,
2.252,0.0014089991,
2.25225,0.0195524264,
2.2525,-0.0033827331,
2.25275,-0.0105628595,
2.253,-0.0095990617,
2.25325,0.0154278688,
2.2535,0.0060386863,
2.25375,-0.0055198306,
2.254,0.0095319757,
2.25425,0.0076481490,
2.2545,-0.0012055766,
2.25475,-0.0002460982,
2.255,0.0107867224,
2.25525,0.0034686108,
2.2555,0.0062409686,
2.25575,0.0052928035,
2.256,0.0179700758,
2.25625,-0.0016314937,
2.2565,0.0036182653,
2.25675,0.0100404602,
2.257,0.0059234491,
2.25725,-0.0113093713,
2.2575,-0.0034352317,
2.25775,0.0048406627,
2.258,-0.0018318454,
2.25825,-0.0330415890,
2.2585,0.0032409478,
2.25875,0.0020383587,
2.259,-0.0015303416,
2.25925,-0.0026781796,
2.2595,0.0095552942,
2.25975,0.0081798844,
2.26,0.0072530010,
2.26025,0.0112828799,
2.2605,0.0109765269,
2.26075,-0.0020211767,
2.261,-0.0022622382,
2.26125,-0.0018557939,
2.2615,0.0005596434,
2.26175,-0.0155383386,
2.262,0.0024566930,
2.26225,0.0066505801,
2.2625,-0.0096594226,
2.26275,-0.0229909718,
2.263,0.0001685076,
2.26325,0.0165157504,
2.2635,-0.0032300628,
2.26375,0.0027013486,
2.264,0.0142883146,
2.26425,0.0070244242,
2.2645,-0.0008365402,
2.26475,0.0013883298,
2.265,0.0151598230,
2.26525,-0.0033829592,
2.2655,-0.0021669941,
2.26575,0.0065668789,
2.266,0.0057116379,
2.26625,-0.0176439825,
2.2665,-0.0078899683,
2.26675,0.0215108860,
2.267,-0.0099111628,
2.26725,-0.0136559531,
2.2675,0.0005849177,
2.26775,0.0072683436,
2.268,-0.0259694569,
2.26825,-0.0161761735,
2.2685,0.0051729563,
2.26875,0.0078502130,
2.269,-0.0042745857,
2.26925,-0.0068577700,
2.2695,0.0127033461,
2.26975,0.0063079786,
2.27,0.0045778062,
2.27025,0.0186723731,
2.2705,0.0038133571,
2.27075,-0.0131809339,
2.271,0.0125707677,
2.27125,-0.0046426533,
2.2715,-0.0138809998,
2.27175,-0.0055178208,
2.272,0.0105537921,
2.27225,0.0017572254,
2.2725,-0.0130432025,
2.27275,-0.0057532778,
2.273,0.0175998062,
2.27325,0.0018346335,
2.2735,0.0081631113,
2.27375,0.0030687021,
2.274,0.0188238379,
2.27425,0.0036352146,
2.2745,0.0013401696,
2.27475,0.0148891304,
2.275,0.0125539759,
2.27525,0.0041405000,
2.2755,0.0136452205,
2.27575,0.0055111810,
2.276,0.0063077742,
2.27625,0.0033949153,
2.2765,0.0177578107,
2.27675,0.0017251632,
2.277,-0.0078805368,
2.27725,0.0003839998,
2.2775,0.0067800512,
2.27775,-0.0080962144,
2.278,-0.0274222791,
2.27825,0.0070803864,
2.2785,0.0101387650,
2.27875,0.0063342415,
2.279,0.0013001093,
2.27925,0.0164665785,
2.2795,-0.0066839429,
2.27975,0.0105431592,
2.28,0.0103804795,
2.28025,0.0086934734,
2.2805,0.0054151658,
2.28075,0.0038542659,
2.281,0.0023962315,
2.28125,0.0159416888,
2.2815,-0.0009540272,
2.28175,0.0191795453,
2.282,0.0120706093,
2.28225,-0.0004690030,
2.2825,-0.0074552693,
2.28275,0.0076018600,
2.283,0.0262553226,
2.28325,-0.0036880709,
2.2835,0.0091904765,
2.28375,0.0225831605,
2.284,0.0129223503,
2.28425,0.0110153304,
2.2845,0.0105803562,
2.28475,0.0226948764,
2.285,0.0161695462,
2.28525,0.0008932114,
2.2855,0.0165475421,
2.28575,0.0040900810,
2.286,-0.0126665551,
2.28625,0.0062870956,
2.2865,0.0086680092,
2.28675,0.0025789966,
2.287,-0.0150038730,
2.28725,-0.0019282366,
2.2875,0.0051042866,
2.28775,-0.0163038094,
2.288,-0.0109129585,
2.28825,0.0078741405,
2.2885,0.0153880324,
2.28875,0.0019412244,
2.289,0.0048405635,
2.28925,0.0140464716,
2.2895,0.0153923212,
2.28975,0.0014187511,
2.29,0.0176157262,
2.29025,-0.0025209510,
2.2905,-0.0067838021,
2.29075,0.0079392279,
2.291,-0.0065573500,
2.29125,-0.0098163020,
2.2915,0.0058722473,
2.29175,0.0058417865,
2.292,0.0004946434,
2.29225,-0.0058985734,
2.2925,-0.0033299963,
2.29275,0.0128049785,
2.293,0.0011725152,
2.29325,0.0050852238,
2.2935,0.0074932585,
2.29375,0.0150696104,
2.294,-0.0015370089,
2.29425,0.0032115001,
2.2945,0.0049946876,
2.29475,0.0069926907,
2.295,0.0002483206,
2.29525,0.0033712203,
2.2955,-0.0063969549,
2.29575,-0.0058889505,
2.296,-0.0044779545,
2.29625,-0.0008672791,
2.2965,-0.0111556556,
2.29675,-0.0110475952,
2.297,-0.0088792369,
2.29725,0.0003800996,
2.2975,-0.0174787641,
2.29775,-0.0101206256,
2.298,-0.0104846535,
2.29825,0.0161346644,
2.2985,0.0046724984,
2.29875,0.0047603394,
2.299,-0.0056508039,
2.29925,-0.0080543840,
2.2995,0.0063894591,
2.29975,-0.0081633804,
2.3,0.0109120607,
2.30025,-0.0064130542,
2.3005,-0.0000400244,
2.30075,-0.0084202569,
2.301,0.0107018799,
2.30125,-0.0153166940,
2.3015,-0.0047493591,
2.30175,-0.0024883626,
2.302,-0.0005935376,
2.30225,-0.0137614049,
2.3025,-0.0055212430,
2.30275,0.0169603601,
2.303,-0.0046081347,
2.30325,0.0000579632,
2.3035,0.0095488634,
2.30375,0.0037009954,
2.304,0.0004789425,
2.30425,-0.0074334238,
2.3045,0.0072975773,
2.30475,0.0053169457,
2.305,-0.0044171717,
2.30525,0.0035030073,
2.3055,-0.0182979684,
2.30575,-0.0158911031,
2.306,0.0040115472,
2.30625,-0.0007354942,
2.3065,0.0061097387,
2.30675,-0.0182890221,
2.307,0.0000560780,
2.30725,0.0024546168,
2.3075,-0.0177826285,
2.30775,-0.0301923621,
2.308,0.0023708395,
2.30825,-0.0042171590,
2.3085,-0.0134230601,
2.30875,0.0000930314,
2.309,0.0083376896,
2.30925,0.0053459383,
2.3095,-0.0073307450,
2.30975,-0.0035301531,
2.31,-0.0154181002,
2.31025,-0.0110895177,
2.3105,-0.0097896941,
2.31075,-0.0140230376,
2.311,-0.0075856592,
2.31125,-0.0049057421,
2.3115,-0.0129177785,
2.31175,-0.0040864320,
2.312,-0.0075069917,
2.31225,-0.0150100468,
2.3125,0.0055487156,
2.31275,0.0036369134,
2.313,-0.0087032644,
2.31325,-0.0008430172,
2.3135,0.0054968172,
2.31375,0.0084377518,
2.314,-0.0098243915,
2.31425,-0.0017819030,
2.3145,0.0056670564,
2.31475,-0.0038861167,
2.315,-0.0046191644,
2.31525,-0.0134901842,
2.3155,-0.0130860284,
2.31575,-0.0018623588,
2.316,-0.0144116757,
2.31625,-0.0064513171,
2.3165,-0.0152448155,
2.31675,-0.0063732038,
2.317,-0.0048242309,
2.31725,-0.0208107270,
2.3175,-0.0168831535,
2.31775,-0.0092043756,
2.318,0.0166087393,
2.31825,0.0064785429,
2.3185,0.0003211308,
2.31875,-0.0082024075,
2.319,-0.0006365261,
2.31925,-0.0096057802,
2.3195,-0.0108273784,
2.31975,-0.0100379977,
2.32,0.0038584396,
2.32025,-0.0126952445,
2.3205,-0.0050953720,
2.32075,-0.0047806459,
2.321,-0.0270982981,
2.32125,-0.0123050390,
2.3215,-0.0000450048,
2.32175,-0.0051500779,
2.322,-0.0123770209,
2.32225,-0.0033895220,
2.3225,0.0093597537,
2.32275,-0.0019853080,
2.323,-0.0049287868,
2.32325,0.0050951093,
2.3235,0.0122143663,
2.32375,-0.0059716222,
2.324,-0.0070873145,
2.32425,0.0071833488,
2.3245,0.0084317643,
2.32475,0.0080203786,
2.325,-0.0007422600,
2.32525,-0.0188963879,
2.3255,0.0011261050,
2.32575,0.0022605625,
2.326,0.0099321166,
2.32625,0.0008555324,
2.3265,-0.0033510979,
2.32675,-0.0037977747,
2.327,-0.0140718296,
2.32725,-0.0017427524,
2.3275,-0.0200472604,
2.32775,0.0059346580,
2.328,0.0019892720,
2.32825,0.0022280423,
2.3285,-0.0028498024,
2.32875,0.0122245224,
2.329,-0.0048020007,
2.32925,-0.0138650630,
2.3295,-0.0046026688,
2.32975,-0.0001923412,
2.33,0.0002518511,
2.33025,-0.0161277857,
2.3305,-0.0018638719,
2.33075,-0.0001646668,
2.331,-0.0095876809,
2.33125,-0.0148141105,
2.3315,0.0039704009,
2.33175,-0.0127487313,
2.332,-0.0027250813,
2.33225,-0.0018315315,
2.3325,0.0006964601,
2.33275,0.0002625071,
2.333,-0.0002139977,
2.33325,0.0114928316,
2.3335,0.0012292347,
2.33375,-0.0114506381,
2.334,-0.0037156485,
2.33425,0.0077651935,
2.3345,0.0007585268,
2.33475,-0.0100922873,
2.335,-0.0154403728,
2.33525,-0.0202470068,
2.3355,-0.0118023399,
2.33575,-0.0204530470,
2.336,0.0029973642,
2.33625,-0.0004139716,
2.3365,-0.0024785167,
2.33675,-0.0225372985,
2.337,-0.0159964133,
2.33725,-0.0099060452,
2.3375,-0.0107989656,
2.33775,0.0073485780,
2.338,0.0058785602,
2.33825,-0.0012831690,
2.3385,-0.0020398344,
2.33875,0.0057912599,
2.339,0.0034779138,
2.33925,-0.0000282669,
2.3395,0.0059272116,
2.33975,0.0074191834,
2.34,-0.0074382881,
2.34025,-0.0092490688,
2.3405,-0.0208895262,
2.34075,-0.0182702877,
2.341,-0.0043267091,
2.34125,-0.0166579001,
2.3415,-0.0096504865,
2.34175,-0.0083765946,
2.342,-0.0014409041,
2.34225,0.0051301806,
2.3425,-0.0025922433,
2.34275,-0.0002506672,
2.343,0.0003556837,
2.34325,0.0090563623,
2.3435,-0.0079719080,
2.34375,-0.0109116230,
2.344,0.0027749734,
2.34425,0.0067415452,
2.3445,0.0030657628,
2.34475,-0.0172004513,
2.345,-0.0139128491,
2.34525,0.0070991735,
2.3455,-0.0008332843,
2.34575,0.0007550580,
2.346,-0.0123028597,
2.34625,-0.0154032856,
2.3465,-0.0214169025,
2.34675,-0.0098581379,
2.347,-0.0068953866,
2.34725,-0.0356308483,
2.3475,-0.0045627207,
2.34775,0.0077344729,
2.348,-0.0017719148,
2.34825,-0.0083881598,
2.3485,0.0093753971,
2.34875,-0.0012844965,
2.349,-0.0003904190,
2.34925,-0.0013759963,
2.3495,0.0015295779,
2.34975,-0.0072113713,
2.35,-0.0096472334,
2.35025,-0.0105594881,
2.3505,0.0082759615,
2.35075,-0.0224206764,
2.351,-0.0116773564,
2.35125,-0.0106345024,
2.3515,-0.0065798396,
2.35175,0.0040183864,
2.352,-0.0071757701,
2.35225,0.0150992516,
2.3525,0.0013488909,
2.35275,0.0083704330,
2.353,0.0083303312,
2.35325,0.0041277283,
2.3535,0.0036461386,
2.35375,-0.0012528006,
2.354,0.0159015730,
2.35425,0.0112563092,
2.3545,-0.0060842191,
2.35475,-0.0109572057,
2.355,0.0025333303,
2.35525,0.0064803865,
2.3555,-0.0129754236,
2.35575,0.0126226824,
2.356,0.0116354926,
2.35625,-0.0031818929,
2.3565,-0.0120874047,
2.35675,-0.0077076373,
2.357,-0.0154462438,
2.35725,-0.0047176699,
2.3575,0.0078353165,
2.35775,0.0126480823,
2.358,0.0056293835,
2.35825,0.0132975355,
2.3585,0.0167797431,
2.35875,0.0203089565,
2.359,0.0011754786,
2.35925,0.0081158821,
2.3595,0.0059371493,
2.35975,-0.0079197353,
2.36,-0.0144042000,
2.36025,-0.0108652245,
2.3605,0.0072919503,
2.36075,-0.0071156910,
2.361,-0.0086078802,
2.36125,-0.0072560315,
2.3615,0.0165603459,
2.36175,0.0015249031,
2.362,0.0145568270,
2.36225,0.0104602976,
2.3625,0.0088481298,
2.36275,0.0111163165,
2.363,0.0163669921,
2.36325,0.0147390729,
2.3635,0.0002759654,
2.36375,0.0157031510,
2.364,0.0204496179,
2.36425,0.0005173422,
2.3645,0.0002401485,
2.36475,0.0022166087,
2.365,0.0169339813,
2.36525,-0.0068330364,
2.3655,-0.0006226438,
2.36575,-0.0054023578,
2.366,-0.0089203408,
2.36625,-0.0025525854,
2.3665,0.0017388649,
2.36675,-0.0021239459,
2.367,-0.0180118158,
2.36725,0.0108565297,
2.3675,0.0046777222,
2.36775,0.0155890733,
2.368,0.0011557372,
2.36825,0.0185267217,
2.3685,0.0254089125,
2.36875,0.0109162796,
2.369,-0.0052538440,
2.36925,0.0119536640,
2.3695,0.0072727390,
2.36975,-0.0062665259,
2.37,-0.0098325592,
2.37025,0.0233692937,
2.3705,-0.0101912776,
2.37075,0.0006015457,
2.371,-0.0110481177,
2.37125,0.0109699760,
2.3715,0.0040938230,
2.37175,0.0069050519,
2.372,0.0156873316,
2.37225,0.0137097584,
2.3725,0.0061222077,
2.37275,0.0070963856,
2.373,0.0201961193,
2.37325,0.0069932798,
2.3735,0.0039543826,
2.37375,0.0119780488,
2.374,-0.0002812878,
2.37425,-0.0057342160,
2.3745,-0.0013601315,
2.37475,0.0138895139,
2.375,0.0098438524,
2.37525,-0.0097540487,
2.3755,0.0068552252,
2.37575,0.0005458762,
2.376,-0.0111511080,
2.37625,-0.0309171546,
2.3765,-0.0074113398,
2.37675,-0.0075655938,
2.377,0.0082771201,
2.37725,-0.0035570387,
2.3775,0.0175747704,
2.37775,0.0089879101,
2.378,0.0046655294,
2.37825,0.0207884256,
2.3785,0.0186383948,
2.37875,0.0037199580,
2.379,0.0077003362,
2.37925,0.0127840564,
2.3795,0.0018666442,
2.37975,-0.0219790228,
2.38,0.0015681837,
2.38025,0.0120252380,
2.3805,-0.0073688435,
2.38075,-0.0166205652,
2.381,-0.0041492553,
2.38125,0.0128361322,
2.3815,-0.0017323688,
2.38175,0.0022555033,
2.382,0.0070152036,
2.38225,0.0116648385,
2.3825,0.0027308813,
2.38275,0.0176316909,
2.383,0.0138713252,
2.38325,0.0047624786,
2.3835,0.0002142372,
2.38375,0.0165858511,
2.384,0.0074878372,
2.38425,-0.0129951555,
2.3845,0.0029989937,
2.38475,-0.0038510133,
2.385,-0.0275649130,
2.38525,-0.0134540908,
2.3855,-0.0112867672,
2.38575,0.0022205862,
2.386,-0.0166284312,
2.38625,-0.0076744594,
2.3865,-0.0026303029,
2.38675,-0.0122160660,
2.387,0.0044533652,
2.38725,0.0012702622,
2.3875,0.0101791825,
2.38775,0.0070803389,
2.388,0.0141858067,
2.38825,0.0238386318,
2.3885,0.0129358647,
2.38875,-0.0059103593,
2.389,0.0141159249,
2.38925,0.0166671388,
2.3895,-0.0239500180,
2.38975,-0.0047647166,
2.39,0.0137338610,
2.39025,-0.0022732653,
2.3905,-0.0028085355,
2.39075,-0.0230999216,
2.391,0.0089916270,
2.39125,-0.0015976344,
2.3915,0.0091271428,
2.39175,0.0109828562,
2.392,0.0203849953,
2.39225,0.0067196186,
2.3925,0.0060216035,
2.39275,0.0148488218,
2.393,0.0126514137,
2.39325,0.0020118761,
2.3935,0.0046346681,
2.39375,0.0054789423,
2.394,0.0001596184,
2.39425,-0.0055342810,
2.3945,0.0207129866,
2.39475,-0.0054368307,
2.395,-0.0117191393,
2.39525,-0.0078425650,
2.3955,-0.0048962468,
2.39575,-0.0292991865,
2.396,-0.0326879658,
2.39625,0.0018933741,
2.3965,0.0029721605,
2.39675,0.0141138174,
2.397,-0.0025506851,
2.39725,0.0179194286,
2.3975,0.0081112124,
2.39775,0.0079998858,
2.398,0.0153050655,
2.39825,0.0188687202,
2.3985,-0.0023605754,
2.39875,0.0092459489,
2.399,0.0152140912,
2.39925,0.0063717496,
2.3995,-0.0123130856,
2.39975,0.0052087917,
2.4,0.0067111379,
2.40025,-0.0040509943,
2.4005,-0.0152952578,
2.40075,-0.0118467016,
2.401,0.0108481376,
2.40125,0.0022625183,
2.4015,0.0003762137,
2.40175,0.0167155638,
2.402,0.0174815916,
2.40225,0.0048941867,
2.4025,0.0127055319,
2.40275,0.0144938808,
2.403,0.0046678106,
2.40325,0.0017835217,
2.4035,0.0170295723,
2.40375,0.0126478039,
2.404,-0.0060423980,
2.40425,-0.0025589310,
2.4045,-0.0125378910,
2.40475,-0.0096438909,
2.405,-0.0042791767,
2.40525,-0.0060005747,
2.4055,0.0139594274,
2.40575,-0.0057319012,
2.406,-0.0082310457,
2.40625,-0.0092492355,
2.4065,-0.0021175207,
2.40675,-0.0083496533,
2.407,0.0042129545,
2.40725,0.0060204128,
2.4075,0.0137745757,
2.40775,0.0091800876,
2.408,0.0176235586,
2.40825,0.0108597223,
2.4085,-0.0057785264,
2.40875,0.0127754463,
2.409,0.0075474130,
2.40925,-0.0222878866,
2.4095,0.0064474866,
2.40975,0.0012106393,
2.41,0.0085557541,
2.41025,-0.0163068846,
2.4105,-0.0182214193,
2.41075,0.0054932302,
2.411,-0.0006182197,
2.41125,-0.0003025945,
2.4115,0.0064250892,
2.41175,0.0124696232,
2.412,0.0066502537,
2.41225,0.0024942041,
2.4125,0.0035227591,
2.41275,0.0150842415,
2.413,-0.0022559182,
2.41325,-0.0017062747,
2.4135,-0.0006461312,
2.41375,-0.0064415941,
2.414,-0.0038823937,
2.41425,-0.0010257021,
2.4145,-0.0145929968,
2.41475,-0.0192955993,
2.415,-0.0139795849,
2.41525,-0.0139835700,
2.4155,-0.0165044535,
2.41575,-0.0216087420,
2.416,-0.0155499317,
2.41625,0.0035800487,
2.4165,-0.0042001214,
2.41675,-0.0097898776,
2.417,0.0016221607,
2.41725,0.0076136994,
2.4175,0.0066124760,
2.41775,0.0105046239,
2.418,0.0104721989,
2.41825,0.0045030466,
2.4185,0.0016106262,
2.41875,0.0040265764,
2.419,0.0018493627,
2.41925,-0.0218972899,
2.4195,-0.0090937149,
2.41975,0.0020842042,
2.42,-0.0079174452,
2.42025,-0.0226244126,
2.4205,-0.0202173926,
2.42075,0.0047768615,
2.421,-0.0048661372,
2.42125,-0.0112672392,
2.4215,0.0132763581,
2.42175,0.0051164189,
2.422,-0.0083927801,
2.42225,-0.0031650341,
2.4225,-0.0050456268,
2.42275,-0.0022623963,
2.423,-0.0065328851,
2.42325,0.0043456820,
2.4235,-0.0119902669,
2.42375,-0.0141990650,
2.424,-0.0229625795,
2.42425,-0.0188745037,
2.4245,0.0033770474,
2.42475,-0.0231083501,
2.425,-0.0045612757,
2.42525,-0.0049992800,
2.4255,-0.0092215845,
2.42575,-0.0359310247,
2.426,-0.0200626981,
2.42625,-0.0024224331,
2.4265,-0.0224378332,
2.42675,0.0012348279,
2.427,-0.0013101622,
2.42725,0.0030151147,
2.4275,0.0018182367,
2.42775,0.0103880288,
2.428,0.0055941576,
2.42825,-0.0105535621,
2.4285,0.0036299904,
2.42875,-0.0003801918,
2.429,-0.0113196811,
2.42925,0.0044299392,
2.4295,-0.0082364297,
2.42975,0.0036206855,
2.43,-0.0184033159,
2.43025,-0.0188441649,
2.4305,0.0050144047,
2.43075,0.0041642203,
2.431,-0.0084298551,
2.43125,-0.0011072718,
2.4315,-0.0028375662,
2.43175,0.0038832587,
2.432,-0.0043447157,
2.43225,-0.0038700225,
2.4325,0.0071507557,
2.43275,-0.0012980272,
2.433,-0.0081530511,
2.43325,0.0007300364,
2.4335,-0.0108072916,
2.43375,-0.0086307097,
2.434,-0.0109858299,
2.43425,-0.0118701104,
2.4345,-0.0227270927,
2.43475,-0.0102612665,
2.435,0.0031218408,
2.43525,-0.0071571935,
2.4355,-0.0245604180,
2.43575,-0.0145394308,
2.436,0.0058185961,
2.43625,-0.0099280644,
2.4365,-0.0115560358,
2.43675,-0.0046088970,
2.437,0.0115712490,
2.43725,0.0001251599,
2.4375,0.0082253786,
2.43775,0.0142105501,
2.438,0.0093703503,
2.43825,0.0027591793,
2.4385,0.0086155459,
2.43875,0.0031846012,
2.439,-0.0123088351,
2.43925,-0.0027247313,
2.4395,0.0112623433,
2.43975,-0.0056089703,
2.44,-0.0143977487,
2.44025,-0.0098936614,
2.4405,0.0191657096,
2.44075,0.0010991410,
2.441,-0.0050891726,
2.44125,0.0091734873,
2.4415,0.0182220265,
2.44175,-0.0035849325,
2.442,-0.0012793513,
2.44225,0.0109804664,
2.4425,0.0084819552,
2.44275,0.0080745956,
2.443,0.0056681968,
2.44325,-0.0059331278,
2.4435,-0.0058612595,
2.44375,-0.0098465569,
2.444,0.0150040714,
2.44425,0.0072547616,
2.4445,-0.0077841990,
2.44475,0.0022060124,
2.445,-0.0077551985,
2.44525,-0.0093912790,
2.4455,-0.0377075784,
2.44575,-0.0009892260,
2.446,0.0173359495,
2.44625,-0.0029197310,
2.4465,0.0034152414,
2.44675,0.0127189998,
2.447,0.0157271400,
2.44725,0.0118787130,
2.4475,0.0161431301,
2.44775,0.0256263297,
2.448,0.0030511406,
2.44825,0.0092553804,
2.4485,0.0052140355,
2.44875,0.0052237501,
2.449,-0.0042735031,
2.44925,-0.0002335205,
2.4495,0.0018241028,
2.44975,-0.0136999562,
2.45,-0.0102422712,
2.45025,0.0110048242,
2.4505,0.0104557825,
2.45075,-0.0024076535,
2.451,0.0105161481,
2.45125,0.0139798485,
2.4515,0.0178061258,
2.45175,0.0052727694,
2.452,0.0058504217,
2.45225,0.0217502732,
2.4525,0.0078390436,
2.45275,0.0012853579,
2.453,0.0034553148,
2.45325,-0.0017216027,
2.4535,0.0042835232,
2.45375,0.0005404142,
2.454,0.0047277748,
2.45425,0.0027694481,
2.4545,0.0060371449,
2.45475,0.0015051193,
2.455,-0.0011426031,
2.45525,-0.0253944993,
2.4555,-0.0001458511,
2.45575,0.0052657723,
2.456,0.0056245904,
2.45625,-0.0032356470,
2.4565,0.0040906859,
2.45675,0.0078172525,
2.457,0.0017204391,
2.45725,0.0078751631,
2.4575,0.0092192497,
2.45775,0.0058521139,
2.458,0.0045717452,
2.45825,-0.0010323768,
2.4585,0.0042711794,
2.45875,0.0060775653,
2.459,-0.0023154025,
2.45925,0.0084634572,
2.4595,-0.0074339928,
2.45975,-0.0128893266,
2.46,-0.0022860125,
2.46025,0.0087499758,
2.4605,0.0052342881,
2.46075,-0.0039640013,
2.461,0.0057577873,
2.46125,0.0143353222,
2.4615,-0.0067613302,
2.46175,0.0004145444,
2.462,0.0084071932,
2.46225,0.0121223144,
2.4625,-0.0007880019,
2.46275,-0.0121687213,
2.463,-0.0043292642,
2.46325,-0.0083506797,
2.4635,-0.0094041461,
2.46375,0.0081903571,
2.464,-0.0014571680,
2.46425,-0.0137763387,
2.4645,-0.0139739541,
2.46475,-0.0020026378,
2.465,-0.0133565925,
2.46525,-0.0370324142,
2.4655,0.0010286726,
2.46575,0.0123438258,
2.466,-0.0068929484,
2.46625,-0.0049939957,
2.4665,0.0094398391,
2.46675,0.0094273053,
2.467,0.0054690191,
2.46725,0.0064991112,
2.4675,0.0104620121,
2.46775,0.0014281337,
2.468,0.0004384321,
2.46825,-0.0041949474,
2.4685,0.0108613335,
2.46875,-0.0067759268,
2.469,-0.0015285362,
2.46925,-0.0072884858,
2.4695,-0.0116181280,
2.46975,-0.0075451024,
2.47,-0.0040694079,
2.47025,0.0002408044,
2.4705,0.0048016305,
2.47075,0.0041476428,
2.471,0.0095827607,
2.47125,0.0081759160,
2.4715,0.0010619516,
2.47175,-0.0039373729,
2.472,0.0153234433,
2.47225,0.0093291551,
2.4725,-0.0036579878,
2.47275,-0.0016351484,
2.473,-0.0059704259,
2.47325,0.0042573670,
2.4735,0.0020750328,
2.47375,0.0062016496,
2.474,-0.0010384229,
2.47425,-0.0059520695,
2.4745,0.0032798983,
2.47475,-0.0108767953,
2.475,-0.0283689089,
2.47525,-0.0068225274,
2.4755,0.0073900847,
2.47575,0.0151405400,
2.476,0.0028359401,
2.47625,0.0097175948,
2.4765,0.0077829142,
2.47675,0.0138195502,
2.477,0.0008316808,
2.47725,0.0166467745,
2.4775,0.0116599528,
2.47775,0.0105744842,
2.478,-0.0077183964,
2.47825,0.0131619899,
2.4785,0.0130699724,
2.47875,-0.0061925203,
2.479,-0.0032587452,
2.47925,-0.0011220232,
2.4795,0.0008969110,
2.47975,0.0049279025,
2.48,0.0175782237,
2.48025,0.0104558431,
2.4805,0.0025184348,
2.48075,0.0130647551,
2.481,0.0171736926,
2.48125,0.0121983802,
2.4815,0.0077194143,
2.48175,0.0124269407,
2.482,0.0236249119,
2.48225,0.0137270819,
2.4825,0.0048922119,
2.48275,0.0035177169,
2.483,-0.0060042012,
2.48325,0.0082298005,
2.4835,0.0187507495,
2.48375,0.0017693851,
2.484,-0.0107646659,
2.48425,0.0029197419,
2.4845,0.0125271594,
2.48475,0.0016121146,
2.485,-0.0202539768,
2.48525,0.0117941406,
2.4855,0.0135251042,
2.48575,0.0007287976,
2.486,0.0115381535,
2.48625,0.0145973815,
2.4865,0.0227403603,
2.48675,0.0041599581,
2.487,0.0096440772,
2.48725,0.0158988275,
2.4875,0.0103052566,
2.48775,0.0040975558,
2.488,-0.0056652846,
2.48825,0.0235315338,
2.4885,-0.0026977065,
2.48875,-0.0020826429,
2.489,-0.0070670177,
2.48925,0.0061526662,
2.4895,-0.0029154033,
2.48975,-0.0008713112,
2.49,0.0074731284,
2.49025,0.0064161788,
2.4905,0.0076476065,
2.49075,0.0112466663,
2.491,0.0180121027,
2.49125,0.0031477292,
2.4915,-0.0013580436,
2.49175,0.0106406901,
2.492,0.0073946728,
2.49225,0.0026255089,
2.4925,-0.0061779334,
2.49275,-0.0083006471,
2.493,0.0038372627,
2.49325,-0.0014927282,
2.4935,0.0081497757,
2.49375,0.0047158408,
2.494,-0.0011761462,
2.49425,-0.0008641402,
2.4945,-0.0235046074,
2.49475,-0.0140262498,
2.495,-0.0046273596,
2.49525,0.0007438125,
2.4955,0.0119282175,
2.49575,0.0058992323,
2.496,-0.0059092646,
2.49625,0.0054208399,
2.4965,0.0051171700,
2.49675,-0.0067424909,
2.497,0.0079654241,
2.49725,0.0118808346,
2.4975,0.0045993896,
2.49775,-0.0087626604,
2.498,0.0121970437,
2.49825,-0.0074171042,
2.4985,-0.0191660393,
2.49875,-0.0117425099,
2.499,-0.0077312086,
2.49925,-0.0038561919,
2.4995,-0.0071289903,
2.49975,-0.0048501934,
2.5,-0.0105305649,
2.50025,-0.0028839703,
2.5005,-0.0051091886,
2.50075,0.0055248500,
2.501,0.0091058882,
2.50125,-0.0051145446,
2.5015,0.0009852321,
2.50175,0.0117839389,
2.502,0.0077927476,
2.50225,-0.0073925313,
2.5025,-0.0164072644,
2.50275,-0.0051868642,
2.503,0.0028788752,
2.50325,-0.0008493606,
2.5035,-0.0041432870,
2.50375,-0.0053975740,
2.504,-0.0043173619,
2.50425,-0.0033285092,
2.5045,-0.0028032409,
2.50475,-0.0165554862,
2.505,-0.0029814504,
2.50525,0.0031168188,
2.5055,0.0025985260,
2.50575,-0.0057601165,
2.506,0.0069104270,
2.50625,0.0026827026,
2.5065,-0.0121946353,
2.50675,0.0030764476,
2.507,0.0009166802,
2.50725,0.0085599758,
2.5075,-0.0061087240,
2.50775,-0.0008326302,
2.508,0.0077442564,
2.50825,-0.0085015977,
2.5085,-0.0134715606,
2.50875,-0.0150390901,
2.509,-0.0089943381,
2.50925,-0.0144727826,
2.5095,-0.0040764413,
2.50975,-0.0020607186,
2.51,0.0091797132,
2.51025,-0.0039247894,
2.5105,0.0105155483,
2.51075,0.0059510833,
2.511,-0.0000688667,
2.51125,-0.0082086092,
2.5115,-0.0051364824,
2.51175,0.0050565097,
2.512,-0.0099380035,
2.51225,-0.0169107839,
2.5125,-0.0071427422,
2.51275,-0.0001454703,
2.513,-0.0140009439,
2.51325,0.0008857649,
2.5135,0.0002607380,
2.51375,-0.0010928529,
2.514,-0.0232827310,
2.51425,-0.0160349514,
2.5145,0.0096376389,
2.51475,-0.0041095498,
2.515,-0.0016449497,
2.51525,0.0072817062,
2.5155,-0.0005230506,
2.51575,-0.0001234119,
2.516,0.0102871368,
2.51625,0.0039467025,
2.5165,0.0036971169,
2.51675,0.0002695414,
2.517,0.0187687576,
2.51725,-0.0028143032,
2.5175,-0.0079219062,
2.51775,-0.0043039294,
2.518,-0.0078965668,
2.51825,-0.0043973895,
2.5185,-0.0243513081,
2.51875,-0.0117566762,
2.519,-0.0012471994,
2.51925,-0.0064920466,
2.5195,0.0033583539,
2.51975,-0.0031834203,
2.52,0.0069837989,
2.52025,0.0019131862,
2.5205,0.0098798694,
2.52075,0.0152887348,
2.521,-0.0062533570,
2.52125,-0.0000682720,
2.5215,0.0137052452,
2.52175,0.0042304001,
2.522,-0.0020889258,
2.52225,-0.0182332564,
2.5225,0.0067510884,
2.52275,0.0048683863,
2.523,0.0007559465,
2.52325,0.0029533631,
2.5235,0.0007004483,
2.52375,0.0013023727,
2.524,-0.0058059348,
2.52425,-0.0106057795,
2.5245,-0.0074414099,
2.52475,0.0029430166,
2.525,0.0042096213,
2.52525,0.0078972308,
2.5255,-0.0006809725,
2.52575,0.0102092680,
2.526,0.0000243632,
2.52625,0.0115372483,
2.5265,-0.0040538558,
2.52675,-0.0023761159,
2.527,0.0180009864,
2.52725,-0.0126668178,
2.5275,-0.0070891911,
2.52775,0.0055457749,
2.528,-0.0132617392,
2.52825,-0.0217908286,
2.5285,-0.0136564188,
2.52875,-0.0192572437,
2.529,-0.0020795460,
2.52925,-0.0158771463,
2.5295,-0.0000689557,
2.52975,0.0101816319,
2.53,-0.0031594289,
2.53025,-0.0000773659,
2.5305,0.0005704613,
2.53075,0.0049467916,
2.531,-0.0039818655,
2.53125,-0.0010849921,
2.5315,0.0159495138,
2.53175,-0.0076895482,
2.532,-0.0104703838,
2.53225,-0.0044328109,
2.5325,0.0020078921,
2.53275,-0.0057590473,
2.533,-0.0119460234,
2.53325,-0.0029623196,
2.5335,0.0040458720,
2.53375,-0.0250970162,
2.534,-0.0074560884,
2.53425,0.0048922477,
2.5345,-0.0022734590,
2.53475,-0.0032530073,
2.535,-0.0040967204,
2.53525,0.0088717183,
2.5355,-0.0106820753,
2.53575,-0.0000584641,
2.536,0.0116611077,
2.53625,-0.0079945931,
2.5365,-0.0055160429,
2.53675,0.0051791864,
2.537,-0.0187946893,
2.53725,-0.0149075678,
2.5375,-0.0236085318,
2.53775,0.0000953091,
2.538,-0.0117253875,
2.53825,-0.0208150446,
2.5385,-0.0199583378,
2.53875,0.0010639571,
2.539,-0.0087369364,
2.53925,-0.0060949707,
2.5395,0.0019775024,
2.53975,0.0068114316,
2.54,-0.0062694913,
2.54025,-0.0016696943,
2.5405,0.0093376953,
2.54075,-0.0122111756,
2.541,-0.0008389445,
2.54125,0.0047641671,
2.5415,0.0035822685,
2.54175,-0.0049286950,
2.542,-0.0223024413,
2.54225,0.0127307931,
2.5425,0.0000941188,
2.54275,-0.0153366700,
2.543,-0.0054865535,
2.54325,0.0031235276,
2.5435,-0.0022539201,
2.54375,-0.0220780913,
2.544,-0.0097522084,
2.54425,-0.0003672587,
2.5445,-0.0014433218,
2.54475,-0.0025635096,
2.545,0.0026997423,
2.54525,-0.0016434694,
2.5455,0.0047405539,
2.54575,0.0086819157,
2.546,0.0121752452,
2.54625,-0.0101203751,
2.5465,-0.0002921054,
2.54675,0.0094982805,
2.547,-0.0163661763,
2.54725,-0.0171044320,
2.5475,0.0001667709,
2.54775,-0.0075309235,
2.548,-0.0141141433,
2.54825,-0.0140643567,
2.5485,-0.0094699105,
2.54875,0.0124498038,
2.549,-0.0149671584,
2.54925,0.0013601780,
2.5495,0.0116017684,
2.54975,-0.0014789276,
2.55,0.0000666486,
2.55025,0.0090595437,
2.5505,0.0103055406,
2.55075,0.0068853288,
2.551,-0.0016884810,
2.55125,0.0181506425,
2.5515,-0.0034653277,
2.55175,-0.0135576092,
2.552,0.0099394014,
2.55225,0.0164188650,
2.5525,-0.0146358702,
2.55275,-0.0063241161,
2.553,0.0076610995,
2.55325,0.0128970155,
2.5535,-0.0274212193,
2.55375,-0.0008793316,
2.554,0.0112291696,
2.55425,0.0023830859,
2.5545,0.0019007251,
2.55475,0.0006896362,
2.555,0.0130267292,
2.55525,-0.0027226736,
2.5555,0.0128954519,
2.55575,0.0175422765,
2.556,0.0010973103,
2.55625,0.0019178098,
2.5565,0.0123068187,
2.55675,-0.0012273181,
2.557,-0.0025981814,
2.55725,-0.0037370287,
2.5575,0.0165403858,
2.55775,-0.0041808370,
2.558,-0.0151283648,
2.55825,-0.0082228165,
2.5585,0.0149027156,
2.55875,0.0045183315,
2.559,0.0052273883,
2.55925,0.0145642962,
2.5595,0.0229697451,
2.55975,0.0093619050,
2.56,0.0089918748,
2.56025,0.0136070652,
2.5605,0.0108968671,
2.56075,-0.0009074564,
2.561,0.0130576557,
2.56125,0.0135921026,
2.5615,-0.0021419593,
2.56175,-0.0113088274,
2.562,0.0166539829,
2.56225,-0.0041933111,
2.5625,-0.0173203908,
2.56275,-0.0026214181,
2.563,0.0139252953,
2.56325,0.0018488090,
2.5635,-0.0122458674,
2.56375,0.0011766783,
2.564,0.0045763929,
2.56425,0.0053368555,
2.5645,-0.0131387413,
2.56475,0.0104719074,
2.565,0.0119433664,
2.56525,0.0038805816,
2.5655,0.0187807381,
2.56575,0.0130014587,
2.566,0.0065056584,
2.56625,0.0076650265,
2.5665,0.0136508029,
2.56675,-0.0047224951,
2.567,-0.0173490830,
2.56725,0.0222481992,
2.5675,-0.0018044319,
2.56775,-0.0032435907,
2.568,-0.0145749152,
2.56825,0.0040093213,
2.5685,0.0088171894,
2.56875,0.0003901731,
2.569,0.0056747654,
2.56925,0.0219568722,
2.5695,0.0155359050,
2.56975,0.0044519515,
2.57,0.0236820783,
2.57025,0.0187317822,
2.5705,0.0116854077,
2.57075,0.0138428388,
2.571,0.0110604251,
2.57125,-0.0100834332,
2.5715,-0.0112643456,
2.57175,0.0181719773,
2.572,-0.0010431077,
2.57225,-0.0179605279,
2.5725,-0.0036347276,
2.57275,-0.0057939934,
2.573,0.0050036935,
2.57325,-0.0312469993,
2.5735,0.0019259986,
2.57375,0.0070825508,
2.574,0.0137971537,
2.57425,0.0014529100,
2.5745,0.0099984836,
2.57475,0.0063971528,
2.575,0.0029317895,
2.57525,0.0060104635,
2.5755,0.0124479095,
2.57575,0.0013730291,
2.576,-0.0027805429,
2.57625,0.0079627316,
2.5765,0.0076966900,
2.57675,-0.0002948786,
2.577,-0.0051647825,
2.57725,0.0110059492,
2.5775,0.0003627949,
2.57775,-0.0177141074,
2.578,-0.0112293866,
2.57825,0.0137019269,
2.5785,0.0069008842,
2.57875,0.0066555422,
2.579,0.0097426483,
2.57925,0.0212222487,
2.5795,0.0047434764,
2.57975,0.0063877385,
2.58,0.0133120343,
2.58025,0.0135097038,
2.5805,-0.0000994161,
2.58075,0.0058489423,
2.581,0.0093075978,
2.58125,-0.0139870401,
2.5815,-0.0081083188,
2.58175,-0.0034684616,
2.582,-0.0071646231,
2.58225,-0.0118931979,
2.5825,-0.0096996604,
2.58275,0.0177607741,
2.583,-0.0088923508,
2.58325,-0.0059465268,
2.5835,-0.0162195154,
2.58375,0.0046109920,
2.584,-0.0123480540,
2.58425,-0.0144828930,
2.5845,0.0140623786,
2.58475,0.0052214176,
2.585,-0.0003934873,
2.58525,0.0130770644,
2.5855,0.0021481058,
2.58575,-0.0143027976,
2.586,0.0089701721,
2.58625,0.0031138493,
2.5865,-0.0149225742,
2.58675,-0.0019120319,
2.587,0.0108779091,
2.58725,-0.0021448184,
2.5875,-0.0025150923,
2.58775,-0.0122131305,
2.588,0.0015964948,
2.58825,0.0147415334,
2.5885,0.0078836465,
2.58875,0.0004651502,
2.589,0.0184289701,
2.58925,0.0173262488,
2.5895,0.0027333279,
2.58975,0.0130948201,
2.59,0.0190093350,
2.59025,0.0075534945,
2.5905,0.0041543371,
2.59075,-0.0021241601,
2.591,-0.0102113597,
2.59125,-0.0088719698,
2.5915,0.0120174410,
2.59175,-0.0138161443,
2.592,-0.0180851687,
2.59225,-0.0177475084,
2.5925,0.0017751369,
2.59275,-0.0041846242,
2.593,-0.0131842326,
2.59325,-0.0149669545,
2.5935,0.0150655638,
2.59375,0.0147921955,
2.594,-0.0013144308,
2.59425,0.0132027259,
2.5945,-0.0101454267,
2.59475,0.0050550564,
2.595,0.0067332382,
2.59525,0.0104952473,
2.5955,0.0030951004,
2.59575,0.0089731915,
2.596,0.0044590337,
2.59625,0.0146146873,
2.5965,-0.0006299515,
2.59675,-0.0099387299,
2.597,0.0095409621,
2.59725,0.0098199770,
2.5975,-0.0130150653,
2.59775,-0.0066311616,
2.598,0.0127382744,
2.59825,0.0098142754,
2.5985,0.0021608479,
2.59875,0.0121965986,
2.599,0.0176178534,
2.59925,0.0118921231,
2.5995,-0.0014282067,
2.59975,0.0087468810,
2.6,0.0190158337,
2.60025,0.0021092161,
2.6005,0.0117580164,
2.60075,-0.0104991645,
2.601,-0.0225352775,
2.60125,0.0008788873,
2.6015,-0.0094636483,
2.60175,0.0083554452,
2.602,-0.0139069017,
2.60225,0.0005805168,
2.6025,0.0071336739,
2.60275,-0.0105060311,
2.603,-0.0197498780,
2.60325,-0.0165907070,
2.6035,0.0114920782,
2.60375,-0.0111686774,
2.604,0.0007501996,
2.60425,0.0098928148,
2.6045,0.0149405599,
2.60475,-0.0025603445,
2.605,0.0096724518,
2.60525,0.0027061857,
2.6055,-0.0051952591,
2.60575,-0.0023212717,
2.606,-0.0054220082,
2.60625,-0.0021783377,
2.6065,0.0065026502,
2.60675,0.0016398926,
2.607,-0.0010976013,
2.60725,0.0009470274,
2.6075,-0.0172947533,
2.60775,0.0045582606,
2.608,0.0086809658,
2.60825,-0.0024020430,
2.6085,-0.0018124313,
2.60875,0.0131892711,
2.609,0.0109473104,
2.60925,0.0044657411,
2.6095,0.0005351925,
2.60975,0.0114577096,
2.61,0.0087899845,
2.61025,-0.0049672034,
2.6105,-0.0079079634,
2.61075,-0.0197434314,
2.611,-0.0089936052,
2.61125,-0.0129157640,
2.6115,-0.0206851307,
2.61175,-0.0175827444,
2.612,-0.0176007561,
2.61225,0.0015840639,
2.6125,-0.0091855237,
2.61275,-0.0132153416,
2.613,-0.0184644777,
2.61325,0.0110429823,
2.6135,-0.0023913260,
2.61375,-0.0004169919,
2.614,-0.0165570043,
2.61425,-0.0085245958,
2.6145,0.0020901286,
2.61475,-0.0021158203,
2.615,0.0040130871,
2.61525,0.0038438791,
2.6155,-0.0022339125,
2.61575,-0.0003810615,
2.616,0.0008617020,
2.61625,-0.0218822248,
2.6165,-0.0189125556,
2.61675,-0.0027619160,
2.617,-0.0000562114,
2.61725,-0.0201001428,
2.6175,-0.0143915052,
2.61775,0.0039433651,
2.618,0.0017695822,
2.61825,-0.0094611384,
2.6185,-0.0004373061,
2.61875,0.0092144981,
2.619,0.0036414242,
2.61925,-0.0103432965,
2.6195,0.0009812183,
2.61975,0.0062700752,
2.62,0.0061093988,
2.62025,-0.0039418931,
2.6205,-0.0225420408,
2.62075,-0.0174077675,
2.621,-0.0113636889,
2.62125,-0.0075995596,
2.6215,0.0076651364,
2.62175,-0.0195540823,
2.622,-0.0059652789,
2.62225,-0.0230179876,
2.6225,-0.0136331003,
2.62275,-0.0285984594,
2.623,-0.0180516504,
2.62325,0.0038349074,
2.6235,-0.0061107352,
2.62375,-0.0079809558,
2.624,0.0034492114,
2.62425,0.0068075117,
2.6245,-0.0107726995,
2.62475,0.0028510427,
2.625,0.0060046040,
2.62525,0.0013849395,
2.6255,-0.0047302609,
2.62575,-0.0063742036,
2.626,0.0024853013,
2.62625,-0.0048064524,
2.6265,-0.0167212225,
2.62675,-0.0035453755,
2.627,-0.0167159997,
2.62725,-0.0141652441,
2.6275,-0.0133772586,
2.62775,-0.0014430142,
2.628,-0.0113628097,
2.62825,-0.0035864415,
2.6285,0.0063682403,
2.62875,0.0072082337,
2.629,-0.0008258707,
2.62925,-0.0023621453,
2.6295,0.0062684272,
2.62975,0.0142855020,
2.63,-0.0081792269,
2.63025,-0.0103474744,
2.6305,-0.0249917097,
2.63075,-0.0040370775,
2.631,-0.0122524034,
2.63125,-0.0058414629,
2.6315,0.0060079042,
2.63175,-0.0006125997,
2.632,-0.0061111199,
2.63225,-0.0039921012,
2.6325,-0.0219604392,
2.63275,-0.0187021866,
2.633,0.0080615245,
2.63325,0.0071903281,
2.6335,0.0019287618,
2.63375,-0.0054084240,
2.634,0.0119395331,
2.63425,0.0020924588,
2.6345,0.0050859894,
2.63475,0.0041822218,
2.635,0.0120086828,
2.63525,-0.0012972972,
2.6355,-0.0022577846,
2.63575,-0.0070647113,
2.636,-0.0123532508,
2.63625,-0.0075244904,
2.6365,-0.0014328648,
2.63675,-0.0056435117,
2.637,-0.0127729736,
2.63725,0.0006404460,
2.6375,0.0067379763,
2.63775,0.0032057508,
2.638,-0.0018903166,
2.63825,0.0059835385,
2.6385,0.0142440144,
2.63875,0.0100030797,
2.639,-0.0034279344,
2.63925,0.0063223955,
2.6395,0.0179719105,
2.63975,0.0089600887,
2.64,-0.0073175570,
2.64025,-0.0130136516,
2.6405,-0.0015863120,
2.64075,-0.0056019379,
2.641,0.0017761786,
2.64125,0.0020709252,
2.6415,-0.0191195719,
2.64175,-0.0154211763,
2.642,-0.0075019333,
2.64225,-0.0049194875,
2.6425,-0.0206756685,
2.64275,-0.0141438060,
2.643,0.0056342506,
2.64325,0.0097028557,
2.6435,-0.0082181618,
2.64375,0.0042051896,
2.644,0.0128898732,
2.64425,0.0105071822,
2.6445,0.0003613949,
2.64475,0.0117733413,
2.645,0.0057238480,
2.64525,0.0068331910,
2.6455,-0.0126612354,
2.64575,0.0138571011,
2.646,0.0089661283,
2.64625,-0.0229091104,
2.6465,0.0008444306,
2.64675,-0.0099693742,
2.647,0.0011868919,
2.64725,-0.0040775286,
2.6475,0.0051057450,
2.64775,0.0106460787,
2.648,0.0049247388,
2.64825,0.0129466783,
2.6485,0.0230960380,
2.64875,0.0090662967,
2.649,0.0057313014,
2.64925,0.0124317072,
2.6495,0.0141884256,
2.64975,-0.0044880724,
2.65,-0.0015324942,
2.65025,-0.0133830830,
2.6505,0.0001810965,
2.65075,-0.0006232511,
2.651,0.0070366613,
2.65125,0.0081987875,
2.6515,0.0096564479,
2.65175,-0.0016476135,
2.652,-0.0110619087,
2.65225,-0.0172056928,
2.6525,-0.0142251533,
2.65275,0.0051493645,
2.653,0.0109969638,
2.65325,0.0079986099,
2.6535,0.0015758660,
2.65375,0.0069431304,
2.654,0.0169283729,
2.65425,0.0084554181,
2.6545,-0.0023943787,
2.65475,0.0142269684,
2.655,0.0075332033,
2.65525,-0.0058745309,
2.6555,-0.0027605821,
2.65575,0.0113022085,
2.656,0.0060199858,
2.65625,-0.0078504588,
2.6565,-0.0093706744,
2.65675,0.0046447278,
2.657,0.0019148820,
2.65725,0.0057102181,
2.6575,0.0050775390,
2.65775,-0.0084233638,
2.658,0.0079263700,
2.65825,0.0091966139,
2.6585,0.0187051706,
2.65875,0.0040695500,
2.659,0.0020568222,
2.65925,0.0253640972,
2.6595,0.0075684814,
2.65975,-0.0055519817,
2.66,-0.0060002948,
2.66025,-0.0009213234,
2.6605,-0.0050005959,
2.66075,-0.0145940017,
2.661,-0.0106341783,
2.66125,-0.0299215466,
2.6615,-0.0243512560,
2.66175,-0.0017529672,
2.662,-0.0009194774,
2.66225,-0.0267443806,
2.6625,-0.0031660937,
2.66275,0.0079734381,
2.663,0.0093132760,
2.66325,-0.0035032535,
2.6635,0.0031429781,
2.66375,0.0222675595,
2.664,0.0039192485,
2.66425,-0.0026915972,
2.6645,0.0143387774,
2.66475,0.0087592434,
2.665,0.0093297027,
2.66525,-0.0152774379,
2.6655,0.0186882894,
2.66575,0.0001238378,
2.666,-0.0147808008,
2.66625,-0.0100600487,
2.6665,-0.0199902356,
2.66675,0.0050475728,
2.667,-0.0091912746,
2.66725,0.0033017781,
2.6675,0.0051574404,
2.66775,0.0045948345,
2.668,0.0018052559,
2.66825,0.0179038923,
2.6685,0.0074167964,
2.66875,0.0036683145,
2.669,0.0033824779,
2.66925,0.0023729922,
2.6695,-0.0009420357,
2.66975,-0.0192143060,
2.67,-0.0054381713,
2.67025,0.0148232076,
2.6705,-0.0153034879,
2.67075,0.0052256281,
2.671,0.0023163222,
2.67125,-0.0080241254,
2.6715,-0.0155529706,
2.67175,-0.0197636131,
2.672,-0.0144453058,
2.67225,-0.0017344600,
2.6725,0.0020043282,
2.67275,0.0105392355,
2.673,0.0109162042,
2.67325,0.0040518674,
2.6735,0.0106457919,
2.67375,0.0242889132,
2.674,-0.0006353633,
2.67425,0.0023062055,
2.6745,0.0165783018,
2.67475,0.0152990036,
2.675,-0.0099134091,
2.67525,0.0063734455,
2.6755,0.0177054275,
2.67575,-0.0083226869,
2.676,-0.0041810269,
2.67625,-0.0137877176,
2.6765,0.0104233203,
2.67675,0.0060048373,
2.677,0.0034991736,
2.67725,0.0045839245,
2.6775,0.0005812412,
2.67775,0.0154384086,
2.678,0.0133086974,
2.67825,0.0237818900,
2.6785,0.0091118077,
2.67875,0.0001588720,
2.679,0.0276542753,
2.67925,0.0145438574,
2.6795,0.0045700748,
2.67975,0.0004248091,
2.68,-0.0082938727,
2.68025,-0.0082271565,
2.6805,-0.0037472807,
2.68075,-0.0011424491,
2.681,0.0052609229,
2.68125,0.0010361118,
2.6815,0.0066131745,
2.68175,0.0116458312,
2.682,-0.0095988251,
2.68225,0.0123932417,
2.6825,0.0114096003,
2.68275,0.0201968383,
2.683,-0.0004275309,
2.68325,0.0152295539,
2.6835,0.0252060667,
2.68375,0.0170324817,
2.684,0.0103232404,
2.68425,0.0169285741,
2.6845,0.0212506838,
2.68475,0.0126629872,
2.685,-0.0010079048,
2.68525,0.0220757704,
2.6855,0.0098279025,
2.68575,0.0026686206,
2.686,-0.0170272607,
2.68625,0.0035899733,
2.6865,-0.0036250895,
2.68675,-0.0044711162,
2.687,0.0091908257,
2.68725,0.0218129065,
2.6875,0.0120234508,
2.68775,0.0028174305,
2.688,0.0197187923,
2.68825,0.0094138402,
2.6885,0.0107007092,
2.68875,0.0142098358,
2.689,0.0048302184,
2.68925,0.0045728586,
2.6895,-0.0059336098,
2.68975,0.0065717711,
2.69,0.0108178053,
2.69025,-0.0100045260,
2.6905,0.0024145152,
2.69075,-0.0074788528,
2.691,-0.0207460001,
2.69125,-0.0243608691,
2.6915,-0.0210368093,
2.69175,0.0076977350,
2.692,0.0112002771,
2.69225,-0.0013200518,
2.6925,0.0083013242,
2.69275,0.0128674991,
2.693,0.0046875374,
2.69325,0.0159928463,
2.6935,0.0157915782,
2.69375,0.0071207052,
2.694,-0.0011913266,
2.69425,0.0141720930,
2.6945,0.0162718296,
2.69475,-0.0126145827,
2.695,0.0009425462,
2.69525,0.0022689821,
2.6955,-0.0088565070,
2.69575,-0.0169014595,
2.696,-0.0224264693,
2.69625,-0.0028904346,
2.6965,-0.0027409045,
2.69675,-0.0049776286,
2.697,-0.0028930283,
2.69725,0.0091644619,
2.6975,0.0019018275,
2.69775,0.0064175194,
2.698,0.0033778055,
2.69825,0.0030198439,
2.6985,-0.0093978001,
2.69875,0.0120855365,
2.699,0.0099814506,
2.69925,-0.0029129093,
2.6995,-0.0139143914,
2.69975,-0.0163020194,
2.7,-0.0121583249,
2.70025,-0.0078870496,
2.7005,-0.0115727317,
2.70075,0.0014123716,
2.701,-0.0037071367,
2.70125,-0.0091776326,
2.7015,-0.0158062000,
2.70175,-0.0231782626,
2.702,-0.0027469178,
2.70225,-0.0108604860,
2.7025,-0.0015484263,
2.70275,-0.0017012145,
2.703,-0.0024213069,
2.70325,0.0100199971,
2.7035,0.0096227983,
2.70375,-0.0105638951,
2.704,-0.0026822481,
2.70425,0.0111643989,
2.7045,-0.0117392242,
2.70475,-0.0126560973,
2.705,-0.0041285325,
2.70525,0.0033868798,
2.7055,-0.0099482015,
2.70575,-0.0292707589,
2.706,-0.0106349885,
2.70625,-0.0110970885,
2.7065,-0.0054167407,
2.70675,-0.0119215054,
2.707,0.0039786291,
2.70725,0.0090488102,
2.7075,-0.0138711547,
2.70775,-0.0024801793,
2.708,0.0127300201,
2.70825,-0.0031126463,
2.7085,-0.0021712037,
2.70875,0.0012616024,
2.709,0.0051947189,
2.70925,-0.0095894514,
2.7095,-0.0060976055,
2.70975,-0.0038695894,
2.71,-0.0068467180,
2.71025,-0.0205248389,
2.7105,-0.0070683495,
2.71075,-0.0107731717,
2.711,-0.0165824872,
2.71125,-0.0182574429,
2.7115,0.0104077021,
2.71175,0.0032441739,
2.712,-0.0099325292,
2.71225,-0.0013313739,
2.7125,0.0037406490,
2.71275,-0.0050500715,
2.713,0.0073358133,
2.71325,0.0089127813,
2.7135,0.0064332760,
2.71375,-0.0034522624,
2.714,0.0137505950,
2.71425,0.0007981275,
2.7145,-0.0097501017,
2.71475,-0.0069718668,
2.715,0.0069675781,
2.71525,0.0012752505,
2.7155,-0.0188438334,
2.71575,-0.0286932476,
2.716,-0.0070630480,
2.71625,0.0042715948,
2.7165,-0.0124739939,
2.71675,0.0031175334,
2.717,0.0172310192,
2.71725,0.0070506716,
2.7175,0.0042699338,
2.71775,0.0090625221,
2.718,0.0101724351,
2.71825,0.0025703348,
2.7185,0.0104936175,
2.71875,0.0142438514,
2.719,-0.0032852159,
2.71925,-0.0144890649,
2.7195,-0.0055694999,
2.71975,0.0111010261,
2.72,-0.0086522624,
2.72025,-0.0132284630,
2.7205,0.0139175272,
2.72075,0.0074731954,
2.721,-0.0144035667,
2.72125,-0.0177026242,
2.7215,0.0045680762,
2.72175,0.0026624638,
2.722,-0.0013527297,
2.72225,-0.0056902152,
2.7225,0.0048521166,
2.72275,0.0029710955,
2.723,0.0078306943,
2.72325,0.0118162567,
2.7235,0.0017430534,
2.72375,-0.0032617096,
2.724,0.0120185036,
2.72425,0.0008204928,
2.7245,-0.0030684101,
2.72475,0.0022730515,
2.725,0.0156453606,
2.72525,-0.0072984840,
2.7255,-0.0139660565,
2.72575,-0.0057446593,
2.726,0.0119248023,
2.72625,-0.0123156281,
2.7265,-0.0037087277,
2.72675,0.0021642514,
2.727,0.0045297937,
2.72725,-0.0033431700,
2.7275,-0.0041086385,
2.72775,0.0102545619,
2.728,0.0025391441,
2.72825,-0.0031576774,
2.7285,0.0089707468,
2.72875,0.0036232513,
2.729,-0.0115006315,
2.72925,-0.0080279633,
2.7295,0.0022286593,
2.72975,-0.0166113731,
2.73,-0.0189926196,
2.73025,0.0022408511,
2.7305,-0.0065694046,
2.73075,-0.0144268861,
2.731,-0.0304906610,
2.73125,0.0033966231,
2.7315,-0.0008932234,
2.73175,-0.0122305155,
2.732,-0.0188888144,
2.73225,0.0026426399,
2.7325,-0.0029777901,
2.73275,-0.0065936595,
2.733,0.0031308895,
2.73325,0.0016768561,
2.7335,-0.0078788605,
2.73375,0.0017976658,
2.734,0.0027322082,
2.73425,-0.0028694342,
2.7345,-0.0110421497,
2.73475,0.0104879923,
2.735,-0.0036302789,
2.73525,-0.0217346996,
2.7355,-0.0211244449,
2.73575,0.0033606021,
2.736,0.0051773717,
2.73625,-0.0091171153,
2.7365,-0.0014722380,
2.73675,0.0144114355,
2.737,0.0035453057,
2.73725,-0.0049749534,
2.7375,0.0050254371,
2.73775,0.0134413047,
2.738,-0.0058331988,
2.73825,-0.0007652728,
2.7385,-0.0018535606,
2.73875,-0.0060912590,
2.739,-0.0238115545,
2.73925,-0.0029915455,
2.7395,0.0112772975,
2.73975,-0.0167719908,
2.74,-0.0234270934,
2.74025,-0.0022883378,
2.7405,-0.0034364993,
2.74075,-0.0388073064,
2.741,-0.0167005975,
2.74125,0.0065326411,
2.7415,0.0022085975,
2.74175,-0.0132706761,
2.742,-0.0086415056,
2.74225,0.0122469496,
2.7425,-0.0016735643,
2.74275,0.0062386016,
2.743,0.0140794031,
2.74325,-0.0116565693,
2.7435,-0.0042745806,
2.74375,0.0069246888,
2.744,-0.0057194950,
2.74425,-0.0110275224,
2.7445,-0.0038800566,
2.74475,0.0031654877,
2.745,-0.0130001418,
2.74525,-0.0144075239,
2.7455,-0.0081843920,
2.74575,0.0079433415,
2.746,-0.0061969990,
2.74625,-0.0053671179,
2.7465,0.0035397671,
2.74675,0.0085503524,
2.747,-0.0050658230,
2.74725,0.0005392804,
2.7475,0.0113420272,
2.74775,0.0074747740,
2.748,-0.0080767414,
2.74825,0.0075425785,
2.7485,-0.0004408201,
2.74875,-0.0071141999,
2.749,-0.0073867799,
2.74925,0.0103965178,
2.7495,-0.0130980285,
2.74975,-0.0048685530,
2.75,-0.0003505478,
2.75025,0.0055523985,
2.7505,-0.0164148025,
2.75075,-0.0150172506,
2.751,0.0095607042,
2.75125,0.0117676146,
2.7515,-0.0005854988,
2.75175,0.0026235515,
2.752,0.0120902359,
2.75225,-0.0012499491,
2.7525,0.0042180670,
2.75275,0.0048758360,
2.753,0.0099446727,
2.75325,-0.0049498281,
2.7535,0.0112828258,
2.75375,0.0160409156,
2.754,0.0115663940,
2.75425,0.0050074975,
2.7545,0.0193496887,
2.75475,0.0074820202,
2.755,-0.0061022253,
2.75525,-0.0096798120,
2.7555,0.0187995080,
2.75575,0.0048512784,
2.756,-0.0003982573,
2.75625,0.0080320695,
2.7565,0.0176838581,
2.75675,0.0083316239,
2.757,0.0067038918,
2.75725,0.0154346004,
2.7575,0.0236520581,
2.75775,0.0091930814,
2.758,0.0056203613,
2.75825,0.0124276048,
2.7585,-0.0005745640,
2.75875,-0.0059586740,
2.759,0.0116942488,
2.75925,0.0084165866,
2.7595,-0.0008790786,
2.75975,-0.0130415224,
2.76,0.0073483689,
2.76025,-0.0015394209,
2.7605,-0.0164851490,
2.76075,-0.0038164190,
2.761,0.0163446236,
2.76125,0.0112845898,
2.7615,-0.0030127515,
2.76175,0.0169797670,
2.762,0.0138785243,
2.76225,0.0059426413,
2.7625,0.0098564159,
2.76275,0.0143077420,
2.763,-0.0053630322,
2.76325,0.0070310431,
2.7635,0.0015861233,
2.76375,-0.0018238500,
2.764,0.0061383815,
2.76425,0.0068346290,
2.7645,0.0087324642,
2.76475,0.0020407490,
2.765,-0.0014425262,
2.76525,-0.0020586660,
2.7655,0.0085811960,
2.76575,0.0050916793,
2.766,0.0038131578,
2.76625,0.0096819010,
2.7665,0.0186733976,
2.76675,0.0044506267,
2.767,0.0053278147,
2.76725,0.0157575123,
2.7675,0.0169339515,
2.76775,0.0045493636,
2.768,0.0058936840,
2.76825,0.0007239781,
2.7685,-0.0042610993,
2.76875,0.0023415876,
2.769,0.0012122082,
2.76925,-0.0106518064,
2.7695,-0.0096244141,
2.76975,-0.0006897163,
2.77,0.0048068073,
2.77025,-0.0077961832,
2.7705,-0.0032784652,
2.77075,-0.0015460205,
2.771,0.0281436164,
2.77125,0.0031481087,
2.7715,0.0085314959,
2.77175,-0.0040364936,
2.772,-0.0009431144,
2.77225,-0.0008613064,
2.7725,0.0016003689,
2.77275,0.0004616693,
2.773,0.0034825453,
2.77325,-0.0018908294,
2.7735,0.0066913753,
2.77375,0.0182294399,
2.774,-0.0083654784,
2.77425,0.0071079060,
2.7745,-0.0069354381,
2.77475,0.0007602425,
2.775,-0.0163474996,
2.77525,0.0071463948,
2.7755,0.0091004828,
2.77575,-0.0081431828,
2.776,0.0086601544,
2.77625,0.0121179214,
2.7765,0.0058457763,
2.77675,0.0061743292,
2.777,0.0038520857,
2.77725,0.0182191543,
2.7775,0.0121652605,
2.77775,0.0063858051,
2.778,0.0022842018,
2.77825,-0.0213054419,
2.7785,-0.0007268270,
2.77875,0.0013221340,
2.779,0.0079126181,
2.77925,-0.0011672560,
2.7795,-0.0087080635,
2.77975,0.0101852380,
2.78,0.0054795211,
2.78025,-0.0179557931,
2.7805,-0.0070710550,
2.78075,0.0145843364,
2.781,-0.0026538791,
2.78125,0.0040991120,
2.7815,0.0043647788,
2.78175,0.0133571215,
2.782,-0.0016832089,
2.78225,-0.0096189026,
2.7825,0.0085352380,
2.78275,-0.0072250417,
2.783,0.0010392767,
2.78325,-0.0072165602,
2.7835,0.0037755761,
2.78375,0.0062863897,
2.784,-0.0085273208,
2.78425,-0.0132109327,
2.7845,0.0047029294,
2.78475,-0.0107548246,
2.785,-0.0064841257,
2.78525,0.0101028858,
2.7855,0.0005520380,
2.78575,0.0071648513,
2.786,0.0030214337,
2.78625,0.0175624602,
2.7865,0.0133166686,
2.78675,-0.0035226550,
2.787,0.0119106546,
2.78725,0.0186489802,
2.7875,0.0070152590,
2.78775,-0.0027428977,
2.788,-0.0113436766,
2.78825,-0.0066853622,
2.7885,-0.0009541124,
2.78875,-0.0038562133,
2.789,0.0051966133,
2.78925,-0.0042132945,
2.7895,0.0034306454,
2.78975,-0.0023334820,
2.79,-0.0074737286,
2.79025,0.0010671916,
2.7905,0.0062568290,
2.79075,0.0235173889,
2.791,0.0134116001,
2.79125,0.0029391334,
2.7915,0.0073922975,
2.79175,0.0019581930,
2.792,-0.0034598522,
2.79225,0.0084668780,
2.7925,0.0028988323,
2.79275,0.0162040703,
2.793,-0.0025014046,
2.79325,0.0107224043,
2.7935,0.0042253416,
2.79375,-0.0257382207,
2.794,0.0072180894,
2.79425,-0.0025659585,
2.7945,-0.0028902702,
2.79475,-0.0046106270,
2.795,0.0045284163,
2.79525,0.0092456900,
2.7955,-0.0003176959,
2.79575,0.0044513922,
2.796,0.0188223589,
2.79625,0.0168520901,
2.7965,0.0046867616,
2.79675,0.0059881289,
2.797,0.0192600228,
2.79725,0.0163702145,
2.7975,0.0147370920,
2.79775,-0.0093473522,
2.798,-0.0121037737,
2.79825,0.0104857609,
2.7985,0.0021311468,
2.79875,0.0146998875,
2.799,-0.0001789920,
2.79925,0.0086558294,
2.7995,-0.0048035774,
2.79975,-0.0012763590,
2.8,0.0007334552,
2.80025,-0.0087334719,
2.8005,0.0158016793,
2.80075,0.0086710872,
2.801,0.0086620040,
2.80125,0.0040909671,
2.8015,0.0103712920,
2.80175,-0.0096589336,
2.802,0.0015021551,
2.80225,0.0030668657,
2.8025,0.0015352294,
2.80275,-0.0033262672,
2.803,-0.0077474164,
2.80325,0.0028663056,
2.8035,0.0054502264,
2.80375,-0.0089279544,
2.804,-0.0130187292,
2.80425,0.0035633449,
2.8045,-0.0102183139,
2.80475,-0.0080538532,
2.805,0.0033902843,
2.80525,0.0060296240,
2.8055,0.0003562470,
2.80575,0.0052242093,
2.806,0.0179936159,
2.80625,0.0065793972,
2.8065,-0.0050967578,
2.80675,0.0031176396,
2.807,0.0164664388,
2.80725,0.0014940772,
2.8075,-0.0176099632,
2.80775,-0.0224598944,
2.808,-0.0116065610,
2.80825,-0.0075607682,
2.8085,-0.0182923675,
2.80875,0.0056604464,
2.809,0.0042051845,
2.80925,-0.0052111521,
2.8095,-0.0206035953,
2.80975,-0.0056355949,
2.81,-0.0010436664,
2.81025,0.0022031085,
2.8105,0.0057248790,
2.81075,0.0066334317,
2.811,-0.0096171647,
2.81125,-0.0035585035,
2.8115,-0.0023323148,
2.81175,-0.0024842359,
2.812,-0.0059487862,
2.81225,-0.0018654331,
2.8125,-0.0041110930,
2.81275,-0.0151259098,
2.813,-0.0110188369,
2.81325,-0.0185108352,
2.8135,-0.0154100163,
2.81375,-0.0082050804,
2.814,-0.0083587812,
2.81425,-0.0054401881,
2.8145,-0.0045875255,
2.81475,-0.0041326853,
2.815,-0.0050071292,
2.81525,-0.0059446436,
2.8155,-0.0076854038,
2.81575,0.0037151948,
2.816,0.0046746912,
2.81625,-0.0063791340,
2.8165,-0.0030645307,
2.81675,0.0027430954,
2.817,0.0080842869,
2.81725,-0.0049614091,
2.8175,-0.0252712145,
2.81775,-0.0099894395,
2.818,0.0053669349,
2.81825,-0.0093161622,
2.8185,-0.0069653830,
2.81875,-0.0154192559,
2.819,-0.0151567534,
2.81925,-0.0248179045,
2.8195,-0.0035381617,
2.81975,-0.0163939577,
2.82,-0.0237075500,
2.82025,0.0019725710,
2.8205,-0.0019200328,
2.82075,-0.0076975962,
2.821,-0.0124345496,
2.82125,-0.0081803687,
2.8215,-0.0068223360,
2.82175,-0.0084392447,
2.822,-0.0183914937,
2.82225,0.0043436736,
2.8225,-0.0144752469,
2.82275,-0.0097138835,
2.823,-0.0091697294,
2.82325,0.0007539202,
2.8235,-0.0238241609,
2.82375,-0.0121398568,
2.824,-0.0137275886,
2.82425,-0.0033184141,
2.8245,-0.0151546448,
2.82475,-0.0074405316,
2.825,0.0027176347,
2.82525,-0.0012108050,
2.8255,0.0044787265,
2.82575,0.0039748503,
2.826,0.0085764499,
2.82625,-0.0030185820,
2.8265,-0.0003936581,
2.82675,0.0114242155,
2.827,-0.0069154934,
2.82725,-0.0149276908,
2.8275,-0.0163718928,
2.82775,-0.0069742277,
2.828,-0.0094446959,
2.82825,-0.0165901314,
2.8285,0.0022976426,
2.82875,0.0064359959,
2.829,-0.0146611407,
2.82925,-0.0155016147,
2.8295,-0.0017471170,
2.82975,-0.0165015496,
2.83,0.0026451889,
2.83025,0.0021398449,
2.8305,0.0083917547,
2.83075,-0.0078169079,
2.831,0.0027421927,
2.83125,0.0067681633,
2.8315,0.0016860372,
2.83175,-0.0072277547,
2.832,0.0074085584,
2.83225,-0.0075855944,
2.8325,-0.0112192743,
2.83275,-0.0170553178,
2.833,-0.0054138643,
2.83325,0.0086893067,
2.8335,-0.0159040950,
2.83375,-0.0110177929,
2.834,-0.0032107157,
2.83425,0.0022763750,
2.8345,-0.0054720752,
2.83475,0.0008391775,
2.835,-0.0067474064,
2.83525,-0.0004457277,
2.8355,0.0041141985,
2.83575,0.0118594076,
2.836,0.0077736243,
2.83625,0.0032333960,
2.8365,0.0107521517,
2.83675,0.0137022557,
2.837,0.0028126545,
2.83725,-0.0160132945,
2.8375,0.0004594989,
2.83775,0.0017880491,
2.838,-0.0237372369,
2.83825,-0.0125457486,
2.8385,-0.0164589118,
2.83875,-0.0062806150,
2.839,-0.0152390804,
2.83925,0.0063318689,
2.8395,-0.0050919699,
2.83975,-0.0034134770,
2.84,0.0070313578,
2.84025,0.0016215852,
2.8405,0.0039673699,
2.84075,-0.0032112063,
2.841,0.0065387050,
2.84125,0.0141228689,
2.8415,-0.0025344049,
2.84175,-0.0060084765,
2.842,0.0152945807,
2.84225,0.0007609851,
2.8425,-0.0092021702,
2.84275,-0.0005005204,
2.843,0.0065119611,
2.84325,-0.0128136491,
2.8435,-0.0065318192,
2.84375,-0.0234951414,
2.844,0.0096161393,
2.84425,-0.0169461016,
2.8445,0.0051828199,
2.84475,0.0055546286,
2.845,0.0036159470,
2.84525,-0.0053541567,
2.8455,0.0104440581,
2.84575,0.0147435255,
2.846,0.0014931068,
2.84625,0.0047484408,
2.8465,0.0107163759,
2.84675,-0.0056583285,
2.847,-0.0086869979,
2.84725,-0.0059399195,
2.8475,0.0130495410,
2.84775,-0.0077017453,
2.848,-0.0105497232,
2.84825,0.0000008907,
2.8485,-0.0031337873,
2.84875,-0.0165066421,
2.849,-0.0229141489,
2.84925,-0.0029122266,
2.8495,-0.0025733626,
2.84975,0.0057680430,
2.85,0.0016925723,
2.85025,0.0143036759,
2.8505,0.0008028775,
2.85075,0.0034055733,
2.851,0.0198160671,
2.85125,0.0103853289,
2.8515,-0.0087955771,
2.85175,0.0080593713,
2.852,0.0055556875,
2.85225,-0.0057479595,
2.8525,-0.0162913185,
2.85275,0.0074278046,
2.853,0.0039094659,
2.85325,-0.0135753453,
2.8535,-0.0168424882,
2.85375,0.0076878960,
2.854,0.0003870411,
2.85425,-0.0058971788,
2.8545,0.0030216021,
2.85475,0.0059801484,
2.855,0.0064835367,
2.85525,0.0066335169,
2.8555,0.0193460137,
2.85575,0.0071653510,
2.856,0.0043244250,
2.85625,0.0010650654,
2.8565,0.0167322960,
2.85675,0.0007665335,
2.857,-0.0174835641,
2.85725,-0.0041790917,
2.8575,-0.0161526930,
2.85775,-0.0289178789,
2.858,-0.0114369011,
2.85825,-0.0136928456,
2.8585,0.0017392496,
2.85875,-0.0178226866,
2.859,0.0107016051,
2.85925,-0.0044392445,
2.8595,0.0002303568,
2.85975,0.0007293879,
2.86,0.0012948574,
2.86025,0.0099239824,
2.8605,0.0003783566,
2.86075,0.0145943351,
2.861,0.0176727660,
2.86125,-0.0020287526,
2.8615,-0.0051686708,
2.86175,0.0123445671,
2.862,0.0041660652,
2.86225,-0.0194905493,
2.8625,0.0049834209,
2.86275,0.0070956741,
2.863,-0.0081728287,
2.86325,-0.0158222578,
2.8635,-0.0196339730,
2.86375,0.0072839828,
2.864,-0.0100194812,
2.86425,0.0082306694,
2.8645,0.0054383506,
2.86475,0.0134322830,
2.865,-0.0012369200,
2.86525,0.0056995586,
2.8655,0.0157963149,
2.86575,0.0069518862,
2.866,0.0030216449,
2.86625,0.0092010461,
2.8665,-0.0015216516,
2.86675,-0.0114005562,
2.867,0.0008554096,
2.86725,0.0126602706,
2.8675,-0.0167694986,
2.86775,-0.0128930882,
2.868,-0.0090318723,
2.86825,-0.0130563825,
2.8685,-0.0343096144,
2.86875,-0.0185015034,
2.869,0.0028446771,
2.86925,0.0153785096,
2.8695,0.0098250732,
2.86975,0.0047232346,
2.87,0.0200275406,
2.87025,-0.0050421297,
2.8705,0.0119826104,
2.87075,0.0164588597,
2.871,0.0063993060,
2.87125,-0.0078934776,
2.8715,0.0052587837,
2.87175,0.0152146304,
2.872,-0.0031612017,
2.87225,-0.0088602155,
2.8725,0.0180728156,
2.87275,-0.0034582759,
2.873,-0.0017279054,
2.87325,-0.0150367236,
2.8735,0.0029935041,
2.87375,0.0047271196,
2.874,-0.0021130280,
2.87425,-0.0022402147,
2.8745,0.0139147090,
2.87475,0.0070292531,
2.875,0.0088906661,
2.87525,0.0128794741,
2.8755,0.0162539240,
2.87575,0.0099358996,
2.876,0.0106157875,
2.87625,0.0279913582,
2.8765,0.0075722169,
2.87675,-0.0001454598,
2.877,-0.0015796300,
2.87725,-0.0127789201,
2.8775,-0.0074575832,
2.87775,-0.0093101654,
2.878,0.0075793243,
2.87825,0.0088381758,
2.8785,-0.0001819897,
2.87875,-0.0023755557,
2.879,-0.0068872380,
2.87925,0.0012241225,
2.8795,-0.0086828405,
2.87975,0.0115006743,
2.88,0.0146716833,
2.88025,0.0160046462,
2.8805,0.0111528691,
2.88075,0.0235443972,
2.881,0.0024180040,
2.88125,0.0029905592,
2.8815,0.0211512595,
2.88175,-0.0001504256,
2.882,-0.0048696767,
2.88225,0.0171105415,
2.8825,0.0095069762,
2.88275,0.0154005997,
2.883,-0.0100576505,
2.88325,-0.0028318018,
2.8835,0.0130139608,
2.88375,0.0112693980,
2.884,0.0040147551,
2.88425,0.0192543864,
2.8845,0.0206488669,
2.88475,0.0061467774,
2.885,0.0115327863,
2.88525,0.0208215062,
2.8855,0.0208940841,
2.88575,0.0088023059,
2.886,0.0152022988,
2.88625,0.0057066600,
2.8865,-0.0010271708,
2.88675,0.0173581727,
2.887,-0.0021026465,
2.88725,-0.0141300075,
2.8875,-0.0098786056,
2.88775,-0.0095149493,
2.888,-0.0061354591,
2.88825,-0.0106365625,
2.8885,-0.0141072646,
2.88875,0.0027976513,
2.889,0.0205519684,
2.88925,0.0045182006,
2.8895,0.0136858188,
2.88975,0.0095296968,
2.89,0.0042438530,
2.89025,0.0150294825,
2.8905,0.0166314337,
2.89075,0.0125663774,
2.891,0.0074534351,
2.89125,0.0017792343,
2.8915,0.0118346279,
2.89175,0.0111405086,
2.892,-0.0110718142,
2.89225,0.0127731860,
2.8925,0.0173042398,
2.89275,-0.0034807620,
2.893,-0.0129394876,
2.89325,0.0082418825,
2.8935,0.0087934351,
2.89375,0.0068612518,
2.894,0.0010038001,
2.89425,0.0200022850,
2.8945,0.0129790558,
2.89475,-0.0002850782,
2.895,0.0122462194,
2.89525,0.0127859237,
2.8955,0.0135949980,
2.89575,0.0106672030,
2.896,0.0086651836,
2.89625,-0.0105313817,
2.8965,-0.0121612521,
2.89675,-0.0119719040,
2.897,0.0026022934,
2.89725,-0.0043556145,
2.8975,-0.0132444231,
2.89775,0.0034497692,
2.898,-0.0016449620,
2.89825,-0.0109259514,
2.8985,-0.0390823260,
2.89875,-0.0014843344,
2.899,-0.0079391096,
2.89925,-0.0133306589,
2.8995,0.0036356067,
2.89975,0.0001619201,
2.9,0.0064734416,
2.90025,0.0017260024,
2.9005,0.0095885647,
2.90075,0.0025406186,
2.901,-0.0098694395,
2.90125,0.0039741090,
2.9015,-0.0079709291,
2.90175,-0.0015211728,
2.902,0.0083505465,
2.90225,-0.0054834415,
2.9025,0.0026199780,
2.90275,-0.0205686279,
2.903,-0.0113954842,
2.90325,0.0059634242,
2.9035,0.0051160087,
2.90375,-0.0133608114,
2.904,0.0060866736,
2.90425,0.0042722020,
2.9045,0.0050773108,
2.90475,-0.0038442728,
2.905,0.0075950450,
2.90525,0.0122515243,
2.9055,-0.0033417405,
2.90575,0.0013187542,
2.906,-0.0013102127,
2.90625,-0.0068147229,
2.9065,0.0003640639,
2.90675,-0.0158200245,
2.907,-0.0179524794,
2.90725,-0.0289613344,
2.9075,-0.0100568719,
2.90775,-0.0016895955,
2.908,-0.0170303546,
2.90825,-0.0334190875,
2.9085,0.0003186919,
2.90875,0.0045788526,
2.909,-0.0054089255,
2.90925,-0.0073367399,
2.9095,0.0016442845,
2.90975,0.0100408075,
2.91,-0.0016927579,
2.91025,0.0090214172,
2.9105,0.0045941309,
2.91075,0.0012345002,
2.911,0.0045303474,
2.91125,0.0044836001,
2.9115,-0.0029247906,
2.91175,-0.0155601921,
2.912,0.0044954619,
2.91225,0.0149272066,
2.9125,-0.0143609950,
2.91275,-0.0189519655,
2.913,0.0059016831,
2.91325,0.0103050712,
2.9135,0.0026067791,
2.91375,-0.0041383905,
2.914,0.0072429692,
2.91425,0.0085689174,
2.9145,-0.0073960372,
2.91475,0.0070156180,
2.915,0.0149546545,
2.91525,0.0104974480,
2.9155,0.0088940449,
2.91575,-0.0078235744,
2.916,-0.0058389334,
2.91625,-0.0094315438,
2.9165,-0.0081420122,
2.91675,0.0154277626,
2.917,-0.0121694664,
2.91725,-0.0074057393,
2.9175,-0.0082008122,
2.91775,-0.0145641025,
2.918,-0.0208495818,
2.91825,-0.0364384502,
2.9185,0.0145480875,
2.91875,0.0072412277,
2.919,-0.0034716427,
2.91925,0.0051285322,
2.9195,0.0159680638,
2.91975,0.0089017702,
2.92,0.0103979884,
2.92025,0.0113809584,
2.9205,0.0199277438,
2.92075,-0.0018099581,
2.921,0.0066601620,
2.92125,0.0020294711,
2.9215,0.0128849605,
2.92175,-0.0018029616,
2.922,-0.0008283189,
2.92225,-0.0018593167,
2.9225,-0.0137045467,
2.92275,-0.0057902029,
2.923,0.0077923364,
2.92325,-0.0029420794,
2.9235,-0.0102048842,
2.92375,0.0039067669,
2.924,0.0085285101,
2.92425,0.0019710865,
2.9245,0.0049192561,
2.92475,0.0069865403,
2.925,0.0190099981,
2.92525,-0.0020201537,
2.9255,-0.0040481500,
2.92575,-0.0018677210,
2.926,-0.0079221725,
2.92625,-0.0062909229,
2.9265,-0.0112768989,
2.92675,-0.0019237190,
2.927,-0.0072150216,
2.92725,-0.0069567692,
2.9275,-0.0034899064,
2.92775,-0.0104433149,
2.928,-0.0269745644,
2.92825,0.0054660859,
2.9285,0.0070519214,
2.92875,0.0075991387,
2.929,-0.0037960922,
2.92925,0.0049013975,
2.9295,0.0087253321,
2.92975,0.0035815095,
2.93,-0.0015826807,
2.93025,0.0095414408,
2.9305,-0.0011656085,
2.93075,-0.0000758222,
2.931,-0.0033211200,
2.93125,0.0063180178,
2.9315,-0.0084355650,
2.93175,0.0037673095,
2.932,0.0074756183,
2.93225,-0.0196054485,
2.9325,-0.0121743185,
2.93275,0.0023163874,
2.933,0.0007724648,
2.93325,-0.0033367320,
2.9335,-0.0052306177,
2.93375,0.0032572963,
2.934,0.0022252169,
2.93425,-0.0089855054,
2.9345,0.0018376599,
2.93475,0.0135768764,
2.935,0.0039188783,
2.93525,-0.0033920805,
2.9355,-0.0125310179,
2.93575,-0.0050106430,
2.936,-0.0140500683,
2.93625,-0.0126600070,
2.9365,0.0085489461,
2.93675,-0.0175432749,
2.937,-0.0205354933,
2.93725,-0.0197630934,
2.9375,-0.0115457587,
2.93775,-0.0225240514,
2.938,-0.0304320436,
2.93825,0.0045601144,
2.9385,0.0103374533,
2.93875,0.0012088257,
2.939,-0.0062859193,
2.93925,0.0141315218,
2.9395,0.0041931351,
2.93975,-0.0010763912,
2.94,0.0074698674,
2.94025,0.0008170882,
2.9405,-0.0034644045,
2.94075,-0.0042649214,
2.941,-0.0055395588,
2.94125,0.0107100457,
2.9415,-0.0088674817,
2.94175,-0.0043289606,
2.942,-0.0106734112,
2.94225,-0.0061993524,
2.9425,-0.0088630859,
2.94275,-0.0096936543,
2.943,-0.0019279821,
2.94325,-0.0058144834,
2.9435,-0.0054129204,
2.94375,0.0113125695,
2.944,0.0004389356,
2.94425,-0.0047900090,
2.9445,-0.0031873859,
2.94475,0.0179612562,
2.945,0.0034534303,
2.94525,-0.0043289820,
2.9455,-0.0017541847,
2.94575,0.0004584646,
2.946,-0.0031173755,
2.94625,-0.0036262025,
2.9465,0.0033799964,
2.94675,-0.0000797812,
2.947,-0.0110340482,
2.94725,-0.0022779843,
2.9475,-0.0231503546,
2.94775,-0.0275672507,
2.948,0.0014991735,
2.94825,0.0122443112,
2.9485,0.0085416380,
2.94875,0.0026538819,
2.949,0.0077031809,
2.94925,0.0053549754,
2.9495,0.0074251760,
2.94975,-0.0026715130,
2.95,0.0137819611,
2.95025,0.0070842584,
2.9505,0.0002654562,
2.95075,-0.0063317013,
2.951,0.0152930524,
2.95125,0.0050190976,
2.9515,0.0023390821,
2.95175,-0.0103042936,
2.952,-0.0055567017,
2.95225,0.0026274214,
2.9525,0.0011812371,
2.95275,0.0142050711,
2.953,-0.0057738838,
2.95325,0.0022076801,
2.9535,0.0090543190,
2.95375,0.0121258441,
2.954,0.0152161159,
2.95425,0.0105720386,
2.9545,0.0208111629,
2.95475,0.0207218342,
2.955,0.0062523047,
2.95525,0.0116008203,
2.9555,-0.0046186280,
2.95575,-0.0026723696,
2.956,0.0103810700,
2.95625,0.0015862768,
2.9565,-0.0065581091,
2.95675,-0.0154171791,
2.957,0.0007494627,
2.95725,0.0079685189,
2.9575,-0.0152362240,
2.95775,-0.0121403225,
2.958,0.0201750938,
2.95825,0.0095648132,
2.9585,0.0083704898,
2.95875,0.0050277845,
2.959,0.0160846449,
2.95925,0.0089184595,
2.9595,-0.0050611403,
2.95975,0.0124511719,
2.96,0.0111902049,
2.96025,0.0039880630,
2.9605,-0.0055721579,
2.96075,-0.0021444752,
2.961,0.0182515588,
2.96125,-0.0070860321,
2.9615,-0.0034150942,
2.96175,-0.0044530588,
2.962,0.0070449868,
2.96225,-0.0091376267,
2.9625,0.0019259211,
2.96275,0.0124674123,
2.963,0.0010664432,
2.96325,0.0056109112,
2.9635,0.0059700012,
2.96375,0.0122122271,
2.964,0.0011498836,
2.96425,0.0048771338,
2.9645,0.0198771544,
2.96475,0.0094940858,
2.965,0.0057868809,
2.96525,-0.0166253075,
2.9655,0.0051269815,
2.96575,-0.0012960532,
2.966,0.0033542500,
2.96625,0.0051134489,
2.9665,-0.0008668595,
2.96675,-0.0009690626,
2.967,-0.0050556515,
2.96725,-0.0182819571,
2.9675,-0.0011819188,
2.96775,0.0051443446,
2.968,0.0074790749,
2.96825,0.0109626902,
2.9685,0.0063645691,
2.96875,-0.0027227926,
2.969,0.0065763202,
2.96925,-0.0012191422,
2.9695,-0.0061514797,
2.96975,0.0088962298,
2.97,0.0122624822,
2.97025,-0.0007856453,
2.9705,-0.0066085807,
2.97075,0.0159025025,
2.971,-0.0071193562,
2.97125,-0.0073902872,
2.9715,-0.0107855015,
2.97175,-0.0068258429,
2.972,-0.0021504452,
2.97225,0.0000278406,
2.9725,-0.0052974038,
2.97275,-0.0146797188,
2.973,0.0001076511,
2.97325,-0.0001748676,
2.9735,0.0120674437,
2.97375,0.0086320201,
2.974,-0.0063782828,
2.97425,0.0134516042,
2.9745,0.0170503967,
2.97475,0.0090349130,
2.975,0.0015343092,
2.97525,-0.0184374489,
2.9755,0.0006013743,
2.97575,0.0032928973,
2.976,0.0026373297,
2.97625,-0.0113993967,
2.9765,-0.0034086870,
2.97675,-0.0047177244,
2.977,0.0011581252,
2.97725,-0.0083387913,
2.9775,-0.0061134738,
2.97775,0.0106906854,
2.978,0.0086331815,
2.97825,0.0131800473,
2.9785,0.0000828184,
2.97875,0.0142926462,
2.979,-0.0008630082,
2.97925,-0.0081005180,
2.9795,0.0031375326,
2.97975,0.0050694491,
2.98,0.0076890546,
2.98025,-0.0174327344,
2.9805,0.0074751386,
2.98075,0.0105540501,
2.981,0.0044737002,
2.98125,-0.0165608823,
2.9815,-0.0048281709,
2.98175,-0.0039544925,
2.982,-0.0088845277,
2.98225,0.0021116294,
2.9825,0.0079791509,
2.98275,0.0082217408,
2.983,-0.0043134508,
2.98325,0.0068466463,
2.9835,0.0086307768,
2.98375,0.0038407536,
2.984,0.0004822033,
2.98425,0.0066217007,
2.9845,0.0165573731,
2.98475,-0.0092249913,
2.985,-0.0093955304,
2.98525,0.0119627528,
2.9855,-0.0054782908,
2.98575,-0.0033625134,
2.986,-0.0017569511,
2.98625,-0.0065223542,
2.9865,-0.0117036533,
2.98675,-0.0238859672,
2.987,-0.0002622681,
2.98725,0.0108288843,
2.9875,-0.0015745357,
2.98775,0.0082456730,
2.988,0.0135984449,
2.98825,0.0053025135,
2.9885,0.0061134417,
2.98875,0.0143689346,
2.989,0.0118077835,
2.98925,-0.0070764134,
2.9895,0.0104515441,
2.98975,0.0166399889,
2.99,-0.0128346207,
2.99025,0.0016805732,
2.9905,0.0028183423,
2.99075,0.0005835769,
2.991,-0.0040084897,
2.99125,-0.0170872081,
2.9915,-0.0073277578,
2.99175,0.0048902417,
2.992,0.0061548804,
2.99225,-0.0002858063,
2.9925,0.0044055232,
2.99275,0.0116261542,
2.993,0.0002839906,
2.99325,0.0138888899,
2.9935,0.0115545923,
2.99375,-0.0000398003,
2.994,0.0132955071,
2.99425,0.0213716365,
2.9945,0.0133963674,
2.99475,0.0015773147,
2.995,-0.0090371594,
2.99525,0.0103459563,
2.9955,0.0037316037,
2.99575,0.0046096840,
2.996,0.0036919178,
2.99625,0.0053216303,
2.9965,0.0030947514,
2.99675,-0.0024476619,
2.997,-0.0064300075,
2.99725,0.0001859767,
2.9975,0.0052563078,
2.99775,0.0154048130,
2.998,0.0091835028,
2.99825,-0.0002196976,
2.9985,0.0105807614,
2.99875,0.0033801480,
2.999,0.0060949847,
2.99925,-0.0075230189,
2.9995,0.0029261329,
2.99975,0.0087777348,