Date,2020-11-28 09:14:51
Filename,STFMK-20201105-LW19-1943_20201128_091451_004.dat
Data Label,벨트느슨함
Label_No,04
Motor Spec,R-PAHU-04S, 1760,55, 105.3,
Period,3SEC
Sample Rate,4000
RMS,0.010229,
Data Length,12000,
0,0.0127949603,
0.00025,0.0127076088,
0.0005,-0.0066379691,
0.00075,0.0161583498,
0.001,0.0214967355,
0.00125,-0.0080979839,
0.0015,-0.0078388657,
0.00175,0.0126656108,
0.002,-0.0071346941,
0.00225,-0.0018924430,
0.0025,-0.0023569788,
0.00275,0.0056479853,
0.003,-0.0073955390,
0.00325,0.0073958677,
0.0035,0.0092435591,
0.00375,0.0031678220,
0.004,-0.0061057368,
0.00425,0.0050662169,
0.0045,0.0138857812,
0.00475,0.0098211979,
0.005,0.0073066331,
0.00525,0.0147280674,
0.0055,0.0077069742,
0.00575,0.0056305341,
0.006,0.0012216405,
0.00625,0.0209393930,
0.0065,0.0063827401,
0.00675,0.0014289708,
0.007,-0.0016441785,
0.00725,-0.0002599263,
0.0075,-0.0018332927,
0.00775,-0.0133687267,
0.008,0.0102094179,
0.00825,0.0095558437,
0.0085,-0.0105249658,
0.00875,-0.0113790371,
0.009,-0.0060609635,
0.00925,-0.0214840919,
0.0095,0.0030771082,
0.00975,0.0075433403,
0.01,0.0162417274,
0.01025,-0.0015730152,
0.0105,0.0072951750,
0.01075,0.0105299847,
0.011,0.0038622855,
0.01125,-0.0032913764,
0.0115,-0.0084547419,
0.01175,0.0031386078,
0.012,0.0030246908,
0.01225,-0.0155581217,
0.0125,-0.0058086207,
0.01275,0.0095108896,
0.013,-0.0049251402,
0.01325,-0.0050701760,
0.0135,-0.0044140667,
0.01375,0.0097575746,
0.014,-0.0159037504,
0.01425,-0.0044645700,
0.0145,0.0076927124,
0.01475,-0.0117547680,
0.015,-0.0087387031,
0.01525,0.0107684648,
0.0155,-0.0009295266,
0.01575,-0.0110971136,
0.016,0.0059725763,
0.01625,0.0230963882,
0.0165,-0.0170287378,
0.01675,-0.0091873556,
0.017,0.0049641500,
0.01725,-0.0171160232,
0.0175,-0.0152219264,
0.01775,0.0063478574,
0.018,-0.0286749899,
0.01825,-0.0277105160,
0.0185,-0.0165640991,
0.01875,0.0019766998,
0.019,-0.0230112839,
0.01925,-0.0215108301,
0.0195,0.0115852626,
0.01975,0.0051966864,
0.02,0.0035455499,
0.02025,0.0061145835,
0.0205,0.0108017009,
0.02075,0.0079604527,
0.021,-0.0070192544,
0.02125,-0.0038243912,
0.0215,0.0093385093,
0.02175,-0.0037449412,
0.022,-0.0027928560,
0.02225,-0.0063713202,
0.0225,0.0065012956,
0.02275,-0.0072196592,
0.023,-0.0044120587,
0.02325,-0.0095995553,
0.0235,0.0071605872,
0.02375,-0.0105055189,
0.024,0.0030565567,
0.02425,0.0133582531,
0.0245,0.0153008560,
0.02475,0.0023138109,
0.025,0.0034480463,
0.02525,0.0229453370,
0.0255,0.0023422753,
0.02575,0.0046548103,
0.026,0.0221050233,
0.02625,-0.0016358732,
0.0265,0.0039588381,
0.02675,-0.0043448908,
0.027,0.0093956990,
0.02725,-0.0001286125,
0.0275,-0.0058259633,
0.02775,0.0101843569,
0.028,0.0015650238,
0.02825,-0.0106172767,
0.0285,-0.0079189213,
0.02875,-0.0201312434,
0.029,-0.0102776866,
0.02925,0.0071174940,
0.0295,0.0046322690,
0.02975,0.0228547212,
0.03,-0.0022487377,
0.03025,0.0140447877,
0.0305,0.0168002043,
0.03075,0.0138397980,
0.031,0.0014609410,
0.03125,0.0025499393,
0.0315,0.0148205133,
0.03175,0.0112054758,
0.032,-0.0145281535,
0.03225,0.0140565969,
0.0325,0.0076580164,
0.03275,-0.0036980207,
0.033,-0.0016231603,
0.03325,0.0067446493,
0.0335,0.0139913810,
0.03375,-0.0025291636,
0.034,0.0102639990,
0.03425,0.0156308692,
0.0345,0.0050389022,
0.03475,0.0068423254,
0.035,0.0202317461,
0.03525,0.0107713472,
0.0355,0.0076024630,
0.03575,0.0093725463,
0.036,0.0182890482,
0.03625,0.0033964261,
0.0365,0.0011429199,
0.03675,-0.0047548297,
0.037,-0.0087461155,
0.03725,-0.0050330758,
0.0375,0.0033335905,
0.03775,-0.0128041869,
0.038,-0.0076290220,
0.03825,-0.0151998363,
0.0385,0.0100892168,
0.03875,-0.0098759169,
0.039,-0.0074638729,
0.03925,0.0094338153,
0.0395,0.0158070382,
0.03975,0.0114020593,
0.04,0.0004681382,
0.04025,0.0164468419,
0.0405,0.0177168678,
0.04075,-0.0002745489,
0.041,-0.0070353523,
0.04125,0.0086524785,
0.0415,0.0095138242,
0.04175,-0.0185405724,
0.042,0.0007839238,
0.04225,0.0062127952,
0.0425,-0.0002567291,
0.04275,-0.0079122661,
0.043,-0.0107106240,
0.04325,0.0000561559,
0.0435,-0.0078996047,
0.04375,0.0073251040,
0.044,0.0111318333,
0.04425,0.0125868674,
0.0445,-0.0008080521,
0.04475,0.0082263611,
0.045,0.0113741225,
0.04525,0.0044662687,
0.0455,0.0068235788,
0.04575,0.0026140790,
0.046,0.0049701296,
0.04625,0.0030971693,
0.0465,-0.0108355200,
0.04675,0.0092137987,
0.047,-0.0022154560,
0.04725,-0.0109731415,
0.0475,0.0011710916,
0.04775,-0.0197974946,
0.048,-0.0306686983,
0.04825,-0.0226377416,
0.0485,-0.0217642784,
0.04875,-0.0038020764,
0.049,-0.0022013029,
0.04925,0.0064085168,
0.0495,0.0061315387,
0.04975,-0.0061527356,
0.05,0.0060373242,
0.05025,0.0128021082,
0.0505,0.0030374252,
0.05075,-0.0013448613,
0.051,-0.0099100219,
0.05125,0.0044504935,
0.0515,-0.0015778358,
0.05175,-0.0163359176,
0.052,-0.0102379043,
0.05225,-0.0057293703,
0.0525,-0.0032457619,
0.05275,-0.0315265395,
0.053,-0.0057794908,
0.05325,0.0057313368,
0.0535,-0.0146065094,
0.05375,-0.0195044763,
0.054,0.0027571889,
0.05425,-0.0004323476,
0.0545,-0.0171988811,
0.05475,0.0007730958,
0.055,0.0061491309,
0.05525,-0.0164520144,
0.0555,-0.0039932341,
0.05575,0.0243518110,
0.056,-0.0061704735,
0.05625,-0.0192134976,
0.0565,-0.0150502007,
0.05675,-0.0103421882,
0.057,-0.0194264706,
0.05725,-0.0058840932,
0.0575,-0.0118768737,
0.05775,-0.0204570070,
0.058,-0.0142311715,
0.05825,-0.0030422129,
0.0585,-0.0226274673,
0.05875,-0.0103892665,
0.059,0.0037460241,
0.05925,0.0044138981,
0.0595,0.0025016321,
0.05975,-0.0041828370,
0.06,0.0089357682,
0.06025,-0.0004344667,
0.0605,0.0039985608,
0.06075,-0.0054245670,
0.061,-0.0042791055,
0.06125,0.0073622591,
0.0615,-0.0202732440,
0.06175,0.0038087340,
0.062,0.0016995735,
0.06225,0.0067697004,
0.0625,-0.0101283249,
0.06275,-0.0124294143,
0.063,0.0015486069,
0.06325,0.0014444191,
0.0635,-0.0102584120,
0.06375,0.0050175097,
0.064,0.0159091409,
0.06425,-0.0027749268,
0.0645,-0.0007826538,
0.06475,0.0063762823,
0.065,0.0069927964,
0.06525,0.0008380833,
0.0655,0.0019666106,
0.06575,0.0172598343,
0.066,-0.0074013374,
0.06625,-0.0076230108,
0.0665,0.0007084011,
0.06675,-0.0089447862,
0.067,-0.0113071166,
0.06725,-0.0038443604,
0.0675,-0.0099912249,
0.06775,-0.0195943303,
0.068,-0.0185374878,
0.06825,-0.0057333438,
0.0685,0.0015939922,
0.06875,0.0021411576,
0.069,0.0030694215,
0.06925,0.0051887752,
0.0695,0.0098140668,
0.06975,0.0048990678,
0.07,0.0052823448,
0.07025,0.0142785441,
0.0705,-0.0018546239,
0.07075,0.0002053963,
0.071,0.0116306636,
0.07125,0.0008738886,
0.0715,-0.0056687249,
0.07175,-0.0095480969,
0.072,0.0175866671,
0.07225,-0.0079027135,
0.0725,-0.0249142926,
0.07275,0.0042369468,
0.073,0.0011330668,
0.07325,-0.0099772140,
0.0735,-0.0071517942,
0.07375,0.0086428253,
0.074,0.0122580593,
0.07425,-0.0076362193,
0.0745,0.0024333098,
0.07475,0.0138411038,
0.075,-0.0032452017,
0.07525,0.0003457746,
0.0755,0.0101116998,
0.07575,0.0049601640,
0.076,-0.0077812024,
0.07625,-0.0243568216,
0.0765,0.0058192317,
0.07675,0.0006371003,
0.077,-0.0193673726,
0.07725,-0.0076914676,
0.0775,-0.0004925887,
0.07775,-0.0015798608,
0.078,-0.0199795589,
0.07825,-0.0147579284,
0.0785,0.0007054755,
0.07875,-0.0055961167,
0.079,0.0059765577,
0.07925,0.0070632249,
0.0795,0.0039225738,
0.07975,0.0080829170,
0.08,0.0106249824,
0.08025,0.0140866917,
0.0805,-0.0106628388,
0.08075,0.0062947189,
0.081,0.0073253950,
0.08125,-0.0065279361,
0.0815,-0.0033859571,
0.08175,0.0083970856,
0.082,-0.0000495752,
0.08225,-0.0103676496,
0.0825,-0.0016788063,
0.08275,0.0004422792,
0.083,0.0106160147,
0.08325,-0.0075205504,
0.0835,0.0037175997,
0.08375,0.0082800612,
0.084,0.0047669900,
0.08425,-0.0009315421,
0.0845,0.0039431644,
0.08475,0.0058606667,
0.085,0.0042815637,
0.08525,-0.0010165228,
0.0855,0.0185320042,
0.08575,-0.0004950956,
0.086,-0.0045643006,
0.08625,0.0043394677,
0.0865,0.0019624645,
0.08675,-0.0055462923,
0.087,-0.0048314077,
0.08725,-0.0031191465,
0.0875,0.0022216116,
0.08775,-0.0249236729,
0.088,-0.0021123218,
0.08825,0.0046505947,
0.0885,-0.0043557277,
0.08875,0.0024106312,
0.089,0.0111212218,
0.08925,0.0054141721,
0.0895,-0.0001951542,
0.08975,0.0082284948,
0.09,0.0001471771,
0.09025,0.0045898678,
0.0905,-0.0020681540,
0.09075,0.0013008934,
0.091,0.0018613746,
0.09125,-0.0028412228,
0.0915,-0.0088432487,
0.09175,0.0074271942,
0.092,0.0004836496,
0.09225,-0.0096170595,
0.0925,-0.0036186483,
0.09275,0.0161119848,
0.093,0.0020942932,
0.09325,-0.0115168514,
0.0935,0.0124034146,
0.09375,0.0195125043,
0.094,-0.0104026822,
0.09425,-0.0005886905,
0.0945,0.0244965926,
0.09475,0.0035664276,
0.095,-0.0034116027,
0.09525,0.0152004492,
0.0955,0.0048142532,
0.09575,-0.0138242738,
0.096,-0.0106316563,
0.09625,0.0270043295,
0.0965,-0.0052875113,
0.09675,-0.0141316559,
0.097,0.0071814656,
0.09725,-0.0079056611,
0.0975,-0.0160238426,
0.09775,-0.0141589101,
0.098,0.0033790055,
0.09825,0.0016137027,
0.0985,0.0044568516,
0.09875,0.0049102111,
0.099,0.0037019276,
0.09925,0.0108445343,
0.0995,0.0057951459,
0.09975,0.0018213207,
0.1,0.0062103472,
0.10025,-0.0000150941,
0.1005,0.0021743069,
0.10075,-0.0006059119,
0.101,0.0031566664,
0.10125,-0.0020550296,
0.1015,0.0046723434,
0.10175,0.0080273123,
0.102,0.0002812101,
0.10225,-0.0095327701,
0.1025,0.0143565238,
0.10275,0.0126177026,
0.103,-0.0079354187,
0.10325,0.0036442231,
0.1035,0.0164357889,
0.10375,0.0015631791,
0.104,-0.0007277012,
0.10425,0.0106652817,
0.1045,0.0205322914,
0.10475,0.0050069783,
0.105,0.0075335377,
0.10525,0.0231613405,
0.1055,0.0020135739,
0.10575,0.0005999155,
0.106,0.0130781494,
0.10625,0.0109878452,
0.1065,-0.0076824292,
0.10675,0.0064679086,
0.107,0.0000065295,
0.10725,-0.0078487294,
0.1075,-0.0135950502,
0.10775,0.0049879020,
0.108,0.0066666780,
0.10825,0.0161339138,
0.1085,0.0044594957,
0.10875,0.0168410204,
0.109,0.0084280046,
0.10925,0.0004823170,
0.1095,0.0051475316,
0.10975,0.0077438904,
0.11,0.0025312216,
0.11025,-0.0016016500,
0.1105,0.0038226440,
0.11075,0.0184274372,
0.111,0.0021825593,
0.11125,0.0047560260,
0.1115,0.0171013772,
0.11175,-0.0013196318,
0.112,0.0001976387,
0.11225,0.0040624738,
0.1125,0.0154905729,
0.11275,0.0060651777,
0.113,-0.0049126032,
0.11325,0.0206109229,
0.1135,0.0179484412,
0.11375,0.0015157573,
0.114,0.0157404169,
0.11425,0.0216611773,
0.1145,0.0175194982,
0.11475,0.0043551279,
0.115,0.0184189249,
0.11525,0.0075014895,
0.1155,-0.0154443104,
0.11575,-0.0002855733,
0.116,0.0155678354,
0.11625,0.0033593113,
0.1165,-0.0044883364,
0.11675,-0.0089663733,
0.117,0.0030377144,
0.11725,-0.0062667150,
0.1175,-0.0071136602,
0.11775,0.0095500015,
0.118,0.0181019623,
0.11825,-0.0009331108,
0.1185,0.0093760798,
0.11875,0.0154623566,
0.119,0.0105870506,
0.11925,-0.0055715591,
0.1195,0.0093706055,
0.11975,0.0058471439,
0.12,-0.0097216275,
0.12025,0.0036106398,
0.1205,-0.0013092633,
0.12075,-0.0062219063,
0.121,-0.0031831174,
0.12125,0.0101797674,
0.1215,0.0068127266,
0.12175,-0.0047082850,
0.122,-0.0131776575,
0.12225,0.0122663286,
0.1225,0.0018348743,
0.12275,0.0042809821,
0.123,0.0079219993,
0.12325,0.0155634237,
0.1235,0.0059579760,
0.12375,0.0027072146,
0.124,0.0065406575,
0.12425,0.0191183500,
0.1245,0.0042445022,
0.12475,0.0074885432,
0.125,0.0003616144,
0.12525,0.0033419388,
0.1255,-0.0027481804,
0.12575,0.0005757459,
0.126,-0.0010216433,
0.12625,-0.0104665998,
0.1265,-0.0115719233,
0.12675,-0.0026740131,
0.127,-0.0134932632,
0.12725,-0.0107052727,
0.1275,-0.0057476629,
0.12775,0.0114326533,
0.128,0.0132372100,
0.12825,0.0000511985,
0.1285,0.0075842724,
0.12875,-0.0151103651,
0.129,-0.0008385611,
0.12925,-0.0092892405,
0.1295,-0.0015816244,
0.12975,-0.0121249165,
0.13,0.0019113951,
0.13025,-0.0088064643,
0.1305,0.0058776084,
0.13075,-0.0088624917,
0.131,-0.0073512173,
0.13125,-0.0096931960,
0.1315,0.0022734497,
0.13175,-0.0042083077,
0.132,-0.0184720252,
0.13225,0.0103897462,
0.1325,0.0123689212,
0.13275,-0.0100702532,
0.133,0.0114704501,
0.13325,0.0095193749,
0.1335,0.0006561165,
0.13375,-0.0081709493,
0.134,0.0160670485,
0.13425,0.0131650977,
0.1345,-0.0143903075,
0.13475,0.0098547786,
0.135,-0.0074798935,
0.13525,-0.0243175104,
0.1355,0.0002391184,
0.13575,0.0088397805,
0.136,-0.0023777159,
0.13625,-0.0158272646,
0.1365,-0.0023062709,
0.13675,0.0006953300,
0.137,-0.0179466717,
0.13725,-0.0186584443,
0.1375,0.0073562227,
0.13775,-0.0027313225,
0.138,-0.0141006978,
0.13825,0.0049595768,
0.1385,0.0046888683,
0.13875,-0.0073813838,
0.139,-0.0060502910,
0.13925,-0.0068260105,
0.1395,-0.0115712369,
0.13975,-0.0005787214,
0.14,-0.0135950930,
0.14025,-0.0128998514,
0.1405,-0.0062855110,
0.14075,0.0006627121,
0.141,-0.0042516054,
0.14125,0.0016549301,
0.1415,0.0033511799,
0.14175,-0.0170479212,
0.142,0.0026153969,
0.14225,0.0090123238,
0.1425,0.0046150777,
0.14275,-0.0013177039,
0.143,0.0111807827,
0.14325,0.0109348297,
0.1435,-0.0057889754,
0.14375,0.0034543229,
0.144,0.0206633806,
0.14425,-0.0020698432,
0.1445,0.0008075981,
0.14475,-0.0009406070,
0.145,-0.0023404697,
0.14525,-0.0006182829,
0.1455,-0.0033604614,
0.14575,-0.0057817576,
0.146,-0.0068202429,
0.14625,-0.0054566958,
0.1465,0.0004336828,
0.14675,-0.0229217336,
0.147,-0.0100439619,
0.14725,0.0009712448,
0.1475,0.0154529251,
0.14775,0.0072867237,
0.148,0.0102753760,
0.14825,-0.0041104173,
0.1485,0.0040177125,
0.14875,-0.0067361067,
0.149,-0.0164375547,
0.14925,-0.0057716025,
0.1495,0.0018240060,
0.14975,-0.0009529479,
0.15,-0.0030522817,
0.15025,0.0016846979,
0.1505,-0.0134880766,
0.15075,-0.0046836874,
0.151,0.0017321098,
0.15125,0.0145151671,
0.1515,-0.0002707411,
0.15175,-0.0132192839,
0.152,0.0145484088,
0.15225,0.0098440330,
0.1525,-0.0005222000,
0.15275,0.0095838727,
0.153,0.0106535563,
0.15325,0.0050504990,
0.1535,-0.0028553489,
0.15375,0.0103734890,
0.154,0.0085368585,
0.15425,0.0095434142,
0.1545,0.0028723446,
0.15475,-0.0164225064,
0.155,-0.0022171803,
0.15525,0.0055549974,
0.1555,0.0025600852,
0.15575,0.0032681627,
0.156,-0.0098129995,
0.15625,-0.0010481676,
0.1565,-0.0138953095,
0.15675,-0.0117765144,
0.157,-0.0193489864,
0.15725,0.0012112862,
0.1575,0.0008062159,
0.15775,-0.0023206449,
0.158,-0.0041652690,
0.15825,0.0001080819,
0.1585,-0.0017267129,
0.15875,-0.0099345213,
0.159,-0.0043068798,
0.15925,-0.0099627376,
0.1595,0.0014911536,
0.15975,-0.0272976030,
0.16,-0.0048065307,
0.16025,-0.0021899599,
0.1605,-0.0063967239,
0.16075,-0.0080808755,
0.161,0.0109902415,
0.16125,-0.0058605047,
0.1615,-0.0112911891,
0.16175,0.0036267310,
0.162,0.0038287463,
0.16225,-0.0039131236,
0.1625,-0.0040134350,
0.16275,-0.0000670198,
0.163,-0.0046021328,
0.16325,-0.0065679620,
0.1635,0.0015762273,
0.16375,-0.0006710240,
0.164,0.0069837021,
0.16425,-0.0055255564,
0.1645,-0.0166178830,
0.16475,-0.0103634652,
0.165,-0.0029451794,
0.16525,-0.0159920715,
0.1655,-0.0079998570,
0.16575,-0.0075747860,
0.166,-0.0077439873,
0.16625,-0.0305746011,
0.1665,-0.0249846485,
0.16675,-0.0075337784,
0.167,-0.0112789646,
0.16725,0.0086152274,
0.1675,0.0022257429,
0.16775,-0.0033885473,
0.168,-0.0079347957,
0.16825,0.0009047858,
0.1685,-0.0067990301,
0.16875,-0.0122516528,
0.169,-0.0184768867,
0.16925,-0.0035702426,
0.1695,-0.0126805101,
0.16975,-0.0015597309,
0.17,-0.0261102207,
0.17025,-0.0062643923,
0.1705,-0.0035450803,
0.17075,-0.0159205534,
0.171,0.0010304194,
0.17125,0.0014252034,
0.1715,-0.0184064265,
0.17175,-0.0048183296,
0.172,0.0062087923,
0.17225,-0.0032202669,
0.1725,-0.0107228309,
0.17275,0.0148225762,
0.173,0.0058387164,
0.17325,-0.0149226915,
0.1735,0.0078101791,
0.17375,0.0154655976,
0.174,-0.0026543452,
0.17425,-0.0119436514,
0.1745,-0.0176984351,
0.17475,0.0006725718,
0.175,-0.0105050402,
0.17525,-0.0026386559,
0.1755,0.0006680624,
0.17575,-0.0198680311,
0.176,-0.0136970300,
0.17625,-0.0128892204,
0.1765,-0.0151635883,
0.17675,-0.0218258724,
0.177,0.0001081546,
0.17725,-0.0043239407,
0.1775,-0.0011897965,
0.17775,-0.0090571130,
0.178,0.0035887342,
0.17825,-0.0069360938,
0.1785,0.0077483780,
0.17875,-0.0089069512,
0.179,-0.0042595426,
0.17925,0.0021994775,
0.1795,-0.0098532140,
0.17975,-0.0084961941,
0.18,0.0063073770,
0.18025,-0.0054393550,
0.1805,-0.0190441515,
0.18075,0.0069301315,
0.181,0.0014594303,
0.18125,0.0040524388,
0.1815,-0.0175256860,
0.18175,0.0158986505,
0.182,0.0151183028,
0.18225,-0.0032406042,
0.1825,0.0125762485,
0.18275,0.0102104163,
0.183,-0.0007849628,
0.18325,0.0030326662,
0.1835,0.0150725255,
0.18375,0.0137552433,
0.184,-0.0083661508,
0.18425,-0.0061631179,
0.1845,0.0037007153,
0.18475,0.0016053085,
0.185,-0.0112386718,
0.18525,0.0089167673,
0.1855,0.0068033398,
0.18575,0.0073604281,
0.186,-0.0177175421,
0.18625,0.0011236420,
0.1865,-0.0036510474,
0.18675,-0.0003714619,
0.187,0.0133177992,
0.18725,0.0154051613,
0.1875,0.0112830438,
0.18775,0.0066564931,
0.188,0.0134590752,
0.18825,0.0140248220,
0.1885,-0.0057969340,
0.18875,-0.0051146755,
0.189,0.0100805135,
0.18925,-0.0112091769,
0.1895,-0.0084772389,
0.18975,-0.0166013632,
0.19,0.0062531689,
0.19025,0.0032128245,
0.1905,-0.0060418085,
0.19075,0.0077770283,
0.191,0.0098153995,
0.19125,-0.0060798326,
0.1915,0.0067795389,
0.19175,0.0125284912,
0.192,0.0148706036,
0.19225,-0.0013674971,
0.1925,0.0109745106,
0.19275,0.0087587405,
0.193,0.0012531340,
0.19325,0.0045315539,
0.1935,0.0166551564,
0.19375,0.0040806187,
0.194,-0.0017366988,
0.19425,-0.0084474385,
0.1945,0.0123597421,
0.19475,-0.0020585894,
0.195,-0.0050700661,
0.19525,-0.0028785262,
0.1955,-0.0100190323,
0.19575,-0.0086635360,
0.196,-0.0029289299,
0.19625,-0.0015795574,
0.1965,-0.0128939180,
0.19675,0.0003887514,
0.197,0.0080738040,
0.19725,0.0129908370,
0.1975,-0.0042323680,
0.19775,0.0090223728,
0.198,0.0218969304,
0.19825,0.0105908560,
0.1985,-0.0135009903,
0.19875,0.0067916876,
0.199,0.0021992407,
0.19925,-0.0085515454,
0.1995,-0.0110969543,
0.19975,0.0136692952,
0.2,-0.0124885468,
0.20025,0.0026962140,
0.2005,0.0042980132,
0.20075,0.0026059744,
0.201,0.0022575220,
0.20125,-0.0030960632,
0.2015,0.0164291654,
0.20175,0.0107680438,
0.202,0.0059052333,
0.20225,0.0033774585,
0.2025,0.0112141212,
0.20275,0.0100387540,
0.203,0.0062639709,
0.20325,0.0111636687,
0.2035,0.0112800440,
0.20375,-0.0044358820,
0.204,-0.0035225460,
0.20425,0.0077357637,
0.2045,0.0094972141,
0.20475,-0.0085741105,
0.205,-0.0000045363,
0.20525,0.0002560075,
0.2055,-0.0031693750,
0.20575,-0.0266189426,
0.206,-0.0021744950,
0.20625,-0.0149204843,
0.2065,0.0056105414,
0.20675,0.0034248172,
0.207,0.0133259706,
0.20725,0.0113369599,
0.2075,0.0001900779,
0.20775,0.0101177990,
0.208,0.0104486402,
0.20825,-0.0094334688,
0.2085,-0.0039175656,
0.20875,-0.0049734865,
0.209,-0.0014540978,
0.20925,-0.0092623672,
0.2095,-0.0158350859,
0.20975,0.0107935145,
0.21,-0.0002779891,
0.21025,-0.0038807197,
0.2105,-0.0058039362,
0.21075,0.0188557729,
0.211,-0.0035646991,
0.21125,-0.0029230616,
0.2115,0.0115084779,
0.21175,0.0188700408,
0.212,-0.0127760740,
0.21225,0.0058773914,
0.2125,0.0206017680,
0.21275,-0.0007685757,
0.213,-0.0014182796,
0.21325,0.0207421184,
0.2135,0.0098079629,
0.21375,-0.0172905549,
0.214,0.0007334600,
0.21425,0.0050021242,
0.2145,-0.0302863456,
0.21475,-0.0083200065,
0.215,-0.0107652741,
0.21525,-0.0164110269,
0.2155,-0.0202224702,
0.21575,-0.0006641910,
0.216,-0.0047305683,
0.21625,-0.0114640407,
0.2165,0.0070451852,
0.21675,0.0083825979,
0.217,0.0086239064,
0.21725,0.0096982131,
0.2175,0.0154797398,
0.21775,0.0091602802,
0.218,0.0091354353,
0.21825,-0.0029214197,
0.2185,-0.0033923751,
0.21875,0.0077877617,
0.219,-0.0088766348,
0.21925,-0.0098019084,
0.2195,0.0102621038,
0.21975,0.0029920114,
0.22,0.0029194425,
0.22025,-0.0156290624,
0.2205,0.0130908638,
0.22075,0.0001022429,
0.221,-0.0026387437,
0.22125,0.0106053324,
0.2215,0.0150369462,
0.22175,0.0012316443,
0.222,-0.0022599073,
0.22225,0.0174924508,
0.2225,0.0173899978,
0.22275,-0.0009273758,
0.223,0.0098365787,
0.22325,0.0112388013,
0.2235,-0.0048946198,
0.22375,-0.0066076131,
0.224,0.0199562684,
0.22425,-0.0048799468,
0.2245,-0.0100785969,
0.22475,0.0029618880,
0.225,-0.0028627564,
0.22525,-0.0302199628,
0.2255,-0.0281792600,
0.22575,0.0061128996,
0.226,-0.0033070089,
0.22625,0.0193145722,
0.2265,0.0010894184,
0.22675,0.0166030079,
0.227,0.0096199866,
0.22725,0.0050958050,
0.2275,0.0105390185,
0.22775,0.0165722687,
0.228,-0.0039588902,
0.22825,-0.0006136805,
0.2285,0.0040722182,
0.22875,0.0173622090,
0.229,-0.0077417032,
0.22925,-0.0001805086,
0.2295,0.0145438351,
0.22975,0.0033216774,
0.23,-0.0081915949,
0.23025,-0.0078965137,
0.2305,0.0164531488,
0.23075,0.0010911878,
0.231,0.0015403738,
0.23125,0.0131451841,
0.2315,0.0137249278,
0.23175,-0.0011566811,
0.232,0.0162883308,
0.23225,0.0151157752,
0.2325,0.0061735888,
0.23275,0.0017405951,
0.233,0.0153772328,
0.23325,0.0123159289,
0.2335,0.0014112558,
0.23375,-0.0087157479,
0.234,-0.0026218398,
0.23425,-0.0111006191,
0.2345,0.0018323788,
0.23475,-0.0105501115,
0.235,0.0054747700,
0.23525,-0.0022671963,
0.2355,-0.0035937200,
0.23575,-0.0072638420,
0.236,-0.0025118897,
0.23625,-0.0109444642,
0.2365,0.0061188964,
0.23675,0.0164200254,
0.237,0.0093421675,
0.23725,0.0103016514,
0.2375,0.0220498890,
0.23775,0.0127752330,
0.238,-0.0085159093,
0.23825,0.0075605847,
0.2385,0.0162198432,
0.23875,-0.0164774768,
0.239,0.0010974846,
0.23925,0.0082385065,
0.2395,0.0052243667,
0.23975,-0.0026795790,
0.24,-0.0167894438,
0.24025,0.0135821709,
0.2405,-0.0038689440,
0.24075,0.0126502933,
0.241,0.0059959986,
0.24125,0.0141925868,
0.2415,0.0056004329,
0.24175,0.0034090711,
0.242,0.0069708913,
0.24225,0.0137468008,
0.2425,0.0034940513,
0.24275,0.0016817475,
0.243,0.0049198195,
0.24325,0.0029882763,
0.2435,-0.0018073397,
0.24375,-0.0044047711,
0.244,-0.0098348800,
0.24425,-0.0129722599,
0.2445,-0.0065207928,
0.24475,-0.0141597362,
0.245,-0.0314407907,
0.24525,-0.0194130167,
0.2455,-0.0157802217,
0.24575,0.0056861313,
0.246,0.0031608455,
0.24625,-0.0033803480,
0.2465,0.0127386572,
0.24675,-0.0010299813,
0.247,0.0015829836,
0.24725,0.0147210211,
0.2475,0.0061409129,
0.24775,0.0007331390,
0.248,-0.0029039567,
0.24825,0.0038821208,
0.2485,0.0081893336,
0.24875,-0.0148973810,
0.249,-0.0049497881,
0.24925,0.0000043979,
0.2495,0.0002468600,
0.24975,-0.0152123524,
0.25,-0.0157727413,
0.25025,0.0156584252,
0.2505,0.0081245257,
0.25075,-0.0140403807,
0.251,0.0064267581,
0.25125,0.0148805156,
0.2515,-0.0091928253,
0.25175,-0.0081225475,
0.252,0.0133918514,
0.25225,0.0038516114,
0.2525,-0.0131390421,
0.25275,0.0157384649,
0.253,0.0028788769,
0.25325,-0.0210749395,
0.2535,-0.0130685503,
0.25375,-0.0080074565,
0.254,-0.0071829464,
0.25425,-0.0167140067,
0.2545,-0.0014684856,
0.25475,-0.0067318259,
0.255,-0.0171566289,
0.25525,-0.0114830071,
0.2555,-0.0148699163,
0.25575,-0.0078133754,
0.256,-0.0139648002,
0.25625,0.0121604893,
0.2565,0.0017998333,
0.25675,0.0078155594,
0.257,0.0072830897,
0.25725,0.0046342732,
0.2575,0.0003606408,
0.25775,-0.0014943123,
0.258,-0.0082505951,
0.25825,-0.0044631031,
0.2585,-0.0136724254,
0.25875,-0.0005295734,
0.259,-0.0068845279,
0.25925,0.0099956980,
0.2595,-0.0058934395,
0.25975,-0.0146385506,
0.26,0.0046937214,
0.26025,0.0142569328,
0.2605,-0.0030163568,
0.26075,-0.0050733862,
0.261,0.0158536956,
0.26125,0.0044727176,
0.2615,-0.0096676648,
0.26175,0.0063326489,
0.262,0.0091979736,
0.26225,-0.0019824211,
0.2625,-0.0048092483,
0.26275,0.0074126218,
0.263,0.0015877594,
0.26325,-0.0099142417,
0.2635,0.0015623668,
0.26375,-0.0115583045,
0.264,-0.0218073353,
0.26425,0.0029303329,
0.2645,-0.0089063440,
0.26475,-0.0174724050,
0.265,-0.0072216191,
0.26525,-0.0130651100,
0.2655,0.0120206326,
0.26575,-0.0015497691,
0.266,0.0004113163,
0.26625,0.0129461288,
0.2665,0.0082205301,
0.26675,0.0080615897,
0.267,0.0086398413,
0.26725,0.0063637812,
0.2675,0.0104708616,
0.26775,-0.0037291092,
0.268,0.0067706592,
0.26825,-0.0027169618,
0.2685,-0.0099068973,
0.26875,0.0017196474,
0.269,0.0087338770,
0.26925,0.0135919694,
0.2695,-0.0068753818,
0.26975,-0.0053646713,
0.27,0.0176893882,
0.27025,0.0013702571,
0.2705,-0.0089853862,
0.27075,0.0079530962,
0.271,0.0037393908,
0.27125,0.0007322445,
0.2715,-0.0070081162,
0.27175,0.0138713839,
0.272,0.0086686406,
0.27225,0.0016904157,
0.2725,0.0069600092,
0.27275,-0.0057010078,
0.273,-0.0065677837,
0.27325,-0.0172728691,
0.2735,-0.0012653735,
0.27375,0.0094479611,
0.274,-0.0144884065,
0.27425,-0.0098567028,
0.2745,-0.0104441363,
0.27475,-0.0136692272,
0.275,-0.0162366070,
0.27525,-0.0114088887,
0.2755,0.0035270480,
0.27575,0.0049969736,
0.276,-0.0031326753,
0.27625,0.0094905552,
0.2765,0.0031180785,
0.27675,-0.0110121267,
0.277,0.0053725392,
0.27725,0.0063938955,
0.2775,-0.0042804801,
0.27775,-0.0093651954,
0.278,-0.0052488786,
0.27825,-0.0033298810,
0.2785,-0.0065299477,
0.27875,-0.0080812573,
0.279,0.0089731924,
0.27925,-0.0152775012,
0.2795,-0.0062053441,
0.27975,-0.0080523919,
0.28,0.0089541655,
0.28025,-0.0064998548,
0.2805,-0.0011839758,
0.28075,0.0045741946,
0.281,0.0029107491,
0.28125,-0.0029548365,
0.2815,0.0038099643,
0.28175,0.0018749549,
0.282,0.0096041579,
0.28225,-0.0092343194,
0.2825,-0.0016725813,
0.28275,-0.0043086745,
0.283,-0.0078881681,
0.28325,-0.0114267860,
0.2835,-0.0062277131,
0.28375,-0.0103164921,
0.284,0.0021771723,
0.28425,-0.0197696034,
0.2845,-0.0106193610,
0.28475,-0.0115082217,
0.285,-0.0174762197,
0.28525,0.0086746952,
0.2855,-0.0041559148,
0.28575,-0.0001157166,
0.286,0.0022053700,
0.28625,0.0062581766,
0.2865,0.0061951852,
0.28675,-0.0010535609,
0.287,0.0004795374,
0.28725,0.0048014070,
0.2875,0.0002937686,
0.28775,0.0004066308,
0.288,-0.0055810204,
0.28825,0.0014443893,
0.2885,0.0000865335,
0.28875,0.0043810131,
0.289,0.0075801099,
0.28925,-0.0052448665,
0.2895,-0.0095010716,
0.28975,0.0078049423,
0.29,0.0091029387,
0.29025,-0.0050986344,
0.2905,-0.0014486538,
0.29075,0.0152675118,
0.291,-0.0007785012,
0.29125,-0.0085066454,
0.2915,0.0122111337,
0.29175,0.0196524728,
0.292,-0.0049294648,
0.29225,-0.0034006126,
0.2925,0.0090022143,
0.29275,-0.0174472127,
0.293,-0.0190413408,
0.29325,0.0151496157,
0.2935,0.0069833072,
0.29375,-0.0147202797,
0.294,-0.0041722618,
0.29425,-0.0128935911,
0.2945,-0.0225548614,
0.29475,-0.0220651571,
0.295,0.0008866999,
0.29525,0.0009181621,
0.2955,0.0082880352,
0.29575,-0.0062389388,
0.296,0.0142968120,
0.29625,0.0094031245,
0.2965,0.0005997537,
0.29675,0.0078844056,
0.297,0.0046288450,
0.29725,0.0050757257,
0.2975,0.0052209455,
0.29775,-0.0132566392,
0.298,0.0100045856,
0.29825,-0.0008766893,
0.2985,-0.0045455117,
0.29875,0.0046870415,
0.299,0.0012345009,
0.29925,-0.0031947093,
0.2995,-0.0075990995,
0.29975,0.0135512445,
0.3,0.0114432480,
0.30025,0.0020880648,
0.3005,0.0184898525,
0.30075,0.0127832694,
0.301,-0.0065427199,
0.30125,0.0063571464,
0.3015,0.0180396885,
0.30175,0.0111931087,
0.302,-0.0058728480,
0.30225,0.0120965661,
0.3025,-0.0015437750,
0.30275,0.0015723268,
0.303,-0.0013375975,
0.30325,0.0145824794,
0.3035,-0.0003036982,
0.30375,0.0003097631,
0.304,-0.0195800625,
0.30425,-0.0076938476,
0.3045,-0.0305247959,
0.30475,-0.0122487769,
0.305,0.0048837960,
0.30525,0.0103682550,
0.3055,0.0059843212,
0.30575,0.0116556678,
0.306,0.0055985362,
0.30625,0.0173542257,
0.3065,0.0009491068,
0.30675,0.0042983047,
0.307,0.0170650538,
0.30725,0.0082715787,
0.3075,-0.0024431916,
0.30775,0.0045084758,
0.308,0.0101590808,
0.30825,-0.0036763498,
0.3085,0.0066413097,
0.30875,0.0035260930,
0.309,0.0032528769,
0.30925,0.0007822248,
0.3095,0.0034083524,
0.30975,0.0162640028,
0.31,0.0040322114,
0.31025,0.0052560843,
0.3105,0.0160934031,
0.31075,0.0092818411,
0.311,0.0041252896,
0.31125,0.0066124899,
0.3115,0.0214140471,
0.31175,0.0054443027,
0.312,-0.0000253025,
0.31225,0.0095100347,
0.3125,-0.0037072329,
0.31275,-0.0038107415,
0.313,0.0147933150,
0.31325,-0.0018913613,
0.3135,-0.0072220163,
0.31375,-0.0094557256,
0.314,-0.0023885472,
0.31425,-0.0035751644,
0.3145,-0.0180798080,
0.31475,-0.0016230583,
0.315,0.0176759362,
0.31525,0.0092563443,
0.3155,0.0031650567,
0.31575,0.0122832581,
0.316,0.0222982746,
0.31625,-0.0028984216,
0.3165,-0.0036194706,
0.31675,0.0192093924,
0.317,-0.0008479834,
0.31725,-0.0034060262,
0.3175,-0.0067318841,
0.31775,0.0056738690,
0.318,-0.0044200271,
0.31825,0.0070637004,
0.3185,0.0011056913,
0.31875,0.0064075370,
0.319,-0.0095854932,
0.31925,0.0039287303,
0.3195,0.0138779739,
0.31975,0.0087020174,
0.32,0.0073605627,
0.32025,0.0117561761,
0.3205,0.0073254267,
0.32075,0.0076125404,
0.321,-0.0004265213,
0.32125,0.0121089863,
0.3215,0.0082047833,
0.32175,0.0065825884,
0.322,-0.0002536169,
0.32225,-0.0002538986,
0.3225,0.0064993957,
0.32275,0.0009555664,
0.323,-0.0005193534,
0.32325,0.0091720708,
0.3235,-0.0082755778,
0.32375,-0.0099937068,
0.324,-0.0118953548,
0.32425,-0.0255771745,
0.3245,-0.0012315661,
0.32475,0.0058363196,
0.325,0.0184299294,
0.32525,0.0045007984,
0.3255,0.0011560180,
0.32575,0.0139771039,
0.326,0.0079013826,
0.32625,-0.0066174539,
0.3265,0.0022630182,
0.32675,0.0028866436,
0.327,0.0086242743,
0.32725,-0.0059269066,
0.3275,0.0072513744,
0.32775,0.0087766871,
0.328,-0.0032031920,
0.32825,-0.0090931514,
0.3285,0.0030840244,
0.32875,0.0106869806,
0.329,-0.0111932810,
0.32925,-0.0045688339,
0.3295,0.0122853760,
0.32975,0.0001741117,
0.33,-0.0080262553,
0.33025,0.0169521216,
0.3305,0.0175007675,
0.33075,-0.0059323451,
0.331,-0.0009478726,
0.33125,0.0233322792,
0.3315,0.0037123510,
0.33175,0.0011939332,
0.332,-0.0031625824,
0.33225,-0.0084190993,
0.3325,-0.0059817224,
0.33275,0.0059074727,
0.333,-0.0012333374,
0.33325,-0.0194589458,
0.3335,-0.0054992931,
0.33375,0.0031939403,
0.334,-0.0120608471,
0.33425,-0.0189698283,
0.3345,0.0048480118,
0.33475,0.0060965950,
0.335,-0.0054486785,
0.33525,0.0073818215,
0.3355,0.0000077858,
0.33575,-0.0005797648,
0.336,-0.0054493085,
0.33625,0.0034757543,
0.3365,-0.0031186957,
0.33675,0.0053391922,
0.337,0.0045691202,
0.33725,-0.0122227203,
0.3375,0.0049363766,
0.33775,-0.0019597288,
0.338,-0.0060450975,
0.33825,-0.0149115548,
0.3385,0.0046805707,
0.33875,-0.0111849923,
0.339,-0.0043461625,
0.33925,0.0086689387,
0.3395,0.0156375952,
0.33975,0.0024123795,
0.34,-0.0028028572,
0.34025,0.0155709330,
0.3405,-0.0020804463,
0.34075,-0.0090406975,
0.341,0.0066863042,
0.34125,-0.0020546117,
0.3415,-0.0019836051,
0.34175,-0.0115034059,
0.342,-0.0051491885,
0.34225,0.0012530434,
0.3425,-0.0165712330,
0.34275,0.0054453397,
0.343,0.0021063045,
0.34325,-0.0177651141,
0.3435,-0.0091643278,
0.34375,-0.0282911621,
0.344,-0.0106315790,
0.34425,0.0030362858,
0.3445,0.0025774390,
0.34475,0.0084418822,
0.345,0.0020754836,
0.34525,-0.0013873379,
0.3455,0.0107029025,
0.34575,0.0063160304,
0.346,0.0081290063,
0.34625,-0.0005176252,
0.3465,0.0100299418,
0.34675,0.0090519739,
0.347,-0.0081499014,
0.34725,0.0007799295,
0.3475,-0.0069357874,
0.34775,0.0013227692,
0.348,-0.0184256546,
0.34825,-0.0013149657,
0.3485,0.0107085500,
0.34875,-0.0067825592,
0.349,0.0054396642,
0.34925,0.0004816588,
0.3495,0.0158549901,
0.34975,-0.0002485905,
0.35,0.0081787594,
0.35025,0.0176592525,
0.3505,-0.0066547100,
0.35075,0.0047665057,
0.351,0.0143901762,
0.35125,0.0078139398,
0.3515,0.0001787592,
0.35175,-0.0157996938,
0.352,-0.0042503648,
0.35225,0.0082380790,
0.3525,0.0070941444,
0.35275,-0.0020914236,
0.353,0.0025273652,
0.35325,-0.0039609792,
0.3535,-0.0105449446,
0.35375,-0.0036442392,
0.354,-0.0155908419,
0.35425,-0.0056070406,
0.3545,0.0076754829,
0.35475,0.0051719667,
0.355,-0.0056677149,
0.35525,-0.0007672070,
0.3555,0.0088624889,
0.35575,0.0094677303,
0.356,-0.0049421284,
0.35625,-0.0034754598,
0.3565,0.0169148333,
0.35675,-0.0109558608,
0.357,-0.0050287927,
0.35725,0.0062787840,
0.3575,-0.0022335618,
0.35775,-0.0171208195,
0.358,-0.0057122512,
0.35825,-0.0063740937,
0.3585,-0.0045853290,
0.35875,-0.0048360736,
0.359,0.0010830781,
0.35925,0.0130847916,
0.3595,-0.0033184895,
0.35975,-0.0001646719,
0.36,-0.0024379839,
0.36025,-0.0049972390,
0.3605,0.0002880993,
0.36075,-0.0041548992,
0.361,0.0045309383,
0.36125,0.0085593015,
0.3615,-0.0179423690,
0.36175,-0.0043869102,
0.362,0.0106061250,
0.36225,-0.0105847549,
0.3625,-0.0016528105,
0.36275,-0.0048591997,
0.363,-0.0085844891,
0.36325,-0.0263272412,
0.3635,-0.0166552216,
0.36375,-0.0017208182,
0.364,-0.0067940825,
0.36425,-0.0021748452,
0.3645,0.0032430261,
0.36475,0.0011569739,
0.365,-0.0004524384,
0.36525,0.0042631952,
0.3655,0.0021494126,
0.36575,-0.0040046093,
0.366,-0.0170731619,
0.36625,0.0088523310,
0.3665,-0.0256249793,
0.36675,-0.0120607857,
0.367,-0.0214582644,
0.36725,-0.0052213753,
0.3675,-0.0005320968,
0.36775,-0.0235066582,
0.368,-0.0079640839,
0.36825,0.0103095453,
0.3685,-0.0075015062,
0.36875,-0.0145877795,
0.369,0.0005344811,
0.36925,0.0099737151,
0.3695,-0.0077423709,
0.36975,-0.0108906813,
0.37,0.0147650074,
0.37025,-0.0041068709,
0.3705,-0.0120555190,
0.37075,0.0168050788,
0.371,0.0073839687,
0.37125,-0.0178034622,
0.3715,-0.0156107275,
0.37175,-0.0004410528,
0.372,-0.0008606469,
0.37225,-0.0111041209,
0.3725,-0.0021333501,
0.37275,-0.0073348288,
0.373,-0.0149013326,
0.37325,-0.0107608270,
0.3735,-0.0138831716,
0.37375,-0.0187292863,
0.374,0.0056135356,
0.37425,-0.0042417324,
0.3745,0.0085120946,
0.37475,-0.0065243058,
0.375,0.0026242833,
0.37525,0.0058384752,
0.3755,0.0073082959,
0.37575,-0.0052508041,
0.376,-0.0100860875,
0.37625,0.0021027927,
0.3765,-0.0056151771,
0.37675,-0.0116909305,
0.377,-0.0063897846,
0.37725,0.0016738625,
0.3775,-0.0104083251,
0.37775,-0.0093136700,
0.378,0.0001916304,
0.37825,0.0109674931,
0.3785,-0.0094568972,
0.37875,-0.0035414987,
0.379,0.0167566463,
0.37925,0.0046125297,
0.3795,-0.0119088674,
0.37975,0.0081803594,
0.38,0.0099854628,
0.38025,-0.0026066906,
0.3805,0.0064040557,
0.38075,0.0189222600,
0.381,0.0039220937,
0.38125,-0.0090176221,
0.3815,0.0080344472,
0.38175,0.0094683440,
0.382,-0.0102107208,
0.38225,0.0033885252,
0.3825,-0.0015995896,
0.38275,0.0090871342,
0.383,-0.0242854673,
0.38325,-0.0052277353,
0.3835,0.0046666325,
0.38375,0.0001163432,
0.384,0.0064929314,
0.38425,0.0044155577,
0.3845,0.0120435134,
0.38475,0.0003332736,
0.385,0.0046657193,
0.38525,0.0063960957,
0.3855,0.0012413814,
0.38575,-0.0015662949,
0.386,0.0038647118,
0.38625,0.0000347335,
0.3865,-0.0008340779,
0.38675,-0.0068959217,
0.387,0.0153993582,
0.38725,0.0039555873,
0.3875,-0.0082835956,
0.38775,0.0008229555,
0.388,0.0154401138,
0.38825,-0.0036552676,
0.3885,-0.0023444474,
0.38875,0.0151368929,
0.389,0.0210005082,
0.38925,0.0066388906,
0.3895,0.0070312549,
0.38975,0.0207847934,
0.39,0.0160122458,
0.39025,0.0050089369,
0.3905,0.0184921883,
0.39075,0.0162949450,
0.391,-0.0041066618,
0.39125,-0.0114929071,
0.3915,0.0124464948,
0.39175,0.0049908967,
0.392,-0.0117626302,
0.39225,-0.0036229445,
0.3925,0.0098302923,
0.39275,-0.0037261928,
0.393,-0.0125211347,
0.39325,-0.0039055969,
0.3935,0.0050262641,
0.39375,0.0077815452,
0.394,-0.0027979277,
0.39425,0.0103186220,
0.3945,0.0151786711,
0.39475,0.0011055359,
0.395,0.0108981142,
0.39525,0.0182799753,
0.3955,-0.0032677155,
0.39575,-0.0003685260,
0.396,0.0100793699,
0.39625,-0.0019477291,
0.3965,-0.0255179331,
0.39675,0.0046719480,
0.397,0.0025684019,
0.39725,-0.0129988557,
0.3975,-0.0062778061,
0.39775,-0.0011750564,
0.398,0.0038015584,
0.39825,-0.0061208652,
0.3985,-0.0000317624,
0.39875,0.0101028010,
0.399,0.0071312631,
0.39925,-0.0057342304,
0.3995,0.0077708801,
0.39975,0.0052347984,
0.4,0.0085280361,
0.40025,-0.0027957198,
0.4005,0.0097832996,
0.40075,0.0005155772,
0.401,-0.0174340867,
0.40125,0.0010647269,
0.4015,0.0086963782,
0.40175,-0.0084824897,
0.402,-0.0038726027,
0.40225,-0.0043501072,
0.4025,0.0088592004,
0.40275,-0.0278951880,
0.403,-0.0059065945,
0.40325,0.0056288214,
0.4035,0.0051388200,
0.40375,0.0030389673,
0.404,0.0058132526,
0.40425,0.0066244369,
0.4045,-0.0123150563,
0.40475,0.0058603333,
0.405,0.0017926916,
0.40525,-0.0023932795,
0.4055,-0.0068181008,
0.40575,-0.0044284058,
0.406,0.0043968260,
0.40625,-0.0058801379,
0.4065,-0.0103914086,
0.40675,0.0081629716,
0.407,-0.0082730772,
0.40725,0.0029790273,
0.4075,-0.0085271616,
0.40775,0.0109851789,
0.408,0.0137239089,
0.40825,-0.0047278730,
0.4085,0.0036035446,
0.40875,0.0303715561,
0.409,-0.0010608775,
0.40925,-0.0043006819,
0.4095,0.0203814954,
0.40975,0.0133952508,
0.41,-0.0145648159,
0.41025,0.0123809697,
0.4105,0.0174117330,
0.41075,-0.0123114474,
0.411,-0.0074529438,
0.41125,0.0187092684,
0.4115,-0.0055297040,
0.41175,-0.0109090293,
0.412,0.0033120497,
0.41225,0.0087204678,
0.4125,-0.0154664740,
0.41275,-0.0027293013,
0.413,-0.0032507540,
0.41325,-0.0012920315,
0.4135,-0.0039487719,
0.41375,-0.0031720006,
0.414,0.0111368783,
0.41425,0.0101885889,
0.4145,0.0090690767,
0.41475,0.0053389785,
0.415,0.0024017857,
0.41525,0.0016057685,
0.4155,0.0026243671,
0.41575,-0.0013704107,
0.416,-0.0066505345,
0.41625,-0.0099285431,
0.4165,-0.0024584541,
0.41675,0.0030121468,
0.417,0.0097517408,
0.41725,-0.0134028876,
0.4175,0.0036247345,
0.41775,0.0143094538,
0.418,0.0049739638,
0.41825,0.0037552950,
0.4185,0.0169757884,
0.41875,0.0118897948,
0.419,-0.0052711116,
0.41925,0.0015291418,
0.4195,0.0184225645,
0.41975,0.0102198878,
0.42,-0.0031962714,
0.42025,0.0168192368,
0.4205,-0.0011716378,
0.42075,-0.0038291316,
0.421,0.0119758938,
0.42125,0.0072494298,
0.4215,-0.0137708616,
0.42175,-0.0037876784,
0.422,0.0026902326,
0.42225,-0.0140453484,
0.4225,-0.0199770462,
0.42275,-0.0027631165,
0.423,-0.0026804865,
0.42325,0.0111529399,
0.4235,-0.0007164752,
0.42375,0.0138481706,
0.424,0.0016952626,
0.42425,-0.0015736001,
0.4245,-0.0045380793,
0.42475,0.0014036587,
0.425,-0.0051629585,
0.42525,-0.0032071387,
0.4255,-0.0024788743,
0.42575,0.0098571694,
0.426,-0.0030710450,
0.42625,-0.0121945711,
0.4265,0.0082696564,
0.42675,0.0078127431,
0.427,-0.0045408430,
0.42725,-0.0057532908,
0.4275,0.0066933157,
0.42775,0.0131054837,
0.428,-0.0001875049,
0.42825,0.0081147328,
0.4285,0.0202801861,
0.42875,0.0007303111,
0.429,0.0023374215,
0.42925,0.0122991782,
0.4295,0.0084509216,
0.42975,-0.0029055474,
0.43,0.0115130236,
0.43025,0.0005584234,
0.4305,-0.0170305707,
0.43075,-0.0092476625,
0.431,-0.0003928045,
0.43125,-0.0028209416,
0.4315,-0.0035243293,
0.43175,-0.0087420102,
0.432,-0.0046243090,
0.43225,-0.0025851864,
0.4325,-0.0099275364,
0.43275,-0.0160214696,
0.433,0.0157225039,
0.43325,-0.0184734799,
0.4335,-0.0023047505,
0.43375,0.0164216422,
0.434,0.0065756552,
0.43425,-0.0105084023,
0.4345,0.0023076241,
0.43475,0.0004268940,
0.435,-0.0071250778,
0.43525,-0.0086757941,
0.4355,-0.0021288116,
0.43575,-0.0098894536,
0.436,-0.0055093556,
0.43625,0.0024602097,
0.4365,0.0026345407,
0.43675,-0.0022450669,
0.437,-0.0250423606,
0.43725,0.0039966688,
0.4375,0.0068468750,
0.43775,0.0009277864,
0.438,0.0019135813,
0.43825,0.0040355986,
0.4385,0.0010955115,
0.43875,0.0023199031,
0.439,-0.0016241951,
0.43925,0.0174197387,
0.4395,0.0025499598,
0.43975,-0.0068118991,
0.44,0.0020243889,
0.44025,-0.0129022170,
0.4405,-0.0026585918,
0.44075,-0.0058548222,
0.441,-0.0181923285,
0.44125,-0.0071201092,
0.4415,-0.0197221152,
0.44175,-0.0004075289,
0.442,-0.0123494845,
0.44225,-0.0108735915,
0.4425,-0.0060760388,
0.44275,0.0071770418,
0.443,0.0054253773,
0.44325,-0.0053934958,
0.4435,0.0035393599,
0.44375,-0.0069938041,
0.444,-0.0022782739,
0.44425,-0.0041723363,
0.4445,0.0046412093,
0.44475,-0.0102222981,
0.445,0.0017506955,
0.44525,-0.0033022971,
0.4455,0.0021132645,
0.44575,-0.0169487409,
0.446,-0.0158876758,
0.44625,-0.0025600127,
0.4465,0.0059773116,
0.44675,-0.0058466159,
0.447,-0.0161011741,
0.44725,-0.0053420272,
0.4475,0.0174749456,
0.44775,-0.0104495622,
0.448,-0.0040460872,
0.44825,0.0183161180,
0.4485,0.0004487190,
0.44875,-0.0154175721,
0.449,0.0021826518,
0.44925,0.0034018918,
0.4495,-0.0074259201,
0.44975,-0.0039818925,
0.45,-0.0135411359,
0.45025,-0.0220217947,
0.4505,-0.0197100434,
0.45075,0.0036487835,
0.451,0.0100716120,
0.45125,-0.0126047898,
0.4515,0.0014091362,
0.45175,-0.0049235122,
0.452,-0.0166938230,
0.45225,-0.0165978689,
0.4525,-0.0088806236,
0.45275,-0.0025707562,
0.453,-0.0211620349,
0.45325,0.0028268425,
0.4535,-0.0032570565,
0.45375,-0.0004248640,
0.454,0.0001153584,
0.45425,-0.0002470271,
0.4545,-0.0098388130,
0.45475,0.0037088934,
0.455,-0.0136255044,
0.45525,-0.0093930559,
0.4555,-0.0106490236,
0.45575,0.0042855931,
0.456,-0.0159370750,
0.45625,-0.0061238394,
0.4565,0.0080889268,
0.45675,-0.0197746623,
0.457,-0.0113827493,
0.45725,0.0092080133,
0.4575,0.0030530279,
0.45775,-0.0062252856,
0.458,0.0066421139,
0.45825,0.0185808800,
0.4585,-0.0021475484,
0.45875,-0.0081633478,
0.459,0.0117049869,
0.45925,0.0051929886,
0.4595,-0.0101388060,
0.45975,-0.0062405802,
0.46,-0.0094348202,
0.46025,-0.0063387514,
0.4605,-0.0043409201,
0.46075,-0.0074512828,
0.461,-0.0007049370,
0.46125,-0.0027398262,
0.4615,0.0008796372,
0.46175,-0.0285496116,
0.462,-0.0115800090,
0.46225,-0.0128718829,
0.4625,0.0014711914,
0.46275,0.0051295226,
0.463,-0.0012967539,
0.46325,-0.0030079409,
0.4635,0.0115324007,
0.46375,0.0008191013,
0.464,0.0036365723,
0.46425,0.0037622487,
0.4645,0.0030385705,
0.46475,-0.0006552722,
0.465,0.0005286913,
0.46525,-0.0104671307,
0.4655,-0.0189553052,
0.46575,-0.0036099250,
0.466,-0.0125683798,
0.46625,0.0120156361,
0.4665,-0.0026738376,
0.46675,-0.0044800956,
0.467,0.0044226348,
0.46725,0.0173921119,
0.4675,0.0009592641,
0.46775,0.0056042131,
0.468,0.0174311846,
0.46825,0.0059457449,
0.4685,-0.0051051676,
0.46875,0.0105865942,
0.469,0.0079025412,
0.46925,0.0151642459,
0.4695,-0.0068403590,
0.46975,-0.0115796560,
0.47,0.0003559977,
0.47025,-0.0063535576,
0.4705,0.0037657840,
0.47075,0.0109881982,
0.471,-0.0033080871,
0.47125,-0.0046265842,
0.4715,-0.0204766877,
0.47175,-0.0017168859,
0.472,-0.0210131593,
0.47225,-0.0121650370,
0.4725,0.0025069553,
0.47275,0.0090552811,
0.473,-0.0029770550,
0.47325,0.0022865236,
0.4735,0.0148899183,
0.47375,0.0067557679,
0.474,-0.0083292192,
0.47425,0.0034272380,
0.4745,0.0084101725,
0.47475,-0.0096728886,
0.475,-0.0058853258,
0.47525,0.0005615201,
0.4755,0.0058164243,
0.47575,-0.0230894629,
0.476,0.0159548372,
0.47625,0.0001339315,
0.4765,-0.0127861099,
0.47675,0.0075249318,
0.477,0.0066317106,
0.47725,0.0060832635,
0.4775,0.0073653562,
0.47775,0.0112838754,
0.478,0.0121400282,
0.47825,0.0004136561,
0.4785,0.0057672635,
0.47875,-0.0001061559,
0.479,0.0142769963,
0.47925,-0.0068481602,
0.4795,-0.0023227129,
0.47975,-0.0111812595,
0.48,0.0014828669,
0.48025,-0.0090335291,
0.4805,-0.0004654830,
0.48075,0.0071120048,
0.481,-0.0004304635,
0.48125,-0.0169906598,
0.4815,-0.0237532314,
0.48175,-0.0111560915,
0.482,-0.0217678417,
0.48225,0.0070256069,
0.4825,0.0083907247,
0.48275,0.0071016648,
0.483,-0.0005127017,
0.48325,0.0137798712,
0.4835,0.0099732438,
0.48375,0.0056693326,
0.484,-0.0048048077,
0.48425,0.0033858847,
0.4845,-0.0003137271,
0.48475,-0.0039227870,
0.485,-0.0170739777,
0.48525,-0.0063801194,
0.4855,0.0029755770,
0.48575,-0.0042601088,
0.486,-0.0016295671,
0.48625,0.0147068556,
0.4865,-0.0050303102,
0.48675,-0.0094787041,
0.487,0.0123784048,
0.48725,0.0035590166,
0.4875,-0.0024489197,
0.48775,0.0044691944,
0.488,0.0132609587,
0.48825,-0.0057350593,
0.4885,-0.0033025239,
0.48875,0.0250365194,
0.489,0.0063934531,
0.48925,-0.0200376362,
0.4895,0.0043605650,
0.48975,-0.0058105728,
0.49,-0.0178235099,
0.49025,-0.0058847596,
0.4905,-0.0013297570,
0.49075,-0.0225404110,
0.491,-0.0230611861,
0.49125,-0.0031072795,
0.4915,-0.0028530115,
0.49175,-0.0316888988,
0.492,-0.0000696256,
0.49225,0.0032321862,
0.4925,0.0032198140,
0.49275,0.0008054193,
0.493,0.0077173337,
0.49325,0.0126866102,
0.4935,0.0147708608,
0.49375,-0.0086837504,
0.494,0.0075888406,
0.49425,0.0015920557,
0.4945,0.0082969889,
0.49475,-0.0163997598,
0.495,0.0092469836,
0.49525,0.0081041157,
0.4955,-0.0122991912,
0.49575,0.0021759481,
0.496,-0.0003233668,
0.49625,0.0035264203,
0.4965,-0.0120789651,
0.49675,0.0087727997,
0.497,0.0212091468,
0.49725,0.0091270590,
0.4975,0.0004536610,
0.49775,0.0185737591,
0.498,0.0044171205,
0.49825,0.0031255290,
0.4985,0.0092657572,
0.49875,0.0119170453,
0.499,-0.0075742840,
0.49925,-0.0026054799,
0.4995,-0.0034934806,
0.49975,0.0098633543,
0.5,-0.0135889789,
0.50025,0.0103725977,
0.5005,0.0142135890,
0.50075,0.0045830854,
0.501,-0.0104685742,
0.50125,-0.0021926728,
0.5015,-0.0268582422,
0.50175,-0.0100186048,
0.502,0.0093208170,
0.50225,0.0148835210,
0.5025,0.0090845060,
0.50275,0.0069460543,
0.503,0.0143150380,
0.50325,0.0159408692,
0.5035,0.0106640579,
0.50375,0.0023399990,
0.504,0.0149510801,
0.50425,0.0119017866,
0.5045,-0.0000821787,
0.50475,-0.0067578843,
0.505,0.0130182924,
0.50525,0.0080949217,
0.5055,-0.0054442091,
0.50575,-0.0003745562,
0.506,0.0153023228,
0.50625,0.0015985235,
0.5065,0.0021902772,
0.50675,0.0151211582,
0.507,0.0104417922,
0.50725,0.0103503270,
0.5075,0.0108148120,
0.50775,0.0272199586,
0.508,0.0063772127,
0.50825,0.0032524264,
0.5085,0.0204490945,
0.50875,0.0016761239,
0.509,-0.0005052892,
0.50925,-0.0025391546,
0.5095,-0.0048316214,
0.50975,-0.0015527954,
0.51,0.0019952753,
0.51025,-0.0000413125,
0.5105,-0.0092080338,
0.51075,-0.0113264797,
0.511,0.0063161827,
0.51125,0.0040317737,
0.5115,-0.0135236420,
0.51175,0.0062763859,
0.512,0.0078001251,
0.51225,0.0196685065,
0.5125,0.0068731490,
0.51275,0.0112013984,
0.513,0.0262284353,
0.51325,0.0170987081,
0.5135,0.0005825151,
0.51375,0.0100976378,
0.514,0.0177130233,
0.51425,0.0066055786,
0.5145,-0.0158487037,
0.51475,0.0230925083,
0.515,-0.0011313156,
0.51525,-0.0001237313,
0.5155,-0.0027465960,
0.51575,0.0031362660,
0.516,-0.0005093969,
0.51625,0.0027297086,
0.5165,0.0215856507,
0.51675,0.0167284422,
0.517,0.0152073437,
0.51725,0.0102350200,
0.5175,0.0205758605,
0.51775,0.0105743771,
0.518,0.0045620226,
0.51825,0.0133032994,
0.5185,0.0046703001,
0.51875,0.0056351372,
0.519,0.0045792032,
0.51925,-0.0014165941,
0.5195,0.0124608111,
0.51975,-0.0009049803,
0.52,0.0050337091,
0.52025,0.0049577374,
0.5205,-0.0091063809,
0.52075,-0.0214280300,
0.521,-0.0130922263,
0.52125,-0.0149614001,
0.5215,0.0059082378,
0.52175,0.0027017719,
0.522,0.0130268456,
0.52225,0.0154003799,
0.5225,-0.0011779143,
0.52275,0.0214608721,
0.523,0.0218286850,
0.52325,0.0073842793,
0.5235,-0.0003095958,
0.52375,0.0085529648,
0.524,0.0103381556,
0.52425,-0.0044862106,
0.5245,-0.0108879292,
0.52475,0.0028401432,
0.525,0.0034286666,
0.52525,-0.0082706288,
0.5255,-0.0148054752,
0.52575,0.0055299737,
0.526,0.0031091634,
0.52625,-0.0100255646,
0.5265,-0.0027289218,
0.52675,0.0231950991,
0.527,-0.0079325335,
0.52725,0.0020200461,
0.5275,0.0132633662,
0.52775,-0.0032518082,
0.528,-0.0075150197,
0.52825,0.0107135009,
0.5285,0.0146553647,
0.52875,-0.0098443786,
0.529,-0.0149030928,
0.52925,-0.0030621612,
0.5295,-0.0144995851,
0.52975,-0.0061763581,
0.53,0.0015693036,
0.53025,-0.0098952372,
0.5305,-0.0143106822,
0.53075,0.0011891226,
0.531,-0.0043396135,
0.53125,-0.0213038959,
0.5315,-0.0031643105,
0.53175,0.0069263531,
0.532,0.0047386200,
0.53225,0.0014114012,
0.5325,0.0126366736,
0.53275,0.0087115979,
0.533,0.0066126278,
0.53325,0.0063906359,
0.5335,-0.0117704654,
0.53375,0.0128497239,
0.534,0.0022534200,
0.53425,-0.0184084177,
0.5345,0.0091954749,
0.53475,-0.0039897901,
0.535,0.0088486411,
0.53525,-0.0284590721,
0.5355,0.0013568446,
0.53575,0.0024924430,
0.536,-0.0059982222,
0.53625,0.0034855860,
0.5365,0.0118297264,
0.53675,0.0093948198,
0.537,-0.0064043053,
0.53725,0.0016471331,
0.5375,0.0085393954,
0.53775,-0.0052877194,
0.538,-0.0032368733,
0.53825,0.0091729555,
0.5385,-0.0017241262,
0.53875,-0.0117831295,
0.539,-0.0000551039,
0.53925,0.0028563258,
0.5395,-0.0115805296,
0.53975,-0.0005107457,
0.54,-0.0054097530,
0.54025,-0.0306433812,
0.5405,-0.0219284073,
0.54075,-0.0129192639,
0.541,-0.0008081080,
0.54125,0.0073300237,
0.5415,0.0031734155,
0.54175,0.0034836496,
0.542,0.0112459846,
0.54225,-0.0006799100,
0.5425,0.0126825999,
0.54275,0.0090391170,
0.543,0.0006394933,
0.54325,-0.0005693368,
0.5435,0.0071320347,
0.54375,0.0093715582,
0.544,0.0031711897,
0.54425,-0.0161163807,
0.5445,0.0081175668,
0.54475,0.0060233152,
0.545,-0.0164081957,
0.54525,-0.0148574719,
0.5455,0.0026312522,
0.54575,0.0024815102,
0.546,-0.0106715085,
0.54625,0.0029418231,
0.5465,0.0174466483,
0.54675,-0.0032973706,
0.547,0.0059140418,
0.54725,0.0108651407,
0.5475,0.0087678721,
0.54775,-0.0016572031,
0.548,0.0113212988,
0.54825,0.0167821385,
0.5485,0.0012888864,
0.54875,-0.0173799414,
0.549,-0.0078921765,
0.54925,0.0080941711,
0.5495,-0.0005423800,
0.54975,-0.0031318287,
0.55,0.0010736405,
0.55025,0.0068567060,
0.5505,-0.0028489113,
0.55075,-0.0130586680,
0.551,-0.0099402163,
0.55125,-0.0018900554,
0.5515,0.0027117168,
0.55175,0.0103705954,
0.552,0.0073411805,
0.55225,0.0079230629,
0.5525,0.0074998713,
0.55275,0.0199087989,
0.553,0.0053080767,
0.55325,-0.0080055380,
0.5535,0.0282764509,
0.55375,-0.0048131221,
0.554,-0.0025014114,
0.55425,0.0040223021,
0.5545,0.0050705746,
0.55475,-0.0042674989,
0.555,-0.0128086554,
0.55525,0.0007940687,
0.5555,0.0059377272,
0.55575,0.0024723099,
0.556,-0.0011177724,
0.55625,0.0136542339,
0.5565,0.0069526788,
0.55675,0.0051597594,
0.557,-0.0021131814,
0.55725,0.0115120597,
0.5575,0.0059977430,
0.55775,-0.0015837320,
0.558,0.0099733192,
0.55825,0.0071822251,
0.5585,-0.0055117644,
0.55875,-0.0089285308,
0.559,-0.0024608988,
0.55925,-0.0039805793,
0.5595,-0.0149101615,
0.55975,-0.0086146509,
0.56,-0.0096989861,
0.56025,-0.0167173073,
0.5605,-0.0185408369,
0.56075,0.0046227528,
0.561,-0.0002193778,
0.56125,-0.0134519767,
0.5615,0.0046400623,
0.56175,0.0015318400,
0.562,-0.0007199618,
0.56225,0.0040689907,
0.5625,0.0027651060,
0.56275,0.0007536609,
0.563,-0.0029681525,
0.56325,-0.0013102423,
0.5635,0.0000567697,
0.56375,-0.0065628137,
0.564,-0.0206790119,
0.56425,-0.0023581665,
0.5645,-0.0044389172,
0.56475,-0.0182288438,
0.565,-0.0219917148,
0.56525,-0.0065331855,
0.5655,0.0055149868,
0.56575,-0.0189484321,
0.566,-0.0087816510,
0.56625,0.0153800342,
0.5665,-0.0030951672,
0.56675,-0.0162401590,
0.567,0.0066597341,
0.56725,0.0108713759,
0.5675,-0.0213089380,
0.56775,-0.0110212099,
0.568,0.0041943407,
0.56825,-0.0203442294,
0.5685,-0.0311554261,
0.56875,-0.0054320623,
0.569,0.0095018428,
0.56925,-0.0252831262,
0.5695,-0.0099088065,
0.56975,-0.0018940526,
0.57,-0.0135754235,
0.57025,-0.0243609175,
0.5705,-0.0193400141,
0.57075,-0.0149715226,
0.571,-0.0132627394,
0.57125,-0.0045658816,
0.5715,-0.0067497110,
0.57175,-0.0058763744,
0.572,0.0027662888,
0.57225,0.0006759008,
0.5725,0.0041843755,
0.57275,0.0008963331,
0.573,-0.0078059500,
0.57325,-0.0082565155,
0.5735,-0.0066733132,
0.57375,-0.0127163008,
0.574,-0.0191545095,
0.57425,-0.0009680732,
0.5745,-0.0089474600,
0.57475,-0.0175889097,
0.575,-0.0131969070,
0.57525,0.0092030670,
0.5755,-0.0031471450,
0.57575,-0.0177598018,
0.576,0.0069979234,
0.57625,0.0135076903,
0.5765,-0.0172866285,
0.57675,-0.0026269488,
0.577,0.0105472952,
0.57725,-0.0033242032,
0.5775,-0.0118312016,
0.57775,0.0060840189,
0.578,0.0035240466,
0.57825,-0.0116724810,
0.5785,-0.0049480125,
0.57875,-0.0018866584,
0.579,-0.0104198800,
0.57925,-0.0078896079,
0.5795,-0.0030279909,
0.57975,-0.0080488389,
0.58,-0.0116643198,
0.58025,-0.0153274164,
0.5805,0.0099313669,
0.58075,0.0012989215,
0.581,0.0024015484,
0.58125,0.0085393805,
0.5815,0.0067222090,
0.58175,-0.0007288425,
0.582,0.0046407273,
0.58225,0.0007969195,
0.5825,0.0095792990,
0.58275,-0.0021351753,
0.583,-0.0003490764,
0.58325,0.0081033716,
0.5835,0.0014305039,
0.58375,0.0005684458,
0.584,0.0004650033,
0.58425,0.0113243666,
0.5845,0.0005882108,
0.58475,-0.0073934169,
0.585,0.0172171574,
0.58525,0.0089453049,
0.5855,-0.0021878644,
0.58575,0.0026067677,
0.586,0.0124203004,
0.58625,0.0127312029,
0.5865,-0.0031603253,
0.58675,0.0110430662,
0.587,0.0201862194,
0.58725,0.0031956565,
0.5875,0.0093005635,
0.58775,0.0155100506,
0.588,-0.0032846648,
0.58825,-0.0084684547,
0.5885,0.0075457953,
0.58875,0.0188554712,
0.589,-0.0011353893,
0.58925,-0.0089511629,
0.5895,-0.0043831719,
0.58975,-0.0017094519,
0.59,-0.0170669183,
0.59025,-0.0101225674,
0.5905,0.0119638722,
0.59075,0.0079309111,
0.591,-0.0036238658,
0.59125,0.0100354245,
0.5915,0.0238637738,
0.59175,0.0044444422,
0.592,0.0001728603,
0.59225,0.0134462817,
0.5925,-0.0096668461,
0.59275,-0.0029291590,
0.593,0.0033547776,
0.59325,-0.0029238989,
0.5935,-0.0073012188,
0.59375,-0.0019169601,
0.594,0.0141137261,
0.59425,0.0006076519,
0.5945,-0.0080078235,
0.59475,-0.0009472040,
0.595,0.0134777734,
0.59525,0.0017815724,
0.5955,0.0047507253,
0.59575,0.0109221218,
0.596,0.0145519208,
0.59625,0.0002623736,
0.5965,0.0081140008,
0.59675,0.0084349327,
0.597,0.0168152191,
0.59725,0.0061635030,
0.5975,0.0079874946,
0.59775,0.0019138270,
0.598,-0.0028362391,
0.59825,-0.0047600698,
0.5985,0.0048595499,
0.59875,-0.0087924777,
0.599,-0.0032944160,
0.59925,-0.0193290468,
0.5995,-0.0029273683,
0.59975,-0.0173341744,
0.6,-0.0119497487,
0.60025,0.0007625722,
0.6005,0.0060131145,
0.60075,-0.0007146389,
0.601,0.0003712400,
0.60125,-0.0045889281,
0.6015,-0.0068430067,
0.60175,-0.0036628931,
0.602,-0.0070460131,
0.60225,0.0045973230,
0.6025,-0.0107426187,
0.60275,-0.0053509818,
0.603,0.0051508462,
0.60325,0.0027018758,
0.6035,-0.0054569803,
0.60375,-0.0008911928,
0.604,-0.0023726309,
0.60425,-0.0031236524,
0.6045,-0.0132397041,
0.60475,-0.0023855891,
0.605,0.0096196793,
0.60525,0.0015339188,
0.6055,-0.0064066648,
0.60575,0.0155671835,
0.606,0.0088884132,
0.60625,-0.0025260593,
0.6065,0.0028912020,
0.60675,0.0242422875,
0.607,-0.0052668946,
0.60725,-0.0064604180,
0.6075,0.0126498388,
0.60775,-0.0095689846,
0.608,-0.0214316845,
0.60825,0.0094822664,
0.6085,0.0127360038,
0.60875,-0.0103534553,
0.609,-0.0103983711,
0.60925,0.0042835153,
0.6095,-0.0069648349,
0.60975,-0.0179206915,
0.61,-0.0024918206,
0.61025,0.0089099715,
0.6105,0.0010200377,
0.61075,-0.0073375972,
0.611,0.0084224539,
0.61125,0.0058338623,
0.6115,-0.0034246305,
0.61175,0.0008062005,
0.612,0.0008656800,
0.61225,-0.0040268311,
0.6125,0.0050665233,
0.61275,-0.0125482492,
0.613,-0.0015842107,
0.61325,0.0074937888,
0.6135,0.0078218486,
0.61375,-0.0057578851,
0.614,0.0072434526,
0.61425,-0.0023225062,
0.6145,-0.0141714690,
0.61475,0.0138096344,
0.615,0.0138165196,
0.61525,0.0039567151,
0.6155,0.0131235123,
0.61575,0.0215139780,
0.616,0.0124002267,
0.61625,-0.0008383891,
0.6165,0.0241916087,
0.61675,0.0242782850,
0.617,0.0004272459,
0.61725,0.0087742526,
0.6175,0.0025691660,
0.61775,-0.0023255227,
0.618,0.0050507816,
0.61825,0.0063492125,
0.6185,-0.0007209798,
0.61875,-0.0005248511,
0.619,0.0094954949,
0.61925,0.0054093217,
0.6195,-0.0143459793,
0.61975,-0.0012588961,
0.62,0.0139669692,
0.62025,0.0194815658,
0.6205,0.0030577902,
0.62075,0.0167623181,
0.621,-0.0090921102,
0.62125,0.0111633502,
0.6215,-0.0005297210,
0.62175,0.0055736997,
0.622,0.0054763360,
0.62225,0.0178211629,
0.6225,0.0057962951,
0.62275,0.0079427557,
0.623,0.0084325774,
0.62325,-0.0093189329,
0.6235,-0.0026194034,
0.62375,0.0093101729,
0.624,0.0052026650,
0.62425,-0.0029927490,
0.6245,0.0049541174,
0.62475,0.0192377474,
0.625,0.0134334695,
0.62525,0.0041284766,
0.6255,0.0156351160,
0.62575,0.0168293566,
0.626,0.0074632610,
0.62625,0.0035622618,
0.6265,0.0214567780,
0.62675,0.0009820366,
0.627,0.0075667286,
0.62725,-0.0055906326,
0.6275,-0.0162597261,
0.62775,0.0033996175,
0.628,0.0024044977,
0.62825,0.0108452458,
0.6285,-0.0016002135,
0.62875,0.0009324494,
0.629,0.0006117058,
0.62925,-0.0086757597,
0.6295,-0.0037906589,
0.62975,-0.0116875544,
0.63,0.0113215623,
0.63025,0.0002136526,
0.6305,-0.0036748620,
0.63075,-0.0002568461,
0.631,0.0049151480,
0.63125,-0.0074453796,
0.6315,-0.0078327106,
0.63175,0.0006981640,
0.632,0.0019985330,
0.63225,-0.0067663174,
0.6325,-0.0153992791,
0.63275,0.0060204268,
0.633,-0.0077857273,
0.63325,-0.0016702039,
0.6335,-0.0083200289,
0.63375,0.0069733001,
0.634,-0.0143710375,
0.63425,-0.0077820034,
0.6345,0.0109770820,
0.63475,0.0058845859,
0.635,-0.0010107835,
0.63525,0.0086131925,
0.6355,0.0131924087,
0.63575,0.0026082173,
0.636,-0.0013533102,
0.63625,0.0068822885,
0.6365,0.0027184747,
0.63675,0.0059403060,
0.637,-0.0130324801,
0.63725,-0.0138225881,
0.6375,-0.0068987086,
0.63775,0.0003478568,
0.638,-0.0149768637,
0.63825,0.0026401379,
0.6385,-0.0022825780,
0.63875,-0.0056468421,
0.639,-0.0216447264,
0.63925,-0.0160598923,
0.6395,-0.0051421910,
0.63975,-0.0001212608,
0.64,0.0094218636,
0.64025,0.0050677666,
0.6405,-0.0110423798,
0.64075,-0.0037032727,
0.641,0.0034710718,
0.64125,-0.0158759337,
0.6415,-0.0032998852,
0.64175,-0.0074619949,
0.642,-0.0054379003,
0.64225,-0.0107640214,
0.6425,-0.0049108416,
0.64275,-0.0163123030,
0.643,-0.0070698131,
0.64325,-0.0148780728,
0.6435,0.0003767039,
0.64375,0.0006331241,
0.644,-0.0093624331,
0.64425,-0.0081248423,
0.6445,0.0014504462,
0.64475,0.0057135713,
0.645,-0.0070986189,
0.64525,0.0059026708,
0.6455,0.0144942570,
0.64575,-0.0113905771,
0.646,-0.0080705555,
0.64625,0.0109137520,
0.6465,0.0109158047,
0.64675,0.0010592550,
0.647,-0.0179651082,
0.64725,-0.0055983546,
0.6475,-0.0001803583,
0.64775,-0.0087719960,
0.648,0.0136811566,
0.64825,-0.0138359563,
0.6485,-0.0084715644,
0.64875,-0.0037182709,
0.649,-0.0176094174,
0.64925,-0.0210898016,
0.6495,-0.0091562849,
0.64975,0.0058467868,
0.65,-0.0072695692,
0.65025,-0.0071003363,
0.6505,-0.0013134081,
0.65075,-0.0096332971,
0.651,-0.0079954425,
0.65125,0.0068221055,
0.6515,-0.0160803981,
0.65175,0.0065808361,
0.652,0.0000670312,
0.65225,-0.0046266192,
0.6525,-0.0036982496,
0.65275,0.0063399947,
0.653,-0.0105441650,
0.65325,-0.0141372755,
0.6535,0.0012774531,
0.65375,-0.0025726953,
0.654,-0.0106653059,
0.65425,-0.0036536600,
0.6545,0.0220856518,
0.65475,0.0034424800,
0.655,0.0050030462,
0.65525,0.0149894003,
0.6555,0.0121522686,
0.65575,0.0022256111,
0.656,0.0099193472,
0.65625,0.0188451093,
0.6565,0.0011874338,
0.65675,-0.0157432072,
0.657,-0.0065663042,
0.65725,-0.0014203805,
0.6575,-0.0107888207,
0.65775,-0.0020772312,
0.658,0.0114721162,
0.65825,-0.0011134344,
0.6585,-0.0002377853,
0.65875,-0.0200882480,
0.659,0.0028003361,
0.65925,-0.0032159463,
0.6595,0.0104802242,
0.65975,0.0019652597,
0.66,0.0144346356,
0.66025,-0.0047936500,
0.6605,0.0044653784,
0.66075,0.0061156927,
0.661,0.0006050930,
0.66125,-0.0053413427,
0.6615,0.0067371344,
0.66175,0.0015943673,
0.662,-0.0064214515,
0.66225,-0.0110599389,
0.6625,-0.0089188702,
0.66275,0.0100080753,
0.663,-0.0130730662,
0.66325,0.0031743953,
0.6635,0.0113244802,
0.66375,-0.0019226207,
0.664,-0.0082826531,
0.66425,0.0054318830,
0.6645,0.0093290955,
0.66475,0.0075793266,
0.665,0.0027529015,
0.66525,0.0165632293,
0.6655,0.0006910909,
0.66575,0.0030115081,
0.666,0.0124906059,
0.66625,0.0118644340,
0.6665,-0.0076809805,
0.66675,-0.0180382822,
0.667,-0.0057578096,
0.66725,0.0061285687,
0.6675,-0.0068731322,
0.66775,0.0029530537,
0.668,-0.0124756768,
0.66825,-0.0000861476,
0.6685,-0.0201168675,
0.66875,0.0032370845,
0.669,-0.0071290373,
0.66925,-0.0113469185,
0.6695,-0.0006995227,
0.66975,0.0088134017,
0.67,-0.0045698765,
0.67025,-0.0087287091,
0.6705,0.0029043793,
0.67075,0.0173851736,
0.671,-0.0065505924,
0.67125,-0.0125224870,
0.6715,0.0146173313,
0.67175,-0.0046025310,
0.672,-0.0054610800,
0.67225,0.0006884667,
0.6725,0.0106674302,
0.67275,-0.0208381042,
0.673,0.0013354362,
0.67325,-0.0028305056,
0.6735,-0.0031028143,
0.67375,-0.0127318930,
0.674,0.0039488468,
0.67425,0.0148496320,
0.6745,0.0075345580,
0.67475,0.0028709599,
0.675,0.0124579221,
0.67525,0.0069974456,
0.6755,0.0064950222,
0.67575,0.0040900563,
0.676,0.0065418403,
0.67625,0.0045460938,
0.6765,-0.0144122187,
0.67675,-0.0148467235,
0.677,0.0105426554,
0.67725,-0.0063619320,
0.6775,-0.0056799524,
0.67775,0.0045851516,
0.678,0.0075236359,
0.67825,-0.0104950424,
0.6785,-0.0207288172,
0.67875,0.0014062751,
0.679,-0.0170406122,
0.67925,0.0007704893,
0.6795,-0.0025026302,
0.67975,0.0085479179,
0.68,-0.0087360749,
0.68025,0.0014385767,
0.6805,0.0058058179,
0.68075,-0.0010565583,
0.681,-0.0116261598,
0.68125,0.0061319773,
0.6815,-0.0018887680,
0.68175,-0.0083104027,
0.682,-0.0231109224,
0.68225,-0.0023940341,
0.6825,-0.0002126630,
0.68275,-0.0085532358,
0.683,-0.0116727781,
0.68325,0.0037188691,
0.6835,0.0063182609,
0.68375,-0.0153365508,
0.684,0.0041831918,
0.68425,0.0093872407,
0.6845,0.0018665596,
0.68475,-0.0098098833,
0.685,0.0122140609,
0.68525,0.0090196645,
0.6855,-0.0113780312,
0.68575,0.0091370875,
0.686,0.0182684753,
0.68625,-0.0187523570,
0.6865,-0.0182371065,
0.68675,0.0044502672,
0.687,-0.0134633565,
0.68725,-0.0228703115,
0.6875,-0.0094407201,
0.68775,-0.0142600853,
0.688,-0.0130418241,
0.68825,-0.0164141841,
0.6885,0.0065225433,
0.68875,-0.0181602258,
0.689,-0.0015992345,
0.68925,0.0033803273,
0.6895,0.0050179372,
0.68975,-0.0005127640,
0.69,0.0023072064,
0.69025,0.0112591321,
0.6905,0.0120796459,
0.69075,-0.0011369782,
0.691,-0.0032908937,
0.69125,-0.0041408874,
0.6915,0.0022863636,
0.69175,-0.0143284304,
0.692,-0.0076737693,
0.69225,0.0057073073,
0.6925,-0.0039730771,
0.69275,-0.0080819838,
0.693,-0.0126235327,
0.69325,0.0158807281,
0.6935,-0.0080446452,
0.69375,-0.0005486832,
0.694,0.0146127082,
0.69425,0.0157572106,
0.6945,-0.0080799675,
0.69475,0.0049162004,
0.695,0.0188784916,
0.69525,0.0037792856,
0.6955,0.0033279196,
0.69575,0.0117178159,
0.696,-0.0006762988,
0.69625,-0.0052801510,
0.6965,0.0038698902,
0.69675,0.0230501480,
0.697,-0.0122199254,
0.69725,-0.0026209331,
0.6975,0.0117138205,
0.69775,-0.0090800822,
0.698,-0.0248193480,
0.69825,-0.0091117118,
0.6985,-0.0011733499,
0.69875,-0.0015823040,
0.699,0.0104754874,
0.69925,0.0057099061,
0.6995,0.0113100708,
0.69975,-0.0017457124,
0.7,0.0083387438,
0.70025,0.0061581116,
0.7005,0.0089478539,
0.70075,-0.0083573563,
0.701,-0.0009347143,
0.70125,0.0049985987,
0.7015,0.0044605560,
0.70175,-0.0193420965,
0.702,0.0112980269,
0.70225,0.0101194205,
0.7025,0.0033146413,
0.70275,-0.0129145849,
0.703,0.0052969670,
0.70325,0.0074611865,
0.7035,-0.0113581643,
0.70375,0.0053937640,
0.704,0.0166232567,
0.70425,0.0050376430,
0.7045,0.0020250804,
0.70475,0.0173032843,
0.705,0.0171418879,
0.70525,0.0021248099,
0.7055,0.0101112807,
0.70575,0.0224610865,
0.706,-0.0020179532,
0.70625,-0.0056314776,
0.7065,-0.0044413013,
0.70675,-0.0142478961,
0.707,-0.0087719886,
0.70725,-0.0048810905,
0.7075,0.0005666257,
0.70775,-0.0027626995,
0.708,-0.0112416791,
0.70825,0.0092854043,
0.7085,-0.0044678920,
0.70875,0.0107682729,
0.709,-0.0069705136,
0.70925,0.0148154795,
0.7095,0.0200738944,
0.70975,0.0040473272,
0.71,0.0140336473,
0.71025,0.0238515344,
0.7105,-0.0014027844,
0.71075,0.0050512119,
0.711,0.0116643878,
0.71125,0.0052284338,
0.7115,-0.0176226143,
0.71175,0.0054588919,
0.712,0.0101056239,
0.71225,0.0067023253,
0.7125,-0.0088191256,
0.71275,0.0019076379,
0.713,0.0026921164,
0.71325,0.0015054230,
0.7135,0.0134594049,
0.71375,0.0129178986,
0.714,0.0195083115,
0.71425,0.0033089591,
0.7145,0.0070844875,
0.71475,0.0160577595,
0.715,0.0132679157,
0.71525,0.0097431643,
0.7155,0.0033611665,
0.71575,0.0061677061,
0.716,-0.0031956427,
0.71625,-0.0024932832,
0.7165,0.0077049523,
0.71675,-0.0052766590,
0.717,0.0027761727,
0.71725,-0.0026586852,
0.7175,-0.0136968484,
0.71775,-0.0231615547,
0.718,-0.0104033248,
0.71825,-0.0022018745,
0.7185,0.0092459526,
0.71875,0.0033986836,
0.719,0.0053098425,
0.71925,0.0125384042,
0.7195,-0.0002640546,
0.71975,0.0043409392,
0.72,0.0136331050,
0.72025,0.0074081132,
0.7205,-0.0079269325,
0.72075,0.0018788154,
0.721,0.0181557983,
0.72125,0.0005892703,
0.7215,-0.0096117770,
0.72175,0.0044426098,
0.722,0.0081603508,
0.72225,0.0059389831,
0.7225,-0.0205376167,
0.72275,-0.0027461732,
0.723,0.0107966866,
0.72325,-0.0013874233,
0.7235,-0.0034806048,
0.72375,0.0197984874,
0.724,0.0141176721,
0.72425,-0.0036472804,
0.7245,0.0183298998,
0.72475,0.0169114787,
0.725,-0.0045776605,
0.72525,0.0034360469,
0.7255,0.0180043504,
0.72575,-0.0130057689,
0.726,-0.0214524101,
0.72625,-0.0123776793,
0.7265,-0.0069088945,
0.72675,-0.0157396179,
0.727,-0.0068297847,
0.72725,0.0044131335,
0.7275,-0.0063561853,
0.72775,-0.0003229335,
0.728,-0.0097264517,
0.72825,-0.0069931420,
0.7285,-0.0085861599,
0.72875,-0.0067825234,
0.729,0.0136811920,
0.72925,0.0008658849,
0.7295,0.0060798698,
0.72975,0.0069883326,
0.73,0.0003942703,
0.73025,0.0051520756,
0.7305,0.0010553650,
0.73075,-0.0020357927,
0.731,-0.0061402349,
0.73125,-0.0102194771,
0.7315,0.0014574325,
0.73175,-0.0070682871,
0.732,0.0094972840,
0.73225,-0.0222415105,
0.7325,-0.0138658751,
0.73275,0.0113691846,
0.733,0.0092511801,
0.73325,-0.0077117286,
0.7335,0.0067600561,
0.73375,0.0132687660,
0.734,-0.0026870214,
0.73425,-0.0096818302,
0.7345,0.0144230118,
0.73475,0.0080482112,
0.735,-0.0127974320,
0.73525,0.0032412319,
0.7355,0.0007142531,
0.73575,-0.0153236482,
0.736,0.0010071996,
0.73625,-0.0052961772,
0.7365,-0.0172230769,
0.73675,-0.0134604899,
0.737,0.0007684654,
0.73725,-0.0129317297,
0.7375,-0.0246314127,
0.73775,-0.0059593520,
0.738,-0.0036536532,
0.73825,0.0012779625,
0.7385,-0.0029832080,
0.73875,0.0037982068,
0.739,0.0029820858,
0.73925,0.0045404192,
0.7395,0.0021417160,
0.73975,0.0097173098,
0.74,0.0035478724,
0.74025,-0.0052523185,
0.7405,-0.0000745503,
0.74075,0.0048400792,
0.741,0.0001392644,
0.74125,-0.0117168101,
0.7415,-0.0039061266,
0.74175,0.0125402808,
0.742,-0.0049949968,
0.74225,-0.0180634689,
0.7425,0.0005020653,
0.74275,0.0096853012,
0.743,-0.0012530544,
0.74325,-0.0070571159,
0.7435,0.0150898118,
0.74375,0.0070934743,
0.744,-0.0098175360,
0.74425,0.0084829265,
0.7445,0.0149608739,
0.74475,-0.0028151055,
0.745,0.0130241122,
0.74525,-0.0068935431,
0.7455,-0.0073489770,
0.74575,-0.0173939839,
0.746,-0.0149583621,
0.74625,0.0087574646,
0.7465,-0.0089349430,
0.74675,-0.0064117624,
0.747,-0.0089748334,
0.74725,-0.0113314679,
0.7475,-0.0040793018,
0.74775,-0.0247650798,
0.748,0.0074391994,
0.74825,-0.0055569741,
0.7485,-0.0027034676,
0.74875,0.0075652073,
0.749,0.0073952358,
0.74925,0.0066963900,
0.7495,0.0028565431,
0.74975,0.0067702406,
0.75,0.0111833382,
0.75025,-0.0149141168,
0.7505,0.0025905417,
0.75075,-0.0019365648,
0.751,-0.0091557819,
0.75125,0.0072013563,
0.7515,0.0023156360,
0.75175,0.0121288151,
0.752,-0.0126635712,
0.75225,-0.0005428182,
0.7525,0.0126323206,
0.75275,0.0047551561,
0.753,-0.0062656631,
0.75325,0.0113479616,
0.7535,0.0070779161,
0.75375,0.0061615719,
0.754,0.0031155506,
0.75425,0.0088137062,
0.7545,0.0128420740,
0.75475,0.0036250153,
0.755,-0.0014995912,
0.75525,0.0018373074,
0.7555,-0.0056504207,
0.75575,-0.0022905245,
0.756,-0.0193190891,
0.75625,-0.0062817251,
0.7565,-0.0116210282,
0.75675,-0.0059948340,
0.757,-0.0112035461,
0.75725,-0.0011246732,
0.7575,-0.0126019679,
0.75775,0.0031575058,
0.758,0.0090713790,
0.75825,0.0010399774,
0.7585,0.0004463061,
0.75875,0.0091086077,
0.759,0.0053724647,
0.75925,0.0003859069,
0.7595,0.0042822217,
0.75975,0.0034949970,
0.76,0.0029135845,
0.76025,0.0024269710,
0.7605,-0.0006519801,
0.76075,0.0000933657,
0.761,-0.0001562970,
0.76125,0.0013945536,
0.7615,0.0100173699,
0.76175,0.0018386031,
0.762,-0.0162712522,
0.76225,-0.0024293924,
0.7625,0.0024344097,
0.76275,-0.0020201064,
0.763,-0.0136896651,
0.76325,0.0074893474,
0.7635,0.0077611227,
0.76375,-0.0138026578,
0.764,0.0039798287,
0.76425,0.0138313984,
0.7645,0.0099852774,
0.76475,-0.0068027647,
0.765,-0.0050354260,
0.76525,-0.0072044223,
0.7655,-0.0242637023,
0.76575,-0.0205815602,
0.766,0.0189121347,
0.76625,-0.0178614426,
0.7665,-0.0137571199,
0.76675,-0.0103554241,
0.767,-0.0256506149,
0.76725,-0.0249447934,
0.7675,-0.0144297080,
0.76775,0.0046178424,
0.768,-0.0069739693,
0.76825,-0.0034789823,
0.7685,-0.0098656723,
0.76875,0.0057213288,
0.769,0.0004187609,
0.76925,-0.0017341941,
0.7695,0.0009244893,
0.76975,0.0021881962,
0.77,0.0019090837,
0.77025,-0.0075296713,
0.7705,-0.0124519952,
0.77075,0.0092330007,
0.771,-0.0117361769,
0.77125,-0.0026085065,
0.7715,0.0033020903,
0.77175,-0.0095923683,
0.772,-0.0170131903,
0.77225,-0.0040519740,
0.7725,0.0052806623,
0.77275,-0.0077074915,
0.773,-0.0032940311,
0.77325,0.0185278375,
0.7735,-0.0003658460,
0.77375,-0.0088062380,
0.774,0.0131181702,
0.77425,0.0179071911,
0.7745,-0.0041883844,
0.77475,-0.0034913339,
0.775,0.0038723042,
0.77525,-0.0037010314,
0.7755,-0.0124873761,
0.77575,-0.0025438841,
0.776,0.0070730592,
0.77625,-0.0090294713,
0.7765,-0.0026586237,
0.77675,-0.0120978933,
0.777,-0.0180562809,
0.77725,-0.0153384767,
0.7775,0.0046010865,
0.77775,0.0054631201,
0.778,0.0058156773,
0.77825,0.0007493274,
0.7785,0.0104657356,
0.77875,0.0031246189,
0.779,0.0066902572,
0.77925,0.0008782186,
0.7795,0.0069085066,
0.77975,0.0113694817,
0.78,0.0063094399,
0.78025,-0.0009105915,
0.7805,0.0060896664,
0.78075,0.0060124742,
0.781,0.0017713306,
0.78125,-0.0019032455,
0.7815,0.0013739668,
0.78175,-0.0061787544,
0.782,-0.0064008520,
0.78225,0.0156428162,
0.7825,0.0082616312,
0.78275,0.0036389879,
0.783,0.0203202963,
0.78325,0.0137588279,
0.7835,0.0097210994,
0.78375,0.0103593711,
0.784,0.0203814264,
0.78425,0.0210271738,
0.7845,-0.0054063275,
0.78475,0.0079389242,
0.785,-0.0034383442,
0.78525,-0.0085233971,
0.7855,0.0040672901,
0.78575,0.0066612093,
0.786,-0.0007552263,
0.78625,-0.0057652169,
0.7865,-0.0104600554,
0.78675,0.0091140391,
0.787,-0.0143361203,
0.78725,-0.0097656175,
0.7875,0.0109989522,
0.78775,0.0115542430,
0.788,0.0052980031,
0.78825,-0.0001372863,
0.7885,0.0208256282,
0.78875,0.0097734202,
0.789,-0.0117176939,
0.78925,0.0119409990,
0.7895,0.0047122319,
0.78975,-0.0002909864,
0.79,0.0019593546,
0.79025,-0.0002707405,
0.7905,0.0195630379,
0.79075,-0.0093978122,
0.791,0.0124288630,
0.79125,0.0112981312,
0.7915,-0.0044017602,
0.79175,0.0025430382,
0.792,0.0108467033,
0.79225,0.0087731620,
0.7925,0.0101851020,
0.79275,0.0069651478,
0.793,0.0147987297,
0.79325,0.0045768921,
0.7935,0.0015115128,
0.79375,0.0082440106,
0.794,0.0082209548,
0.79425,0.0081229685,
0.7945,0.0063849189,
0.79475,-0.0114943236,
0.795,0.0117160156,
0.79525,-0.0055665481,
0.7955,-0.0007351449,
0.79575,0.0053490298,
0.796,0.0033618202,
0.79625,-0.0064281728,
0.7965,-0.0063559348,
0.79675,-0.0126593141,
0.797,-0.0164249241,
0.79725,0.0000835327,
0.7975,0.0150864515,
0.79775,0.0115931043,
0.798,-0.0020219958,
0.79825,0.0052563190,
0.7985,0.0113315526,
0.79875,0.0029884689,
0.799,-0.0112825492,
0.79925,0.0039613415,
0.7995,0.0104904082,
0.79975,0.0012472502,
0.8,-0.0040940917,
0.80025,0.0154401604,
0.8005,-0.0020216408,
0.80075,0.0022597895,
0.801,-0.0095481798,
0.80125,0.0055899899,
0.8015,0.0004276479,
0.80175,-0.0155096240,
0.802,0.0036313001,
0.80225,0.0002845645,
0.8025,-0.0060433336,
0.80275,-0.0001393712,
0.803,0.0090747010,
0.80325,0.0120856576,
0.8035,-0.0124223866,
0.80375,0.0182002820,
0.804,0.0189198852,
0.80425,-0.0127005260,
0.8045,0.0085439309,
0.80475,-0.0101702800,
0.805,-0.0129682384,
0.80525,-0.0039606374,
0.8055,-0.0006379201,
0.80575,-0.0108318329,
0.806,-0.0258879010,
0.80625,-0.0082991514,
0.8065,0.0057440898,
0.80675,-0.0310029089,
0.807,-0.0088529559,
0.80725,0.0061638975,
0.8075,0.0020463048,
0.80775,-0.0002438774,
0.808,0.0007920334,
0.80825,0.0040223738,
0.8085,-0.0074713090,
0.80875,-0.0132112484,
0.809,0.0034273765,
0.80925,-0.0030088476,
0.8095,0.0102820732,
0.80975,-0.0149136046,
0.81,-0.0031623845,
0.81025,0.0131337289,
0.8105,0.0030950368,
0.81075,-0.0046639009,
0.811,0.0021659015,
0.81125,0.0016574685,
0.8115,-0.0086389314,
0.81175,-0.0017743588,
0.812,0.0088696387,
0.81225,0.0152756143,
0.8125,-0.0154673699,
0.81275,0.0165844373,
0.813,0.0174983814,
0.81325,-0.0093275243,
0.8135,0.0118992403,
0.81375,0.0179381035,
0.814,0.0093292966,
0.81425,0.0038062925,
0.8145,-0.0014424919,
0.81475,0.0115337279,
0.815,-0.0074617714,
0.81525,0.0010297154,
0.8155,0.0117669478,
0.81575,-0.0048214491,
0.816,-0.0091775525,
0.81625,-0.0025820103,
0.8165,-0.0196286943,
0.81675,-0.0027486170,
0.817,0.0123193655,
0.81725,0.0204935819,
0.8175,0.0101672076,
0.81775,0.0129664373,
0.818,0.0102907280,
0.81825,0.0193752181,
0.8185,0.0097664585,
0.81875,0.0100361444,
0.819,0.0121354051,
0.81925,0.0220384970,
0.8195,0.0129251704,
0.81975,0.0071462709,
0.82,0.0080345580,
0.82025,0.0114341322,
0.8205,0.0007252280,
0.82075,-0.0113531575,
0.821,0.0222906079,
0.82125,0.0005233120,
0.8215,0.0008198992,
0.82175,0.0100464383,
0.822,0.0106377862,
0.82225,0.0151058463,
0.8225,0.0078798011,
0.82275,0.0304619819,
0.823,0.0203117765,
0.82325,0.0084521221,
0.8235,0.0241763517,
0.82375,0.0239551738,
0.824,0.0148138134,
0.82425,0.0080534741,
0.8245,-0.0085399430,
0.82475,0.0085715028,
0.825,0.0059988587,
0.82525,0.0104762847,
0.8255,0.0000450705,
0.82575,0.0033840262,
0.826,0.0076198946,
0.82625,0.0038268997,
0.8265,-0.0004297617,
0.82675,0.0001294640,
0.827,0.0107755410,
0.82725,0.0214310810,
0.8275,0.0146615086,
0.82775,0.0023138276,
0.828,0.0101720458,
0.82825,0.0077937967,
0.8285,0.0051858490,
0.82875,-0.0063446313,
0.829,0.0108409869,
0.82925,0.0151267070,
0.8295,-0.0119707305,
0.82975,0.0094404258,
0.83,0.0119041447,
0.83025,-0.0009319210,
0.8305,-0.0017837528,
0.83075,0.0052747903,
0.831,-0.0036538588,
0.83125,-0.0025706817,
0.8315,0.0000002391,
0.83175,0.0116366018,
0.832,0.0097654667,
0.83225,0.0027314012,
0.8325,0.0100738108,
0.83275,0.0038319270,
0.833,0.0022709160,
0.83325,0.0037120157,
0.8335,-0.0012670383,
0.83375,0.0077220416,
0.834,-0.0062938351,
0.83425,-0.0112805236,
0.8345,0.0003143425,
0.83475,-0.0039537987,
0.835,-0.0071938550,
0.83525,-0.0074585704,
0.8355,-0.0047490275,
0.83575,-0.0102774566,
0.836,-0.0309068728,
0.83625,-0.0062389947,
0.8365,0.0030157408,
0.83675,-0.0047709979,
0.837,0.0000186208,
0.83725,0.0102985194,
0.8375,-0.0070710923,
0.83775,-0.0008275042,
0.838,0.0111619756,
0.83825,-0.0003102519,
0.8385,-0.0048700548,
0.83875,-0.0041329120,
0.839,0.0057209027,
0.83925,-0.0072774799,
0.8395,-0.0099407341,
0.83975,-0.0196329653,
0.84,0.0039455215,
0.84025,-0.0204721801,
0.8405,-0.0210545193,
0.84075,0.0000708834,
0.841,-0.0061298693,
0.84125,-0.0074092420,
0.8415,-0.0166567620,
0.84175,0.0115548410,
0.842,0.0061930437,
0.84225,-0.0126050422,
0.8425,0.0109934201,
0.84275,0.0003792091,
0.843,-0.0105647147,
0.84325,-0.0001559375,
0.8435,0.0060416828,
0.84375,-0.0008965599,
0.844,-0.0291417167,
0.84425,-0.0153666921,
0.8445,0.0066271494,
0.84475,-0.0180889219,
0.845,-0.0090190135,
0.84525,-0.0107886195,
0.8455,-0.0151673099,
0.84575,-0.0162797812,
0.846,-0.0125110531,
0.84625,-0.0310220309,
0.8465,-0.0172682088,
0.84675,-0.0040666461,
0.847,0.0014904379,
0.84725,-0.0053018434,
0.8475,-0.0066028479,
0.84775,0.0042769164,
0.848,-0.0112531940,
0.84825,0.0039931801,
0.8485,-0.0232137926,
0.84875,-0.0063159871,
0.849,-0.0044122515,
0.84925,-0.0153260231,
0.8495,-0.0097370138,
0.84975,-0.0038958618,
0.85,-0.0031859495,
0.85025,-0.0103580728,
0.8505,-0.0163897369,
0.85075,0.0044981898,
0.851,-0.0020578385,
0.85125,-0.0226910040,
0.8515,0.0025879149,
0.85175,0.0031571509,
0.852,-0.0120023377,
0.85225,-0.0121941743,
0.8525,0.0003907751,
0.85275,0.0003813597,
0.853,-0.0145410933,
0.85325,0.0064816563,
0.8535,0.0095821153,
0.85375,-0.0148529075,
0.854,-0.0099356454,
0.85425,0.0015263075,
0.8545,-0.0053175073,
0.85475,-0.0109699275,
0.855,-0.0035234562,
0.85525,-0.0113713602,
0.8555,-0.0097609833,
0.85575,-0.0214508083,
0.856,0.0015070605,
0.85625,-0.0036334037,
0.8565,0.0032209517,
0.85675,0.0019278546,
0.857,0.0038811858,
0.85725,0.0001346944,
0.8575,0.0081859287,
0.85775,0.0012926925,
0.858,0.0038565029,
0.85825,-0.0007554874,
0.8585,0.0036070938,
0.85875,-0.0019745692,
0.859,-0.0009033261,
0.85925,-0.0110734347,
0.8595,-0.0059443936,
0.85975,0.0136190085,
0.86,-0.0097635938,
0.86025,-0.0033731388,
0.8605,0.0074317846,
0.86075,0.0060936157,
0.861,-0.0061414135,
0.86125,-0.0055725127,
0.8615,0.0112782605,
0.86175,0.0121847158,
0.862,-0.0119477361,
0.86225,0.0136263501,
0.8625,0.0172006674,
0.86275,0.0021077394,
0.863,0.0105866957,
0.86325,0.0223620273,
0.8635,0.0145898256,
0.86375,-0.0126594966,
0.864,-0.0043581873,
0.86425,0.0168793127,
0.8645,-0.0088526867,
0.86475,-0.0118458010,
0.865,-0.0110732801,
0.86525,0.0015286688,
0.8655,-0.0092408601,
0.86575,-0.0142315570,
0.866,-0.0026356368,
0.86625,0.0105514238,
0.8665,0.0011134001,
0.86675,0.0026827699,
0.867,0.0125806052,
0.86725,0.0058208914,
0.8675,-0.0000660577,
0.86775,0.0127094435,
0.868,0.0033569615,
0.86825,-0.0126545839,
0.8685,0.0046596965,
0.86875,0.0055141239,
0.869,-0.0139694279,
0.86925,-0.0078789676,
0.8695,0.0124053042,
0.86975,-0.0086794877,
0.87,-0.0063122567,
0.87025,-0.0124278897,
0.8705,0.0014365319,
0.87075,-0.0034932138,
0.871,-0.0118686762,
0.87125,-0.0006331495,
0.8715,0.0034753338,
0.87175,-0.0026339372,
0.872,-0.0053622718,
0.87225,0.0137068760,
0.8725,0.0057355869,
0.87275,0.0046611736,
0.873,0.0032763542,
0.87325,0.0054316367,
0.8735,-0.0054964432,
0.87375,-0.0111190798,
0.874,-0.0022425777,
0.87425,0.0029990599,
0.8745,-0.0144768655,
0.87475,-0.0073952805,
0.875,0.0026777606,
0.87525,-0.0085180923,
0.8755,-0.0287040155,
0.87575,0.0043644737,
0.876,0.0035368805,
0.87625,0.0049269050,
0.8765,-0.0079709888,
0.87675,0.0124991359,
0.877,-0.0062093828,
0.87725,-0.0069452934,
0.8775,-0.0015217396,
0.87775,0.0005895435,
0.878,-0.0070357039,
0.87825,-0.0096145105,
0.8785,-0.0004897498,
0.87875,0.0088368412,
0.879,-0.0186237004,
0.87925,0.0001819569,
0.8795,0.0056048138,
0.87975,-0.0067431945,
0.88,-0.0094943708,
0.88025,-0.0107994014,
0.8805,0.0111132171,
0.88075,-0.0137551734,
0.881,-0.0049073994,
0.88125,0.0085026547,
0.8815,0.0067622261,
0.88175,-0.0068292040,
0.882,0.0022538414,
0.88225,0.0174259432,
0.8825,-0.0018392085,
0.88275,-0.0071207630,
0.883,0.0186984483,
0.88325,0.0032682051,
0.8835,-0.0253215469,
0.88375,-0.0029058938,
0.884,0.0085061500,
0.88425,-0.0194632858,
0.8845,-0.0137290927,
0.88475,-0.0006346329,
0.885,-0.0001678527,
0.88525,-0.0210582763,
0.8855,0.0020351261,
0.88575,-0.0019358644,
0.886,-0.0030217960,
0.88625,-0.0010426050,
0.8865,-0.0031216736,
0.88675,0.0007178535,
0.887,0.0056805192,
0.88725,-0.0006912950,
0.8875,0.0026505857,
0.88775,-0.0076393452,
0.888,-0.0036034596,
0.88825,-0.0018936049,
0.8885,-0.0069417483,
0.88875,-0.0091682756,
0.889,-0.0066091111,
0.88925,-0.0027391468,
0.8895,0.0073423628,
0.88975,-0.0114271436,
0.89,-0.0233758539,
0.89025,0.0033434343,
0.8905,0.0025275233,
0.89075,-0.0038801415,
0.891,-0.0058875969,
0.89125,0.0219501723,
0.8915,0.0019069407,
0.89175,-0.0114281150,
0.892,0.0185339227,
0.89225,0.0165372062,
0.8925,-0.0060754446,
0.89275,0.0092786197,
0.893,0.0105019696,
0.89325,-0.0125371935,
0.8935,-0.0056274952,
0.89375,0.0149321910,
0.894,-0.0038265854,
0.89425,-0.0129198767,
0.8945,0.0015310472,
0.89475,-0.0037039872,
0.895,-0.0205682423,
0.89525,-0.0152973216,
0.8955,0.0071464395,
0.89575,-0.0028670279,
0.896,0.0085657891,
0.89625,0.0001045783,
0.8965,0.0142838228,
0.89675,-0.0119100427,
0.897,0.0040475833,
0.89725,0.0061216652,
0.8975,-0.0006262464,
0.89775,-0.0014530284,
0.898,-0.0048906798,
0.89825,0.0015480072,
0.8985,0.0099187670,
0.89875,-0.0085555380,
0.899,0.0002584794,
0.89925,0.0018887161,
0.8995,0.0096919471,
0.89975,-0.0050120046,
0.9,-0.0059812698,
0.90025,0.0179745667,
0.9005,0.0066825398,
0.90075,-0.0035805656,
0.901,0.0258089993,
0.90125,0.0120252706,
0.9015,0.0027855868,
0.90175,0.0136896372,
0.902,0.0185090918,
0.90225,0.0100213159,
0.9025,0.0009461895,
0.90275,0.0213839319,
0.903,0.0047845738,
0.90325,-0.0160223339,
0.9035,-0.0028154887,
0.90375,0.0038546389,
0.904,0.0018665066,
0.90425,-0.0062464504,
0.9045,-0.0012307683,
0.90475,-0.0027924865,
0.905,-0.0032592393,
0.90525,-0.0063593043,
0.9055,0.0032840488,
0.90575,0.0105966441,
0.906,-0.0126409400,
0.90625,0.0074295579,
0.9065,0.0137088029,
0.90675,0.0094261458,
0.907,-0.0111168390,
0.90725,0.0054748314,
0.9075,0.0003861367,
0.90775,-0.0047059972,
0.908,0.0006605411,
0.90825,-0.0013451023,
0.9085,-0.0064617679,
0.90875,0.0055060210,
0.909,0.0052437996,
0.90925,0.0139657892,
0.9095,-0.0098465346,
0.90975,-0.0046967594,
0.91,0.0162422713,
0.91025,0.0057297479,
0.9105,0.0057990588,
0.91075,0.0077522923,
0.911,0.0163112115,
0.91125,0.0027564489,
0.9115,0.0022440574,
0.91175,0.0115638049,
0.912,0.0205442496,
0.91225,0.0057463213,
0.9125,0.0099010542,
0.91275,0.0014922599,
0.913,-0.0064085466,
0.91325,0.0094731944,
0.9135,-0.0032650984,
0.91375,-0.0086490037,
0.914,-0.0040193535,
0.91425,-0.0068237823,
0.9145,0.0012043318,
0.91475,-0.0135300923,
0.915,-0.0009502029,
0.91525,-0.0010177803,
0.9155,0.0201947205,
0.91575,0.0116364481,
0.916,0.0059503061,
0.91625,0.0058431141,
0.9165,-0.0022655837,
0.91675,-0.0029948482,
0.917,0.0025864921,
0.91725,0.0042741150,
0.9175,-0.0005191922,
0.91775,-0.0012372156,
0.918,0.0086163320,
0.91825,0.0172534175,
0.9185,-0.0138780400,
0.91875,0.0044596768,
0.919,0.0142150633,
0.91925,0.0162135344,
0.9195,0.0027776444,
0.91975,-0.0012698127,
0.92,0.0119333751,
0.92025,0.0143551473,
0.9205,-0.0012098192,
0.92075,0.0137187829,
0.921,0.0173360277,
0.92125,0.0052078166,
0.9215,-0.0009129266,
0.92175,0.0184775777,
0.922,0.0089469049,
0.92225,0.0071971957,
0.9225,0.0068140589,
0.92275,-0.0079542305,
0.923,-0.0205513500,
0.92325,0.0002508327,
0.9235,0.0075999605,
0.92375,0.0053025805,
0.924,-0.0138123054,
0.92425,0.0084655341,
0.9245,-0.0057019796,
0.92475,-0.0099486690,
0.925,-0.0091586914,
0.92525,0.0079492442,
0.9255,0.0011423484,
0.92575,-0.0095258271,
0.926,0.0139276497,
0.92625,-0.0006944431,
0.9265,-0.0014456209,
0.92675,-0.0022856987,
0.927,0.0040231007,
0.92725,-0.0107421214,
0.9275,0.0082750218,
0.92775,-0.0069487458,
0.928,-0.0082088979,
0.92825,0.0030713251,
0.9285,0.0117448699,
0.92875,-0.0106375143,
0.929,0.0139236404,
0.92925,0.0009098937,
0.9295,-0.0189380646,
0.92975,0.0020753071,
0.93,0.0134469625,
0.93025,-0.0058460273,
0.9305,-0.0029078773,
0.93075,0.0212367624,
0.931,0.0135639831,
0.93125,-0.0035465839,
0.9315,0.0119693223,
0.93175,0.0207458101,
0.932,0.0035194140,
0.93225,-0.0039894446,
0.9325,-0.0023611451,
0.93275,-0.0020911701,
0.933,-0.0069223857,
0.93325,-0.0080902530,
0.9335,-0.0087310923,
0.93375,-0.0146764014,
0.934,-0.0002714367,
0.93425,-0.0027555285,
0.9345,-0.0165593531,
0.93475,-0.0091158235,
0.935,0.0019288235,
0.93525,0.0143270437,
0.9355,-0.0035764873,
0.93575,0.0095806960,
0.936,-0.0047424324,
0.93625,0.0030790919,
0.9365,-0.0002194417,
0.93675,0.0016047132,
0.937,0.0031503707,
0.93725,0.0022136294,
0.9375,0.0035378332,
0.93775,0.0047052456,
0.938,-0.0095349122,
0.93825,-0.0081066573,
0.9385,-0.0045510670,
0.93875,0.0059386259,
0.939,0.0094197430,
0.93925,-0.0092076119,
0.9395,-0.0055753374,
0.93975,0.0053822696,
0.94,0.0068330490,
0.94025,-0.0019877870,
0.9405,0.0055291317,
0.94075,0.0201207791,
0.941,-0.0017441086,
0.94125,-0.0013573775,
0.9415,0.0156787727,
0.94175,0.0073124878,
0.942,0.0052215736,
0.94225,-0.0050918646,
0.9425,-0.0166797321,
0.94275,-0.0097778775,
0.943,-0.0107171219,
0.94325,0.0042155469,
0.9435,-0.0053852466,
0.94375,-0.0169536769,
0.944,-0.0010920734,
0.94425,-0.0295710489,
0.9445,-0.0133911930,
0.94475,-0.0201623738,
0.945,-0.0043122307,
0.94525,0.0008949853,
0.9455,0.0018260241,
0.94575,-0.0124903750,
0.946,0.0039958884,
0.94625,-0.0044573308,
0.9465,0.0043208427,
0.94675,-0.0092472369,
0.947,0.0069158468,
0.94725,0.0003164317,
0.9475,-0.0160916634,
0.94775,-0.0037043681,
0.948,-0.0042054066,
0.94825,-0.0142955109,
0.9485,-0.0079903677,
0.94875,0.0127061075,
0.949,-0.0103711952,
0.94925,-0.0085963085,
0.9495,-0.0015817524,
0.94975,0.0103200227,
0.95,-0.0037275599,
0.95025,0.0021133767,
0.9505,0.0141087314,
0.95075,0.0013357284,
0.951,0.0008908672,
0.95125,-0.0049570873,
0.9515,0.0054030837,
0.95175,0.0076439115,
0.952,-0.0098544378,
0.95225,-0.0079599433,
0.9525,-0.0107966308,
0.95275,0.0003630184,
0.953,-0.0176189598,
0.95325,0.0019752849,
0.9535,0.0019451741,
0.95375,-0.0054236157,
0.954,-0.0286833551,
0.95425,-0.0106503647,
0.9545,-0.0115293730,
0.95475,-0.0070764101,
0.955,0.0133945039,
0.95525,0.0091347704,
0.9555,0.0026746411,
0.95575,-0.0018779505,
0.956,0.0160756987,
0.95625,-0.0011482188,
0.9565,-0.0093190912,
0.95675,0.0014276176,
0.957,0.0003498821,
0.95725,-0.0018016377,
0.9575,-0.0034315675,
0.95775,-0.0155670932,
0.958,0.0030821946,
0.95825,-0.0013762632,
0.9585,0.0073933601,
0.95875,0.0086994246,
0.959,-0.0015220935,
0.95925,-0.0009283405,
0.9595,-0.0015933673,
0.95975,0.0073400978,
0.96,-0.0023184156,
0.96025,-0.0036290120,
0.9605,0.0077657518,
0.96075,0.0016261076,
0.961,-0.0055141379,
0.96125,0.0034104381,
0.9615,0.0231086724,
0.96175,-0.0059813038,
0.962,-0.0111170709,
0.96225,0.0035961987,
0.9625,0.0023604501,
0.96275,-0.0156563409,
0.963,0.0025209459,
0.96325,-0.0063827960,
0.9635,-0.0216167904,
0.96375,-0.0151194064,
0.964,-0.0068939063,
0.96425,-0.0078061065,
0.9645,-0.0218808670,
0.96475,0.0102143493,
0.965,0.0061536040,
0.96525,0.0002922567,
0.9655,0.0022591038,
0.96575,0.0101755280,
0.966,0.0066496530,
0.96625,0.0093155019,
0.9665,-0.0130605800,
0.96675,0.0060298657,
0.967,-0.0026962815,
0.96725,-0.0052763065,
0.9675,-0.0162620861,
0.96775,0.0062614069,
0.968,-0.0060791806,
0.96825,-0.0039687972,
0.9685,-0.0051491433,
0.96875,0.0076850387,
0.969,-0.0048800190,
0.96925,-0.0122388229,
0.9695,0.0148703912,
0.96975,0.0093034804,
0.97,-0.0057015312,
0.97025,0.0015479036,
0.9705,0.0114847636,
0.97075,-0.0031558163,
0.971,-0.0011793179,
0.97125,0.0187162850,
0.9715,0.0055353786,
0.97175,-0.0094550615,
0.972,-0.0042287698,
0.97225,-0.0002171116,
0.9725,-0.0111951064,
0.97275,-0.0201361291,
0.973,0.0126356892,
0.97325,-0.0028074242,
0.9735,-0.0114948787,
0.97375,-0.0131041883,
0.974,-0.0097226650,
0.97425,-0.0257620215,
0.9745,0.0062318416,
0.97475,0.0057466677,
0.975,0.0145154363,
0.97525,0.0037438239,
0.9755,0.0079089431,
0.97575,0.0103376489,
0.976,0.0045474255,
0.97625,-0.0086124819,
0.9765,-0.0082931472,
0.97675,0.0045544598,
0.977,0.0009445343,
0.97725,-0.0134383971,
0.9775,-0.0009701987,
0.97775,0.0126466816,
0.978,0.0082022035,
0.97825,0.0007658510,
0.9785,0.0071699894,
0.97875,0.0122913709,
0.979,-0.0120930700,
0.97925,-0.0014444913,
0.9795,0.0123709813,
0.97975,-0.0013206711,
0.98,-0.0020368048,
0.98025,0.0090484610,
0.9805,0.0113394475,
0.98075,0.0017526706,
0.981,0.0132389413,
0.98125,0.0239270944,
0.9815,-0.0050373916,
0.98175,-0.0097702798,
0.982,0.0050213384,
0.98225,-0.0123702697,
0.9825,-0.0057561127,
0.98275,0.0031117960,
0.983,-0.0175724216,
0.98325,-0.0128739504,
0.9835,-0.0134165473,
0.98375,0.0067794551,
0.984,-0.0017501723,
0.98425,-0.0215999447,
0.9845,0.0088592935,
0.98475,0.0145015512,
0.985,0.0059074098,
0.98525,0.0002782761,
0.9855,0.0140402736,
0.98575,0.0212357566,
0.986,-0.0002946247,
0.98625,-0.0033779941,
0.9865,0.0099602174,
0.98675,0.0072888467,
0.987,0.0029389155,
0.98725,-0.0059835706,
0.9875,0.0191595610,
0.98775,0.0021905003,
0.988,-0.0022465831,
0.98825,0.0039367322,
0.9885,0.0114833945,
0.98875,-0.0135482792,
0.989,0.0098203868,
0.98925,0.0167549551,
0.9895,0.0102420850,
0.98975,0.0041458779,
0.99,0.0041451720,
0.99025,0.0146092465,
0.9905,0.0068773981,
0.99075,0.0054458785,
0.991,0.0131705673,
0.99125,0.0008481851,
0.9915,0.0083352998,
0.99175,-0.0057922890,
0.992,0.0036515649,
0.99225,0.0070169936,
0.9925,-0.0111653013,
0.99275,0.0067518335,
0.993,-0.0034474051,
0.99325,-0.0190786123,
0.9935,-0.0139190163,
0.99375,-0.0111037586,
0.994,-0.0139783416,
0.99425,0.0111791156,
0.9945,-0.0002802569,
0.99475,0.0237479266,
0.995,0.0024701492,
0.99525,0.0040326528,
0.9955,0.0176747777,
0.99575,0.0141253127,
0.996,-0.0034404821,
0.99625,-0.0058943816,
0.9965,0.0086799134,
0.99675,0.0029029965,
0.997,-0.0179225486,
0.99725,0.0075958995,
0.9975,0.0006330630,
0.99775,0.0009409816,
0.998,-0.0119063770,
0.99825,-0.0172484200,
0.9985,0.0141335092,
0.99875,-0.0101121617,
0.999,-0.0040379660,
0.99925,0.0075184815,
0.9995,0.0029056009,
0.99975,-0.0079305889,
1,0.0069670193,
1.00025,0.0102002434,
1.0005,-0.0026599453,
1.00075,-0.0071176058,
1.001,0.0176815204,
1.00125,0.0008865519,
1.0015,-0.0139815034,
1.00175,-0.0135003226,
1.002,-0.0093511101,
1.00225,-0.0161501225,
1.0025,-0.0049300562,
1.00275,-0.0079584876,
1.003,-0.0066505913,
1.00325,-0.0200490095,
1.0035,0.0018824076,
1.00375,-0.0133567126,
1.004,-0.0277374722,
1.00425,0.0125174988,
1.0045,0.0025871468,
1.00475,0.0055836756,
1.005,0.0100611160,
1.00525,0.0096552465,
1.0055,0.0127921170,
1.00575,0.0030425792,
1.006,0.0026573145,
1.00625,-0.0066017192,
1.0065,0.0053751972,
1.00675,-0.0079639973,
1.007,-0.0154206762,
1.00725,0.0020959938,
1.0075,0.0012407030,
1.00775,-0.0068255053,
1.008,-0.0218753070,
1.00825,0.0085809100,
1.0085,-0.0013818166,
1.00875,-0.0036703537,
1.009,0.0024990304,
1.00925,0.0206457432,
1.0095,0.0000637960,
1.00975,-0.0118002342,
1.01,0.0135540068,
1.01025,0.0025177384,
1.0105,-0.0028621231,
1.01075,0.0047342489,
1.011,0.0056821769,
1.01125,-0.0042189816,
1.0115,-0.0064594494,
1.01175,0.0145910038,
1.012,-0.0060164528,
1.01225,-0.0157594401,
1.0125,0.0075815171,
1.01275,-0.0122357029,
1.013,-0.0357651040,
1.01325,-0.0128454249,
1.0135,-0.0076411208,
1.01375,0.0053907065,
1.014,0.0098931519,
1.01425,0.0106030218,
1.0145,0.0201701410,
1.01475,0.0089712050,
1.015,0.0125981038,
1.01525,0.0179999638,
1.0155,0.0115781138,
1.01575,0.0044127502,
1.016,-0.0062852581,
1.01625,0.0124759926,
1.0165,0.0023048818,
1.01675,-0.0028032931,
1.017,0.0001548917,
1.01725,0.0159262754,
1.0175,0.0146916704,
1.01775,-0.0109066805,
1.018,-0.0010431024,
1.01825,0.0159907006,
1.0185,0.0048656771,
1.01875,0.0035237852,
1.019,0.0192849319,
1.01925,0.0190618690,
1.0195,0.0000163002,
1.01975,0.0107407700,
1.02,0.0235853158,
1.02025,0.0065584145,
1.0205,0.0065955869,
1.02075,0.0272637755,
1.021,0.0173840653,
1.02125,0.0049863262,
1.0215,-0.0046569677,
1.02175,0.0019982208,
1.022,0.0134356115,
1.02225,0.0015192835,
1.0225,0.0036619732,
1.02275,0.0151496809,
1.023,0.0006573123,
1.02325,0.0028104859,
1.0235,-0.0090383328,
1.02375,-0.0008683249,
1.024,-0.0016809881,
1.02425,0.0129323136,
1.0245,0.0202250257,
1.02475,0.0091543952,
1.025,0.0153284967,
1.02525,0.0193234682,
1.0255,0.0184204932,
1.02575,0.0035873402,
1.026,0.0055076187,
1.02625,0.0228686221,
1.0265,-0.0039162477,
1.02675,0.0007760918,
1.027,0.0146818822,
1.02725,0.0158775058,
1.0275,-0.0059964601,
1.02775,0.0004987195,
1.028,0.0087366709,
1.02825,0.0060523632,
1.0285,0.0025305548,
1.02875,0.0082945302,
1.029,0.0115318205,
1.02925,0.0066560465,
1.0295,0.0067311348,
1.02975,0.0032520853,
1.03,0.0141184721,
1.03025,0.0074227424,
1.0305,0.0031880974,
1.03075,0.0173396561,
1.031,0.0061171250,
1.03125,-0.0077569536,
1.0315,-0.0011719192,
1.03175,-0.0093305837,
1.032,-0.0069568623,
1.03225,-0.0108972117,
1.0325,-0.0213660821,
1.03275,-0.0051476578,
1.033,-0.0172741655,
1.03325,-0.0069104033,
1.0335,0.0113104079,
1.03375,0.0011905105,
1.034,-0.0033347914,
1.03425,0.0059916712,
1.0345,0.0063876715,
1.03475,-0.0026693300,
1.035,-0.0010621698,
1.03525,0.0103287501,
1.0355,-0.0076327650,
1.03575,-0.0092940833,
1.036,0.0079548368,
1.03625,-0.0060524410,
1.0365,-0.0142652839,
1.03675,-0.0133477626,
1.037,0.0080015659,
1.03725,-0.0078501003,
1.0375,-0.0259400811,
1.03775,-0.0076847635,
1.038,0.0014403585,
1.03825,-0.0033328389,
1.0385,-0.0186690167,
1.03875,0.0019602538,
1.039,0.0136079630,
1.03925,-0.0139945848,
1.0395,-0.0090053966,
1.03975,0.0123620117,
1.04,-0.0046187900,
1.04025,-0.0074232086,
1.0405,0.0028192201,
1.04075,-0.0049210889,
1.041,-0.0173145737,
1.04125,-0.0328988135,
1.0415,0.0059542689,
1.04175,-0.0033081472,
1.042,-0.0355081931,
1.04225,-0.0070399800,
1.0425,-0.0086094690,
1.04275,-0.0157596134,
1.043,-0.0221420340,
1.04325,-0.0197977126,
1.0435,-0.0114233643,
1.04375,-0.0193569455,
1.044,0.0030192793,
1.04425,-0.0112671824,
1.0445,-0.0061062821,
1.04475,0.0116856564,
1.045,-0.0067155766,
1.04525,-0.0005239766,
1.0455,-0.0036784676,
1.04575,-0.0111920275,
1.046,-0.0038651642,
1.04625,-0.0104517723,
1.0465,-0.0050370367,
1.04675,-0.0129350284,
1.047,-0.0034059768,
1.04725,-0.0078563718,
1.0475,-0.0223196503,
1.04775,-0.0107345125,
1.048,0.0142759345,
1.04825,-0.0190317184,
1.0485,-0.0168949515,
1.04875,0.0087293591,
1.049,-0.0034585013,
1.04925,-0.0215972755,
1.0495,0.0000296923,
1.04975,0.0075588697,
1.05,-0.0143615799,
1.05025,-0.0136584835,
1.0505,0.0193856917,
1.05075,-0.0120457122,
1.051,-0.0148093216,
1.05125,-0.0030625125,
1.0515,-0.0067277150,
1.05175,-0.0197684839,
1.052,-0.0044744192,
1.05225,-0.0072810617,
1.0525,-0.0047976770,
1.05275,-0.0281301979,
1.053,-0.0009136455,
1.05325,0.0047709881,
1.0535,-0.0154890381,
1.05375,0.0041052704,
1.054,0.0018839487,
1.05425,0.0039962870,
1.0545,-0.0011506819,
1.05475,0.0024245316,
1.055,0.0061079483,
1.05525,0.0026105740,
1.0555,-0.0010946420,
1.05575,0.0010822990,
1.056,-0.0010012627,
1.05625,-0.0031179208,
1.0565,-0.0056351544,
1.05675,0.0072319196,
1.057,0.0010812378,
1.05725,-0.0112591926,
1.0575,-0.0030455724,
1.05775,0.0180085693,
1.058,0.0038838405,
1.05825,-0.0042551695,
1.0585,0.0062431837,
1.05875,0.0211691074,
1.059,-0.0047389003,
1.05925,0.0027593423,
1.0595,0.0193571262,
1.05975,0.0066683204,
1.06,0.0013565604,
1.06025,0.0040720352,
1.0605,0.0099781267,
1.06075,-0.0095172301,
1.061,-0.0182846729,
1.06125,0.0217863396,
1.0615,0.0056516975,
1.06175,-0.0116701042,
1.062,0.0021724724,
1.06225,-0.0115569700,
1.0625,-0.0096781924,
1.06275,-0.0185309704,
1.063,-0.0074201408,
1.06325,0.0084630977,
1.0635,0.0031862336,
1.06375,0.0007989671,
1.064,0.0098382980,
1.06425,0.0156609509,
1.0645,0.0001826515,
1.06475,0.0004839700,
1.065,0.0097120870,
1.06525,-0.0083855642,
1.0655,0.0040764613,
1.06575,-0.0025471451,
1.066,-0.0034520132,
1.06625,-0.0079983594,
1.0665,0.0064600608,
1.06675,0.0031628343,
1.067,0.0005615730,
1.06725,-0.0095675597,
1.0675,0.0038012627,
1.06775,0.0096099712,
1.068,-0.0033748790,
1.06825,0.0001728067,
1.0685,0.0076817810,
1.06875,0.0068235048,
1.069,-0.0040326728,
1.06925,0.0100151040,
1.0695,0.0114559093,
1.06975,0.0081097372,
1.07,-0.0012283865,
1.07025,0.0113610867,
1.0705,-0.0037794884,
1.07075,-0.0021696116,
1.071,-0.0067130318,
1.07125,0.0008707577,
1.0715,-0.0043065278,
1.07175,-0.0093423640,
1.072,-0.0163562018,
1.07225,-0.0017225348,
1.0725,-0.0202065501,
1.07275,-0.0055754255,
1.073,0.0054089930,
1.07325,0.0125010042,
1.0735,-0.0053644204,
1.07375,0.0109094949,
1.074,0.0004140851,
1.07425,-0.0044678473,
1.0745,-0.0009259069,
1.07475,0.0050401185,
1.075,0.0023854661,
1.07525,-0.0081545431,
1.0755,-0.0008725880,
1.07575,0.0097928951,
1.076,0.0018449237,
1.07625,-0.0020211914,
1.0765,0.0113522671,
1.07675,-0.0054470608,
1.077,-0.0044181384,
1.07725,-0.0055941171,
1.0775,0.0078992797,
1.07775,0.0063464688,
1.078,-0.0081119239,
1.07825,0.0081312759,
1.0785,0.0125356987,
1.07875,0.0006487173,
1.079,0.0008783340,
1.07925,0.0138271023,
1.0795,0.0157335456,
1.07975,-0.0001902193,
1.08,0.0027069338,
1.08025,0.0082722194,
1.0805,-0.0132300276,
1.08075,-0.0116475318,
1.081,0.0142720602,
1.08125,0.0018825454,
1.0815,-0.0154848266,
1.08175,-0.0140097104,
1.082,-0.0059864903,
1.08225,-0.0146566946,
1.0825,-0.0215085484,
1.08275,0.0029427095,
1.083,0.0099072643,
1.08325,-0.0058655371,
1.0835,0.0044069611,
1.08375,0.0081452020,
1.084,0.0012845143,
1.08425,-0.0048090890,
1.0845,-0.0021446308,
1.08475,-0.0075988695,
1.085,-0.0085363174,
1.08525,0.0016916335,
1.0855,-0.0162876975,
1.08575,0.0004125233,
1.086,0.0005960834,
1.08625,-0.0064276257,
1.0865,0.0039174994,
1.08675,0.0085129505,
1.087,-0.0185309146,
1.08725,-0.0098943152,
1.0875,0.0081685726,
1.08775,-0.0009813659,
1.088,-0.0086361645,
1.08825,0.0101981964,
1.0885,0.0152227208,
1.08875,-0.0024606036,
1.089,-0.0023382073,
1.08925,0.0286457725,
1.0895,0.0034413228,
1.08975,-0.0069813766,
1.09,0.0114161605,
1.09025,-0.0068897824,
1.0905,-0.0097663514,
1.09075,-0.0024272008,
1.091,-0.0003830792,
1.09125,-0.0121398084,
1.0915,-0.0114670098,
1.09175,0.0019802123,
1.092,-0.0113133211,
1.09225,-0.0236874335,
1.0925,0.0047540069,
1.09275,0.0081632715,
1.093,0.0087131020,
1.09325,-0.0036483286,
1.0935,0.0085571017,
1.09375,-0.0112395175,
1.094,-0.0007960791,
1.09425,-0.0045621423,
1.0945,0.0018430088,
1.09475,-0.0007490296,
1.095,0.0090825800,
1.09525,-0.0011862338,
1.0955,0.0118593909,
1.09575,-0.0000697282,
1.096,-0.0061253291,
1.09625,0.0001676912,
1.0965,0.0052143931,
1.09675,0.0022138371,
1.097,-0.0112857372,
1.09725,0.0060814717,
1.0975,0.0129728196,
1.09775,-0.0060043321,
1.098,0.0079649920,
1.09825,0.0133462995,
1.0985,0.0090416418,
1.09875,0.0052735354,
1.099,0.0137919560,
1.09925,0.0209981799,
1.0995,0.0057408530,
1.09975,0.0093021579,
1.1,0.0024216101,
1.10025,-0.0140699083,
1.1005,0.0074063526,
1.10075,0.0053797667,
1.101,0.0060668252,
1.10125,-0.0038138262,
1.1015,-0.0088054836,
1.10175,0.0055834856,
1.102,-0.0065574185,
1.10225,-0.0092758546,
1.1025,0.0083775865,
1.10275,0.0137609001,
1.103,0.0023041661,
1.10325,0.0091859801,
1.1035,0.0058907620,
1.10375,0.0085842684,
1.104,-0.0127600525,
1.10425,0.0060951980,
1.1045,0.0034832056,
1.10475,0.0029897944,
1.105,-0.0053013857,
1.10525,-0.0046805586,
1.1055,0.0096120276,
1.10575,0.0044059469,
1.106,0.0040063164,
1.10625,0.0078359563,
1.1065,0.0094742794,
1.10675,-0.0112709170,
1.107,0.0154076051,
1.10725,0.0159706157,
1.1075,0.0149944657,
1.10775,0.0104333125,
1.108,0.0148069933,
1.10825,0.0196857713,
1.1085,0.0066928142,
1.10875,0.0040429207,
1.109,0.0206247047,
1.10925,0.0099484157,
1.1095,0.0084164618,
1.10975,-0.0053346772,
1.11,-0.0075086635,
1.11025,0.0138387224,
1.1105,0.0003769471,
1.11075,0.0026581460,
1.111,0.0082102502,
1.11125,0.0056572333,
1.1115,0.0020738367,
1.11175,-0.0213905014,
1.112,-0.0091621205,
1.11225,-0.0018390723,
1.1125,0.0109482547,
1.11275,0.0188896302,
1.113,0.0139588388,
1.11325,-0.0020397885,
1.1135,0.0122780586,
1.11375,0.0095695462,
1.114,-0.0067393491,
1.11425,0.0061103329,
1.1145,0.0085207298,
1.11475,0.0084410617,
1.115,-0.0003618781,
1.11525,0.0070801959,
1.1155,-0.0103255473,
1.11575,0.0012124643,
1.116,0.0006922131,
1.11625,0.0165386908,
1.1165,0.0063850782,
1.11675,-0.0054862374,
1.117,0.0118901851,
1.11725,0.0071372469,
1.1175,0.0073964307,
1.11775,0.0088932663,
1.118,0.0092331674,
1.11825,0.0166659094,
1.1185,-0.0010007432,
1.11875,0.0062241727,
1.119,0.0200762637,
1.11925,0.0119660795,
1.1195,0.0024875519,
1.11975,-0.0074750143,
1.12,0.0033254796,
1.12025,0.0010499612,
1.1205,0.0048185275,
1.12075,0.0094083138,
1.121,-0.0122887036,
1.12125,-0.0038414481,
1.1215,-0.0121870441,
1.12175,-0.0096440511,
1.122,-0.0122843133,
1.12225,0.0034571553,
1.1225,0.0063636666,
1.12275,0.0049877861,
1.123,-0.0023719445,
1.12325,0.0042011323,
1.1235,-0.0029357797,
1.12375,-0.0057706912,
1.124,-0.0019727075,
1.12425,-0.0092111994,
1.1245,0.0055635851,
1.12475,-0.0058052964,
1.125,-0.0034681526,
1.12525,-0.0030630729,
1.1255,0.0074325688,
1.12575,-0.0102590770,
1.126,-0.0069358163,
1.12625,0.0060828589,
1.1265,-0.0067971549,
1.12675,-0.0102346651,
1.127,0.0058164964,
1.12725,0.0210529901,
1.1275,-0.0106801763,
1.12775,0.0045810286,
1.128,0.0206483565,
1.12825,-0.0026617814,
1.1285,-0.0053197513,
1.12875,0.0135721248,
1.129,0.0089871995,
1.12925,-0.0092659052,
1.1295,-0.0094534699,
1.12975,-0.0018094401,
1.13,-0.0014446733,
1.13025,-0.0134029835,
1.1305,0.0043620956,
1.13075,0.0025719989,
1.131,-0.0026569467,
1.13125,-0.0195056107,
1.1315,-0.0143036060,
1.13175,-0.0011406889,
1.132,-0.0041130250,
1.13225,0.0178507585,
1.1325,0.0016464994,
1.13275,0.0098673394,
1.133,-0.0004094545,
1.13325,0.0107760681,
1.1335,0.0035062484,
1.13375,0.0030256670,
1.134,-0.0095820772,
1.13425,0.0030562030,
1.1345,-0.0056043589,
1.13475,-0.0008793786,
1.135,-0.0212357026,
1.13525,-0.0059160586,
1.1355,0.0023842137,
1.13575,-0.0167034585,
1.136,0.0129287224,
1.13625,0.0016085219,
1.1365,-0.0053271856,
1.13675,-0.0022458546,
1.137,0.0000751940,
1.13725,0.0023424018,
1.1375,-0.0025779223,
1.13775,0.0035121627,
1.138,0.0105105508,
1.13825,-0.0027944718,
1.1385,0.0073110927,
1.13875,0.0171187855,
1.139,0.0158217717,
1.13925,-0.0065418752,
1.1395,-0.0176756717,
1.13975,0.0090778684,
1.14,-0.0001344967,
1.14025,-0.0070673395,
1.1405,0.0006958015,
1.14075,-0.0141459461,
1.141,-0.0018900348,
1.14125,-0.0141469864,
1.1415,0.0042955596,
1.14175,-0.0090312958,
1.142,0.0002207394,
1.14225,0.0043916665,
1.1425,0.0126536014,
1.14275,-0.0097444234,
1.143,-0.0019096499,
1.14325,0.0056997915,
1.1435,0.0076316064,
1.14375,-0.0173628181,
1.144,-0.0034429268,
1.14425,0.0110189635,
1.1445,-0.0067231366,
1.14475,-0.0067191934,
1.145,0.0099882893,
1.14525,0.0027222508,
1.1455,-0.0169573613,
1.14575,0.0088150995,
1.146,-0.0054216320,
1.14625,0.0013429928,
1.1465,-0.0077425828,
1.14675,0.0084242420,
1.147,0.0143462410,
1.14725,-0.0018099019,
1.1475,0.0047466182,
1.14775,0.0064418693,
1.148,-0.0046142088,
1.14825,0.0046282737,
1.1485,-0.0006467614,
1.14875,0.0090839947,
1.149,-0.0083098384,
1.14925,-0.0160660576,
1.1495,-0.0044801319,
1.14975,-0.0003980015,
1.15,-0.0118994191,
1.15025,-0.0017416327,
1.1505,-0.0012499234,
1.15075,0.0042563765,
1.151,-0.0332046524,
1.15125,-0.0185581520,
1.1515,-0.0077305357,
1.15175,-0.0145056853,
1.152,-0.0039868518,
1.15225,0.0025249468,
1.1525,-0.0017635324,
1.15275,-0.0111438446,
1.153,-0.0017085898,
1.15325,0.0052906116,
1.1535,-0.0128625557,
1.15375,-0.0184416994,
1.154,-0.0008762456,
1.15425,-0.0183057394,
1.1545,-0.0194974858,
1.15475,-0.0308872424,
1.155,0.0050371075,
1.15525,-0.0168658681,
1.1555,-0.0170353223,
1.15575,-0.0062346016,
1.156,-0.0003960527,
1.15625,-0.0160604361,
1.1565,-0.0085790260,
1.15675,-0.0049376902,
1.157,0.0038461585,
1.15725,-0.0074037230,
1.1575,-0.0086088460,
1.15775,0.0049297512,
1.158,-0.0080410214,
1.15825,-0.0068707089,
1.1585,0.0091138221,
1.15875,0.0016346902,
1.159,-0.0203539524,
1.15925,-0.0240930263,
1.1595,0.0051249843,
1.15975,-0.0208422169,
1.16,-0.0216343664,
1.16025,-0.0126986131,
1.1605,-0.0180572737,
1.16075,-0.0205903165,
1.161,-0.0152892349,
1.16125,-0.0079393415,
1.1615,-0.0225886367,
1.16175,-0.0085502621,
1.162,0.0000769912,
1.16225,-0.0005424812,
1.1625,-0.0092748627,
1.16275,0.0059426511,
1.163,-0.0024391315,
1.16325,0.0008816204,
1.1635,-0.0108245518,
1.16375,-0.0074016955,
1.164,-0.0064709028,
1.16425,-0.0098457672,
1.1645,-0.0229694135,
1.16475,-0.0107821990,
1.165,-0.0106922779,
1.16525,-0.0090522980,
1.1655,-0.0126518141,
1.16575,-0.0107703377,
1.166,0.0126560573,
1.16625,-0.0175344124,
1.1665,-0.0001709893,
1.16675,0.0192534141,
1.167,-0.0042175418,
1.16725,-0.0161112361,
1.1675,0.0035046767,
1.16775,0.0077783247,
1.168,-0.0079638716,
1.16825,-0.0007099042,
1.1685,0.0137981037,
1.16875,-0.0091700889,
1.169,-0.0098388363,
1.16925,0.0145269567,
1.1695,0.0099637285,
1.16975,-0.0215108972,
1.17,0.0033531107,
1.17025,0.0000135956,
1.1705,-0.0123948334,
1.17075,-0.0298419483,
1.171,-0.0033092014,
1.17125,-0.0182817243,
1.1715,-0.0040390021,
1.17175,0.0057805050,
1.172,0.0071266685,
1.17225,0.0054779192,
1.1725,0.0023597723,
1.17275,0.0079330066,
1.173,0.0017639259,
1.17325,-0.0016369196,
1.1735,-0.0117758764,
1.17375,-0.0022112825,
1.174,0.0001619562,
1.17425,-0.0120745264,
1.1745,-0.0152257066,
1.17475,0.0098129176,
1.175,0.0020934856,
1.17525,0.0024186110,
1.1755,-0.0012746316,
1.17575,0.0116135469,
1.176,-0.0050826627,
1.17625,-0.0027707720,
1.1765,0.0070344894,
1.17675,0.0141220912,
1.177,-0.0080252662,
1.17725,0.0047544981,
1.1775,0.0181556065,
1.17775,0.0069403062,
1.178,-0.0058764820,
1.17825,0.0164995790,
1.1785,0.0143620325,
1.17875,-0.0043668360,
1.179,-0.0102247195,
1.17925,-0.0024598963,
1.1795,-0.0140681015,
1.17975,-0.0076370342,
1.18,-0.0078479070,
1.18025,-0.0027648660,
1.1805,-0.0052746534,
1.18075,-0.0112141771,
1.181,0.0011982308,
1.18125,-0.0083819674,
1.1815,0.0078583816,
1.18175,-0.0052939234,
1.182,0.0181878209,
1.18225,0.0128635783,
1.1825,0.0049272357,
1.18275,0.0164389424,
1.183,0.0163718350,
1.18325,-0.0063299919,
1.1835,0.0073422980,
1.18375,0.0087195393,
1.184,-0.0071181115,
1.18425,-0.0108239725,
1.1845,0.0082649365,
1.18475,0.0000256805,
1.185,0.0088723619,
1.18525,-0.0151276449,
1.1855,0.0119682960,
1.18575,0.0064578094,
1.186,0.0009185089,
1.18625,0.0098413322,
1.1865,0.0148608582,
1.18675,0.0053635538,
1.187,-0.0006064037,
1.18725,0.0146104395,
1.1875,0.0126141310,
1.18775,0.0026251350,
1.188,0.0091138855,
1.18825,0.0101679265,
1.1885,0.0005977942,
1.18875,0.0020414640,
1.189,0.0011212794,
1.18925,0.0017444558,
1.1895,-0.0106008435,
1.18975,-0.0091188326,
1.19,-0.0102807619,
1.19025,-0.0250085071,
1.1905,-0.0300874487,
1.19075,-0.0086936289,
1.191,0.0003124081,
1.19125,0.0141002312,
1.1915,0.0026666119,
1.19175,0.0122524928,
1.192,0.0093724532,
1.19225,-0.0071654278,
1.1925,0.0057664774,
1.19275,0.0070530884,
1.193,-0.0086954311,
1.19325,-0.0101097226,
1.1935,0.0016116514,
1.19375,0.0128380535,
1.194,-0.0115883332,
1.19425,-0.0029114771,
1.1945,0.0183271598,
1.19475,0.0040057697,
1.195,-0.0024009445,
1.19525,-0.0128444526,
1.1955,0.0043611778,
1.19575,0.0016503881,
1.196,-0.0122268461,
1.19625,0.0077001480,
1.1965,0.0103780581,
1.19675,-0.0052235923,
1.197,0.0015843264,
1.19725,0.0109026264,
1.1975,0.0113083478,
1.19775,-0.0096312622,
1.198,0.0109136607,
1.19825,0.0117205679,
1.1985,-0.0174582303,
1.19875,-0.0154724997,
1.199,-0.0092844376,
1.19925,-0.0106048817,
1.1995,-0.0113723567,
1.19975,-0.0066943094,
1.2,0.0026567117,
1.20025,-0.0110640936,
1.2005,-0.0031145927,
1.20075,-0.0095867617,
1.201,-0.0061140261,
1.20125,-0.0161314551,
1.2015,-0.0026101638,
1.20175,0.0071677142,
1.202,-0.0024138954,
1.20225,0.0052321479,
1.2025,0.0002142886,
1.20275,0.0032296379,
1.203,-0.0011787339,
1.20325,0.0022476295,
1.2035,-0.0003281625,
1.20375,-0.0075975340,
1.204,-0.0048417090,
1.20425,-0.0032494213,
1.2045,-0.0009937373,
1.20475,0.0064646006,
1.205,-0.0185109377,
1.20525,0.0016810496,
1.2055,0.0149118826,
1.20575,0.0097869132,
1.206,-0.0085349148,
1.20625,0.0142018311,
1.2065,0.0185668319,
1.20675,-0.0096369572,
1.207,0.0046357936,
1.20725,0.0251350440,
1.2075,0.0006171346,
1.20775,-0.0011314532,
1.208,0.0128645860,
1.20825,0.0014815156,
1.2085,-0.0063878559,
1.20875,0.0079303533,
1.209,-0.0014406000,
1.20925,-0.0158266798,
1.2095,-0.0068214186,
1.20975,0.0010003340,
1.21,-0.0246144105,
1.21025,-0.0177603811,
1.2105,-0.0031948523,
1.21075,0.0016341500,
1.211,0.0094657140,
1.21125,-0.0000593046,
1.2115,0.0189808626,
1.21175,0.0002189257,
1.212,0.0069604013,
1.21225,0.0161945205,
1.2125,0.0136043830,
1.21275,0.0039601326,
1.213,0.0102661159,
1.21325,0.0070024603,
1.2135,0.0157001019,
1.21375,-0.0030078774,
1.214,-0.0018505682,
1.21425,0.0041121054,
1.2145,0.0120829046,
1.21475,0.0018988666,
1.215,-0.0087912800,
1.21525,0.0142669631,
1.2155,0.0217194147,
1.21575,0.0020713052,
1.216,0.0190468039,
1.21625,0.0257995911,
1.2165,0.0065987241,
1.21675,0.0041982117,
1.217,0.0188567284,
1.21725,0.0161537696,
1.2175,-0.0031632208,
1.21775,0.0155963693,
1.218,0.0038772882,
1.21825,-0.0061300532,
1.2185,-0.0042706495,
1.21875,0.0088115986,
1.219,0.0146156084,
1.21925,0.0037863115,
1.2195,0.0030064748,
1.21975,0.0008969469,
1.22,-0.0012943930,
1.22025,-0.0022065963,
1.2205,-0.0055947118,
1.22075,0.0141208582,
1.221,-0.0079008834,
1.22125,0.0126594109,
1.2215,0.0152100679,
1.22175,0.0269056950,
1.222,0.0141399996,
1.22225,0.0162077490,
1.2225,0.0226533506,
1.22275,0.0071788859,
1.223,0.0033439179,
1.22325,0.0076999916,
1.2235,-0.0010928898,
1.22375,0.0099233342,
1.224,0.0001516978,
1.22425,0.0218501799,
1.2245,0.0113542797,
1.22475,-0.0027455380,
1.225,0.0143930539,
1.22525,0.0261783451,
1.2255,0.0116877221,
1.22575,0.0055675982,
1.226,0.0221904106,
1.22625,0.0157810915,
1.2265,0.0016955587,
1.22675,0.0123353861,
1.227,0.0191122927,
1.22725,0.0130334133,
1.2275,0.0091556516,
1.22775,0.0098637510,
1.228,0.0106180422,
1.22825,0.0054087373,
1.2285,-0.0009810501,
1.22875,-0.0127906678,
1.229,-0.0050662663,
1.22925,-0.0047092559,
1.2295,-0.0019119930,
1.22975,-0.0069166729,
1.23,-0.0038943556,
1.23025,-0.0110237990,
1.2305,0.0205803104,
1.23075,0.0126738697,
1.231,0.0103373677,
1.23125,0.0034952993,
1.2315,0.0132199023,
1.23175,0.0135766920,
1.232,0.0038759019,
1.23225,0.0089483531,
1.2325,0.0085635558,
1.23275,-0.0015086426,
1.233,0.0018355853,
1.23325,0.0089340480,
1.2335,-0.0147250071,
1.23375,-0.0030257367,
1.234,0.0134543749,
1.23425,0.0105757909,
1.2345,-0.0076252506,
1.23475,-0.0065456708,
1.235,0.0125130313,
1.23525,0.0031190293,
1.2355,-0.0011407949,
1.23575,0.0032707970,
1.236,0.0107898917,
1.23625,-0.0003233516,
1.2365,-0.0111751053,
1.23675,0.0067427610,
1.237,0.0069253994,
1.23725,-0.0012165995,
1.2375,-0.0025819074,
1.23775,-0.0086250054,
1.238,-0.0106458887,
1.23825,-0.0178601909,
1.2385,-0.0047399653,
1.23875,0.0095382985,
1.239,-0.0229814928,
1.23925,-0.0125526711,
1.2395,-0.0206746161,
1.23975,-0.0279411152,
1.24,-0.0294556301,
1.24025,-0.0138161201,
1.2405,-0.0078143626,
1.24075,-0.0093754930,
1.241,-0.0055416045,
1.24125,0.0017803168,
1.2415,0.0010928432,
1.24175,-0.0068314285,
1.242,-0.0019308714,
1.24225,-0.0078051006,
1.2425,-0.0049845306,
1.24275,-0.0065998370,
1.243,-0.0204752795,
1.24325,-0.0096738571,
1.2435,0.0041452660,
1.24375,-0.0137140304,
1.244,-0.0014065907,
1.24425,-0.0019472197,
1.2445,-0.0091478592,
1.24475,-0.0223085843,
1.245,0.0055473046,
1.24525,0.0012078993,
1.2455,-0.0186815411,
1.24575,0.0026612703,
1.246,0.0151568288,
1.24625,-0.0135434316,
1.2465,-0.0058312151,
1.24675,0.0095456522,
1.247,0.0116391480,
1.24725,-0.0166621208,
1.2475,0.0017915776,
1.24775,0.0018184347,
1.248,-0.0133508304,
1.24825,-0.0218554009,
1.2485,-0.0014040490,
1.24875,-0.0105400933,
1.249,-0.0138193164,
1.24925,-0.0099711791,
1.2495,-0.0194287077,
1.24975,-0.0203004740,
1.25,-0.0154658509,
1.25025,0.0126941651,
1.2505,-0.0057413299,
1.25075,0.0036184634,
1.251,0.0008047613,
1.25125,-0.0046145441,
1.2515,0.0018933341,
1.25175,0.0011594556,
1.252,-0.0051795882,
1.25225,0.0069099125,
1.2525,0.0011933832,
1.25275,0.0017851286,
1.253,-0.0103629977,
1.25325,-0.0008964072,
1.2535,0.0004541092,
1.25375,-0.0024980495,
1.254,0.0057695750,
1.25425,-0.0070694932,
1.2545,-0.0073036016,
1.25475,0.0007972947,
1.255,0.0043412596,
1.25525,0.0048793158,
1.2555,0.0009833035,
1.25575,0.0139882378,
1.256,0.0109682009,
1.25625,-0.0059073842,
1.2565,0.0102794915,
1.25675,0.0162380598,
1.257,0.0043955883,
1.25725,-0.0054005915,
1.2575,0.0023929218,
1.25775,-0.0104997447,
1.258,-0.0131242387,
1.25825,0.0005315159,
1.2585,0.0060593053,
1.25875,-0.0151175261,
1.259,-0.0099782655,
1.25925,-0.0165679418,
1.2595,-0.0091631394,
1.25975,-0.0247350335,
1.26,-0.0138239237,
1.26025,0.0062574334,
1.2605,0.0122286985,
1.26075,-0.0066218320,
1.261,0.0082808007,
1.26125,0.0177857876,
1.2615,-0.0002912547,
1.26175,-0.0021541163,
1.262,0.0088648973,
1.26225,0.0100136958,
1.2625,0.0024408824,
1.26275,-0.0203360636,
1.263,0.0092164809,
1.26325,-0.0100761373,
1.2635,0.0003104558,
1.26375,0.0080181668,
1.264,-0.0030117200,
1.26425,0.0017092146,
1.2645,-0.0085433517,
1.26475,0.0118801109,
1.265,0.0122454306,
1.26525,0.0017388612,
1.2655,0.0152602289,
1.26575,0.0071250331,
1.266,0.0023301071,
1.26625,-0.0028007715,
1.2665,0.0035317941,
1.26675,0.0136184143,
1.267,-0.0044634137,
1.26725,-0.0039642006,
1.2675,-0.0065437574,
1.26775,-0.0018227736,
1.268,-0.0092729982,
1.26825,0.0051690964,
1.2685,0.0034765229,
1.26875,0.0038597304,
1.269,-0.0189829152,
1.26925,-0.0046225130,
1.2695,-0.0249722246,
1.26975,-0.0168171320,
1.27,-0.0008911802,
1.27025,0.0118467500,
1.2705,0.0016013186,
1.27075,-0.0072661317,
1.271,0.0092269564,
1.27125,0.0186491162,
1.2715,-0.0082762744,
1.27175,-0.0017533822,
1.272,0.0130436737,
1.27225,-0.0000266221,
1.2725,-0.0037275918,
1.27275,-0.0065129902,
1.273,0.0030067700,
1.27325,-0.0074172020,
1.2735,-0.0009155439,
1.27375,-0.0032523042,
1.274,-0.0046887803,
1.27425,-0.0044500730,
1.2745,-0.0061988281,
1.27475,0.0100263441,
1.275,0.0004283530,
1.27525,-0.0020010765,
1.2755,0.0069118319,
1.27575,0.0058664065,
1.276,-0.0013057633,
1.27625,-0.0016525643,
1.2765,0.0139914257,
1.27675,-0.0039284448,
1.277,-0.0049471119,
1.27725,0.0002897781,
1.2775,-0.0097956769,
1.27775,-0.0090574408,
1.278,-0.0011615766,
1.27825,-0.0047030682,
1.2785,-0.0248863827,
1.27875,-0.0171044320,
1.279,-0.0066109626,
1.27925,-0.0051923627,
1.2795,-0.0293383896,
1.27975,-0.0093380474,
1.28,0.0140039790,
1.28025,-0.0013455068,
1.2805,-0.0012953033,
1.28075,0.0126714502,
1.281,0.0030764700,
1.28125,-0.0041907663,
1.2815,-0.0080799535,
1.28175,-0.0002628295,
1.282,-0.0014245220,
1.28225,0.0020620574,
1.2825,-0.0230121035,
1.28275,0.0034130439,
1.283,0.0003221614,
1.28325,-0.0019977016,
1.2835,-0.0128094060,
1.28375,0.0062810825,
1.284,0.0004508026,
1.28425,-0.0162628852,
1.2845,0.0019410963,
1.28475,0.0155239003,
1.285,0.0013925193,
1.28525,-0.0074983444,
1.2855,0.0179485120,
1.28575,0.0090346541,
1.286,-0.0134413363,
1.28625,0.0128982272,
1.2865,0.0142902425,
1.28675,-0.0032092221,
1.287,-0.0063884016,
1.28725,-0.0015481113,
1.2875,0.0019426441,
1.28775,-0.0176551733,
1.288,0.0071478039,
1.28825,0.0084271254,
1.2885,-0.0200368501,
1.28875,-0.0074910559,
1.289,-0.0114110187,
1.28925,-0.0338484533,
1.2895,-0.0040938333,
1.28975,0.0119505068,
1.29,0.0110000940,
1.29025,0.0087726312,
1.2905,0.0041865460,
1.29075,0.0111645292,
1.291,0.0136161894,
1.29125,0.0009367670,
1.2915,0.0004324420,
1.29175,0.0030394569,
1.292,0.0137846600,
1.29225,0.0003592708,
1.2925,-0.0087820636,
1.29275,0.0073117623,
1.293,0.0021438196,
1.29325,-0.0083136139,
1.2935,-0.0043885414,
1.29375,0.0147613930,
1.294,-0.0030859208,
1.29425,-0.0001490191,
1.2945,0.0096415468,
1.29475,0.0048119440,
1.295,-0.0051441556,
1.29525,0.0121544302,
1.2955,0.0146578578,
1.29575,-0.0009927305,
1.296,-0.0026526451,
1.29625,0.0120160859,
1.2965,0.0119675938,
1.29675,0.0030446656,
1.297,-0.0053573549,
1.29725,-0.0068328208,
1.2975,0.0005088958,
1.29775,0.0048012128,
1.298,-0.0022890435,
1.29825,-0.0110275522,
1.2985,-0.0030827797,
1.29875,-0.0028221165,
1.299,-0.0017582576,
1.29925,-0.0150686419,
1.2995,0.0026063453,
1.29975,0.0124689704,
1.3,0.0126919998,
1.30025,0.0048327707,
1.3005,0.0093406644,
1.30075,0.0110239768,
1.301,0.0011261575,
1.30125,-0.0076333904,
1.3015,-0.0016440147,
1.30175,0.0098291188,
1.302,0.0068113073,
1.30225,-0.0070861191,
1.3025,0.0106722079,
1.30275,0.0070387088,
1.303,0.0047900556,
1.30325,-0.0086404188,
1.3035,0.0112526342,
1.30375,-0.0105490610,
1.304,0.0006374735,
1.30425,0.0085203331,
1.3045,0.0148943495,
1.30475,0.0088723963,
1.305,-0.0022456730,
1.30525,0.0140866302,
1.3055,0.0121945776,
1.30575,0.0023051256,
1.306,0.0110435067,
1.30625,0.0033324270,
1.3065,0.0088207964,
1.30675,-0.0136033958,
1.307,-0.0039331517,
1.30725,0.0108046038,
1.3075,-0.0047662100,
1.30775,-0.0002781072,
1.308,0.0047776247,
1.30825,-0.0051758946,
1.3085,-0.0113363042,
1.30875,-0.0198706761,
1.309,0.0018886036,
1.30925,0.0158031657,
1.3095,0.0013565386,
1.30975,0.0125408396,
1.31,0.0164181404,
1.31025,-0.0078475326,
1.3105,0.0227632374,
1.31075,0.0176259540,
1.311,0.0080460180,
1.31125,0.0037678846,
1.3115,0.0127792498,
1.31175,0.0181439333,
1.312,-0.0088686068,
1.31225,-0.0022056510,
1.3125,0.0003227386,
1.31275,-0.0043612616,
1.313,-0.0105043035,
1.31325,-0.0063721566,
1.3135,0.0070879604,
1.31375,0.0031942455,
1.314,-0.0077731200,
1.31425,0.0050261752,
1.3145,0.0136642251,
1.31475,0.0082643144,
1.315,0.0010917874,
1.31525,0.0152619723,
1.3155,0.0087942109,
1.31575,0.0024901619,
1.316,0.0120703578,
1.31625,0.0161855556,
1.3165,-0.0016702783,
1.31675,-0.0129774688,
1.317,0.0010843308,
1.31725,0.0050200126,
1.3175,0.0041049793,
1.31775,0.0001514667,
1.318,0.0013780212,
1.31825,-0.0014995744,
1.3185,-0.0039277328,
1.31875,0.0001401825,
1.319,-0.0200017057,
1.31925,0.0055100000,
1.3195,0.0111921588,
1.31975,0.0087588178,
1.32,0.0022543571,
1.32025,0.0103236884,
1.3205,0.0116376057,
1.32075,0.0081873415,
1.321,0.0065483442,
1.32125,-0.0080256425,
1.3215,0.0132294595,
1.32175,-0.0019199995,
1.322,-0.0034264075,
1.32225,-0.0065486389,
1.3225,0.0131913107,
1.32275,-0.0048525413,
1.323,-0.0178558808,
1.32325,-0.0019280211,
1.3235,0.0032271803,
1.32375,0.0006806965,
1.324,-0.0078465547,
1.32425,0.0202535503,
1.3245,0.0133286361,
1.32475,-0.0113835372,
1.325,0.0004850165,
1.32525,0.0113201970,
1.3255,-0.0042201076,
1.32575,-0.0026925174,
1.326,0.0172820203,
1.32625,0.0071191490,
1.3265,-0.0135584120,
1.32675,0.0049730525,
1.327,0.0181787126,
1.32725,-0.0063731056,
1.3275,0.0074332901,
1.32775,0.0109505802,
1.328,-0.0079202913,
1.32825,-0.0108884964,
1.3285,-0.0075221444,
1.32875,0.0060077985,
1.329,0.0019039469,
1.32925,0.0003422666,
1.3295,0.0070927083,
1.32975,0.0093818801,
1.33,-0.0010494232,
1.33025,0.0184189882,
1.3305,0.0061011110,
1.33075,0.0100361882,
1.331,-0.0029841692,
1.33125,0.0059935735,
1.3315,-0.0022659805,
1.33175,-0.0083307363,
1.332,-0.0159310475,
1.33225,0.0024157064,
1.3325,0.0041356361,
1.33275,-0.0119326673,
1.333,-0.0094380239,
1.33325,0.0202619359,
1.3335,0.0050118491,
1.33375,-0.0089825140,
1.334,0.0091927461,
1.33425,0.0204899162,
1.3345,-0.0023548463,
1.33475,0.0010840410,
1.335,0.0124924527,
1.33525,0.0072444296,
1.3355,-0.0026796188,
1.33575,0.0183432512,
1.336,0.0174180828,
1.33625,-0.0002504120,
1.3365,-0.0126074851,
1.33675,0.0064461362,
1.337,0.0174698867,
1.33725,-0.0080297338,
1.3375,-0.0084792925,
1.33775,0.0007786496,
1.338,-0.0005029500,
1.33825,-0.0141356252,
1.3385,-0.0071508493,
1.33875,-0.0127275065,
1.339,0.0027850342,
1.33925,0.0017676046,
1.3395,0.0053333952,
1.33975,0.0014655826,
1.34,0.0034051104,
1.34025,0.0028097865,
1.3405,0.0137652885,
1.34075,-0.0022124450,
1.341,-0.0085503710,
1.34125,0.0051480304,
1.3415,-0.0005824979,
1.34175,-0.0132998712,
1.342,0.0007406442,
1.34225,0.0105435457,
1.3425,-0.0139285345,
1.34275,-0.0056777215,
1.343,-0.0072180857,
1.34325,0.0118280435,
1.3435,-0.0134305917,
1.34375,-0.0053120153,
1.344,0.0059123314,
1.34425,0.0092331795,
1.3445,-0.0032551480,
1.34475,-0.0009381720,
1.345,0.0106970081,
1.34525,0.0029564356,
1.3455,-0.0041799569,
1.34575,0.0095483810,
1.346,0.0087157097,
1.34625,-0.0210283734,
1.3465,-0.0031710635,
1.34675,-0.0021858048,
1.347,-0.0091630202,
1.34725,-0.0074034752,
1.3475,-0.0080708554,
1.34775,0.0043898420,
1.348,-0.0169556420,
1.34825,-0.0225170292,
1.3485,0.0094874939,
1.34875,0.0002835313,
1.349,-0.0047187540,
1.34925,-0.0011648124,
1.3495,0.0088189617,
1.34975,-0.0091319252,
1.35,-0.0054729348,
1.35025,0.0058928016,
1.3505,-0.0043767127,
1.35075,-0.0175945945,
1.351,-0.0007273344,
1.35125,-0.0048378608,
1.3515,-0.0119181853,
1.35175,-0.0198395476,
1.352,0.0025852360,
1.35225,-0.0024141599,
1.3525,-0.0121196341,
1.35275,-0.0090274950,
1.353,0.0080276970,
1.35325,-0.0098806210,
1.3535,-0.0109023787,
1.35375,-0.0049773809,
1.354,0.0086125461,
1.35425,-0.0040340521,
1.3545,-0.0072706630,
1.35475,0.0074230433,
1.355,0.0081519140,
1.35525,-0.0097148623,
1.3555,-0.0022996217,
1.35575,0.0112462314,
1.356,-0.0105189178,
1.35625,-0.0279746801,
1.3565,-0.0000188424,
1.35675,0.0036405511,
1.357,-0.0250210166,
1.35725,-0.0184432734,
1.3575,-0.0005552560,
1.35775,-0.0116878804,
1.358,-0.0202682763,
1.35825,-0.0107482271,
1.3585,-0.0090961140,
1.35875,-0.0007368479,
1.359,-0.0142528433,
1.35925,-0.0007937406,
1.3595,-0.0037206968,
1.35975,-0.0033864933,
1.36,-0.0073370943,
1.36025,0.0003008315,
1.3605,-0.0027204945,
1.36075,-0.0060497252,
1.361,-0.0049739880,
1.36125,-0.0034915698,
1.3615,-0.0124608371,
1.36175,-0.0082839783,
1.362,-0.0035672723,
1.36225,-0.0025015273,
1.3625,-0.0173661895,
1.36275,-0.0196789596,
1.363,0.0097082881,
1.36325,-0.0082835853,
1.3635,-0.0132054165,
1.36375,0.0066186017,
1.364,0.0136138545,
1.36425,-0.0169467758,
1.3645,-0.0012235285,
1.36475,0.0184317809,
1.365,0.0016065929,
1.36525,-0.0128239039,
1.3655,0.0097218454,
1.36575,0.0010998523,
1.366,-0.0215700231,
1.36625,0.0013182571,
1.3665,0.0151549708,
1.36675,-0.0221550204,
1.367,-0.0074218865,
1.36725,-0.0026268128,
1.3675,-0.0051029795,
1.36775,-0.0345497169,
1.368,-0.0123197911,
1.36825,0.0035826894,
1.3685,-0.0094643664,
1.36875,-0.0014393274,
1.369,0.0059862598,
1.36925,-0.0009104399,
1.3695,-0.0103969425,
1.36975,0.0022393067,
1.37,-0.0019235524,
1.37025,0.0014055495,
1.3705,-0.0038681864,
1.37075,0.0022736616,
1.371,0.0049320697,
1.37125,0.0025156960,
1.3715,-0.0079969745,
1.37175,0.0067712404,
1.372,-0.0032567368,
1.37225,0.0036629387,
1.3725,-0.0098996805,
1.37275,0.0027029684,
1.373,0.0132979434,
1.37325,-0.0008345175,
1.3735,0.0043199752,
1.37375,0.0315447599,
1.374,0.0069634547,
1.37425,0.0037661162,
1.3745,0.0186388530,
1.37475,0.0169099327,
1.375,0.0000674133,
1.37525,0.0051272237,
1.3755,0.0153557686,
1.37575,-0.0082555441,
1.376,-0.0187228154,
1.37625,0.0121565647,
1.3765,-0.0006541801,
1.37675,-0.0009600401,
1.377,-0.0035549868,
1.37725,-0.0007077847,
1.3775,-0.0007870548,
1.37775,-0.0020678262,
1.378,-0.0062965178,
1.37825,0.0042689946,
1.3785,0.0051291110,
1.37875,-0.0093752900,
1.379,0.0109445695,
1.37925,0.0136898700,
1.3795,0.0068577435,
1.37975,-0.0023679729,
1.38,0.0039661019,
1.38025,-0.0031214671,
1.3805,0.0001154391,
1.38075,-0.0025506725,
1.381,-0.0042102016,
1.38125,-0.0052427137,
1.3815,0.0050744591,
1.38175,0.0052243723,
1.382,0.0093497392,
1.38225,-0.0142520722,
1.3825,0.0032256974,
1.38275,0.0109326048,
1.383,0.0059101451,
1.38325,0.0084720952,
1.3835,0.0109118884,
1.38375,0.0174334310,
1.384,-0.0018563507,
1.38425,0.0023016073,
1.3845,0.0174336489,
1.38475,0.0132757751,
1.385,0.0038311805,
1.38525,0.0083510568,
1.3855,-0.0023568110,
1.38575,-0.0054443073,
1.386,0.0119423447,
1.38625,-0.0055352952,
1.3865,-0.0102323629,
1.38675,-0.0077094114,
1.387,-0.0061426354,
1.38725,-0.0073440541,
1.3875,-0.0225363486,
1.38775,-0.0107899979,
1.388,-0.0080948398,
1.38825,0.0173631720,
1.3885,0.0008251966,
1.38875,0.0056842547,
1.389,0.0005608451,
1.38925,0.0001353809,
1.3895,-0.0137961144,
1.38975,0.0060528452,
1.39,-0.0052602398,
1.39025,-0.0111383870,
1.3905,-0.0048611565,
1.39075,0.0127966292,
1.391,-0.0021122315,
1.39125,-0.0176880006,
1.3915,0.0091499090,
1.39175,0.0089591034,
1.392,0.0034403382,
1.39225,-0.0061859163,
1.3925,0.0032411271,
1.39275,0.0123958467,
1.393,-0.0026230651,
1.39325,0.0026020177,
1.3935,0.0186377298,
1.39375,0.0011786385,
1.394,0.0038391100,
1.39425,0.0052644475,
1.3945,0.0160914715,
1.39475,0.0039209649,
1.395,0.0068347389,
1.39525,0.0032661408,
1.3955,-0.0124012483,
1.39575,-0.0110024456,
1.396,0.0033557238,
1.39625,0.0041475720,
1.3965,-0.0034488717,
1.39675,-0.0099260276,
1.397,0.0014387617,
1.39725,-0.0108924154,
1.3975,-0.0186425056,
1.39775,-0.0066900132,
1.398,0.0114586540,
1.39825,-0.0116505809,
1.3985,0.0006262880,
1.39875,0.0059027141,
1.399,-0.0019340864,
1.39925,0.0010940715,
1.3995,-0.0034772221,
1.39975,-0.0067040389,
1.4,-0.0057321079,
1.40025,-0.0072339019,
1.4005,-0.0181863979,
1.40075,-0.0105747581,
1.401,0.0013840361,
1.40125,-0.0010842473,
1.4015,-0.0090441108,
1.40175,0.0142678050,
1.402,-0.0100388797,
1.40225,-0.0110922251,
1.4025,0.0097296890,
1.40275,0.0130367614,
1.403,-0.0039002204,
1.40325,0.0020691040,
1.4035,0.0213682204,
1.40375,-0.0010305062,
1.404,-0.0166618675,
1.40425,0.0255437102,
1.4045,0.0130029377,
1.40475,-0.0108779464,
1.405,0.0000597723,
1.40525,0.0020916541,
1.4055,-0.0090024816,
1.40575,-0.0001471869,
1.406,-0.0115633402,
1.40625,-0.0036418489,
1.4065,-0.0240678750,
1.40675,0.0060073328,
1.407,-0.0107950587,
1.40725,-0.0209344812,
1.4075,-0.0049831853,
1.40775,0.0064444700,
1.408,0.0144846002,
1.40825,0.0004351935,
1.4085,0.0094763497,
1.40875,0.0025953036,
1.409,-0.0027757334,
1.40925,-0.0023070578,
1.4095,0.0082521169,
1.40975,-0.0025233426,
1.41,0.0114247687,
1.41025,0.0019540547,
1.4105,0.0097731976,
1.41075,-0.0063266754,
1.411,-0.0071301707,
1.41125,0.0059362040,
1.4115,0.0122345844,
1.41175,0.0062454906,
1.412,-0.0031289952,
1.41225,-0.0011661466,
1.4125,0.0162233301,
1.41275,0.0057205749,
1.413,0.0027455920,
1.41325,0.0194918327,
1.4135,0.0187368132,
1.41375,-0.0003744589,
1.414,0.0115870358,
1.41425,0.0181054939,
1.4145,0.0133724976,
1.41475,0.0093087703,
1.415,-0.0150588490,
1.41525,-0.0062320917,
1.4155,-0.0052675037,
1.41575,0.0055786171,
1.416,0.0187271014,
1.41625,-0.0036883645,
1.4165,0.0082230810,
1.41675,-0.0015742896,
1.417,-0.0149910143,
1.41725,-0.0043613929,
1.4175,-0.0054965378,
1.41775,0.0083308937,
1.418,0.0038614075,
1.41825,0.0061001768,
1.4185,0.0003969053,
1.41875,0.0117967660,
1.419,0.0052724630,
1.41925,0.0101610385,
1.4195,0.0009064808,
1.41975,0.0164863914,
1.42,0.0025040004,
1.42025,-0.0026877718,
1.4205,-0.0035132703,
1.42075,0.0086397324,
1.421,-0.0072642178,
1.42125,-0.0023595060,
1.4215,0.0145208258,
1.42175,-0.0022082657,
1.422,0.0023530487,
1.42225,0.0159035362,
1.4225,0.0224043634,
1.42275,0.0077945110,
1.423,0.0146393375,
1.42325,0.0232849922,
1.4235,0.0027311696,
1.42375,0.0060677314,
1.424,0.0117490292,
1.42425,0.0111918664,
1.4245,0.0026691454,
1.42475,0.0045919172,
1.425,-0.0082160588,
1.42525,0.0064176554,
1.4255,0.0079445392,
1.42575,-0.0065389089,
1.426,0.0284276344,
1.42625,0.0087273093,
1.4265,0.0030060541,
1.42675,-0.0220333692,
1.427,0.0010094744,
1.42725,-0.0078522209,
1.4275,0.0024061250,
1.42775,0.0189490803,
1.428,0.0164939687,
1.42825,0.0009045833,
1.4285,0.0150418049,
1.42875,0.0195342842,
1.429,0.0082015982,
1.42925,0.0061973790,
1.4295,0.0134856347,
1.42975,0.0124003608,
1.43,0.0018075370,
1.43025,0.0028247051,
1.4305,-0.0097923828,
1.43075,0.0021762715,
1.431,0.0021934323,
1.43125,0.0167372115,
1.4315,0.0022023404,
1.43175,-0.0014480429,
1.432,0.0067070099,
1.43225,0.0084988223,
1.4325,0.0050140028,
1.43275,0.0071475757,
1.433,0.0110143283,
1.43325,0.0092328051,
1.4335,0.0013299624,
1.43375,0.0028394279,
1.434,0.0067213215,
1.43425,0.0209046230,
1.4345,-0.0067459028,
1.43475,-0.0145488093,
1.435,-0.0011848602,
1.43525,-0.0012679752,
1.4355,-0.0030244680,
1.43575,0.0074943518,
1.436,-0.0067540728,
1.43625,-0.0150695359,
1.4365,-0.0199401733,
1.43675,-0.0086709382,
1.437,-0.0229017287,
1.43725,-0.0188289285,
1.4375,0.0003608799,
1.43775,0.0004794725,
1.438,-0.0095905382,
1.43825,0.0025086580,
1.4385,0.0047118021,
1.43875,0.0080226427,
1.439,-0.0047255517,
1.43925,-0.0089809718,
1.4395,-0.0013225090,
1.43975,-0.0108919162,
1.44,-0.0172995497,
1.44025,-0.0240651704,
1.4405,-0.0032055574,
1.44075,-0.0229917020,
1.441,-0.0088777682,
1.44125,-0.0054225316,
1.4415,0.0035831858,
1.44175,-0.0185380224,
1.442,-0.0074727605,
1.44225,0.0161729399,
1.4425,-0.0010197659,
1.44275,-0.0142442351,
1.443,0.0083381301,
1.44325,-0.0012120181,
1.4435,-0.0207428616,
1.44375,-0.0078836260,
1.444,0.0098582776,
1.44425,-0.0175473802,
1.4445,-0.0189180039,
1.44475,-0.0096040349,
1.445,-0.0044513186,
1.44525,-0.0347787924,
1.4455,-0.0083603328,
1.44575,0.0051008519,
1.446,-0.0136576174,
1.44625,-0.0219417922,
1.4465,-0.0242983382,
1.44675,-0.0187266283,
1.447,-0.0324436314,
1.44725,0.0035159220,
1.4475,0.0023336872,
1.44775,0.0022348515,
1.448,-0.0063321250,
1.44825,0.0085155955,
1.4485,-0.0019577297,
1.44875,-0.0004601345,
1.449,-0.0142779853,
1.44925,-0.0050089094,
1.4495,-0.0051113693,
1.44975,-0.0084934346,
1.45,-0.0270803422,
1.45025,-0.0027051005,
1.4505,0.0005990680,
1.45075,-0.0099532390,
1.451,-0.0061760312,
1.45125,0.0034516361,
1.4515,0.0000256716,
1.45175,-0.0123577835,
1.452,0.0065961760,
1.45225,-0.0015379842,
1.4525,-0.0022269262,
1.45275,-0.0038905805,
1.453,0.0068430994,
1.45325,0.0012074177,
1.4535,-0.0090184137,
1.45375,0.0140782092,
1.454,0.0066846288,
1.45425,-0.0157483742,
1.4545,-0.0063017393,
1.45475,-0.0000740740,
1.455,-0.0062366971,
1.45525,-0.0135667333,
1.4555,0.0003824374,
1.45575,-0.0229592081,
1.456,-0.0204257872,
1.45625,-0.0119365575,
1.4565,0.0024141534,
1.45675,-0.0267611537,
1.457,-0.0080638528,
1.45725,-0.0012592099,
1.4575,0.0038126067,
1.45775,-0.0016510108,
1.458,-0.0017807325,
1.45825,0.0130013237,
1.4585,0.0153767308,
1.45875,-0.0087383660,
1.459,-0.0016710052,
1.45925,0.0055186911,
1.4595,0.0022360301,
1.45975,-0.0138688283,
1.46,-0.0000390633,
1.46025,0.0079994686,
1.4605,-0.0148514928,
1.46075,0.0025068959,
1.461,0.0024182892,
1.46125,0.0056057274,
1.4615,-0.0081699397,
1.46175,0.0086416304,
1.462,0.0177093931,
1.46225,0.0117933229,
1.4625,-0.0023054099,
1.46275,0.0116133867,
1.463,0.0060156444,
1.46325,0.0071531851,
1.4635,0.0057453513,
1.46375,0.0077437353,
1.464,-0.0000679251,
1.46425,-0.0078063151,
1.4645,-0.0042016916,
1.46475,0.0128232120,
1.465,-0.0147367911,
1.46525,0.0003934517,
1.4655,0.0041706441,
1.46575,0.0030913264,
1.466,-0.0196040235,
1.46625,-0.0144132115,
1.4665,-0.0048885709,
1.46675,-0.0173782986,
1.467,0.0038869516,
1.46725,0.0062707807,
1.4675,0.0159090441,
1.46775,-0.0072270813,
1.468,0.0056566838,
1.46825,0.0170491058,
1.4685,0.0074041258,
1.46875,-0.0114943543,
1.469,0.0118536912,
1.46925,0.0121834632,
1.4695,-0.0032705918,
1.46975,-0.0081931641,
1.47,0.0135974735,
1.47025,-0.0038110770,
1.4705,-0.0072146021,
1.47075,-0.0087205144,
1.471,0.0018281607,
1.47125,-0.0033433482,
1.4715,-0.0069469009,
1.47175,0.0065407972,
1.472,0.0066493847,
1.47225,0.0074969330,
1.4725,-0.0053876815,
1.47275,0.0138828810,
1.473,0.0059562479,
1.47325,-0.0048468756,
1.4735,0.0116369231,
1.47375,0.0064524068,
1.474,-0.0104395384,
1.47425,-0.0035673310,
1.4745,-0.0105013121,
1.47475,-0.0090384278,
1.475,-0.0144202448,
1.47525,-0.0027316441,
1.4755,-0.0116378125,
1.47575,-0.0147964936,
1.476,-0.0070703984,
1.47625,0.0002052476,
1.4765,-0.0253648236,
1.47675,-0.0076090498,
1.477,0.0034087519,
1.47725,0.0083203902,
1.4775,0.0053358926,
1.47775,0.0077533000,
1.478,0.0180904306,
1.47825,0.0104117151,
1.4785,0.0031646157,
1.47875,0.0041806139,
1.479,-0.0061591966,
1.47925,0.0072464710,
1.4795,-0.0210824236,
1.47975,-0.0040759537,
1.48,-0.0062514464,
1.48025,0.0041289316,
1.4805,-0.0231541861,
1.48075,-0.0161872879,
1.481,0.0099462233,
1.48125,-0.0089026978,
1.4815,-0.0039882730,
1.48175,0.0199945066,
1.482,0.0172409061,
1.48225,-0.0078300927,
1.4825,0.0104941782,
1.48275,0.0141083375,
1.483,-0.0010590550,
1.48325,-0.0034977375,
1.4835,0.0061056023,
1.48375,-0.0029812884,
1.484,-0.0194104090,
1.48425,-0.0029126382,
1.4845,0.0051496988,
1.48475,-0.0186002795,
1.485,-0.0006180211,
1.48525,0.0056711403,
1.4855,-0.0180792138,
1.48575,-0.0361898206,
1.486,-0.0039890870,
1.48625,-0.0078344140,
1.4865,0.0000954898,
1.48675,0.0057308837,
1.487,0.0071859872,
1.48725,0.0105478186,
1.4875,-0.0023344809,
1.48775,0.0136009399,
1.488,0.0130639868,
1.48825,0.0074415635,
1.4885,0.0031251227,
1.48875,0.0031516317,
1.489,0.0126644485,
1.48925,0.0058933590,
1.4895,-0.0078031975,
1.48975,0.0070717884,
1.49,0.0124405716,
1.49025,-0.0061206678,
1.4905,-0.0161391813,
1.49075,0.0048526712,
1.491,0.0094126798,
1.49125,0.0022983565,
1.4915,-0.0005870272,
1.49175,0.0190392695,
1.492,0.0121723153,
1.49225,-0.0042385473,
1.4925,0.0186640415,
1.49275,0.0092670275,
1.493,-0.0047311224,
1.49325,0.0119023947,
1.4935,0.0215434451,
1.49375,-0.0067041279,
1.494,-0.0028793509,
1.49425,0.0028033773,
1.4945,-0.0050276723,
1.49475,0.0032500897,
1.495,0.0025100799,
1.49525,0.0009663173,
1.4955,-0.0007981319,
1.49575,-0.0022090860,
1.496,-0.0020896257,
1.49625,-0.0139776096,
1.4965,0.0006238549,
1.49675,0.0010887804,
1.497,0.0150023131,
1.49725,0.0147401216,
1.4975,0.0147085488,
1.49775,0.0159752239,
1.498,0.0139900669,
1.49825,0.0150102563,
1.4985,-0.0029045767,
1.49875,0.0148031693,
1.499,0.0093273083,
1.49925,-0.0128610451,
1.4995,0.0147889256,
1.49975,0.0028872595,
1.5,0.0171120632,
1.50025,-0.0112067889,
1.5005,0.0021775900,
1.50075,0.0173253380,
1.501,0.0038477248,
1.50125,0.0072874175,
1.5015,0.0181716029,
1.50175,0.0119147357,
1.502,0.0103601012,
1.50225,0.0042524184,
1.5025,0.0161034930,
1.50275,0.0151987737,
1.503,0.0013318959,
1.50325,0.0135456044,
1.5035,0.0110726096,
1.50375,0.0022590966,
1.504,0.0027681701,
1.50425,-0.0032380219,
1.5045,-0.0042975456,
1.50475,-0.0047248835,
1.505,-0.0009982160,
1.50525,-0.0111180069,
1.5055,-0.0206113569,
1.50575,-0.0101860203,
1.506,0.0035025827,
1.50625,0.0175226741,
1.5065,0.0005980673,
1.50675,0.0050133751,
1.507,0.0217335466,
1.50725,0.0067445347,
1.5075,0.0094724530,
1.50775,0.0222912263,
1.508,0.0134925544,
1.50825,-0.0038552540,
1.5085,0.0090693813,
1.50875,0.0138807027,
1.509,0.0027002173,
1.50925,-0.0113983173,
1.5095,0.0120763872,
1.50975,0.0107294116,
1.51,-0.0119653363,
1.51025,-0.0062642926,
1.5105,0.0083751278,
1.51075,0.0082633356,
1.511,0.0052304049,
1.51125,-0.0021882781,
1.5115,0.0157941207,
1.51175,0.0048319562,
1.512,0.0038956853,
1.51225,0.0097803762,
1.5125,0.0111823818,
1.51275,0.0068003265,
1.513,0.0030497769,
1.51325,0.0199152734,
1.5135,0.0038873320,
1.51375,-0.0186828338,
1.514,-0.0084103690,
1.51425,0.0085921129,
1.5145,-0.0056786267,
1.51475,-0.0068131546,
1.515,-0.0065528620,
1.51525,0.0025290016,
1.5155,-0.0068209656,
1.51575,-0.0110996831,
1.516,-0.0003890699,
1.51625,-0.0059977546,
1.5165,0.0005023468,
1.51675,0.0095769288,
1.517,0.0024505740,
1.51725,0.0124651007,
1.5175,0.0123855546,
1.51775,0.0035605249,
1.518,0.0126018599,
1.51825,-0.0061546895,
1.5185,0.0049259104,
1.51875,0.0002747962,
1.519,0.0024828187,
1.51925,0.0071923803,
1.5195,-0.0047437469,
1.51975,0.0141187282,
1.52,-0.0076727029,
1.52025,-0.0105541497,
1.5205,0.0100348657,
1.52075,0.0092910398,
1.521,-0.0171833858,
1.52125,0.0014139300,
1.5215,0.0200997088,
1.52175,0.0022756138,
1.522,-0.0151817575,
1.52225,0.0259239040,
1.5225,0.0078426423,
1.52275,-0.0128424875,
1.523,0.0101228170,
1.52325,0.0126704713,
1.5235,-0.0112945018,
1.52375,-0.0076846462,
1.524,-0.0068806014,
1.52425,-0.0076359673,
1.5245,-0.0171849579,
1.52475,0.0082261218,
1.525,-0.0026498956,
1.52525,-0.0116192224,
1.5255,-0.0089389915,
1.52575,0.0068928949,
1.526,-0.0024306583,
1.52625,-0.0041555418,
1.5265,0.0018345519,
1.52675,0.0049787257,
1.527,0.0033105819,
1.52725,0.0041598105,
1.5275,0.0116679957,
1.52775,0.0117755067,
1.528,0.0068299398,
1.52825,0.0108219590,
1.5285,0.0088379439,
1.52875,0.0043404894,
1.529,-0.0071003702,
1.52925,0.0024779558,
1.5295,0.0092716068,
1.52975,-0.0061953929,
1.53,-0.0070399232,
1.53025,0.0053795334,
1.5305,0.0099085104,
1.53075,-0.0007230229,
1.531,-0.0045195124,
1.53125,0.0219762400,
1.5315,0.0165205393,
1.53175,-0.0033603297,
1.532,0.0165376663,
1.53225,0.0175710358,
1.5325,0.0014735787,
1.53275,0.0032318502,
1.533,0.0076709799,
1.53325,-0.0009922696,
1.5335,-0.0148183890,
1.53375,-0.0097087193,
1.534,0.0178395472,
1.53425,-0.0055730618,
1.5345,-0.0122619662,
1.53475,-0.0037235497,
1.535,-0.0118286237,
1.53525,-0.0122525366,
1.5355,-0.0173748508,
1.53575,0.0087354621,
1.536,0.0041246242,
1.53625,0.0068320474,
1.5365,0.0060555236,
1.53675,0.0129173752,
1.537,0.0134109650,
1.53725,0.0056057512,
1.5375,0.0101279151,
1.53775,0.0063090082,
1.538,-0.0010137034,
1.53825,-0.0013305419,
1.5385,-0.0055859615,
1.53875,0.0051335245,
1.539,-0.0095848609,
1.53925,0.0085074911,
1.5395,0.0052938885,
1.53975,-0.0099379020,
1.54,-0.0088406084,
1.54025,0.0107085751,
1.5405,0.0092842849,
1.54075,-0.0077037038,
1.541,0.0061365888,
1.54125,0.0170705691,
1.5415,-0.0036954952,
1.54175,-0.0013157196,
1.542,0.0097400546,
1.54225,0.0038477618,
1.5425,-0.0003057461,
1.54275,-0.0017821183,
1.543,0.0041891169,
1.54325,-0.0016715501,
1.5435,-0.0078859916,
1.54375,-0.0051277778,
1.544,0.0029092277,
1.54425,-0.0033584475,
1.5445,-0.0013409462,
1.54475,-0.0144129237,
1.545,-0.0045820074,
1.54525,-0.0214312579,
1.5455,-0.0061693736,
1.54575,-0.0071623158,
1.546,-0.0027400157,
1.54625,-0.0103568435,
1.5465,0.0065529952,
1.54675,-0.0014338065,
1.547,-0.0095185442,
1.54725,-0.0044884989,
1.5475,0.0083113695,
1.54775,-0.0052054999,
1.548,-0.0113011263,
1.54825,0.0061578699,
1.5485,-0.0036411821,
1.54875,-0.0168403033,
1.549,-0.0022059218,
1.54925,-0.0004947062,
1.5495,-0.0163372755,
1.54975,-0.0163387712,
1.55,0.0007310028,
1.55025,-0.0009013424,
1.5505,-0.0081703616,
1.55075,-0.0067590340,
1.551,0.0038987701,
1.55125,-0.0045633311,
1.5515,-0.0082762735,
1.55175,-0.0002595787,
1.552,0.0054855095,
1.55225,0.0010638736,
1.5525,-0.0070495442,
1.55275,-0.0020800037,
1.553,-0.0073021692,
1.55325,-0.0199362971,
1.5535,-0.0125600863,
1.55375,0.0103574656,
1.554,-0.0143572148,
1.55425,-0.0192890354,
1.5545,-0.0194036327,
1.55475,-0.0202543698,
1.555,-0.0315002687,
1.55525,-0.0248335879,
1.5555,-0.0041368464,
1.55575,-0.0015673614,
1.556,-0.0157284942,
1.55625,-0.0043505835,
1.5565,0.0040112548,
1.55675,-0.0088170599,
1.557,-0.0062172981,
1.55725,-0.0100071123,
1.5575,-0.0216110907,
1.55775,-0.0077050370,
1.558,-0.0157663003,
1.55825,-0.0193258636,
1.5585,-0.0036366368,
1.55875,-0.0168568939,
1.559,-0.0109233446,
1.55925,-0.0121820737,
1.5595,-0.0044497591,
1.55975,-0.0251483805,
1.56,-0.0078075593,
1.56025,0.0075320285,
1.5605,-0.0119617106,
1.56075,-0.0122843031,
1.561,0.0174233578,
1.56125,-0.0075688534,
1.5615,-0.0137282172,
1.56175,-0.0009553671,
1.562,0.0160745904,
1.56225,-0.0140006244,
1.5625,-0.0081486171,
1.56275,0.0059259627,
1.563,-0.0091311801,
1.56325,-0.0204001553,
1.5635,0.0001507635,
1.56375,-0.0075270352,
1.564,-0.0143687092,
1.56425,-0.0142524093,
1.5645,-0.0069431951,
1.56475,-0.0240325835,
1.565,-0.0250133574,
1.56525,-0.0012318799,
1.5655,0.0003065878,
1.56575,-0.0059021479,
1.566,0.0012271928,
1.56625,-0.0023299523,
1.5665,-0.0108484607,
1.56675,0.0007832025,
1.567,-0.0090091676,
1.56725,0.0015770467,
1.5675,-0.0002050571,
1.56775,-0.0050135790,
1.568,0.0034734872,
1.56825,0.0085372115,
1.5685,-0.0011787376,
1.56875,0.0040770681,
1.569,-0.0076078428,
1.56925,0.0048380196,
1.5695,-0.0112512391,
1.56975,-0.0038892764,
1.57,0.0087640444,
1.57025,0.0018042844,
1.5705,0.0046742237,
1.57075,0.0089311823,
1.571,0.0123424400,
1.57125,0.0100202337,
1.5715,0.0017454058,
1.57175,0.0274191014,
1.572,0.0097508300,
1.57225,0.0007327308,
1.5725,0.0130114136,
1.57275,-0.0079565765,
1.573,-0.0073978449,
1.57325,0.0006302325,
1.5735,0.0092993295,
1.57375,-0.0022371737,
1.574,-0.0092124771,
1.57425,0.0043249540,
1.5745,-0.0002840632,
1.57475,-0.0096340152,
1.575,-0.0018911215,
1.57525,0.0143942460,
1.5755,0.0077307429,
1.57575,0.0003523890,
1.576,0.0113037527,
1.57625,0.0106376689,
1.5765,0.0066882959,
1.57675,-0.0075985030,
1.577,0.0127294548,
1.57725,0.0003025416,
1.5775,0.0121557135,
1.57775,-0.0114155021,
1.578,0.0035091441,
1.57825,0.0086546121,
1.5785,-0.0013799693,
1.57875,0.0042816713,
1.579,0.0021700119,
1.57925,0.0010639782,
1.5795,-0.0144742690,
1.57975,0.0138842696,
1.58,0.0200496912,
1.58025,0.0068438454,
1.5805,0.0135198040,
1.58075,0.0233628675,
1.581,0.0150309782,
1.58125,0.0039099287,
1.5815,0.0116272364,
1.58175,0.0151329525,
1.582,0.0062343199,
1.58225,0.0012638126,
1.5825,-0.0052688168,
1.58275,-0.0014193688,
1.583,0.0043000276,
1.58325,-0.0002502001,
1.5835,0.0100663751,
1.58375,0.0032931827,
1.584,-0.0001365318,
1.58425,-0.0041334559,
1.5845,-0.0172900315,
1.58475,-0.0025767463,
1.585,-0.0021049001,
1.58525,0.0155577231,
1.5855,0.0094348090,
1.58575,-0.0026229988,
1.586,-0.0062021152,
1.58625,0.0126660094,
1.5865,-0.0020630842,
1.58675,-0.0033315595,
1.587,0.0127521511,
1.58725,0.0094150221,
1.5875,-0.0023832209,
1.58775,0.0045696977,
1.588,0.0011159722,
1.58825,-0.0174172688,
1.5885,-0.0028162322,
1.58875,0.0032858150,
1.589,0.0047607161,
1.58925,-0.0100388648,
1.5895,-0.0008523242,
1.58975,0.0128230900,
1.59,0.0059741782,
1.59025,0.0069207884,
1.5905,0.0158208515,
1.59075,0.0135726249,
1.591,0.0088794120,
1.59125,-0.0015453830,
1.5915,0.0148121174,
1.59175,0.0078243567,
1.592,0.0072012618,
1.59225,-0.0077473959,
1.5925,-0.0146720465,
1.59275,-0.0028681299,
1.593,-0.0004479967,
1.59325,0.0059052599,
1.5935,-0.0054523651,
1.59375,-0.0060169762,
1.594,-0.0027544622,
1.59425,-0.0065765865,
1.5945,-0.0101948706,
1.59475,-0.0129850581,
1.595,0.0095127327,
1.59525,-0.0039774980,
1.5955,-0.0024036292,
1.59575,-0.0003051503,
1.596,-0.0066302042,
1.59625,-0.0105141792,
1.5965,-0.0012388681,
1.59675,-0.0033491862,
1.597,-0.0041812663,
1.59725,0.0068413210,
1.5975,-0.0076373015,
1.59775,-0.0107232425,
1.598,-0.0033701947,
1.59825,-0.0003637959,
1.5985,-0.0195164960,
1.59875,-0.0048343949,
1.599,0.0003879267,
1.59925,-0.0139798000,
1.5995,-0.0029288577,
1.59975,0.0182852782,
1.6,0.0116769001,
1.60025,-0.0063791503,
1.6005,0.0067191380,
1.60075,0.0208428651,
1.601,-0.0082411580,
1.60125,-0.0001526938,
1.6015,0.0160232037,
1.60175,-0.0013257274,
1.602,-0.0104842372,
1.60225,-0.0028537875,
1.6025,0.0036823286,
1.60275,-0.0085923439,
1.603,-0.0047066361,
1.60325,0.0150042623,
1.6035,-0.0038409138,
1.60375,-0.0053854990,
1.604,-0.0202762522,
1.60425,-0.0155660147,
1.6045,-0.0060077808,
1.60475,0.0060832077,
1.605,0.0083876206,
1.60525,0.0058388673,
1.6055,0.0058056922,
1.60575,0.0069507812,
1.606,0.0169693921,
1.60625,0.0013585722,
1.6065,0.0082125003,
1.60675,0.0007115914,
1.607,0.0101972139,
1.60725,-0.0032386058,
1.6075,0.0013411373,
1.60775,-0.0124940425,
1.608,0.0035283947,
1.60825,-0.0065077106,
1.6085,0.0014673673,
1.60875,0.0135445790,
1.609,0.0080993967,
1.60925,0.0012586656,
1.6095,0.0101823006,
1.60975,0.0199736059,
1.61,0.0069697052,
1.61025,0.0088408291,
1.6105,0.0231698900,
1.61075,0.0092421789,
1.611,0.0048882477,
1.61125,0.0139779039,
1.6115,0.0240729079,
1.61175,0.0067910464,
1.612,-0.0089324657,
1.61225,-0.0055217925,
1.6125,0.0101254648,
1.61275,0.0030971146,
1.613,0.0095488327,
1.61325,0.0030268403,
1.6135,0.0039908555,
1.61375,-0.0035267163,
1.614,-0.0004932944,
1.61425,-0.0013939933,
1.6145,-0.0035526124,
1.61475,0.0128963906,
1.615,0.0098445127,
1.61525,0.0051161116,
1.6155,0.0021353988,
1.61575,0.0071932510,
1.616,0.0019439966,
1.61625,0.0136693381,
1.6165,-0.0076251486,
1.61675,0.0160511676,
1.617,0.0052249860,
1.61725,-0.0039907838,
1.6175,0.0052500120,
1.61775,0.0133180162,
1.618,0.0001855151,
1.61825,-0.0090670856,
1.6185,0.0113004930,
1.61875,0.0029185945,
1.619,0.0016386439,
1.61925,0.0001761328,
1.6195,0.0218864307,
1.61975,0.0165004544,
1.62,0.0035093739,
1.62025,0.0102248797,
1.6205,0.0134063037,
1.62075,0.0064473837,
1.621,0.0061837654,
1.62125,0.0120349415,
1.6215,0.0078005507,
1.62175,-0.0035820741,
1.622,-0.0050545512,
1.62225,0.0008154448,
1.6225,0.0016753576,
1.62275,-0.0081438860,
1.623,0.0029109793,
1.62325,0.0074234530,
1.6235,-0.0006306119,
1.62375,-0.0284394994,
1.624,0.0049784589,
1.62425,-0.0036494832,
1.6245,0.0026454392,
1.62475,0.0008642952,
1.625,0.0203328375,
1.62525,0.0025740811,
1.6255,0.0033304999,
1.62575,0.0209798068,
1.626,0.0081668813,
1.62625,-0.0151167586,
1.6265,0.0018409428,
1.62675,0.0052344492,
1.627,-0.0040102960,
1.62725,-0.0137537299,
1.6275,0.0002890418,
1.62775,0.0110085858,
1.628,-0.0161777176,
1.62825,0.0021243845,
1.6285,0.0045087691,
1.62875,-0.0007012812,
1.629,-0.0044115218,
1.62925,0.0092205442,
1.6295,0.0086709838,
1.62975,0.0122353360,
1.63,0.0047941902,
1.63025,0.0111053875,
1.6305,0.0117640989,
1.63075,0.0094909370,
1.631,0.0071374769,
1.63125,0.0152049204,
1.6315,0.0032713814,
1.63175,-0.0241491348,
1.632,-0.0130777508,
1.63225,0.0087879179,
1.6325,-0.0071182707,
1.63275,-0.0091486825,
1.633,-0.0093680751,
1.63325,0.0012215322,
1.6335,-0.0124704130,
1.63375,-0.0018103187,
1.634,-0.0112400008,
1.63425,-0.0084626190,
1.6345,0.0050663087,
1.63475,0.0022292652,
1.635,-0.0034201858,
1.63525,-0.0007958937,
1.6355,0.0022731142,
1.63575,0.0101544987,
1.636,0.0085380729,
1.63625,-0.0080397613,
1.6365,0.0044898461,
1.63675,-0.0010832520,
1.637,-0.0048030294,
1.63725,-0.0114390524,
1.6375,0.0054765288,
1.63775,-0.0113275759,
1.638,-0.0044008140,
1.63825,-0.0219901465,
1.6385,0.0021403076,
1.63875,-0.0075331917,
1.639,-0.0208888873,
1.63925,0.0077339001,
1.6395,0.0133818816,
1.63975,-0.0134897102,
1.64,-0.0082412744,
1.64025,0.0107227191,
1.6405,-0.0026986247,
1.64075,-0.0116601642,
1.641,0.0032915235,
1.64125,0.0024230962,
1.6415,-0.0225035194,
1.64175,-0.0139629608,
1.642,0.0182180032,
1.64225,-0.0121970279,
1.6425,-0.0159942321,
1.64275,0.0044677998,
1.643,-0.0037700252,
1.64325,-0.0176498313,
1.6435,-0.0248219147,
1.64375,-0.0033323222,
1.644,-0.0206166320,
1.64425,-0.0021072777,
1.6445,-0.0074634645,
1.64475,0.0006263529,
1.645,-0.0082211634,
1.64525,0.0012814407,
1.6455,-0.0058447737,
1.64575,0.0039548390,
1.646,-0.0166057888,
1.64625,-0.0038433939,
1.6465,-0.0075311791,
1.64675,-0.0098317349,
1.647,-0.0187742803,
1.64725,-0.0169235598,
1.6475,-0.0024477418,
1.64775,-0.0162136741,
1.648,-0.0213616863,
1.64825,-0.0027316418,
1.6485,-0.0050350269,
1.64875,-0.0229025986,
1.649,-0.0015558954,
1.64925,0.0061150552,
1.6495,0.0018395924,
1.64975,-0.0119114332,
1.65,0.0063366420,
1.65025,0.0089488234,
1.6505,-0.0092525855,
1.65075,0.0004567515,
1.651,0.0097268522,
1.65125,-0.0094533563,
1.6515,-0.0232263803,
1.65175,-0.0069189961,
1.652,-0.0036995856,
1.65225,-0.0232398491,
1.6525,-0.0115267644,
1.65275,-0.0034050576,
1.653,-0.0041777566,
1.65325,-0.0193000212,
1.6535,-0.0037236300,
1.65375,-0.0153792920,
1.654,-0.0087404149,
1.65425,0.0033637169,
1.6545,-0.0094964486,
1.65475,0.0045235395,
1.655,0.0005941092,
1.65525,0.0049320189,
1.6555,0.0180547331,
1.65575,-0.0014520544,
1.656,-0.0007722038,
1.65625,-0.0054274215,
1.6565,-0.0013366552,
1.65675,-0.0109973885,
1.657,-0.0175615810,
1.65725,-0.0038378153,
1.6575,-0.0099249892,
1.65775,-0.0041683922,
1.658,-0.0144815929,
1.65825,0.0008276118,
1.6585,-0.0035944358,
1.65875,-0.0024988283,
1.659,0.0079969671,
1.65925,0.0152797308,
1.6595,-0.0044500902,
1.65975,-0.0013065700,
1.66,0.0118491007,
1.66025,0.0072893710,
1.6605,-0.0017126788,
1.66075,0.0043634460,
1.661,0.0040935688,
1.66125,-0.0102039156,
1.6615,-0.0073348060,
1.66175,0.0126798088,
1.662,-0.0116847605,
1.66225,-0.0081841350,
1.6625,-0.0054604020,
1.66275,-0.0157265831,
1.663,-0.0225771740,
1.66325,-0.0288827978,
1.6635,-0.0078241108,
1.66375,0.0102515658,
1.664,0.0031323929,
1.66425,-0.0033400054,
1.6645,0.0198962931,
1.66475,-0.0074759964,
1.665,-0.0032730359,
1.66525,0.0015252510,
1.6655,0.0064749387,
1.66575,-0.0202261992,
1.666,-0.0075620837,
1.66625,0.0082728090,
1.6665,-0.0084477831,
1.66675,-0.0203516912,
1.667,0.0046904380,
1.66725,0.0014654153,
1.6675,-0.0044733523,
1.66775,-0.0158204827,
1.668,-0.0041264733,
1.66825,-0.0008715448,
1.6685,-0.0082083773,
1.66875,0.0018473562,
1.669,0.0111706574,
1.66925,0.0088367211,
1.6695,-0.0027884534,
1.66975,0.0054965862,
1.67,0.0098771155,
1.67025,0.0024023964,
1.6705,-0.0030089971,
1.67075,0.0160619598,
1.671,-0.0020612027,
1.67125,-0.0167079102,
1.6715,-0.0127325114,
1.67175,-0.0142832519,
1.672,-0.0107807061,
1.67225,-0.0073464774,
1.6725,-0.0031772009,
1.67275,-0.0059815412,
1.673,-0.0106529202,
1.67325,0.0005547441,
1.6735,-0.0141194593,
1.67375,-0.0001922913,
1.674,-0.0148098255,
1.67425,-0.0036369942,
1.6745,0.0110514974,
1.67475,0.0014016095,
1.675,0.0047375895,
1.67525,0.0007306048,
1.6755,-0.0062581715,
1.67575,0.0001919422,
1.676,-0.0059132334,
1.67625,0.0009870798,
1.6765,-0.0155012691,
1.67675,-0.0035531637,
1.677,0.0009473140,
1.67725,0.0081849368,
1.6775,-0.0049397447,
1.67775,-0.0211079158,
1.678,0.0088912640,
1.67825,0.0079277176,
1.6785,-0.0046594092,
1.67875,-0.0044063427,
1.679,0.0167373233,
1.67925,-0.0057653794,
1.6795,-0.0057409448,
1.67975,0.0147790276,
1.68,0.0183559284,
1.68025,-0.0080059655,
1.6805,0.0049037710,
1.68075,0.0124976505,
1.681,-0.0104011502,
1.68125,-0.0082718851,
1.6815,0.0093790507,
1.68175,-0.0206546187,
1.682,-0.0216024034,
1.68225,-0.0021204262,
1.6825,-0.0106808748,
1.68275,-0.0308341328,
1.683,-0.0095131686,
1.68325,0.0024129238,
1.6835,0.0035494547,
1.68375,-0.0020799174,
1.684,0.0061828140,
1.68425,0.0081423400,
1.6845,-0.0090553341,
1.68475,0.0068763196,
1.685,0.0023167944,
1.68525,0.0030020438,
1.6855,-0.0111645283,
1.68575,0.0020380809,
1.686,0.0083119730,
1.68625,0.0133061949,
1.6865,-0.0095525905,
1.68675,0.0041635809,
1.687,0.0038653566,
1.68725,0.0033840467,
1.6875,-0.0185272247,
1.68775,-0.0071105915,
1.688,0.0101475148,
1.68825,-0.0016267538,
1.6885,-0.0054062288,
1.68875,0.0180702880,
1.689,0.0156540684,
1.68925,-0.0026238638,
1.6895,0.0074937427,
1.68975,0.0187171418,
1.69,0.0037605204,
1.69025,0.0057077785,
1.6905,0.0135994321,
1.69075,-0.0085057719,
1.691,-0.0150214741,
1.69125,-0.0060483487,
1.6915,0.0005669642,
1.69175,0.0000302507,
1.692,-0.0069334153,
1.69225,0.0097246999,
1.6925,-0.0028596541,
1.69275,-0.0014906604,
1.693,-0.0062593352,
1.69325,-0.0033812942,
1.6935,-0.0028315498,
1.69375,-0.0114203151,
1.694,0.0107792215,
1.69425,0.0109039349,
1.6945,0.0124080023,
1.69475,0.0062104226,
1.695,0.0079678334,
1.69525,0.0075917235,
1.6955,0.0022122117,
1.69575,-0.0037377765,
1.696,0.0029096627,
1.69625,-0.0039032849,
1.6965,0.0073792357,
1.69675,0.0032017098,
1.697,0.0169807337,
1.69725,-0.0058543589,
1.6975,-0.0052733785,
1.69775,0.0095750038,
1.698,0.0161337778,
1.69825,0.0031281763,
1.6985,0.0077817356,
1.69875,0.0192212109,
1.699,0.0110443216,
1.69925,0.0001451797,
1.6995,0.0141016999,
1.69975,0.0203781128,
1.7,0.0043191104,
1.70025,-0.0027323051,
1.7005,0.0083333356,
1.70075,-0.0053495127,
1.701,0.0032120119,
1.70125,-0.0116548361,
1.7015,-0.0204293653,
1.70175,-0.0073179500,
1.702,-0.0010201549,
1.70225,-0.0070135230,
1.7025,-0.0033152946,
1.70275,-0.0036695928,
1.703,-0.0065107229,
1.70325,0.0167056397,
1.7035,0.0039690249,
1.70375,-0.0032616814,
1.704,0.0069144201,
1.70425,0.0146179926,
1.7045,-0.0051969779,
1.70475,0.0098400740,
1.705,0.0098054558,
1.70525,0.0018407479,
1.7055,-0.0037842765,
1.70575,0.0152375400,
1.706,0.0001525211,
1.70625,-0.0181705840,
1.7065,-0.0002506161,
1.70675,0.0150595810,
1.707,0.0019797841,
1.70725,-0.0096474476,
1.7075,0.0047495142,
1.70775,0.0157860331,
1.708,-0.0015357977,
1.70825,0.0017779722,
1.7085,0.0134667894,
1.70875,0.0061215293,
1.709,0.0011162694,
1.70925,0.0034348406,
1.7095,0.0112152528,
1.70975,0.0042259521,
1.71,0.0097581483,
1.71025,-0.0031717957,
1.7105,-0.0089034010,
1.71075,-0.0038849306,
1.711,-0.0119400667,
1.71125,0.0105358232,
1.7115,0.0082303509,
1.71175,-0.0092118820,
1.712,0.0039170044,
1.71225,-0.0156841837,
1.7125,-0.0131386798,
1.71275,-0.0291844532,
1.713,0.0045463410,
1.71325,-0.0062357257,
1.7135,-0.0007152554,
1.71375,0.0066037779,
1.714,0.0077365241,
1.71425,0.0097266790,
1.7145,0.0088653434,
1.71475,0.0004054318,
1.715,0.0082477080,
1.71525,0.0012997910,
1.7155,-0.0044808881,
1.71575,-0.0046288674,
1.716,0.0006918481,
1.71625,0.0098859463,
1.7165,-0.0029783188,
1.71675,0.0126666036,
1.717,0.0062790350,
1.71725,-0.0127766933,
1.7175,0.0013589433,
1.71775,0.0216052979,
1.718,-0.0016674983,
1.71825,-0.0004667111,
1.7185,0.0224078186,
1.71875,0.0189967267,
1.719,-0.0051050349,
1.71925,0.0158659220,
1.7195,0.0264349189,
1.71975,0.0027304897,
1.72,-0.0076415073,
1.72025,0.0156712756,
1.7205,-0.0061556115,
1.72075,0.0018128464,
1.721,-0.0125630926,
1.72125,-0.0015749404,
1.7215,-0.0058010407,
1.72175,-0.0022761894,
1.722,-0.0042854371,
1.72225,-0.0120365918,
1.7225,-0.0102441991,
1.72275,0.0097007994,
1.723,0.0116126658,
1.72325,0.0042465664,
1.7235,0.0113049895,
1.72375,0.0121560656,
1.724,0.0109037906,
1.72425,0.0112132961,
1.7245,0.0105811795,
1.72475,0.0063875644,
1.725,0.0147708058,
1.72525,0.0103657171,
1.7255,0.0079730805,
1.72575,-0.0020277514,
1.726,0.0052438774,
1.72625,0.0014559198,
1.7265,0.0143485256,
1.72675,0.0086846724,
1.727,-0.0035729962,
1.72725,0.0055278786,
1.7275,0.0111421756,
1.72775,0.0083292490,
1.728,0.0027887349,
1.72825,0.0099444352,
1.7285,0.0216271635,
1.72875,0.0010884521,
1.729,0.0059187496,
1.72925,0.0186987743,
1.7295,0.0159965418,
1.72975,0.0020651817,
1.73,-0.0003462710,
1.73025,0.0038231895,
1.7305,-0.0087811071,
1.73075,-0.0088166520,
1.731,0.0159766506,
1.73125,-0.0044139335,
1.7315,-0.0084984908,
1.73175,-0.0037842067,
1.732,-0.0122038266,
1.73225,-0.0076351170,
1.7325,-0.0210037157,
1.73275,0.0071298182,
1.733,0.0073746149,
1.73325,0.0090701627,
1.7335,0.0028418466,
1.73375,0.0104247229,
1.734,0.0119395079,
1.73425,0.0043464229,
1.7345,-0.0018662771,
1.73475,0.0204345044,
1.735,0.0024096943,
1.73525,0.0062269601,
1.7355,-0.0067520491,
1.73575,0.0184352808,
1.736,-0.0041020107,
1.73625,0.0048191575,
1.7365,0.0068199779,
1.73675,0.0006734844,
1.737,-0.0117374174,
1.73725,-0.0045333719,
1.7375,0.0132767968,
1.73775,0.0057307314,
1.738,0.0050286790,
1.73825,0.0205474310,
1.7385,0.0086084018,
1.73875,0.0039969175,
1.739,0.0056696981,
1.73925,0.0180329215,
1.7395,0.0003781382,
1.73975,-0.0053967638,
1.74,-0.0107115274,
1.74025,-0.0072592502,
1.7405,-0.0067401766,
1.74075,-0.0189122036,
1.741,0.0088026337,
1.74125,0.0016202428,
1.7415,-0.0016432684,
1.74175,-0.0198800154,
1.742,-0.0006000974,
1.74225,-0.0256805774,
1.7425,-0.0075931642,
1.74275,0.0061246469,
1.743,0.0128701311,
1.74325,-0.0101041961,
1.7435,-0.0001394691,
1.74375,0.0101363752,
1.744,0.0109272636,
1.74425,-0.0108952895,
1.7445,0.0039078100,
1.74475,0.0145740416,
1.745,-0.0028638258,
1.74525,-0.0037303371,
1.7455,0.0052200933,
1.74575,-0.0027240880,
1.746,-0.0019872342,
1.74625,-0.0003157164,
1.7465,-0.0060255365,
1.74675,-0.0061687902,
1.747,-0.0086428449,
1.74725,0.0045695528,
1.7475,-0.0034480763,
1.74775,-0.0025652614,
1.748,0.0084137283,
1.74825,0.0009140006,
1.7485,0.0001218402,
1.74875,-0.0003933131,
1.749,-0.0024152389,
1.74925,0.0092898952,
1.7495,-0.0119343912,
1.74975,-0.0113881184,
1.75,-0.0087277247,
1.75025,-0.0164042339,
1.7505,-0.0108998176,
1.75075,0.0014193897,
1.751,-0.0126842130,
1.75125,-0.0173759181,
1.7515,-0.0176996253,
1.75175,0.0044061099,
1.752,-0.0213771574,
1.75225,-0.0212594457,
1.7525,0.0003539305,
1.75275,0.0023567250,
1.753,-0.0016521357,
1.75325,-0.0099395048,
1.7535,0.0086616157,
1.75375,0.0046904474,
1.754,-0.0136851296,
1.75425,-0.0017193470,
1.7545,-0.0000298125,
1.75475,0.0007137312,
1.755,-0.0079231551,
1.75525,-0.0218638703,
1.7555,0.0091181267,
1.75575,-0.0101688737,
1.756,-0.0089945411,
1.75625,-0.0093395878,
1.7565,-0.0045326413,
1.75675,-0.0138662811,
1.757,-0.0139740389,
1.75725,-0.0057587139,
1.7575,0.0126143023,
1.75775,-0.0166297350,
1.758,0.0022244293,
1.75825,0.0131991738,
1.7585,-0.0107250977,
1.75875,-0.0078717973,
1.759,0.0123717403,
1.75925,-0.0108082984,
1.7595,-0.0150218122,
1.75975,-0.0137552479,
1.76,-0.0002811623,
1.76025,-0.0158746615,
1.7605,-0.0155334324,
1.76075,0.0113633089,
1.761,-0.0089915060,
1.76125,-0.0150012299,
1.7615,-0.0141609041,
1.76175,-0.0232587941,
1.762,-0.0307110958,
1.76225,-0.0051335413,
1.7625,0.0017292160,
1.76275,0.0049699480,
1.763,-0.0086851530,
1.76325,0.0025784483,
1.7635,0.0041060424,
1.76375,0.0036194371,
1.764,-0.0034740018,
1.76425,-0.0056992657,
1.7645,0.0083104735,
1.76475,0.0006877797,
1.765,-0.0155563923,
1.76525,0.0033540463,
1.7655,-0.0036479987,
1.76575,-0.0072424831,
1.766,-0.0139723588,
1.76625,-0.0022705048,
1.7665,0.0040102550,
1.76675,-0.0191114768,
1.767,0.0023145049,
1.76725,-0.0001227446,
1.7675,-0.0050764112,
1.76775,-0.0042248331,
1.768,0.0089819161,
1.76825,0.0103595192,
1.7685,-0.0088975923,
1.76875,0.0082580084,
1.769,0.0171980970,
1.76925,-0.0058692610,
1.7695,0.0019031684,
1.76975,-0.0013179263,
1.77,-0.0133087961,
1.77025,0.0019035563,
1.7705,-0.0013039967,
1.77075,-0.0087443190,
1.771,-0.0147996014,
1.77125,-0.0150076663,
1.7715,0.0105372397,
1.77175,-0.0122829890,
1.772,-0.0071103591,
1.77225,0.0135795176,
1.7725,0.0084834974,
1.77275,0.0075871972,
1.773,0.0101400316,
1.77325,0.0073841284,
1.7735,0.0128245447,
1.77375,-0.0042818803,
1.774,0.0089042373,
1.77425,0.0044919671,
1.7745,0.0140474942,
1.77475,-0.0011181838,
1.775,-0.0036364789,
1.77525,0.0151730981,
1.7755,0.0049051740,
1.77575,-0.0010543810,
1.776,-0.0020255260,
1.77625,0.0043933615,
1.7765,-0.0067627565,
1.77675,0.0064344709,
1.777,0.0151755018,
1.77725,0.0216377452,
1.7775,0.0023215692,
1.77775,0.0070480844,
1.778,0.0268466994,
1.77825,0.0099802166,
1.7785,0.0151877217,
1.77875,0.0123121515,
1.779,0.0109430589,
1.77925,0.0100200623,
1.7795,-0.0128723253,
1.77975,0.0121897040,
1.78,0.0074793906,
1.78025,0.0015954940,
1.7805,0.0075604226,
1.78075,0.0010123048,
1.781,-0.0088687092,
1.78125,-0.0113361832,
1.7815,-0.0091989581,
1.78175,0.0088266060,
1.782,0.0068767206,
1.78225,0.0164601877,
1.7825,0.0235008840,
1.78275,0.0043097953,
1.783,0.0026422525,
1.78325,0.0231181681,
1.7835,0.0142689841,
1.78375,0.0013807220,
1.784,0.0008728082,
1.78425,0.0260858964,
1.7845,0.0078511694,
1.78475,-0.0028925636,
1.785,0.0168947130,
1.78525,0.0001847162,
1.7855,-0.0025376505,
1.78575,-0.0023514146,
1.786,0.0062637655,
1.78625,-0.0020523407,
1.7865,-0.0025902188,
1.78675,-0.0040923050,
1.787,0.0027317635,
1.78725,0.0095599610,
1.7875,0.0007145284,
1.78775,0.0100946529,
1.788,0.0102640036,
1.78825,0.0003102713,
1.7885,0.0141318692,
1.78875,0.0210599266,
1.789,0.0068924157,
1.78925,-0.0003512753,
1.7895,-0.0217264164,
1.78975,-0.0039289347,
1.79,-0.0013111386,
1.79025,-0.0070583317,
1.7905,-0.0066146869,
1.79075,-0.0058998168,
1.791,-0.0078289751,
1.79125,0.0000668821,
1.7915,-0.0103228064,
1.79175,-0.0089809662,
1.792,0.0065763704,
1.79225,0.0086233206,
1.7925,-0.0004383412,
1.79275,-0.0054433467,
1.793,0.0076715830,
1.79325,-0.0000566584,
1.7935,0.0053199776,
1.79375,-0.0030929807,
1.794,-0.0012830417,
1.79425,0.0107020140,
1.7945,-0.0061920513,
1.79475,-0.0012934590,
1.795,-0.0018769827,
1.79525,0.0064372253,
1.7955,-0.0141793545,
1.79575,-0.0298433658,
1.796,-0.0007564417,
1.79625,-0.0051723858,
1.7965,-0.0195478927,
1.79675,0.0029207128,
1.797,0.0164023545,
1.79725,-0.0006910830,
1.7975,-0.0001323554,
1.79775,0.0077028484,
1.798,0.0089207338,
1.79825,-0.0090554561,
1.7985,-0.0002844775,
1.79875,0.0092633329,
1.799,-0.0142007284,
1.79925,-0.0115888854,
1.7995,0.0035585857,
1.79975,-0.0079439059,
1.8,-0.0148081724,
1.80025,0.0013963936,
1.8005,-0.0079999976,
1.80075,-0.0155217703,
1.801,-0.0173239894,
1.80125,-0.0069870055,
1.8015,-0.0045496281,
1.80175,0.0086540412,
1.802,0.0031413008,
1.80225,0.0049863812,
1.8025,-0.0003095225,
1.80275,0.0036562481,
1.803,0.0085496502,
1.80325,0.0038395359,
1.8035,0.0017205703,
1.80375,-0.0036879419,
1.804,0.0067523918,
1.80425,0.0012822641,
1.8045,-0.0065328977,
1.80475,-0.0163153019,
1.805,0.0093923956,
1.80525,-0.0051491405,
1.8055,-0.0211915821,
1.80575,0.0049277213,
1.806,0.0049993540,
1.80625,-0.0057557314,
1.8065,-0.0037781144,
1.80675,0.0105211660,
1.807,0.0165204965,
1.80725,-0.0071168086,
1.8075,0.0110559016,
1.80775,0.0178467948,
1.808,-0.0001534812,
1.80825,0.0080701914,
1.8085,0.0203094613,
1.80875,0.0124400780,
1.809,-0.0102384724,
1.80925,-0.0130630061,
1.8095,0.0146619240,
1.80975,0.0071518472,
1.81,0.0019797850,
1.81025,0.0006250134,
1.8105,0.0074146148,
1.81075,0.0078365691,
1.811,-0.0013623276,
1.81125,-0.0083498843,
1.8115,0.0005111564,
1.81175,0.0083312476,
1.812,0.0100131370,
1.81225,0.0101772081,
1.8125,0.0022341551,
1.81275,0.0116251409,
1.813,0.0078715449,
1.81325,0.0257259775,
1.8135,-0.0048931418,
1.81375,0.0089993449,
1.814,0.0197244622,
1.81425,-0.0003556913,
1.8145,0.0070463303,
1.81475,0.0070289522,
1.815,0.0089725358,
1.81525,-0.0016861992,
1.8155,-0.0119272340,
1.81575,0.0056699486,
1.816,0.0108108874,
1.81625,-0.0128974374,
1.8165,0.0123188403,
1.81675,0.0135269873,
1.817,0.0129957357,
1.81725,0.0019761620,
1.8175,0.0110945441,
1.81775,0.0215532109,
1.818,0.0052431691,
1.81825,0.0076048374,
1.8185,0.0259710252,
1.81875,0.0012192157,
1.819,0.0046730614,
1.81925,0.0063218321,
1.8195,0.0129500022,
1.81975,-0.0085686911,
1.82,-0.0076096915,
1.82025,0.0009401308,
1.8205,0.0045527872,
1.82075,-0.0179421492,
1.821,-0.0010047355,
1.82125,0.0105637787,
1.8215,0.0058264639,
1.82175,-0.0036981334,
1.822,0.0140283406,
1.82225,0.0134259546,
1.8225,-0.0080725905,
1.82275,0.0082216486,
1.823,0.0097153764,
1.82325,-0.0073833195,
1.8235,-0.0096322326,
1.82375,0.0042723045,
1.824,-0.0032279799,
1.82425,-0.0178426336,
1.8245,-0.0087444307,
1.82475,0.0157289971,
1.825,-0.0074715866,
1.82525,-0.0092781354,
1.8255,0.0047631557,
1.82575,0.0096577294,
1.826,-0.0022371502,
1.82625,-0.0023014909,
1.8265,0.0023573802,
1.82675,0.0147299096,
1.827,-0.0057200165,
1.82725,0.0043626735,
1.8275,0.0133361947,
1.82775,0.0039587487,
1.828,0.0049761171,
1.82825,0.0036176282,
1.8285,0.0071990164,
1.82875,-0.0132874399,
1.829,-0.0201493893,
1.82925,0.0107838344,
1.8295,-0.0066205952,
1.82975,-0.0204836857,
1.83,-0.0141639151,
1.83025,0.0005257999,
1.8305,-0.0129078217,
1.83075,-0.0222447179,
1.831,-0.0048410026,
1.83125,-0.0000100044,
1.8315,-0.0025187046,
1.83175,-0.0052916948,
1.832,0.0023127799,
1.83225,0.0020828804,
1.8325,-0.0001217578,
1.83275,-0.0012511774,
1.833,-0.0000943494,
1.83325,-0.0057070190,
1.8335,-0.0001179148,
1.83375,-0.0016293122,
1.834,-0.0012162171,
1.83425,-0.0097749270,
1.8345,-0.0026663768,
1.83475,0.0012317302,
1.835,-0.0058585317,
1.83525,-0.0250352211,
1.8355,-0.0009298210,
1.83575,0.0055913245,
1.836,-0.0228494182,
1.83625,-0.0155550260,
1.8365,0.0096388375,
1.83675,-0.0012617348,
1.837,-0.0214479007,
1.83725,0.0092706028,
1.8375,0.0168904494,
1.83775,-0.0069778222,
1.838,-0.0033113095,
1.83825,0.0196667686,
1.8385,-0.0112890508,
1.83875,-0.0242419373,
1.839,0.0038332860,
1.83925,0.0000740624,
1.8395,-0.0326070227,
1.83975,-0.0034144302,
1.84,-0.0058840257,
1.84025,-0.0137126911,
1.8405,-0.0285502803,
1.84075,-0.0032072493,
1.841,-0.0008953126,
1.84125,0.0016894743,
1.8415,0.0006073761,
1.84175,0.0083093625,
1.842,-0.0042416449,
1.84225,-0.0112259993,
1.8425,-0.0052260244,
1.84275,-0.0090488009,
1.843,-0.0069586020,
1.84325,-0.0183956996,
1.8435,-0.0062256372,
1.84375,0.0048786914,
1.844,-0.0106211789,
1.84425,-0.0065722940,
1.8445,0.0005502377,
1.84475,-0.0072312215,
1.845,-0.0070857899,
1.84525,-0.0120960698,
1.8455,0.0037946459,
1.84575,-0.0026152618,
1.846,-0.0196093302,
1.84625,0.0088555589,
1.8465,0.0149158891,
1.84675,-0.0100778611,
1.847,0.0051897480,
1.84725,0.0167157669,
1.8475,0.0059132180,
1.84775,-0.0115405172,
1.848,0.0120059177,
1.84825,0.0025127144,
1.8485,-0.0267399568,
1.84875,-0.0096603185,
1.849,0.0002823960,
1.84925,-0.0154515086,
1.8495,-0.0097942334,
1.84975,-0.0116050392,
1.85,-0.0029002093,
1.85025,-0.0177916624,
1.8505,-0.0094651170,
1.85075,-0.0001931868,
1.851,-0.0037558423,
1.85125,-0.0036505652,
1.8515,-0.0075626690,
1.85175,0.0032093073,
1.852,0.0082805865,
1.85225,-0.0124178957,
1.8525,-0.0025249177,
1.85275,-0.0109133180,
1.853,-0.0083460808,
1.85325,0.0019563097,
1.8535,-0.0093128840,
1.85375,-0.0062499125,
1.854,-0.0157385152,
1.85425,-0.0070554693,
1.8545,0.0041464013,
1.85475,-0.0104698129,
1.855,-0.0178984068,
1.85525,0.0010304201,
1.8555,-0.0051300186,
1.85575,0.0013455382,
1.856,-0.0051965788,
1.85625,0.0147736585,
1.8565,-0.0000391582,
1.85675,-0.0076352013,
1.857,0.0094105294,
1.85725,0.0129096312,
1.8575,0.0058666519,
1.85775,-0.0018763859,
1.858,0.0051883543,
1.85825,-0.0036555901,
1.8585,-0.0112218075,
1.85875,0.0036537261,
1.859,-0.0093913414,
1.85925,-0.0126278764,
1.8595,-0.0057429774,
1.85975,-0.0097119613,
1.86,-0.0149674248,
1.86025,-0.0164480060,
1.8605,-0.0063721742,
1.86075,0.0052560582,
1.861,0.0144921700,
1.86125,-0.0097670415,
1.8615,0.0081505636,
1.86175,-0.0110296123,
1.862,-0.0100420080,
1.86225,-0.0147239268,
1.8625,0.0029323050,
1.86275,-0.0090497229,
1.863,-0.0164722949,
1.86325,-0.0013842750,
1.8635,0.0100756641,
1.86375,-0.0166644733,
1.864,-0.0004750867,
1.86425,0.0067775650,
1.8645,-0.0023070658,
1.86475,-0.0051593683,
1.865,-0.0147705860,
1.86525,0.0100714294,
1.8655,0.0000241401,
1.86575,-0.0024938257,
1.866,0.0189896878,
1.86625,0.0017891482,
1.8665,0.0063390145,
1.86675,0.0048703868,
1.867,0.0087183127,
1.86725,0.0112899998,
1.8675,-0.0068567670,
1.86775,0.0115444977,
1.868,-0.0061351298,
1.86825,-0.0208812114,
1.8685,-0.0034879404,
1.86875,-0.0000070235,
1.869,0.0083293598,
1.86925,-0.0089826649,
1.8695,-0.0067675044,
1.86975,0.0005653787,
1.87,-0.0066294111,
1.87025,-0.0091262273,
1.8705,-0.0051180841,
1.87075,0.0090207746,
1.871,-0.0157352276,
1.87125,-0.0022380557,
1.8715,0.0051934142,
1.87175,0.0030925262,
1.872,-0.0047514020,
1.87225,0.0008387648,
1.8725,-0.0044607846,
1.87275,-0.0012914264,
1.873,-0.0021781311,
1.87325,-0.0112600550,
1.8735,-0.0045620385,
1.87375,0.0039971322,
1.874,-0.0003341770,
1.87425,0.0128232781,
1.8745,0.0046049110,
1.87475,-0.0116428817,
1.875,-0.0063396082,
1.87525,0.0108809546,
1.8755,0.0097670862,
1.87575,-0.0131626762,
1.876,0.0169836581,
1.87625,0.0141837969,
1.8765,-0.0069014220,
1.87675,0.0081317583,
1.877,0.0258686133,
1.87725,0.0040904717,
1.8775,0.0047679422,
1.87775,0.0067368047,
1.878,-0.0018780867,
1.87825,-0.0061269379,
1.8785,0.0020542420,
1.87875,-0.0042384355,
1.879,-0.0135122184,
1.87925,-0.0100117000,
1.8795,0.0042932765,
1.87975,-0.0203051269,
1.88,-0.0072782887,
1.88025,0.0000750408,
1.8805,0.0174713861,
1.88075,0.0132087022,
1.881,0.0085103689,
1.88125,0.0037454655,
1.8815,-0.0029602828,
1.88175,0.0012208837,
1.882,-0.0000097192,
1.88225,-0.0024390870,
1.8825,-0.0014867433,
1.88275,0.0024303820,
1.883,0.0035356209,
1.88325,0.0079018380,
1.8835,-0.0085730655,
1.88375,-0.0008619385,
1.884,-0.0003824259,
1.88425,0.0176006332,
1.8845,0.0029298682,
1.88475,-0.0118229678,
1.885,0.0123505872,
1.88525,0.0137995547,
1.8855,-0.0022161677,
1.88575,0.0103874542,
1.886,0.0141635444,
1.88625,0.0126494244,
1.8865,-0.0049408614,
1.88675,0.0228549391,
1.887,0.0132992724,
1.88725,0.0082553476,
1.8875,0.0093189823,
1.88775,-0.0181461740,
1.888,-0.0084656682,
1.88825,0.0008228715,
1.8885,0.0078467773,
1.88875,0.0086594895,
1.889,-0.0094540576,
1.88925,0.0067101195,
1.8895,-0.0014685899,
1.88975,-0.0090206238,
1.89,-0.0095502753,
1.89025,0.0072866026,
1.8905,0.0087056644,
1.89075,0.0010995086,
1.891,0.0096479775,
1.89125,0.0024739783,
1.8915,0.0024755094,
1.89175,-0.0016280999,
1.892,0.0054688198,
1.89225,-0.0057172235,
1.8925,0.0139825530,
1.89275,-0.0084511945,
1.893,-0.0015748988,
1.89325,0.0074447310,
1.8935,0.0047196127,
1.89375,-0.0015536651,
1.894,0.0158269312,
1.89425,0.0051151952,
1.8945,-0.0107636489,
1.89475,0.0033511519,
1.895,0.0106345452,
1.89525,0.0100537064,
1.8955,-0.0014054044,
1.89575,0.0187154096,
1.896,0.0167009030,
1.89625,0.0062217303,
1.8965,0.0116160307,
1.89675,0.0182746463,
1.897,0.0179246496,
1.89725,0.0050514257,
1.8975,-0.0043751909,
1.89775,-0.0077529387,
1.898,0.0097641023,
1.89825,-0.0059082527,
1.8985,-0.0035719809,
1.89875,0.0096239001,
1.899,0.0040851515,
1.89925,-0.0077064997,
1.8995,-0.0168762598,
1.89975,0.0051852018,
1.9,-0.0058050915,
1.90025,0.0157327913,
1.9005,0.0203703176,
1.90075,0.0129822595,
1.901,-0.0025231438,
1.90125,0.0209266972,
1.9015,-0.0011679101,
1.90175,-0.0074577611,
1.902,0.0055284584,
1.90225,0.0140718641,
1.9025,-0.0009974979,
1.90275,0.0133404518,
1.903,0.0005243447,
1.90325,-0.0170549303,
1.9035,0.0012527994,
1.90375,0.0080057438,
1.904,0.0147664677,
1.90425,-0.0055318084,
1.9045,-0.0069077988,
1.90475,0.0049519967,
1.905,0.0077243540,
1.90525,0.0015757086,
1.9055,0.0091168582,
1.90575,0.0158290565,
1.906,0.0044711139,
1.90625,0.0029539987,
1.9065,0.0130939595,
1.90675,0.0103848577,
1.907,0.0197946373,
1.90725,-0.0007631588,
1.9075,-0.0132164657,
1.90775,0.0072005340,
1.908,0.0012521591,
1.90825,-0.0002996778,
1.9085,0.0099367658,
1.90875,-0.0070324312,
1.909,0.0014876483,
1.90925,-0.0173924174,
1.9095,-0.0008785502,
1.90975,-0.0181706194,
1.91,-0.0017626390,
1.91025,0.0061523467,
1.9105,0.0016037443,
1.91075,-0.0043954379,
1.911,0.0064818673,
1.91125,0.0038153934,
1.9115,0.0099284369,
1.91175,-0.0044334717,
1.912,0.0011743469,
1.91225,0.0068554380,
1.9125,-0.0089699589,
1.91275,-0.0058610886,
1.913,0.0018573862,
1.91325,0.0023525485,
1.9135,-0.0088841133,
1.91375,0.0002137553,
1.914,0.0032328696,
1.91425,-0.0035612946,
1.9145,-0.0172239318,
1.91475,0.0156100038,
1.915,0.0113440957,
1.91525,0.0009640961,
1.9155,0.0075340969,
1.91575,0.0203083623,
1.916,0.0018686221,
1.91625,-0.0043733749,
1.9165,0.0149287330,
1.91675,0.0192470141,
1.917,-0.0184439030,
1.91725,-0.0027119084,
1.9175,-0.0037382445,
1.91775,-0.0044392287,
1.918,-0.0191759262,
1.91825,0.0078435708,
1.9185,0.0093793897,
1.91875,0.0013297065,
1.919,-0.0242996253,
1.91925,-0.0095197707,
1.9195,-0.0109815337,
1.91975,-0.0078522647,
1.92,0.0160766914,
1.92025,0.0058920099,
1.9205,0.0116906026,
1.92075,0.0055940719,
1.921,0.0148047982,
1.92125,0.0050854241,
1.9215,0.0018369362,
1.92175,-0.0026167498,
1.922,0.0035885561,
1.92225,-0.0014801032,
1.9225,0.0009523294,
1.92275,-0.0254860129,
1.923,0.0127642918,
1.92325,-0.0024344744,
1.9235,-0.0043224259,
1.92375,0.0088577736,
1.924,0.0028949070,
1.92425,0.0017030059,
1.9245,-0.0001157618,
1.92475,0.0135464426,
1.925,0.0097740050,
1.92525,-0.0063857478,
1.9255,0.0117442627,
1.92575,0.0124047874,
1.926,-0.0007326565,
1.92625,0.0070520123,
1.9265,0.0221099351,
1.92675,0.0020936821,
1.927,-0.0095273610,
1.92725,0.0015878897,
1.9275,0.0077044056,
1.92775,-0.0062651318,
1.928,0.0038690083,
1.92825,0.0000044247,
1.9285,-0.0245855916,
1.92875,-0.0137837520,
1.929,-0.0060533755,
1.92925,0.0036343778,
1.9295,-0.0236497428,
1.92975,0.0049156002,
1.93,0.0080352137,
1.93025,0.0125828087,
1.9305,-0.0037447251,
1.93075,0.0085691614,
1.931,0.0144549180,
1.93125,0.0157577954,
1.9315,-0.0154003212,
1.93175,0.0064042625,
1.932,0.0069344467,
1.93225,-0.0004066789,
1.9325,-0.0117474757,
1.93275,0.0126524288,
1.933,0.0025573228,
1.93325,-0.0012631238,
1.9335,0.0050124177,
1.93375,0.0055386685,
1.934,0.0036997609,
1.93425,-0.0102454349,
1.9345,0.0092111686,
1.93475,0.0100218737,
1.935,-0.0013568262,
1.93525,0.0010827872,
1.9355,0.0112390108,
1.93575,0.0107572144,
1.936,0.0054815779,
1.93625,0.0101261577,
1.9365,0.0158459656,
1.93675,-0.0012881133,
1.937,0.0000497259,
1.93725,-0.0027508191,
1.9375,0.0055692387,
1.93775,-0.0115248058,
1.938,0.0022057903,
1.93825,0.0055809980,
1.9385,0.0024874241,
1.93875,-0.0275714844,
1.939,-0.0072459187,
1.93925,-0.0141941486,
1.9395,-0.0029474627,
1.93975,0.0049626650,
1.94,0.0141378529,
1.94025,0.0102481237,
1.9405,-0.0077573946,
1.94075,0.0153887235,
1.941,0.0119795017,
1.94125,-0.0066869464,
1.9415,-0.0103679998,
1.94175,0.0040273499,
1.942,-0.0051577818,
1.94225,-0.0178485028,
1.9425,-0.0079513025,
1.94275,0.0163926706,
1.943,-0.0094502699,
1.94325,-0.0058279112,
1.9435,-0.0093590207,
1.94375,-0.0000269238,
1.944,-0.0099186515,
1.94425,-0.0050639776,
1.9445,0.0024822892,
1.94475,-0.0026675891,
1.945,-0.0072805905,
1.94525,0.0032964707,
1.9455,0.0050938325,
1.94575,0.0040894505,
1.946,-0.0044829114,
1.94625,0.0109186508,
1.9465,0.0026281688,
1.94675,-0.0118350936,
1.947,-0.0087480228,
1.94725,-0.0063473135,
1.9475,-0.0206432324,
1.94775,-0.0140219973,
1.948,-0.0181370005,
1.94825,-0.0165249296,
1.9485,-0.0271154009,
1.94875,-0.0084131733,
1.949,-0.0096923569,
1.94925,-0.0287849475,
1.9495,-0.0011230226,
1.94975,-0.0004086326,
1.95,0.0017738329,
1.95025,0.0001468340,
1.9505,0.0016956227,
1.95075,0.0090422211,
1.951,0.0001043641,
1.95125,-0.0125199277,
1.9515,-0.0070902710,
1.95175,-0.0044482802,
1.952,-0.0060541956,
1.95225,-0.0195290931,
1.9525,-0.0026868598,
1.95275,-0.0061917100,
1.953,-0.0034235064,
1.95325,-0.0226334203,
1.9535,-0.0021870872,
1.95375,-0.0074790465,
1.954,-0.0125986720,
1.95425,-0.0058957757,
1.9545,0.0133884605,
1.95475,0.0000435216,
1.955,-0.0163243394,
1.95525,0.0163645279,
1.9555,0.0090481481,
1.95575,-0.0115877623,
1.956,0.0044198171,
1.95625,0.0017834805,
1.9565,-0.0168028492,
1.95675,-0.0196532346,
1.957,0.0007184286,
1.95725,-0.0106483502,
1.9575,-0.0284829512,
1.95775,-0.0049682250,
1.958,-0.0104748039,
1.95825,-0.0346758999,
1.9585,-0.0262156613,
1.95875,-0.0093234042,
1.959,-0.0181533974,
1.95925,0.0035111024,
1.9595,-0.0004650885,
1.95975,0.0056274836,
1.96,-0.0027164882,
1.96025,-0.0004101105,
1.9605,0.0099314041,
1.96075,-0.0000882513,
1.961,0.0003778483,
1.96125,-0.0112170177,
1.9615,-0.0015366672,
1.96175,0.0074017630,
1.962,-0.0157737061,
1.96225,-0.0122057740,
1.9625,-0.0055536791,
1.96275,-0.0094808461,
1.963,-0.0136863273,
1.96325,-0.0158059485,
1.9635,0.0103801498,
1.96375,-0.0128408596,
1.964,-0.0132765668,
1.96425,0.0026385258,
1.9645,0.0098619517,
1.96475,-0.0157471430,
1.965,0.0022051970,
1.96525,0.0141322203,
1.9655,-0.0024705855,
1.96575,-0.0070910370,
1.966,0.0154452948,
1.96625,0.0093723806,
1.9665,-0.0115518095,
1.96675,-0.0059573497,
1.967,-0.0113475611,
1.96725,-0.0256261956,
1.9675,-0.0016792897,
1.96775,-0.0069398936,
1.968,-0.0067869830,
1.96825,-0.0158427395,
1.9685,0.0009054744,
1.96875,-0.0105617102,
1.969,-0.0191209204,
1.96925,0.0022492139,
1.9695,0.0048898999,
1.96975,0.0081685586,
1.97,0.0050716298,
1.97025,0.0019852868,
1.9705,0.0078322077,
1.97075,0.0076761702,
1.971,-0.0051720249,
1.97125,-0.0010882390,
1.9715,0.0034450551,
1.97175,-0.0007301109,
1.972,-0.0073444666,
1.97225,0.0063916259,
1.9725,0.0077633085,
1.97275,0.0005245691,
1.973,-0.0154133756,
1.97325,0.0082580689,
1.9735,-0.0013982441,
1.97375,0.0063693132,
1.974,0.0040838560,
1.97425,0.0140646808,
1.9745,0.0066669658,
1.97475,-0.0033446616,
1.975,0.0101991929,
1.97525,0.0119323833,
1.9755,0.0042857612,
1.97575,0.0071847243,
1.976,0.0092924302,
1.97625,0.0091337524,
1.9765,-0.0008279088,
1.97675,0.0012217145,
1.977,0.0021970940,
1.97725,-0.0076729171,
1.9775,-0.0059652589,
1.97775,-0.0127068153,
1.978,-0.0208810754,
1.97825,-0.0216329806,
1.9785,-0.0139814578,
1.97875,0.0070746103,
1.979,0.0118825100,
1.97925,-0.0087501248,
1.9795,0.0197283272,
1.97975,0.0043400163,
1.98,0.0053405119,
1.98025,0.0212387946,
1.9805,0.0168827083,
1.98075,0.0123463366,
1.981,-0.0117819216,
1.98125,0.0166473724,
1.9815,0.0141256638,
1.98175,-0.0156755894,
1.982,-0.0003471686,
1.98225,0.0116171297,
1.9825,0.0051693041,
1.98275,-0.0146296630,
1.983,-0.0004088678,
1.98325,0.0138823520,
1.9835,0.0050610066,
1.98375,-0.0014012617,
1.984,0.0040164264,
1.98425,0.0120693557,
1.9845,0.0017635828,
1.98475,0.0045839800,
1.985,0.0072916248,
1.98525,0.0098473588,
1.9855,-0.0010112574,
1.98575,0.0147779435,
1.986,0.0103678443,
1.98625,-0.0064761378,
1.9865,-0.0132690845,
1.98675,-0.0058999145,
1.987,0.0016080034,
1.98725,-0.0104863960,
1.9875,-0.0098213227,
1.98775,0.0027826054,
1.988,-0.0060500479,
1.98825,-0.0027303142,
1.9885,-0.0111969989,
1.98875,-0.0018336223,
1.989,-0.0014632124,
1.98925,0.0106724156,
1.9895,0.0127738379,
1.98975,0.0076309927,
1.99,0.0091372235,
1.99025,0.0063675228,
1.9905,0.0048374333,
1.99075,-0.0058100005,
1.991,-0.0062876204,
1.99125,-0.0034292019,
1.9915,-0.0073230946,
1.99175,0.0037541497,
1.992,-0.0035575605,
1.99225,0.0107456921,
1.9925,0.0037131128,
1.99275,-0.0081077106,
1.993,-0.0034691566,
1.99325,0.0121653406,
1.9935,-0.0006909328,
1.99375,-0.0120985210,
1.994,0.0077329995,
1.99425,0.0059206421,
1.9945,-0.0185158327,
1.99475,-0.0082613192,
1.995,0.0183961764,
1.99525,-0.0040262504,
1.9955,-0.0127708819,
1.99575,0.0179267060,
1.996,0.0045501254,
1.99625,-0.0181616955,
1.9965,-0.0011015214,
1.99675,-0.0097112060,
1.997,-0.0173189137,
1.99725,-0.0158326309,
1.9975,-0.0062659690,
1.99775,-0.0208731145,
1.998,-0.0127345566,
1.99825,-0.0080634104,
1.9985,0.0090411939,
1.99875,-0.0051366822,
1.999,-0.0015976559,
1.99925,0.0077875373,
1.9995,0.0044127973,
1.99975,0.0069839722,
2,0.0079266392,
2.00025,0.0078371922,
2.0005,0.0062157568,
2.00075,0.0017211419,
2.001,0.0049889898,
2.00125,0.0018390061,
2.0015,0.0011721229,
2.00175,-0.0046592536,
2.002,0.0080997702,
2.00225,0.0161890462,
2.0025,-0.0114956787,
2.00275,-0.0096134096,
2.003,0.0157963596,
2.00325,0.0031829977,
2.0035,-0.0124609834,
2.00375,-0.0007560875,
2.004,0.0195602700,
2.00425,0.0000612284,
2.0045,-0.0023508035,
2.00475,0.0179215278,
2.005,0.0166354813,
2.00525,0.0049425727,
2.0055,0.0155412629,
2.00575,0.0130242091,
2.006,-0.0010032291,
2.00625,-0.0180685185,
2.0065,0.0084722880,
2.00675,0.0162549485,
2.007,-0.0165364593,
2.00725,-0.0027890832,
2.0075,0.0006575397,
2.00775,-0.0102185970,
2.008,-0.0034372371,
2.00825,-0.0070184278,
2.0085,0.0067365281,
2.00875,0.0066659278,
2.009,0.0126197096,
2.00925,0.0053729201,
2.0095,0.0156439561,
2.00975,0.0168373343,
2.01,0.0055019464,
2.01025,0.0146831237,
2.0105,0.0054243212,
2.01075,0.0003494873,
2.011,0.0036771218,
2.01125,-0.0007246564,
2.0115,0.0033764644,
2.01175,0.0028545568,
2.012,0.0136388047,
2.01225,0.0028145937,
2.0125,-0.0028803707,
2.01275,-0.0070380950,
2.013,0.0221837852,
2.01325,0.0034169925,
2.0135,-0.0015854873,
2.01375,0.0151227517,
2.014,0.0183793679,
2.01425,0.0013881461,
2.0145,0.0116832945,
2.01475,0.0148726860,
2.015,0.0145125426,
2.01525,0.0015980949,
2.0155,0.0176789053,
2.01575,0.0053720372,
2.016,-0.0000452194,
2.01625,0.0024076463,
2.0165,-0.0009133705,
2.01675,0.0059279166,
2.017,0.0023791951,
2.01725,-0.0052584652,
2.0175,0.0044549401,
2.01775,-0.0085831759,
2.018,-0.0082385940,
2.01825,0.0155454865,
2.0185,0.0002436139,
2.01875,0.0054827561,
2.019,-0.0012835970,
2.01925,0.0173152387,
2.0195,0.0034782200,
2.01975,-0.0048931791,
2.02,0.0128760505,
2.02025,0.0114457598,
2.0205,-0.0007705889,
2.02075,0.0053303591,
2.021,0.0103453835,
2.02125,0.0066690003,
2.0215,-0.0024275414,
2.02175,0.0202769320,
2.022,0.0132218618,
2.02225,-0.0123890722,
2.0225,0.0028208110,
2.02275,0.0153756896,
2.023,0.0074258815,
2.02325,-0.0065421928,
2.0235,0.0048521389,
2.02375,0.0130699500,
2.024,0.0067460611,
2.02425,0.0058149337,
2.0245,0.0134590622,
2.02475,0.0144519620,
2.025,0.0083049992,
2.02525,0.0022322447,
2.0255,0.0011484966,
2.02575,0.0030515392,
2.026,-0.0128253791,
2.02625,0.0082850773,
2.0265,0.0151954144,
2.02675,-0.0087419357,
2.027,-0.0072274301,
2.02725,-0.0177679136,
2.0275,-0.0109189181,
2.02775,-0.0187849514,
2.028,-0.0078914259,
2.02825,0.0085419342,
2.0285,0.0050601126,
2.02875,-0.0061347084,
2.029,0.0122372229,
2.02925,0.0081175817,
2.0295,-0.0007326857,
2.02975,-0.0046162894,
2.03,0.0041588014,
2.03025,-0.0035616194,
2.0305,0.0002591292,
2.03075,-0.0059455056,
2.031,-0.0068573654,
2.03125,-0.0012684313,
2.0315,-0.0040806979,
2.03175,-0.0017620900,
2.032,0.0016683540,
2.03225,-0.0091958884,
2.0325,-0.0109846648,
2.03275,0.0126363626,
2.033,0.0068650208,
2.03325,-0.0072335708,
2.0335,0.0067564677,
2.03375,0.0139451642,
2.034,-0.0098059596,
2.03425,-0.0049735578,
2.0345,0.0122258551,
2.03475,0.0122110164,
2.035,-0.0178040359,
2.03525,0.0085668974,
2.0355,0.0053401077,
2.03575,-0.0022723700,
2.036,-0.0110919587,
2.03625,0.0102074016,
2.0365,-0.0052343970,
2.03675,-0.0095905019,
2.037,-0.0151618719,
2.03725,-0.0087910863,
2.0375,-0.0361469910,
2.03775,-0.0081381788,
2.038,0.0052054562,
2.03825,-0.0031650350,
2.0385,0.0071452395,
2.03875,0.0021519375,
2.039,-0.0033669458,
2.03925,0.0004879300,
2.0395,-0.0014538679,
2.03975,-0.0084142713,
2.04,0.0000146454,
2.04025,-0.0007889557,
2.0405,-0.0063604917,
2.04075,-0.0049805157,
2.041,0.0078594014,
2.04125,-0.0063025821,
2.0415,-0.0006622820,
2.04175,0.0040219715,
2.042,0.0023422174,
2.04225,-0.0094700148,
2.0425,0.0054298546,
2.04275,0.0110033453,
2.043,-0.0023384641,
2.04325,-0.0017876270,
2.0435,0.0149418181,
2.04375,0.0031182219,
2.044,0.0000359344,
2.04425,0.0057302834,
2.0445,0.0226468146,
2.04475,-0.0014187604,
2.045,-0.0008186849,
2.04525,0.0123384316,
2.0455,-0.0101235593,
2.04575,-0.0123907607,
2.046,0.0114558227,
2.04625,0.0023506789,
2.0465,-0.0145755233,
2.04675,-0.0118095037,
2.047,-0.0062151863,
2.04725,-0.0072744163,
2.0475,-0.0199071970,
2.04775,-0.0024769055,
2.048,0.0124047007,
2.04825,-0.0012828123,
2.0485,0.0021236602,
2.04875,0.0061404090,
2.049,0.0025448108,
2.04925,-0.0062086945,
2.0495,-0.0075078062,
2.04975,0.0014042009,
2.05,-0.0099945897,
2.05025,0.0005845756,
2.0505,-0.0171500761,
2.05075,0.0033896824,
2.051,-0.0005454534,
2.05125,-0.0097111398,
2.0515,0.0073064822,
2.05175,0.0061615389,
2.052,-0.0101389466,
2.05225,-0.0078922780,
2.0525,0.0035027708,
2.05275,0.0107952878,
2.053,-0.0024396859,
2.05325,0.0049354751,
2.0535,0.0141662806,
2.05375,-0.0029455826,
2.054,-0.0056449189,
2.05425,0.0122109605,
2.0545,0.0014905122,
2.05475,0.0024059906,
2.055,-0.0062667835,
2.05525,-0.0105591621,
2.0555,0.0015492884,
2.05575,-0.0110353623,
2.056,-0.0024780363,
2.05625,-0.0022659684,
2.0565,-0.0123463375,
2.05675,-0.0076444373,
2.057,-0.0118723083,
2.05725,-0.0249021240,
2.0575,-0.0126209799,
2.05775,0.0002149612,
2.058,0.0153009640,
2.05825,-0.0031174170,
2.0585,-0.0071970136,
2.05875,-0.0052787228,
2.059,0.0043960018,
2.05925,-0.0148153212,
2.0595,-0.0066206586,
2.05975,0.0027322159,
2.06,-0.0006939037,
2.06025,-0.0132388081,
2.0605,0.0088816034,
2.06075,-0.0012084084,
2.061,-0.0195101202,
2.06125,0.0054596290,
2.0615,0.0037450665,
2.06175,-0.0000087889,
2.062,-0.0144236330,
2.06225,0.0020408824,
2.0625,0.0061256369,
2.06275,-0.0093512386,
2.063,0.0028583806,
2.06325,0.0035065017,
2.0635,-0.0022589220,
2.06375,-0.0037281730,
2.064,0.0020073433,
2.06425,0.0148284957,
2.0645,0.0033793570,
2.06475,-0.0004644769,
2.065,-0.0084482962,
2.06525,-0.0169210508,
2.0655,-0.0020281358,
2.06575,0.0029619816,
2.066,-0.0050928607,
2.06625,-0.0074651414,
2.0665,-0.0098915473,
2.06675,-0.0020013235,
2.067,-0.0075758183,
2.06725,-0.0181033779,
2.0675,0.0019951998,
2.06775,0.0051339800,
2.068,-0.0018579852,
2.06825,0.0033427356,
2.0685,-0.0012964099,
2.06875,0.0043500252,
2.069,-0.0138932783,
2.06925,0.0019883886,
2.0695,0.0005603485,
2.06975,-0.0028108794,
2.07,0.0026110564,
2.07025,-0.0106031653,
2.0705,-0.0004838314,
2.07075,0.0020500945,
2.071,-0.0039478466,
2.07125,-0.0145708062,
2.0715,0.0056560580,
2.07175,-0.0107652973,
2.072,-0.0091907065,
2.07225,-0.0003630654,
2.0725,0.0163164474,
2.07275,0.0006376966,
2.073,-0.0062349956,
2.07325,0.0211666450,
2.0735,0.0017784036,
2.07375,-0.0157652684,
2.074,0.0133370897,
2.07425,0.0085316766,
2.0745,0.0000073929,
2.07475,-0.0091918018,
2.075,-0.0080569489,
2.07525,0.0043708719,
2.0755,-0.0144394776,
2.07575,0.0035738698,
2.076,0.0071072322,
2.07625,-0.0168191232,
2.0765,0.0006310600,
2.07675,-0.0214187149,
2.077,-0.0084751053,
2.07725,-0.0011766596,
2.0775,0.0072332374,
2.07775,0.0124553489,
2.078,0.0037082282,
2.07825,0.0124323983,
2.0785,0.0078506423,
2.07875,-0.0004625343,
2.079,0.0046879537,
2.07925,-0.0066277143,
2.0795,0.0010047812,
2.07975,0.0109833423,
2.08,-0.0072434014,
2.08025,0.0026030841,
2.0805,-0.0100879939,
2.08075,0.0007044373,
2.081,-0.0050530587,
2.08125,0.0045697740,
2.0815,0.0134041682,
2.08175,-0.0015492160,
2.082,-0.0014986411,
2.08225,0.0104800165,
2.0825,0.0109305978,
2.08275,0.0009120019,
2.083,0.0073258071,
2.08325,0.0213632751,
2.0835,-0.0029793084,
2.08375,0.0041044764,
2.084,0.0227003992,
2.08425,0.0169584751,
2.0845,0.0008654569,
2.08475,-0.0014753933,
2.085,-0.0045630299,
2.08525,0.0064115068,
2.0855,0.0040444341,
2.08575,0.0093221255,
2.086,-0.0060791038,
2.08625,0.0009048127,
2.0865,-0.0011981404,
2.08675,0.0011023954,
2.087,-0.0139828343,
2.08725,0.0061866646,
2.0875,0.0106308330,
2.08775,0.0137418928,
2.088,0.0077414131,
2.08825,0.0021714275,
2.0885,0.0085822456,
2.08875,0.0049448255,
2.089,0.0119506549,
2.08925,-0.0028161365,
2.0895,0.0097901486,
2.08975,0.0030312838,
2.09,-0.0036097292,
2.09025,0.0016337471,
2.0905,0.0167434216,
2.09075,-0.0074964757,
2.091,-0.0008667986,
2.09125,0.0048571094,
2.0915,0.0015894388,
2.09175,-0.0069705704,
2.092,0.0053168689,
2.09225,0.0207982548,
2.0925,0.0009365533,
2.09275,-0.0000298045,
2.093,0.0077088960,
2.09325,0.0059095891,
2.0935,0.0042568836,
2.09375,0.0089607071,
2.094,0.0175699443,
2.09425,0.0114180809,
2.0945,-0.0060068835,
2.09475,0.0033591562,
2.095,0.0077506509,
2.09525,-0.0041833851,
2.0955,0.0002570782,
2.09575,0.0002346757,
2.096,0.0001032524,
2.09625,-0.0150466617,
2.0965,-0.0245556571,
2.09675,-0.0003962313,
2.097,-0.0015758402,
2.09725,0.0087750200,
2.0975,0.0125262905,
2.09775,0.0182822347,
2.098,-0.0029469877,
2.09825,0.0100857113,
2.0985,0.0164158195,
2.09875,-0.0048702825,
2.099,-0.0201131143,
2.09925,0.0150376651,
2.0995,-0.0060402574,
2.09975,-0.0141308643,
2.1,-0.0150372041,
2.10025,0.0075428896,
2.1005,-0.0013040787,
2.10075,-0.0100927930,
2.101,0.0111600440,
2.10125,0.0072794333,
2.1015,-0.0018870486,
2.10175,0.0027648385,
2.102,0.0067602894,
2.10225,0.0087087955,
2.1025,0.0065093739,
2.10275,0.0002668343,
2.103,0.0166437067,
2.10325,0.0018567182,
2.1035,0.0061397715,
2.10375,0.0159182511,
2.104,0.0093086194,
2.10425,0.0030736825,
2.1045,-0.0203759018,
2.10475,-0.0034143850,
2.105,0.0148432190,
2.10525,-0.0134880822,
2.1055,-0.0033243562,
2.10575,-0.0069579692,
2.106,-0.0049148127,
2.10625,-0.0156788677,
2.1065,-0.0063514095,
2.10675,-0.0103984131,
2.107,0.0028293035,
2.10725,0.0054819668,
2.1075,0.0138089014,
2.10775,-0.0043292409,
2.108,0.0074395258,
2.10825,0.0032843126,
2.1085,0.0105083222,
2.10875,-0.0054548657,
2.109,-0.0113790063,
2.10925,0.0052363407,
2.1095,-0.0100376774,
2.10975,-0.0120843211,
2.11,-0.0013513666,
2.11025,0.0058769179,
2.1105,-0.0144159244,
2.11075,-0.0031738542,
2.111,-0.0158997606,
2.11125,0.0148476660,
2.1115,-0.0217127707,
2.11175,-0.0109255835,
2.112,0.0149680842,
2.11225,0.0020546224,
2.1125,-0.0091869803,
2.11275,-0.0025822639,
2.113,0.0107882833,
2.11325,-0.0055608298,
2.1135,-0.0038453026,
2.11375,0.0159060359,
2.114,-0.0018221134,
2.11425,-0.0171004869,
2.1145,0.0076686321,
2.11475,0.0059062270,
2.115,-0.0181277897,
2.11525,-0.0028515626,
2.1155,0.0016150118,
2.11575,0.0023759298,
2.116,-0.0201879535,
2.11625,-0.0062647839,
2.1165,0.0033386752,
2.11675,-0.0114119370,
2.117,0.0087887663,
2.11725,-0.0000225747,
2.1175,0.0025639515,
2.11775,0.0002536786,
2.118,0.0022945597,
2.11825,-0.0031771616,
2.1185,-0.0016135050,
2.11875,-0.0159751140,
2.119,-0.0046428973,
2.11925,-0.0082336003,
2.1195,0.0016807690,
2.11975,-0.0283211917,
2.12,0.0017690994,
2.12025,0.0019652660,
2.1205,-0.0113444319,
2.12075,-0.0092916042,
2.121,0.0102535561,
2.12125,-0.0045363898,
2.1215,-0.0110095944,
2.12175,0.0046649007,
2.122,0.0170103945,
2.12225,-0.0007863004,
2.1225,-0.0110788839,
2.12275,0.0218160525,
2.123,0.0074206349,
2.12325,-0.0082254279,
2.1235,0.0163224395,
2.12375,0.0112809101,
2.124,-0.0095675942,
2.12425,-0.0158333723,
2.1245,0.0154409856,
2.12475,-0.0002577850,
2.125,-0.0154792098,
2.12525,0.0042415801,
2.1255,-0.0043723276,
2.12575,-0.0009276279,
2.126,-0.0099265296,
2.12625,-0.0015729443,
2.1265,-0.0100459075,
2.12675,0.0065458352,
2.127,0.0018450059,
2.12725,0.0085754823,
2.1275,0.0072336746,
2.12775,0.0077459645,
2.128,0.0102644842,
2.12825,0.0186712649,
2.1285,-0.0024519397,
2.12875,0.0007037658,
2.129,0.0011255385,
2.12925,-0.0002387606,
2.1295,-0.0182754714,
2.12975,-0.0006380313,
2.13,0.0035971319,
2.13025,0.0013114681,
2.1305,-0.0076286499,
2.13075,-0.0026203957,
2.131,0.0114967115,
2.13125,-0.0064021326,
2.1315,0.0014305280,
2.13175,0.0117427344,
2.132,0.0088401772,
2.13225,-0.0048534311,
2.1325,0.0081935655,
2.13275,0.0131606515,
2.133,0.0115877576,
2.13325,-0.0005656846,
2.1335,0.0187946185,
2.13375,0.0037957127,
2.134,-0.0120509006,
2.13425,0.0101604722,
2.1345,0.0112962760,
2.13475,-0.0055311522,
2.135,-0.0090030730,
2.13525,-0.0083685275,
2.1355,-0.0016067650,
2.13575,-0.0292293355,
2.136,-0.0132594071,
2.13625,0.0008853442,
2.1365,0.0011498944,
2.13675,0.0028216487,
2.137,0.0019638808,
2.13725,0.0137409624,
2.1375,-0.0024721152,
2.13775,-0.0036883922,
2.138,0.0094920965,
2.13825,-0.0040950011,
2.1385,-0.0196255408,
2.13875,-0.0010695141,
2.139,0.0041015325,
2.13925,-0.0113499500,
2.1395,-0.0200270563,
2.13975,0.0114519689,
2.14,-0.0122382902,
2.14025,-0.0068819872,
2.1405,-0.0105386684,
2.14075,0.0087393560,
2.141,-0.0006993273,
2.14125,-0.0021901575,
2.1415,0.0040342198,
2.14175,0.0125548448,
2.142,-0.0044712126,
2.14225,-0.0006148784,
2.1425,0.0111441072,
2.14275,0.0056580603,
2.143,-0.0062985164,
2.14325,0.0058888849,
2.1435,0.0077708270,
2.14375,-0.0123818172,
2.144,-0.0141949495,
2.14425,-0.0014979811,
2.1445,-0.0159391779,
2.14475,-0.0163784008,
2.145,-0.0152018759,
2.14525,-0.0023493744,
2.1455,-0.0116420370,
2.14575,-0.0224188007,
2.146,-0.0090981629,
2.14625,-0.0128423870,
2.1465,-0.0074055949,
2.14675,-0.0144429961,
2.147,0.0050124815,
2.14725,0.0055176322,
2.1475,0.0017450796,
2.14775,-0.0014059258,
2.148,-0.0011586343,
2.14825,-0.0157194864,
2.1485,-0.0139782717,
2.14875,-0.0070917555,
2.149,-0.0094091715,
2.14925,-0.0227776002,
2.1495,-0.0023279334,
2.14975,-0.0012266673,
2.15,0.0065237358,
2.15025,-0.0211083051,
2.1505,-0.0045820004,
2.15075,0.0057592052,
2.151,-0.0058345408,
2.15125,-0.0046453294,
2.1515,-0.0002872912,
2.15175,0.0095239244,
2.152,-0.0141455689,
2.15225,-0.0075421897,
2.1525,0.0110973138,
2.15275,0.0051536667,
2.153,-0.0097789010,
2.15325,0.0037525909,
2.1535,0.0018007807,
2.15375,-0.0186699741,
2.154,0.0017150806,
2.15425,-0.0035175378,
2.1545,-0.0311108306,
2.15475,-0.0159522258,
2.155,-0.0089241210,
2.15525,-0.0276733115,
2.1555,-0.0425525531,
2.15575,-0.0065757986,
2.156,-0.0098986169,
2.15625,-0.0012625627,
2.1565,-0.0063109435,
2.15675,0.0052505126,
2.157,-0.0099103469,
2.15725,-0.0092885643,
2.1575,-0.0073637618,
2.15775,-0.0031253577,
2.158,-0.0082308287,
2.15825,-0.0106678493,
2.1585,-0.0022622622,
2.15875,0.0044948738,
2.159,-0.0026642852,
2.15925,-0.0115101831,
2.1595,0.0034177057,
2.15975,0.0029778245,
2.16,-0.0024073967,
2.16025,-0.0215647891,
2.1605,-0.0019367768,
2.16075,0.0048407409,
2.161,-0.0116956178,
2.16125,-0.0090409974,
2.1615,0.0177757964,
2.16175,-0.0031466957,
2.162,-0.0089282207,
2.16225,0.0106858006,
2.1625,0.0142535390,
2.16275,-0.0095066326,
2.163,0.0101614092,
2.16325,0.0142339421,
2.1635,-0.0184185077,
2.16375,-0.0127391629,
2.164,0.0019899786,
2.16425,-0.0107642999,
2.1645,-0.0084286388,
2.16475,-0.0100594023,
2.165,0.0009850874,
2.16525,-0.0115059465,
2.1655,-0.0091043497,
2.16575,-0.0118337218,
2.166,-0.0000229203,
2.16625,-0.0144645488,
2.1665,-0.0087897740,
2.16675,0.0124532804,
2.167,0.0035467516,
2.16725,0.0009067332,
2.1675,0.0039499393,
2.16775,-0.0002789599,
2.168,-0.0033123735,
2.16825,0.0012438145,
2.1685,-0.0075032464,
2.16875,-0.0098540997,
2.169,-0.0065213465,
2.16925,-0.0003528862,
2.1695,0.0062626838,
2.16975,0.0094536375,
2.17,-0.0157476850,
2.17025,-0.0036323476,
2.1705,0.0089915022,
2.17075,0.0085259490,
2.171,-0.0037553408,
2.17125,0.0064789634,
2.1715,0.0150266308,
2.17175,-0.0002027286,
2.172,-0.0014596361,
2.17225,0.0203719251,
2.1725,0.0063914284,
2.17275,0.0020717408,
2.173,0.0020675866,
2.17325,-0.0002227662,
2.1735,-0.0053930650,
2.17375,-0.0009457436,
2.174,-0.0118400268,
2.17425,-0.0167018957,
2.1745,-0.0176788718,
2.17475,0.0016584117,
2.175,-0.0089136828,
2.17525,-0.0097800232,
2.1755,-0.0058957729,
2.17575,0.0053911963,
2.176,0.0198256783,
2.17625,-0.0003526888,
2.1765,0.0030896300,
2.17675,0.0114680324,
2.177,0.0015842286,
2.17725,-0.0113771623,
2.1775,0.0176509805,
2.17775,0.0025568346,
2.178,0.0038547432,
2.17825,-0.0011732429,
2.1785,0.0204210896,
2.17875,-0.0100870486,
2.179,-0.0142285004,
2.17925,0.0172146223,
2.1795,0.0163723547,
2.17975,0.0005193647,
2.18,0.0012225760,
2.18025,0.0108159650,
2.1805,0.0183271281,
2.18075,-0.0007019780,
2.181,0.0102238785,
2.18125,0.0182917565,
2.1815,0.0036120731,
2.18175,0.0073574232,
2.182,0.0041948636,
2.18225,0.0112363929,
2.1825,0.0101465918,
2.18275,0.0107041784,
2.183,0.0059665032,
2.18325,-0.0060831541,
2.1835,0.0000717325,
2.18375,0.0002673957,
2.184,0.0113604665,
2.18425,0.0046450966,
2.1845,0.0005721937,
2.18475,0.0033508313,
2.185,-0.0057889749,
2.18525,-0.0085521713,
2.1855,-0.0122683570,
2.18575,0.0131455977,
2.186,-0.0087577859,
2.18625,0.0070153712,
2.1865,0.0054972596,
2.18675,0.0171728060,
2.187,0.0105079161,
2.18725,0.0095830690,
2.1875,0.0093226256,
2.18775,0.0103994263,
2.188,0.0004563734,
2.18825,-0.0042209812,
2.1885,-0.0069559570,
2.18875,0.0101682413,
2.189,0.0001878414,
2.18925,0.0018705062,
2.1895,0.0147563666,
2.18975,-0.0070661893,
2.19,0.0006345075,
2.19025,0.0095920274,
2.1905,0.0140872300,
2.19075,-0.0012707576,
2.191,0.0008951661,
2.19125,0.0231888108,
2.1915,-0.0008752969,
2.19175,-0.0064948257,
2.192,0.0188586637,
2.19225,0.0140520874,
2.1925,-0.0016761352,
2.19275,-0.0019392051,
2.193,0.0053143618,
2.19325,-0.0019314145,
2.1935,-0.0082528582,
2.19375,-0.0033160392,
2.194,-0.0026758197,
2.19425,-0.0143868616,
2.1945,0.0061398456,
2.19475,-0.0211836062,
2.195,-0.0135432538,
2.19525,-0.0106939403,
2.1955,0.0090030879,
2.19575,0.0070570661,
2.196,0.0008642106,
2.19625,0.0106369443,
2.1965,0.0084548853,
2.19675,0.0109501369,
2.197,0.0109210629,
2.19725,0.0071844230,
2.1975,0.0025934619,
2.19775,0.0046583363,
2.198,-0.0001693822,
2.19825,-0.0043031950,
2.1985,-0.0092832167,
2.19875,-0.0016917379,
2.199,-0.0047243889,
2.19925,0.0118518006,
2.1995,0.0063674385,
2.19975,-0.0088800881,
2.2,0.0035558529,
2.20025,0.0178717431,
2.2005,0.0023951754,
2.20075,-0.0005779384,
2.201,0.0161874257,
2.20125,0.0106126154,
2.2015,-0.0100849476,
2.20175,0.0056070406,
2.202,0.0183017664,
2.20225,0.0049516843,
2.2025,-0.0025060445,
2.20275,0.0036533447,
2.203,0.0026756166,
2.20325,-0.0060568056,
2.2035,-0.0002049444,
2.20375,0.0165905524,
2.204,-0.0117573123,
2.20425,-0.0033522546,
2.2045,-0.0120058740,
2.20475,-0.0151051600,
2.205,-0.0200422890,
2.20525,-0.0045799739,
2.2055,0.0098196995,
2.20575,0.0054791830,
2.206,0.0090276916,
2.20625,0.0031015179,
2.2065,0.0156093128,
2.20675,0.0085821114,
2.207,0.0059449030,
2.20725,0.0029470117,
2.2075,0.0146683753,
2.20775,0.0066402419,
2.208,0.0007992282,
2.20825,0.0025014370,
2.2085,0.0222116504,
2.20875,-0.0045172144,
2.209,0.0180542618,
2.20925,0.0150012486,
2.2095,0.0081292242,
2.20975,-0.0007294028,
2.21,0.0143662933,
2.21025,0.0157886855,
2.2105,0.0092767477,
2.21075,0.0115332007,
2.211,0.0238654036,
2.21125,0.0053182994,
2.2115,0.0079087764,
2.21175,0.0104527418,
2.212,0.0264068432,
2.21225,0.0036124981,
2.2125,0.0051333979,
2.21275,0.0027439017,
2.213,0.0102512427,
2.21325,-0.0028392673,
2.2135,0.0019167970,
2.21375,0.0115103703,
2.214,0.0086243963,
2.21425,-0.0066912770,
2.2145,-0.0100616664,
2.21475,0.0005326885,
2.215,-0.0137151275,
2.21525,0.0107324766,
2.2155,0.0172824021,
2.21575,0.0200894512,
2.216,0.0034274070,
2.21625,0.0180260446,
2.2165,0.0222686287,
2.21675,0.0108649395,
2.217,-0.0034249369,
2.21725,0.0231357273,
2.2175,0.0123410113,
2.21775,0.0041958033,
2.218,0.0071987370,
2.21825,0.0111930715,
2.2185,0.0086725410,
2.21875,0.0075086714,
2.219,0.0132435551,
2.21925,0.0071712369,
2.2195,0.0024238098,
2.21975,0.0045959540,
2.22,0.0106397076,
2.22025,0.0087805679,
2.2205,0.0050191656,
2.22075,0.0143593624,
2.221,0.0096550817,
2.22125,0.0046904893,
2.2215,0.0078395326,
2.22175,0.0179097503,
2.222,0.0113356020,
2.22225,0.0005249556,
2.2225,-0.0019028852,
2.22275,-0.0059330966,
2.223,-0.0117274635,
2.22325,-0.0044976450,
2.2235,0.0034190770,
2.22375,-0.0105067072,
2.224,-0.0141356196,
2.22425,-0.0156577043,
2.2245,0.0019973386,
2.22475,-0.0209102519,
2.225,-0.0107516404,
2.22525,0.0082360813,
2.2255,0.0140415039,
2.22575,0.0036257515,
2.226,0.0014909599,
2.22625,0.0190203097,
2.2265,0.0061037783,
2.22675,-0.0132957809,
2.227,0.0065609249,
2.22725,0.0060987435,
2.2275,0.0067521171,
2.22775,-0.0146564581,
2.228,0.0015517485,
2.22825,0.0069683995,
2.2285,-0.0116570657,
2.22875,0.0000141290,
2.229,-0.0067328657,
2.22925,0.0078981780,
2.2295,-0.0144531354,
2.22975,-0.0030802446,
2.23,0.0173364468,
2.23025,0.0042856527,
2.2305,-0.0009565093,
2.23075,0.0098966099,
2.231,0.0050704712,
2.23125,-0.0116454670,
2.2315,-0.0035850569,
2.23175,0.0142947249,
2.232,-0.0121312849,
2.23225,-0.0165141877,
2.2325,-0.0045875954,
2.23275,0.0019839648,
2.233,-0.0262570940,
2.23325,-0.0005135412,
2.2335,0.0050918255,
2.23375,-0.0089593399,
2.234,-0.0188439544,
2.23425,-0.0088581108,
2.2345,-0.0308893211,
2.23475,-0.0325813219,
2.235,0.0032703169,
2.23525,0.0038105133,
2.2355,0.0014311251,
2.23575,-0.0011514642,
2.236,0.0047716447,
2.23625,0.0011420918,
2.2365,0.0007404760,
2.23675,-0.0117220636,
2.237,-0.0023805848,
2.23725,0.0019010333,
2.2375,-0.0019937570,
2.23775,-0.0222552270,
2.238,-0.0021175204,
2.23825,-0.0007226242,
2.2385,-0.0195106007,
2.23875,-0.0106612612,
2.239,0.0106242374,
2.23925,-0.0098720146,
2.2395,-0.0143275466,
2.23975,0.0020561002,
2.24,0.0039409366,
2.24025,-0.0086336872,
2.2405,-0.0023746528,
2.24075,0.0144091444,
2.241,-0.0005399151,
2.24125,-0.0113572944,
2.2415,0.0145384911,
2.24175,0.0051274947,
2.242,-0.0090166666,
2.24225,0.0009900073,
2.2425,-0.0072660940,
2.24275,-0.0158223622,
2.243,-0.0011758587,
2.24325,-0.0018659707,
2.2435,-0.0183149390,
2.24375,-0.0187950414,
2.244,-0.0042438456,
2.24425,0.0006930332,
2.2445,-0.0306100305,
2.24475,-0.0069288863,
2.245,0.0099114347,
2.24525,0.0030223662,
2.2455,0.0034226282,
2.24575,0.0103466166,
2.246,0.0102579920,
2.24625,0.0059715323,
2.2465,-0.0034382362,
2.24675,0.0032786813,
2.247,-0.0017312117,
2.24725,0.0109170526,
2.2475,-0.0178173166,
2.24775,-0.0014629585,
2.248,0.0037214039,
2.24825,0.0012183285,
2.2485,-0.0052975840,
2.24875,-0.0010974500,
2.249,0.0047701113,
2.24925,-0.0058777914,
2.2495,0.0082697552,
2.24975,0.0177155081,
2.25,0.0066188071,
2.25025,-0.0017719353,
2.2505,0.0091932332,
2.25075,0.0102857798,
2.251,-0.0044790828,
2.25125,-0.0010407935,
2.2515,0.0051169181,
2.25175,-0.0002090715,
2.252,-0.0023555320,
2.25225,-0.0072921989,
2.2525,0.0068363310,
2.25275,-0.0027278317,
2.253,-0.0029065914,
2.25325,-0.0022304622,
2.2535,-0.0136511717,
2.25375,-0.0253602657,
2.254,-0.0156442393,
2.25425,-0.0221529398,
2.2545,0.0002779744,
2.25475,-0.0013034395,
2.255,0.0073297452,
2.25525,0.0187459048,
2.2555,-0.0085065374,
2.25575,0.0076538436,
2.256,0.0201584399,
2.25625,-0.0008574816,
2.2565,-0.0090338448,
2.25675,0.0007389588,
2.257,0.0091389678,
2.25725,-0.0107309492,
2.2575,-0.0156065831,
2.25775,0.0017737701,
2.258,-0.0098206811,
2.25825,-0.0127107203,
2.2585,-0.0142309768,
2.25875,0.0008806522,
2.259,-0.0116454195,
2.25925,-0.0073780674,
2.2595,-0.0047570043,
2.25975,-0.0051005669,
2.26,-0.0082810083,
2.26025,-0.0029518877,
2.2605,-0.0007069763,
2.26075,-0.0027189013,
2.261,-0.0066293590,
2.26125,-0.0005548655,
2.2615,0.0067455191,
2.26175,-0.0038385745,
2.262,-0.0148434564,
2.26225,-0.0240983628,
2.2625,-0.0096120359,
2.26275,-0.0048606368,
2.263,-0.0160922427,
2.26325,-0.0161269885,
2.2635,-0.0161590856,
2.26375,-0.0216450803,
2.264,-0.0076400419,
2.26425,-0.0220949221,
2.2645,-0.0116029158,
2.26475,0.0002616463,
2.265,0.0040383702,
2.26525,0.0035004825,
2.2655,-0.0057086307,
2.26575,0.0061637559,
2.266,0.0012910203,
2.26625,-0.0002363065,
2.2665,-0.0128708547,
2.26675,0.0056653740,
2.267,-0.0075015202,
2.26725,-0.0216854271,
2.2675,-0.0063039474,
2.26775,-0.0058674682,
2.268,0.0000605583,
2.26825,-0.0295869447,
2.2685,-0.0062089511,
2.26875,-0.0126676280,
2.269,-0.0062876586,
2.26925,-0.0083640879,
2.2695,0.0041528726,
2.26975,0.0113946004,
2.27,-0.0140716685,
2.27025,-0.0027761669,
2.2705,0.0014529463,
2.27075,-0.0112533327,
2.271,-0.0061970511,
2.27125,0.0049508139,
2.2715,0.0028070514,
2.27175,-0.0116129955,
2.272,-0.0084004588,
2.27225,0.0036506699,
2.2725,-0.0210988224,
2.27275,-0.0072145173,
2.273,0.0027568007,
2.27325,-0.0275194645,
2.2735,-0.0288710445,
2.27375,-0.0179598145,
2.274,-0.0083412752,
2.27425,0.0034633602,
2.2745,0.0010759105,
2.27475,0.0028693324,
2.275,0.0080034900,
2.27525,-0.0041515464,
2.2755,0.0140246637,
2.27575,0.0049722590,
2.276,0.0068754046,
2.27625,0.0029256493,
2.2765,-0.0056661065,
2.27675,0.0051447898,
2.277,-0.0047832183,
2.27725,-0.0147620775,
2.2775,-0.0009492760,
2.27775,0.0121161547,
2.278,-0.0066563678,
2.27825,-0.0234828964,
2.2785,0.0094429329,
2.27875,0.0120408311,
2.279,-0.0142461620,
2.27925,0.0034530344,
2.2795,0.0234665889,
2.27975,0.0079056853,
2.28,0.0011214457,
2.28025,0.0150007568,
2.2805,0.0140220094,
2.28075,0.0036505491,
2.281,0.0112416092,
2.28125,0.0267278291,
2.2815,0.0053758011,
2.28175,-0.0093359146,
2.282,0.0028286045,
2.28225,0.0097766099,
2.2825,0.0007660948,
2.28275,0.0067619090,
2.283,0.0031189895,
2.28325,0.0047256597,
2.2835,0.0004742126,
2.28375,-0.0056768134,
2.284,-0.0134037118,
2.28425,0.0003468329,
2.2845,0.0108539322,
2.28475,0.0127125429,
2.285,0.0093106721,
2.28525,0.0128343236,
2.2855,0.0180452298,
2.28575,0.0172356125,
2.286,0.0109723397,
2.28625,0.0021842532,
2.2865,0.0141377058,
2.28675,0.0028664600,
2.287,0.0036413886,
2.28725,-0.0041095857,
2.2875,0.0113759171,
2.28775,0.0113851866,
2.288,-0.0135280509,
2.28825,0.0036024686,
2.2885,0.0099574570,
2.28875,0.0097806985,
2.289,-0.0033178092,
2.28925,0.0122750774,
2.2895,0.0202078670,
2.28975,0.0029346147,
2.29,-0.0038163236,
2.29025,0.0166598596,
2.2905,0.0051394287,
2.29075,0.0066267876,
2.291,0.0067491387,
2.29125,0.0199725814,
2.2915,0.0018356314,
2.29175,-0.0039995871,
2.292,0.0118380273,
2.29225,0.0047590677,
2.2925,-0.0024559083,
2.29275,-0.0019998206,
2.293,-0.0013998870,
2.29325,-0.0016684907,
2.2935,-0.0181403738,
2.29375,0.0064544929,
2.294,0.0117058363,
2.29425,-0.0029771777,
2.2945,0.0018115642,
2.29475,0.0139243882,
2.295,0.0071039633,
2.29525,0.0059184888,
2.2955,0.0071021235,
2.29575,0.0155710410,
2.296,-0.0078586312,
2.29625,-0.0027418467,
2.2965,0.0105135748,
2.29675,-0.0051792380,
2.297,-0.0185241532,
2.29725,0.0096300626,
2.2975,0.0069868620,
2.29775,-0.0119965980,
2.298,-0.0055847364,
2.29825,0.0152829988,
2.2985,0.0089685600,
2.29875,-0.0074339928,
2.299,0.0059771021,
2.29925,0.0142027307,
2.2995,0.0082729720,
2.29975,-0.0010188695,
2.3,0.0069299191,
2.30025,0.0116411485,
2.3005,0.0028123185,
2.30075,0.0006223526,
2.301,0.0085664317,
2.30125,0.0028632660,
2.3015,-0.0127383489,
2.30175,-0.0041767252,
2.302,0.0164353717,
2.30225,-0.0077972608,
2.3025,-0.0150775630,
2.30275,0.0035730305,
2.303,0.0044072275,
2.30325,-0.0105774580,
2.3035,-0.0152336424,
2.30375,-0.0052604661,
2.304,0.0060637295,
2.30425,-0.0005538769,
2.3045,0.0032404959,
2.30475,0.0161600318,
2.305,0.0094759148,
2.30525,0.0068581812,
2.3055,0.0151984440,
2.30575,0.0008076153,
2.306,-0.0055238064,
2.30625,0.0069482652,
2.3065,-0.0019908168,
2.30675,-0.0074716029,
2.307,-0.0114222420,
2.30725,0.0077774380,
2.3075,-0.0011809579,
2.30775,-0.0029756916,
2.308,-0.0118453205,
2.30825,0.0155909183,
2.3085,0.0095900157,
2.30875,-0.0160912257,
2.309,0.0050699003,
2.30925,0.0165690593,
2.3095,-0.0056550270,
2.30975,-0.0073350831,
2.31,0.0163476672,
2.31025,0.0077818567,
2.3105,-0.0069767614,
2.31075,0.0108260512,
2.311,0.0203980878,
2.31125,-0.0172994509,
2.3115,-0.0089108162,
2.31175,0.0112652387,
2.312,-0.0046185665,
2.31225,-0.0103187189,
2.3125,-0.0073695099,
2.31275,-0.0050399830,
2.313,-0.0161995534,
2.31325,-0.0234719925,
2.3135,0.0138410665,
2.31375,-0.0043606786,
2.314,0.0036401926,
2.31425,0.0059544351,
2.3145,0.0099213505,
2.31475,-0.0049442933,
2.315,0.0047907871,
2.31525,-0.0023747089,
2.3155,0.0004901943,
2.31575,0.0001910490,
2.316,-0.0053381389,
2.31625,0.0007798225,
2.3165,0.0046234154,
2.31675,-0.0031132062,
2.317,0.0014699256,
2.31725,0.0041490789,
2.3175,0.0033962373,
2.31775,-0.0086098835,
2.318,0.0057160044,
2.31825,0.0134829786,
2.3185,-0.0045439703,
2.31875,-0.0035592411,
2.319,0.0232946835,
2.31925,0.0140665481,
2.3195,-0.0052553676,
2.31975,0.0136850215,
2.32,0.0240779389,
2.32025,0.0023885677,
2.3205,0.0021805300,
2.32075,0.0187983569,
2.321,0.0012919980,
2.32125,-0.0162445158,
2.3215,0.0046919156,
2.32175,0.0176965799,
2.322,-0.0127374493,
2.32225,-0.0053439178,
2.3225,-0.0016446137,
2.32275,-0.0102731641,
2.323,-0.0104332445,
2.32325,0.0003818372,
2.3235,0.0039607431,
2.32375,0.0072905198,
2.324,0.0009093893,
2.32425,0.0053300033,
2.3245,0.0144933360,
2.32475,0.0043719769,
2.325,0.0093221674,
2.32525,0.0026907395,
2.3255,-0.0008501860,
2.32575,0.0048727351,
2.326,-0.0005100291,
2.32625,0.0002570273,
2.3265,-0.0089118499,
2.32675,-0.0006905721,
2.327,0.0058212904,
2.32725,-0.0012223253,
2.3275,-0.0007758890,
2.32775,-0.0160526950,
2.328,0.0150149548,
2.32825,0.0112110730,
2.3285,-0.0009687949,
2.32875,0.0106509915,
2.329,0.0235172138,
2.32925,-0.0013590998,
2.3295,0.0091443202,
2.32975,0.0116463983,
2.33,0.0227912720,
2.33025,-0.0011696930,
2.3305,0.0033856872,
2.33075,0.0119032916,
2.331,-0.0097100576,
2.33125,0.0012367310,
2.3315,0.0021242974,
2.33175,-0.0083707199,
2.332,-0.0019275640,
2.33225,-0.0102664577,
2.3325,-0.0000543566,
2.33275,-0.0101141436,
2.333,-0.0131990565,
2.33325,0.0050632861,
2.3335,0.0101069845,
2.33375,0.0045729619,
2.334,-0.0009460166,
2.33425,0.0039317971,
2.3345,-0.0098080849,
2.33475,-0.0058106259,
2.335,-0.0029074829,
2.33525,0.0093188751,
2.3355,-0.0140069351,
2.33575,0.0012247874,
2.336,0.0097535532,
2.33625,0.0135434559,
2.3365,-0.0085376436,
2.33675,0.0019214125,
2.337,0.0058575044,
2.33725,-0.0053763120,
2.3375,-0.0151641211,
2.33775,0.0071657067,
2.338,0.0038161324,
2.33825,-0.0004433281,
2.3385,0.0045165755,
2.33875,0.0156156523,
2.339,-0.0026515676,
2.33925,0.0051341299,
2.3395,0.0033532700,
2.33975,0.0124621559,
2.34,-0.0004439004,
2.34025,-0.0006730674,
2.3405,0.0043510618,
2.34075,-0.0095880916,
2.341,-0.0218057595,
2.34125,-0.0016013507,
2.3415,0.0024392188,
2.34175,-0.0018049848,
2.342,-0.0116172154,
2.34225,-0.0089334212,
2.3425,-0.0032468324,
2.34275,-0.0074653192,
2.343,-0.0178385600,
2.34325,0.0025372615,
2.3435,0.0022999865,
2.34375,-0.0204813257,
2.344,0.0073846299,
2.34425,0.0095848134,
2.3445,-0.0012887096,
2.34475,-0.0040871305,
2.345,-0.0043423255,
2.34525,-0.0094009265,
2.3455,-0.0091079585,
2.34575,-0.0142627535,
2.346,-0.0080476273,
2.34625,-0.0115379551,
2.3465,0.0014883801,
2.34675,-0.0094325766,
2.347,0.0024227039,
2.34725,-0.0061242911,
2.3475,-0.0178212114,
2.34775,0.0015638791,
2.348,0.0032590078,
2.34825,-0.0042395238,
2.3485,-0.0035617524,
2.34875,0.0143389134,
2.349,-0.0021792357,
2.34925,-0.0080383504,
2.3495,0.0085345665,
2.34975,0.0144002074,
2.35,-0.0046730586,
2.35025,-0.0009558379,
2.3505,-0.0050099287,
2.35075,-0.0109191602,
2.351,-0.0068878271,
2.35125,-0.0070045460,
2.3515,-0.0111292042,
2.35175,-0.0188946575,
2.352,-0.0126119433,
2.35225,0.0007700265,
2.3525,-0.0290546287,
2.35275,-0.0106163686,
2.353,0.0028767053,
2.35325,0.0077504986,
2.3535,-0.0026127209,
2.35375,0.0083531067,
2.354,-0.0080484981,
2.35425,-0.0061032600,
2.3545,-0.0035293014,
2.35475,-0.0027546079,
2.355,-0.0085145319,
2.35525,0.0016086375,
2.3555,-0.0055073486,
2.35575,-0.0059232824,
2.356,0.0006609564,
2.35625,-0.0169061515,
2.3565,-0.0113773085,
2.35675,-0.0066709151,
2.357,0.0083834231,
2.35725,-0.0122478865,
2.3575,-0.0132215451,
2.35775,0.0177607425,
2.358,0.0088959485,
2.35825,-0.0086118029,
2.3585,0.0098675676,
2.35875,0.0111974422,
2.359,-0.0005755294,
2.35925,-0.0064249658,
2.3595,0.0204221327,
2.35975,0.0008206338,
2.36,-0.0000213254,
2.36025,0.0031619973,
2.3605,-0.0097903237,
2.36075,-0.0152216703,
2.361,-0.0015101789,
2.36125,0.0092704101,
2.3615,-0.0053189066,
2.36175,-0.0067878836,
2.362,0.0050261812,
2.36225,-0.0173260979,
2.3625,-0.0126083577,
2.36275,-0.0138800833,
2.363,0.0097090174,
2.36325,-0.0058026407,
2.3635,0.0018697052,
2.36375,0.0074387901,
2.364,-0.0017547583,
2.36425,-0.0007342122,
2.3645,-0.0062602693,
2.36475,-0.0070641357,
2.365,-0.0117599163,
2.36525,-0.0041009849,
2.3655,-0.0173072405,
2.36575,-0.0100302035,
2.366,-0.0047332663,
2.36625,0.0052686287,
2.3665,-0.0139968656,
2.36675,0.0156278703,
2.367,-0.0040863925,
2.36725,-0.0113593768,
2.3675,0.0048979707,
2.36775,0.0141474046,
2.368,0.0065403609,
2.36825,-0.0002148352,
2.3685,0.0177823789,
2.36875,0.0082333516,
2.369,-0.0051619974,
2.36925,0.0075808330,
2.3695,0.0106280148,
2.36975,0.0028808510,
2.37,-0.0017534599,
2.37025,-0.0155520830,
2.3705,-0.0073606889,
2.37075,0.0084884278,
2.371,-0.0178224817,
2.37125,0.0003326206,
2.3715,-0.0029343059,
2.37175,-0.0020621354,
2.372,-0.0214492697,
2.37225,-0.0200563930,
2.3725,-0.0015938889,
2.37275,-0.0029427838,
2.373,0.0150347035,
2.37325,0.0053345105,
2.3735,-0.0026316135,
2.37375,-0.0052057309,
2.374,0.0039984849,
2.37425,-0.0090941237,
2.3745,-0.0040764017,
2.37475,-0.0038710586,
2.375,0.0082439538,
2.37525,-0.0089121666,
2.3755,0.0041942559,
2.37575,-0.0128857605,
2.376,-0.0151300011,
2.37625,-0.0011594127,
2.3765,0.0093681747,
2.37675,0.0066823317,
2.377,-0.0074436646,
2.37725,0.0029435134,
2.3775,0.0080094412,
2.37775,-0.0036888998,
2.378,-0.0001283817,
2.37825,0.0057926844,
2.3785,0.0100869667,
2.37875,-0.0010880801,
2.379,0.0085835913,
2.37925,0.0050492045,
2.3795,0.0089958701,
2.37975,0.0150070386,
2.38,-0.0122485943,
2.38025,-0.0086290799,
2.3805,0.0077024945,
2.38075,-0.0033687726,
2.381,0.0033406345,
2.38125,-0.0021880984,
2.3815,0.0001084363,
2.38175,-0.0153130554,
2.382,-0.0132933073,
2.38225,0.0009751905,
2.3825,-0.0196173899,
2.38275,0.0091392137,
2.383,0.0068570524,
2.38325,0.0014497740,
2.3835,-0.0006597530,
2.38375,0.0070552509,
2.384,0.0009478705,
2.38425,0.0028009331,
2.3845,-0.0049438956,
2.38475,0.0118238144,
2.385,-0.0063317083,
2.38525,-0.0025246437,
2.3855,-0.0068273479,
2.38575,0.0065677124,
2.386,-0.0026851739,
2.38625,-0.0117147714,
2.3865,0.0091083003,
2.38675,-0.0009300076,
2.387,0.0022436045,
2.38725,-0.0017055339,
2.3875,0.0196796469,
2.38775,0.0122081013,
2.388,0.0038608408,
2.38825,0.0154236536,
2.3885,0.0162462723,
2.38875,-0.0043390580,
2.389,0.0027345312,
2.38925,0.0191592090,
2.3895,0.0069878222,
2.38975,-0.0149027063,
2.39,-0.0084432373,
2.39025,0.0073528914,
2.3905,-0.0039906311,
2.39075,-0.0084822327,
2.391,0.0226294156,
2.39125,0.0008690497,
2.3915,-0.0004947999,
2.39175,-0.0209275465,
2.392,-0.0073010079,
2.39225,-0.0123568112,
2.3925,0.0034209227,
2.39275,0.0075087533,
2.393,0.0115341842,
2.39325,0.0025400880,
2.3935,0.0129143093,
2.39375,0.0045899581,
2.394,0.0075956206,
2.39425,0.0015433376,
2.3945,-0.0080507025,
2.39475,0.0098724421,
2.395,-0.0033815254,
2.39525,-0.0128775481,
2.3955,-0.0175666157,
2.39575,0.0050659948,
2.396,-0.0067845867,
2.39625,0.0022325679,
2.3965,0.0085649313,
2.39675,0.0127569586,
2.397,-0.0045741936,
2.39725,0.0073282914,
2.3975,0.0202135667,
2.39775,0.0018601799,
2.398,-0.0004615444,
2.39825,0.0157039110,
2.3985,-0.0007498512,
2.39875,-0.0105797946,
2.399,0.0118075041,
2.39925,0.0196205415,
2.3995,-0.0051093865,
2.39975,-0.0102742342,
2.4,0.0080548720,
2.40025,-0.0003486711,
2.4005,-0.0036580525,
2.40075,0.0132710990,
2.401,-0.0120280311,
2.40125,-0.0111919865,
2.4015,-0.0176455099,
2.40175,0.0003747355,
2.402,-0.0175323337,
2.40225,-0.0222859066,
2.4025,0.0052699260,
2.40275,0.0030389619,
2.403,-0.0010445754,
2.40325,0.0046761986,
2.4035,0.0134256436,
2.40375,0.0155473426,
2.404,0.0125318905,
2.40425,-0.0072002755,
2.4045,0.0089162085,
2.40475,0.0095288334,
2.405,-0.0055550882,
2.40525,-0.0069815158,
2.4055,0.0052974508,
2.40575,-0.0119402800,
2.406,0.0030136853,
2.40625,-0.0000987339,
2.4065,0.0105965547,
2.40675,-0.0029026647,
2.407,0.0004278593,
2.40725,0.0242592655,
2.4075,0.0135868927,
2.40775,0.0030772095,
2.408,0.0117617715,
2.40825,0.0098876329,
2.4085,0.0092634652,
2.40875,0.0008128127,
2.409,0.0194616579,
2.40925,0.0105230324,
2.4095,-0.0030680206,
2.40975,-0.0011127313,
2.41,0.0115072783,
2.41025,0.0025502408,
2.4105,-0.0009670156,
2.41075,0.0090949386,
2.411,0.0051861992,
2.41125,-0.0034525569,
2.4115,-0.0222025029,
2.41175,-0.0056414446,
2.412,-0.0198103841,
2.41225,0.0027544124,
2.4125,0.0045195529,
2.41275,0.0233006440,
2.413,0.0098406384,
2.41325,0.0081862099,
2.4135,0.0211180747,
2.41375,0.0123667624,
2.414,-0.0084377164,
2.41425,0.0015189985,
2.4145,0.0055777961,
2.41475,-0.0035326374,
2.415,-0.0230604857,
2.41525,0.0002260428,
2.4155,0.0086284783,
2.41575,-0.0054052183,
2.416,0.0047202208,
2.41625,0.0080240909,
2.4165,0.0098519772,
2.41675,-0.0061472524,
2.417,0.0097684888,
2.41725,0.0045417426,
2.4175,0.0067661097,
2.41775,-0.0001837209,
2.418,0.0091158515,
2.41825,0.0097678034,
2.4185,0.0003007136,
2.41875,0.0074636680,
2.419,0.0133827971,
2.41925,-0.0014874721,
2.4195,-0.0048197508,
2.41975,-0.0038815509,
2.42,-0.0010554185,
2.42025,-0.0149152316,
2.4205,-0.0063048266,
2.42075,-0.0134631172,
2.421,-0.0119204912,
2.42125,-0.0147797363,
2.4215,0.0000456142,
2.42175,-0.0075925724,
2.422,-0.0055426103,
2.42225,0.0027508193,
2.4225,0.0122165680,
2.42275,0.0100399684,
2.423,0.0028295114,
2.42325,0.0122154234,
2.4235,0.0202192664,
2.42375,-0.0014728713,
2.424,-0.0059746644,
2.42425,0.0014856905,
2.4245,0.0071361060,
2.42475,-0.0119554009,
2.425,-0.0057024905,
2.42525,0.0078844968,
2.4255,-0.0073166247,
2.42575,0.0043224525,
2.426,-0.0145640299,
2.42625,0.0079583246,
2.4265,-0.0085686510,
2.42675,-0.0047865780,
2.427,0.0060838549,
2.42725,0.0111118872,
2.4275,-0.0121518243,
2.42775,-0.0014685853,
2.428,0.0090103308,
2.42825,0.0026084718,
2.4285,-0.0084761726,
2.42875,0.0045958399,
2.429,-0.0011248335,
2.42925,-0.0103355153,
2.4295,-0.0103363115,
2.42975,0.0139751434,
2.43,-0.0136400331,
2.43025,-0.0123644257,
2.4305,0.0014300394,
2.43075,-0.0115856826,
2.431,-0.0304972026,
2.43125,-0.0200808942,
2.4315,-0.0062943487,
2.43175,-0.0213754587,
2.432,0.0042462698,
2.43225,0.0015696045,
2.4325,-0.0000827910,
2.43275,0.0013455747,
2.433,0.0024798806,
2.43325,0.0037354883,
2.4335,0.0014327805,
2.43375,-0.0123716937,
2.434,-0.0057104318,
2.43425,-0.0095303478,
2.4345,0.0010188598,
2.43475,-0.0201959889,
2.435,-0.0102333808,
2.43525,-0.0025433092,
2.4355,-0.0087927580,
2.43575,-0.0237579849,
2.436,-0.0132284537,
2.43625,0.0026315749,
2.4365,-0.0189817511,
2.43675,-0.0168008711,
2.437,0.0072113709,
2.43725,0.0004036665,
2.4375,-0.0219977386,
2.43775,0.0129590202,
2.438,0.0112846680,
2.43825,-0.0189867225,
2.4385,-0.0041567385,
2.43875,0.0178587902,
2.439,-0.0090038832,
2.43925,-0.0158567745,
2.4395,-0.0089780428,
2.43975,-0.0177286677,
2.44,-0.0223873146,
2.44025,-0.0080190767,
2.4405,-0.0041440995,
2.44075,-0.0136780031,
2.441,-0.0190130547,
2.44125,0.0050587072,
2.4415,-0.0224151760,
2.44175,-0.0131611843,
2.442,-0.0018026854,
2.44225,0.0077379816,
2.4425,0.0043778177,
2.44275,0.0053205797,
2.443,0.0118520781,
2.44325,0.0109967329,
2.4435,0.0079717180,
2.44375,-0.0025077737,
2.444,0.0016537965,
2.44425,0.0092364568,
2.4445,-0.0143207908,
2.44475,-0.0061651422,
2.445,-0.0025336281,
2.44525,0.0027000955,
2.4455,-0.0101654250,
2.44575,-0.0128014190,
2.446,0.0100585734,
2.44625,-0.0003455416,
2.4465,0.0033099554,
2.44675,0.0129279913,
2.447,0.0167018920,
2.44725,-0.0011345664,
2.4475,0.0028058616,
2.44775,0.0078571867,
2.448,0.0135393264,
2.44825,-0.0004918577,
2.4485,0.0038186880,
2.44875,0.0131386891,
2.449,-0.0066037891,
2.44925,-0.0006395852,
2.4495,0.0091352463,
2.44975,-0.0065477677,
2.45,-0.0012495549,
2.45025,0.0003673573,
2.4505,-0.0126802735,
2.45075,-0.0277400017,
2.451,-0.0182675458,
2.45125,-0.0079112835,
2.4515,0.0037121996,
2.45175,0.0061519416,
2.452,-0.0009160042,
2.45225,0.0179477111,
2.4525,0.0087011745,
2.45275,0.0080861924,
2.453,0.0158153921,
2.45325,0.0190588199,
2.4535,-0.0064000180,
2.45375,-0.0084805097,
2.454,0.0172574110,
2.45425,0.0004077670,
2.4545,-0.0195788033,
2.45475,-0.0029297618,
2.455,0.0027606986,
2.45525,-0.0102715064,
2.4555,-0.0151249003,
2.45575,-0.0018629229,
2.456,0.0053216610,
2.45625,-0.0063826987,
2.4565,-0.0045696530,
2.45675,0.0115792919,
2.457,0.0025177866,
2.45725,-0.0081120394,
2.4575,0.0030900803,
2.45775,0.0026298761,
2.458,-0.0108244596,
2.45825,-0.0008633499,
2.4585,0.0077811880,
2.45875,-0.0054360889,
2.459,-0.0078582522,
2.45925,-0.0205260850,
2.4595,-0.0074076448,
2.45975,-0.0019131596,
2.46,-0.0113266623,
2.46025,-0.0112477187,
2.4605,-0.0003538685,
2.46075,-0.0044431943,
2.461,-0.0156332981,
2.46125,-0.0186186098,
2.4615,-0.0138276555,
2.46175,-0.0135104340,
2.462,0.0021322633,
2.46225,-0.0013488319,
2.4625,0.0054392833,
2.46275,0.0063668387,
2.463,0.0077246153,
2.46325,0.0064366260,
2.4635,-0.0126412222,
2.46375,-0.0041284296,
2.464,0.0016307231,
2.46425,-0.0195227545,
2.4645,0.0014835594,
2.46475,-0.0095670260,
2.465,0.0086192116,
2.46525,-0.0139695583,
2.4655,-0.0098954160,
2.46575,0.0097113559,
2.466,0.0092190057,
2.46625,-0.0061057159,
2.4665,-0.0049022995,
2.46675,0.0113946740,
2.467,-0.0002824135,
2.46725,-0.0202829037,
2.4675,0.0008987134,
2.46775,0.0106747551,
2.468,-0.0148873739,
2.46825,-0.0055483398,
2.4685,0.0087885410,
2.46875,-0.0065230434,
2.469,-0.0110803684,
2.46925,-0.0046305973,
2.4695,-0.0152644664,
2.46975,-0.0206243992,
2.47,-0.0042283586,
2.47025,-0.0105013736,
2.4705,-0.0259241741,
2.47075,-0.0157971364,
2.471,-0.0086115403,
2.47125,0.0044327443,
2.4715,-0.0077217002,
2.47175,-0.0023510032,
2.472,0.0099919531,
2.47225,-0.0010033008,
2.4725,0.0091591934,
2.47275,0.0105555551,
2.473,0.0009235770,
2.47325,0.0014619484,
2.4735,0.0004610138,
2.47375,-0.0041844081,
2.474,0.0014719148,
2.47425,-0.0087132128,
2.4745,-0.0076201586,
2.47475,0.0138048138,
2.475,0.0031886462,
2.47525,-0.0148490677,
2.4755,-0.0082644364,
2.47575,0.0130192209,
2.476,0.0010096671,
2.47625,-0.0135260671,
2.4765,0.0151698673,
2.47675,0.0144843161,
2.477,-0.0090554394,
2.47725,0.0083212247,
2.4775,0.0170413721,
2.47775,0.0072204499,
2.478,0.0001565088,
2.47825,0.0125263641,
2.4785,0.0069632493,
2.47875,-0.0201727357,
2.479,-0.0031046192,
2.47925,0.0149236424,
2.4795,-0.0018701318,
2.47975,-0.0027644914,
2.48,0.0026626736,
2.48025,-0.0060104672,
2.4805,-0.0030481208,
2.48075,-0.0179912131,
2.481,0.0052611805,
2.48125,-0.0050496152,
2.4815,0.0022308098,
2.48175,0.0160871558,
2.482,0.0030346783,
2.48225,0.0190151595,
2.4825,0.0166737344,
2.48275,0.0110444846,
2.483,0.0176750571,
2.48325,0.0065090093,
2.4835,0.0097798165,
2.48375,0.0019298701,
2.484,0.0079873847,
2.48425,0.0092280628,
2.4845,0.0006938470,
2.48475,0.0166920498,
2.485,-0.0010496228,
2.48525,-0.0032447828,
2.4855,0.0152639095,
2.48575,0.0216100384,
2.486,0.0005960409,
2.48625,0.0110783912,
2.4865,0.0189802013,
2.48675,0.0193266477,
2.487,-0.0004041710,
2.48725,0.0205681771,
2.4875,0.0220903195,
2.48775,0.0012822063,
2.488,0.0098522091,
2.48825,0.0186234489,
2.4885,0.0049018869,
2.48875,0.0064340811,
2.489,-0.0099470168,
2.48925,0.0063923066,
2.4895,-0.0035403818,
2.48975,0.0085980939,
2.49,-0.0003297255,
2.49025,-0.0036713111,
2.4905,-0.0005828037,
2.49075,0.0082346406,
2.491,0.0114344163,
2.49125,0.0051913853,
2.4915,0.0061898902,
2.49175,0.0123334080,
2.492,0.0230976921,
2.49225,-0.0000372814,
2.4925,0.0132178087,
2.49275,0.0181783251,
2.493,0.0172340460,
2.49325,0.0072419918,
2.4935,0.0080538224,
2.49375,0.0105518941,
2.494,0.0003366725,
2.49425,0.0056712758,
2.4945,0.0199579168,
2.49475,-0.0038921000,
2.495,-0.0050293510,
2.49525,0.0088491756,
2.4955,0.0191909727,
2.49575,0.0121642146,
2.496,0.0048180642,
2.49625,0.0249410532,
2.4965,0.0172059759,
2.49675,0.0050657233,
2.497,0.0178932827,
2.49725,0.0119397743,
2.4975,0.0165550075,
2.49775,0.0080669848,
2.498,0.0011935056,
2.49825,0.0043160007,
2.4985,-0.0093674418,
2.49875,-0.0072498955,
2.499,0.0167610701,
2.49925,0.0069666039,
2.4995,-0.0011659891,
2.49975,-0.0019803979,
2.5,-0.0108717214,
2.50025,-0.0041677789,
2.5005,-0.0183346290,
2.50075,0.0019304333,
2.501,0.0121623827,
2.50125,0.0040737535,
2.5015,-0.0021344398,
2.50175,0.0174747836,
2.502,0.0078510083,
2.50225,0.0041035581,
2.5025,0.0080964295,
2.50275,0.0176155977,
2.503,0.0005453606,
2.50325,0.0055268868,
2.5035,-0.0030409603,
2.50375,0.0054976083,
2.504,-0.0084888078,
2.50425,0.0053878045,
2.5045,0.0073439018,
2.50475,-0.0015506761,
2.505,-0.0057172673,
2.50525,0.0048415596,
2.5055,0.0107445233,
2.50575,0.0102447076,
2.506,0.0011451759,
2.50625,0.0149929300,
2.5065,0.0123874610,
2.50675,-0.0057644639,
2.507,0.0010942204,
2.50725,0.0196144152,
2.5075,0.0038332785,
2.50775,-0.0112948613,
2.508,0.0098051792,
2.50825,0.0045644087,
2.5085,-0.0087183211,
2.50875,-0.0057511027,
2.509,0.0144143347,
2.50925,-0.0027635077,
2.5095,-0.0024120179,
2.50975,-0.0096275527,
2.51,-0.0076149777,
2.51025,-0.0248410143,
2.5105,0.0035818997,
2.51075,0.0044323616,
2.511,0.0003876019,
2.51125,0.0021513333,
2.5115,0.0078703575,
2.51175,0.0014914281,
2.512,0.0040650475,
2.51225,0.0051306146,
2.5125,0.0047113532,
2.51275,0.0064388514,
2.513,0.0053336965,
2.51325,-0.0022326687,
2.5135,-0.0016305929,
2.51375,0.0096714022,
2.514,0.0000167707,
2.51425,-0.0025218078,
2.5145,0.0033003050,
2.51475,-0.0035068379,
2.515,-0.0098977936,
2.51525,0.0184985735,
2.5155,0.0144323623,
2.51575,-0.0033727463,
2.516,0.0089461394,
2.51625,0.0147767439,
2.5165,-0.0052882829,
2.51675,-0.0044725775,
2.517,0.0135559570,
2.51725,0.0134586124,
2.5175,-0.0108412635,
2.51775,0.0062968652,
2.518,0.0010778790,
2.51825,-0.0171728600,
2.5185,-0.0048640799,
2.51875,0.0180818532,
2.519,-0.0004735595,
2.51925,-0.0162773002,
2.5195,-0.0081433086,
2.51975,-0.0057224799,
2.52,-0.0215783454,
2.52025,-0.0169537067,
2.5205,0.0062549412,
2.52075,0.0061253486,
2.521,-0.0021429723,
2.52125,0.0049167164,
2.5215,0.0133741144,
2.52175,0.0020065829,
2.522,-0.0028206294,
2.52225,0.0068277069,
2.5225,0.0021017338,
2.52275,0.0055187810,
2.523,-0.0049146246,
2.52325,-0.0140241524,
2.5235,0.0136818495,
2.52375,-0.0055632503,
2.524,0.0056940410,
2.52425,0.0055475729,
2.5245,0.0053713759,
2.52475,-0.0069238520,
2.525,-0.0026863576,
2.52525,0.0102757299,
2.5255,0.0077220481,
2.52575,-0.0043644416,
2.526,0.0099913040,
2.52625,0.0047258837,
2.5265,0.0016305516,
2.52675,0.0003356826,
2.527,0.0164550804,
2.52725,0.0103828069,
2.5275,-0.0008833827,
2.52775,0.0025248153,
2.528,0.0018666757,
2.52825,-0.0076513789,
2.5285,0.0022292132,
2.52875,-0.0016502473,
2.529,-0.0014726496,
2.52925,-0.0080158329,
2.5295,-0.0070863082,
2.52975,-0.0159298535,
2.53,-0.0204763282,
2.53025,-0.0045350571,
2.5305,0.0141990203,
2.53075,0.0069069951,
2.531,0.0029844865,
2.53125,0.0035322153,
2.5315,0.0018493716,
2.53175,0.0126949437,
2.532,-0.0107299425,
2.53225,0.0073636798,
2.5325,0.0079442943,
2.53275,0.0013559272,
2.533,-0.0002623162,
2.53325,0.0139472177,
2.5335,-0.0038695647,
2.53375,-0.0095693432,
2.534,0.0008233289,
2.53425,0.0081403265,
2.5345,-0.0096265860,
2.53475,-0.0103966994,
2.535,0.0135259423,
2.53525,-0.0052745510,
2.5355,-0.0010263498,
2.53575,0.0050831051,
2.536,0.0052480018,
2.53625,0.0111967158,
2.5365,-0.0047196280,
2.53675,0.0137650138,
2.537,0.0062082130,
2.53725,-0.0024077608,
2.5375,0.0088051632,
2.53775,-0.0190386809,
2.538,-0.0080226911,
2.53825,0.0014392491,
2.5385,-0.0050762058,
2.53875,-0.0057517169,
2.539,-0.0151476283,
2.53925,-0.0115532298,
2.5395,-0.0047254427,
2.53975,-0.0173357371,
2.54,-0.0179527905,
2.54025,-0.0007599430,
2.5405,0.0020227770,
2.54075,0.0008860425,
2.541,-0.0067487564,
2.54125,-0.0011005122,
2.5415,-0.0015246897,
2.54175,-0.0177289117,
2.542,-0.0034829390,
2.54225,-0.0079332609,
2.5425,0.0011313426,
2.54275,-0.0159185678,
2.543,-0.0118329041,
2.54325,0.0005111742,
2.5435,-0.0150748612,
2.54375,-0.0064578424,
2.544,-0.0151871815,
2.54425,-0.0083427392,
2.5445,-0.0178614222,
2.54475,-0.0135757029,
2.545,0.0020101476,
2.54525,0.0011415381,
2.5455,-0.0121588493,
2.54575,0.0001855494,
2.546,0.0019661726,
2.54625,-0.0047254637,
2.5465,-0.0098460726,
2.54675,0.0056526479,
2.547,0.0051149162,
2.54725,-0.0138845537,
2.5475,-0.0185244754,
2.54775,-0.0032988661,
2.548,-0.0140063297,
2.54825,-0.0136901531,
2.5485,-0.0027015258,
2.54875,-0.0049516978,
2.549,-0.0212193280,
2.54925,-0.0099118818,
2.5495,-0.0184255484,
2.54975,-0.0168539323,
2.55,-0.0026862822,
2.55025,0.0097271455,
2.5505,-0.0035363494,
2.55075,0.0008849278,
2.551,-0.0050154212,
2.55125,0.0050297561,
2.5515,-0.0064581912,
2.55175,-0.0029821168,
2.552,-0.0048315199,
2.55225,-0.0020272397,
2.5525,-0.0000609601,
2.55275,-0.0092015648,
2.553,-0.0142102186,
2.55325,-0.0067446544,
2.5535,-0.0070674792,
2.55375,-0.0258944947,
2.554,0.0027130363,
2.55425,-0.0058859657,
2.5545,-0.0127555002,
2.55475,-0.0061750477,
2.555,0.0031083687,
2.55525,0.0031943596,
2.5555,-0.0129283238,
2.55575,0.0105771935,
2.556,0.0095800357,
2.55625,-0.0206346996,
2.5565,0.0032555675,
2.55675,0.0085006058,
2.557,-0.0074500707,
2.55725,-0.0127400970,
2.5575,-0.0137311425,
2.55775,-0.0011976369,
2.558,-0.0031806531,
2.55825,0.0051809666,
2.5585,0.0015655835,
2.55875,-0.0150417434,
2.559,-0.0000354017,
2.55925,-0.0032565058,
2.5595,-0.0184531584,
2.55975,-0.0168487877,
2.56,0.0032983376,
2.56025,0.0021864981,
2.5605,-0.0029724501,
2.56075,-0.0017059234,
2.561,0.0000109764,
2.56125,-0.0060189636,
2.5615,0.0024621333,
2.56175,-0.0004844640,
2.562,-0.0055174115,
2.56225,0.0092175081,
2.5625,-0.0062785833,
2.56275,-0.0027274773,
2.563,0.0025026940,
2.56325,-0.0038770065,
2.5635,-0.0118874675,
2.56375,-0.0097463001,
2.564,-0.0030767075,
2.56425,-0.0050584907,
2.5645,-0.0094371000,
2.56475,0.0092457728,
2.565,0.0187282562,
2.56525,-0.0024165327,
2.5655,0.0032449830,
2.56575,0.0078208223,
2.566,-0.0008621384,
2.56625,-0.0022935553,
2.5665,0.0095751649,
2.56675,0.0168371033,
2.567,-0.0047466336,
2.56725,-0.0101523604,
2.5675,0.0037854773,
2.56775,0.0012666290,
2.568,-0.0098819276,
2.56825,0.0045084460,
2.5685,-0.0029044989,
2.56875,-0.0080957199,
2.569,-0.0258107446,
2.56925,-0.0166114960,
2.5695,0.0058109867,
2.56975,-0.0026536123,
2.57,0.0036024405,
2.57025,0.0140163386,
2.5705,0.0066685188,
2.57075,0.0005576175,
2.571,0.0226456262,
2.57125,0.0112745985,
2.5715,-0.0028011487,
2.57175,-0.0016720793,
2.572,0.0119073223,
2.57225,-0.0052708453,
2.5725,-0.0098723490,
2.57275,-0.0126488982,
2.573,0.0089265741,
2.57325,-0.0184887927,
2.5735,-0.0074054832,
2.57375,0.0068997396,
2.574,0.0057804030,
2.57425,-0.0049250862,
2.5745,0.0014695607,
2.57475,0.0160722025,
2.575,0.0057287817,
2.57525,0.0057587498,
2.5755,0.0065041808,
2.57575,0.0016812701,
2.576,0.0051804502,
2.57625,0.0079456475,
2.5765,0.0087478533,
2.57675,0.0181201268,
2.577,-0.0137610342,
2.57725,-0.0191531070,
2.5775,0.0137386154,
2.57775,0.0074163382,
2.578,-0.0013585140,
2.57825,-0.0066360626,
2.5785,0.0005219374,
2.57875,-0.0088703046,
2.579,-0.0105528962,
2.57925,-0.0083926003,
2.5795,-0.0064098737,
2.57975,0.0009684159,
2.58,0.0097331163,
2.58025,0.0094844531,
2.5805,-0.0044279955,
2.58075,0.0016416305,
2.581,0.0042539956,
2.58125,0.0078445468,
2.5815,-0.0256903935,
2.58175,0.0020119413,
2.582,0.0006542110,
2.58225,-0.0168309808,
2.5825,-0.0070996005,
2.58275,0.0011050659,
2.583,-0.0014627278,
2.58325,-0.0095672961,
2.5835,-0.0090336492,
2.58375,0.0013325016,
2.584,-0.0015166816,
2.58425,-0.0092402613,
2.5845,0.0007550023,
2.58475,0.0091037415,
2.585,0.0046894988,
2.58525,-0.0106796725,
2.5855,0.0116951587,
2.58575,0.0081264246,
2.586,-0.0037642780,
2.58625,0.0043036249,
2.5865,0.0106374137,
2.58675,-0.0056483503,
2.587,-0.0165866185,
2.58725,0.0065290411,
2.5875,0.0088144317,
2.58775,-0.0175940022,
2.588,-0.0012973738,
2.58825,0.0034931747,
2.5885,-0.0063897185,
2.58875,-0.0222476106,
2.589,0.0046890853,
2.58925,-0.0070563601,
2.5895,-0.0025602542,
2.58975,0.0019668799,
2.59,0.0031224138,
2.59025,-0.0031116381,
2.5905,0.0048631611,
2.59075,0.0035002118,
2.591,-0.0020769923,
2.59125,-0.0016968269,
2.5915,-0.0051911119,
2.59175,-0.0010804173,
2.592,-0.0002263590,
2.59225,-0.0025842651,
2.5925,-0.0227293558,
2.59275,0.0149152968,
2.593,-0.0109898215,
2.59325,-0.0073708636,
2.5935,-0.0043913820,
2.59375,0.0139749534,
2.594,-0.0009691779,
2.59425,-0.0121069048,
2.5945,0.0192906596,
2.59475,0.0152664464,
2.595,-0.0081453770,
2.59525,0.0090408539,
2.5955,0.0212171338,
2.59575,0.0013688775,
2.596,0.0045194961,
2.59625,0.0212328769,
2.5965,0.0117735267,
2.59675,-0.0093396725,
2.597,-0.0097498186,
2.59725,0.0190434437,
2.5975,-0.0112849511,
2.59775,-0.0076273717,
2.598,0.0015650871,
2.59825,-0.0022914927,
2.5985,-0.0098814545,
2.59875,-0.0057102637,
2.599,-0.0016752272,
2.59925,-0.0062845326,
2.5995,0.0086439075,
2.59975,0.0064325710,
2.6,0.0048886123,
2.60025,0.0088996710,
2.6005,0.0115719670,
2.60075,0.0147708692,
2.601,0.0185280573,
2.60125,-0.0029349199,
2.6015,0.0122034587,
2.60175,0.0048760581,
2.602,-0.0025286104,
2.60225,-0.0053258822,
2.6025,0.0037597483,
2.60275,-0.0004119390,
2.603,0.0067320457,
2.60325,-0.0137441000,
2.6035,0.0052090064,
2.60375,0.0125844078,
2.604,-0.0003672555,
2.60425,0.0059889760,
2.6045,0.0223239716,
2.60475,0.0143060079,
2.605,-0.0028824452,
2.60525,0.0177956633,
2.6055,0.0163279455,
2.60575,0.0028326220,
2.606,0.0111296447,
2.60625,0.0160972290,
2.6065,-0.0038834696,
2.60675,-0.0085972445,
2.607,0.0136489524,
2.60725,0.0108702993,
2.6075,-0.0033285273,
2.60775,0.0075587654,
2.608,0.0073631858,
2.60825,0.0058222460,
2.6085,-0.0287124552,
2.60875,0.0057970686,
2.609,0.0057721213,
2.60925,0.0048722713,
2.6095,0.0020322620,
2.60975,0.0113839172,
2.61,0.0100985300,
2.61025,0.0016977675,
2.6105,0.0084040631,
2.61075,0.0122690499,
2.611,0.0064342273,
2.61125,-0.0026567280,
2.6115,0.0102313738,
2.61175,0.0146340868,
2.612,-0.0098370379,
2.61225,-0.0023158260,
2.6125,0.0187337361,
2.61275,-0.0043345578,
2.613,-0.0049801394,
2.61325,0.0018070847,
2.6135,0.0118297525,
2.61375,0.0005854785,
2.614,0.0089478148,
2.61425,0.0177798755,
2.6145,0.0192623939,
2.61475,0.0027495823,
2.615,0.0069049164,
2.61525,0.0187779404,
2.6155,0.0067998283,
2.61575,0.0009334110,
2.616,0.0175264534,
2.61625,0.0071815914,
2.6165,-0.0088428557,
2.61675,-0.0026579646,
2.617,0.0049989596,
2.61725,-0.0096218018,
2.6175,-0.0096823173,
2.61775,-0.0030027155,
2.618,0.0040178089,
2.61825,-0.0121879727,
2.6185,-0.0018514663,
2.61875,-0.0029730760,
2.619,0.0034249483,
2.61925,0.0012944870,
2.6195,-0.0093329847,
2.61975,0.0200439822,
2.62,0.0153167564,
2.62025,-0.0003718511,
2.6205,0.0152942063,
2.62075,0.0045201220,
2.621,-0.0042402265,
2.62125,0.0014230387,
2.6215,0.0024021398,
2.62175,-0.0075162696,
2.622,-0.0195697509,
2.62225,0.0072687818,
2.6225,-0.0052202372,
2.62275,-0.0045061000,
2.623,-0.0151958233,
2.62325,0.0008414073,
2.6235,0.0053631961,
2.62375,0.0010218668,
2.624,0.0007678538,
2.62425,0.0175549444,
2.6245,0.0065778382,
2.62475,-0.0049751108,
2.625,0.0079941582,
2.62525,0.0148510197,
2.6255,0.0037986494,
2.62575,-0.0036601117,
2.626,0.0104155522,
2.62625,-0.0107183829,
2.6265,-0.0117708948,
2.62675,0.0108289402,
2.627,-0.0015701294,
2.62725,-0.0190434717,
2.6275,-0.0054188678,
2.62775,-0.0076658232,
2.628,-0.0217285547,
2.62825,-0.0358503759,
2.6285,-0.0008218645,
2.62875,0.0003759502,
2.629,0.0005975151,
2.62925,0.0012760139,
2.6295,0.0155331483,
2.62975,-0.0153813986,
2.63,-0.0007712014,
2.63025,0.0025016647,
2.6305,-0.0016192747,
2.63075,-0.0063556065,
2.631,-0.0082556540,
2.63125,-0.0020858247,
2.6315,0.0035290774,
2.63175,-0.0096349241,
2.632,-0.0076771672,
2.63225,-0.0049787089,
2.6325,0.0090685440,
2.63275,-0.0089798365,
2.633,-0.0145392539,
2.63325,0.0092739696,
2.6335,-0.0006458352,
2.63375,-0.0105168279,
2.634,0.0061623780,
2.63425,0.0161625668,
2.6345,-0.0077706394,
2.63475,-0.0072719813,
2.635,0.0192814469,
2.63525,-0.0000452347,
2.6355,-0.0141078252,
2.63575,0.0185735077,
2.636,0.0011698538,
2.63625,-0.0218970440,
2.6365,-0.0130846249,
2.63675,0.0003295110,
2.637,-0.0118275462,
2.63725,-0.0194588751,
2.6375,-0.0007939380,
2.63775,-0.0017778657,
2.638,-0.0192992296,
2.63825,-0.0040220167,
2.6385,-0.0077726264,
2.63875,-0.0001415850,
2.639,-0.0158533584,
2.63925,-0.0004189479,
2.6395,0.0076962537,
2.63975,0.0028728021,
2.64,-0.0039884550,
2.64025,0.0052333381,
2.6405,-0.0118059060,
2.64075,-0.0036923110,
2.641,0.0003394356,
2.64125,-0.0103431093,
2.6415,-0.0067026159,
2.64175,-0.0020826417,
2.642,0.0022363490,
2.64225,0.0094637070,
2.6425,0.0018040302,
2.64275,-0.0188833252,
2.643,-0.0009525547,
2.64325,0.0123972595,
2.6435,0.0046081143,
2.64375,-0.0052076210,
2.644,0.0186800007,
2.64425,0.0083521958,
2.6445,-0.0002121064,
2.64475,0.0076257503,
2.645,0.0234467704,
2.64525,0.0040928000,
2.6455,0.0006180233,
2.64575,0.0100843161,
2.646,-0.0081178090,
2.64625,-0.0031811385,
2.6465,0.0012066177,
2.64675,-0.0096755084,
2.647,-0.0129714273,
2.64725,-0.0181941763,
2.6475,0.0009486742,
2.64775,-0.0129850870,
2.648,-0.0108329812,
2.64825,-0.0038539865,
2.6485,0.0127130197,
2.64875,0.0062107714,
2.649,0.0021027266,
2.64925,0.0067300624,
2.6495,-0.0066384850,
2.64975,0.0004951546,
2.65,0.0009879131,
2.65025,0.0075725885,
2.6505,0.0063109421,
2.65075,-0.0015110499,
2.651,0.0079324832,
2.65125,0.0156454630,
2.6515,-0.0157750603,
2.65175,-0.0015092159,
2.652,0.0123094032,
2.65225,0.0115681449,
2.6525,-0.0094992658,
2.65275,-0.0044452138,
2.653,0.0097848112,
2.65325,0.0077558188,
2.6535,-0.0053939158,
2.65375,0.0128045818,
2.654,0.0083703166,
2.65425,0.0076368055,
2.6545,0.0039227628,
2.65475,0.0102198068,
2.655,0.0098370072,
2.65525,0.0027894324,
2.6555,0.0114183230,
2.65575,-0.0129995290,
2.656,-0.0177739561,
2.65625,-0.0062161712,
2.6565,-0.0061036535,
2.65675,0.0033511883,
2.657,-0.0030173892,
2.65725,-0.0046696239,
2.6575,-0.0073284428,
2.65775,-0.0037003653,
2.658,-0.0204816572,
2.65825,-0.0086405976,
2.6585,0.0010346133,
2.65875,-0.0155562581,
2.659,-0.0042103762,
2.65925,-0.0006848742,
2.6595,0.0032627913,
2.65975,-0.0109097399,
2.66,0.0045006503,
2.66025,-0.0044879634,
2.6605,0.0016038800,
2.66075,-0.0068612834,
2.661,-0.0061382824,
2.66125,-0.0121592321,
2.6615,0.0017742424,
2.66175,-0.0122252554,
2.662,-0.0007915653,
2.66225,-0.0084965685,
2.6625,-0.0221364927,
2.66275,0.0009481799,
2.663,0.0040168785,
2.66325,-0.0023048522,
2.6635,-0.0055720150,
2.66375,0.0081559261,
2.664,0.0152950082,
2.66425,-0.0075621009,
2.6645,0.0014882998,
2.66475,0.0068408255,
2.665,-0.0030315216,
2.66525,-0.0113833845,
2.6655,-0.0103455652,
2.66575,-0.0096364496,
2.666,-0.0115140211,
2.66625,-0.0216760039,
2.6665,-0.0122687733,
2.66675,-0.0116284732,
2.667,-0.0191736072,
2.66725,-0.0035474973,
2.6675,-0.0263733622,
2.66775,-0.0174180064,
2.668,-0.0131111033,
2.66825,0.0026628447,
2.6685,-0.0081629707,
2.66875,-0.0032870462,
2.669,-0.0002214718,
2.66925,0.0018183560,
2.6695,-0.0055189831,
2.66975,0.0034486072,
2.67,0.0012060700,
2.67025,-0.0082109105,
2.6705,-0.0002570820,
2.67075,-0.0013277306,
2.671,-0.0192715824,
2.67125,-0.0111106578,
2.6715,-0.0091288397,
2.67175,-0.0069053513,
2.672,0.0084832739,
2.67225,-0.0073181936,
2.6725,-0.0159770232,
2.67275,0.0022851119,
2.673,0.0138723645,
2.67325,-0.0075398474,
2.6735,-0.0004731519,
2.67375,0.0185532756,
2.674,0.0025042323,
2.67425,-0.0146804750,
2.6745,0.0114472192,
2.67475,0.0096171359,
2.675,0.0022220968,
2.67525,-0.0069385860,
2.6755,-0.0066980948,
2.67575,-0.0060173506,
2.676,-0.0153777394,
2.67625,0.0108842105,
2.6765,0.0100974282,
2.67675,-0.0128588630,
2.677,0.0027640131,
2.67725,-0.0188469440,
2.6775,-0.0145796519,
2.67775,-0.0235815421,
2.678,0.0010560935,
2.67825,0.0020866557,
2.6785,-0.0042508468,
2.67875,0.0038926168,
2.679,0.0033017355,
2.67925,0.0078764018,
2.6795,0.0081488518,
2.67975,0.0032307256,
2.68,0.0120695410,
2.68025,0.0056932047,
2.6805,0.0033963514,
2.68075,-0.0031344448,
2.681,-0.0017630635,
2.68125,0.0100550381,
2.6815,-0.0121961590,
2.68175,0.0156596322,
2.682,0.0040625487,
2.68225,0.0019038905,
2.6825,-0.0033299346,
2.68275,0.0170958936,
2.683,0.0076210215,
2.68325,0.0094540231,
2.6835,0.0145195341,
2.68375,0.0205412582,
2.684,0.0031263968,
2.68425,0.0055796346,
2.6845,0.0145458383,
2.68475,0.0195266288,
2.685,-0.0020802405,
2.68525,0.0001667786,
2.6855,-0.0030362979,
2.68575,0.0073311846,
2.686,-0.0138342660,
2.68625,0.0116946623,
2.6865,0.0105189551,
2.68675,0.0036908549,
2.687,-0.0167119876,
2.68725,-0.0092380894,
2.6875,-0.0129896319,
2.68775,-0.0064783134,
2.688,0.0153752416,
2.68825,0.0125388894,
2.6885,0.0133959614,
2.68875,-0.0008187449,
2.689,0.0221292004,
2.68925,0.0119157955,
2.6895,0.0011388089,
2.68975,0.0058548991,
2.69,0.0097777704,
2.69025,0.0084089730,
2.6905,-0.0006186063,
2.69075,0.0014148814,
2.691,0.0145402905,
2.69125,-0.0022339760,
2.6915,0.0142805921,
2.69175,0.0105218636,
2.692,-0.0045900759,
2.69225,0.0036486518,
2.6925,0.0027213902,
2.69275,0.0084966850,
2.693,0.0014110073,
2.69325,0.0023355882,
2.6935,0.0189833269,
2.69375,0.0036413590,
2.694,0.0053315330,
2.69425,0.0134355463,
2.6945,0.0183796268,
2.69475,0.0060289521,
2.695,-0.0076782801,
2.69525,0.0001168909,
2.6955,-0.0020269947,
2.69575,-0.0081326663,
2.696,0.0058654621,
2.69625,-0.0051973388,
2.6965,-0.0111790579,
2.69675,-0.0093632005,
2.697,-0.0195604917,
2.69725,-0.0027773425,
2.6975,-0.0247881673,
2.69775,-0.0036787733,
2.698,0.0060539222,
2.69825,0.0023268687,
2.6985,-0.0049911463,
2.69875,0.0065893033,
2.699,0.0147198336,
2.69925,0.0098472200,
2.6995,-0.0073011145,
2.69975,0.0172085166,
2.7,0.0115886312,
2.70025,0.0032675851,
2.7005,-0.0083031300,
2.70075,0.0147882486,
2.701,-0.0007184563,
2.70125,-0.0063849338,
2.7015,0.0035745678,
2.70175,0.0002468402,
2.702,-0.0005894890,
2.70225,-0.0080673378,
2.7025,0.0095525272,
2.70275,0.0130301137,
2.703,0.0084166564,
2.70325,0.0104500335,
2.7035,0.0150818657,
2.70375,0.0072506759,
2.704,-0.0024803942,
2.70425,0.0115651721,
2.7045,0.0149167608,
2.70475,-0.0076253251,
2.705,-0.0096004810,
2.70525,0.0005548808,
2.7055,-0.0022368596,
2.70575,-0.0184468273,
2.706,0.0107084215,
2.70625,0.0055129407,
2.7065,-0.0060001393,
2.70675,-0.0081706773,
2.707,-0.0086416556,
2.70725,-0.0249441862,
2.7075,-0.0034131128,
2.70775,0.0119667388,
2.708,0.0105166333,
2.70825,0.0016668689,
2.7085,0.0037780113,
2.70875,0.0071965787,
2.709,0.0060469685,
2.70925,-0.0016299890,
2.7095,-0.0026706371,
2.70975,0.0050793746,
2.71,0.0127011621,
2.71025,-0.0013178375,
2.7105,-0.0069994438,
2.71075,0.0131202955,
2.711,0.0002715756,
2.71125,-0.0052030594,
2.7115,-0.0038302774,
2.71175,0.0157471411,
2.712,-0.0135488994,
2.71225,-0.0053686094,
2.7125,0.0146399923,
2.71275,0.0089542428,
2.713,-0.0022772700,
2.71325,0.0130278235,
2.7135,0.0234309435,
2.71375,-0.0031878005,
2.714,0.0051442762,
2.71425,0.0294168331,
2.7145,-0.0072922609,
2.71475,-0.0091391290,
2.715,0.0080512082,
2.71525,-0.0080256239,
2.7155,-0.0109944632,
2.71575,0.0049651442,
2.716,-0.0052311546,
2.71625,-0.0168261658,
2.7165,-0.0193069708,
2.71675,0.0132701257,
2.717,0.0000226183,
2.71725,-0.0250660833,
2.7175,0.0098389369,
2.71775,0.0100939292,
2.718,0.0046909782,
2.71825,-0.0014297154,
2.7185,0.0149936005,
2.71875,0.0167311393,
2.719,0.0024015415,
2.71925,0.0035504820,
2.7195,0.0125624165,
2.71975,0.0049057892,
2.72,0.0122333979,
2.72025,-0.0151573438,
2.7205,0.0130843986,
2.72075,-0.0022699037,
2.721,0.0009412115,
2.72125,-0.0064888760,
2.7215,0.0019626105,
2.72175,0.0001816025,
2.722,-0.0043658810,
2.72225,0.0136168012,
2.7225,0.0168294199,
2.72275,0.0053236564,
2.723,-0.0017944806,
2.72325,0.0205194801,
2.7235,0.0069924546,
2.72375,-0.0014508127,
2.724,0.0130392462,
2.72425,0.0054431343,
2.7245,0.0019527111,
2.72475,-0.0112393443,
2.725,0.0033125477,
2.72525,0.0063362620,
2.7255,-0.0143442200,
2.72575,0.0096093435,
2.726,0.0024684242,
2.72625,-0.0132468920,
2.7265,-0.0154100498,
2.72675,-0.0183204319,
2.727,-0.0147463214,
2.72725,-0.0008110501,
2.7275,-0.0016894458,
2.72775,0.0145989582,
2.728,-0.0015334692,
2.72825,0.0036064906,
2.7285,0.0137878992,
2.72875,0.0134372748,
2.729,-0.0012910506,
2.72925,-0.0051754522,
2.7295,0.0106215999,
2.72975,0.0100339660,
2.73,-0.0165367983,
2.73025,0.0008404898,
2.7305,0.0019390460,
2.73075,-0.0009350615,
2.731,-0.0120448964,
2.73125,-0.0093086632,
2.7315,0.0096218511,
2.73175,-0.0131642334,
2.732,-0.0030182374,
2.73225,0.0004786873,
2.7325,0.0018808309,
2.73275,-0.0005365346,
2.733,0.0044893641,
2.73325,0.0098020406,
2.7335,0.0000519263,
2.73375,-0.0047839051,
2.734,0.0126271592,
2.73425,0.0006681074,
2.7345,-0.0020410572,
2.73475,-0.0145224296,
2.735,-0.0225907397,
2.73525,-0.0012689665,
2.7355,-0.0073150494,
2.73575,-0.0178802311,
2.736,-0.0067943376,
2.73625,-0.0167508032,
2.7365,-0.0070811952,
2.73675,-0.0094826659,
2.737,-0.0207504462,
2.73725,-0.0012893188,
2.7375,-0.0021399437,
2.73775,0.0136342971,
2.738,-0.0038935877,
2.73825,-0.0073141558,
2.7385,0.0119956443,
2.73875,-0.0038646199,
2.739,-0.0032485379,
2.73925,-0.0047795689,
2.7395,0.0094389236,
2.73975,-0.0082616862,
2.74,-0.0171930604,
2.74025,0.0067090048,
2.7405,-0.0037459177,
2.74075,-0.0062269820,
2.741,-0.0189318117,
2.74125,-0.0032421898,
2.7415,-0.0117595922,
2.74175,-0.0052946578,
2.742,-0.0033981132,
2.74225,0.0113329049,
2.7425,-0.0008309552,
2.74275,-0.0055616954,
2.743,0.0056341123,
2.74325,0.0002901325,
2.7435,0.0000815516,
2.74375,-0.0017392413,
2.744,0.0029012954,
2.74425,0.0018412214,
2.7445,-0.0246516783,
2.74475,-0.0003549659,
2.745,-0.0049796952,
2.74525,-0.0196136255,
2.7455,-0.0013191993,
2.74575,-0.0174308177,
2.746,-0.0222071260,
2.74625,-0.0281671453,
2.7465,-0.0231080148,
2.74675,0.0065689823,
2.747,-0.0065486277,
2.74725,0.0015192295,
2.7475,0.0045481911,
2.74775,-0.0047661578,
2.748,-0.0012415868,
2.74825,0.0076773958,
2.7485,-0.0032361038,
2.74875,0.0032755621,
2.749,-0.0134674050,
2.74925,0.0022824926,
2.7495,0.0078741936,
2.74975,-0.0097278580,
2.75,-0.0097534498,
2.75025,-0.0007695123,
2.7505,0.0099623390,
2.75075,-0.0256693158,
2.751,-0.0214552619,
2.75125,0.0064163040,
2.7515,-0.0046002208,
2.75175,-0.0170210768,
2.752,0.0026242875,
2.75225,0.0187111516,
2.7525,-0.0080877598,
2.75275,0.0020854510,
2.753,0.0242333412,
2.75325,0.0014308968,
2.7535,-0.0068701240,
2.75375,0.0230512694,
2.754,0.0062814262,
2.75425,-0.0126732159,
2.7545,-0.0185107160,
2.75475,-0.0056202291,
2.755,-0.0026872260,
2.75525,-0.0080451015,
2.7555,0.0003011659,
2.75575,0.0011553142,
2.756,-0.0134322681,
2.75625,0.0007877749,
2.7565,-0.0153284008,
2.75675,-0.0201508068,
2.757,0.0039297924,
2.75725,0.0071822684,
2.7575,0.0053351400,
2.75775,0.0007807973,
2.758,0.0121410973,
2.75825,0.0066530565,
2.7585,0.0041823499,
2.75875,-0.0018811239,
2.759,-0.0057804557,
2.75925,0.0115886815,
2.7595,-0.0074584079,
2.75975,-0.0030467098,
2.76,-0.0008896450,
2.76025,0.0009057141,
2.7605,-0.0034624119,
2.76075,-0.0159933735,
2.761,-0.0027134793,
2.76125,0.0026900272,
2.7615,0.0014081113,
2.76175,-0.0080413641,
2.762,0.0160983764,
2.76225,0.0067308033,
2.7625,-0.0005994324,
2.76275,0.0011691825,
2.763,0.0135978479,
2.76325,-0.0053118360,
2.7635,-0.0084917070,
2.76375,0.0164397303,
2.764,0.0039126980,
2.76425,-0.0211927705,
2.7645,-0.0005303443,
2.76475,-0.0049526766,
2.765,-0.0045693927,
2.76525,-0.0064243171,
2.7655,-0.0052357838,
2.76575,-0.0008434858,
2.766,-0.0079213465,
2.76625,-0.0047083674,
2.7665,0.0098243095,
2.76675,0.0054192445,
2.767,-0.0076607377,
2.76725,0.0007680015,
2.7675,0.0085182441,
2.76775,-0.0036514658,
2.768,0.0037595662,
2.76825,0.0108596943,
2.7685,-0.0026956012,
2.76875,-0.0044484902,
2.769,0.0141289355,
2.76925,0.0041053747,
2.7695,0.0009608110,
2.76975,-0.0129012577,
2.77,0.0097928662,
2.77025,0.0025821431,
2.7705,-0.0167154260,
2.77075,-0.0028033108,
2.771,0.0120946523,
2.77125,-0.0051008612,
2.7715,-0.0053561549,
2.77175,0.0069937943,
2.772,0.0165402573,
2.77225,0.0010405291,
2.7725,0.0042312518,
2.77275,0.0173384305,
2.773,0.0040005306,
2.77325,0.0030681535,
2.7735,0.0036876178,
2.77375,-0.0017593922,
2.774,-0.0021161258,
2.77425,-0.0223661512,
2.7745,0.0064958623,
2.77475,0.0137817748,
2.775,-0.0063785566,
2.77525,-0.0060985680,
2.7755,0.0043537323,
2.77575,0.0083261617,
2.776,-0.0192521643,
2.77625,-0.0200901944,
2.7765,0.0063816700,
2.77675,-0.0046196794,
2.777,-0.0028287843,
2.77725,0.0053640590,
2.7775,0.0005506980,
2.77775,0.0052847662,
2.778,0.0049870955,
2.77825,0.0183178764,
2.7785,-0.0034024285,
2.77875,-0.0011449108,
2.779,0.0129571091,
2.77925,-0.0132219391,
2.7795,-0.0012460438,
2.77975,0.0059016431,
2.78,0.0030495175,
2.78025,0.0002573984,
2.7805,-0.0100717964,
2.78075,-0.0003989105,
2.781,0.0154486131,
2.78125,-0.0098284688,
2.7815,-0.0054837861,
2.78175,0.0068029128,
2.782,0.0104097165,
2.78225,-0.0075713750,
2.7825,-0.0023906690,
2.78275,0.0153902536,
2.783,0.0016335560,
2.78325,-0.0087918742,
2.7835,0.0164834410,
2.78375,-0.0000774930,
2.784,-0.0085913502,
2.78425,-0.0065426040,
2.7845,0.0060570990,
2.78475,-0.0073178839,
2.785,-0.0145126414,
2.78525,0.0027918650,
2.7855,-0.0033443021,
2.78575,-0.0260255691,
2.786,-0.0044037425,
2.78625,0.0051767561,
2.7865,-0.0084861629,
2.78675,0.0012212733,
2.787,-0.0021076992,
2.78725,0.0112078693,
2.7875,-0.0053115869,
2.78775,0.0050382065,
2.788,0.0009283295,
2.78825,0.0025902139,
2.7885,0.0010504401,
2.78875,-0.0033296191,
2.789,0.0032586025,
2.78925,0.0062346114,
2.7895,-0.0089597367,
2.78975,0.0045974758,
2.79,0.0010184819,
2.79025,-0.0097552855,
2.7905,-0.0066335229,
2.79075,0.0127188116,
2.791,0.0135753099,
2.79125,-0.0112926941,
2.7915,0.0017507840,
2.79175,0.0306991972,
2.792,-0.0021597939,
2.79225,-0.0047497624,
2.7925,0.0244906656,
2.79275,0.0126917437,
2.793,-0.0014273892,
2.79325,0.0057275775,
2.7935,0.0153448666,
2.79375,-0.0043998668,
2.794,-0.0216067731,
2.79425,0.0228649192,
2.7945,0.0065380870,
2.79475,-0.0179039799,
2.795,0.0025728075,
2.79525,-0.0015335687,
2.7955,-0.0077809794,
2.79575,-0.0083880899,
2.796,0.0028291740,
2.79625,0.0088107949,
2.7965,0.0087919794,
2.79675,0.0089815976,
2.797,0.0106938845,
2.79725,0.0155440066,
2.7975,0.0104275765,
2.79775,0.0097875968,
2.798,0.0073863282,
2.79825,0.0001669064,
2.7985,0.0062288521,
2.79875,0.0072963205,
2.799,0.0006317940,
2.79925,-0.0004376996,
2.7995,0.0068583242,
2.79975,0.0036118811,
2.8,0.0097296033,
2.80025,-0.0110819284,
2.8005,-0.0035761632,
2.80075,0.0175527893,
2.801,0.0023579274,
2.80125,0.0007763259,
2.8015,0.0119359940,
2.80175,0.0185349472,
2.802,-0.0007251661,
2.80225,0.0134172719,
2.8025,0.0243424512,
2.80275,0.0162786413,
2.803,0.0031581416,
2.80325,0.0222151950,
2.8035,0.0032577622,
2.80375,-0.0012010549,
2.804,0.0094669675,
2.80425,0.0120025966,
2.8045,0.0015923386,
2.80475,0.0042738854,
2.805,0.0019520444,
2.80525,0.0054572057,
2.8055,-0.0112138549,
2.80575,0.0053518908,
2.806,0.0075330888,
2.80625,0.0157750957,
2.8065,0.0055727586,
2.80675,0.0104383137,
2.807,0.0076918015,
2.80725,-0.0065895263,
2.8075,0.0027792696,
2.80775,0.0038536475,
2.808,0.0103156092,
2.80825,-0.0012939994,
2.8085,0.0057976898,
2.80875,0.0190954078,
2.809,0.0094654486,
2.80925,-0.0002882191,
2.8095,0.0124764349,
2.80975,-0.0017550366,
2.81,-0.0053118127,
2.81025,-0.0096678119,
2.8105,0.0137309907,
2.81075,0.0105408989,
2.811,-0.0015537310,
2.81125,0.0175546464,
2.8115,0.0194072798,
2.81175,0.0049757371,
2.812,0.0120295472,
2.81225,0.0154624134,
2.8125,0.0199428666,
2.81275,0.0066325879,
2.813,0.0089120017,
2.81325,0.0079740817,
2.8135,-0.0075306622,
2.81375,-0.0101387501,
2.814,0.0105012208,
2.81425,0.0045059216,
2.8145,0.0009096925,
2.81475,-0.0117630996,
2.815,0.0023324604,
2.81525,-0.0007624442,
2.8155,-0.0077781319,
2.81575,-0.0061140400,
2.816,0.0146218752,
2.81625,0.0001378148,
2.8165,-0.0085017709,
2.81675,0.0112835448,
2.817,0.0103409588,
2.81725,-0.0092478627,
2.8175,-0.0074277283,
2.81775,0.0005224444,
2.818,-0.0068835518,
2.81825,-0.0055263517,
2.8185,-0.0067312545,
2.81875,-0.0024170021,
2.819,-0.0089704730,
2.81925,0.0053908965,
2.8195,0.0051223654,
2.81975,-0.0064133890,
2.82,-0.0112557299,
2.82025,-0.0063836267,
2.8205,0.0038815241,
2.82075,0.0050301459,
2.821,-0.0000079168,
2.82125,0.0110143712,
2.8215,0.0100370916,
2.82175,0.0027897314,
2.822,0.0038605360,
2.82225,0.0195239987,
2.8225,0.0104682744,
2.82275,-0.0065536140,
2.823,-0.0024402156,
2.82325,-0.0075325025,
2.8235,-0.0105485497,
2.82375,-0.0102223568,
2.824,0.0002120180,
2.82425,-0.0064847181,
2.8245,-0.0071108057,
2.82475,-0.0049069799,
2.825,-0.0100391814,
2.82525,-0.0233586207,
2.8255,-0.0138301011,
2.82575,0.0008836390,
2.826,0.0030422281,
2.82625,-0.0108256303,
2.8265,0.0020970511,
2.82675,-0.0192358401,
2.827,-0.0094520217,
2.82725,-0.0080138119,
2.8275,-0.0040875105,
2.82775,-0.0030239029,
2.828,0.0007986825,
2.82825,-0.0044761766,
2.8285,-0.0007246437,
2.82875,-0.0062982868,
2.829,-0.0115615614,
2.82925,-0.0079794377,
2.8295,-0.0026049337,
2.82975,0.0070911422,
2.83,-0.0238032304,
2.83025,-0.0031391394,
2.8305,0.0190888550,
2.83075,-0.0084536616,
2.831,0.0008844264,
2.83125,0.0164289176,
2.8315,0.0057860133,
2.83175,-0.0119437538,
2.832,-0.0009128286,
2.83225,0.0169596095,
2.8325,-0.0115359984,
2.83275,-0.0003719114,
2.833,0.0007525352,
2.83325,-0.0228071399,
2.8335,-0.0123577360,
2.83375,0.0020863102,
2.834,0.0041356040,
2.83425,-0.0161761716,
2.8345,-0.0113084204,
2.83475,0.0005961736,
2.835,-0.0220035035,
2.83525,-0.0251303259,
2.8355,0.0001470337,
2.83575,0.0023974094,
2.836,-0.0180924088,
2.83625,0.0012924318,
2.8365,-0.0010663714,
2.83675,-0.0033955963,
2.837,-0.0108529171,
2.83725,-0.0026640540,
2.8375,-0.0100857671,
2.83775,-0.0093307551,
2.838,-0.0066013299,
2.83825,-0.0176073201,
2.8385,-0.0075659663,
2.83875,-0.0049602659,
2.839,-0.0074640233,
2.83925,-0.0030306517,
2.8395,0.0077805896,
2.83975,-0.0188408941,
2.84,-0.0050480873,
2.84025,0.0055519119,
2.8405,0.0136216339,
2.84075,-0.0037368014,
2.841,0.0025805142,
2.84125,0.0178137776,
2.8415,-0.0018552638,
2.84175,-0.0015772004,
2.842,0.0078512281,
2.84225,0.0042950641,
2.8425,0.0004846045,
2.84275,-0.0126377689,
2.843,-0.0130452383,
2.84325,-0.0090098511,
2.8435,0.0000025301,
2.84375,-0.0109692626,
2.844,-0.0028127525,
2.84425,-0.0038401629,
2.8445,-0.0020618662,
2.84475,-0.0236216448,
2.845,-0.0124223661,
2.84525,-0.0089729428,
2.8455,0.0072321771,
2.84575,0.0130732674,
2.846,0.0068881670,
2.84625,-0.0021831389,
2.8465,-0.0009543826,
2.84675,0.0058799246,
2.847,-0.0053413631,
2.84725,-0.0037894140,
2.8475,0.0043351231,
2.84775,0.0048638331,
2.848,-0.0064653722,
2.84825,0.0057214587,
2.8485,-0.0148083847,
2.84875,-0.0057423310,
2.849,-0.0032318605,
2.84925,0.0158846974,
2.8495,0.0031407084,
2.84975,-0.0111091379,
2.85,0.0067360769,
2.85025,0.0061090873,
2.8505,-0.0031198307,
2.85075,0.0056948601,
2.851,0.0092307590,
2.85125,0.0065993192,
2.8515,-0.0049523502,
2.85175,0.0079909209,
2.852,0.0095862132,
2.85225,0.0135041177,
2.8525,0.0036111875,
2.85275,-0.0210691448,
2.853,-0.0100121312,
2.85325,0.0069031268,
2.8535,-0.0051910453,
2.85375,0.0060665654,
2.854,-0.0020060467,
2.85425,0.0014623203,
2.8545,-0.0161168687,
2.85475,-0.0118078738,
2.855,-0.0075563528,
2.85525,-0.0101474281,
2.8555,0.0077492036,
2.85575,0.0022761186,
2.856,-0.0029433218,
2.85625,-0.0136423483,
2.8565,0.0050665764,
2.85675,-0.0050227791,
2.857,-0.0023934117,
2.85725,-0.0037602047,
2.8575,0.0071563195,
2.85775,-0.0144922817,
2.858,-0.0005693184,
2.85825,0.0020777350,
2.8585,0.0031300660,
2.85875,-0.0132647706,
2.859,0.0003731492,
2.85925,0.0050743101,
2.8595,-0.0093770958,
2.85975,-0.0040509575,
2.86,0.0006735901,
2.86025,0.0124019384,
2.8605,-0.0005637105,
2.86075,0.0001972923,
2.861,0.0155799920,
2.86125,0.0010189401,
2.8615,-0.0021825153,
2.86175,0.0059070904,
2.862,0.0111002307,
2.86225,-0.0052391356,
2.8625,-0.0167216398,
2.86275,-0.0088562779,
2.863,-0.0095041227,
2.86325,-0.0178527571,
2.8635,-0.0149980448,
2.86375,0.0062708673,
2.864,-0.0012975045,
2.86425,-0.0125318682,
2.8645,-0.0301021822,
2.86475,-0.0045527839,
2.865,-0.0089337826,
2.86525,0.0019826964,
2.8655,0.0096305404,
2.86575,0.0051082573,
2.866,-0.0055429740,
2.86625,0.0119391652,
2.8665,-0.0052520717,
2.86675,-0.0028436342,
2.867,-0.0095144566,
2.86725,-0.0065084402,
2.8675,-0.0008749784,
2.86775,-0.0010710729,
2.868,-0.0243343022,
2.86825,-0.0073618349,
2.8685,0.0022929700,
2.86875,-0.0159727894,
2.869,0.0024729327,
2.86925,0.0050962460,
2.8695,-0.0138351982,
2.86975,-0.0148130534,
2.87,0.0061776433,
2.87025,0.0061147194,
2.8705,-0.0108487736,
2.87075,0.0037019309,
2.871,0.0162746888,
2.87125,-0.0080762701,
2.8715,0.0028789309,
2.87175,0.0118982457,
2.872,0.0098898001,
2.87225,-0.0222670697,
2.8725,-0.0247688871,
2.87275,0.0021004525,
2.873,-0.0161895882,
2.87325,-0.0081583075,
2.8735,0.0027137357,
2.87375,-0.0187675543,
2.874,-0.0094288345,
2.87425,-0.0150885694,
2.8745,0.0024767439,
2.87475,-0.0289126895,
2.875,-0.0048394445,
2.87525,0.0078390297,
2.8755,-0.0021454759,
2.87575,-0.0115068089,
2.876,0.0016240986,
2.87625,-0.0041952636,
2.8765,0.0129568484,
2.87675,-0.0080152182,
2.877,-0.0084636249,
2.87725,0.0113474969,
2.8775,-0.0042616185,
2.87775,-0.0015764846,
2.878,-0.0023848456,
2.87825,0.0027714062,
2.8785,-0.0146781784,
2.87875,0.0008048482,
2.879,-0.0034197744,
2.87925,0.0104743345,
2.8795,-0.0148032475,
2.87975,0.0095252618,
2.88,0.0188364480,
2.88025,0.0059786718,
2.8805,0.0057726405,
2.88075,0.0048999824,
2.881,0.0127829742,
2.88125,-0.0053226380,
2.8815,0.0091279559,
2.88175,0.0243668705,
2.882,-0.0052721668,
2.88225,0.0016986832,
2.8825,-0.0016125262,
2.88275,0.0125980200,
2.883,-0.0097709410,
2.88325,-0.0012298636,
2.8835,0.0151986992,
2.88375,0.0077893818,
2.884,-0.0119266650,
2.88425,-0.0064128162,
2.8845,-0.0048274426,
2.88475,-0.0093454141,
2.885,0.0053643063,
2.88525,0.0096314689,
2.8855,0.0149787767,
2.88575,0.0004652336,
2.886,0.0174021255,
2.88625,0.0186845623,
2.8865,0.0019404851,
2.88675,-0.0004283275,
2.887,0.0075393151,
2.88725,0.0020480580,
2.8875,0.0015563599,
2.88775,-0.0196499284,
2.888,0.0170847513,
2.88825,-0.0011877455,
2.8885,-0.0044417107,
2.88875,0.0088748354,
2.889,0.0070336750,
2.88925,-0.0002927990,
2.8895,-0.0026986676,
2.88975,0.0084366864,
2.89,0.0149836224,
2.89025,0.0031425920,
2.8905,0.0115257222,
2.89075,0.0099261096,
2.891,0.0090185851,
2.89125,0.0079090986,
2.8915,0.0157802347,
2.89175,0.0162992515,
2.892,-0.0042773411,
2.89225,-0.0084906947,
2.8925,0.0060823276,
2.89275,-0.0016493985,
2.893,-0.0097133275,
2.89325,-0.0013516033,
2.8935,-0.0099042542,
2.89375,-0.0006521689,
2.894,-0.0067175762,
2.89425,0.0112252692,
2.8945,-0.0110170487,
2.89475,-0.0019185547,
2.895,0.0102696922,
2.89525,0.0214403868,
2.8955,0.0069843009,
2.89575,0.0106506404,
2.896,0.0159078762,
2.89625,0.0174797680,
2.8965,-0.0060130861,
2.89675,0.0044050850,
2.897,0.0076670647,
2.89725,-0.0022136588,
2.8975,-0.0083244927,
2.89775,0.0028376735,
2.898,-0.0012564398,
2.89825,-0.0021115595,
2.8985,0.0014367092,
2.89875,-0.0027508219,
2.899,0.0144867580,
2.89925,-0.0058495440,
2.8995,0.0105095766,
2.89975,0.0146370884,
2.9,0.0104900161,
2.90025,-0.0001326631,
2.9005,0.0059609273,
2.90075,0.0149692409,
2.901,0.0062521412,
2.90125,0.0072257132,
2.9015,0.0157282427,
2.90175,0.0007159752,
2.902,-0.0056600627,
2.90225,0.0074348361,
2.9025,0.0184671190,
2.90275,-0.0103148120,
2.903,-0.0031781099,
2.90325,0.0090332991,
2.9035,-0.0039321892,
2.90375,-0.0315285884,
2.904,-0.0024134826,
2.90425,-0.0085147806,
2.9045,0.0019185502,
2.90475,0.0108967628,
2.905,0.0114508439,
2.90525,0.0094006769,
2.9055,-0.0000156886,
2.90575,0.0097060427,
2.906,0.0048364569,
2.90625,-0.0001819165,
2.9065,-0.0085750241,
2.90675,-0.0035589165,
2.907,0.0002427626,
2.90725,0.0011555303,
2.9075,-0.0175121538,
2.90775,0.0096279113,
2.908,0.0079225106,
2.90825,0.0027041794,
2.9085,-0.0160510726,
2.90875,0.0088872313,
2.909,0.0023945796,
2.90925,-0.0154010290,
2.9095,-0.0029330750,
2.90975,0.0218333751,
2.91,-0.0096896719,
2.91025,-0.0046185125,
2.9105,0.0223823786,
2.91075,0.0107060568,
2.911,-0.0056462199,
2.91125,0.0185316149,
2.9115,0.0246541761,
2.91175,-0.0112471553,
2.912,-0.0040818946,
2.91225,0.0007077395,
2.9125,-0.0179780126,
2.91275,-0.0204827972,
2.913,-0.0057807402,
2.91325,-0.0024276006,
2.9135,-0.0177088827,
2.91375,-0.0041105282,
2.914,0.0089215869,
2.91425,-0.0161900856,
2.9145,0.0030656075,
2.91475,0.0073166094,
2.915,0.0103222784,
2.91525,0.0061669461,
2.9155,0.0086980378,
2.91575,0.0165648907,
2.916,0.0115702217,
2.91625,-0.0001628704,
2.9165,0.0051505901,
2.91675,0.0089475177,
2.917,0.0025242520,
2.91725,-0.0101556834,
2.9175,0.0087036565,
2.91775,-0.0020751127,
2.918,0.0063706171,
2.91825,-0.0139248502,
2.9185,-0.0080553386,
2.91875,0.0120379291,
2.919,-0.0029540397,
2.91925,0.0084175458,
2.9195,0.0173103008,
2.91975,0.0183849391,
2.92,-0.0031561358,
2.92025,0.0172535926,
2.9205,0.0190973021,
2.92075,0.0107427919,
2.921,0.0083335694,
2.92125,0.0115669714,
2.9215,0.0049789138,
2.92175,-0.0086083859,
2.922,0.0100138420,
2.92225,0.0048315004,
2.9225,-0.0148113500,
2.92275,0.0002025769,
2.923,-0.0085171647,
2.92325,-0.0161556732,
2.9235,-0.0273813289,
2.92375,-0.0143887708,
2.924,0.0000285556,
2.92425,0.0126443570,
2.9245,0.0016298033,
2.92475,0.0122715216,
2.925,0.0081035420,
2.92525,0.0000034440,
2.9255,0.0084068552,
2.92575,0.0093632415,
2.926,0.0056876205,
2.92625,-0.0102530094,
2.9265,0.0026211268,
2.92675,0.0223155338,
2.927,-0.0046155406,
2.92725,-0.0091660572,
2.9275,0.0127248699,
2.92775,0.0101631153,
2.928,-0.0067812027,
2.92825,-0.0183557160,
2.9285,0.0069529191,
2.92875,-0.0008160458,
2.929,-0.0075527662,
2.92925,0.0074015413,
2.9295,0.0203194376,
2.92975,-0.0009403426,
2.93,0.0068567665,
2.93025,0.0128910793,
2.9305,0.0134644900,
2.93075,-0.0036904588,
2.931,0.0070622042,
2.93125,0.0112765105,
2.9315,-0.0085813766,
2.93175,-0.0150492098,
2.932,-0.0193732735,
2.93225,-0.0101027042,
2.9325,-0.0052134744,
2.93275,-0.0111472504,
2.933,-0.0025846232,
2.93325,-0.0037933765,
2.9335,-0.0104245637,
2.93375,-0.0162495468,
2.934,-0.0116209397,
2.93425,-0.0088872658,
2.9345,-0.0123205036,
2.93475,0.0097033465,
2.935,0.0022440394,
2.93525,0.0012239190,
2.9355,0.0128004150,
2.93575,0.0090459539,
2.936,-0.0055985404,
2.93625,-0.0000358248,
2.9365,0.0029240081,
2.93675,-0.0076905056,
2.937,-0.0159072187,
2.93725,0.0018874630,
2.9375,0.0062759528,
2.93775,-0.0002368328,
2.938,-0.0206236131,
2.93825,0.0005430505,
2.9385,0.0017285941,
2.93875,0.0044008433,
2.939,-0.0078117107,
2.93925,0.0047878316,
2.9395,0.0050031710,
2.93975,-0.0075538713,
2.94,-0.0041929092,
2.94025,0.0045589930,
2.9405,0.0023168169,
2.94075,-0.0082958918,
2.941,0.0015136362,
2.94125,0.0008549689,
2.9415,-0.0128012057,
2.94175,-0.0048043551,
2.942,-0.0187444296,
2.94225,-0.0228771176,
2.9425,-0.0162001140,
2.94275,-0.0123604201,
2.943,-0.0229684617,
2.94325,-0.0240432117,
2.9435,-0.0174452942,
2.94375,-0.0023975931,
2.944,-0.0046982556,
2.94425,-0.0098457485,
2.9445,0.0057352753,
2.94475,-0.0032834092,
2.945,-0.0030458290,
2.94525,0.0016098785,
2.9455,-0.0023466409,
2.94575,-0.0019411717,
2.946,-0.0099503137,
2.94625,-0.0067671333,
2.9465,0.0034639370,
2.94675,-0.0062865904,
2.947,-0.0103610000,
2.94725,-0.0074095302,
2.9475,0.0046068854,
2.94775,-0.0034308434,
2.948,-0.0270632580,
2.94825,0.0020240087,
2.9485,0.0093753180,
2.94875,-0.0158439819,
2.949,-0.0085882479,
2.94925,0.0156779941,
2.9495,-0.0013688660,
2.94975,-0.0155828977,
2.95,0.0065470794,
2.95025,0.0100782830,
2.9505,-0.0148145352,
2.95075,-0.0006239587,
2.951,0.0066459300,
2.95125,-0.0143041685,
2.9515,-0.0259192958,
2.95175,-0.0064701680,
2.952,-0.0003009982,
2.95225,-0.0170062352,
2.9525,-0.0146852238,
2.95275,0.0023273225,
2.953,-0.0157738123,
2.95325,-0.0217594747,
2.9535,-0.0230869651,
2.95375,-0.0082135182,
2.954,-0.0227924958,
2.95425,0.0028330155,
2.9545,0.0026722425,
2.95475,-0.0045695961,
2.955,0.0047749961,
2.95525,0.0071582692,
2.9555,0.0014992337,
2.95575,-0.0027573840,
2.956,-0.0029718596,
2.95625,-0.0053429925,
2.9565,-0.0157590583,
2.95675,0.0074441303,
2.957,-0.0046870275,
2.95725,0.0063902652,
2.9575,0.0068761273,
2.95775,-0.0090658283,
2.958,-0.0054378733,
2.95825,0.0118539101,
2.9585,0.0098191239,
2.95875,-0.0136465207,
2.959,0.0060164505,
2.95925,0.0096792020,
2.9595,-0.0007441571,
2.95975,-0.0041823247,
2.96,0.0195467733,
2.96025,0.0085097635,
2.9605,-0.0034663328,
2.96075,0.0121729970,
2.961,0.0136494581,
2.96125,-0.0078368913,
2.9615,-0.0036951599,
2.96175,-0.0159024186,
2.962,-0.0155154821,
2.96225,-0.0125464071,
2.9625,0.0028874387,
2.96275,-0.0145925246,
2.963,-0.0024911619,
2.96325,-0.0099535640,
2.9635,0.0089211259,
2.96375,0.0106825018,
2.964,0.0032379550,
2.96425,-0.0005542339,
2.9645,0.0082766600,
2.96475,0.0103331804,
2.965,0.0038240482,
2.96525,0.0054027764,
2.9655,0.0128717022,
2.96575,0.0017232704,
2.966,0.0044913623,
2.96625,0.0090224622,
2.9665,0.0017980741,
2.96675,-0.0027518603,
2.967,0.0129011003,
2.96725,0.0202700701,
2.9675,-0.0059911627,
2.96775,-0.0026174702,
2.968,0.0135975154,
2.96825,0.0156479739,
2.9685,-0.0024102745,
2.96875,0.0057659135,
2.969,0.0147969872,
2.96925,0.0074585951,
2.9695,-0.0009945676,
2.96975,0.0141150868,
2.97,0.0154704610,
2.97025,0.0088189039,
2.9705,0.0103760399,
2.97075,-0.0068079955,
2.971,-0.0077312607,
2.97125,-0.0058298931,
2.9715,-0.0083506964,
2.97175,0.0135315228,
2.972,-0.0037893872,
2.97225,-0.0053112805,
2.9725,-0.0076296963,
2.97275,-0.0096480437,
2.973,-0.0132562052,
2.97325,-0.0184623152,
2.9735,0.0096586235,
2.97375,0.0055764299,
2.974,0.0001094149,
2.97425,0.0043175411,
2.9745,0.0197981112,
2.97475,0.0032587401,
2.975,0.0072346572,
2.97525,0.0109123662,
2.9755,0.0092810942,
2.97575,-0.0028297845,
2.976,0.0051554823,
2.97625,-0.0006180413,
2.9765,0.0029947758,
2.97675,-0.0004118211,
2.977,0.0128609082,
2.97725,0.0035911936,
2.9775,-0.0044654058,
2.97775,-0.0064054173,
2.978,0.0099624237,
2.97825,0.0008366431,
2.9785,-0.0016361936,
2.97875,0.0074492171,
2.979,0.0117510846,
2.97925,0.0042812051,
2.9795,0.0049396022,
2.97975,0.0073502073,
2.98,0.0143222986,
2.98025,-0.0057318732,
2.9805,0.0011621868,
2.98075,0.0010350118,
2.981,-0.0041615162,
2.98125,-0.0130762979,
2.9815,-0.0051599084,
2.98175,-0.0018032608,
2.982,-0.0057914737,
2.98225,-0.0087372083,
2.9825,-0.0102733374,
2.98275,-0.0108314948,
2.983,-0.0149531374,
2.98325,0.0134201162,
2.9835,-0.0009879820,
2.98375,0.0058799325,
2.984,-0.0003457705,
2.98425,0.0020402069,
2.9845,0.0007656255,
2.98475,-0.0008939803,
2.985,0.0012690006,
2.98525,0.0047585270,
2.9855,0.0025585010,
2.98575,-0.0010942362,
2.986,-0.0131249521,
2.98625,0.0071332888,
2.9865,0.0032622688,
2.98675,-0.0062884558,
2.987,0.0097836005,
2.98725,-0.0059392154,
2.9875,-0.0106059518,
2.98775,-0.0021905634,
2.988,0.0082885846,
2.98825,0.0043946630,
2.9885,-0.0114106890,
2.98875,0.0125354864,
2.989,0.0164082106,
2.98925,-0.0177175403,
2.9895,0.0015386264,
2.98975,0.0145451026,
2.99,-0.0006120307,
2.99025,-0.0091602197,
2.9905,0.0070809191,
2.99075,-0.0026501969,
2.991,-0.0200214759,
2.99125,-0.0057686865,
2.9915,0.0112305582,
2.99175,-0.0190040432,
2.992,-0.0134393796,
2.99225,-0.0120459544,
2.9925,-0.0105551304,
2.99275,-0.0217386726,
2.993,-0.0145431627,
2.99325,0.0124711255,
2.9935,0.0023303311,
2.99375,-0.0003009551,
2.994,0.0195684396,
2.99425,0.0109175872,
2.9945,0.0096592018,
2.99475,0.0033958643,
2.995,0.0050954330,
2.99525,0.0046844929,
2.9955,0.0077706715,
2.99575,-0.0029886742,
2.996,0.0009033752,
2.99625,0.0065344987,
2.9965,0.0030669607,
2.99675,0.0075659780,
2.997,0.0052309572,
2.99725,0.0036961364,
2.9975,-0.0097406451,
2.99775,0.0094382726,
2.998,0.0144538572,
2.99825,0.0055920985,
2.9985,0.0099509470,
2.99875,0.0202450603,
2.999,0.0072674286,
2.99925,0.0088499039,
2.9995,0.0132714873,
2.99975,0.0310650580,