Date,2020-11-28 09:14:57
Filename,STFMK-20201105-LW19-1943_20201128_091457_004.dat
Data Label,벨트느슨함
Label_No,04
Motor Spec,R-PAHU-04S, 1760,55, 105.3,
Period,3SEC
Sample Rate,4000
RMS,0.010304,
Data Length,12000,
0,-0.0027737292,
0.00025,0.0032387422,
0.0005,-0.0006163581,
0.00075,-0.0146088973,
0.001,-0.0045347326,
0.00125,0.0207472127,
0.0015,-0.0027952704,
0.00175,0.0006949962,
0.002,0.0244488716,
0.00225,0.0110693183,
0.0025,-0.0050565600,
0.00275,0.0127497083,
0.003,0.0212914143,
0.00325,-0.0036848870,
0.0035,0.0032082736,
0.00375,-0.0027751599,
0.004,-0.0181764010,
0.00425,-0.0090789534,
0.0045,0.0088318335,
0.00475,0.0087842979,
0.005,-0.0096746637,
0.00525,-0.0017169240,
0.0055,0.0116149290,
0.00575,-0.0092435312,
0.006,-0.0139057282,
0.00625,0.0034393989,
0.0065,0.0094740195,
0.00675,-0.0117136808,
0.007,0.0071270117,
0.00725,0.0054673553,
0.0075,0.0036214897,
0.00775,-0.0040366575,
0.008,0.0032902928,
0.00825,-0.0052396809,
0.0085,-0.0005266565,
0.00875,-0.0039595980,
0.009,-0.0135631282,
0.00925,-0.0010837193,
0.0095,-0.0012164855,
0.00975,-0.0000923163,
0.01,-0.0040413714,
0.01025,0.0148071432,
0.0105,-0.0112588964,
0.01075,-0.0051463088,
0.011,0.0086139999,
0.01125,0.0121218618,
0.0115,-0.0017597963,
0.01175,0.0082798563,
0.012,0.0173627045,
0.01225,-0.0063029574,
0.0125,-0.0041554882,
0.01275,0.0157452077,
0.013,0.0102305952,
0.01325,-0.0020292294,
0.0135,-0.0037621008,
0.01375,-0.0068353121,
0.014,-0.0047506755,
0.01425,-0.0034656937,
0.0145,-0.0093409652,
0.01475,0.0014006232,
0.015,-0.0057024532,
0.01525,0.0000261339,
0.0155,-0.0213637799,
0.01575,-0.0115192849,
0.016,-0.0084873652,
0.01625,0.0112763969,
0.0165,0.0134180132,
0.01675,0.0093992250,
0.017,-0.0045505106,
0.01725,-0.0046005789,
0.0175,0.0021630873,
0.01775,-0.0130762113,
0.018,-0.0072759623,
0.01825,-0.0056100162,
0.0185,-0.0020896988,
0.01875,-0.0075481785,
0.019,0.0050378861,
0.01925,-0.0111853331,
0.0195,-0.0143197775,
0.01975,-0.0089370497,
0.02,0.0109856213,
0.02025,-0.0012839756,
0.0205,-0.0143456012,
0.02075,0.0010724596,
0.021,0.0069863461,
0.02125,-0.0035834522,
0.0215,0.0046751420,
0.02175,0.0091179619,
0.022,0.0047146962,
0.02225,-0.0068099475,
0.0225,0.0074427947,
0.02275,0.0049907407,
0.023,0.0100982394,
0.02325,0.0038382793,
0.0235,-0.0185773689,
0.02375,-0.0140397213,
0.024,-0.0019210873,
0.02425,-0.0023989487,
0.0245,0.0030560787,
0.02475,-0.0054818583,
0.025,0.0008094559,
0.02525,-0.0158564579,
0.0255,-0.0089459941,
0.02575,-0.0139182936,
0.026,-0.0086144246,
0.02625,0.0027976637,
0.0265,-0.0063355458,
0.02675,-0.0060620466,
0.027,-0.0129443239,
0.02725,0.0006596082,
0.0275,-0.0108437156,
0.02775,-0.0102160219,
0.028,-0.0108824586,
0.02825,0.0047798580,
0.0285,-0.0141613362,
0.02875,-0.0066418317,
0.029,-0.0020627421,
0.02925,0.0012898834,
0.0295,-0.0067822793,
0.02975,-0.0014360663,
0.03,0.0039076051,
0.03025,-0.0164502412,
0.0305,-0.0094501199,
0.03075,-0.0039977375,
0.031,0.0031115650,
0.03125,-0.0060783587,
0.0315,-0.0034234880,
0.03175,0.0135843270,
0.032,-0.0041051679,
0.03225,-0.0017499552,
0.0325,0.0052681109,
0.03275,0.0100487759,
0.033,-0.0019547492,
0.03325,-0.0165872648,
0.0335,-0.0127731189,
0.03375,-0.0094245691,
0.034,-0.0175939053,
0.03425,-0.0084119430,
0.0345,-0.0000954316,
0.03475,-0.0070013693,
0.035,-0.0156792663,
0.03525,-0.0330662057,
0.0355,-0.0036294167,
0.03575,-0.0186937414,
0.036,0.0065307044,
0.03625,0.0058741039,
0.0365,-0.0056887562,
0.03675,-0.0062513729,
0.037,0.0068025803,
0.03725,-0.0147053786,
0.0375,-0.0022267068,
0.03775,-0.0152693242,
0.038,-0.0012519235,
0.03825,-0.0064447988,
0.0385,-0.0055451728,
0.03875,-0.0223622862,
0.039,-0.0147622395,
0.03925,0.0024164822,
0.0395,-0.0189675018,
0.03975,-0.0045027472,
0.04,0.0018748513,
0.04025,-0.0153892897,
0.0405,-0.0175415557,
0.04075,0.0020634560,
0.041,-0.0004530309,
0.04125,-0.0074524218,
0.0415,-0.0028857633,
0.04175,0.0168724898,
0.042,-0.0120371664,
0.04225,-0.0102271056,
0.0425,0.0159097090,
0.04275,0.0048116692,
0.043,-0.0222615302,
0.04325,-0.0144855082,
0.0435,-0.0078400373,
0.04375,-0.0188405886,
0.044,-0.0125859324,
0.04425,0.0010927707,
0.0445,-0.0234993771,
0.04475,-0.0239073709,
0.045,-0.0193530768,
0.04525,-0.0083285021,
0.0455,-0.0282564908,
0.04575,-0.0033110103,
0.046,-0.0001028833,
0.04625,0.0020364770,
0.0465,-0.0054589659,
0.04675,-0.0063821170,
0.047,0.0006778806,
0.04725,0.0005296370,
0.0475,-0.0135144303,
0.04775,-0.0075452700,
0.048,-0.0002587535,
0.04825,-0.0064113997,
0.0485,-0.0107304770,
0.04875,-0.0024520340,
0.049,0.0041042706,
0.04925,-0.0204557646,
0.0495,0.0038929922,
0.04975,-0.0024588900,
0.05,0.0074250614,
0.05025,-0.0124292159,
0.0505,0.0045404285,
0.05075,0.0175743923,
0.051,0.0021363939,
0.05125,-0.0016342034,
0.0515,0.0122312931,
0.05175,0.0026037744,
0.052,0.0044954857,
0.05225,0.0065604388,
0.0525,0.0173643138,
0.05275,-0.0035104030,
0.053,-0.0016172307,
0.05325,-0.0060726563,
0.0535,0.0044141738,
0.05375,-0.0165270492,
0.054,0.0103542674,
0.05425,0.0034159471,
0.0545,0.0120338788,
0.05475,-0.0137315271,
0.055,-0.0122825941,
0.05525,-0.0001084429,
0.0555,-0.0086127752,
0.05575,0.0064039156,
0.056,0.0118707875,
0.05625,0.0124165509,
0.0565,0.0057821819,
0.05675,0.0112487618,
0.057,0.0072020590,
0.05725,0.0077919262,
0.0575,-0.0169036239,
0.05775,0.0156244161,
0.058,-0.0001817484,
0.05825,-0.0060554594,
0.0585,-0.0082162190,
0.05875,0.0053282264,
0.059,0.0068153897,
0.05925,-0.0020290285,
0.0595,0.0055947658,
0.05975,0.0187492482,
0.06,-0.0043305447,
0.06025,0.0067233508,
0.0605,0.0159655958,
0.06075,0.0115646794,
0.061,0.0086256107,
0.06125,0.0028047014,
0.0615,0.0230176896,
0.06175,0.0110410517,
0.062,0.0075231912,
0.06225,0.0221410375,
0.0625,0.0133630028,
0.06275,0.0003887259,
0.063,0.0006524036,
0.06325,0.0039768498,
0.0635,0.0084334910,
0.06375,-0.0119384574,
0.064,-0.0020611808,
0.06425,-0.0108045451,
0.0645,-0.0117761418,
0.06475,-0.0122615118,
0.065,0.0036728783,
0.06525,-0.0130549120,
0.0655,0.0020226650,
0.06575,0.0072652451,
0.066,0.0240603760,
0.06625,0.0098877680,
0.0665,0.0096034398,
0.06675,0.0249430705,
0.067,0.0206416547,
0.06725,-0.0086159520,
0.0675,0.0013498728,
0.06775,0.0034051153,
0.068,-0.0000325489,
0.06825,-0.0165635627,
0.0685,0.0052342974,
0.06875,-0.0016133471,
0.069,-0.0070444830,
0.06925,-0.0000602592,
0.0695,-0.0036206916,
0.06975,0.0071452050,
0.07,-0.0057798764,
0.07025,0.0059929714,
0.0705,0.0124147218,
0.07075,0.0073666256,
0.071,-0.0051295147,
0.07125,0.0032261792,
0.0715,0.0117358211,
0.07175,-0.0001689288,
0.072,0.0075940765,
0.07225,0.0170630086,
0.0725,-0.0015254447,
0.07275,-0.0146359997,
0.073,0.0066623790,
0.07325,0.0106463106,
0.0735,-0.0137532707,
0.07375,-0.0126969451,
0.074,-0.0023928229,
0.07425,-0.0093309255,
0.0745,-0.0340118892,
0.07475,-0.0022032603,
0.075,-0.0112611502,
0.07525,-0.0048876340,
0.0755,0.0086561516,
0.07575,0.0079723774,
0.076,0.0074172476,
0.07625,-0.0008658104,
0.0765,0.0064868480,
0.07675,0.0008562895,
0.077,-0.0030666012,
0.07725,-0.0199419651,
0.0775,-0.0106110889,
0.07775,-0.0063843094,
0.078,-0.0100325961,
0.07825,-0.0286467560,
0.0785,0.0058058887,
0.07875,-0.0002058649,
0.079,-0.0001870322,
0.07925,-0.0208576936,
0.0795,0.0109443404,
0.07975,0.0010345217,
0.08,-0.0173400864,
0.08025,-0.0020717899,
0.0805,0.0162131414,
0.08075,-0.0116551574,
0.081,-0.0101209171,
0.08125,0.0134030534,
0.0815,0.0061844932,
0.08175,-0.0165702738,
0.082,0.0098697785,
0.08225,0.0156534482,
0.0825,-0.0200070888,
0.08275,-0.0134477895,
0.083,0.0035088249,
0.08325,-0.0257316269,
0.0835,-0.0248707738,
0.08375,-0.0051120082,
0.084,-0.0118579352,
0.08425,-0.0257701166,
0.0845,-0.0081618866,
0.08475,0.0036249761,
0.085,-0.0178258941,
0.08525,0.0000603086,
0.0855,0.0040691877,
0.08575,0.0107533690,
0.086,0.0059979511,
0.08625,0.0108761042,
0.0865,0.0154460119,
0.08675,0.0091602812,
0.087,0.0024244750,
0.08725,0.0034060909,
0.0875,0.0030973931,
0.08775,-0.0015889633,
0.088,-0.0103697097,
0.08825,0.0124478191,
0.0885,0.0025409446,
0.08875,0.0138048586,
0.089,-0.0109312860,
0.08925,0.0016950048,
0.0895,0.0127857085,
0.08975,0.0002194405,
0.09,0.0076187020,
0.09025,0.0157972258,
0.0905,0.0182903260,
0.09075,-0.0024708747,
0.091,0.0135755818,
0.09125,0.0228759870,
0.0915,0.0080118747,
0.09175,0.0112309586,
0.092,0.0201118216,
0.09225,0.0039963736,
0.0925,0.0007674993,
0.09275,0.0125518711,
0.093,0.0040494595,
0.09325,-0.0040412229,
0.0935,-0.0027601486,
0.09375,0.0011117993,
0.094,-0.0047575887,
0.09425,-0.0329396315,
0.0945,0.0014254884,
0.09475,0.0031653694,
0.095,0.0162427928,
0.09525,0.0146630686,
0.0955,0.0121754576,
0.09575,0.0190862659,
0.096,0.0020818389,
0.09625,0.0144641344,
0.0965,0.0183243100,
0.09675,0.0109218620,
0.097,-0.0026486996,
0.09725,0.0101927463,
0.0975,0.0285975095,
0.09775,0.0036415709,
0.098,-0.0026878426,
0.09825,0.0227699410,
0.0985,0.0031913137,
0.09875,0.0075417701,
0.099,-0.0042105578,
0.09925,0.0117762340,
0.0995,0.0110919476,
0.09975,0.0061549349,
0.1,0.0118086012,
0.10025,0.0321353562,
0.1005,0.0041690934,
0.10075,0.0124537991,
0.101,0.0196253769,
0.10125,0.0158815682,
0.1015,0.0066658510,
0.10175,0.0164388344,
0.102,0.0185762886,
0.10225,0.0021078014,
0.1025,-0.0053894818,
0.10275,-0.0024412780,
0.103,-0.0035806561,
0.10325,-0.0012159665,
0.1035,-0.0004984532,
0.10375,0.0014780228,
0.104,0.0032349757,
0.10425,0.0030266461,
0.1045,-0.0100493524,
0.10475,0.0028163153,
0.105,-0.0050707338,
0.10525,-0.0012912544,
0.1055,0.0248681176,
0.10575,0.0099534774,
0.106,0.0136498529,
0.10625,0.0123205315,
0.1065,0.0197561085,
0.10675,0.0036295645,
0.107,0.0007863726,
0.10725,0.0199705176,
0.1075,-0.0022640412,
0.10775,-0.0050616199,
0.108,0.0118486499,
0.10825,0.0098042693,
0.1085,0.0097046699,
0.10875,-0.0189102292,
0.109,0.0048176381,
0.10925,0.0068588322,
0.1095,0.0027848301,
0.10975,0.0021988731,
0.11,0.0091725821,
0.11025,0.0132445954,
0.1105,0.0062962864,
0.11075,-0.0022034373,
0.111,0.0170134772,
0.11125,0.0028883514,
0.1115,-0.0061348784,
0.11175,0.0124347666,
0.112,0.0018275732,
0.11225,-0.0066144676,
0.1125,-0.0012361463,
0.11275,-0.0062441588,
0.113,-0.0066576223,
0.11325,-0.0197890475,
0.1135,-0.0078818258,
0.11375,-0.0140921958,
0.114,-0.0238603558,
0.11425,-0.0066063209,
0.1145,-0.0000716950,
0.11475,0.0036725730,
0.115,-0.0035082244,
0.11525,0.0037333039,
0.1155,0.0070547662,
0.11575,-0.0000811803,
0.116,0.0072331363,
0.11625,0.0108144842,
0.1165,-0.0028579088,
0.11675,-0.0010140095,
0.117,-0.0054450342,
0.11725,-0.0001246039,
0.1175,-0.0100590708,
0.11775,-0.0145834200,
0.118,-0.0041373810,
0.11825,0.0070686834,
0.1185,-0.0028624656,
0.11875,-0.0155197931,
0.119,0.0012797095,
0.11925,0.0174725410,
0.1195,-0.0111430408,
0.11975,-0.0116062807,
0.12,0.0190531928,
0.12025,-0.0041987565,
0.1205,-0.0163941104,
0.12075,0.0021765041,
0.121,0.0055252975,
0.12125,-0.0161361042,
0.1215,-0.0005663891,
0.12175,0.0107282642,
0.122,-0.0176709909,
0.12225,-0.0225475710,
0.1225,-0.0047415518,
0.12275,0.0013129186,
0.123,-0.0144094406,
0.12325,-0.0089253513,
0.1235,-0.0016503165,
0.12375,-0.0158481710,
0.124,-0.0154322805,
0.12425,-0.0160356350,
0.1245,-0.0047303024,
0.12475,-0.0221971329,
0.125,0.0042978562,
0.12525,0.0086790994,
0.1255,-0.0041525168,
0.12575,0.0067955540,
0.126,0.0031366185,
0.12625,0.0007304972,
0.1265,-0.0023852461,
0.12675,-0.0035138477,
0.127,-0.0035406218,
0.12725,-0.0169460848,
0.1275,0.0043675392,
0.12775,-0.0085052932,
0.128,-0.0023495280,
0.12825,0.0024807069,
0.1285,-0.0189188849,
0.12875,-0.0113588469,
0.129,0.0053426605,
0.12925,0.0010876541,
0.1295,-0.0130856056,
0.12975,0.0053633181,
0.13,0.0109309535,
0.13025,-0.0033441228,
0.1305,-0.0028281820,
0.13075,0.0165452119,
0.131,0.0022178020,
0.13125,0.0011081512,
0.1315,0.0027269756,
0.13175,0.0078785270,
0.132,-0.0083477590,
0.13225,-0.0076653212,
0.1325,-0.0103596458,
0.13275,-0.0128013277,
0.133,-0.0137647409,
0.13325,0.0040344428,
0.1335,-0.0148242302,
0.13375,-0.0069439132,
0.134,-0.0158814490,
0.13425,0.0039663962,
0.1345,0.0011916142,
0.13475,-0.0025418457,
0.135,0.0022069796,
0.13525,0.0026744159,
0.1355,0.0108010508,
0.13575,0.0029583813,
0.136,0.0006469892,
0.13625,0.0103336209,
0.1365,-0.0040599364,
0.13675,-0.0016012655,
0.137,0.0019401268,
0.13725,-0.0093456600,
0.1375,-0.0068751266,
0.13775,0.0020349452,
0.138,0.0110735260,
0.13825,-0.0075386269,
0.1385,-0.0079849157,
0.13875,0.0090063978,
0.139,0.0099409055,
0.13925,-0.0026448721,
0.1395,-0.0016141161,
0.13975,0.0149810370,
0.14,0.0041106418,
0.14025,-0.0030756071,
0.1405,0.0095472224,
0.14075,0.0127282357,
0.141,0.0034090867,
0.14125,0.0092192851,
0.1415,-0.0028652600,
0.14175,-0.0090120584,
0.142,-0.0165135209,
0.14225,-0.0068402505,
0.1425,0.0094355717,
0.14275,-0.0056849369,
0.143,-0.0099897664,
0.14325,-0.0098278970,
0.1435,-0.0130688762,
0.14375,-0.0215346459,
0.144,-0.0131173227,
0.14425,0.0076072980,
0.1445,-0.0022106152,
0.14475,-0.0034336695,
0.145,-0.0007664382,
0.14525,0.0163260140,
0.1455,-0.0046288180,
0.14575,-0.0050560068,
0.146,0.0037764893,
0.14625,-0.0009275682,
0.1465,-0.0075472682,
0.14675,-0.0042407364,
0.147,-0.0076581994,
0.14725,0.0008068301,
0.1475,-0.0119030485,
0.14775,0.0089690769,
0.148,-0.0008476264,
0.14825,-0.0130617023,
0.1485,-0.0090133920,
0.14875,0.0013327529,
0.149,0.0014711234,
0.14925,-0.0034975635,
0.1495,0.0031166580,
0.14975,0.0146002499,
0.15,-0.0083792228,
0.15025,0.0066738804,
0.1505,0.0041553769,
0.15075,0.0149771282,
0.151,-0.0008869935,
0.15125,-0.0029065777,
0.1515,0.0024122561,
0.15175,-0.0007383738,
0.152,-0.0148820700,
0.15225,-0.0023880545,
0.1525,0.0006101411,
0.15275,-0.0083367322,
0.153,-0.0057612406,
0.15325,-0.0222218987,
0.1535,-0.0096376836,
0.15375,-0.0201145764,
0.154,0.0057751643,
0.15425,0.0011055613,
0.1545,-0.0014811389,
0.15475,0.0061123148,
0.155,0.0066252518,
0.15525,0.0018440415,
0.1555,0.0067543052,
0.15575,-0.0071533723,
0.156,0.0074220495,
0.15625,0.0047155311,
0.1565,0.0002689215,
0.15675,-0.0014915882,
0.157,0.0031364269,
0.15725,0.0054176566,
0.1575,-0.0012581866,
0.15775,0.0032466624,
0.158,0.0057961941,
0.15825,-0.0113273496,
0.1585,-0.0068492852,
0.15875,0.0146524794,
0.159,0.0040836758,
0.15925,-0.0099016726,
0.1595,0.0101701710,
0.15975,0.0071183480,
0.16,-0.0061927615,
0.16025,0.0012907111,
0.1605,0.0233892892,
0.16075,0.0068131527,
0.161,-0.0127432216,
0.16125,0.0146685299,
0.1615,-0.0050574020,
0.16175,-0.0206370391,
0.162,0.0074634836,
0.16225,0.0079377564,
0.1625,-0.0091661531,
0.16275,-0.0122859506,
0.163,-0.0081848996,
0.16325,0.0005737257,
0.1635,-0.0279501826,
0.16375,-0.0028318404,
0.164,0.0079094060,
0.16425,0.0025268460,
0.1645,0.0048079337,
0.16475,0.0112949833,
0.165,0.0145020438,
0.16525,0.0077621788,
0.1655,0.0014581021,
0.16575,0.0136898449,
0.166,0.0006524337,
0.16625,0.0082680574,
0.1665,-0.0034298736,
0.16675,-0.0037920543,
0.167,0.0030896510,
0.16725,-0.0018187247,
0.1675,0.0060224375,
0.16775,0.0010260950,
0.168,0.0072064754,
0.16825,-0.0083357673,
0.1685,0.0143134240,
0.16875,0.0170588847,
0.169,0.0080988007,
0.16925,0.0073046978,
0.1695,0.0200510491,
0.16975,0.0031621857,
0.17,0.0017524804,
0.17025,0.0108367205,
0.1705,0.0214161649,
0.17075,-0.0003256667,
0.171,0.0056372657,
0.17125,0.0005935030,
0.1715,0.0085340664,
0.17175,-0.0082456991,
0.172,0.0130554987,
0.17225,0.0040233624,
0.1725,-0.0012440810,
0.17275,-0.0025106869,
0.173,-0.0071213404,
0.17325,-0.0209076740,
0.1735,-0.0092302281,
0.17375,0.0034679042,
0.174,0.0145656448,
0.17425,0.0120630674,
0.1745,0.0029008046,
0.17475,0.0048573371,
0.175,0.0151107311,
0.17525,0.0006652205,
0.1755,-0.0109444540,
0.17575,0.0087408945,
0.176,0.0100103300,
0.17625,-0.0072246473,
0.1765,-0.0077573890,
0.17675,0.0172168612,
0.177,0.0002352511,
0.17725,0.0021242388,
0.1775,0.0050168717,
0.17775,0.0138573432,
0.178,-0.0062597394,
0.17825,0.0002092177,
0.1785,0.0160378851,
0.17875,0.0010052026,
0.179,0.0001882661,
0.17925,0.0101797450,
0.1795,0.0093074758,
0.17975,0.0071651898,
0.18,0.0033268910,
0.18025,0.0201424770,
0.1805,0.0044783759,
0.18075,0.0056524472,
0.181,0.0072969794,
0.18125,-0.0159865115,
0.1815,-0.0022992629,
0.18175,0.0018471940,
0.182,-0.0065477509,
0.18225,-0.0084403176,
0.1825,-0.0200196151,
0.18275,-0.0075035770,
0.183,0.0017804444,
0.18325,-0.0215064716,
0.1835,-0.0099006314,
0.18375,0.0129107330,
0.184,0.0078619681,
0.18425,-0.0011608655,
0.1845,0.0022515466,
0.18475,0.0075020045,
0.185,0.0012949945,
0.18525,-0.0181497261,
0.1855,0.0080565065,
0.18575,0.0021434927,
0.186,-0.0017799448,
0.18625,-0.0152604943,
0.1865,0.0044294288,
0.18675,-0.0008214388,
0.187,-0.0020318343,
0.18725,-0.0010231351,
0.1875,0.0035784405,
0.18775,-0.0024208466,
0.188,-0.0047530783,
0.18825,0.0063374736,
0.1885,0.0067983079,
0.18875,0.0044722436,
0.189,-0.0029255275,
0.18925,0.0005696029,
0.1895,0.0109350663,
0.18975,-0.0006352895,
0.19,0.0053419690,
0.19025,0.0165814310,
0.1905,-0.0009991952,
0.19075,-0.0010704880,
0.191,-0.0084487926,
0.19125,0.0060905423,
0.1915,-0.0086021367,
0.19175,-0.0094338311,
0.192,0.0057817837,
0.19225,-0.0116046974,
0.1925,-0.0142818857,
0.19275,-0.0077881888,
0.193,-0.0246409401,
0.19325,-0.0043304320,
0.1935,0.0103085004,
0.19375,0.0131169483,
0.194,0.0075234608,
0.19425,-0.0001592674,
0.1945,0.0049963519,
0.19475,0.0068258564,
0.195,-0.0065846061,
0.19525,-0.0017001813,
0.1955,-0.0051720352,
0.19575,0.0056302529,
0.196,0.0011909116,
0.19625,-0.0013701991,
0.1965,0.0088431481,
0.19675,0.0051385746,
0.197,-0.0022291311,
0.19725,-0.0069378763,
0.1975,0.0112645924,
0.19775,0.0013740272,
0.198,-0.0126859248,
0.19825,0.0013010276,
0.1985,0.0108466623,
0.19875,-0.0089590093,
0.199,0.0001389939,
0.19925,0.0221552122,
0.1995,0.0035110363,
0.19975,-0.0037299201,
0.2,0.0248198789,
0.20025,0.0142000969,
0.2005,0.0012590301,
0.20075,-0.0061272178,
0.201,-0.0036099611,
0.20125,-0.0042187106,
0.2015,-0.0067129899,
0.20175,0.0090569854,
0.202,-0.0091146203,
0.20225,-0.0048839487,
0.2025,0.0049679489,
0.20275,0.0022363537,
0.203,-0.0107928878,
0.20325,-0.0013096775,
0.2035,0.0229146499,
0.20375,0.0084635494,
0.204,0.0025718664,
0.20425,0.0073075062,
0.2045,0.0053113652,
0.20475,-0.0017183581,
0.205,0.0085891066,
0.20525,0.0021471635,
0.2055,0.0070070177,
0.20575,0.0079316422,
0.206,-0.0082845371,
0.20625,0.0093130693,
0.2065,0.0050293589,
0.20675,0.0072803311,
0.207,-0.0094863269,
0.20725,0.0054322002,
0.2075,-0.0018092836,
0.20775,-0.0030825150,
0.208,0.0022582854,
0.20825,0.0162232518,
0.2085,0.0123379808,
0.20875,0.0001701819,
0.209,0.0134724397,
0.20925,0.0167581085,
0.2095,0.0038550664,
0.20975,0.0051196953,
0.21,0.0142541658,
0.21025,0.0096939998,
0.2105,-0.0050013596,
0.21075,-0.0025396575,
0.211,0.0063426141,
0.21125,-0.0005289674,
0.2115,-0.0041061314,
0.21175,0.0047860169,
0.212,-0.0057498766,
0.21225,-0.0109563069,
0.2125,-0.0189142637,
0.21275,0.0013145141,
0.213,0.0072693070,
0.21325,0.0113412356,
0.2135,0.0095364898,
0.21375,0.0173258185,
0.214,0.0005136719,
0.21425,0.0036720701,
0.2145,0.0063351374,
0.21475,-0.0016888103,
0.215,-0.0062514567,
0.21525,-0.0013512593,
0.2155,0.0108939540,
0.21575,-0.0061397972,
0.216,-0.0091797467,
0.21625,-0.0034633130,
0.2165,0.0031889065,
0.21675,-0.0116704209,
0.217,-0.0027913831,
0.21725,0.0101974616,
0.2175,-0.0027634881,
0.21775,-0.0052547753,
0.218,0.0033764052,
0.21825,0.0083377343,
0.2185,0.0027783951,
0.21875,-0.0002838456,
0.219,0.0134771233,
0.21925,0.0013229032,
0.2195,-0.0067759589,
0.21975,0.0121821007,
0.22,0.0108795613,
0.22025,0.0041398704,
0.2205,-0.0143573666,
0.22075,-0.0102598593,
0.221,0.0044542537,
0.22125,-0.0053391787,
0.2215,-0.0034789753,
0.22175,-0.0043943343,
0.222,-0.0068630609,
0.22225,-0.0162590165,
0.2225,-0.0114930747,
0.22275,-0.0159919914,
0.223,-0.0114137027,
0.22325,-0.0007231242,
0.2235,0.0050597955,
0.22375,-0.0016046029,
0.224,-0.0119240442,
0.22425,0.0014220807,
0.2245,0.0125357211,
0.22475,-0.0035920637,
0.225,-0.0212805625,
0.22525,0.0120101944,
0.2255,-0.0070519862,
0.22575,-0.0148680266,
0.226,-0.0034842605,
0.22625,0.0014499896,
0.2265,-0.0134308767,
0.22675,-0.0141672064,
0.227,-0.0073193377,
0.22725,-0.0017383316,
0.2275,-0.0077815703,
0.22775,-0.0096825240,
0.228,0.0074193757,
0.22825,-0.0019150448,
0.2285,-0.0052838428,
0.22875,-0.0073913340,
0.229,-0.0014351660,
0.22925,-0.0020120412,
0.2295,-0.0070022908,
0.22975,0.0085436255,
0.23,0.0075202305,
0.23025,-0.0166732371,
0.2305,-0.0137720900,
0.23075,-0.0020439718,
0.231,-0.0143622477,
0.23125,-0.0102618886,
0.2315,-0.0174538530,
0.23175,-0.0058250437,
0.232,-0.0235818364,
0.23225,-0.0305468924,
0.2325,0.0012884546,
0.23275,-0.0076908851,
0.233,-0.0004179480,
0.23325,0.0017181002,
0.2335,0.0043010600,
0.23375,-0.0030823892,
0.234,0.0077619273,
0.23425,-0.0082116779,
0.2345,-0.0020917957,
0.23475,-0.0142256217,
0.235,-0.0050500729,
0.23525,-0.0159351472,
0.2355,-0.0135488352,
0.23575,-0.0256965235,
0.236,-0.0110222949,
0.23625,0.0023656918,
0.2365,-0.0201185048,
0.23675,-0.0126467263,
0.237,0.0029391351,
0.23725,0.0075500058,
0.2375,-0.0215378404,
0.23775,-0.0055100657,
0.238,0.0149796428,
0.23825,-0.0044951653,
0.2385,-0.0186281111,
0.23875,0.0078564063,
0.239,0.0036762238,
0.23925,-0.0182940401,
0.2395,0.0060143452,
0.23975,0.0161063299,
0.24,-0.0080105811,
0.24025,-0.0235281326,
0.2405,0.0017235468,
0.24075,0.0146849817,
0.241,-0.0187528990,
0.24125,-0.0050122105,
0.2415,0.0010465489,
0.24175,-0.0090035554,
0.242,-0.0148999188,
0.24225,-0.0061819740,
0.2425,-0.0187411942,
0.24275,-0.0018946814,
0.243,0.0034395903,
0.24325,0.0012319743,
0.2435,-0.0050435858,
0.24375,0.0021812671,
0.244,0.0040829186,
0.24425,0.0067967139,
0.2445,0.0007227141,
0.24475,-0.0093607455,
0.245,0.0054470515,
0.24525,-0.0058427691,
0.2455,-0.0048234821,
0.24575,-0.0066817882,
0.246,0.0055012004,
0.24625,-0.0028375678,
0.2465,-0.0045680576,
0.24675,-0.0086134095,
0.247,0.0101707280,
0.24725,-0.0042603570,
0.2475,-0.0131171867,
0.24775,0.0039563682,
0.248,0.0136766415,
0.24825,-0.0103671849,
0.2485,-0.0064380942,
0.24875,0.0149142072,
0.249,0.0046512936,
0.24925,-0.0010646534,
0.2495,0.0155935474,
0.24975,0.0155139389,
0.25,-0.0129226837,
0.25025,-0.0041472618,
0.2505,0.0153755695,
0.25075,-0.0087452494,
0.251,-0.0094258701,
0.25125,0.0024427937,
0.2515,0.0010860747,
0.25175,-0.0045259804,
0.252,-0.0166570414,
0.25225,0.0018498455,
0.2525,0.0043900679,
0.25275,0.0060818805,
0.253,0.0054950165,
0.25325,0.0134135792,
0.2535,0.0068756817,
0.25375,-0.0016485478,
0.254,0.0023524689,
0.25425,0.0082714865,
0.2545,-0.0061316835,
0.25475,-0.0006535943,
0.255,0.0039822930,
0.25525,0.0044107838,
0.2555,-0.0101083666,
0.25575,0.0103264656,
0.256,0.0079389559,
0.25625,-0.0027915020,
0.2565,-0.0065402756,
0.25675,0.0096323350,
0.257,0.0148131847,
0.25725,-0.0077241641,
0.2575,0.0091655189,
0.25775,0.0247857384,
0.258,0.0063262377,
0.25825,0.0084772222,
0.2585,0.0133079570,
0.25875,0.0195752010,
0.259,0.0082137892,
0.25925,0.0022143056,
0.2595,0.0219378732,
0.25975,-0.0007720626,
0.26,-0.0129861934,
0.26025,0.0043503642,
0.2605,0.0135879815,
0.26075,-0.0075386600,
0.261,-0.0050735758,
0.26125,0.0016021706,
0.2615,0.0100532649,
0.26175,-0.0127609484,
0.262,-0.0034895660,
0.26225,0.0038502121,
0.2625,0.0124861309,
0.26275,-0.0023068052,
0.263,0.0079818163,
0.26325,0.0195169561,
0.2635,0.0016719024,
0.26375,0.0015645298,
0.264,0.0135818012,
0.26425,-0.0011696281,
0.2645,-0.0043599312,
0.26475,0.0087356716,
0.265,0.0029127512,
0.26525,-0.0188784115,
0.2655,0.0003474976,
0.26575,0.0122236032,
0.266,-0.0026629143,
0.26625,-0.0013613796,
0.2665,-0.0030668860,
0.26675,0.0118265543,
0.267,0.0061500957,
0.26725,0.0090815900,
0.2675,0.0029329581,
0.26775,0.0224810001,
0.268,-0.0023025346,
0.26825,0.0041911560,
0.2685,0.0134754032,
0.26875,0.0100398725,
0.269,0.0022108611,
0.26925,0.0065303361,
0.2695,0.0100829871,
0.26975,-0.0030356483,
0.27,-0.0012035694,
0.27025,0.0166505203,
0.2705,-0.0042431457,
0.27075,-0.0048587387,
0.271,-0.0009880767,
0.27125,-0.0036469153,
0.2715,-0.0268069208,
0.27175,-0.0152869839,
0.272,-0.0002683964,
0.27225,-0.0046016038,
0.2725,-0.0041547832,
0.27275,0.0060891155,
0.273,0.0074997256,
0.27325,-0.0155154113,
0.2735,0.0079146894,
0.27375,-0.0048394739,
0.274,-0.0039675040,
0.27425,-0.0112712020,
0.2745,-0.0071412581,
0.27475,-0.0019718502,
0.275,0.0043265047,
0.27525,-0.0086226007,
0.2755,-0.0074165938,
0.27575,0.0004406872,
0.276,0.0013669948,
0.27625,-0.0163498875,
0.2765,-0.0002120543,
0.27675,0.0167826395,
0.277,-0.0027484391,
0.27725,-0.0078469710,
0.2775,0.0233166572,
0.27775,0.0104587851,
0.278,-0.0089320904,
0.27825,0.0015601984,
0.2785,0.0224851370,
0.27875,-0.0109707862,
0.279,-0.0068815886,
0.27925,0.0206779540,
0.2795,-0.0024220899,
0.27975,-0.0202471968,
0.28,0.0056616780,
0.28025,0.0060046441,
0.2805,-0.0108833797,
0.28075,-0.0081648305,
0.281,0.0035468407,
0.28125,-0.0129888840,
0.2815,-0.0153838238,
0.28175,-0.0055589769,
0.282,-0.0067176018,
0.28225,-0.0082725734,
0.2825,-0.0124647990,
0.28275,0.0117153954,
0.283,0.0066166334,
0.28325,0.0021288954,
0.2835,0.0091019822,
0.28375,0.0019619018,
0.284,-0.0072552594,
0.28425,-0.0027578208,
0.2845,-0.0010350911,
0.28475,-0.0060595847,
0.285,-0.0109947613,
0.28525,0.0041957591,
0.2855,0.0009620609,
0.28575,0.0067749647,
0.286,-0.0030248757,
0.28625,-0.0094263647,
0.2865,0.0095467214,
0.28675,0.0109504526,
0.287,0.0014465873,
0.28725,0.0048864544,
0.2875,0.0210062079,
0.28775,0.0004649728,
0.288,0.0016296858,
0.28825,0.0174888521,
0.2885,0.0182102621,
0.28875,-0.0032369664,
0.289,0.0112051852,
0.28925,0.0056559909,
0.2895,-0.0038766074,
0.28975,0.0071833394,
0.29,0.0053786649,
0.29025,-0.0111888824,
0.2905,-0.0104750656,
0.29075,-0.0048097344,
0.291,-0.0001758354,
0.29125,-0.0224449094,
0.2915,-0.0013674235,
0.29175,0.0015292066,
0.292,0.0122075854,
0.29225,0.0116872136,
0.2925,0.0131946569,
0.29275,0.0029634372,
0.293,0.0083834790,
0.29325,-0.0023356869,
0.2935,0.0067049181,
0.29375,0.0068274830,
0.294,-0.0020710961,
0.29425,-0.0001313394,
0.2945,0.0130176442,
0.29475,0.0067652599,
0.295,-0.0106317690,
0.29525,0.0048829238,
0.2955,0.0184322391,
0.29575,0.0149691710,
0.296,-0.0092210481,
0.29625,0.0144553697,
0.2965,0.0159356073,
0.29675,0.0081213741,
0.297,0.0039459202,
0.29725,0.0216142312,
0.2975,0.0112476423,
0.29775,0.0055570602,
0.298,0.0112899635,
0.29825,0.0175757799,
0.2985,0.0046387743,
0.29875,0.0174761210,
0.299,0.0066903355,
0.29925,-0.0059715901,
0.2995,-0.0062372079,
0.29975,-0.0037030280,
0.3,0.0064637694,
0.30025,0.0020908457,
0.3005,-0.0071815392,
0.30075,0.0022863152,
0.301,-0.0110071506,
0.30125,-0.0013260006,
0.3015,-0.0249139480,
0.30175,0.0111330524,
0.302,-0.0037458730,
0.30225,-0.0110777169,
0.3025,0.0140122194,
0.30275,0.0079107806,
0.303,-0.0007340434,
0.30325,-0.0021341848,
0.3035,0.0058391881,
0.30375,-0.0013756084,
0.304,-0.0038338359,
0.30425,-0.0089258878,
0.3045,-0.0007385635,
0.30475,-0.0106346831,
0.305,0.0048134858,
0.30525,0.0055562062,
0.3055,0.0057446253,
0.30575,-0.0038633123,
0.306,-0.0098374197,
0.30625,0.0042101005,
0.3065,0.0095217340,
0.30675,-0.0023264941,
0.307,0.0091298651,
0.30725,0.0130732162,
0.3075,0.0080812545,
0.30775,-0.0015092961,
0.308,0.0104499338,
0.30825,0.0129550807,
0.3085,-0.0010373322,
0.30875,-0.0015639255,
0.309,-0.0074306475,
0.30925,-0.0126492977,
0.3095,0.0032761809,
0.30975,-0.0195445959,
0.31,-0.0078732697,
0.31025,-0.0142277665,
0.3105,-0.0031118214,
0.31075,-0.0089074615,
0.311,-0.0176968593,
0.31125,-0.0104413452,
0.3115,0.0017069886,
0.31175,0.0129022626,
0.312,-0.0000793618,
0.31225,0.0003798044,
0.3125,-0.0049835588,
0.31275,0.0082971202,
0.313,-0.0120907975,
0.31325,0.0098522091,
0.3135,-0.0053867484,
0.31375,0.0005959946,
0.314,0.0037803808,
0.31425,-0.0057821898,
0.3145,-0.0111509021,
0.31475,-0.0061521861,
0.315,-0.0131573360,
0.31525,0.0054441956,
0.3155,0.0064172321,
0.31575,-0.0127668455,
0.316,-0.0105158482,
0.31625,0.0071735065,
0.3165,0.0061112717,
0.31675,-0.0186872315,
0.317,0.0051240153,
0.31725,0.0167642925,
0.3175,-0.0147682196,
0.31775,-0.0039492846,
0.318,0.0148945283,
0.31825,-0.0000392954,
0.3185,-0.0005810267,
0.31875,-0.0110932440,
0.319,-0.0084058261,
0.31925,-0.0136617487,
0.3195,-0.0140955970,
0.31975,0.0149312168,
0.32,-0.0096277082,
0.32025,-0.0136954840,
0.3205,-0.0004673742,
0.32075,-0.0270406790,
0.321,-0.0197405070,
0.32125,-0.0198754445,
0.3215,0.0013356993,
0.32175,-0.0089040734,
0.322,-0.0054206424,
0.32225,0.0004992771,
0.3225,0.0046615521,
0.32275,-0.0074958503,
0.323,0.0029119058,
0.32325,-0.0047684889,
0.3235,0.0063039782,
0.32375,-0.0057720770,
0.324,-0.0047597531,
0.32425,-0.0105891135,
0.3245,-0.0015298869,
0.32475,-0.0047626165,
0.325,-0.0147615978,
0.32525,0.0036426252,
0.3255,-0.0063944091,
0.32575,-0.0164693184,
0.326,-0.0007451632,
0.32625,0.0117407553,
0.3265,-0.0068898555,
0.32675,0.0048630121,
0.327,0.0130901476,
0.32725,-0.0031627135,
0.3275,-0.0045567956,
0.32775,0.0037244803,
0.328,0.0137648927,
0.32825,-0.0028737760,
0.3285,-0.0131119462,
0.32875,-0.0128965750,
0.329,-0.0101016043,
0.32925,-0.0089163510,
0.3295,-0.0161473751,
0.32975,0.0087317014,
0.33,-0.0058607580,
0.33025,-0.0062005771,
0.3305,-0.0252390653,
0.33075,-0.0156370718,
0.331,-0.0227196366,
0.33125,0.0007698228,
0.3315,0.0060393028,
0.33175,0.0067550810,
0.332,-0.0010304168,
0.33225,0.0049370443,
0.3325,0.0050805043,
0.33275,-0.0007530623,
0.333,-0.0047429688,
0.33325,-0.0039803451,
0.3335,0.0020391981,
0.33375,-0.0051497947,
0.334,-0.0131975720,
0.33425,-0.0128995813,
0.3345,-0.0042571765,
0.33475,-0.0126389647,
0.335,0.0094378311,
0.33525,0.0026212747,
0.3355,-0.0068045845,
0.33575,-0.0026821569,
0.336,0.0025410298,
0.33625,0.0016588797,
0.3365,-0.0056574978,
0.33675,0.0047918470,
0.337,-0.0022013837,
0.33725,-0.0094479788,
0.3375,-0.0043037063,
0.33775,0.0019723990,
0.338,0.0133311208,
0.33825,-0.0060986597,
0.3385,-0.0102153625,
0.33875,-0.0103526702,
0.339,-0.0060640550,
0.33925,-0.0136474660,
0.3395,0.0016140894,
0.33975,-0.0165620651,
0.34,-0.0174968261,
0.34025,-0.0240221918,
0.3405,-0.0133691402,
0.34075,-0.0140866488,
0.341,-0.0253444463,
0.34125,-0.0025433251,
0.3415,-0.0006950457,
0.34175,0.0057628779,
0.342,-0.0143528804,
0.34225,0.0130430609,
0.3425,0.0124526471,
0.34275,-0.0103455493,
0.343,-0.0073868227,
0.34325,0.0121051315,
0.3435,-0.0083973277,
0.34375,-0.0054711234,
0.344,-0.0065160072,
0.34425,0.0090207262,
0.3445,-0.0212331340,
0.34475,-0.0002778085,
0.345,0.0028822473,
0.34525,-0.0097923651,
0.3455,-0.0045012194,
0.34575,-0.0005570580,
0.346,0.0070603220,
0.34625,0.0057787104,
0.3465,0.0019713701,
0.34675,0.0093245711,
0.347,0.0018672949,
0.34725,-0.0006419627,
0.3475,0.0046956316,
0.34775,0.0115324464,
0.348,-0.0018497730,
0.34825,-0.0036279783,
0.3485,-0.0085479859,
0.34875,0.0041123275,
0.349,-0.0107524116,
0.34925,-0.0083187623,
0.3495,0.0123309763,
0.34975,0.0012136854,
0.35,-0.0088516567,
0.35025,-0.0198674686,
0.3505,-0.0147538399,
0.35075,-0.0257109180,
0.351,0.0023905609,
0.35125,0.0094206017,
0.3515,0.0110799680,
0.35175,0.0009953360,
0.352,0.0134411007,
0.35225,0.0079437895,
0.3525,0.0071929693,
0.35275,-0.0027130502,
0.353,-0.0073545622,
0.35325,0.0089381989,
0.3535,-0.0001166836,
0.35375,-0.0157282874,
0.354,0.0004180211,
0.35425,0.0081010656,
0.3545,0.0038733818,
0.35475,-0.0101294238,
0.355,0.0115299840,
0.35525,0.0109094661,
0.3555,-0.0144876335,
0.35575,0.0100632329,
0.356,0.0142194480,
0.35625,-0.0011429609,
0.3565,-0.0021250416,
0.35675,0.0157102346,
0.357,0.0161132403,
0.35725,-0.0086795362,
0.3575,0.0153287686,
0.35775,0.0230573304,
0.358,-0.0157570019,
0.35825,-0.0006574968,
0.3585,0.0063672801,
0.35875,-0.0123698711,
0.359,-0.0096282763,
0.35925,-0.0000336951,
0.3595,-0.0185906924,
0.35975,-0.0215724483,
0.36,-0.0119571583,
0.36025,0.0158168785,
0.3605,-0.0227874611,
0.36075,-0.0140434094,
0.361,0.0169111490,
0.36125,0.0092907809,
0.3615,0.0086459015,
0.36175,0.0082262214,
0.362,0.0157022122,
0.36225,0.0155901946,
0.3625,-0.0062238029,
0.36275,0.0100703826,
0.363,0.0090430118,
0.36325,0.0033417582,
0.3635,0.0005069364,
0.36375,-0.0079204496,
0.364,0.0182497371,
0.36425,-0.0047841091,
0.3645,0.0007241166,
0.36475,-0.0048419340,
0.365,0.0069883000,
0.36525,-0.0023912571,
0.3655,0.0036356063,
0.36575,0.0177554954,
0.366,0.0204426832,
0.36625,-0.0018509880,
0.3665,0.0153964385,
0.36675,0.0216751248,
0.367,0.0071389456,
0.36725,0.0076262606,
0.3675,0.0185377561,
0.36775,0.0069518099,
0.368,0.0042040404,
0.36825,0.0036859717,
0.3685,0.0216908772,
0.36875,-0.0048768953,
0.369,-0.0011022586,
0.36925,0.0104025025,
0.3695,-0.0019493088,
0.36975,-0.0138914073,
0.37,-0.0106613357,
0.37025,-0.0133760255,
0.3705,-0.0167503282,
0.37075,0.0066215121,
0.371,0.0113283107,
0.37125,0.0181447174,
0.3715,0.0069144657,
0.37175,0.0153118726,
0.372,0.0171602070,
0.37225,0.0179322921,
0.3725,0.0000759246,
0.37275,0.0012257576,
0.373,0.0174819604,
0.37325,0.0046686009,
0.3735,-0.0140730143,
0.37375,0.0120966826,
0.374,0.0047306954,
0.37425,0.0035134389,
0.3745,-0.0105402851,
0.37475,0.0108423419,
0.375,0.0161696393,
0.37525,-0.0084299957,
0.3755,0.0143310409,
0.37575,0.0123603363,
0.376,0.0077011408,
0.37625,0.0015970180,
0.3765,0.0200285390,
0.37675,0.0154884718,
0.377,0.0001177454,
0.37725,0.0133888330,
0.3775,0.0159877744,
0.37775,0.0031891479,
0.378,0.0033222255,
0.37825,-0.0056704483,
0.3785,-0.0104953730,
0.37875,-0.0057881647,
0.379,0.0009231628,
0.37925,-0.0078162141,
0.3795,-0.0084570171,
0.37975,-0.0079043694,
0.38,0.0001513322,
0.38025,-0.0127065461,
0.3805,-0.0076228110,
0.38075,0.0019236066,
0.381,0.0146684553,
0.38125,0.0126223173,
0.3815,-0.0052668899,
0.38175,0.0166230425,
0.382,0.0231793802,
0.38225,-0.0025022570,
0.3825,0.0066335136,
0.38275,0.0077046151,
0.383,0.0158855952,
0.38325,-0.0096792970,
0.3835,0.0034956993,
0.38375,0.0110916737,
0.384,-0.0003832013,
0.38425,-0.0057869148,
0.3845,-0.0053525153,
0.38475,0.0036250134,
0.385,-0.0016055463,
0.38525,0.0101833148,
0.3855,0.0129190171,
0.38575,0.0150159448,
0.386,0.0013020961,
0.38625,0.0080584390,
0.3865,0.0079995561,
0.38675,0.0073703816,
0.387,0.0017267850,
0.38725,0.0004571726,
0.3875,0.0056485618,
0.38775,0.0012822333,
0.388,-0.0092043774,
0.38825,0.0106720245,
0.3885,-0.0057542860,
0.38875,-0.0025464692,
0.389,-0.0015269610,
0.38925,-0.0153180314,
0.3895,-0.0336694680,
0.38975,-0.0218414031,
0.39,-0.0125821475,
0.39025,-0.0002184715,
0.3905,0.0067633865,
0.39075,0.0054306951,
0.391,0.0083017871,
0.39125,0.0051519829,
0.3915,0.0100760395,
0.39175,0.0177872851,
0.392,0.0075132661,
0.39225,0.0038864794,
0.3925,-0.0022224998,
0.39275,0.0072271992,
0.393,0.0046662139,
0.39325,-0.0099553522,
0.3935,-0.0019634059,
0.39375,0.0110328523,
0.394,0.0030870570,
0.39425,-0.0260508135,
0.3945,-0.0018897629,
0.39475,0.0100803971,
0.395,-0.0024809435,
0.39525,-0.0111871120,
0.3955,0.0160438586,
0.39575,0.0154289957,
0.396,-0.0127037102,
0.39625,0.0139198368,
0.3965,0.0178998765,
0.39675,-0.0095796082,
0.397,0.0016906871,
0.39725,0.0237773508,
0.3975,0.0041001593,
0.39775,-0.0156817064,
0.398,-0.0125568165,
0.39825,-0.0049175876,
0.3985,-0.0127648450,
0.39875,-0.0014462497,
0.399,0.0008867709,
0.39925,-0.0112082940,
0.3995,-0.0041073873,
0.39975,-0.0003120200,
0.4,-0.0183909498,
0.40025,-0.0020556115,
0.4005,0.0058591794,
0.40075,0.0162758008,
0.401,0.0095336027,
0.40125,0.0029617143,
0.4015,0.0192087591,
0.40175,0.0050195530,
0.402,0.0114956638,
0.40225,-0.0008692386,
0.4025,0.0018211505,
0.40275,0.0150146075,
0.403,-0.0125470376,
0.40325,0.0034288992,
0.4035,0.0063684694,
0.40375,0.0119252121,
0.404,-0.0070453975,
0.40425,-0.0085868193,
0.4045,0.0125205498,
0.40475,0.0078972001,
0.405,-0.0056760660,
0.40525,0.0066705123,
0.4055,0.0163981896,
0.40575,-0.0001121992,
0.406,-0.0036864681,
0.40625,0.0107851308,
0.4065,0.0122310910,
0.40675,-0.0005660102,
0.407,0.0116773602,
0.40725,0.0159760844,
0.4075,0.0000488084,
0.40775,0.0016621398,
0.408,0.0077208388,
0.40825,-0.0067141624,
0.4085,-0.0043867049,
0.40875,-0.0035591433,
0.409,-0.0060849721,
0.40925,-0.0163198616,
0.4095,-0.0126700057,
0.40975,0.0031156896,
0.41,0.0055816742,
0.41025,0.0036046689,
0.4105,0.0076299259,
0.41075,0.0069606216,
0.411,0.0044481950,
0.41125,0.0096974466,
0.4115,0.0122571718,
0.41175,0.0157484338,
0.412,-0.0016092247,
0.41225,0.0033238614,
0.4125,0.0108153112,
0.41275,0.0084406333,
0.413,-0.0038780030,
0.41325,0.0007870013,
0.4135,0.0194249246,
0.41375,-0.0003941040,
0.414,-0.0111701135,
0.41425,0.0076867696,
0.4145,0.0135763530,
0.41475,-0.0058250390,
0.415,-0.0061707222,
0.41525,0.0152351791,
0.4155,0.0098278979,
0.41575,-0.0036191484,
0.416,0.0100178877,
0.41625,0.0175061766,
0.4165,0.0073825847,
0.41675,0.0077027450,
0.417,0.0112378551,
0.41725,0.0051030745,
0.4175,-0.0112115964,
0.41775,-0.0169485100,
0.418,0.0085546616,
0.41825,0.0042213653,
0.4185,-0.0139147528,
0.41875,-0.0041167699,
0.419,0.0033235759,
0.41925,0.0020106053,
0.4195,-0.0221110433,
0.41975,-0.0149448691,
0.42,0.0061135655,
0.42025,-0.0086025428,
0.4205,0.0030592224,
0.42075,0.0086173192,
0.421,-0.0000476538,
0.42125,0.0056320126,
0.4215,0.0097478218,
0.42175,0.0148376971,
0.422,-0.0101377722,
0.42225,0.0018335988,
0.4225,0.0081732254,
0.42275,-0.0092222253,
0.423,-0.0040875999,
0.42325,0.0072979899,
0.4235,0.0009330864,
0.42375,-0.0127545465,
0.424,-0.0047648917,
0.42425,-0.0023821855,
0.4245,0.0071808468,
0.42475,-0.0126524121,
0.425,-0.0011072939,
0.42525,0.0012488855,
0.4255,0.0026581760,
0.42575,-0.0153942080,
0.426,0.0061449637,
0.42625,0.0003626506,
0.4265,-0.0055243005,
0.42675,-0.0071502198,
0.427,0.0107642543,
0.42725,-0.0082328459,
0.4275,-0.0177721959,
0.42775,-0.0091305040,
0.428,-0.0066613895,
0.42825,-0.0213914476,
0.4285,-0.0073235147,
0.42875,-0.0093449224,
0.429,-0.0053941412,
0.42925,-0.0309202466,
0.4295,-0.0064362949,
0.42975,-0.0018002243,
0.43,-0.0115191340,
0.43025,-0.0019390590,
0.4305,-0.0002873235,
0.43075,0.0026045777,
0.431,-0.0034586771,
0.43125,-0.0027920306,
0.4315,-0.0001823909,
0.43175,-0.0044067153,
0.432,-0.0041795466,
0.43225,-0.0060147187,
0.4325,-0.0043917228,
0.43275,-0.0128489835,
0.433,-0.0088059185,
0.43325,-0.0047385097,
0.4335,-0.0120931808,
0.43375,-0.0239579976,
0.434,-0.0159352515,
0.43425,0.0087625794,
0.4345,-0.0113625228,
0.43475,-0.0205665529,
0.435,0.0013641659,
0.43525,0.0085931635,
0.4355,-0.0192363057,
0.43575,-0.0093679242,
0.436,0.0136144049,
0.43625,-0.0038501369,
0.4365,-0.0173250288,
0.43675,0.0031861011,
0.437,-0.0004466626,
0.43725,-0.0298886113,
0.4375,-0.0163358673,
0.43775,0.0178981405,
0.438,-0.0087546129,
0.43825,-0.0213830005,
0.4385,-0.0039874497,
0.43875,-0.0160757247,
0.439,-0.0260000601,
0.43925,-0.0250807256,
0.4395,-0.0051951194,
0.43975,-0.0090329573,
0.44,-0.0021651578,
0.44025,-0.0012442423,
0.4405,0.0003645302,
0.44075,0.0011998091,
0.441,0.0031416435,
0.44125,0.0039144033,
0.4415,-0.0077564032,
0.44175,-0.0071826042,
0.442,0.0016626889,
0.44225,-0.0134580024,
0.4425,-0.0065480908,
0.44275,-0.0120373406,
0.443,-0.0047120536,
0.44325,0.0016954279,
0.4435,-0.0128287366,
0.44375,-0.0181011129,
0.444,0.0071393587,
0.44425,0.0015017694,
0.4445,-0.0071047172,
0.44475,-0.0067697563,
0.445,0.0147443777,
0.44525,0.0015100219,
0.4455,-0.0099107847,
0.44575,0.0092744818,
0.446,0.0087493435,
0.44625,0.0010599563,
0.4465,0.0006862412,
0.44675,0.0110461395,
0.447,0.0003271128,
0.44725,-0.0059099253,
0.4475,0.0040163361,
0.44775,0.0016514839,
0.448,-0.0157037675,
0.44825,0.0021598851,
0.4485,-0.0094852708,
0.44875,-0.0098707397,
0.449,-0.0171796028,
0.44925,-0.0025696061,
0.4495,0.0060515110,
0.44975,0.0050005922,
0.45,-0.0020298907,
0.45025,0.0124508943,
0.4505,-0.0060671917,
0.45075,0.0022755142,
0.451,-0.0039241854,
0.45125,0.0007970550,
0.4515,0.0041892054,
0.45175,-0.0063304328,
0.452,0.0025523349,
0.45225,0.0072411681,
0.4525,0.0009736824,
0.45275,-0.0024703597,
0.453,0.0044889157,
0.45325,-0.0008869178,
0.4535,-0.0080872383,
0.45375,-0.0044130385,
0.454,0.0142554846,
0.45425,-0.0017704328,
0.4545,0.0024653273,
0.45475,0.0176726542,
0.455,0.0162570216,
0.45525,0.0028877007,
0.4555,0.0094070248,
0.45575,0.0200938825,
0.456,0.0158411730,
0.45625,-0.0026965104,
0.4565,0.0147624817,
0.45675,0.0055268775,
0.457,-0.0093736742,
0.45725,0.0030447291,
0.4575,0.0132426796,
0.45775,0.0047049797,
0.458,0.0028747483,
0.45825,-0.0164859202,
0.4585,0.0040188078,
0.45875,-0.0028907380,
0.459,-0.0170744359,
0.45925,0.0071080513,
0.4595,0.0149730053,
0.45975,0.0018650857,
0.46,0.0023618806,
0.46025,0.0165280644,
0.4605,0.0146597913,
0.46075,-0.0108061470,
0.461,0.0112314941,
0.46125,0.0034663696,
0.4615,-0.0116144819,
0.46175,0.0044592400,
0.462,-0.0014640915,
0.46225,0.0013252029,
0.4625,-0.0031453241,
0.46275,0.0112663843,
0.463,0.0135881696,
0.46325,0.0012020773,
0.4635,-0.0070803934,
0.46375,0.0112828948,
0.464,0.0095195752,
0.46425,0.0089648934,
0.4645,0.0068216766,
0.46475,0.0195985492,
0.465,0.0065637231,
0.46525,0.0032839903,
0.4655,0.0089666583,
0.46575,0.0165561307,
0.466,0.0139734223,
0.46625,0.0061738314,
0.4665,-0.0027001170,
0.46675,-0.0019246736,
0.467,-0.0038742083,
0.46725,-0.0002536380,
0.4675,0.0026182933,
0.46775,-0.0050448976,
0.468,-0.0092139831,
0.46825,0.0036630314,
0.4685,-0.0122955311,
0.46875,-0.0112834349,
0.469,-0.0033904228,
0.46925,0.0126995286,
0.4695,0.0152091626,
0.46975,-0.0029072799,
0.47,0.0055441121,
0.47025,-0.0090839947,
0.4705,0.0023837052,
0.47075,-0.0054004351,
0.471,0.0006834666,
0.47125,0.0053392230,
0.4715,0.0060531385,
0.47175,-0.0021507589,
0.472,0.0108324718,
0.47225,-0.0021156515,
0.4725,-0.0018921740,
0.47275,-0.0065552494,
0.473,0.0071700285,
0.47325,-0.0050437059,
0.4735,-0.0192378256,
0.47375,0.0063124504,
0.474,0.0125990510,
0.47425,-0.0084448745,
0.4745,0.0125643667,
0.47475,0.0175166950,
0.475,0.0081296051,
0.47525,-0.0046220403,
0.4755,0.0148501433,
0.47575,0.0143576888,
0.476,-0.0143480282,
0.47625,0.0100918449,
0.4765,-0.0090934541,
0.47675,-0.0237996839,
0.477,-0.0027521001,
0.47725,0.0086004799,
0.4775,0.0027096143,
0.47775,-0.0139235165,
0.478,-0.0031068383,
0.47825,0.0055180825,
0.4785,-0.0208472647,
0.47875,-0.0171342734,
0.479,0.0074624736,
0.47925,-0.0037836425,
0.4795,-0.0139397113,
0.47975,0.0043051499,
0.48,0.0012771426,
0.48025,-0.0020773557,
0.4805,-0.0070933104,
0.48075,0.0007877616,
0.481,-0.0119103789,
0.48125,0.0035430812,
0.4815,-0.0152336815,
0.48175,-0.0080754524,
0.482,0.0004318244,
0.48225,-0.0045594629,
0.4825,-0.0022599271,
0.48275,-0.0027870971,
0.483,0.0036908225,
0.48325,-0.0157384928,
0.4835,-0.0008886305,
0.48375,0.0135015771,
0.484,0.0081192432,
0.48425,0.0009879866,
0.4845,0.0148081742,
0.48475,0.0126479706,
0.485,-0.0067128385,
0.48525,0.0019449985,
0.4855,0.0182176847,
0.48575,0.0026867171,
0.486,-0.0022007071,
0.48625,-0.0053890091,
0.4865,-0.0030375938,
0.48675,0.0011924843,
0.487,-0.0008801200,
0.48725,0.0018564797,
0.4875,0.0000800889,
0.48775,0.0007781881,
0.488,0.0073738666,
0.48825,-0.0263122767,
0.4885,-0.0024400172,
0.48875,0.0039431457,
0.489,0.0141642299,
0.48925,0.0126813408,
0.4895,0.0079377415,
0.48975,-0.0035387520,
0.49,0.0144505259,
0.49025,0.0036696473,
0.4905,0.0005590350,
0.49075,0.0021459865,
0.491,0.0087176440,
0.49125,0.0092954291,
0.4915,-0.0021884844,
0.49175,0.0080745844,
0.492,-0.0077791503,
0.49225,0.0000710780,
0.4925,0.0030811827,
0.49275,0.0172734484,
0.493,0.0014793546,
0.49325,-0.0028458403,
0.4935,0.0182123072,
0.49375,0.0086172596,
0.494,0.0094021661,
0.49425,0.0079607945,
0.4945,0.0207858533,
0.49475,0.0142474333,
0.495,-0.0001338482,
0.49525,0.0207829960,
0.4955,0.0143116172,
0.49575,0.0147304125,
0.496,0.0086671710,
0.49625,-0.0101285409,
0.4965,0.0071553071,
0.49675,0.0164882503,
0.497,0.0080010695,
0.49725,0.0144355651,
0.4975,0.0028377203,
0.49775,0.0038144530,
0.498,-0.0091656195,
0.49825,0.0018861033,
0.4985,-0.0100290636,
0.49875,0.0030462379,
0.499,0.0072628683,
0.49925,0.0090259090,
0.4995,-0.0023656762,
0.49975,0.0078139277,
0.5,0.0016959467,
0.50025,0.0027726314,
0.5005,-0.0017426374,
0.50075,-0.0006609154,
0.501,0.0140448380,
0.50125,-0.0164951123,
0.5015,0.0012191283,
0.50175,0.0022224688,
0.502,-0.0058639357,
0.50225,-0.0015300172,
0.5025,0.0140856160,
0.50275,-0.0007711932,
0.503,-0.0077051232,
0.50325,0.0072895028,
0.5035,0.0143169286,
0.50375,0.0087038409,
0.504,0.0011919305,
0.50425,0.0119557008,
0.5045,0.0071849404,
0.50475,-0.0003762107,
0.505,0.0014766400,
0.50525,0.0058772485,
0.5055,0.0131873861,
0.50575,-0.0032297424,
0.506,-0.0097627761,
0.50625,-0.0079188012,
0.5065,-0.0068102973,
0.50675,-0.0105051082,
0.507,-0.0004798826,
0.50725,0.0085725803,
0.5075,-0.0046545081,
0.50775,-0.0208081286,
0.508,-0.0146604218,
0.50825,-0.0017545936,
0.5085,-0.0064766523,
0.50875,0.0063548656,
0.509,0.0071274145,
0.50925,0.0045330781,
0.5095,-0.0059279501,
0.50975,0.0156642143,
0.51,-0.0000689853,
0.51025,-0.0069455169,
0.5105,-0.0059788618,
0.51075,0.0034337412,
0.511,-0.0069039636,
0.51125,-0.0085086776,
0.5115,-0.0266463887,
0.51175,0.0020901104,
0.512,-0.0067841844,
0.51225,-0.0127423787,
0.5125,0.0059595630,
0.51275,0.0039300220,
0.513,-0.0079361247,
0.51325,-0.0073262863,
0.5135,0.0054757758,
0.51375,0.0045122257,
0.514,-0.0163057782,
0.51425,0.0108844787,
0.5145,0.0095336493,
0.51475,-0.0137195736,
0.515,0.0072158687,
0.51525,0.0198838655,
0.5155,0.0043797153,
0.51575,-0.0136043243,
0.516,-0.0139075499,
0.51625,0.0073522325,
0.5165,-0.0138057787,
0.51675,-0.0046609426,
0.517,0.0030872975,
0.51725,-0.0251556747,
0.5175,-0.0136503484,
0.51775,-0.0082406262,
0.518,-0.0097902697,
0.51825,-0.0246443078,
0.5185,-0.0008679339,
0.51875,0.0032464364,
0.519,-0.0016609796,
0.51925,-0.0089314207,
0.5195,0.0058506657,
0.51975,-0.0058674738,
0.52,0.0093268799,
0.52025,-0.0155098569,
0.5205,-0.0017397136,
0.52075,0.0013274791,
0.521,-0.0077797398,
0.52125,-0.0105523113,
0.5215,0.0039488310,
0.52175,-0.0000876598,
0.522,-0.0162048191,
0.52225,-0.0013821006,
0.5225,0.0036867121,
0.52275,0.0014451740,
0.523,-0.0134439506,
0.52325,0.0110949092,
0.5235,0.0153299989,
0.52375,-0.0032949469,
0.524,0.0035241547,
0.52425,0.0089350222,
0.5245,-0.0015395372,
0.52475,0.0004101472,
0.525,0.0097022895,
0.52525,0.0133545119,
0.5255,-0.0114137596,
0.52575,-0.0082550589,
0.526,-0.0007917220,
0.52625,-0.0020983913,
0.5265,-0.0057833595,
0.52675,0.0054611075,
0.527,0.0057094051,
0.52725,0.0025578556,
0.5275,-0.0262813922,
0.52775,-0.0007828522,
0.528,-0.0140247159,
0.52825,-0.0017720456,
0.5285,0.0060982932,
0.52875,0.0031203339,
0.529,0.0036831195,
0.52925,0.0052868193,
0.5295,0.0066201831,
0.52975,0.0120292213,
0.53,-0.0031306143,
0.53025,-0.0055395411,
0.5305,0.0099552255,
0.53075,-0.0094026327,
0.531,-0.0129332785,
0.53125,-0.0238073021,
0.5315,0.0044326428,
0.53175,-0.0103803854,
0.532,-0.0106063858,
0.53225,0.0058227894,
0.5325,0.0020860285,
0.53275,-0.0099277170,
0.533,0.0037560062,
0.53325,0.0100478418,
0.5335,0.0053588585,
0.53375,-0.0072789127,
0.534,0.0052994913,
0.53425,0.0053822291,
0.5345,-0.0029958852,
0.53475,-0.0010393454,
0.535,0.0072516762,
0.53525,-0.0011552402,
0.5355,-0.0203338098,
0.53575,-0.0146117480,
0.536,0.0057915389,
0.53625,-0.0150678381,
0.5365,-0.0091885813,
0.53675,-0.0107295429,
0.537,-0.0168476235,
0.53725,-0.0144046191,
0.5375,-0.0170981027,
0.53775,-0.0070591089,
0.538,-0.0198743604,
0.53825,-0.0067663519,
0.5385,-0.0009184672,
0.53875,0.0007314809,
0.539,-0.0106263850,
0.53925,-0.0028615245,
0.5395,0.0143327108,
0.53975,0.0051835733,
0.54,-0.0247002915,
0.54025,0.0048194607,
0.5405,-0.0037758148,
0.54075,-0.0137914680,
0.541,-0.0203676168,
0.54125,0.0082164407,
0.5415,-0.0197843947,
0.54175,-0.0142756579,
0.542,-0.0099672917,
0.54225,-0.0074299816,
0.5425,-0.0115227215,
0.54275,-0.0035440936,
0.543,0.0021591536,
0.54325,0.0071238782,
0.5435,-0.0003611094,
0.54375,-0.0091942875,
0.544,0.0061908928,
0.54425,0.0003645719,
0.5445,-0.0045662541,
0.54475,0.0005610568,
0.545,-0.0017433786,
0.54525,-0.0091983275,
0.5455,-0.0138476724,
0.54575,0.0024708807,
0.546,-0.0005099704,
0.54625,-0.0173484609,
0.5465,-0.0062905233,
0.54675,-0.0075756391,
0.547,-0.0085044811,
0.54725,-0.0302698575,
0.5475,-0.0095877750,
0.54775,-0.0165570173,
0.548,-0.0013661304,
0.54825,-0.0086408593,
0.5485,0.0087710507,
0.54875,-0.0042851311,
0.549,0.0017858597,
0.54925,0.0025085313,
0.5495,0.0037056764,
0.54975,-0.0086229434,
0.55,-0.0092398636,
0.55025,-0.0036993581,
0.5505,-0.0039352169,
0.55075,-0.0183938928,
0.551,-0.0150634814,
0.55125,0.0041658683,
0.5515,-0.0030163284,
0.55175,-0.0068739126,
0.552,-0.0157788843,
0.55225,0.0152735217,
0.5525,-0.0082450481,
0.55275,-0.0096738981,
0.553,0.0118486257,
0.55325,0.0133345174,
0.5535,-0.0163692273,
0.55375,0.0019213934,
0.554,0.0112016499,
0.55425,-0.0006786347,
0.5545,-0.0177109633,
0.55475,0.0161978006,
0.555,0.0073007145,
0.55525,-0.0201786049,
0.5555,-0.0012249873,
0.55575,-0.0002158422,
0.556,-0.0269338377,
0.55625,-0.0062068887,
0.5565,-0.0096331267,
0.55675,-0.0051966524,
0.557,-0.0257802866,
0.55725,0.0021626244,
0.5575,-0.0039581773,
0.55775,-0.0161806811,
0.558,0.0075058872,
0.55825,0.0012768857,
0.5585,0.0115764337,
0.55875,0.0128083257,
0.559,0.0131670311,
0.55925,0.0173929315,
0.5595,0.0132695269,
0.55975,0.0050373897,
0.56,0.0076728258,
0.56025,0.0084567070,
0.5605,-0.0081679877,
0.56075,-0.0078263097,
0.561,0.0089582140,
0.56125,0.0045042261,
0.5615,0.0029491214,
0.56175,-0.0128748901,
0.562,0.0167026948,
0.56225,0.0048738201,
0.5625,0.0052121235,
0.56275,0.0142221050,
0.563,0.0187352467,
0.56325,0.0144841298,
0.5635,-0.0063756476,
0.56375,0.0194167383,
0.564,0.0223266259,
0.56425,-0.0031587845,
0.5645,0.0169408899,
0.56475,0.0090603512,
0.565,-0.0021335329,
0.56525,-0.0007731724,
0.5655,0.0153441392,
0.56575,0.0074217021,
0.566,-0.0072179474,
0.56625,0.0071518170,
0.5665,-0.0020970050,
0.56675,-0.0241521299,
0.567,-0.0244721696,
0.56725,0.0005602906,
0.5675,0.0022894619,
0.56775,0.0166443661,
0.568,0.0029108105,
0.56825,0.0261788536,
0.5685,0.0102515779,
0.56875,0.0081067979,
0.569,0.0133021176,
0.56925,0.0093381042,
0.5695,0.0096118907,
0.56975,-0.0024764368,
0.57,0.0104561402,
0.57025,0.0177083947,
0.5705,-0.0038054618,
0.57075,0.0067690336,
0.571,0.0168233067,
0.57125,0.0143260527,
0.5715,-0.0039073480,
0.57175,-0.0096258074,
0.572,0.0108653903,
0.57225,0.0002677250,
0.5725,0.0025273489,
0.57275,0.0167285670,
0.573,0.0192450155,
0.57325,0.0024347291,
0.5735,0.0175932646,
0.57375,0.0119766453,
0.574,0.0165257305,
0.57425,-0.0056376141,
0.5745,0.0164732058,
0.57475,0.0145438258,
0.575,-0.0140178222,
0.57525,-0.0029587927,
0.5755,-0.0100122485,
0.57575,-0.0100642359,
0.576,0.0007772043,
0.57625,-0.0056691673,
0.5765,0.0056356294,
0.57675,-0.0028136452,
0.577,0.0020753613,
0.57725,-0.0080467835,
0.5775,0.0012922100,
0.57775,-0.0081253080,
0.578,0.0004451268,
0.57825,0.0199445710,
0.5785,0.0103886016,
0.57875,0.0042452542,
0.579,0.0167314671,
0.57925,0.0160374865,
0.5795,-0.0030908445,
0.57975,0.0028541414,
0.58,0.0174701922,
0.58025,-0.0192991029,
0.5805,-0.0037157144,
0.58075,0.0044859555,
0.581,0.0060966322,
0.58125,-0.0103137884,
0.5815,-0.0205307659,
0.58175,0.0063889562,
0.582,-0.0057022981,
0.58225,0.0050983061,
0.5825,-0.0029909040,
0.58275,0.0140523352,
0.583,0.0094462568,
0.58325,0.0026331923,
0.5835,0.0107436022,
0.58375,0.0150068766,
0.584,0.0033800164,
0.58425,0.0025454271,
0.5845,0.0016537982,
0.58475,0.0026315083,
0.585,-0.0036006842,
0.58525,-0.0035027922,
0.5855,-0.0071377591,
0.58575,-0.0085019171,
0.586,-0.0031997948,
0.58625,0.0015829284,
0.5865,-0.0214591417,
0.58675,-0.0070909420,
0.587,-0.0068225940,
0.58725,0.0061476491,
0.5875,0.0082873823,
0.58775,-0.0009858883,
0.588,0.0132478969,
0.58825,-0.0005805307,
0.5885,0.0086056236,
0.58875,0.0109721888,
0.589,0.0052025891,
0.58925,-0.0005593783,
0.5895,-0.0005125383,
0.58975,0.0032874867,
0.59,0.0052159196,
0.59025,-0.0129247820,
0.5905,-0.0071076155,
0.59075,0.0011572215,
0.591,0.0130388523,
0.59125,-0.0102773253,
0.5915,-0.0153194983,
0.59175,0.0128498096,
0.592,0.0122478288,
0.59225,-0.0084246295,
0.5925,0.0084140273,
0.59275,0.0213845465,
0.593,-0.0034348825,
0.59325,-0.0083290832,
0.5935,0.0181731321,
0.59375,0.0099742413,
0.594,-0.0110480478,
0.59425,0.0097715948,
0.5945,0.0030735123,
0.59475,-0.0187820997,
0.595,-0.0091668218,
0.59525,0.0032396764,
0.5955,0.0052973023,
0.59575,-0.0104779545,
0.596,0.0088783838,
0.59625,0.0032565626,
0.5965,-0.0060967179,
0.59675,-0.0089885928,
0.597,-0.0093146609,
0.59725,-0.0005810859,
0.5975,-0.0159712341,
0.59775,0.0106406966,
0.598,0.0034452714,
0.59825,0.0070542381,
0.5985,0.0110545205,
0.59875,0.0080141928,
0.599,0.0104900524,
0.59925,0.0103695206,
0.5995,-0.0028560220,
0.59975,0.0014710670,
0.6,-0.0040514045,
0.60025,0.0059794653,
0.6005,-0.0034334159,
0.60075,0.0083859889,
0.601,0.0009888916,
0.60125,-0.0084969811,
0.6015,-0.0027210300,
0.60175,0.0258796029,
0.602,0.0005421395,
0.60225,-0.0075750686,
0.6025,0.0238088425,
0.60275,0.0111914696,
0.603,-0.0024839845,
0.60325,0.0123154735,
0.6035,0.0184449665,
0.60375,0.0065720184,
0.604,-0.0000042076,
0.60425,0.0125270896,
0.6045,0.0068638306,
0.60475,-0.0039655431,
0.605,0.0019413909,
0.60525,-0.0092726471,
0.6055,-0.0049232091,
0.60575,-0.0015005022,
0.606,0.0008060856,
0.60625,-0.0114005450,
0.6065,-0.0121016335,
0.60675,-0.0027638746,
0.607,0.0115737766,
0.60725,-0.0003358129,
0.6075,0.0055879676,
0.60775,0.0078914212,
0.608,0.0146176647,
0.60825,0.0063812383,
0.6085,0.0059986738,
0.60875,0.0118413270,
0.609,0.0095086582,
0.60925,0.0014688473,
0.6095,0.0072944108,
0.60975,-0.0018708522,
0.61,0.0011229289,
0.61025,-0.0064295148,
0.6105,0.0103924600,
0.61075,0.0161745120,
0.611,-0.0081613064,
0.61125,0.0029522672,
0.6115,0.0176182184,
0.61175,0.0060510174,
0.612,-0.0009625765,
0.61225,0.0061092223,
0.6125,0.0177656095,
0.61275,0.0069294078,
0.613,-0.0044770967,
0.61325,0.0199523270,
0.6135,0.0061466070,
0.61375,0.0092243999,
0.614,0.0010094338,
0.61425,-0.0117271468,
0.6145,-0.0035124596,
0.61475,-0.0161442980,
0.615,0.0054981816,
0.61525,0.0092449952,
0.6155,-0.0155073628,
0.61575,-0.0011660277,
0.616,-0.0199410487,
0.61625,-0.0104629360,
0.6165,-0.0209793914,
0.61675,-0.0071205436,
0.617,0.0112395212,
0.61725,-0.0004066086,
0.6175,0.0012598047,
0.61775,0.0090744989,
0.618,0.0132875945,
0.61825,0.0029905534,
0.6185,-0.0008574186,
0.61875,0.0127726626,
0.619,0.0001473395,
0.61925,-0.0103899920,
0.6195,-0.0021106636,
0.61975,-0.0020376218,
0.62,-0.0082433820,
0.62025,-0.0047993171,
0.6205,0.0124271819,
0.62075,-0.0113174617,
0.621,-0.0087500000,
0.62125,-0.0039292215,
0.6215,0.0072203632,
0.62175,-0.0028558993,
0.622,-0.0056521539,
0.62225,0.0091746897,
0.6225,-0.0090127401,
0.62275,-0.0043205847,
0.623,0.0027768738,
0.62325,0.0030714914,
0.6235,0.0139769726,
0.62375,-0.0087695047,
0.624,0.0052574072,
0.62425,-0.0044584605,
0.6245,0.0022726578,
0.62475,-0.0205301978,
0.625,-0.0042035384,
0.62525,-0.0043170834,
0.6255,-0.0053304862,
0.62575,-0.0203499384,
0.626,-0.0146019924,
0.62625,-0.0205620863,
0.6265,-0.0112944106,
0.62675,0.0072993287,
0.627,0.0019130770,
0.62725,0.0034619421,
0.6275,-0.0044807098,
0.62775,0.0054096426,
0.628,0.0026022056,
0.62825,-0.0039041387,
0.6285,-0.0054047909,
0.62875,0.0000532519,
0.629,0.0005843089,
0.62925,-0.0061012018,
0.6295,-0.0083902422,
0.62975,-0.0041531348,
0.63,-0.0029235724,
0.63025,-0.0012155257,
0.6305,-0.0002380727,
0.63075,-0.0078740837,
0.631,-0.0134711452,
0.63125,-0.0010715784,
0.6315,0.0020745827,
0.63175,-0.0047749393,
0.632,-0.0099486187,
0.63225,0.0146038961,
0.6325,0.0001410878,
0.63275,-0.0132927215,
0.633,0.0058835275,
0.63325,0.0179858282,
0.6335,-0.0069577894,
0.63375,-0.0133084115,
0.634,0.0037046727,
0.63425,-0.0175025724,
0.6345,-0.0237048678,
0.63475,0.0037972038,
0.635,-0.0036658486,
0.63525,-0.0213944614,
0.6355,-0.0125746224,
0.63575,-0.0158024915,
0.636,-0.0184634998,
0.63625,-0.0300223548,
0.6365,-0.0015407650,
0.63675,0.0002917860,
0.637,-0.0042705769,
0.63725,-0.0070811086,
0.6375,0.0046621412,
0.63775,0.0025563049,
0.638,-0.0005259593,
0.63825,-0.0044474164,
0.6385,0.0065508243,
0.63875,-0.0037339854,
0.639,-0.0000165723,
0.63925,-0.0182608813,
0.6395,0.0010701140,
0.63975,-0.0049381121,
0.64,-0.0128957573,
0.64025,-0.0019048144,
0.6405,0.0020923463,
0.64075,-0.0129801128,
0.641,-0.0070784837,
0.64125,0.0031328888,
0.6415,0.0091900025,
0.64175,-0.0034608161,
0.642,0.0075023691,
0.64225,0.0116206622,
0.6425,-0.0052285013,
0.64275,-0.0038790111,
0.643,0.0176618248,
0.64325,0.0047742017,
0.6435,-0.0082860757,
0.64375,0.0008953037,
0.644,-0.0057930960,
0.64425,0.0001351306,
0.6445,-0.0153576713,
0.64475,0.0086070448,
0.645,-0.0028454259,
0.64525,-0.0056921341,
0.6455,-0.0130458791,
0.64575,-0.0175239220,
0.646,-0.0357327126,
0.64625,-0.0113651445,
0.6465,0.0027851672,
0.64675,0.0077564465,
0.647,-0.0036291345,
0.64725,0.0041614748,
0.6475,-0.0005146319,
0.64775,0.0053788139,
0.648,0.0000781647,
0.64825,-0.0068548783,
0.6485,0.0103227226,
0.64875,0.0086117154,
0.649,-0.0087846648,
0.64925,-0.0001414948,
0.6495,0.0143143013,
0.64975,-0.0082086828,
0.65,0.0017964630,
0.65025,-0.0022676468,
0.6505,0.0048749419,
0.65075,-0.0084973518,
0.651,0.0019481494,
0.65125,0.0146618308,
0.6515,0.0000512781,
0.65175,0.0039645280,
0.652,0.0122340824,
0.65225,0.0086382888,
0.6525,0.0014692917,
0.65275,-0.0008959519,
0.653,0.0197225790,
0.65325,-0.0043890094,
0.6535,-0.0030439333,
0.65375,0.0034006424,
0.654,-0.0165032968,
0.65425,-0.0004378154,
0.6545,0.0064501036,
0.65475,-0.0083990823,
0.655,-0.0087105501,
0.65525,-0.0211195741,
0.6555,-0.0012015454,
0.65575,-0.0085296910,
0.656,-0.0242208783,
0.65625,-0.0032076796,
0.6565,0.0132242255,
0.65675,0.0061642472,
0.657,-0.0012698018,
0.65725,0.0004776372,
0.6575,0.0207720045,
0.65775,-0.0029359360,
0.658,-0.0039235693,
0.65825,0.0186880510,
0.6585,0.0051583145,
0.65875,-0.0021002798,
0.659,-0.0025899564,
0.65925,0.0090545807,
0.6595,-0.0060438262,
0.65975,0.0032398636,
0.66,-0.0021373553,
0.66025,0.0129812267,
0.6605,-0.0136465989,
0.66075,0.0017452408,
0.661,0.0092946198,
0.66125,0.0122757424,
0.6615,0.0089252060,
0.66175,0.0075179189,
0.662,0.0093868431,
0.66225,0.0060154027,
0.6625,0.0019217831,
0.66275,0.0150774373,
0.663,0.0073367660,
0.66325,0.0122343972,
0.6635,-0.0005744909,
0.66375,-0.0031160661,
0.664,0.0101929801,
0.66425,-0.0045568361,
0.6645,0.0071761296,
0.66475,0.0059893280,
0.665,-0.0021804767,
0.66525,-0.0057285586,
0.6655,-0.0152219348,
0.66575,-0.0153768584,
0.666,0.0042541833,
0.66625,0.0087945312,
0.6665,0.0216009654,
0.66675,0.0030428802,
0.667,0.0050351000,
0.66725,0.0148861781,
0.6675,0.0149428463,
0.66775,0.0003302940,
0.668,0.0019169669,
0.66825,0.0055945963,
0.6685,0.0180908311,
0.66875,-0.0018424109,
0.669,0.0004901177,
0.66925,0.0047983401,
0.6695,0.0010785043,
0.66975,-0.0040916521,
0.67,-0.0023459012,
0.67025,0.0125286495,
0.6705,-0.0017496620,
0.67075,-0.0023282736,
0.671,0.0087513225,
0.67125,0.0067100259,
0.6715,-0.0073889848,
0.67175,0.0094511444,
0.672,0.0207274668,
0.67225,-0.0032483698,
0.6725,0.0002082717,
0.67275,0.0259970836,
0.673,0.0075108227,
0.67325,-0.0043279734,
0.6735,0.0055702971,
0.67375,-0.0051928633,
0.674,-0.0038337992,
0.67425,0.0028918230,
0.6745,0.0042053922,
0.67475,-0.0061888923,
0.675,-0.0121563943,
0.67525,0.0092840949,
0.6755,-0.0087991999,
0.67575,-0.0203908980,
0.676,0.0101496298,
0.67625,0.0112498291,
0.6765,0.0023233413,
0.67675,0.0099535361,
0.677,0.0089401836,
0.67725,0.0031604893,
0.6775,-0.0036031727,
0.67775,0.0077758874,
0.678,0.0012537715,
0.67825,0.0102192219,
0.6785,0.0020761355,
0.67875,-0.0062318360,
0.679,0.0036773146,
0.67925,0.0096246060,
0.6795,-0.0011740798,
0.67975,-0.0138441604,
0.68,0.0070650633,
0.68025,-0.0095747178,
0.6805,-0.0039766398,
0.68075,0.0016650055,
0.681,0.0187882800,
0.68125,0.0031844582,
0.6815,-0.0016687335,
0.68175,0.0170550477,
0.682,0.0048656608,
0.68225,-0.0048649902,
0.6825,0.0104089445,
0.68275,0.0114482250,
0.683,0.0043892213,
0.68325,-0.0145673519,
0.6835,0.0017466708,
0.68375,0.0005520349,
0.684,-0.0079717794,
0.68425,0.0093693715,
0.6845,-0.0012989859,
0.68475,-0.0109033762,
0.685,-0.0099580511,
0.68525,-0.0116983876,
0.6855,-0.0027331382,
0.68575,-0.0017633314,
0.686,0.0107735097,
0.68625,0.0069670375,
0.6865,0.0106914015,
0.68675,0.0032118105,
0.687,0.0102592837,
0.68725,0.0080333762,
0.6875,0.0057941480,
0.68775,-0.0024449858,
0.688,0.0122876102,
0.68825,0.0108199203,
0.6885,0.0011817379,
0.68875,-0.0083178394,
0.689,0.0027141692,
0.68925,0.0012733098,
0.6895,-0.0214758795,
0.68975,-0.0021776212,
0.69,0.0039451318,
0.69025,-0.0020111646,
0.6905,-0.0020724335,
0.69075,0.0056464197,
0.691,0.0178917721,
0.69125,0.0078755859,
0.6915,0.0087745273,
0.69175,0.0214302689,
0.692,0.0049468973,
0.69225,0.0086897817,
0.6925,0.0215224400,
0.69275,0.0102479486,
0.693,0.0075080143,
0.69325,-0.0179131292,
0.6935,-0.0002919006,
0.69375,0.0103333592,
0.694,0.0051546367,
0.69425,0.0014300302,
0.6945,-0.0028813099,
0.69475,0.0053801895,
0.695,-0.0061341445,
0.69525,-0.0108655598,
0.6955,-0.0115933847,
0.69575,0.0001414801,
0.696,0.0036642533,
0.69625,0.0165783800,
0.6965,-0.0045148628,
0.69675,0.0054915128,
0.697,0.0097650429,
0.69725,0.0068662944,
0.6975,-0.0080557549,
0.69775,-0.0051160632,
0.698,0.0204175822,
0.69825,-0.0056624562,
0.6985,-0.0044239121,
0.69875,0.0082679503,
0.699,0.0043140687,
0.69925,-0.0138338488,
0.6995,-0.0044587213,
0.69975,-0.0078752991,
0.7,-0.0032717360,
0.70025,-0.0048369849,
0.7005,0.0059492877,
0.70075,0.0144116897,
0.701,-0.0006243592,
0.70125,0.0113839172,
0.7015,-0.0021998759,
0.70175,0.0103332652,
0.702,0.0081738913,
0.70225,-0.0029980901,
0.7025,0.0112770554,
0.70275,0.0034396942,
0.703,-0.0171015970,
0.70325,-0.0055550123,
0.7035,0.0030256347,
0.70375,-0.0021829600,
0.704,-0.0086614527,
0.70425,-0.0065373648,
0.7045,0.0017832801,
0.70475,-0.0248585977,
0.705,-0.0112128556,
0.70525,0.0052729691,
0.7055,-0.0060863094,
0.70575,-0.0004235452,
0.706,0.0010543227,
0.70625,0.0042242911,
0.7065,-0.0057906192,
0.70675,0.0048897583,
0.707,0.0076030106,
0.70725,-0.0009416640,
0.7075,-0.0143849244,
0.70775,0.0075789467,
0.708,-0.0122652100,
0.70825,-0.0048032771,
0.7085,-0.0258217975,
0.70875,-0.0052545848,
0.709,-0.0034021717,
0.70925,-0.0234204754,
0.7095,-0.0129759088,
0.70975,0.0065128016,
0.71,-0.0001243604,
0.71025,-0.0166850761,
0.7105,0.0003384504,
0.71075,0.0194665212,
0.711,-0.0111911166,
0.71125,-0.0099761542,
0.7115,0.0118460115,
0.71175,-0.0011824081,
0.712,-0.0134012019,
0.71225,0.0120105864,
0.7125,0.0081979372,
0.71275,-0.0170149952,
0.713,-0.0260570534,
0.71325,0.0112622976,
0.7135,0.0003330034,
0.71375,-0.0207774881,
0.714,-0.0067179366,
0.71425,-0.0063193892,
0.7145,-0.0097694490,
0.71475,-0.0159889869,
0.715,-0.0178818721,
0.71525,-0.0149058225,
0.7155,-0.0023653321,
0.71575,-0.0013503602,
0.716,-0.0010286840,
0.71625,-0.0077837687,
0.7165,0.0087951412,
0.71675,-0.0030254561,
0.717,0.0001047249,
0.71725,-0.0034572997,
0.7175,-0.0140808010,
0.71775,-0.0039456198,
0.718,-0.0060478682,
0.71825,-0.0181411207,
0.7185,-0.0065383036,
0.71875,0.0018550567,
0.719,-0.0053281109,
0.71925,-0.0153410519,
0.7195,-0.0058064573,
0.71975,0.0117787337,
0.72,-0.0136511317,
0.72025,-0.0085501950,
0.7205,0.0074691530,
0.72075,0.0049044983,
0.721,-0.0145742493,
0.72125,0.0023465462,
0.7215,0.0115740225,
0.72175,-0.0041979388,
0.722,-0.0034234046,
0.72225,0.0147709828,
0.7225,-0.0021382093,
0.72275,-0.0155409239,
0.723,0.0048194509,
0.72325,0.0088525508,
0.7235,-0.0140111223,
0.72375,-0.0046115993,
0.724,0.0043964721,
0.72425,0.0021000665,
0.7245,-0.0184567440,
0.72475,-0.0065782228,
0.725,0.0071161804,
0.72525,-0.0026841899,
0.7255,0.0031672486,
0.72575,0.0006638839,
0.726,0.0051677828,
0.72625,0.0011658655,
0.7265,-0.0035150480,
0.72675,0.0039940714,
0.727,-0.0011255201,
0.72725,-0.0039988155,
0.7275,0.0031376737,
0.72775,0.0013330842,
0.728,0.0000703462,
0.72825,-0.0075896522,
0.7285,0.0058703749,
0.72875,0.0050792452,
0.729,-0.0103467926,
0.72925,-0.0058899345,
0.7295,0.0148849729,
0.72975,-0.0040041134,
0.73,-0.0074667525,
0.73025,0.0059725046,
0.7305,0.0176726934,
0.73075,-0.0031468249,
0.731,0.0069019701,
0.73125,0.0146725886,
0.7315,0.0124365166,
0.73175,0.0015919593,
0.732,0.0062744482,
0.73225,0.0147302467,
0.7325,-0.0042078728,
0.73275,-0.0202504285,
0.733,0.0095415786,
0.73325,0.0041311588,
0.7335,-0.0179903042,
0.73375,-0.0071670404,
0.734,0.0031572785,
0.73425,-0.0088683134,
0.7345,-0.0191457234,
0.73475,-0.0053137206,
0.735,0.0065509425,
0.73525,0.0015702890,
0.7355,-0.0128917433,
0.73575,0.0087437239,
0.736,0.0061586597,
0.73625,-0.0037113754,
0.7365,0.0013923201,
0.73675,0.0092135202,
0.737,-0.0103999842,
0.73725,-0.0081751309,
0.7375,0.0029207789,
0.73775,-0.0058942493,
0.738,-0.0225053653,
0.73825,0.0043674284,
0.7385,-0.0047244560,
0.73875,-0.0119723976,
0.739,-0.0155617725,
0.73925,-0.0071574599,
0.7395,0.0041944585,
0.73975,-0.0144422464,
0.74,0.0015609367,
0.74025,0.0028583864,
0.7405,0.0096493755,
0.74075,-0.0076403162,
0.741,0.0002092425,
0.74125,0.0099189822,
0.7415,0.0022167964,
0.74175,-0.0043562856,
0.742,0.0013771872,
0.74225,-0.0042231278,
0.7425,-0.0145593472,
0.74275,-0.0025510390,
0.743,0.0000067670,
0.74325,-0.0142594911,
0.7435,-0.0088710058,
0.74375,-0.0051888754,
0.744,-0.0073661054,
0.74425,-0.0298409685,
0.7445,-0.0104824966,
0.74475,-0.0034275858,
0.745,0.0030473624,
0.74525,-0.0063455356,
0.7455,-0.0051995926,
0.74575,-0.0046886168,
0.746,-0.0192503911,
0.74625,-0.0015302096,
0.7465,-0.0024580029,
0.74675,-0.0069170706,
0.747,-0.0107524674,
0.74725,-0.0070521585,
0.7475,0.0014640363,
0.74775,-0.0068744649,
0.748,-0.0160809867,
0.74825,-0.0003647413,
0.7485,-0.0101618618,
0.74875,-0.0064672534,
0.749,-0.0188017208,
0.74925,-0.0033717472,
0.7495,0.0063095680,
0.74975,-0.0145649351,
0.75,-0.0021988379,
0.75025,0.0259107426,
0.7505,-0.0032522068,
0.75075,-0.0097409151,
0.751,0.0125058237,
0.75125,0.0098857926,
0.7515,-0.0122954054,
0.75175,0.0076306001,
0.752,0.0088869696,
0.75225,-0.0219988357,
0.7525,-0.0173574630,
0.75275,0.0143895037,
0.753,-0.0080822697,
0.75325,-0.0105131175,
0.7535,-0.0038500060,
0.75375,0.0039711054,
0.754,-0.0135668749,
0.75425,-0.0099272560,
0.7545,-0.0039210813,
0.75475,0.0018012456,
0.755,-0.0090171695,
0.75525,-0.0042021894,
0.7555,0.0085812006,
0.75575,-0.0009128195,
0.756,0.0070336359,
0.75625,-0.0011541964,
0.7565,-0.0021956898,
0.75675,-0.0046865186,
0.757,0.0011121848,
0.75725,-0.0067549148,
0.7575,-0.0104004778,
0.75775,-0.0001398357,
0.758,0.0022746543,
0.75825,0.0029627688,
0.7585,0.0084951296,
0.75875,-0.0157178715,
0.759,-0.0005557553,
0.75925,0.0122001823,
0.7595,0.0089621618,
0.75975,0.0014147111,
0.76,0.0173196346,
0.76025,0.0176109113,
0.7605,-0.0007276682,
0.76075,0.0046176957,
0.761,0.0270202737,
0.76125,0.0125290835,
0.7615,-0.0024038574,
0.76175,0.0165109131,
0.762,-0.0033435682,
0.76225,-0.0008194962,
0.7625,0.0088359285,
0.76275,0.0059447261,
0.763,-0.0047712447,
0.76325,-0.0064533120,
0.7635,0.0094784386,
0.76375,-0.0026916841,
0.764,-0.0194767378,
0.76425,0.0023012573,
0.7645,0.0039597340,
0.76475,0.0141112590,
0.765,0.0058919350,
0.76525,0.0147881070,
0.7655,0.0043518110,
0.76575,0.0010805893,
0.766,0.0023356054,
0.76625,0.0105272280,
0.7665,0.0007885949,
0.76675,0.0118937762,
0.767,-0.0007795439,
0.76725,0.0203307122,
0.7675,0.0045867995,
0.76775,-0.0081448806,
0.768,0.0115896836,
0.76825,0.0110463183,
0.7685,0.0091769081,
0.76875,-0.0028548194,
0.769,0.0095557999,
0.76925,0.0227554962,
0.7695,0.0012317167,
0.76975,0.0143939238,
0.77,0.0225863401,
0.77025,0.0090416167,
0.7705,0.0096637039,
0.77075,0.0172799807,
0.771,0.0203374568,
0.77125,0.0116040455,
0.7715,0.0179383494,
0.77175,0.0063031795,
0.772,-0.0081700776,
0.77225,0.0001416601,
0.7725,0.0065300111,
0.77275,0.0136813223,
0.773,0.0020816631,
0.77325,-0.0033869273,
0.7735,0.0064674090,
0.77375,0.0040961518,
0.774,-0.0032170538,
0.77425,-0.0058986763,
0.7745,0.0276142731,
0.77475,-0.0070341025,
0.775,0.0132817384,
0.77525,0.0089578442,
0.7755,0.0161003824,
0.77575,-0.0048208055,
0.776,-0.0010200817,
0.77625,0.0100985589,
0.7765,-0.0043211263,
0.77675,-0.0090967584,
0.777,-0.0035232417,
0.77725,0.0003124205,
0.7775,0.0004785609,
0.77775,0.0095954780,
0.778,0.0113436207,
0.77825,0.0140986042,
0.7785,-0.0067729251,
0.77875,0.0043747476,
0.779,0.0142804738,
0.77925,0.0105196070,
0.7795,0.0041492227,
0.77975,0.0138236284,
0.78,0.0157470610,
0.78025,0.0036254763,
0.7805,0.0068760971,
0.78075,0.0138626434,
0.781,0.0108563257,
0.78125,0.0083584040,
0.7815,0.0040923720,
0.78175,-0.0004327730,
0.782,0.0014016230,
0.78225,0.0036938095,
0.7825,-0.0081341341,
0.78275,0.0001539739,
0.783,-0.0063971160,
0.78325,0.0048409305,
0.7835,-0.0130174849,
0.78375,-0.0081187580,
0.784,-0.0014801830,
0.78425,0.0055304919,
0.7845,0.0171168037,
0.78475,0.0061382777,
0.785,0.0008069409,
0.78525,0.0054035159,
0.7855,-0.0045859138,
0.78575,-0.0010729056,
0.786,0.0027582233,
0.78625,-0.0041466774,
0.7865,0.0047811572,
0.78675,-0.0031061685,
0.787,0.0092687812,
0.78725,-0.0093089640,
0.7875,-0.0051200734,
0.78775,0.0035730123,
0.788,0.0141440937,
0.78825,0.0025148059,
0.7885,-0.0115520116,
0.78875,-0.0023389740,
0.789,0.0144415805,
0.78925,-0.0039879857,
0.7895,-0.0040783519,
0.78975,0.0135565624,
0.79,0.0145551050,
0.79025,-0.0075715380,
0.7905,0.0108456649,
0.79075,0.0229383055,
0.791,0.0077764872,
0.79125,0.0033668559,
0.7915,-0.0069070822,
0.79175,-0.0060937144,
0.792,-0.0099643357,
0.79225,-0.0024913598,
0.7925,0.0157832615,
0.79275,-0.0155144194,
0.793,-0.0017674243,
0.79325,-0.0009429074,
0.7935,-0.0154235438,
0.79375,-0.0201486759,
0.794,-0.0017412851,
0.79425,0.0043607377,
0.7945,-0.0147825666,
0.79475,0.0053944169,
0.795,-0.0007143421,
0.79525,0.0000341187,
0.7955,0.0012935696,
0.79575,0.0069251219,
0.796,-0.0068663144,
0.79625,0.0092101926,
0.7965,0.0034523178,
0.79675,-0.0055425847,
0.797,-0.0022604840,
0.79725,0.0054461658,
0.7975,-0.0162716787,
0.79775,-0.0009241785,
0.798,0.0063769887,
0.79825,-0.0057374630,
0.7985,-0.0079236776,
0.79875,0.0096326638,
0.799,0.0135423234,
0.79925,0.0026108290,
0.7995,0.0096187480,
0.79975,0.0239945613,
0.8,0.0101643419,
0.80025,0.0010814909,
0.8005,0.0143545391,
0.80075,0.0154180070,
0.801,-0.0096529657,
0.80125,-0.0092254411,
0.8015,-0.0060278545,
0.80175,-0.0014208762,
0.802,-0.0130942352,
0.80225,0.0008210386,
0.8025,0.0040111453,
0.80275,0.0021462797,
0.803,0.0027466964,
0.80325,-0.0246446207,
0.8035,0.0021910097,
0.80375,-0.0082808817,
0.804,0.0131670861,
0.80425,0.0138179101,
0.8045,0.0087042330,
0.80475,-0.0007129514,
0.805,0.0130246682,
0.80525,0.0050519225,
0.8055,0.0018059418,
0.80575,0.0004001910,
0.806,0.0052866857,
0.80625,-0.0013437569,
0.8065,0.0044316459,
0.80675,-0.0105738416,
0.807,-0.0128314560,
0.80725,0.0057703201,
0.8075,-0.0047044880,
0.80775,0.0169296898,
0.808,0.0070016859,
0.80825,-0.0017119868,
0.8085,0.0056784363,
0.80875,0.0108518600,
0.809,0.0042884052,
0.80925,0.0059129549,
0.8095,0.0123685878,
0.80975,0.0140914544,
0.81,-0.0065898313,
0.81025,0.0061361631,
0.8105,0.0130646350,
0.81075,0.0096037621,
0.811,-0.0020743217,
0.81125,-0.0092699276,
0.8115,-0.0001860379,
0.81175,0.0035668842,
0.812,-0.0057610818,
0.81225,0.0108855758,
0.8125,-0.0028412857,
0.81275,-0.0077544162,
0.813,-0.0165151581,
0.81325,0.0026661912,
0.8135,-0.0161492154,
0.81375,-0.0148045514,
0.814,0.0050814520,
0.81425,0.0127449855,
0.8145,-0.0144409472,
0.81475,0.0030921863,
0.815,0.0168745536,
0.81525,0.0103359567,
0.8155,-0.0002472563,
0.81575,-0.0006298116,
0.816,0.0145490877,
0.81625,-0.0020944367,
0.8165,-0.0137100909,
0.81675,0.0081837997,
0.817,0.0024045594,
0.81725,-0.0266549774,
0.8175,0.0126946429,
0.81775,-0.0084520876,
0.818,-0.0052293441,
0.81825,-0.0061106039,
0.8185,0.0046102200,
0.81875,0.0104970615,
0.819,0.0009011510,
0.81925,0.0058231154,
0.8195,0.0123260217,
0.81975,-0.0018960421,
0.82,0.0026320245,
0.82025,-0.0002256861,
0.8205,0.0095255971,
0.82075,-0.0041368809,
0.821,-0.0068288632,
0.82125,-0.0090272445,
0.8215,0.0021060454,
0.82175,-0.0161010697,
0.822,-0.0007522004,
0.82225,-0.0013507881,
0.8225,0.0022911485,
0.82275,-0.0256264042,
0.823,-0.0246414021,
0.82325,-0.0175362173,
0.8235,-0.0361339077,
0.82375,0.0031458032,
0.824,0.0013067777,
0.82425,0.0005578003,
0.8245,-0.0036507428,
0.82475,0.0048077940,
0.825,0.0083596781,
0.82525,-0.0073565617,
0.8255,-0.0139786880,
0.82575,-0.0001989008,
0.826,-0.0104773026,
0.82625,-0.0103527969,
0.8265,-0.0303697847,
0.82675,-0.0057124388,
0.827,-0.0048031705,
0.82725,-0.0073314640,
0.8275,-0.0100630252,
0.82775,0.0030551665,
0.828,-0.0080214683,
0.82825,-0.0135172829,
0.8285,-0.0012019406,
0.82875,-0.0006327190,
0.829,-0.0089866640,
0.82925,-0.0068841642,
0.8295,0.0123023167,
0.82975,-0.0064785425,
0.83,-0.0101219909,
0.83025,0.0161552131,
0.8305,0.0033008917,
0.83075,-0.0206044242,
0.831,-0.0110829137,
0.83125,-0.0034284485,
0.8315,-0.0215563718,
0.83175,-0.0182339400,
0.832,-0.0066213356,
0.83225,-0.0328392200,
0.8325,-0.0299550183,
0.83275,-0.0086466605,
0.833,-0.0108201997,
0.83325,-0.0385279097,
0.8335,-0.0120695168,
0.83375,0.0039396021,
0.834,0.0014807984,
0.83425,-0.0080667371,
0.8345,0.0069330903,
0.83475,0.0039857002,
0.835,0.0041411933,
0.83525,-0.0095631545,
0.8355,-0.0078494465,
0.83575,-0.0006644437,
0.836,-0.0010307275,
0.83625,-0.0213951617,
0.8365,-0.0084253503,
0.83675,-0.0088891983,
0.837,-0.0106674768,
0.83725,-0.0122149140,
0.8375,-0.0067215343,
0.83775,0.0029683297,
0.838,-0.0211607311,
0.83825,-0.0013814126,
0.8385,0.0109477136,
0.83875,0.0036014956,
0.839,-0.0109886145,
0.83925,0.0069402605,
0.8395,0.0091163348,
0.83975,-0.0111865541,
0.84,0.0062588863,
0.84025,0.0097292997,
0.8405,-0.0127755431,
0.84075,-0.0063975644,
0.841,-0.0039246925,
0.84125,0.0033979607,
0.8415,-0.0242110994,
0.84175,0.0002280496,
0.842,-0.0046446510,
0.84225,-0.0102900881,
0.8425,-0.0224499330,
0.84275,-0.0096598538,
0.843,-0.0257338844,
0.84325,-0.0107559105,
0.8435,0.0047156462,
0.84375,0.0047543682,
0.844,0.0063776560,
0.84425,-0.0021387825,
0.8445,0.0111688059,
0.84475,0.0082930587,
0.845,0.0011798256,
0.84525,-0.0071574561,
0.8455,0.0026530146,
0.84575,0.0095448736,
0.846,-0.0035535686,
0.84625,-0.0195335709,
0.8465,0.0131593291,
0.84675,-0.0058842865,
0.847,-0.0096633872,
0.84725,-0.0145188775,
0.8475,0.0083594806,
0.84775,-0.0067494721,
0.848,-0.0078334957,
0.84825,0.0020144985,
0.8485,0.0093784677,
0.84875,-0.0023454498,
0.849,0.0008596902,
0.84925,0.0157809667,
0.8495,0.0030204584,
0.84975,-0.0035390491,
0.85,0.0112752095,
0.85025,0.0061204340,
0.8505,-0.0095580956,
0.85075,-0.0125738401,
0.851,-0.0134034194,
0.85125,-0.0195827447,
0.8515,-0.0114456993,
0.85175,-0.0044703991,
0.852,-0.0066418406,
0.85225,-0.0075395256,
0.8525,-0.0089407582,
0.85275,0.0060982700,
0.853,-0.0163803045,
0.85325,-0.0064804032,
0.8535,0.0042448868,
0.85375,0.0099193547,
0.854,0.0092825433,
0.85425,-0.0022463675,
0.8545,0.0148950238,
0.85475,0.0142373834,
0.855,-0.0055675218,
0.85525,0.0074117100,
0.8555,0.0111912237,
0.85575,0.0032191442,
0.856,-0.0194819160,
0.85625,0.0129810236,
0.8565,-0.0034197911,
0.85675,-0.0062315078,
0.857,-0.0125125777,
0.85725,-0.0019453118,
0.8575,-0.0072261919,
0.85775,-0.0043587508,
0.858,0.0160937514,
0.85825,0.0048458581,
0.8585,0.0126098478,
0.85875,0.0004049816,
0.859,0.0089745522,
0.85925,0.0113476031,
0.8595,0.0009930062,
0.85975,0.0062041245,
0.86,0.0051518464,
0.86025,-0.0021138040,
0.8605,-0.0026715139,
0.86075,-0.0028812562,
0.861,0.0066658230,
0.86125,-0.0061041135,
0.8615,0.0023325528,
0.86175,-0.0020988518,
0.862,-0.0163775999,
0.86225,-0.0275664814,
0.8625,-0.0185445119,
0.86275,-0.0077724778,
0.863,0.0135498811,
0.86325,-0.0022558048,
0.8635,0.0093480553,
0.86375,0.0085276254,
0.864,-0.0078818928,
0.86425,0.0157136843,
0.8645,0.0123417862,
0.86475,0.0010343043,
0.865,0.0002351995,
0.86525,0.0018504773,
0.8655,0.0161119271,
0.86575,-0.0081088357,
0.866,-0.0070929243,
0.86625,0.0066481289,
0.8665,0.0071328557,
0.86675,-0.0020269067,
0.867,-0.0262846351,
0.86725,0.0025019580,
0.8675,0.0048504956,
0.86775,-0.0100249723,
0.868,0.0005527951,
0.86825,0.0250267331,
0.8685,0.0007976866,
0.86875,-0.0023005353,
0.869,0.0174314640,
0.86925,0.0074144462,
0.8695,-0.0070767226,
0.86975,0.0090725925,
0.87,0.0226034746,
0.87025,-0.0083636818,
0.8705,-0.0135162463,
0.87075,-0.0083973445,
0.871,-0.0131652961,
0.87125,-0.0066815475,
0.8715,0.0055638836,
0.87175,-0.0017014862,
0.872,-0.0076514180,
0.87225,-0.0019460702,
0.8725,-0.0031255905,
0.87275,-0.0203436594,
0.873,0.0007549760,
0.87325,0.0052041858,
0.8735,0.0103238113,
0.87375,0.0078019919,
0.874,0.0155125968,
0.87425,0.0144723076,
0.8745,0.0105202245,
0.87475,0.0098455790,
0.875,-0.0064525772,
0.87525,0.0056075123,
0.8755,0.0085359979,
0.87575,-0.0128454845,
0.876,0.0038469138,
0.87625,0.0021285068,
0.8765,0.0122673921,
0.87675,-0.0136843417,
0.877,0.0007773323,
0.87725,0.0080487356,
0.8775,0.0035586383,
0.87775,-0.0011634794,
0.878,0.0169276632,
0.87825,0.0154677443,
0.8785,-0.0008981006,
0.87875,-0.0002360985,
0.879,0.0184944719,
0.87925,0.0018498754,
0.8795,0.0038137054,
0.87975,0.0185522214,
0.88,0.0127071133,
0.88025,-0.0013697707,
0.8805,0.0029772352,
0.88075,0.0062673404,
0.881,-0.0053312052,
0.88125,-0.0062941564,
0.8815,0.0042909561,
0.88175,-0.0189953707,
0.882,-0.0158525426,
0.88225,-0.0001925473,
0.8825,0.0119157378,
0.88275,0.0157231651,
0.883,0.0034516659,
0.88325,0.0174107980,
0.8835,0.0120663345,
0.88375,0.0098916981,
0.884,0.0210738145,
0.88425,0.0089352215,
0.8845,0.0142817488,
0.88475,-0.0007052603,
0.885,0.0047371406,
0.88525,0.0227724873,
0.8855,0.0053546838,
0.88575,-0.0029616337,
0.886,0.0160436612,
0.88625,0.0177868195,
0.8865,-0.0047993828,
0.88675,-0.0096582891,
0.887,0.0124452952,
0.88725,0.0108937789,
0.8875,-0.0096247420,
0.88775,0.0074465880,
0.888,0.0152413128,
0.88825,0.0068041566,
0.8885,0.0037590587,
0.88875,0.0126617458,
0.889,0.0179531872,
0.88925,-0.0019238873,
0.8895,0.0171645563,
0.88975,0.0168592818,
0.89,0.0014918640,
0.89025,-0.0102428822,
0.8905,-0.0026561837,
0.89075,0.0082674650,
0.891,0.0022977244,
0.89125,-0.0070942282,
0.8915,0.0028685201,
0.89175,0.0093661277,
0.892,0.0013306548,
0.89225,-0.0099879503,
0.8925,0.0020023496,
0.89275,0.0055981921,
0.893,0.0024171434,
0.89325,0.0159157850,
0.8935,0.0134526799,
0.89375,0.0090490310,
0.894,0.0128954565,
0.89425,0.0191974100,
0.8945,0.0071831564,
0.89475,-0.0065480131,
0.895,0.0247121230,
0.89525,0.0052596508,
0.8955,0.0009442958,
0.89575,0.0069489842,
0.896,0.0205625147,
0.89625,0.0025925818,
0.8965,-0.0078295134,
0.89675,0.0009824289,
0.897,0.0119948741,
0.89725,0.0034053805,
0.8975,-0.0068745767,
0.89775,0.0087520471,
0.898,0.0089110360,
0.89825,0.0053160680,
0.8985,0.0034120909,
0.89875,0.0161998607,
0.899,0.0130853849,
0.89925,0.0077758655,
0.8995,0.0101905270,
0.89975,0.0136130825,
0.9,-0.0036696834,
0.90025,-0.0050531765,
0.9005,-0.0065366784,
0.90075,-0.0054960321,
0.901,-0.0073726047,
0.90125,-0.0003921007,
0.9015,0.0000353141,
0.90175,0.0030592605,
0.902,-0.0138826566,
0.90225,0.0183020253,
0.9025,0.0028551326,
0.90275,-0.0045159701,
0.903,-0.0025291343,
0.90325,0.0055038733,
0.9035,0.0040632901,
0.90375,-0.0014220155,
0.904,0.0082044620,
0.90425,0.0026051616,
0.9045,0.0010204137,
0.90475,0.0055449996,
0.905,0.0015499013,
0.90525,0.0029560733,
0.9055,-0.0055779093,
0.90575,-0.0005002683,
0.906,0.0078890128,
0.90625,-0.0069806906,
0.9065,-0.0167665463,
0.90675,0.0066540344,
0.907,0.0087826308,
0.90725,-0.0027112118,
0.9075,-0.0087067410,
0.90775,0.0157385971,
0.908,0.0129982317,
0.90825,-0.0090164589,
0.9085,0.0059128078,
0.90875,0.0233910009,
0.909,-0.0073705120,
0.90925,0.0011229508,
0.9095,0.0097995009,
0.90975,-0.0056361123,
0.91,-0.0239983853,
0.91025,-0.0046825805,
0.9105,0.0201455057,
0.91075,-0.0226837210,
0.911,-0.0124909077,
0.91125,0.0034498444,
0.9115,-0.0157344416,
0.91175,-0.0196657851,
0.912,-0.0138238464,
0.91225,-0.0023127794,
0.9125,-0.0046012849,
0.91275,-0.0007458049,
0.913,0.0001672112,
0.91325,0.0001166646,
0.9135,0.0020939140,
0.91375,0.0023925267,
0.914,0.0011300123,
0.91425,0.0002729060,
0.9145,-0.0031279717,
0.91475,-0.0028691406,
0.915,-0.0025881769,
0.91525,-0.0045151478,
0.9155,-0.0110495193,
0.91575,0.0035208950,
0.916,-0.0044072787,
0.91625,-0.0024215139,
0.9165,-0.0200376827,
0.91675,0.0094697205,
0.917,-0.0008345433,
0.91725,-0.0167071484,
0.9175,0.0007549421,
0.91775,0.0235512890,
0.918,-0.0119399615,
0.91825,0.0027840254,
0.9185,0.0157281701,
0.91875,0.0119398115,
0.919,-0.0036252746,
0.91925,0.0054761758,
0.9195,0.0112443594,
0.91975,-0.0107385758,
0.92,-0.0067783296,
0.92025,0.0024378838,
0.9205,-0.0050908187,
0.92075,-0.0083018243,
0.921,0.0001321243,
0.92125,-0.0066397153,
0.9215,-0.0151318973,
0.92175,-0.0160455368,
0.922,0.0119774938,
0.92225,-0.0062120375,
0.9225,0.0024068032,
0.92275,-0.0007834507,
0.923,0.0079022525,
0.92325,-0.0001796869,
0.9235,-0.0020158046,
0.92375,0.0042071389,
0.924,0.0085984739,
0.92425,-0.0005670942,
0.9245,0.0012299467,
0.92475,0.0006929730,
0.925,0.0075937645,
0.92525,0.0041661388,
0.9255,-0.0008407491,
0.92575,0.0068007009,
0.926,-0.0086108670,
0.92625,-0.0111745801,
0.9265,0.0120792817,
0.92675,0.0092129279,
0.927,-0.0015186367,
0.92725,0.0033482308,
0.9275,0.0155127477,
0.92775,0.0107703833,
0.928,0.0012275528,
0.92825,0.0145472474,
0.9285,0.0200682525,
0.92875,0.0038956078,
0.929,-0.0004072787,
0.92925,0.0077224709,
0.9295,0.0005986227,
0.92975,-0.0148612438,
0.93,0.0009005950,
0.93025,0.0143653024,
0.9305,-0.0058621382,
0.93075,-0.0064650509,
0.931,-0.0140636312,
0.93125,-0.0060243681,
0.9315,-0.0156999957,
0.93175,-0.0121086035,
0.932,0.0069037247,
0.93225,0.0127959959,
0.9325,-0.0086630993,
0.93275,0.0072585298,
0.933,0.0163504258,
0.93325,-0.0000629482,
0.9335,-0.0106796324,
0.93375,0.0067286547,
0.934,-0.0134969279,
0.93425,-0.0100098941,
0.9345,-0.0040247971,
0.93475,-0.0010444700,
0.935,-0.0089962985,
0.93525,-0.0013906088,
0.9355,0.0123860221,
0.93575,-0.0001028519,
0.936,-0.0091677187,
0.93625,-0.0086027542,
0.9365,0.0067632715,
0.93675,0.0013597768,
0.937,-0.0035264276,
0.93725,0.0044230134,
0.9375,0.0088818241,
0.93775,-0.0118767526,
0.938,0.0049340781,
0.93825,0.0019844950,
0.9385,0.0082206940,
0.93875,0.0021025394,
0.939,-0.0022626016,
0.93925,-0.0093116090,
0.9395,-0.0070577553,
0.93975,-0.0115932766,
0.94,-0.0039139944,
0.94025,-0.0079027880,
0.9405,-0.0113342330,
0.94075,-0.0160260852,
0.941,-0.0055272779,
0.94125,-0.0208408646,
0.9415,-0.0151306745,
0.94175,-0.0052591576,
0.942,0.0070739607,
0.94225,-0.0012354489,
0.9425,-0.0077144047,
0.94275,-0.0110132787,
0.943,-0.0096428273,
0.94325,-0.0083864499,
0.9435,-0.0116762621,
0.94375,-0.0026463324,
0.944,-0.0032625259,
0.94425,-0.0026229315,
0.9445,-0.0032867952,
0.94475,0.0038322969,
0.945,-0.0103604225,
0.94525,-0.0021006505,
0.9455,-0.0078264177,
0.94575,-0.0068335207,
0.946,-0.0159135945,
0.94625,-0.0169552360,
0.9465,0.0029922067,
0.94675,-0.0025157598,
0.947,-0.0125493957,
0.94725,0.0058654863,
0.9475,0.0068146689,
0.94775,-0.0039841146,
0.948,-0.0026409240,
0.94825,0.0199747477,
0.9485,-0.0039159856,
0.94875,-0.0076582963,
0.949,0.0043182746,
0.94925,-0.0092660347,
0.9495,-0.0226523187,
0.94975,-0.0037374543,
0.95,0.0042149262,
0.95025,-0.0211641267,
0.9505,-0.0197678097,
0.95075,-0.0058486275,
0.951,-0.0126726851,
0.95125,-0.0239769388,
0.9515,-0.0073300451,
0.95175,0.0064706714,
0.952,-0.0054954672,
0.95225,-0.0061009051,
0.9525,0.0060532126,
0.95275,-0.0009445873,
0.953,-0.0104750488,
0.95325,-0.0104910834,
0.9535,-0.0050907256,
0.95375,-0.0134287784,
0.954,0.0006883359,
0.95425,-0.0146877170,
0.9545,-0.0070172772,
0.95475,0.0026247031,
0.955,-0.0006471373,
0.95525,-0.0076274890,
0.9555,0.0059150569,
0.95575,-0.0050608441,
0.956,-0.0242552459,
0.95625,0.0037335770,
0.9565,0.0112315528,
0.95675,0.0012426574,
0.957,0.0041396287,
0.95725,0.0202030055,
0.9575,0.0123673752,
0.95775,-0.0024043964,
0.958,0.0172472112,
0.95825,0.0192835107,
0.9585,-0.0022735880,
0.95875,0.0039579328,
0.959,-0.0108897118,
0.95925,-0.0075108912,
0.9595,-0.0004324341,
0.95975,-0.0027033545,
0.96,0.0062462059,
0.96025,-0.0057492768,
0.9605,0.0029447377,
0.96075,-0.0027601174,
0.961,-0.0249400157,
0.96125,-0.0029401190,
0.9615,0.0062944042,
0.96175,0.0206660945,
0.962,0.0019539571,
0.96225,0.0076261051,
0.9625,-0.0007070144,
0.96275,0.0062332405,
0.963,0.0001880843,
0.96325,0.0007864315,
0.9635,-0.0005575841,
0.96375,0.0148330852,
0.964,0.0045479257,
0.96425,0.0047998894,
0.9645,0.0050955256,
0.96475,-0.0121053411,
0.965,-0.0017847251,
0.96525,0.0085455412,
0.9655,0.0106329247,
0.96575,-0.0039563067,
0.966,0.0027954020,
0.96625,0.0159757808,
0.9665,0.0091283247,
0.96675,0.0065162242,
0.967,0.0112035582,
0.96725,0.0213613007,
0.9675,0.0087318104,
0.96775,0.0083468445,
0.968,0.0213692542,
0.96825,0.0092133172,
0.9685,0.0128386561,
0.96875,-0.0026191557,
0.969,-0.0091338214,
0.96925,0.0071236594,
0.9695,0.0072302897,
0.96975,0.0099184224,
0.97,0.0006822853,
0.97025,0.0037980976,
0.9705,0.0023555653,
0.97075,-0.0067851944,
0.971,-0.0033326608,
0.97125,-0.0107691241,
0.9715,0.0047524734,
0.97175,0.0096569378,
0.972,0.0016566175,
0.97225,-0.0010839039,
0.9725,0.0009142500,
0.97275,-0.0055800746,
0.973,-0.0035262329,
0.97325,-0.0001751394,
0.9735,0.0074066431,
0.97375,-0.0001797161,
0.974,-0.0043459581,
0.97425,0.0120590981,
0.9745,0.0033026978,
0.97475,0.0040258132,
0.975,-0.0075409049,
0.97525,0.0098492960,
0.9755,-0.0064822761,
0.97575,-0.0076846918,
0.976,0.0090248305,
0.97625,0.0047984556,
0.9765,0.0101958169,
0.97675,0.0081851166,
0.977,0.0129484292,
0.97725,0.0127545055,
0.9775,-0.0007904434,
0.97775,0.0046763364,
0.978,0.0049258387,
0.97825,0.0072191609,
0.9785,-0.0030656778,
0.97875,-0.0185014792,
0.979,0.0010111813,
0.97925,0.0006201490,
0.9795,-0.0094340583,
0.97975,0.0090133501,
0.98,0.0038763683,
0.98025,-0.0007995733,
0.9805,-0.0279092453,
0.98075,-0.0078462083,
0.981,0.0060489732,
0.98125,-0.0029718592,
0.9815,0.0147341611,
0.98175,0.0145669924,
0.982,-0.0062677227,
0.98225,0.0129026230,
0.9825,0.0100430278,
0.98275,0.0029657886,
0.983,-0.0014103366,
0.98325,-0.0006728793,
0.9835,0.0088009499,
0.98375,-0.0120688360,
0.984,-0.0064121233,
0.98425,-0.0150907924,
0.9845,0.0003713550,
0.98475,-0.0115444185,
0.985,0.0043643862,
0.98525,0.0075336290,
0.9855,0.0036270192,
0.98575,-0.0114403740,
0.986,0.0003258069,
0.98625,0.0117191672,
0.9865,-0.0016504201,
0.98675,-0.0035612173,
0.987,0.0181425828,
0.98725,0.0019980979,
0.9875,-0.0026284833,
0.98775,0.0145605132,
0.988,0.0218788460,
0.98825,-0.0045483387,
0.9885,-0.0118679814,
0.98875,-0.0023698763,
0.989,0.0022245706,
0.98925,-0.0092524774,
0.9895,0.0014403276,
0.98975,-0.0068057771,
0.99,-0.0116687641,
0.99025,-0.0177445263,
0.9905,-0.0044114497,
0.99075,-0.0119171208,
0.991,-0.0082909316,
0.99125,0.0083848350,
0.9915,0.0036378878,
0.99175,-0.0037443303,
0.992,-0.0038308648,
0.99225,0.0045183618,
0.9925,-0.0043380093,
0.99275,0.0021049608,
0.993,-0.0170561187,
0.99325,0.0010545318,
0.9935,-0.0048249271,
0.99375,-0.0038594145,
0.994,-0.0100701153,
0.99425,0.0131157869,
0.9945,-0.0053344723,
0.99475,-0.0130278980,
0.995,0.0020683855,
0.99525,0.0015037353,
0.9955,-0.0098282471,
0.99575,-0.0084538721,
0.996,0.0154918572,
0.99625,0.0078321006,
0.9965,-0.0105871027,
0.99675,0.0077427886,
0.997,0.0060906969,
0.99725,-0.0038472679,
0.9975,0.0041744304,
0.99775,0.0132194161,
0.998,0.0022425572,
0.99825,-0.0092764655,
0.9985,-0.0043180743,
0.99875,0.0067050941,
0.999,-0.0116300760,
0.99925,-0.0027862550,
0.9995,0.0101987356,
0.99975,0.0017430980,
1,-0.0116655063,
1.00025,-0.0234980211,
1.0005,0.0020671091,
1.00075,-0.0116514731,
1.001,0.0098687317,
1.00125,-0.0012725353,
1.0015,0.0084024314,
1.00175,0.0000557890,
1.002,0.0072366465,
1.00225,0.0013494630,
1.0025,0.0025536970,
1.00275,-0.0139328633,
1.003,0.0029012256,
1.00325,-0.0060311635,
1.0035,-0.0061871037,
1.00375,-0.0146684973,
1.004,-0.0089252535,
1.00425,0.0072740717,
1.0045,-0.0174835902,
1.00475,-0.0058665415,
1.005,0.0067660115,
1.00525,-0.0028949210,
1.0055,-0.0144702233,
1.00575,-0.0005449991,
1.006,0.0073863100,
1.00625,0.0027677508,
1.0065,-0.0035584266,
1.00675,0.0142061133,
1.007,0.0104106758,
1.00725,0.0029654000,
1.0075,0.0156268533,
1.00775,0.0196952485,
1.008,0.0001950817,
1.00825,-0.0162649211,
1.0085,-0.0044189366,
1.00875,0.0017117023,
1.009,-0.0142098516,
1.00925,-0.0099215740,
1.0095,-0.0138172098,
1.00975,-0.0042882017,
1.01,-0.0146653652,
1.01025,-0.0011644060,
1.0105,-0.0057585668,
1.01075,-0.0051119081,
1.011,-0.0010037784,
1.01125,0.0057686241,
1.0115,0.0009365304,
1.01175,-0.0116384029,
1.012,0.0065758806,
1.01225,0.0128186084,
1.0125,-0.0041172500,
1.01275,-0.0115275122,
1.013,0.0132338367,
1.01325,-0.0005017974,
1.0135,-0.0120688584,
1.01375,-0.0065504974,
1.014,0.0039773732,
1.01425,-0.0149069875,
1.0145,-0.0044923695,
1.01475,-0.0095324861,
1.015,0.0016378479,
1.01525,-0.0106475800,
1.0155,-0.0028673282,
1.01575,0.0055258758,
1.016,0.0067089214,
1.01625,-0.0017784437,
1.0165,0.0046201441,
1.01675,0.0027957316,
1.017,0.0093374029,
1.01725,0.0000525271,
1.0175,0.0009973657,
1.01775,-0.0003211112,
1.018,-0.0108884834,
1.01825,-0.0101787709,
1.0185,0.0033946019,
1.01875,-0.0038528417,
1.019,-0.0115864212,
1.01925,-0.0009490910,
1.0195,0.0085100522,
1.01975,-0.0128976125,
1.02,-0.0211365540,
1.02025,0.0009790977,
1.0205,-0.0109243263,
1.02075,0.0020215351,
1.021,-0.0012016717,
1.02125,0.0075600152,
1.0215,-0.0068003843,
1.02175,-0.0019826083,
1.022,0.0007276521,
1.02225,-0.0009171397,
1.0225,-0.0177443083,
1.02275,0.0007655640,
1.023,-0.0057346695,
1.02325,-0.0060130334,
1.0235,-0.0259840600,
1.02375,0.0003090808,
1.024,-0.0005212704,
1.02425,-0.0064474666,
1.0245,-0.0141515844,
1.02475,0.0067670848,
1.025,0.0017840735,
1.02525,-0.0139407553,
1.0255,-0.0008384260,
1.02575,0.0072682332,
1.026,0.0062203542,
1.02625,-0.0149734020,
1.0265,0.0093393065,
1.02675,0.0144588016,
1.027,-0.0115666632,
1.02725,-0.0008571247,
1.0275,0.0198574383,
1.02775,-0.0122663882,
1.028,-0.0200377200,
1.02825,0.0008838070,
1.0285,-0.0113533577,
1.02875,-0.0290896073,
1.029,-0.0136502329,
1.02925,-0.0087999515,
1.0295,-0.0114737395,
1.02975,-0.0210213400,
1.03,0.0053733988,
1.03025,-0.0191885624,
1.0305,-0.0042005414,
1.03075,-0.0022258572,
1.031,-0.0042518014,
1.03125,0.0043075131,
1.0315,0.0019651400,
1.03175,0.0050454722,
1.032,0.0103855636,
1.03225,-0.0024926797,
1.0325,0.0025724256,
1.03275,-0.0082679288,
1.033,-0.0045998343,
1.03325,-0.0112444917,
1.0335,-0.0181739889,
1.03375,0.0027673785,
1.034,-0.0083544627,
1.03425,-0.0119349435,
1.0345,-0.0161972996,
1.03475,0.0065254839,
1.035,-0.0037789752,
1.03525,-0.0071002906,
1.0355,0.0057349144,
1.03575,0.0146841770,
1.036,-0.0132595077,
1.03625,-0.0019193504,
1.0365,0.0121688088,
1.03675,0.0027501083,
1.037,-0.0065149129,
1.03725,0.0062697697,
1.0375,0.0044351830,
1.03775,-0.0129686072,
1.038,-0.0025982382,
1.03825,0.0175069738,
1.0385,-0.0192265306,
1.03875,-0.0086698206,
1.039,0.0007889767,
1.03925,-0.0110424478,
1.0395,-0.0300283395,
1.03975,-0.0188780408,
1.04,-0.0007957554,
1.04025,-0.0013457298,
1.0405,0.0099455742,
1.04075,0.0089790700,
1.041,0.0102532292,
1.04125,-0.0043288171,
1.0415,0.0068978011,
1.04175,0.0001754375,
1.042,0.0008820239,
1.04225,-0.0149473036,
1.0425,-0.0027023884,
1.04275,0.0052708397,
1.043,0.0007413391,
1.04325,-0.0064159594,
1.0435,0.0032014442,
1.04375,0.0080347657,
1.044,0.0121182743,
1.04425,-0.0135096610,
1.0445,0.0048382645,
1.04475,0.0087538445,
1.045,-0.0073883161,
1.04525,-0.0056959046,
1.0455,0.0192102212,
1.04575,0.0045400434,
1.046,-0.0036470196,
1.04625,0.0173725411,
1.0465,0.0145378998,
1.04675,0.0020574976,
1.047,0.0055364217,
1.04725,0.0253341161,
1.0475,0.0081758611,
1.04775,-0.0092956219,
1.048,-0.0038510629,
1.04825,-0.0085654054,
1.0485,-0.0046966802,
1.04875,-0.0056113019,
1.049,-0.0032531305,
1.04925,-0.0034190901,
1.0495,-0.0017824520,
1.04975,-0.0072044809,
1.05,-0.0044152914,
1.05025,0.0059685595,
1.0505,-0.0102373688,
1.05075,0.0123328846,
1.051,0.0216741096,
1.05125,0.0022028503,
1.0515,0.0067761065,
1.05175,0.0130128451,
1.052,0.0061623519,
1.05225,-0.0041703451,
1.0525,0.0098687178,
1.05275,0.0030928012,
1.053,-0.0207187682,
1.05325,0.0046558566,
1.0535,0.0045706760,
1.05375,0.0048508588,
1.054,-0.0162307676,
1.05425,-0.0034202826,
1.0545,0.0103321811,
1.05475,-0.0027126484,
1.055,0.0069194566,
1.05525,0.0072672917,
1.0555,0.0099666929,
1.05575,0.0050368868,
1.056,0.0092474613,
1.05625,0.0102409581,
1.0565,0.0151333408,
1.05675,0.0069598989,
1.057,0.0071209692,
1.05725,0.0043875393,
1.0575,-0.0041055260,
1.05775,0.0016786183,
1.058,-0.0031582750,
1.05825,-0.0203352347,
1.0585,-0.0085190758,
1.05875,-0.0062448857,
1.059,-0.0098859612,
1.05925,-0.0296722166,
1.0595,-0.0050751776,
1.05975,-0.0039372416,
1.06,0.0190002117,
1.06025,0.0071680411,
1.0605,0.0038269607,
1.06075,0.0145694250,
1.061,0.0008394375,
1.06125,-0.0054736338,
1.0615,0.0152524486,
1.06175,0.0020738023,
1.062,-0.0049599423,
1.06225,0.0015298907,
1.0625,0.0097001586,
1.06275,0.0056322878,
1.063,-0.0118917190,
1.06325,0.0068739248,
1.0635,0.0095591173,
1.06375,0.0050643603,
1.064,-0.0133185647,
1.06425,-0.0022356105,
1.0645,0.0121602807,
1.06475,-0.0011582903,
1.065,-0.0111612389,
1.06525,0.0205188412,
1.0655,0.0089083929,
1.06575,-0.0030547273,
1.066,0.0087679662,
1.06625,0.0168824214,
1.0665,0.0002921502,
1.06675,-0.0018234609,
1.067,0.0139209805,
1.06725,-0.0044677705,
1.0675,-0.0251217186,
1.06775,-0.0128040500,
1.068,0.0035721823,
1.06825,-0.0072508049,
1.0685,-0.0068615261,
1.06875,0.0019480394,
1.069,-0.0081242928,
1.06925,-0.0035665357,
1.0695,-0.0102476859,
1.06975,-0.0000090516,
1.07,-0.0101848710,
1.07025,-0.0098327836,
1.0705,0.0144785922,
1.07075,-0.0081856325,
1.071,0.0113699436,
1.07125,0.0064242468,
1.0715,0.0027585514,
1.07175,0.0089311460,
1.072,-0.0014332355,
1.07225,0.0004159459,
1.0725,-0.0069424715,
1.07275,-0.0050460664,
1.073,0.0137282154,
1.07325,-0.0109478198,
1.0735,0.0169289690,
1.07375,-0.0126245525,
1.074,-0.0116439397,
1.07425,0.0128509123,
1.0745,0.0148160886,
1.07475,-0.0022399353,
1.075,0.0060267067,
1.07525,0.0176728219,
1.0755,0.0091906991,
1.07575,-0.0071169273,
1.076,0.0244301911,
1.07625,0.0187494867,
1.0765,-0.0026108138,
1.07675,0.0116068497,
1.077,0.0144253997,
1.07725,-0.0030778660,
1.0775,0.0055708094,
1.07775,-0.0079651335,
1.078,-0.0069461288,
1.07825,-0.0138346748,
1.0785,0.0067497110,
1.07875,-0.0028605340,
1.079,-0.0117369322,
1.07925,-0.0038454428,
1.0795,0.0113736168,
1.07975,0.0158826075,
1.08,0.0079337135,
1.08025,0.0152847497,
1.0805,0.0132863354,
1.08075,0.0153255081,
1.081,0.0085303755,
1.08125,0.0206944495,
1.0815,0.0083034122,
1.08175,0.0105545707,
1.082,0.0091173891,
1.08225,0.0089752749,
1.0825,0.0093522687,
1.08275,-0.0058346167,
1.083,0.0082894173,
1.08325,0.0187308490,
1.0835,0.0114025539,
1.08375,-0.0018866276,
1.084,0.0084537100,
1.08425,0.0281622820,
1.0845,0.0112766959,
1.08475,0.0028797942,
1.085,0.0276179910,
1.08525,0.0186242890,
1.0855,0.0105457529,
1.08575,0.0108786803,
1.086,0.0223340876,
1.08625,0.0165003017,
1.0865,0.0148827033,
1.08675,0.0097675566,
1.087,-0.0020788957,
1.08725,-0.0056055286,
1.0875,-0.0015049553,
1.08775,0.0156848859,
1.088,0.0045183133,
1.08825,0.0006000621,
1.0885,0.0017584623,
1.08875,-0.0106456857,
1.089,-0.0087428819,
1.08925,-0.0145743769,
1.0895,0.0130548887,
1.08975,0.0024681224,
1.09,0.0140448809,
1.09025,0.0099824099,
1.0905,0.0200071651,
1.09075,0.0221352931,
1.091,0.0085278712,
1.09125,0.0070417197,
1.0915,0.0227492414,
1.09175,-0.0063340035,
1.092,0.0016115848,
1.09225,-0.0009201056,
1.0925,0.0015780292,
1.09275,0.0034240887,
1.093,0.0117144678,
1.09325,0.0188630577,
1.0935,-0.0045499215,
1.09375,0.0040800981,
1.094,0.0145716136,
1.09425,0.0111482069,
1.0945,0.0042196824,
1.09475,0.0090661477,
1.095,0.0178719983,
1.09525,0.0055479673,
1.0955,0.0051411809,
1.09575,0.0125029264,
1.096,0.0144381719,
1.09625,0.0086254207,
1.0965,0.0048445975,
1.09675,0.0071153208,
1.097,-0.0001215286,
1.09725,0.0070467591,
1.0975,-0.0157522187,
1.09775,0.0009106321,
1.098,-0.0037852933,
1.09825,-0.0004791956,
1.0985,-0.0161220469,
1.09875,-0.0017902884,
1.099,-0.0113955056,
1.09925,0.0000202395,
1.0995,0.0156248072,
1.09975,0.0094451811,
1.1,0.0030231881,
1.10025,0.0137475915,
1.1005,0.0114846118,
1.10075,-0.0073953234,
1.101,0.0062148157,
1.10125,0.0038817455,
1.1015,-0.0000537624,
1.10175,0.0024783756,
1.102,-0.0002582727,
1.10225,-0.0043601049,
1.1025,0.0048452853,
1.10275,-0.0031890220,
1.103,0.0093373032,
1.10325,0.0015584707,
1.1035,-0.0040893401,
1.10375,-0.0004291808,
1.104,0.0037700990,
1.10425,0.0020177320,
1.1045,-0.0082616005,
1.10475,0.0028898893,
1.105,0.0075950427,
1.10525,-0.0092237918,
1.1055,-0.0056091282,
1.10575,0.0137361148,
1.106,0.0128555372,
1.10625,-0.0129505824,
1.1065,-0.0132663222,
1.10675,-0.0047110105,
1.107,-0.0154642928,
1.10725,-0.0164128132,
1.1075,0.0092703970,
1.10775,-0.0161259677,
1.108,-0.0237179156,
1.10825,-0.0154067948,
1.1085,-0.0248425808,
1.10875,-0.0292230602,
1.109,-0.0183074940,
1.10925,0.0029752492,
1.1095,-0.0037587329,
1.10975,-0.0010719051,
1.11,-0.0010764993,
1.11025,0.0043470627,
1.1105,0.0007079201,
1.11075,-0.0027187075,
1.111,-0.0056551620,
1.11125,0.0016596993,
1.1115,-0.0074469661,
1.11175,-0.0081709661,
1.112,-0.0183037072,
1.11225,0.0045957351,
1.1125,-0.0157724656,
1.11275,-0.0044502984,
1.113,-0.0049034618,
1.11325,-0.0016910514,
1.1135,-0.0207867697,
1.11375,-0.0113818292,
1.114,0.0052637598,
1.11425,-0.0037761268,
1.1145,-0.0135531314,
1.11475,0.0106621450,
1.115,-0.0016555475,
1.11525,-0.0094153555,
1.1155,-0.0025913722,
1.11575,0.0185445733,
1.116,-0.0076666377,
1.11625,-0.0118665751,
1.1165,-0.0057026427,
1.11675,-0.0108390450,
1.117,-0.0245959200,
1.11725,-0.0083377901,
1.1175,0.0026598936,
1.11775,-0.0111641232,
1.118,-0.0076394971,
1.11825,-0.0196798779,
1.1185,-0.0154095711,
1.11875,-0.0222004913,
1.119,-0.0050994526,
1.11925,0.0095133288,
1.1195,0.0040003350,
1.11975,-0.0013375441,
1.12,0.0089867823,
1.12025,0.0010898692,
1.1205,0.0042466847,
1.12075,-0.0087902630,
1.121,0.0028781639,
1.12125,0.0083776396,
1.1215,0.0050537037,
1.12175,-0.0067024156,
1.122,-0.0005804218,
1.12225,0.0127974916,
1.1225,-0.0040188590,
1.12275,-0.0010266533,
1.123,0.0075446586,
1.12325,-0.0035539342,
1.1235,-0.0070594861,
1.12375,0.0100449584,
1.124,0.0092166672,
1.12425,-0.0018995848,
1.1245,0.0040960573,
1.12475,0.0129351448,
1.125,0.0095438696,
1.12525,-0.0040310803,
1.1255,0.0180063285,
1.12575,0.0096599255,
1.126,-0.0072963536,
1.12625,0.0045763329,
1.1265,-0.0094904173,
1.12675,-0.0109291831,
1.127,-0.0019683107,
1.12725,0.0076311808,
1.1275,-0.0017213542,
1.12775,-0.0150472671,
1.128,-0.0108472183,
1.12825,0.0101808310,
1.1285,-0.0227014609,
1.12875,-0.0094634918,
1.129,0.0036421532,
1.12925,0.0121563105,
1.1295,0.0082667433,
1.12975,-0.0072637643,
1.13,0.0176496580,
1.13025,0.0107111298,
1.1305,-0.0103289345,
1.13075,0.0039422149,
1.131,0.0090086963,
1.13125,0.0089543639,
1.1315,-0.0159577820,
1.13175,-0.0018097267,
1.132,0.0151883112,
1.13225,-0.0121051157,
1.1325,0.0040486753,
1.13275,-0.0011921140,
1.133,-0.0035244110,
1.13325,-0.0169468280,
1.1335,0.0002552665,
1.13375,0.0076573831,
1.134,0.0048109395,
1.13425,-0.0009340261,
1.1345,0.0119352676,
1.13475,0.0035054879,
1.135,0.0060198465,
1.13525,0.0039821086,
1.1355,0.0113815386,
1.13575,-0.0006290665,
1.136,0.0029344833,
1.13625,-0.0122558493,
1.1365,-0.0036323424,
1.13675,-0.0053321798,
1.137,-0.0087961983,
1.13725,-0.0003577868,
1.1375,-0.0021748026,
1.13775,-0.0162798986,
1.138,-0.0205370300,
1.13825,-0.0203923043,
1.1385,-0.0254954398,
1.13875,-0.0066776881,
1.139,0.0051571429,
1.13925,0.0037534130,
1.1395,-0.0056083333,
1.13975,-0.0020773779,
1.14,0.0091618132,
1.14025,0.0001777592,
1.1405,-0.0168018695,
1.14075,0.0036358854,
1.141,0.0024848850,
1.14125,-0.0007227949,
1.1415,-0.0147330351,
1.14175,-0.0007838872,
1.142,-0.0030326846,
1.14225,-0.0085077640,
1.1425,-0.0172977913,
1.14275,-0.0030864810,
1.143,-0.0040441393,
1.14325,-0.0133661842,
1.1435,-0.0083682025,
1.14375,-0.0070127035,
1.144,-0.0058808327,
1.14425,-0.0133319162,
1.1445,0.0055805435,
1.14475,0.0018869770,
1.145,-0.0187485702,
1.14525,0.0008506145,
1.1455,0.0074084750,
1.14575,-0.0151021872,
1.146,-0.0104064485,
1.14625,-0.0170871895,
1.1465,-0.0171224158,
1.14675,-0.0205883384,
1.147,-0.0058177668,
1.14725,-0.0163637083,
1.1475,-0.0308671780,
1.14775,-0.0169289261,
1.148,-0.0066376599,
1.14825,-0.0279933177,
1.1485,-0.0190063454,
1.14875,0.0029299115,
1.149,0.0002063770,
1.14925,-0.0026799222,
1.1495,0.0019431643,
1.14975,0.0000326163,
1.15,-0.0072955987,
1.15025,-0.0112945326,
1.1505,-0.0026989600,
1.15075,-0.0151265673,
1.151,0.0048759016,
1.15125,-0.0187825803,
1.1515,-0.0075019430,
1.15175,0.0006629642,
1.152,-0.0000206994,
1.15225,-0.0094106970,
1.1525,-0.0117808450,
1.15275,0.0039766552,
1.153,-0.0125190001,
1.15325,-0.0052261492,
1.1535,0.0066302321,
1.15375,0.0113897547,
1.154,-0.0192096755,
1.15425,0.0044305301,
1.1545,0.0179635119,
1.15475,-0.0045765592,
1.155,-0.0090373904,
1.15525,0.0127665503,
1.1555,0.0034933127,
1.15575,-0.0038346529,
1.156,-0.0040111896,
1.15625,0.0028710938,
1.1565,-0.0067777974,
1.15675,-0.0101422239,
1.157,0.0001827711,
1.15725,-0.0074721919,
1.1575,-0.0202954784,
1.15775,-0.0104916729,
1.158,-0.0129627232,
1.15825,0.0014619459,
1.1585,0.0076765385,
1.15875,0.0136198569,
1.159,0.0111982971,
1.15925,0.0060816687,
1.1595,0.0077906135,
1.15975,0.0160565544,
1.16,0.0053709503,
1.16025,0.0074898642,
1.1605,0.0043996647,
1.16075,0.0143283242,
1.161,0.0065848427,
1.16125,-0.0024760326,
1.1615,0.0020506992,
1.16175,0.0070300470,
1.162,0.0018792534,
1.16225,-0.0101034632,
1.1625,0.0056848200,
1.16275,0.0106007876,
1.163,-0.0023237416,
1.16325,-0.0041640429,
1.1635,0.0136652682,
1.16375,0.0049300953,
1.164,0.0044429158,
1.16425,0.0236290600,
1.1645,0.0058334651,
1.16475,0.0056246836,
1.165,0.0116863362,
1.16525,0.0210683495,
1.1655,0.0153946867,
1.16575,-0.0040968736,
1.166,-0.0151279997,
1.16625,0.0039907130,
1.1665,-0.0025405884,
1.16675,-0.0001827869,
1.167,-0.0092460047,
1.16725,-0.0056216875,
1.1675,0.0003988800,
1.16775,-0.0019643079,
1.168,-0.0062374300,
1.16825,-0.0062465942,
1.1685,0.0148422746,
1.16875,0.0177917629,
1.169,0.0149885993,
1.16925,0.0031915738,
1.1695,0.0071966206,
1.16975,0.0099877538,
1.17,0.0074912850,
1.17025,-0.0132183991,
1.1705,0.0091033578,
1.17075,0.0148005132,
1.171,-0.0133222332,
1.17125,0.0064532412,
1.1715,0.0120847384,
1.17175,0.0072769057,
1.172,-0.0126956925,
1.17225,0.0085276691,
1.1725,-0.0014422429,
1.17275,-0.0023795632,
1.173,0.0019548628,
1.17325,0.0107035926,
1.1735,0.0131520815,
1.17375,0.0094312411,
1.174,0.0048662564,
1.17425,0.0051412354,
1.1745,0.0128651606,
1.17475,0.0093288124,
1.175,0.0095276712,
1.17525,0.0166827720,
1.1755,0.0045177042,
1.17575,-0.0031328136,
1.176,0.0014958311,
1.17625,0.0029492173,
1.1765,0.0041483510,
1.17675,-0.0069295149,
1.177,0.0038096183,
1.17725,-0.0059551978,
1.1775,-0.0240085181,
1.17775,0.0039706673,
1.178,0.0139576299,
1.17825,0.0061157765,
1.1785,0.0001597249,
1.17875,0.0179777611,
1.179,0.0041790954,
1.17925,0.0074935821,
1.1795,0.0165022798,
1.17975,0.0063466285,
1.18,0.0000085427,
1.18025,0.0025656098,
1.1805,0.0113388794,
1.18075,0.0006378409,
1.181,-0.0105188377,
1.18125,-0.0047600218,
1.1815,0.0141979763,
1.18175,-0.0091192257,
1.182,-0.0086050089,
1.18225,0.0048084748,
1.1825,0.0136419944,
1.18275,0.0002269570,
1.183,-0.0074502891,
1.18325,0.0152806761,
1.1835,0.0148691097,
1.18375,-0.0060579348,
1.184,0.0070707169,
1.18425,0.0159265492,
1.1845,0.0039819195,
1.18475,0.0011933225,
1.185,0.0201848540,
1.18525,0.0129767517,
1.1855,-0.0128147947,
1.18575,-0.0102985837,
1.186,0.0236597098,
1.18625,-0.0106019322,
1.1865,-0.0038371526,
1.18675,0.0045847120,
1.187,-0.0032287198,
1.18725,-0.0012386894,
1.1875,-0.0087957382,
1.18775,-0.0108893355,
1.188,-0.0048449002,
1.18825,0.0050125718,
1.1885,0.0098251924,
1.18875,0.0035194994,
1.189,0.0056872331,
1.18925,0.0145868780,
1.1895,0.0010871030,
1.18975,0.0157734770,
1.19,-0.0054010744,
1.19025,0.0057826666,
1.1905,0.0013041515,
1.19075,-0.0024938053,
1.191,-0.0020844461,
1.19125,0.0037995968,
1.1915,0.0109334365,
1.19175,-0.0007539521,
1.192,-0.0129434457,
1.19225,0.0113607431,
1.1925,0.0143204611,
1.19275,-0.0169478897,
1.193,0.0069943257,
1.19325,0.0155469030,
1.1935,0.0035415599,
1.19375,-0.0134628629,
1.194,0.0161818806,
1.19425,0.0153757781,
1.1945,-0.0091225067,
1.19475,0.0095037250,
1.195,0.0237241965,
1.19525,-0.0082552079,
1.1955,-0.0010419948,
1.19575,0.0129144136,
1.196,0.0032255040,
1.19625,-0.0107605150,
1.1965,-0.0004646301,
1.19675,0.0054498268,
1.197,-0.0083861072,
1.19725,-0.0166220050,
1.1975,0.0062356219,
1.19775,-0.0003456802,
1.198,0.0045274720,
1.19825,0.0071389880,
1.1985,0.0124364449,
1.19875,0.0118381483,
1.199,0.0071615670,
1.19925,0.0084724817,
1.1995,0.0080873212,
1.19975,0.0020935505,
1.2,0.0061507858,
1.20025,-0.0032411460,
1.2005,0.0061891023,
1.20075,-0.0119920541,
1.201,-0.0069718319,
1.20125,0.0139645133,
1.2015,-0.0062688626,
1.20175,-0.0058739707,
1.202,0.0108081615,
1.20225,0.0123344902,
1.2025,-0.0040750802,
1.20275,-0.0023234845,
1.203,0.0129097812,
1.20325,0.0173641071,
1.2035,-0.0072011054,
1.20375,0.0057347314,
1.204,0.0184826199,
1.20425,0.0005732205,
1.2045,-0.0018614082,
1.20475,0.0188311785,
1.205,0.0066214036,
1.20525,-0.0097774584,
1.2055,-0.0126299718,
1.20575,0.0151948240,
1.206,-0.0102819353,
1.20625,-0.0183908194,
1.2065,-0.0081365965,
1.20675,-0.0020347373,
1.207,-0.0106606772,
1.20725,-0.0173932239,
1.2075,-0.0001478251,
1.20775,0.0096162148,
1.208,0.0038904734,
1.20825,0.0005689335,
1.2085,0.0164888203,
1.20875,0.0106507484,
1.209,0.0002003009,
1.20925,0.0076239007,
1.2095,0.0067874026,
1.20975,-0.0114260791,
1.21,-0.0019372543,
1.21025,-0.0002566318,
1.2105,-0.0145911407,
1.21075,-0.0102127213,
1.211,0.0107397782,
1.21125,0.0001982354,
1.2115,-0.0041578552,
1.21175,-0.0145006496,
1.212,0.0095331315,
1.21225,-0.0008053017,
1.2125,-0.0067784693,
1.21275,0.0004472111,
1.213,0.0060739606,
1.21325,-0.0041295886,
1.2135,-0.0065088701,
1.21375,0.0039025890,
1.214,0.0004969391,
1.21425,0.0037732103,
1.2145,0.0010077121,
1.21475,0.0069177132,
1.215,-0.0066665644,
1.21525,-0.0100160586,
1.2155,0.0056113298,
1.21575,0.0001860072,
1.216,-0.0099546472,
1.21625,-0.0052731154,
1.2165,-0.0095423218,
1.21675,-0.0044971518,
1.217,-0.0308951885,
1.21725,-0.0034902303,
1.2175,0.0028413353,
1.21775,0.0022157931,
1.218,-0.0034825578,
1.21825,0.0095744198,
1.2185,-0.0001666005,
1.21875,-0.0086650988,
1.219,-0.0074070906,
1.21925,0.0043373774,
1.2195,-0.0174337141,
1.21975,-0.0076020039,
1.22,-0.0030409803,
1.22025,-0.0059831729,
1.2205,-0.0126309367,
1.22075,-0.0060236417,
1.221,0.0005202665,
1.22125,-0.0074323211,
1.2215,-0.0106501188,
1.22175,-0.0073483009,
1.222,0.0077040801,
1.22225,-0.0095179426,
1.2225,-0.0061033429,
1.22275,0.0063066026,
1.223,0.0115721012,
1.22325,-0.0051917979,
1.2235,-0.0020371496,
1.22375,0.0181621145,
1.224,0.0113770915,
1.22425,-0.0121835535,
1.2245,0.0194129869,
1.22475,0.0047896956,
1.225,-0.0222496688,
1.22525,-0.0103191417,
1.2255,0.0092529953,
1.22575,-0.0157300886,
1.226,-0.0182843301,
1.22625,-0.0055797389,
1.2265,-0.0014499712,
1.22675,-0.0186207946,
1.227,-0.0059460620,
1.22725,-0.0004917908,
1.2275,0.0063077528,
1.22775,-0.0056186831,
1.228,0.0007069756,
1.22825,0.0132011482,
1.2285,0.0010145315,
1.22875,-0.0012272678,
1.229,0.0020593642,
1.22925,-0.0086735571,
1.2295,-0.0016845907,
1.22975,-0.0049579740,
1.23,-0.0085731447,
1.23025,-0.0103207957,
1.2305,-0.0061164089,
1.23075,-0.0047442508,
1.231,0.0014484753,
1.23125,-0.0037049428,
1.2315,-0.0212781094,
1.23175,0.0027844310,
1.232,0.0084619168,
1.23225,-0.0025306344,
1.2325,-0.0065123667,
1.23275,0.0188064799,
1.233,-0.0037896310,
1.23325,-0.0118803596,
1.2335,0.0108337635,
1.23375,0.0192825925,
1.234,-0.0049602306,
1.23425,0.0008582801,
1.2345,0.0096263196,
1.23475,-0.0089117493,
1.235,-0.0106707644,
1.23525,0.0111746499,
1.2355,-0.0061031040,
1.23575,-0.0155268796,
1.236,-0.0050085592,
1.23625,-0.0012273421,
1.2365,-0.0236094445,
1.23675,-0.0211574063,
1.237,0.0053654630,
1.23725,0.0037104534,
1.2375,0.0032573491,
1.23775,0.0064419853,
1.238,0.0088356519,
1.23825,-0.0136008784,
1.2385,0.0015053152,
1.23875,-0.0024437110,
1.239,0.0041801110,
1.23925,-0.0068710158,
1.2395,-0.0043660640,
1.23975,-0.0013683960,
1.24,0.0062139742,
1.24025,-0.0146851642,
1.2405,-0.0021506506,
1.24075,-0.0023894266,
1.241,0.0096769622,
1.24125,-0.0047115674,
1.2415,-0.0073968661,
1.24175,0.0141167678,
1.242,0.0102618234,
1.24225,-0.0059513478,
1.2425,0.0164277405,
1.24275,0.0105214100,
1.243,0.0004183312,
1.24325,0.0028535028,
1.2435,0.0134845562,
1.24375,0.0095606931,
1.244,-0.0037219028,
1.24425,0.0176420771,
1.2445,-0.0000754573,
1.24475,-0.0188948885,
1.245,-0.0001380672,
1.24525,-0.0013464155,
1.2455,0.0045184372,
1.24575,-0.0088436771,
1.246,-0.0063080504,
1.24625,-0.0088619767,
1.2465,-0.0039078803,
1.24675,-0.0131295165,
1.247,-0.0008900099,
1.24725,0.0123068318,
1.2475,-0.0104211122,
1.24775,0.0071791611,
1.248,0.0094566997,
1.24825,0.0084527526,
1.2485,-0.0076332223,
1.24875,0.0065491702,
1.249,-0.0015178542,
1.24925,-0.0043807589,
1.2495,-0.0094483467,
1.24975,-0.0097288322,
1.25,-0.0031433445,
1.25025,-0.0006860872,
1.2505,0.0026363158,
1.25075,0.0110578518,
1.251,-0.0053529246,
1.25125,-0.0091711078,
1.2515,0.0147097455,
1.25175,0.0151199000,
1.252,0.0063794502,
1.25225,0.0048554298,
1.2525,0.0206322614,
1.25275,0.0043195509,
1.253,-0.0005750144,
1.25325,0.0092919711,
1.2535,0.0091111120,
1.25375,0.0044322615,
1.254,0.0087561458,
1.25425,-0.0075767841,
1.2545,-0.0016381004,
1.25475,0.0093638608,
1.255,-0.0072347466,
1.25525,-0.0091496594,
1.2555,-0.0077117379,
1.25575,-0.0080816234,
1.256,0.0022757442,
1.25625,-0.0199803058,
1.2565,-0.0077254446,
1.25675,-0.0078044236,
1.257,0.0154537503,
1.25725,0.0096711181,
1.2575,0.0067136846,
1.25775,-0.0056206193,
1.258,-0.0012830890,
1.25825,-0.0038610396,
1.2585,-0.0042981529,
1.25875,0.0012224915,
1.259,-0.0020042001,
1.25925,-0.0096272500,
1.2595,0.0037401388,
1.25975,0.0055443752,
1.26,-0.0222876742,
1.26025,-0.0060321214,
1.2605,0.0102590853,
1.26075,0.0058772862,
1.261,-0.0037782779,
1.26125,-0.0106270565,
1.2615,0.0074723247,
1.26175,0.0044721803,
1.262,-0.0015954643,
1.26225,0.0016201591,
1.2625,0.0105525944,
1.26275,0.0044458862,
1.263,-0.0099199675,
1.26325,0.0163773037,
1.2635,0.0102856206,
1.26375,0.0020675764,
1.264,0.0032560183,
1.26425,-0.0093298377,
1.2645,-0.0091680083,
1.26475,-0.0128671983,
1.265,0.0089254193,
1.26525,0.0046437802,
1.2655,-0.0187949594,
1.26575,-0.0013840834,
1.266,-0.0156585053,
1.26625,-0.0212762840,
1.2665,-0.0226765703,
1.26675,0.0014880644,
1.267,-0.0035444023,
1.26725,-0.0148551632,
1.2675,0.0047086943,
1.26775,-0.0005241173,
1.268,-0.0047473195,
1.26825,-0.0038643302,
1.2685,0.0036200813,
1.26875,-0.0100543639,
1.269,0.0055549406,
1.26925,-0.0124922078,
1.2695,-0.0121651534,
1.26975,-0.0065779733,
1.27,0.0017970288,
1.27025,-0.0124975620,
1.2705,0.0047425870,
1.27075,0.0052030459,
1.271,-0.0120364139,
1.27125,-0.0078783417,
1.2715,0.0176852029,
1.27175,-0.0021388764,
1.272,-0.0072171148,
1.27225,0.0111116022,
1.2725,0.0126645351,
1.27275,-0.0031231528,
1.273,-0.0001069773,
1.27325,0.0210239924,
1.2735,0.0086195488,
1.27375,-0.0100898892,
1.274,0.0025068156,
1.27425,-0.0078832349,
1.2745,-0.0020585426,
1.27475,-0.0108578047,
1.275,0.0061460002,
1.27525,-0.0027818230,
1.2755,-0.0000959231,
1.27575,-0.0071450300,
1.276,-0.0177884866,
1.27625,-0.0025184124,
1.2765,0.0016018421,
1.27675,0.0205242746,
1.277,0.0131261488,
1.27725,0.0126315197,
1.2775,0.0097943982,
1.27775,0.0135677438,
1.278,-0.0002213510,
1.27825,0.0082646506,
1.2785,-0.0029100836,
1.27875,0.0071240845,
1.279,0.0052044936,
1.27925,0.0058903242,
1.2795,-0.0087101506,
1.27975,0.0026988680,
1.28,0.0025859028,
1.28025,0.0127311349,
1.2805,0.0170379486,
1.28075,0.0047355467,
1.281,0.0050436230,
1.28125,0.0080152461,
1.2815,0.0193691719,
1.28175,0.0099080000,
1.282,0.0101617211,
1.28225,0.0279189348,
1.2825,0.0113368789,
1.28275,0.0055069099,
1.283,0.0212949868,
1.28325,0.0160909146,
1.2835,0.0195377246,
1.28375,-0.0028109387,
1.284,-0.0031967671,
1.28425,0.0128239859,
1.2845,0.0006643448,
1.28475,0.0130902752,
1.285,0.0149650881,
1.28525,-0.0021649692,
1.2855,0.0047976905,
1.28575,-0.0131658362,
1.286,0.0104602696,
1.28625,-0.0176716633,
1.2865,0.0056626811,
1.28675,0.0123236421,
1.287,0.0093053114,
1.28725,-0.0005189342,
1.2875,0.0090110200,
1.28775,0.0162246823,
1.288,0.0156102246,
1.28825,-0.0063664308,
1.2885,0.0198245216,
1.28875,0.0113715371,
1.289,-0.0030098571,
1.28925,0.0031143292,
1.2895,0.0163034238,
1.28975,0.0018142932,
1.29,-0.0067324769,
1.29025,0.0204283260,
1.2905,0.0061436864,
1.29075,-0.0006056502,
1.291,0.0052991770,
1.29125,0.0209058113,
1.2915,0.0085449973,
1.29175,0.0107091106,
1.292,0.0146894203,
1.29225,0.0083072530,
1.2925,0.0066781146,
1.29275,0.0014232543,
1.293,0.0134676797,
1.29325,0.0103171859,
1.2935,0.0001133196,
1.29375,0.0032522145,
1.294,-0.0069938968,
1.29425,0.0112623256,
1.2945,-0.0134504568,
1.29475,0.0068246964,
1.295,0.0104584191,
1.29525,-0.0007973643,
1.2955,-0.0338504016,
1.29575,-0.0111971945,
1.296,-0.0149899572,
1.29625,-0.0113302786,
1.2965,0.0076323627,
1.29675,0.0088437134,
1.297,0.0029173808,
1.29725,0.0004589466,
1.2975,0.0162558574,
1.29775,0.0054208506,
1.298,-0.0079749888,
1.29825,-0.0077908183,
1.2985,0.0051240134,
1.29875,-0.0064267712,
1.299,-0.0117753493,
1.29925,-0.0145779699,
1.2995,0.0016663843,
1.29975,-0.0056313635,
1.3,-0.0054952446,
1.30025,-0.0046336334,
1.3005,0.0016320047,
1.30075,-0.0117503284,
1.301,-0.0089432867,
1.30125,0.0098086540,
1.3015,0.0028608155,
1.30175,-0.0085556172,
1.302,0.0096378634,
1.30225,0.0051666107,
1.3025,-0.0071906899,
1.30275,-0.0002513577,
1.303,0.0145359701,
1.30325,-0.0086747753,
1.3035,-0.0199378449,
1.30375,-0.0066514844,
1.304,-0.0044458089,
1.30425,-0.0187687390,
1.3045,-0.0085022170,
1.30475,-0.0105498470,
1.305,-0.0315618478,
1.30525,-0.0259238128,
1.3055,-0.0068952306,
1.30575,-0.0188344065,
1.306,-0.0313750543,
1.30625,-0.0055597764,
1.3065,0.0016522093,
1.30675,-0.0057540140,
1.307,-0.0092481645,
1.30725,0.0069418270,
1.3075,0.0001129525,
1.30775,-0.0018270640,
1.308,-0.0112752169,
1.30825,-0.0052111121,
1.3085,-0.0098915994,
1.30875,-0.0047833789,
1.309,-0.0255410895,
1.30925,-0.0046902657,
1.3095,-0.0143540567,
1.30975,-0.0112818880,
1.31,-0.0094809635,
1.31025,0.0047909296,
1.3105,-0.0042307605,
1.31075,-0.0207906794,
1.311,0.0086944066,
1.31125,0.0095628509,
1.3115,-0.0112083917,
1.31175,-0.0093607316,
1.312,0.0044193440,
1.31225,-0.0064985324,
1.3125,-0.0110863131,
1.31275,0.0077485628,
1.313,0.0041051437,
1.31325,-0.0143268621,
1.3135,-0.0132700568,
1.31375,0.0075531704,
1.314,-0.0147383157,
1.31425,-0.0196842700,
1.3145,0.0110180192,
1.31475,-0.0061943871,
1.315,-0.0120401513,
1.31525,-0.0210381597,
1.3155,-0.0080276076,
1.31575,-0.0332120843,
1.316,-0.0037331190,
1.31625,0.0053421194,
1.3165,0.0068131881,
1.31675,0.0004962921,
1.317,0.0060807848,
1.31725,0.0026544661,
1.3175,0.0036440538,
1.31775,-0.0065028765,
1.318,-0.0119434595,
1.31825,0.0034324322,
1.3185,-0.0040306682,
1.31875,-0.0115137734,
1.319,-0.0084400531,
1.31925,0.0081156343,
1.3195,0.0008130341,
1.31975,-0.0053527108,
1.32,-0.0132002588,
1.32025,0.0121283978,
1.3205,-0.0156592801,
1.32075,-0.0031650411,
1.321,0.0014783568,
1.32125,0.0041097580,
1.3215,-0.0098529104,
1.32175,0.0044477214,
1.322,0.0173930377,
1.32225,-0.0032809537,
1.3225,0.0034204402,
1.32275,0.0231146440,
1.323,-0.0057740957,
1.32325,-0.0019683111,
1.3235,-0.0045261625,
1.32375,-0.0124585275,
1.324,-0.0095044672,
1.32425,-0.0072366144,
1.3245,-0.0158470757,
1.32475,-0.0108430637,
1.325,-0.0224323459,
1.32525,-0.0005279732,
1.3255,-0.0125977434,
1.32575,-0.0166432671,
1.326,0.0035764962,
1.32625,0.0025030663,
1.3265,0.0159184672,
1.32675,-0.0001978150,
1.327,0.0074868323,
1.32725,0.0240795333,
1.3275,-0.0027226526,
1.32775,-0.0017613366,
1.328,0.0007688433,
1.32825,0.0052627879,
1.3285,-0.0037773200,
1.32875,-0.0210827384,
1.329,0.0171437431,
1.32925,-0.0038454228,
1.3295,-0.0116378218,
1.32975,-0.0037603450,
1.33,0.0048848214,
1.33025,-0.0143361092,
1.3305,0.0026818560,
1.33075,0.0046548611,
1.331,0.0146994125,
1.33125,0.0022785142,
1.3315,0.0007084929,
1.33175,0.0148309804,
1.332,0.0035120316,
1.33225,0.0032778780,
1.3325,0.0037069824,
1.33275,-0.0003826269,
1.333,0.0002350610,
1.33325,-0.0116687808,
1.3335,0.0047953045,
1.33375,-0.0045000147,
1.334,-0.0161752570,
1.33425,-0.0033624414,
1.3345,-0.0160152894,
1.33475,-0.0231842138,
1.335,-0.0228486490,
1.33525,-0.0124314316,
1.3355,-0.0000973968,
1.33575,0.0085330848,
1.336,-0.0018702217,
1.33625,0.0170990415,
1.3365,0.0070554595,
1.33675,-0.0008639079,
1.337,0.0089177219,
1.33725,0.0143105555,
1.3375,-0.0070621176,
1.33775,-0.0115481392,
1.338,0.0070851995,
1.33825,0.0047228583,
1.3385,-0.0127751986,
1.33875,-0.0007919930,
1.339,0.0067453645,
1.33925,0.0046798466,
1.3395,-0.0136107951,
1.33975,-0.0173353609,
1.34,0.0146656074,
1.34025,-0.0090624392,
1.3405,-0.0008047367,
1.34075,0.0025934847,
1.341,0.0111291185,
1.34125,-0.0032191502,
1.3415,-0.0016785132,
1.34175,0.0130737480,
1.342,-0.0072485651,
1.34225,-0.0149443038,
1.3425,0.0157629680,
1.34275,0.0026592985,
1.343,-0.0112248817,
1.34325,-0.0161099210,
1.3435,-0.0141427591,
1.34375,-0.0142167788,
1.344,-0.0038976965,
1.34425,-0.0020900262,
1.3445,-0.0057010744,
1.34475,-0.0162775107,
1.345,-0.0007475456,
1.34525,-0.0176067427,
1.3455,-0.0229043774,
1.34575,-0.0023973202,
1.346,0.0014744154,
1.34625,0.0064971042,
1.3465,-0.0067870719,
1.34675,0.0173242800,
1.347,0.0063948724,
1.34725,0.0041420236,
1.3475,0.0033213522,
1.34775,-0.0094378768,
1.348,0.0028038048,
1.34825,-0.0104874745,
1.3485,-0.0150401788,
1.34875,-0.0037436904,
1.349,-0.0002025808,
1.34925,-0.0031933256,
1.3495,-0.0235286355,
1.34975,0.0013445343,
1.35,-0.0007297617,
1.35025,-0.0012940366,
1.3505,-0.0082177026,
1.35075,0.0214889012,
1.351,-0.0012612585,
1.35125,-0.0121307243,
1.3515,0.0048849471,
1.35175,0.0092492979,
1.352,-0.0061042411,
1.35225,-0.0010893593,
1.3525,0.0133034363,
1.35275,0.0000738805,
1.353,-0.0163909066,
1.35325,0.0103077795,
1.3535,-0.0095753698,
1.35375,-0.0192602687,
1.354,0.0018098367,
1.35425,-0.0132645145,
1.3545,-0.0312448833,
1.35475,-0.0190011393,
1.355,-0.0061796284,
1.35525,0.0055509033,
1.3555,0.0017065296,
1.35575,0.0093042580,
1.356,0.0141049717,
1.35625,0.0075578406,
1.3565,0.0129032154,
1.35675,0.0159468204,
1.357,0.0136634978,
1.35725,0.0021075292,
1.3575,-0.0028264415,
1.35775,0.0146480417,
1.358,0.0023670211,
1.35825,-0.0055004526,
1.3585,-0.0032008826,
1.35875,-0.0006899916,
1.359,0.0100702308,
1.35925,-0.0136711774,
1.3595,-0.0065106843,
1.35975,0.0201104544,
1.36,0.0059785480,
1.36025,-0.0020689424,
1.3605,0.0098529654,
1.36075,0.0233171862,
1.361,-0.0072385129,
1.36125,0.0049297428,
1.3615,0.0158528350,
1.36175,0.0022431950,
1.362,0.0037076487,
1.36225,0.0170762297,
1.3625,0.0056017241,
1.36275,-0.0020017840,
1.363,-0.0110818408,
1.36325,0.0010894644,
1.3635,0.0058576227,
1.36375,0.0009080461,
1.364,-0.0015418876,
1.36425,0.0039964686,
1.3645,0.0022275562,
1.36475,-0.0045963991,
1.365,-0.0172516499,
1.36525,0.0046397834,
1.3655,-0.0057133841,
1.36575,0.0089194514,
1.366,0.0151824690,
1.36625,0.0106294919,
1.3665,0.0162245817,
1.36675,0.0130510442,
1.367,0.0197673552,
1.36725,-0.0019370050,
1.3675,-0.0093380511,
1.36775,0.0211087838,
1.368,-0.0121572008,
1.36825,0.0032099059,
1.3685,0.0050384635,
1.36875,0.0103520025,
1.369,-0.0024329885,
1.36925,-0.0029207987,
1.3695,0.0135174878,
1.36975,0.0164375640,
1.37,-0.0035752170,
1.37025,0.0088167582,
1.3705,0.0080660349,
1.37075,0.0107729807,
1.371,0.0069290404,
1.37125,0.0047538555,
1.3715,0.0221102834,
1.37175,0.0070570041,
1.372,0.0051481468,
1.37225,0.0194723587,
1.3725,0.0063682543,
1.37275,-0.0022701165,
1.373,-0.0033441545,
1.37325,-0.0005071838,
1.3735,-0.0042185392,
1.37375,-0.0013319867,
1.374,-0.0084581301,
1.37425,-0.0009464639,
1.3745,-0.0068517909,
1.37475,-0.0040937476,
1.375,0.0115859788,
1.37525,0.0049232780,
1.3755,0.0043716338,
1.37575,0.0085971933,
1.376,0.0200336576,
1.37625,0.0095128147,
1.3765,0.0092799114,
1.37675,0.0188456681,
1.377,0.0086197816,
1.37725,0.0049913954,
1.3775,0.0143548194,
1.37775,0.0063160290,
1.378,-0.0008657941,
1.37825,-0.0003636305,
1.3785,0.0158092026,
1.37875,0.0062596370,
1.379,-0.0054195281,
1.37925,0.0027717133,
1.3795,0.0208753627,
1.37975,0.0123635735,
1.38,-0.0021826795,
1.38025,0.0100346562,
1.3805,0.0249886438,
1.38075,-0.0040026307,
1.381,0.0075813225,
1.38125,0.0184891019,
1.3815,0.0156940334,
1.38175,0.0039450722,
1.382,0.0056623644,
1.38225,0.0091074081,
1.3825,-0.0064775231,
1.38275,-0.0190992299,
1.383,0.0152098164,
1.38325,0.0112557868,
1.3835,-0.0134519599,
1.38375,0.0064625526,
1.384,-0.0012279209,
1.38425,-0.0089699263,
1.3845,-0.0172907282,
1.38475,-0.0029951101,
1.385,0.0048454567,
1.38525,-0.0031283204,
1.3855,0.0129060410,
1.38575,0.0082580820,
1.386,0.0124611426,
1.38625,0.0154000502,
1.3865,0.0077900174,
1.38675,0.0073609757,
1.387,0.0097634559,
1.38725,-0.0030406774,
1.3875,-0.0006244681,
1.38775,-0.0029965239,
1.388,0.0006552210,
1.38825,-0.0007318522,
1.3885,0.0035445564,
1.38875,0.0054463521,
1.389,-0.0134009812,
1.38925,-0.0002918895,
1.3895,0.0252058953,
1.38975,-0.0043357858,
1.39,-0.0045441287,
1.39025,0.0126390513,
1.3905,0.0221445207,
1.39075,-0.0093749976,
1.391,0.0059078918,
1.39125,0.0228371546,
1.3915,0.0024206880,
1.39175,-0.0056156069,
1.392,0.0219275448,
1.39225,0.0039790217,
1.3925,-0.0047530783,
1.39275,-0.0028933443,
1.393,0.0002734512,
1.39325,-0.0047072563,
1.3935,0.0027869155,
1.39375,0.0029642901,
1.394,-0.0054455600,
1.39425,-0.0137843937,
1.3945,-0.0015332899,
1.39475,0.0091696177,
1.395,-0.0029944943,
1.39525,0.0042604059,
1.3955,0.0088790245,
1.39575,0.0108415540,
1.396,0.0040075947,
1.39625,0.0105462270,
1.3965,0.0118970703,
1.39675,0.0048353812,
1.397,0.0075907549,
1.39725,0.0039250120,
1.3975,0.0007174999,
1.39775,0.0028523139,
1.398,-0.0064826636,
1.39825,0.0094526885,
1.3985,-0.0003428427,
1.39875,-0.0040169600,
1.399,-0.0032753022,
1.39925,0.0168020446,
1.3995,0.0148352142,
1.39975,-0.0016060233,
1.4,0.0058589294,
1.40025,0.0203655139,
1.4005,0.0025031059,
1.40075,-0.0007451035,
1.401,0.0180622917,
1.40125,0.0112554245,
1.4015,0.0021565005,
1.40175,0.0054882444,
1.402,0.0119080432,
1.40225,-0.0034839395,
1.4025,-0.0132943802,
1.40275,0.0190121327,
1.403,0.0119417906,
1.40325,-0.0058466047,
1.4035,-0.0067891781,
1.40375,-0.0149672870,
1.404,-0.0092704790,
1.40425,-0.0230004732,
1.4045,-0.0014708173,
1.40475,0.0048854994,
1.405,0.0056590140,
1.40525,-0.0043401560,
1.4055,0.0118615935,
1.40575,0.0166980382,
1.406,-0.0052596680,
1.40625,0.0026486281,
1.4065,0.0093716532,
1.40675,-0.0046170205,
1.407,-0.0032292404,
1.40725,-0.0028051503,
1.4075,-0.0040354049,
1.40775,-0.0129822977,
1.408,0.0030180856,
1.40825,0.0033526933,
1.4085,-0.0073685013,
1.40875,-0.0114404447,
1.409,0.0012495905,
1.40925,0.0085148951,
1.4095,0.0000337766,
1.40975,0.0000984971,
1.41,0.0164828468,
1.41025,-0.0008995463,
1.4105,-0.0037311718,
1.41075,0.0065063518,
1.411,0.0067864875,
1.41125,0.0080622099,
1.4115,-0.0018345740,
1.41175,0.0021809097,
1.412,-0.0117254760,
1.41225,-0.0055762669,
1.4125,-0.0056121778,
1.41275,-0.0012002473,
1.413,-0.0083722351,
1.41325,-0.0053865155,
1.4135,-0.0242638122,
1.41375,-0.0132363373,
1.414,-0.0240352415,
1.41425,-0.0204044282,
1.4145,-0.0025112918,
1.41475,0.0099900905,
1.415,-0.0105958302,
1.41525,-0.0017193411,
1.4155,-0.0006807445,
1.41575,-0.0009725574,
1.416,-0.0061650295,
1.41625,-0.0062695509,
1.4165,0.0054771155,
1.41675,-0.0100629423,
1.417,-0.0123213874,
1.41725,0.0034571718,
1.4175,-0.0026894861,
1.41775,-0.0127127664,
1.418,0.0017298330,
1.41825,-0.0060419487,
1.4185,-0.0069728075,
1.41875,-0.0087303240,
1.419,-0.0028599147,
1.41925,0.0040696384,
1.4195,-0.0053407382,
1.41975,0.0014788283,
1.42,0.0054564471,
1.42025,-0.0024850736,
1.4205,-0.0060902042,
1.42075,-0.0036942824,
1.421,0.0109277144,
1.42125,-0.0136507591,
1.4215,0.0000398458,
1.42175,-0.0127257705,
1.422,-0.0216113944,
1.42225,-0.0139979385,
1.4225,-0.0037529736,
1.42275,-0.0008713868,
1.423,-0.0168250035,
1.42325,-0.0257968009,
1.4235,-0.0064747180,
1.42375,-0.0247551519,
1.424,-0.0326548740,
1.42425,0.0023724916,
1.4245,-0.0023539639,
1.42475,-0.0086369021,
1.425,-0.0041872254,
1.42525,0.0009122587,
1.4255,0.0025823051,
1.42575,-0.0167454612,
1.426,-0.0035804291,
1.42625,-0.0044649276,
1.4265,-0.0109606758,
1.42675,-0.0004944814,
1.427,-0.0194214359,
1.42725,-0.0023807653,
1.4275,-0.0022398026,
1.42775,-0.0072232373,
1.428,-0.0048461189,
1.42825,-0.0004755279,
1.4285,-0.0152362650,
1.42875,-0.0148706920,
1.429,0.0013746634,
1.42925,0.0139284553,
1.4295,-0.0112823108,
1.42975,0.0044150283,
1.43,0.0163228661,
1.43025,-0.0049502566,
1.4305,-0.0041297921,
1.43075,0.0152832167,
1.431,0.0046912031,
1.43125,-0.0086004585,
1.4315,-0.0055975867,
1.43175,-0.0028043943,
1.432,-0.0073209880,
1.43225,-0.0062260898,
1.4325,0.0089157224,
1.43275,-0.0069176666,
1.433,-0.0158951264,
1.43325,0.0001192951,
1.4335,-0.0201830827,
1.43375,-0.0269089360,
1.434,-0.0060276403,
1.43425,0.0051850411,
1.4345,0.0121113099,
1.43475,-0.0029717947,
1.435,0.0034576766,
1.43525,-0.0038941237,
1.4355,0.0028762398,
1.43575,0.0025125465,
1.436,0.0006896470,
1.43625,0.0014562174,
1.4365,0.0100657633,
1.43675,-0.0026941937,
1.437,0.0064484729,
1.43725,-0.0028127530,
1.4375,-0.0134043535,
1.43775,-0.0074556619,
1.438,0.0070740306,
1.43825,0.0053134663,
1.4385,-0.0162611213,
1.43875,0.0070342831,
1.439,0.0125127528,
1.43925,0.0015182419,
1.4395,0.0062738368,
1.43975,0.0092815487,
1.44,0.0188155007,
1.44025,-0.0053945966,
1.4405,0.0099168159,
1.44075,0.0212112702,
1.441,0.0008669152,
1.44125,0.0026639574,
1.4415,-0.0009706084,
1.44175,-0.0147204660,
1.442,0.0052896379,
1.44225,0.0058131292,
1.4425,0.0007887814,
1.44275,-0.0048773671,
1.443,-0.0018479270,
1.44325,-0.0023929137,
1.4435,-0.0022611280,
1.44375,-0.0097159632,
1.444,0.0008061151,
1.44425,0.0068638548,
1.4445,0.0016026701,
1.44475,0.0018586172,
1.445,-0.0080162957,
1.44525,0.0058690403,
1.4455,-0.0116422912,
1.44575,0.0018004263,
1.446,0.0057521812,
1.44625,0.0032695699,
1.4465,-0.0052978103,
1.44675,-0.0059695421,
1.447,0.0118179629,
1.44725,-0.0027573421,
1.4475,-0.0018038076,
1.44775,0.0013962521,
1.448,0.0004203243,
1.44825,-0.0174169261,
1.4485,0.0032529433,
1.44875,0.0051771263,
1.449,0.0111816209,
1.44925,0.0010441428,
1.4495,0.0083839977,
1.44975,0.0178133398,
1.45,0.0021512215,
1.45025,-0.0004177094,
1.4505,0.0095793651,
1.45075,-0.0010879758,
1.451,0.0036539063,
1.45125,-0.0152977146,
1.4515,-0.0121971397,
1.45175,0.0090517551,
1.452,-0.0029352070,
1.45225,-0.0023628331,
1.4525,0.0046850028,
1.45275,-0.0047429134,
1.453,-0.0100433528,
1.45325,-0.0301112719,
1.4535,-0.0099347625,
1.45375,-0.0079252748,
1.454,0.0022779501,
1.45425,0.0094227055,
1.4545,0.0034144127,
1.45475,-0.0046212170,
1.455,0.0127590308,
1.45525,0.0089803692,
1.4555,-0.0040058969,
1.45575,-0.0058761328,
1.456,0.0075940648,
1.45625,0.0004135628,
1.4565,-0.0079154391,
1.45675,-0.0039870706,
1.457,-0.0164729562,
1.45725,-0.0073838178,
1.4575,-0.0078255627,
1.45775,0.0062724622,
1.458,-0.0015879284,
1.45825,-0.0049488237,
1.4585,0.0037405142,
1.45875,0.0014376398,
1.459,0.0072347210,
1.45925,-0.0026018023,
1.4595,0.0081445593,
1.45975,0.0088217026,
1.46,-0.0085338019,
1.46025,0.0041933227,
1.4605,0.0086480966,
1.46075,0.0113790706,
1.461,-0.0109209288,
1.46125,-0.0177245140,
1.4615,-0.0003734837,
1.46175,-0.0045445552,
1.462,-0.0032552227,
1.46225,0.0002071463,
1.4625,-0.0116406810,
1.46275,-0.0087863933,
1.463,-0.0137809245,
1.46325,-0.0066383621,
1.4635,-0.0210117139,
1.46375,-0.0024540478,
1.464,0.0026961535,
1.46425,-0.0035097217,
1.4645,-0.0055715539,
1.46475,-0.0020107264,
1.465,-0.0025918591,
1.46525,0.0001457578,
1.4655,-0.0002509105,
1.46575,-0.0161767453,
1.466,0.0020992190,
1.46625,-0.0123949712,
1.4665,-0.0105471313,
1.46675,-0.0104668876,
1.467,0.0079035265,
1.46725,-0.0143520106,
1.4675,-0.0097945752,
1.46775,-0.0027327780,
1.468,0.0003871457,
1.46825,-0.0134329917,
1.4685,0.0012009888,
1.46875,0.0221288353,
1.469,-0.0015993773,
1.46925,-0.0132452371,
1.4695,0.0141252493,
1.46975,-0.0010229578,
1.47,-0.0148852803,
1.47025,0.0034756768,
1.4705,0.0078909164,
1.47075,-0.0127673252,
1.471,-0.0090103969,
1.47125,-0.0008978613,
1.4715,-0.0033520060,
1.47175,-0.0147313476,
1.472,0.0028639981,
1.47225,0.0012238709,
1.4725,-0.0021964582,
1.47275,-0.0250928458,
1.473,-0.0103530195,
1.47325,-0.0003933175,
1.4735,-0.0073530357,
1.47375,0.0112919891,
1.474,0.0068100281,
1.47425,0.0066731307,
1.4745,0.0022552682,
1.47475,0.0142784212,
1.475,0.0036544902,
1.47525,-0.0021614514,
1.4755,-0.0074560083,
1.47575,0.0070463624,
1.476,-0.0052650552,
1.47625,0.0005419232,
1.4765,-0.0201690104,
1.47675,0.0044391481,
1.477,0.0046849209,
1.47725,-0.0130702611,
1.4775,0.0083574317,
1.47775,0.0129736764,
1.478,0.0002251476,
1.47825,-0.0066116070,
1.4785,0.0121423267,
1.47875,0.0130376220,
1.479,-0.0013737921,
1.47925,0.0093471967,
1.4795,0.0177459083,
1.47975,0.0038898666,
1.48,0.0112158749,
1.48025,0.0227553174,
1.4805,0.0234363414,
1.48075,-0.0010272070,
1.481,-0.0067982362,
1.48125,0.0182640441,
1.4815,0.0087116333,
1.48175,-0.0019953218,
1.482,0.0027692548,
1.48225,-0.0070445808,
1.4825,-0.0010623957,
1.48275,-0.0051942351,
1.483,-0.0018674489,
1.48325,-0.0045250049,
1.4835,0.0033019199,
1.48375,0.0078188935,
1.484,0.0190451555,
1.48425,-0.0001310093,
1.4845,0.0132594649,
1.48475,0.0114791887,
1.485,0.0265356191,
1.48525,-0.0031021575,
1.4855,0.0068713534,
1.48575,0.0199263394,
1.486,0.0000085319,
1.48625,-0.0079276310,
1.4865,0.0138313081,
1.48675,0.0069501614,
1.487,-0.0101358499,
1.48725,0.0063500395,
1.4875,0.0054004001,
1.48775,0.0071630394,
1.488,-0.0083722463,
1.48825,0.0130130146,
1.4885,0.0186347254,
1.48875,0.0123453615,
1.489,0.0087273587,
1.48925,0.0115920510,
1.4895,0.0136714661,
1.48975,0.0126180351,
1.49,0.0053822827,
1.49025,0.0189001132,
1.4905,0.0030127305,
1.49075,-0.0068293861,
1.491,0.0057816789,
1.49125,0.0141691184,
1.4915,0.0005474651,
1.49175,0.0010986964,
1.492,0.0063023260,
1.49225,0.0200331099,
1.4925,-0.0222370364,
1.49275,-0.0029483796,
1.493,0.0030384117,
1.49325,0.0049516996,
1.4935,0.0073653217,
1.49375,0.0069028307,
1.494,0.0210724659,
1.49425,0.0014321865,
1.4945,0.0063615218,
1.49475,0.0142751653,
1.495,-0.0021547000,
1.49525,-0.0131454337,
1.4955,0.0102481190,
1.49575,-0.0026546314,
1.496,-0.0111050103,
1.49625,-0.0188251100,
1.4965,0.0163099784,
1.49675,-0.0146832615,
1.497,-0.0058785984,
1.49725,0.0030873399,
1.4975,0.0088486699,
1.49775,-0.0033323749,
1.498,0.0013604270,
1.49825,0.0002867095,
1.4985,0.0166458841,
1.49875,0.0017538004,
1.499,0.0009376469,
1.49925,0.0151259862,
1.4995,0.0037242484,
1.49975,-0.0045135692,
1.5,0.0078033553,
1.50025,0.0052671372,
1.5005,-0.0135870362,
1.50075,-0.0158074815,
1.501,0.0073947720,
1.50125,-0.0051759207,
1.5015,-0.0170132034,
1.50175,-0.0067352713,
1.502,-0.0018133032,
1.50225,-0.0089792227,
1.5025,-0.0072298357,
1.50275,-0.0092047164,
1.503,-0.0117291650,
1.50325,-0.0062838239,
1.5035,-0.0052309018,
1.50375,0.0010349664,
1.504,-0.0082478318,
1.50425,0.0062623662,
1.5045,0.0060304957,
1.50475,0.0079843616,
1.505,-0.0020349757,
1.50525,0.0051704799,
1.5055,-0.0077566067,
1.50575,-0.0027879034,
1.506,-0.0173881799,
1.50625,-0.0050612814,
1.5065,-0.0035857777,
1.50675,-0.0025341788,
1.507,-0.0209577717,
1.50725,-0.0055245413,
1.5075,0.0108997701,
1.50775,-0.0117886346,
1.508,-0.0040663704,
1.50825,0.0163668431,
1.5085,0.0065345028,
1.50875,-0.0225888193,
1.509,0.0071629253,
1.50925,0.0105215870,
1.5095,-0.0098767122,
1.50975,-0.0080272220,
1.51,0.0101515846,
1.51025,-0.0112350658,
1.5105,-0.0238111522,
1.51075,0.0090765934,
1.511,0.0071329279,
1.51125,-0.0236717034,
1.5115,-0.0035022856,
1.51175,-0.0015005863,
1.512,-0.0158990473,
1.51225,-0.0428125113,
1.5125,-0.0076755388,
1.51275,-0.0114792855,
1.513,-0.0031481041,
1.51325,-0.0055774017,
1.5135,0.0065007759,
1.51375,0.0015186463,
1.514,-0.0089474572,
1.51425,0.0080717253,
1.5145,-0.0012256111,
1.51475,-0.0001971811,
1.515,-0.0143508557,
1.51525,-0.0081546400,
1.5155,0.0015260872,
1.51575,-0.0131358132,
1.516,-0.0163823608,
1.51625,0.0036394768,
1.5165,-0.0019659926,
1.51675,-0.0077814558,
1.517,-0.0115515366,
1.51725,0.0065287319,
1.5175,-0.0008019047,
1.51775,-0.0069821998,
1.518,0.0064470777,
1.51825,0.0125343353,
1.5185,-0.0052679512,
1.51875,-0.0000706444,
1.519,0.0112637337,
1.51925,0.0079075964,
1.5195,-0.0139709860,
1.51975,0.0062284432,
1.52,0.0086363032,
1.52025,-0.0210704915,
1.5205,-0.0106325261,
1.52075,-0.0036166036,
1.521,-0.0224338435,
1.52125,-0.0070196926,
1.5215,-0.0131862899,
1.52175,0.0007136294,
1.522,-0.0172141418,
1.52225,-0.0133327264,
1.5225,-0.0064283414,
1.52275,-0.0118851205,
1.523,-0.0049790237,
1.52325,-0.0133472662,
1.5235,0.0101058446,
1.52375,0.0079038795,
1.524,0.0010686013,
1.52425,0.0115175471,
1.5245,0.0111451549,
1.52475,-0.0025117456,
1.525,0.0009128472,
1.52525,0.0042400379,
1.5255,-0.0047361879,
1.52575,-0.0179575048,
1.526,0.0017104107,
1.52625,0.0052137598,
1.5265,-0.0005134335,
1.52675,-0.0163753685,
1.527,0.0089882324,
1.52725,0.0041186758,
1.5275,0.0031116905,
1.52775,0.0017572584,
1.528,0.0065227840,
1.52825,0.0060954448,
1.5285,-0.0125740860,
1.52875,0.0071625877,
1.529,0.0053772395,
1.52925,0.0059111966,
1.5295,0.0042447993,
1.52975,0.0031640390,
1.53,-0.0007991196,
1.53025,-0.0030810470,
1.5305,0.0003074274,
1.53075,-0.0027306438,
1.531,-0.0169804618,
1.53125,-0.0117000788,
1.5315,-0.0126872761,
1.53175,-0.0207623858,
1.532,-0.0233469345,
1.53225,-0.0085290810,
1.5325,-0.0006382664,
1.53275,0.0163222346,
1.533,-0.0049973996,
1.53325,0.0145295523,
1.5335,0.0002704520,
1.53375,-0.0022609576,
1.534,0.0016030271,
1.53425,0.0086651016,
1.5345,-0.0040983139,
1.53475,-0.0121923154,
1.535,0.0016795621,
1.53525,0.0162002649,
1.5355,-0.0061001065,
1.53575,-0.0070382264,
1.536,0.0091568176,
1.53625,0.0051232213,
1.5365,-0.0086308289,
1.53675,-0.0141128153,
1.537,0.0033605050,
1.53725,0.0032171491,
1.5375,-0.0100305201,
1.53775,0.0055004261,
1.538,0.0144300601,
1.53825,0.0031021107,
1.5385,-0.0000891368,
1.53875,0.0063266736,
1.539,0.0149936927,
1.53925,-0.0071735396,
1.5395,0.0083052656,
1.53975,0.0096878465,
1.54,-0.0175306033,
1.54025,-0.0114844162,
1.5405,-0.0073798443,
1.54075,-0.0058181938,
1.541,-0.0005587339,
1.54125,-0.0148279443,
1.5415,0.0096155731,
1.54175,-0.0058947904,
1.542,-0.0071830228,
1.54225,-0.0095181502,
1.5425,-0.0059398967,
1.54275,-0.0107212635,
1.543,-0.0046385908,
1.54325,0.0088733342,
1.5435,0.0055144532,
1.54375,0.0044278298,
1.544,0.0034645731,
1.54425,-0.0009978988,
1.5445,-0.0025596092,
1.54475,0.0005403849,
1.545,-0.0096454527,
1.54525,-0.0102382321,
1.5455,-0.0041232607,
1.54575,-0.0064857900,
1.546,0.0018422548,
1.54625,0.0053850883,
1.5465,-0.0214500073,
1.54675,-0.0073393676,
1.547,0.0080169607,
1.54725,0.0119995549,
1.5475,-0.0167646836,
1.54775,0.0115001220,
1.548,0.0180596728,
1.54825,-0.0107600391,
1.5485,-0.0024342504,
1.54875,0.0280100498,
1.549,0.0013660955,
1.54925,-0.0058580590,
1.5495,0.0074954424,
1.54975,0.0047644945,
1.55,-0.0086726146,
1.55025,-0.0075769867,
1.5505,-0.0094395326,
1.55075,-0.0229216255,
1.551,-0.0160345957,
1.55125,0.0087516252,
1.5515,-0.0193746500,
1.55175,-0.0137998946,
1.552,-0.0053405506,
1.55225,0.0099302558,
1.5525,0.0012400392,
1.55275,-0.0036897780,
1.553,0.0073060393,
1.55325,-0.0002242915,
1.5535,0.0020436663,
1.55375,0.0063906000,
1.554,0.0058042402,
1.55425,-0.0023357871,
1.5545,-0.0019289907,
1.55475,0.0072005698,
1.555,0.0094786715,
1.55525,-0.0082703456,
1.5555,-0.0065319105,
1.55575,0.0082425848,
1.556,0.0093846302,
1.55625,-0.0031145401,
1.5565,-0.0064080693,
1.55675,0.0068496205,
1.557,0.0171827618,
1.55725,-0.0000856589,
1.5575,0.0092188958,
1.55775,0.0234946255,
1.558,0.0060729766,
1.55825,0.0008344135,
1.5585,0.0132248001,
1.55875,0.0168099515,
1.559,0.0003058402,
1.55925,0.0109376684,
1.5595,0.0016186574,
1.55975,-0.0111721838,
1.56,-0.0058481703,
1.56025,-0.0020030071,
1.5605,0.0116554089,
1.56075,0.0001220392,
1.561,0.0013839080,
1.56125,0.0005237985,
1.5615,-0.0106138596,
1.56175,-0.0143769616,
1.562,-0.0123330941,
1.56225,0.0049433764,
1.5625,-0.0086793415,
1.56275,0.0058025308,
1.563,0.0060694730,
1.56325,0.0136132669,
1.5635,0.0075677247,
1.56375,0.0086845914,
1.564,0.0085982569,
1.56425,0.0105488254,
1.5645,-0.0042745089,
1.56475,-0.0040978142,
1.565,-0.0072939689,
1.56525,0.0083775725,
1.5655,-0.0086710118,
1.56575,0.0146737900,
1.566,0.0068943021,
1.56625,-0.0063902196,
1.5665,0.0029506446,
1.56675,0.0168597940,
1.567,0.0131948665,
1.56725,-0.0020751713,
1.5675,0.0210412312,
1.56775,0.0121030249,
1.568,0.0015925382,
1.56825,0.0120876357,
1.5685,0.0089827264,
1.56875,0.0137255434,
1.569,0.0005951678,
1.56925,0.0026292694,
1.5695,0.0015029659,
1.56975,-0.0022083416,
1.57,-0.0028050805,
1.57025,-0.0189217590,
1.5705,0.0043915031,
1.57075,-0.0010883636,
1.571,-0.0087182717,
1.57125,-0.0122829508,
1.5715,-0.0046916627,
1.57175,-0.0126961675,
1.572,0.0130551541,
1.57225,0.0058923708,
1.5725,0.0076435478,
1.57275,0.0003657208,
1.573,0.0141318087,
1.57325,0.0115893167,
1.5735,0.0019099691,
1.57375,0.0126271136,
1.574,0.0100362040,
1.57425,0.0022481545,
1.5745,0.0065514729,
1.57475,0.0066684550,
1.575,-0.0104686394,
1.57525,-0.0006513032,
1.5755,0.0098537579,
1.57575,0.0121946521,
1.576,-0.0093540214,
1.57625,-0.0026189196,
1.5765,0.0140315248,
1.57675,0.0048735803,
1.577,0.0041398061,
1.57725,0.0051810723,
1.5775,0.0154258683,
1.57775,0.0121584646,
1.578,-0.0051405570,
1.57825,0.0137156937,
1.5785,0.0123453122,
1.57875,0.0101028951,
1.579,0.0026159643,
1.57925,-0.0043478021,
1.5795,0.0056459098,
1.57975,-0.0075713992,
1.58,0.0005767575,
1.58025,0.0226901881,
1.5805,-0.0132041145,
1.58075,0.0021790320,
1.581,-0.0178703573,
1.58125,-0.0129905706,
1.5815,-0.0190227591,
1.58175,-0.0106434515,
1.582,0.0104415584,
1.58225,0.0029423300,
1.5825,0.0021750727,
1.58275,0.0130725596,
1.583,0.0076908530,
1.58325,0.0089029912,
1.5835,0.0037891420,
1.58375,0.0095457053,
1.584,0.0057650772,
1.58425,0.0008232562,
1.5845,-0.0050233519,
1.58475,-0.0029058172,
1.585,0.0153812245,
1.58525,-0.0055535254,
1.5855,0.0036106796,
1.58575,0.0067199394,
1.586,0.0066498918,
1.58625,-0.0182874501,
1.5865,0.0159275718,
1.58675,0.0158498585,
1.587,-0.0019912387,
1.58725,0.0105972225,
1.5875,0.0244291481,
1.58775,0.0004747300,
1.588,0.0051214751,
1.58825,0.0137348659,
1.5885,0.0365725979,
1.58875,-0.0096597904,
1.589,0.0048999260,
1.58925,0.0063404534,
1.5895,-0.0046414002,
1.58975,-0.0112550277,
1.59,0.0060332064,
1.59025,0.0093844878,
1.5905,0.0012657826,
1.59075,-0.0059472276,
1.591,-0.0022854262,
1.59125,-0.0133488839,
1.5915,-0.0123749124,
1.59175,0.0206062794,
1.592,0.0038309011,
1.59225,0.0095426282,
1.5925,0.0098707043,
1.59275,0.0138080074,
1.593,0.0118563771,
1.59325,0.0103662945,
1.5935,0.0046735285,
1.59375,0.0166129097,
1.594,0.0125554074,
1.59425,0.0097217374,
1.5945,-0.0082513373,
1.59475,0.0121614626,
1.595,0.0051270146,
1.59525,0.0022479082,
1.5955,0.0092701139,
1.59575,0.0013339797,
1.596,0.0038621449,
1.59625,0.0022919101,
1.5965,0.0137198707,
1.59675,0.0131242275,
1.597,0.0027545225,
1.59725,0.0178049020,
1.5975,0.0170304272,
1.59775,0.0028127257,
1.598,0.0104889274,
1.59825,0.0212047901,
1.5985,0.0079133846,
1.59875,-0.0012088782,
1.599,-0.0006839079,
1.59925,0.0046105422,
1.5995,-0.0127092246,
1.59975,-0.0012699610,
1.6,0.0057953615,
1.60025,-0.0221867748,
1.6005,-0.0081972890,
1.60075,-0.0119500440,
1.601,0.0041348715,
1.60125,-0.0170691926,
1.6015,-0.0088884430,
1.60175,0.0116729010,
1.602,0.0126695866,
1.60225,-0.0017623107,
1.6025,0.0060293535,
1.60275,0.0113564460,
1.603,0.0106680850,
1.60325,-0.0098583112,
1.6035,0.0086606517,
1.60375,0.0066913916,
1.604,0.0025001788,
1.60425,-0.0085199606,
1.6045,0.0104221292,
1.60475,0.0051347115,
1.605,-0.0073608216,
1.60525,0.0024953284,
1.6055,0.0040351483,
1.60575,-0.0043180771,
1.606,-0.0102604739,
1.60625,0.0100921830,
1.6065,0.0112253539,
1.60675,0.0061915857,
1.607,0.0082277143,
1.60725,0.0114367446,
1.6075,0.0067184563,
1.60775,-0.0013481419,
1.608,0.0058039459,
1.60825,0.0085882396,
1.6085,-0.0090611177,
1.60875,-0.0076400135,
1.609,-0.0151806511,
1.60925,-0.0011245117,
1.6095,-0.0169952437,
1.60975,-0.0025192045,
1.61,0.0048092422,
1.61025,0.0008989035,
1.6105,-0.0155019313,
1.61075,-0.0132603021,
1.611,-0.0332594365,
1.61125,-0.0221103914,
1.6115,-0.0065781320,
1.61175,0.0066675483,
1.612,-0.0003480114,
1.61225,-0.0122261969,
1.6125,0.0015410328,
1.61275,0.0068920683,
1.613,-0.0025706864,
1.61325,-0.0133689772,
1.6135,0.0086763231,
1.61375,0.0057319878,
1.614,-0.0107138548,
1.61425,-0.0112072993,
1.6145,0.0055769091,
1.61475,-0.0189293344,
1.615,-0.0069200578,
1.61525,-0.0177157819,
1.6155,-0.0072470466,
1.61575,-0.0068021584,
1.616,-0.0131326308,
1.61625,0.0021946621,
1.6165,-0.0043634633,
1.61675,-0.0064135068,
1.617,0.0004774901,
1.61725,0.0047095031,
1.6175,-0.0061688181,
1.61775,-0.0123071838,
1.618,0.0075009204,
1.61825,-0.0076280925,
1.6185,-0.0147075597,
1.61875,-0.0079185031,
1.619,-0.0200923719,
1.61925,-0.0156189203,
1.6195,-0.0104217380,
1.61975,-0.0093049938,
1.62,-0.0233180467,
1.62025,-0.0248201210,
1.6205,-0.0061767222,
1.62075,-0.0088436129,
1.621,-0.0340244174,
1.62125,-0.0113822045,
1.6215,0.0070536500,
1.62175,-0.0017068556,
1.622,-0.0024030784,
1.62225,0.0028866082,
1.6225,0.0105165364,
1.62275,-0.0098692728,
1.623,-0.0100946659,
1.62325,-0.0064017628,
1.6235,-0.0099275671,
1.62375,0.0038445964,
1.624,-0.0212962516,
1.62425,-0.0045020632,
1.6245,-0.0013680262,
1.62475,-0.0033722427,
1.625,-0.0172802601,
1.62525,-0.0030972273,
1.6255,-0.0044361870,
1.62575,-0.0109311789,
1.626,-0.0001356201,
1.62625,0.0160868354,
1.6265,0.0059082527,
1.62675,-0.0139209181,
1.627,0.0122260945,
1.62725,0.0107076960,
1.6275,-0.0164805278,
1.62775,0.0001579412,
1.628,0.0045452164,
1.62825,-0.0084932772,
1.6285,-0.0133462008,
1.62875,-0.0009822141,
1.629,0.0051051057,
1.62925,-0.0199744403,
1.6295,0.0042251735,
1.62975,0.0080229985,
1.63,-0.0227070823,
1.63025,-0.0151096480,
1.6305,-0.0131681412,
1.63075,-0.0236912593,
1.631,-0.0009938339,
1.63125,0.0017988373,
1.6315,0.0105921729,
1.63175,0.0006722719,
1.632,0.0015326545,
1.63225,0.0141514363,
1.6325,0.0082110716,
1.63275,-0.0027200002,
1.633,0.0045213569,
1.63325,-0.0004067129,
1.6335,0.0135447094,
1.63375,-0.0065633599,
1.634,-0.0092775803,
1.63425,0.0033734906,
1.6345,0.0001122011,
1.63475,-0.0077823480,
1.635,-0.0141903833,
1.63525,0.0113974940,
1.6355,0.0018408904,
1.63575,-0.0086252932,
1.636,0.0007520218,
1.63625,0.0090416735,
1.6365,-0.0033622370,
1.63675,0.0009623359,
1.637,0.0114081055,
1.63725,0.0029389667,
1.6375,-0.0058670472,
1.63775,0.0154747274,
1.638,0.0151229147,
1.63825,-0.0002427532,
1.6385,-0.0037386979,
1.63875,-0.0098568574,
1.639,0.0008906301,
1.63925,0.0040718112,
1.6395,-0.0109641030,
1.63975,-0.0051627569,
1.64,-0.0143677192,
1.64025,-0.0043426892,
1.6405,-0.0041518304,
1.64075,-0.0261076931,
1.641,0.0029000337,
1.64125,0.0037091752,
1.6415,0.0110180946,
1.64175,0.0087536490,
1.642,-0.0019488395,
1.64225,0.0105644781,
1.6425,0.0076761721,
1.64275,-0.0003154151,
1.643,-0.0110586099,
1.64325,0.0132091399,
1.6435,0.0026191885,
1.64375,-0.0110382922,
1.644,0.0028133108,
1.64425,0.0058138268,
1.6445,0.0000597426,
1.64475,-0.0152531127,
1.645,0.0054479046,
1.64525,-0.0103014903,
1.6455,-0.0027439333,
1.64575,0.0044249250,
1.646,0.0142906979,
1.64625,0.0084229261,
1.6465,-0.0018168286,
1.64675,0.0077217156,
1.647,0.0061170575,
1.64725,0.0025100023,
1.6475,0.0044029374,
1.64775,0.0021845258,
1.648,0.0110188946,
1.64825,-0.0120838564,
1.6485,-0.0106927529,
1.64875,0.0056998078,
1.649,-0.0014180904,
1.64925,-0.0037611555,
1.6495,-0.0032087960,
1.64975,-0.0096234009,
1.65,-0.0185029730,
1.65025,-0.0274672713,
1.6505,0.0018643558,
1.65075,0.0081254775,
1.651,-0.0059650773,
1.65125,0.0068482920,
1.6515,0.0118988119,
1.65175,-0.0064471359,
1.652,0.0143341618,
1.65225,0.0164159369,
1.6525,0.0072637061,
1.65275,-0.0070823361,
1.653,0.0073928330,
1.65325,0.0100301681,
1.6535,-0.0055165244,
1.65375,-0.0178856049,
1.654,0.0038484824,
1.65425,0.0025368202,
1.6545,-0.0203145705,
1.65475,-0.0071503869,
1.655,0.0085833687,
1.65525,-0.0016760668,
1.6555,-0.0032349410,
1.65575,0.0015785105,
1.656,0.0092486152,
1.65625,0.0041671004,
1.6565,-0.0024395208,
1.65675,0.0057647745,
1.657,0.0098733194,
1.65725,-0.0092098871,
1.6575,0.0109937824,
1.65775,0.0119552677,
1.658,-0.0033312431,
1.65825,-0.0209670700,
1.6585,-0.0068777325,
1.65875,0.0099214558,
1.659,-0.0085245715,
1.65925,-0.0034845690,
1.6595,0.0049756318,
1.65975,-0.0023754789,
1.66,-0.0050192042,
1.66025,-0.0065067494,
1.6605,-0.0136050163,
1.66075,-0.0019699708,
1.661,0.0047893059,
1.66125,0.0043628821,
1.6615,-0.0036431078,
1.66175,0.0062215552,
1.662,0.0088237524,
1.66225,0.0048111333,
1.6625,0.0107463272,
1.66275,-0.0098910602,
1.663,0.0082064131,
1.66325,0.0000486825,
1.6635,-0.0040209540,
1.66375,-0.0043776035,
1.664,0.0017946218,
1.66425,0.0000452245,
1.6645,-0.0177962817,
1.66475,-0.0154586826,
1.665,0.0055606100,
1.66525,-0.0043679951,
1.6655,-0.0142260315,
1.66575,0.0127933966,
1.666,0.0119585618,
1.66625,-0.0110065611,
1.6665,-0.0092623755,
1.66675,0.0126932608,
1.667,-0.0024481665,
1.66725,-0.0142818457,
1.6675,0.0072303670,
1.66775,0.0046602041,
1.668,-0.0194580331,
1.66825,-0.0001796006,
1.6685,0.0041297143,
1.66875,-0.0119029712,
1.669,-0.0095593845,
1.66925,0.0077944146,
1.6695,-0.0088757388,
1.66975,-0.0195773412,
1.67,-0.0131341647,
1.67025,-0.0004100785,
1.6705,-0.0073762359,
1.67075,-0.0003973054,
1.671,0.0001689355,
1.67125,0.0025021376,
1.6715,0.0073661311,
1.67175,0.0073655904,
1.672,0.0104079694,
1.67225,0.0047161048,
1.6725,-0.0004725469,
1.67275,0.0095948027,
1.673,-0.0117988782,
1.67325,-0.0020600159,
1.6735,-0.0169285350,
1.67375,-0.0082030501,
1.674,0.0044999267,
1.67425,-0.0148341246,
1.6745,-0.0146264601,
1.67475,0.0117013231,
1.675,0.0018393924,
1.67525,-0.0084011108,
1.6755,0.0047940286,
1.67575,0.0210908055,
1.676,0.0043579084,
1.67625,-0.0074568163,
1.6765,0.0165916346,
1.67675,0.0055966852,
1.677,-0.0004519208,
1.67725,0.0065890197,
1.6775,0.0172527526,
1.67775,-0.0013536027,
1.678,-0.0252509788,
1.67825,0.0075937626,
1.6785,0.0211444609,
1.67875,-0.0121762408,
1.679,-0.0053410968,
1.67925,-0.0016873376,
1.6795,0.0124084214,
1.67975,-0.0054413849,
1.68,-0.0114370007,
1.68025,0.0087200608,
1.6805,0.0060437657,
1.68075,0.0039660470,
1.681,0.0130688203,
1.68125,0.0061298180,
1.6815,0.0129064918,
1.68175,0.0065880483,
1.682,0.0203017443,
1.68225,0.0105350045,
1.6825,-0.0077506974,
1.68275,0.0137634799,
1.683,0.0074764444,
1.68325,-0.0058386438,
1.6835,0.0052483017,
1.68375,0.0151089262,
1.684,-0.0001689742,
1.68425,0.0036578390,
1.6845,-0.0015715080,
1.68475,0.0219360739,
1.685,-0.0017852267,
1.68525,0.0041569229,
1.6855,0.0196689758,
1.68575,0.0190204736,
1.686,0.0062454795,
1.68625,0.0099208262,
1.6865,0.0200046226,
1.68675,0.0125385402,
1.687,0.0047365990,
1.68725,0.0229186043,
1.6875,0.0170906018,
1.68775,-0.0023798975,
1.688,0.0104131410,
1.68825,0.0129629970,
1.6885,0.0081008784,
1.68875,0.0022081234,
1.689,0.0054740766,
1.68925,0.0141795957,
1.6895,-0.0026460267,
1.68975,-0.0151627250,
1.69,0.0136216963,
1.69025,0.0086840913,
1.6905,0.0073838835,
1.69075,-0.0013514441,
1.691,0.0187432412,
1.69125,0.0051856022,
1.6915,0.0011275345,
1.69175,0.0124661401,
1.692,0.0109817656,
1.69225,-0.0069163088,
1.6925,0.0096323797,
1.69275,0.0131401159,
1.693,0.0023641256,
1.69325,-0.0035835023,
1.6935,0.0136949252,
1.69375,0.0080852620,
1.694,-0.0051153665,
1.69425,0.0018224220,
1.6945,0.0104283802,
1.69475,0.0039602267,
1.695,-0.0043638661,
1.69525,0.0032569626,
1.6955,0.0200537760,
1.69575,0.0119065223,
1.696,0.0047446988,
1.69625,0.0138581498,
1.6965,0.0213953890,
1.69675,0.0067497194,
1.697,0.0092793098,
1.69725,0.0168092735,
1.6975,0.0002619896,
1.69775,-0.0226794332,
1.698,0.0116926823,
1.69825,0.0067119598,
1.6985,-0.0145303346,
1.69875,-0.0049243192,
1.699,-0.0010286331,
1.69925,-0.0084458580,
1.6995,-0.0121146645,
1.69975,-0.0009875002,
1.7,0.0019639658,
1.70025,0.0050564301,
1.7005,-0.0087474324,
1.70075,0.0027994174,
1.701,0.0072042719,
1.70125,-0.0012977147,
1.7015,-0.0000472638,
1.70175,0.0011483317,
1.702,-0.0022104301,
1.70225,-0.0008744672,
1.7025,-0.0044990708,
1.70275,-0.0045920964,
1.703,-0.0128174219,
1.70325,-0.0045532850,
1.7035,-0.0028091506,
1.70375,-0.0055663451,
1.704,-0.0158481915,
1.70425,-0.0277816355,
1.7045,0.0113942977,
1.70475,-0.0004577812,
1.705,-0.0169976261,
1.70525,0.0049682152,
1.7055,0.0197421424,
1.70575,-0.0086165396,
1.706,-0.0055777510,
1.70625,0.0156699140,
1.7065,0.0123582669,
1.70675,-0.0210847594,
1.707,0.0053964234,
1.70725,0.0008565623,
1.7075,-0.0219360758,
1.70775,-0.0078306161,
1.708,0.0078674769,
1.70825,-0.0194756594,
1.7085,-0.0126557136,
1.70875,-0.0088586574,
1.709,-0.0009556438,
1.70925,-0.0227641761,
1.7095,-0.0149582736,
1.70975,0.0051555852,
1.71,-0.0039061406,
1.71025,-0.0012120940,
1.7105,0.0074281427,
1.71075,-0.0037407926,
1.711,-0.0189351104,
1.71125,-0.0056075440,
1.7115,-0.0065236194,
1.71175,-0.0066456664,
1.712,-0.0052083302,
1.71225,-0.0077728252,
1.7125,0.0021394012,
1.71275,-0.0009485595,
1.713,-0.0100247199,
1.71325,-0.0044063567,
1.7135,-0.0041505797,
1.71375,-0.0030089912,
1.714,-0.0177922472,
1.71425,-0.0079821413,
1.7145,0.0102234306,
1.71475,-0.0054859980,
1.715,-0.0013661449,
1.71525,0.0197910797,
1.7155,0.0027547672,
1.71575,0.0041137598,
1.716,0.0107233180,
1.71625,0.0175021142,
1.7165,-0.0017870471,
1.71675,0.0016713741,
1.717,0.0099465540,
1.71725,-0.0186316632,
1.7175,-0.0207275636,
1.71775,-0.0004807688,
1.718,0.0094761783,
1.71825,-0.0044888672,
1.7185,-0.0094817812,
1.71875,0.0024701781,
1.719,-0.0029385963,
1.71925,-0.0052001448,
1.7195,-0.0075002434,
1.71975,0.0034968778,
1.72,-0.0051388727,
1.72025,-0.0104062548,
1.7205,-0.0001458785,
1.72075,0.0103633245,
1.721,-0.0059794337,
1.72125,-0.0127487946,
1.7215,-0.0015684251,
1.72175,-0.0124510946,
1.722,-0.0015488984,
1.72225,-0.0074894265,
1.7225,-0.0052629360,
1.72275,-0.0115870591,
1.723,0.0002236460,
1.72325,-0.0070820479,
1.7235,-0.0019070606,
1.72375,-0.0170377232,
1.724,-0.0134316534,
1.72425,0.0131952856,
1.7245,0.0050499188,
1.72475,0.0016753206,
1.725,0.0085439961,
1.72525,0.0160162039,
1.7255,-0.0000436198,
1.72575,0.0032206019,
1.726,0.0132987378,
1.72625,0.0092259282,
1.7265,0.0002579705,
1.72675,-0.0005450155,
1.727,-0.0079650693,
1.72725,-0.0052296831,
1.7275,0.0030605458,
1.72775,-0.0068869004,
1.728,-0.0104324603,
1.72825,-0.0139002819,
1.7285,-0.0077132578,
1.72875,-0.0093930885,
1.729,-0.0204259418,
1.72925,-0.0076935487,
1.7295,-0.0113776652,
1.72975,0.0171380360,
1.73,-0.0018682384,
1.73025,-0.0049022702,
1.7305,-0.0041639940,
1.73075,-0.0018376396,
1.731,-0.0155845974,
1.73125,-0.0010952025,
1.7315,-0.0111073582,
1.73175,-0.0036684971,
1.732,-0.0051777270,
1.73225,0.0076080933,
1.7325,-0.0050785770,
1.73275,-0.0207321309,
1.733,0.0018289990,
1.73325,0.0065511023,
1.7335,0.0024873563,
1.73375,-0.0093863094,
1.734,-0.0022542721,
1.73425,0.0177522413,
1.7345,-0.0003665721,
1.73475,0.0092910789,
1.735,0.0107226847,
1.73525,0.0077681192,
1.7355,0.0038804258,
1.73575,-0.0015025150,
1.736,0.0193686448,
1.73625,0.0002390092,
1.7365,0.0067039672,
1.73675,-0.0024764391,
1.737,-0.0221297294,
1.73725,-0.0056327982,
1.7375,0.0009801182,
1.73775,0.0052586226,
1.738,-0.0013797653,
1.73825,-0.0109284203,
1.7385,0.0035554988,
1.73875,-0.0088325283,
1.739,-0.0214556269,
1.73925,-0.0092772357,
1.7395,0.0089649139,
1.73975,-0.0135479588,
1.74,0.0021128173,
1.74025,0.0004088031,
1.7405,0.0008994891,
1.74075,0.0002760922,
1.741,-0.0054453150,
1.74125,-0.0054531861,
1.7415,-0.0047675841,
1.74175,-0.0024664097,
1.742,-0.0120785944,
1.74225,-0.0112432148,
1.7425,0.0024566848,
1.74275,0.0026941476,
1.743,-0.0129925124,
1.74325,0.0155068766,
1.7435,-0.0006100731,
1.74375,-0.0131020639,
1.744,0.0037934887,
1.74425,0.0190056060,
1.7445,-0.0051416559,
1.74475,-0.0033662061,
1.745,0.0215038676,
1.74525,0.0104903728,
1.7455,-0.0121234208,
1.74575,0.0178122930,
1.746,0.0155715104,
1.74625,-0.0012730033,
1.7465,-0.0056224759,
1.74675,0.0020692183,
1.747,-0.0058286665,
1.74725,-0.0092297122,
1.7475,-0.0127467085,
1.74775,0.0040899417,
1.748,-0.0159069356,
1.74825,0.0072200266,
1.7485,-0.0206832755,
1.74875,-0.0208437517,
1.749,-0.0056057097,
1.74925,0.0078648552,
1.7495,0.0131093068,
1.74975,0.0053817173,
1.75,0.0068223672,
1.75025,0.0047006835,
1.7505,0.0014896946,
1.75075,-0.0042833863,
1.751,0.0073214835,
1.75125,-0.0013217480,
1.7515,0.0091755940,
1.75175,0.0016477915,
1.752,0.0112073757,
1.75225,-0.0143116722,
1.7525,0.0024071129,
1.75275,-0.0026849003,
1.753,0.0097200358,
1.75325,0.0141130425,
1.7535,-0.0056610047,
1.75375,0.0012284638,
1.754,0.0116000716,
1.75425,0.0093911784,
1.7545,0.0041006268,
1.75475,0.0152029675,
1.755,0.0186397806,
1.75525,-0.0010678183,
1.7555,0.0015462660,
1.75575,0.0175331086,
1.756,0.0135774016,
1.75625,0.0056486535,
1.7565,-0.0105383731,
1.75675,-0.0092547275,
1.757,-0.0008831132,
1.75725,-0.0015749182,
1.7575,0.0077399006,
1.75775,-0.0034698867,
1.758,-0.0025796802,
1.75825,-0.0057570701,
1.7585,-0.0138723310,
1.75875,-0.0029281494,
1.759,-0.0142068053,
1.75925,0.0072682658,
1.7595,0.0037857923,
1.75975,0.0043869521,
1.76,-0.0064509790,
1.76025,0.0037280475,
1.7605,0.0010513063,
1.76075,0.0042029321,
1.761,-0.0118410951,
1.76125,0.0151453894,
1.7615,-0.0030398474,
1.76175,-0.0045432760,
1.762,-0.0039041457,
1.76225,0.0116107706,
1.7625,-0.0145963570,
1.76275,0.0006149305,
1.763,0.0150455441,
1.76325,-0.0063523715,
1.7635,-0.0042654835,
1.76375,0.0063660219,
1.764,0.0149041405,
1.76425,0.0035495453,
1.7645,0.0014643017,
1.76475,0.0194514915,
1.765,0.0014599515,
1.76525,0.0025700170,
1.7655,0.0085694473,
1.76575,0.0077596703,
1.766,0.0040188003,
1.76625,-0.0020747720,
1.7665,-0.0123670176,
1.76675,0.0017284083,
1.767,-0.0030087004,
1.76725,-0.0127447769,
1.7675,0.0119207436,
1.76775,0.0110765081,
1.768,-0.0064614108,
1.76825,-0.0274666604,
1.7685,0.0025484380,
1.76875,-0.0151185934,
1.769,0.0040489631,
1.76925,0.0131404828,
1.7695,0.0079445522,
1.76975,0.0014392316,
1.77,0.0059805233,
1.77025,0.0151348971,
1.7705,0.0018318666,
1.77075,-0.0069412747,
1.771,0.0038465462,
1.77125,0.0046090507,
1.7715,0.0002738360,
1.77175,-0.0087299515,
1.772,-0.0105896257,
1.77225,0.0037452220,
1.7725,-0.0072669429,
1.77275,0.0099002067,
1.773,0.0004671281,
1.77325,-0.0067307046,
1.7735,0.0071028164,
1.77375,0.0064850417,
1.774,0.0068783127,
1.77425,0.0137471985,
1.7745,0.0057019847,
1.77475,0.0138647864,
1.775,0.0041654776,
1.77525,0.0011337270,
1.7755,0.0081495028,
1.77575,0.0194470175,
1.776,-0.0076090493,
1.77625,-0.0135303615,
1.7765,-0.0021630796,
1.77675,0.0035549814,
1.777,-0.0089613320,
1.77725,0.0082190530,
1.7775,-0.0122751435,
1.77775,-0.0154280523,
1.778,-0.0190024972,
1.77825,-0.0057375412,
1.7785,-0.0208583828,
1.77875,-0.0137348063,
1.779,0.0000452518,
1.77925,0.0099050589,
1.7795,-0.0036001324,
1.77975,-0.0023374627,
1.78,0.0158745926,
1.78025,0.0115532791,
1.7805,0.0122413673,
1.78075,-0.0098013403,
1.781,0.0050157611,
1.78125,0.0069913613,
1.7815,-0.0107578449,
1.78175,-0.0088409185,
1.782,0.0060869618,
1.78225,-0.0136850774,
1.7825,0.0031746146,
1.78275,-0.0069897161,
1.783,0.0201463588,
1.78325,-0.0046641855,
1.7835,-0.0018341935,
1.78375,0.0274992958,
1.784,0.0125789773,
1.78425,-0.0023164102,
1.7845,0.0123998616,
1.78475,0.0117274076,
1.785,-0.0053697308,
1.78525,-0.0011476411,
1.7855,0.0199622847,
1.78575,-0.0050055371,
1.786,-0.0095072724,
1.78625,0.0053471145,
1.7865,0.0184108987,
1.78675,-0.0118228840,
1.787,0.0025600891,
1.78725,0.0168116335,
1.7875,0.0064546904,
1.78775,-0.0137918983,
1.788,-0.0115743205,
1.78825,-0.0054631080,
1.7885,-0.0270121321,
1.78875,0.0136999404,
1.789,0.0108751981,
1.78925,0.0078313733,
1.7895,0.0099174399,
1.78975,0.0140901366,
1.79,0.0103470124,
1.79025,0.0093203736,
1.7905,-0.0058868406,
1.79075,0.0103743263,
1.791,-0.0029737677,
1.79125,0.0024948493,
1.7915,-0.0104465410,
1.79175,0.0027470118,
1.792,0.0116199180,
1.79225,-0.0045139738,
1.7925,-0.0007479503,
1.79275,0.0086162472,
1.793,0.0114009269,
1.79325,-0.0073909252,
1.7935,0.0136320721,
1.79375,0.0141381640,
1.794,0.0068391459,
1.79425,-0.0005650584,
1.7945,0.0207313262,
1.79475,0.0092129055,
1.795,-0.0033370291,
1.79525,0.0160200708,
1.7955,0.0129408874,
1.79575,-0.0088371234,
1.796,-0.0060093268,
1.79625,0.0068542538,
1.7965,-0.0017682019,
1.79675,-0.0117544737,
1.797,0.0057664970,
1.79725,-0.0135002648,
1.7975,-0.0135587621,
1.79775,-0.0068217190,
1.798,0.0049027065,
1.79825,-0.0155587662,
1.7985,-0.0023615283,
1.79875,0.0028352251,
1.799,0.0137564950,
1.79925,0.0099615948,
1.7995,0.0024576846,
1.79975,0.0222785100,
1.8,0.0177684408,
1.80025,0.0010884558,
1.8005,0.0010951653,
1.80075,0.0101189697,
1.801,0.0155841801,
1.80125,-0.0123266401,
1.8015,0.0032380270,
1.80175,0.0056254542,
1.802,-0.0052220328,
1.80225,0.0020816587,
1.8025,-0.0054592192,
1.80275,0.0088939844,
1.803,-0.0172255524,
1.80325,0.0053326413,
1.8035,0.0155539066,
1.80375,0.0060852868,
1.804,-0.0021965776,
1.80425,0.0070861150,
1.8045,0.0069477195,
1.80475,0.0061976640,
1.805,0.0047627459,
1.80525,0.0136193410,
1.8055,0.0007580041,
1.80575,-0.0054707844,
1.806,-0.0096434150,
1.80625,0.0025136117,
1.8065,-0.0128050335,
1.80675,-0.0076693646,
1.807,-0.0105429385,
1.80725,-0.0054290108,
1.8075,-0.0265406538,
1.80775,-0.0169619061,
1.808,-0.0111679723,
1.80825,-0.0137374997,
1.8085,-0.0002628653,
1.80875,-0.0010927152,
1.809,0.0089364536,
1.80925,-0.0004193268,
1.8095,-0.0066153072,
1.80975,0.0075677186,
1.81,-0.0001022558,
1.81025,-0.0211833306,
1.8105,0.0015136101,
1.81075,0.0066257827,
1.811,-0.0135718007,
1.81125,-0.0274706408,
1.8115,0.0078288177,
1.81175,-0.0107716564,
1.812,-0.0179935321,
1.81225,-0.0237103328,
1.8125,-0.0091651389,
1.81275,-0.0067587858,
1.813,-0.0127302948,
1.81325,-0.0073152697,
1.8135,0.0021301105,
1.81375,-0.0031203509,
1.814,-0.0110722287,
1.81425,0.0074093807,
1.8145,-0.0014779160,
1.81475,-0.0130683780,
1.815,-0.0080932230,
1.81525,0.0044978959,
1.8155,-0.0206147358,
1.81575,-0.0208665878,
1.816,-0.0246215723,
1.81625,-0.0286075193,
1.8165,-0.0195658728,
1.81675,-0.0140845440,
1.817,-0.0162045341,
1.81725,-0.0155893099,
1.8175,-0.0199949704,
1.81775,-0.0085949749,
1.818,-0.0272413939,
1.81825,-0.0169731900,
1.8185,-0.0070513603,
1.81875,-0.0009075705,
1.819,-0.0022936841,
1.81925,-0.0065432531,
1.8195,-0.0012615013,
1.81975,-0.0019766667,
1.82,-0.0078537492,
1.82025,-0.0100567555,
1.8205,-0.0095752478,
1.82075,-0.0000798560,
1.821,-0.0179917328,
1.82125,-0.0072497078,
1.8215,-0.0113906069,
1.82175,-0.0089188535,
1.822,-0.0264574997,
1.82225,-0.0262173563,
1.8225,0.0022361076,
1.82275,-0.0123375142,
1.823,-0.0126197394,
1.82325,0.0041684071,
1.8235,0.0098074656,
1.82375,-0.0190758947,
1.824,-0.0018447293,
1.82425,0.0092322975,
1.8245,-0.0046696812,
1.82475,-0.0093557257,
1.825,0.0009170717,
1.82525,-0.0074178604,
1.8255,-0.0225322582,
1.82575,-0.0085091088,
1.826,0.0058975639,
1.82625,-0.0266399141,
1.8265,-0.0125671625,
1.82675,0.0029000104,
1.827,-0.0234734751,
1.82725,-0.0438932553,
1.8275,-0.0089999130,
1.82775,-0.0094619803,
1.828,-0.0044694645,
1.82825,-0.0040276987,
1.8285,0.0021495430,
1.82875,0.0043023708,
1.829,-0.0077781267,
1.82925,0.0062126019,
1.8295,0.0120308008,
1.82975,0.0042212168,
1.83,-0.0038482503,
1.83025,0.0002546806,
1.8305,0.0111872479,
1.83075,0.0027443480,
1.831,-0.0154844131,
1.83125,0.0013702489,
1.8315,-0.0027375240,
1.83175,-0.0040771109,
1.832,-0.0220123976,
1.83225,-0.0024502608,
1.8325,0.0061218482,
1.83275,-0.0044699693,
1.833,-0.0015479857,
1.83325,0.0188779123,
1.8335,0.0085596731,
1.83375,0.0012120360,
1.834,0.0119493762,
1.83425,0.0110263117,
1.8345,-0.0050739017,
1.83475,0.0005031407,
1.835,0.0194462594,
1.83525,0.0004075133,
1.8355,-0.0144801475,
1.83575,-0.0030031777,
1.836,-0.0025796997,
1.83625,-0.0046093911,
1.8365,0.0035820706,
1.83675,0.0013768361,
1.837,0.0062538609,
1.83725,-0.0025456466,
1.8375,-0.0055439812,
1.83775,-0.0150080109,
1.838,-0.0043133125,
1.83825,-0.0006412672,
1.8385,0.0059122010,
1.83875,0.0132072754,
1.839,0.0107978294,
1.83925,0.0107879760,
1.8395,0.0178172328,
1.83975,0.0082673263,
1.84,-0.0058039441,
1.84025,0.0129523454,
1.8405,0.0067972466,
1.84075,-0.0036098741,
1.841,0.0026453731,
1.84125,0.0052251033,
1.8415,0.0155597683,
1.84175,-0.0144151058,
1.842,0.0036430021,
1.84225,0.0110564549,
1.8425,0.0100467214,
1.84275,-0.0031626620,
1.843,0.0077887014,
1.84325,0.0169583056,
1.8435,0.0057761464,
1.84375,-0.0003168287,
1.844,0.0163700338,
1.84425,0.0092052212,
1.8445,0.0007640228,
1.84475,0.0070123188,
1.845,0.0133253764,
1.84525,0.0051303003,
1.8455,-0.0011491289,
1.84575,-0.0025107889,
1.846,-0.0021629953,
1.84625,-0.0079273125,
1.8465,-0.0000640780,
1.84675,-0.0070470581,
1.847,-0.0075964136,
1.84725,-0.0110643562,
1.8475,0.0042069629,
1.84775,0.0196153130,
1.848,-0.0023318240,
1.84825,0.0052937674,
1.8485,0.0192832518,
1.84875,0.0095289927,
1.849,0.0105949724,
1.84925,0.0136004426,
1.8495,0.0152028706,
1.84975,-0.0015712897,
1.85,0.0050467136,
1.85025,0.0211551972,
1.8505,0.0009809633,
1.85075,-0.0119314864,
1.851,0.0120979510,
1.85125,0.0188794527,
1.8515,-0.0041022329,
1.85175,-0.0118159866,
1.852,0.0077583184,
1.85225,0.0110026114,
1.8525,-0.0054253289,
1.85275,-0.0035674965,
1.853,0.0122445598,
1.85325,0.0078904899,
1.8535,0.0004902605,
1.85375,0.0048466218,
1.854,0.0165079255,
1.85425,0.0060855853,
1.8545,0.0088762697,
1.85475,0.0133233499,
1.855,0.0011190281,
1.85525,-0.0118274465,
1.8555,-0.0103284037,
1.85575,0.0093584200,
1.856,-0.0048655230,
1.85625,-0.0093639186,
1.8565,-0.0032255135,
1.85675,0.0005461203,
1.857,-0.0092864446,
1.85725,-0.0146247074,
1.8575,0.0025946023,
1.85775,-0.0067492411,
1.858,0.0026910151,
1.85825,0.0058988580,
1.8585,0.0108075691,
1.85875,0.0043009189,
1.859,0.0067281281,
1.85925,0.0028266842,
1.8595,0.0022798651,
1.85975,-0.0031494370,
1.86,0.0037461254,
1.86025,-0.0093412483,
1.8605,0.0037665660,
1.86075,0.0001689698,
1.861,-0.0034910026,
1.86125,0.0097716711,
1.8615,-0.0110480115,
1.86175,-0.0127038863,
1.862,0.0076593207,
1.86225,0.0057667498,
1.8625,-0.0158576313,
1.86275,-0.0004787238,
1.863,0.0235196017,
1.86325,0.0020423387,
1.8635,-0.0082260706,
1.86375,0.0219038390,
1.864,0.0125826448,
1.86425,-0.0041612247,
1.8645,0.0019254071,
1.86475,0.0195231028,
1.865,-0.0120410491,
1.86525,-0.0139788641,
1.8655,-0.0070834230,
1.86575,-0.0079525802,
1.866,-0.0247334652,
1.86625,0.0132104931,
1.8665,-0.0035268848,
1.86675,-0.0134842796,
1.867,-0.0080842441,
1.86725,0.0068066218,
1.8675,0.0031448677,
1.86775,-0.0065513840,
1.868,0.0062812408,
1.86825,0.0041433582,
1.8685,0.0030897756,
1.86875,0.0008578599,
1.869,0.0062250961,
1.86925,0.0079402821,
1.8695,0.0021228713,
1.86975,0.0063694431,
1.87,0.0047790380,
1.87025,-0.0023537178,
1.8705,0.0000636749,
1.87075,0.0035381252,
1.871,0.0104327425,
1.87125,-0.0015277551,
1.8715,-0.0073439158,
1.87175,0.0043873424,
1.872,0.0164268333,
1.87225,-0.0013039309,
1.8725,-0.0015874191,
1.87275,0.0168738123,
1.873,0.0188936517,
1.87325,-0.0001573850,
1.8735,0.0122578861,
1.87375,0.0247647781,
1.874,0.0047751735,
1.87425,0.0062965113,
1.8745,0.0094919363,
1.87475,-0.0009541424,
1.875,-0.0135205360,
1.87525,-0.0089120343,
1.8755,0.0221357159,
1.87575,0.0010568612,
1.876,-0.0054199346,
1.87625,0.0034784477,
1.8765,-0.0095207887,
1.87675,-0.0079693962,
1.877,-0.0127532035,
1.87725,0.0073833107,
1.8775,0.0032259931,
1.87775,0.0032947441,
1.878,0.0043171197,
1.87825,0.0093883146,
1.8785,0.0108033232,
1.87875,0.0046553384,
1.879,0.0066405907,
1.87925,0.0115206419,
1.8795,0.0048243101,
1.87975,0.0057152468,
1.88,0.0063759247,
1.88025,0.0122000566,
1.8805,0.0006063175,
1.88075,0.0145287048,
1.881,0.0092327651,
1.88125,-0.0001229045,
1.8815,-0.0077101188,
1.88175,0.0140479933,
1.882,0.0175900459,
1.88225,0.0028065378,
1.8825,0.0130610308,
1.88275,0.0253144354,
1.883,0.0112620667,
1.88325,0.0110338982,
1.8835,0.0123680830,
1.88375,0.0193599071,
1.884,0.0117754769,
1.88425,0.0038651377,
1.8845,0.0076961666,
1.88475,0.0042444784,
1.885,-0.0020377631,
1.88525,0.0011995739,
1.8855,0.0089302175,
1.88575,0.0090177413,
1.886,0.0012918066,
1.88625,-0.0015809808,
1.8865,-0.0000996564,
1.88675,-0.0161450952,
1.887,0.0092210174,
1.88725,0.0100207347,
1.8875,0.0182287376,
1.88775,0.0013986428,
1.888,0.0163214095,
1.88825,0.0098935608,
1.8885,0.0074478583,
1.88875,0.0027560494,
1.889,0.0245997291,
1.88925,0.0104512284,
1.8895,0.0055764592,
1.88975,0.0159328077,
1.89,0.0157833528,
1.89025,0.0038271300,
1.8905,0.0107105691,
1.89075,0.0166514404,
1.891,0.0050972486,
1.89125,-0.0055767251,
1.8915,0.0116760898,
1.89175,0.0159608610,
1.892,0.0090953736,
1.89225,0.0066328263,
1.8925,0.0186435655,
1.89275,0.0083412770,
1.893,0.0082774535,
1.89325,0.0078196730,
1.8935,0.0164188109,
1.89375,0.0174488705,
1.894,0.0000036586,
1.89425,0.0055696713,
1.8945,0.0011847096,
1.89475,-0.0109220678,
1.895,-0.0009579657,
1.89525,0.0160708949,
1.8955,0.0012690143,
1.89575,-0.0103894174,
1.896,-0.0025907168,
1.89625,-0.0053822151,
1.8965,-0.0073413793,
1.89675,-0.0069012800,
1.897,0.0089086900,
1.89725,0.0152570624,
1.8975,-0.0060183094,
1.89775,0.0099503398,
1.898,0.0158383790,
1.89825,0.0019681894,
1.8985,0.0020771851,
1.89875,-0.0023345333,
1.899,0.0017688061,
1.89925,0.0037305080,
1.8995,-0.0075420975,
1.89975,-0.0065040439,
1.9,0.0061794380,
1.90025,-0.0010162055,
1.9005,-0.0035203064,
1.90075,-0.0016224647,
1.901,0.0062154024,
1.90125,-0.0199127719,
1.9015,-0.0035765066,
1.90175,0.0111979349,
1.902,0.0017724269,
1.90225,-0.0064982013,
1.9025,0.0141975116,
1.90275,0.0058127837,
1.903,-0.0128020952,
1.90325,-0.0039332062,
1.9035,0.0215075631,
1.90375,-0.0088762939,
1.904,-0.0058700843,
1.90425,0.0021851198,
1.9045,-0.0042551691,
1.90475,-0.0194625333,
1.905,0.0035450701,
1.90525,-0.0035504648,
1.9055,-0.0100834593,
1.90575,-0.0192515068,
1.906,-0.0051118643,
1.90625,-0.0241149403,
1.9065,-0.0277678687,
1.90675,0.0009945482,
1.907,0.0064851199,
1.90725,-0.0038582459,
1.9075,0.0017588987,
1.90775,-0.0032745579,
1.908,-0.0082829697,
1.90825,-0.0056911823,
1.9085,-0.0115710795,
1.90875,-0.0041808588,
1.909,-0.0032301832,
1.90925,-0.0016358404,
1.9095,-0.0045054508,
1.90975,0.0032918709,
1.91,-0.0072788303,
1.91025,-0.0100084133,
1.9105,-0.0122430315,
1.91075,0.0046769651,
1.911,-0.0117866928,
1.91125,-0.0205638669,
1.9115,0.0073528341,
1.91175,0.0006806653,
1.912,-0.0081320889,
1.91225,0.0064320425,
1.9125,0.0082793990,
1.91275,0.0016015733,
1.913,-0.0017956740,
1.91325,0.0178183168,
1.9135,0.0082462868,
1.91375,-0.0028711592,
1.914,0.0039386335,
1.91425,-0.0152287632,
1.9145,-0.0155707859,
1.91475,-0.0036226737,
1.915,0.0004008020,
1.91525,-0.0071582543,
1.9155,-0.0173310451,
1.91575,-0.0032049918,
1.916,-0.0009382758,
1.91625,-0.0173304491,
1.9165,-0.0084550409,
1.91675,0.0076112077,
1.917,0.0008490735,
1.91725,-0.0028363946,
1.9175,-0.0022536321,
1.91775,-0.0025911138,
1.918,-0.0066589699,
1.91825,-0.0150862262,
1.9185,-0.0014168320,
1.91875,-0.0053046709,
1.919,0.0020443879,
1.91925,-0.0161100216,
1.9195,-0.0031769308,
1.91975,0.0074481498,
1.92,-0.0056039239,
1.92025,-0.0037720483,
1.9205,0.0036344500,
1.92075,-0.0030570691,
1.921,-0.0191349816,
1.92125,0.0106657473,
1.9215,0.0074962815,
1.92175,0.0052877460,
1.922,0.0027306399,
1.92225,0.0102704773,
1.9225,0.0189993698,
1.92275,0.0001171053,
1.923,0.0039124736,
1.92325,0.0095124319,
1.9235,0.0012799854,
1.92375,-0.0023726930,
1.924,-0.0113823805,
1.92425,-0.0042368490,
1.9245,-0.0047074025,
1.92475,-0.0089272568,
1.925,-0.0036296921,
1.92525,-0.0020752482,
1.9255,-0.0109698894,
1.92575,-0.0081995111,
1.926,-0.0266600922,
1.92625,-0.0023811662,
1.9265,-0.0081957625,
1.92675,0.0128758196,
1.927,0.0071909521,
1.92725,-0.0090717394,
1.9275,-0.0017998493,
1.92775,0.0076350095,
1.928,-0.0107090399,
1.92825,-0.0123554431,
1.9285,-0.0007220090,
1.92875,0.0131618781,
1.929,-0.0094643552,
1.92925,-0.0002722340,
1.9295,0.0028803623,
1.92975,-0.0163392648,
1.93,-0.0044304361,
1.93025,-0.0068287021,
1.9305,-0.0027234163,
1.93075,-0.0095495768,
1.931,-0.0076002763,
1.93125,-0.0023588969,
1.9315,-0.0010363745,
1.93175,0.0009141574,
1.932,0.0053343624,
1.93225,0.0049248040,
1.9325,-0.0023110027,
1.93275,-0.0068560503,
1.933,0.0031665047,
1.93325,0.0061364658,
1.9335,-0.0015492806,
1.93375,-0.0155378096,
1.934,-0.0314509645,
1.93425,-0.0048391158,
1.9345,-0.0028423851,
1.93475,-0.0053766086,
1.935,-0.0029632417,
1.93525,-0.0067587500,
1.9355,-0.0131949205,
1.93575,-0.0039913394,
1.936,-0.0158668626,
1.93625,-0.0125300335,
1.9365,0.0036188678,
1.93675,-0.0075772819,
1.937,-0.0007787998,
1.93725,-0.0088438047,
1.9375,-0.0032357350,
1.93775,-0.0071273670,
1.938,-0.0043513291,
1.93825,0.0047906139,
1.9385,-0.0109342150,
1.93875,0.0069812117,
1.939,-0.0094287535,
1.93925,-0.0141723035,
1.9395,-0.0059277415,
1.93975,0.0003184726,
1.94,-0.0281593651,
1.94025,-0.0058448641,
1.9405,-0.0057967822,
1.94075,-0.0078897942,
1.941,-0.0050544878,
1.94125,0.0086296052,
1.9415,0.0141960857,
1.94175,-0.0118394615,
1.942,0.0027432740,
1.94225,0.0107553266,
1.9425,-0.0104941912,
1.94275,-0.0089306086,
1.943,0.0059066219,
1.94325,0.0026734453,
1.9435,-0.0133688208,
1.94375,-0.0085468208,
1.944,0.0013906662,
1.94425,-0.0141832130,
1.9445,-0.0112240473,
1.94475,0.0115400003,
1.945,-0.0137090608,
1.94525,-0.0043737851,
1.9455,-0.0264660455,
1.94575,-0.0142309647,
1.946,-0.0041940068,
1.94625,0.0015773369,
1.9465,0.0068180244,
1.94675,0.0098279445,
1.947,0.0008985850,
1.94725,0.0122982413,
1.9475,0.0092063388,
1.94775,0.0031272853,
1.948,-0.0020640194,
1.94825,-0.0078156861,
1.9485,0.0065292520,
1.94875,-0.0103139523,
1.949,-0.0098541565,
1.94925,-0.0151607217,
1.9495,0.0038077708,
1.94975,-0.0075745508,
1.95,-0.0085393917,
1.95025,0.0124710435,
1.9505,0.0079329880,
1.95075,-0.0057778470,
1.951,0.0018225065,
1.95125,0.0149828438,
1.9515,0.0096728429,
1.95175,-0.0019737715,
1.952,0.0156676490,
1.95225,0.0082058851,
1.9525,0.0035438505,
1.95275,0.0071563656,
1.953,0.0221168958,
1.95325,0.0057152864,
1.9535,-0.0127248745,
1.95375,-0.0067348722,
1.954,0.0106824888,
1.95425,0.0056606913,
1.9545,0.0021986053,
1.95475,0.0051659723,
1.955,-0.0033273546,
1.95525,-0.0080372067,
1.9555,0.0028363534,
1.95575,-0.0078408765,
1.956,-0.0081131235,
1.95625,0.0147306742,
1.9565,0.0070440434,
1.95675,0.0088709751,
1.957,-0.0001982714,
1.95725,0.0049402835,
1.9575,0.0106415264,
1.95775,0.0125737404,
1.958,-0.0123970294,
1.95825,0.0124799265,
1.9585,0.0058262143,
1.95875,-0.0034095617,
1.959,-0.0038618832,
1.95925,0.0104783736,
1.9595,-0.0035756594,
1.95975,-0.0094678700,
1.96,0.0012404073,
1.96025,-0.0030886682,
1.9605,-0.0043651913,
1.96075,-0.0093518281,
1.961,0.0113045145,
1.96125,0.0118233822,
1.9615,-0.0055073276,
1.96175,-0.0014874744,
1.962,0.0112385042,
1.96225,0.0029206816,
1.9625,0.0039324732,
1.96275,0.0097141359,
1.963,0.0127484659,
1.96325,-0.0060210465,
1.9635,-0.0128750233,
1.96375,0.0003489800,
1.964,-0.0025585070,
1.96425,-0.0151766837,
1.9645,-0.0081091952,
1.96475,0.0010616226,
1.965,-0.0045401407,
1.96525,-0.0275904853,
1.9655,0.0002141876,
1.96575,0.0001063156,
1.966,-0.0019608734,
1.96625,-0.0022885806,
1.9665,0.0135883428,
1.96675,-0.0022105211,
1.967,-0.0024352407,
1.96725,0.0089963367,
1.9675,0.0033309078,
1.96775,-0.0226547904,
1.968,-0.0047522392,
1.96825,0.0000525449,
1.9685,-0.0141672175,
1.96875,-0.0190096237,
1.969,-0.0133434953,
1.96925,0.0105233938,
1.9695,-0.0168494284,
1.96975,-0.0039455527,
1.97,0.0029495896,
1.97025,-0.0023024201,
1.9705,-0.0146437613,
1.97075,0.0047793211,
1.971,0.0025819549,
1.97125,0.0079812007,
1.9715,-0.0087077077,
1.97175,0.0040244111,
1.972,0.0062353769,
1.97225,0.0014778621,
1.9725,-0.0029793649,
1.97275,0.0072153220,
1.973,-0.0050800703,
1.97325,-0.0226764046,
1.9735,-0.0186749604,
1.97375,0.0069942856,
1.974,-0.0159147829,
1.97425,-0.0160036553,
1.9745,-0.0102379601,
1.97475,-0.0011204809,
1.975,-0.0123976283,
1.97525,-0.0061862096,
1.9755,-0.0076678158,
1.97575,-0.0025507123,
1.976,0.0004170783,
1.97625,0.0024563493,
1.9765,-0.0018544220,
1.97675,0.0029150883,
1.977,0.0040124818,
1.97725,0.0057374900,
1.9775,0.0045142691,
1.97775,-0.0088911140,
1.978,0.0010812427,
1.97825,-0.0033174879,
1.9785,-0.0020829034,
1.97875,-0.0102776373,
1.979,0.0049123080,
1.97925,-0.0017415104,
1.9795,-0.0032273096,
1.97975,-0.0154370079,
1.98,0.0054362211,
1.98025,0.0058665937,
1.9805,-0.0146764852,
1.98075,0.0024031478,
1.981,0.0199080072,
1.98125,-0.0036996743,
1.9815,-0.0086134849,
1.98175,0.0190813988,
1.982,0.0089902654,
1.98225,-0.0047412883,
1.9825,0.0114246011,
1.98275,0.0141893523,
1.983,-0.0138834948,
1.98325,-0.0053718928,
1.9835,0.0240082275,
1.98375,-0.0051171109,
1.984,-0.0189677421,
1.98425,0.0029133505,
1.9845,0.0054432056,
1.98475,-0.0126166595,
1.985,-0.0156728476,
1.98525,0.0145035554,
1.9855,-0.0035113457,
1.98575,0.0105806421,
1.986,0.0061759502,
1.98625,0.0159396864,
1.9865,0.0020100614,
1.98675,0.0068451837,
1.987,0.0080935154,
1.98725,0.0135915354,
1.9875,-0.0041244682,
1.98775,0.0085564442,
1.988,0.0077097053,
1.98825,0.0048795743,
1.9885,-0.0019565579,
1.98875,0.0019197692,
1.989,0.0112164784,
1.98925,0.0028070775,
1.9895,-0.0078601511,
1.98975,0.0062382035,
1.99,0.0157026798,
1.99025,-0.0033919532,
1.9905,0.0061009694,
1.99075,0.0215421151,
1.991,0.0233332459,
1.99125,0.0033129156,
1.9915,0.0181333553,
1.99175,0.0302625597,
1.992,0.0032041180,
1.99225,0.0036885003,
1.9925,0.0264040865,
1.99275,0.0080253296,
1.993,-0.0086516431,
1.99325,-0.0017491843,
1.9935,0.0068545244,
1.99375,-0.0157054365,
1.994,0.0054911519,
1.99425,0.0015592763,
1.9945,0.0090853125,
1.99475,-0.0073133474,
1.995,0.0023171976,
1.99525,0.0037591094,
1.9955,0.0045835637,
1.99575,0.0045883553,
1.996,0.0039496664,
1.99625,0.0194127709,
1.9965,0.0150483456,
1.99675,0.0124307452,
1.997,0.0169439763,
1.99725,0.0137875620,
1.9975,0.0071407324,
1.99775,0.0009157631,
1.998,0.0122777512,
1.99825,-0.0065088323,
1.9985,-0.0112099145,
1.99875,0.0099185258,
1.999,0.0044231773,
1.99925,-0.0058324765,
1.9995,-0.0060473541,
1.99975,0.0103593254,
2,-0.0001141892,
2.00025,0.0027436658,
2.0005,0.0085751219,
2.00075,0.0209010299,
2.001,0.0031787890,
2.00125,0.0071760323,
2.0015,0.0133848749,
2.00175,0.0136467824,
2.002,0.0090242233,
2.00225,0.0070723123,
2.0025,0.0119962059,
2.00275,-0.0089488858,
2.003,-0.0017047259,
2.00325,0.0153277637,
2.0035,-0.0113932826,
2.00375,-0.0051836669,
2.004,-0.0062079770,
2.00425,-0.0055442122,
2.0045,-0.0164575130,
2.00475,-0.0216269679,
2.005,0.0011169785,
2.00525,0.0065732999,
2.0055,0.0069847153,
2.00575,-0.0017373526,
2.006,0.0158817619,
2.00625,-0.0029331404,
2.0065,-0.0065468764,
2.00675,-0.0018133741,
2.007,0.0048203971,
2.00725,-0.0203470998,
2.0075,-0.0104479548,
2.00775,0.0052012354,
2.008,0.0035814943,
2.00825,-0.0209705941,
2.0085,0.0029421393,
2.00875,0.0061245589,
2.009,0.0027572943,
2.00925,-0.0184427947,
2.0095,0.0007939594,
2.00975,-0.0011727035,
2.01,-0.0085782455,
2.01025,-0.0065223775,
2.0105,0.0069765616,
2.01075,0.0045634136,
2.011,-0.0030409051,
2.01125,0.0009631430,
2.0115,0.0070080808,
2.01175,0.0019187428,
2.012,-0.0067678941,
2.01225,0.0094220871,
2.0125,-0.0020175655,
2.01275,-0.0187602192,
2.013,-0.0116993478,
2.01325,-0.0092470068,
2.0135,-0.0131157683,
2.01375,-0.0138837993,
2.014,-0.0066014468,
2.01425,-0.0069959019,
2.0145,-0.0116145145,
2.01475,-0.0081415381,
2.015,-0.0169190317,
2.01525,-0.0025611408,
2.0155,-0.0209108535,
2.01575,0.0007602259,
2.016,0.0019251200,
2.01625,-0.0099808946,
2.0165,-0.0052384539,
2.01675,-0.0060840719,
2.017,-0.0143448776,
2.01725,-0.0104244379,
2.0175,-0.0084553771,
2.01775,-0.0095572704,
2.018,-0.0132113546,
2.01825,-0.0011075395,
2.0185,-0.0111127272,
2.01875,0.0031298690,
2.019,-0.0058747684,
2.01925,-0.0280044191,
2.0195,-0.0049796281,
2.01975,0.0052014822,
2.02,-0.0114084333,
2.02025,-0.0135977436,
2.0205,0.0130952578,
2.02075,-0.0013979616,
2.021,-0.0137468651,
2.02125,0.0085706897,
2.0215,0.0177642368,
2.02175,-0.0078057628,
2.022,0.0003459869,
2.02225,0.0123982672,
2.0225,-0.0109768473,
2.02275,-0.0099132452,
2.023,-0.0042901728,
2.02325,-0.0269763395,
2.0235,-0.0261062123,
2.02375,-0.0136827948,
2.024,-0.0161409024,
2.02425,-0.0327988304,
2.0245,-0.0107839340,
2.02475,-0.0047225975,
2.025,0.0085961856,
2.02525,-0.0024473141,
2.0255,0.0052724425,
2.02575,0.0047526956,
2.026,-0.0105593111,
2.02625,-0.0103122611,
2.0265,0.0006369120,
2.02675,-0.0080830101,
2.027,-0.0077493442,
2.02725,-0.0031317421,
2.0275,0.0051931571,
2.02775,0.0063037267,
2.028,-0.0148149310,
2.02825,-0.0039952858,
2.0285,0.0071488745,
2.02875,0.0090802005,
2.029,-0.0152366087,
2.02925,-0.0100379139,
2.0295,0.0120498333,
2.02975,0.0050349440,
2.03,-0.0062397802,
2.03025,0.0166112371,
2.0305,0.0138250282,
2.03075,0.0026610468,
2.031,0.0031800289,
2.03125,0.0184962712,
2.0315,0.0085440343,
2.03175,0.0036493989,
2.032,0.0104187885,
2.03225,-0.0085087270,
2.0325,-0.0213663876,
2.03275,-0.0093366504,
2.033,0.0029739502,
2.03325,0.0003545907,
2.0335,-0.0152655793,
2.03375,0.0061470149,
2.034,-0.0029308733,
2.03425,-0.0107601713,
2.0345,-0.0076822080,
2.03475,-0.0010473904,
2.035,-0.0033782013,
2.03525,-0.0072049308,
2.0355,0.0074626440,
2.03575,-0.0015386846,
2.036,0.0106122699,
2.03625,-0.0019255022,
2.0365,0.0053022890,
2.03675,0.0021652367,
2.037,0.0020191260,
2.03725,-0.0038903318,
2.0375,0.0011051671,
2.03775,-0.0088315774,
2.038,0.0138274431,
2.03825,-0.0039099655,
2.0385,0.0189011581,
2.03875,-0.0020319710,
2.039,-0.0126516148,
2.03925,0.0087963101,
2.0395,0.0165655240,
2.03975,-0.0032073797,
2.04,0.0057631456,
2.04025,0.0172432661,
2.0405,0.0180044137,
2.04075,0.0007136806,
2.041,0.0152630582,
2.04125,0.0176263917,
2.0415,0.0066821612,
2.04175,0.0054018050,
2.042,0.0025109921,
2.04225,-0.0043761549,
2.0425,0.0079056183,
2.04275,-0.0111490730,
2.043,-0.0032515475,
2.04325,-0.0017523499,
2.0435,-0.0021519547,
2.04375,0.0031624420,
2.044,-0.0094268210,
2.04425,-0.0024392465,
2.0445,-0.0044135009,
2.04475,0.0178707186,
2.045,0.0134195434,
2.04525,-0.0018240929,
2.0455,0.0058943694,
2.04575,0.0181518942,
2.046,-0.0060757585,
2.04625,0.0110472078,
2.0465,0.0115553569,
2.04675,0.0109998425,
2.047,0.0055277739,
2.04725,0.0065537118,
2.0475,0.0064964802,
2.04775,-0.0134731783,
2.048,-0.0017613741,
2.04825,0.0146468095,
2.0485,0.0027783667,
2.04875,-0.0055233971,
2.049,0.0066811894,
2.04925,0.0141159743,
2.0495,0.0095969643,
2.04975,-0.0027008797,
2.05,0.0202636775,
2.05025,0.0124903163,
2.0505,0.0024569309,
2.05075,0.0050095567,
2.051,0.0065210653,
2.05125,0.0144276526,
2.0515,0.0102930199,
2.05175,-0.0049972357,
2.052,-0.0042621661,
2.05225,-0.0039772615,
2.0525,-0.0032532087,
2.05275,0.0041403007,
2.053,0.0059175882,
2.05325,-0.0111256354,
2.0535,-0.0021209868,
2.05375,-0.0204105191,
2.054,-0.0146668646,
2.05425,-0.0259249099,
2.0545,0.0078678513,
2.05475,-0.0022692771,
2.055,0.0012437757,
2.05525,0.0062173447,
2.0555,0.0006331526,
2.05575,0.0102951713,
2.056,0.0048647639,
2.05625,0.0029273112,
2.0565,0.0100529017,
2.05675,-0.0034757173,
2.057,0.0014986524,
2.05725,-0.0103365714,
2.0575,0.0063096276,
2.05775,0.0126672955,
2.058,-0.0127810482,
2.05825,0.0137630114,
2.0585,0.0088021569,
2.05875,-0.0153612718,
2.059,-0.0029495081,
2.05925,0.0099210618,
2.0595,0.0027519397,
2.05975,-0.0079240305,
2.06,0.0089020869,
2.06025,0.0121634118,
2.0605,-0.0151540395,
2.06075,0.0072216718,
2.061,0.0218694508,
2.06125,0.0071445950,
2.0615,-0.0064976024,
2.06175,0.0011774399,
2.062,-0.0018734076,
2.06225,-0.0067943498,
2.0625,-0.0198044982,
2.06275,0.0131025147,
2.063,-0.0101269269,
2.06325,-0.0014738194,
2.0635,-0.0169237219,
2.06375,-0.0223211497,
2.064,-0.0151957106,
2.06425,-0.0024592695,
2.0645,0.0102558471,
2.06475,0.0016377290,
2.065,0.0040210243,
2.06525,0.0109600965,
2.0655,0.0107722068,
2.06575,0.0050421595,
2.066,0.0060075531,
2.06625,-0.0025929348,
2.0665,0.0098333340,
2.06675,0.0072650048,
2.067,0.0009873905,
2.06725,-0.0061001531,
2.0675,0.0084615685,
2.06775,-0.0029387670,
2.068,0.0141747193,
2.06825,0.0090561192,
2.0685,0.0018208969,
2.06875,0.0019607292,
2.069,0.0056346077,
2.06925,0.0076873791,
2.0695,0.0025850632,
2.06975,0.0030047023,
2.07,0.0214590579,
2.07025,0.0045307251,
2.0705,0.0026287134,
2.07075,0.0154833067,
2.071,0.0227931682,
2.07125,0.0012678885,
2.0715,-0.0022843666,
2.07175,0.0075531886,
2.072,-0.0062910300,
2.07225,-0.0120363347,
2.0725,0.0115082245,
2.07275,-0.0077087670,
2.073,-0.0126459533,
2.07325,-0.0169016346,
2.0735,-0.0092009697,
2.07375,-0.0105782328,
2.074,-0.0204337463,
2.07425,0.0067083035,
2.0745,0.0111355204,
2.07475,0.0123094805,
2.075,0.0046635293,
2.07525,0.0173837431,
2.0755,0.0192252714,
2.07575,0.0063335532,
2.076,0.0008231621,
2.07625,0.0123201394,
2.0765,0.0020178834,
2.07675,0.0069384691,
2.077,-0.0114902798,
2.07725,0.0115901185,
2.0775,-0.0037897192,
2.07775,0.0046720570,
2.078,0.0103911338,
2.07825,0.0075471750,
2.0785,-0.0024209246,
2.07875,-0.0038375678,
2.079,0.0140301753,
2.07925,0.0109847002,
2.0795,0.0021167933,
2.07975,0.0191196799,
2.08,0.0067533255,
2.08025,0.0068791937,
2.0805,0.0029096541,
2.08075,0.0180527512,
2.081,0.0078356145,
2.08125,-0.0033523550,
2.0815,0.0005717080,
2.08175,-0.0066098301,
2.082,-0.0002374961,
2.08225,-0.0088959038,
2.0825,0.0065175775,
2.08275,0.0089836745,
2.083,0.0029456760,
2.08325,-0.0188458730,
2.0835,-0.0054330193,
2.08375,-0.0231588911,
2.084,-0.0027429161,
2.08425,0.0120730745,
2.0845,0.0188804846,
2.08475,0.0032924523,
2.085,0.0036767912,
2.08525,0.0139751853,
2.0855,0.0166314766,
2.08575,-0.0066076005,
2.086,0.0081139598,
2.08625,0.0188967083,
2.0865,0.0049666446,
2.08675,-0.0043597943,
2.087,0.0042847632,
2.08725,0.0116228927,
2.0875,-0.0125523005,
2.08775,0.0068645813,
2.088,-0.0000416207,
2.08825,-0.0004777134,
2.0885,-0.0061903433,
2.08875,-0.0025754981,
2.089,-0.0003790296,
2.08925,0.0060491934,
2.0895,0.0048148502,
2.08975,0.0126701649,
2.09,0.0135487895,
2.09025,0.0023937556,
2.0905,0.0101836193,
2.09075,0.0160777159,
2.091,-0.0025420743,
2.09125,-0.0024264024,
2.0915,-0.0067726579,
2.09175,-0.0092679039,
2.092,-0.0064447196,
2.09225,-0.0025495994,
2.0925,-0.0125660766,
2.09275,-0.0185010470,
2.093,-0.0097900992,
2.09325,0.0102504389,
2.0935,-0.0107373809,
2.09375,-0.0139578506,
2.094,0.0025877196,
2.09425,0.0093931220,
2.0945,0.0028678705,
2.09475,-0.0012864002,
2.095,0.0084622940,
2.09525,0.0092844730,
2.0955,-0.0089736870,
2.09575,0.0064140027,
2.096,0.0004392042,
2.09625,0.0077571711,
2.0965,0.0027229018,
2.09675,-0.0148977414,
2.097,0.0131117553,
2.09725,-0.0069445977,
2.0975,0.0007385400,
2.09775,-0.0160419140,
2.098,0.0045557367,
2.09825,-0.0084736533,
2.0985,-0.0126952687,
2.09875,0.0096240463,
2.099,0.0185519159,
2.09925,-0.0102643808,
2.0995,0.0031233719,
2.09975,0.0162443649,
2.1,0.0016463178,
2.10025,-0.0149619784,
2.1005,0.0080774268,
2.10075,-0.0027230941,
2.101,-0.0150371101,
2.10125,-0.0072758514,
2.1015,0.0073960600,
2.10175,-0.0080499724,
2.102,-0.0080031753,
2.10225,0.0075847879,
2.1025,-0.0011183894,
2.10275,-0.0206021667,
2.103,-0.0124138873,
2.10325,-0.0179319419,
2.1035,-0.0287637077,
2.10375,-0.0066681211,
2.104,0.0061777737,
2.10425,0.0025563685,
2.1045,-0.0046574282,
2.10475,0.0064260717,
2.105,0.0024157970,
2.10525,0.0083226794,
2.1055,-0.0056788204,
2.10575,-0.0034240575,
2.106,0.0069549489,
2.10625,-0.0035215137,
2.1065,-0.0166319646,
2.10675,-0.0036491225,
2.107,-0.0014289726,
2.10725,-0.0071968767,
2.1075,-0.0193666033,
2.10775,-0.0038603884,
2.108,0.0023841704,
2.10825,-0.0166056342,
2.1085,-0.0005600103,
2.10875,-0.0029421235,
2.109,0.0010253042,
2.10925,-0.0161456484,
2.1095,0.0078271218,
2.10975,0.0123113682,
2.11,-0.0146539044,
2.11025,-0.0021407828,
2.1105,0.0163684059,
2.11075,-0.0076025254,
2.111,-0.0057795839,
2.11125,-0.0145762805,
2.1115,-0.0140045164,
2.11175,-0.0136780031,
2.112,-0.0085928710,
2.11225,-0.0173647385,
2.1125,-0.0249676667,
2.11275,-0.0165304262,
2.113,-0.0032667387,
2.11325,-0.0191928186,
2.1135,-0.0136185354,
2.11375,-0.0040442087,
2.114,0.0087169725,
2.11425,0.0008568345,
2.1145,-0.0050723692,
2.11475,0.0072564879,
2.115,0.0018215585,
2.11525,-0.0058745118,
2.1155,-0.0008749202,
2.11575,-0.0149735678,
2.116,0.0130448760,
2.11625,-0.0115388362,
2.1165,-0.0115677668,
2.11675,0.0068083424,
2.117,-0.0043027764,
2.11725,-0.0054853512,
2.1175,-0.0209578220,
2.11775,0.0017743871,
2.118,-0.0132871615,
2.11825,-0.0041875672,
2.1185,0.0074475328,
2.11875,0.0106128175,
2.119,-0.0044068140,
2.11925,0.0039966945,
2.1195,0.0031305046,
2.11975,0.0016098893,
2.12,-0.0019378891,
2.12025,-0.0006808011,
2.1205,0.0014235497,
2.12075,-0.0013909239,
2.121,-0.0124314148,
2.12125,-0.0000183543,
2.1215,-0.0049379393,
2.12175,-0.0094502028,
2.122,-0.0065913727,
2.12225,-0.0080825984,
2.1225,-0.0203355234,
2.12275,-0.0227267668,
2.123,-0.0128240362,
2.12325,-0.0025498201,
2.1235,0.0065147527,
2.12375,0.0008256899,
2.124,0.0147992708,
2.12425,0.0061179120,
2.1245,-0.0010700430,
2.12475,0.0145748667,
2.125,0.0101741785,
2.12525,-0.0081857275,
2.1255,-0.0143354330,
2.12575,0.0149312606,
2.126,-0.0016217817,
2.12625,-0.0176436473,
2.1265,0.0005358441,
2.12675,0.0098502226,
2.127,-0.0097461129,
2.12725,-0.0181222223,
2.1275,-0.0046587368,
2.12775,-0.0055580605,
2.128,-0.0078444947,
2.12825,-0.0130087966,
2.1285,-0.0034289665,
2.12875,0.0064568287,
2.129,-0.0079965163,
2.12925,0.0024936346,
2.1295,0.0055582547,
2.12975,-0.0021805563,
2.13,-0.0029076238,
2.13025,0.0140214767,
2.1305,0.0064513758,
2.13075,-0.0080346875,
2.131,-0.0236722659,
2.13125,-0.0078563774,
2.1315,-0.0060541932,
2.13175,-0.0073662568,
2.132,-0.0122524481,
2.13225,-0.0074525573,
2.1325,-0.0053066183,
2.13275,-0.0077732662,
2.133,-0.0164303705,
2.13325,-0.0101193059,
2.1335,0.0018072712,
2.13375,0.0091491379,
2.134,0.0027855225,
2.13425,-0.0037549278,
2.1345,0.0036048095,
2.13475,-0.0016786009,
2.135,-0.0003063666,
2.13525,-0.0076615578,
2.1355,-0.0113278860,
2.13575,0.0081801945,
2.136,-0.0122213662,
2.13625,0.0026628713,
2.1365,-0.0085044755,
2.13675,0.0139921829,
2.137,-0.0108576762,
2.13725,-0.0247864593,
2.1375,-0.0023995743,
2.13775,-0.0018161627,
2.138,-0.0089582670,
2.13825,-0.0089244861,
2.1385,0.0119010676,
2.13875,0.0045664879,
2.139,-0.0180648975,
2.13925,0.0036967404,
2.1395,0.0125774974,
2.13975,-0.0110743325,
2.14,-0.0007571086,
2.14025,0.0168497153,
2.1405,-0.0088610630,
2.14075,-0.0114238216,
2.141,-0.0006472600,
2.14125,0.0013923484,
2.1415,-0.0181629397,
2.14175,-0.0024165311,
2.142,0.0024585393,
2.14225,-0.0122325756,
2.1425,-0.0145876873,
2.14275,0.0029133721,
2.143,0.0030718150,
2.14325,0.0055025611,
2.1435,0.0005172628,
2.14375,0.0062090321,
2.144,0.0085100029,
2.14425,0.0024273049,
2.1445,0.0119439401,
2.14475,0.0029907506,
2.145,0.0013645507,
2.14525,0.0011612199,
2.1455,0.0056466255,
2.14575,0.0056858556,
2.146,-0.0059857005,
2.14625,-0.0107002892,
2.1465,0.0155660277,
2.14675,-0.0021662293,
2.147,-0.0123491595,
2.14725,-0.0033634624,
2.1475,0.0142034180,
2.14775,0.0008696200,
2.148,-0.0101976199,
2.14825,0.0128270816,
2.1485,0.0176135208,
2.14875,-0.0081774397,
2.149,0.0119990874,
2.14925,0.0187081397,
2.1495,0.0135185858,
2.14975,0.0043871710,
2.15,0.0192911346,
2.15025,0.0171323940,
2.1505,-0.0105453413,
2.15075,-0.0132809905,
2.151,0.0191572011,
2.15125,0.0052550705,
2.1515,-0.0059045483,
2.15175,0.0001887655,
2.152,0.0042091594,
2.15225,0.0072277919,
2.1525,-0.0131836580,
2.15275,-0.0097399624,
2.153,0.0017465513,
2.15325,0.0070907213,
2.1535,0.0117688524,
2.15375,0.0071268892,
2.154,0.0124197546,
2.15425,0.0122261280,
2.1545,0.0118281217,
2.15475,0.0210936759,
2.155,-0.0031174743,
2.15525,0.0127653107,
2.1555,0.0068523809,
2.15575,0.0017715862,
2.156,0.0013633741,
2.15625,-0.0052461922,
2.1565,0.0113932528,
2.15675,-0.0023299195,
2.157,-0.0062439013,
2.15725,0.0080150301,
2.1575,0.0142968856,
2.15775,-0.0054959832,
2.158,0.0003777199,
2.15825,0.0177274346,
2.1585,0.0160994418,
2.15875,-0.0013650862,
2.159,0.0153615680,
2.15925,0.0161320027,
2.1595,0.0061048027,
2.15975,0.0095080128,
2.16,0.0195312966,
2.16025,0.0083295032,
2.1605,-0.0087310392,
2.16075,0.0044634817,
2.161,0.0068244734,
2.16125,-0.0074330820,
2.1615,-0.0012145933,
2.16175,-0.0013132731,
2.162,0.0060881060,
2.16225,-0.0130042667,
2.1625,-0.0108922590,
2.16275,0.0137297157,
2.163,0.0106303524,
2.16325,-0.0007776797,
2.1635,0.0089851897,
2.16375,0.0207130816,
2.164,-0.0093302196,
2.16425,0.0041312738,
2.1645,0.0099932393,
2.16475,-0.0028176664,
2.165,-0.0080024833,
2.16525,-0.0002524710,
2.1655,0.0059029702,
2.16575,-0.0136644412,
2.166,-0.0063914717,
2.16625,0.0220402144,
2.1665,-0.0053252997,
2.16675,-0.0085270917,
2.167,0.0029282253,
2.16725,0.0075561702,
2.1675,-0.0072713639,
2.16775,-0.0072334823,
2.168,0.0014770603,
2.16825,0.0110408757,
2.1685,-0.0031804792,
2.16875,0.0016403238,
2.169,0.0158062782,
2.16925,0.0115938857,
2.1695,0.0016300329,
2.16975,0.0126428902,
2.17,0.0029471419,
2.17025,-0.0053562783,
2.1705,-0.0176031310,
2.17075,0.0145982187,
2.171,0.0022984275,
2.17125,-0.0139076626,
2.1715,-0.0097723780,
2.17175,0.0001638222,
2.172,-0.0080182059,
2.17225,-0.0216085687,
2.1725,-0.0008699499,
2.17275,0.0082058199,
2.173,-0.0010006101,
2.17325,-0.0003453071,
2.1735,0.0088209342,
2.17375,0.0070995321,
2.174,0.0005573021,
2.17425,0.0055691297,
2.1745,-0.0032744682,
2.17475,-0.0092516188,
2.175,0.0007650522,
2.17525,-0.0073699583,
2.1755,-0.0020532794,
2.17575,-0.0129965916,
2.176,-0.0009956388,
2.17625,-0.0038818615,
2.1765,0.0064366059,
2.17675,-0.0157071427,
2.177,-0.0019859287,
2.17725,0.0157533847,
2.1775,-0.0112783359,
2.17775,-0.0063175457,
2.178,0.0074919118,
2.17825,0.0131546315,
2.1785,-0.0116982907,
2.17875,0.0083659347,
2.179,0.0199491940,
2.17925,0.0081121055,
2.1795,-0.0025428971,
2.17975,0.0237035118,
2.18,0.0075153569,
2.18025,-0.0149303786,
2.1805,0.0075030336,
2.18075,0.0105197346,
2.181,-0.0227944348,
2.18125,-0.0014956805,
2.1815,-0.0061494345,
2.18175,-0.0113980770,
2.182,-0.0235588476,
2.18225,0.0095488168,
2.1825,0.0070121395,
2.18275,0.0090525653,
2.183,0.0103694471,
2.18325,0.0162331592,
2.1835,-0.0034907386,
2.18375,-0.0087794177,
2.184,0.0009551989,
2.18425,-0.0033889746,
2.1845,-0.0010791041,
2.18475,-0.0095907841,
2.185,0.0005358772,
2.18525,0.0080367979,
2.1855,0.0047744093,
2.18575,0.0003027598,
2.186,0.0086648287,
2.18625,0.0105410339,
2.1865,-0.0031037317,
2.18675,-0.0045421589,
2.187,0.0159030538,
2.18725,0.0122548528,
2.1875,-0.0028970407,
2.18775,0.0156030543,
2.188,0.0209340546,
2.18825,0.0109468419,
2.1885,0.0055137812,
2.18875,0.0275728554,
2.189,0.0207712203,
2.18925,-0.0027339007,
2.1895,0.0211717393,
2.18975,0.0123434830,
2.19,-0.0105849793,
2.19025,0.0000536474,
2.1905,0.0163326524,
2.19075,0.0104857935,
2.191,-0.0031196089,
2.19125,-0.0014859212,
2.1915,0.0083471015,
2.19175,-0.0026653113,
2.192,0.0015786267,
2.19225,0.0009504404,
2.1925,0.0199320205,
2.19275,0.0034622322,
2.193,-0.0021145022,
2.19325,0.0182366539,
2.1935,0.0070941076,
2.19375,0.0021704398,
2.194,0.0067523397,
2.19425,0.0012279346,
2.1945,0.0050406815,
2.19475,0.0082037896,
2.195,0.0009247815,
2.19525,0.0048585306,
2.1955,-0.0000151387,
2.19575,0.0165104587,
2.196,0.0107143950,
2.19625,0.0060644234,
2.1965,-0.0020011549,
2.19675,0.0017800065,
2.197,0.0178252198,
2.19725,0.0118588582,
2.1975,-0.0005177568,
2.19775,0.0219786279,
2.198,0.0100289304,
2.19825,0.0067566480,
2.1985,0.0155349392,
2.19875,0.0230114143,
2.199,0.0161486939,
2.19925,0.0086482652,
2.1995,0.0072939964,
2.19975,0.0040685628,
2.2,0.0014941990,
2.20025,0.0064833239,
2.2005,-0.0033830071,
2.20075,-0.0062871124,
2.201,-0.0015683975,
2.20125,-0.0055117863,
2.2015,-0.0040436331,
2.20175,-0.0086248694,
2.202,-0.0094963964,
2.20225,0.0123854410,
2.2025,0.0123105934,
2.20275,-0.0020052171,
2.203,0.0009727405,
2.20325,-0.0073972307,
2.2035,0.0052982061,
2.20375,-0.0173713528,
2.204,0.0084708100,
2.20425,0.0049365773,
2.2045,-0.0078269094,
2.20475,0.0016730668,
2.205,0.0187537540,
2.20525,-0.0102750100,
2.2055,-0.0065486035,
2.20575,-0.0051348666,
2.206,0.0057094521,
2.20625,-0.0115991859,
2.2065,-0.0200723261,
2.20675,0.0112454668,
2.207,0.0029104222,
2.20725,-0.0026339155,
2.2075,0.0130810170,
2.20775,0.0091700526,
2.208,0.0068507320,
2.20825,0.0015631720,
2.2085,0.0108857397,
2.20875,0.0104834847,
2.209,-0.0001500235,
2.20925,0.0090567749,
2.2095,-0.0109594706,
2.20975,-0.0182661712,
2.21,-0.0053936667,
2.21025,-0.0028339659,
2.2105,-0.0003533859,
2.21075,-0.0172197446,
2.211,-0.0131293889,
2.21125,-0.0005288563,
2.2115,-0.0226740986,
2.21175,-0.0147997234,
2.212,-0.0132694785,
2.21225,0.0012884197,
2.2125,-0.0117056118,
2.21275,-0.0066523757,
2.213,0.0034222766,
2.21325,-0.0048049092,
2.2135,-0.0139998700,
2.21375,-0.0012501443,
2.214,-0.0177552793,
2.21425,-0.0076981396,
2.2145,-0.0145370131,
2.21475,-0.0252907928,
2.215,-0.0115764430,
2.21525,-0.0089577036,
2.2155,-0.0100931060,
2.21575,-0.0074333781,
2.216,0.0010462049,
2.21625,-0.0160584971,
2.2165,-0.0176166967,
2.21675,0.0033416641,
2.217,0.0071799150,
2.21725,-0.0136461183,
2.2175,-0.0027581609,
2.21775,0.0075195008,
2.218,-0.0084356740,
2.21825,-0.0133988773,
2.2185,0.0120581947,
2.21875,-0.0020570778,
2.219,-0.0145377275,
2.21925,-0.0056967097,
2.2195,-0.0104099466,
2.21975,-0.0163753796,
2.22,-0.0112671107,
2.22025,-0.0138746379,
2.2205,-0.0160609763,
2.22075,-0.0202350467,
2.221,-0.0059133908,
2.22125,-0.0296711177,
2.2215,-0.0213213526,
2.22175,-0.0134225674,
2.222,0.0108538736,
2.22225,-0.0022939881,
2.2225,0.0047148131,
2.22275,-0.0055665337,
2.223,-0.0082405182,
2.22325,-0.0084665567,
2.2235,-0.0107805813,
2.22375,-0.0126799028,
2.224,-0.0132136419,
2.22425,-0.0081922747,
2.2245,-0.0051086717,
2.22475,-0.0057348050,
2.225,-0.0194676295,
2.22525,-0.0040559545,
2.2255,-0.0107331984,
2.22575,0.0105190268,
2.226,0.0016905009,
2.22625,-0.0121181970,
2.2265,-0.0010506032,
2.22675,0.0111971507,
2.227,-0.0063065505,
2.22725,-0.0067919823,
2.2275,0.0165873766,
2.22775,0.0013296891,
2.228,-0.0125683732,
2.22825,0.0071218032,
2.2285,0.0065902052,
2.22875,0.0098933168,
2.229,-0.0002333463,
2.22925,-0.0111759473,
2.2295,-0.0056645516,
2.22975,-0.0061855190,
2.23,0.0024112843,
2.23025,0.0046070763,
2.2305,-0.0145273022,
2.23075,-0.0036658337,
2.231,-0.0131193064,
2.23125,-0.0137309544,
2.2315,-0.0211425889,
2.23175,-0.0011233517,
2.232,0.0042245309,
2.23225,-0.0034309763,
2.2325,0.0030558577,
2.23275,-0.0022344557,
2.233,0.0026003257,
2.23325,-0.0059131132,
2.2335,-0.0037582549,
2.23375,-0.0093610352,
2.234,0.0051929518,
2.23425,-0.0084413942,
2.2345,-0.0118168732,
2.23475,-0.0006498757,
2.235,0.0082166549,
2.23525,-0.0138994213,
2.2355,0.0096109668,
2.23575,0.0070363218,
2.236,-0.0114555024,
2.23625,-0.0010970294,
2.2365,0.0031164938,
2.23675,0.0077880085,
2.237,-0.0009470031,
2.23725,0.0047992161,
2.2375,0.0161033645,
2.23775,-0.0030702171,
2.238,0.0018167165,
2.23825,0.0110442648,
2.2385,0.0160775706,
2.23875,-0.0027979822,
2.239,-0.0072326483,
2.23925,-0.0105656954,
2.2395,0.0005786318,
2.23975,-0.0138234524,
2.24,-0.0052112909,
2.24025,0.0071434029,
2.2405,0.0033736443,
2.24075,-0.0209699403,
2.241,-0.0259629637,
2.24125,0.0047437246,
2.2415,-0.0084533505,
2.24175,0.0094000604,
2.242,0.0154706454,
2.24225,0.0112697193,
2.2425,-0.0097879786,
2.24275,0.0158503950,
2.243,0.0062787784,
2.24325,-0.0070298361,
2.2435,-0.0034701284,
2.24375,0.0101251006,
2.244,-0.0042315866,
2.24425,-0.0078965584,
2.2445,-0.0079644015,
2.24475,0.0008416456,
2.245,-0.0067119952,
2.24525,0.0024053256,
2.2455,0.0153074116,
2.24575,-0.0020906418,
2.246,0.0035081715,
2.24625,0.0058772722,
2.2465,0.0096334107,
2.24675,0.0038744730,
2.247,0.0065079574,
2.24725,0.0161795206,
2.2475,0.0071515776,
2.24775,-0.0017035700,
2.248,0.0150749665,
2.24825,0.0106777176,
2.2485,0.0183548778,
2.24875,-0.0079446910,
2.249,-0.0159749296,
2.24925,0.0074054510,
2.2495,-0.0034592466,
2.24975,0.0018682390,
2.25,-0.0014621057,
2.25025,-0.0126351276,
2.2505,-0.0135921296,
2.25075,-0.0207367707,
2.251,0.0058833836,
2.25125,-0.0237048641,
2.2515,-0.0031703487,
2.25175,0.0093728034,
2.252,0.0067437086,
2.25225,0.0004969515,
2.2525,0.0001584369,
2.25275,0.0060566757,
2.253,0.0166696124,
2.25325,-0.0173439905,
2.2535,0.0016773057,
2.25375,-0.0016244876,
2.254,-0.0040218900,
2.25425,-0.0065982640,
2.2545,-0.0015105384,
2.25475,0.0000568899,
2.255,-0.0107900603,
2.25525,-0.0026471741,
2.2555,0.0029447998,
2.25575,0.0044730632,
2.256,-0.0212686621,
2.25625,0.0103020221,
2.2565,0.0099867545,
2.25675,0.0025268430,
2.257,-0.0029935488,
2.25725,0.0134138595,
2.2575,0.0065945620,
2.25775,-0.0092117079,
2.258,0.0036318796,
2.25825,0.0164688267,
2.2585,-0.0134629551,
2.25875,-0.0101669542,
2.259,-0.0043436503,
2.25925,-0.0040206201,
2.2595,-0.0203669090,
2.25975,0.0036342747,
2.26,0.0103344629,
2.26025,-0.0050147204,
2.2605,-0.0211297199,
2.26075,-0.0062241526,
2.261,-0.0164724290,
2.26125,-0.0128145851,
2.2615,0.0061750175,
2.26175,0.0037400469,
2.262,0.0076612835,
2.26225,-0.0009991284,
2.2625,0.0133246258,
2.26275,-0.0013114624,
2.263,0.0034030424,
2.26325,-0.0083698202,
2.2635,-0.0029670219,
2.26375,-0.0030612990,
2.264,-0.0052046287,
2.26425,-0.0339383110,
2.2645,0.0060027656,
2.26475,0.0007532864,
2.265,-0.0085116848,
2.26525,-0.0006342993,
2.2655,0.0124011384,
2.26575,-0.0014744641,
2.266,-0.0053450344,
2.26625,0.0099410070,
2.2665,0.0125008449,
2.26675,-0.0118331555,
2.267,0.0050694365,
2.26725,0.0128544625,
2.2675,-0.0071395123,
2.26775,-0.0007101367,
2.268,0.0138003416,
2.26825,0.0060125259,
2.2685,-0.0130463904,
2.26875,-0.0079696933,
2.269,0.0154212313,
2.26925,-0.0157078989,
2.2695,-0.0070597227,
2.26975,-0.0037248631,
2.27,-0.0228315424,
2.27025,-0.0113428831,
2.2705,-0.0051573915,
2.27075,-0.0007243395,
2.271,-0.0224570744,
2.27125,0.0022045190,
2.2715,0.0085222526,
2.27175,0.0093280859,
2.272,0.0026873746,
2.27225,0.0128420861,
2.2725,0.0182201341,
2.27275,0.0169738103,
2.273,-0.0101741115,
2.27325,0.0030846810,
2.2735,0.0013039056,
2.27375,-0.0004695813,
2.274,-0.0107601136,
2.27425,0.0123748910,
2.2745,0.0008199908,
2.27475,0.0004056174,
2.275,-0.0017590345,
2.27525,0.0042530582,
2.2755,0.0037405582,
2.27575,-0.0065954705,
2.276,0.0149486195,
2.27625,0.0152606387,
2.2765,0.0050525432,
2.27675,-0.0015326329,
2.277,0.0087270569,
2.27725,0.0126979556,
2.2775,0.0026696103,
2.27775,0.0122308079,
2.278,0.0129109789,
2.27825,-0.0012302742,
2.2785,-0.0018635573,
2.27875,0.0076137693,
2.279,0.0143191181,
2.27925,-0.0097575728,
2.2795,0.0046879794,
2.27975,0.0000353673,
2.28,-0.0036530979,
2.28025,-0.0214794986,
2.2805,-0.0095367972,
2.28075,-0.0053700954,
2.281,0.0037255511,
2.28125,0.0050923256,
2.2815,0.0125129558,
2.28175,0.0110228099,
2.282,-0.0000657899,
2.28225,0.0150962370,
2.2825,0.0172245651,
2.28275,-0.0035230145,
2.283,-0.0030925032,
2.28325,0.0070239878,
2.2835,0.0075954110,
2.28375,-0.0122986510,
2.284,-0.0016156312,
2.28425,0.0153571777,
2.2845,-0.0033218805,
2.28475,-0.0009296857,
2.285,-0.0013118236,
2.28525,0.0207808223,
2.2855,-0.0111424867,
2.28575,0.0075763538,
2.286,0.0065539042,
2.28625,0.0063543534,
2.2865,0.0029717851,
2.28675,-0.0014722777,
2.287,0.0121259699,
2.28725,0.0093157114,
2.2875,-0.0009184130,
2.28775,0.0178062972,
2.288,0.0101031084,
2.28825,0.0031615603,
2.2885,-0.0036112207,
2.28875,-0.0066311108,
2.289,-0.0113589885,
2.28925,-0.0119445454,
2.2895,-0.0072528212,
2.28975,-0.0088309273,
2.29,-0.0169492066,
2.29025,-0.0036967350,
2.2905,-0.0021842674,
2.29075,-0.0127991894,
2.291,0.0091070766,
2.29125,0.0034640376,
2.2915,0.0179943889,
2.29175,0.0041031172,
2.292,0.0112940464,
2.29225,0.0178924352,
2.2925,0.0067300857,
2.29275,0.0045055086,
2.293,-0.0040198974,
2.29325,0.0058456282,
2.2935,0.0035326553,
2.29375,-0.0173875447,
2.294,0.0122778695,
2.29425,0.0010553355,
2.2945,0.0074689048,
2.29475,-0.0137919337,
2.295,-0.0012359142,
2.29525,0.0053465934,
2.2955,0.0001682423,
2.29575,-0.0033568803,
2.296,0.0190238487,
2.29625,0.0132262018,
2.2965,-0.0142242666,
2.29675,0.0168751832,
2.297,0.0124027785,
2.29725,0.0040031518,
2.2975,0.0058587012,
2.29775,0.0113045285,
2.298,0.0016507604,
2.29825,-0.0153595563,
2.2985,0.0126716159,
2.29875,0.0008956881,
2.299,-0.0227354374,
2.29925,0.0046506012,
2.2995,-0.0098427581,
2.29975,-0.0239534006,
2.3,-0.0346327797,
2.30025,-0.0097244959,
2.3005,-0.0005360910,
2.30075,0.0050874362,
2.301,0.0054039853,
2.30125,0.0147045758,
2.3015,0.0048277173,
2.30175,0.0077068852,
2.302,0.0120931575,
2.30225,0.0113896392,
2.3025,0.0065443902,
2.30275,-0.0099243913,
2.303,0.0048188856,
2.30325,0.0143238101,
2.3035,-0.0059306454,
2.30375,-0.0057758223,
2.304,0.0032959951,
2.30425,0.0057036611,
2.3045,-0.0062111476,
2.30475,-0.0229708701,
2.305,0.0141309015,
2.30525,-0.0021588409,
2.3055,-0.0087922448,
2.30575,0.0040159295,
2.306,0.0121036004,
2.30625,-0.0028308444,
2.3065,-0.0040705260,
2.30675,0.0139720272,
2.307,0.0097658746,
2.30725,-0.0146921482,
2.3075,0.0205571838,
2.30775,0.0135202231,
2.308,-0.0106463097,
2.30825,-0.0095464354,
2.3085,-0.0056474027,
2.30875,-0.0075084292,
2.309,-0.0076972684,
2.30925,-0.0023042525,
2.3095,0.0021846467,
2.30975,-0.0107391514,
2.31,0.0052846568,
2.31025,-0.0106460694,
2.3105,-0.0134711144,
2.31075,-0.0040641790,
2.311,-0.0013691611,
2.31125,0.0126598831,
2.3115,0.0033233864,
2.31175,0.0050718430,
2.312,0.0145074259,
2.31225,0.0024967114,
2.3125,0.0069960393,
2.31275,-0.0064857723,
2.313,0.0040262993,
2.31325,-0.0042841346,
2.3135,-0.0093562417,
2.31375,0.0035794310,
2.314,0.0080625415,
2.31425,-0.0025004426,
2.3145,-0.0175871681,
2.31475,-0.0006834015,
2.315,0.0004522495,
2.31525,0.0039143465,
2.3155,-0.0088408086,
2.31575,0.0134604927,
2.316,0.0058296812,
2.31625,-0.0105685284,
2.3165,0.0040967613,
2.31675,0.0067726038,
2.317,0.0032014777,
2.31725,-0.0013730119,
2.3175,-0.0005232779,
2.31775,0.0027567036,
2.318,-0.0081822108,
2.31825,-0.0037976485,
2.3185,-0.0027364697,
2.31875,-0.0131422738,
2.319,-0.0127147594,
2.31925,-0.0095237596,
2.3195,-0.0167857651,
2.31975,-0.0224628858,
2.32,-0.0142117077,
2.32025,0.0063648513,
2.3205,0.0030619514,
2.32075,-0.0054957056,
2.321,0.0108021675,
2.32125,0.0089296680,
2.3215,0.0038001351,
2.32175,0.0050110468,
2.322,0.0111530162,
2.32225,0.0005804630,
2.3225,-0.0139509896,
2.32275,0.0021306851,
2.323,0.0077240085,
2.32325,-0.0199894421,
2.3235,-0.0067041246,
2.32375,0.0037695598,
2.324,-0.0018719317,
2.32425,-0.0120193399,
2.3245,-0.0122043975,
2.32475,0.0070855357,
2.325,0.0018902640,
2.32525,-0.0094857849,
2.3255,0.0013734268,
2.32575,-0.0004708309,
2.326,-0.0043140287,
2.32625,-0.0037626405,
2.3265,-0.0028892639,
2.32675,0.0114867324,
2.327,-0.0035755921,
2.32725,0.0077638286,
2.3275,0.0096197873,
2.32775,-0.0060075484,
2.328,-0.0141158309,
2.32825,-0.0038072523,
2.3285,0.0048865355,
2.32875,-0.0076103061,
2.329,-0.0196143650,
2.32925,-0.0027429787,
2.3295,-0.0053256662,
2.32975,-0.0138226291,
2.33,-0.0180890337,
2.33025,-0.0023296345,
2.3305,-0.0088212304,
2.33075,0.0021807801,
2.331,0.0078875097,
2.33125,0.0101136239,
2.3315,0.0069910474,
2.33175,0.0046974383,
2.332,0.0023143864,
2.33225,-0.0059458595,
2.3325,-0.0108986115,
2.33275,-0.0025811945,
2.333,-0.0157447439,
2.33325,0.0002845531,
2.3335,-0.0072536315,
2.33375,0.0015679671,
2.334,0.0011037264,
2.33425,-0.0115102734,
2.3345,-0.0089654569,
2.33475,0.0143582355,
2.335,-0.0003852943,
2.33525,-0.0157560334,
2.3355,0.0045205690,
2.33575,0.0132265557,
2.336,-0.0097670276,
2.33625,-0.0104935244,
2.3365,0.0188616496,
2.33675,0.0033611411,
2.337,-0.0100831520,
2.33725,0.0203769878,
2.3375,0.0119096506,
2.33775,-0.0110758366,
2.338,0.0017145772,
2.33825,0.0009866473,
2.3385,-0.0166996960,
2.33875,-0.0164688770,
2.339,0.0009407053,
2.33925,-0.0165433623,
2.3395,-0.0201863069,
2.33975,-0.0102549056,
2.34,0.0067746057,
2.34025,-0.0069576832,
2.3405,0.0020505078,
2.34075,0.0094537409,
2.341,0.0101198731,
2.34125,0.0088004135,
2.3415,0.0103267804,
2.34175,0.0089663286,
2.342,0.0039723986,
2.34225,0.0025645106,
2.3425,-0.0007331496,
2.34275,-0.0008360751,
2.343,0.0011573016,
2.34325,-0.0042287731,
2.3435,0.0003067308,
2.34375,0.0194936600,
2.344,-0.0030760302,
2.34425,-0.0045391642,
2.3445,0.0139193218,
2.34475,0.0168410093,
2.345,-0.0000935745,
2.34525,0.0019066662,
2.3455,0.0248956978,
2.34575,0.0058372295,
2.346,-0.0028061322,
2.34625,0.0199522842,
2.3465,0.0217716396,
2.34675,0.0109268986,
2.347,0.0077520227,
2.34725,0.0149705634,
2.3475,0.0022652186,
2.34775,-0.0186213963,
2.348,0.0126352711,
2.34825,0.0160582718,
2.3485,-0.0110578528,
2.34875,0.0062286844,
2.349,-0.0100782644,
2.34925,-0.0059782788,
2.3495,-0.0188711826,
2.34975,0.0026484267,
2.35,0.0124422200,
2.35025,0.0051848004,
2.3505,0.0141608715,
2.35075,0.0139091238,
2.351,0.0103683881,
2.35125,0.0101205166,
2.3515,0.0034060280,
2.35175,0.0165708214,
2.352,0.0103424583,
2.35225,0.0035957890,
2.3525,0.0071466942,
2.35275,0.0047949138,
2.353,0.0134429019,
2.35325,0.0052160029,
2.3535,0.0170898847,
2.35375,0.0128651429,
2.354,-0.0000443548,
2.35425,0.0011707675,
2.3545,0.0260978788,
2.35475,-0.0022275664,
2.355,0.0098365061,
2.35525,0.0117902402,
2.3555,0.0186402891,
2.35575,0.0060596201,
2.356,0.0060858466,
2.35625,0.0193928070,
2.3565,0.0197555423,
2.35675,0.0024988027,
2.357,0.0152851064,
2.35725,0.0039942018,
2.3575,0.0094581386,
2.35775,-0.0013284448,
2.358,0.0081247026,
2.35825,0.0080007520,
2.3585,0.0046726028,
2.35875,-0.0081037628,
2.359,-0.0026761333,
2.35925,-0.0045673652,
2.3595,-0.0102797300,
2.35975,0.0045903320,
2.36,0.0092980806,
2.36025,0.0078981239,
2.3605,-0.0018958615,
2.36075,0.0215550885,
2.361,-0.0002771475,
2.36125,0.0001180747,
2.3615,0.0042531583,
2.36175,0.0176566951,
2.362,0.0025915729,
2.36225,0.0024338744,
2.3625,0.0105225714,
2.36275,0.0108776102,
2.363,-0.0057172533,
2.36325,0.0134868464,
2.3635,0.0108992849,
2.36375,-0.0079404013,
2.364,0.0003085184,
2.36425,0.0055339476,
2.3645,0.0057019335,
2.36475,-0.0011592776,
2.365,0.0038247730,
2.36525,0.0199154206,
2.3655,0.0030568938,
2.36575,0.0049607665,
2.366,0.0094637536,
2.36625,0.0134805832,
2.3665,0.0107392576,
2.36675,-0.0041931318,
2.367,0.0004641058,
2.36725,-0.0048697190,
2.3675,-0.0195811987,
2.36775,-0.0014379434,
2.368,0.0058652712,
2.36825,-0.0088112922,
2.3685,-0.0165362004,
2.36875,-0.0177471004,
2.369,-0.0128673399,
2.36925,-0.0280746147,
2.3695,-0.0112438500,
2.36975,0.0042752642,
2.37,-0.0000998904,
2.37025,-0.0069081252,
2.3705,0.0010794130,
2.37075,0.0148542048,
2.371,-0.0011984953,
2.37125,-0.0086295651,
2.3715,0.0037778956,
2.37175,-0.0100940550,
2.372,-0.0012051812,
2.37225,-0.0147253191,
2.3725,-0.0116578350,
2.37275,-0.0039802198,
2.373,-0.0113676963,
2.37325,-0.0065717748,
2.3735,-0.0004740010,
2.37375,-0.0074375379,
2.374,-0.0163329467,
2.37425,0.0034457480,
2.3745,0.0075303838,
2.37475,-0.0009958654,
2.375,-0.0042397720,
2.37525,0.0130019719,
2.3755,-0.0096041439,
2.37575,-0.0139068700,
2.376,0.0025559401,
2.37625,0.0104191620,
2.3765,-0.0151619874,
2.37675,-0.0080816057,
2.377,0.0025658798,
2.37725,-0.0039614486,
2.3775,-0.0160561241,
2.37775,0.0114676766,
2.378,-0.0031830394,
2.37825,-0.0113800280,
2.3785,-0.0109390207,
2.37875,-0.0073912097,
2.379,-0.0347134918,
2.37925,-0.0165817067,
2.3795,0.0050602574,
2.37975,0.0060640997,
2.38,-0.0041461904,
2.38025,0.0103100967,
2.3805,-0.0036695087,
2.38075,0.0030614657,
2.381,0.0013466571,
2.38125,-0.0078902123,
2.3815,0.0011844368,
2.38175,0.0055465503,
2.382,-0.0070042508,
2.38225,0.0011147347,
2.3825,0.0086741373,
2.38275,-0.0041331146,
2.383,-0.0000982730,
2.38325,0.0037062536,
2.3835,0.0104708513,
2.38375,-0.0056223208,
2.384,0.0000008980,
2.38425,0.0165551621,
2.3845,0.0067898510,
2.38475,-0.0003416068,
2.385,0.0121061075,
2.38525,0.0137404241,
2.3855,-0.0001010488,
2.38575,0.0024531211,
2.386,0.0273989029,
2.38625,0.0013660406,
2.3865,0.0028613568,
2.38675,0.0126143564,
2.387,-0.0097948816,
2.38725,0.0006619352,
2.3875,0.0113047007,
2.38775,0.0062567648,
2.388,-0.0071411533,
2.38825,-0.0089635998,
2.3885,0.0075543616,
2.38875,-0.0060177031,
2.389,-0.0201541353,
2.38925,0.0071479841,
2.3895,0.0127985887,
2.38975,0.0018913369,
2.39,0.0103109926,
2.39025,0.0116023254,
2.3905,0.0126561802,
2.39075,0.0034595572,
2.391,-0.0056164181,
2.39125,0.0132818650,
2.3915,-0.0041148756,
2.39175,0.0147487121,
2.392,-0.0119684162,
2.39225,0.0097788088,
2.3925,0.0129077565,
2.39275,-0.0014614672,
2.393,0.0077235396,
2.39325,0.0114921154,
2.3935,-0.0026393265,
2.39375,0.0026654187,
2.394,0.0093147913,
2.39425,0.0210715998,
2.3945,0.0079063410,
2.39475,0.0033117509,
2.395,0.0175733939,
2.39525,0.0058987634,
2.3955,0.0028491579,
2.39575,0.0134707913,
2.396,0.0052754250,
2.39625,0.0135932732,
2.3965,-0.0016056474,
2.39675,-0.0029398922,
2.397,0.0084617445,
2.39725,-0.0049720001,
2.3975,0.0008836184,
2.39775,0.0084356088,
2.398,-0.0007703705,
2.39825,-0.0020465748,
2.3985,-0.0144405626,
2.39875,-0.0113109816,
2.399,0.0012692683,
2.39925,0.0030305246,
2.3995,0.0215498097,
2.39975,0.0067099254,
2.4,0.0028837300,
2.40025,0.0058650197,
2.4005,0.0152959256,
2.40075,-0.0095743798,
2.401,-0.0044018487,
2.40125,0.0117781423,
2.4015,0.0083211679,
2.40175,-0.0117503610,
2.402,0.0142317628,
2.40225,-0.0021255026,
2.4025,-0.0117490916,
2.40275,0.0001111515,
2.403,0.0002611732,
2.40325,0.0056485510,
2.4035,-0.0092856530,
2.40375,-0.0001367756,
2.404,0.0045346739,
2.40425,-0.0029160366,
2.4045,0.0047174590,
2.40475,0.0088264318,
2.405,0.0059354007,
2.40525,-0.0006817471,
2.4055,-0.0012140999,
2.40575,0.0106346346,
2.406,0.0034781862,
2.40625,0.0037335942,
2.4065,-0.0108829373,
2.40675,-0.0207507629,
2.407,0.0023898513,
2.40725,-0.0025358913,
2.4075,-0.0060557690,
2.40775,-0.0019979514,
2.408,-0.0116624450,
2.40825,-0.0091343457,
2.4085,-0.0107427184,
2.40875,-0.0213777833,
2.409,-0.0042847176,
2.40925,0.0010735238,
2.4095,0.0020418968,
2.40975,-0.0053531211,
2.41,-0.0100240940,
2.41025,0.0017648756,
2.4105,-0.0146061145,
2.41075,-0.0038182563,
2.411,-0.0145108830,
2.41125,-0.0077759945,
2.4115,0.0038231560,
2.41175,-0.0195481889,
2.412,-0.0020559628,
2.41225,-0.0050016828,
2.4125,-0.0148679651,
2.41275,-0.0116034131,
2.413,-0.0046931910,
2.41325,-0.0110090906,
2.4135,-0.0070619155,
2.41375,-0.0116803823,
2.414,0.0153395664,
2.41425,-0.0031212843,
2.4145,-0.0160371698,
2.41475,0.0101649100,
2.415,-0.0048419842,
2.41525,-0.0141539127,
2.4155,-0.0072817905,
2.41575,0.0021205305,
2.416,-0.0089012366,
2.41625,-0.0238070302,
2.4165,-0.0107261203,
2.41675,-0.0018618425,
2.417,-0.0227491185,
2.41725,-0.0062578199,
2.4175,-0.0000055528,
2.41775,-0.0226643272,
2.418,-0.0130187143,
2.41825,-0.0303259231,
2.4185,-0.0152714886,
2.41875,-0.0079382407,
2.419,-0.0009696325,
2.41925,-0.0022871178,
2.4195,-0.0043651983,
2.41975,-0.0054046041,
2.42,0.0033691267,
2.42025,-0.0057359710,
2.4205,-0.0043941233,
2.42075,-0.0099769980,
2.421,-0.0068932222,
2.42125,0.0033914950,
2.4215,-0.0167379696,
2.42175,-0.0119182896,
2.422,-0.0220671948,
2.42225,-0.0007644991,
2.4225,-0.0229253042,
2.42275,-0.0146671459,
2.423,0.0045270142,
2.42325,-0.0071992045,
2.4235,-0.0167414397,
2.42375,0.0021738706,
2.424,0.0053365552,
2.42425,-0.0054440373,
2.4245,-0.0037361530,
2.42475,0.0117597776,
2.425,-0.0036727479,
2.42525,-0.0100334920,
2.4255,0.0105126202,
2.42575,0.0084100394,
2.426,-0.0124823283,
2.42625,-0.0157642327,
2.4265,-0.0118106585,
2.42675,0.0016855507,
2.427,-0.0075904243,
2.42725,-0.0028355888,
2.4275,-0.0135909626,
2.42775,-0.0112787671,
2.428,-0.0126334047,
2.42825,-0.0133188870,
2.4285,-0.0234251134,
2.42875,-0.0092180166,
2.429,0.0036686659,
2.42925,0.0061234701,
2.4295,-0.0060659219,
2.42975,-0.0002553342,
2.43,0.0006176577,
2.43025,-0.0061230776,
2.4305,-0.0008535144,
2.43075,-0.0204806365,
2.431,0.0030158719,
2.43125,-0.0051571014,
2.4315,-0.0168198738,
2.43175,-0.0057229162,
2.432,0.0047121751,
2.43225,-0.0113678081,
2.4325,-0.0109526990,
2.43275,-0.0034581795,
2.433,-0.0007027016,
2.43325,-0.0091070784,
2.4335,-0.0019475690,
2.43375,0.0075060884,
2.434,0.0035083757,
2.43425,-0.0060347309,
2.4345,-0.0057053515,
2.43475,0.0041945879,
2.435,-0.0037612892,
2.43525,-0.0041802931,
2.4355,0.0133386487,
2.43575,0.0064577525,
2.436,-0.0125110615,
2.43625,-0.0058944458,
2.4365,0.0084881419,
2.43675,-0.0026107172,
2.437,-0.0087575316,
2.43725,-0.0025500692,
2.4375,0.0037220211,
2.43775,-0.0226974338,
2.438,-0.0188661441,
2.43825,0.0018648717,
2.4385,-0.0020799246,
2.43875,-0.0017932599,
2.439,0.0016535876,
2.43925,0.0169039126,
2.4395,-0.0037117442,
2.43975,0.0082977880,
2.44,0.0150658702,
2.44025,0.0005326554,
2.4405,-0.0146558182,
2.44075,0.0095575508,
2.441,-0.0054217963,
2.44125,-0.0082847215,
2.4415,-0.0183778666,
2.44175,0.0136443581,
2.442,0.0076010423,
2.44225,-0.0142591065,
2.4425,0.0095329639,
2.44275,0.0081156623,
2.443,0.0028397420,
2.44325,-0.0013492729,
2.4435,0.0076973308,
2.44375,0.0171272978,
2.444,0.0049558934,
2.44425,-0.0009366220,
2.4445,0.0134424064,
2.44475,0.0107082548,
2.445,0.0087450175,
2.44525,0.0076040896,
2.4455,0.0239657797,
2.44575,0.0051898272,
2.446,-0.0127278715,
2.44625,0.0091130119,
2.4465,0.0161307268,
2.44675,-0.0068453704,
2.447,-0.0008207746,
2.44725,-0.0048595346,
2.4475,0.0086443610,
2.44775,-0.0141501427,
2.448,-0.0100136874,
2.44825,0.0015104866,
2.4485,0.0073321238,
2.44875,0.0067915786,
2.449,0.0180324055,
2.44925,0.0058777793,
2.4495,0.0128724566,
2.44975,0.0114993304,
2.45,0.0225579832,
2.45025,0.0027658965,
2.4505,-0.0065580355,
2.45075,0.0079086060,
2.451,-0.0014809043,
2.45125,-0.0058863275,
2.4515,0.0004892250,
2.45175,0.0078914613,
2.452,0.0081922887,
2.45225,-0.0047927597,
2.4525,-0.0049303290,
2.45275,0.0229534507,
2.453,-0.0112051293,
2.45325,-0.0025935792,
2.4535,0.0128128156,
2.45375,0.0105962381,
2.454,-0.0078465771,
2.45425,-0.0039833733,
2.4545,0.0203403719,
2.45475,0.0011701540,
2.455,-0.0021346365,
2.45525,0.0237605087,
2.4555,0.0077296067,
2.45575,-0.0200050287,
2.456,0.0024007061,
2.45625,0.0151730143,
2.4565,-0.0076081674,
2.45675,-0.0090073487,
2.457,0.0012111664,
2.45725,0.0034693074,
2.4575,-0.0240577366,
2.45775,-0.0079458179,
2.458,0.0061148806,
2.45825,-0.0077883694,
2.4585,0.0106490944,
2.45875,-0.0007469432,
2.459,0.0043843091,
2.45925,-0.0002172127,
2.4595,-0.0002648018,
2.45975,-0.0006139838,
2.46,-0.0060927905,
2.46025,-0.0066373865,
2.4605,-0.0042561842,
2.46075,-0.0044094212,
2.461,0.0013175530,
2.46125,-0.0228104908,
2.4615,0.0057430565,
2.46175,0.0023480833,
2.462,-0.0081010638,
2.46225,-0.0105075799,
2.4625,0.0028829498,
2.46275,0.0001728999,
2.463,-0.0096286777,
2.46325,0.0006378210,
2.4635,0.0249669366,
2.46375,-0.0006047090,
2.464,-0.0043900274,
2.46425,0.0154187363,
2.4645,0.0119699929,
2.46475,-0.0046425797,
2.465,0.0094384756,
2.46525,0.0192825906,
2.4655,-0.0040784385,
2.46575,-0.0173806977,
2.466,0.0134370988,
2.46625,-0.0041974089,
2.4665,-0.0203072075,
2.46675,-0.0038854433,
2.467,-0.0001866163,
2.46725,-0.0008720048,
2.4675,-0.0169777963,
2.46775,0.0027302979,
2.468,-0.0033509033,
2.46825,0.0037572219,
2.4685,0.0015454665,
2.46875,0.0048879730,
2.469,0.0144143021,
2.46925,0.0118352463,
2.4695,0.0070512854,
2.46975,0.0088757686,
2.47,-0.0029921094,
2.47025,-0.0008991248,
2.4705,0.0054830331,
2.47075,0.0022560074,
2.471,-0.0107897166,
2.47125,-0.0029284097,
2.4715,0.0044012866,
2.47175,0.0014944741,
2.472,-0.0056840060,
2.47225,-0.0015099030,
2.4725,0.0149731850,
2.47275,0.0004141045,
2.473,0.0064896755,
2.47325,0.0154962968,
2.4735,0.0210799854,
2.47375,-0.0003870351,
2.474,0.0142671410,
2.47425,0.0145952972,
2.4745,0.0171328131,
2.47475,0.0040806751,
2.475,0.0152614079,
2.47525,0.0154729057,
2.4755,-0.0037333784,
2.47575,0.0085776951,
2.476,0.0167104676,
2.47625,-0.0031158060,
2.4765,0.0034059517,
2.47675,0.0025728436,
2.477,0.0023445445,
2.47725,-0.0271328241,
2.4775,-0.0051379334,
2.47775,0.0092513366,
2.478,0.0101920636,
2.47825,0.0126549834,
2.4785,0.0098939463,
2.47875,0.0226443708,
2.479,0.0057587642,
2.47925,-0.0000906232,
2.4795,0.0161333028,
2.47975,0.0109093869,
2.48,-0.0112920944,
2.48025,0.0085640382,
2.4805,0.0161800645,
2.48075,-0.0000301280,
2.481,-0.0102225551,
2.48125,0.0142330956,
2.4815,0.0094909370,
2.48175,0.0023622210,
2.482,-0.0039304569,
2.48225,0.0097851008,
2.4825,0.0050199102,
2.48275,0.0060234657,
2.483,0.0116733406,
2.48325,0.0257871747,
2.4835,0.0080454405,
2.48375,0.0067252801,
2.484,0.0118697984,
2.48425,0.0135158468,
2.4845,0.0031385864,
2.48475,0.0099212909,
2.485,0.0167654753,
2.48525,-0.0031118994,
2.4855,-0.0046803998,
2.48575,0.0069281058,
2.486,0.0012616501,
2.48625,0.0064466018,
2.4865,-0.0054624467,
2.48675,0.0063752267,
2.487,0.0022279022,
2.48725,-0.0046121813,
2.4875,-0.0054468843,
2.48775,-0.0001349813,
2.488,0.0012157790,
2.48825,-0.0105651952,
2.4885,0.0120269395,
2.48875,0.0153969321,
2.489,0.0042899898,
2.48925,0.0038872834,
2.4895,0.0054135108,
2.48975,-0.0069807395,
2.49,-0.0022021721,
2.49025,0.0002913286,
2.4905,-0.0079514440,
2.49075,-0.0124702305,
2.491,-0.0015406752,
2.49125,0.0071167476,
2.4915,0.0084452322,
2.49175,-0.0168093331,
2.492,-0.0050522797,
2.49225,0.0024936935,
2.4925,0.0115242768,
2.49275,-0.0047949287,
2.493,0.0051110489,
2.49325,0.0193572268,
2.4935,-0.0014259568,
2.49375,-0.0033027681,
2.494,0.0182439219,
2.49425,0.0099012544,
2.4945,-0.0052466174,
2.49475,0.0086532440,
2.495,0.0041935286,
2.49525,-0.0081286812,
2.4955,-0.0046545365,
2.49575,0.0035842126,
2.496,-0.0200786702,
2.49625,-0.0250667166,
2.4965,-0.0047493628,
2.49675,-0.0200684257,
2.497,-0.0297828242,
2.49725,-0.0032846816,
2.4975,-0.0111694112,
2.49775,0.0093344143,
2.498,-0.0046748621,
2.49825,0.0104021318,
2.4985,-0.0048436252,
2.49875,-0.0143855950,
2.499,0.0048915893,
2.49925,-0.0032026812,
2.4995,-0.0040155654,
2.49975,-0.0050990274,
2.5,-0.0052121868,
2.50025,0.0040907562,
2.5005,-0.0047818702,
2.50075,-0.0138983577,
2.501,0.0000055383,
2.50125,0.0008034462,
2.5015,0.0120738577,
2.50175,-0.0183407329,
2.502,-0.0010345129,
2.50225,0.0187960379,
2.5025,-0.0055656191,
2.50275,-0.0022089488,
2.503,0.0232133493,
2.50325,0.0027267709,
2.5035,-0.0035210527,
2.50375,0.0004903018,
2.504,0.0231532641,
2.50425,0.0000105762,
2.5045,0.0040620244,
2.50475,0.0115899891,
2.505,-0.0154815856,
2.50525,-0.0135999583,
2.5055,0.0003169365,
2.50575,0.0008943018,
2.506,-0.0072099622,
2.50625,-0.0118901758,
2.5065,0.0032753870,
2.50675,-0.0089003798,
2.507,-0.0136322891,
2.50725,-0.0090329256,
2.5075,0.0083075296,
2.50775,-0.0150593799,
2.508,0.0028444221,
2.50825,0.0052939337,
2.5085,0.0036943485,
2.50875,-0.0025452627,
2.509,-0.0045610941,
2.50925,-0.0000633837,
2.5095,-0.0095956856,
2.50975,0.0011375942,
2.51,-0.0138222836,
2.51025,-0.0117420834,
2.5105,0.0010998569,
2.51075,0.0031942781,
2.511,0.0034978976,
2.51125,0.0185463689,
2.5115,-0.0143284258,
2.51175,-0.0037466690,
2.512,0.0066370480,
2.51225,0.0174569227,
2.5125,-0.0058991280,
2.51275,0.0088890269,
2.513,0.0247177128,
2.51325,0.0026295662,
2.5135,0.0035348360,
2.51375,0.0217004865,
2.514,0.0079755895,
2.51425,0.0053227465,
2.5145,0.0021680950,
2.51475,-0.0041046655,
2.515,-0.0002965530,
2.51525,0.0004913463,
2.5155,-0.0185622443,
2.51575,-0.0038782433,
2.516,-0.0129611250,
2.51625,0.0040759929,
2.5165,-0.0138849439,
2.51675,-0.0142831858,
2.517,-0.0071407477,
2.51725,-0.0043299114,
2.5175,0.0167897493,
2.51775,-0.0057618786,
2.518,0.0014053609,
2.51825,-0.0017959416,
2.5185,0.0030317178,
2.51875,-0.0076133641,
2.519,0.0038099857,
2.51925,0.0043815072,
2.5195,0.0025889811,
2.51975,-0.0067906724,
2.52,0.0140691279,
2.52025,-0.0175091010,
2.5205,-0.0246107746,
2.52075,0.0029952428,
2.521,0.0104554603,
2.52125,-0.0025206567,
2.5215,-0.0133515671,
2.52175,0.0008397165,
2.522,0.0070818835,
2.52225,-0.0087231882,
2.5225,0.0007281936,
2.52275,0.0095717954,
2.523,0.0013140335,
2.52325,-0.0058862702,
2.5235,-0.0037289760,
2.52375,-0.0032264658,
2.524,0.0004444323,
2.52425,-0.0000549590,
2.5245,-0.0217276048,
2.52475,-0.0169813614,
2.525,-0.0100551341,
2.52525,-0.0146765467,
2.5255,0.0028902208,
2.52575,-0.0028302325,
2.526,-0.0118064061,
2.52625,-0.0134913987,
2.5265,-0.0219029151,
2.52675,-0.0221528672,
2.527,-0.0243916586,
2.52725,-0.0028470242,
2.5275,-0.0169740804,
2.52775,-0.0083380081,
2.528,-0.0053801294,
2.52825,-0.0029707679,
2.5285,-0.0069036945,
2.52875,-0.0014243253,
2.529,-0.0084824562,
2.52925,0.0023739766,
2.5295,-0.0159976240,
2.52975,-0.0091036167,
2.53,-0.0215411372,
2.53025,-0.0002244174,
2.5305,-0.0158365462,
2.53075,-0.0118199699,
2.531,0.0009570745,
2.53125,-0.0157216676,
2.5315,-0.0124428775,
2.53175,-0.0063363360,
2.532,0.0031981876,
2.53225,-0.0030521802,
2.5325,-0.0067885462,
2.53275,0.0129476711,
2.533,-0.0073667779,
2.53325,-0.0160283428,
2.5335,0.0015407022,
2.53375,0.0082445657,
2.534,-0.0139813954,
2.53425,-0.0155031411,
2.5345,-0.0060883439,
2.53475,-0.0130868712,
2.535,-0.0129128294,
2.53525,-0.0160124414,
2.5355,0.0000971483,
2.53575,-0.0128414473,
2.536,-0.0106574772,
2.53625,-0.0289980415,
2.5365,-0.0277804937,
2.53675,-0.0217403267,
2.537,-0.0014385137,
2.53725,-0.0023186724,
2.5375,-0.0050291577,
2.53775,-0.0023743901,
2.538,0.0023786793,
2.53825,0.0024783683,
2.5385,-0.0007959068,
2.53875,0.0013939374,
2.539,-0.0069291787,
2.53925,0.0002383140,
2.5395,0.0024454053,
2.53975,-0.0141756255,
2.54,-0.0108212773,
2.54025,0.0008761088,
2.5405,-0.0094358325,
2.54075,0.0056304587,
2.541,0.0028987420,
2.54125,0.0023954459,
2.5415,-0.0066471808,
2.54175,0.0081829363,
2.542,0.0093166633,
2.54225,-0.0099379336,
2.5425,0.0084556937,
2.54275,0.0189156421,
2.543,-0.0108182542,
2.54325,0.0033285792,
2.5435,0.0134702781,
2.54375,0.0110288113,
2.544,-0.0037070154,
2.54425,-0.0039032798,
2.5445,0.0066698943,
2.54475,-0.0055667828,
2.545,-0.0021640752,
2.54525,0.0176335052,
2.5455,-0.0111415852,
2.54575,-0.0086907223,
2.546,-0.0153788785,
2.54625,-0.0051611993,
2.5465,-0.0220644865,
2.54675,-0.0112796994,
2.547,0.0071431417,
2.54725,0.0099226609,
2.5475,0.0084565496,
2.54775,0.0066049998,
2.548,0.0173622612,
2.54825,0.0202536490,
2.5485,0.0049472032,
2.54875,0.0009153392,
2.549,0.0178142041,
2.54925,0.0023938578,
2.5495,0.0026556752,
2.54975,-0.0009592965,
2.55,0.0125939865,
2.55025,-0.0085518714,
2.5505,0.0081199836,
2.55075,0.0106244441,
2.551,0.0096852444,
2.55125,0.0017440023,
2.5515,0.0102470964,
2.55175,0.0222272146,
2.552,0.0110738333,
2.55225,0.0114275794,
2.5525,0.0158802718,
2.55275,0.0153479651,
2.553,0.0067337994,
2.55325,0.0088711753,
2.5535,0.0312430505,
2.55375,0.0032022591,
2.554,0.0028600267,
2.55425,0.0071953256,
2.5545,0.0039207279,
2.55475,0.0035037240,
2.555,0.0067836596,
2.55525,0.0080303047,
2.5555,0.0160421040,
2.55575,-0.0134862857,
2.556,-0.0139310909,
2.55625,-0.0069526769,
2.5565,-0.0254732203,
2.55675,0.0097339461,
2.557,0.0105043482,
2.55725,0.0246698596,
2.5575,0.0028074952,
2.55775,0.0122715989,
2.558,0.0269787107,
2.55825,0.0096803540,
2.5585,-0.0011142183,
2.55875,0.0153843779,
2.559,0.0096785752,
2.55925,0.0009100833,
2.5595,-0.0101887388,
2.55975,0.0126549713,
2.56,0.0069174459,
2.56025,-0.0048826649,
2.5605,0.0114933783,
2.56075,0.0079159709,
2.561,0.0011120948,
2.56125,0.0019191448,
2.5615,0.0005454502,
2.56175,0.0065311394,
2.562,-0.0008300921,
2.56225,0.0101681557,
2.5625,0.0097621027,
2.56275,0.0041576587,
2.563,0.0014329064,
2.56325,0.0162881073,
2.5635,0.0081618726,
2.56375,-0.0049357573,
2.564,-0.0034600962,
2.56425,-0.0142679904,
2.5645,-0.0077602742,
2.56475,-0.0169776920,
2.565,-0.0005339346,
2.56525,-0.0214168727,
2.5655,-0.0175727513,
2.56575,-0.0082607083,
2.566,0.0019712539,
2.56625,-0.0108713787,
2.5665,-0.0118689053,
2.56675,0.0059885848,
2.567,0.0132346814,
2.56725,0.0018285128,
2.5675,0.0016159109,
2.56775,0.0120052844,
2.568,0.0098600378,
2.56825,-0.0134155825,
2.5685,0.0047557200,
2.56875,0.0017771091,
2.569,0.0030729501,
2.56925,-0.0135589214,
2.5695,-0.0032024635,
2.56975,0.0046107681,
2.57,-0.0114934575,
2.57025,-0.0020882019,
2.5705,-0.0157653186,
2.57075,0.0051996713,
2.571,-0.0164350327,
2.57125,-0.0035867130,
2.5715,0.0091069592,
2.57175,0.0099281110,
2.572,-0.0116511881,
2.57225,-0.0002716468,
2.5725,0.0081112748,
2.57275,-0.0102095101,
2.573,-0.0136588775,
2.57325,0.0086572524,
2.5735,-0.0129302479,
2.57375,-0.0135122938,
2.574,-0.0075323349,
2.57425,0.0023222154,
2.5745,-0.0215458684,
2.57475,-0.0113139506,
2.575,0.0064109168,
2.57525,-0.0085939942,
2.5755,-0.0301816761,
2.57575,-0.0038358951,
2.576,-0.0281805173,
2.57625,-0.0190261826,
2.5765,0.0014765200,
2.57675,0.0017639776,
2.577,0.0066138804,
2.57725,-0.0061583742,
2.5775,0.0111424308,
2.57775,0.0108974418,
2.578,0.0001189791,
2.57825,0.0000434666,
2.5785,-0.0004565392,
2.57875,0.0062565356,
2.579,0.0007909406,
2.57925,-0.0148182632,
2.5795,0.0036047027,
2.57975,0.0036792469,
2.58,-0.0084388051,
2.58025,-0.0169509556,
2.5805,0.0070541822,
2.58075,-0.0007807881,
2.581,-0.0142302327,
2.58125,-0.0032842541,
2.5815,0.0067029060,
2.58175,-0.0017817313,
2.582,-0.0026912969,
2.58225,0.0209879726,
2.5825,0.0047074216,
2.58275,-0.0073820334,
2.583,0.0120129045,
2.58325,0.0121819526,
2.5835,-0.0075504608,
2.58375,-0.0008360323,
2.584,-0.0043779179,
2.58425,-0.0071754213,
2.5845,-0.0025954938,
2.58475,0.0041072099,
2.585,-0.0094384765,
2.58525,-0.0155307492,
2.5855,-0.0034112884,
2.58575,0.0160084609,
2.586,-0.0177735649,
2.58625,-0.0017313324,
2.5865,0.0188910272,
2.58675,0.0062048361,
2.587,0.0104087256,
2.58725,0.0145924659,
2.5875,0.0153893251,
2.58775,0.0177027993,
2.588,0.0000504481,
2.58825,0.0077804988,
2.5885,0.0097520724,
2.58875,0.0190866292,
2.589,-0.0091123376,
2.58925,0.0069337720,
2.5895,0.0082819527,
2.58975,0.0098148733,
2.59,-0.0050774198,
2.59025,0.0029556942,
2.5905,0.0057736868,
2.59075,-0.0041187434,
2.591,0.0128890388,
2.59125,0.0191339459,
2.5915,0.0265147351,
2.59175,-0.0016198289,
2.592,0.0114584733,
2.59225,0.0146908732,
2.5925,-0.0009781929,
2.59275,0.0065522594,
2.593,0.0100212311,
2.59325,0.0075238622,
2.5935,0.0044641942,
2.59375,-0.0015885870,
2.594,0.0170382373,
2.59425,0.0034136167,
2.5945,0.0048277676,
2.59475,0.0114148092,
2.595,-0.0136085972,
2.59525,-0.0132071991,
2.5955,-0.0137222391,
2.59575,-0.0048828525,
2.596,0.0149229504,
2.59625,0.0016916303,
2.5965,0.0131002124,
2.59675,0.0237910189,
2.597,-0.0001841197,
2.59725,0.0162871704,
2.5975,0.0229471326,
2.59775,0.0161519572,
2.598,-0.0003533395,
2.59825,0.0023021481,
2.5985,0.0213310905,
2.59875,-0.0061333016,
2.599,-0.0096121812,
2.59925,0.0045177904,
2.5995,0.0002359336,
2.59975,-0.0038857539,
2.6,-0.0151448743,
2.60025,0.0041564736,
2.6005,0.0051250905,
2.60075,-0.0052657910,
2.601,0.0065352260,
2.60125,0.0088355541,
2.6015,0.0029903986,
2.60175,0.0087708132,
2.602,0.0073322309,
2.60225,0.0097532403,
2.6025,0.0059345947,
2.60275,0.0037233604,
2.603,0.0167173538,
2.60325,0.0013372907,
2.6035,-0.0037612000,
2.60375,-0.0194035135,
2.604,-0.0024512594,
2.60425,0.0029685688,
2.6045,-0.0111467680,
2.60475,0.0004944789,
2.605,0.0000398382,
2.60525,-0.0115987118,
2.6055,-0.0056633265,
2.60575,-0.0226084720,
2.606,-0.0066288118,
2.60625,0.0009105125,
2.6065,0.0024563125,
2.60675,0.0065084873,
2.607,-0.0023069337,
2.60725,0.0133396946,
2.6075,0.0094679985,
2.60775,0.0057369135,
2.608,-0.0093409102,
2.60825,0.0025673718,
2.6085,0.0070364266,
2.60875,-0.0197487976,
2.609,-0.0009504927,
2.60925,-0.0007651545,
2.6095,0.0047795810,
2.60975,-0.0189130194,
2.61,-0.0105652623,
2.61025,-0.0012306569,
2.6105,0.0029901406,
2.61075,-0.0161378477,
2.611,-0.0002759527,
2.61125,0.0110919345,
2.6115,-0.0090757022,
2.61175,-0.0076232734,
2.612,0.0066841003,
2.61225,-0.0021708300,
2.6125,-0.0068468610,
2.61275,-0.0033158083,
2.613,0.0102652963,
2.61325,-0.0111805070,
2.6135,-0.0162768308,
2.61375,0.0054555829,
2.614,-0.0195187982,
2.61425,-0.0161175504,
2.6145,-0.0012311961,
2.61475,-0.0186582915,
2.615,-0.0191895925,
2.61525,-0.0132654039,
2.6155,0.0018021548,
2.61575,0.0024172440,
2.616,-0.0050815558,
2.61625,0.0059713963,
2.6165,0.0053552124,
2.61675,-0.0030258861,
2.617,0.0126088364,
2.61725,0.0019972143,
2.6175,-0.0022409433,
2.61775,-0.0020268743,
2.618,-0.0034634464,
2.61825,0.0001113132,
2.6185,-0.0031918068,
2.61875,-0.0100538172,
2.619,-0.0071310536,
2.61925,0.0125063760,
2.6195,-0.0081757428,
2.61975,-0.0250658803,
2.62,0.0002820721,
2.62025,0.0105889412,
2.6205,-0.0120090228,
2.62075,-0.0077912016,
2.621,0.0158569980,
2.62125,0.0065397616,
2.6215,-0.0097800754,
2.62175,0.0083023757,
2.622,0.0153557817,
2.62225,-0.0036178418,
2.6225,-0.0034315975,
2.62275,0.0203257129,
2.623,-0.0036938009,
2.62325,-0.0176358148,
2.6235,-0.0100133950,
2.62375,0.0072888453,
2.624,-0.0060352748,
2.62425,-0.0077184262,
2.6245,0.0020663086,
2.62475,0.0026313965,
2.625,-0.0058678174,
2.62525,-0.0138185462,
2.6255,-0.0134405578,
2.62575,-0.0023328934,
2.626,0.0019607597,
2.62625,0.0057442226,
2.6265,-0.0015334024,
2.62675,0.0058304216,
2.627,0.0083824098,
2.62725,0.0094978567,
2.6275,0.0053684576,
2.62775,-0.0032989541,
2.628,0.0048567946,
2.62825,-0.0029245529,
2.6285,-0.0006196168,
2.62875,-0.0086363098,
2.629,0.0052867243,
2.62925,-0.0019088960,
2.6295,-0.0077216392,
2.62975,-0.0102034342,
2.63,0.0088235335,
2.63025,0.0105324378,
2.6305,-0.0196103044,
2.63075,-0.0001835141,
2.631,0.0132386871,
2.63125,0.0004688107,
2.6315,-0.0076101180,
2.63175,0.0121881049,
2.632,0.0022774176,
2.63225,-0.0066276635,
2.6325,0.0037128944,
2.63275,0.0115274070,
2.633,-0.0061692069,
2.63325,-0.0098846182,
2.6335,-0.0021536918,
2.63375,-0.0059903068,
2.634,-0.0086540887,
2.63425,-0.0069131060,
2.6345,-0.0073452573,
2.63475,-0.0025524138,
2.635,-0.0238908846,
2.63525,-0.0004289098,
2.6355,0.0034581337,
2.63575,-0.0031816126,
2.636,-0.0016567793,
2.63625,0.0055924440,
2.6365,0.0081750685,
2.63675,-0.0061365459,
2.637,0.0048038685,
2.63725,0.0073325308,
2.6375,-0.0054941191,
2.63775,-0.0053437012,
2.638,0.0027134954,
2.63825,-0.0049442165,
2.6385,-0.0189264528,
2.63875,-0.0026203587,
2.639,0.0115212295,
2.63925,-0.0164082274,
2.6395,-0.0108133387,
2.63975,0.0053035188,
2.64,0.0080275172,
2.64025,-0.0054484238,
2.6405,0.0034898771,
2.64075,0.0121347653,
2.641,0.0101536475,
2.64125,0.0021284251,
2.6415,0.0075159436,
2.64175,0.0060424684,
2.642,0.0074939984,
2.64225,-0.0018671846,
2.6425,0.0011982149,
2.64275,0.0006931464,
2.643,-0.0073462161,
2.64325,-0.0076317666,
2.6435,0.0212545060,
2.64375,-0.0020362502,
2.644,-0.0070896083,
2.64425,-0.0006874765,
2.6445,0.0006939672,
2.64475,-0.0037568943,
2.645,-0.0204177219,
2.64525,0.0033743165,
2.6455,0.0082960166,
2.64575,-0.0034708823,
2.646,0.0022561313,
2.64625,0.0136406822,
2.6465,0.0130561497,
2.64675,0.0038680413,
2.647,0.0121696442,
2.64725,0.0105251279,
2.6475,-0.0046522086,
2.64775,0.0049379864,
2.648,0.0009275729,
2.64825,-0.0043965904,
2.6485,-0.0014972261,
2.64875,0.0070196912,
2.649,0.0006697553,
2.64925,0.0049859374,
2.6495,-0.0153943291,
2.64975,0.0101990253,
2.65,0.0084202075,
2.65025,-0.0063201045,
2.6505,0.0029471053,
2.65075,0.0197011791,
2.651,0.0025031427,
2.65125,-0.0043258602,
2.6515,0.0103772758,
2.65175,0.0213539489,
2.652,-0.0058702589,
2.65225,0.0071129929,
2.6525,0.0232121330,
2.65275,-0.0051612542,
2.653,-0.0014550956,
2.65325,0.0104778353,
2.6535,0.0067786137,
2.65375,-0.0085390536,
2.654,-0.0029242323,
2.65425,0.0005465760,
2.6545,-0.0101046069,
2.65475,-0.0199319422,
2.655,0.0149852913,
2.65525,0.0021250516,
2.6555,0.0088262316,
2.65575,0.0086206105,
2.656,0.0110200187,
2.65625,-0.0055602244,
2.6565,0.0026486497,
2.65675,0.0011527549,
2.657,0.0019311116,
2.65725,-0.0022935562,
2.6575,-0.0029032044,
2.65775,-0.0042303889,
2.658,0.0112578981,
2.65825,0.0026698646,
2.6585,-0.0056918524,
2.65875,0.0083666947,
2.659,0.0057969033,
2.65925,-0.0110706687,
2.6595,0.0036488126,
2.65975,0.0157546774,
2.66,0.0037548719,
2.66025,-0.0057075121,
2.6605,0.0171195362,
2.66075,0.0198235344,
2.661,-0.0097075412,
2.66125,0.0099227913,
2.6615,0.0250619054,
2.66175,0.0018537799,
2.662,0.0029084329,
2.66225,0.0160364415,
2.6625,0.0071295006,
2.66275,-0.0112055261,
2.663,-0.0002222420,
2.66325,0.0217712261,
2.6635,-0.0069283070,
2.66375,-0.0076488145,
2.664,-0.0031149480,
2.66425,-0.0089327795,
2.6645,-0.0129001131,
2.66475,-0.0118745854,
2.665,0.0063641830,
2.66525,0.0077019827,
2.6655,-0.0066725123,
2.66575,0.0098016802,
2.666,0.0094952863,
2.66625,0.0082111079,
2.6665,-0.0006863106,
2.66675,0.0011856060,
2.667,-0.0041573346,
2.66725,-0.0024836818,
2.6675,-0.0003505753,
2.66775,-0.0087220492,
2.668,-0.0021872998,
2.66825,-0.0005541252,
2.6685,0.0010644372,
2.66875,0.0072702412,
2.669,0.0042010802,
2.66925,-0.0159935262,
2.6695,0.0069058780,
2.66975,0.0111484565,
2.67,0.0000989466,
2.67025,0.0073025650,
2.6705,0.0152627006,
2.67075,0.0019419944,
2.671,-0.0006119817,
2.67125,0.0048400778,
2.6715,0.0243210346,
2.67175,0.0021697578,
2.672,0.0075241746,
2.67225,-0.0011582216,
2.6725,-0.0087625375,
2.67275,0.0030200554,
2.673,0.0022729002,
2.67325,-0.0016589807,
2.6735,-0.0011480014,
2.67375,-0.0080140727,
2.674,0.0043207258,
2.67425,-0.0119472314,
2.6745,-0.0081572225,
2.67475,-0.0011982488,
2.675,0.0141334869,
2.67525,0.0094055058,
2.6755,-0.0005453863,
2.67575,-0.0013844477,
2.676,-0.0060173003,
2.67625,0.0012490841,
2.6765,-0.0077304123,
2.67675,0.0116636883,
2.677,0.0025347972,
2.67725,0.0010727152,
2.6775,0.0062884614,
2.67775,0.0198009983,
2.678,-0.0090099415,
2.67825,0.0001398726,
2.6785,0.0124040581,
2.67875,-0.0024973736,
2.679,-0.0073203635,
2.67925,-0.0000238463,
2.6795,0.0091002770,
2.67975,0.0064510065,
2.68,0.0075844158,
2.68025,0.0164875276,
2.6805,0.0146805923,
2.68075,0.0119205806,
2.681,0.0086131059,
2.68125,0.0239681304,
2.6815,0.0089202803,
2.68175,0.0075794272,
2.682,0.0111410841,
2.68225,-0.0108100213,
2.6825,-0.0059533035,
2.68275,0.0045565329,
2.683,0.0048094271,
2.68325,0.0061100158,
2.6835,-0.0040247198,
2.68375,-0.0073359627,
2.684,0.0012686207,
2.68425,-0.0076689469,
2.6845,-0.0152958175,
2.68475,0.0065799565,
2.685,0.0014120028,
2.68525,-0.0119938254,
2.6855,0.0023649093,
2.68575,0.0073021566,
2.686,0.0046654455,
2.68625,-0.0112788761,
2.6865,0.0059693917,
2.68675,-0.0064175809,
2.687,-0.0024174328,
2.68725,-0.0155098550,
2.6875,-0.0140315071,
2.68775,-0.0092888083,
2.688,-0.0001271702,
2.68825,-0.0079457490,
2.6885,-0.0002621717,
2.68875,-0.0035519898,
2.689,-0.0150578208,
2.68925,-0.0079889493,
2.6895,0.0105516892,
2.68975,0.0035629433,
2.69,-0.0015176430,
2.69025,0.0148649905,
2.6905,0.0119727366,
2.69075,-0.0077621867,
2.691,0.0017494240,
2.69125,0.0157246646,
2.6915,-0.0036309541,
2.69175,-0.0073402557,
2.692,-0.0137895066,
2.69225,-0.0069535486,
2.6925,-0.0119654732,
2.69275,-0.0100215897,
2.693,-0.0017230364,
2.69325,-0.0125365881,
2.6935,-0.0038389405,
2.69375,-0.0043206210,
2.694,-0.0239125248,
2.69425,-0.0121688209,
2.6945,-0.0032500890,
2.69475,0.0089147566,
2.695,-0.0023467385,
2.69525,-0.0008464953,
2.6955,-0.0043981662,
2.69575,-0.0069758985,
2.696,-0.0107115302,
2.69625,-0.0042904909,
2.6965,-0.0117504699,
2.69675,0.0005240355,
2.697,-0.0054458161,
2.69725,-0.0074903695,
2.6975,-0.0081939558,
2.69775,-0.0174062122,
2.698,-0.0094478028,
2.69825,-0.0027358371,
2.6985,0.0062058819,
2.69875,-0.0075522810,
2.699,-0.0127586778,
2.69925,0.0091764200,
2.6995,0.0029107698,
2.69975,-0.0073919455,
2.7,0.0019568352,
2.70025,0.0127009200,
2.7005,0.0003387213,
2.70075,-0.0146883866,
2.701,0.0109544061,
2.70125,0.0039946074,
2.7015,-0.0024403655,
2.70175,-0.0000861867,
2.702,-0.0154806934,
2.70225,-0.0061981436,
2.7025,0.0050829635,
2.70275,0.0098004770,
2.703,0.0014705702,
2.70325,-0.0115554212,
2.7035,0.0047612884,
2.70375,-0.0217323489,
2.704,-0.0106827784,
2.70425,-0.0157882199,
2.7045,0.0027190035,
2.70475,-0.0059328731,
2.705,0.0009349262,
2.70525,-0.0021108144,
2.7055,0.0014482090,
2.70575,-0.0070669027,
2.706,0.0006204695,
2.70625,0.0004699609,
2.7065,-0.0023773252,
2.70675,0.0068017929,
2.707,-0.0075937225,
2.70725,-0.0044124923,
2.7075,0.0008207968,
2.70775,0.0056376546,
2.708,-0.0123391394,
2.70825,0.0102058053,
2.7085,-0.0028623084,
2.70875,-0.0081286170,
2.709,-0.0041613816,
2.70925,0.0141593711,
2.7095,0.0088823931,
2.70975,-0.0038806819,
2.71,0.0160570703,
2.71025,0.0142365778,
2.7105,-0.0010640930,
2.71075,0.0093708737,
2.711,0.0097797960,
2.71125,0.0118886596,
2.7115,-0.0029084331,
2.71175,-0.0117891263,
2.712,-0.0042046183,
2.71225,-0.0077537820,
2.7125,-0.0151028903,
2.71275,0.0038129147,
2.713,-0.0007863179,
2.71325,0.0014100584,
2.7135,-0.0299680065,
2.71375,-0.0139461812,
2.714,0.0009479732,
2.71425,-0.0081033800,
2.7145,0.0141807469,
2.71475,0.0126001351,
2.715,-0.0050540809,
2.71525,0.0006730732,
2.7155,0.0128380572,
2.71575,0.0006647889,
2.716,-0.0075953510,
2.71625,-0.0032639806,
2.7165,0.0106818592,
2.71675,-0.0058359145,
2.717,-0.0074283867,
2.71725,-0.0129166618,
2.7175,-0.0110605303,
2.71775,-0.0074234861,
2.718,0.0039594388,
2.71825,0.0029190979,
2.7185,-0.0024006751,
2.71875,-0.0069817062,
2.719,0.0047711893,
2.71925,-0.0006133862,
2.7195,-0.0025467968,
2.71975,0.0043589594,
2.72,0.0059294160,
2.72025,0.0003519605,
2.7205,0.0015477240,
2.72075,0.0060296454,
2.721,0.0120621314,
2.72125,0.0045249159,
2.7215,-0.0148956990,
2.72175,-0.0150367161,
2.722,-0.0006529028,
2.72225,-0.0058905696,
2.7225,-0.0119688306,
2.72275,-0.0105655566,
2.723,-0.0144538414,
2.72325,-0.0216934420,
2.7235,-0.0151101453,
2.72375,-0.0106287831,
2.724,-0.0255218185,
2.72425,-0.0005903349,
2.7245,-0.0062124114,
2.72475,-0.0028052458,
2.725,-0.0192356799,
2.72525,-0.0025201752,
2.7255,-0.0035343783,
2.72575,-0.0023924056,
2.726,-0.0227941573,
2.72625,-0.0011921042,
2.7265,-0.0026110453,
2.72675,-0.0100348182,
2.727,-0.0094662579,
2.72725,0.0067919809,
2.7275,-0.0124761779,
2.72775,-0.0184933022,
2.728,0.0001055158,
2.72825,-0.0084298551,
2.7285,-0.0084532276,
2.72875,-0.0130377505,
2.729,0.0056309635,
2.72925,0.0072298637,
2.7295,-0.0097789532,
2.72975,0.0002878017,
2.73,0.0018820425,
2.73025,-0.0049523069,
2.7305,-0.0067978310,
2.73075,0.0069285221,
2.731,0.0035515809,
2.73125,-0.0251445472,
2.7315,-0.0184386484,
2.73175,-0.0014420964,
2.732,-0.0192057602,
2.73225,-0.0227695983,
2.7325,0.0081424871,
2.73275,-0.0027689259,
2.733,-0.0131070660,
2.73325,-0.0256906040,
2.7335,-0.0096136760,
2.73375,-0.0250759572,
2.734,-0.0021763321,
2.73425,0.0014200709,
2.7345,0.0007466329,
2.73475,-0.0025948731,
2.735,0.0050986381,
2.73525,0.0018249750,
2.7355,0.0073385322,
2.73575,-0.0046123136,
2.736,-0.0044703973,
2.73625,-0.0034738271,
2.7365,-0.0053904587,
2.73675,-0.0115514630,
2.737,-0.0235007126,
2.73725,0.0027906557,
2.7375,-0.0105189942,
2.73775,-0.0123294704,
2.738,0.0024351405,
2.73825,0.0092204288,
2.7385,-0.0156258028,
2.73875,-0.0046977848,
2.739,0.0136109255,
2.73925,0.0033589937,
2.7395,-0.0166864861,
2.73975,0.0151991798,
2.74,0.0054250406,
2.74025,-0.0103311902,
2.7405,0.0068148021,
2.74075,0.0151938312,
2.741,-0.0060947658,
2.74125,-0.0140528763,
2.7415,-0.0069213896,
2.74175,0.0007762810,
2.742,-0.0184950363,
2.74225,0.0047217878,
2.7425,-0.0140283862,
2.74275,-0.0128408056,
2.743,-0.0105408160,
2.74325,-0.0001397524,
2.7435,-0.0109820329,
2.74375,-0.0131384833,
2.744,0.0068772449,
2.74425,0.0097397659,
2.7445,0.0085307024,
2.74475,0.0068981196,
2.745,0.0144745819,
2.74525,0.0147207063,
2.7455,0.0121743465,
2.74575,-0.0001129735,
2.746,0.0067364937,
2.74625,0.0058837216,
2.7465,-0.0027075058,
2.74675,-0.0107253110,
2.747,0.0132294009,
2.74725,-0.0087856371,
2.7475,0.0056172307,
2.74775,-0.0090972204,
2.748,0.0105046369,
2.74825,0.0029178346,
2.7485,-0.0008699398,
2.74875,0.0180889741,
2.749,0.0184170175,
2.74925,0.0093847178,
2.7495,0.0070007048,
2.74975,0.0187947825,
2.75,0.0155873122,
2.75025,0.0020143245,
2.7505,0.0186763313,
2.75075,0.0124776177,
2.751,-0.0074579194,
2.75125,0.0022075083,
2.7515,0.0142054148,
2.75175,0.0093488786,
2.752,-0.0067565446,
2.75225,0.0076464247,
2.7525,0.0106254509,
2.75275,-0.0074899639,
2.753,-0.0200479440,
2.75325,0.0061974186,
2.7535,-0.0086986423,
2.75375,0.0134625528,
2.754,0.0042771986,
2.75425,0.0205418169,
2.7545,0.0160707757,
2.75475,0.0049918005,
2.755,0.0181754418,
2.75525,0.0248790942,
2.7555,-0.0104018059,
2.75575,0.0045729340,
2.756,0.0082678376,
2.75625,0.0021373127,
2.7565,-0.0195080619,
2.75675,-0.0032065951,
2.757,0.0158083085,
2.75725,0.0021921881,
2.7575,-0.0015123230,
2.75775,0.0093663055,
2.758,0.0145970695,
2.75825,-0.0048647486,
2.7585,0.0144610647,
2.75875,0.0106225647,
2.759,0.0166411474,
2.75925,-0.0057418235,
2.7595,0.0108122379,
2.75975,0.0097531294,
2.76,0.0032586586,
2.76025,0.0107851233,
2.7605,0.0162889455,
2.76075,0.0127119236,
2.761,-0.0016537155,
2.76125,0.0018003159,
2.7615,-0.0028004465,
2.76175,-0.0099337902,
2.762,-0.0024456945,
2.76225,-0.0042201523,
2.7625,0.0002036702,
2.76275,-0.0101866964,
2.763,-0.0007215462,
2.76325,-0.0017360615,
2.7635,-0.0022221718,
2.76375,0.0040754881,
2.764,0.0087042097,
2.76425,0.0216336697,
2.7645,0.0081112133,
2.76475,0.0104841739,
2.765,0.0218074918,
2.76525,0.0070157629,
2.7655,-0.0055590449,
2.76575,0.0015592448,
2.766,0.0078906780,
2.76625,-0.0094253458,
2.7665,-0.0026314135,
2.76675,0.0161655918,
2.767,-0.0030574123,
2.76725,0.0024253251,
2.7675,-0.0165631026,
2.76775,0.0137597332,
2.768,-0.0054723620,
2.76825,0.0001415571,
2.7685,0.0038933912,
2.76875,0.0119614545,
2.769,0.0056322734,
2.76925,-0.0068241130,
2.7695,0.0126637882,
2.76975,0.0166525915,
2.77,-0.0006887795,
2.77025,0.0087292222,
2.7705,0.0135950632,
2.77075,-0.0053509194,
2.771,-0.0058704494,
2.77125,0.0190057345,
2.7715,-0.0052742315,
2.77175,-0.0113062188,
2.772,0.0029118680,
2.77225,-0.0097265476,
2.7725,-0.0317325480,
2.77275,-0.0260666199,
2.773,0.0000959735,
2.77325,-0.0076786857,
2.7735,0.0101392241,
2.77375,0.0084084598,
2.774,0.0176300034,
2.77425,-0.0009633439,
2.7745,0.0097259171,
2.77475,0.0087150848,
2.775,0.0104703279,
2.77525,-0.0075439988,
2.7755,-0.0022048003,
2.77575,0.0021435935,
2.776,0.0017464434,
2.77625,-0.0037794448,
2.7765,-0.0125130871,
2.77675,0.0089807352,
2.777,0.0095946249,
2.77725,-0.0147234704,
2.7775,-0.0094690975,
2.77775,0.0126226079,
2.778,-0.0083602853,
2.77825,-0.0105951261,
2.7785,0.0104608815,
2.77875,0.0163030960,
2.779,-0.0120921172,
2.77925,0.0102269147,
2.7795,0.0192141086,
2.77975,-0.0010205855,
2.78,-0.0018581277,
2.78025,0.0282581076,
2.7805,0.0032407423,
2.78075,-0.0125592956,
2.781,-0.0032847316,
2.78125,-0.0080107413,
2.7815,-0.0136721730,
2.78175,-0.0023223248,
2.782,0.0034009465,
2.78225,-0.0021052640,
2.7825,-0.0084745660,
2.78275,0.0129758622,
2.783,-0.0131126856,
2.78325,-0.0114037916,
2.7835,-0.0033541021,
2.78375,0.0087742284,
2.784,0.0119919563,
2.78425,0.0102612767,
2.7845,0.0118926018,
2.78475,0.0116742663,
2.785,0.0079893190,
2.78525,0.0049622674,
2.7855,-0.0000167554,
2.78575,0.0151892835,
2.786,-0.0101954751,
2.78625,0.0031540336,
2.7865,0.0009782308,
2.78675,0.0114661176,
2.787,-0.0038512526,
2.78725,-0.0109236930,
2.7875,0.0049733026,
2.78775,0.0052760411,
2.788,0.0065263091,
2.78825,0.0044571101,
2.7885,0.0244464446,
2.78875,0.0043286388,
2.789,0.0019387456,
2.78925,0.0116622588,
2.7895,0.0160690919,
2.78975,0.0037229666,
2.79,0.0041950699,
2.79025,0.0131333703,
2.7905,0.0006170016,
2.79075,-0.0030729014,
2.791,0.0081559587,
2.79125,-0.0063381065,
2.7915,-0.0064642308,
2.79175,-0.0003571879,
2.792,-0.0129918605,
2.79225,-0.0243095793,
2.7925,-0.0078842659,
2.79275,-0.0078645330,
2.793,0.0101632420,
2.79325,0.0113758016,
2.7935,0.0019457734,
2.79375,0.0140916333,
2.794,0.0132748690,
2.79425,0.0016985525,
2.7945,0.0145576159,
2.79475,0.0173944440,
2.795,0.0043606861,
2.79525,0.0034704849,
2.7955,0.0200098772,
2.79575,0.0081285909,
2.796,-0.0124425115,
2.79625,0.0076349536,
2.7965,0.0110092424,
2.79675,0.0020828976,
2.797,-0.0075627468,
2.79725,-0.0001976080,
2.7975,0.0181662198,
2.79775,0.0066507189,
2.798,-0.0045497525,
2.79825,0.0186256953,
2.7985,0.0159703996,
2.79875,-0.0036668822,
2.799,0.0108406311,
2.79925,0.0128497044,
2.7995,0.0065439697,
2.79975,0.0069826012,
2.8,0.0110068694,
2.80025,-0.0033599345,
2.8005,-0.0061711157,
2.80075,-0.0139511675,
2.801,-0.0042372579,
2.80125,0.0094399145,
2.8015,0.0021933848,
2.80175,-0.0057791430,
2.802,0.0095183421,
2.80225,0.0009478684,
2.8025,-0.0123650189,
2.80275,-0.0021266970,
2.803,-0.0081569385,
2.80325,-0.0133272465,
2.8035,0.0062752706,
2.80375,0.0006984682,
2.804,0.0131529588,
2.80425,0.0014725189,
2.8045,0.0099578695,
2.80475,0.0114873406,
2.805,-0.0043146596,
2.80525,-0.0001554508,
2.8055,-0.0017328004,
2.80575,-0.0124855544,
2.806,-0.0010889608,
2.80625,-0.0021445649,
2.8065,0.0050661592,
2.80675,-0.0105557218,
2.807,-0.0081720687,
2.80725,0.0032779409,
2.8075,0.0092131021,
2.80775,-0.0000740439,
2.808,-0.0075677931,
2.80825,0.0102156252,
2.8085,0.0057003736,
2.80875,-0.0140895564,
2.809,0.0048317299,
2.80925,0.0103905713,
2.8095,-0.0050196839,
2.80975,-0.0099317534,
2.81,0.0123258345,
2.81025,-0.0021331483,
2.8105,-0.0145441536,
2.81075,-0.0095929075,
2.811,-0.0107194670,
2.81125,-0.0263129994,
2.8115,-0.0074578719,
2.81175,-0.0082342345,
2.812,-0.0321588069,
2.81225,-0.0138630020,
2.8125,-0.0135987448,
2.81275,0.0068693543,
2.813,-0.0107373334,
2.81325,-0.0067087533,
2.8135,0.0100540938,
2.81375,-0.0045890398,
2.814,0.0003774395,
2.81425,0.0095060309,
2.8145,-0.0069733388,
2.81475,0.0034158605,
2.815,-0.0045536701,
2.81525,-0.0033221724,
2.8155,-0.0027501152,
2.81575,-0.0125944912,
2.816,-0.0090050604,
2.81625,0.0002492161,
2.8165,0.0034812074,
2.81675,-0.0112902764,
2.817,-0.0219869073,
2.81725,0.0157775879,
2.8175,0.0018497307,
2.81775,-0.0155013110,
2.818,0.0081049195,
2.81825,0.0096072871,
2.8185,-0.0053015780,
2.81875,-0.0097644664,
2.819,0.0132442098,
2.81925,0.0048036110,
2.8195,-0.0112445382,
2.81975,0.0018146576,
2.82,-0.0015189776,
2.82025,-0.0232975744,
2.8205,-0.0192137230,
2.82075,0.0078961821,
2.821,0.0003665137,
2.82125,-0.0182765052,
2.8215,-0.0078785466,
2.82175,-0.0194650069,
2.822,-0.0227585919,
2.82225,-0.0272524096,
2.8225,-0.0013191856,
2.82275,-0.0082874186,
2.823,-0.0024322066,
2.82325,0.0051938416,
2.8235,-0.0012335362,
2.82375,0.0128185982,
2.824,-0.0027723406,
2.82425,0.0011019530,
2.8245,0.0122280559,
2.82475,-0.0068030418,
2.825,0.0026872209,
2.82525,-0.0116783679,
2.8255,0.0005839593,
2.82575,-0.0008149894,
2.826,-0.0087956870,
2.82625,0.0103850188,
2.8265,-0.0082339710,
2.82675,-0.0087710358,
2.827,-0.0041462975,
2.82725,0.0160885677,
2.8275,0.0021603766,
2.82775,-0.0017510618,
2.828,0.0172689054,
2.82825,0.0123343561,
2.8285,-0.0090715904,
2.82875,0.0119321831,
2.829,0.0112676146,
2.82925,0.0094944648,
2.8295,0.0010343278,
2.82975,0.0024381869,
2.83,-0.0061594592,
2.83025,-0.0030383850,
2.8305,-0.0191650055,
2.83075,0.0040365122,
2.831,-0.0102508552,
2.83125,-0.0039657452,
2.8315,-0.0155093819,
2.83175,-0.0087857842,
2.832,-0.0093271174,
2.83225,-0.0038746605,
2.8325,0.0067071272,
2.83275,0.0057910918,
2.833,-0.0032742261,
2.83325,-0.0005830050,
2.8335,0.0088758320,
2.83375,0.0012650478,
2.834,-0.0011426115,
2.83425,-0.0000702202,
2.8345,0.0142705617,
2.83475,-0.0046828771,
2.835,0.0013279419,
2.83525,0.0096056694,
2.8355,0.0010742162,
2.83575,0.0031142589,
2.836,0.0155488355,
2.83625,0.0005192013,
2.8365,-0.0125925839,
2.83675,-0.0024306732,
2.837,0.0103371236,
2.83725,-0.0001639856,
2.8375,-0.0063591003,
2.83775,0.0090385322,
2.838,0.0093078278,
2.83825,-0.0021377977,
2.8385,0.0071674101,
2.83875,0.0076595931,
2.839,0.0091023548,
2.83925,0.0046744114,
2.8395,-0.0047919992,
2.83975,-0.0073152776,
2.84,-0.0091082538,
2.84025,-0.0172054321,
2.8405,0.0057714060,
2.84075,-0.0043788743,
2.841,-0.0096238218,
2.84125,-0.0164604187,
2.8415,-0.0173130333,
2.84175,-0.0186420865,
2.842,-0.0270246118,
2.84225,-0.0059772860,
2.8425,0.0062353136,
2.84275,0.0020008646,
2.843,-0.0081804898,
2.84325,0.0044342438,
2.8435,0.0036451721,
2.84375,-0.0029066482,
2.844,-0.0024980379,
2.84425,0.0112985224,
2.8445,-0.0004693486,
2.84475,0.0002740838,
2.845,-0.0095087942,
2.84525,0.0084165605,
2.8455,-0.0092955362,
2.84575,-0.0026634065,
2.846,0.0009070816,
2.84625,-0.0042174174,
2.8465,-0.0047900686,
2.84675,-0.0049937293,
2.847,0.0079957666,
2.84725,0.0108660338,
2.8475,0.0023267879,
2.84775,0.0130575383,
2.848,0.0145995850,
2.84825,-0.0012205257,
2.8485,-0.0035221546,
2.84875,0.0186129678,
2.849,0.0105250636,
2.84925,-0.0139155965,
2.8495,0.0004769115,
2.84975,0.0008407306,
2.85,-0.0105820671,
2.85025,-0.0093742637,
2.8505,0.0110708699,
2.85075,0.0000351346,
2.851,-0.0055906028,
2.85125,-0.0098616397,
2.8515,-0.0110741006,
2.85175,-0.0292303823,
2.852,-0.0024262585,
2.85225,0.0068879966,
2.8525,0.0020450631,
2.85275,0.0032219775,
2.853,0.0055984133,
2.85325,-0.0061649736,
2.8535,0.0063241129,
2.85375,-0.0011664833,
2.854,0.0041755796,
2.85425,0.0047362633,
2.8545,0.0110747712,
2.85475,-0.0013066821,
2.855,-0.0057338336,
2.85525,0.0097477725,
2.8555,-0.0047465116,
2.85575,-0.0091461502,
2.856,0.0073983571,
2.85625,0.0018961426,
2.8565,-0.0117239533,
2.85675,0.0020361023,
2.857,0.0191410799,
2.85725,0.0019817716,
2.8575,-0.0030112974,
2.85775,0.0218630601,
2.858,0.0108862910,
2.85825,-0.0075404574,
2.8585,0.0108512407,
2.85875,0.0166026652,
2.859,-0.0087445173,
2.85925,0.0030795396,
2.8595,0.0010344760,
2.85975,-0.0079636127,
2.86,-0.0031473679,
2.86025,0.0151938554,
2.8605,0.0032311503,
2.86075,-0.0193668380,
2.861,-0.0098862164,
2.86125,0.0076530855,
2.8615,-0.0187522154,
2.86175,-0.0187354013,
2.862,0.0037960426,
2.86225,0.0115352860,
2.8625,-0.0010728791,
2.86275,0.0049516307,
2.863,0.0145206284,
2.86325,0.0066843592,
2.8635,-0.0007222258,
2.86375,0.0078653973,
2.864,0.0075115906,
2.86425,0.0108728874,
2.8645,0.0050633019,
2.86475,-0.0081151584,
2.865,0.0165554062,
2.86525,-0.0041865706,
2.8655,0.0095226001,
2.86575,-0.0022362967,
2.866,0.0137012815,
2.86625,-0.0036635448,
2.8665,-0.0052710436,
2.86675,0.0145027861,
2.867,0.0170292165,
2.86725,0.0011250146,
2.8675,0.0107927350,
2.86775,0.0136170126,
2.868,0.0079051955,
2.86825,-0.0007128385,
2.8685,0.0165535491,
2.86875,0.0101391422,
2.869,0.0055690389,
2.86925,-0.0031211509,
2.8695,0.0009341246,
2.86975,-0.0007481413,
2.87,-0.0006460900,
2.87025,0.0015578475,
2.8705,0.0069008199,
2.87075,-0.0028442079,
2.871,-0.0108812237,
2.87125,-0.0080358787,
2.8715,-0.0178385358,
2.87175,0.0069658235,
2.872,0.0179466493,
2.87225,0.0122163333,
2.8725,0.0106354468,
2.87275,-0.0001160901,
2.873,0.0084441034,
2.87325,0.0133315176,
2.8735,-0.0089847660,
2.87375,0.0055778082,
2.874,0.0096859541,
2.87425,0.0068770042,
2.8745,-0.0059593427,
2.87475,0.0084565068,
2.875,0.0109601747,
2.87525,-0.0109725259,
2.8755,0.0037914314,
2.87575,0.0107973916,
2.876,-0.0011996944,
2.87625,0.0005646356,
2.8765,0.0102143073,
2.87675,0.0077659199,
2.877,0.0078813527,
2.87725,0.0073664496,
2.8775,0.0195051935,
2.87775,0.0147666922,
2.878,-0.0023415408,
2.87825,0.0112486398,
2.8785,0.0145010855,
2.87875,0.0060139201,
2.879,0.0064145010,
2.87925,-0.0135963745,
2.8795,-0.0046395753,
2.87975,0.0013967527,
2.88,-0.0042226464,
2.88025,-0.0050091227,
2.8805,-0.0097604543,
2.88075,-0.0046158549,
2.881,-0.0048200036,
2.88125,-0.0089260107,
2.8815,-0.0054649683,
2.88175,0.0059401016,
2.882,0.0084548527,
2.88225,0.0114700710,
2.8825,0.0019715298,
2.88275,0.0034124579,
2.883,0.0076430328,
2.88325,-0.0059968932,
2.8835,0.0060491618,
2.88375,0.0021482289,
2.884,0.0163638536,
2.88425,-0.0031015417,
2.8845,-0.0001222413,
2.88475,0.0118132951,
2.885,0.0074892463,
2.88525,0.0004039545,
2.8855,-0.0094549423,
2.88575,0.0054058814,
2.886,-0.0089590596,
2.88625,0.0030006985,
2.8865,0.0086188111,
2.88675,0.0192299280,
2.887,0.0036517363,
2.88725,0.0013717519,
2.8875,0.0160456020,
2.88775,0.0017758465,
2.888,-0.0050847377,
2.88825,0.0094279405,
2.8885,0.0077965064,
2.88875,-0.0042402949,
2.889,-0.0171608459,
2.88925,0.0038185408,
2.8895,-0.0051054973,
2.88975,-0.0123990346,
2.89,0.0021760380,
2.89025,-0.0032893145,
2.8905,-0.0117991511,
2.89075,-0.0138072968,
2.891,-0.0157824270,
2.89125,-0.0021431935,
2.8915,-0.0002308437,
2.89175,0.0102645792,
2.892,0.0092269508,
2.89225,-0.0040662116,
2.8925,-0.0038131245,
2.89275,0.0072439970,
2.893,-0.0023515692,
2.89325,0.0080884574,
2.8935,-0.0061663170,
2.89375,0.0038312387,
2.894,0.0085878400,
2.89425,-0.0077359620,
2.8945,-0.0072283391,
2.89475,-0.0044200481,
2.895,-0.0011675784,
2.89525,-0.0266742893,
2.8955,-0.0037134837,
2.89575,0.0060258247,
2.896,-0.0153930075,
2.89625,-0.0092433058,
2.8965,0.0078632757,
2.89675,0.0076348637,
2.897,-0.0096895639,
2.89725,0.0085608736,
2.8975,0.0123384763,
2.89775,-0.0035734554,
2.898,0.0001451709,
2.89825,0.0190633051,
2.8985,0.0058464361,
2.89875,-0.0190593284,
2.899,-0.0148207061,
2.89925,0.0004058330,
2.8995,-0.0067712544,
2.89975,0.0023989296,
2.9,-0.0005860205,
2.90025,-0.0090344036,
2.9005,-0.0100575192,
2.90075,0.0006690758,
2.901,-0.0108980481,
2.90125,-0.0233955942,
2.9015,0.0100529380,
2.90175,0.0102143725,
2.902,0.0019550461,
2.90225,-0.0009585615,
2.9025,0.0024727697,
2.90275,0.0007986047,
2.903,0.0060462970,
2.90325,-0.0067374352,
2.9035,-0.0032979571,
2.90375,0.0079915924,
2.904,-0.0065676235,
2.90425,-0.0045838212,
2.9045,0.0022698459,
2.90475,0.0017505302,
2.905,-0.0126457494,
2.90525,-0.0094907572,
2.9055,-0.0075268550,
2.90575,-0.0042254706,
2.906,-0.0072281738,
2.90625,-0.0046988018,
2.9065,0.0173019655,
2.90675,0.0002210846,
2.907,-0.0090627372,
2.90725,0.0153577942,
2.9075,0.0035878806,
2.90775,-0.0008702882,
2.908,0.0074850167,
2.90825,0.0140155889,
2.9085,0.0011147124,
2.90875,-0.0097442288,
2.909,-0.0026629032,
2.90925,0.0059101935,
2.9095,-0.0088597704,
2.90975,0.0005956440,
2.91,-0.0021807251,
2.91025,0.0019733200,
2.9105,-0.0162325148,
2.91075,-0.0114598544,
2.911,0.0138608441,
2.91125,0.0004852468,
2.9115,-0.0018178059,
2.91175,0.0158710014,
2.912,0.0026297895,
2.91225,0.0057434733,
2.9125,0.0125893224,
2.91275,0.0052085915,
2.913,0.0038793208,
2.91325,-0.0126982965,
2.9135,0.0151096508,
2.91375,-0.0081949625,
2.914,-0.0127919130,
2.91425,-0.0157632809,
2.9145,0.0088870768,
2.91475,-0.0135461856,
2.915,-0.0163713787,
2.91525,0.0040118359,
2.9155,0.0098538771,
2.91575,-0.0057541681,
2.916,-0.0072203036,
2.91625,0.0082557797,
2.9165,0.0108351987,
2.91675,-0.0023898147,
2.917,0.0014816779,
2.91725,0.0041700834,
2.9175,0.0013072499,
2.91775,-0.0019315265,
2.918,0.0062133861,
2.91825,0.0091221351,
2.9185,-0.0125254821,
2.91875,-0.0190656502,
2.919,0.0056050206,
2.91925,0.0013539299,
2.9195,-0.0063948734,
2.91975,-0.0193656944,
2.92,0.0014032936,
2.92025,-0.0106521286,
2.9205,-0.0273773111,
2.92075,-0.0141725512,
2.921,-0.0073984833,
2.92125,0.0022210067,
2.9215,-0.0031111331,
2.92175,0.0025864448,
2.922,-0.0035778447,
2.92225,0.0006647418,
2.9225,0.0012575896,
2.92275,0.0045476547,
2.923,-0.0282075927,
2.92325,-0.0015934608,
2.9235,-0.0038502198,
2.92375,-0.0144141279,
2.924,-0.0139792832,
2.92425,0.0016580238,
2.9245,-0.0028474005,
2.92475,-0.0111858286,
2.925,-0.0140069388,
2.92525,-0.0102795418,
2.9255,-0.0010489743,
2.92575,-0.0222546887,
2.926,-0.0093626231,
2.92625,0.0044384892,
2.9265,-0.0046021659,
2.92675,-0.0174122658,
2.927,-0.0051896158,
2.92725,0.0049330425,
2.9275,-0.0111840656,
2.92775,-0.0085147619,
2.928,0.0096406927,
2.92825,-0.0074006733,
2.9285,-0.0226344150,
2.92875,-0.0076956493,
2.929,0.0066909241,
2.92925,-0.0271842927,
2.9295,-0.0095546152,
2.92975,-0.0009106394,
2.93,-0.0124094598,
2.93025,-0.0322507285,
2.9305,-0.0075994781,
2.93075,-0.0073823282,
2.931,-0.0064932127,
2.93125,-0.0074058855,
2.9315,0.0020831795,
2.93175,-0.0042863847,
2.932,-0.0126017733,
2.93225,-0.0022586838,
2.9325,-0.0104513001,
2.93275,-0.0083226552,
2.933,-0.0118347760,
2.93325,-0.0119190216,
2.9335,-0.0076363375,
2.93375,-0.0099828420,
2.934,-0.0244642012,
2.93425,-0.0010809246,
2.9345,-0.0103122974,
2.93475,-0.0193192959,
2.935,-0.0157872699,
2.93525,0.0065122643,
2.9355,-0.0123446230,
2.93575,-0.0192159489,
2.936,0.0016968664,
2.93625,0.0110327164,
2.9365,-0.0146412682,
2.93675,-0.0046544042,
2.937,0.0100159170,
2.93725,0.0012168753,
2.9375,-0.0116438027,
2.93775,0.0114181451,
2.938,0.0155647332,
2.93825,-0.0212774202,
2.9385,-0.0172398668,
2.93875,0.0144661916,
2.939,-0.0190314651,
2.93925,-0.0199698322,
2.9395,-0.0060099792,
2.93975,-0.0072156680,
2.94,-0.0096960710,
2.94025,-0.0127206501,
2.9405,0.0038035936,
2.94075,-0.0009660848,
2.941,0.0070753787,
2.94125,0.0047965222,
2.9415,0.0037949649,
2.94175,0.0049728295,
2.942,0.0084446967,
2.94225,0.0068296930,
2.9425,0.0038645521,
2.94275,-0.0058895936,
2.943,0.0001892287,
2.94325,0.0008744055,
2.9435,-0.0051001860,
2.94375,-0.0092495447,
2.944,0.0042503872,
2.94425,-0.0079189623,
2.9445,0.0002059434,
2.94475,-0.0165063124,
2.945,-0.0110184550,
2.94525,0.0144755738,
2.9455,-0.0056772358,
2.94575,-0.0029901231,
2.946,0.0199842900,
2.94625,0.0109227579,
2.9465,-0.0029777947,
2.94675,0.0200311635,
2.947,0.0197217520,
2.94725,0.0104670925,
2.9475,0.0067204349,
2.94775,0.0193978697,
2.948,0.0023332040,
2.94825,-0.0055531082,
2.9485,0.0117518613,
2.94875,0.0054364875,
2.949,-0.0031354190,
2.94925,0.0027040660,
2.9495,0.0053177080,
2.94975,0.0063037025,
2.95,-0.0270113721,
2.95025,0.0061340728,
2.9505,0.0066582374,
2.95075,0.0108092111,
2.951,0.0083463788,
2.95125,0.0064415117,
2.9515,0.0098652001,
2.95175,-0.0040541515,
2.952,0.0023931984,
2.95225,0.0123859104,
2.9525,-0.0016944485,
2.95275,0.0005726931,
2.953,0.0005638390,
2.95325,0.0160090532,
2.9535,-0.0014400533,
2.95375,-0.0058141467,
2.954,0.0142007004,
2.95425,0.0059098378,
2.9545,-0.0079269260,
2.95475,0.0027296050,
2.955,0.0114831999,
2.95525,-0.0017403311,
2.9555,0.0013584072,
2.95575,0.0192082785,
2.956,0.0212539285,
2.95625,0.0047578407,
2.9565,0.0104321018,
2.95675,0.0225922316,
2.957,0.0136605641,
2.95725,0.0040594838,
2.9575,0.0144328531,
2.95775,0.0130426213,
2.958,-0.0071435133,
2.95825,-0.0056088394,
2.9585,0.0059421640,
2.95875,-0.0023207539,
2.959,-0.0029864493,
2.95925,-0.0025240518,
2.9595,0.0056380080,
2.95975,-0.0006471325,
2.96,0.0052663786,
2.96025,-0.0118492339,
2.9605,0.0161955357,
2.96075,-0.0062196860,
2.961,-0.0107719209,
2.96125,0.0230525695,
2.9615,0.0096707121,
2.96175,0.0022780362,
2.962,0.0026341437,
2.96225,0.0072516338,
2.9625,-0.0039564120,
2.96275,0.0025555738,
2.963,0.0086590871,
2.96325,-0.0081530055,
2.9635,-0.0061262446,
2.96375,0.0084016453,
2.964,0.0034967721,
2.96425,0.0053676912,
2.9645,-0.0149357868,
2.96475,0.0027228496,
2.965,0.0163130481,
2.96525,0.0093696183,
2.9655,0.0058231186,
2.96575,0.0252678990,
2.966,0.0137952296,
2.96625,0.0043144808,
2.9665,0.0082620438,
2.96675,0.0225474685,
2.967,0.0146057997,
2.96725,-0.0040449188,
2.9675,0.0089391293,
2.96775,0.0001999350,
2.968,-0.0063850675,
2.96825,0.0100543806,
2.9685,-0.0031456582,
2.96875,-0.0135602951,
2.969,-0.0117947571,
2.96925,-0.0012930336,
2.9695,-0.0121646700,
2.96975,-0.0214807782,
2.97,0.0014105539,
2.97025,0.0033054305,
2.9705,0.0067503573,
2.97075,0.0001093459,
2.971,0.0094080921,
2.97125,-0.0119030364,
2.9715,-0.0049282587,
2.97175,0.0055454616,
2.972,0.0039805807,
2.97225,-0.0076376097,
2.9725,-0.0047837053,
2.97275,0.0021494864,
2.973,0.0066756387,
2.97325,-0.0051392596,
2.9735,-0.0053546615,
2.97375,0.0006652799,
2.974,0.0118885739,
2.97425,0.0056375707,
2.9745,-0.0103379413,
2.97475,0.0109485248,
2.975,0.0203301832,
2.97525,-0.0012654845,
2.9755,0.0064951982,
2.97575,0.0260053016,
2.976,0.0054933014,
2.97625,-0.0061798552,
2.9765,0.0237198770,
2.97675,0.0153330537,
2.977,-0.0039961552,
2.97725,0.0172139853,
2.9775,0.0092646750,
2.97775,-0.0089814076,
2.978,-0.0101940706,
2.97825,0.0067725410,
2.9785,0.0020428714,
2.97875,-0.0114566227,
2.979,0.0021070340,
2.97925,0.0041295812,
2.9795,-0.0120549388,
2.97975,-0.0067512263,
2.98,-0.0044398936,
2.98025,0.0036648172,
2.9805,-0.0192389302,
2.98075,0.0080501698,
2.981,0.0126722343,
2.98125,0.0075906748,
2.9815,0.0013733016,
2.98175,0.0044542486,
2.982,-0.0059489650,
2.98225,-0.0024347375,
2.9825,-0.0000642138,
2.98275,-0.0042117597,
2.983,-0.0029774425,
2.98325,0.0108016366,
2.9835,-0.0003633220,
2.98375,0.0079601137,
2.984,0.0081819752,
2.98425,-0.0134857818,
2.9845,0.0046520345,
2.98475,0.0196641348,
2.985,0.0143991169,
2.98525,0.0012094179,
2.9855,0.0186800975,
2.98575,0.0197666921,
2.986,0.0046163043,
2.98625,0.0105717909,
2.9865,0.0260881428,
2.98675,0.0125619508,
2.987,0.0019626808,
2.98725,0.0096909916,
2.9875,-0.0024967382,
2.98775,0.0033905855,
2.988,0.0012124011,
2.98825,-0.0143389301,
2.9885,-0.0080665676,
2.98875,-0.0051253242,
2.989,0.0060889227,
2.98925,-0.0137718320,
2.9895,-0.0015530766,
2.98975,-0.0044748541,
2.99,0.0159947760,
2.99025,0.0166524146,
2.9905,0.0066902530,
2.99075,0.0046089846,
2.991,0.0013906208,
2.99125,0.0040982319,
2.9915,0.0000090892,
2.99175,0.0100215748,
2.992,0.0098426212,
2.99225,0.0020953615,
2.9925,0.0061797248,
2.99275,0.0192166939,
2.993,-0.0088539766,
2.99325,-0.0016295201,
2.9935,0.0116675263,
2.99375,0.0163542274,
2.994,-0.0035918716,
2.99425,-0.0008840841,
2.9945,0.0097257970,
2.99475,0.0111581245,
2.995,-0.0051449435,
2.99525,0.0102924053,
2.9955,0.0150614809,
2.99575,0.0077299988,
2.996,-0.0022578535,
2.99625,0.0160394683,
2.9965,0.0096880086,
2.99675,0.0099361306,
2.997,0.0076900544,
2.99725,-0.0130744614,
2.9975,-0.0082068322,
2.99775,0.0042318935,
2.998,-0.0072018220,
2.99825,0.0072657228,
2.9985,-0.0012399382,
2.99875,-0.0052747820,
2.999,-0.0189491101,
2.99925,-0.0088103004,
2.9995,-0.0193661246,
2.99975,-0.0074265762,