Date,2020-11-25 14:08:18
Filename,STFMK-20201105-LW19-3184_20201125_140818_004.dat
Data Label,정상
Label_No,00
Motor Spec,L-PAHU-03S, 1760,55, 105.3,
Period,3SEC
Sample Rate,4000
RMS,0.015156,
Data Length,12000,
0,-0.0065399259,
0.00025,-0.0044211978,
0.0005,0.0078906827,
0.00075,0.0085868239,
0.001,-0.0168852285,
0.00125,-0.0138783436,
0.0015,0.0150071541,
0.00175,0.0148317851,
0.002,0.0111453701,
0.00225,0.0120837986,
0.0025,0.0062678386,
0.00275,0.0114763724,
0.003,0.0035825560,
0.00325,0.0019387912,
0.0035,0.0025112303,
0.00375,0.0281747393,
0.004,-0.0129412003,
0.00425,-0.0001377810,
0.0045,0.0023328641,
0.00475,0.0190407820,
0.005,0.0057913410,
0.00525,-0.0152611556,
0.0055,0.0164931342,
0.00575,0.0124420393,
0.006,0.0120003754,
0.00625,0.0048475391,
0.0065,-0.0095203258,
0.00675,-0.0059931977,
0.007,-0.0021340321,
0.00725,-0.0077067921,
0.0075,0.0004013481,
0.00775,0.0080218334,
0.008,-0.0041168532,
0.00825,0.0095831081,
0.0085,0.0087683033,
0.00875,0.0064397957,
0.009,-0.0041829902,
0.00925,0.0166630000,
0.0095,-0.0000987784,
0.00975,0.0163166951,
0.01,0.0023732954,
0.01025,0.0067072497,
0.0105,-0.0015247085,
0.01075,0.0051634451,
0.011,-0.0213868320,
0.01125,-0.0166785680,
0.0115,-0.0081056394,
0.01175,-0.0006852840,
0.012,-0.0116986791,
0.01225,0.0002020028,
0.0125,0.0031699145,
0.01275,-0.0059943544,
0.013,0.0004678319,
0.01325,-0.0014574076,
0.0135,0.0092861690,
0.01375,0.0022017362,
0.014,0.0038075275,
0.01425,-0.0022969299,
0.0145,0.0007012132,
0.01475,-0.0094643664,
0.015,-0.0082716877,
0.01525,-0.0134031605,
0.0155,0.0074876379,
0.01575,0.0072814906,
0.016,-0.0009185919,
0.01625,-0.0085762413,
0.0165,0.0000265331,
0.01675,0.0098768156,
0.017,-0.0082810167,
0.01725,-0.0108733624,
0.0175,0.0115535334,
0.01775,-0.0081231119,
0.018,-0.0257999171,
0.01825,-0.0092238924,
0.0185,0.0024265030,
0.01875,-0.0263396576,
0.019,-0.0096434886,
0.01925,-0.0282788109,
0.0195,-0.0099186506,
0.01975,0.0108327484,
0.02,-0.0054166215,
0.02025,-0.0037452527,
0.0205,0.0125309350,
0.02075,-0.0058886651,
0.021,-0.0185397658,
0.02125,0.0044826795,
0.0215,-0.0016023038,
0.02175,-0.0116858399,
0.022,-0.0270991009,
0.02225,-0.0052011795,
0.0225,-0.0023079410,
0.02275,-0.0248093363,
0.023,-0.0064729592,
0.02325,0.0037127291,
0.0235,0.0056908908,
0.02375,-0.0126708243,
0.024,-0.0064554149,
0.02425,0.0007807112,
0.0245,0.0037087093,
0.02475,-0.0006121606,
0.025,0.0064127478,
0.02525,0.0001002680,
0.0255,0.0106659047,
0.02575,-0.0209496394,
0.026,-0.0102297785,
0.02625,0.0064122071,
0.0265,0.0135063305,
0.02675,-0.0096099898,
0.027,-0.0230808891,
0.02725,0.0079940297,
0.0275,0.0029635590,
0.02775,-0.0039676693,
0.028,-0.0046175201,
0.02825,-0.0012155557,
0.0285,-0.0267424360,
0.02875,-0.0235751607,
0.029,-0.0210274681,
0.02925,0.0093039665,
0.0295,-0.0104387002,
0.02975,-0.0227798112,
0.03,-0.0065763942,
0.03025,0.0064199842,
0.0305,0.0046430910,
0.03075,0.0115301926,
0.031,0.0048566782,
0.03125,0.0162893832,
0.0315,0.0035822405,
0.03175,-0.0002403809,
0.032,-0.0012527262,
0.03225,-0.0075843129,
0.0325,-0.0044727037,
0.03275,-0.0186600909,
0.033,-0.0103399791,
0.03325,-0.0162775796,
0.0335,-0.0095928404,
0.03375,-0.0164405759,
0.034,-0.0263890829,
0.03425,0.0086897034,
0.0345,0.0236999802,
0.03475,-0.0003382810,
0.035,-0.0083478885,
0.03525,0.0155111011,
0.0355,-0.0033979770,
0.03575,-0.0100988755,
0.036,0.0005833252,
0.03625,0.0174641274,
0.0365,0.0033520330,
0.03675,0.0019209660,
0.037,0.0083567286,
0.03725,0.0195292793,
0.0375,0.0058596958,
0.03775,-0.0022421349,
0.038,0.0057390593,
0.03825,-0.0025836609,
0.0385,0.0182116367,
0.03875,-0.0167237390,
0.039,-0.0045687906,
0.03925,-0.0160378385,
0.0395,-0.0231628474,
0.03975,-0.0131757576,
0.04,0.0077697379,
0.04025,0.0089807985,
0.0405,-0.0075716814,
0.04075,0.0172410700,
0.041,-0.0056951316,
0.04125,0.0048049949,
0.0415,0.0132457316,
0.04175,0.0035629370,
0.042,-0.0041847941,
0.04225,0.0013706951,
0.0425,0.0052249702,
0.04275,-0.0047301911,
0.043,0.0087046949,
0.04325,0.0179321393,
0.0435,-0.0150444936,
0.04375,-0.0353362858,
0.044,-0.0059231068,
0.04425,0.0144524090,
0.0445,-0.0115763247,
0.04475,-0.0193949584,
0.045,0.0100707971,
0.04525,0.0023185872,
0.0455,-0.0042760544,
0.04575,-0.0105077503,
0.046,0.0059000636,
0.04625,-0.0028065294,
0.0465,0.0038003451,
0.04675,0.0161740147,
0.047,0.0116611542,
0.04725,0.0178658906,
0.0475,-0.0080463458,
0.04775,0.0110546052,
0.048,0.0188150331,
0.04825,0.0197468400,
0.0485,0.0141640613,
0.04875,0.0054672584,
0.049,-0.0001369085,
0.04925,0.0181938931,
0.0495,-0.0119877849,
0.04975,-0.0110304654,
0.05,-0.0189604871,
0.05025,-0.0037401440,
0.0505,-0.0152228996,
0.05075,-0.0084438911,
0.051,-0.0028441120,
0.05125,0.0061373385,
0.0515,0.0139825875,
0.05175,0.0083408961,
0.052,0.0100836623,
0.05225,0.0070118573,
0.0525,0.0016339885,
0.05275,0.0022299667,
0.053,-0.0109914141,
0.05325,-0.0079214927,
0.0535,0.0082095163,
0.05375,0.0018634017,
0.054,0.0006832080,
0.05425,0.0003696617,
0.0545,-0.0230654906,
0.05475,-0.0133332238,
0.055,-0.0065585067,
0.05525,-0.0017278786,
0.0555,-0.0048773028,
0.05575,-0.0013702838,
0.056,0.0127219269,
0.05625,-0.0034056422,
0.0565,-0.0144889345,
0.05675,0.0003683688,
0.057,0.0068779020,
0.05725,0.0072150030,
0.0575,0.0055468529,
0.05775,-0.0043896399,
0.058,0.0122268302,
0.05825,0.0093500810,
0.0585,-0.0011371752,
0.05875,0.0002366056,
0.059,0.0255029015,
0.05925,0.0091230441,
0.0595,0.0074994443,
0.05975,-0.0075298385,
0.06,0.0113768969,
0.06025,-0.0013398707,
0.0605,-0.0322803929,
0.06075,-0.0315181203,
0.061,-0.0235433914,
0.06125,-0.0158015043,
0.0615,-0.0180428438,
0.06175,0.0213323869,
0.062,0.0083211558,
0.06225,-0.0049381726,
0.0625,0.0149296615,
0.06275,-0.0072983322,
0.063,-0.0055503617,
0.06325,0.0216766279,
0.0635,0.0126750860,
0.06375,0.0064792801,
0.064,0.0129056908,
0.06425,0.0168676637,
0.0645,-0.0073641487,
0.06475,0.0023852161,
0.065,0.0090869153,
0.06525,-0.0096979477,
0.0655,-0.0127498349,
0.06575,0.0040531354,
0.066,-0.0050809598,
0.06625,-0.0169064701,
0.0665,-0.0157940928,
0.06675,0.0225819312,
0.067,0.0143790077,
0.06725,0.0041534849,
0.0675,-0.0019391610,
0.06775,0.0127201919,
0.068,0.0153651200,
0.06825,0.0095246695,
0.0685,0.0130928755,
0.06875,0.0202140938,
0.069,0.0130862324,
0.06925,0.0124044083,
0.0695,-0.0001255309,
0.06975,0.0296584517,
0.07,0.0173391327,
0.07025,0.0063718227,
0.0705,-0.0075246622,
0.07075,0.0111817019,
0.071,0.0014093139,
0.07125,0.0042337058,
0.0715,-0.0033916552,
0.07175,-0.0064852461,
0.072,0.0153097464,
0.07225,-0.0072421064,
0.0725,-0.0196313821,
0.07275,0.0183597058,
0.073,0.0086678974,
0.07325,0.0085384669,
0.0735,-0.0102771651,
0.07375,-0.0042753094,
0.074,0.0253201239,
0.07425,0.0027416402,
0.0745,0.0115671493,
0.07475,0.0196286701,
0.075,0.0084287636,
0.07525,0.0045384411,
0.0755,-0.0005789210,
0.07575,0.0037619730,
0.076,-0.0142926797,
0.07625,-0.0208262000,
0.0765,-0.0070641739,
0.07675,0.0044350475,
0.077,0.0050544450,
0.07725,-0.0048110150,
0.0775,0.0122966189,
0.07775,0.0116457958,
0.078,0.0135235293,
0.07825,0.0099219093,
0.0785,0.0270899236,
0.07875,0.0254122633,
0.079,0.0237752590,
0.07925,0.0030873735,
0.0795,0.0140009737,
0.07975,0.0256315414,
0.08,0.0097973822,
0.08025,-0.0015132503,
0.0805,-0.0008192849,
0.08075,0.0298534539,
0.081,0.0115418704,
0.08125,-0.0061218813,
0.0815,-0.0039897482,
0.08175,0.0162406173,
0.082,-0.0168164372,
0.08225,-0.0054640137,
0.0825,0.0086109862,
0.08275,0.0263741799,
0.083,0.0030011891,
0.08325,0.0009456749,
0.0835,0.0266953520,
0.08375,0.0214638002,
0.084,0.0036821323,
0.08425,0.0130075254,
0.0845,0.0052724471,
0.08475,0.0068224319,
0.085,0.0083774086,
0.08525,-0.0041995682,
0.0855,-0.0072979317,
0.08575,-0.0036486234,
0.086,0.0039262413,
0.08625,0.0050519337,
0.0865,0.0093225772,
0.08675,0.0052486104,
0.087,-0.0193692166,
0.08725,-0.0086565027,
0.0875,0.0031645112,
0.08775,0.0175938308,
0.088,-0.0206522383,
0.08825,-0.0042219423,
0.0885,0.0177133866,
0.08875,0.0114374664,
0.089,-0.0003174696,
0.08925,0.0098333471,
0.0895,0.0113903768,
0.08975,0.0065409094,
0.09,-0.0056303390,
0.09025,0.0056581805,
0.0905,0.0190557782,
0.09075,0.0110341422,
0.091,0.0073809568,
0.09125,0.0005233258,
0.0915,0.0276076067,
0.09175,0.0131235225,
0.092,0.0045891535,
0.09225,0.0041415407,
0.0925,0.0260275230,
0.09275,0.0046039168,
0.093,-0.0155753754,
0.09325,0.0134097934,
0.0935,-0.0068956404,
0.09375,-0.0034219348,
0.094,-0.0140810655,
0.09425,-0.0065379129,
0.0945,-0.0011153514,
0.09475,0.0108404700,
0.095,-0.0023120015,
0.09525,-0.0052752956,
0.0955,0.0139675112,
0.09575,0.0243399870,
0.096,0.0111250002,
0.09625,0.0105320923,
0.0965,0.0173029751,
0.09675,-0.0311351568,
0.097,-0.0269536842,
0.09725,-0.0317662470,
0.0975,-0.0075737508,
0.09775,-0.0170488767,
0.098,-0.0296764467,
0.09825,-0.0140013564,
0.0985,-0.0040199943,
0.09875,-0.0148210991,
0.099,-0.0227509793,
0.09925,-0.0045658560,
0.0995,-0.0013537897,
0.09975,0.0054733250,
0.1,-0.0047718962,
0.10025,0.0208705962,
0.1005,0.0095364898,
0.10075,0.0080478992,
0.101,-0.0073169554,
0.10125,0.0082409028,
0.1015,0.0080813663,
0.10175,0.0144915944,
0.102,-0.0116041023,
0.10225,-0.0095285336,
0.1025,0.0111809839,
0.10275,-0.0022660668,
0.103,-0.0168264396,
0.10325,0.0043419902,
0.1035,0.0036867838,
0.10375,-0.0192530956,
0.104,-0.0099670831,
0.10425,0.0034531523,
0.1045,0.0175961833,
0.10475,-0.0096605020,
0.105,-0.0133257322,
0.10525,0.0005163409,
0.1055,-0.0010788473,
0.10575,-0.0029046843,
0.106,-0.0069951676,
0.10625,-0.0112750577,
0.1065,0.0067461282,
0.10675,-0.0097523294,
0.107,-0.0031376258,
0.10725,0.0140483389,
0.1075,0.0004796295,
0.10775,0.0038323922,
0.108,-0.0114409542,
0.10825,0.0099986587,
0.1085,-0.0036986354,
0.10875,-0.0365505591,
0.109,-0.0196056738,
0.10925,-0.0092669530,
0.1095,0.0005710736,
0.10975,-0.0140333036,
0.11,-0.0104091587,
0.11025,-0.0038770537,
0.1105,0.0066758627,
0.11075,-0.0023308792,
0.111,0.0225251261,
0.11125,0.0127153639,
0.1115,0.0132129677,
0.11175,0.0049116830,
0.112,0.0183280949,
0.11225,0.0076365354,
0.1125,0.0142148687,
0.11275,0.0003769382,
0.113,-0.0078471648,
0.11325,0.0113437176,
0.1135,0.0014953960,
0.11375,-0.0155813694,
0.114,-0.0086705703,
0.11425,0.0134761594,
0.1145,-0.0195335243,
0.11475,-0.0064261742,
0.115,0.0060100225,
0.11525,0.0060058506,
0.1155,0.0068295351,
0.11575,0.0158677418,
0.116,0.0010385949,
0.11625,0.0059596570,
0.1165,0.0032568825,
0.11675,-0.0026353935,
0.117,-0.0121232942,
0.11725,0.0065781870,
0.1175,0.0139101818,
0.11775,0.0021680628,
0.118,0.0120267142,
0.11825,0.0053198095,
0.1185,-0.0001510798,
0.11875,-0.0036720899,
0.119,-0.0090513015,
0.11925,0.0087284129,
0.1195,-0.0236485507,
0.11975,-0.0095962491,
0.12,0.0170368254,
0.12025,0.0030726045,
0.1205,-0.0048183175,
0.12075,0.0056550442,
0.121,0.0022015255,
0.12125,-0.0008098405,
0.1215,0.0095879659,
0.12175,0.0084262080,
0.122,0.0194554236,
0.12225,0.0122680478,
0.1225,0.0064731836,
0.12275,0.0036338028,
0.123,0.0194032006,
0.12325,0.0165197551,
0.1235,0.0195163321,
0.12375,-0.0082285758,
0.124,0.0131720202,
0.12425,0.0081796199,
0.1245,-0.0023386416,
0.12475,-0.0178210977,
0.125,0.0003336137,
0.12525,-0.0081480723,
0.1255,-0.0105004106,
0.12575,-0.0066652726,
0.126,0.0120701678,
0.12625,0.0052717766,
0.1265,-0.0094957780,
0.12675,0.0060655926,
0.127,0.0145137534,
0.12725,0.0023446204,
0.1275,0.0040707416,
0.12775,0.0146984784,
0.128,0.0059599266,
0.12825,0.0120059261,
0.1285,0.0073299082,
0.12875,0.0072081550,
0.129,0.0062335930,
0.12925,-0.0029477826,
0.1295,-0.0034233390,
0.12975,-0.0159976147,
0.13,-0.0017108258,
0.13025,-0.0147384480,
0.1305,-0.0156470239,
0.13075,-0.0153835379,
0.131,0.0071174996,
0.13125,0.0029027136,
0.1315,-0.0200951882,
0.13175,-0.0044370997,
0.132,0.0011572745,
0.13225,0.0050779157,
0.1325,0.0024407259,
0.13275,0.0148775782,
0.133,0.0059835119,
0.13325,-0.0010745614,
0.1335,-0.0265616290,
0.13375,0.0137592815,
0.134,0.0075445576,
0.13425,-0.0084958943,
0.1345,-0.0004978995,
0.13475,0.0011100435,
0.135,-0.0177066606,
0.13525,0.0007400166,
0.1355,-0.0172157716,
0.13575,-0.0215519443,
0.136,-0.0064000022,
0.13625,-0.0149262976,
0.1365,-0.0238461439,
0.13675,-0.0005785192,
0.137,-0.0003682626,
0.13725,-0.0163371991,
0.1375,-0.0061312821,
0.13775,-0.0014724897,
0.138,-0.0068624029,
0.13825,0.0105906371,
0.1385,-0.0037826712,
0.13875,-0.0042495001,
0.139,-0.0012503342,
0.13925,-0.0071649086,
0.1395,-0.0076604891,
0.13975,-0.0115145938,
0.14,-0.0071178940,
0.14025,-0.0167146400,
0.1405,-0.0306140445,
0.14075,-0.0176076591,
0.141,-0.0093440069,
0.14125,-0.0393882841,
0.1415,-0.0229453221,
0.14175,-0.0108044334,
0.142,-0.0009030196,
0.14225,-0.0134644518,
0.1425,-0.0096268682,
0.14275,0.0104294419,
0.143,0.0090654921,
0.14325,-0.0080851447,
0.1435,0.0061607426,
0.14375,0.0076807961,
0.144,-0.0046617547,
0.14425,-0.0019200169,
0.1445,-0.0091430992,
0.14475,-0.0009065107,
0.145,0.0008589934,
0.14525,-0.0170791596,
0.1455,-0.0241477769,
0.14575,-0.0050860127,
0.146,-0.0132773491,
0.14625,0.0019414709,
0.1465,-0.0209630188,
0.14675,0.0024260858,
0.147,-0.0194559973,
0.14725,-0.0108737303,
0.1475,0.0013205024,
0.14775,0.0050849561,
0.148,0.0005694628,
0.14825,-0.0056583174,
0.1485,-0.0105072428,
0.14875,0.0023665382,
0.149,-0.0032387001,
0.14925,-0.0124154473,
0.1495,-0.0158567615,
0.14975,0.0010889303,
0.15,0.0012994393,
0.15025,-0.0020161094,
0.1505,0.0023676783,
0.15075,-0.0029150606,
0.151,0.0010195418,
0.15125,-0.0259941164,
0.1515,-0.0362314954,
0.15175,0.0021083695,
0.152,-0.0104054473,
0.15225,-0.0251487233,
0.1525,-0.0219139159,
0.15275,0.0069198147,
0.153,-0.0106114894,
0.15325,-0.0023181697,
0.1535,-0.0070032394,
0.15375,0.0030050846,
0.154,0.0021143684,
0.15425,0.0067795990,
0.1545,0.0152051924,
0.15475,0.0230737571,
0.155,0.0066253007,
0.15525,-0.0060962802,
0.1555,0.0169864409,
0.15575,0.0163840670,
0.156,0.0184740499,
0.15625,-0.0088234097,
0.1565,0.0096022682,
0.15675,0.0086699165,
0.157,0.0050322902,
0.15725,-0.0137823373,
0.1575,-0.0019429134,
0.15775,-0.0070672343,
0.158,-0.0051526623,
0.15825,-0.0239137001,
0.1585,0.0024342395,
0.15875,0.0037736450,
0.159,0.0139428964,
0.15925,0.0093332110,
0.1595,0.0155424736,
0.15975,0.0133753046,
0.16,0.0174223036,
0.16025,0.0079741981,
0.1605,0.0150666432,
0.16075,0.0101842303,
0.161,0.0099235298,
0.16125,0.0062469449,
0.1615,0.0090102348,
0.16175,0.0123913139,
0.162,0.0030591406,
0.16225,-0.0030762348,
0.1625,-0.0022867150,
0.16275,-0.0050061531,
0.163,0.0048792697,
0.16325,0.0035115662,
0.1635,0.0188662056,
0.16375,0.0138170905,
0.164,0.0062079011,
0.16425,-0.0118241552,
0.1645,0.0273153540,
0.16475,0.0208536889,
0.165,0.0113073094,
0.16525,0.0258740298,
0.1655,0.0146915056,
0.16575,0.0202706922,
0.166,0.0107524283,
0.16625,0.0070959977,
0.1665,0.0224978682,
0.16675,0.0332116857,
0.167,0.0130962785,
0.16725,0.0119504994,
0.1675,0.0323348157,
0.16775,0.0111046908,
0.168,0.0025546507,
0.16825,0.0145413689,
0.1685,0.0092130424,
0.16875,-0.0045557525,
0.169,0.0222834293,
0.16925,0.0001545658,
0.1695,0.0167365242,
0.16975,0.0238040797,
0.17,0.0162898451,
0.17025,0.0115197729,
0.1705,0.0301475655,
0.17075,0.0238432717,
0.171,0.0116418507,
0.17125,0.0066794739,
0.1715,0.0134750623,
0.17175,0.0093555041,
0.172,0.0101854689,
0.17225,0.0029483859,
0.1725,0.0064446595,
0.17275,0.0071012410,
0.173,-0.0006039247,
0.17325,0.0133678885,
0.1735,0.0108422060,
0.17375,0.0030562896,
0.174,0.0045942697,
0.17425,0.0283428300,
0.1745,0.0140084401,
0.17475,0.0013111265,
0.175,-0.0100776972,
0.17525,-0.0022964685,
0.1755,0.0125581222,
0.17575,0.0057988339,
0.176,0.0118671088,
0.17625,0.0153808203,
0.1765,0.0240599941,
0.17675,0.0027231071,
0.177,0.0079233162,
0.17725,0.0097059887,
0.1775,0.0167346504,
0.17775,0.0095292302,
0.178,-0.0042307633,
0.17825,0.0146012474,
0.1785,0.0083814710,
0.17875,0.0070401398,
0.179,-0.0153137203,
0.17925,0.0036725164,
0.1795,-0.0236738846,
0.17975,-0.0263259392,
0.18,-0.0129614221,
0.18025,-0.0104566049,
0.1805,0.0072649769,
0.18075,-0.0042700530,
0.181,0.0073865191,
0.18125,-0.0116151003,
0.1815,-0.0231475960,
0.18175,-0.0051895990,
0.182,0.0031840103,
0.18225,0.0025943182,
0.1825,0.0179860592,
0.18275,0.0011281646,
0.183,0.0060859593,
0.18325,0.0090332348,
0.1835,-0.0118181650,
0.18375,-0.0373774804,
0.184,-0.0323561542,
0.18425,-0.0086581847,
0.1845,-0.0027471350,
0.18475,-0.0070947753,
0.185,-0.0051570428,
0.18525,-0.0052887490,
0.1855,-0.0050976453,
0.18575,-0.0095396480,
0.186,0.0002750168,
0.18625,0.0026944326,
0.1865,-0.0055510048,
0.18675,0.0010586694,
0.187,0.0010942363,
0.18725,0.0135006923,
0.1875,0.0108509148,
0.18775,-0.0064522345,
0.188,0.0045587397,
0.18825,-0.0024275212,
0.1885,0.0151868435,
0.18875,-0.0188706536,
0.189,-0.0175063722,
0.18925,0.0044834558,
0.1895,-0.0091044120,
0.18975,-0.0345148556,
0.19,-0.0008735384,
0.19025,-0.0048969290,
0.1905,-0.0082196258,
0.19075,-0.0166578181,
0.191,-0.0038920576,
0.19125,-0.0048757768,
0.1915,0.0022176374,
0.19175,0.0005797826,
0.192,0.0053681219,
0.19225,0.0051573901,
0.1925,-0.0064410195,
0.19275,-0.0107925283,
0.193,-0.0215547495,
0.19325,-0.0254309364,
0.1935,-0.0028341049,
0.19375,-0.0254118238,
0.194,0.0084060011,
0.19425,-0.0070478586,
0.1945,-0.0204240642,
0.19475,-0.0265224073,
0.195,-0.0163837131,
0.19525,-0.0089376802,
0.1955,-0.0169540439,
0.19575,-0.0153079852,
0.196,0.0020376099,
0.19625,-0.0038600157,
0.1965,-0.0076251682,
0.19675,-0.0112252878,
0.197,0.0132439146,
0.19725,0.0023526615,
0.1975,0.0003240808,
0.19775,-0.0022557036,
0.198,0.0195752904,
0.19825,0.0094312839,
0.1985,0.0064879931,
0.19875,0.0124183856,
0.199,0.0022096373,
0.19925,0.0138622839,
0.1995,0.0074945060,
0.19975,-0.0125750359,
0.2,-0.0078047765,
0.20025,-0.0107168201,
0.2005,-0.0032180084,
0.20075,-0.0234850347,
0.201,-0.0069012023,
0.20125,0.0021854183,
0.2015,-0.0121672461,
0.20175,0.0015731190,
0.202,0.0041357824,
0.20225,0.0046096835,
0.2025,0.0076954961,
0.20275,0.0102203293,
0.203,-0.0002248697,
0.20325,0.0144945476,
0.2035,0.0045889891,
0.20375,0.0016699187,
0.204,0.0120341759,
0.20425,-0.0079884324,
0.2045,-0.0083603319,
0.20475,0.0030746064,
0.205,0.0015671190,
0.20525,0.0069412803,
0.2055,-0.0239906069,
0.20575,-0.0052547525,
0.206,0.0079113264,
0.20625,0.0106384680,
0.2065,0.0070120418,
0.20675,0.0028228725,
0.207,0.0185777005,
0.20725,0.0083954828,
0.2075,0.0078421822,
0.20775,-0.0041875415,
0.208,0.0195871387,
0.20825,0.0004958480,
0.2085,-0.0000602105,
0.20875,0.0131837009,
0.209,0.0207553394,
0.20925,0.0071472963,
0.2095,0.0177625343,
0.20975,0.0014057196,
0.21,0.0152160190,
0.21025,0.0087610558,
0.2105,0.0015483167,
0.21075,-0.0148047488,
0.211,0.0202442911,
0.21125,-0.0046246634,
0.2115,-0.0246727262,
0.21175,0.0227986388,
0.212,0.0007813034,
0.21225,0.0107090631,
0.2125,0.0007088394,
0.21275,0.0022619101,
0.213,0.0144872796,
0.21325,0.0075441264,
0.2135,0.0071628969,
0.21375,0.0118480250,
0.214,-0.0003623683,
0.21425,0.0048587825,
0.2145,0.0096061248,
0.21475,0.0045642140,
0.215,0.0038220768,
0.21525,0.0119566452,
0.2155,0.0137745226,
0.21575,-0.0004859521,
0.216,0.0026294098,
0.21625,-0.0024201903,
0.2165,-0.0112250494,
0.21675,0.0131038288,
0.217,0.0220551323,
0.21725,-0.0013181318,
0.2175,-0.0045487024,
0.21775,0.0093167108,
0.218,0.0084635457,
0.21825,-0.0033491710,
0.2185,0.0070629744,
0.21875,-0.0007578263,
0.219,-0.0029858609,
0.21925,-0.0109699816,
0.2195,0.0109872632,
0.21975,0.0120936437,
0.22,0.0083801439,
0.22025,0.0034300373,
0.2205,-0.0024879712,
0.22075,0.0031378388,
0.221,0.0101250364,
0.22125,-0.0004495093,
0.2215,-0.0119891930,
0.22175,-0.0135924891,
0.222,-0.0169129279,
0.22225,-0.0246304199,
0.2225,-0.0151387649,
0.22275,0.0086715156,
0.223,0.0030224905,
0.22325,-0.0154843088,
0.2235,0.0120558236,
0.22375,0.0020650660,
0.224,-0.0016062515,
0.22425,-0.0039883424,
0.2245,-0.0133576635,
0.22475,0.0109958071,
0.225,0.0027004457,
0.22525,-0.0086938245,
0.2255,-0.0104138181,
0.22575,-0.0072216811,
0.226,-0.0151092410,
0.22625,-0.0179282147,
0.2265,-0.0143314898,
0.22675,0.0101676108,
0.227,0.0005848306,
0.22725,-0.0153927542,
0.2275,-0.0133437300,
0.22775,0.0015048878,
0.228,0.0035181479,
0.22825,-0.0230828077,
0.2285,0.0004937202,
0.22875,-0.0024674695,
0.229,-0.0126660140,
0.22925,-0.0160236284,
0.2295,-0.0037352522,
0.22975,-0.0023800656,
0.23,-0.0158850253,
0.23025,-0.0113956779,
0.2305,0.0027929523,
0.23075,0.0011889782,
0.231,0.0017099874,
0.23125,-0.0073843095,
0.2315,-0.0246748235,
0.23175,0.0006687096,
0.232,-0.0156960450,
0.23225,-0.0044735642,
0.2325,-0.0232092030,
0.23275,-0.0067034620,
0.233,-0.0295141302,
0.23325,-0.0313497782,
0.2335,-0.0127035324,
0.23375,-0.0025453072,
0.234,-0.0065108659,
0.23425,-0.0140449144,
0.2345,-0.0002699957,
0.23475,0.0007166461,
0.235,-0.0034585469,
0.23525,-0.0075735198,
0.2355,-0.0217323173,
0.23575,-0.0117667131,
0.236,-0.0142350895,
0.23625,-0.0049482402,
0.2365,-0.0082315532,
0.23675,-0.0145758055,
0.237,-0.0306368954,
0.23725,-0.0288318880,
0.2375,-0.0102152545,
0.23775,-0.0121735642,
0.238,-0.0270114448,
0.23825,-0.0153712053,
0.2385,0.0029406217,
0.23875,-0.0056395894,
0.239,-0.0168904010,
0.23925,-0.0182927176,
0.2395,-0.0149976732,
0.23975,-0.0065511083,
0.24,-0.0193691067,
0.24025,-0.0117912749,
0.2405,-0.0015987284,
0.24075,-0.0063730199,
0.241,-0.0032534066,
0.24125,-0.0210278686,
0.2415,0.0195554160,
0.24175,0.0079226289,
0.242,-0.0028682132,
0.24225,-0.0052688480,
0.2425,0.0118791265,
0.24275,-0.0097546605,
0.243,-0.0160776358,
0.24325,-0.0186395161,
0.2435,-0.0220053978,
0.24375,-0.0204945058,
0.244,-0.0056010038,
0.24425,-0.0296155196,
0.2445,-0.0041833986,
0.24475,0.0048647271,
0.245,-0.0014801918,
0.24525,-0.0086948285,
0.2455,0.0140190050,
0.24575,0.0029494825,
0.246,0.0057020532,
0.24625,-0.0013480815,
0.2465,-0.0039941007,
0.24675,0.0054249037,
0.247,0.0056756246,
0.24725,0.0026390085,
0.2475,-0.0050428584,
0.24775,-0.0020222696,
0.248,0.0048312284,
0.24825,-0.0099212248,
0.2485,0.0259901937,
0.24875,-0.0243502408,
0.249,-0.0273146220,
0.24925,0.0070435135,
0.2495,0.0026721866,
0.24975,-0.0018303937,
0.25,-0.0193357468,
0.25025,-0.0054761325,
0.2505,0.0116965789,
0.25075,0.0083555486,
0.251,0.0054070391,
0.25125,0.0079240426,
0.2515,0.0106670009,
0.25175,0.0231916998,
0.252,0.0015819723,
0.25225,0.0141920485,
0.2525,0.0191646609,
0.25275,-0.0026025232,
0.253,-0.0055290502,
0.25325,0.0186450351,
0.2535,0.0202398915,
0.25375,-0.0027676753,
0.254,0.0146452878,
0.25425,0.0078669675,
0.2545,0.0057818247,
0.25475,-0.0196937248,
0.255,0.0188225508,
0.25525,0.0142378770,
0.2555,0.0096224975,
0.25575,0.0308626816,
0.256,0.0087559856,
0.25625,0.0182728097,
0.2565,0.0151863657,
0.25675,0.0028106349,
0.257,-0.0012324263,
0.25725,0.0135236839,
0.2575,0.0135481087,
0.25775,0.0137922736,
0.258,0.0043400340,
0.25825,0.0200715959,
0.2585,0.0031080958,
0.25875,-0.0106274709,
0.259,0.0003918000,
0.25925,0.0236922055,
0.2595,0.0118484050,
0.25975,-0.0009235100,
0.26,0.0024304735,
0.26025,0.0153025622,
0.2605,0.0207884070,
0.26075,-0.0019853846,
0.261,0.0194727629,
0.26125,0.0120241391,
0.2615,0.0039701462,
0.26175,0.0073356712,
0.262,0.0151061490,
0.26225,0.0187250301,
0.2625,0.0165437851,
0.26275,0.0099120513,
0.263,0.0120481523,
0.26325,0.0185342170,
0.2635,0.0233687945,
0.26375,0.0183621030,
0.264,0.0066640526,
0.26425,0.0225459393,
0.2645,0.0104224607,
0.26475,0.0052036415,
0.265,0.0034335977,
0.26525,0.0159656927,
0.2655,-0.0096635390,
0.26575,0.0007893855,
0.266,0.0073672561,
0.26625,0.0209058095,
0.2665,0.0174021870,
0.26675,0.0040911427,
0.267,-0.0009633327,
0.26725,0.0164175574,
0.2675,0.0026046650,
0.26775,0.0006184709,
0.268,-0.0116186216,
0.26825,-0.0002424854,
0.2685,0.0021802513,
0.26875,0.0005574706,
0.269,0.0067251171,
0.26925,0.0055735735,
0.2695,-0.0101585584,
0.26975,-0.0145220477,
0.27,-0.0123124337,
0.27025,0.0001366399,
0.2705,0.0010505130,
0.27075,-0.0021466638,
0.271,0.0050537800,
0.27125,0.0157452486,
0.2715,0.0013042666,
0.27175,-0.0250336714,
0.272,0.0052929698,
0.27225,0.0093250442,
0.2725,0.0070060720,
0.27275,0.0006530377,
0.273,-0.0005562010,
0.27325,0.0208443943,
0.2735,0.0007522443,
0.27375,0.0053598052,
0.274,0.0223876350,
0.27425,-0.0165900029,
0.2745,-0.0166128296,
0.27475,0.0138148125,
0.275,0.0048453566,
0.27525,-0.0087274788,
0.2755,-0.0125127062,
0.27575,-0.0125186890,
0.276,-0.0089050354,
0.27625,0.0033326033,
0.2765,-0.0021798159,
0.27675,-0.0017173539,
0.277,-0.0248015337,
0.27725,0.0172128100,
0.2775,-0.0021157060,
0.27775,-0.0005342207,
0.278,0.0084987665,
0.27825,0.0152151845,
0.2785,-0.0103070438,
0.27875,0.0139847081,
0.279,0.0041110171,
0.27925,-0.0053017098,
0.2795,-0.0107173789,
0.27975,0.0003306428,
0.28,0.0059946077,
0.28025,-0.0082787201,
0.2805,-0.0231816955,
0.28075,-0.0164513122,
0.281,-0.0225682929,
0.28125,0.0036694403,
0.2815,-0.0134811373,
0.28175,-0.0195391010,
0.282,0.0184351746,
0.28225,0.0005443725,
0.2825,-0.0114736985,
0.28275,0.0059893690,
0.283,0.0105249621,
0.28325,-0.0077276696,
0.2835,-0.0006543903,
0.28375,0.0232651290,
0.284,-0.0015735283,
0.28425,0.0080395751,
0.2845,-0.0126141822,
0.28475,-0.0123075675,
0.285,0.0041079172,
0.28525,0.0130534628,
0.2855,-0.0059142574,
0.28575,-0.0077806013,
0.286,0.0276023131,
0.28625,-0.0069286190,
0.2865,-0.0091366554,
0.28675,-0.0121822767,
0.287,-0.0058222897,
0.28725,-0.0280313119,
0.2875,-0.0011667176,
0.28775,-0.0003395221,
0.288,0.0026140537,
0.28825,0.0077230176,
0.2885,0.0111944303,
0.28875,0.0136209736,
0.289,0.0182221122,
0.28925,-0.0077101849,
0.2895,0.0015259768,
0.28975,0.0023268173,
0.29,0.0073902640,
0.29025,0.0052545588,
0.2905,-0.0106512159,
0.29075,-0.0065328251,
0.291,0.0011805166,
0.29125,-0.0155488085,
0.2915,-0.0075162812,
0.29175,0.0074596726,
0.292,0.0042903856,
0.29225,-0.0136140771,
0.2925,-0.0002339296,
0.29275,0.0065781074,
0.293,0.0028998589,
0.29325,-0.0067230500,
0.2935,0.0072844680,
0.29375,0.0053960779,
0.294,0.0106989834,
0.29425,0.0064870324,
0.2945,-0.0031873551,
0.29475,0.0146338865,
0.295,0.0381918103,
0.29525,-0.0035436682,
0.2955,0.0234778151,
0.29575,0.0239547826,
0.296,0.0131438961,
0.29625,0.0048486260,
0.2965,-0.0224047266,
0.29675,-0.0005252398,
0.297,0.0081692254,
0.29725,-0.0039087632,
0.2975,-0.0179661606,
0.29775,0.0015580981,
0.298,-0.0220304914,
0.29825,-0.0092222774,
0.2985,-0.0097051803,
0.29875,-0.0019972750,
0.299,0.0131447045,
0.29925,0.0034615528,
0.2995,0.0081636189,
0.29975,0.0290451031,
0.3,0.0131840389,
0.30025,0.0152951330,
0.3005,0.0036612214,
0.30075,-0.0005461254,
0.301,0.0079097431,
0.30125,-0.0044909115,
0.3015,0.0149754006,
0.30175,0.0089390120,
0.302,-0.0072201462,
0.30225,-0.0055706990,
0.3025,-0.0169039816,
0.30275,-0.0106227500,
0.303,-0.0146791134,
0.30325,0.0025723178,
0.3035,0.0050035468,
0.30375,0.0196708515,
0.304,0.0172348376,
0.30425,-0.0015974080,
0.3045,0.0055770911,
0.30475,0.0204849150,
0.305,0.0060315388,
0.30525,0.0006742566,
0.3055,0.0298018791,
0.30575,0.0089149931,
0.306,0.0062806788,
0.30625,-0.0045439410,
0.3065,0.0023804135,
0.30675,0.0061957743,
0.307,0.0144810490,
0.30725,-0.0031930069,
0.3075,-0.0027920876,
0.30775,0.0119706672,
0.308,0.0052160881,
0.30825,-0.0134595521,
0.3085,0.0129044699,
0.30875,0.0081333844,
0.309,-0.0194309819,
0.30925,-0.0028110980,
0.3095,0.0172362644,
0.30975,0.0099386601,
0.31,0.0077761146,
0.31025,0.0072834175,
0.3105,0.0015082280,
0.31075,-0.0006921350,
0.311,-0.0016727042,
0.31125,0.0103756683,
0.3115,0.0042024921,
0.31175,0.0015544676,
0.312,-0.0043870527,
0.31225,-0.0072503230,
0.3125,-0.0223074835,
0.31275,0.0001037725,
0.313,-0.0099364864,
0.31325,-0.0085711051,
0.3135,0.0084045734,
0.31375,0.0122465277,
0.314,-0.0058093988,
0.31425,-0.0155029502,
0.3145,0.0056078895,
0.31475,-0.0043967920,
0.315,0.0094438642,
0.31525,-0.0028967692,
0.3155,0.0095378915,
0.31575,0.0068851011,
0.316,-0.0136474166,
0.31625,0.0018760711,
0.3165,-0.0002295783,
0.31675,0.0020060844,
0.317,-0.0100193098,
0.31725,-0.0078543853,
0.3175,0.0107814139,
0.31775,0.0099077877,
0.318,-0.0139553696,
0.31825,-0.0136495307,
0.3185,-0.0051096356,
0.31875,-0.0227741171,
0.319,-0.0159000792,
0.31925,-0.0093287360,
0.3195,0.0129647832,
0.31975,-0.0138022043,
0.32,-0.0156990383,
0.32025,-0.0167987458,
0.3205,-0.0036987527,
0.32075,-0.0041795294,
0.321,-0.0224034153,
0.32125,-0.0243647546,
0.3215,-0.0319326557,
0.32175,-0.0341608338,
0.322,-0.0105232242,
0.32225,0.0005184313,
0.3225,-0.0006866251,
0.32275,-0.0009358762,
0.323,0.0083277933,
0.32325,0.0058068573,
0.3235,-0.0010663032,
0.32375,0.0030686534,
0.324,-0.0226441287,
0.32425,-0.0159930140,
0.3245,-0.0073025334,
0.32475,-0.0319287814,
0.325,-0.0103618242,
0.32525,-0.0030600980,
0.3255,-0.0059140697,
0.32575,-0.0142250936,
0.326,-0.0111282449,
0.32625,-0.0035814857,
0.3265,-0.0035635112,
0.32675,-0.0058644456,
0.327,-0.0092385765,
0.32725,-0.0181405414,
0.3275,0.0113604888,
0.32775,-0.0320824273,
0.328,-0.0106409267,
0.32825,0.0049499236,
0.3285,0.0119534843,
0.32875,-0.0082371663,
0.329,-0.0232030898,
0.32925,-0.0067171380,
0.3295,-0.0014457969,
0.32975,-0.0243300423,
0.33,-0.0292375870,
0.33025,-0.0488972366,
0.3305,-0.0072279526,
0.33075,-0.0019691926,
0.331,-0.0132378265,
0.33125,0.0036631559,
0.3315,-0.0005554414,
0.33175,-0.0068915393,
0.332,-0.0025107050,
0.33225,0.0142448656,
0.3325,0.0110974982,
0.33275,-0.0003212781,
0.333,0.0006259457,
0.33325,0.0025198744,
0.3335,-0.0173295271,
0.33375,-0.0295046940,
0.334,-0.0203789007,
0.33425,0.0000291233,
0.3345,-0.0293553993,
0.33475,-0.0227036998,
0.335,-0.0151949637,
0.33525,-0.0192406978,
0.3355,0.0003908106,
0.33575,-0.0157670714,
0.336,-0.0007701718,
0.33625,0.0076940879,
0.3365,0.0069583119,
0.33675,0.0063887276,
0.337,0.0070506609,
0.33725,0.0151938396,
0.3375,0.0004629580,
0.33775,-0.0104492847,
0.338,-0.0031264706,
0.33825,0.0003847269,
0.3385,-0.0009579646,
0.33875,-0.0130624846,
0.339,0.0026602775,
0.33925,0.0089778956,
0.3395,0.0010649711,
0.33975,-0.0108729806,
0.34,-0.0003890381,
0.34025,-0.0103351120,
0.3405,-0.0049482794,
0.34075,-0.0166733544,
0.341,-0.0114448667,
0.34125,0.0163909066,
0.3415,-0.0009602808,
0.34175,0.0017235616,
0.342,0.0040368820,
0.34225,0.0118918363,
0.3425,0.0085040201,
0.34275,-0.0039065084,
0.343,-0.0125036342,
0.34325,0.0082770353,
0.3435,-0.0009264711,
0.34375,0.0087536061,
0.344,0.0035439210,
0.34425,0.0112917703,
0.3445,0.0026932175,
0.34475,-0.0091948761,
0.345,-0.0102061294,
0.34525,-0.0071643107,
0.3455,-0.0316429697,
0.34575,-0.0173904616,
0.346,-0.0095349308,
0.34625,-0.0169509612,
0.3465,-0.0405469313,
0.34675,-0.0119601917,
0.347,-0.0004826224,
0.34725,0.0179358404,
0.3475,0.0134243621,
0.34775,0.0120498370,
0.348,0.0162781738,
0.34825,0.0122984238,
0.3485,0.0033554677,
0.34875,0.0040511372,
0.349,0.0034994234,
0.34925,0.0182720982,
0.3495,0.0025989604,
0.34975,-0.0047267000,
0.35,0.0086410940,
0.35025,0.0206094757,
0.3505,0.0037914340,
0.35075,0.0080435453,
0.351,0.0047518364,
0.35125,0.0196211822,
0.3515,-0.0225823279,
0.35175,0.0034190421,
0.352,0.0137895886,
0.35225,-0.0067234142,
0.3525,-0.0018394962,
0.35275,-0.0013617856,
0.353,-0.0079560271,
0.35325,0.0030528610,
0.3535,0.0222114474,
0.35375,0.0074442294,
0.354,0.0117194168,
0.35425,0.0164531805,
0.3545,-0.0012264017,
0.35475,0.0047724983,
0.355,0.0089917602,
0.35525,0.0019032158,
0.3555,-0.0297727063,
0.35575,-0.0086823730,
0.356,-0.0072143916,
0.35625,-0.0187035035,
0.3565,-0.0167227741,
0.35675,-0.0118726548,
0.357,-0.0038845190,
0.35725,-0.0185952689,
0.3575,-0.0065767122,
0.35775,-0.0012239807,
0.358,0.0115884673,
0.35825,0.0069269193,
0.3585,0.0086088097,
0.35875,0.0084404340,
0.359,-0.0065080598,
0.35925,0.0083414745,
0.3595,0.0071049705,
0.35975,0.0016857209,
0.36,0.0228827931,
0.36025,-0.0006118224,
0.3605,-0.0014764041,
0.36075,0.0098583251,
0.361,0.0102130743,
0.36125,0.0069302050,
0.3615,-0.0107353786,
0.36175,-0.0087091643,
0.362,-0.0186494496,
0.36225,0.0041647479,
0.3625,-0.0025338631,
0.36275,0.0031004106,
0.363,0.0115431864,
0.36325,0.0081881620,
0.3635,0.0051563233,
0.36375,-0.0073120701,
0.364,0.0183802769,
0.36425,0.0257163513,
0.3645,0.0019106957,
0.36475,0.0307819452,
0.365,0.0130118504,
0.36525,0.0075685671,
0.3655,0.0182579011,
0.36575,0.0189392623,
0.366,0.0086733131,
0.36625,-0.0075080986,
0.3665,-0.0097058658,
0.36675,-0.0149851488,
0.367,-0.0367227718,
0.36725,-0.0144794025,
0.3675,-0.0044173878,
0.36775,0.0016887437,
0.368,-0.0004344508,
0.36825,-0.0114759011,
0.3685,0.0001541608,
0.36875,0.0128334304,
0.369,0.0202151872,
0.36925,0.0101479087,
0.3695,0.0061849914,
0.36975,0.0163290165,
0.37,0.0154835284,
0.37025,-0.0068293088,
0.3705,0.0094442787,
0.37075,0.0135267619,
0.371,0.0097674113,
0.37125,0.0023511560,
0.3715,0.0047246674,
0.37175,-0.0050280355,
0.372,0.0174005702,
0.37225,-0.0017203318,
0.3725,-0.0007758688,
0.37275,0.0100590549,
0.373,0.0171058178,
0.37325,-0.0171519853,
0.3735,-0.0075329132,
0.37375,0.0110488031,
0.374,0.0045986520,
0.37425,-0.0063432148,
0.3745,0.0149127990,
0.37475,0.0175363272,
0.375,0.0116620818,
0.37525,0.0194528177,
0.3755,0.0150318174,
0.37575,0.0041031679,
0.376,0.0163446777,
0.37625,0.0180177465,
0.3765,-0.0143946353,
0.37675,0.0016193632,
0.377,0.0038510743,
0.37725,-0.0280990247,
0.3775,-0.0169807076,
0.37775,-0.0135419108,
0.378,-0.0105631575,
0.37825,-0.0157456994,
0.3785,0.0067083216,
0.37875,0.0129214665,
0.379,0.0099094287,
0.37925,0.0029632407,
0.3795,0.0227707662,
0.37975,0.0201586969,
0.38,0.0242957920,
0.38025,0.0184251815,
0.3805,0.0223558135,
0.38075,0.0244408585,
0.381,0.0085715400,
0.38125,0.0087046428,
0.3815,0.0085861003,
0.38175,0.0204933900,
0.382,0.0056085875,
0.38225,0.0001372089,
0.3825,-0.0043511391,
0.38275,0.0160510633,
0.383,-0.0128967054,
0.38325,0.0012343207,
0.3835,0.0053299842,
0.38375,0.0220307894,
0.384,-0.0184226520,
0.38425,0.0040118648,
0.3845,0.0200175419,
0.38475,0.0092479233,
0.385,0.0141431503,
0.38525,0.0092456080,
0.3855,-0.0071774637,
0.38575,0.0101016741,
0.386,-0.0008092601,
0.38625,-0.0018597698,
0.3865,0.0211346317,
0.38675,0.0128676053,
0.387,0.0074128178,
0.38725,0.0055035595,
0.3875,0.0160010457,
0.38775,0.0099872295,
0.388,-0.0244738162,
0.38825,-0.0120679429,
0.3885,0.0075841229,
0.38875,-0.0075055417,
0.389,-0.0189741999,
0.38925,-0.0042928322,
0.3895,0.0146056619,
0.38975,-0.0019343593,
0.39,0.0033745926,
0.39025,0.0011244545,
0.3905,0.0161120184,
0.39075,0.0040497757,
0.391,0.0024268422,
0.39125,0.0039234329,
0.3915,0.0171422288,
0.39175,0.0050352165,
0.392,0.0078816675,
0.39225,-0.0042235251,
0.3925,0.0162337236,
0.39275,0.0041079554,
0.393,0.0052901199,
0.39325,-0.0216141976,
0.3935,-0.0127811357,
0.39375,-0.0125615541,
0.394,-0.0348734632,
0.39425,-0.0214960501,
0.3945,0.0004748592,
0.39475,0.0062611634,
0.395,-0.0367596149,
0.39525,-0.0070416159,
0.3955,0.0040238025,
0.39575,-0.0009411968,
0.396,0.0028116151,
0.39625,0.0068252161,
0.3965,0.0000749207,
0.39675,0.0156320278,
0.397,0.0006462968,
0.39725,0.0125589371,
0.3975,-0.0003450502,
0.39775,-0.0014804326,
0.398,-0.0108177541,
0.39825,-0.0283923727,
0.3985,-0.0062983348,
0.39875,-0.0250481516,
0.399,-0.0270613655,
0.39925,-0.0266838428,
0.3995,-0.0310201775,
0.39975,-0.0254088193,
0.4,-0.0267074220,
0.40025,-0.0193946417,
0.4005,0.0128898872,
0.40075,0.0031110703,
0.401,-0.0025395509,
0.40125,0.0232279506,
0.4015,0.0064054755,
0.40175,0.0040234248,
0.402,-0.0037242025,
0.40225,0.0108627705,
0.4025,-0.0008756187,
0.40275,0.0049868859,
0.403,-0.0085213045,
0.40325,0.0043506357,
0.4035,-0.0076013296,
0.40375,0.0132957213,
0.404,-0.0573672317,
0.40425,-0.0285754502,
0.4045,0.0110642165,
0.40475,-0.0260677543,
0.405,-0.0163668524,
0.40525,-0.0055232267,
0.4055,0.0020584322,
0.40575,-0.0099873841,
0.406,-0.0054297387,
0.40625,-0.0037911790,
0.4065,-0.0071332604,
0.40675,-0.0029358247,
0.407,-0.0029482564,
0.40725,0.0036048621,
0.4075,0.0243460666,
0.40775,-0.0086955661,
0.408,-0.0058614714,
0.40825,0.0093049537,
0.4085,-0.0083487052,
0.40875,0.0052294047,
0.409,-0.0195042491,
0.40925,-0.0052697212,
0.4095,-0.0164753236,
0.40975,-0.0216741040,
0.41,-0.0472724028,
0.41025,-0.0259306133,
0.4105,-0.0062578367,
0.41075,-0.0549072810,
0.411,-0.0044412082,
0.41125,0.0017395695,
0.4115,0.0133017041,
0.41175,-0.0093648667,
0.412,0.0211634263,
0.41225,0.0120666670,
0.4125,0.0158441029,
0.41275,-0.0144874677,
0.413,0.0025355665,
0.41325,0.0129826004,
0.4135,-0.0005968609,
0.41375,-0.0093615651,
0.414,-0.0151319532,
0.41425,0.0113239568,
0.4145,-0.0007656536,
0.41475,0.0009840629,
0.415,-0.0123109305,
0.41525,-0.0025518143,
0.4155,-0.0051353010,
0.41575,-0.0044462089,
0.416,-0.0020158768,
0.41625,0.0218348410,
0.4165,-0.0077794874,
0.41675,-0.0200197659,
0.417,0.0090484452,
0.41725,0.0135583347,
0.4175,0.0001262879,
0.41775,-0.0022056198,
0.418,0.0039971871,
0.41825,0.0054720272,
0.4185,0.0025605413,
0.41875,-0.0030469960,
0.419,0.0230167918,
0.41925,0.0110363029,
0.4195,-0.0047772638,
0.41975,-0.0018356266,
0.42,0.0080710938,
0.42025,0.0067478986,
0.4205,-0.0024970225,
0.42075,-0.0068870937,
0.421,0.0013156167,
0.42125,0.0080958586,
0.4215,0.0010214800,
0.42175,-0.0040117782,
0.422,-0.0003361384,
0.42225,0.0161265638,
0.4225,-0.0038137289,
0.42275,0.0026393335,
0.423,0.0171313584,
0.42325,0.0193492491,
0.4235,-0.0085010761,
0.42375,0.0019866531,
0.424,0.0257779323,
0.42425,0.0118511673,
0.4245,0.0159457158,
0.42475,0.0111675076,
0.425,0.0141030718,
0.42525,0.0212808102,
0.4255,0.0147398673,
0.42575,-0.0424694605,
0.426,0.0046017682,
0.42625,-0.0070407060,
0.4265,-0.0057025608,
0.42675,-0.0119730178,
0.427,0.0053697778,
0.42725,-0.0034749433,
0.4275,-0.0131009249,
0.42775,0.0057829022,
0.428,0.0104976408,
0.42825,0.0084307864,
0.4285,-0.0013093094,
0.42875,0.0042140270,
0.429,0.0097701121,
0.42925,0.0203550253,
0.4295,-0.0024155208,
0.42975,0.0181335006,
0.43,0.0157836340,
0.43025,0.0123587549,
0.4305,0.0123550277,
0.43075,0.0029541482,
0.431,0.0186045617,
0.43125,0.0001694571,
0.4315,0.0020862003,
0.43175,-0.0030694550,
0.432,0.0070251618,
0.43225,-0.0051937317,
0.4325,-0.0076893708,
0.43275,-0.0279603414,
0.433,-0.0036254842,
0.43325,-0.0045629581,
0.4335,-0.0087496154,
0.43375,0.0043944856,
0.434,0.0024166941,
0.43425,0.0032182001,
0.4345,-0.0021555112,
0.43475,0.0125206998,
0.435,0.0041544707,
0.43525,0.0061826105,
0.4355,-0.0173129663,
0.43575,-0.0040795812,
0.436,0.0015009741,
0.43625,-0.0155666657,
0.4365,0.0010218685,
0.43675,-0.0142940152,
0.437,-0.0092024701,
0.43725,-0.0128684305,
0.4375,-0.0100498600,
0.43775,-0.0105280243,
0.438,0.0101128388,
0.43825,-0.0067071263,
0.4385,0.0028539584,
0.43875,0.0023674713,
0.439,0.0001110821,
0.43925,0.0029234241,
0.4395,-0.0082653845,
0.43975,-0.0073651075,
0.44,0.0097563127,
0.44025,-0.0133493245,
0.4405,-0.0028208070,
0.44075,0.0137367891,
0.441,-0.0398862958,
0.44125,-0.1197575852,
0.4415,-0.0040027075,
0.44175,-0.0066381870,
0.442,-0.0066915574,
0.44225,-0.0360820517,
0.4425,-0.0128806196,
0.44275,-0.0057841148,
0.443,-0.0212861933,
0.44325,-0.0211783145,
0.4435,-0.0085391058,
0.44375,-0.0034232759,
0.444,-0.0129694231,
0.44425,-0.0119466754,
0.4445,0.0027504442,
0.44475,0.0029206439,
0.445,-0.0078059640,
0.44525,0.0026910179,
0.4455,-0.0140426736,
0.44575,-0.0043654679,
0.446,0.0176170524,
0.44625,-0.0136814164,
0.4465,-0.0113204066,
0.44675,0.0056588063,
0.447,0.0033381416,
0.44725,-0.0155299865,
0.4475,-0.0222553834,
0.44775,-0.0117432149,
0.448,-0.0096298568,
0.44825,-0.0124023668,
0.4485,-0.0095616430,
0.44875,0.0124492776,
0.449,-0.0038930951,
0.44925,-0.0114646163,
0.4495,0.0041202982,
0.44975,-0.0076036490,
0.45,-0.0007584613,
0.45025,-0.0001203976,
0.4505,-0.0078428891,
0.45075,-0.0177401043,
0.451,-0.0119202482,
0.45125,-0.0177935436,
0.4515,-0.0091617294,
0.45175,0.0080352761,
0.452,-0.0015178083,
0.45225,-0.0326369293,
0.4525,-0.0281745195,
0.45275,0.0119973831,
0.453,-0.0236861426,
0.45325,-0.0181519166,
0.4535,-0.0088953674,
0.45375,0.0044267913,
0.454,-0.0104475068,
0.45425,-0.0185583532,
0.4545,-0.0169626176,
0.45475,-0.0037711444,
0.455,-0.0018360049,
0.45525,0.0065611964,
0.4555,0.0026236074,
0.45575,0.0195527095,
0.456,0.0001623184,
0.45625,-0.0176216625,
0.4565,0.0138319377,
0.45675,0.0017122300,
0.457,0.0133127011,
0.45725,0.0029941553,
0.4575,0.0113222376,
0.45775,0.0066096447,
0.458,0.0048574302,
0.45825,-0.0024707883,
0.4585,-0.0111715980,
0.45875,-0.0133866519,
0.459,-0.0252114888,
0.45925,-0.0054015303,
0.4595,0.0124003170,
0.45975,0.0101604685,
0.46,-0.0097442660,
0.46025,0.0115997288,
0.4605,0.0144842546,
0.46075,0.0075162570,
0.461,0.0171323977,
0.46125,0.0115501611,
0.4615,0.0079003591,
0.46175,0.0129201915,
0.462,0.0033694953,
0.46225,0.0025741605,
0.4625,0.0113531929,
0.46275,0.0146172745,
0.463,-0.0009447698,
0.46325,-0.0001477911,
0.4635,0.0223744512,
0.46375,0.0200641118,
0.464,-0.0004896449,
0.46425,-0.0010179119,
0.4645,0.0093690846,
0.46475,0.0297267567,
0.465,0.0064170742,
0.46525,-0.0012192974,
0.4655,0.0168858953,
0.46575,0.0026650715,
0.466,-0.0036567003,
0.46625,0.0170087609,
0.4665,0.0112151075,
0.46675,0.0158251300,
0.467,0.0186783615,
0.46725,0.0118203079,
0.4675,0.0270211902,
0.46775,0.0382621996,
0.468,0.0050054006,
0.46825,0.0142760528,
0.4685,0.0124126663,
0.46875,0.0254945476,
0.469,0.0002385470,
0.46925,0.0028657140,
0.4695,0.0101165995,
0.46975,-0.0138834538,
0.47,-0.0021118091,
0.47025,0.0104930028,
0.4705,0.0096145133,
0.47075,0.0167136341,
0.471,0.0198770277,
0.47125,0.0112321405,
0.4715,0.0082050385,
0.47175,0.0338130854,
0.472,0.0186961796,
0.47225,0.0196970738,
0.4725,0.0219368115,
0.47275,0.0222182423,
0.473,0.0217507333,
0.47325,0.0171723384,
0.4735,0.0239622425,
0.47375,0.0016885885,
0.474,-0.0110781556,
0.47425,0.0045503438,
0.4745,0.0082688816,
0.47475,-0.0006844398,
0.475,-0.0190408733,
0.47525,0.0087830573,
0.4755,0.0159310140,
0.47575,0.0028810273,
0.476,-0.0012477420,
0.47625,0.0245341398,
0.4765,0.0188606009,
0.47675,0.0079881959,
0.477,0.0221316107,
0.47725,0.0137742907,
0.4775,0.0260259192,
0.47775,0.0169014409,
0.478,0.0037323833,
0.47825,0.0192258041,
0.4785,0.0206835289,
0.47875,0.0177818649,
0.479,0.0089121917,
0.47925,0.0007396069,
0.4795,0.0144417398,
0.47975,0.0106639089,
0.48,-0.0098965038,
0.48025,-0.0003428306,
0.4805,0.0092082480,
0.48075,0.0044255173,
0.481,-0.0105279461,
0.48125,0.0192094389,
0.4815,0.0186792631,
0.48175,0.0113050090,
0.482,0.0038406425,
0.48225,0.0149659142,
0.4825,0.0063272011,
0.48275,0.0134625733,
0.483,-0.0082449140,
0.48325,0.0103482977,
0.4835,0.0114684943,
0.48375,0.0117879743,
0.484,-0.0064672292,
0.48425,0.0040513133,
0.4845,-0.0066822767,
0.48475,-0.0229981169,
0.485,-0.0230562389,
0.48525,-0.0031853905,
0.4855,0.0006478984,
0.48575,-0.0078432886,
0.486,-0.0044521810,
0.48625,0.0153034134,
0.4865,0.0040623364,
0.48675,0.0070863548,
0.487,0.0124796629,
0.48725,0.0126327258,
0.4875,0.0024918385,
0.48775,0.0154152345,
0.488,0.0001003885,
0.48825,0.0011419186,
0.4885,0.0137824276,
0.48875,0.0007296047,
0.489,-0.0133625716,
0.48925,0.0176129397,
0.4895,0.0110835629,
0.48975,-0.0152699314,
0.49,-0.0075484281,
0.49025,0.0038638627,
0.4905,-0.0023027738,
0.49075,-0.0066750478,
0.491,0.0004665235,
0.49125,-0.0063209739,
0.4915,-0.0129301092,
0.49175,0.0005768655,
0.492,0.0035842622,
0.49225,0.0022721498,
0.4925,-0.0050277878,
0.49275,0.0059814025,
0.493,-0.0153152868,
0.49325,-0.0121299131,
0.4935,0.0043654703,
0.49375,-0.0026735561,
0.494,-0.0095484406,
0.49425,-0.0002299223,
0.4945,-0.0064919610,
0.49475,-0.0050649280,
0.495,-0.0121109318,
0.49525,0.0064138696,
0.4955,-0.0057758675,
0.49575,-0.0228609852,
0.496,-0.0108942585,
0.49625,0.0031376167,
0.4965,-0.0131732877,
0.49675,-0.0381117351,
0.497,-0.0004810728,
0.49725,-0.0065156328,
0.4975,0.0034280987,
0.49775,-0.0225498043,
0.498,0.0026228165,
0.49825,-0.0023312981,
0.4985,-0.0168440640,
0.49875,-0.0023356350,
0.499,0.0057583889,
0.49925,0.0153644383,
0.4995,0.0006753076,
0.49975,0.0075297393,
0.5,-0.0013786404,
0.50025,0.0287814960,
0.5005,-0.0358042568,
0.50075,-0.0195206963,
0.501,-0.0085063614,
0.50125,-0.0033029423,
0.5015,-0.0308791101,
0.50175,-0.0115431612,
0.502,-0.0041150991,
0.50225,-0.0184962004,
0.5025,-0.0165642630,
0.50275,-0.0301569719,
0.503,0.0055421209,
0.50325,0.0103455912,
0.5035,-0.0050290590,
0.50375,0.0000105645,
0.504,-0.0001485936,
0.50425,0.0048796767,
0.5045,0.0028729686,
0.50475,-0.0118887099,
0.505,-0.0062753651,
0.50525,0.0023802877,
0.5055,-0.0183761753,
0.50575,-0.0112329237,
0.506,0.0141265979,
0.50625,0.0193974990,
0.5065,-0.0331507809,
0.50675,-0.0227168277,
0.507,0.0071883718,
0.50725,0.0037090103,
0.5075,-0.0053117946,
0.50775,0.0066018403,
0.508,0.0199624747,
0.50825,-0.0015405302,
0.5085,0.0024915396,
0.50875,0.0074774702,
0.509,-0.0005551310,
0.50925,0.0114052417,
0.5095,-0.0150350956,
0.50975,0.0248619169,
0.51,0.0079063680,
0.51025,-0.0465283208,
0.5105,0.0076381089,
0.51075,-0.0706512332,
0.511,-0.0206480008,
0.51125,0.0261416864,
0.5115,0.0040179905,
0.51175,-0.0236217771,
0.512,-0.0052490924,
0.51225,-0.0126946671,
0.5125,-0.0220241956,
0.51275,-0.0284105148,
0.513,0.0184213556,
0.51325,0.0106164115,
0.5135,-0.0095417146,
0.51375,0.0070860279,
0.514,0.0150606874,
0.51425,-0.0063964841,
0.5145,0.0078877546,
0.51475,0.0133182807,
0.515,0.0185463596,
0.51525,0.0179051813,
0.5155,-0.0043009026,
0.51575,0.0058140680,
0.516,0.0209602751,
0.51625,-0.0012286594,
0.5165,0.0240001976,
0.51675,0.0294621028,
0.517,0.0152403321,
0.51725,-0.0058082491,
0.5175,0.0097716833,
0.51775,0.0149258729,
0.518,-0.0151270200,
0.51825,-0.0182725266,
0.5185,-0.0375418589,
0.51875,-0.0283253975,
0.519,0.0057250145,
0.51925,0.0006333097,
0.5195,-0.0182265025,
0.51975,0.0154452212,
0.52,0.0107496232,
0.52025,-0.0019123449,
0.5205,-0.0039167311,
0.52075,0.0248282813,
0.521,0.0181400813,
0.52125,0.0028828359,
0.5215,-0.0006530444,
0.52175,0.0100793364,
0.522,0.0074072592,
0.52225,0.0006768535,
0.5225,-0.0064247036,
0.52275,-0.0049694655,
0.523,-0.0180128384,
0.52325,-0.0157509390,
0.5235,0.0009222736,
0.52375,0.0049189893,
0.524,0.0084280316,
0.52425,0.0071288650,
0.5245,-0.0032615098,
0.52475,0.0195017755,
0.525,0.0108926883,
0.52525,0.0056432988,
0.5255,0.0041413326,
0.52575,0.0043682614,
0.526,0.0045563048,
0.52625,0.0016173070,
0.5265,0.0032333357,
0.52675,0.0013613454,
0.527,-0.0075947815,
0.52725,0.0057425438,
0.5275,-0.0054825987,
0.52775,0.0026868437,
0.528,-0.0051892782,
0.52825,0.0012890780,
0.5285,-0.0136397928,
0.52875,0.0080067394,
0.529,0.0028886017,
0.52925,-0.0268214773,
0.5295,-0.0056328536,
0.52975,-0.0046577859,
0.53,-0.0101171983,
0.53025,-0.0095109111,
0.5305,-0.0098730549,
0.53075,-0.0086784465,
0.531,-0.0002180096,
0.53125,-0.0051491796,
0.5315,-0.0080007110,
0.53175,-0.0069716759,
0.532,-0.0074065942,
0.53225,-0.0195871145,
0.5325,-0.0180856735,
0.53275,-0.0000330518,
0.533,-0.0069855144,
0.53325,-0.0182922482,
0.5335,-0.0351088643,
0.53375,-0.0130790798,
0.534,-0.0375320837,
0.53425,-0.0213201549,
0.5345,-0.0174410641,
0.53475,0.0082168132,
0.535,-0.0113812843,
0.53525,-0.0172240827,
0.5355,-0.0073943092,
0.53575,0.0083855996,
0.536,-0.0041820314,
0.53625,-0.0091776773,
0.5365,-0.0202279910,
0.53675,-0.0081588067,
0.537,-0.0029545617,
0.53725,-0.0107748108,
0.5375,0.0057918467,
0.53775,-0.0038590913,
0.538,-0.0129395155,
0.53825,-0.0158383660,
0.5385,-0.0152936783,
0.53875,0.0086043058,
0.539,-0.0459408239,
0.53925,-0.0238320325,
0.5395,-0.0000974776,
0.53975,-0.0071812337,
0.54,-0.0248000510,
0.54025,-0.0261116605,
0.5405,-0.0180008858,
0.54075,-0.0103334710,
0.541,-0.0130710471,
0.54125,-0.0099887252,
0.5415,-0.0020903642,
0.54175,-0.0135790259,
0.542,-0.0144510362,
0.54225,-0.0251549650,
0.5425,0.0177603848,
0.54275,-0.0012384966,
0.543,0.0002983076,
0.54325,-0.0011106642,
0.5435,0.0051572584,
0.54375,-0.0133084711,
0.544,-0.0074766898,
0.54425,-0.0098250769,
0.5445,-0.0081863552,
0.54475,-0.0081289485,
0.545,-0.0201703832,
0.54525,0.0025669560,
0.5455,-0.0065515288,
0.54575,0.0028875801,
0.546,0.0016026344,
0.54625,0.0015123719,
0.5465,0.0109825358,
0.54675,0.0086403489,
0.547,-0.0024835924,
0.54725,0.0088660903,
0.5475,0.0089439293,
0.54775,0.0054537249,
0.548,-0.0035503784,
0.54825,0.0065313205,
0.5485,-0.0000926091,
0.54875,-0.0150401313,
0.549,-0.0063298754,
0.54925,-0.0010554350,
0.5495,-0.0244135242,
0.54975,-0.0151057690,
0.55,-0.0281777438,
0.55025,-0.0154495938,
0.5505,0.0041207178,
0.55075,0.0063679949,
0.551,-0.0108219786,
0.55125,0.0120477229,
0.5515,0.0053704223,
0.55175,-0.0382530354,
0.552,-0.0046317801,
0.55225,0.0126231080,
0.5525,-0.0042997394,
0.55275,-0.0038378418,
0.553,-0.0030142935,
0.55325,0.0228813495,
0.5535,0.0084651932,
0.55375,0.0222396087,
0.554,-0.0280552134,
0.55425,-0.0151944887,
0.5545,0.0035032732,
0.55475,0.0060238801,
0.555,0.0031943538,
0.55525,-0.0144049376,
0.5555,0.0031771669,
0.55575,0.0006954967,
0.556,-0.0156457406,
0.55625,0.0084305322,
0.5565,0.0112636117,
0.55675,0.0199547764,
0.557,0.0141617302,
0.55725,0.0138304802,
0.5575,0.0087825460,
0.55775,0.0036916081,
0.558,0.0004671682,
0.55825,0.0091751395,
0.5585,0.0033054524,
0.55875,0.0090278480,
0.559,0.0093614571,
0.55925,0.0145706758,
0.5595,0.0095967641,
0.55975,0.0008424518,
0.56,-0.0042142952,
0.56025,0.0027908592,
0.5605,-0.0059565571,
0.56075,-0.0234836861,
0.561,0.0065634614,
0.56125,0.0190479327,
0.5615,0.0095816767,
0.56175,-0.0027728677,
0.562,-0.0121222381,
0.56225,-0.0075232340,
0.5625,-0.0049357479,
0.56275,-0.0074475682,
0.563,0.0077586137,
0.56325,0.0053731487,
0.5635,0.0190958641,
0.56375,-0.0185770802,
0.564,0.0054396312,
0.56425,0.0314363018,
0.5645,0.0115663428,
0.56475,0.0196109507,
0.565,0.0173021425,
0.56525,0.0188859254,
0.5655,0.0127278119,
0.56575,0.0224579349,
0.566,0.0052581299,
0.56625,0.0033976086,
0.5665,-0.0126184449,
0.56675,-0.0138470614,
0.567,0.0046308683,
0.56725,0.0097575299,
0.5675,0.0095337108,
0.56775,0.0103084100,
0.568,0.0155730071,
0.56825,0.0181544870,
0.5685,0.0151028894,
0.56875,0.0212220009,
0.569,-0.0029568970,
0.56925,0.0285289064,
0.5695,0.0118603688,
0.56975,-0.0063923392,
0.57,0.0029533540,
0.57025,0.0235546734,
0.5705,-0.0285311975,
0.57075,-0.0320821702,
0.571,0.0046674013,
0.57125,0.0021167935,
0.5715,0.0046672444,
0.57175,0.0092896735,
0.572,0.0008561615,
0.57225,0.0041618599,
0.5725,0.0116809970,
0.57275,-0.0036395048,
0.573,0.0070738504,
0.57325,0.0224017743,
0.5735,0.0149845248,
0.57375,0.0201653577,
0.574,0.0197299104,
0.57425,0.0094653778,
0.5745,0.0267732441,
0.57475,0.0089665493,
0.575,0.0047414238,
0.57525,0.0291420706,
0.5755,0.0210735910,
0.57575,-0.0096848579,
0.576,0.0243317261,
0.57625,0.0189977046,
0.5765,-0.0120456815,
0.57675,-0.0271565244,
0.577,0.0157748014,
0.57725,0.0062782275,
0.5775,-0.0133169945,
0.57775,0.0044413148,
0.578,0.0171838589,
0.57825,0.0063126050,
0.5785,0.0129906842,
0.57875,0.0162892640,
0.579,0.0038870994,
0.57925,0.0021906516,
0.5795,0.0087604141,
0.57975,-0.0011328899,
0.58,0.0017476820,
0.58025,0.0171427391,
0.5805,0.0189107396,
0.58075,-0.0073313201,
0.581,0.0103907734,
0.58125,-0.0049114153,
0.5815,-0.0117001347,
0.58175,-0.0163021088,
0.582,0.0044218712,
0.58225,-0.0016156806,
0.5825,-0.0291295070,
0.58275,-0.0007461052,
0.583,0.0118432380,
0.58325,-0.0055212658,
0.5835,-0.0130923074,
0.58375,0.0040809652,
0.584,0.0099947527,
0.58425,0.0005672073,
0.5845,-0.0121183796,
0.58475,0.0150343813,
0.585,0.0177200902,
0.58525,0.0230980869,
0.5855,-0.0172816329,
0.58575,0.0141720334,
0.586,0.0200207345,
0.58625,0.0043838769,
0.5865,-0.0035141157,
0.58675,0.0087666754,
0.587,0.0009831148,
0.58725,0.0006887891,
0.5875,-0.0038042855,
0.58775,-0.0195513126,
0.588,-0.0031334579,
0.58825,-0.0317137986,
0.5885,-0.0164476521,
0.58875,0.0037834244,
0.589,0.0130403917,
0.58925,0.0081385262,
0.5895,0.0007887321,
0.58975,0.0058220071,
0.59,0.0104069142,
0.59025,0.0075817639,
0.5905,0.0014116430,
0.59075,0.0005435460,
0.591,0.0134996641,
0.59125,0.0134468731,
0.5915,-0.0022404722,
0.59175,0.0088295881,
0.592,0.0064568990,
0.59225,-0.0008551826,
0.5925,-0.0252766050,
0.59275,-0.0012542476,
0.593,-0.0072837481,
0.59325,-0.0055948338,
0.5935,-0.0166591592,
0.59375,0.0030264959,
0.594,0.0174428001,
0.59425,-0.0117661748,
0.5945,-0.0060310746,
0.59475,0.0076165944,
0.595,0.0060935859,
0.59525,-0.0057256827,
0.5955,0.0124681089,
0.59575,0.0145987589,
0.596,0.0166883096,
0.59625,0.0150246881,
0.5965,0.0096250158,
0.59675,0.0045112092,
0.597,0.0265022330,
0.59725,0.0143198716,
0.5975,-0.0070242705,
0.59775,0.0143558178,
0.598,0.0040780073,
0.59825,-0.0183592439,
0.5985,-0.0059661549,
0.59875,-0.0105645619,
0.599,-0.0218197182,
0.59925,-0.0058579566,
0.5995,-0.0247491244,
0.59975,-0.0215362087,
0.6,-0.0046267752,
0.60025,-0.0241223518,
0.6005,-0.0074485037,
0.60075,0.0018292504,
0.601,0.0206729919,
0.60125,0.0097470274,
0.6015,0.0102770235,
0.60175,0.0056026219,
0.602,-0.0157508291,
0.60225,-0.0022363300,
0.6025,-0.0301889144,
0.60275,-0.0203461219,
0.603,-0.0341392234,
0.60325,-0.0317819454,
0.6035,0.0025654603,
0.60375,0.0002160053,
0.604,0.0148730576,
0.60425,-0.0120388996,
0.6045,-0.0076551572,
0.60475,-0.0125901029,
0.605,0.0087898104,
0.60525,0.0111446632,
0.6055,0.0194385238,
0.60575,0.0185134634,
0.606,-0.0000212072,
0.60625,0.0019055591,
0.6065,0.0016840652,
0.60675,-0.0007125028,
0.607,-0.0013061727,
0.60725,-0.0078684920,
0.6075,0.0019686178,
0.60775,0.0184807293,
0.608,0.0226328932,
0.60825,-0.0021473076,
0.6085,0.0065039182,
0.60875,0.0199501775,
0.609,0.0072917943,
0.60925,-0.0176498797,
0.6095,0.0096804360,
0.60975,0.0047222660,
0.61,-0.0175674185,
0.61025,-0.0260107405,
0.6105,-0.0050904052,
0.61075,-0.0000134246,
0.611,-0.0140840560,
0.61125,0.0064831530,
0.6115,0.0007515153,
0.61175,0.0182030443,
0.612,0.0045311959,
0.61225,0.0100485338,
0.6125,0.0125540998,
0.61275,0.0154841002,
0.613,-0.0045390860,
0.61325,0.0064638825,
0.6135,-0.0043364153,
0.61375,0.0016167389,
0.614,-0.0232752226,
0.61425,-0.0035394607,
0.6145,-0.0373220854,
0.61475,-0.0196985248,
0.615,-0.0305933245,
0.61525,-0.0026108101,
0.6155,0.0069325054,
0.61575,-0.0100553688,
0.616,-0.0264825560,
0.61625,0.0002688840,
0.6165,0.0022519913,
0.61675,0.0123250000,
0.617,-0.0042406027,
0.61725,-0.0032403814,
0.6175,0.0153964488,
0.61775,0.0205903165,
0.618,-0.0006870474,
0.61825,0.0133169051,
0.6185,0.0037764548,
0.61875,0.0016697191,
0.619,-0.0071325786,
0.61925,-0.0181623083,
0.6195,0.0058325073,
0.61975,0.0120942108,
0.62,-0.0180512872,
0.62025,-0.0136672482,
0.6205,-0.0174881369,
0.62075,-0.0429267399,
0.621,-0.0257751979,
0.62125,-0.0193247236,
0.6215,0.0151848216,
0.62175,-0.0085672308,
0.622,0.0035704672,
0.62225,0.0193301011,
0.6225,-0.0020308520,
0.62275,0.0080376482,
0.623,-0.0021846015,
0.62325,-0.0321987979,
0.6235,-0.0236596428,
0.62375,0.0036036784,
0.624,-0.0142484484,
0.62425,-0.0212241448,
0.6245,0.0020704956,
0.62475,-0.0086592846,
0.625,-0.0406653360,
0.62525,-0.0012162424,
0.6255,0.0078842053,
0.62575,-0.0299354382,
0.626,-0.0069318544,
0.62625,-0.0074038929,
0.6265,-0.0037301439,
0.62675,0.0090964893,
0.627,0.0005841821,
0.62725,0.0042247255,
0.6275,0.0110082896,
0.62775,0.0064176624,
0.628,-0.0142303407,
0.62825,0.0151349213,
0.6285,0.0015956762,
0.62875,-0.0053268131,
0.629,0.0042854776,
0.62925,0.0057961261,
0.6295,0.0045421124,
0.62975,0.0061061936,
0.63,-0.0180815179,
0.63025,-0.0348104052,
0.6305,-0.0343675502,
0.63075,-0.0226359852,
0.631,-0.0089883283,
0.63125,-0.0122038564,
0.6315,-0.0019384163,
0.63175,-0.0143489204,
0.632,-0.0019932401,
0.63225,-0.0022645597,
0.6325,0.0069885496,
0.63275,0.0109620718,
0.633,0.0027295300,
0.63325,0.0159592386,
0.6335,0.0202041958,
0.63375,-0.0044505713,
0.634,0.0036939341,
0.63425,-0.0130254216,
0.6345,-0.0125231799,
0.63475,-0.0366746373,
0.635,-0.0336680226,
0.63525,-0.0214789044,
0.6355,-0.0062941508,
0.63575,-0.0447780862,
0.636,-0.0243824683,
0.63625,-0.0114719961,
0.6365,-0.0038484077,
0.63675,-0.0045777792,
0.637,-0.0256225187,
0.63725,0.0110493395,
0.6375,-0.0051312312,
0.63775,-0.0038004611,
0.638,-0.0032319382,
0.63825,0.0039040660,
0.6385,-0.0081722476,
0.63875,-0.0121591901,
0.639,-0.0016077055,
0.63925,0.0049450910,
0.6395,0.0035340360,
0.63975,0.0038711841,
0.64,0.0011856607,
0.64025,0.0094731450,
0.6405,0.0248438977,
0.64075,-0.0021636849,
0.641,-0.0057492405,
0.64125,-0.0032295114,
0.6415,0.0022941835,
0.64175,-0.0387338363,
0.642,-0.0194130018,
0.64225,0.0043710968,
0.6425,0.0003722388,
0.64275,-0.0073074712,
0.643,0.0016134037,
0.64325,0.0009168155,
0.6435,-0.0112663405,
0.64375,0.0011605520,
0.644,0.0032602833,
0.64425,0.0003214251,
0.6445,-0.0102662146,
0.64475,-0.0121359620,
0.645,-0.0184806474,
0.64525,-0.0155851329,
0.6455,-0.0074876403,
0.64575,-0.0049215462,
0.646,-0.0080552241,
0.64625,-0.0048895017,
0.6465,-0.0165401623,
0.64675,-0.0313404351,
0.647,-0.0144636426,
0.64725,0.0137295052,
0.6475,-0.0046962760,
0.64775,0.0021815128,
0.648,0.0149121834,
0.64825,0.0090100272,
0.6485,0.0021519912,
0.64875,-0.0013280374,
0.649,0.0074487557,
0.64925,0.0060964432,
0.6495,0.0072658858,
0.64975,0.0044678194,
0.65,-0.0019219866,
0.65025,0.0303982459,
0.6505,-0.0007757082,
0.65075,-0.0151970228,
0.651,0.0072208927,
0.65125,0.0212151278,
0.6515,-0.0276609343,
0.65175,-0.0255667679,
0.652,-0.0046537109,
0.65225,-0.0074994192,
0.6525,-0.0098965578,
0.65275,0.0007263565,
0.653,0.0148617215,
0.65325,0.0152109396,
0.6535,0.0091622137,
0.65375,0.0030772083,
0.654,0.0082603926,
0.65425,0.0051681185,
0.6545,0.0053026564,
0.65475,-0.0071426486,
0.655,-0.0060642799,
0.65525,0.0120661967,
0.6555,0.0029305287,
0.65575,0.0026789587,
0.656,0.0156060029,
0.65625,0.0049194423,
0.6565,-0.0265567210,
0.65675,-0.0107446956,
0.657,0.0054196902,
0.65725,-0.0110105239,
0.6575,-0.0339190885,
0.65775,-0.0068067731,
0.658,0.0206905603,
0.65825,-0.0120197441,
0.6585,-0.0245969910,
0.65875,-0.0436659344,
0.659,0.0019358915,
0.65925,0.0033718185,
0.6595,-0.0026849329,
0.65975,0.0059123435,
0.66,0.0214482658,
0.66025,0.0047749961,
0.6605,-0.0037262030,
0.66075,0.0073210774,
0.661,0.0095214611,
0.66125,0.0103331674,
0.6615,0.0149929160,
0.66175,-0.0055601681,
0.662,0.0231222734,
0.66225,-0.0047334642,
0.6625,-0.0023394038,
0.66275,-0.0147748226,
0.663,-0.0154223293,
0.66325,-0.0016699042,
0.6635,-0.0330856033,
0.66375,0.0037006391,
0.664,0.0072952323,
0.66425,0.0079542827,
0.6645,0.0104791215,
0.66475,0.0068731671,
0.665,0.0057505490,
0.66525,0.0056863460,
0.6655,-0.0033854274,
0.66575,0.0018915695,
0.666,0.0051503433,
0.66625,0.0136101544,
0.6665,0.0252500568,
0.66675,0.0088672815,
0.667,0.0172656607,
0.66725,0.0065962342,
0.6675,-0.0029540025,
0.66775,-0.0082194097,
0.668,0.0070993714,
0.66825,-0.0037090299,
0.6685,-0.0108018517,
0.66875,0.0089201257,
0.669,0.0122126713,
0.66925,-0.0112852911,
0.6695,-0.0016679682,
0.66975,-0.0094052041,
0.67,0.0049222312,
0.67025,0.0017754133,
0.6705,0.0039635333,
0.67075,0.0139981974,
0.671,0.0067650783,
0.67125,0.0166537352,
0.6715,-0.0035071285,
0.67175,0.0144446660,
0.672,0.0153170601,
0.67225,-0.0057132938,
0.6725,-0.0026512088,
0.67275,-0.0125718880,
0.673,0.0039287023,
0.67325,-0.0008254338,
0.6735,-0.0170262177,
0.67375,-0.0038120837,
0.674,-0.0108799059,
0.67425,-0.0356813520,
0.6745,-0.0059157587,
0.67475,0.0116062453,
0.675,0.0067093666,
0.67525,0.0174526535,
0.6755,0.0036943411,
0.67575,0.0050634537,
0.676,0.0161627233,
0.67625,0.0167106763,
0.6765,-0.0020963023,
0.67675,-0.0038650425,
0.677,0.0157269444,
0.67725,0.0075050215,
0.6775,-0.0066463929,
0.67775,0.0154266963,
0.678,0.0163226835,
0.67825,-0.0018988218,
0.6785,-0.0043042060,
0.67875,0.0036359457,
0.679,-0.0006728217,
0.67925,-0.0092935618,
0.6795,0.0072407187,
0.67975,0.0226531960,
0.68,0.0168881137,
0.68025,-0.0012840754,
0.6805,0.0121403402,
0.68075,0.0127641130,
0.681,0.0141391587,
0.68125,0.0104590803,
0.6815,0.0260713622,
0.68175,0.0109629286,
0.682,0.0054136645,
0.68225,0.0091476813,
0.6825,0.0159320626,
0.68275,0.0149317700,
0.683,0.0220763851,
0.68325,0.0134818526,
0.6835,0.0012296925,
0.68375,0.0250546038,
0.684,0.0164800417,
0.68425,0.0092584249,
0.6845,-0.0061238925,
0.68475,0.0192446336,
0.685,0.0143000958,
0.68525,-0.0007119271,
0.6855,0.0137264747,
0.68575,0.0238473620,
0.686,0.0226697102,
0.68625,0.0027718008,
0.6865,0.0110249743,
0.68675,0.0225426145,
0.687,0.0038668849,
0.68725,-0.0066677178,
0.6875,0.0171739496,
0.68775,0.0083960136,
0.688,0.0120602129,
0.68825,0.0010843932,
0.6885,-0.0181995407,
0.68875,0.0149767054,
0.689,-0.0251409188,
0.68925,-0.0278511997,
0.6895,0.0099270958,
0.68975,0.0188669767,
0.69,-0.0115479771,
0.69025,0.0046457611,
0.6905,0.0201421343,
0.69075,0.0181835815,
0.691,0.0125890207,
0.69125,0.0126056653,
0.6915,0.0148137547,
0.69175,0.0160414875,
0.692,0.0079252459,
0.69225,0.0070152096,
0.6925,0.0253491662,
0.69275,0.0270825401,
0.693,0.0125872791,
0.69325,0.0070575587,
0.6935,0.0203034095,
0.69375,0.0173701234,
0.694,0.0342721194,
0.69425,-0.0025765502,
0.6945,0.0049880696,
0.69475,0.0088167889,
0.695,0.0120164743,
0.69525,-0.0064465096,
0.6955,-0.0002313181,
0.69575,-0.0002764320,
0.696,-0.0284969639,
0.69625,-0.0062156012,
0.6965,0.0117113199,
0.69675,0.0095616532,
0.697,0.0068354774,
0.69725,0.0076729613,
0.6975,0.0165902898,
0.69775,0.0136669679,
0.698,0.0139902476,
0.69825,0.0134090623,
0.6985,0.0057875458,
0.69875,0.0149037512,
0.699,0.0066668047,
0.69925,-0.0022145673,
0.6995,-0.0040819817,
0.69975,-0.0125931902,
0.7,-0.0195579678,
0.70025,-0.0056936471,
0.7005,-0.0028542900,
0.70075,-0.0056459527,
0.701,-0.0046134898,
0.70125,-0.0080613680,
0.7015,0.0225599259,
0.70175,0.0194222145,
0.702,-0.0049354760,
0.70225,0.0139475539,
0.7025,0.0264988914,
0.70275,0.0058589755,
0.703,0.0000625366,
0.70325,0.0229157787,
0.7035,0.0022801619,
0.70375,0.0023525637,
0.704,-0.0065650973,
0.70425,-0.0002688694,
0.7045,0.0029152145,
0.70475,-0.0018721224,
0.705,-0.0024720021,
0.70525,-0.0083662495,
0.7055,0.0032257196,
0.70575,0.0058452999,
0.706,-0.0008636030,
0.70625,-0.0177248158,
0.7065,-0.0074538775,
0.70675,-0.0016125215,
0.707,-0.0007996653,
0.70725,-0.0103832223,
0.7075,0.0066637071,
0.70775,0.0009871729,
0.708,-0.0053709322,
0.70825,0.0016672543,
0.7085,0.0003761951,
0.70875,-0.0064375838,
0.709,0.0029029488,
0.70925,-0.0072020683,
0.7095,0.0070430478,
0.70975,-0.0050962456,
0.71,-0.0034103312,
0.71025,0.0093834642,
0.7105,-0.0038947896,
0.71075,-0.0250239596,
0.711,-0.0159824658,
0.71125,-0.0049207690,
0.7115,-0.0144893210,
0.71175,-0.0194359683,
0.712,-0.0175618175,
0.71225,-0.0102874301,
0.7125,-0.0040176795,
0.71275,-0.0090695908,
0.713,0.0023781471,
0.71325,0.0082783811,
0.7135,0.0107377311,
0.71375,0.0046957089,
0.714,0.0058997553,
0.71425,0.0142211989,
0.7145,0.0176581293,
0.71475,-0.0065694433,
0.715,0.0032896115,
0.71525,0.0128035760,
0.7155,0.0073420806,
0.71575,-0.0132926935,
0.716,-0.0218008179,
0.71625,-0.0017519800,
0.7165,-0.0147074331,
0.71675,-0.0207786281,
0.717,-0.0258126203,
0.71725,0.0080225235,
0.7175,-0.0106389765,
0.71775,-0.0118038515,
0.718,0.0086907670,
0.71825,0.0010903114,
0.7185,0.0066808960,
0.71875,0.0022290822,
0.719,-0.0094066663,
0.71925,0.0099784341,
0.7195,0.0075606727,
0.71975,-0.0061608199,
0.72,0.0102687171,
0.72025,0.0107468087,
0.7205,0.0054479251,
0.72075,-0.0046204645,
0.721,0.0113155646,
0.72125,-0.0035249637,
0.7215,-0.0174067412,
0.72175,-0.0225331932,
0.722,-0.0228783321,
0.72225,-0.0053106644,
0.7225,0.0060412218,
0.72275,-0.0026381144,
0.723,-0.0056710625,
0.72325,0.0054688761,
0.7235,-0.0117346141,
0.72375,-0.0044889785,
0.724,0.0214386843,
0.72425,0.0172225684,
0.7245,0.0057706442,
0.72475,0.0019536037,
0.725,0.0221985355,
0.72525,0.0214251801,
0.7255,0.0100808293,
0.72575,-0.0156468879,
0.726,0.0179900769,
0.72625,0.0013218670,
0.7265,0.0088518076,
0.72675,-0.0125183826,
0.727,-0.0019405782,
0.72725,-0.0091326814,
0.7275,-0.0067516007,
0.72775,-0.0123065999,
0.728,-0.0018345311,
0.72825,0.0186895095,
0.7285,-0.0021120978,
0.72875,0.0042300392,
0.729,0.0145444740,
0.72925,0.0037591497,
0.7295,-0.0009558449,
0.72975,0.0193555448,
0.73,0.0120877400,
0.73025,0.0023961093,
0.7305,0.0062637213,
0.73075,0.0003021921,
0.731,-0.0002392289,
0.73125,0.0128783341,
0.7315,0.0110620204,
0.73175,0.0006376915,
0.732,0.0103710676,
0.73225,0.0007166341,
0.7325,-0.0153792351,
0.73275,-0.0370866805,
0.733,-0.0048462544,
0.73325,-0.0213351008,
0.7335,-0.0376954339,
0.73375,0.0099571440,
0.734,0.0133995190,
0.73425,0.0044484367,
0.7345,-0.0012334074,
0.73475,0.0020082002,
0.735,0.0068145012,
0.73525,0.0098167397,
0.7355,-0.0123786218,
0.73575,0.0113827921,
0.736,0.0145775843,
0.73625,0.0101085734,
0.7365,-0.0149870496,
0.73675,-0.0016987371,
0.737,0.0066767731,
0.73725,0.0105725173,
0.7375,0.0017326546,
0.73775,0.0100388359,
0.738,0.0167970154,
0.73825,0.0032789833,
0.7385,0.0003389066,
0.73875,-0.0018584316,
0.739,0.0209173542,
0.73925,-0.0154021299,
0.7395,-0.0032072028,
0.73975,-0.0069639017,
0.74,0.0065652393,
0.74025,-0.0111487266,
0.7405,-0.0208373163,
0.74075,-0.0454870798,
0.741,0.0044221831,
0.74125,-0.0043910039,
0.7415,0.0007895523,
0.74175,-0.0264864601,
0.742,-0.0544201136,
0.74225,-0.0099583380,
0.7425,-0.0591551922,
0.74275,-0.0071663503,
0.743,-0.0667499080,
0.74325,-0.0535254627,
0.7435,-0.0591039434,
0.74375,-0.0463196635,
0.744,-0.0044815079,
0.74425,-0.1183890253,
0.7445,-0.0708278939,
0.74475,-0.0407274254,
0.745,0.0023340175,
0.74525,-0.0052978541,
0.7455,0.0014328525,
0.74575,0.0035281971,
0.746,0.0078958664,
0.74625,-0.0080052083,
0.7465,-0.0035811174,
0.74675,-0.0001525242,
0.747,0.0242763665,
0.74725,0.0093921376,
0.7475,-0.0013341189,
0.74775,-0.0138352606,
0.748,0.0069509251,
0.74825,-0.0087108891,
0.7485,-0.0184243731,
0.74875,0.0024574248,
0.749,-0.0086653112,
0.74925,-0.0113882497,
0.7495,-0.0007163484,
0.74975,0.0038022606,
0.75,0.0154048940,
0.75025,-0.0054411800,
0.7505,-0.0056981114,
0.75075,0.0019638725,
0.751,0.0069822795,
0.75125,-0.0150599796,
0.7515,-0.0093107494,
0.75175,-0.0059743528,
0.752,-0.0094933501,
0.75225,-0.0276561789,
0.7525,0.0031312646,
0.75275,-0.0048022317,
0.753,-0.0013869727,
0.75325,-0.0051920046,
0.7535,-0.0154640563,
0.75375,0.0004760793,
0.754,-0.0103264637,
0.75425,-0.0221914575,
0.7545,-0.0089532612,
0.75475,-0.0021498534,
0.755,0.0044359607,
0.75525,-0.0149798207,
0.7555,0.0061662258,
0.75575,0.0021693930,
0.756,-0.0066011953,
0.75625,-0.0104441065,
0.7565,0.0008445873,
0.75675,0.0008945738,
0.757,-0.0009597698,
0.75725,0.0019170793,
0.7575,0.0120247640,
0.75775,0.0108608659,
0.758,0.0104253264,
0.75825,-0.0120900022,
0.7585,0.0040861461,
0.75875,0.0042897058,
0.759,0.0093442472,
0.75925,-0.0079429168,
0.7595,-0.0037354929,
0.75975,-0.0070731221,
0.76,-0.0092247538,
0.76025,-0.0060210074,
0.7605,0.0011479089,
0.76075,0.0176259391,
0.761,-0.0036611154,
0.76125,-0.0129459323,
0.7615,0.0005079923,
0.76175,-0.0070325043,
0.762,-0.0058974461,
0.76225,0.0061905840,
0.7625,0.0016011086,
0.76275,-0.0017997564,
0.763,-0.0066338489,
0.76325,-0.0244773179,
0.7635,-0.0032713437,
0.76375,-0.0084496997,
0.764,-0.0020269451,
0.76425,-0.0206784625,
0.7645,-0.0033067577,
0.76475,0.0106293838,
0.765,-0.0026837480,
0.76525,0.0093442369,
0.7655,0.0069384640,
0.76575,0.0107334089,
0.766,0.0130672920,
0.76625,-0.0193624794,
0.7665,0.0133682899,
0.76675,0.0031938185,
0.767,0.0121341925,
0.76725,0.0132237822,
0.7675,0.0216400996,
0.76775,0.0161252003,
0.768,0.0097381352,
0.76825,0.0151624531,
0.7685,0.0187106524,
0.76875,0.0212747324,
0.769,0.0280501992,
0.76925,0.0041798702,
0.7695,0.0193790756,
0.76975,0.0295885373,
0.77,0.0007484862,
0.77025,-0.0035376297,
0.7705,0.0087795416,
0.77075,-0.0108896205,
0.771,-0.0300964992,
0.77125,-0.0198075436,
0.7715,0.0017653586,
0.77175,0.0063878018,
0.772,0.0115337027,
0.77225,0.0126136690,
0.7725,0.0241310913,
0.77275,0.0318125598,
0.773,0.0255088676,
0.77325,0.0148352236,
0.7735,0.0258186925,
0.77375,0.0091247587,
0.774,0.0127077578,
0.77425,0.0084801409,
0.7745,0.0106951417,
0.77475,0.0141373798,
0.775,-0.0112716109,
0.77525,0.0046115830,
0.7755,0.0162695311,
0.77575,-0.0132524148,
0.776,-0.0029618582,
0.77625,0.0052197445,
0.7765,0.0163683407,
0.77675,0.0224641077,
0.777,0.0103833908,
0.77725,0.0178471897,
0.7775,0.0268837456,
0.77775,0.0271264203,
0.778,0.0300347898,
0.77825,0.0204260983,
0.7785,0.0386221260,
0.77875,0.0161228087,
0.779,0.0124762785,
0.77925,0.0003917745,
0.7795,0.0319809578,
0.77975,0.0031199604,
0.78,0.0096542370,
0.78025,0.0110765565,
0.7805,0.0303068180,
0.78075,0.0199235193,
0.781,0.0186572392,
0.78125,0.0084948502,
0.7815,0.0192765109,
0.78175,-0.0025560833,
0.782,-0.0149455629,
0.78225,0.0274921190,
0.7825,0.0130799152,
0.78275,-0.0023356553,
0.783,0.0057192915,
0.78325,-0.0004138483,
0.7835,0.0034528677,
0.78375,0.0104667414,
0.784,0.0142343622,
0.78425,0.0117306318,
0.7845,0.0100307362,
0.78475,0.0127392085,
0.785,-0.0085252011,
0.78525,-0.0019081929,
0.7855,-0.0177096780,
0.78575,-0.0003387101,
0.786,-0.0127862375,
0.78625,-0.0122891553,
0.7865,-0.0067242072,
0.78675,-0.0045343386,
0.787,-0.0003226903,
0.78725,0.0005189831,
0.7875,0.0198708400,
0.78775,0.0074066431,
0.788,0.0117660183,
0.78825,0.0227187872,
0.7885,0.0035520492,
0.78875,0.0117302928,
0.789,0.0126863886,
0.78925,0.0086716395,
0.7895,0.0096103773,
0.78975,0.0065515162,
0.79,0.0133744907,
0.79025,0.0275566056,
0.7905,0.0042895232,
0.79075,0.0043719187,
0.791,0.0104189655,
0.79125,0.0050501386,
0.7915,0.0179263968,
0.79175,0.0116951093,
0.792,0.0039155092,
0.79225,-0.0050155232,
0.7925,-0.0026195515,
0.79275,-0.0121344058,
0.793,-0.0075961319,
0.79325,0.0055263555,
0.7935,-0.0019429831,
0.79375,-0.0043155793,
0.794,0.0055616391,
0.79425,0.0055323793,
0.7945,-0.0061040046,
0.79475,-0.0072276178,
0.795,-0.0040872353,
0.79525,-0.0123287924,
0.7955,-0.0079315398,
0.79575,-0.0062697651,
0.796,-0.0096919090,
0.79625,0.0068381615,
0.7965,-0.0081579778,
0.79675,-0.0298975185,
0.797,-0.0183546618,
0.79725,-0.0076564779,
0.7975,-0.0137775522,
0.79775,-0.0175376255,
0.798,0.0055713169,
0.79825,0.0026800206,
0.7985,-0.0050998768,
0.79875,-0.0129387192,
0.799,-0.0201714188,
0.79925,-0.0074134357,
0.7995,-0.0355939120,
0.79975,-0.0056061288,
0.8,-0.0013496755,
0.80025,0.0156347603,
0.8005,-0.0022536975,
0.80075,-0.0013262493,
0.801,0.0037525124,
0.80125,0.0007005726,
0.8015,0.0106715038,
0.80175,0.0030879718,
0.802,-0.0165583417,
0.80225,0.0171726532,
0.8025,-0.0221561994,
0.80275,-0.0258142035,
0.803,-0.0088982088,
0.80325,-0.0159735661,
0.8035,-0.0267939996,
0.80375,-0.0137312282,
0.804,-0.0166351423,
0.80425,-0.0046695378,
0.8045,-0.0002147786,
0.80475,-0.0067883800,
0.805,-0.0117410151,
0.80525,0.0093140015,
0.8055,0.0091757216,
0.80575,-0.0137820747,
0.806,0.0031580238,
0.80625,-0.0004254716,
0.8065,-0.0150858136,
0.80675,-0.0108089307,
0.807,0.0073821866,
0.80725,-0.0170600768,
0.8075,-0.0298475027,
0.80775,-0.0128806084,
0.808,-0.0173894335,
0.80825,-0.0173985735,
0.8085,-0.0043988558,
0.80875,-0.0044747856,
0.809,-0.0022202877,
0.80925,0.0082446923,
0.8095,0.0018818373,
0.80975,0.0059121205,
0.81,0.0096090157,
0.81025,0.0151896905,
0.8105,0.0084674163,
0.81075,-0.0030814027,
0.811,0.0193867236,
0.81125,0.0086933970,
0.8115,-0.0094023701,
0.81175,0.0047548166,
0.812,0.0229723938,
0.81225,0.0037219250,
0.8125,0.0112751946,
0.81275,0.0012621178,
0.813,0.0074521662,
0.81325,0.0026940103,
0.8135,-0.0139470212,
0.81375,-0.0076201409,
0.814,0.0078413310,
0.81425,-0.0024736710,
0.8145,-0.0034781611,
0.81475,0.0108903637,
0.815,0.0088078743,
0.81525,0.0109614152,
0.8155,0.0150067341,
0.81575,-0.0155854467,
0.816,0.0128119392,
0.81625,0.0215091202,
0.8165,0.0036600316,
0.81675,0.0166664105,
0.817,0.0171522163,
0.81725,0.0079122372,
0.8175,0.0147933932,
0.81775,0.0161318779,
0.818,0.0153376460,
0.81825,0.0066168676,
0.8185,-0.0042863465,
0.81875,-0.0190805569,
0.819,0.0082739918,
0.81925,-0.0195806623,
0.8195,-0.0050923810,
0.81975,0.0207359158,
0.82,0.0121197486,
0.82025,0.0041105156,
0.8205,0.0002119662,
0.82075,0.0172863640,
0.821,0.0139642991,
0.82125,0.0169133283,
0.8215,0.0017344068,
0.82175,0.0231596678,
0.822,0.0118051944,
0.82225,0.0066260709,
0.8225,-0.0084325727,
0.82275,0.0112619717,
0.823,0.0165870674,
0.82325,0.0028377445,
0.8235,0.0039117006,
0.82375,0.0113792457,
0.824,0.0040973099,
0.82425,-0.0071300510,
0.8245,-0.0120145967,
0.82475,-0.0207560249,
0.825,0.0021679827,
0.82525,-0.0022206001,
0.8255,-0.0078982143,
0.82575,0.0194551013,
0.826,0.0181143600,
0.82625,0.0123118721,
0.8265,0.0110071916,
0.82675,0.0147323972,
0.827,0.0124397837,
0.82725,-0.0005165482,
0.8275,-0.0034838219,
0.82775,0.0051764818,
0.828,0.0125144878,
0.82825,0.0055893282,
0.8285,0.0034523837,
0.82875,0.0108829504,
0.829,-0.0030836123,
0.82925,-0.0346085355,
0.8295,-0.0092035225,
0.82975,0.0018321846,
0.83,0.0093083279,
0.83025,-0.0056703445,
0.8305,0.0061348402,
0.83075,0.0123224203,
0.831,-0.0001889467,
0.83125,0.0010734622,
0.8315,0.0106192203,
0.83175,-0.0029186225,
0.832,0.0132390624,
0.83225,-0.0028081639,
0.8325,0.0049206782,
0.83275,0.0092695663,
0.833,0.0136589594,
0.83325,-0.0059557240,
0.8335,0.0096944366,
0.83375,0.0077771293,
0.834,0.0182964392,
0.83425,0.0036442587,
0.8345,-0.0108439615,
0.83475,-0.0085951304,
0.835,-0.0012348966,
0.83525,-0.0241176374,
0.8355,-0.0578200892,
0.83575,-0.0483394451,
0.836,-0.0250085443,
0.83625,-0.0288324133,
0.8365,0.0072080726,
0.83675,-0.0264423527,
0.837,-0.0457799658,
0.83725,-0.0011102530,
0.8375,-0.0478705913,
0.83775,0.0096510453,
0.838,-0.0045543835,
0.83825,-0.0139742820,
0.8385,-0.0005900759,
0.83875,-0.0069235051,
0.839,-0.0097401422,
0.83925,0.0004404805,
0.8395,-0.0034628636,
0.83975,-0.0065316395,
0.84,-0.0141755417,
0.84025,-0.0088131912,
0.8405,-0.0235070102,
0.84075,0.0112098772,
0.841,-0.0185044575,
0.84125,-0.0334283933,
0.8415,-0.0029808807,
0.84175,0.0035112137,
0.842,-0.0149084339,
0.84225,-0.0076691853,
0.8425,0.0008099178,
0.84275,0.0067082327,
0.843,-0.0061783120,
0.84325,-0.0052154176,
0.8435,0.0072930632,
0.84375,0.0042447867,
0.844,0.0020670574,
0.84425,-0.0207002666,
0.8445,0.0132135972,
0.84475,-0.0071833516,
0.845,-0.0246556215,
0.84525,-0.0165540129,
0.8455,-0.0376501530,
0.84575,-0.0363270827,
0.846,-0.0659510568,
0.84625,0.0057552061,
0.8465,-0.0515019521,
0.84675,-0.0144227240,
0.847,-0.0144182993,
0.84725,-0.0047863065,
0.8475,0.0017057663,
0.84775,0.0039375992,
0.848,-0.0048556281,
0.84825,-0.0053058611,
0.8485,-0.0057295053,
0.84875,-0.0014069736,
0.849,-0.0020842298,
0.84925,-0.0001117719,
0.8495,0.0051761395,
0.84975,-0.0099685676,
0.85,-0.0215943493,
0.85025,-0.0251526609,
0.8505,-0.0208030064,
0.85075,-0.0326026827,
0.851,-0.0305426884,
0.85125,-0.0214792956,
0.8515,-0.0292565748,
0.85175,-0.0377460159,
0.852,-0.0464691073,
0.85225,-0.0152430087,
0.8525,0.0016068344,
0.85275,0.0085926400,
0.853,0.0058171796,
0.85325,0.0116474815,
0.8535,0.0090541076,
0.85375,0.0039224033,
0.854,-0.0155103114,
0.85425,0.0208244380,
0.8545,0.0196481887,
0.85475,0.0057674181,
0.855,0.0100624943,
0.85525,0.0138411531,
0.8555,0.0017615150,
0.85575,0.0046406472,
0.856,-0.0138154905,
0.85625,-0.0294811856,
0.8565,-0.0220651813,
0.85675,-0.0315442979,
0.857,-0.0270974040,
0.85725,-0.0151976924,
0.8575,0.0223611034,
0.85775,0.0058287526,
0.858,-0.0124200294,
0.85825,0.0029808644,
0.8585,0.0143360542,
0.85875,0.0127948262,
0.859,0.0105391163,
0.85925,0.0025467060,
0.8595,0.0221423954,
0.85975,0.0051111258,
0.86,0.0046270965,
0.86025,0.0149251977,
0.8605,0.0125023490,
0.86075,0.0100994017,
0.861,0.0055721104,
0.86125,0.0124930851,
0.8615,0.0169423483,
0.86175,0.0156741757,
0.862,0.0101273190,
0.86225,0.0165669695,
0.8625,0.0198748354,
0.86275,0.0030313747,
0.863,-0.0022347502,
0.86325,0.0158438068,
0.8635,0.0160875954,
0.86375,-0.0105071831,
0.864,0.0034707028,
0.86425,0.0100372061,
0.8645,0.0244870577,
0.86475,0.0059344941,
0.865,0.0181840695,
0.86525,0.0157176405,
0.8655,0.0321132392,
0.86575,0.0095425425,
0.866,-0.0037272288,
0.86625,0.0316233560,
0.8665,0.0202198792,
0.86675,0.0172111038,
0.867,-0.0025135372,
0.86725,-0.0017355125,
0.8675,-0.0111622494,
0.86775,-0.0335606262,
0.868,-0.0242348760,
0.86825,0.0132257855,
0.8685,0.0100131016,
0.86875,0.0006337982,
0.869,-0.0033964717,
0.86925,0.0265733991,
0.8695,0.0214638636,
0.86975,0.0210019015,
0.87,0.0093051307,
0.87025,0.0258812718,
0.8705,0.0189968459,
0.87075,0.0057301805,
0.871,0.0243530069,
0.87125,0.0328020826,
0.8715,0.0093720043,
0.87175,-0.0038156407,
0.872,0.0090632858,
0.87225,0.0089279860,
0.8725,-0.0062051900,
0.87275,-0.0127188861,
0.873,-0.0189193357,
0.87325,0.0103161018,
0.8735,0.0011525148,
0.87375,-0.0044399733,
0.874,0.0084557040,
0.87425,0.0237454362,
0.8745,0.0209794566,
0.87475,0.0190565009,
0.875,0.0252591148,
0.87525,0.0222521536,
0.8755,0.0014779358,
0.87575,0.0071694986,
0.876,0.0096876267,
0.87625,0.0213106181,
0.8765,0.0164091662,
0.87675,-0.0072991620,
0.877,0.0127242394,
0.87725,0.0114504145,
0.8775,0.0098831207,
0.87775,-0.0009003610,
0.878,0.0106899338,
0.87825,0.0116624488,
0.8785,0.0014863764,
0.87875,0.0063166586,
0.879,0.0054763062,
0.87925,0.0104414569,
0.8795,0.0026392576,
0.87975,0.0090718074,
0.88,0.0016424629,
0.88025,0.0208680425,
0.8805,0.0206350237,
0.88075,0.0128901843,
0.881,0.0165881142,
0.88125,0.0139942337,
0.8815,0.0050751409,
0.88175,0.0043131988,
0.882,0.0063689663,
0.88225,-0.0058936095,
0.8825,-0.0037350438,
0.88275,-0.0101039968,
0.883,-0.0059688343,
0.88325,-0.0017249649,
0.8835,-0.0105559286,
0.88375,-0.0203311406,
0.884,-0.0052998792,
0.88425,0.0290034898,
0.8845,0.0095704813,
0.88475,-0.0036130780,
0.885,0.0175948367,
0.88525,0.0127079599,
0.8855,-0.0010630125,
0.88575,0.0162778199,
0.886,0.0165316742,
0.88625,0.0135209076,
0.8865,-0.0190548617,
0.88675,0.0047262101,
0.887,0.0124044297,
0.88725,0.0029516241,
0.8875,-0.0131877596,
0.88775,0.0049471930,
0.888,0.0074531720,
0.88825,-0.0155688878,
0.8885,-0.0031358171,
0.88875,-0.0047778804,
0.889,-0.0557263903,
0.88925,0.0081575047,
0.8895,-0.0541842207,
0.88975,-0.0177184939,
0.89,0.0216864999,
0.89025,-0.0183713529,
0.8905,0.0005455087,
0.89075,0.0136070969,
0.891,-0.0235917065,
0.89125,-0.0031645598,
0.8915,-0.0012069216,
0.89175,-0.0025389134,
0.892,0.0080765113,
0.89225,0.0016910457,
0.8925,0.0117807975,
0.89275,0.0055355337,
0.893,0.0075165741,
0.89325,0.0119651649,
0.8935,-0.0422916636,
0.89375,-0.0082954494,
0.894,0.0052311346,
0.89425,0.0101172635,
0.8945,-0.0403141268,
0.89475,-0.0227012206,
0.895,0.0260267612,
0.89525,-0.0107986480,
0.8955,-0.0006988677,
0.89575,0.0091858124,
0.896,0.0224697310,
0.89625,-0.0225739274,
0.8965,0.0212703869,
0.89675,0.0066058980,
0.897,0.0125954002,
0.89725,0.0153609822,
0.8975,0.0074008107,
0.89775,0.0081189116,
0.898,0.0312840603,
0.89825,0.0047210758,
0.8985,-0.0102938255,
0.89875,0.0147507722,
0.899,0.0069966996,
0.89925,-0.0059848428,
0.8995,-0.0132661490,
0.89975,-0.0016838283,
0.9,0.0101058055,
0.90025,-0.0062163090,
0.9005,0.0118869059,
0.90075,0.0016861598,
0.901,-0.0044955979,
0.90125,-0.0038615819,
0.9015,0.0257882252,
0.90175,-0.0027341126,
0.902,0.0132665802,
0.90225,0.0065822909,
0.9025,0.0008639510,
0.90275,0.0018531396,
0.903,0.0065372656,
0.90325,0.0103075327,
0.9035,0.0032893349,
0.90375,0.0058991844,
0.904,0.0099477554,
0.90425,-0.0225436203,
0.9045,-0.0272062831,
0.90475,0.0040698801,
0.905,-0.0041948147,
0.90525,-0.0044005858,
0.9055,0.0055539580,
0.90575,0.0061181192,
0.906,0.0086447932,
0.90625,0.0034491010,
0.9065,-0.0111616692,
0.90675,0.0130386883,
0.907,0.0187457390,
0.90725,0.0092953583,
0.9075,0.0025207414,
0.90775,0.0266328175,
0.908,0.0176722817,
0.90825,-0.0165491030,
0.9085,0.0036020447,
0.90875,0.0292227026,
0.909,0.0101331426,
0.90925,-0.0037915071,
0.9095,0.0094785988,
0.90975,-0.0050543677,
0.91,-0.0097295502,
0.91025,-0.0217219405,
0.9105,0.0013203132,
0.91075,-0.0049812044,
0.911,0.0073744887,
0.91125,-0.0206012689,
0.9115,-0.0069801253,
0.91175,0.0048761852,
0.912,0.0171174780,
0.91225,0.0065620346,
0.9125,0.0078781815,
0.91275,0.0198768377,
0.913,0.0116713336,
0.91325,0.0048109069,
0.9135,0.0062101702,
0.91375,0.0144529296,
0.914,0.0044852896,
0.91425,0.0059378585,
0.9145,0.0059306743,
0.91475,0.0099660000,
0.915,-0.0051888293,
0.91525,-0.0221247673,
0.9155,-0.0115223974,
0.91575,0.0081518497,
0.916,0.0018692878,
0.91625,0.0027273737,
0.9165,0.0202415586,
0.91675,0.0001405970,
0.917,-0.0115043148,
0.91725,0.0076031052,
0.9175,0.0222908314,
0.91775,0.0125191417,
0.918,-0.0065672658,
0.91825,0.0056374911,
0.9185,0.0018489476,
0.91875,0.0060021393,
0.919,-0.0037419549,
0.91925,-0.0051938621,
0.9195,-0.0035304502,
0.91975,0.0185249392,
0.92,-0.0113243684,
0.92025,0.0021430219,
0.9205,-0.0044248961,
0.92075,-0.0066835834,
0.921,-0.0172261856,
0.92125,-0.0118062692,
0.9215,0.0031829542,
0.92175,-0.0132924970,
0.922,-0.0093049053,
0.92225,-0.0175676476,
0.9225,0.0206945743,
0.92275,0.0092990678,
0.923,-0.0141295698,
0.92325,-0.0018807466,
0.9235,0.0022335914,
0.92375,0.0009701208,
0.924,-0.0078230249,
0.92425,0.0063209767,
0.9245,-0.0084638894,
0.92475,-0.0000963335,
0.925,0.0060573835,
0.92525,-0.0117971329,
0.9255,-0.0022098676,
0.92575,0.0096561145,
0.926,-0.0305357017,
0.92625,-0.0092836227,
0.9265,-0.0033935274,
0.92675,0.0024302045,
0.927,-0.0376696102,
0.92725,-0.0134781040,
0.9275,-0.0007069289,
0.92775,-0.0217652135,
0.928,-0.0108478758,
0.92825,-0.0133000333,
0.9285,-0.0040213699,
0.92875,-0.0064735729,
0.929,0.0030846430,
0.92925,0.0017414927,
0.9295,0.0146228094,
0.92975,0.0060738819,
0.93,0.0017629461,
0.93025,-0.0078661870,
0.9305,0.0136775980,
0.93075,0.0145268450,
0.931,-0.0339263603,
0.93125,-0.0023195413,
0.9315,-0.0018612716,
0.93175,-0.0195450261,
0.932,-0.0188660957,
0.93225,-0.0183597878,
0.9325,-0.0110019967,
0.93275,-0.0222035572,
0.933,-0.0266895089,
0.93325,-0.0118716303,
0.9335,-0.0010839987,
0.93375,0.0144938761,
0.934,-0.0102356952,
0.93425,-0.0035350004,
0.9345,0.0053501599,
0.93475,0.0087002758,
0.935,-0.0033920608,
0.93525,-0.0075067841,
0.9355,-0.0060525401,
0.93575,-0.0142017882,
0.936,-0.0046410030,
0.93625,-0.0061796010,
0.9365,0.0048408750,
0.93675,-0.0188461430,
0.937,-0.0209104083,
0.93725,-0.0097568184,
0.9375,-0.0023022646,
0.93775,-0.0052650860,
0.938,-0.0067696152,
0.93825,0.0067080408,
0.9385,0.0040394929,
0.93875,-0.0091904085,
0.939,0.0004602598,
0.93925,0.0131942127,
0.9395,0.0089920973,
0.93975,0.0017795077,
0.94,0.0071627423,
0.94025,0.0140839433,
0.9405,-0.0009553537,
0.94075,0.0043276418,
0.941,0.0092783207,
0.94125,0.0017672819,
0.9415,0.0099973567,
0.94175,-0.0010080462,
0.942,0.0089583090,
0.94225,0.0009158719,
0.9425,0.0081578922,
0.94275,-0.0063098436,
0.943,-0.0017076556,
0.94325,-0.0047588195,
0.9435,0.0003892136,
0.94375,-0.0079279840,
0.944,-0.0181206279,
0.94425,0.0156079587,
0.9445,0.0093661444,
0.94475,-0.0079483157,
0.945,0.0102739604,
0.94525,0.0147555135,
0.9455,0.0062187784,
0.94575,-0.0023650236,
0.946,0.0002312673,
0.94625,-0.0001346938,
0.9465,-0.0017678700,
0.94675,-0.0025857417,
0.947,0.0026316340,
0.94725,0.0060049235,
0.9475,0.0225112773,
0.94775,-0.0444633849,
0.948,0.0097748339,
0.94825,-0.0084879976,
0.9485,-0.0360786989,
0.94875,-0.0124460123,
0.949,-0.0011147022,
0.94925,0.0066752303,
0.9495,0.0178612247,
0.94975,0.0065565398,
0.95,0.0166443028,
0.95025,0.0344069079,
0.9505,0.0106953289,
0.95075,0.0065153507,
0.951,0.0155055290,
0.95125,0.0233457703,
0.9515,0.0121263620,
0.95175,0.0022342477,
0.952,0.0011227196,
0.95225,0.0049944576,
0.9525,0.0039450200,
0.95275,-0.0220856927,
0.953,-0.0236906223,
0.95325,-0.0009306997,
0.9535,-0.0079415850,
0.95375,0.0030297139,
0.954,0.0110833123,
0.95425,0.0121793598,
0.9545,-0.0299019907,
0.95475,-0.0142630022,
0.955,0.0149954073,
0.95525,-0.0112478985,
0.9555,-0.0039569819,
0.95575,0.0006812504,
0.956,-0.0087284334,
0.95625,0.0002036546,
0.9565,0.0191095360,
0.95675,0.0091351084,
0.957,0.0012557068,
0.95725,0.0034980513,
0.9575,-0.0169138163,
0.95775,-0.0120769273,
0.958,0.0116491020,
0.95825,-0.0002024473,
0.9585,-0.0158094764,
0.95875,-0.0101721939,
0.959,-0.0106521100,
0.95925,-0.0104844850,
0.9595,-0.0190591905,
0.95975,-0.0120020676,
0.96,0.0224914402,
0.96025,0.0062025832,
0.9605,-0.0020784484,
0.96075,0.0276565906,
0.961,0.0134501597,
0.96125,0.0043320814,
0.9615,0.0094601950,
0.96175,-0.0027333701,
0.962,0.0055489731,
0.96225,0.0112140011,
0.9625,0.0104733370,
0.96275,-0.0264448877,
0.963,0.0085059945,
0.96325,0.0077732215,
0.9635,0.0004215698,
0.96375,-0.0149525804,
0.964,0.0082911514,
0.96425,0.0015483466,
0.9645,-0.0138615062,
0.96475,0.0091442158,
0.965,0.0077375285,
0.96525,-0.0037096888,
0.9655,-0.0157586541,
0.96575,-0.0087748021,
0.966,-0.0136187961,
0.96625,0.0173060335,
0.9665,0.0018255139,
0.96675,0.0073951324,
0.967,0.0063803280,
0.96725,0.0060658343,
0.9675,-0.0142644253,
0.96775,-0.0071191532,
0.968,0.0094279973,
0.96825,-0.0167692062,
0.9685,-0.0090267910,
0.96875,0.0011722380,
0.969,0.0104407109,
0.96925,-0.0140567627,
0.9695,-0.0342282727,
0.96975,-0.0013710053,
0.97,-0.0013145193,
0.97025,-0.0045020869,
0.9705,-0.0212440677,
0.97075,-0.0157338828,
0.971,0.0112318853,
0.97125,0.0111211427,
0.9715,-0.0046326951,
0.97175,0.0148365572,
0.972,0.0087884236,
0.97225,0.0022399167,
0.9725,-0.0464600138,
0.97275,0.0185220484,
0.973,-0.0097281151,
0.97325,-0.0215735063,
0.9735,-0.0286497083,
0.97375,-0.0023753275,
0.974,0.0063137766,
0.97425,-0.0213430990,
0.9745,-0.0149754565,
0.97475,-0.0082263472,
0.975,-0.0321138501,
0.97525,-0.0001089808,
0.9755,-0.0060431338,
0.97575,-0.0045801322,
0.976,0.0098702330,
0.97625,-0.0018999816,
0.9765,-0.0065605426,
0.97675,0.0120635703,
0.977,0.0024224266,
0.97725,-0.0022150583,
0.9775,0.0126574375,
0.97775,0.0060903244,
0.978,-0.0034804035,
0.97825,-0.0012757638,
0.9785,-0.0035526613,
0.97875,-0.0064456379,
0.979,0.0079363165,
0.97925,-0.0026558130,
0.9795,0.0017280852,
0.97975,0.0022619856,
0.98,0.0080948584,
0.98025,-0.0274931490,
0.9805,-0.0052362704,
0.98075,0.0188255627,
0.981,0.0011396465,
0.98125,0.0074760434,
0.9815,0.0052281287,
0.98175,0.0262646452,
0.982,0.0080926465,
0.98225,0.0067061586,
0.9825,0.0220843665,
0.98275,0.0241545495,
0.983,0.0002995116,
0.98325,0.0059294193,
0.9835,0.0195205174,
0.98375,0.0190948173,
0.984,0.0116384262,
0.98425,0.0022477799,
0.9845,0.0001462123,
0.98475,0.0204598699,
0.985,0.0087319985,
0.98525,0.0201163460,
0.9855,0.0046385387,
0.98575,-0.0033341502,
0.986,0.0011003050,
0.98625,-0.0033046978,
0.9865,0.0166393295,
0.98675,0.0184030123,
0.987,0.0043731621,
0.98725,0.0083384309,
0.9875,0.0127479080,
0.98775,0.0127421608,
0.988,0.0197251067,
0.98825,-0.0004617618,
0.9885,0.0076952232,
0.98875,0.0115950955,
0.989,0.0237365626,
0.98925,0.0177574176,
0.9895,0.0165604297,
0.98975,0.0315360315,
0.99,-0.0064077023,
0.99025,-0.0041621872,
0.9905,0.0176109355,
0.99075,0.0280399453,
0.991,-0.0242685899,
0.99125,-0.0056620613,
0.9915,0.0065557263,
0.99175,0.0038530154,
0.992,0.0014237154,
0.99225,0.0031459739,
0.9925,0.0058031413,
0.99275,0.0178831182,
0.993,0.0156059731,
0.99325,0.0101408651,
0.9935,0.0247349609,
0.99375,0.0122583192,
0.994,0.0181471240,
0.99425,-0.0145239299,
0.9945,0.0230533853,
0.99475,0.0347524285,
0.995,0.0078050839,
0.99525,-0.0187846497,
0.9955,0.0072906902,
0.99575,-0.0108386809,
0.996,0.0035720712,
0.99625,-0.0018860375,
0.9965,0.0146957599,
0.99675,-0.0055405227,
0.997,-0.0216697082,
0.99725,-0.0088232215,
0.9975,0.0115418909,
0.99775,0.0123604527,
0.998,0.0092726834,
0.99825,0.0133362329,
0.9985,0.0243081879,
0.99875,0.0195877273,
0.999,0.0188910235,
0.99925,-0.0011629575,
0.9995,0.0042107012,
0.99975,-0.0042340318,
1,-0.0144613525,
1.00025,-0.0005814314,
1.0005,0.0069244700,
1.00075,-0.0065410039,
1.001,-0.0005803172,
1.00125,-0.0132822208,
1.0015,0.0119752102,
1.00175,-0.0000228952,
1.002,-0.0136450138,
1.00225,0.0107103111,
1.0025,0.0159330890,
1.00275,0.0053192964,
1.003,-0.0046843099,
1.00325,-0.0023329630,
1.0035,0.0105358828,
1.00375,0.0053434242,
1.004,0.0050488757,
1.00425,0.0013502770,
1.0045,0.0059643453,
1.00475,0.0113798948,
1.005,0.0004713434,
1.00525,0.0058818310,
1.0055,0.0131538939,
1.00575,0.0173877180,
1.006,-0.0284240283,
1.00625,-0.0218247958,
1.0065,0.0072821137,
1.00675,-0.0099076610,
1.007,0.0086179636,
1.00725,-0.0538135320,
1.0075,-0.0467621386,
1.00775,-0.0339974426,
1.008,-0.0779312775,
1.00825,-0.0608047396,
1.0085,-0.0171574559,
1.00875,0.0090352856,
1.009,-0.0092817387,
1.00925,0.0010267140,
1.0095,-0.0028303370,
1.00975,-0.0086254263,
1.01,-0.0052834866,
1.01025,-0.0164372027,
1.0105,-0.0094444798,
1.01075,-0.0320196785,
1.011,-0.0208705738,
1.01125,-0.0039888802,
1.0115,-0.0190207697,
1.01175,-0.0038445860,
1.012,-0.0157031938,
1.01225,-0.0198419783,
1.0125,-0.0167130083,
1.01275,-0.0191244055,
1.013,-0.0297520906,
1.01325,0.0084304716,
1.0135,0.0003748633,
1.01375,-0.0289960057,
1.014,-0.0122370310,
1.01425,-0.0102659054,
1.0145,-0.0188141409,
1.01475,-0.0076673990,
1.015,-0.0017572665,
1.01525,0.0046384111,
1.0155,-0.0071054655,
1.01575,-0.0022919292,
1.016,-0.0089783818,
1.01625,-0.0025939746,
1.0165,0.0183819644,
1.01675,0.0129145281,
1.017,-0.0090272520,
1.01725,0.0004144294,
1.0175,0.0007676671,
1.01775,-0.0132694431,
1.018,-0.0364118256,
1.01825,-0.0128121972,
1.0185,-0.0241895616,
1.01875,-0.0350805856,
1.019,-0.0128326602,
1.01925,0.0067038191,
1.0195,-0.0120710777,
1.01975,-0.0145591563,
1.02,-0.0061480645,
1.02025,-0.0103355236,
1.0205,-0.0013146695,
1.02075,-0.0036078414,
1.021,-0.0081488080,
1.02125,-0.0004372902,
1.0215,0.0059184646,
1.02175,-0.0047227023,
1.022,0.0032602029,
1.02225,-0.0032238101,
1.0225,-0.0078935605,
1.02275,-0.0137054957,
1.023,-0.0180975385,
1.02325,0.0030273865,
1.0235,-0.0069883401,
1.02375,-0.0020453390,
1.024,0.0111459512,
1.02425,0.0151079316,
1.0245,0.0042897542,
1.02475,-0.0175180566,
1.025,-0.0041122269,
1.02525,0.0196731202,
1.0255,-0.0022323211,
1.02575,0.0070657046,
1.026,0.0125414412,
1.02625,0.0062867650,
1.0265,-0.0001408014,
1.02675,0.0008639225,
1.027,0.0039704577,
1.02725,0.0109346826,
1.0275,0.0132489307,
1.02775,-0.0127777327,
1.028,-0.0040433644,
1.02825,0.0150305387,
1.0285,0.0028414554,
1.02875,-0.0082462206,
1.029,-0.0260153431,
1.02925,-0.0049102744,
1.0295,0.0111391805,
1.02975,0.0023882305,
1.03,-0.0025782790,
1.03025,0.0174617544,
1.0305,0.0150219556,
1.03075,-0.0005999546,
1.031,0.0148622645,
1.03125,0.0149080008,
1.0315,-0.0015522236,
1.03175,0.0044156024,
1.032,0.0179795604,
1.03225,0.0058565727,
1.0325,-0.0016219298,
1.03275,0.0051793177,
1.033,0.0047547710,
1.03325,-0.0231413543,
1.0335,-0.0289887264,
1.03375,-0.0112960432,
1.034,-0.0038344432,
1.03425,0.0201315470,
1.0345,0.0060435380,
1.03475,-0.0190064497,
1.035,0.0018553783,
1.03525,0.0143527379,
1.0355,-0.0015460468,
1.03575,-0.0064206235,
1.036,0.0186380502,
1.03625,0.0218727924,
1.0365,-0.0077814194,
1.03675,0.0132249380,
1.037,0.0186686795,
1.03725,0.0197805911,
1.0375,-0.0089271516,
1.03775,0.0121785589,
1.038,0.0145530468,
1.03825,0.0226433985,
1.0385,0.0128439162,
1.03875,0.0110751055,
1.039,0.0164686441,
1.03925,-0.0026692678,
1.0395,-0.0037345500,
1.03975,-0.0073454273,
1.04,-0.0035204976,
1.04025,-0.0126485508,
1.0405,-0.0050602397,
1.04075,-0.0004057633,
1.041,0.0186149627,
1.04125,0.0062596370,
1.0415,0.0051686261,
1.04175,0.0020782570,
1.042,0.0174178258,
1.04225,0.0145571344,
1.0425,-0.0001397969,
1.04275,-0.0008027831,
1.043,0.0183546003,
1.04325,0.0184742324,
1.0435,-0.0124606881,
1.04375,0.0048380233,
1.044,0.0041714236,
1.04425,-0.0041097132,
1.0445,-0.0287431963,
1.04475,-0.0069834921,
1.045,0.0080211591,
1.04525,-0.0054163728,
1.0455,-0.0029135705,
1.04575,0.0021475931,
1.046,0.0082242619,
1.04625,0.0034484984,
1.0465,0.0018120515,
1.04675,-0.0005894380,
1.047,0.0219571684,
1.04725,0.0096921325,
1.0475,0.0086479047,
1.04775,0.0220830552,
1.048,0.0247540288,
1.04825,-0.0022083204,
1.0485,0.0104406988,
1.04875,0.0100565972,
1.049,0.0002632033,
1.04925,0.0147169214,
1.0495,-0.0145493997,
1.04975,-0.0196089111,
1.05,-0.0052772053,
1.05025,-0.0157770719,
1.0505,-0.0261734780,
1.05075,-0.0121683646,
1.051,0.0029355034,
1.05125,-0.0042318827,
1.0515,-0.0000466290,
1.05175,0.0054627401,
1.052,0.0026451817,
1.05225,0.0114879431,
1.0525,0.0147465570,
1.05275,0.0146450978,
1.053,0.0067277150,
1.05325,0.0131223584,
1.0535,-0.0011237107,
1.05375,-0.0090963896,
1.054,0.0035861358,
1.05425,-0.0193927456,
1.0545,-0.0182261635,
1.05475,-0.0157352332,
1.055,-0.0144174835,
1.05525,-0.0242296904,
1.0555,-0.0139203211,
1.05575,0.0116117261,
1.056,-0.0021944959,
1.05625,-0.0106152473,
1.0565,-0.0042945608,
1.05675,0.0011758753,
1.057,0.0092851343,
1.05725,0.0018113344,
1.0575,-0.0022052107,
1.05775,0.0081569869,
1.058,0.0072804000,
1.05825,0.0046303268,
1.0585,-0.0065258741,
1.05875,0.0106455199,
1.059,-0.0082169296,
1.05925,-0.0131854555,
1.0595,-0.0041895038,
1.05975,0.0051703765,
1.06,0.0121347923,
1.06025,-0.0252167117,
1.0605,-0.0208398998,
1.06075,-0.0196726210,
1.061,-0.0266094729,
1.06125,-0.0297310390,
1.0615,-0.0284334943,
1.06175,-0.0302763805,
1.062,-0.0367975980,
1.06225,-0.0066846125,
1.0625,0.0007054461,
1.06275,0.0041104057,
1.063,-0.0110838478,
1.06325,0.0014428323,
1.0635,-0.0138188452,
1.06375,0.0059402459,
1.064,-0.0032717653,
1.06425,0.0053634429,
1.0645,-0.0139782131,
1.06475,0.0111483149,
1.065,-0.0080032852,
1.06525,-0.0091445213,
1.0655,-0.0014528681,
1.06575,0.0017153900,
1.066,-0.0156632457,
1.06625,-0.0136881638,
1.0665,0.0015778916,
1.06675,-0.0033653516,
1.067,-0.0127280364,
1.06725,0.0049833944,
1.0675,0.0001258914,
1.06775,0.0083642658,
1.068,0.0173005220,
1.06825,-0.0021476387,
1.0685,0.0194390472,
1.06875,0.0235128291,
1.069,0.0013248011,
1.06925,-0.0035526976,
1.0695,0.0165831093,
1.06975,0.0190913770,
1.07,0.0072933733,
1.07025,0.0127248857,
1.0705,0.0139890797,
1.07075,0.0115304571,
1.071,-0.0062495116,
1.07125,0.0020324085,
1.0715,-0.0195787586,
1.07175,-0.0016331387,
1.072,-0.0181631148,
1.07225,-0.0164262932,
1.0725,0.0111761298,
1.07275,0.0242704377,
1.073,0.0073623508,
1.07325,0.0170156788,
1.0735,0.0262390040,
1.07375,0.0165069327,
1.074,0.0206285734,
1.07425,0.0282937214,
1.0745,0.0259656366,
1.07475,0.0298301298,
1.075,0.0111555355,
1.07525,0.0207650587,
1.0755,0.0099814693,
1.07575,0.0132351415,
1.076,-0.0071122083,
1.07625,0.0129405465,
1.0765,-0.0087857842,
1.07675,0.0101079838,
1.077,-0.0644852817,
1.07725,-0.0472937673,
1.0775,0.0283782482,
1.07775,0.0055952268,
1.078,-0.0179168191,
1.07825,-0.0228202455,
1.0785,0.0012807492,
1.07875,0.0038788603,
1.079,0.0039003009,
1.07925,-0.0021005222,
1.0795,0.0268486403,
1.07975,0.0099503538,
1.08,0.0098835174,
1.08025,-0.0416750461,
1.0805,0.0302623305,
1.08075,0.0051485291,
1.081,0.0024962320,
1.08125,0.0194180757,
1.0815,0.0282429513,
1.08175,0.0020473704,
1.082,0.0135364793,
1.08225,0.0043713073,
1.0825,0.0119896904,
1.08275,0.0225159973,
1.083,0.0038929901,
1.08325,-0.0031288848,
1.0835,0.0238129850,
1.08375,0.0182976220,
1.084,-0.0038608573,
1.08425,0.0250529349,
1.0845,0.0230144430,
1.08475,0.0190618970,
1.085,0.0181509983,
1.08525,0.0044261902,
1.0855,0.0188861862,
1.08575,0.0094372556,
1.086,0.0020377315,
1.08625,0.0137460753,
1.0865,0.0274136513,
1.08675,-0.0029376431,
1.087,-0.0078544933,
1.08725,0.0052701193,
1.0875,0.0245286617,
1.08775,0.0022781428,
1.088,-0.0200129822,
1.08825,0.0239522923,
1.0885,0.0071954471,
1.08875,-0.0062549580,
1.089,0.0068426547,
1.08925,0.0207821988,
1.0895,-0.0053553004,
1.08975,0.0149941687,
1.09,-0.0011701615,
1.09025,0.0145736504,
1.0905,0.0098827202,
1.09075,0.0077389362,
1.091,0.0100652361,
1.09125,0.0300448965,
1.0915,0.0309575200,
1.09175,0.0120343324,
1.092,0.0021299201,
1.09225,0.0194367040,
1.0925,0.0074418127,
1.09275,-0.0079344846,
1.093,0.0015061070,
1.09325,0.0032519575,
1.0935,0.0037084506,
1.09375,-0.0130970813,
1.094,-0.0046526040,
1.09425,0.0138126221,
1.0945,-0.0007859856,
1.09475,0.0100265713,
1.095,0.0076729381,
1.09525,0.0144773899,
1.0955,0.0144909415,
1.09575,0.0130596841,
1.096,-0.0011618437,
1.09625,0.0049470202,
1.0965,-0.0028578280,
1.09675,0.0013002073,
1.097,0.0040005902,
1.09725,0.0117637031,
1.0975,-0.0126524810,
1.09775,-0.0044230670,
1.098,-0.0251569152,
1.09825,-0.0209360681,
1.0985,0.0023297134,
1.09875,-0.0314156339,
1.099,-0.0240329280,
1.09925,-0.0034304643,
1.0995,-0.0616896115,
1.09975,0.0089717526,
1.1,-0.0563230515,
1.10025,-0.0564419664,
1.1005,-0.0523423180,
1.10075,-0.0401197374,
1.101,-0.0213734061,
1.10125,-0.0086452011,
1.1015,-0.0064624795,
1.10175,-0.0351455770,
1.102,-0.0100965165,
1.10225,0.0011446329,
1.1025,0.0084639713,
1.10275,-0.0144520774,
1.103,-0.0322836600,
1.10325,0.0071122032,
1.1035,-0.0080973776,
1.10375,0.0008497035,
1.104,0.0041189939,
1.10425,0.0032366039,
1.1045,-0.0213623270,
1.10475,-0.0191807896,
1.105,-0.0298962072,
1.10525,-0.0040558833,
1.1055,-0.0074831471,
1.10575,-0.0124930646,
1.106,-0.0150199626,
1.10625,-0.0009052361,
1.1065,-0.0004643993,
1.10675,-0.0036685250,
1.107,-0.0034139580,
1.10725,0.0007743486,
1.1075,0.0089008687,
1.10775,0.0013840053,
1.108,-0.0025194522,
1.10825,0.0034835238,
1.1085,-0.0344102904,
1.10875,-0.0238424130,
1.109,-0.0061003435,
1.10925,-0.0082698707,
1.1095,-0.0139843244,
1.10975,-0.0250079781,
1.11,-0.0071016401,
1.11025,0.0114008076,
1.1105,-0.0206671078,
1.11075,-0.0100459261,
1.111,0.0056574838,
1.11125,0.0078134537,
1.1115,-0.0013838105,
1.11175,0.0133416662,
1.112,0.0091541093,
1.11225,0.0009594975,
1.1125,-0.0003273271,
1.11275,-0.0163494758,
1.113,0.0102134561,
1.11325,0.0030628112,
1.1135,0.0093811415,
1.11375,-0.0225048363,
1.114,0.0063035027,
1.11425,0.0114842793,
1.1145,0.0118156914,
1.11475,-0.0057619647,
1.115,-0.0073812045,
1.11525,-0.0040488122,
1.1155,-0.0219352469,
1.11575,-0.0161181334,
1.116,-0.0013796438,
1.11625,-0.0026271385,
1.1165,0.0090235230,
1.11675,-0.0122681689,
1.117,-0.0062411176,
1.11725,0.0077957064,
1.1175,-0.0016680696,
1.11775,-0.0046454007,
1.118,0.0126203010,
1.11825,0.0234253705,
1.1185,0.0063808914,
1.11875,0.0191615298,
1.119,0.0189371035,
1.11925,-0.0028989117,
1.1195,0.0092252521,
1.11975,-0.0167305786,
1.12,0.0108531248,
1.12025,-0.0111640142,
1.1205,-0.0439293161,
1.12075,0.0190083999,
1.121,-0.0065421788,
1.12125,-0.0116007794,
1.1215,-0.0355744511,
1.12175,0.0080670035,
1.122,0.0002527572,
1.12225,0.0136007741,
1.1225,0.0034290696,
1.12275,0.0196440127,
1.123,0.0073162857,
1.12325,0.0124344612,
1.1235,0.0150210597,
1.12375,0.0110323783,
1.124,0.0119370595,
1.12425,0.0200314671,
1.1245,-0.0161670335,
1.12475,-0.0058745854,
1.125,0.0225561578,
1.12525,-0.0090636350,
1.1255,-0.0194844790,
1.12575,-0.0210355576,
1.126,-0.0135302395,
1.12625,-0.0188906416,
1.1265,0.0059090620,
1.12675,0.0160417370,
1.127,0.0082291700,
1.12725,0.0116665941,
1.1275,0.0143251158,
1.12775,0.0121779665,
1.128,0.0053538196,
1.12825,0.0069909021,
1.1285,0.0037705561,
1.12875,0.0120363943,
1.129,0.0166396219,
1.12925,0.0122654047,
1.1295,-0.0017992014,
1.12975,0.0116684865,
1.13,0.0042668730,
1.13025,-0.0082844999,
1.1305,-0.0062125437,
1.13075,0.0001973381,
1.131,-0.0100109810,
1.13125,-0.0095031615,
1.1315,-0.0083679073,
1.13175,0.0038442065,
1.132,0.0130178481,
1.13225,-0.0174313504,
1.1325,-0.0074190130,
1.13275,0.0056146788,
1.133,-0.0097416453,
1.13325,-0.0025042184,
1.1335,0.0126520274,
1.13375,0.0078983111,
1.134,0.0112340515,
1.13425,-0.0007798704,
1.1345,0.0110326465,
1.13475,0.0165577624,
1.135,0.0046718121,
1.13525,0.0118562486,
1.1355,-0.0067664986,
1.13575,0.0071344208,
1.136,0.0017732334,
1.13625,-0.0081851669,
1.1365,-0.0243604667,
1.13675,0.0048835473,
1.137,-0.0070278677,
1.13725,-0.0094059035,
1.1375,0.0066938968,
1.13775,0.0027847046,
1.138,0.0092667099,
1.13825,0.0114709241,
1.1385,-0.0044056308,
1.13875,0.0142254597,
1.139,0.0057334821,
1.13925,0.0028955052,
1.1395,-0.0068114023,
1.13975,0.0039047897,
1.14,-0.0095163947,
1.14025,-0.0150791090,
1.1405,-0.0058983704,
1.14075,-0.0092860134,
1.141,-0.0296203531,
1.14125,-0.0181399491,
1.1415,-0.0064684474,
1.14175,0.0064110667,
1.142,-0.0024925941,
1.14225,-0.0086231101,
1.1425,0.0034179697,
1.14275,-0.0021543414,
1.143,-0.0002955449,
1.14325,0.0021282565,
1.1435,0.0113760075,
1.14375,-0.0009738500,
1.144,0.0006558810,
1.14425,-0.0091520529,
1.1445,0.0040407716,
1.14475,0.0097968820,
1.145,0.0052814051,
1.14525,-0.0208690967,
1.1455,0.0043518324,
1.14575,-0.0010502599,
1.146,0.0000568595,
1.14625,-0.0220091157,
1.1465,0.0050090645,
1.14675,0.0062470068,
1.147,-0.0101980940,
1.14725,-0.0345774516,
1.1475,-0.0008291331,
1.14775,0.0035206769,
1.148,-0.0328828841,
1.14825,0.0029550958,
1.1485,0.0136544313,
1.14875,0.0045437827,
1.149,-0.0058698072,
1.14925,0.0030539068,
1.1495,0.0001040150,
1.14975,0.0110821575,
1.15,-0.0052030799,
1.15025,0.0057037724,
1.1505,0.0096599841,
1.15075,0.0073757465,
1.151,0.0050075608,
1.15125,0.0070670242,
1.1515,-0.0153265139,
1.15175,-0.0106904786,
1.152,-0.0158388987,
1.15225,-0.0234798305,
1.1525,-0.0040401029,
1.15275,-0.0061578020,
1.153,-0.0115577923,
1.15325,-0.0166065916,
1.1535,0.0033807363,
1.15375,0.0138087617,
1.154,0.0013006174,
1.15425,0.0121677807,
1.1545,0.0193333179,
1.15475,0.0088488022,
1.155,-0.0041356422,
1.15525,0.0186954178,
1.1555,0.0135820750,
1.15575,0.0074238358,
1.156,-0.0086462116,
1.15625,0.0129413279,
1.1565,0.0067872130,
1.15675,0.0112539614,
1.157,-0.0168753359,
1.15725,-0.0121662477,
1.1575,0.0059636766,
1.15775,-0.0007832317,
1.158,0.0007329369,
1.15825,0.0016307933,
1.1585,0.0071406774,
1.15875,-0.0068970285,
1.159,0.0066317702,
1.15925,0.0047396598,
1.1595,-0.0003462887,
1.15975,0.0055626831,
1.16,-0.0048691556,
1.16025,0.0024521276,
1.1605,0.0016268094,
1.16075,0.0034757124,
1.161,-0.0012633171,
1.16125,-0.0113043366,
1.1615,0.0145761352,
1.16175,0.0184372254,
1.162,0.0050722673,
1.16225,0.0137684513,
1.1625,0.0140974596,
1.16275,-0.0027010138,
1.163,-0.0258304197,
1.16325,-0.0061330250,
1.1635,0.0163838305,
1.16375,-0.0016735076,
1.164,0.0112674022,
1.16425,0.0107644415,
1.1645,0.0112048155,
1.16475,-0.0168290585,
1.165,0.0027222424,
1.16525,0.0094132768,
1.1655,0.0120824333,
1.16575,0.0059098219,
1.166,0.0005317180,
1.16625,0.0124985809,
1.1665,0.0179664791,
1.16675,0.0000702287,
1.167,-0.0014641432,
1.16725,0.0134263011,
1.1675,0.0088458238,
1.16775,0.0108240275,
1.168,0.0050877216,
1.16825,0.0192974024,
1.1685,0.0157283638,
1.16875,-0.0067472081,
1.169,-0.0276312865,
1.16925,0.0042781993,
1.1695,0.0038404192,
1.16975,-0.0099381059,
1.17,0.0022985495,
1.17025,0.0288424492,
1.1705,0.0149468910,
1.17075,0.0035227879,
1.171,0.0058481167,
1.17125,0.0281558912,
1.1715,0.0093987277,
1.17175,0.0065704416,
1.172,0.0206620097,
1.17225,0.0095659578,
1.1725,0.0142133413,
1.17275,0.0069518583,
1.173,-0.0155672934,
1.17325,0.0108371135,
1.1735,-0.0081724310,
1.17375,-0.0206834469,
1.174,-0.0227849670,
1.17425,0.0215255544,
1.1745,0.0068899496,
1.17475,-0.0000396665,
1.175,-0.0011933963,
1.17525,0.0199802760,
1.1755,0.0117101278,
1.17575,0.0162162334,
1.176,0.0093409847,
1.17625,0.0250834897,
1.1765,0.0002018703,
1.17675,-0.0010372750,
1.177,0.0144408140,
1.17725,0.0204692967,
1.1775,0.0054064412,
1.17775,-0.0029102489,
1.178,0.0087489011,
1.17825,0.0173672456,
1.1785,0.0168569405,
1.17875,0.0087500159,
1.179,0.0058456208,
1.17925,-0.0041470695,
1.1795,-0.0011878401,
1.17975,0.0004797186,
1.18,-0.0009941588,
1.18025,0.0114588011,
1.1805,0.0079414574,
1.18075,0.0017484589,
1.181,0.0027590063,
1.18125,0.0039313599,
1.1815,0.0137641281,
1.18175,0.0127901612,
1.182,-0.0034245886,
1.18225,0.0350106508,
1.1825,0.0143668158,
1.18275,0.0206260532,
1.183,0.0287621617,
1.18325,0.0104198102,
1.1835,-0.0163520966,
1.18375,-0.0460069776,
1.184,-0.0300026387,
1.18425,-0.0231433269,
1.1845,0.0010419999,
1.18475,-0.0907619298,
1.185,-0.0203866865,
1.18525,-0.0250250399,
1.1855,-0.0093646515,
1.18575,-0.0089442357,
1.186,0.0143058188,
1.18625,0.0035262378,
1.1865,-0.0175356399,
1.18675,0.0170806926,
1.187,0.0226426572,
1.18725,0.0124607347,
1.1875,-0.0090618338,
1.18775,0.0167726539,
1.188,0.0060007218,
1.18825,0.0200424809,
1.1885,-0.0101537388,
1.18875,-0.0153735885,
1.189,0.0036594670,
1.18925,0.0083466964,
1.1895,-0.0020911589,
1.18975,0.0006848990,
1.19,0.0064645344,
1.19025,0.0195767917,
1.1905,-0.0000195236,
1.19075,0.0087521672,
1.191,0.0356547683,
1.19125,0.0125006065,
1.1915,0.0129623916,
1.19175,0.0112594711,
1.192,0.0151353516,
1.19225,0.0112732965,
1.1925,0.0062412606,
1.19275,0.0084999958,
1.193,0.0120651331,
1.19325,0.0087125488,
1.1935,0.0018672587,
1.19375,0.0071308604,
1.194,-0.0066625490,
1.19425,0.0033528151,
1.1945,-0.0196916461,
1.19475,-0.0087427637,
1.195,-0.0032371420,
1.19525,-0.0107951742,
1.1955,-0.0236591659,
1.19575,-0.0140132811,
1.196,-0.0004511738,
1.19625,0.0067760432,
1.1965,-0.0160662960,
1.19675,-0.0140513889,
1.197,0.0000928818,
1.19725,0.0101279793,
1.1975,0.0074907383,
1.19775,0.0139214229,
1.198,0.0105418842,
1.19825,0.0017578437,
1.1985,-0.0124941617,
1.19875,-0.0041640443,
1.199,0.0250667799,
1.19925,0.0132260546,
1.1995,-0.0061554816,
1.19975,0.0157905705,
1.2,0.0178774167,
1.20025,0.0048083048,
1.2005,-0.0095938444,
1.20075,-0.0203163773,
1.201,-0.0151740117,
1.20125,-0.0065115383,
1.2015,-0.0061840555,
1.20175,-0.0000559635,
1.202,0.0070996210,
1.20225,0.0046607507,
1.2025,-0.0095939673,
1.20275,0.0083774701,
1.203,-0.0007488899,
1.20325,0.0155328829,
1.2035,-0.0028154578,
1.20375,0.0205631163,
1.204,0.0003706004,
1.20425,-0.0018219624,
1.2045,0.0225427467,
1.20475,-0.0432473272,
1.205,0.0111161601,
1.20525,-0.0454632491,
1.2055,-0.0390054956,
1.20575,0.0058066607,
1.206,-0.0147676878,
1.20625,-0.0551752299,
1.2065,-0.0529694855,
1.20675,-0.0146254580,
1.207,-0.0078329854,
1.20725,-0.0063558291,
1.2075,0.0017631735,
1.20775,-0.0185415111,
1.208,-0.0005401672,
1.20825,0.0168840922,
1.2085,-0.0001205578,
1.20875,-0.0012393806,
1.209,0.0087218182,
1.20925,-0.0083967950,
1.2095,-0.0172137134,
1.20975,0.0007310324,
1.21,0.0103451265,
1.21025,-0.0046885503,
1.2105,-0.0034241194,
1.21075,0.0185498148,
1.211,0.0081159147,
1.21125,-0.0136515927,
1.2115,0.0029895434,
1.21175,-0.0050539621,
1.212,-0.0115688611,
1.21225,-0.0108037628,
1.2125,-0.0039302050,
1.21275,0.0113533176,
1.213,-0.0075669866,
1.21325,0.0078051938,
1.2135,-0.0067151096,
1.21375,-0.0018006376,
1.214,0.0095801186,
1.21425,0.0119798612,
1.2145,0.0094580902,
1.21475,0.0139611401,
1.215,0.0137183731,
1.21525,0.0076287473,
1.2155,0.0004046939,
1.21575,0.0062644817,
1.216,-0.0133301616,
1.21625,-0.0109537775,
1.2165,-0.0129816504,
1.21675,-0.0103616761,
1.217,-0.0183840431,
1.21725,-0.0170725007,
1.2175,-0.0010101967,
1.21775,0.0114275403,
1.218,-0.0023496603,
1.21825,-0.0155194988,
1.2185,-0.0028911184,
1.21875,0.0138411038,
1.219,0.0053372835,
1.21925,0.0105889933,
1.2195,0.0146220298,
1.21975,0.0153404549,
1.22,-0.0010215979,
1.22025,0.0138489911,
1.2205,0.0068614827,
1.22075,0.0197888557,
1.221,0.0012589862,
1.22125,0.0006146950,
1.2215,-0.0063546980,
1.22175,0.0090409731,
1.222,0.0012848333,
1.22225,-0.0104560349,
1.2225,-0.0030855364,
1.22275,0.0166349411,
1.223,-0.0156146213,
1.22325,-0.0055262162,
1.2235,0.0075395331,
1.22375,-0.0015035627,
1.224,0.0119066043,
1.22425,-0.0014296221,
1.2245,0.0069435216,
1.22475,0.0055163624,
1.225,0.0011979768,
1.22525,-0.0031693331,
1.2255,0.0087227449,
1.22575,0.0091209551,
1.226,0.0061465404,
1.22625,0.0007509105,
1.2265,0.0003698584,
1.22675,-0.0001331406,
1.227,-0.0217605196,
1.22725,-0.0211929120,
1.2275,-0.0007965140,
1.22775,-0.0032641622,
1.228,-0.0308317393,
1.22825,-0.0316700824,
1.2285,0.0107073896,
1.22875,-0.0172166862,
1.229,-0.0141862174,
1.22925,-0.0074037998,
1.2295,0.0088027269,
1.22975,-0.0086010844,
1.23,0.0009115398,
1.23025,0.0031889558,
1.2305,0.0116190230,
1.23075,-0.0083307140,
1.231,-0.0087524774,
1.23125,-0.0004140682,
1.2315,0.0087145381,
1.23175,0.0062368736,
1.232,0.0072816969,
1.23225,-0.0222205259,
1.2325,-0.0000511621,
1.23275,-0.0002071215,
1.233,-0.0422078706,
1.23325,-0.0318784602,
1.2335,-0.0015977287,
1.23375,-0.0110214036,
1.234,-0.0374762826,
1.23425,0.0143213943,
1.2345,-0.0000710850,
1.23475,-0.0029664345,
1.235,-0.0132349115,
1.23525,-0.0058264327,
1.2355,-0.0086462507,
1.23575,0.0242145061,
1.236,-0.0162964892,
1.23625,0.0016236509,
1.2365,-0.0053572366,
1.23675,0.0059486316,
1.237,-0.0057190703,
1.23725,-0.0052319700,
1.2375,0.0073306533,
1.23775,-0.0292966869,
1.238,-0.0224448927,
1.23825,-0.0121389106,
1.2385,-0.0272510946,
1.23875,-0.0337106213,
1.239,-0.0140099833,
1.23925,-0.0043704771,
1.2395,0.0082999133,
1.23975,-0.0007752858,
1.24,-0.0041512707,
1.24025,0.0162911527,
1.2405,0.0126346815,
1.24075,0.0116055841,
1.241,0.0026728236,
1.24125,0.0082932059,
1.2415,0.0213715062,
1.24175,0.0055608777,
1.242,-0.0127641130,
1.24225,0.0150109436,
1.2425,0.0148706613,
1.24275,0.0030023663,
1.243,0.0031381452,
1.24325,-0.0058117118,
1.2435,-0.0048626638,
1.24375,-0.0125855226,
1.244,-0.0099047562,
1.24425,0.0012741238,
1.2445,0.0133898705,
1.24475,0.0010296134,
1.245,0.0035471257,
1.24525,0.0232158676,
1.2455,0.0041303770,
1.24575,0.0053049908,
1.246,0.0076562548,
1.24625,-0.0128551843,
1.2465,0.0127784628,
1.24675,0.0121810390,
1.247,0.0033182069,
1.24725,0.0139088593,
1.2475,0.0159039404,
1.24775,0.0051399595,
1.248,-0.0042919093,
1.24825,0.0040212246,
1.2485,0.0117316358,
1.24875,-0.0054790052,
1.249,-0.0007516937,
1.24925,0.0012770481,
1.2495,0.0180355478,
1.24975,-0.0376714207,
1.25,-0.0068322690,
1.25025,0.0123423440,
1.2505,0.0102244597,
1.25075,-0.0065071410,
1.251,0.0148807392,
1.25125,0.0168765485,
1.2515,0.0062286393,
1.25175,0.0115587609,
1.252,0.0195924379,
1.25225,0.0190763678,
1.2525,0.0070008663,
1.25275,0.0051280181,
1.253,-0.0009775545,
1.25325,0.0204414465,
1.2535,0.0045464160,
1.25375,0.0015456006,
1.254,-0.0008274195,
1.25425,0.0119578047,
1.2545,0.0033652943,
1.25475,-0.0095219240,
1.255,-0.0014881389,
1.25525,0.0178745054,
1.2555,-0.0080314474,
1.25575,-0.0140954461,
1.256,0.0215957779,
1.25625,0.0147881815,
1.2565,0.0080208387,
1.25675,0.0073015108,
1.257,0.0060925456,
1.25725,0.0088367164,
1.2575,0.0111327991,
1.25775,-0.0056208745,
1.258,0.0102787092,
1.25825,0.0109296860,
1.2585,-0.0047086240,
1.25875,-0.0071007148,
1.259,-0.0081309667,
1.25925,0.0070323660,
1.2595,-0.0087436587,
1.25975,-0.0118193813,
1.26,0.0165961999,
1.26025,0.0134519348,
1.2605,-0.0166870523,
1.26075,-0.0110253831,
1.261,0.0014411062,
1.26125,0.0063717579,
1.2615,-0.0145252813,
1.26175,0.0092416946,
1.262,0.0015066783,
1.26225,0.0045576491,
1.2625,0.0029119360,
1.26275,-0.0070924554,
1.263,0.0204266030,
1.26325,0.0156856589,
1.2635,0.0155787971,
1.26375,0.0017099725,
1.264,0.0268479697,
1.26425,0.0199351814,
1.2645,0.0158956405,
1.26475,-0.0036906600,
1.265,-0.0069219298,
1.26525,0.0022097216,
1.2655,-0.0082794726,
1.26575,-0.0145623330,
1.266,-0.0169451386,
1.26625,0.0002366575,
1.2665,-0.0077484511,
1.26675,-0.0072908937,
1.267,0.0140745696,
1.26725,-0.0009547402,
1.2675,-0.0026146064,
1.26775,0.0063993530,
1.268,0.0118472977,
1.26825,0.0228226483,
1.2685,-0.0035679839,
1.26875,0.0078510940,
1.269,0.0136762243,
1.26925,0.0103463400,
1.2695,0.0082697012,
1.26975,-0.0079232072,
1.27,0.0102590602,
1.27025,-0.0175715704,
1.2705,-0.0266225748,
1.27075,-0.0306550134,
1.271,-0.0087783812,
1.27125,-0.0077593299,
1.2715,-0.0142014083,
1.27175,-0.0097974166,
1.272,0.0034536424,
1.27225,0.0136883082,
1.2725,-0.0159088299,
1.27275,0.0105908569,
1.273,0.0136408377,
1.27325,0.0014508385,
1.2735,0.0046907156,
1.27375,0.0214302558,
1.274,0.0178634822,
1.27425,0.0137468781,
1.2745,-0.0007071619,
1.27475,0.0112538245,
1.275,0.0104329223,
1.27525,-0.0004014117,
1.2755,-0.0026921518,
1.27575,-0.0184343681,
1.276,-0.0102716312,
1.27625,-0.0201750137,
1.2765,-0.0162238963,
1.27675,-0.0129610300,
1.277,-0.0019270986,
1.27725,-0.0152489655,
1.2775,-0.0053154589,
1.27775,0.0206679367,
1.278,0.0070677148,
1.27825,0.0166292097,
1.2785,0.0051008044,
1.27875,0.0061448365,
1.279,0.0072974898,
1.27925,-0.0025511384,
1.2795,0.0109167537,
1.27975,0.0137138264,
1.28,-0.0130828517,
1.28025,0.0007813409,
1.2805,-0.0067451419,
1.28075,0.0040922440,
1.281,0.0018179958,
1.28125,-0.0124460235,
1.2815,-0.0271133184,
1.28175,-0.0148073826,
1.282,0.0058662170,
1.28225,-0.0133923460,
1.2825,-0.0058011934,
1.28275,0.0183747821,
1.283,0.0077029839,
1.28325,-0.0061592143,
1.2835,0.0114528323,
1.28375,0.0100585073,
1.284,0.0098548820,
1.28425,0.0082783904,
1.2845,0.0132424189,
1.28475,0.0139325103,
1.285,0.0273907930,
1.28525,0.0168446731,
1.2855,-0.0069294982,
1.28575,0.0203161221,
1.286,0.0227807723,
1.28625,-0.0017018230,
1.2865,-0.0176969022,
1.28675,0.0110299643,
1.287,-0.0062547275,
1.28725,-0.0020214226,
1.2875,-0.0072214995,
1.28775,0.0028762398,
1.288,0.0096846670,
1.28825,0.0093096821,
1.2885,-0.0036847703,
1.28875,-0.0258883014,
1.289,-0.0864959136,
1.28925,-0.0066193617,
1.2895,0.0055937972,
1.28975,0.0262433682,
1.29,-0.0151039734,
1.29025,-0.0246995874,
1.2905,0.0110057732,
1.29075,-0.0185430255,
1.291,0.0106260143,
1.29125,0.0029782932,
1.2915,0.0034127219,
1.29175,0.0160443988,
1.292,-0.0267543904,
1.29225,-0.0290593952,
1.2925,0.0065846876,
1.29275,0.0082623968,
1.293,0.0107051134,
1.29325,-0.0157301016,
1.2935,-0.0153356930,
1.29375,-0.0090200435,
1.294,-0.0038890969,
1.29425,0.0042803870,
1.2945,0.0086303409,
1.29475,0.0212255456,
1.295,0.0222739857,
1.29525,0.0066981982,
1.2955,0.0248681121,
1.29575,0.0314318426,
1.296,0.0126057565,
1.29625,-0.0074087339,
1.2965,0.0068014958,
1.29675,-0.0008423850,
1.297,0.0081505319,
1.29725,-0.0243867785,
1.2975,-0.0173057634,
1.29775,-0.0079953168,
1.298,-0.0081613604,
1.29825,-0.0003283825,
1.2985,0.0139194690,
1.29875,0.0397067666,
1.299,0.0163752567,
1.29925,0.0139786508,
1.2995,0.0156375878,
1.29975,0.0219747834,
1.3,0.0007141482,
1.30025,0.0139277223,
1.3005,0.0173817575,
1.30075,0.0130457524,
1.301,-0.0012133836,
1.30125,0.0144942710,
1.3015,0.0159183368,
1.30175,-0.0013793679,
1.302,0.0092872065,
1.30225,-0.0193289071,
1.3025,0.0138611235,
1.30275,-0.0054259114,
1.303,-0.0337961577,
1.30325,-0.0036510052,
1.3035,0.0190352760,
1.30375,0.0107180988,
1.304,-0.0130474903,
1.30425,-0.0099407006,
1.3045,0.0011402617,
1.30475,0.0116691235,
1.305,-0.0015532654,
1.30525,0.0173990503,
1.3055,0.0073933639,
1.30575,0.0047896188,
1.306,-0.0072693429,
1.30625,-0.0009119193,
1.3065,0.0285419058,
1.30675,0.0285859220,
1.307,0.0003059804,
1.30725,-0.0046311524,
1.3075,0.0100948373,
1.30775,0.0018881490,
1.308,-0.0029405528,
1.30825,-0.0189395193,
1.3085,0.0129391765,
1.30875,-0.0180914458,
1.309,-0.0130271893,
1.30925,0.0177152064,
1.3095,0.0043309615,
1.30975,-0.0549163707,
1.31,-0.0248716846,
1.31025,-0.0043514455,
1.3105,-0.0482979827,
1.31075,-0.0342629701,
1.311,-0.0112469168,
1.31125,-0.0376831032,
1.3115,-0.0403024927,
1.31175,-0.0451929793,
1.312,-0.0162790697,
1.31225,-0.0346872732,
1.3125,-0.0376664996,
1.31275,-0.0131120421,
1.313,-0.0850501508,
1.31325,-0.0708836466,
1.3135,0.0168072954,
1.31375,-0.0270051714,
1.314,-0.0000940205,
1.31425,-0.0082770055,
1.3145,0.0145405792,
1.31475,-0.0248112753,
1.315,-0.0267619547,
1.31525,-0.0127311144,
1.3155,0.0071362890,
1.31575,-0.0624938644,
1.316,-0.0141823385,
1.31625,-0.0040963581,
1.3165,-0.0092113316,
1.31675,-0.0138855269,
1.317,-0.0097869411,
1.31725,0.0050803828,
1.3175,-0.0019439916,
1.31775,0.0006526605,
1.318,-0.0088389497,
1.31825,-0.0095794760,
1.3185,0.0001626304,
1.31875,0.0059671961,
1.319,-0.0209949389,
1.31925,-0.0074315453,
1.3195,-0.0248832647,
1.31975,-0.0221428834,
1.32,-0.0147608183,
1.32025,-0.0107800877,
1.3205,0.0040416941,
1.32075,-0.0102751525,
1.321,-0.0052943383,
1.32125,-0.0058714012,
1.3215,0.0031960113,
1.32175,-0.0114984913,
1.322,-0.0025999334,
1.32225,-0.0193622708,
1.3225,-0.0023737359,
1.32275,-0.0105125783,
1.323,-0.0020054958,
1.32325,-0.0057151364,
1.3235,0.0021622577,
1.32375,-0.0162020698,
1.324,-0.0131396968,
1.32425,0.0049764146,
1.3245,0.0016488011,
1.32475,-0.0165758077,
1.325,-0.0215352252,
1.32525,-0.0125353141,
1.3255,0.0025296237,
1.32575,-0.0182792209,
1.326,-0.0162960943,
1.32625,0.0000629915,
1.3265,-0.0033193133,
1.32675,-0.0131276101,
1.327,0.0050982125,
1.32725,0.0066366098,
1.3275,0.0100849029,
1.32775,0.0003731543,
1.328,0.0149700213,
1.32825,0.0154948197,
1.3285,0.0291439611,
1.32875,-0.0179348458,
1.329,0.0094592730,
1.32925,0.0010090427,
1.3295,0.0067708371,
1.32975,-0.0220422726,
1.33,0.0004872163,
1.33025,-0.0131147737,
1.3305,-0.0091927154,
1.33075,-0.0146012800,
1.331,0.0022116308,
1.33125,0.0103335064,
1.3315,0.0024690663,
1.33175,0.0101234801,
1.332,0.0063180076,
1.33225,0.0042387634,
1.3325,0.0181991942,
1.33275,-0.0150512215,
1.333,-0.0247234199,
1.33325,0.0266901553,
1.3335,0.0000716867,
1.33375,-0.0088643245,
1.334,-0.0068507507,
1.33425,0.0019868934,
1.3345,-0.0081319949,
1.33475,-0.0352177471,
1.335,-0.0207882747,
1.33525,-0.0007079302,
1.3355,-0.0061182077,
1.33575,-0.0031114388,
1.336,-0.0013780899,
1.33625,0.0031665831,
1.3365,-0.0055208681,
1.33675,-0.0120710013,
1.337,-0.0002590629,
1.33725,0.0066139074,
1.3375,-0.0061107096,
1.33775,0.0080180028,
1.338,0.0055082045,
1.33825,0.0040697358,
1.3385,-0.0015824881,
1.33875,0.0116887959,
1.339,0.0197561234,
1.33925,0.0316146500,
1.3395,0.0110579329,
1.33975,0.0101715159,
1.34,0.0106764231,
1.34025,0.0225461498,
1.3405,-0.0064612171,
1.34075,-0.0152286198,
1.341,-0.0072207954,
1.34125,-0.0058184145,
1.3415,-0.0154252015,
1.34175,-0.0104516391,
1.342,0.0054959934,
1.34225,0.0103697795,
1.3425,0.0151235238,
1.34275,0.0043926942,
1.343,0.0232633371,
1.34325,0.0095051816,
1.3435,0.0192137845,
1.34375,0.0057058926,
1.344,0.0220609233,
1.34425,0.0140975369,
1.3445,0.0027357549,
1.34475,0.0064542731,
1.345,0.0242117010,
1.34525,0.0037965155,
1.3455,-0.0084946482,
1.34575,-0.0115553150,
1.346,-0.0107485913,
1.34625,-0.0344150290,
1.3465,-0.0201579463,
1.34675,0.0114868432,
1.347,0.0209606625,
1.34725,-0.0073169162,
1.3475,0.0020508619,
1.34775,0.0100759715,
1.348,0.0120029505,
1.34825,0.0172597002,
1.3485,0.0107730459,
1.34875,0.0069209118,
1.349,0.0071152402,
1.34925,0.0150869088,
1.3495,-0.0036999178,
1.34975,0.0050656195,
1.35,0.0242558159,
1.35025,0.0195820630,
1.3505,0.0071074320,
1.35075,0.0123213977,
1.351,0.0274231993,
1.35125,0.0008948612,
1.3515,-0.0368469656,
1.35175,-0.0053207548,
1.352,-0.0243948959,
1.35225,-0.0215933733,
1.3525,-0.0197487064,
1.35275,0.0125711309,
1.353,0.0044274866,
1.35325,-0.0032832408,
1.3535,0.0057076076,
1.35375,-0.0076556383,
1.354,-0.0191976242,
1.35425,0.0120517714,
1.3545,0.0104814209,
1.35475,0.0056334976,
1.355,0.0051580584,
1.35525,0.0139416279,
1.3555,0.0043700361,
1.35575,-0.0066235093,
1.356,0.0177318864,
1.35625,-0.0081360266,
1.3565,-0.0148114888,
1.35675,-0.0116858864,
1.357,0.0089431182,
1.35725,-0.0221735127,
1.3575,-0.0151076615,
1.35775,0.0073202257,
1.358,-0.0057138107,
1.35825,-0.0181440283,
1.3585,0.0023704930,
1.35875,0.0006671636,
1.359,0.0011722504,
1.35925,-0.0035233335,
1.3595,0.0033461230,
1.35975,0.0159311667,
1.36,0.0167123061,
1.36025,0.0035343331,
1.3605,-0.0005880804,
1.36075,0.0105089527,
1.361,0.0196775030,
1.36125,-0.0051681488,
1.3615,-0.0005637995,
1.36175,-0.0304590873,
1.362,0.0031799634,
1.36225,-0.0235712174,
1.3625,-0.0206502266,
1.36275,-0.0138829723,
1.363,-0.0135185653,
1.36325,-0.0109988712,
1.3635,-0.0145589914,
1.36375,0.0131017668,
1.364,0.0012996572,
1.36425,0.0050541610,
1.3645,-0.0019645272,
1.36475,0.0046030986,
1.365,0.0125211105,
1.36525,0.0053567085,
1.3655,0.0013264682,
1.36575,0.0027174593,
1.366,-0.0047161025,
1.36625,-0.0040847934,
1.3665,0.0031752044,
1.36675,-0.0139617724,
1.367,-0.0132087236,
1.36725,-0.0450821817,
1.3675,-0.0322121941,
1.36775,-0.0102103706,
1.368,-0.0097840820,
1.36825,-0.0319009237,
1.3685,-0.0010486854,
1.36875,0.0175367910,
1.369,-0.0164482426,
1.36925,0.0046523940,
1.3695,0.0184109006,
1.36975,0.0149725862,
1.37,0.0008761794,
1.37025,0.0118331816,
1.3705,0.0020146612,
1.37075,0.0057081301,
1.371,0.0082378481,
1.37125,0.0006069067,
1.3715,0.0023850328,
1.37175,0.0055585848,
1.372,0.0092906682,
1.37225,-0.0025420475,
1.3725,-0.0026743938,
1.37275,0.0203780867,
1.373,-0.0189452693,
1.37325,-0.0072423141,
1.3735,0.0018074855,
1.37375,0.0081953835,
1.374,0.0022612032,
1.37425,-0.0056779608,
1.3745,0.0006735529,
1.37475,0.0247975215,
1.375,0.0056595095,
1.37525,0.0199970584,
1.3755,0.0181293990,
1.37575,0.0261082761,
1.376,0.0180585049,
1.37625,0.0028185206,
1.3765,0.0057900678,
1.37675,-0.0001827011,
1.377,-0.0257531181,
1.37725,-0.0099573229,
1.3775,-0.0005577494,
1.37775,0.0256025232,
1.378,-0.0094320308,
1.37825,0.0017686542,
1.3785,-0.0048617152,
1.37875,0.0199674275,
1.379,0.0024492072,
1.37925,0.0035940146,
1.3795,0.0108182570,
1.37975,0.0356264375,
1.38,-0.0203204229,
1.38025,-0.0025173684,
1.3805,0.0447673760,
1.38075,0.0087722074,
1.381,-0.0041938531,
1.38125,0.0198415667,
1.3815,0.0291568898,
1.38175,0.0080117295,
1.382,0.0054501817,
1.38225,0.0005741450,
1.3825,0.0102769630,
1.38275,0.0129602430,
1.383,0.0107215755,
1.38325,-0.0042603775,
1.3835,0.0162454993,
1.38375,0.0219503585,
1.384,0.0054106535,
1.38425,-0.0042082495,
1.3845,0.0216790773,
1.38475,0.0222093984,
1.385,0.0082809487,
1.38525,0.0261400063,
1.3855,0.0217998028,
1.38575,0.0304817408,
1.386,0.0094250906,
1.38625,0.0075018262,
1.3865,0.0171936266,
1.38675,0.0193798151,
1.387,0.0122540304,
1.38725,0.0364971571,
1.3875,0.0366769284,
1.38775,0.0022165121,
1.388,0.0027715741,
1.38825,0.0047614644,
1.3885,0.0025624319,
1.38875,-0.0028470110,
1.389,0.0052219164,
1.38925,0.0070737461,
1.3895,0.0175709631,
1.38975,0.0144945933,
1.39,0.0012556509,
1.39025,0.0182567053,
1.3905,0.0177166406,
1.39075,0.0209387094,
1.391,0.0061367820,
1.39125,0.0336902998,
1.3915,0.0252525527,
1.39175,0.0081412988,
1.392,0.0102076363,
1.39225,0.0183006953,
1.3925,0.0127005968,
1.39275,0.0213171318,
1.393,0.0084322123,
1.39325,0.0066567929,
1.3935,0.0256478712,
1.39375,0.0125762913,
1.394,0.0130421249,
1.39425,0.0118775656,
1.3945,0.0232185256,
1.39475,-0.0049088150,
1.395,0.0125593673,
1.39525,0.0251335986,
1.3955,0.0219540261,
1.39575,0.0064827129,
1.396,0.0123407496,
1.39625,0.0147501379,
1.3965,0.0109695382,
1.39675,0.0120917335,
1.397,0.0128812296,
1.39725,0.0076149967,
1.3975,0.0146801388,
1.39775,0.0177791081,
1.398,0.0011383798,
1.39825,0.0112843346,
1.3985,0.0093798069,
1.39875,0.0039915596,
1.399,-0.0110867815,
1.39925,-0.0027337878,
1.3995,0.0102636265,
1.39975,-0.0250469483,
1.4,-0.0044063954,
1.40025,0.0045188377,
1.4005,0.0045264969,
1.40075,-0.0061906474,
1.401,-0.0016427513,
1.40125,-0.0052962480,
1.4015,0.0174775217,
1.40175,-0.0017082240,
1.402,0.0123039801,
1.40225,0.0119521115,
1.4025,0.0175561234,
1.40275,-0.0081284158,
1.403,0.0049778335,
1.40325,0.0103894901,
1.4035,0.0045350362,
1.40375,-0.0056376904,
1.404,0.0026698748,
1.40425,0.0017235081,
1.4045,0.0093245041,
1.40475,-0.0104435775,
1.405,-0.0557160825,
1.40525,-0.0139589254,
1.4055,-0.0214933697,
1.40575,-0.0045389556,
1.406,-0.0109372390,
1.40625,0.0126473494,
1.4065,-0.0057365103,
1.40675,-0.0031324076,
1.407,0.0100135691,
1.40725,0.0046501025,
1.4075,0.0012313302,
1.40775,0.0003423192,
1.408,-0.0113660209,
1.40825,-0.0056019733,
1.4085,-0.0064354045,
1.40875,-0.0133594610,
1.409,0.0023158463,
1.40925,-0.0197601486,
1.4095,-0.0289709158,
1.40975,-0.0313634463,
1.41,-0.0263035782,
1.41025,0.0094926981,
1.4105,-0.0445956811,
1.41075,-0.0399193875,
1.411,-0.0023267521,
1.41125,-0.0163504370,
1.4115,-0.0229325257,
1.41175,-0.0126054129,
1.412,0.0019959470,
1.41225,-0.0081943916,
1.4125,0.0013933876,
1.41275,-0.0045123338,
1.413,-0.0046072397,
1.41325,0.0062973988,
1.4135,-0.0268018264,
1.41375,-0.0130229220,
1.414,0.0046492126,
1.41425,0.0121464571,
1.4145,0.0006278214,
1.41475,-0.0113006476,
1.415,0.0086330939,
1.41525,0.0019956999,
1.4155,-0.0297328644,
1.41575,-0.0370713994,
1.416,-0.0378951654,
1.41625,-0.0328438431,
1.4165,-0.0612849705,
1.41675,-0.0248305611,
1.417,-0.0137368198,
1.41725,-0.0166889988,
1.4175,-0.0016312648,
1.41775,-0.0191635955,
1.418,-0.0154371979,
1.41825,-0.0003392951,
1.4185,-0.0270511284,
1.41875,-0.0219040327,
1.419,-0.0304084737,
1.41925,0.0096547846,
1.4195,0.0073762774,
1.41975,0.0080101695,
1.42,0.0054323496,
1.42025,0.0088816499,
1.4205,-0.0050386153,
1.42075,-0.0112969708,
1.421,-0.0433320738,
1.42125,-0.0285234079,
1.4215,-0.0610963032,
1.42175,-0.0201096237,
1.422,-0.0290519912,
1.42225,-0.0188150089,
1.4225,-0.0015188509,
1.42275,-0.0010528046,
1.423,0.0102408333,
1.42325,0.0052178027,
1.4235,0.0085216518,
1.42375,0.0264017209,
1.424,0.0080649145,
1.42425,0.0155071737,
1.4245,-0.0019197061,
1.42475,0.0118006393,
1.425,0.0145267462,
1.42525,-0.0006005790,
1.4255,0.0006090772,
1.42575,0.0014193587,
1.426,-0.0038587183,
1.42625,-0.0066260463,
1.4265,-0.0095994854,
1.42675,-0.0249281973,
1.427,-0.0092428420,
1.42725,-0.0310574025,
1.4275,-0.0144564724,
1.42775,0.0059099258,
1.428,0.0054910369,
1.42825,-0.0045103678,
1.4285,-0.0045322855,
1.42875,0.0121522592,
1.429,0.0214289799,
1.42925,0.0182488505,
1.4295,0.0011989578,
1.42975,-0.0104498565,
1.43,0.0135312956,
1.43025,-0.0097798593,
1.4305,-0.0160535946,
1.43075,-0.0012607751,
1.431,-0.0079491418,
1.43125,-0.0052140364,
1.4315,-0.0246496126,
1.43175,-0.0161300804,
1.432,0.0060639302,
1.43225,-0.0334891453,
1.4325,-0.0081015974,
1.43275,0.0031101671,
1.433,0.0200135820,
1.43325,0.0016175702,
1.4335,0.0145552037,
1.43375,0.0086797876,
1.434,0.0246067159,
1.43425,0.0054750796,
1.4345,0.0195087604,
1.43475,0.0134943938,
1.435,0.0099320719,
1.43525,-0.0006697066,
1.4355,0.0021726349,
1.43575,0.0193282384,
1.436,0.0090704905,
1.43625,-0.0131003009,
1.4365,-0.0399622545,
1.43675,-0.0081718704,
1.437,-0.0118887629,
1.43725,0.0225662962,
1.4375,-0.0437733866,
1.43775,-0.0220665634,
1.438,-0.0042371098,
1.43825,-0.0300026610,
1.4385,0.0050600730,
1.43875,-0.0380755253,
1.439,-0.0083859973,
1.43925,-0.0266707540,
1.4395,0.0148495194,
1.43975,-0.0064308080,
1.44,-0.0184743982,
1.44025,0.0010012442,
1.4405,-0.0012355646,
1.44075,0.0062919641,
1.441,0.0059255762,
1.44125,0.0108916583,
1.4415,0.0132884774,
1.44175,0.0078654978,
1.442,0.0060510701,
1.44225,-0.0028351797,
1.4425,-0.0021406161,
1.44275,0.0079319263,
1.443,-0.0054946491,
1.44325,-0.0155741870,
1.4435,-0.0191851147,
1.44375,0.0205620937,
1.444,0.0045269392,
1.44425,0.0026392899,
1.4445,0.0036113979,
1.44475,0.0165927019,
1.445,0.0134788938,
1.44525,-0.0024718258,
1.4455,0.0197257567,
1.44575,0.0248036999,
1.446,0.0068134558,
1.44625,-0.0272116251,
1.4465,0.0065489947,
1.44675,0.0062461393,
1.447,0.0182661265,
1.44725,-0.0111635569,
1.4475,0.0065205544,
1.44775,0.0019759741,
1.448,-0.0138523467,
1.44825,0.0020903766,
1.4485,-0.0074645136,
1.44875,-0.0152826691,
1.449,-0.0210195668,
1.44925,-0.0068687298,
1.4495,-0.0179774724,
1.44975,0.0049879868,
1.45,0.0118360538,
1.45025,-0.0015292848,
1.4505,0.0046751215,
1.45075,0.0163494404,
1.451,0.0025598609,
1.45125,-0.0049466435,
1.4515,0.0005890319,
1.45175,0.0145071736,
1.452,0.0034712569,
1.45225,0.0024426065,
1.4525,-0.0042301561,
1.45275,-0.0124378214,
1.453,-0.0109338202,
1.45325,-0.0176971313,
1.4535,-0.0017030303,
1.45375,0.0096409256,
1.454,-0.0026860181,
1.45425,-0.0138135869,
1.4545,0.0013801251,
1.45475,-0.0022812614,
1.455,-0.0075353035,
1.45525,-0.0078709759,
1.4555,0.0033418224,
1.45575,-0.0000003605,
1.456,-0.0257646032,
1.45625,0.0174427442,
1.4565,-0.0018921986,
1.45675,0.0223599393,
1.457,-0.0254379120,
1.45725,-0.0189541932,
1.4575,-0.0107887527,
1.45775,-0.0069740745,
1.458,-0.0167826358,
1.45825,-0.0341697931,
1.4585,-0.0074544684,
1.45875,-0.0057967035,
1.459,-0.0122756157,
1.45925,-0.0280181654,
1.4595,-0.0126128402,
1.45975,-0.0427790023,
1.46,-0.0105743529,
1.46025,-0.0180209000,
1.4605,0.0143573536,
1.46075,-0.0106429821,
1.461,-0.0183888674,
1.46125,-0.0004498355,
1.4615,0.0258134138,
1.46175,0.0009748879,
1.462,-0.0004792309,
1.46225,-0.0015615274,
1.4625,0.0036515566,
1.46275,-0.0021861177,
1.463,0.0005605856,
1.46325,0.0104605919,
1.4635,-0.0071028806,
1.46375,0.0010614484,
1.464,-0.0209026989,
1.46425,-0.0167703796,
1.4645,-0.0033875313,
1.46475,-0.0062841401,
1.465,-0.0113564022,
1.46525,-0.0106538320,
1.4655,0.0232573878,
1.46575,0.0162520315,
1.466,-0.0053618075,
1.46625,-0.0013041967,
1.4665,0.0132290293,
1.46675,0.0035980798,
1.467,0.0032410165,
1.46725,0.0159936678,
1.4675,0.0081990715,
1.46775,0.0029680305,
1.468,0.0241663717,
1.46825,0.0046384940,
1.4685,0.0214875825,
1.46875,0.0180176403,
1.469,-0.0010658875,
1.46925,0.0102306809,
1.4695,0.0052527953,
1.46975,-0.0078317579,
1.47,-0.0162206776,
1.47025,-0.0005459636,
1.4705,-0.0074633961,
1.47075,0.0004811054,
1.471,-0.0080338670,
1.47125,0.0001852277,
1.4715,0.0085141938,
1.47175,0.0117296949,
1.472,0.0061409413,
1.47225,-0.0011925494,
1.4725,0.0358720422,
1.47275,0.0156746674,
1.473,0.0102286432,
1.47325,0.0068727555,
1.4735,0.0098544043,
1.47375,-0.0010092967,
1.474,0.0176625419,
1.47425,-0.0088245533,
1.4745,0.0095629096,
1.47475,-0.0146575132,
1.475,-0.0414183401,
1.47525,-0.0051724636,
1.4755,-0.0017642276,
1.47575,-0.0082002496,
1.476,-0.0016870715,
1.47625,0.0180482417,
1.4765,0.0154367965,
1.47675,0.0091897072,
1.477,0.0149060469,
1.47725,0.0301304180,
1.4775,0.0073178532,
1.47775,0.0136458706,
1.478,0.0055824756,
1.47825,0.0216620024,
1.4785,0.0171676408,
1.47875,0.0060433364,
1.479,0.0171773955,
1.47925,0.0025424901,
1.4795,0.0208893269,
1.47975,0.0090982681,
1.48,0.0171550810,
1.48025,0.0063629420,
1.4805,0.0191089176,
1.48075,-0.0100992993,
1.481,-0.0009427376,
1.48125,0.0203081928,
1.4815,0.0147166848,
1.48175,0.0048086150,
1.482,0.0098906262,
1.48225,0.0158848800,
1.4825,0.0101915374,
1.48275,0.0037882405,
1.483,0.0189156644,
1.48325,0.0308728199,
1.4835,0.0104703791,
1.48375,-0.0022728848,
1.484,0.0113153942,
1.48425,0.0236428715,
1.4845,0.0032555326,
1.48475,-0.0035206566,
1.485,0.0129259266,
1.48525,0.0028015322,
1.4855,0.0093452958,
1.48575,-0.0133190341,
1.486,0.0069388598,
1.48625,-0.0007823810,
1.4865,0.0103578353,
1.48675,-0.0053831008,
1.487,0.0081485892,
1.48725,0.0085915178,
1.4875,0.0181539170,
1.48775,0.0029393847,
1.488,0.0114756469,
1.48825,0.0193726625,
1.4885,0.0054393457,
1.48875,0.0001958113,
1.489,0.0160990544,
1.48925,0.0197899807,
1.4895,-0.0044265748,
1.48975,0.0039672586,
1.49,0.0156490579,
1.49025,0.0205536745,
1.4905,0.0149697112,
1.49075,0.0073235040,
1.491,0.0194297973,
1.49125,0.0152705796,
1.4915,-0.0132232215,
1.49175,0.0012049243,
1.492,0.0179159809,
1.49225,-0.0188857298,
1.4925,0.0031507618,
1.49275,0.0065379613,
1.493,0.0108134635,
1.49325,-0.0002748299,
1.4935,0.0177008025,
1.49375,0.0007465604,
1.494,-0.0060365526,
1.49425,0.0159788467,
1.4945,0.0039222375,
1.49475,-0.0098064262,
1.495,0.0228067134,
1.49525,0.0128423432,
1.4955,-0.0114817955,
1.49575,-0.0109797139,
1.496,-0.0006091055,
1.49625,-0.0130226472,
1.4965,-0.0163121726,
1.49675,-0.0062508779,
1.497,0.0031298304,
1.49725,-0.0021060659,
1.4975,-0.0052973540,
1.49775,-0.0088294903,
1.498,-0.0045133182,
1.49825,0.0141906030,
1.4985,0.0025855829,
1.49875,0.0050294660,
1.499,0.0138120987,
1.49925,0.0034730630,
1.4995,-0.0005840918,
1.49975,0.0144774858,
1.5,0.0226959027,
1.50025,0.0061722607,
1.5005,0.0135862585,
1.50075,0.0017844969,
1.501,0.0130442334,
1.50125,0.0052669914,
1.5015,0.0032296507,
1.50175,-0.0053891563,
1.502,0.0044575557,
1.50225,0.0039017759,
1.5025,-0.0162292011,
1.50275,0.0051361257,
1.503,0.0126258610,
1.50325,-0.0044994545,
1.5035,-0.0011137250,
1.50375,-0.0007569586,
1.504,0.0013342359,
1.50425,0.0053444598,
1.5045,-0.0013252995,
1.50475,-0.0107612079,
1.505,-0.0028207151,
1.50525,-0.0057334173,
1.5055,-0.0015923789,
1.50575,-0.0032466748,
1.506,0.0029470914,
1.50625,-0.0072618476,
1.5065,-0.0025006612,
1.50675,0.0024466615,
1.507,0.0082164425,
1.50725,-0.0154667869,
1.5075,-0.0286530126,
1.50775,-0.0111027602,
1.508,0.0000334589,
1.50825,-0.0014448555,
1.5085,-0.0087677306,
1.50875,0.0089784916,
1.509,-0.0067338073,
1.50925,-0.0036082135,
1.5095,0.0151870828,
1.50975,0.0151980855,
1.51,-0.0048255823,
1.51025,-0.0063985642,
1.5105,0.0016026306,
1.51075,0.0053612771,
1.511,0.0269721430,
1.51125,-0.0071680499,
1.5115,0.0076694470,
1.51175,0.0135264620,
1.512,0.0179627463,
1.51225,-0.0322118551,
1.5125,-0.0101237744,
1.51275,-0.0315026976,
1.513,-0.0511610843,
1.51325,-0.0072686565,
1.5135,0.0011185189,
1.51375,0.0179656390,
1.514,-0.0070027616,
1.51425,0.0135860629,
1.5145,0.0059759170,
1.51475,0.0104032457,
1.515,0.0045582857,
1.51525,0.0085370969,
1.5155,0.0030226447,
1.51575,0.0058796327,
1.516,0.0045116497,
1.51625,-0.0066360575,
1.5165,-0.0081790155,
1.51675,0.0063553536,
1.517,-0.0002566503,
1.51725,-0.0316958278,
1.5175,-0.0244888626,
1.51775,-0.0040126545,
1.518,0.0039780471,
1.51825,-0.0053757196,
1.5185,0.0045101680,
1.51875,-0.0001190929,
1.519,-0.0059923530,
1.51925,-0.0113624018,
1.5195,0.0048814192,
1.51975,-0.0012342206,
1.52,0.0122315576,
1.52025,-0.0274292305,
1.5205,-0.0032218751,
1.52075,0.0333979838,
1.521,-0.0024814901,
1.52125,0.0076419273,
1.5215,-0.0078373440,
1.52175,0.0082319863,
1.522,-0.0108752027,
1.52225,-0.0078642368,
1.5225,-0.0016791974,
1.52275,0.0107814614,
1.523,-0.0131717836,
1.52325,-0.0064883381,
1.5235,-0.0024717534,
1.52375,0.0163884107,
1.524,-0.0001438268,
1.52425,-0.0103556216,
1.5245,-0.0116650993,
1.52475,-0.0027346064,
1.525,0.0006513023,
1.52525,0.0075479015,
1.5255,0.0061404048,
1.52575,0.0065567400,
1.526,0.0062610377,
1.52625,-0.0159326345,
1.5265,-0.0103776995,
1.52675,-0.0093412334,
1.527,-0.0006034527,
1.52725,0.0018747367,
1.5275,0.0090862978,
1.52775,-0.0045335246,
1.528,-0.0126748448,
1.52825,-0.0151980538,
1.5285,-0.0052815294,
1.52875,0.0176039245,
1.529,-0.0035901261,
1.52925,-0.0084857317,
1.5295,0.0147665190,
1.52975,0.0100802034,
1.53,-0.0089605991,
1.53025,-0.0108511234,
1.5305,0.0041180355,
1.53075,-0.0183116496,
1.531,-0.0073954086,
1.53125,-0.0106473835,
1.5315,-0.0310572013,
1.53175,-0.0043484503,
1.532,0.0042531667,
1.53225,-0.0180603825,
1.5325,-0.0039972123,
1.53275,0.0029892998,
1.533,-0.0057456801,
1.53325,-0.0455121547,
1.5335,-0.0073415875,
1.53375,-0.0032376619,
1.534,-0.0100127785,
1.53425,0.0051136729,
1.5345,0.0060716919,
1.53475,-0.0039040018,
1.535,-0.0104903197,
1.53525,0.0150260087,
1.5355,0.0057604532,
1.53575,0.0031420158,
1.536,0.0095421914,
1.53625,-0.0227577612,
1.5365,-0.0150275705,
1.53675,0.0191542488,
1.537,-0.0048752110,
1.53725,0.0025217375,
1.5375,0.0121728564,
1.53775,0.0028509968,
1.538,-0.0060244421,
1.53825,-0.0140259657,
1.5385,-0.0058102906,
1.53875,-0.0152071230,
1.539,-0.0144092999,
1.53925,0.0035043131,
1.5395,-0.0037003104,
1.53975,-0.0082241725,
1.54,-0.0353273153,
1.54025,-0.0231110267,
1.5405,-0.0132612996,
1.54075,-0.0110650575,
1.541,-0.0065044085,
1.54125,-0.0267756246,
1.5415,-0.0155943055,
1.54175,-0.0396200679,
1.542,-0.0078261783,
1.54225,-0.0396754220,
1.5425,-0.0250989478,
1.54275,0.0092894752,
1.543,-0.0371136107,
1.54325,-0.0089982729,
1.5435,0.0111975074,
1.54375,-0.0090333391,
1.544,-0.0193958469,
1.54425,-0.0216155797,
1.5445,-0.0150533393,
1.54475,-0.0208072066,
1.545,0.0013487065,
1.54525,-0.0128773004,
1.5455,0.0002170197,
1.54575,0.0106810918,
1.546,-0.0198153686,
1.54625,0.0050415425,
1.5465,0.0086796358,
1.54675,0.0121940067,
1.547,0.0071814354,
1.54725,0.0111767296,
1.5475,0.0084856702,
1.54775,0.0120274145,
1.548,0.0126356371,
1.54825,0.0003878874,
1.5485,-0.0001369441,
1.54875,0.0093891937,
1.549,-0.0044426667,
1.54925,0.0034866361,
1.5495,0.0053865253,
1.54975,-0.0090478817,
1.55,-0.0196626149,
1.55025,0.0186920948,
1.5505,0.0145138605,
1.55075,-0.0185680091,
1.551,-0.0065658004,
1.55125,0.0229237881,
1.5515,0.0071942806,
1.55175,0.0009581211,
1.552,0.0158203430,
1.55225,0.0193072371,
1.5525,0.0084440913,
1.55275,0.0068709808,
1.553,0.0116965408,
1.55325,0.0222154800,
1.5535,-0.0045898473,
1.55375,-0.0023553185,
1.554,0.0092403712,
1.55425,0.0120511539,
1.5545,0.0202352908,
1.55475,0.0191371720,
1.555,-0.0280758366,
1.55525,0.0179949105,
1.5555,-0.0053770831,
1.55575,-0.0001843522,
1.556,-0.0048073921,
1.55625,0.0291986465,
1.5565,0.0093157627,
1.55675,-0.0044241976,
1.557,0.0215327013,
1.55725,0.0224222057,
1.5575,0.0118358973,
1.55775,0.0037021341,
1.558,0.0158695057,
1.55825,0.0132710291,
1.5585,0.0142259095,
1.55875,0.0146977743,
1.559,0.0077226129,
1.55925,-0.0003300260,
1.5595,0.0276397262,
1.55975,0.0083046462,
1.56,-0.0079462575,
1.56025,0.0221807510,
1.5605,-0.0049989396,
1.56075,-0.0171978474,
1.561,0.0069088312,
1.56125,0.0057247262,
1.5615,-0.0112754153,
1.56175,-0.0092952894,
1.562,0.0068112528,
1.56225,0.0111964606,
1.5625,0.0127607845,
1.56275,-0.0294014029,
1.563,0.0054260772,
1.56325,0.0107398387,
1.5635,-0.0123560652,
1.56375,-0.0083690239,
1.564,0.0192522332,
1.56425,-0.0101352939,
1.5645,0.0041646678,
1.56475,0.0089004682,
1.565,0.0044279862,
1.56525,-0.0095999697,
1.5655,0.0126284901,
1.56575,-0.0385867059,
1.566,-0.0075937156,
1.56625,-0.0065183309,
1.5665,-0.0064894855,
1.56675,-0.0019310138,
1.567,0.0091341939,
1.56725,0.0154340770,
1.5675,-0.0061189779,
1.56775,0.0110974647,
1.568,0.0092371432,
1.56825,0.0111524593,
1.5685,0.0115528656,
1.56875,-0.0028227577,
1.569,0.0142468894,
1.56925,0.0255002845,
1.5695,-0.0069329287,
1.56975,-0.0264955610,
1.57,-0.0028466024,
1.57025,-0.0029692538,
1.5705,-0.0068831840,
1.57075,0.0054129949,
1.571,0.0218025800,
1.57125,0.0082602631,
1.5715,-0.0090102525,
1.57175,-0.0012217301,
1.572,0.0080607124,
1.57225,0.0086099571,
1.5725,-0.0187690724,
1.57275,0.0004828834,
1.573,-0.0034472784,
1.57325,-0.0219283253,
1.5735,-0.0113126487,
1.57375,0.0022557636,
1.574,0.0048368908,
1.57425,-0.0040482953,
1.5745,0.0033883762,
1.57475,0.0025313955,
1.575,0.0102224629,
1.57525,0.0024875675,
1.5755,0.0071156747,
1.57575,0.0076364018,
1.576,0.0104761487,
1.57625,0.0187036041,
1.5765,0.0018867573,
1.57675,-0.0142674102,
1.577,0.0052252915,
1.57725,-0.0138616543,
1.5775,-0.0229263157,
1.57775,-0.0160604939,
1.578,0.0172775853,
1.57825,-0.0176286101,
1.5785,-0.0131007675,
1.57875,0.0087076388,
1.579,0.0113726016,
1.57925,-0.0044048727,
1.5795,0.0102310423,
1.57975,0.0052718073,
1.58,-0.0033832074,
1.58025,0.0059535643,
1.5805,0.0136591382,
1.58075,0.0021356596,
1.581,0.0071180454,
1.58125,0.0071304021,
1.5815,-0.0140404776,
1.58175,-0.0052138581,
1.582,-0.0053037382,
1.58225,-0.0137874475,
1.5825,-0.0170701519,
1.58275,-0.0117432829,
1.583,0.0001109683,
1.58325,-0.0129062422,
1.5835,-0.0106957033,
1.58375,0.0009533787,
1.584,0.0114016524,
1.58425,-0.0074638985,
1.5845,0.0067244396,
1.58475,0.0048013707,
1.585,0.0227107257,
1.58525,0.0009714553,
1.5855,0.0038627330,
1.58575,0.0206247941,
1.586,0.0285041109,
1.58625,0.0016042945,
1.5865,0.0097198747,
1.58675,0.0179873928,
1.587,0.0201681741,
1.58725,0.0018035965,
1.5875,-0.0071336846,
1.58775,0.0061891088,
1.588,0.0049489825,
1.58825,0.0031889267,
1.5885,-0.0092602987,
1.58875,0.0007041343,
1.589,0.0200526249,
1.58925,-0.0071501569,
1.5895,0.0005801372,
1.58975,0.0137127079,
1.59,0.0049925111,
1.59025,0.0037552631,
1.5905,0.0008567066,
1.59075,0.0066914922,
1.591,0.0298709702,
1.59125,0.0115864873,
1.5915,0.0124365669,
1.59175,0.0070807915,
1.592,0.0259798430,
1.59225,0.0061247954,
1.5925,0.0006423775,
1.59275,0.0173251238,
1.593,0.0049843690,
1.59325,-0.0150223933,
1.5935,-0.0146446452,
1.59375,0.0038432560,
1.594,-0.0014042922,
1.59425,-0.0081627090,
1.5945,0.0081378510,
1.59475,0.0164648313,
1.595,0.0154502923,
1.59525,0.0115110166,
1.5955,0.0259410702,
1.59575,0.0297255293,
1.596,0.0217976272,
1.59625,0.0180095769,
1.5965,0.0310144406,
1.59675,0.0213131662,
1.597,0.0345551409,
1.59725,-0.0108829010,
1.5975,0.0139265833,
1.59775,0.0061520385,
1.598,-0.0238304045,
1.59825,0.0023133468,
1.5985,0.0066983709,
1.59875,0.0169792548,
1.599,-0.0096571157,
1.59925,-0.0002896055,
1.5995,0.0138338488,
1.59975,0.0186309796,
1.6,-0.0077615776,
1.60025,0.0228804257,
1.6005,0.0183985811,
1.60075,0.0150994565,
1.601,0.0275349766,
1.60125,0.0116650425,
1.6015,-0.0007655830,
1.60175,-0.0226635318,
1.602,-0.0073053921,
1.60225,0.0115696508,
1.6025,0.0080410084,
1.60275,0.0035057368,
1.603,-0.0192823578,
1.60325,0.0145740658,
1.6035,-0.0302987061,
1.60375,-0.0216208585,
1.604,0.0054838955,
1.60425,-0.0162055735,
1.6045,0.0208502598,
1.60475,0.0134155527,
1.605,-0.0000848115,
1.60525,0.0083301077,
1.6055,0.0179621913,
1.60575,-0.0036022046,
1.606,-0.0048065567,
1.60625,0.0118331555,
1.6065,0.0130003830,
1.60675,0.0190539509,
1.607,0.0175378956,
1.60725,0.0089154895,
1.6075,0.0239126980,
1.60775,0.0209301338,
1.608,0.0127934488,
1.60825,0.0100371195,
1.6085,0.0204359945,
1.60875,0.0155212972,
1.609,-0.0010663859,
1.60925,0.0147381444,
1.6095,0.0050636306,
1.60975,-0.0036914458,
1.61,-0.0164372493,
1.61025,-0.0244055502,
1.6105,-0.0053988863,
1.61075,-0.0087581305,
1.611,0.0000090103,
1.61125,0.0035848466,
1.6115,0.0021784201,
1.61175,0.0023940250,
1.612,0.0097485762,
1.61225,0.0146552818,
1.6125,0.0193673912,
1.61275,-0.0086800922,
1.613,-0.0049411487,
1.61325,0.0019853588,
1.6135,-0.0180216674,
1.61375,-0.0105634471,
1.614,-0.0100660278,
1.61425,-0.0148644382,
1.6145,0.0006225179,
1.61475,-0.0176126771,
1.615,-0.0298371632,
1.61525,-0.0421015695,
1.6155,-0.0100669730,
1.61575,-0.0140886735,
1.616,-0.0136467163,
1.61625,0.0115748309,
1.6165,0.0036784406,
1.61675,0.0000186749,
1.617,0.0067568664,
1.61725,0.0039131446,
1.6175,-0.0005200698,
1.61775,-0.0129498495,
1.618,0.0056612962,
1.61825,0.0007435856,
1.6185,-0.0047249375,
1.61875,0.0045631821,
1.619,-0.0215387121,
1.61925,-0.0111014759,
1.6195,0.0072872275,
1.61975,-0.0034647833,
1.62,-0.0218202099,
1.62025,-0.0011988811,
1.6205,-0.0067355055,
1.62075,-0.0286345854,
1.621,-0.0186874419,
1.62125,-0.0076542194,
1.6215,-0.0060197194,
1.62175,-0.0198476054,
1.622,-0.0146679869,
1.62225,-0.0132824499,
1.6225,-0.0149901211,
1.62275,0.0023743298,
1.623,0.0039246795,
1.62325,-0.0126300491,
1.6235,-0.0056884298,
1.62375,0.0042072535,
1.624,-0.0154757397,
1.62425,-0.0227353368,
1.6245,-0.0088648088,
1.62475,-0.0208940096,
1.625,-0.0378279462,
1.62525,-0.0195410028,
1.6255,0.0033917895,
1.62575,-0.0549529493,
1.626,-0.0734827816,
1.62625,0.0106363166,
1.6265,-0.0265709590,
1.62675,-0.0155287553,
1.627,-0.0105021875,
1.62725,-0.0051058149,
1.6275,-0.0084106559,
1.62775,0.0047836807,
1.628,-0.0055533815,
1.62825,0.0027489418,
1.6285,-0.0079474272,
1.62875,0.0058715236,
1.629,-0.0154159497,
1.62925,0.0081763994,
1.6295,0.0113552529,
1.62975,-0.0160081852,
1.63,-0.0039600828,
1.63025,0.0118348654,
1.6305,-0.0103205340,
1.63075,-0.0214890596,
1.631,-0.0177927110,
1.63125,-0.0193348620,
1.6315,-0.0245956983,
1.63175,-0.0269427337,
1.632,-0.0127779692,
1.63225,0.0048332596,
1.6325,-0.0212932639,
1.63275,0.0122831445,
1.633,0.0023886403,
1.63325,0.0034434148,
1.6335,0.0098514166,
1.63375,-0.0090311291,
1.634,-0.0224392936,
1.63425,-0.0142913368,
1.6345,-0.0213274024,
1.63475,-0.0092042489,
1.635,-0.0064806463,
1.63525,0.0084616952,
1.6355,-0.0227760561,
1.63575,-0.0180007294,
1.636,-0.0144018456,
1.63625,-0.0042681275,
1.6365,0.0045630750,
1.63675,0.0131392367,
1.637,0.0081054606,
1.63725,0.0175075941,
1.6375,-0.0060214526,
1.63775,-0.0208366495,
1.638,-0.0013068247,
1.63825,0.0082857478,
1.6385,-0.0140647301,
1.63875,0.0081065828,
1.639,0.0150999231,
1.63925,0.0043826429,
1.6395,0.0004349620,
1.63975,0.0160823166,
1.64,0.0061440892,
1.64025,0.0288462639,
1.6405,0.0271115415,
1.64075,0.0175327770,
1.641,0.0176439527,
1.64125,0.0229558330,
1.6415,0.0036167074,
1.64175,0.0015918605,
1.642,0.0074520446,
1.64225,0.0138617139,
1.6425,-0.0163489971,
1.64275,-0.0139787421,
1.643,0.0123064043,
1.64325,0.0118437111,
1.6435,-0.0084248660,
1.64375,0.0112639405,
1.644,-0.0025774180,
1.64425,0.0016189734,
1.6445,0.0218953397,
1.64475,0.0123436041,
1.645,0.0067022331,
1.64525,0.0267239660,
1.6455,-0.0084266067,
1.64575,-0.0058620740,
1.646,-0.0052255713,
1.64625,0.0242920779,
1.6465,-0.0391936004,
1.64675,-0.0427201614,
1.647,0.0139045827,
1.64725,-0.0379233286,
1.6475,-0.0153044807,
1.64775,0.0276090186,
1.648,-0.0045926552,
1.64825,0.0310198218,
1.6485,-0.0020389839,
1.64875,-0.0165372118,
1.649,0.0227943063,
1.64925,0.0054646991,
1.6495,0.0206825025,
1.64975,0.0192055441,
1.65,0.0092097949,
1.65025,0.0121015329,
1.6505,0.0128431506,
1.65075,0.0029963965,
1.651,0.0294947922,
1.65125,0.0199797079,
1.6515,0.0038980586,
1.65175,0.0002689088,
1.652,-0.0019250854,
1.65225,-0.0014068622,
1.6525,-0.0047015473,
1.65275,0.0124061713,
1.653,0.0221151486,
1.65325,0.0031041948,
1.6535,-0.0034276950,
1.65375,0.0110853072,
1.654,-0.0047393395,
1.65425,0.0030638790,
1.6545,0.0147383045,
1.65475,0.0041628531,
1.655,0.0117938304,
1.65525,0.0208287723,
1.6555,0.0121560600,
1.65575,0.0156389326,
1.656,0.0154123586,
1.65625,0.0110363439,
1.6565,0.0066325208,
1.65675,0.0201763678,
1.657,0.0102703264,
1.65725,-0.0073211263,
1.6575,-0.0075012515,
1.65775,-0.0240831282,
1.658,-0.0011710987,
1.65825,-0.0048334673,
1.6585,-0.0331530198,
1.65875,0.0117800236,
1.659,0.0114533380,
1.65925,-0.0107902372,
1.6595,0.0001534184,
1.65975,0.0125886081,
1.66,-0.0000328967,
1.66025,0.0104464544,
1.6605,0.0039623557,
1.66075,0.0164166130,
1.661,0.0188115686,
1.66125,0.0090829823,
1.6615,0.0033579196,
1.66175,0.0180890244,
1.662,0.0138307875,
1.66225,0.0017980826,
1.6625,-0.0173369758,
1.66275,-0.0202510357,
1.663,-0.0015830352,
1.66325,-0.0047432100,
1.6635,-0.0158471968,
1.66375,-0.0193890072,
1.664,-0.0061583915,
1.66425,-0.0210459922,
1.6645,-0.0139205828,
1.66475,0.0129745062,
1.665,0.0022583581,
1.66525,0.0084984303,
1.6655,0.0017520523,
1.66575,0.0130394697,
1.666,0.0117664542,
1.66625,-0.0046087648,
1.6665,-0.0208521727,
1.66675,0.0020893719,
1.667,-0.0072384002,
1.66725,0.0128905922,
1.6675,-0.0293344967,
1.66775,0.0070329565,
1.668,-0.0204021707,
1.66825,-0.0477827527,
1.6685,-0.0690112412,
1.66875,-0.0521374866,
1.669,-0.0056025051,
1.66925,-0.0615463182,
1.6695,-0.0145310815,
1.66975,-0.0131304301,
1.67,-0.0165844951,
1.67025,-0.0027156160,
1.6705,0.0002504867,
1.67075,0.0022827524,
1.671,-0.0393163264,
1.67125,-0.0043117227,
1.6715,0.0004244192,
1.67175,-0.0048647709,
1.672,0.0044815112,
1.67225,-0.0068701389,
1.6725,0.0053927321,
1.67275,0.0160272997,
1.673,-0.0038469571,
1.67325,-0.0056813983,
1.6735,-0.0335512795,
1.67375,-0.0180682428,
1.674,-0.0494931564,
1.67425,-0.0320306495,
1.6745,0.0098360516,
1.67475,-0.0236243661,
1.675,0.0158071965,
1.67525,-0.0156066697,
1.6755,-0.0073744911,
1.67575,0.0120421452,
1.676,-0.0124127679,
1.67625,-0.0226947870,
1.6765,-0.0189773571,
1.67675,-0.0070131924,
1.677,0.0089981053,
1.67725,0.0005516382,
1.6775,0.0171904303,
1.67775,0.0099227214,
1.678,0.0107412832,
1.67825,-0.0031518645,
1.6785,0.0024654730,
1.67875,0.0009972840,
1.679,-0.0124081466,
1.67925,-0.0022925539,
1.6795,-0.0018248942,
1.67975,0.0214239992,
1.68,-0.0179825295,
1.68025,-0.0099070687,
1.6805,0.0138500519,
1.68075,0.0055382499,
1.681,0.0046875216,
1.68125,0.0046733064,
1.6815,0.0207588729,
1.68175,0.0075915451,
1.682,0.0037412280,
1.68225,0.0150709329,
1.6825,0.0143931611,
1.68275,-0.0012525024,
1.683,0.0103733698,
1.68325,0.0097253183,
1.6835,0.0109049641,
1.68375,0.0236751344,
1.684,0.0227188841,
1.68425,-0.0096065216,
1.6845,0.0124662090,
1.68475,0.0234391894,
1.685,-0.0032784650,
1.68525,0.0138981929,
1.6855,0.0286253467,
1.68575,0.0247188378,
1.686,-0.0170912966,
1.68625,-0.0029640191,
1.6865,0.0209688097,
1.68675,0.0096056722,
1.687,-0.0009485735,
1.68725,0.0156509988,
1.6875,0.0261842608,
1.68775,0.0174730606,
1.688,0.0121026402,
1.68825,0.0090893861,
1.6885,0.0157833528,
1.68875,0.0080007147,
1.689,0.0022486239,
1.68925,0.0012844594,
1.6895,0.0164920911,
1.68975,-0.0020125604,
1.69,-0.0279007778,
1.69025,0.0014821952,
1.6905,0.0132345269,
1.69075,-0.0003761616,
1.691,0.0124391261,
1.69125,0.0180607252,
1.6915,0.0191736259,
1.69175,0.0087683080,
1.692,0.0154138971,
1.69225,0.0171939656,
1.6925,0.0251959115,
1.69275,0.0216401853,
1.693,0.0080114519,
1.69325,0.0257306211,
1.6935,0.0334229022,
1.69375,0.0309704505,
1.694,0.0046917326,
1.69425,0.0190873165,
1.6945,0.0323614180,
1.69475,0.0065208836,
1.695,0.0064285053,
1.69525,0.0191875696,
1.6955,0.0189307891,
1.69575,-0.0282627009,
1.696,0.0061473115,
1.69625,0.0000043475,
1.6965,0.0033873767,
1.69675,0.0026185354,
1.697,0.0051192520,
1.69725,0.0213560443,
1.6975,0.0320781730,
1.69775,0.0176179204,
1.698,0.0158303604,
1.69825,0.0215663165,
1.6985,0.0224907808,
1.69875,-0.0006226727,
1.699,0.0066906586,
1.69925,0.0074835676,
1.6995,-0.0087321540,
1.69975,-0.0009884015,
1.7,0.0006924385,
1.70025,0.0074308217,
1.7005,-0.0018156541,
1.70075,-0.0306369830,
1.701,-0.0159614608,
1.70125,-0.0048686108,
1.7015,0.0132738622,
1.70175,-0.0042737238,
1.702,0.0003449587,
1.70225,0.0166247375,
1.7025,0.0168513991,
1.70275,0.0012881006,
1.703,0.0063302042,
1.70325,0.0221480541,
1.7035,0.0063993991,
1.70375,-0.0072863693,
1.704,0.0080391848,
1.70425,0.0101831611,
1.7045,0.0031747427,
1.70475,0.0077880807,
1.705,-0.0173433330,
1.70525,0.0124218073,
1.7055,0.0054288660,
1.70575,-0.0056318943,
1.706,-0.0049723415,
1.70625,0.0106167160,
1.7065,0.0020771939,
1.70675,-0.0131974574,
1.707,-0.0131483134,
1.70725,0.0169434231,
1.7075,-0.0096394466,
1.70775,-0.0255835243,
1.708,0.0080417786,
1.70825,0.0001539769,
1.7085,-0.0060750097,
1.70875,0.0016348349,
1.709,-0.0065007769,
1.70925,0.0016816362,
1.7095,0.0100136399,
1.70975,-0.0129664447,
1.71,-0.0063046021,
1.71025,-0.0032284656,
1.7105,-0.0068204505,
1.71075,-0.0104174297,
1.711,-0.0131673450,
1.71125,0.0034050648,
1.7115,-0.0367623642,
1.71175,-0.0505210236,
1.712,-0.0130033167,
1.71225,-0.0023959926,
1.7125,-0.0133735612,
1.71275,-0.0218249317,
1.713,-0.0027149753,
1.71325,-0.0002827396,
1.7135,-0.0044798236,
1.71375,0.0138675310,
1.714,0.0105297770,
1.71425,0.0008690310,
1.7145,0.0017429759,
1.71475,-0.0168983303,
1.715,0.0043548779,
1.71525,0.0040533552,
1.7155,0.0054287361,
1.71575,-0.0136739807,
1.716,0.0005495587,
1.71625,0.0064893588,
1.7165,-0.0069533531,
1.71675,-0.0173323583,
1.717,-0.0123456493,
1.71725,0.0100288019,
1.7175,-0.0126087088,
1.71775,-0.0262157805,
1.718,-0.0046310062,
1.71825,-0.0036199465,
1.7185,-0.0222007707,
1.71875,-0.0133936796,
1.719,-0.0097678397,
1.71925,-0.0009658000,
1.7195,0.0012739936,
1.71975,-0.0088369837,
1.72,-0.0084987674,
1.72025,-0.0043189311,
1.7205,-0.0151552716,
1.72075,-0.0048458050,
1.721,-0.0022380047,
1.72125,-0.0077868067,
1.7215,0.0032919594,
1.72175,-0.0105776396,
1.722,0.0074883313,
1.72225,-0.0048169787,
1.7225,-0.0144377584,
1.72275,-0.0123614483,
1.723,-0.0104986141,
1.72325,0.0058141346,
1.7235,0.0060192565,
1.72375,-0.0170557275,
1.724,0.0117139062,
1.72425,0.0047214390,
1.7245,-0.0024272585,
1.72475,0.0107471924,
1.725,0.0190650877,
1.72525,0.0105400803,
1.7255,0.0030995675,
1.72575,-0.0055140541,
1.726,0.0166566838,
1.72625,-0.0049847811,
1.7265,-0.0187060386,
1.72675,-0.0025420343,
1.727,0.0039216480,
1.72725,-0.0182493646,
1.7275,-0.0092768604,
1.72775,-0.0210165679,
1.728,-0.0067335512,
1.72825,-0.0260364804,
1.7285,-0.0111577362,
1.72875,0.0047903424,
1.729,0.0139124058,
1.72925,0.0071122553,
1.7295,0.0077765044,
1.72975,0.0064984057,
1.73,0.0007546682,
1.73025,-0.0038278196,
1.7305,-0.0032456648,
1.73075,-0.0151791889,
1.731,0.0145371091,
1.73125,-0.0110276183,
1.7315,-0.0043524648,
1.73175,0.0043421234,
1.732,-0.0097583188,
1.73225,-0.0031412814,
1.7325,0.0002858901,
1.73275,-0.0026446478,
1.733,0.0042353449,
1.73325,-0.0058715763,
1.7335,-0.0071966453,
1.73375,0.0048149931,
1.734,0.0238868445,
1.73425,-0.0015807896,
1.7345,0.0020644106,
1.73475,0.0100585083,
1.735,0.0053403229,
1.73525,-0.0078920685,
1.7355,0.0139020663,
1.73575,0.0176264364,
1.736,0.0019913476,
1.73625,-0.0043464787,
1.7365,0.0187534988,
1.73675,0.0082318550,
1.737,0.0078773433,
1.73725,0.0004411043,
1.7375,-0.0383723713,
1.73775,0.0083085764,
1.738,-0.0017231198,
1.73825,-0.0111844474,
1.7385,-0.0199501012,
1.73875,0.0169823151,
1.739,-0.0039218245,
1.73925,-0.0226776786,
1.7395,-0.0401590951,
1.73975,0.0063814917,
1.74,-0.0087751299,
1.74025,-0.0214377865,
1.7405,-0.0092949271,
1.74075,-0.0163429212,
1.741,0.0027407461,
1.74125,0.0074360897,
1.7415,-0.0033036224,
1.74175,0.0023078886,
1.742,0.0160159767,
1.74225,0.0163345318,
1.7425,0.0170288514,
1.74275,0.0122545771,
1.743,0.0092925038,
1.74325,-0.0193648748,
1.7435,-0.0352893434,
1.74375,-0.0099287517,
1.744,-0.0038725021,
1.74425,-0.0312434658,
1.7445,-0.0099043511,
1.74475,0.0023213490,
1.745,0.0005881665,
1.74525,-0.0063301809,
1.7455,-0.0111501832,
1.74575,0.0020263651,
1.746,0.0073369714,
1.74625,0.0157583933,
1.7465,0.0123841697,
1.74675,0.0146195181,
1.747,0.0136156715,
1.74725,-0.0226600990,
1.7475,0.0085923681,
1.74775,0.0077421051,
1.748,-0.0006703307,
1.74825,-0.0054251174,
1.7485,-0.0055110264,
1.74875,0.0006583772,
1.749,0.0168247968,
1.74925,-0.0198349822,
1.7495,-0.0253580734,
1.74975,-0.0256326143,
1.75,0.0053338571,
1.75025,-0.0093081985,
1.7505,0.0213829912,
1.75075,0.0070970650,
1.751,0.0070575043,
1.75125,-0.0053406535,
1.7515,0.0168977324,
1.75175,0.0093821632,
1.752,-0.0020292562,
1.75225,0.0153486701,
1.7525,-0.0395687893,
1.75275,-0.0582877398,
1.753,0.0195281617,
1.75325,-0.0308983866,
1.7535,0.0377541743,
1.75375,-0.0458822213,
1.754,-0.0730835572,
1.75425,-0.0761502087,
1.7545,-0.0473773181,
1.75475,0.0076406086,
1.755,-0.0044673709,
1.75525,-0.0136478450,
1.7555,0.0024153532,
1.75575,0.0012221267,
1.756,-0.0636303723,
1.75625,-0.0178561136,
1.7565,-0.0207980163,
1.75675,-0.0261405855,
1.757,-0.0165317617,
1.75725,-0.0152050108,
1.7575,-0.0091694072,
1.75775,0.0105863363,
1.758,0.0035432093,
1.75825,0.0003268357,
1.7585,0.0186204091,
1.75875,0.0232055485,
1.759,-0.0114353485,
1.75925,-0.0122363959,
1.7595,0.0034231504,
1.75975,-0.0125988852,
1.76,0.0101849800,
1.76025,-0.0066699157,
1.7605,-0.0267296676,
1.76075,-0.0443433598,
1.761,-0.0221872143,
1.76125,-0.0082192253,
1.7615,0.0031300399,
1.76175,0.0097729079,
1.762,0.0037019535,
1.76225,0.0198305137,
1.7625,0.0174432322,
1.76275,0.0220289659,
1.763,-0.0072059412,
1.76325,0.0027913768,
1.7635,0.0063978452,
1.76375,0.0051856842,
1.764,0.0107117230,
1.76425,0.0137152951,
1.7645,0.0057657193,
1.76475,-0.0052808495,
1.765,-0.0140053229,
1.76525,-0.0122731635,
1.7655,-0.0138977459,
1.76575,-0.0126991877,
1.766,-0.0286878459,
1.76625,-0.0098555852,
1.7665,0.0147500597,
1.76675,0.0107826805,
1.767,-0.0039982102,
1.76725,-0.0028090014,
1.7675,0.0213249885,
1.76775,0.0115905460,
1.768,0.0269174241,
1.76825,0.0142391995,
1.7685,0.0217034854,
1.76875,0.0085682664,
1.769,0.0089828735,
1.76925,0.0027153036,
1.7695,0.0273147225,
1.76975,0.0092477100,
1.77,-0.0028822091,
1.77025,-0.0151393805,
1.7705,0.0050128107,
1.77075,0.0104897982,
1.771,-0.0110556139,
1.77125,-0.0072387708,
1.7715,0.0023103717,
1.77175,-0.0074705631,
1.772,-0.0163992513,
1.77225,0.0168186612,
1.7725,0.0150635391,
1.77275,0.0120969340,
1.773,0.0098937200,
1.77325,0.0027433501,
1.7735,0.0231271777,
1.77375,-0.0184554327,
1.774,0.0191919729,
1.77425,-0.0353875048,
1.7745,-0.0111840405,
1.77475,-0.0045524854,
1.775,-0.0047142920,
1.77525,-0.0391433202,
1.7755,-0.0213118382,
1.77575,-0.0056054494,
1.776,-0.0106848832,
1.77625,-0.0038052711,
1.7765,-0.0313565955,
1.77675,-0.0307596195,
1.777,-0.0119047873,
1.77725,0.0082340846,
1.7775,0.0234564971,
1.77775,0.0097347042,
1.778,0.0047088419,
1.77825,0.0272205826,
1.7785,0.0249277391,
1.77875,0.0161764938,
1.779,0.0056320964,
1.77925,0.0133764949,
1.7795,0.0092770616,
1.77975,0.0045404406,
1.78,0.0010423342,
1.78025,0.0203050412,
1.7805,0.0172556657,
1.78075,0.0008108721,
1.781,0.0073592719,
1.78125,0.0173339378,
1.7815,0.0149733406,
1.78175,-0.0040440056,
1.782,0.0089191170,
1.78225,0.0146750137,
1.7825,-0.0005680854,
1.78275,0.0082380567,
1.783,0.0048168730,
1.78325,0.0172246974,
1.7835,0.0129038049,
1.78375,0.0153336776,
1.784,0.0055196090,
1.78425,-0.0006575801,
1.7845,0.0190129336,
1.78475,0.0119550200,
1.785,0.0033617041,
1.78525,0.0086586345,
1.7855,-0.0045433212,
1.78575,0.0149786808,
1.786,0.0036942216,
1.78625,0.0061395317,
1.7865,0.0080393218,
1.78675,-0.0280307084,
1.787,0.0042842128,
1.78725,0.0045340750,
1.7875,-0.0091200061,
1.78775,-0.0121316314,
1.788,0.0020587069,
1.78825,0.0187594965,
1.7885,-0.0105218636,
1.78875,0.0051510809,
1.789,0.0194866937,
1.78925,0.0059240917,
1.7895,0.0004065463,
1.78975,0.0121554639,
1.79,0.0052308431,
1.79025,0.0210574791,
1.7905,0.0199778229,
1.79075,-0.0038789241,
1.791,0.0062137153,
1.79125,0.0315975547,
1.7915,-0.0074896626,
1.79175,-0.0094920667,
1.792,0.0080445390,
1.79225,0.0117501505,
1.7925,0.0043059862,
1.79275,-0.0036514080,
1.793,-0.0204146430,
1.79325,0.0248592868,
1.7935,0.0006745889,
1.79375,0.0038556266,
1.794,0.0005936756,
1.79425,-0.0130771426,
1.7945,-0.0231737755,
1.79475,-0.0107640782,
1.795,-0.0649547577,
1.79525,-0.0569485165,
1.7955,-0.0201900788,
1.79575,-0.0364809036,
1.796,0.0125972256,
1.79625,-0.0065192897,
1.7965,-0.0120437983,
1.79675,-0.0080616428,
1.797,-0.0325167961,
1.79725,0.0447496846,
1.7975,-0.0705916062,
1.79775,-0.0630268008,
1.798,0.0291186534,
1.79825,-0.0112926075,
1.7985,-0.0067629754,
1.79875,-0.0153462794,
1.799,-0.0013974125,
1.79925,-0.0203747321,
1.7995,-0.0028619869,
1.79975,0.0057564937,
1.8,0.0341583751,
1.80025,-0.0037400678,
1.8005,0.0073203607,
1.80075,0.0037263497,
1.801,0.0269827396,
1.80125,0.0105382036,
1.8015,0.0000529912,
1.80175,0.0128313946,
1.802,0.0153435813,
1.80225,0.0103435768,
1.8025,-0.0011683102,
1.80275,-0.0084721288,
1.803,0.0258681085,
1.80325,-0.0000707607,
1.8035,-0.0209161788,
1.80375,0.0191099085,
1.804,0.0163649619,
1.80425,0.0025241352,
1.8045,-0.0109222997,
1.80475,0.0037352017,
1.805,0.0080812406,
1.80525,0.0025323450,
1.8055,0.0067427251,
1.80575,0.0077889049,
1.806,0.0145860584,
1.80625,0.0116880899,
1.8065,-0.0067378678,
1.80675,-0.0024847821,
1.807,0.0063699558,
1.80725,0.0008968157,
1.8075,0.0023749620,
1.80775,0.0008402424,
1.808,0.0100147575,
1.80825,-0.0156378951,
1.8085,0.0063615050,
1.80875,-0.0013025220,
1.809,0.0132041108,
1.80925,0.0124188410,
1.8095,-0.0039085904,
1.80975,-0.0000253258,
1.81,0.0250373334,
1.81025,0.0101496037,
1.8105,-0.0185429212,
1.81075,0.0274061784,
1.811,0.0149588734,
1.81125,-0.0021922959,
1.8115,0.0170677919,
1.81175,0.0186040886,
1.812,-0.0003729235,
1.81225,-0.0019270312,
1.8125,-0.0023123277,
1.81275,0.0082188463,
1.813,0.0164019093,
1.81325,0.0160905141,
1.8135,-0.0151148951,
1.81375,-0.0090981564,
1.814,0.0107263401,
1.81425,-0.0078043859,
1.8145,-0.0096978117,
1.81475,0.0030835983,
1.815,-0.0016734931,
1.81525,-0.0098623326,
1.8155,-0.0050630909,
1.81575,0.0020944946,
1.816,0.0011997566,
1.81625,-0.0041270624,
1.8165,0.0116640432,
1.81675,0.0022381453,
1.817,0.0119405007,
1.81725,0.0113035655,
1.8175,0.0059533315,
1.81775,0.0228713453,
1.818,0.0021925487,
1.81825,0.0089101652,
1.8185,0.0037302710,
1.81875,-0.0117399003,
1.819,-0.0296955258,
1.81925,-0.0378474817,
1.8195,-0.0352002345,
1.81975,-0.0043921033,
1.82,0.0071768695,
1.82025,-0.0103040589,
1.8205,0.0005131047,
1.82075,0.0032005678,
1.821,0.0207693595,
1.82125,0.0078514460,
1.8215,0.0164707545,
1.82175,0.0262441151,
1.822,0.0138906892,
1.82225,-0.0089925919,
1.8225,0.0036458713,
1.82275,0.0201428775,
1.823,0.0025730697,
1.82325,-0.0015263960,
1.8235,-0.0072984607,
1.82375,0.0061750263,
1.824,0.0032659965,
1.82425,0.0108931549,
1.8245,0.0028914795,
1.82475,0.0177309699,
1.825,0.0008857154,
1.82525,-0.0027521260,
1.8255,0.0084753009,
1.82575,0.0178245492,
1.826,-0.0013067855,
1.82625,-0.0120877018,
1.8265,-0.0051278360,
1.82675,-0.0101365969,
1.827,-0.0006005389,
1.82725,0.0007546439,
1.8275,-0.0136902472,
1.82775,0.0034621705,
1.828,0.0046606497,
1.82825,-0.0011503147,
1.8285,0.0075217523,
1.82875,0.0052568046,
1.829,-0.0011347302,
1.82925,-0.0062817018,
1.8295,-0.0119882124,
1.82975,-0.0000226617,
1.83,-0.0199428834,
1.83025,-0.0286326166,
1.8305,-0.0188928116,
1.83075,0.0030244910,
1.831,-0.0226444602,
1.83125,-0.0151544642,
1.8315,-0.0098672919,
1.83175,0.0081186621,
1.832,-0.0134739233,
1.83225,0.0044519729,
1.8325,0.0132237393,
1.83275,0.0067741559,
1.833,0.0051836176,
1.83325,-0.0023999233,
1.8335,0.0135072283,
1.83375,0.0023405305,
1.834,0.0032838178,
1.83425,-0.0088907154,
1.8345,-0.0006564095,
1.83475,-0.0069611687,
1.835,-0.0029782485,
1.83525,-0.0231360011,
1.8355,-0.0273246132,
1.83575,-0.0167458821,
1.836,-0.0145075116,
1.83625,-0.0123890163,
1.8365,-0.0047144131,
1.83675,0.0091726072,
1.837,-0.0100113442,
1.83725,-0.0042364276,
1.8375,0.0099729830,
1.83775,-0.0105917491,
1.838,-0.0024790687,
1.83825,0.0041394834,
1.8385,-0.0066286861,
1.83875,0.0033344207,
1.839,-0.0143932775,
1.83925,-0.0024328104,
1.8395,-0.0018603983,
1.83975,-0.0101693198,
1.84,-0.0207790434,
1.84025,-0.0130308596,
1.8405,-0.0133275101,
1.84075,-0.0234376919,
1.841,-0.0270784609,
1.84125,-0.0023960206,
1.8415,-0.0005239538,
1.84175,-0.0016189676,
1.842,-0.0081090676,
1.84225,-0.0019589530,
1.8425,0.0054923026,
1.84275,0.0042249961,
1.843,-0.0192467608,
1.84325,0.0044353008,
1.8435,0.0107101705,
1.84375,0.0057364558,
1.844,-0.0025325287,
1.84425,0.0245090015,
1.8445,0.0087623689,
1.84475,0.0092795566,
1.845,-0.0059011923,
1.84525,0.0053850785,
1.8455,0.0030400860,
1.84575,-0.0011297907,
1.846,-0.0000297089,
1.84625,-0.0182272848,
1.8465,-0.0132122561,
1.84675,-0.0342963301,
1.847,-0.0200165454,
1.84725,-0.0068223653,
1.8475,-0.0068266043,
1.84775,0.0078042271,
1.848,-0.0087851780,
1.84825,0.0114347590,
1.8485,0.0156370159,
1.84875,0.0111388601,
1.849,-0.0046180049,
1.84925,0.0078557953,
1.8495,-0.0013450673,
1.84975,-0.0065629859,
1.85,0.0019374145,
1.85025,0.0131340381,
1.8505,0.0036234437,
1.85075,0.0019449743,
1.851,-0.0112819113,
1.85125,-0.0046791374,
1.8515,0.0036546846,
1.85175,-0.0290326234,
1.852,0.0032153986,
1.85225,0.0168826208,
1.8525,0.0148169706,
1.85275,-0.0007476057,
1.853,0.0058241030,
1.85325,0.0076330961,
1.8535,0.0194182042,
1.85375,-0.0009769986,
1.854,0.0182754975,
1.85425,0.0130178109,
1.8545,0.0136992782,
1.85475,0.0097266538,
1.855,0.0092365276,
1.85525,0.0242393985,
1.8555,0.0132793458,
1.85575,0.0127944741,
1.856,0.0152035635,
1.85625,0.0144808013,
1.8565,0.0133103179,
1.85675,0.0191878155,
1.857,-0.0035568988,
1.85725,0.0084148422,
1.8575,-0.0379109755,
1.85775,-0.0277401581,
1.858,-0.0190615021,
1.85825,0.0015849953,
1.8585,0.0228935946,
1.85875,0.0195356086,
1.859,-0.0231411215,
1.85925,0.0332757123,
1.8595,0.0263337120,
1.85975,-0.0078039290,
1.86,0.0086607458,
1.86025,0.0221674293,
1.8605,0.0090095690,
1.86075,-0.0040644770,
1.861,0.0092772571,
1.86125,0.0131625235,
1.8615,-0.0005385589,
1.86175,-0.0013048347,
1.862,0.0074475426,
1.86225,-0.0003910128,
1.8625,-0.0108915148,
1.86275,-0.0105778230,
1.863,0.0118993642,
1.86325,0.0274364352,
1.8635,-0.0021978796,
1.86375,-0.0196967050,
1.864,0.0261837337,
1.86425,0.0164023526,
1.8645,0.0172191896,
1.86475,0.0145991165,
1.865,0.0134468907,
1.86525,0.0109212007,
1.8655,0.0156139201,
1.86575,0.0093734041,
1.866,0.0238798894,
1.86625,0.0287862457,
1.8665,0.0153987100,
1.86675,0.0088541694,
1.867,0.0213870108,
1.86725,0.0037373111,
1.8675,0.0065425709,
1.86775,0.0011931020,
1.868,-0.0125280386,
1.86825,0.0069688591,
1.8685,0.0168477036,
1.86875,-0.0238972139,
1.869,0.0014620794,
1.86925,0.0385029390,
1.8695,0.0050834743,
1.86975,0.0037433379,
1.87,0.0242719539,
1.87025,-0.0086056981,
1.8705,-0.0038229336,
1.87075,-0.0181709100,
1.871,0.0029502399,
1.87125,0.0006277822,
1.8715,0.0121706445,
1.87175,-0.0037545923,
1.872,-0.0081203077,
1.87225,-0.0226058159,
1.8725,-0.0029113726,
1.87275,-0.0397234410,
1.873,-0.0077517354,
1.87325,-0.0016393741,
1.8735,-0.0749387518,
1.87375,0.0065329908,
1.874,0.0080571836,
1.87425,0.0130278906,
1.8745,0.0050042896,
1.87475,-0.0024681808,
1.875,0.0017167808,
1.87525,0.0048214924,
1.8755,-0.0085204663,
1.87575,0.0064075063,
1.876,0.0009102389,
1.87625,0.0177451633,
1.8765,-0.0033407926,
1.87675,0.0104858717,
1.877,0.0134672793,
1.87725,0.0321758874,
1.8775,-0.0115021579,
1.87775,0.0016679218,
1.878,0.0102089122,
1.87825,0.0042697410,
1.8785,-0.0049702148,
1.87875,0.0121787488,
1.879,-0.0151681621,
1.87925,-0.0006581738,
1.8795,-0.0138693620,
1.87975,-0.0146810468,
1.88,-0.0186332837,
1.88025,0.0041693971,
1.8805,0.0094676642,
1.88075,0.0043886248,
1.881,0.0091133378,
1.88125,0.0115346480,
1.8815,0.0087303575,
1.88175,-0.0013924141,
1.882,0.0135096032,
1.88225,0.0029256872,
1.8825,-0.0089097545,
1.88275,-0.0049637044,
1.883,-0.0145355258,
1.88325,-0.0381275825,
1.8835,-0.0344582312,
1.88375,-0.0144231953,
1.884,-0.0011965209,
1.88425,0.0059894584,
1.8845,0.0083702775,
1.88475,-0.0000102336,
1.885,0.0153720425,
1.88525,-0.0041540731,
1.8855,-0.0178755522,
1.88575,0.0118510313,
1.886,0.0136562344,
1.88625,-0.0247010998,
1.8865,-0.0115445452,
1.88675,0.0056663537,
1.887,0.0105940886,
1.88725,-0.0084491456,
1.8875,-0.0082042357,
1.88775,0.0216914807,
1.888,0.0066964738,
1.88825,0.0228679832,
1.8885,-0.0144407908,
1.88875,-0.0034576496,
1.889,0.0003577490,
1.88925,0.0046942038,
1.8895,-0.0070980471,
1.88975,-0.0078726057,
1.89,-0.0011241888,
1.89025,-0.0086424369,
1.8905,-0.0131458770,
1.89075,-0.0001621494,
1.891,0.0124801965,
1.89125,-0.0050703241,
1.8915,0.0031774396,
1.89175,0.0216827746,
1.892,0.0091345618,
1.89225,0.0181216821,
1.8925,0.0128775192,
1.89275,0.0104700318,
1.893,-0.0001592096,
1.89325,-0.0145198693,
1.8935,-0.0057130279,
1.89375,0.0229566507,
1.894,-0.0126275923,
1.89425,-0.0216547381,
1.8945,-0.0600891598,
1.89475,0.0213472433,
1.895,0.0032597503,
1.89525,-0.0077740946,
1.8955,0.0159501191,
1.89575,0.0160478577,
1.896,0.0073452769,
1.89625,0.0102000963,
1.8965,0.0140939550,
1.89675,0.0136714876,
1.897,0.0097476477,
1.89725,0.0122173773,
1.8975,0.0093680415,
1.89775,0.0113871088,
1.898,0.0102577396,
1.89825,0.0141555835,
1.8985,-0.0012874482,
1.89875,0.0127427168,
1.899,0.0200303085,
1.89925,-0.0052900328,
1.8995,-0.0077833133,
1.89975,-0.0040718513,
1.9,-0.0734126493,
1.90025,0.0097004417,
1.9005,-0.0515542328,
1.90075,-0.0241641235,
1.901,-0.0106636900,
1.90125,-0.0234765075,
1.9015,0.0210638791,
1.90175,0.0076620257,
1.902,-0.0193653759,
1.90225,-0.0308806226,
1.9025,-0.0035184938,
1.90275,0.0029299490,
1.903,0.0157984011,
1.90325,-0.0111257397,
1.9035,0.0097076716,
1.90375,0.0032761891,
1.904,-0.0062551061,
1.90425,-0.0870240852,
1.9045,0.0100679584,
1.90475,0.0081973420,
1.905,-0.0251945946,
1.90525,-0.0249165464,
1.9055,-0.0167584755,
1.90575,-0.0397941656,
1.906,0.0160458460,
1.90625,-0.0003439446,
1.9065,0.0100663779,
1.90675,0.0155545622,
1.907,0.0189612806,
1.90725,-0.0307557844,
1.9075,0.0265950151,
1.90775,0.0134451725,
1.908,-0.0166139081,
1.90825,0.0205028504,
1.9085,0.0254382528,
1.90875,0.0274858922,
1.909,-0.0127234217,
1.90925,0.0223758649,
1.9095,0.0033616459,
1.90975,0.0066257864,
1.91,0.0124273552,
1.91025,0.0041894484,
1.9105,-0.0091721462,
1.91075,0.0165210087,
1.911,-0.0185089111,
1.91125,-0.0131161688,
1.9115,0.0121729877,
1.91175,0.0249710269,
1.912,0.0046104640,
1.91225,-0.0073494557,
1.9125,0.0116968798,
1.91275,0.0092070391,
1.913,0.0073898369,
1.91325,-0.0036912709,
1.9135,0.0082881860,
1.91375,0.0032373946,
1.914,-0.0094521958,
1.91425,0.0017081252,
1.9145,-0.0132186990,
1.91475,-0.0210151188,
1.915,-0.0151676368,
1.91525,-0.0117654828,
1.9155,0.0020927440,
1.91575,0.0020000413,
1.916,-0.0086023575,
1.91625,-0.0198959969,
1.9165,0.0053110155,
1.91675,0.0040287832,
1.917,-0.0036149798,
1.91725,0.0033391132,
1.9175,0.0138977068,
1.91775,-0.0059671556,
1.918,-0.0002320550,
1.91825,0.0036127600,
1.9185,0.0022806588,
1.91875,-0.0018983004,
1.919,0.0156849455,
1.91925,0.0056440672,
1.9195,0.0222092532,
1.91975,0.0094063412,
1.92,-0.0010720805,
1.92025,0.0009702508,
1.9205,0.0034208293,
1.92075,0.0032459046,
1.921,-0.0082301395,
1.92125,-0.0244610421,
1.9215,-0.0116690816,
1.92175,-0.0118303951,
1.922,-0.0179632399,
1.92225,-0.0039679375,
1.9225,-0.0081269993,
1.92275,-0.0151966000,
1.923,-0.0088907201,
1.92325,0.0057049706,
1.9235,0.0060452400,
1.92375,0.0117026744,
1.924,-0.0009578565,
1.92425,-0.0051572947,
1.9245,0.0050832294,
1.92475,-0.0024318756,
1.925,-0.0072083804,
1.92525,-0.0131255426,
1.9255,-0.0084594833,
1.92575,-0.0231400859,
1.926,-0.0336390957,
1.92625,-0.0078787869,
1.9265,-0.0207122862,
1.92675,-0.0141044520,
1.927,-0.0084427949,
1.92725,0.0021864923,
1.9275,-0.0055433083,
1.92775,-0.0061394405,
1.928,-0.0056123128,
1.92825,0.0055850567,
1.9285,-0.0025612398,
1.92875,0.0002528248,
1.929,-0.0044445801,
1.92925,0.0056248256,
1.9295,-0.0022948519,
1.92975,-0.0128099592,
1.93,-0.0052990122,
1.93025,0.0111810034,
1.9305,0.0026151959,
1.93075,-0.0028079548,
1.931,-0.0051062224,
1.93125,-0.0021085590,
1.9315,-0.0022727414,
1.93175,-0.0146369338,
1.932,-0.0162706859,
1.93225,-0.0189581588,
1.9325,-0.0054385210,
1.93275,-0.0378016233,
1.933,-0.0199429858,
1.93325,0.0023734125,
1.9335,0.0065035676,
1.93375,-0.0090191718,
1.934,0.0039277077,
1.93425,0.0122196563,
1.9345,0.0005093321,
1.93475,-0.0069117900,
1.935,-0.0004050093,
1.93525,0.0117160585,
1.9355,-0.0101741962,
1.93575,-0.0019667416,
1.936,-0.0008838243,
1.93625,-0.0037055742,
1.9365,-0.0053313682,
1.93675,-0.0176849328,
1.937,0.0011079577,
1.93725,0.0018631758,
1.9375,-0.0027355177,
1.93775,-0.0381786302,
1.938,-0.0186043680,
1.93825,0.0036730501,
1.9385,0.0021668216,
1.93875,-0.0108530242,
1.939,0.0026172318,
1.93925,0.0008385500,
1.9395,-0.0078517552,
1.93975,0.0033683318,
1.94,0.0111895856,
1.94025,-0.0001586463,
1.9405,0.0030698986,
1.94075,0.0028006849,
1.941,0.0008590674,
1.94125,0.0280252937,
1.9415,-0.0071574086,
1.94175,-0.0022286479,
1.942,0.0186263863,
1.94225,0.0097320508,
1.9425,0.0055341814,
1.94275,-0.0054703425,
1.943,-0.0067980178,
1.94325,-0.0123083452,
1.9435,-0.0106934942,
1.94375,-0.0186489932,
1.944,0.0150649790,
1.94425,0.0052867532,
1.9445,-0.0117793400,
1.94475,0.0011041253,
1.945,0.0165881254,
1.94525,0.0135669578,
1.9455,0.0181928892,
1.94575,0.0091228234,
1.946,0.0043535437,
1.94625,0.0135415103,
1.9465,0.0115060210,
1.94675,0.0059491768,
1.947,0.0102048479,
1.94725,-0.0069860830,
1.9475,-0.0050070547,
1.94775,0.0044253264,
1.948,-0.0068251956,
1.94825,0.0096372468,
1.9485,-0.0002798240,
1.94875,-0.0197539683,
1.949,0.0027190361,
1.94925,0.0079351477,
1.9495,-0.0019521860,
1.94975,0.0027610925,
1.95,0.0270717982,
1.95025,0.0308054239,
1.9505,0.0186508503,
1.95075,0.0148753282,
1.951,0.0257287081,
1.95125,0.0201929267,
1.9515,0.0009866169,
1.95175,0.0159864873,
1.952,0.0231606346,
1.95225,0.0077593811,
1.9525,0.0060011325,
1.95275,-0.0052444832,
1.953,0.0208590180,
1.95325,0.0090742046,
1.9535,0.0100406036,
1.95375,0.0124972910,
1.954,0.0131754717,
1.95425,0.0128989667,
1.9545,-0.0030030338,
1.95475,0.0169469882,
1.955,0.0129323648,
1.95525,0.0244941823,
1.9555,0.0051019904,
1.95575,0.0048827454,
1.956,0.0294971094,
1.95625,0.0133540770,
1.9565,0.0006419557,
1.95675,0.0117193107,
1.957,0.0176063441,
1.95725,0.0064526657,
1.9575,0.0274588633,
1.95775,0.0182961598,
1.958,0.0097669512,
1.95825,0.0067568878,
1.9585,0.0047311415,
1.95875,0.0044250591,
1.959,0.0004455267,
1.95925,-0.0166287422,
1.9595,-0.0119057680,
1.95975,0.0007863967,
1.96,0.0096732704,
1.96025,-0.0021611571,
1.9605,-0.0061078607,
1.96075,0.0144159338,
1.961,0.0078323670,
1.96125,0.0073377080,
1.9615,0.0174374245,
1.96175,0.0284394175,
1.962,0.0118713165,
1.96225,0.0062272530,
1.9625,-0.0135000600,
1.96275,-0.0197466761,
1.963,-0.0060863635,
1.96325,-0.0004442830,
1.9635,-0.0099009350,
1.96375,-0.0225096028,
1.964,0.0070684194,
1.96425,-0.0008328037,
1.9645,0.0075771422,
1.96475,-0.0049734619,
1.965,0.0183882769,
1.96525,0.0095181204,
1.9655,-0.0119483834,
1.96575,-0.0085714636,
1.966,0.0054538255,
1.96625,-0.0042571621,
1.9665,0.0039644688,
1.96675,0.0023745422,
1.967,0.0147030186,
1.96725,0.0096474299,
1.9675,0.0102616390,
1.96775,0.0102821533,
1.968,0.0039035778,
1.96825,0.0094127655,
1.9685,0.0054093525,
1.96875,0.0134154558,
1.969,-0.0093675759,
1.96925,0.0034892904,
1.9695,-0.0062249792,
1.96975,-0.0011534970,
1.97,-0.0169851147,
1.97025,-0.0145482905,
1.9705,-0.0164221562,
1.97075,-0.0081065726,
1.971,0.0073440550,
1.97125,-0.0135490196,
1.9715,-0.0164953955,
1.97175,0.0016862589,
1.972,0.0095512839,
1.97225,-0.0058898749,
1.9725,-0.0033741416,
1.97275,0.0150267687,
1.973,-0.0085513769,
1.97325,-0.0029754443,
1.9735,0.0054457709,
1.97375,-0.0125397174,
1.974,-0.0042713801,
1.97425,0.0057462854,
1.9745,-0.0241332036,
1.97475,0.0193861760,
1.975,0.0183418747,
1.97525,-0.0126846973,
1.9755,-0.0115473643,
1.97575,0.0300584827,
1.976,-0.0111645106,
1.97625,-0.0204797741,
1.9765,0.0072488589,
1.97675,-0.0180956144,
1.977,-0.0129571091,
1.97725,-0.0043550562,
1.9775,-0.0250334274,
1.97775,-0.0102252224,
1.978,-0.0061809700,
1.97825,0.0037317937,
1.9785,-0.0188486017,
1.97875,0.0078768339,
1.979,0.0098945871,
1.97925,0.0071069701,
1.9795,0.0147108370,
1.97975,0.0089377975,
1.98,-0.0128117595,
1.98025,-0.0261581019,
1.9805,-0.0049969302,
1.98075,0.0030297947,
1.981,-0.0348595679,
1.98125,-0.0179532841,
1.9815,0.0209648684,
1.98175,-0.0025415402,
1.982,-0.0149969850,
1.98225,0.0019175984,
1.9825,0.0075671896,
1.98275,0.0024967690,
1.983,0.0104822824,
1.98325,-0.0004414307,
1.9835,0.0021602130,
1.98375,0.0044356803,
1.984,-0.0126272617,
1.98425,-0.0262620375,
1.9845,-0.0399033763,
1.98475,-0.0444925353,
1.985,-0.0596424714,
1.98525,-0.0685222670,
1.9855,-0.0210523698,
1.98575,0.0104521578,
1.986,-0.0186183210,
1.98625,-0.0049820459,
1.9865,0.0112369852,
1.98675,0.0129462853,
1.987,-0.0255027022,
1.98725,0.0195143204,
1.9875,-0.0194530338,
1.98775,0.0081098191,
1.988,0.0090050595,
1.98825,-0.0006463922,
1.9885,0.0115432553,
1.98875,0.0094279638,
1.989,-0.0078716073,
1.98925,-0.0137628047,
1.9895,0.0035253761,
1.98975,-0.0009722595,
1.99,0.0052519231,
1.99025,-0.0278245397,
1.9905,0.0179894529,
1.99075,-0.0063071535,
1.991,-0.0582644381,
1.99125,-0.0212699063,
1.9915,-0.0100781070,
1.99175,-0.0070125982,
1.992,-0.0177207552,
1.99225,-0.0073947450,
1.9925,0.0099025900,
1.99275,0.0029134350,
1.993,-0.0162110962,
1.99325,0.0263251849,
1.9935,0.0184514485,
1.99375,0.0258508399,
1.994,0.0131382756,
1.99425,0.0301473401,
1.9945,0.0314332955,
1.99475,0.0320038125,
1.995,0.0137653025,
1.99525,0.0261946246,
1.9955,0.0129445316,
1.99575,0.0067283781,
1.996,0.0037123463,
1.99625,-0.0004757935,
1.9965,0.0265396349,
1.99675,0.0010162175,
1.997,0.0035621254,
1.99725,0.0018652109,
1.9975,0.0228238069,
1.99775,0.0045974161,
1.998,0.0047095078,
1.99825,0.0314112604,
1.9985,0.0160699487,
1.99875,0.0227983259,
1.999,0.0072569102,
1.99925,0.0165673699,
1.9995,0.0175076146,
1.99975,0.0170760583,
2,0.0172402132,
2.00025,0.0093286410,
2.0005,0.0111192781,
2.00075,0.0301422384,
2.001,0.0032842769,
2.00125,0.0039257654,
2.0015,0.0150808711,
2.00175,-0.0298984181,
2.002,-0.0269948430,
2.00225,0.0174128041,
2.0025,0.0146920644,
2.00275,-0.0076309154,
2.003,0.0065379366,
2.00325,0.0169242434,
2.0035,0.0013412596,
2.00375,-0.0032306430,
2.004,0.0160259586,
2.00425,0.0184364393,
2.0045,0.0199558251,
2.00475,0.0116811683,
2.005,0.0188674349,
2.00525,0.0068264194,
2.0055,-0.0070121191,
2.00575,-0.0063311430,
2.006,-0.0303820726,
2.00625,-0.0371422842,
2.0065,0.0180668831,
2.00675,0.0002207888,
2.007,-0.0123223830,
2.00725,0.0143488115,
2.0075,0.0018071055,
2.00775,-0.0354158208,
2.008,-0.0363342576,
2.00825,0.0180650391,
2.0085,-0.0092114815,
2.00875,-0.0203734040,
2.009,0.0115330052,
2.00925,0.0004252752,
2.0095,0.0054375278,
2.00975,0.0037506500,
2.01,0.0014305824,
2.01025,-0.0134630268,
2.0105,-0.0086165201,
2.01075,0.0080337916,
2.011,-0.0025772750,
2.01125,-0.0111576347,
2.0115,0.0122780399,
2.01175,-0.0175407827,
2.012,-0.0074722799,
2.01225,-0.0207574200,
2.0125,-0.0261904113,
2.01275,-0.0174479205,
2.013,-0.0207832940,
2.01325,0.0027375794,
2.0135,-0.0129802506,
2.01375,-0.0234397948,
2.014,-0.0154107166,
2.01425,0.0072373128,
2.0145,-0.0020310977,
2.01475,0.0009415779,
2.015,0.0025439716,
2.01525,0.0090784319,
2.0155,0.0148094837,
2.01575,-0.0116928685,
2.016,0.0111481221,
2.01625,0.0098705115,
2.0165,0.0031522792,
2.01675,-0.0160032492,
2.017,0.0089648888,
2.01725,0.0019602422,
2.0175,0.0090102023,
2.01775,-0.0047194497,
2.018,0.0124727767,
2.01825,-0.0032275622,
2.0185,-0.0158197451,
2.01875,-0.0027419459,
2.019,-0.0162370261,
2.01925,-0.0129203033,
2.0195,-0.0342800990,
2.01975,-0.0115569104,
2.02,0.0017621247,
2.02025,-0.0104844933,
2.0205,-0.0083185676,
2.02075,-0.0153078400,
2.021,-0.0152310310,
2.02125,0.0017959105,
2.0215,-0.0009405817,
2.02175,0.0047371225,
2.022,0.0005972627,
2.02225,0.0052505387,
2.0225,0.0130536603,
2.02275,0.0017511828,
2.023,-0.0025392328,
2.02325,-0.0024601505,
2.0235,-0.0264680218,
2.02375,-0.0386302099,
2.024,0.0092422627,
2.02425,0.0035830855,
2.0245,-0.0429999381,
2.02475,-0.0005580066,
2.025,0.0091745751,
2.02525,-0.0041798670,
2.0255,-0.0104835210,
2.02575,0.0116559602,
2.026,0.0089056082,
2.02625,-0.0056449329,
2.0265,-0.0096409684,
2.02675,0.0133790961,
2.027,-0.0015607732,
2.02725,0.0067268573,
2.0275,-0.0108511280,
2.02775,-0.0235881619,
2.028,0.0073343059,
2.02825,0.0042912988,
2.0285,0.0017690577,
2.02875,-0.0195888765,
2.029,0.0031999277,
2.02925,-0.0001749427,
2.0295,-0.0208112448,
2.02975,-0.0118679553,
2.03,0.0207841434,
2.03025,-0.0181213915,
2.0305,-0.0095520616,
2.03075,0.0040928079,
2.031,-0.0043120580,
2.03125,-0.0020107536,
2.0315,0.0076887547,
2.03175,-0.0098668039,
2.032,0.0048259078,
2.03225,0.0037344303,
2.0325,0.0090961661,
2.03275,0.0001446635,
2.033,0.0047992514,
2.03325,-0.0069060205,
2.0335,0.0014763304,
2.03375,-0.0001451680,
2.034,0.0004037813,
2.03425,-0.0224993005,
2.0345,-0.0134392278,
2.03475,-0.0053188717,
2.035,0.0007741479,
2.03525,-0.0137981111,
2.0355,-0.0003557901,
2.03575,-0.0002439225,
2.036,0.0091641452,
2.03625,0.0090412181,
2.0365,0.0030943470,
2.03675,0.0128734894,
2.037,0.0109568331,
2.03725,0.0012228391,
2.0375,-0.0054117553,
2.03775,0.0180422347,
2.038,0.0143756997,
2.03825,0.0071323523,
2.0385,-0.0105307540,
2.03875,0.0140822502,
2.039,0.0214550272,
2.03925,-0.0019656983,
2.0395,0.0013533777,
2.03975,0.0185717847,
2.04,-0.0038880683,
2.04025,-0.0029288903,
2.0405,-0.0119241793,
2.04075,0.0233422555,
2.041,-0.0074403677,
2.04125,-0.0115547432,
2.0415,0.0064239940,
2.04175,0.0075891991,
2.042,0.0095131500,
2.04225,0.0134128900,
2.0425,0.0063923113,
2.04275,0.0203796066,
2.043,0.0119693531,
2.04325,-0.0081824781,
2.0435,0.0032217363,
2.04375,0.0125240125,
2.044,0.0074984604,
2.04425,0.0007226273,
2.0445,-0.0003605169,
2.04475,0.0073314970,
2.045,-0.0150794117,
2.04525,-0.0211744551,
2.0455,-0.0048988257,
2.04575,0.0025190269,
2.046,0.0246427879,
2.04625,-0.0118150702,
2.0465,0.0048203035,
2.04675,0.0115579050,
2.047,-0.0056645246,
2.04725,-0.0008453280,
2.0475,0.0200403035,
2.04775,0.0073561445,
2.048,-0.0009342445,
2.04825,0.0000531909,
2.0485,0.0006693320,
2.04875,-0.0074767433,
2.049,-0.0035978551,
2.04925,-0.0165785868,
2.0495,0.0119217811,
2.04975,-0.0098474752,
2.05,0.0213002246,
2.05025,0.0104105007,
2.0505,-0.0077627269,
2.05075,-0.0079602413,
2.051,-0.0012404555,
2.05125,-0.0254945196,
2.0515,-0.0052506435,
2.05175,0.0190708376,
2.052,0.0072165108,
2.05225,-0.0033897508,
2.0525,0.0026580666,
2.05275,0.0082427720,
2.053,0.0096555809,
2.05325,-0.0076045319,
2.0535,0.0012184285,
2.05375,0.0114657842,
2.054,0.0000751406,
2.05425,0.0145644406,
2.0545,0.0130307917,
2.05475,0.0057934104,
2.055,-0.0046345596,
2.05525,-0.0036641248,
2.0555,-0.0023075184,
2.05575,-0.0037819673,
2.056,-0.0129855871,
2.05625,-0.0185686983,
2.0565,0.0038600643,
2.05675,0.0045788065,
2.057,0.0006286206,
2.05725,-0.0059689209,
2.0575,-0.0042532291,
2.05775,0.0082923481,
2.058,0.0130267367,
2.05825,0.0105618574,
2.0585,0.0164483115,
2.05875,0.0183016825,
2.059,0.0022371383,
2.05925,0.0058183097,
2.0595,0.0095878141,
2.05975,0.0267053470,
2.06,0.0097945565,
2.06025,-0.0058190273,
2.0605,0.0113440482,
2.06075,0.0166300554,
2.061,-0.0072843349,
2.06125,-0.0121690901,
2.0615,0.0029773656,
2.06175,-0.0032551796,
2.062,-0.0258325581,
2.06225,-0.0073972894,
2.0625,0.0251092948,
2.06275,-0.0010788244,
2.063,0.0164050199,
2.06325,0.0017237546,
2.0635,0.0158547275,
2.06375,0.0213578809,
2.064,0.0165478252,
2.06425,-0.0129391942,
2.0645,0.0021303631,
2.06475,0.0054525081,
2.065,0.0035418288,
2.06525,0.0070812153,
2.0655,0.0066634961,
2.06575,-0.0058152312,
2.066,-0.0095357178,
2.06625,-0.0100374538,
2.0665,0.0148803936,
2.06675,-0.0086419182,
2.067,-0.0102127381,
2.06725,0.0048778630,
2.0675,0.0110577280,
2.06775,0.0127532287,
2.068,0.0042804279,
2.06825,0.0110338619,
2.0685,0.0219669640,
2.06875,0.0001236178,
2.069,-0.0006464243,
2.06925,0.0067285094,
2.0695,0.0098370779,
2.06975,-0.0136617664,
2.07,-0.0073588775,
2.07025,0.0140716145,
2.0705,0.0098076640,
2.07075,0.0108516039,
2.071,0.0113415141,
2.07125,0.0061282665,
2.0715,0.0079971217,
2.07175,0.0107680764,
2.072,-0.0090037202,
2.07225,-0.0107810562,
2.0725,-0.0015832100,
2.07275,-0.0049782004,
2.073,0.0005934365,
2.07325,0.0168091524,
2.0735,-0.0121743269,
2.07375,-0.0079007149,
2.074,0.0151506672,
2.07425,-0.0081656445,
2.0745,0.0064056730,
2.07475,0.0076927361,
2.075,-0.0168318916,
2.07525,0.0082934909,
2.0755,0.0050408551,
2.07575,-0.0002948386,
2.076,0.0087289242,
2.07625,-0.0041152420,
2.0765,-0.0039494592,
2.07675,-0.0055692582,
2.077,-0.0064510275,
2.07725,0.0056275530,
2.0775,0.0240010135,
2.07775,-0.0118518192,
2.078,0.0004039730,
2.07825,0.0011491593,
2.0785,0.0080573885,
2.07875,0.0225211661,
2.079,0.0069723213,
2.07925,0.0144767500,
2.0795,-0.0064777168,
2.07975,0.0026453449,
2.08,0.0048580896,
2.08025,-0.0096462648,
2.0805,0.0134990942,
2.08075,0.0027119254,
2.081,-0.0050720344,
2.08125,0.0236542914,
2.0815,0.0340314992,
2.08175,-0.0073328991,
2.082,0.0019028288,
2.08225,0.0116442963,
2.0825,0.0106827216,
2.08275,-0.0214858912,
2.083,-0.0122586861,
2.08325,-0.0034073379,
2.0835,0.0042553926,
2.08375,0.0030375922,
2.084,-0.0039473614,
2.08425,0.0187159479,
2.0845,0.0036433435,
2.08475,0.0034221536,
2.085,-0.0009600023,
2.08525,0.0137710376,
2.0855,0.0060034301,
2.08575,-0.0072122756,
2.086,0.0100974841,
2.08625,-0.0002656638,
2.0865,0.0056559835,
2.08675,0.0145404032,
2.087,0.0213242471,
2.08725,0.0160835087,
2.0875,0.0038947945,
2.08775,-0.0167407300,
2.088,-0.0083340183,
2.08825,-0.0238618162,
2.0885,-0.0058817593,
2.08875,-0.0223482735,
2.089,0.0134844417,
2.08925,0.0040136352,
2.0895,-0.0141215734,
2.08975,0.0072328681,
2.09,-0.0220792945,
2.09025,0.0200565178,
2.0905,0.0256182458,
2.09075,-0.0046269819,
2.091,0.0239202343,
2.09125,0.0337477773,
2.0915,-0.0141061982,
2.09175,-0.0054213335,
2.092,0.0190296546,
2.09225,0.0145602860,
2.0925,0.0135321077,
2.09275,0.0152566144,
2.093,0.0005596749,
2.09325,-0.0005813236,
2.0935,0.0084645087,
2.09375,-0.0117524350,
2.094,-0.0363565646,
2.09425,-0.0089702327,
2.0945,-0.0173765346,
2.09475,-0.0244187489,
2.095,-0.0066932919,
2.09525,0.0112932492,
2.0955,0.0071984804,
2.09575,0.0244537573,
2.096,0.0189492404,
2.09625,0.0031619149,
2.0965,0.0251290593,
2.09675,0.0074940226,
2.097,0.0074930373,
2.09725,0.0151127474,
2.0975,0.0009631774,
2.09775,-0.0112265488,
2.098,-0.0081456751,
2.09825,-0.0212891214,
2.0985,-0.0342652686,
2.09875,-0.0251871198,
2.099,0.0046290392,
2.09925,-0.0193228181,
2.0995,-0.0125632053,
2.09975,0.0087085450,
2.1,0.0210895576,
2.10025,0.0167930983,
2.1005,0.0057597570,
2.10075,0.0013342730,
2.101,0.0274402201,
2.10125,0.0078941481,
2.1015,0.0197138153,
2.10175,-0.0028963352,
2.102,0.0081615197,
2.10225,0.0102815507,
2.1025,-0.0082807131,
2.10275,-0.0213012733,
2.103,0.0119739287,
2.10325,0.0074033318,
2.1035,0.0073537426,
2.10375,0.0045502423,
2.104,0.0171862654,
2.10425,0.0041721319,
2.1045,0.0060882471,
2.10475,-0.0093153706,
2.105,0.0080735506,
2.10525,0.0220263265,
2.1055,0.0012829399,
2.10575,-0.0051588332,
2.106,0.0095205260,
2.10625,0.0042504845,
2.1065,0.0091392798,
2.10675,-0.0205990933,
2.107,-0.0013991236,
2.10725,0.0077363020,
2.1075,-0.0031697575,
2.10775,0.0166947730,
2.108,0.0155572761,
2.10825,-0.0072172750,
2.1085,0.0029272684,
2.10875,-0.0066855508,
2.109,0.0005909062,
2.10925,-0.0247119591,
2.1095,-0.0390673839,
2.10975,-0.0092911087,
2.11,0.0006688627,
2.11025,-0.0021777437,
2.1105,-0.0130118141,
2.11075,-0.0038035293,
2.111,0.0029781708,
2.11125,-0.0133537222,
2.1115,-0.0033779163,
2.11175,0.0147751709,
2.112,0.0092571313,
2.11225,0.0113371275,
2.1125,0.0000958983,
2.11275,0.0180898439,
2.113,0.0118888365,
2.11325,0.0076867868,
2.1135,-0.0001464411,
2.11375,0.0139176119,
2.114,0.0136223445,
2.11425,0.0042593163,
2.1145,-0.0003229647,
2.11475,-0.0015744588,
2.115,0.0012214915,
2.11525,-0.0138627477,
2.1155,-0.0069739302,
2.11575,0.0010966808,
2.116,0.0030607730,
2.11625,-0.0062651611,
2.1165,-0.0066614598,
2.11675,0.0074981283,
2.117,0.0082172612,
2.11725,0.0126003092,
2.1175,0.0093017602,
2.11775,-0.0048781307,
2.118,0.0219847448,
2.11825,-0.0014144694,
2.1185,-0.0067765731,
2.11875,0.0015603041,
2.119,0.0133755691,
2.11925,-0.0061486559,
2.1195,-0.0039148359,
2.11975,-0.0000887305,
2.12,0.0079397932,
2.12025,-0.0310075097,
2.1205,-0.0054969871,
2.12075,-0.0150832273,
2.121,0.0218528956,
2.12125,-0.0109266341,
2.1215,-0.0128685916,
2.12175,-0.0001752838,
2.122,0.0154669136,
2.12225,-0.0183880869,
2.1225,0.0084993588,
2.12275,0.0170519426,
2.123,0.0148676792,
2.12325,0.0048667281,
2.1235,0.0099212071,
2.12375,0.0230435245,
2.124,0.0136410361,
2.12425,-0.0083209462,
2.1245,-0.0011881276,
2.12475,0.0195587333,
2.125,0.0034727734,
2.12525,0.0147236800,
2.1255,-0.0077101411,
2.12575,0.0085841939,
2.126,-0.0115434779,
2.12625,-0.0074838945,
2.1265,0.0010771917,
2.12675,0.0055853045,
2.127,0.0013739078,
2.12725,-0.0067561911,
2.1275,0.0118021909,
2.12775,0.0235725679,
2.128,0.0097452002,
2.12825,-0.0057344474,
2.1285,0.0000671794,
2.12875,0.0095790401,
2.129,0.0033308042,
2.12925,-0.0186999179,
2.1295,-0.0006953920,
2.12975,-0.0170653798,
2.13,-0.0072579104,
2.13025,-0.0088523617,
2.1305,0.0040734471,
2.13075,0.0187825114,
2.131,0.0034208947,
2.13125,-0.0225031823,
2.1315,-0.0253741443,
2.13175,-0.1533569545,
2.132,-0.0381536856,
2.13225,-0.0255816728,
2.1325,-0.0481069013,
2.13275,-0.0052955234,
2.133,-0.0189136639,
2.13325,-0.0254426524,
2.1335,-0.0710472912,
2.13375,-0.0154540725,
2.134,-0.0103561394,
2.13425,-0.0070971595,
2.1345,0.0070357360,
2.13475,0.0105184168,
2.135,0.0109507143,
2.13525,-0.0306279100,
2.1355,0.0112177292,
2.13575,0.0070449221,
2.136,-0.0083693769,
2.13625,-0.0306577459,
2.1365,-0.0318418071,
2.13675,-0.0258653779,
2.137,-0.0230040196,
2.13725,-0.0046011941,
2.1375,-0.0164332297,
2.13775,-0.0079273442,
2.138,0.0027069112,
2.13825,0.0123686884,
2.1385,0.0038678469,
2.13875,0.0049472358,
2.139,0.0159116574,
2.13925,-0.0051493328,
2.1395,-0.0047530709,
2.13975,0.0095882770,
2.14,-0.0003307549,
2.14025,-0.0199642126,
2.1405,-0.0170466676,
2.14075,-0.0230390579,
2.141,-0.0331120156,
2.14125,-0.0106917359,
2.1415,0.0014783243,
2.14175,-0.0235263780,
2.142,-0.0508470647,
2.14225,-0.0218667556,
2.1425,-0.0132900206,
2.14275,-0.0082028899,
2.143,-0.0072189788,
2.14325,-0.0061051827,
2.1435,-0.0099161193,
2.14375,0.0029897373,
2.144,0.0076703923,
2.14425,0.0036338938,
2.1445,0.0044137063,
2.14475,0.0053163702,
2.145,-0.0226221010,
2.14525,-0.0076374556,
2.1455,0.0111952145,
2.14575,0.0120800836,
2.146,-0.0173543300,
2.14625,-0.0137901790,
2.1465,-0.0027425275,
2.14675,-0.0114645846,
2.147,-0.0069767814,
2.14725,-0.0094632097,
2.1475,0.0082198977,
2.14775,-0.0104889916,
2.148,0.0039076395,
2.14825,-0.0009262149,
2.1485,0.0183250923,
2.14875,0.0006619963,
2.149,0.0044152834,
2.14925,0.0022437172,
2.1495,0.0061783292,
2.14975,0.0076711853,
2.15,-0.0000815163,
2.15025,0.0054236571,
2.1505,0.0150500815,
2.15075,-0.0067267334,
2.151,-0.0027155313,
2.15125,0.0114538483,
2.1515,-0.0014973317,
2.15175,-0.0034262517,
2.152,-0.0103218434,
2.15225,-0.0098244809,
2.1525,-0.0029354813,
2.15275,-0.0157034844,
2.153,-0.0047233463,
2.15325,0.0038965957,
2.1535,0.0085555939,
2.15375,-0.0107453410,
2.154,-0.0131723452,
2.15425,-0.0066730343,
2.1545,0.0093425149,
2.15475,-0.0027415156,
2.155,0.0166192055,
2.15525,0.0215970092,
2.1555,0.0158899184,
2.15575,0.0074681761,
2.156,0.0007493521,
2.15625,0.0244993437,
2.1565,0.0073405029,
2.15675,0.0031127599,
2.157,-0.0010938991,
2.15725,0.0130219711,
2.1575,0.0065227859,
2.15775,0.0114250500,
2.158,-0.0089658713,
2.15825,0.0019741503,
2.1585,-0.0033805580,
2.15875,-0.0054503707,
2.159,0.0152131468,
2.15925,0.0086439885,
2.1595,0.0085018696,
2.15975,0.0109325340,
2.16,0.0171399321,
2.16025,0.0000635620,
2.1605,0.0033611550,
2.16075,0.0073515340,
2.161,0.0144655248,
2.16125,0.0101304017,
2.1615,0.0116004534,
2.16175,0.0053397291,
2.162,0.0205753725,
2.16225,0.0116137154,
2.1625,0.0219336189,
2.16275,0.0033331686,
2.163,0.0090663750,
2.16325,0.0196693204,
2.1635,0.0023181369,
2.16375,0.0025954247,
2.164,-0.0005536597,
2.16425,0.0068589044,
2.1645,0.0030489592,
2.16475,-0.0099765593,
2.165,0.0079794684,
2.16525,0.0300549250,
2.1655,0.0006296380,
2.16575,-0.0013792515,
2.166,0.0347511135,
2.16625,0.0215770118,
2.1665,0.0150727518,
2.16675,0.0165529493,
2.167,0.0236995500,
2.16725,0.0260721929,
2.1675,0.0362829268,
2.16775,-0.0046162936,
2.168,0.0162657779,
2.16825,0.0123200566,
2.1685,0.0126321912,
2.16875,-0.0150767202,
2.169,0.0094551463,
2.16925,0.0190806128,
2.1695,-0.0144565739,
2.16975,-0.0003047400,
2.17,0.0258079078,
2.17025,0.0167481769,
2.1705,0.0150336083,
2.17075,0.0119117312,
2.171,0.0077320002,
2.17125,0.0167960804,
2.1715,0.0294774231,
2.17175,0.0076193968,
2.172,0.0032055562,
2.17225,0.0113311466,
2.1725,0.0095928730,
2.17275,0.0027932625,
2.173,0.0165322889,
2.17325,0.0041074031,
2.1735,0.0036517335,
2.17375,-0.0191951953,
2.174,0.0051099597,
2.17425,0.0015877285,
2.1745,-0.0144808032,
2.17475,-0.0315747559,
2.175,-0.0013892330,
2.17525,0.0037375730,
2.1755,-0.0002487874,
2.17575,0.0033757514,
2.176,-0.0265623592,
2.17625,0.0032473577,
2.1765,-0.0383392535,
2.17675,0.0184871964,
2.177,-0.0009255937,
2.17725,0.0241715536,
2.1775,-0.0059674783,
2.17775,-0.0010536176,
2.178,0.0332692526,
2.17825,0.0114287604,
2.1785,0.0037825401,
2.17875,0.0121703651,
2.179,-0.0058907252,
2.17925,0.0079046981,
2.1795,-0.0114740022,
2.17975,-0.0215078499,
2.18,0.0022672585,
2.18025,-0.0109685455,
2.1805,-0.0115097230,
2.18075,-0.0214104559,
2.181,0.0035159783,
2.18125,-0.0069660880,
2.1815,-0.0060274783,
2.18175,-0.0006647781,
2.182,0.0054430263,
2.18225,0.0090056900,
2.1825,0.0193919223,
2.18275,0.0065108021,
2.183,0.0107385078,
2.18325,-0.0076658553,
2.1835,-0.0118613206,
2.18375,-0.0189174786,
2.184,-0.0129193962,
2.18425,-0.0245555416,
2.1845,-0.0018730296,
2.18475,-0.0167582724,
2.185,-0.0162598528,
2.18525,-0.0502848774,
2.1855,-0.0263820607,
2.18575,-0.0121943410,
2.186,0.0198487006,
2.18625,-0.0216643028,
2.1865,-0.0079997061,
2.18675,0.0118503422,
2.187,0.0243627615,
2.18725,-0.0101282867,
2.1875,0.0006167711,
2.18775,0.0058191619,
2.188,0.0022544824,
2.18825,-0.0002203407,
2.1885,-0.0029347267,
2.18875,-0.0011010588,
2.189,0.0161521304,
2.18925,0.0032990787,
2.1895,-0.0058150520,
2.18975,-0.0164860766,
2.19,0.0144272111,
2.19025,0.0102081597,
2.1905,-0.0246656202,
2.19075,-0.0003866463,
2.191,-0.0128359850,
2.19125,-0.0209107026,
2.1915,-0.0011701037,
2.19175,-0.0036737649,
2.192,-0.0006231918,
2.19225,-0.0153143387,
2.1925,0.0135396775,
2.19275,-0.0060027237,
2.193,-0.0047628540,
2.19325,-0.0083651273,
2.1935,0.0084545277,
2.19375,-0.0106842993,
2.194,0.0194614399,
2.19425,0.0039547761,
2.1945,-0.0222174544,
2.19475,-0.0568310246,
2.195,-0.0162972230,
2.19525,-0.0129980650,
2.1955,-0.0253706053,
2.19575,-0.0458256081,
2.196,-0.0259665418,
2.19625,-0.0431456119,
2.1965,-0.0017402362,
2.19675,-0.0147449337,
2.197,0.0046462542,
2.19725,-0.0339449905,
2.1975,-0.0485480651,
2.19775,-0.0265401788,
2.198,-0.0065094326,
2.19825,0.0023610429,
2.1985,-0.0052316226,
2.19875,0.0012400493,
2.199,-0.0021891429,
2.19925,-0.0380491763,
2.1995,-0.0031860061,
2.19975,0.0134423524,
2.2,-0.0079485243,
2.20025,0.0033685588,
2.2005,-0.0000464622,
2.20075,0.0043174070,
2.201,0.0352010876,
2.20125,0.0055206795,
2.2015,-0.0090699382,
2.20175,0.0036313096,
2.202,-0.0085010035,
2.20225,-0.0557802804,
2.2025,-0.0144780846,
2.20275,0.0310872141,
2.203,0.0007730497,
2.20325,0.0163227022,
2.2035,0.0211779736,
2.20375,0.0085160527,
2.204,0.0252858773,
2.20425,0.0135201132,
2.2045,0.0003140386,
2.20475,0.0241128355,
2.205,-0.0045606135,
2.20525,0.0066163852,
2.2055,0.0022107398,
2.20575,0.0042608948,
2.206,0.0206542090,
2.20625,-0.0066155093,
2.2065,0.0201664008,
2.20675,0.0108366320,
2.207,0.0064892890,
2.20725,0.0109386723,
2.2075,0.0082149403,
2.20775,0.0092157982,
2.208,0.0080486890,
2.20825,0.0042968765,
2.2085,0.0197138041,
2.20875,0.0232450143,
2.209,0.0123909991,
2.20925,0.0012786576,
2.2095,0.0132680489,
2.20975,0.0133411298,
2.21,0.0016067477,
2.21025,0.0021208215,
2.2105,0.0143417334,
2.21075,0.0275588855,
2.211,0.0261300709,
2.21125,0.0150035042,
2.2115,0.0216237530,
2.21175,0.0209917128,
2.212,0.0109781651,
2.21225,-0.0009547399,
2.2125,0.0182324219,
2.21275,0.0101793651,
2.213,-0.0092521599,
2.21325,-0.0122157102,
2.2135,0.0198233128,
2.21375,0.0136192562,
2.214,0.0112727014,
2.21425,0.0224686116,
2.2145,0.0246225223,
2.21475,0.0166898873,
2.215,0.0240521152,
2.21525,-0.0022496744,
2.2155,0.0011345495,
2.21575,-0.0061286311,
2.216,-0.0034462139,
2.21625,-0.0372365490,
2.2165,-0.0195033941,
2.21675,0.0057249619,
2.217,-0.0282857791,
2.21725,-0.0057203425,
2.2175,-0.0606038608,
2.21775,-0.0397780985,
2.218,-0.0363825411,
2.21825,0.0039131865,
2.2185,-0.0077651720,
2.21875,-0.0000201976,
2.219,0.0166216847,
2.21925,-0.0049962252,
2.2195,0.0057736700,
2.21975,-0.0395269617,
2.22,-0.0023135399,
2.22025,0.0064146183,
2.2205,0.0011863220,
2.22075,-0.0112352986,
2.221,-0.0107274503,
2.22125,0.0042644409,
2.2215,0.0158510637,
2.22175,0.0163937416,
2.222,0.0014745904,
2.22225,-0.0031707890,
2.2225,0.0052908021,
2.22275,-0.0165224839,
2.223,-0.0432494879,
2.22325,-0.0015967131,
2.2235,-0.0163780469,
2.22375,-0.0158087388,
2.224,-0.0251827687,
2.22425,-0.0118774511,
2.2245,-0.0082897823,
2.22475,0.0016779976,
2.225,0.0020070903,
2.22525,0.0000531518,
2.2255,0.0079427306,
2.22575,0.0104869381,
2.226,0.0043783085,
2.22625,0.0077837030,
2.2265,-0.0091423569,
2.22675,-0.0145798745,
2.227,-0.0103192870,
2.22725,-0.0089913411,
2.2275,-0.0108139301,
2.22775,-0.0300367139,
2.228,-0.0267424583,
2.22825,-0.0111166164,
2.2285,-0.0070189349,
2.22875,-0.0132563375,
2.229,-0.0126243867,
2.22925,-0.0115014799,
2.2295,-0.0152765196,
2.22975,-0.0155849233,
2.23,-0.0060471338,
2.23025,0.0038283647,
2.2305,-0.0111966878,
2.23075,0.0041130190,
2.231,-0.0104649756,
2.23125,-0.0066869473,
2.2315,-0.0067705279,
2.23175,-0.0000962098,
2.232,-0.0202089399,
2.23225,-0.0085369553,
2.2325,0.0070182644,
2.23275,0.0010131461,
2.233,-0.0159042738,
2.23325,0.0045388448,
2.2335,0.0035511027,
2.23375,-0.0228950791,
2.234,-0.0112691801,
2.23425,-0.0020137061,
2.2345,-0.0085272156,
2.23475,-0.0258319788,
2.235,-0.0108762234,
2.23525,-0.0134019079,
2.2355,-0.0077844830,
2.23575,-0.0081052994,
2.236,-0.0212508906,
2.23625,0.0047650696,
2.2365,-0.0356597528,
2.23675,-0.0293145217,
2.237,-0.0459933840,
2.23725,-0.0187827926,
2.2375,-0.0541582145,
2.23775,-0.0242143013,
2.238,-0.0265909769,
2.23825,-0.0342987329,
2.2385,0.0027158102,
2.23875,-0.1391415149,
2.239,-0.0499985553,
2.23925,-0.0258334652,
2.2395,-0.0338835567,
2.23975,-0.0300233532,
2.24,-0.0148207936,
2.24025,0.0027997927,
2.2405,-0.0046188780,
2.24075,-0.0021621871,
2.241,0.0126098655,
2.24125,0.0102769528,
2.2415,0.0036688920,
2.24175,-0.0048596873,
2.242,0.0010612551,
2.24225,0.0074237417,
2.2425,-0.0111861452,
2.24275,-0.0065912260,
2.243,0.0021062626,
2.24325,0.0109879132,
2.2435,-0.0032729213,
2.24375,-0.0060739527,
2.244,-0.0109392414,
2.24425,-0.0239421204,
2.2445,-0.0329365432,
2.24475,-0.0191359781,
2.245,0.0041590785,
2.24525,-0.0032486396,
2.2455,0.0069926409,
2.24575,0.0058271615,
2.246,0.0085036540,
2.24625,0.0060654576,
2.2465,0.0043115094,
2.24675,-0.0031996882,
2.247,0.0104874671,
2.24725,0.0096971532,
2.2475,0.0062641138,
2.24775,0.0059461789,
2.248,0.0165085681,
2.24825,0.0053105243,
2.2485,-0.0082023144,
2.24875,-0.0097493213,
2.249,-0.0122200679,
2.24925,-0.0083541814,
2.2495,-0.0159270521,
2.24975,0.0002910868,
2.25,0.0080214869,
2.25025,0.0020101904,
2.2505,-0.0063348846,
2.25075,0.0133733731,
2.251,0.0225788355,
2.25125,0.0174779799,
2.2515,0.0114802085,
2.25175,0.0155320372,
2.252,0.0220165011,
2.25225,0.0091021713,
2.2525,0.0100341635,
2.25275,-0.0050814273,
2.253,0.0160137508,
2.25325,0.0218512136,
2.2535,0.0034543814,
2.25375,0.0103386780,
2.254,0.0287785456,
2.25425,0.0185503699,
2.2545,0.0032393462,
2.25475,0.0031574327,
2.255,0.0283899941,
2.25525,0.0240116175,
2.2555,0.0017660735,
2.25575,0.0197725948,
2.256,0.0205459353,
2.25625,0.0157961138,
2.2565,-0.0010662327,
2.25675,0.0054416005,
2.257,0.0085748071,
2.25725,0.0144407321,
2.2575,0.0108083915,
2.25775,0.0105128996,
2.258,0.0275770575,
2.25825,0.0064906180,
2.2585,0.0090831062,
2.25875,0.0146947354,
2.259,0.0141503159,
2.25925,0.0105474619,
2.2595,0.0040848451,
2.25975,0.0229598228,
2.26,0.0251161382,
2.26025,-0.0012725887,
2.2605,-0.0168785155,
2.26075,0.0032992009,
2.261,0.0105330255,
2.26125,0.0219874009,
2.2615,-0.0036718661,
2.26175,0.0138022713,
2.262,0.0053138095,
2.26225,0.0065728887,
2.2625,-0.0054880502,
2.26275,0.0226172991,
2.263,0.0169606321,
2.26325,0.0108496482,
2.2635,0.0096169338,
2.26375,0.0262409113,
2.264,0.0308852717,
2.26425,0.0200946219,
2.2645,0.0096435901,
2.26475,0.0255481973,
2.265,0.0264321938,
2.26525,0.0169678237,
2.2655,0.0034359398,
2.26575,0.0098467171,
2.266,0.0155232009,
2.26625,-0.0084597655,
2.2665,-0.0172080826,
2.26675,-0.0118972175,
2.267,0.0098069338,
2.26725,-0.0012862717,
2.2675,0.0068881102,
2.26775,0.0181537755,
2.268,0.0070935152,
2.26825,0.0021369874,
2.2685,0.0133267418,
2.26875,0.0063943216,
2.269,0.0102233514,
2.26925,0.0152830640,
2.2695,0.0040970147,
2.26975,0.0072510093,
2.27,-0.0043446543,
2.27025,-0.0012343907,
2.2705,0.0002524153,
2.27075,0.0085601648,
2.271,0.0006314379,
2.27125,-0.0002103812,
2.2715,-0.0173818916,
2.27175,-0.0002128204,
2.272,0.0027441019,
2.27225,0.0045300052,
2.2725,-0.0133581869,
2.27275,0.0076722582,
2.273,0.0082086381,
2.27325,-0.0052264994,
2.2735,0.0190072674,
2.27375,0.0119029842,
2.274,0.0139086992,
2.27425,0.0057209264,
2.2745,0.0063563725,
2.27475,0.0125733027,
2.275,0.0157703757,
2.27525,-0.0024432295,
2.2755,-0.0004958839,
2.27575,0.0152865099,
2.276,-0.0076750517,
2.27625,-0.0018922559,
2.2765,-0.0074893138,
2.27675,-0.0021957573,
2.277,-0.0176552534,
2.27725,-0.0371045172,
2.2775,0.0070997938,
2.27775,0.0047033806,
2.278,0.0067218002,
2.27825,-0.0066815014,
2.2785,0.0078416141,
2.27875,0.0039341161,
2.279,0.0088094994,
2.27925,0.0045045186,
2.2795,0.0005723057,
2.27975,-0.0025350389,
2.28,0.0113218753,
2.28025,0.0065793102,
2.2805,-0.0063909953,
2.28075,0.0124096479,
2.281,-0.0037954971,
2.28125,-0.0157995503,
2.2815,-0.0067090318,
2.28175,0.0128741860,
2.282,-0.0095553566,
2.28225,-0.0144563187,
2.2825,-0.0076605491,
2.28275,0.0160138216,
2.283,-0.0034210016,
2.28325,-0.0129181007,
2.2835,0.0165324211,
2.28375,-0.0044678855,
2.284,-0.0068782172,
2.28425,-0.0007129240,
2.2845,0.0146393217,
2.28475,-0.0014841900,
2.285,0.0089020524,
2.28525,-0.0071907132,
2.2855,0.0121185090,
2.28575,0.0105335610,
2.286,0.0093954382,
2.28625,-0.0051269811,
2.2865,-0.0047822087,
2.28675,-0.0035524825,
2.287,0.0045929309,
2.28725,-0.0223803371,
2.2875,0.0006124465,
2.28775,-0.0080676172,
2.288,-0.0291514602,
2.28825,0.0031817798,
2.2885,-0.0034145508,
2.28875,0.0081472741,
2.289,-0.0050540967,
2.28925,-0.0008898726,
2.2895,0.0063727801,
2.28975,0.0185759664,
2.29,0.0137579022,
2.29025,0.0092843836,
2.2905,0.0103494236,
2.29075,0.0138672264,
2.291,0.0057879793,
2.29125,0.0024333848,
2.2915,-0.0001211739,
2.29175,-0.0097939968,
2.292,-0.0176641699,
2.29225,-0.0177866761,
2.2925,0.0067990776,
2.29275,0.0038042024,
2.293,-0.0107926875,
2.29325,-0.0084338048,
2.2935,0.0024309533,
2.29375,0.0131954486,
2.294,0.0010799379,
2.29425,0.0010421168,
2.2945,0.0135333408,
2.29475,0.0277729556,
2.295,0.0010682418,
2.29525,0.0244136192,
2.2955,0.0279256999,
2.29575,0.0193312764,
2.296,-0.0023868794,
2.29625,0.0019806509,
2.2965,0.0200931989,
2.29675,0.0146971773,
2.297,-0.0016709168,
2.29725,-0.0033894940,
2.2975,0.0159293376,
2.29775,0.0094679520,
2.298,0.0077081094,
2.29825,-0.0086216722,
2.2985,0.0187194329,
2.29875,0.0103384806,
2.299,0.0167878345,
2.29925,0.0055873347,
2.2995,0.0235120356,
2.29975,-0.0107157212,
2.3,-0.0057123932,
2.30025,0.0296253432,
2.3005,0.0022659651,
2.30075,-0.0159836449,
2.301,-0.0160447415,
2.30125,0.0003942591,
2.3015,0.0166334640,
2.30175,0.0028917491,
2.302,-0.0021478049,
2.30225,0.0238801390,
2.3025,0.0036024780,
2.30275,0.0060966569,
2.303,0.0088119721,
2.30325,0.0105349142,
2.3035,0.0181802716,
2.30375,-0.0173735172,
2.304,-0.0164887756,
2.30425,0.0134316133,
2.3045,0.0276460573,
2.30475,0.0107238814,
2.305,0.0060952739,
2.30525,0.0155003332,
2.3055,0.0111860773,
2.30575,0.0047637671,
2.306,0.0081390170,
2.30625,0.0085302759,
2.3065,0.0062290560,
2.30675,-0.0003625994,
2.307,-0.0045935656,
2.30725,0.0090113729,
2.3075,0.0106564369,
2.30775,0.0160838701,
2.308,-0.0166644622,
2.30825,0.0164344516,
2.3085,0.0085186036,
2.30875,-0.0010391731,
2.309,-0.0102445725,
2.30925,0.0160593763,
2.3095,0.0118167903,
2.30975,0.0013905563,
2.31,0.0000120983,
2.31025,0.0033835417,
2.3105,0.0102187730,
2.31075,0.0087894993,
2.311,-0.0128148273,
2.31125,-0.0003127103,
2.3115,0.0012825559,
2.31175,-0.0126545560,
2.312,0.0065772962,
2.31225,-0.0107146446,
2.3125,0.0065277955,
2.31275,0.0062007327,
2.313,-0.0026170718,
2.31325,-0.0031372346,
2.3135,-0.0028134636,
2.31375,-0.0264893472,
2.314,-0.0137426425,
2.31425,0.0030795343,
2.3145,-0.0058540907,
2.31475,-0.0151436590,
2.315,-0.0041988441,
2.31525,0.0019373940,
2.3155,-0.0096641025,
2.31575,-0.0147265960,
2.316,-0.0052393796,
2.31625,0.0120437723,
2.3165,0.0110788001,
2.31675,-0.0016584613,
2.317,0.0141892675,
2.31725,0.0139581738,
2.3175,0.0196515135,
2.31775,-0.0176710710,
2.318,0.0138151571,
2.31825,0.0014478178,
2.3185,0.0035014418,
2.31875,-0.0107531864,
2.319,-0.0093530314,
2.31925,-0.0119649433,
2.3195,-0.0102276485,
2.31975,-0.0193035454,
2.32,-0.0256871842,
2.32025,-0.0141336713,
2.3205,-0.0116961468,
2.32075,-0.0729859918,
2.321,-0.1577143371,
2.32125,-0.0927422941,
2.3215,-0.0766026825,
2.32175,-0.1622298062,
2.322,-0.0175360925,
2.32225,-0.0410211161,
2.3225,-0.0226211026,
2.32275,-0.0367368795,
2.323,-0.0829746649,
2.32325,-0.0130696213,
2.3235,-0.0131649319,
2.32375,-0.0239223279,
2.324,-0.0356710255,
2.32425,-0.0279426537,
2.3245,-0.0295015574,
2.32475,-0.0505413078,
2.325,-0.0088140732,
2.32525,-0.0397306904,
2.3255,-0.0323509015,
2.32575,-0.0315104499,
2.326,-0.0289130006,
2.32625,-0.0351578034,
2.3265,-0.0317515098,
2.32675,-0.0328452773,
2.327,-0.0103793060,
2.32725,0.0057589943,
2.3275,-0.0338343941,
2.32775,-0.0030364906,
2.328,-0.0085914461,
2.32825,-0.0068987836,
2.3285,-0.0095433164,
2.32875,0.0059188693,
2.329,0.0072087389,
2.32925,0.0127428509,
2.3295,-0.0129458075,
2.32975,-0.0129285073,
2.33,0.0036373055,
2.33025,-0.0186964329,
2.3305,-0.0245066695,
2.33075,-0.0374245010,
2.331,-0.0005674998,
2.33125,-0.0095699336,
2.3315,0.0177843198,
2.33175,0.0009684722,
2.332,0.0014156436,
2.33225,0.0133117922,
2.3325,-0.0023231823,
2.33275,-0.0141400518,
2.333,0.0026559711,
2.33325,-0.0034950813,
2.3335,-0.0056738569,
2.33375,-0.0024123655,
2.334,-0.0017486801,
2.33425,-0.0050176377,
2.3345,-0.0086769136,
2.33475,0.0054293410,
2.335,0.0052869697,
2.33525,-0.0025986417,
2.3355,-0.0011181900,
2.33575,0.0074110595,
2.336,0.0100902887,
2.33625,0.0156329740,
2.3365,-0.0117665567,
2.33675,0.0072452174,
2.337,0.0120824780,
2.33725,-0.0146944746,
2.3375,-0.0010085488,
2.33775,0.0120850243,
2.338,0.0198515765,
2.33825,0.0070750616,
2.3385,0.0006630812,
2.33875,0.0120704547,
2.339,0.0172563475,
2.33925,0.0179277007,
2.3395,0.0052362750,
2.33975,0.0160593037,
2.34,0.0076194359,
2.34025,0.0102403332,
2.3405,-0.0163161810,
2.34075,0.0121628474,
2.341,-0.0042094840,
2.34125,-0.0269891229,
2.3415,-0.0094614225,
2.34175,-0.0102530438,
2.342,-0.0023570429,
2.34225,-0.0367887579,
2.3425,-0.0145422257,
2.34275,-0.0185442213,
2.343,-0.0052137757,
2.34325,-0.0310010016,
2.3435,-0.0113594159,
2.34375,0.0022003239,
2.344,-0.0125289252,
2.34425,0.0145857306,
2.3445,0.0142764486,
2.34475,0.0071374741,
2.345,-0.0059398827,
2.34525,0.0067389426,
2.3455,-0.0219686124,
2.34575,-0.0035313203,
2.346,-0.0421332344,
2.34625,-0.0753056109,
2.3465,-0.0021467609,
2.34675,0.0082785590,
2.347,0.0254150573,
2.34725,0.0005738278,
2.3475,0.0053054369,
2.34775,-0.0072761122,
2.348,0.0106474701,
2.34825,0.0010006224,
2.3485,-0.0151525214,
2.34875,0.0227890071,
2.349,0.0202118624,
2.34925,-0.0046831341,
2.3495,0.0114128105,
2.34975,0.0138155837,
2.35,0.0171824396,
2.35025,-0.0080069192,
2.3505,0.0031364092,
2.35075,0.0150137478,
2.351,0.0182261597,
2.35125,0.0133935660,
2.3515,0.0081361439,
2.35175,0.0102460440,
2.352,-0.0100988243,
2.35225,-0.0088237543,
2.3525,0.0174433719,
2.35275,0.0162664820,
2.353,-0.0045527513,
2.35325,0.0102291908,
2.3535,0.0180649925,
2.35375,0.0124407010,
2.354,0.0160571076,
2.35425,0.0190009233,
2.3545,-0.0023664208,
2.35475,0.0021794674,
2.355,0.0154595366,
2.35525,0.0059414990,
2.3555,0.0024701268,
2.35575,0.0181266498,
2.356,-0.0066706520,
2.35625,-0.0019514096,
2.3565,0.0133615499,
2.35675,0.0065294970,
2.357,0.0024956407,
2.35725,-0.0350349769,
2.3575,-0.0160943326,
2.35775,0.0120414654,
2.358,0.0118357241,
2.35825,-0.0269954540,
2.3585,-0.0076414947,
2.35875,0.0071440078,
2.359,-0.0027513290,
2.35925,-0.0048676920,
2.3595,0.0037998762,
2.35975,0.0227406342,
2.36,-0.0111786099,
2.36025,0.0148467291,
2.3605,0.0237933453,
2.36075,0.0290809236,
2.361,-0.0064380704,
2.36125,-0.0061117676,
2.3615,0.0134673733,
2.36175,0.0186563879,
2.362,-0.0000870659,
2.36225,-0.0020595177,
2.3625,0.0006665668,
2.36275,-0.0125332456,
2.363,-0.0086569032,
2.36325,-0.0264879670,
2.3635,-0.0066515203,
2.36375,0.0175371803,
2.364,-0.0008156318,
2.36425,-0.0074525708,
2.3645,0.0091680223,
2.36475,0.0100393230,
2.365,0.0018068358,
2.36525,0.0102238413,
2.3655,-0.0457009152,
2.36575,-0.0201054029,
2.366,-0.0032761719,
2.36625,0.0129762534,
2.3665,0.0127288047,
2.36675,0.0023078774,
2.367,-0.0113082994,
2.36725,-0.0057548853,
2.3675,0.0159268286,
2.36775,-0.0441077761,
2.368,-0.0383334532,
2.36825,0.0030858850,
2.3685,0.0038786258,
2.36875,0.0118511133,
2.369,-0.0028236632,
2.36925,0.0018195612,
2.3695,-0.0061517279,
2.36975,0.0098407622,
2.37,-0.0014993264,
2.37025,0.0082787648,
2.3705,0.0255534779,
2.37075,0.0119075412,
2.371,0.0031039538,
2.37125,0.0143314078,
2.3715,0.0390154645,
2.37175,0.0074824523,
2.372,-0.0256034080,
2.37225,0.0159285627,
2.3725,0.0050641974,
2.37275,0.0066738259,
2.373,0.0229661521,
2.37325,0.0005116793,
2.3735,-0.0124536585,
2.37375,-0.0010498823,
2.374,-0.0286549032,
2.37425,0.0090884492,
2.3745,0.0130742975,
2.37475,0.0030361596,
2.375,0.0159769189,
2.37525,0.0114978468,
2.3755,0.0287418067,
2.37575,0.0272148550,
2.376,0.0150899589,
2.37625,0.0003125432,
2.3765,0.0140891448,
2.37675,0.0074392329,
2.377,0.0065650814,
2.37725,0.0067118597,
2.3775,0.0239171851,
2.37775,-0.0056618089,
2.378,-0.0327813961,
2.37825,0.0027322350,
2.3785,-0.0014916471,
2.37875,-0.0309610721,
2.379,-0.0241223909,
2.37925,0.0033281955,
2.3795,0.0237722360,
2.37975,0.0077692783,
2.38,0.0042457171,
2.38025,0.0112109706,
2.3805,0.0135553237,
2.38075,0.0177099966,
2.381,0.0258039385,
2.38125,0.0210693628,
2.3815,0.0190056153,
2.38175,0.0230249725,
2.382,0.0101133659,
2.38225,0.0117805833,
2.3825,0.0174278878,
2.38275,0.0195037276,
2.383,0.0047370899,
2.38325,0.0275897328,
2.3835,0.0210926719,
2.38375,0.0154881226,
2.384,0.0064388621,
2.38425,0.0207751822,
2.3845,0.0203504115,
2.38475,0.0202558897,
2.385,0.0147870453,
2.38525,0.0246026553,
2.3855,0.0134258615,
2.38575,0.0097991005,
2.386,0.0019776619,
2.38625,0.0088433009,
2.3865,0.0173120685,
2.38675,0.0095074549,
2.387,0.0078482144,
2.38725,0.0258899573,
2.3875,0.0110076107,
2.38775,0.0201064646,
2.388,0.0264947675,
2.38825,0.0251933727,
2.3885,0.0075348304,
2.38875,-0.0022404310,
2.389,-0.0020647575,
2.38925,-0.0016832072,
2.3895,0.0023878403,
2.38975,-0.0091023929,
2.39,0.0034595095,
2.39025,0.0071550123,
2.3905,0.0213849321,
2.39075,-0.0061071804,
2.391,0.0031057596,
2.39125,0.0108486963,
2.3915,0.0052437223,
2.39175,0.0132593708,
2.392,0.0122743882,
2.39225,0.0233578570,
2.3925,0.0122306161,
2.39275,0.0073482790,
2.393,-0.0121048931,
2.39325,0.0288908090,
2.3935,0.0074641262,
2.39375,-0.0106496979,
2.394,-0.0032321764,
2.39425,0.0213605836,
2.3945,0.0021797384,
2.39475,0.0017428102,
2.395,0.0009992359,
2.39525,-0.0069953715,
2.3955,-0.0109513644,
2.39575,-0.0061425734,
2.396,0.0025997283,
2.39625,0.0132023068,
2.3965,0.0050113676,
2.39675,0.0129721211,
2.397,-0.0046862368,
2.39725,0.0071418472,
2.3975,0.0204590876,
2.39775,0.0020307538,
2.398,-0.0075063389,
2.39825,0.0037119486,
2.3985,0.0139484331,
2.39875,-0.0002376347,
2.399,-0.0005785958,
2.39925,0.0050636232,
2.3995,-0.0296359807,
2.39975,-0.0132864732,
2.4,-0.0165937729,
2.40025,-0.0040241121,
2.4005,-0.0121951196,
2.40075,-0.0103058480,
2.401,0.0039881044,
2.40125,0.0259203613,
2.4015,-0.0094618471,
2.40175,-0.0123024089,
2.402,0.0056043928,
2.40225,0.0017906934,
2.4025,-0.0068436479,
2.40275,0.0088460194,
2.403,0.0163254999,
2.40325,0.0035526359,
2.4035,0.0119673740,
2.40375,0.0045838295,
2.404,0.0137131577,
2.40425,0.0101962024,
2.4045,0.0081988107,
2.40475,0.0081235478,
2.405,0.0042033494,
2.40525,0.0144358343,
2.4055,0.0045276186,
2.40575,-0.0035890809,
2.406,-0.0034159380,
2.40625,0.0147145484,
2.4065,-0.0090969745,
2.40675,0.0019183292,
2.407,-0.0045859329,
2.40725,-0.0080248881,
2.4075,0.0047837030,
2.40775,-0.0081837261,
2.408,0.0096870651,
2.40825,0.0097321542,
2.4085,-0.0093361409,
2.40875,0.0058597671,
2.409,0.0065880697,
2.40925,-0.0029230989,
2.4095,-0.0014059260,
2.40975,0.0177056976,
2.41,0.0032641352,
2.41025,-0.0225630980,
2.4105,-0.0499902628,
2.41075,-0.0005332172,
2.411,-0.0065733083,
2.41125,-0.0213871915,
2.4115,-0.0283766277,
2.41175,-0.0014883471,
2.412,0.0069898451,
2.41225,0.0060558501,
2.4125,-0.0027892897,
2.41275,0.0114586866,
2.413,0.0186452121,
2.41325,0.0015496352,
2.4135,0.0032582316,
2.41375,0.0133542763,
2.414,0.0051367804,
2.41425,0.0098502366,
2.4145,0.0119997412,
2.41475,0.0227348953,
2.415,0.0166995116,
2.41525,0.0228847526,
2.4155,0.0034928133,
2.41575,-0.0109473383,
2.416,0.0129636759,
2.41625,-0.0105089610,
2.4165,0.0092832316,
2.41675,-0.0098834885,
2.417,0.0114808986,
2.41725,-0.0195429642,
2.4175,-0.0166302994,
2.41775,-0.0116800945,
2.418,-0.0110986941,
2.41825,0.0020550706,
2.4185,0.0087833414,
2.41875,0.0199567601,
2.419,0.0266346782,
2.41925,0.0096801603,
2.4195,0.0073237196,
2.41975,0.0261373464,
2.42,0.0099948188,
2.42025,0.0057997052,
2.4205,-0.0086657936,
2.42075,-0.0007869689,
2.421,-0.0182653610,
2.42125,-0.0044824341,
2.4215,-0.0090472586,
2.42175,0.0030792656,
2.422,0.0026916619,
2.42225,-0.0131808957,
2.4225,0.0088526970,
2.42275,0.0200619251,
2.423,0.0164778288,
2.42325,0.0169275794,
2.4235,0.0039129118,
2.42375,0.0092820106,
2.424,0.0167198312,
2.42425,0.0015140648,
2.4245,0.0014794477,
2.42475,0.0224352833,
2.425,0.0042404924,
2.42525,-0.0058114319,
2.4255,0.0008471473,
2.42575,0.0294024274,
2.426,-0.0079234205,
2.42625,0.0174883828,
2.4265,-0.0189741105,
2.42675,-0.0061918097,
2.427,0.0033181026,
2.42725,0.0071093142,
2.4275,-0.0096223587,
2.42775,0.0172374137,
2.428,-0.0229288246,
2.42825,-0.0153111899,
2.4285,0.0008912042,
2.42875,0.0069851419,
2.429,0.0128610525,
2.42925,0.0083360858,
2.4295,0.0003396899,
2.42975,0.0160603952,
2.43,0.0269462541,
2.43025,0.0021358910,
2.4305,0.0143186739,
2.43075,0.0193704572,
2.431,0.0129105523,
2.43125,-0.0029752052,
2.4315,0.0049398597,
2.43175,0.0035846655,
2.432,-0.0331671089,
2.43225,-0.0319186673,
2.4325,-0.0054311920,
2.43275,-0.0062128711,
2.433,-0.0073963888,
2.43325,-0.0089206137,
2.4335,0.0049320231,
2.43375,0.0054403925,
2.434,-0.0025071355,
2.43425,-0.0296295583,
2.4345,0.0039283535,
2.43475,0.0004648257,
2.435,-0.0059624184,
2.43525,-0.0013945114,
2.4355,0.0107196830,
2.43575,-0.0037517231,
2.436,-0.0002203334,
2.43625,-0.0091689043,
2.4365,-0.0017928890,
2.43675,0.0121071199,
2.437,0.0064574843,
2.43725,-0.0115303090,
2.4375,-0.0044868728,
2.43775,0.0153462943,
2.438,-0.0096547594,
2.43825,-0.0237926282,
2.4385,-0.0001347337,
2.43875,0.0034393431,
2.439,-0.0241602231,
2.43925,-0.0129443929,
2.4395,0.0064386642,
2.43975,0.0022010100,
2.44,-0.0113598527,
2.44025,-0.0122303721,
2.4405,-0.0026602936,
2.44075,-0.0094907749,
2.441,-0.0298845042,
2.44125,0.0013442638,
2.4415,0.0031291880,
2.44175,-0.0172794238,
2.442,-0.0078805136,
2.44225,-0.0282460898,
2.4425,-0.0235067643,
2.44275,-0.0216292292,
2.443,-0.0472093411,
2.44325,-0.0165483337,
2.4435,-0.0114622144,
2.44375,-0.0046396321,
2.444,-0.0126787694,
2.44425,-0.0079239244,
2.4445,0.0068520918,
2.44475,0.0003066018,
2.445,0.0033272146,
2.44525,0.0028514611,
2.4455,-0.0057225451,
2.44575,0.0066299979,
2.446,-0.0186947249,
2.44625,-0.0056684385,
2.4465,0.0118345860,
2.44675,0.0048464769,
2.447,-0.0161998104,
2.44725,0.0037046880,
2.4475,0.0096131787,
2.44775,-0.0249812454,
2.448,-0.0015414502,
2.44825,-0.0014466178,
2.4485,0.0045748996,
2.44875,-0.0088980626,
2.449,-0.0030789489,
2.44925,-0.0182352103,
2.4495,0.0051569836,
2.44975,-0.0023711685,
2.45,-0.0092154508,
2.45025,-0.0007618669,
2.4505,0.0113879591,
2.45075,-0.0065432861,
2.451,-0.0092952903,
2.45125,-0.0126805268,
2.4515,0.0004170984,
2.45175,-0.0074391542,
2.452,-0.0108814873,
2.45225,-0.0029745791,
2.4525,-0.0214887857,
2.45275,-0.0141737796,
2.453,-0.0028478755,
2.45325,-0.0007470287,
2.4535,0.0033729230,
2.45375,-0.0052182837,
2.454,-0.0132755507,
2.45425,-0.0166577920,
2.4545,-0.0074209389,
2.45475,-0.0356598347,
2.455,-0.0105567407,
2.45525,0.0016686593,
2.4555,0.0004679019,
2.45575,-0.0105321128,
2.456,0.0037264314,
2.45625,0.0100964196,
2.4565,-0.0136580430,
2.45675,0.0023689519,
2.457,0.0140255578,
2.45725,0.0198851731,
2.4575,0.0251984522,
2.45775,0.0120720034,
2.458,0.0047372710,
2.45825,0.0190563370,
2.4585,-0.0054376475,
2.45875,-0.0020450931,
2.459,0.0032379196,
2.45925,0.0095366798,
2.4595,0.0115087964,
2.45975,0.0032750932,
2.46,-0.0021753979,
2.46025,0.0017782148,
2.4605,-0.0027606755,
2.46075,-0.0174638312,
2.461,-0.0018644121,
2.46125,0.0077191079,
2.4615,0.0188648049,
2.46175,0.0147213247,
2.462,0.0100944974,
2.46225,0.0292635411,
2.4625,0.0303085987,
2.46275,0.0083450004,
2.463,0.0311562344,
2.46325,0.0179824401,
2.4635,0.0161887296,
2.46375,-0.0070433831,
2.464,0.0037406227,
2.46425,0.0088758357,
2.4645,-0.0016451477,
2.46475,-0.0107089160,
2.465,0.0068423734,
2.46525,-0.0098887756,
2.4655,-0.0183246750,
2.46575,-0.0133999335,
2.466,0.0157008097,
2.46625,0.0138725061,
2.4665,0.0260419957,
2.46675,0.0100087300,
2.467,0.0232464466,
2.46725,0.0265051685,
2.4675,0.0225928202,
2.46775,-0.0101879593,
2.468,0.0367644839,
2.46825,0.0046836301,
2.4685,0.0129093612,
2.46875,-0.0162132811,
2.469,0.0062166629,
2.46925,0.0096707726,
2.4695,-0.0059674778,
2.46975,-0.0269214772,
2.47,-0.0121712983,
2.47025,-0.0072152703,
2.4705,-0.0039670779,
2.47075,-0.0123195592,
2.471,-0.0142703401,
2.47125,0.0403772704,
2.4715,-0.0844798386,
2.47175,-0.0018526954,
2.472,0.0124418437,
2.47225,0.0463075005,
2.4725,-0.0226564594,
2.47275,-0.0085223010,
2.473,0.0128346663,
2.47325,0.0213304721,
2.4735,0.0115209166,
2.47375,0.0127683254,
2.474,0.0214716885,
2.47425,-0.0166503470,
2.4745,-0.0097309407,
2.47475,-0.0048124962,
2.475,0.0213751644,
2.47525,0.0044177468,
2.4755,-0.0074802097,
2.47575,-0.0074006300,
2.476,0.0150538329,
2.47625,0.0170752387,
2.4765,-0.0072274334,
2.47675,0.0037455494,
2.477,0.0093104262,
2.47725,0.0088656377,
2.4775,0.0125790751,
2.47775,0.0157412700,
2.478,0.0126698622,
2.47825,0.0143859722,
2.4785,-0.0027086032,
2.47875,0.0067482195,
2.479,0.0061603850,
2.47925,0.0035482480,
2.4795,-0.0031133974,
2.47975,0.0042357384,
2.48,0.0140747298,
2.48025,0.0202001631,
2.4805,0.0070937732,
2.48075,-0.0195097383,
2.481,0.0000527573,
2.48125,0.0086124465,
2.4815,-0.0043776538,
2.48175,0.0048365691,
2.482,0.0149123510,
2.48225,0.0002891165,
2.4825,0.0036044070,
2.48275,0.0133623043,
2.483,0.0021960349,
2.48325,-0.0001695054,
2.4835,0.0089689307,
2.48375,-0.0029039560,
2.484,0.0035904103,
2.48425,0.0050483523,
2.4845,0.0090356991,
2.48475,0.0065927235,
2.485,0.0002522141,
2.48525,0.0086605735,
2.4855,0.0001288416,
2.48575,-0.0013097127,
2.486,0.0038134428,
2.48625,-0.0057666898,
2.4865,-0.0199402310,
2.48675,-0.0022124525,
2.487,-0.0038175927,
2.48725,0.0048781955,
2.4875,-0.0126966601,
2.48775,-0.0099393837,
2.488,-0.0082622580,
2.48825,-0.0005190420,
2.4885,-0.0129880644,
2.48875,0.0071743540,
2.489,0.0081324801,
2.48925,-0.0047257366,
2.4895,-0.0042643994,
2.48975,0.0058975974,
2.49,0.0199108906,
2.49025,0.0103479587,
2.4905,-0.0159766562,
2.49075,-0.0042419257,
2.491,-0.0132714668,
2.49125,-0.0074470444,
2.4915,-0.0034171785,
2.49175,0.0026681905,
2.492,-0.0052379048,
2.49225,-0.0013566180,
2.4925,-0.0074066017,
2.49275,0.0041056010,
2.493,-0.0131382290,
2.49325,-0.0045643784,
2.4935,0.0080374600,
2.49375,-0.0074361083,
2.494,0.0189704094,
2.49425,0.0196356159,
2.4945,-0.0009977991,
2.49475,0.0066688661,
2.495,0.0218268782,
2.49525,0.0073105600,
2.4955,0.0030627891,
2.49575,0.0159874577,
2.496,0.0000823905,
2.49625,-0.0224576704,
2.4965,-0.0310324151,
2.49675,-0.0073529519,
2.497,-0.0222664811,
2.49725,-0.0252791587,
2.4975,-0.0081296060,
2.49775,0.0036679995,
2.498,0.0071366462,
2.49825,-0.0105116572,
2.4985,-0.0124761099,
2.49875,0.0133557850,
2.499,0.0121226106,
2.49925,0.0125774564,
2.4995,0.0117039531,
2.49975,0.0068144309,
2.5,0.0056909053,
2.50025,-0.0134841930,
2.5005,0.0024872017,
2.50075,0.0073737381,
2.501,0.0089994064,
2.50125,-0.0005850085,
2.5015,-0.0012198156,
2.50175,-0.0039255600,
2.502,0.0165077597,
2.50225,-0.0017926560,
2.5025,-0.0127968797,
2.50275,-0.0012096253,
2.503,0.0033590179,
2.50325,-0.0107105896,
2.5035,-0.0094674975,
2.50375,0.0236907620,
2.504,0.0128587279,
2.50425,-0.0095243901,
2.5045,-0.0007600632,
2.50475,0.0122789983,
2.505,0.0002333276,
2.50525,-0.0042978721,
2.5055,0.0082151936,
2.50575,0.0035556452,
2.506,0.0016899300,
2.50625,0.0181879494,
2.5065,0.0133153033,
2.50675,0.0053654965,
2.507,0.0049913139,
2.50725,-0.0047899727,
2.5075,-0.0014270284,
2.50775,0.0055651423,
2.508,-0.0028164824,
2.50825,0.0034544538,
2.5085,0.0049543097,
2.50875,0.0177892111,
2.509,0.0112954853,
2.50925,0.0029642207,
2.5095,0.0011741235,
2.50975,0.0173428878,
2.51,-0.0027248866,
2.51025,0.0123044923,
2.5105,0.0133572873,
2.51075,0.0220558643,
2.511,0.0092437752,
2.51125,0.0098317293,
2.5115,0.0167101175,
2.51175,0.0319974422,
2.512,0.0056089456,
2.51225,0.0094503276,
2.5125,0.0078586759,
2.51275,0.0244151074,
2.513,-0.0037520833,
2.51325,-0.0068696393,
2.5135,-0.0099664638,
2.51375,0.0058571855,
2.514,-0.0074981055,
2.51425,0.0032924651,
2.5145,0.0191275589,
2.51475,0.0070752040,
2.515,0.0188824497,
2.51525,0.0212440249,
2.5155,0.0042357976,
2.51575,0.0206129476,
2.516,0.0185941234,
2.51625,0.0008608748,
2.5165,-0.0046945368,
2.51675,0.0206661150,
2.517,0.0020901528,
2.51725,-0.0043784971,
2.5175,0.0037463836,
2.51775,0.0071970820,
2.518,-0.0173111521,
2.51825,-0.0088917976,
2.5185,0.0043299599,
2.51875,-0.0091921603,
2.519,-0.0172600131,
2.51925,0.0002439893,
2.5195,0.0044813943,
2.51975,0.0038799988,
2.52,-0.0024597864,
2.52025,-0.0004211545,
2.5205,0.0143371727,
2.52075,0.0192892347,
2.521,0.0135363266,
2.52125,0.0089149913,
2.5215,0.0172858275,
2.52175,0.0109929023,
2.522,-0.0009530783,
2.52225,0.0052310107,
2.5225,0.0167614594,
2.52275,0.0061081238,
2.523,-0.0051507824,
2.52325,-0.0044427421,
2.5235,-0.0163863301,
2.52375,-0.0097676311,
2.524,-0.0135103054,
2.52425,-0.0200484209,
2.5245,0.0058226511,
2.52475,0.0154910805,
2.525,-0.0176578443,
2.52525,0.0074019120,
2.5255,0.0135736763,
2.52575,0.0128231253,
2.526,-0.0137809273,
2.52625,-0.0114324596,
2.5265,-0.0255486257,
2.52675,0.0080861254,
2.527,-0.0083259782,
2.52725,0.0030769536,
2.5275,0.0055827862,
2.52775,0.0029451901,
2.528,0.0011747971,
2.52825,-0.0073296251,
2.5285,0.0127954362,
2.52875,-0.0129763801,
2.529,-0.0309289899,
2.52925,-0.0246745199,
2.5295,-0.0320951268,
2.52975,-0.0040001199,
2.53,-0.0248272046,
2.53025,-0.0095207142,
2.5305,0.0016887957,
2.53075,-0.0052832589,
2.531,-0.0105686961,
2.53125,0.0204063915,
2.5315,-0.0298335236,
2.53175,-0.0323177502,
2.532,-0.0394341424,
2.53225,-0.0299669448,
2.5325,0.0191972498,
2.53275,-0.0761974528,
2.533,-0.0650426298,
2.53325,-0.0086528799,
2.5335,-0.0210109390,
2.53375,-0.0263852179,
2.534,-0.0306090061,
2.53425,-0.0173599701,
2.5345,-0.0183424149,
2.53475,-0.0254686177,
2.535,-0.0206948705,
2.53525,-0.0433686972,
2.5355,0.0154210813,
2.53575,-0.0469250567,
2.536,-0.0240275078,
2.53625,-0.0009112419,
2.5365,0.0096617183,
2.53675,-0.0148782134,
2.537,-0.0228975918,
2.53725,-0.0632564276,
2.5375,-0.0090908734,
2.53775,-0.0232922323,
2.538,-0.0052192160,
2.53825,-0.0150751472,
2.5385,-0.0287536606,
2.53875,-0.0127609903,
2.539,-0.0169362444,
2.53925,-0.0019074036,
2.5395,-0.0367565006,
2.53975,-0.0203186106,
2.54,-0.0245787557,
2.54025,-0.0103493501,
2.5405,-0.0023403370,
2.54075,-0.0303840805,
2.541,-0.0124752019,
2.54125,-0.0077770669,
2.5415,-0.0005036216,
2.54175,-0.0168059133,
2.542,-0.0020917556,
2.54225,0.0129493140,
2.5425,0.0004689465,
2.54275,0.0078300284,
2.543,0.0041610915,
2.54325,0.0182298608,
2.5435,0.0016257080,
2.54375,0.0005520410,
2.544,-0.0089103803,
2.54425,0.0165836718,
2.5445,0.0068805157,
2.54475,-0.0066751475,
2.545,-0.0273021329,
2.54525,-0.0033687891,
2.5455,-0.0233865343,
2.54575,-0.0348659344,
2.546,-0.0077216849,
2.54625,0.0180760846,
2.5465,-0.0247672219,
2.54675,-0.0308708996,
2.547,-0.0078930464,
2.54725,-0.0037565557,
2.5475,-0.0002124113,
2.54775,-0.0027596410,
2.548,-0.0302078966,
2.54825,-0.0052461890,
2.5485,-0.0000489702,
2.54875,-0.0064636027,
2.549,0.0010718657,
2.54925,-0.0050120992,
2.5495,-0.0224032085,
2.54975,-0.0104202190,
2.55,-0.0020496477,
2.55025,0.0053646080,
2.5505,-0.0406266972,
2.55075,-0.0376317613,
2.551,0.0138790729,
2.55125,0.0140797775,
2.5515,0.0051645380,
2.55175,-0.0046859086,
2.552,0.0031710009,
2.55225,0.0186015703,
2.5525,-0.0000851434,
2.55275,0.0056767645,
2.553,0.0174973309,
2.55325,0.0078949546,
2.5535,0.0296922568,
2.55375,-0.0226451103,
2.554,0.0239392854,
2.55425,0.0147946402,
2.5545,0.0176015422,
2.55475,0.0025106443,
2.555,0.0141962152,
2.55525,0.0325032659,
2.5555,0.0105729410,
2.55575,-0.0011087026,
2.556,0.0235723034,
2.55625,0.0120722363,
2.5565,-0.0077318498,
2.55675,0.0300634801,
2.557,0.0239288267,
2.55725,0.0129054068,
2.5575,0.0083397506,
2.55775,0.0121235810,
2.558,0.0135867679,
2.55825,0.0212161317,
2.5585,0.0129577713,
2.55875,0.0057260185,
2.559,0.0124297831,
2.55925,0.0143971052,
2.5595,0.0057633319,
2.55975,0.0051584505,
2.56,0.0164710544,
2.56025,0.0191504005,
2.5605,0.0144793894,
2.56075,0.0225398652,
2.561,0.0229220558,
2.56125,0.0030569439,
2.5615,-0.0150654707,
2.56175,-0.0033259909,
2.562,0.0077285254,
2.56225,0.0208905358,
2.5625,-0.0026489082,
2.56275,0.0062366733,
2.563,0.0162160825,
2.56325,0.0057331212,
2.5635,-0.0070338203,
2.56375,0.0311813056,
2.564,0.0230037235,
2.56425,0.0189662799,
2.5645,0.0219910704,
2.56475,0.0337778181,
2.565,0.0310918018,
2.56525,0.0242867414,
2.5655,0.0124199325,
2.56575,0.0041974927,
2.566,0.0210352093,
2.56625,0.0008331775,
2.5665,0.0061811688,
2.56675,-0.0027948646,
2.567,0.0032871540,
2.56725,-0.0018233920,
2.5675,-0.0013865095,
2.56775,0.0076745478,
2.568,0.0102326162,
2.56825,0.0257720966,
2.5685,0.0017703009,
2.56875,0.0173369870,
2.569,0.0189445503,
2.56925,0.0124718677,
2.5695,0.0106252823,
2.56975,-0.0092668179,
2.57,0.0015107874,
2.57025,-0.0014816488,
2.5705,0.0088861100,
2.57075,0.0156155080,
2.571,0.0045715729,
2.57125,0.0047641639,
2.5715,0.0005504271,
2.57175,0.0117846187,
2.572,0.0085326536,
2.57225,-0.0126122124,
2.5725,-0.0047089770,
2.57275,-0.0218837727,
2.573,0.0098872408,
2.57325,-0.0009662056,
2.5735,-0.0063521201,
2.57375,-0.0003635785,
2.574,0.0058611222,
2.57425,-0.0180579703,
2.5745,0.0024275759,
2.57475,0.0115445862,
2.575,-0.0044021485,
2.57525,0.0020854976,
2.5755,-0.0116831418,
2.57575,0.0158031806,
2.576,0.0155109800,
2.57625,0.0097631458,
2.5765,-0.0072409483,
2.57675,0.0139270863,
2.577,-0.0173848774,
2.57725,-0.0226441287,
2.5775,-0.0505530797,
2.57775,-0.0122414678,
2.578,-0.0073540807,
2.57825,-0.0146966819,
2.5785,-0.0048480802,
2.57875,0.0262613799,
2.579,-0.0061100312,
2.57925,-0.0151907504,
2.5795,0.0005943081,
2.57975,-0.0030122197,
2.58,0.0071735410,
2.58025,0.0121311620,
2.5805,0.0041808290,
2.58075,0.0220682956,
2.581,0.0169928484,
2.58125,-0.0128747160,
2.5815,-0.0009810632,
2.58175,-0.0090800673,
2.582,-0.0296477508,
2.58225,-0.0045264908,
2.5825,-0.0461026095,
2.58275,0.0255612507,
2.583,-0.0320775472,
2.58325,-0.0265172105,
2.5835,-0.0331484750,
2.58375,0.0119073521,
2.584,-0.0174545795,
2.58425,-0.0292605236,
2.5845,-0.0026230447,
2.58475,0.0183828473,
2.585,-0.0024534441,
2.58525,-0.0112592848,
2.5855,0.0298128799,
2.58575,0.0111322496,
2.586,0.0119284829,
2.58625,-0.0206551608,
2.5865,0.0133998189,
2.58675,0.0063455747,
2.587,-0.0021185025,
2.58725,-0.0054116193,
2.5875,0.0083420472,
2.58775,-0.0128615946,
2.588,0.0030691200,
2.58825,-0.0297604967,
2.5885,0.0030920247,
2.58875,0.0069495891,
2.589,-0.0061948607,
2.58925,0.0051163840,
2.5895,0.0024772319,
2.58975,0.0137158586,
2.59,0.0136872940,
2.59025,0.0053321873,
2.5905,-0.0014057896,
2.59075,0.0173043441,
2.591,-0.0043473365,
2.59125,-0.0029556435,
2.5915,0.0163983461,
2.59175,0.0134878382,
2.592,0.0000351270,
2.59225,0.0023897269,
2.5925,-0.0011334540,
2.59275,0.0111404620,
2.593,0.0040590973,
2.59325,-0.0127339503,
2.5935,-0.0009209035,
2.59375,-0.0031989994,
2.594,-0.0161741506,
2.59425,-0.0039111073,
2.5945,0.0028249612,
2.59475,-0.0035973454,
2.595,0.0091010500,
2.59525,0.0015253797,
2.5955,0.0053243861,
2.59575,0.0167050809,
2.596,0.0110486969,
2.59625,0.0200473536,
2.5965,0.0133645907,
2.59675,0.0145820612,
2.597,0.0004365419,
2.59725,0.0163367521,
2.5975,0.0311817117,
2.59775,0.0211357363,
2.598,0.0010750389,
2.59825,0.0006964162,
2.5985,0.0031926169,
2.59875,0.0085778320,
2.599,0.0072582480,
2.59925,-0.0212737825,
2.5995,0.0186254978,
2.59975,0.0040128748,
2.6,-0.0157502219,
2.60025,0.0071109296,
2.6005,0.0163515452,
2.60075,0.0050641922,
2.601,0.0154976752,
2.60125,0.0124330362,
2.6015,0.0252691247,
2.60175,0.0258006547,
2.602,0.0012515693,
2.60225,0.0170648675,
2.6025,0.0087184934,
2.60275,-0.0009175746,
2.603,0.0096426401,
2.60325,0.0097170146,
2.6035,0.0165906958,
2.60375,0.0116583873,
2.604,-0.0131107783,
2.60425,0.0013204028,
2.6045,0.0068395888,
2.60475,-0.0427905880,
2.605,-0.0118008992,
2.60525,0.0142545300,
2.6055,0.0240743551,
2.60575,-0.0091477409,
2.606,-0.0204274878,
2.60625,0.0055726711,
2.6065,0.0177948438,
2.60675,0.0010265772,
2.607,0.0091712326,
2.60725,0.0115795564,
2.6075,0.0148647465,
2.60775,0.0155232335,
2.608,-0.0050787092,
2.60825,0.0210762173,
2.6085,0.0205642562,
2.60875,0.0061799893,
2.609,-0.0016350724,
2.60925,0.0240183827,
2.6095,0.0100703761,
2.60975,0.0036902365,
2.61,-0.0018329201,
2.61025,0.0116388649,
2.6105,-0.0260384306,
2.61075,-0.0117463013,
2.611,-0.0126477508,
2.61125,0.0007614315,
2.6115,0.0136674857,
2.61175,0.0126835145,
2.612,0.0051315818,
2.61225,0.0148438942,
2.6125,0.0183356162,
2.61275,0.0120194862,
2.613,-0.0048480784,
2.61325,0.0108132903,
2.6135,0.0154468436,
2.61375,0.0013645634,
2.614,0.0012527796,
2.61425,0.0002003441,
2.6145,-0.0077238353,
2.61475,-0.0121573033,
2.615,-0.0321731269,
2.61525,-0.0007001597,
2.6155,0.0004989861,
2.61575,-0.0111070508,
2.616,0.0047530970,
2.61625,0.0151793156,
2.6165,0.0139103727,
2.61675,0.0004296875,
2.617,0.0030527611,
2.61725,0.0243606120,
2.6175,0.0031026548,
2.61775,0.0008201486,
2.618,0.0163151771,
2.61825,0.0059788702,
2.6185,0.0024129692,
2.61875,-0.0100487517,
2.619,-0.0069725798,
2.61925,0.0070281494,
2.6195,0.0141526749,
2.61975,-0.0169579387,
2.62,-0.0042441911,
2.62025,-0.0009445515,
2.6205,-0.0020023631,
2.62075,0.0010407448,
2.621,-0.0089150313,
2.62125,-0.0041958801,
2.6215,-0.0102633741,
2.62175,0.0019166387,
2.622,0.0018822397,
2.62225,0.0128817819,
2.6225,0.0094691347,
2.62275,-0.0117482748,
2.623,-0.0030534463,
2.62325,-0.0042311824,
2.6235,0.0007310715,
2.62375,-0.0075178430,
2.624,-0.0022350936,
2.62425,0.0050360691,
2.6245,0.0008580656,
2.62475,-0.0022882398,
2.625,-0.0003556325,
2.62525,0.0145943519,
2.6255,-0.0019679682,
2.62575,-0.0176161118,
2.626,0.0052092187,
2.62625,-0.0035781276,
2.6265,-0.0215211492,
2.62675,-0.0315185972,
2.627,-0.0038583335,
2.62725,-0.0005166016,
2.6275,-0.0245683603,
2.62775,-0.0131439436,
2.628,-0.0108445752,
2.62825,0.0065861410,
2.6285,-0.0072434582,
2.62875,-0.0068478119,
2.629,-0.0054774643,
2.62925,0.0202147495,
2.6295,-0.0108286934,
2.62975,-0.0089433892,
2.63,0.0077006351,
2.63025,0.0145434299,
2.6305,-0.0073792739,
2.63075,-0.0210534409,
2.631,-0.0010780701,
2.63125,-0.0125102885,
2.6315,-0.0037449151,
2.63175,-0.0244471617,
2.632,-0.0101437522,
2.63225,-0.0066246875,
2.6325,-0.0162920058,
2.63275,0.0002368774,
2.633,0.0068721604,
2.63325,0.0005763810,
2.6335,0.0000568107,
2.63375,-0.0003498682,
2.634,-0.0010907913,
2.63425,0.0092806779,
2.6345,0.0015333502,
2.63475,-0.0137127182,
2.635,-0.0015456136,
2.63525,-0.0069787377,
2.6355,-0.0119826719,
2.63575,-0.0099183386,
2.636,-0.0048306482,
2.63625,-0.0075781466,
2.6365,-0.0113793733,
2.63675,0.0104149524,
2.637,0.0021764699,
2.63725,-0.0049102283,
2.6375,-0.0208283365,
2.63775,-0.0069654919,
2.638,0.0041335979,
2.63825,0.0025512979,
2.6385,-0.0071546705,
2.63875,-0.0083266478,
2.639,0.0165145472,
2.63925,-0.0166648664,
2.6395,-0.0084663890,
2.63975,0.0058337441,
2.64,0.0105319470,
2.64025,0.0121077430,
2.6405,-0.0085783778,
2.64075,0.0229207054,
2.641,0.0165931601,
2.64125,0.0197798647,
2.6415,-0.0043234457,
2.64175,0.0114661558,
2.642,-0.0070565268,
2.64225,-0.0002380848,
2.6425,-0.0264568329,
2.64275,0.0098421425,
2.643,-0.0387448929,
2.64325,-0.0394737311,
2.6435,-0.0068955752,
2.64375,-0.0207365472,
2.644,0.0159169007,
2.64425,-0.0202215649,
2.6445,-0.0148467030,
2.64475,-0.0092310999,
2.645,0.0145037845,
2.64525,0.0081173880,
2.6455,0.0033001131,
2.64575,0.0059404648,
2.646,-0.0011274910,
2.64625,-0.0137433223,
2.6465,0.0049469569,
2.64675,-0.0016045412,
2.647,-0.0045166994,
2.64725,-0.0012274564,
2.6475,-0.0053667882,
2.64775,0.0077798748,
2.648,0.0081092138,
2.64825,-0.0197009761,
2.6485,-0.0151935685,
2.64875,0.0087552695,
2.649,0.0126543911,
2.64925,0.0057675741,
2.6495,0.0025338286,
2.64975,0.0103163822,
2.65,0.0013822797,
2.65025,0.0082841786,
2.6505,0.0009200303,
2.65075,0.0003365218,
2.651,0.0203578081,
2.65125,-0.0229514930,
2.6515,-0.0009185956,
2.65175,0.0175502244,
2.652,0.0285764243,
2.65225,0.0006289816,
2.6525,-0.0079331091,
2.65275,0.0153531078,
2.653,0.0047899843,
2.65325,-0.0165490285,
2.6535,-0.0029732347,
2.65375,0.0007270279,
2.654,-0.0211146455,
2.65425,-0.0158996377,
2.6545,-0.0007445157,
2.65475,0.0060546254,
2.655,0.0158036575,
2.65525,0.0104304515,
2.6555,0.0075243162,
2.65575,0.0096797273,
2.656,0.0042977040,
2.65625,-0.0085521219,
2.6565,-0.0052981842,
2.65675,0.0080382824,
2.657,0.0054915417,
2.65725,-0.0072711557,
2.6575,-0.0023023644,
2.65775,0.0134429792,
2.658,-0.0231842231,
2.65825,-0.0059648678,
2.6585,-0.0116875209,
2.65875,0.0071123140,
2.659,-0.0027933279,
2.65925,0.0193510987,
2.6595,0.0024927687,
2.65975,0.0075302557,
2.66,-0.0125888223,
2.66025,0.0037319215,
2.6605,-0.0046140840,
2.66075,0.0215924550,
2.661,0.0126124471,
2.66125,0.0009722474,
2.6615,0.0212772116,
2.66175,0.0267311651,
2.662,-0.0048601865,
2.66225,0.0034387640,
2.6625,0.0184504334,
2.66275,0.0132648265,
2.663,0.0054619629,
2.66325,0.0033213405,
2.6635,-0.0031292534,
2.66375,0.0121292882,
2.664,-0.0338061564,
2.66425,-0.0255758706,
2.6645,-0.0035916350,
2.66475,-0.0131012453,
2.665,-0.0008141451,
2.66525,-0.0022215850,
2.6655,0.0092941020,
2.66575,0.0066650352,
2.666,0.0126814647,
2.66625,0.0107396627,
2.6665,0.0093601290,
2.66675,0.0123812985,
2.667,0.0171722360,
2.66725,-0.0010918315,
2.6675,0.0066696675,
2.66775,0.0199439339,
2.668,0.0029204264,
2.66825,-0.0035864520,
2.6685,0.0132072354,
2.66875,0.0120124370,
2.669,-0.0324656032,
2.66925,-0.0156632420,
2.6695,0.0112853684,
2.66975,0.0030204165,
2.67,0.0063510584,
2.67025,0.0065671355,
2.6705,0.0180879086,
2.67075,-0.0067421766,
2.671,0.0068579447,
2.67125,0.0042456952,
2.6715,0.0177091826,
2.67175,0.0005330811,
2.672,0.0037249292,
2.67225,0.0060702795,
2.6725,0.0201652423,
2.67275,0.0033326512,
2.673,0.0007834495,
2.67325,0.0068533695,
2.6735,0.0095739197,
2.67375,0.0065819426,
2.674,-0.0115909819,
2.67425,-0.0040415805,
2.6745,-0.0015371919,
2.67475,-0.0012080686,
2.675,-0.0257117376,
2.67525,-0.0247089565,
2.6755,-0.0090936329,
2.67575,-0.0022344040,
2.676,0.0052606692,
2.67625,0.0139569696,
2.6765,0.0109284874,
2.67675,0.0123631591,
2.677,-0.0046308599,
2.67725,0.0008345931,
2.6775,0.0006347249,
2.67775,0.0203445088,
2.678,-0.0040925508,
2.67825,0.0306555536,
2.6785,0.0048424113,
2.67875,0.0019659381,
2.679,-0.0024482911,
2.67925,-0.0009985657,
2.6795,-0.0270999596,
2.67975,-0.0338321477,
2.68,-0.0238577500,
2.68025,-0.0060690842,
2.6805,0.0096410103,
2.68075,0.0018683610,
2.681,-0.0176076312,
2.68125,-0.0062659094,
2.6815,0.0088896751,
2.68175,0.0196082331,
2.682,0.0026164702,
2.68225,0.0181288905,
2.6825,0.0086473469,
2.68275,0.0120996023,
2.683,-0.0022868593,
2.68325,0.0090138856,
2.6835,0.0288818143,
2.68375,0.0147440098,
2.684,0.0037335732,
2.68425,0.0140947951,
2.6845,0.0240649469,
2.68475,0.0034982257,
2.685,-0.0007305574,
2.68525,-0.0116246669,
2.6855,0.0181955807,
2.68575,-0.0423083156,
2.686,0.0010350680,
2.68625,0.0143438987,
2.6865,0.0024252422,
2.68675,0.0080837458,
2.687,-0.0026465203,
2.68725,-0.0067230542,
2.6875,0.0105900522,
2.68775,0.0054150987,
2.688,0.0101529546,
2.68825,0.0227365252,
2.6885,0.0183125064,
2.68875,0.0062805396,
2.689,0.0229818895,
2.68925,0.0015140406,
2.6895,0.0095238434,
2.68975,0.0008993607,
2.69,0.0030030459,
2.69025,-0.0123285595,
2.6905,-0.0084505798,
2.69075,-0.0296547431,
2.691,-0.0138701219,
2.69125,0.0061020995,
2.6915,0.0160337593,
2.69175,-0.0328398347,
2.692,-0.0093094064,
2.69225,0.0278909840,
2.6925,0.0083439061,
2.69275,-0.0079432623,
2.693,0.0148563469,
2.69325,0.0212560594,
2.6935,0.0060783844,
2.69375,0.0158095900,
2.694,-0.0104259271,
2.69425,0.0393636115,
2.6945,-0.0174154826,
2.69475,-0.0102807488,
2.695,0.0167396795,
2.69525,-0.0110278009,
2.6955,-0.0141378324,
2.69575,-0.0005504290,
2.696,-0.0298934281,
2.69625,0.0106365494,
2.6965,-0.0163032394,
2.69675,-0.0040726289,
2.697,-0.0043714577,
2.69725,0.0155936033,
2.6975,0.0003522891,
2.69775,0.0132606588,
2.698,-0.0483285263,
2.69825,-0.0045722639,
2.6985,0.0164863337,
2.69875,0.0198405571,
2.699,-0.0295556989,
2.69925,0.0021518997,
2.6995,-0.0009777746,
2.69975,-0.0120853093,
2.7,0.0080118068,
2.70025,-0.0158797447,
2.7005,-0.0221336558,
2.70075,-0.0178393610,
2.701,-0.0284275711,
2.70125,0.0025150664,
2.7015,-0.0097808372,
2.70175,-0.0292632803,
2.702,-0.0159302149,
2.70225,-0.0007955469,
2.7025,-0.0035424056,
2.70275,-0.0057783858,
2.703,-0.0044982871,
2.70325,0.0007688967,
2.7035,0.0108584929,
2.70375,-0.0022385919,
2.704,0.0000269464,
2.70425,0.0061939489,
2.7045,-0.0046831472,
2.70475,-0.0224185027,
2.705,0.0025043250,
2.70525,0.0132598309,
2.7055,-0.0049850466,
2.70575,-0.0098205097,
2.706,0.0092065204,
2.70625,-0.0022922109,
2.7065,-0.0030277683,
2.70675,0.0087735327,
2.707,-0.0055785403,
2.70725,-0.0019539478,
2.7075,-0.0178016387,
2.70775,-0.0020425012,
2.708,0.0129664605,
2.70825,-0.0006321019,
2.7085,-0.0058390042,
2.70875,0.0042859912,
2.709,0.0015609433,
2.70925,-0.0015180385,
2.7095,-0.0058424608,
2.70975,-0.0114397435,
2.71,-0.0041450262,
2.71025,-0.0043192385,
2.7105,-0.0020438214,
2.71075,0.0116074886,
2.711,-0.0074239592,
2.71125,-0.0117989331,
2.7115,-0.0016435338,
2.71175,-0.0329259969,
2.712,0.0144980149,
2.71225,0.0034671044,
2.7125,-0.0488080978,
2.71275,-0.0083720628,
2.713,0.0176828057,
2.71325,-0.0152278142,
2.7135,-0.0414826125,
2.71375,0.0157335363,
2.714,0.0070635625,
2.71425,-0.0070979670,
2.7145,0.0054747774,
2.71475,0.0147810588,
2.715,0.0150715522,
2.71525,-0.0088912426,
2.7155,0.0061068274,
2.71575,0.0039248411,
2.716,-0.0028975550,
2.71625,0.0135770496,
2.7165,-0.0038660455,
2.71675,-0.0185300652,
2.717,0.0143860597,
2.71725,-0.0148708653,
2.7175,-0.0076618092,
2.71775,-0.0078505035,
2.718,0.0084430082,
2.71825,-0.0257977508,
2.7185,-0.0220811330,
2.71875,-0.0068670795,
2.719,0.0056635085,
2.71925,0.0094311750,
2.7195,-0.0004369110,
2.71975,-0.0065975301,
2.72,0.0080695236,
2.72025,0.0105153667,
2.7205,0.0080913240,
2.72075,0.0034688690,
2.721,0.0092424396,
2.72125,0.0110047068,
2.7215,-0.0057853106,
2.72175,0.0105433241,
2.722,0.0173247382,
2.72225,-0.0195468478,
2.7225,-0.0040207780,
2.72275,0.0062660319,
2.723,0.0089108078,
2.72325,-0.0214437749,
2.7235,0.0081536435,
2.72375,0.0102153011,
2.724,0.0087603265,
2.72425,-0.0055373278,
2.7245,-0.0093795154,
2.72475,-0.0004949446,
2.725,0.0108021926,
2.72525,0.0005905875,
2.7255,0.0154544227,
2.72575,0.0075411191,
2.726,0.0072541414,
2.72625,0.0138800880,
2.7265,-0.0006866534,
2.72675,-0.0049921758,
2.727,0.0133992415,
2.72725,0.0101444358,
2.7275,-0.0152275264,
2.72775,0.0043640896,
2.728,0.0140148727,
2.72825,0.0004450067,
2.7285,-0.0231205393,
2.72875,0.0108076427,
2.729,0.0116329324,
2.72925,-0.0065767337,
2.7295,0.0027527008,
2.72975,0.0142455110,
2.73,0.0144731980,
2.73025,-0.0070203724,
2.7305,-0.0059612887,
2.73075,0.0105264373,
2.731,-0.0030704539,
2.73125,-0.0046726209,
2.7315,0.0079352027,
2.73175,-0.0178621169,
2.732,-0.0032605333,
2.73225,0.0032235999,
2.7325,0.0011670445,
2.73275,-0.0049623060,
2.733,0.0042320099,
2.73325,0.0060623586,
2.7335,-0.0146940667,
2.73375,0.0151238684,
2.734,-0.0024121781,
2.73425,-0.0192748345,
2.7345,-0.0092095481,
2.73475,0.0185842291,
2.735,0.0089558121,
2.73525,-0.0115926713,
2.7355,-0.0223082267,
2.73575,0.0181680378,
2.736,-0.0032163106,
2.73625,-0.0056063430,
2.7365,0.0129415188,
2.73675,0.0191078372,
2.737,-0.0022228763,
2.73725,0.0059581995,
2.7375,0.0141658280,
2.73775,0.0088599939,
2.738,0.0243068412,
2.73825,-0.0144053083,
2.7385,-0.0044694673,
2.73875,0.0175567660,
2.739,-0.0064317053,
2.73925,-0.0024616453,
2.7395,-0.0135073066,
2.73975,-0.0098898625,
2.74,-0.0195332952,
2.74025,-0.0012376106,
2.7405,-0.0125667192,
2.74075,-0.0008899091,
2.741,-0.0055248523,
2.74125,-0.0136662591,
2.7415,-0.0085068503,
2.74175,-0.0024300590,
2.742,-0.0019173837,
2.74225,0.0070009902,
2.7425,0.0000719573,
2.74275,0.0104865795,
2.743,-0.0006845503,
2.74325,-0.0117384773,
2.7435,0.0010367685,
2.74375,-0.0030053356,
2.744,-0.0055635236,
2.74425,-0.0268550999,
2.7445,-0.0133850873,
2.74475,-0.0111871529,
2.745,-0.0266880803,
2.74525,-0.0247316640,
2.7455,-0.0033340869,
2.74575,-0.0043902248,
2.746,-0.0188018084,
2.74625,0.0079714702,
2.7465,0.0066238623,
2.74675,0.0205467287,
2.747,-0.0035220324,
2.74725,0.0131081007,
2.7475,0.0048311716,
2.74775,0.0165539756,
2.748,-0.0127472533,
2.74825,-0.0115816146,
2.7485,0.0127931209,
2.74875,-0.0113453772,
2.749,-0.0249230191,
2.74925,-0.0137057882,
2.7495,-0.0035644146,
2.74975,-0.0427044891,
2.75,-0.0280424487,
2.75025,-0.0184932146,
2.7505,0.0067251571,
2.75075,0.0093284482,
2.751,0.0007227631,
2.75125,-0.0179259516,
2.7515,-0.0005880756,
2.75175,-0.0024589193,
2.752,0.0005920512,
2.75225,-0.0092912531,
2.7525,0.0067365221,
2.75275,0.0033985735,
2.753,-0.0044812118,
2.75325,-0.0047063073,
2.7535,0.0097298911,
2.75375,-0.0074093649,
2.754,0.0004625282,
2.75425,0.0082521467,
2.7545,-0.0113513032,
2.75475,-0.0120249679,
2.755,-0.0252829529,
2.75525,-0.0259520598,
2.7555,-0.0200683437,
2.75575,-0.0325452872,
2.756,-0.0240881834,
2.75625,-0.0124469018,
2.7565,-0.0010003066,
2.75675,0.0072502252,
2.757,-0.0076432265,
2.75725,0.0030083393,
2.7575,0.0261768494,
2.75775,-0.0173393730,
2.758,-0.0050363108,
2.75825,-0.0166190770,
2.7585,0.0214968771,
2.75875,-0.0189405363,
2.759,-0.0444406867,
2.75925,0.0093914298,
2.7595,-0.0232574195,
2.75975,0.0105451280,
2.76,-0.0181457009,
2.76025,-0.0039646127,
2.7605,-0.0451704264,
2.76075,-0.0533601604,
2.761,-0.0013687534,
2.76125,0.0073046219,
2.7615,0.0034145270,
2.76175,-0.0274823494,
2.762,-0.0053758817,
2.76225,-0.0088129677,
2.7625,0.0168676637,
2.76275,0.0080920281,
2.763,0.0083190016,
2.76325,0.0074642394,
2.7635,0.0215897616,
2.76375,-0.0068307319,
2.764,0.0163112767,
2.76425,-0.0294568948,
2.7645,-0.0414814651,
2.76475,0.0010218321,
2.765,0.0063640801,
2.76525,-0.0230933800,
2.7655,-0.0213601720,
2.76575,-0.0204453208,
2.766,-0.0045471806,
2.76625,-0.0420564450,
2.7665,-0.0235547088,
2.76675,-0.0580294207,
2.767,0.0013425814,
2.76725,0.0088258479,
2.7675,0.0114574730,
2.76775,0.0144763943,
2.768,0.0226856489,
2.76825,0.0068559945,
2.7685,0.0193550233,
2.76875,0.0107708722,
2.769,0.0142082702,
2.76925,0.0105092805,
2.7695,0.0207722597,
2.76975,0.0003100562,
2.77,0.0085472567,
2.77025,0.0170163270,
2.7705,-0.0074496288,
2.77075,0.0014810432,
2.771,-0.0179602224,
2.77125,-0.0256091449,
2.7715,-0.0324458927,
2.77175,-0.0421127900,
2.772,-0.0038501073,
2.77225,0.0235062558,
2.7725,0.0209835544,
2.77275,0.0167640261,
2.773,0.0041382546,
2.77325,0.0140046971,
2.7735,0.0173577927,
2.77375,0.0034704171,
2.774,0.0079564992,
2.77425,0.0323576890,
2.7745,0.0083776992,
2.77475,0.0106788995,
2.775,0.0281869229,
2.77525,0.0131512191,
2.7755,0.0155938920,
2.77575,0.0010066854,
2.776,0.0215574633,
2.77625,0.0050899968,
2.7765,0.0117008630,
2.77675,-0.0095615266,
2.777,0.0278372113,
2.77725,0.0085563296,
2.7775,0.0041366378,
2.77775,0.0048431628,
2.778,0.0101878420,
2.77825,0.0021927452,
2.7785,0.0197838247,
2.77875,0.0014739688,
2.779,0.0075800973,
2.77925,0.0283104032,
2.7795,-0.0154053401,
2.77975,0.0054155826,
2.78,0.0009871636,
2.78025,0.0370601155,
2.7805,-0.0354180261,
2.78075,-0.0050951303,
2.781,0.0111626275,
2.78125,0.0107332040,
2.7815,0.0184441619,
2.78175,-0.0041555702,
2.782,0.0094915079,
2.78225,0.0139085194,
2.7825,0.0152658867,
2.78275,0.0006328250,
2.783,0.0117314151,
2.78325,0.0107302349,
2.7835,0.0023871721,
2.78375,0.0148122581,
2.784,0.0150505370,
2.78425,0.0079456717,
2.7845,0.0228504017,
2.78475,0.0169561207,
2.785,0.0300207380,
2.78525,0.0040075607,
2.7855,0.0047323881,
2.78575,0.0092221098,
2.786,0.0113436244,
2.78625,0.0121736238,
2.7865,-0.0023724975,
2.78675,-0.0015311216,
2.787,-0.0073519717,
2.78725,-0.0182927195,
2.7875,-0.0228429604,
2.78775,-0.0148602249,
2.788,0.0084191170,
2.78825,0.0032149560,
2.7885,-0.0037617630,
2.78875,0.0078039779,
2.789,0.0147926826,
2.78925,0.0144265518,
2.7895,0.0026568186,
2.78975,-0.0039475895,
2.79,0.0191597994,
2.79025,-0.0030961691,
2.7905,-0.0073297443,
2.79075,0.0070495959,
2.791,0.0135844573,
2.79125,0.0062148161,
2.7915,0.0014250005,
2.79175,-0.0004879913,
2.792,0.0073390412,
2.79225,-0.0039553922,
2.7925,0.0050725117,
2.79275,0.0082476307,
2.793,0.0053847744,
2.79325,0.0010735833,
2.7935,-0.0095219668,
2.79375,-0.0061708717,
2.794,0.0034075854,
2.79425,-0.0113638407,
2.7945,-0.0009474023,
2.79475,0.0011813927,
2.795,0.0182884820,
2.79525,0.0007809678,
2.7955,0.0021112589,
2.79575,0.0027229134,
2.796,-0.0051083225,
2.79625,-0.0138701517,
2.7965,0.0138767911,
2.79675,0.0101720225,
2.797,0.0068813884,
2.79725,-0.0067365356,
2.7975,-0.0109519660,
2.79775,-0.0099048195,
2.798,-0.0091530839,
2.79825,-0.0259885769,
2.7985,-0.0361798629,
2.79875,-0.0197319165,
2.799,-0.0085762925,
2.79925,-0.0082040466,
2.7995,-0.0074021653,
2.79975,0.0058723688,
2.8,-0.0287272632,
2.80025,-0.0359445289,
2.8005,0.0160168223,
2.80075,-0.0038470854,
2.801,-0.0275253151,
2.80125,0.0140839722,
2.8015,-0.0214674249,
2.80175,-0.0108250454,
2.802,0.0165031441,
2.80225,-0.0384108573,
2.8025,-0.0466061011,
2.80275,-0.0366142578,
2.803,-0.0257327147,
2.80325,-0.0242284331,
2.8035,-0.0370572880,
2.80375,-0.0162434559,
2.804,0.0032718126,
2.80425,-0.0183065571,
2.8045,0.0010933718,
2.80475,0.0082742833,
2.805,0.0096774641,
2.80525,-0.0030721843,
2.8055,0.0094223395,
2.80575,-0.0166338012,
2.806,0.0107334461,
2.80625,0.0053935284,
2.8065,-0.0020499236,
2.80675,0.0022253017,
2.807,0.0043219728,
2.80725,0.0014051994,
2.8075,-0.0090235304,
2.80775,0.0104049509,
2.808,0.0039230781,
2.80825,-0.0231296495,
2.8085,-0.0085547408,
2.80875,-0.0062116208,
2.809,-0.0103887394,
2.80925,-0.0003805479,
2.8095,0.0117891170,
2.80975,-0.0007091386,
2.81,0.0159432683,
2.81025,-0.0051405318,
2.8105,0.0005904344,
2.81075,0.0057090125,
2.811,0.0093278280,
2.81125,-0.0006055565,
2.8115,0.0099214083,
2.81175,0.0202383623,
2.812,-0.0002917665,
2.81225,-0.0017592475,
2.8125,0.0056149568,
2.81275,0.0227525532,
2.813,0.0140727721,
2.81325,-0.0066192504,
2.8135,0.0134499650,
2.81375,0.0144379381,
2.814,0.0088868076,
2.81425,-0.0000038624,
2.8145,-0.0028032754,
2.81475,-0.0090060746,
2.815,0.0065633510,
2.81525,-0.0019071227,
2.8155,0.0136302263,
2.81575,0.0049842047,
2.816,0.0144504644,
2.81625,0.0070577976,
2.8165,0.0030944580,
2.81675,0.0088992044,
2.817,-0.0031750919,
2.81725,0.0029769219,
2.8175,0.0107053332,
2.81775,0.0160409324,
2.818,0.0096935770,
2.81825,0.0146783469,
2.8185,0.0081027076,
2.81875,0.0154849682,
2.819,-0.0169784632,
2.81925,-0.0099447267,
2.8195,0.0117058912,
2.81975,0.0113820750,
2.82,-0.0121582393,
2.82025,-0.0240795203,
2.8205,0.0019827110,
2.82075,0.0094990777,
2.821,0.0063980808,
2.82125,0.0190435313,
2.8215,0.0224800520,
2.82175,0.0005709092,
2.822,0.0075522736,
2.82225,-0.0023067489,
2.8225,0.0225219578,
2.82275,0.0117053594,
2.823,0.0053189201,
2.82325,0.0120665543,
2.8235,0.0256697480,
2.82375,0.0144435707,
2.824,0.0097739547,
2.82425,-0.0083458312,
2.8245,0.0143281277,
2.82475,0.0110859070,
2.825,0.0105194412,
2.82525,0.0086144609,
2.8255,0.0125311920,
2.82575,0.0067818775,
2.826,-0.0317993872,
2.82625,0.0155852260,
2.8265,0.0081468504,
2.82675,0.0020138258,
2.827,0.0027309963,
2.82725,0.0029817419,
2.8275,-0.0022219194,
2.82775,0.0058224425,
2.828,0.0073339967,
2.82825,0.0015696952,
2.8285,0.0033250442,
2.82875,0.0065204026,
2.829,0.0060349172,
2.82925,0.0030774097,
2.8295,0.0093241464,
2.82975,-0.0081608426,
2.83,-0.0264871698,
2.83025,-0.0039648032,
2.8305,-0.0082486123,
2.83075,-0.0244598389,
2.831,-0.0093406420,
2.83125,0.0028956183,
2.8315,0.0073915124,
2.83175,0.0059691044,
2.832,-0.0058319857,
2.83225,-0.0047846502,
2.8325,0.0100118713,
2.83275,0.0105427075,
2.833,-0.0031883074,
2.83325,0.0073561361,
2.8335,0.0152056003,
2.83375,-0.0003267075,
2.834,-0.0011768580,
2.83425,0.0164284743,
2.8345,0.0126287797,
2.83475,-0.0077937027,
2.835,0.0035902569,
2.83525,-0.0130779687,
2.8355,0.0155154066,
2.83575,-0.0211081635,
2.836,-0.0119430516,
2.83625,-0.0072412975,
2.8365,-0.0120524745,
2.83675,-0.0208908152,
2.837,-0.0086627491,
2.83725,-0.0099107148,
2.8375,-0.0083529139,
2.83775,0.0004655706,
2.838,-0.0135642141,
2.83825,-0.0048421165,
2.8385,0.0134433629,
2.83875,0.0032884195,
2.839,-0.0033203168,
2.83925,-0.0044465475,
2.8395,0.0077930004,
2.83975,-0.0001981281,
2.84,-0.0115436865,
2.84025,0.0041420301,
2.8405,-0.0097669438,
2.84075,-0.0346953496,
2.841,-0.0269110352,
2.84125,-0.0095329750,
2.8415,0.0043076971,
2.84175,-0.0209181719,
2.842,-0.0092204781,
2.84225,-0.0027643126,
2.8425,-0.0163402185,
2.84275,-0.0289059319,
2.843,-0.0037406548,
2.84325,-0.0034617365,
2.8435,-0.0099467207,
2.84375,-0.0139558408,
2.844,-0.0046672006,
2.84425,0.0028122335,
2.8445,-0.0051667811,
2.84475,0.0001333424,
2.845,-0.0158059485,
2.84525,0.0026873262,
2.8455,0.0052464688,
2.84575,-0.0086996574,
2.846,-0.0477154627,
2.84625,-0.0094937226,
2.8465,-0.0161113665,
2.84675,-0.0295992400,
2.847,-0.0285420977,
2.84725,-0.0029826190,
2.8475,-0.0194303859,
2.84775,-0.0320769511,
2.848,-0.0011292286,
2.84825,-0.0011171768,
2.8485,0.0047202292,
2.84875,-0.0019952359,
2.849,-0.0035409289,
2.84925,0.0050394279,
2.8495,0.0089864349,
2.84975,-0.0141079454,
2.85,-0.0048127566,
2.85025,-0.0108538466,
2.8505,0.0031758058,
2.85075,-0.0058489363,
2.851,0.0015619873,
2.85125,-0.0149057163,
2.8515,-0.0174072720,
2.85175,-0.0103459181,
2.852,-0.0012250091,
2.85225,-0.0047351285,
2.8525,0.0011983026,
2.85275,-0.0008645862,
2.853,0.0091077499,
2.85325,0.0101376101,
2.8535,-0.0014245907,
2.85375,-0.0017087803,
2.854,0.0135858096,
2.85425,0.0099315578,
2.8545,0.0128001831,
2.85475,0.0001801844,
2.855,0.0137140062,
2.85525,0.0113291908,
2.8555,0.0091372002,
2.85575,-0.0062122019,
2.856,0.0200190432,
2.85625,0.0158767421,
2.8565,0.0006071994,
2.85675,0.0015048297,
2.857,0.0057284040,
2.85725,0.0105606345,
2.8575,-0.0039041087,
2.85775,-0.0211208686,
2.858,-0.0051588290,
2.85825,0.0023902990,
2.8585,0.0021163642,
2.85875,0.0000164261,
2.859,0.0128905177,
2.85925,0.0150030870,
2.8595,0.0148879690,
2.85975,0.0132867033,
2.86,0.0128169963,
2.86025,0.0137420762,
2.8605,0.0057899542,
2.86075,-0.0005541986,
2.861,0.0098590367,
2.86125,0.0017448622,
2.8615,-0.0037845925,
2.86175,-0.0069862353,
2.862,0.0184561741,
2.86225,0.0003149050,
2.8625,-0.0172395464,
2.86275,-0.0171323474,
2.863,0.0014177221,
2.86325,0.0095805377,
2.8635,0.0088801086,
2.86375,0.0242167190,
2.864,0.0198711306,
2.86425,0.0125975851,
2.8645,-0.0114311650,
2.86475,0.0277278461,
2.865,0.0306511130,
2.86525,0.0192376375,
2.8655,0.0145697584,
2.86575,0.0277012978,
2.866,0.0259034634,
2.86625,0.0202851184,
2.8665,0.0014755435,
2.86675,0.0007814201,
2.867,0.0299636871,
2.86725,0.0187681522,
2.8675,0.0108638210,
2.86775,0.0123545900,
2.868,0.0193729792,
2.86825,-0.0199078750,
2.8685,-0.0141274948,
2.86875,0.0000447795,
2.869,0.0252530370,
2.86925,-0.0138151841,
2.8695,-0.0152542572,
2.86975,0.0226830337,
2.87,0.0229323022,
2.87025,0.0180377737,
2.8705,0.0172919724,
2.87075,0.0123189213,
2.871,0.0155442320,
2.87125,0.0070706187,
2.8715,-0.0014129642,
2.87175,0.0059744557,
2.872,0.0032194096,
2.87225,0.0142525807,
2.8725,-0.0015653204,
2.87275,0.0069810566,
2.873,0.0168648511,
2.87325,-0.0153181795,
2.8735,-0.0203618072,
2.87375,0.0015996126,
2.874,0.0282876119,
2.87425,-0.0013319169,
2.8745,0.0095425444,
2.87475,0.0176342577,
2.875,0.0161186587,
2.87525,0.0075143827,
2.8755,0.0188266970,
2.87575,0.0108858086,
2.876,0.0215678141,
2.87625,0.0058230413,
2.8765,0.0044864425,
2.87675,0.0224008393,
2.877,0.0269879662,
2.87725,-0.0004091291,
2.8775,0.0120915174,
2.87775,0.0208075140,
2.878,0.0165489390,
2.87825,0.0153305745,
2.8785,0.0037292691,
2.87875,0.0137240300,
2.879,-0.0024661170,
2.87925,-0.0073550167,
2.8795,-0.0047119469,
2.87975,0.0079286713,
2.88,0.0120951943,
2.88025,-0.0114432853,
2.8805,0.0073699518,
2.88075,0.0171606764,
2.881,0.0018816781,
2.88125,0.0029661516,
2.8815,-0.0112885805,
2.88175,-0.0105863642,
2.882,-0.0067772856,
2.88225,-0.0207738243,
2.8825,-0.0189113319,
2.88275,-0.0172813218,
2.883,-0.0095666405,
2.88325,-0.0340236016,
2.8835,-0.0263568182,
2.88375,-0.0121676996,
2.884,-0.0458483249,
2.88425,-0.0444891267,
2.8845,-0.0088565741,
2.88475,0.0005843811,
2.885,0.0038308781,
2.88525,-0.0184030961,
2.8855,0.0101638297,
2.88575,0.0013047822,
2.886,-0.0008884888,
2.88625,-0.0173893254,
2.8865,0.0140515566,
2.88675,0.0096093109,
2.887,-0.0026343707,
2.88725,-0.0073844478,
2.8875,0.0139658432,
2.88775,0.0071177799,
2.888,0.0088331122,
2.88825,-0.0198805314,
2.8885,0.0031770731,
2.88875,0.0037816782,
2.889,-0.0092825405,
2.88925,-0.0177770965,
2.8895,-0.0096489461,
2.88975,-0.0027352907,
2.89,-0.0169391353,
2.89025,-0.0180404373,
2.8905,0.0008219568,
2.89075,0.0076247314,
2.891,0.0016812903,
2.89125,-0.0141118206,
2.8915,-0.0103752213,
2.89175,0.0035810396,
2.892,0.0001770942,
2.89225,0.0078741014,
2.8925,0.0071222284,
2.89275,0.0126289055,
2.893,0.0006336651,
2.89325,-0.0040493654,
2.8935,0.0064559039,
2.89375,-0.0116755683,
2.894,0.0006058154,
2.89425,-0.0187660269,
2.8945,0.0038651768,
2.89475,-0.0101900380,
2.895,-0.0216843747,
2.89525,-0.0137461554,
2.8955,-0.0008871114,
2.89575,0.0032153490,
2.896,-0.0196709111,
2.89625,-0.0111495415,
2.8965,0.0110137658,
2.89675,0.0013959033,
2.897,0.0056347400,
2.89725,-0.0085809333,
2.8975,0.0042036045,
2.89775,0.0040423167,
2.898,-0.0099592954,
2.89825,0.0072190128,
2.8985,0.0090788817,
2.89875,0.0168783944,
2.899,0.0107520949,
2.89925,-0.0123952217,
2.8995,0.0014083029,
2.89975,0.0166551378,
2.9,-0.0151060354,
2.90025,-0.0302236415,
2.9005,0.0084740613,
2.90075,-0.0223421641,
2.901,-0.0117196627,
2.90125,-0.0040798946,
2.9015,0.0198176298,
2.90175,-0.0005395171,
2.902,-0.0081122369,
2.90225,-0.0012416127,
2.9025,0.0053645619,
2.90275,0.0039143101,
2.903,0.0167298391,
2.90325,-0.0026734453,
2.9035,0.0109771453,
2.90375,0.0019250805,
2.904,-0.0195213966,
2.90425,0.0056885900,
2.9045,0.0033815182,
2.90475,-0.0200833008,
2.905,-0.0029553561,
2.90525,-0.0057547837,
2.9055,0.0047370568,
2.90575,-0.0281514078,
2.906,-0.0329092108,
2.90625,-0.0084844949,
2.9065,-0.0299486164,
2.90675,-0.0056175380,
2.907,-0.0217064675,
2.90725,0.0200416446,
2.9075,0.0129423328,
2.90775,-0.0009773304,
2.908,-0.0049514389,
2.90825,-0.0024729329,
2.9085,0.0237737801,
2.90875,-0.0004326727,
2.909,0.0019393383,
2.90925,0.0178025067,
2.9095,0.0190763064,
2.90975,0.0152733931,
2.91,0.0063484344,
2.91025,0.0152059328,
2.9105,0.0215521716,
2.91075,0.0172349587,
2.911,-0.0062500038,
2.91125,0.0001584344,
2.9115,0.0130425757,
2.91175,0.0026464062,
2.912,-0.0025871431,
2.91225,0.0124949422,
2.9125,0.0115216207,
2.91275,0.0088256374,
2.913,0.0034904862,
2.91325,0.0120605920,
2.9135,0.0133427139,
2.91375,0.0094742319,
2.914,0.0143858800,
2.91425,0.0210344531,
2.9145,0.0197003130,
2.91475,0.0120567260,
2.915,0.0130426697,
2.91525,0.0046920269,
2.9155,-0.0069523128,
2.91575,-0.0202041958,
2.916,-0.0080358908,
2.91625,0.0034034527,
2.9165,0.0090640308,
2.91675,-0.0062990072,
2.917,-0.0111569883,
2.91725,0.0054974025,
2.9175,0.0078037712,
2.91775,-0.0092511475,
2.918,-0.0128847910,
2.91825,0.0010759353,
2.9185,0.0060212696,
2.91875,-0.0018125855,
2.919,0.0148982834,
2.91925,0.0103292782,
2.9195,-0.0015669594,
2.91975,0.0040852018,
2.92,0.0110646849,
2.92025,0.0101835839,
2.9205,0.0095770927,
2.92075,-0.0153397527,
2.921,0.0032871380,
2.92125,0.0023175455,
2.9215,0.0084204357,
2.92175,0.0032366454,
2.922,-0.0286663808,
2.92225,-0.0161527917,
2.9225,-0.0061503416,
2.92275,0.0011343943,
2.923,-0.0123505220,
2.92325,0.0124937911,
2.9235,-0.0017181040,
2.92375,-0.0072452966,
2.924,-0.0018524597,
2.92425,0.0029782786,
2.9245,-0.0000464462,
2.92475,0.0045894012,
2.925,0.0073538190,
2.92525,-0.0079804361,
2.9255,0.0065466724,
2.92575,0.0033047092,
2.926,-0.0017276889,
2.92625,-0.0032317797,
2.9265,-0.0232447106,
2.92675,-0.0324582122,
2.927,-0.0280192513,
2.92725,0.0011870874,
2.9275,-0.0094034616,
2.92775,-0.0167216938,
2.928,-0.0094660502,
2.92825,0.0116500920,
2.9285,-0.0105572036,
2.92875,-0.0263575613,
2.929,-0.0031108563,
2.92925,-0.0014845277,
2.9295,-0.0096993288,
2.92975,-0.0147229163,
2.93,-0.0063703144,
2.93025,0.0018136317,
2.9305,-0.0035646723,
2.93075,-0.0116180554,
2.931,0.0236584432,
2.93125,-0.0033957711,
2.9315,-0.0025475803,
2.93175,-0.0022126338,
2.932,-0.0201537069,
2.93225,-0.0200476572,
2.9325,-0.0102883633,
2.93275,-0.0232885964,
2.933,-0.0249411799,
2.93325,-0.0025812755,
2.9335,-0.0141904224,
2.93375,-0.0264684260,
2.934,0.0072362516,
2.93425,0.0013364451,
2.9345,-0.0048559653,
2.93475,0.0112618608,
2.935,0.0011799269,
2.93525,0.0084510026,
2.9355,0.0059904596,
2.93575,-0.0069926977,
2.936,0.0030803881,
2.93625,-0.0081540383,
2.9365,-0.0001071059,
2.93675,-0.0111534493,
2.937,-0.0049689915,
2.93725,-0.0147939790,
2.9375,-0.0270610116,
2.93775,-0.0128077157,
2.938,-0.0052730972,
2.93825,-0.0056205895,
2.9385,-0.0182015169,
2.93875,-0.0067610010,
2.939,0.0130356243,
2.93925,0.0128999455,
2.9395,-0.0015442702,
2.93975,-0.0034682378,
2.94,0.0139376447,
2.94025,-0.0011247850,
2.9405,0.0079223868,
2.94075,0.0095435996,
2.941,0.0112644872,
2.94125,0.0090808403,
2.9415,0.0004555848,
2.94175,0.0000307307,
2.942,0.0171684008,
2.94225,0.0064776922,
2.9425,0.0000671167,
2.94275,0.0039465101,
2.943,-0.0097653251,
2.94325,0.0073275734,
2.9435,-0.0043475749,
2.94375,-0.0080044009,
2.944,-0.0066357530,
2.94425,-0.0069632735,
2.9445,-0.0137100946,
2.94475,0.0078918375,
2.945,0.0085680876,
2.94525,0.0150695667,
2.9455,-0.0052592028,
2.94575,0.0014750771,
2.946,0.0159219950,
2.94625,0.0037626559,
2.9465,0.0013379632,
2.94675,0.0120543782,
2.947,0.0082441000,
2.94725,-0.0089629795,
2.9475,0.0041671465,
2.94775,-0.0009493975,
2.948,0.0046533318,
2.94825,-0.0062932381,
2.9485,-0.0097995568,
2.94875,-0.0074105058,
2.949,0.0116889598,
2.94925,0.0067662611,
2.9495,-0.0285802018,
2.94975,0.0103390412,
2.95,0.0222802497,
2.95025,0.0009672464,
2.9505,0.0054924604,
2.95075,-0.0074050948,
2.951,0.0150207393,
2.95125,0.0046445024,
2.9515,0.0111713279,
2.95175,0.0243544318,
2.952,0.0120258564,
2.95225,-0.0133420061,
2.9525,-0.0059901113,
2.95275,0.0078117154,
2.953,0.0203766134,
2.95325,0.0105799679,
2.9535,-0.0007854716,
2.95375,0.0069910497,
2.954,0.0084822411,
2.95425,0.0045243064,
2.9545,-0.0072103832,
2.95475,-0.0018957605,
2.955,0.0077582030,
2.95525,-0.0085448390,
2.9555,-0.0066331024,
2.95575,0.0182365086,
2.956,0.0027757762,
2.95625,0.0006854840,
2.9565,0.0149771310,
2.95675,0.0067738993,
2.957,0.0104538454,
2.95725,0.0035355415,
2.9575,-0.0096087521,
2.95775,0.0055871615,
2.958,0.0068922592,
2.95825,0.0139154140,
2.9585,0.0032957136,
2.95875,0.0057261307,
2.959,-0.0022908454,
2.95925,-0.0139501272,
2.9595,-0.0132848602,
2.95975,-0.0053506163,
2.96,0.0024648714,
2.96025,-0.0091225412,
2.9605,-0.0009274375,
2.96075,0.0183566045,
2.961,0.0101657948,
2.96125,-0.0097976346,
2.9615,0.0136190411,
2.96175,0.0286757667,
2.962,0.0034903209,
2.96225,0.0106731188,
2.9625,0.0096192295,
2.96275,0.0121127246,
2.963,0.0145154279,
2.96325,0.0038661580,
2.9635,-0.0038477301,
2.96375,0.0092429072,
2.964,0.0049182535,
2.96425,0.0112371799,
2.9645,0.0053143385,
2.96475,0.0202539973,
2.965,-0.0048655472,
2.96525,-0.0026006207,
2.9655,-0.0144098122,
2.96575,0.0096790418,
2.966,0.0035596048,
2.96625,-0.0039281971,
2.9665,0.0033795033,
2.96675,0.0190159157,
2.967,0.0080950353,
2.96725,-0.0058850017,
2.9675,0.0042643961,
2.96775,0.0031293093,
2.968,0.0021448866,
2.96825,-0.0027576766,
2.9685,0.0039802045,
2.96875,-0.0008743934,
2.969,0.0060624257,
2.96925,0.0175530054,
2.9695,-0.0051587699,
2.96975,0.0292436015,
2.97,-0.0082006324,
2.97025,-0.0201249458,
2.9705,0.0059700101,
2.97075,0.0214423053,
2.971,-0.0134237446,
2.97125,-0.0199955981,
2.9715,0.0124773718,
2.97175,-0.0052046869,
2.972,-0.0070674536,
2.97225,-0.0017544301,
2.9725,0.0153899137,
2.97275,0.0019379295,
2.973,0.0052205129,
2.97325,0.0009223734,
2.9735,0.0133218747,
2.97375,-0.0024469967,
2.974,-0.0143773276,
2.97425,-0.0124169327,
2.9745,0.0021055129,
2.97475,0.0132454745,
2.975,-0.0066597909,
2.97525,-0.0037715985,
2.9755,-0.0145878922,
2.97575,-0.0060238624,
2.976,-0.0158639811,
2.97625,-0.0063964641,
2.9765,0.0067597772,
2.97675,0.0084083611,
2.977,-0.0350558311,
2.97725,-0.0248779505,
2.9775,0.0175499097,
2.97775,-0.0147351511,
2.978,0.0001709938,
2.97825,0.0038145341,
2.9785,-0.0045750681,
2.97875,-0.0047333147,
2.979,0.0154317431,
2.97925,0.0104922848,
2.9795,0.0174968783,
2.97975,0.0075397938,
2.98,-0.0030629411,
2.98025,-0.0135522382,
2.9805,0.0185687710,
2.98075,0.0100197792,
2.981,-0.0711576641,
2.98125,0.0138278482,
2.9815,-0.0129706329,
2.98175,-0.0109389992,
2.982,-0.0036386186,
2.98225,-0.0043653254,
2.9825,0.0077563077,
2.98275,-0.0001251059,
2.983,-0.0135653447,
2.98325,0.0118606873,
2.9835,0.0084450170,
2.98375,0.0149825253,
2.984,-0.0009285857,
2.98425,0.0140939411,
2.9845,0.0143165709,
2.98475,0.0005993131,
2.985,0.0121704573,
2.98525,0.0045237602,
2.9855,0.0135688838,
2.98575,0.0070546512,
2.986,0.0008997091,
2.98625,-0.0001689370,
2.9865,0.0212983992,
2.98675,-0.0240407810,
2.987,-0.0206430294,
2.98725,-0.0011850678,
2.9875,0.0087766089,
2.98775,-0.0053532217,
2.988,-0.0100756940,
2.98825,-0.0026344084,
2.9885,-0.0000907695,
2.98875,0.0067992201,
2.989,0.0125709046,
2.98925,0.0120803397,
2.9895,0.0270257331,
2.98975,0.0081136441,
2.99,-0.0048131072,
2.99025,0.0197262671,
2.9905,0.0188120008,
2.99075,-0.0072598062,
2.991,0.0007243419,
2.99125,0.0044924421,
2.9915,-0.0155214183,
2.99175,-0.0504562408,
2.992,-0.0222289115,
2.99225,0.0005211849,
2.9925,0.0021543021,
2.99275,-0.0035265915,
2.993,-0.0146695916,
2.99325,0.0057539409,
2.9935,0.0330700800,
2.99375,-0.0183133706,
2.994,-0.0007073155,
2.99425,0.0371805765,
2.9945,0.0090369545,
2.99475,0.0040852968,
2.995,0.0242969766,
2.99525,0.0180413648,
2.9955,-0.0077982475,
2.99575,0.0069350768,
2.996,-0.0219078828,
2.99625,-0.0124372393,
2.9965,-0.0146699706,
2.99675,-0.0110721271,
2.997,-0.0256748404,
2.99725,0.0309734605,
2.9975,-0.0003998706,
2.99775,0.0021098219,
2.998,0.0030462588,
2.99825,0.0058467831,
2.9985,-0.0003527413,
2.99875,-0.0011278377,
2.999,0.0105133876,
2.99925,0.0082339710,
2.9995,-0.0058122352,
2.99975,-0.0088857859,