Date,2020-11-04 10:18:11
Filename,STFCB-20201012-0105-0125_20201104_101603_002.dat
Data Label,정상
Label No,00
Motor Spec,R-PAHU-04S,1760,55,105.3,
Period,1SEC
Sample Rate,2000
RMS,53.06654,52.27632,52.42345,
Data Length,2000,
0,51.325073242188,-66.149536132812,14.168823242188,
0.0005,54.848510742188,-68.712036132812,12.967651367188,
0.001,64.057495117188,-60.383911132812,-2.5675048828125,
0.0015,65.458862304688,-52.255981445312,-14.459106445312,
0.002,71.264526367188,-48.412231445312,-23.748168945312,
0.0025,69.462768554688,-29.193481445312,-40.724731445312,
0.003,76.029174804688,-32.316528320312,-42.926879882812,
0.0035,67.901245117188,-9.8946533203125,-55.659301757812,
0.004,67.901245117188,-8.0528564453125,-55.098754882812,
0.0045,57.491088867188,8.3631591796875,-63.346801757812,
0.005,48.602416992188,20.294799804688,-66.069458007812,
0.0055,45.959838867188,30.184448242188,-73.796997070312,
0.006,27.341674804688,43.957885742188,-69.032348632812,
0.0065,28.422729492188,45.119018554688,-72.035278320312,
0.007,7.9627685546875,55.689331054688,-62.626098632812,
0.0075,2.9578857421875,58.371948242188,-61.144653320312,
0.008,-11.576293945312,65.819213867188,-54.738403320312,
0.0085,-26.671020507812,69.062377929688,-43.167114257812,
0.009,-33.157348632812,74.227416992188,-41.005004882812,
0.0095,-45.409301757812,64.618041992188,-20.224731445312,
0.01,-47.371215820312,68.782104492188,-22.587036132812,
0.0105,-61.585083007812,60.854370117188,-0.1651611328125,
0.011,-66.910278320312,59.693237304688,7.6824951171875,
0.0115,-72.956176757812,52.806518554688,19.373901367188,
0.012,-71.154418945312,37.992065429688,32.386596679688,
0.0125,-74.878051757812,36.750854492188,36.790893554688,
0.013,-67.270629882812,17.251831054688,48.842651367188,
0.0135,-71.314575195312,16.130737304688,53.286987304688,
0.014,-65.188598632812,-2.2872314453125,65.619018554688,
0.0145,-58.742309570312,-12.337036132812,68.982299804688,
0.015,-52.336059570312,-21.505981445312,71.945190429688,
0.0155,-32.837036132812,-35.920043945312,67.180541992188,
0.016,-34.919067382812,-39.123168945312,74.307495117188,
0.0165,-11.696411132812,-54.418090820312,65.298706054688,
0.017,-8.9737548828125,-58.181762695312,68.181518554688,
0.0175,7.6424560546875,-65.949340820312,58.612182617188,
0.018,17.812377929688,-65.869262695312,48.602416992188,
0.0185,27.221557617188,-70.633911132812,43.917846679688,
0.019,43.517456054688,-69.232543945312,25.660034179688,
0.0195,47.120971679688,-75.318481445312,27.982299804688,
0.02,59.653198242188,-67.510864257812,6.8416748046875,
0.0205,61.414916992188,-65.508911132812,2.9578857421875,
0.021,66.539916992188,-56.580200195312,-11.416137695312,
0.0215,69.943237304688,-45.649536132812,-25.469848632812,
0.022,77.510620117188,-43.687622070312,-34.118286132812,
0.0225,71.584838867188,-22.907348632812,-48.532348632812,
0.023,72.946166992188,-25.229614257812,-46.450317382812,
0.0235,61.975463867188,-2.6475830078125,-56.380004882812,
0.024,59.813354492188,2.7176513671875,-59.943481445312,
0.0245,51.725463867188,16.931518554688,-65.949340820312,
0.025,39.913940429688,31.625854492188,-68.912231445312,
0.0255,38.272338867188,39.113159179688,-75.198364257812,
0.026,18.533081054688,49.963745117188,-64.067504882812,
0.0265,19.213745117188,50.404174804688,-67.270629882812,
0.027,-1.4464111328125,61.775268554688,-59.943481445312,
0.0275,-10.895629882812,67.741088867188,-57.180786132812,
0.028,-23.788208007812,75.708862304688,-52.656372070312,
0.0285,-38.482543945312,72.866088867188,-35.279418945312,
0.029,-39.123168945312,75.588745117188,-36.280395507812,
0.0295,-52.095825195312,63.897338867188,-12.777465820312,
0.03,-55.098754882812,69.182495117188,-12.617309570312,
0.0305,-69.232543945312,60.854370117188,7.7625732421875,
0.031,-72.075317382812,53.727416992188,17.652221679688,
0.0315,-74.117309570312,46.720581054688,26.420776367188,
0.032,-68.471801757812,28.502807617188,38.993041992188,
0.0325,-71.274536132812,29.103393554688,40.474487304688,
0.033,-65.829223632812,8.4031982421875,55.889526367188,
0.0335,-67.630981445312,4.6395263671875,60.894409179688,
0.034,-59.583129882812,-10.455200195312,68.021362304688,
0.0345,-48.772583007812,-22.186645507812,68.982299804688,
0.035,-44.608520507812,-29.513793945312,72.866088867188,
0.0355,-23.067504882812,-44.368286132812,67.420776367188,
0.036,-27.631958007812,-47.291137695312,74.427612304688,
0.0365,-3.9688720703125,-63.506958007812,67.260620117188,
0.037,-0.2052001953125,-64.588012695312,65.178588867188,
0.0375,15.369995117188,-68.151489257812,54.648315429688,
0.038,26.781127929688,-68.511840820312,43.557495117188,
0.0385,35.589721679688,-75.318481445312,39.833862304688,
0.039,49.683471679688,-70.794067382812,20.655151367188,
0.0395,51.685424804688,-73.997192382812,21.415893554688,
0.04,60.453979492188,-63.627075195312,1.5565185546875,
0.0405,61.815307617188,-58.582153320312,-5.0899658203125,
0.041,68.181518554688,-51.775512695312,-18.222778320312,
0.0415,70.103393554688,-37.401489257812,-33.838012695312,
0.042,77.630737304688,-37.201293945312,-40.364379882812,
0.0425,67.701049804688,-15.900512695312,-51.335083007812,
0.043,69.142456054688,-16.060668945312,-51.415161132812,
0.0435,59.733276367188,4.1990966796875,-61.785278320312,
0.044,56.009643554688,13.728393554688,-66.950317382812,
0.0445,50.284057617188,25.860229492188,-73.356567382812,
0.045,34.388549804688,40.394409179688,-72.275512695312,
0.0455,34.268432617188,42.956909179688,-75.238403320312,
0.046,13.448120117188,54.287963867188,-66.189575195312,
0.0465,10.725463867188,57.330932617188,-67.350708007812,
0.047,-6.7716064453125,67.580932617188,-60.744262695312,
0.0475,-19.824340820312,72.705932617188,-53.377075195312,
0.048,-28.432739257812,76.149291992188,-48.532348632812,
0.0485,-41.645629882812,68.541870117188,-27.752075195312,
0.049,-41.725708007812,70.744018554688,-30.194458007812,
0.0495,-57.621215820312,64.057495117188,-5.9708251953125,
0.05,-62.185668945312,64.177612304688,-2.8477783203125,
0.0505,-70.673950195312,56.209838867188,13.808471679688,
0.051,-69.913208007812,44.158081054688,25.019409179688,
0.0515,-73.516723632812,40.994995117188,32.626831054688,
0.052,-68.391723632812,21.415893554688,45.919799804688,
0.0525,-73.516723632812,22.016479492188,49.763549804688,
0.053,-67.951293945312,1.4364013671875,64.938354492188,
0.0535,-65.428833007812,-5.0098876953125,68.381713867188,
0.054,-56.420043945312,-17.662231445312,72.105346679688,
0.0545,-41.725708007812,-31.475708007812,71.584838867188,
0.055,-40.284301757812,-37.161254882812,79.432495117188,
0.0555,-18.743286132812,-51.775512695312,69.783081054688,
0.056,-19.103637695312,-55.138793945312,74.227416992188,
0.0565,2.5975341796875,-65.468872070312,63.016479492188,
0.057,9.9246826171875,-66.549926757812,57.250854492188,
0.0575,22.176635742188,-69.432739257812,47.921752929688,
0.058,37.351440429688,-70.073364257812,32.827026367188,
0.0585,43.637573242188,-76.239379882812,32.346557617188,
0.059,54.568237304688,-67.630981445312,11.966674804688,
0.0595,56.690307617188,-68.351684570312,10.124877929688,
0.06,65.458862304688,-59.382934570312,-8.1729736328125,
0.0605,70.263549804688,-53.096801757812,-19.103637695312,
0.061,77.470581054688,-48.212036132812,-30.514770507812,
0.0615,74.988159179688,-30.074340820312,-45.489379882812,
0.062,77.190307617188,-30.835083007812,-45.529418945312,
0.0625,67.380737304688,-6.8917236328125,-59.222778320312,
0.063,69.182495117188,-4.2491455078125,-61.184692382812,
0.0635,59.613159179688,13.728393554688,-69.192504882812,
0.064,50.244018554688,25.419799804688,-72.675903320312,
0.0645,44.998901367188,34.508666992188,-76.920043945312,
0.065,26.060424804688,45.599487304688,-69.392700195312,
0.0655,25.700073242188,46.840698242188,-71.074340820312,
0.066,4.7996826171875,60.053588867188,-63.987426757812,
0.0665,-1.1661376953125,64.578002929688,-63.386840820312,
0.067,-15.660278320312,71.024291992188,-55.899536132812,
0.0675,-29.553833007812,71.584838867188,-42.886840820312,
0.068,-35.719848632812,74.547729492188,-40.004028320312,
0.0685,-48.532348632812,65.979370117188,-18.543090820312,
0.069,-52.616333007812,71.584838867188,-20.064575195312,
0.0695,-68.191528320312,64.618041992188,2.9979248046875,
0.07,-70.553833007812,61.054565429688,8.8035888671875,
0.0705,-73.116333007812,51.204956054688,21.175659179688,
0.071,-71.955200195312,36.670776367188,34.508666992188,
0.0715,-76.719848632812,34.668823242188,40.634643554688,
0.072,-71.034301757812,15.610229492188,54.127807617188,
0.0725,-74.918090820312,14.048706054688,58.892456054688,
0.073,-64.988403320312,-4.2491455078125,67.220581054688,
0.0735,-57.541137695312,-12.857543945312,68.341674804688,
0.074,-50.294067382812,-24.228637695312,72.866088867188,
0.0745,-32.837036132812,-39.803833007812,71.224487304688,
0.075,-34.198364257812,-44.488403320312,78.431518554688,
0.0755,-11.055786132812,-58.061645507812,68.782104492188,
0.076,-9.6143798828125,-59.262817382812,70.463745117188,
0.0765,9.5242919921875,-67.070434570312,58.251831054688,
0.077,21.776245117188,-70.513793945312,50.764526367188,
0.0775,32.226440429688,-77.080200195312,45.439331054688,
0.078,46.880737304688,-75.158325195312,28.222534179688,
0.0785,49.763549804688,-78.361450195312,27.942260742188,
0.079,60.894409179688,-68.431762695312,6.2811279296875,
0.0795,62.816284179688,-66.269653320312,1.9569091796875,
0.08,71.064331054688,-58.742309570312,-12.817504882812,
0.0805,75.869018554688,-48.732543945312,-28.512817382812,
0.081,80.833862304688,-44.488403320312,-36.680786132812,
0.0815,73.026245117188,-23.668090820312,-48.091918945312,
0.082,73.146362304688,-23.227661132812,-48.572387695312,
0.0825,63.817260742188,-0.4454345703125,-61.625122070312,
0.083,62.816284179688,5.6805419921875,-65.749145507812,
0.0835,55.248901367188,20.775268554688,-73.116333007812,
0.084,41.755737304688,33.667846679688,-72.675903320312,
0.0845,37.671752929688,39.953979492188,-75.478637695312,
0.085,18.172729492188,50.884643554688,-67.270629882812,
0.0855,17.091674804688,55.208862304688,-71.394653320312,
0.086,-3.1280517578125,69.102416992188,-65.709106445312,
0.0865,-12.136840820312,74.107299804688,-62.425903320312,
0.087,-24.028442382812,77.470581054688,-54.137817382812,
0.0875,-37.721801757812,73.066284179688,-36.400512695312,
0.088,-41.965942382812,76.990112304688,-36.160278320312,
0.0885,-56.980590820312,69.022338867188,-12.977661132812,
0.089,-62.105590820312,73.346557617188,-12.337036132812,
0.0895,-72.155395507812,63.376831054688,8.2030029296875,
0.09,-72.075317382812,54.608276367188,16.691284179688,
0.0905,-72.755981445312,45.319213867188,26.540893554688,
0.091,-71.314575195312,28.622924804688,41.715698242188,
0.0915,-76.679809570312,28.662963867188,46.320190429688,
0.092,-70.393676757812,7.8026123046875,60.974487304688,
0.0925,-70.273559570312,4.4793701171875,63.617065429688,
0.093,-59.503051757812,-10.255004882812,68.902221679688,
0.0935,-48.692504882812,-23.467895507812,71.464721679688,
0.094,-45.489379882812,-34.278442382812,78.791870117188,
0.0945,-26.550903320312,-49.533325195312,74.988159179688,
0.095,-27.912231445312,-51.094848632812,79.272338867188,
0.0955,-4.2091064453125,-63.947387695312,68.181518554688,
0.096,0.1951904296875,-65.028442382812,65.418823242188,
0.0965,16.411010742188,-71.274536132812,55.729370117188,
0.097,30.504760742188,-74.197387695312,44.358276367188,
0.0975,40.154174804688,-80.603637695312,41.035034179688,
0.098,51.124877929688,-72.675903320312,21.375854492188,
0.0985,52.646362304688,-71.755004882812,19.894409179688,
0.099,63.376831054688,-62.786254882812,-0.3653564453125,
0.0995,66.820190429688,-60.263793945312,-7.8126220703125,
0.1,75.028198242188,-54.017700195312,-22.106567382812,
0.1005,75.788940429688,-39.363403320312,-37.041137695312,
0.101,77.830932617188,-36.880981445312,-40.564575195312,
0.1015,67.861206054688,-14.699340820312,-52.576293945312,
0.102,70.904174804688,-13.578247070312,-55.459106445312,
0.1025,63.416870117188,7.3621826171875,-68.631958007812,
0.103,59.533081054688,16.891479492188,-73.636840820312,
0.1035,51.445190429688,28.262573242188,-77.160278320312,
0.104,34.388549804688,40.834838867188,-71.755004882812,
0.1045,32.987182617188,43.877807617188,-75.358520507812,
0.105,11.966674804688,57.370971679688,-68.391723632812,
0.1055,9.0838623046875,62.656127929688,-71.594848632812,
0.106,-9.0538330078125,71.584838867188,-62.946411132812,
0.1065,-19.944458007812,73.506713867188,-54.538208007812,
0.107,-29.273559570312,74.868041992188,-46.930786132812,
0.1075,-43.287231445312,69.302612304688,-27.271606445312,
0.108,-46.370239257812,73.987182617188,-29.073364257812,
0.1085,-61.505004882812,66.860229492188,-4.9698486328125,
0.109,-64.067504882812,66.900268554688,-1.2862548828125,
0.1095,-71.114379882812,56.009643554688,14.409057617188,
0.11,-71.274536132812,45.119018554688,25.419799804688,
0.1105,-76.479614257812,39.994018554688,35.269409179688,
0.111,-73.756958007812,22.777221679688,49.803588867188,
0.1115,-78.481567382812,22.697143554688,53.847534179688,
0.112,-69.713012695312,2.3973388671875,65.498901367188,
0.1125,-65.949340820312,-3.4884033203125,67.100463867188,
0.113,-57.380981445312,-17.622192382812,72.745971679688,
0.1135,-44.888793945312,-32.596801757812,75.708862304688,
0.114,-42.406372070312,-40.884887695312,81.474487304688,
0.1145,-21.666137695312,-52.416137695312,73.306518554688,
0.115,-20.825317382812,-53.377075195312,74.187377929688,
0.1155,0.7957763671875,-64.387817382812,63.577026367188,
0.116,10.244995117188,-67.310668945312,59.252807617188,
0.1165,22.737182617188,-73.436645507812,51.725463867188,
0.117,38.032104492188,-74.197387695312,36.830932617188,
0.1175,43.237182617188,-77.520629882812,34.748901367188,
0.118,53.206909179688,-67.991333007812,14.609252929688,
0.1185,57.651245117188,-69.152465820312,12.447143554688,
0.119,68.381713867188,-62.546020507812,-6.7716064453125,
0.1195,74.587768554688,-57.421020507812,-17.982543945312,
0.12,79.792846679688,-51.014770507812,-29.273559570312,
0.1205,75.108276367188,-32.396606445312,-42.886840820312,
0.121,77.230346679688,-32.076293945312,-44.328247070312,
0.1215,68.221557617188,-9.4942626953125,-57.701293945312,
0.122,70.824096679688,-6.3311767578125,-62.225708007812,
0.1225,62.255737304688,12.607299804688,-72.475708007812,
0.123,52.085815429688,23.177612304688,-72.755981445312,
0.1235,44.358276367188,32.186401367188,-74.477661132812,
0.124,26.300659179688,44.878784179688,-69.432739257812,
0.1245,25.660034179688,49.122924804688,-73.716918945312,
0.125,4.3192138671875,63.657104492188,-67.430786132812,
0.1255,-1.0059814453125,67.701049804688,-66.990356445312,
0.126,-15.940551757812,71.344604492188,-56.219848632812,
0.1265,-28.993286132812,72.145385742188,-44.248168945312,
0.127,-38.522583007812,77.790893554688,-40.444458007812,
0.1275,-51.735473632812,71.184448242188,-20.545043945312,
0.128,-56.660278320312,76.789916992188,-21.025512695312,
0.1285,-69.432739257812,66.900268554688,1.9569091796875,
0.129,-70.113403320312,61.815307617188,7.4822998046875,
0.1295,-73.636840820312,51.485229492188,21.415893554688,
0.13,-75.358520507812,38.272338867188,36.190307617188,
0.1305,-81.044067382812,35.990112304688,43.517456054688,
0.131,-75.238403320312,15.970581054688,57.771362304688,
0.1315,-75.238403320312,13.368041992188,59.613159179688,
0.132,-65.028442382812,-5.0098876953125,67.781127929688,
0.1325,-58.181762695312,-14.138793945312,69.943237304688,
0.133,-52.175903320312,-27.391723632812,77.870971679688,
0.1335,-35.479614257812,-42.966918945312,77.110229492188,
0.134,-34.638793945312,-45.529418945312,79.912963867188,
0.1345,-11.856567382812,-56.900512695312,68.461791992188,
0.135,-9.6944580078125,-59.342895507812,69.542846679688,
0.1355,10.204956054688,-70.233520507812,60.894409179688,
0.136,22.016479492188,-75.718872070312,54.728393554688,
0.1365,33.507690429688,-80.683715820312,48.161987304688,
0.137,46.160034179688,-75.838989257812,29.944213867188,
0.1375,47.521362304688,-76.239379882812,28.783081054688,
0.138,59.853393554688,-68.431762695312,7.8026123046875,
0.1385,65.018432617188,-69.232543945312,3.1981201171875,
0.139,74.027221679688,-61.705200195312,-13.698364257812,
0.1395,76.990112304688,-51.535278320312,-26.590942382812,
0.14,77.991088867188,-44.688598632812,-33.838012695312,
0.1405,70.183471679688,-23.948364257812,-46.450317382812,
0.141,73.506713867188,-24.829223632812,-47.731567382812,
0.1415,66.459838867188,-1.7266845703125,-63.426879882812,
0.142,66.459838867188,3.4383544921875,-67.550903320312,
0.1425,56.209838867188,18.493041992188,-72.155395507812,
0.143,43.237182617188,29.824096679688,-70.633911132812,
0.1435,38.352416992188,38.232299804688,-74.677856445312,
0.144,20.615112304688,51.204956054688,-70.193481445312,
0.1445,19.894409179688,56.249877929688,-75.318481445312,
0.145,0.2352294921875,69.182495117188,-67.831176757812,
0.1455,-7.7325439453125,69.783081054688,-62.425903320312,
0.146,-20.384887695312,73.506713867188,-53.977661132812,
0.1465,-35.599731445312,72.986206054688,-38.322387695312,
0.147,-41.685668945312,79.072143554688,-38.162231445312,
0.1475,-56.540161132812,71.664916992188,-15.900512695312,
0.148,-58.301879882812,72.505737304688,-15.179809570312,
0.1485,-65.348754882812,61.454956054688,4.7596435546875,
0.149,-68.671997070312,54.287963867188,13.728393554688,
0.1495,-71.755004882812,46.760620117188,25.459838867188,
0.15,-73.716918945312,31.665893554688,41.195190429688,
0.1505,-77.560668945312,30.905151367188,45.078979492188,
0.151,-69.272583007812,11.286010742188,56.530151367188,
0.1515,-67.951293945312,7.3621826171875,58.492065429688,
0.152,-60.704223632812,-9.2139892578125,67.781127929688,
0.1525,-53.497192382812,-22.546997070312,74.027221679688,
0.153,-49.213012695312,-33.637817382812,81.274291992188,
0.1535,-30.274536132812,-46.770629882812,76.029174804688,
0.154,-30.714965820312,-46.490356445312,77.150268554688,
0.1545,-7.1719970703125,-59.943481445312,67.100463867188,
0.155,-2.8878173828125,-63.827270507812,67.460815429688,
0.1555,14.849487304688,-72.755981445312,58.852416992188,
0.156,27.301635742188,-74.597778320312,48.161987304688,
0.1565,36.030151367188,-77.480590820312,42.036010742188,
0.157,46.560424804688,-69.713012695312,23.137573242188,
0.1575,48.802612304688,-71.354614257812,22.216674804688,
0.158,62.375854492188,-65.428833007812,1.8768310546875,
0.1585,68.101440429688,-64.307739257812,-5.1700439453125,
0.159,73.146362304688,-55.819458007812,-18.823364257812,
0.1595,72.826049804688,-41.885864257812,-32.076293945312,
0.16,76.269409179688,-38.242309570312,-38.322387695312,
0.1605,68.902221679688,-17.822387695312,-51.054809570312,
0.161,74.667846679688,-17.622192382812,-55.739379882812,
0.1615,67.300659179688,3.5985107421875,-69.032348632812,
0.162,61.975463867188,10.965698242188,-70.393676757812,
0.1625,52.205932617188,22.536987304688,-72.235473632812,
0.163,37.311401367188,36.110229492188,-71.074340820312,
0.1635,35.149291992188,43.197143554688,-76.639770507812,
0.164,16.931518554688,55.208862304688,-70.754028320312,
0.1645,13.768432617188,60.213745117188,-72.115356445312,
0.165,-2.9278564453125,65.538940429688,-62.706176757812,
0.1655,-13.618286132812,66.980346679688,-54.057739257812,
0.166,-24.548950195312,72.105346679688,-48.732543945312,
0.1665,-41.245239257812,70.663940429688,-30.474731445312,
0.167,-44.408325195312,76.869995117188,-32.356567382812,
0.1675,-56.259887695312,65.939331054688,-10.455200195312,
0.168,-56.380004882812,64.938354492188,-8.2930908203125,
0.1685,-65.629028320312,56.009643554688,9.0838623046875,
0.169,-69.432739257812,47.681518554688,21.055541992188,
0.1695,-76.920043945312,43.677612304688,32.306518554688,
0.17,-73.636840820312,27.261596679688,45.439331054688,
0.1705,-75.238403320312,26.300659179688,47.321166992188,
0.171,-67.630981445312,7.2020263671875,58.972534179688,
0.1715,-66.029418945312,1.3162841796875,62.696166992188,
0.172,-59.302856445312,-13.338012695312,70.623901367188,
0.1725,-48.732543945312,-28.032348632812,74.948120117188,
0.173,-44.568481445312,-34.879028320312,78.791870117188,
0.1735,-24.228637695312,-45.249145507812,68.381713867188,
0.174,-24.148559570312,-47.971801757812,71.785034179688,
0.1745,-2.1270751953125,-60.864379882812,63.296752929688,
0.175,4.4793701171875,-66.389770507812,62.495971679688,
0.1755,18.453002929688,-71.474731445312,53.767456054688,
0.176,30.825073242188,-70.193481445312,39.873901367188,
0.1765,37.591674804688,-73.396606445312,36.150268554688,
0.177,49.563354492188,-67.711059570312,17.812377929688,
0.1775,55.409057617188,-72.075317382812,16.210815429688,
0.178,67.340698242188,-66.149536132812,-2.3272705078125,
0.1785,70.824096679688,-60.423950195312,-10.255004882812,
0.179,73.586791992188,-51.255004882812,-21.986450195312,
0.1795,71.744995117188,-34.959106445312,-36.160278320312,
0.18,75.949096679688,-34.718872070312,-40.764770507812,
0.1805,69.502807617188,-13.578247070312,-55.178833007812,
0.181,71.825073242188,-11.456176757812,-58.381958007812,
0.1815,62.175659179688,6.0809326171875,-65.989379882812,
0.182,52.686401367188,15.490112304688,-65.508911132812,
0.1825,45.999877929688,25.339721679688,-68.912231445312,
0.183,29.744018554688,40.634643554688,-68.271606445312,
0.1835,29.703979492188,45.279174804688,-73.436645507812,
0.184,11.125854492188,56.289916992188,-66.389770507812,
0.1845,7.6824951171875,58.291870117188,-64.467895507812,
0.185,-8.0128173828125,64.177612304688,-56.700317382812,
0.1855,-20.505004882812,68.381713867188,-47.531372070312,
0.186,-31.996215820312,76.109252929688,-45.369262695312,
0.1865,-46.930786132812,72.345581054688,-26.430786132812,
0.187,-46.330200195312,73.706909179688,-28.632934570312,
0.1875,-58.221801757812,64.337768554688,-6.9317626953125,
0.188,-61.464965820312,62.736206054688,-2.2471923828125,
0.1885,-68.591918945312,56.369995117188,14.088745117188,
0.189,-71.915161132812,44.518432617188,26.741088867188,
0.1895,-75.598754882812,40.634643554688,35.069213867188,
0.19,-69.392700195312,24.338745117188,45.319213867188,
0.1905,-70.553833007812,21.255737304688,47.601440429688,
0.191,-64.107543945312,3.4383544921875,59.012573242188,
0.1915,-61.745239257812,-5.1700439453125,64.818237304688,
0.192,-55.979614257812,-18.142700195312,72.065307617188,
0.1925,-40.884887695312,-31.916137695312,70.944213867188,
0.193,-39.043090820312,-36.520629882812,74.267456054688,
0.1935,-18.943481445312,-47.171020507812,65.018432617188,
0.194,-18.342895507812,-51.855590820312,69.863159179688,
0.1945,1.6365966796875,-65.188598632812,63.536987304688,
0.195,11.366088867188,-69.312622070312,58.411987304688,
0.1955,21.656127929688,-71.394653320312,50.244018554688,
0.196,35.069213867188,-68.912231445312,34.028198242188,
0.1965,39.953979492188,-72.755981445312,33.107299804688,
0.197,51.725463867188,-67.270629882812,15.049682617188,
0.1975,56.890502929688,-68.872192382812,11.446166992188,
0.198,63.697143554688,-60.784301757812,-3.9288330078125,
0.1985,65.258666992188,-50.854614257812,-15.339965820312,
0.199,69.342651367188,-45.769653320312,-24.108520507812,
0.1995,66.740112304688,-26.951293945312,-39.963989257812,
0.2,72.705932617188,-28.672973632812,-43.207153320312,
0.2005,65.218627929688,-8.5733642578125,-55.499145507812,
0.201,63.496948242188,-4.6495361328125,-56.700317382812,
0.2015,54.608276367188,9.9246826171875,-62.105590820312,
0.202,44.518432617188,22.136596679688,-64.107543945312,
0.2025,41.555541992188,32.506713867188,-71.795043945312,
0.203,25.299682617188,46.440307617188,-69.793090820312,
0.2035,24.939331054688,49.162963867188,-72.876098632812,
0.204,7.0418701171875,58.171752929688,-64.467895507812,
0.2045,1.2762451171875,61.014526367188,-61.144653320312,
0.205,-13.538208007812,67.821166992188,-54.938598632812,
0.2055,-29.233520507812,70.984252929688,-42.686645507812,
0.206,-36.600708007812,76.829956054688,-41.325317382812,
0.2065,-46.490356445312,67.060424804688,-21.586059570312,
0.207,-47.491333007812,68.101440429688,-21.866333007812,
0.2075,-58.181762695312,59.252807617188,-1.8868408203125,
0.208,-63.827270507812,56.530151367188,6.5213623046875,
0.2085,-69.993286132812,49.803588867188,19.413940429688,
0.209,-69.873168945312,35.990112304688,33.027221679688,
0.2095,-72.755981445312,33.507690429688,37.791870117188,
0.21,-65.388793945312,16.611206054688,47.561401367188,
0.2105,-67.871215820312,13.568237304688,52.406127929688,
0.211,-62.946411132812,-3.2882080078125,64.337768554688,
0.2115,-57.781372070312,-15.219848632812,70.904174804688,
0.212,-51.775512695312,-24.829223632812,74.787963867188,
0.2125,-33.277465820312,-38.002075195312,69.622924804688,
0.213,-33.717895507812,-40.124145507812,72.946166992188,
0.2135,-12.977661132812,-53.537231445312,65.779174804688,
0.214,-9.3741455078125,-59.062622070312,68.381713867188,
0.2145,7.4022216796875,-67.550903320312,60.453979492188,
0.215,17.972534179688,-66.710083007812,49.283081054688,
0.2155,26.300659179688,-69.072387695312,43.357299804688,
0.216,40.954956054688,-66.790161132812,25.860229492188,
0.2165,45.159057617188,-71.434692382812,26.220581054688,
0.217,57.571166992188,-66.189575195312,8.2030029296875,
0.2175,61.014526367188,-63.707153320312,1.9168701171875,
0.218,65.178588867188,-55.459106445312,-10.775512695312,
0.2185,66.900268554688,-43.247192382812,-24.508911132812,
0.219,74.267456054688,-40.884887695312,-33.517700195312,
0.2195,71.064331054688,-21.946411132812,-48.812622070312,
0.22,73.907104492188,-23.107543945312,-49.333129882812,
0.2205,65.058471679688,-3.0880126953125,-58.942504882812,
0.221,60.774291992188,3.8787841796875,-62.105590820312,
0.2215,52.486206054688,16.691284179688,-66.549926757812,
0.222,40.154174804688,31.425659179688,-67.911254882812,
0.2225,37.711791992188,40.394409179688,-76.279418945312,
0.223,20.454956054688,49.323120117188,-68.191528320312,
0.2235,17.692260742188,51.164916992188,-68.071411132812,
0.224,0.7557373046875,60.213745117188,-59.543090820312,
0.2245,-9.6544189453125,63.577026367188,-54.498168945312,
0.225,-22.466918945312,71.104370117188,-49.693481445312,
0.2255,-38.282348632812,70.663940429688,-33.397583007812,
0.226,-40.164184570312,72.385620117188,-33.637817382812,
0.2265,-50.814575195312,62.375854492188,-12.537231445312,
0.227,-54.818481445312,64.297729492188,-10.655395507812,
0.2275,-66.189575195312,57.571166992188,7.9627685546875,
0.228,-71.594848632812,51.365112304688,19.453979492188,
0.2285,-76.359497070312,45.479370117188,29.904174804688,
0.229,-71.514770507812,29.383666992188,41.235229492188,
0.2295,-72.755981445312,27.541870117188,43.677612304688,
0.23,-67.991333007812,10.244995117188,57.491088867188,
0.2305,-68.431762695312,2.9979248046875,63.336791992188,
0.231,-61.464965820312,-11.296020507812,70.623901367188,
0.2315,-49.773559570312,-24.068481445312,71.825073242188,
0.232,-44.408325195312,-31.075317382812,73.907104492188,
0.2325,-24.709106445312,-43.287231445312,66.579956054688,
0.233,-25.670043945312,-45.449340820312,71.744995117188,
0.2335,-4.2091064453125,-60.944458007812,64.738159179688,
0.234,2.1971435546875,-64.187622070312,62.255737304688,
0.2345,15.329956054688,-67.470825195312,52.646362304688,
0.235,28.342651367188,-67.270629882812,39.353393554688,
0.2355,37.271362304688,-72.916137695312,35.990112304688,
0.236,50.043823242188,-69.512817382812,19.013549804688,
0.2365,54.448120117188,-73.156372070312,18.052612304688,
0.237,63.737182617188,-64.067504882812,0.2752685546875,
0.2375,65.458862304688,-58.862426757812,-7.8927001953125,
0.238,70.423706054688,-51.655395507812,-19.984497070312,
0.2385,71.144409179688,-36.640747070312,-35.279418945312,
0.239,77.550659179688,-35.319458007812,-41.805786132812,
0.2395,69.422729492188,-16.180786132812,-52.496215820312,
0.24,69.382690429688,-14.338989257812,-53.056762695312,
0.2405,59.252807617188,3.3582763671875,-60.303833007812,
0.241,53.126831054688,13.688354492188,-64.027465820312,
0.2415,46.960815429688,25.459838867188,-69.672973632812,
0.242,32.066284179688,40.354370117188,-69.913208007812,
0.2425,32.026245117188,44.238159179688,-73.116333007812,
0.243,12.407104492188,54.087768554688,-65.068481445312,
0.2435,8.0428466796875,57.130737304688,-64.668090820312,
0.244,-7.9727783203125,65.899291992188,-58.021606445312,
0.2445,-21.746215820312,72.385620117188,-49.973754882812,
0.245,-31.715942382812,77.630737304688,-46.650512695312,
0.2455,-43.807739257812,70.944213867188,-28.032348632812,
0.246,-43.967895507812,71.664916992188,-28.833129882812,
0.2465,-56.380004882812,64.177612304688,-7.2520751953125,
0.247,-63.306762695312,64.297729492188,-1.8868408203125,
0.2475,-72.115356445312,57.370971679688,14.048706054688,
0.248,-71.995239257812,45.159057617188,26.100463867188,
0.2485,-73.716918945312,39.473510742188,33.027221679688,
0.249,-67.991333007812,22.136596679688,44.718627929688,
0.2495,-71.114379882812,19.854370117188,49.443237304688,
0.25,-66.509887695312,1.9168701171875,62.816284179688,
0.2505,-63.226684570312,-6.5313720703125,67.580932617188,
0.251,-55.178833007812,-18.262817382812,71.464721679688,
0.2515,-39.883911132812,-31.475708007812,69.582885742188,
0.252,-37.361450195312,-38.402465820312,74.627807617188,
0.2525,-18.222778320312,-51.174926757812,68.381713867188,
0.253,-15.380004882812,-56.700317382812,73.146362304688,
0.2535,2.9178466796875,-67.871215820312,65.018432617188,
0.254,11.926635742188,-69.472778320312,57.931518554688,
0.2545,24.338745117188,-71.354614257812,48.722534179688,
0.255,38.032104492188,-71.514770507812,33.347534179688,
0.2555,44.678588867188,-76.920043945312,31.705932617188,
0.256,57.010620117188,-70.954223632812,12.567260742188,
0.2565,59.733276367188,-70.033325195312,8.6434326171875,
0.257,65.178588867188,-60.063598632812,-7.4122314453125,
0.2575,67.941284179688,-51.455200195312,-18.422973632812,
0.258,73.506713867188,-45.369262695312,-28.192504882812,
0.2585,72.505737304688,-28.232543945312,-44.808715820312,
0.259,75.068237304688,-27.631958007812,-46.450317382812,
0.2595,64.818237304688,-7.6524658203125,-55.819458007812,
0.26,64.177612304688,-2.9678955078125,-58.502075195312,
0.2605,56.289916992188,13.568237304688,-66.790161132812,
0.261,47.641479492188,26.500854492188,-70.874145507812,
0.2615,43.036987304688,37.511596679688,-77.880981445312,
0.262,26.220581054688,48.161987304688,-71.915161132812,
0.2625,24.018432617188,49.563354492188,-71.915161132812,
0.263,5.4803466796875,60.854370117188,-65.308715820312,
0.2635,-2.4874267578125,66.219604492188,-63.587036132812,
0.264,-16.861450195312,73.266479492188,-56.900512695312,
0.2645,-31.395629882812,74.627807617188,-43.927856445312,
0.265,-36.961059570312,75.708862304688,-39.563598632812,
0.2655,-46.730590820312,65.538940429688,-19.744262695312,
0.266,-50.614379882812,68.181518554688,-18.783325195312,
0.2665,-64.467895507812,62.135620117188,1.7166748046875,
0.267,-69.232543945312,58.251831054688,10.204956054688,
0.2675,-72.675903320312,49.723510742188,22.096557617188,
0.268,-70.633911132812,34.668823242188,35.149291992188,
0.2685,-73.636840820312,31.745971679688,40.514526367188,
0.269,-69.913208007812,13.768432617188,54.808471679688,
0.2695,-73.596801757812,9.9647216796875,61.575073242188,
0.27,-66.509887695312,-6.4512939453125,70.944213867188,
0.2705,-57.781372070312,-16.380981445312,72.225463867188,
0.271,-50.334106445312,-26.671020507812,75.308471679688,
0.2715,-33.157348632812,-40.724731445312,72.425659179688,
0.272,-32.676879882812,-45.489379882812,77.750854492188,
0.2725,-10.655395507812,-61.144653320312,71.224487304688,
0.273,-7.2120361328125,-63.306762695312,70.543823242188,
0.2735,9.4442138671875,-67.630981445312,58.572143554688,
0.274,20.454956054688,-68.631958007812,48.602416992188,
0.2745,31.866088867188,-74.037231445312,43.557495117188,
0.275,47.401245117188,-72.836059570312,26.020385742188,
0.2755,50.644409179688,-75.838989257812,23.858276367188,
0.276,60.974487304688,-67.310668945312,4.5994873046875,
0.2765,62.936401367188,-64.147583007812,-1.5665283203125,
0.277,69.062377929688,-55.779418945312,-16.100708007812,
0.2775,74.667846679688,-46.089965820312,-30.634887695312,
0.278,81.074096679688,-41.605590820312,-40.084106445312,
0.2785,74.267456054688,-22.787231445312,-51.094848632812,
0.279,74.908081054688,-20.665161132812,-52.255981445312,
0.2795,65.859252929688,-0.5255126953125,-61.505004882812,
0.28,64.057495117188,7.2020263671875,-66.229614257812,
0.2805,55.328979492188,21.375854492188,-72.755981445312,
0.281,42.516479492188,34.949096679688,-73.796997070312,
0.2815,37.071166992188,41.595581054688,-75.518676757812,
0.282,19.333862304688,50.604370117188,-67.430786132812,
0.2825,15.690307617188,54.207885742188,-68.511840820312,
0.283,-1.8067626953125,64.858276367188,-62.505981445312,
0.2835,-12.737426757812,70.623901367188,-58.181762695312,
0.284,-24.508911132812,75.268432617188,-51.415161132812,
0.2845,-37.721801757812,70.663940429688,-33.838012695312,
0.285,-41.805786132812,72.866088867188,-32.356567382812,
0.2855,-55.459106445312,66.419799804688,-11.736450195312,
0.286,-62.025512695312,69.943237304688,-9.0137939453125,
0.2865,-73.356567382812,63.136596679688,9.6444091796875,
0.287,-74.958129882812,54.608276367188,19.614135742188,
0.2875,-75.478637695312,45.759643554688,28.783081054688,
0.288,-72.715942382812,30.104370117188,41.675659179688,
0.2885,-76.639770507812,27.581909179688,47.481323242188,
0.289,-72.916137695312,9.0838623046875,62.135620117188,
0.2895,-71.714965820312,3.1180419921875,66.459838867188,
0.29,-61.665161132812,-10.935668945312,70.503784179688,
0.2905,-50.133911132812,-23.107543945312,71.224487304688,
0.291,-44.088012695312,-32.716918945312,75.268432617188,
0.2915,-25.790161132812,-46.810668945312,71.264526367188,
0.292,-24.508911132812,-52.576293945312,76.789916992188,
0.2925,-3.3282470703125,-64.347778320312,67.380737304688,
0.293,2.5174560546875,-66.029418945312,63.737182617188,
0.2935,17.492065429688,-70.433715820312,53.246948242188,
0.294,31.185424804688,-72.996215820312,41.755737304688,
0.2945,43.557495117188,-79.922973632812,36.991088867188,
0.295,53.367065429688,-74.677856445312,19.854370117188,
0.2955,56.810424804688,-74.477661132812,15.490112304688,
0.296,65.498901367188,-65.949340820312,-2.5274658203125,
0.2965,69.262573242188,-60.504028320312,-11.856567382812,
0.297,76.469604492188,-52.536254882812,-24.989379882812,
0.2975,77.630737304688,-38.642700195312,-40.084106445312,
0.298,79.872924804688,-35.119262695312,-44.047973632812,
0.2985,69.823120117188,-14.258911132812,-54.057739257812,
0.299,69.943237304688,-10.735473632812,-55.899536132812,
0.2995,61.895385742188,8.0428466796875,-66.029418945312,
0.3,56.289916992188,18.973510742188,-70.673950195312,
0.3005,48.522338867188,30.184448242188,-74.397583007812,
0.301,32.466674804688,42.636596679688,-71.394653320312,
0.3015,28.903198242188,45.919799804688,-72.075317382812,
0.302,10.965698242188,57.130737304688,-66.109497070312,
0.3025,5.2801513671875,63.136596679688,-67.671020507812,
0.303,-10.575317382812,72.185424804688,-61.585083007812,
0.3035,-23.347778320312,75.268432617188,-51.255004882812,
0.304,-32.196411132812,77.110229492188,-45.809692382812,
0.3045,-44.888793945312,70.904174804688,-27.031372070312,
0.305,-47.571411132812,73.586791992188,-27.431762695312,
0.3055,-63.186645507812,67.781127929688,-5.4503173828125,
0.306,-67.390747070312,67.180541992188,-0.8057861328125,
0.3065,-71.915161132812,56.570190429688,14.609252929688,
0.307,-71.154418945312,44.678588867188,25.660034179688,
0.3075,-74.517700195312,38.112182617188,35.069213867188,
0.308,-71.114379882812,22.577026367188,47.321166992188,
0.3085,-74.637817382812,20.054565429688,52.686401367188,
0.309,-68.311645507812,2.3973388671875,65.338745117188,
0.3095,-63.587036132812,-5.4102783203125,66.700073242188,
0.31,-55.178833007812,-18.302856445312,71.424682617188,
0.3105,-42.446411132812,-33.277465820312,73.827026367188,
0.311,-39.563598632812,-41.485473632812,80.433471679688,
0.3115,-20.024536132812,-55.379028320312,74.347534179688,
0.312,-17.502075195312,-58.862426757812,76.069213867188,
0.3125,1.8768310546875,-67.430786132812,65.458862304688,
0.313,10.965698242188,-70.353637695312,59.573120117188,
0.3135,24.258666992188,-75.358520507812,52.526245117188,
0.314,39.233276367188,-76.599731445312,36.870971679688,
0.3145,44.758666992188,-78.561645507812,32.947143554688,
0.315,56.369995117188,-70.994262695312,15.369995117188,
0.3155,57.811401367188,-68.912231445312,8.6834716796875,
0.316,66.499877929688,-61.785278320312,-7.6524658203125,
0.3165,72.025268554688,-54.458129882812,-20.064575195312,
0.317,77.870971679688,-48.572387695312,-30.795043945312,
0.3175,73.586791992188,-29.954223632812,-43.967895507812,
0.318,74.547729492188,-27.912231445312,-45.209106445312,
0.3185,66.539916992188,-7.6524658203125,-56.660278320312,
0.319,67.741088867188,-2.1270751953125,-61.545043945312,
0.3195,61.294799804688,15.249877929688,-71.955200195312,
0.32,51.565307617188,28.182495117188,-73.837036132812,
0.3205,44.037963867188,35.669799804688,-75.678833007812,
0.321,27.181518554688,47.080932617188,-70.994262695312,
0.3215,24.258666992188,51.765502929688,-73.917114257812,
0.322,5.9608154296875,64.297729492188,-69.072387695312,
0.3225,-2.0870361328125,69.703002929688,-67.550903320312,
0.323,-15.339965820312,72.665893554688,-57.941528320312,
0.3235,-28.272583007812,73.026245117188,-44.568481445312,
0.324,-36.600708007812,74.507690429688,-39.403442382812,
0.3245,-49.613403320312,68.862182617188,-20.464965820312,
0.325,-55.338989257812,73.306518554688,-19.423950195312,
0.3255,-67.751098632812,65.538940429688,1.3162841796875,
0.326,-69.632934570312,60.494018554688,8.1229248046875,
0.3265,-71.554809570312,49.683471679688,20.855346679688,
0.327,-72.916137695312,36.991088867188,34.909057617188,
0.3275,-78.721801757812,33.347534179688,43.837768554688,
0.328,-74.878051757812,17.371948242188,56.009643554688,
0.3285,-75.358520507812,12.447143554688,60.814331054688,
0.329,-66.549926757812,-3.9288330078125,68.261596679688,
0.3295,-58.822387695312,-14.419067382812,70.944213867188,
0.33,-52.215942382812,-26.871215820312,77.390502929688,
0.3305,-36.280395507812,-42.566528320312,77.350463867188,
0.331,-34.318481445312,-46.610473632812,80.393432617188,
0.3315,-12.657348632812,-59.022583007812,70.944213867188,
0.332,-8.3331298828125,-60.544067382812,68.822143554688,
0.3325,9.2840576171875,-68.431762695312,59.332885742188,
0.333,21.696166992188,-72.275512695312,50.804565429688,
0.3335,33.667846679688,-78.241333007812,44.318237304688,
0.334,47.401245117188,-74.677856445312,27.822143554688,
0.3345,48.762573242188,-73.636840820312,23.698120117188,
0.335,60.013549804688,-67.150512695312,5.0399169921875,
0.3355,65.739135742188,-65.669067382812,-2.4473876953125,
0.336,74.467651367188,-59.543090820312,-17.301879882812,
0.3365,79.472534179688,-49.413208007812,-31.395629882812,
0.337,81.434448242188,-42.966918945312,-38.762817382812,
0.3375,72.705932617188,-23.668090820312,-48.252075195312,
0.338,74.948120117188,-20.785278320312,-51.535278320312,
0.3385,68.581909179688,-0.0850830078125,-65.068481445312,
0.339,67.060424804688,7.6424560546875,-69.913208007812,
0.3395,57.491088867188,21.495971679688,-74.237426757812,
0.34,43.677612304688,32.506713867188,-71.915161132812,
0.3405,36.710815429688,40.994995117188,-73.076293945312,
0.341,19.854370117188,50.524291992188,-67.791137695312,
0.3415,15.810424804688,57.330932617188,-71.835083007812,
0.342,-1.5665283203125,67.741088867188,-65.869262695312,
0.3425,-10.895629882812,70.623901367188,-60.343872070312,
0.343,-22.627075195312,74.307495117188,-51.655395507812,
0.3435,-36.480590820312,70.944213867188,-35.839965820312,
0.344,-43.647583007812,75.909057617188,-33.878051757812,
0.3445,-58.702270507812,71.464721679688,-13.938598632812,
0.345,-63.707153320312,73.706909179688,-11.416137695312,
0.3455,-70.834106445312,63.416870117188,6.5213623046875,
0.346,-72.315551757812,55.208862304688,16.090698242188,
0.3465,-74.958129882812,46.640502929688,27.181518554688,
0.347,-75.438598632812,32.226440429688,42.036010742188,
0.3475,-79.122192382812,30.744995117188,47.761596679688,
0.348,-72.836059570312,12.407104492188,58.732299804688,
0.3485,-69.232543945312,6.2410888671875,60.694213867188,
0.349,-60.904418945312,-8.0128173828125,66.579956054688,
0.3495,-51.695434570312,-21.305786132812,70.824096679688,
0.35,-46.850708007812,-32.316528320312,77.670776367188,
0.3505,-29.193481445312,-46.490356445312,74.107299804688,
0.351,-28.112426757812,-47.331176757812,74.627807617188,
0.3515,-7.5723876953125,-58.742309570312,65.819213867188,
0.352,-1.2061767578125,-61.505004882812,64.017456054688,
0.3525,14.769409179688,-71.274536132812,56.810424804688,
0.353,28.783081054688,-75.118286132812,46.480346679688,
0.3535,38.392456054688,-79.282348632812,40.834838867188,
0.354,47.641479492188,-72.275512695312,24.178588867188,
0.3545,50.684448242188,-72.155395507812,20.935424804688,
0.355,61.895385742188,-66.229614257812,3.1180419921875,
0.3555,68.742065429688,-63.587036132812,-6.3311767578125,
0.356,75.068237304688,-56.460083007812,-19.584106445312,
0.3565,75.588745117188,-41.965942382812,-32.877075195312,
0.357,76.069213867188,-36.520629882812,-38.642700195312,
0.3575,69.182495117188,-18.142700195312,-48.732543945312,
0.358,70.784057617188,-15.219848632812,-53.136840820312,
0.3585,64.537963867188,3.9989013671875,-65.669067382812,
0.359,59.453002929688,13.408081054688,-69.312622070312,
0.3595,49.603393554688,25.619995117188,-70.513793945312,
0.36,35.189331054688,36.951049804688,-67.911254882812,
0.3605,31.425659179688,43.997924804688,-73.356567382812,
0.361,14.609252929688,56.890502929688,-69.993286132812,
0.3615,10.244995117188,63.136596679688,-70.473754882812,
0.362,-6.2510986328125,69.462768554688,-63.506958007812,
0.3625,-17.582153320312,70.944213867188,-54.297973632812,
0.363,-28.032348632812,74.267456054688,-47.691528320312,
0.3635,-42.806762695312,72.025268554688,-30.594848632812,
0.364,-46.770629882812,76.869995117188,-30.434692382812,
0.3645,-60.704223632812,69.022338867188,-9.4141845703125,
0.365,-62.265747070312,66.019409179688,-5.0098876953125,
0.3655,-67.550903320312,56.329956054688,10.285034179688,
0.366,-69.032348632812,45.839721679688,22.256713867188,
0.3665,-75.038208007812,40.514526367188,33.227416992188,
0.367,-72.996215820312,25.459838867188,46.280151367188,
0.3675,-73.596801757812,22.216674804688,49.483276367188,
0.368,-67.230590820312,5.6004638671875,59.813354492188,
0.3685,-63.867309570312,-2.4073486328125,63.977416992188,
0.369,-56.380004882812,-15.540161132812,70.944213867188,
0.3695,-46.530395507812,-31.035278320312,75.708862304688,
0.37,-42.526489257812,-39.163208007812,80.553588867188,
0.3705,-24.068481445312,-48.572387695312,71.464721679688,
0.371,-21.666137695312,-51.695434570312,74.307495117188,
0.3715,-2.2872314453125,-63.306762695312,65.578979492188,
0.372,6.6815185546875,-68.912231445312,62.696166992188,
0.3725,20.174682617188,-74.157348632812,54.568237304688,
0.373,32.706909179688,-73.316528320312,40.914916992188,
0.3735,39.193237304688,-73.957153320312,34.989135742188,
0.374,48.482299804688,-67.470825195312,18.533081054688,
0.3745,54.488159179688,-69.232543945312,14.208862304688,
0.375,64.658081054688,-63.747192382812,-2.1270751953125,
0.3755,69.743041992188,-57.941528320312,-12.857543945312,
0.376,72.866088867188,-50.454223632812,-23.267700195312,
0.3765,69.983276367188,-33.958129882812,-36.520629882812,
0.377,74.227416992188,-31.755981445312,-41.845825195312,
0.3775,69.462768554688,-12.897583007812,-55.419067382812,
0.378,71.945190429688,-8.6134033203125,-60.904418945312,
0.3785,63.336791992188,7.4022216796875,-67.991333007812,
0.379,55.088745117188,17.572143554688,-68.311645507812,
0.3795,46.760620117188,27.541870117188,-71.554809570312,
0.38,31.866088867188,41.395385742188,-70.794067382812,
0.3805,29.423706054688,47.040893554688,-74.797973632812,
0.381,13.247924804688,57.531127929688,-69.632934570312,
0.3815,6.0809326171875,59.733276367188,-65.629028320312,
0.382,-6.7315673828125,63.416870117188,-57.220825195312,
0.3825,-20.745239257812,66.299682617188,-46.530395507812,
0.383,-29.473754882812,72.145385742188,-42.926879882812,
0.3835,-45.489379882812,69.382690429688,-25.029418945312,
0.384,-46.650512695312,70.423706054688,-25.189575195312,
0.3845,-56.540161132812,61.855346679688,-6.2510986328125,
0.385,-59.943481445312,58.291870117188,0.5955810546875,
0.3855,-65.348754882812,51.445190429688,14.369018554688,
0.386,-70.954223632812,41.075073242188,29.103393554688,
0.3865,-77.080200195312,37.071166992188,38.712768554688,
0.387,-71.234497070312,22.256713867188,47.841674804688,
0.3875,-70.633911132812,18.172729492188,50.644409179688,
0.388,-64.708129882812,2.6375732421875,60.333862304688,
0.3885,-61.224731445312,-6.4112548828125,66.780151367188,
0.389,-55.979614257812,-20.384887695312,74.387573242188,
0.3895,-41.285278320312,-34.118286132812,73.626831054688,
0.39,-37.841918945312,-38.162231445312,74.908081054688,
0.3905,-19.183715820312,-47.571411132812,65.699096679688,
0.391,-15.460083007812,-52.936645507812,68.141479492188,
0.3915,2.4774169921875,-64.387817382812,62.015502929688,
0.392,13.568237304688,-69.873168945312,56.650268554688,
0.3925,23.858276367188,-71.955200195312,48.642456054688,
0.393,36.150268554688,-69.072387695312,32.987182617188,
0.3935,41.115112304688,-70.994262695312,30.104370117188,
0.394,55.088745117188,-67.430786132812,13.328002929688,
0.3945,61.815307617188,-69.672973632812,7.2020263671875,
0.395,69.382690429688,-63.026489257812,-7.4122314453125,
0.3955,70.784057617188,-52.776489257812,-18.903442382812,
0.396,72.826049804688,-45.969848632812,-27.191528320312,
0.3965,69.582885742188,-28.512817382812,-41.085083007812,
0.397,73.706909179688,-27.351684570312,-45.129028320312,
0.3975,68.381713867188,-9.1339111328125,-57.220825195312,
0.398,65.699096679688,-2.7677001953125,-60.263793945312,
0.3985,56.049682617188,10.084838867188,-63.146606445312,
0.399,44.158081054688,21.816284179688,-63.026489257812,
0.3995,39.473510742188,31.705932617188,-68.712036132812,
0.4,24.498901367188,45.159057617188,-67.550903320312,
0.4005,21.455932617188,51.244995117188,-70.233520507812,
0.401,5.9207763671875,58.331909179688,-63.627075195312,
0.4015,-2.5274658203125,60.333862304688,-58.061645507812,
0.402,-14.619262695312,65.779174804688,-51.975708007812,
0.4025,-30.354614257812,69.062377929688,-38.442504882812,
0.403,-39.083129882812,75.989135742188,-38.002075195312,
0.4035,-49.493286132812,69.222534179688,-20.745239257812,
0.404,-51.815551757812,69.342651367188,-18.863403320312,
0.4045,-60.624145507812,61.374877929688,-1.5665283203125,
0.405,-65.709106445312,56.570190429688,8.2830810546875,
0.4055,-71.915161132812,50.444213867188,20.655151367188,
0.406,-71.755004882812,37.471557617188,34.748901367188,
0.4065,-74.037231445312,33.587768554688,38.993041992188,
0.407,-67.630981445312,17.732299804688,48.602416992188,
0.4075,-67.270629882812,12.286987304688,53.046752929688,
0.408,-61.545043945312,-2.5274658203125,62.095581054688,
0.4085,-56.059692382812,-15.259887695312,70.463745117188,
0.409,-50.133911132812,-25.509887695312,73.666870117188,
0.4095,-33.197387695312,-37.601684570312,69.062377929688,
0.41,-31.635864257812,-40.284301757812,70.904174804688,
0.4105,-13.618286132812,-51.735473632812,64.377807617188,
0.411,-7.5723876953125,-58.982543945312,66.259643554688,
0.4115,8.4432373046875,-68.311645507812,59.893432617188,
0.412,19.854370117188,-69.272583007812,49.523315429688,
0.4125,28.622924804688,-71.274536132812,42.916870117188,
0.413,40.834838867188,-68.271606445312,27.061401367188,
0.4135,45.159057617188,-70.353637695312,24.899291992188,
0.414,56.930541992188,-66.589965820312,8.6033935546875,
0.4145,62.415893554688,-63.667114257812,0.2752685546875,
0.415,66.339721679688,-55.819458007812,-11.696411132812,
0.4155,66.419799804688,-42.806762695312,-24.588989257812,
0.416,70.744018554688,-38.322387695312,-32.516723632812,
0.4165,67.340698242188,-20.905395507812,-46.049926757812,
0.417,69.542846679688,-19.544067382812,-48.292114257812,
0.4175,63.256713867188,-2.0870361328125,-58.982543945312,
0.418,57.971557617188,6.5213623046875,-61.464965820312,
0.4185,50.524291992188,17.972534179688,-65.308715820312,
0.419,38.392456054688,33.307495117188,-67.430786132812,
0.4195,34.628784179688,41.315307617188,-73.877075195312,
0.42,20.174682617188,50.884643554688,-69.112426757812,
0.4205,15.089721679688,54.728393554688,-68.872192382812,
0.421,0.2752685546875,61.655151367188,-61.665161132812,
0.4215,-11.296020507812,67.901245117188,-55.779418945312,
0.422,-23.227661132812,72.665893554688,-50.414184570312,
0.4225,-38.002075195312,71.985229492188,-34.959106445312,
0.423,-41.165161132812,73.266479492188,-33.597778320312,
0.4235,-49.893676757812,63.937377929688,-15.099731445312,
0.424,-54.137817382812,63.536987304688,-10.655395507812,
0.4245,-63.186645507812,56.490112304688,5.8807373046875,
0.425,-67.831176757812,49.122924804688,17.812377929688,
0.4255,-72.555786132812,42.916870117188,28.502807617188,
0.426,-69.352661132812,28.422729492188,39.873901367188,
0.4265,-70.233520507812,24.699096679688,43.837768554688,
0.427,-66.149536132812,8.6033935546875,56.009643554688,
0.4275,-66.029418945312,0.7557373046875,63.136596679688,
0.428,-59.983520507812,-11.536254882812,70.703979492188,
0.4285,-49.213012695312,-25.790161132812,72.986206054688,
0.429,-43.207153320312,-33.637817382812,75.268432617188,
0.4295,-26.030395507812,-44.168090820312,68.782104492188,
0.43,-23.147583007812,-49.533325195312,72.065307617188,
0.4305,-4.5294189453125,-62.946411132812,67.020385742188,
0.431,3.9588623046875,-67.230590820312,63.256713867188,
0.4315,15.730346679688,-69.072387695312,53.527221679688,
0.432,28.102416992188,-67.871215820312,40.994995117188,
0.4325,36.430541992188,-71.074340820312,34.468627929688,
0.433,47.601440429688,-67.791137695312,20.494995117188,
0.4335,52.806518554688,-67.911254882812,15.209838867188,
0.434,61.855346679688,-63.186645507812,-0.5255126953125,
0.4345,64.017456054688,-55.419067382812,-10.335083007812,
0.435,68.822143554688,-48.852661132812,-21.465942382812,
0.4355,69.662963867188,-33.998168945312,-36.400512695312,
0.436,75.548706054688,-31.675903320312,-43.367309570312,
0.4365,70.824096679688,-13.978637695312,-55.619262695312,
0.437,70.343627929688,-9.4141845703125,-58.261840820312,
0.4375,61.214721679688,6.0809326171875,-64.107543945312,
0.438,53.847534179688,16.771362304688,-67.030395507812,
0.4385,47.641479492188,27.942260742188,-72.195434570312,
0.439,34.068237304688,41.595581054688,-72.755981445312,
0.4395,30.544799804688,45.919799804688,-73.036254882812,
0.44,14.889526367188,53.166870117188,-66.509887695312,
0.4405,7.7625732421875,56.610229492188,-63.827270507812,
0.441,-6.2911376953125,63.016479492188,-57.020629882812,
0.4415,-20.785278320312,69.222534179688,-49.213012695312,
0.442,-31.395629882812,74.747924804688,-44.568481445312,
0.4425,-43.247192382812,69.382690429688,-27.191528320312,
0.443,-44.208129882812,69.022338867188,-26.310668945312,
0.4435,-56.259887695312,62.335815429688,-7.0518798828125,
0.444,-62.586059570312,61.575073242188,1.2762451171875,
0.4445,-71.314575195312,55.248901367188,15.209838867188,
0.445,-73.556762695312,44.958862304688,27.782104492188,
0.4455,-74.597778320312,38.032104492188,35.269409179688,
0.446,-69.392700195312,23.257690429688,44.958862304688,
0.4465,-70.954223632812,18.132690429688,50.964721679688,
0.447,-67.430786132812,2.7576904296875,62.856323242188,
0.4475,-63.466918945312,-7.8526611328125,69.142456054688,
0.448,-56.420043945312,-18.983520507812,73.306518554688,
0.4485,-40.604614257812,-31.115356445312,69.783081054688,
0.449,-36.480590820312,-35.880004882812,72.305541992188,
0.4495,-19.143676757812,-48.252075195312,66.299682617188,
0.45,-15.219848632812,-54.818481445312,69.542846679688,
0.4505,2.3973388671875,-65.869262695312,63.416870117188,
0.451,12.767456054688,-68.471801757812,55.929565429688,
0.4515,22.697143554688,-69.232543945312,46.880737304688,
0.452,36.670776367188,-69.232543945312,32.346557617188,
0.4525,44.558471679688,-73.716918945312,29.183471679688,
0.453,57.370971679688,-71.514770507812,13.087768554688,
0.4535,62.616088867188,-70.113403320312,6.3612060546875,
0.454,67.340698242188,-61.545043945312,-7.3721923828125,
0.4545,69.823120117188,-51.735473632812,-19.383911132812,
0.455,74.547729492188,-45.569458007812,-29.553833007812,
0.4555,73.867065429688,-29.433715820312,-44.368286132812,
0.456,76.149291992188,-27.431762695312,-47.251098632812,
0.4565,68.021362304688,-8.5333251953125,-57.941528320312,
0.457,64.497924804688,-1.9669189453125,-59.463012695312,
0.4575,55.208862304688,12.647338867188,-64.427856445312,
0.458,45.759643554688,25.299682617188,-67.630981445312,
0.4585,40.034057617188,36.750854492188,-73.917114257812,
0.459,25.700073242188,47.000854492188,-70.233520507812,
0.4595,20.975463867188,49.683471679688,-69.272583007812,
0.46,5.0799560546875,58.452026367188,-62.826293945312,
0.4605,-4.6094970703125,65.338745117188,-59.703247070312,
0.461,-18.503051757812,71.985229492188,-54.338012695312,
0.4615,-34.038208007812,75.869018554688,-42.686645507812,
0.462,-40.484497070312,77.951049804688,-38.482543945312,
0.4625,-48.732543945312,68.381713867188,-20.745239257812,
0.463,-52.576293945312,68.702026367188,-17.582153320312,
0.4635,-64.507934570312,62.536010742188,1.1160888671875,
0.464,-70.713989257812,58.291870117188,11.486206054688,
0.4645,-74.797973632812,50.163940429688,23.658081054688,
0.465,-72.595825195312,37.151245117188,35.709838867188,
0.4655,-72.395629882812,30.304565429688,40.474487304688,
0.466,-68.231567382812,14.849487304688,51.885620117188,
0.4665,-69.072387695312,7.9627685546875,60.213745117188,
0.467,-64.147583007812,-6.4913330078125,68.541870117188,
0.4675,-55.619262695312,-18.422973632812,71.865112304688,
0.468,-48.452270507812,-27.792114257812,74.387573242188,
0.4685,-31.675903320312,-40.844848632812,70.904174804688,
0.469,-29.593872070312,-45.369262695312,74.107299804688,
0.4695,-10.214965820312,-60.504028320312,70.143432617188,
0.47,-4.0089111328125,-65.949340820312,69.943237304688,
0.4705,11.125854492188,-70.994262695312,60.133666992188,
0.471,22.456909179688,-71.394653320312,49.243041992188,
0.4715,33.187377929688,-75.158325195312,42.196166992188,
0.472,45.519409179688,-73.396606445312,27.381713867188,
0.4725,51.725463867188,-75.678833007812,23.137573242188,
0.473,61.294799804688,-69.432739257812,6.5213623046875,
0.4735,63.857299804688,-63.707153320312,-1.7266845703125,
0.474,67.380737304688,-54.778442382812,-14.258911132812,
0.4745,71.264526367188,-43.847778320312,-28.592895507812,
0.475,76.589721679688,-38.402465820312,-38.202270507812,
0.4755,71.945190429688,-21.706176757812,-49.573364257812,
0.476,72.545776367188,-17.702270507812,-52.576293945312,
0.4765,64.137573242188,0.2752685546875,-61.585083007812,
0.477,61.494995117188,9.3240966796875,-65.829223632812,
0.4775,52.686401367188,22.857299804688,-71.795043945312,
0.478,41.355346679688,36.430541992188,-73.036254882812,
0.4785,35.149291992188,44.398315429688,-77.040161132812,
0.479,20.615112304688,51.565307617188,-70.193481445312,
0.4795,13.928588867188,56.089721679688,-69.232543945312,
0.48,-1.4063720703125,65.258666992188,-63.787231445312,
0.4805,-14.058715820312,71.544799804688,-58.261840820312,
0.481,-25.670043945312,76.669799804688,-52.055786132812,
0.4815,-38.722778320312,72.545776367188,-35.079223632812,
0.482,-42.166137695312,72.345581054688,-31.996215820312,
0.4825,-52.976684570312,65.298706054688,-13.498168945312,
0.483,-59.102661132812,65.939331054688,-8.2530517578125,
0.4835,-69.512817382812,59.893432617188,8.7635498046875,
0.484,-72.115356445312,50.964721679688,20.214721679688,
0.4845,-73.716918945312,42.916870117188,29.663940429688,
0.485,-71.354614257812,28.422729492188,41.835815429688,
0.4855,-73.997192382812,23.858276367188,48.362182617188,
0.486,-71.875122070312,8.1629638671875,62.055541992188,
0.4865,-70.233520507812,-0.6856689453125,68.661987304688,
0.487,-62.185668945312,-13.297973632812,73.306518554688,
0.4875,-50.213989257812,-26.030395507812,74.227416992188,
0.488,-43.967895507812,-35.399536132812,78.271362304688,
0.4885,-27.752075195312,-47.451293945312,73.786987304688,
0.489,-24.228637695312,-54.338012695312,78.391479492188,
0.4895,-5.2100830078125,-64.067504882812,70.143432617188,
0.49,2.7576904296875,-67.590942382812,64.938354492188,
0.4905,16.210815429688,-69.873168945312,53.927612304688,
0.491,29.503784179688,-71.434692382812,41.955932617188,
0.4915,40.794799804688,-76.759887695312,35.709838867188,
0.492,50.964721679688,-72.916137695312,20.935424804688,
0.4925,56.410034179688,-72.115356445312,14.489135742188,
0.493,63.697143554688,-64.187622070312,-1.4464111328125,
0.4935,68.221557617188,-57.981567382812,-12.056762695312,
0.494,75.068237304688,-49.973754882812,-25.069458007812,
0.4945,77.630737304688,-37.481567382812,-40.564575195312,
0.495,79.632690429688,-32.877075195312,-45.569458007812,
0.4955,71.224487304688,-14.739379882812,-54.618286132812,
0.496,70.143432617188,-8.6134033203125,-57.941528320312,
0.4965,62.816284179688,8.6834716796875,-67.550903320312,
0.497,56.650268554688,20.735229492188,-72.916137695312,
0.4975,49.122924804688,32.586791992188,-77.840942382812,
0.498,34.388549804688,44.037963867188,-75.038208007812,
0.4985,28.222534179688,46.600463867188,-72.595825195312,
0.499,12.647338867188,55.248901367188,-66.670043945312,
0.4995,3.8787841796875,61.775268554688,-65.468872070312,
0.5,-10.695434570312,70.383666992188,-60.303833007812,
0.5005,-24.789184570312,74.587768554688,-50.894653320312,
0.501,-33.637817382812,76.229370117188,-44.047973632812,
0.5015,-44.928833007812,69.703002929688,-26.190551757812,
0.502,-48.051879882812,71.744995117188,-24.228637695312,
0.5025,-62.986450195312,66.579956054688,-4.6895751953125,
0.503,-69.833129882812,65.458862304688,3.0379638671875,
0.5035,-75.158325195312,56.850463867188,17.371948242188,
0.504,-74.277465820312,44.398315429688,28.863159179688,
0.5045,-75.798950195312,36.830932617188,37.511596679688,
0.505,-72.715942382812,22.897338867188,48.442260742188,
0.5055,-75.999145507812,16.771362304688,57.090698242188,
0.506,-70.954223632812,1.3963623046875,67.500854492188,
0.5065,-64.107543945312,-8.2530517578125,69.943237304688,
0.507,-54.938598632812,-19.544067382812,72.225463867188,
0.5075,-41.045043945312,-33.077270507812,72.105346679688,
0.508,-36.560668945312,-41.285278320312,76.589721679688,
0.5085,-17.942504882812,-54.297973632812,72.305541992188,
0.509,-14.258911132812,-59.863403320312,73.666870117188,
0.5095,3.1180419921875,-66.790161132812,63.496948242188,
0.51,13.247924804688,-69.873168945312,56.730346679688,
0.5105,25.900268554688,-73.837036132812,48.041870117188,
0.511,40.634643554688,-76.319458007812,35.189331054688,
0.5115,48.242065429688,-79.602661132812,30.384643554688,
0.512,58.932495117188,-73.877075195312,14.449096679688,
0.5125,61.414916992188,-69.873168945312,6.5614013671875,
0.513,68.261596679688,-62.505981445312,-8.2130126953125,
0.5135,73.947143554688,-54.418090820312,-21.345825195312,
0.514,79.953002929688,-48.131958007812,-32.556762695312,
0.5145,77.030151367188,-31.235473632812,-45.529418945312,
0.515,75.388549804688,-25.630004882812,-46.290161132812,
0.5155,67.260620117188,-8.0128173828125,-56.420043945312,
0.516,65.018432617188,0.2752685546875,-60.303833007812,
0.5165,58.532104492188,15.730346679688,-68.912231445312,
0.517,48.962768554688,28.142456054688,-71.955200195312,
0.5175,41.755737304688,37.471557617188,-74.958129882812,
0.518,26.741088867188,47.120971679688,-70.553833007812,
0.5185,21.095581054688,51.044799804688,-70.193481445312,
0.519,5.6805419921875,61.855346679688,-65.348754882812,
0.5195,-4.9698486328125,69.422729492188,-64.788208007812,
0.52,-17.862426757812,75.068237304688,-58.221801757812,
0.5205,-31.515747070312,75.428588867188,-45.209106445312,
0.521,-39.243286132812,77.190307617188,-39.523559570312,
0.5215,-49.333129882812,70.423706054688,-22.587036132812,
0.522,-55.819458007812,72.906127929688,-18.943481445312,
0.5225,-68.191528320312,67.140502929688,-0.1651611328125,
0.523,-72.035278320312,61.575073242188,9.1639404296875,
0.5235,-72.796020507812,50.764526367188,20.775268554688,
0.524,-72.115356445312,37.551635742188,34.588745117188,
0.5245,-74.717895507812,31.385620117188,41.595581054688,
0.525,-71.714965820312,17.892456054688,52.205932617188,
0.5255,-72.395629882812,10.365112304688,59.733276367188,
0.526,-64.988403320312,-4.1690673828125,66.860229492188,
0.5265,-56.740356445312,-15.700317382812,69.983276367188,
0.527,-49.693481445312,-27.431762695312,74.988159179688,
0.5275,-34.959106445312,-42.166137695312,75.268432617188,
0.528,-31.836059570312,-48.091918945312,79.352416992188,
0.5285,-12.857543945312,-60.904418945312,72.705932617188,
0.529,-6.2110595703125,-64.107543945312,69.943237304688,
0.5295,9.8846435546875,-70.233520507812,60.293823242188,
0.53,22.416870117188,-73.316528320312,50.884643554688,
0.5305,34.628784179688,-78.921997070312,43.797729492188,
0.531,46.640502929688,-77.040161132812,29.423706054688,
0.5315,50.724487304688,-75.078247070312,23.137573242188,
0.532,60.013549804688,-68.792114257812,6.7615966796875,
0.5325,64.858276367188,-63.987426757812,-2.9278564453125,
0.533,71.825073242188,-57.340942382812,-16.541137695312,
0.5335,78.151245117188,-46.490356445312,-31.515747070312,
0.534,80.113159179688,-38.442504882812,-39.923950195312,
0.5345,72.745971679688,-22.306762695312,-49.172973632812,
0.535,72.826049804688,-16.741333007812,-52.696411132812,
0.5355,67.220581054688,1.8768310546875,-64.828247070312,
0.536,64.217651367188,12.206909179688,-70.954223632812,
0.5365,56.410034179688,25.579956054688,-75.598754882812,
0.537,43.277221679688,37.271362304688,-76.199340820312,
0.5375,35.349487304688,44.358276367188,-76.599731445312,
0.538,21.015502929688,52.286010742188,-70.954223632812,
0.5385,13.888549804688,59.493041992188,-72.675903320312,
0.539,-1.8468017578125,68.822143554688,-67.270629882812,
0.5395,-13.338012695312,72.866088867188,-60.784301757812,
0.54,-24.588989257812,74.507690429688,-51.735473632812,
0.5405,-37.321411132812,71.304565429688,-34.598754882812,
0.541,-43.727661132812,73.186401367188,-31.395629882812,
0.5415,-56.179809570312,68.501831054688,-13.938598632812,
0.542,-62.946411132812,69.462768554688,-8.3331298828125,
0.5425,-70.153442382812,60.774291992188,8.2030029296875,
0.543,-72.355590820312,52.125854492188,18.893432617188,
0.5435,-74.838012695312,43.517456054688,29.944213867188,
0.544,-74.317504882812,30.664916992188,43.597534179688,
0.5445,-78.521606445312,25.940307617188,50.684448242188,
0.545,-74.517700195312,11.286010742188,61.334838867188,
0.5455,-70.353637695312,2.6375732421875,66.619995117188,
0.546,-62.025512695312,-10.775512695312,70.423706054688,
0.5465,-51.255004882812,-24.468872070312,74.747924804688,
0.547,-46.330200195312,-35.719848632812,80.473510742188,
0.5475,-30.795043945312,-48.252075195312,77.630737304688,
0.548,-25.630004882812,-50.173950195312,76.469604492188,
0.5485,-8.8536376953125,-59.182739257812,67.500854492188,
0.549,0.2752685546875,-63.066528320312,62.856323242188,
0.5495,14.849487304688,-69.913208007812,55.369018554688,
0.55,29.143432617188,-73.356567382812,44.398315429688,
0.5505,39.473510742188,-77.520629882812,38.072143554688,
0.551,48.482299804688,-72.115356445312,23.097534179688,
0.5515,53.126831054688,-70.033325195312,16.491088867188,
0.552,64.057495117188,-65.068481445312,1.1160888671875,
0.5525,70.223510742188,-61.024536132812,-8.9737548828125,
0.553,77.590698242188,-53.817504882812,-23.147583007812,
0.5535,77.630737304688,-40.924926757812,-36.720825195312,
0.554,77.911010742188,-34.999145507812,-41.725708007812,
0.5545,70.944213867188,-17.902465820312,-51.455200195312,
0.555,72.305541992188,-11.576293945312,-57.701293945312,
0.5555,66.900268554688,5.6805419921875,-69.112426757812,
0.556,60.814331054688,17.051635742188,-73.877075195312,
0.5565,50.764526367188,27.181518554688,-74.357543945312,
0.557,36.230346679688,38.552612304688,-70.473754882812,
0.5575,30.064331054688,44.318237304688,-72.275512695312,
0.558,15.289916992188,54.848510742188,-69.112426757812,
0.5585,6.8016357421875,63.096557617188,-69.873168945312,
0.559,-7.5723876953125,69.222534179688,-62.425903320312,
0.5595,-19.383911132812,70.703979492188,-52.696411132812,
0.56,-29.794067382812,72.946166992188,-44.968872070312,
0.5605,-43.447387695312,71.264526367188,-29.433715820312,
0.561,-49.293090820312,74.387573242188,-27.071411132812,
0.5615,-63.186645507812,70.623901367188,-8.5333251953125,
0.562,-66.870239257812,67.100463867188,-1.6065673828125,
0.5625,-70.353637695312,56.970581054688,12.407104492188,
0.563,-71.474731445312,46.079956054688,24.458862304688,
0.5635,-76.599731445312,39.473510742188,35.789916992188,
0.564,-75.879028320312,26.580932617188,48.001831054688,
0.5645,-74.317504882812,20.615112304688,52.966674804688,
0.565,-69.152465820312,6.0809326171875,61.094604492188,
0.5655,-62.666137695312,-3.8087158203125,65.338745117188,
0.566,-55.819458007812,-16.180786132812,69.703002929688,
0.5665,-44.488403320312,-31.395629882812,73.706909179688,
0.567,-39.403442382812,-41.165161132812,79.632690429688,
0.5675,-23.748168945312,-49.933715820312,72.345581054688,
0.568,-18.583129882812,-53.256958007812,71.304565429688,
0.5685,-1.6866455078125,-62.706176757812,64.177612304688,
0.569,9.7244873046875,-68.912231445312,59.573120117188,
0.5695,23.097534179688,-75.638793945312,53.086791992188,
0.57,37.071166992188,-77.400512695312,40.474487304688,
0.5705,43.357299804688,-77.360473632812,34.268432617188,
0.571,50.123901367188,-69.192504882812,20.134643554688,
0.5715,56.690307617188,-69.552856445312,12.647338867188,
0.572,66.099487304688,-64.507934570312,-2.4073486328125,
0.5725,72.906127929688,-58.141723632812,-14.098754882812,
0.573,76.189331054688,-50.374145507812,-25.990356445312,
0.5735,71.985229492188,-34.158325195312,-37.681762695312,
0.574,71.945190429688,-29.353637695312,-41.485473632812,
0.5745,66.740112304688,-13.017700195312,-52.215942382812,
0.575,67.380737304688,-5.5303955078125,-59.262817382812,
0.5755,60.654174804688,9.8846435546875,-67.590942382812,
0.576,51.124877929688,20.815307617188,-68.912231445312,
0.5765,43.036987304688,30.344604492188,-70.794067382812,
0.577,29.703979492188,42.116088867188,-69.552856445312,
0.5775,24.939331054688,48.522338867188,-72.235473632812,
0.578,10.845581054688,59.372924804688,-69.392700195312,
0.5785,1.0760498046875,65.298706054688,-66.509887695312,
0.579,-11.255981445312,68.702026367188,-58.261840820312,
0.5795,-24.669067382812,70.423706054688,-46.890747070312,
0.58,-34.678833007812,74.507690429688,-41.325317382812,
0.5805,-47.251098632812,72.065307617188,-26.070434570312,
0.581,-52.896606445312,73.546752929688,-22.106567382812,
0.5815,-61.585083007812,66.099487304688,-5.4102783203125,
0.582,-63.987426757812,59.533081054688,3.4383544921875,
0.5825,-67.671020507812,51.285034179688,15.530151367188,
0.583,-70.353637695312,39.994018554688,29.503784179688,
0.5835,-75.718872070312,34.468627929688,39.833862304688,
0.584,-71.795043945312,22.016479492188,48.482299804688,
0.5845,-69.232543945312,14.729370117188,52.566284179688,
0.585,-63.587036132812,2.5574951171875,60.373901367188,
0.5855,-57.941528320312,-10.655395507812,66.299682617188,
0.586,-53.176879882812,-23.147583007812,74.227416992188,
0.5865,-39.603637695312,-37.801879882812,76.869995117188,
0.587,-35.519653320312,-42.566528320312,77.150268554688,
0.5875,-19.343872070312,-50.654418945312,68.982299804688,
0.588,-12.697387695312,-56.059692382812,68.661987304688,
0.5885,3.3182373046875,-65.508911132812,62.415893554688,
0.589,15.650268554688,-71.314575195312,56.209838867188,
0.5895,26.620971679688,-74.637817382812,48.642456054688,
0.59,37.751831054688,-72.355590820312,34.748901367188,
0.5905,42.396362304688,-70.954223632812,29.023315429688,
0.591,51.405151367188,-66.950317382812,15.049682617188,
0.5915,59.813354492188,-66.469848632812,6.3211669921875,
0.592,67.340698242188,-61.104614257812,-7.1319580078125,
0.5925,70.944213867188,-51.615356445312,-20.064575195312,
0.593,73.146362304688,-44.648559570312,-28.713012695312,
0.5935,70.383666992188,-28.873168945312,-41.325317382812,
0.594,72.625854492188,-25.670043945312,-45.649536132812,
0.5945,68.461791992188,-9.8946533203125,-57.020629882812,
0.595,66.579956054688,-0.9259033203125,-63.106567382812,
0.5955,57.851440429688,11.886596679688,-66.950317382812,
0.596,46.680541992188,23.698120117188,-67.630981445312,
0.5965,40.034057617188,34.108276367188,-71.955200195312,
0.597,27.661987304688,45.399291992188,-71.074340820312,
0.5975,21.415893554688,51.325073242188,-71.714965820312,
0.598,7.9627685546875,60.213745117188,-66.349731445312,
0.5985,-2.8878173828125,61.334838867188,-58.822387695312,
0.599,-14.298950195312,65.819213867188,-52.456176757812,
0.5995,-29.193481445312,67.540893554688,-39.403442382812,
0.6,-38.562622070312,72.986206054688,-35.920043945312,
0.6005,-48.412231445312,68.261596679688,-20.865356445312,
0.601,-51.975708007812,67.020385742188,-16.380981445312,
0.6015,-59.222778320312,59.412963867188,-1.0059814453125,
0.602,-64.748168945312,53.407104492188,10.525268554688,
0.6025,-70.794067382812,48.682495117188,22.536987304688,
0.603,-73.957153320312,36.190307617188,36.951049804688,
0.6035,-75.038208007812,30.985229492188,42.676635742188,
0.604,-70.433715820312,18.052612304688,51.044799804688,
0.6045,-67.791137695312,9.4842529296875,56.410034179688,
0.605,-62.626098632812,-3.4884033203125,64.137573242188,
0.6055,-55.619262695312,-17.662231445312,71.184448242188,
0.606,-49.733520507812,-28.112426757812,76.109252929688,
0.6065,-34.078247070312,-38.922973632812,71.344604492188,
0.607,-30.394653320312,-41.205200195312,70.583862304688,
0.6075,-13.338012695312,-52.055786132812,64.658081054688,
0.608,-5.1700439453125,-59.022583007812,65.338745117188,
0.6085,10.004760742188,-67.630981445312,57.811401367188,
0.609,21.936401367188,-69.953247070312,48.202026367188,
0.6095,31.185424804688,-71.194458007812,40.394409179688,
0.61,41.195190429688,-68.431762695312,27.021362304688,
0.6105,47.681518554688,-69.352661132812,21.616088867188,
0.611,59.332885742188,-67.550903320312,7.3621826171875,
0.6115,66.900268554688,-64.387817382812,-3.2481689453125,
0.612,71.104370117188,-57.220825195312,-14.739379882812,
0.6125,70.784057617188,-44.088012695312,-27.311645507812,
0.613,73.867065429688,-38.122192382812,-35.439575195312,
0.6135,70.824096679688,-23.147583007812,-46.970825195312,
0.614,73.066284179688,-17.982543945312,-53.096801757812,
0.6145,67.380737304688,-2.2471923828125,-62.706176757812,
0.615,60.173706054688,8.9637451171875,-64.708129882812,
0.6155,51.204956054688,18.092651367188,-66.269653320312,
0.616,39.193237304688,32.026245117188,-67.150512695312,
0.6165,33.107299804688,40.914916992188,-71.995239257812,
0.617,21.335815429688,49.683471679688,-69.472778320312,
0.6175,13.167846679688,54.688354492188,-67.270629882812,
0.618,0.6756591796875,60.173706054688,-60.904418945312,
0.6185,-12.296997070312,64.738159179688,-53.337036132812,
0.619,-23.708129882812,70.944213867188,-48.572387695312,
0.6195,-39.563598632812,72.826049804688,-34.438598632812,
0.62,-44.568481445312,74.868041992188,-31.876098632812,
0.6205,-51.855590820312,67.060424804688,-16.380981445312,
0.621,-56.299926757812,64.537963867188,-9.6143798828125,
0.6215,-63.707153320312,57.611206054688,5.2401123046875,
0.622,-68.712036132812,49.883666992188,17.972534179688,
0.6225,-74.437622070312,43.757690429688,29.623901367188,
0.623,-72.675903320312,31.545776367188,40.074096679688,
0.6235,-70.393676757812,24.979370117188,43.837768554688,
0.624,-66.029418945312,11.766479492188,52.726440429688,
0.6245,-63.466918945312,1.7567138671875,59.693237304688,
0.625,-58.181762695312,-10.895629882812,66.940307617188,
0.6255,-48.652465820312,-25.229614257812,71.785034179688,
0.626,-42.366333007812,-33.477661132812,74.267456054688,
0.6265,-27.351684570312,-41.005004882812,68.181518554688,
0.627,-22.506958007812,-48.011840820312,69.823120117188,
0.6275,-5.8907470703125,-60.584106445312,65.979370117188,
0.628,4.5994873046875,-66.630004882812,63.296752929688,
0.6285,17.211791992188,-72.035278320312,56.369995117188,
0.629,28.943237304688,-71.474731445312,42.636596679688,
0.6295,37.431518554688,-72.595825195312,35.349487304688,
0.63,46.320190429688,-69.873168945312,23.017456054688,
0.6305,55.128784179688,-70.593872070312,15.169799804688,
0.631,63.977416992188,-66.349731445312,1.5164794921875,
0.6315,66.980346679688,-57.541137695312,-10.214965820312,
0.632,69.622924804688,-49.893676757812,-20.224731445312,
0.6325,68.421752929688,-34.838989257812,-33.717895507812,
0.633,72.105346679688,-30.314575195312,-40.884887695312,
0.6335,68.181518554688,-15.660278320312,-51.094848632812,
0.634,66.980346679688,-8.6134033203125,-55.579223632812,
0.6345,59.052612304688,5.7205810546875,-61.545043945312,
0.635,50.203979492188,17.411987304688,-64.147583007812,
0.6355,43.717651367188,28.823120117188,-69.432739257812,
0.636,31.906127929688,42.556518554688,-71.795043945312,
0.6365,26.220581054688,49.283081054688,-73.997192382812,
0.637,13.568237304688,56.490112304688,-69.032348632812,
0.6375,3.7586669921875,60.774291992188,-64.628051757812,
0.638,-8.6134033203125,65.498901367188,-57.781372070312,
0.6385,-23.547973632812,71.064331054688,-48.852661132812,
0.639,-34.558715820312,76.589721679688,-43.607543945312,
0.6395,-45.048950195312,72.305541992188,-28.672973632812,
0.64,-46.330200195312,69.983276367188,-25.509887695312,
0.6405,-54.978637695312,62.536010742188,-8.8536376953125,
0.641,-60.824340820312,59.252807617188,0.2352294921875,
0.6415,-67.991333007812,53.807495117188,14.449096679688,
0.642,-71.995239257812,43.157104492188,27.862182617188,
0.6425,-74.077270507812,35.509643554688,38.432495117188,
0.643,-69.793090820312,23.658081054688,44.878784179688,
0.6435,-67.911254882812,15.890502929688,51.405151367188,
0.644,-65.869262695312,2.5975341796875,61.454956054688,
0.6445,-61.825317382812,-9.8145751953125,69.422729492188,
0.645,-55.939575195312,-20.505004882812,75.628784179688,
0.6455,-41.645629882812,-33.958129882812,73.666870117188,
0.646,-36.120239257812,-39.563598632812,74.347534179688,
0.6465,-20.785278320312,-49.933715820312,69.462768554688,
0.647,-13.738403320312,-57.581176757812,70.784057617188,
0.6475,2.1971435546875,-67.951293945312,65.578979492188,
0.648,13.848510742188,-71.034301757812,57.250854492188,
0.6485,23.257690429688,-70.633911132812,47.521362304688,
0.649,35.549682617188,-69.512817382812,33.667846679688,
0.6495,42.956909179688,-70.914184570312,27.862182617188,
0.65,54.127807617188,-69.793090820312,14.769409179688,
0.6505,61.895385742188,-67.791137695312,5.2000732421875,
0.651,66.700073242188,-60.784301757812,-6.9718017578125,
0.6515,69.022338867188,-48.692504882812,-19.824340820312,
0.652,72.906127929688,-43.247192382812,-29.673950195312,
0.6525,72.906127929688,-28.432739257812,-43.887817382812,
0.653,75.388549804688,-24.428833007812,-48.852661132812,
0.6535,70.744018554688,-8.0128173828125,-60.023559570312,
0.654,66.099487304688,0.7957763671875,-63.106567382812,
0.6545,57.170776367188,13.928588867188,-67.150512695312,
0.655,47.040893554688,26.580932617188,-69.833129882812,
0.6555,40.074096679688,38.112182617188,-75.318481445312,
0.656,28.102416992188,47.481323242188,-73.236450195312,
0.6565,20.615112304688,51.204956054688,-70.834106445312,
0.657,7.2821044921875,57.370971679688,-64.347778320312,
0.6575,-4.0889892578125,62.455932617188,-59.182739257812,
0.658,-17.061645507812,68.702026367188,-53.096801757812,
0.6585,-32.196411132812,72.185424804688,-41.605590820312,
0.659,-40.844848632812,74.988159179688,-36.080200195312,
0.6595,-48.011840820312,67.701049804688,-21.225708007812,
0.66,-52.496215820312,66.499877929688,-15.860473632812,
0.6605,-62.946411132812,61.134643554688,0.6756591796875,
0.661,-70.593872070312,56.890502929688,12.527221679688,
0.6615,-75.999145507812,49.563354492188,25.259643554688,
0.662,-75.959106445312,37.511596679688,37.311401367188,
0.6625,-74.437622070312,30.344604492188,42.516479492188,
0.663,-71.154418945312,17.852416992188,51.805541992188,
0.6635,-70.033325195312,8.0828857421875,59.853393554688,
0.664,-65.869262695312,-5.0899658203125,68.782104492188,
0.6645,-57.220825195312,-18.663208007812,73.586791992188,
0.665,-49.333129882812,-28.072387695312,75.428588867188,
0.6655,-33.637817382812,-39.363403320312,71.144409179688,
0.666,-28.993286132812,-43.607543945312,71.464721679688,
0.6665,-12.457153320312,-57.020629882812,68.541870117188,
0.667,-3.2882080078125,-63.867309570312,66.940307617188,
0.6675,10.525268554688,-67.911254882812,58.652221679688,
0.668,22.416870117188,-69.432739257812,47.120971679688,
0.6685,32.987182617188,-72.315551757812,39.433471679688,
0.669,44.718627929688,-71.955200195312,26.781127929688,
0.6695,53.086791992188,-73.716918945312,20.334838867188,
0.67,62.936401367188,-70.513793945312,6.5614013671875,
0.6705,67.380737304688,-64.027465820312,-4.1690673828125,
0.671,70.744018554688,-55.739379882812,-15.860473632812,
0.6715,73.586791992188,-43.727661132812,-30.154418945312,
0.672,78.031127929688,-35.880004882812,-39.883911132812,
0.6725,74.547729492188,-22.787231445312,-50.093872070312,
0.673,73.706909179688,-15.980590820312,-54.498168945312,
0.6735,65.058471679688,1.2762451171875,-61.264770507812,
0.674,58.812377929688,10.765502929688,-64.908325195312,
0.6745,50.404174804688,23.377807617188,-69.392700195312,
0.675,39.513549804688,36.630737304688,-72.435668945312,
0.6755,31.906127929688,45.839721679688,-75.318481445312,
0.676,20.374877929688,51.405151367188,-69.993286132812,
0.6765,10.845581054688,56.490112304688,-66.990356445312,
0.677,-2.6075439453125,63.697143554688,-61.665161132812,
0.6775,-16.421020507812,70.944213867188,-55.939575195312,
0.678,-29.033325195312,77.630737304688,-50.173950195312,
0.6785,-42.005981445312,75.869018554688,-35.599731445312,
0.679,-45.769653320312,74.347534179688,-30.915161132812,
0.6795,-53.697387695312,67.340698242188,-15.420043945312,
0.68,-60.423950195312,65.779174804688,-7.1719970703125,
0.6805,-69.873168945312,60.093627929688,8.5633544921875,
0.681,-73.716918945312,52.526245117188,21.215698242188,
0.6815,-75.078247070312,42.476440429688,31.145385742188,
0.682,-72.075317382812,30.744995117188,41.275268554688,
0.6825,-71.314575195312,21.976440429688,48.682495117188,
0.683,-69.432739257812,9.0838623046875,58.452026367188,
0.6835,-65.348754882812,-2.2872314453125,66.459838867188,
0.684,-60.183715820312,-13.858520507812,71.704956054688,
0.6845,-48.011840820312,-25.630004882812,72.665893554688,
0.685,-40.964965820312,-35.960083007812,75.228393554688,
0.6855,-26.711059570312,-47.130981445312,72.145385742188,
0.686,-20.825317382812,-55.258911132812,75.348510742188,
0.6865,-4.4493408203125,-67.110473632812,70.944213867188,
0.687,5.9207763671875,-71.194458007812,65.218627929688,
0.6875,18.012573242188,-72.435668945312,54.568237304688,
0.688,31.065307617188,-73.676879882812,42.516479492188,
0.6885,43.557495117188,-77.520629882812,35.069213867188,
0.689,51.685424804688,-74.317504882812,22.937377929688,
0.6895,59.252807617188,-73.796997070312,13.928588867188,
0.69,64.578002929688,-66.189575195312,0.3953857421875,
0.6905,67.821166992188,-57.741333007812,-11.015747070312,
0.691,72.705932617188,-49.813598632812,-23.387817382812,
0.6915,74.988159179688,-36.600708007812,-38.162231445312,
0.692,77.470581054688,-30.234497070312,-45.449340820312,
0.6925,71.344604492188,-15.019653320312,-53.697387695312,
0.693,68.702026367188,-6.1309814453125,-58.101684570312,
0.6935,61.294799804688,9.0037841796875,-65.308715820312,
0.694,54.368041992188,23.057495117188,-71.114379882812,
0.6945,47.321166992188,34.148315429688,-77.360473632812,
0.695,35.109252929688,45.679565429688,-77.520629882812,
0.6955,27.141479492188,49.523315429688,-74.517700195312,
0.696,15.369995117188,57.651245117188,-69.713012695312,
0.6965,3.1180419921875,62.896362304688,-66.589965820312,
0.697,-10.615356445312,70.423706054688,-61.264770507812,
0.6975,-25.790161132812,76.229370117188,-52.255981445312,
0.698,-35.719848632812,78.511596679688,-44.728637695312,
0.6985,-45.048950195312,71.704956054688,-28.713012695312,
0.699,-47.771606445312,69.142456054688,-23.788208007812,
0.6995,-59.783325195312,65.298706054688,-7.1719970703125,
0.7,-67.430786132812,62.415893554688,3.3582763671875,
0.7005,-73.756958007812,55.288940429688,17.131713867188,
0.701,-73.837036132812,43.117065429688,29.423706054688,
0.7015,-74.277465820312,34.428588867188,38.152221679688,
0.702,-71.795043945312,22.496948242188,47.761596679688,
0.7025,-73.076293945312,13.768432617188,57.170776367188,
0.703,-70.754028320312,0.5555419921875,68.061401367188,
0.7035,-64.347778320312,-11.576293945312,73.506713867188,
0.704,-55.899536132812,-22.587036132812,76.309448242188,
0.7045,-41.965942382812,-35.439575195312,75.308471679688,
0.705,-35.839965820312,-42.886840820312,77.510620117188,
0.7055,-21.065551757812,-54.338012695312,74.067260742188,
0.706,-12.857543945312,-62.305786132812,74.627807617188,
0.7065,2.5975341796875,-68.551879882812,65.619018554688,
0.707,14.128784179688,-70.954223632812,56.850463867188,
0.7075,25.860229492188,-72.595825195312,46.880737304688,
0.708,39.433471679688,-74.277465820312,34.388549804688,
0.7085,48.402221679688,-76.399536132812,27.661987304688,
0.709,57.330932617188,-72.876098632812,14.369018554688,
0.7095,62.576049804688,-68.071411132812,4.5994873046875,
0.71,67.380737304688,-60.063598632812,-8.6134033203125,
0.7105,73.146362304688,-51.575317382812,-22.306762695312,
0.711,79.272338867188,-44.368286132812,-34.558715820312,
0.7115,78.911987304688,-30.354614257812,-47.451293945312,
0.712,77.630737304688,-23.868286132812,-50.454223632812,
0.7125,70.864135742188,-7.3721923828125,-59.182739257812,
0.713,66.379760742188,3.7987060546875,-63.587036132812,
0.7135,59.212768554688,17.772338867188,-70.553833007812,
0.714,49.283081054688,30.424682617188,-74.277465820312,
0.7145,40.834838867188,40.314331054688,-77.480590820312,
0.715,27.822143554688,47.761596679688,-72.996215820312,
0.7155,20.494995117188,51.044799804688,-69.392700195312,
0.716,6.0408935546875,59.172729492188,-65.428833007812,
0.7165,-6.4913330078125,66.259643554688,-61.264770507812,
0.717,-19.183715820312,72.585815429688,-55.619262695312,
0.7175,-33.157348632812,73.867065429688,-43.087036132812,
0.718,-41.165161132812,74.387573242188,-35.960083007812,
0.7185,-49.413208007812,68.742065429688,-21.546020507812,
0.719,-56.540161132812,70.463745117188,-15.139770507812,
0.7195,-68.071411132812,65.498901367188,0.9158935546875,
0.72,-74.197387695312,59.893432617188,12.727416992188,
0.7205,-75.999145507812,50.564331054688,23.978393554688,
0.721,-75.758911132812,37.952026367188,36.350463867188,
0.7215,-76.519653320312,30.664916992188,43.957885742188,
0.722,-75.438598632812,18.533081054688,56.369995117188,
0.7225,-74.717895507812,8.3631591796875,63.937377929688,
0.723,-67.991333007812,-4.2491455078125,69.783081054688,
0.7235,-58.181762695312,-16.380981445312,71.905151367188,
0.724,-49.533325195312,-27.231567382812,74.507690429688,
0.7245,-35.599731445312,-40.244262695312,73.706909179688,
0.725,-30.074340820312,-47.371215820312,76.189331054688,
0.7255,-14.258911132812,-59.222778320312,72.225463867188,
0.726,-5.1700439453125,-64.107543945312,68.782104492188,
0.7265,9.0438232421875,-68.511840820312,59.252807617188,
0.727,21.936401367188,-71.594848632812,49.563354492188,
0.7275,34.909057617188,-77.240356445312,42.116088867188,
0.728,46.960815429688,-78.001098632812,30.144409179688,
0.7285,53.727416992188,-76.719848632812,22.176635742188,
0.729,61.575073242188,-71.474731445312,8.4432373046875,
0.7295,66.499877929688,-65.068481445312,-2.6876220703125,
0.73,72.105346679688,-57.781372070312,-15.460083007812,
0.7305,77.630737304688,-47.251098632812,-30.795043945312,
0.731,81.354370117188,-39.243286132812,-40.884887695312,
0.7315,75.548706054688,-24.308715820312,-48.972778320312,
0.732,73.146362304688,-15.339965820312,-53.056762695312,
0.7325,67.300659179688,0.8758544921875,-62.185668945312,
0.733,62.055541992188,13.448120117188,-68.111450195312,
0.7335,54.768432617188,25.660034179688,-73.957153320312,
0.734,42.596557617188,37.271362304688,-74.958129882812,
0.7345,33.227416992188,44.758666992188,-75.038208007812,
0.735,21.375854492188,51.204956054688,-70.874145507812,
0.7355,11.165893554688,58.972534179688,-70.193481445312,
0.736,-2.2872314453125,68.021362304688,-66.870239257812,
0.7365,-16.180786132812,74.507690429688,-60.383911132812,
0.737,-27.351684570312,77.390502929688,-52.376098632812,
0.7375,-39.643676757812,74.067260742188,-36.961059570312,
0.738,-45.649536132812,73.786987304688,-31.035278320312,
0.7385,-56.099731445312,70.103393554688,-15.900512695312,
0.739,-64.507934570312,69.622924804688,-7.3721923828125,
0.7395,-71.434692382812,62.015502929688,7.7225341796875,
0.74,-71.755004882812,52.205932617188,20.494995117188,
0.7405,-73.837036132812,42.396362304688,29.744018554688,
0.741,-73.676879882812,30.704956054688,41.315307617188,
0.7415,-75.198364257812,22.657104492188,50.524291992188,
0.742,-73.676879882812,10.405151367188,61.134643554688,
0.7425,-68.752075195312,-0.5255126953125,66.660034179688,
0.743,-60.584106445312,-12.136840820312,70.143432617188,
0.7435,-50.374145507812,-25.870239257812,73.786987304688,
0.744,-43.447387695312,-37.481567382812,79.472534179688,
0.7445,-30.314575195312,-49.333129882812,78.191284179688,
0.745,-23.227661132812,-56.660278320312,79.512573242188,
0.7455,-7.6524658203125,-64.668090820312,71.544799804688,
0.746,2.9979248046875,-68.671997070312,65.498901367188,
0.7465,16.931518554688,-73.716918945312,56.810424804688,
0.747,30.945190429688,-77.200317382812,45.839721679688,
0.7475,42.956909179688,-80.843872070312,37.551635742188,
0.748,50.043823242188,-76.719848632812,25.419799804688,
0.7485,56.369995117188,-71.274536132812,15.169799804688,
0.749,61.975463867188,-65.869262695312,2.1170654296875,
0.7495,68.381713867188,-58.822387695312,-11.015747070312,
0.75,75.708862304688,-53.016723632812,-23.668090820312,
0.7505,77.230346679688,-39.163208007812,-38.082153320312,
0.751,77.030151367188,-31.315551757812,-44.088012695312,
0.7515,69.783081054688,-16.861450195312,-50.334106445312,
0.752,68.261596679688,-7.5723876953125,-55.859497070312,
0.7525,64.337768554688,8.1629638671875,-66.790161132812,
0.753,58.411987304688,21.415893554688,-73.837036132812,
0.7535,49.683471679688,31.986206054688,-76.559692382812,
0.754,36.630737304688,42.076049804688,-74.637817382812,
0.7545,27.862182617188,47.681518554688,-73.116333007812,
0.755,16.050659179688,55.929565429688,-70.673950195312,
0.7555,4.4793701171875,64.978393554688,-69.753051757812,
0.756,-8.1729736328125,70.944213867188,-63.907348632812,
0.7565,-21.345825195312,72.906127929688,-53.337036132812,
0.757,-30.915161132812,73.306518554688,-44.688598632812,
0.7575,-41.005004882812,70.103393554688,-29.834106445312,
0.758,-48.292114257812,70.744018554688,-24.949340820312,
0.7585,-61.184692382812,68.501831054688,-7.6925048828125,
0.759,-67.270629882812,65.138549804688,0.3153076171875,
0.7595,-69.873168945312,55.208862304688,13.287963867188,
0.76,-70.834106445312,44.478393554688,25.019409179688,
0.7605,-74.838012695312,36.350463867188,36.790893554688,
0.761,-75.678833007812,26.260620117188,47.841674804688,
0.7615,-76.960083007812,16.771362304688,58.011596679688,
0.762,-72.395629882812,4.9598388671875,65.298706054688,
0.7625,-64.227661132812,-6.6514892578125,68.341674804688,
0.763,-56.700317382812,-18.022583007812,72.305541992188,
0.7635,-45.048950195312,-32.997192382812,75.788940429688,
0.764,-39.003051757812,-42.606567382812,80.273315429688,
0.7645,-24.949340820312,-51.255004882812,75.949096679688,
0.765,-16.421020507812,-57.541137695312,73.146362304688,
0.7655,-1.9268798828125,-63.466918945312,64.818237304688,
0.766,10.485229492188,-68.031372070312,57.330932617188,
0.7665,23.497924804688,-73.556762695312,49.923706054688,
0.767,37.591674804688,-76.519653320312,38.152221679688,
0.7675,45.519409179688,-76.119262695312,29.824096679688,
0.768,53.006713867188,-72.155395507812,17.331909179688,
0.7685,59.573120117188,-67.991333007812,6.5213623046875,
0.769,67.380737304688,-63.747192382812,-6.1710205078125,
0.7695,75.308471679688,-56.339965820312,-20.825317382812,
0.77,80.353393554688,-49.413208007812,-31.675903320312,
0.7705,77.470581054688,-34.038208007812,-43.167114257812,
0.771,76.869995117188,-27.071411132812,-46.490356445312,
0.7715,70.383666992188,-12.337036132812,-54.538208007812,
0.772,69.022338867188,-1.1661376953125,-61.945434570312,
0.7725,62.816284179688,13.167846679688,-69.672973632812,
0.773,52.806518554688,24.619018554688,-71.234497070312,
0.7735,43.077026367188,33.627807617188,-71.634887695312,
0.774,30.825073242188,42.956909179688,-69.793090820312,
0.7745,22.416870117188,48.922729492188,-69.152465820312,
0.775,10.965698242188,57.130737304688,-66.950317382812,
0.7755,-0.0050048828125,64.778198242188,-63.787231445312,
0.776,-12.697387695312,67.981323242188,-56.420043945312,
0.7765,-25.870239257812,69.222534179688,-44.968872070312,
0.777,-36.040161132812,72.105346679688,-38.202270507812,
0.7775,-47.371215820312,70.663940429688,-25.029418945312,
0.778,-53.056762695312,71.104370117188,-20.104614257812,
0.7785,-63.026489257812,66.579956054688,-5.0098876953125,
0.779,-67.270629882812,60.333862304688,5.4002685546875,
0.7795,-70.193481445312,51.525268554688,17.331909179688,
0.78,-72.555786132812,41.035034179688,30.264526367188,
0.7805,-75.838989257812,33.347534179688,40.754760742188,
0.781,-74.357543945312,23.818237304688,48.922729492188,
0.7815,-70.794067382812,13.368041992188,55.248901367188,
0.782,-65.188598632812,2.1971435546875,60.814331054688,
0.7825,-57.060668945312,-10.855590820312,65.458862304688,
0.783,-51.335083007812,-22.506958007812,71.584838867188,
0.7835,-38.482543945312,-36.921020507812,73.226440429688,
0.784,-32.716918945312,-42.806762695312,73.987182617188,
0.7845,-19.383911132812,-49.933715820312,67.781127929688,
0.785,-10.214965820312,-55.899536132812,65.258666992188,
0.7855,4.0389404296875,-64.027465820312,59.573120117188,
0.786,17.652221679688,-70.153442382812,52.205932617188,
0.7865,29.824096679688,-75.278442382812,45.119018554688,
0.787,40.594604492188,-74.838012695312,34.588745117188,
0.7875,45.759643554688,-71.634887695312,25.419799804688,
0.788,53.286987304688,-68.591918945312,13.568237304688,
0.7885,62.295776367188,-65.749145507812,1.8367919921875,
0.789,69.142456054688,-60.504028320312,-10.495239257812,
0.7895,73.506713867188,-50.494262695312,-24.308715820312,
0.79,74.747924804688,-41.845825195312,-32.917114257812,
0.7905,70.984252929688,-27.712036132812,-42.406372070312,
0.791,70.063354492188,-21.185668945312,-44.848754882812,
0.7915,67.460815429688,-6.2110595703125,-57.380981445312,
0.792,64.537963867188,5.0799560546875,-64.027465820312,
0.7925,56.169799804688,16.931518554688,-67.350708007812,
0.793,45.479370117188,27.862182617188,-68.071411132812,
0.7935,36.911010742188,37.831909179688,-70.834106445312,
0.794,27.101440429688,46.960815429688,-70.874145507812,
0.7945,19.213745117188,54.808471679688,-71.434692382812,
0.795,6.3612060546875,62.055541992188,-68.111450195312,
0.7955,-5.9307861328125,65.378784179688,-60.343872070312,
0.796,-17.021606445312,68.862182617188,-53.497192382812,
0.7965,-30.915161132812,69.783081054688,-40.724731445312,
0.797,-40.924926757812,73.586791992188,-34.959106445312,
0.7975,-49.693481445312,70.784057617188,-22.506958007812,
0.798,-54.538208007812,67.741088867188,-15.339965820312,
0.7985,-60.063598632812,60.413940429688,-1.8868408203125,
0.799,-63.987426757812,52.406127929688,10.164916992188,
0.7995,-68.992309570312,45.599487304688,21.936401367188,
0.8,-72.515747070312,35.469604492188,35.749877929688,
0.8005,-73.396606445312,27.742065429688,43.837768554688,
0.801,-70.193481445312,17.732299804688,50.764526367188,
0.8015,-65.508911132812,6.9217529296875,56.410034179688,
0.802,-61.024536132812,-4.0889892578125,62.896362304688,
0.8025,-53.657348632812,-19.063598632812,71.744995117188,
0.803,-48.252075195312,-30.594848632812,77.150268554688,
0.8035,-35.199340820312,-41.605590820312,74.948120117188,
0.804,-29.313598632812,-44.568481445312,72.786010742188,
0.8045,-15.059692382812,-53.697387695312,67.781127929688,
0.805,-4.5294189453125,-61.344848632812,65.458862304688,
0.8055,9.5242919921875,-69.112426757812,59.493041992188,
0.806,22.376831054688,-72.675903320312,50.203979492188,
0.8065,32.386596679688,-73.356567382812,42.276245117188,
0.807,39.953979492188,-70.193481445312,29.583862304688,
0.8075,46.400268554688,-67.630981445312,20.855346679688,
0.808,55.569213867188,-65.629028320312,8.8836669921875,
0.8085,64.738159179688,-61.865356445312,-3.8087158203125,
0.809,69.703002929688,-55.258911132812,-15.299926757812,
0.8095,70.463745117188,-42.486450195312,-27.111450195312,
0.81,70.944213867188,-34.478637695312,-35.639770507812,
0.8105,69.142456054688,-22.106567382812,-45.569458007812,
0.811,70.784057617188,-14.018676757812,-53.697387695312,
0.8115,67.300659179688,0.1551513671875,-63.747192382812,
0.812,60.574096679688,12.807495117188,-67.630981445312,
0.8125,50.884643554688,21.335815429688,-67.951293945312,
0.813,39.913940429688,32.786987304688,-68.912231445312,
0.8135,31.425659179688,43.237182617188,-72.155395507812,
0.814,22.536987304688,50.804565429688,-71.634887695312,
0.8145,11.245971679688,57.931518554688,-68.912231445312,
0.815,0.6356201171875,61.575073242188,-61.505004882812,
0.8155,-12.136840820312,63.336791992188,-52.576293945312,
0.816,-22.947387695312,67.220581054688,-46.370239257812,
0.8165,-37.761840820312,69.222534179688,-33.357543945312,
0.817,-44.528442382812,71.064331054688,-28.713012695312,
0.8175,-52.015747070312,66.179565429688,-15.820434570312,
0.818,-56.700317382812,61.735229492188,-6.9317626953125,
0.8185,-62.025512695312,54.928588867188,5.8006591796875,
0.819,-66.790161132812,46.680541992188,18.933471679688,
0.8195,-73.877075195312,40.594604492188,31.906127929688,
0.82,-75.118286132812,31.225463867188,42.556518554688,
0.8205,-71.835083007812,22.296752929688,47.761596679688,
0.821,-68.151489257812,11.806518554688,54.608276367188,
0.8215,-63.386840820312,-0.1651611328125,61.454956054688,
0.822,-58.742309570312,-11.896606445312,68.461791992188,
0.8225,-49.373168945312,-26.791137695312,74.027221679688,
0.823,-42.126098632812,-35.920043945312,76.549682617188,
0.8235,-28.192504882812,-42.326293945312,70.143432617188,
0.824,-21.746215820312,-47.771606445312,68.621948242188,
0.8245,-6.4112548828125,-56.900512695312,63.897338867188,
0.825,4.4793701171875,-64.988403320312,60.373901367188,
0.8255,17.291870117188,-70.353637695312,53.166870117188,
0.826,28.783081054688,-71.274536132812,42.396362304688,
0.8265,38.072143554688,-71.034301757812,33.107299804688,
0.827,44.878784179688,-68.792114257812,23.337768554688,
0.8275,54.928588867188,-68.231567382812,13.007690429688,
0.828,64.177612304688,-65.989379882812,0.9959716796875,
0.8285,69.983276367188,-58.341918945312,-12.136840820312,
0.829,72.826049804688,-50.614379882812,-22.266723632812,
0.8295,71.584838867188,-36.760864257812,-34.478637695312,
0.83,72.625854492188,-29.754028320312,-41.285278320312,
0.8305,70.744018554688,-17.061645507812,-51.415161132812,
0.831,69.222534179688,-6.8917236328125,-58.742309570312,
0.8315,61.975463867188,5.8406982421875,-63.707153320312,
0.832,51.685424804688,17.171752929688,-64.668090820312,
0.8325,43.517456054688,27.661987304688,-67.590942382812,
0.833,32.827026367188,39.473510742188,-69.352661132812,
0.8335,24.298706054688,47.641479492188,-70.193481445312,
0.834,14.409057617188,54.688354492188,-68.351684570312,
0.8345,2.3172607421875,60.013549804688,-62.746215820312,
0.835,-8.3731689453125,63.697143554688,-56.540161132812,
0.8355,-23.347778320312,68.621948242188,-47.050903320312,
0.836,-34.758911132812,73.706909179688,-41.205200195312,
0.8365,-46.290161132812,73.186401367188,-28.713012695312,
0.837,-52.255981445312,72.025268554688,-21.906372070312,
0.8375,-59.222778320312,65.939331054688,-8.2130126953125,
0.838,-64.507934570312,60.654174804688,2.3973388671875,
0.8385,-69.913208007812,53.487182617188,15.209838867188,
0.839,-74.037231445312,44.398315429688,28.542846679688,
0.8395,-76.119262695312,35.429565429688,39.113159179688,
0.84,-72.275512695312,26.220581054688,44.678588867188,
0.8405,-68.551879882812,16.651245117188,51.164916992188,
0.841,-64.748168945312,4.2791748046875,58.452026367188,
0.8415,-59.783325195312,-8.8936767578125,66.379760742188,
0.842,-53.937622070312,-21.065551757812,72.745971679688,
0.8425,-41.525512695312,-33.157348632812,72.425659179688,
0.843,-33.717895507812,-40.244262695312,72.505737304688,
0.8435,-21.546020507812,-48.212036132812,68.461791992188,
0.844,-11.936645507812,-57.020629882812,68.381713867188,
0.8445,2.1571044921875,-66.710083007812,64.297729492188,
0.845,14.929565429688,-71.714965820312,56.850463867188,
0.8455,25.459838867188,-72.996215820312,47.721557617188,
0.846,36.670776367188,-72.755981445312,35.789916992188,
0.8465,44.398315429688,-71.835083007812,27.461791992188,
0.847,53.727416992188,-71.194458007812,16.691284179688,
0.8475,64.057495117188,-68.071411132812,4.7596435546875,
0.848,67.460815429688,-61.865356445312,-6.4512939453125,
0.8485,69.222534179688,-50.654418945312,-17.942504882812,
0.849,71.704956054688,-42.526489257812,-29.073364257812,
0.8495,71.504760742188,-29.313598632812,-41.445434570312,
0.85,71.905151367188,-22.306762695312,-47.491333007812,
0.8505,69.222534179688,-8.8536376953125,-57.621215820312,
0.851,63.496948242188,2.1971435546875,-61.865356445312,
0.8515,55.369018554688,13.768432617188,-65.068481445312,
0.852,45.439331054688,26.340698242188,-67.951293945312,
0.8525,37.791870117188,39.713745117188,-73.356567382812,
0.853,28.703002929688,47.681518554688,-73.957153320312,
0.8535,18.533081054688,53.527221679688,-71.154418945312,
0.854,7.4822998046875,58.892456054688,-66.109497070312,
0.8545,-5.4503173828125,63.977416992188,-59.422973632812,
0.855,-17.822387695312,69.622924804688,-53.296997070312,
0.8555,-32.676879882812,73.346557617188,-41.005004882812,
0.856,-41.725708007812,75.228393554688,-35.399536132812,
0.8565,-48.332153320312,69.382690429688,-22.627075195312,
0.857,-54.217895507812,66.219604492188,-13.858520507812,
0.8575,-61.464965820312,60.293823242188,1.2762451171875,
0.858,-68.311645507812,54.448120117188,12.687377929688,
0.8585,-71.755004882812,46.880737304688,24.979370117188,
0.859,-73.036254882812,36.510620117188,36.630737304688,
0.8595,-71.194458007812,27.181518554688,42.356323242188,
0.86,-68.752075195312,17.171752929688,50.043823242188,
0.8605,-67.150512695312,5.3201904296875,59.733276367188,
0.861,-63.987426757812,-6.6514892578125,68.501831054688,
0.8615,-56.780395507812,-21.065551757812,75.628784179688,
0.862,-48.532348632812,-31.275512695312,78.351440429688,
0.8625,-34.999145507812,-40.444458007812,73.666870117188,
0.863,-27.511840820312,-45.649536132812,72.025268554688,
0.8635,-13.858520507812,-57.461059570312,70.423706054688,
0.864,-2.0870361328125,-66.109497070312,69.182495117188,
0.8645,10.845581054688,-71.795043945312,60.894409179688,
0.865,22.617065429688,-71.474731445312,48.722534179688,
0.8655,32.346557617188,-71.394653320312,39.033081054688,
0.866,42.436401367188,-70.874145507812,27.822143554688,
0.8665,51.365112304688,-70.353637695312,18.412963867188,
0.867,60.814331054688,-68.992309570312,6.8817138671875,
0.8675,66.499877929688,-61.905395507812,-5.6104736328125,
0.868,69.062377929688,-54.097778320312,-16.020629882812,
0.8685,70.864135742188,-42.005981445312,-29.393676757812,
0.869,74.948120117188,-34.278442382812,-40.044067382812,
0.8695,74.787963867188,-22.787231445312,-50.454223632812,
0.87,73.867065429688,-13.498168945312,-57.340942382812,
0.8705,67.460815429688,-0.3653564453125,-63.386840820312,
0.871,59.613159179688,11.566284179688,-66.830200195312,
0.8715,51.204956054688,24.338745117188,-70.033325195312,
0.872,41.235229492188,36.150268554688,-73.676879882812,
0.8725,32.306518554688,46.520385742188,-76.359497070312,
0.873,24.338745117188,52.526245117188,-72.515747070312,
0.8735,11.245971679688,56.289916992188,-67.030395507812,
0.874,-0.2052001953125,60.494018554688,-60.704223632812,
0.8745,-14.338989257812,66.900268554688,-53.697387695312,
0.875,-27.311645507812,72.986206054688,-46.130004882812,
0.8755,-40.404418945312,74.107299804688,-35.119262695312,
0.876,-45.729614257812,71.865112304688,-26.911254882812,
0.8765,-51.455200195312,65.659057617188,-15.660278320312,
0.877,-58.902465820312,62.616088867188,-5.3702392578125,
0.8775,-67.470825195312,57.611206054688,8.8035888671875,
0.878,-73.396606445312,49.923706054688,22.416870117188,
0.8785,-76.920043945312,41.595581054688,34.028198242188,
0.879,-74.838012695312,31.305541992188,43.557495117188,
0.8795,-71.194458007812,21.135620117188,48.362182617188,
0.88,-69.632934570312,10.525268554688,57.370971679688,
0.8805,-66.229614257812,-2.8878173828125,66.820190429688,
0.881,-60.744262695312,-14.379028320312,72.786010742188,
0.8815,-49.333129882812,-27.551879882812,74.627807617188,
0.882,-40.164184570312,-36.200317382812,74.707885742188,
0.8825,-28.032348632812,-43.967895507812,70.383666992188,
0.883,-18.783325195312,-52.255981445312,70.183471679688,
0.8835,-5.0499267578125,-63.587036132812,68.021362304688,
0.884,8.9637451171875,-69.713012695312,61.935424804688,
0.8845,18.853393554688,-71.234497070312,52.566284179688,
0.885,31.025268554688,-71.875122070312,40.554565429688,
0.8855,41.955932617188,-73.596801757812,31.425659179688,
0.886,50.604370117188,-73.516723632812,21.896362304688,
0.8865,61.294799804688,-72.355590820312,10.204956054688,
0.887,67.380737304688,-67.590942382812,-0.0050048828125,
0.8875,71.104370117188,-58.141723632812,-12.817504882812,
0.888,74.507690429688,-48.692504882812,-25.269653320312,
0.8885,76.069213867188,-37.041137695312,-38.802856445312,
0.889,77.470581054688,-28.993286132812,-46.770629882812,
0.8895,73.506713867188,-16.380981445312,-54.338012695312,
0.89,69.142456054688,-4.9698486328125,-59.663208007812,
0.8905,60.894409179688,8.0428466796875,-63.907348632812,
0.891,52.045776367188,20.695190429688,-67.671020507812,
0.8915,43.837768554688,32.586791992188,-72.075317382812,
0.892,34.068237304688,43.917846679688,-74.517700195312,
0.8925,23.978393554688,50.444213867188,-72.555786132812,
0.893,15.369995117188,55.569213867188,-68.631958007812,
0.8935,1.1160888671875,62.495971679688,-62.786254882812,
0.894,-10.735473632812,68.221557617188,-58.782348632812,
0.8945,-26.190551757812,74.787963867188,-50.334106445312,
0.895,-37.681762695312,78.911987304688,-42.966918945312,
0.8955,-46.410278320312,74.587768554688,-29.954223632812,
0.896,-50.334106445312,70.784057617188,-22.707153320312,
0.8965,-58.942504882812,67.140502929688,-8.4932861328125,
0.897,-68.111450195312,62.896362304688,3.5985107421875,
0.8975,-74.277465820312,56.009643554688,16.971557617188,
0.898,-75.678833007812,44.998901367188,29.423706054688,
0.8985,-74.797973632812,34.388549804688,38.752807617188,
0.899,-72.035278320312,24.819213867188,45.759643554688,
0.8995,-70.033325195312,12.767456054688,55.128784179688,
0.9,-68.511840820312,2.0369873046875,64.257690429688,
0.9005,-61.384887695312,-11.976684570312,70.904174804688,
0.901,-54.097778320312,-22.506958007812,74.347534179688,
0.9015,-40.524536132812,-34.999145507812,73.466674804688,
0.902,-32.837036132812,-43.046997070312,74.427612304688,
0.9025,-20.785278320312,-53.457153320312,74.307495117188,
0.903,-9.9346923828125,-63.146606445312,72.625854492188,
0.9035,3.5584716796875,-69.993286132812,66.179565429688,
0.904,16.290893554688,-73.236450195312,56.890502929688,
0.9045,27.661987304688,-74.717895507812,47.040893554688,
0.905,39.913940429688,-76.559692382812,36.030151367188,
0.9055,49.483276367188,-76.759887695312,26.861206054688,
0.906,57.370971679688,-74.838012695312,16.250854492188,
0.9065,65.338745117188,-68.431762695312,3.4383544921875,
0.907,67.100463867188,-60.624145507812,-7.8526611328125,
0.9075,71.704956054688,-50.734497070312,-21.826293945312,
0.908,76.029174804688,-42.246215820312,-33.597778320312,
0.9085,76.709838867188,-29.713989257812,-45.849731445312,
0.909,74.667846679688,-21.225708007812,-50.694458007812,
0.9095,68.982299804688,-7.1719970703125,-57.941528320312,
0.91,63.817260742188,5.0799560546875,-63.506958007812,
0.9105,56.810424804688,18.372924804688,-69.753051757812,
0.911,48.041870117188,31.345581054688,-74.597778320312,
0.9115,38.752807617188,43.197143554688,-78.881958007812,
0.912,28.943237304688,49.403198242188,-75.999145507812,
0.9125,16.370971679688,55.689331054688,-71.274536132812,
0.913,5.7205810546875,61.655151367188,-67.671020507812,
0.9135,-8.4932861328125,68.902221679688,-61.825317382812,
0.914,-20.625122070312,75.108276367188,-56.460083007812,
0.9145,-34.438598632812,76.549682617188,-44.088012695312,
0.915,-42.046020507812,74.868041992188,-35.319458007812,
0.9155,-47.691528320312,68.782104492188,-22.947387695312,
0.916,-54.818481445312,66.179565429688,-13.658325195312,
0.9165,-65.308715820312,63.336791992188,0.4354248046875,
0.917,-72.475708007812,57.210815429688,13.808471679688,
0.9175,-74.357543945312,48.242065429688,24.779174804688,
0.918,-74.077270507812,36.670776367188,36.030151367188,
0.9185,-72.956176757812,26.861206054688,44.318237304688,
0.919,-73.316528320312,17.732299804688,53.887573242188,
0.9195,-72.035278320312,4.5994873046875,65.178588867188,
0.92,-68.111450195312,-6.0108642578125,71.785034179688,
0.9205,-56.380004882812,-19.263793945312,74.627807617188,
0.921,-49.213012695312,-29.433715820312,76.669799804688,
0.9215,-36.400512695312,-41.485473632812,76.029174804688,
0.922,-28.793090820312,-49.052856445312,76.950073242188,
0.9225,-15.420043945312,-60.423950195312,74.908081054688,
0.923,-4.0089111328125,-66.509887695312,70.303588867188,
0.9235,8.4832763671875,-68.631958007812,61.494995117188,
0.924,20.535034179688,-69.632934570312,49.323120117188,
0.9245,33.267456054688,-73.116333007812,39.994018554688,
0.925,44.318237304688,-75.158325195312,30.304565429688,
0.9255,53.487182617188,-73.476684570312,19.774291992188,
0.926,59.573120117188,-69.592895507812,8.9237060546875,
0.9265,64.978393554688,-62.025512695312,-3.8887939453125,
0.927,69.662963867188,-53.817504882812,-15.460083007812,
0.9275,75.949096679688,-45.489379882812,-30.795043945312,
0.928,81.994995117188,-37.201293945312,-42.486450195312,
0.9285,77.230346679688,-25.589965820312,-49.853637695312,
0.929,73.346557617188,-15.099731445312,-54.978637695312,
0.9295,67.260620117188,-1.6065673828125,-61.585083007812,
0.93,61.294799804688,11.606323242188,-68.031372070312,
0.9305,54.368041992188,24.779174804688,-74.557739257812,
0.931,44.278198242188,37.311401367188,-77.800903320312,
0.9315,33.067260742188,45.639526367188,-76.199340820312,
0.932,23.978393554688,49.563354492188,-70.473754882812,
0.9325,10.525268554688,56.770385742188,-67.070434570312,
0.933,-0.6055908203125,65.338745117188,-64.107543945312,
0.9335,-16.220825195312,72.025268554688,-57.300903320312,
0.934,-27.792114257812,76.429565429688,-50.494262695312,
0.9345,-39.443481445312,73.827026367188,-36.240356445312,
0.935,-45.449340820312,71.464721679688,-28.392700195312,
0.9355,-52.536254882812,68.301635742188,-16.100708007812,
0.936,-64.027465820312,66.900268554688,-4.7296142578125,
0.9365,-72.595825195312,62.255737304688,9.1239013671875,
0.937,-75.638793945312,53.807495117188,21.896362304688,
0.9375,-75.758911132812,42.236206054688,32.186401367188,
0.938,-75.278442382812,31.906127929688,42.036010742188,
0.9385,-74.237426757812,21.015502929688,51.365112304688,
0.939,-74.357543945312,10.965698242188,62.776245117188,
0.9395,-69.152465820312,-2.7276611328125,69.462768554688,
0.94,-61.224731445312,-12.977661132812,71.825073242188,
0.9405,-49.653442382812,-25.990356445312,73.306518554688,
0.941,-40.524536132812,-36.880981445312,75.628784179688,
0.9415,-29.393676757812,-47.010864257812,74.747924804688,
0.942,-19.784301757812,-56.420043945312,75.548706054688,
0.9425,-6.5313720703125,-64.307739257812,70.303588867188,
0.943,5.4803466796875,-68.992309570312,63.496948242188,
0.9435,18.132690429688,-72.115356445312,54.127807617188,
0.944,31.345581054688,-75.638793945312,44.118041992188,
0.9445,44.518432617188,-79.482543945312,34.508666992188,
0.945,51.885620117188,-78.761840820312,25.579956054688,
0.9455,59.893432617188,-73.316528320312,12.647338867188,
0.946,64.978393554688,-68.111450195312,1.7166748046875,
0.9465,71.104370117188,-59.823364257812,-12.497192382812,
0.947,77.390502929688,-53.176879882812,-24.869262695312,
0.9475,80.713745117188,-40.524536132812,-38.922973632812,
0.948,78.511596679688,-31.035278320312,-45.649536132812,
0.9485,72.465698242188,-18.422973632812,-51.375122070312,
0.949,67.941284179688,-6.1710205078125,-57.380981445312,
0.9495,64.057495117188,7.2420654296875,-64.748168945312,
0.95,55.288940429688,21.095581054688,-70.994262695312,
0.9505,46.920776367188,32.586791992188,-74.797973632812,
0.951,37.151245117188,42.556518554688,-74.637817382812,
0.9515,24.619018554688,48.962768554688,-71.434692382812,
0.952,15.410034179688,55.369018554688,-69.713012695312,
0.9525,1.2362060546875,64.898315429688,-66.509887695312,
0.953,-10.134887695312,71.704956054688,-62.746215820312,
0.9535,-24.709106445312,76.029174804688,-52.896606445312,
0.954,-34.838989257812,77.150268554688,-44.248168945312,
0.9545,-44.608520507812,74.147338867188,-31.395629882812,
0.955,-50.294067382812,71.905151367188,-23.708129882812,
0.9555,-61.344848632812,69.943237304688,-10.134887695312,
0.956,-69.112426757812,65.578979492188,1.9168701171875,
0.9565,-71.875122070312,56.450073242188,14.128784179688,
0.957,-72.435668945312,45.479370117188,25.740112304688,
0.9575,-73.556762695312,34.989135742188,36.991088867188,
0.958,-74.197387695312,26.821166992188,45.759643554688,
0.9585,-71.755004882812,14.048706054688,56.890502929688,
0.959,-70.073364257812,4.3192138671875,63.617065429688,
0.9595,-61.825317382812,-8.9337158203125,68.261596679688,
0.96,-54.378051757812,-19.984497070312,71.985229492188,
0.9605,-43.287231445312,-33.918090820312,74.948120117188,
0.961,-35.479614257812,-44.088012695312,78.431518554688,
0.9615,-23.067504882812,-52.536254882812,78.151245117188,
0.962,-12.977661132812,-61.104614257812,73.386596679688,
0.9625,-0.3653564453125,-65.829223632812,65.779174804688,
0.963,13.007690429688,-70.754028320312,57.691284179688,
0.9635,25.780151367188,-75.198364257812,49.363159179688,
0.964,38.872924804688,-78.721801757812,39.073120117188,
0.9645,47.521362304688,-76.759887695312,28.662963867188,
0.965,53.166870117188,-73.316528320312,18.733276367188,
0.9655,59.933471679688,-66.349731445312,5.2401123046875,
0.966,65.619018554688,-61.705200195312,-5.7305908203125,
0.9665,72.986206054688,-53.216918945312,-21.025512695312,
0.967,78.111206054688,-45.889770507812,-32.396606445312,
0.9675,76.549682617188,-32.476684570312,-43.327270507812,
0.968,72.826049804688,-23.107543945312,-47.451293945312,
0.9685,69.542846679688,-10.094848632812,-56.019653320312,
0.969,66.139526367188,2.8377685546875,-63.947387695312,
0.9695,62.776245117188,16.130737304688,-72.075317382812,
0.97,52.005737304688,28.462768554688,-75.318481445312,
0.9705,41.555541992188,38.152221679688,-75.678833007812,
0.971,31.665893554688,45.399291992188,-73.877075195312,
0.9715,19.654174804688,52.646362304688,-71.114379882812,
0.972,9.7244873046875,60.494018554688,-69.793090820312,
0.9725,-4.8497314453125,69.022338867188,-65.028442382812,
0.973,-15.540161132812,73.026245117188,-57.741333007812,
0.9735,-27.912231445312,71.544799804688,-45.489379882812,
0.974,-37.881958007812,73.026245117188,-36.200317382812,
0.9745,-46.770629882812,70.143432617188,-25.149536132812,
0.975,-56.420043945312,69.863159179688,-15.700317382812,
0.9755,-64.588012695312,65.899291992188,-2.7677001953125,
0.976,-69.072387695312,58.612182617188,10.244995117188,
0.9765,-70.153442382812,48.762573242188,20.014526367188,
0.977,-72.555786132812,39.153198242188,33.307495117188,
0.9775,-75.278442382812,29.583862304688,43.997924804688,
0.978,-76.359497070312,22.857299804688,51.845581054688,
0.9785,-72.435668945312,9.5643310546875,60.694213867188,
0.979,-67.110473632812,0.1151123046875,64.778198242188,
0.9795,-57.861450195312,-13.458129882812,68.862182617188,
0.98,-50.974731445312,-25.149536132812,73.907104492188,
0.9805,-39.803833007812,-38.842895507812,76.829956054688,
0.981,-31.435668945312,-46.330200195312,76.709838867188,
0.9815,-20.665161132812,-51.775512695312,71.264526367188,
0.982,-8.8135986328125,-57.380981445312,65.659057617188,
0.9825,3.5985107421875,-62.866333007812,59.092651367188,
0.983,17.452026367188,-66.630004882812,50.564331054688,
0.9835,30.544799804688,-73.436645507812,43.077026367188,
0.984,40.834838867188,-74.878051757812,33.467651367188,
0.9845,46.480346679688,-69.432739257812,22.617065429688,
0.985,52.005737304688,-66.870239257812,13.688354492188,
0.9855,61.334838867188,-62.105590820312,-0.2052001953125,
0.986,68.862182617188,-58.462036132812,-10.255004882812,
0.9865,75.949096679688,-49.693481445312,-25.630004882812,
0.987,77.830932617188,-40.924926757812,-36.440551757812,
0.9875,73.987182617188,-29.193481445312,-43.727661132812,
0.988,70.503784179688,-20.064575195312,-48.131958007812,
0.9885,68.421752929688,-7.5323486328125,-57.981567382812,
0.989,64.698120117188,5.7606201171875,-66.549926757812,
0.9895,57.330932617188,17.852416992188,-71.114379882812,
0.99,46.800659179688,28.262573242188,-71.194458007812,
0.9905,35.269409179688,37.871948242188,-70.273559570312,
0.991,27.181518554688,46.119995117188,-69.713012695312,
0.9915,14.128784179688,55.449096679688,-68.671997070312,
0.992,4.4793701171875,62.255737304688,-66.509887695312,
0.9925,-8.9337158203125,67.460815429688,-59.302856445312,
0.993,-19.624145507812,69.743041992188,-51.535278320312,
0.9935,-31.595825195312,70.023315429688,-39.843872070312,
0.994,-41.725708007812,71.424682617188,-31.715942382812,
0.9945,-49.933715820312,70.744018554688,-22.226684570312,
0.995,-58.181762695312,68.261596679688,-11.776489257812,
0.9955,-63.466918945312,62.255737304688,0.1151123046875,
0.996,-66.910278320312,53.286987304688,12.487182617188,
0.9965,-69.192504882812,45.119018554688,24.058471679688,
0.997,-73.036254882812,36.470581054688,36.670776367188,
0.9975,-74.277465820312,26.300659179688,46.280151367188,
0.998,-72.916137695312,18.493041992188,52.806518554688,
0.9985,-65.829223632812,5.3602294921875,58.331909179688,
0.999,-60.263793945312,-4.2891845703125,62.255737304688,
0.9995,-51.655395507812,-18.623168945312,67.981323242188,