Date,2020-12-18 16:53:07
Filename,STFMK-20201105-LW19-3455_20201218_165307_004.dat
Data Label,회전체불평형
Label_No,02
Motor Spec,L-EF-04, 1760,2.2, 4.7,
Period,3SEC
Sample Rate,4000
RMS,0.012164,
Data Length,12000,
0,-0.0113351159,
0.00025,0.0057387957,
0.0005,0.0179906394,
0.00075,0.0008881531,
0.001,-0.0081930393,
0.00125,0.0073021408,
0.0015,0.0168390162,
0.00175,-0.0036048056,
0.002,-0.0086448491,
0.00225,0.0214416068,
0.0025,0.0131187132,
0.00275,-0.0097317314,
0.003,0.0003188610,
0.00325,0.0099124257,
0.0035,0.0012899068,
0.00375,-0.0087839123,
0.004,0.0036772471,
0.00425,0.0234192032,
0.0045,0.0151887797,
0.00475,0.0026677235,
0.005,0.0188048594,
0.00525,0.0128571130,
0.0055,-0.0028728519,
0.00575,-0.0154372919,
0.006,-0.0081752688,
0.00625,0.0041416981,
0.0065,0.0010364990,
0.00675,-0.0009980758,
0.007,0.0158018414,
0.00725,0.0130863683,
0.0075,-0.0030682976,
0.00775,-0.0071107363,
0.008,-0.0024128538,
0.00825,-0.0098651666,
0.0085,-0.0149152447,
0.00875,-0.0096027069,
0.009,-0.0020950425,
0.00925,0.0020507267,
0.0095,0.0048126010,
0.00975,0.0153680705,
0.01,0.0088340417,
0.01025,0.0064274813,
0.0105,0.0049581616,
0.01075,-0.0002309395,
0.011,-0.0084692882,
0.01125,-0.0130126365,
0.0115,-0.0084950449,
0.01175,-0.0089513026,
0.012,-0.0023128544,
0.01225,0.0141938571,
0.0125,0.0230881944,
0.01275,0.0205503516,
0.013,0.0152149852,
0.01325,0.0001130295,
0.0135,-0.0124409050,
0.01375,-0.0240615420,
0.014,-0.0204601232,
0.01425,-0.0198200364,
0.0145,-0.0145461001,
0.01475,-0.0011579460,
0.015,0.0191465430,
0.01525,0.0080835577,
0.0155,0.0200846903,
0.01575,0.0098369690,
0.016,0.0029472038,
0.01625,-0.0227608457,
0.0165,-0.0164597426,
0.01675,-0.0143430904,
0.017,-0.0002742845,
0.01725,-0.0045035193,
0.0175,0.0159486216,
0.01775,0.0164526161,
0.018,0.0128750484,
0.01825,0.0007884359,
0.0185,-0.0016594013,
0.01875,-0.0007394931,
0.019,-0.0113730449,
0.01925,-0.0183314346,
0.0195,-0.0086055128,
0.01975,0.0049938858,
0.02,0.0013099086,
0.02025,-0.0032029273,
0.0205,0.0055846674,
0.02075,0.0080408091,
0.021,-0.0068243011,
0.02125,-0.0217679124,
0.0215,-0.0038261458,
0.02175,-0.0001449087,
0.022,-0.0100333747,
0.02225,-0.0112371854,
0.0225,0.0140841510,
0.02275,0.0165881813,
0.023,0.0059387418,
0.02325,0.0003785769,
0.0235,0.0145937456,
0.02375,0.0086217877,
0.024,-0.0105316266,
0.02425,-0.0097992942,
0.0245,0.0009510809,
0.02475,-0.0045834347,
0.025,-0.0067744935,
0.02525,0.0033596612,
0.0255,0.0097968290,
0.02575,0.0101265265,
0.026,-0.0095852073,
0.02625,-0.0052625504,
0.0265,-0.0148050664,
0.02675,-0.0191574898,
0.027,-0.0164445248,
0.02725,-0.0109547377,
0.0275,-0.0048558898,
0.02775,-0.0004462121,
0.028,0.0021292591,
0.02825,0.0059895450,
0.0285,0.0121101821,
0.02875,0.0048528798,
0.029,0.0064879823,
0.02925,-0.0033438078,
0.0295,-0.0003158474,
0.02975,-0.0007168903,
0.03,-0.0009900881,
0.03025,0.0020739175,
0.0305,0.0094016427,
0.03075,0.0126582589,
0.031,0.0066232970,
0.03125,0.0050233258,
0.0315,0.0143973399,
0.03175,0.0122771505,
0.032,-0.0047703497,
0.03225,-0.0017317962,
0.0325,0.0145101724,
0.03275,-0.0031336085,
0.033,-0.0177948102,
0.03325,0.0046451190,
0.0335,0.0100302650,
0.03375,-0.0048213317,
0.034,-0.0083946800,
0.03425,0.0180855207,
0.0345,0.0140071157,
0.03475,-0.0038937640,
0.035,-0.0040687099,
0.03525,0.0236851834,
0.0355,0.0013037281,
0.03575,-0.0230035651,
0.036,-0.0097583244,
0.03625,-0.0023141950,
0.0365,-0.0262373798,
0.03675,-0.0255979709,
0.037,0.0055001844,
0.03725,0.0196091253,
0.0375,-0.0028598981,
0.03775,0.0007252156,
0.038,0.0170215406,
0.03825,0.0021661867,
0.0385,-0.0267118476,
0.03875,-0.0204171911,
0.039,-0.0088105602,
0.03925,-0.0141821578,
0.0395,-0.0183306746,
0.03975,-0.0034766274,
0.04,0.0131344013,
0.04025,0.0042123343,
0.0405,-0.0055701612,
0.04075,-0.0074283821,
0.041,-0.0053540487,
0.04125,-0.0204059705,
0.0415,-0.0305698607,
0.04175,-0.0176678877,
0.042,-0.0123490244,
0.04225,-0.0118105561,
0.0425,-0.0128472270,
0.04275,-0.0054185349,
0.043,-0.0022945222,
0.04325,0.0012971028,
0.0435,-0.0072185071,
0.04375,-0.0001583678,
0.044,-0.0066462629,
0.04425,-0.0146631002,
0.0445,-0.0209611263,
0.04475,-0.0182067025,
0.045,-0.0211215988,
0.04525,-0.0097554401,
0.0455,-0.0066456939,
0.04575,0.0011879549,
0.046,0.0041151000,
0.04625,0.0071474658,
0.0465,-0.0040609799,
0.04675,-0.0099591203,
0.047,-0.0198548324,
0.04725,-0.0312635601,
0.0475,-0.0330868661,
0.04775,-0.0140212532,
0.048,-0.0056273029,
0.04825,0.0062101805,
0.0485,0.0178442802,
0.04875,0.0252424031,
0.049,0.0107982382,
0.04925,-0.0060740141,
0.0495,-0.0028167700,
0.04975,-0.0118606314,
0.05,-0.0176781956,
0.05025,-0.0146912951,
0.0505,0.0085301967,
0.05075,0.0135165527,
0.051,0.0104341088,
0.05125,0.0092362603,
0.0515,0.0173600055,
0.05175,0.0089806756,
0.052,-0.0090098139,
0.05225,-0.0040517654,
0.0525,0.0078476900,
0.05275,0.0080210268,
0.053,0.0010556793,
0.05325,0.0044857915,
0.0535,0.0122829666,
0.05375,0.0056057647,
0.054,-0.0058147013,
0.05425,0.0019757953,
0.0545,0.0148362024,
0.05475,0.0041817953,
0.055,-0.0088465251,
0.05525,0.0036666989,
0.0555,0.0158296973,
0.05575,-0.0000030416,
0.056,-0.0018788875,
0.05625,0.0217992831,
0.0565,0.0316917934,
0.05675,0.0068390686,
0.057,-0.0009599482,
0.05725,0.0143713765,
0.0575,0.0026351286,
0.05775,-0.0127451345,
0.058,-0.0027495278,
0.05825,0.0147997551,
0.0585,0.0204309244,
0.05875,0.0127361165,
0.059,0.0183866378,
0.05925,0.0210291985,
0.0595,0.0080988277,
0.05975,-0.0115388185,
0.06,-0.0012402886,
0.06025,-0.0018299015,
0.0605,-0.0049766130,
0.06075,0.0033316077,
0.061,0.0102222944,
0.06125,0.0087506864,
0.0615,0.0070758816,
0.06175,0.0070053423,
0.062,-0.0005602621,
0.06225,-0.0078301681,
0.0625,-0.0056057135,
0.06275,0.0030700958,
0.063,-0.0043484950,
0.06325,-0.0056536193,
0.0635,0.0008123951,
0.06375,-0.0039435853,
0.064,-0.0138708903,
0.06425,-0.0108694732,
0.0645,-0.0007283973,
0.06475,-0.0052641071,
0.065,-0.0110593960,
0.06525,0.0020427450,
0.0655,0.0072934628,
0.06575,-0.0074142362,
0.066,-0.0098399734,
0.06625,0.0075608864,
0.0665,0.0052088723,
0.06675,-0.0154413367,
0.067,-0.0023628746,
0.06725,0.0161623694,
0.0675,0.0016693331,
0.06775,-0.0124138873,
0.068,0.0107586440,
0.06825,0.0183308087,
0.0685,-0.0048262086,
0.06875,-0.0110624414,
0.069,0.0099569941,
0.06925,0.0069879647,
0.0695,-0.0229002703,
0.06975,-0.0193849877,
0.07,0.0145495310,
0.07025,0.0027849884,
0.0705,-0.0169148874,
0.07075,0.0072446223,
0.071,0.0195444822,
0.07125,0.0023649258,
0.0715,-0.0111958999,
0.07175,0.0036270146,
0.072,0.0098769721,
0.07225,-0.0130845523,
0.0725,-0.0188775640,
0.07275,0.0087258723,
0.073,0.0091987243,
0.07325,0.0031724018,
0.0735,0.0128959045,
0.07375,0.0266714357,
0.074,0.0170064308,
0.07425,0.0042170756,
0.0745,-0.0047716238,
0.07475,0.0065753069,
0.075,-0.0029969448,
0.07525,-0.0108535951,
0.0755,0.0091533633,
0.07575,0.0202778466,
0.076,0.0150719211,
0.07625,0.0145515436,
0.0765,0.0233737119,
0.07675,0.0203324482,
0.077,0.0115076937,
0.07725,-0.0035584117,
0.0775,-0.0030268033,
0.07775,-0.0093050729,
0.078,-0.0155546777,
0.07825,0.0004292902,
0.0785,0.0132217733,
0.07875,0.0164362919,
0.079,0.0253320411,
0.07925,0.0291146301,
0.0795,0.0279733334,
0.07975,0.0202202648,
0.08,0.0085846856,
0.08025,-0.0051406720,
0.0805,-0.0130124660,
0.08075,-0.0235245302,
0.081,-0.0122299027,
0.08125,-0.0056560272,
0.0815,0.0057779439,
0.08175,0.0249067508,
0.082,0.0247033983,
0.08225,0.0230897814,
0.0825,0.0202402063,
0.08275,0.0052689128,
0.083,-0.0120991701,
0.08325,-0.0106663667,
0.0835,-0.0004700540,
0.08375,0.0014517391,
0.084,0.0034872023,
0.08425,0.0207682773,
0.0845,0.0203292351,
0.08475,0.0074735526,
0.085,-0.0044424161,
0.08525,-0.0029924959,
0.0855,-0.0079615032,
0.08575,-0.0189404357,
0.086,-0.0089102602,
0.08625,0.0068861619,
0.0865,0.0085689258,
0.08675,-0.0004804802,
0.087,0.0013452629,
0.08725,-0.0012330287,
0.0875,-0.0036346714,
0.08775,-0.0123861115,
0.088,-0.0184746142,
0.08825,-0.0030241769,
0.0885,0.0051126955,
0.08875,-0.0038257530,
0.089,-0.0117135700,
0.08925,0.0088095143,
0.0895,0.0159587041,
0.08975,-0.0054991874,
0.09,-0.0073952135,
0.09025,0.0150696430,
0.0905,0.0171568505,
0.09075,-0.0230897255,
0.091,-0.0207430851,
0.09125,0.0051362482,
0.0915,0.0048385342,
0.09175,-0.0167102348,
0.092,0.0101452991,
0.09225,0.0224771090,
0.0925,0.0122958096,
0.09275,-0.0103091532,
0.093,0.0014711578,
0.09325,0.0040121907,
0.0935,-0.0165892206,
0.09375,-0.0299116876,
0.094,-0.0048884978,
0.09425,-0.0110386517,
0.0945,-0.0120906532,
0.09475,0.0046189711,
0.095,0.0142848538,
0.09525,-0.0001310959,
0.0955,-0.0117716575,
0.09575,0.0009472808,
0.096,-0.0024074037,
0.09625,-0.0201209653,
0.0965,-0.0114637148,
0.09675,0.0067243269,
0.097,-0.0026148965,
0.09725,-0.0136864698,
0.0975,-0.0033087328,
0.09775,0.0058431104,
0.098,-0.0022718413,
0.09825,-0.0137230186,
0.0985,0.0049276408,
0.09875,0.0069264229,
0.099,-0.0084753362,
0.09925,-0.0023183830,
0.0995,0.0105297184,
0.09975,0.0001777865,
0.1,-0.0101552214,
0.10025,-0.0008582795,
0.1005,0.0020983010,
0.10075,-0.0140266782,
0.101,-0.0132737160,
0.10125,0.0055217375,
0.1015,-0.0020600385,
0.10175,-0.0128716035,
0.102,0.0026892158,
0.10225,0.0141845373,
0.1025,-0.0066543138,
0.10275,-0.0144064659,
0.103,-0.0013194876,
0.10325,0.0034921775,
0.1035,-0.0213779341,
0.10375,-0.0180699695,
0.104,0.0077995611,
0.10425,0.0041507571,
0.1045,-0.0145360362,
0.10475,-0.0036992799,
0.105,0.0123393759,
0.10525,-0.0088057872,
0.1055,-0.0243100561,
0.10575,-0.0052578473,
0.106,0.0073390370,
0.10625,-0.0080381008,
0.1065,-0.0096577695,
0.10675,0.0176962353,
0.107,0.0167198870,
0.10725,-0.0077110119,
0.1075,-0.0022866628,
0.10775,0.0068819430,
0.108,-0.0020600983,
0.10825,-0.0135067031,
0.1085,-0.0079996735,
0.10875,0.0119559327,
0.109,0.0068269456,
0.10925,-0.0061112451,
0.1095,0.0067990851,
0.10975,0.0113562262,
0.11,-0.0047646780,
0.11025,-0.0065291822,
0.1105,-0.0047153463,
0.11075,-0.0083669843,
0.111,-0.0125941634,
0.11125,-0.0167498216,
0.1115,-0.0061655948,
0.11175,-0.0032801512,
0.112,-0.0090325987,
0.11225,0.0017840338,
0.1125,0.0072647622,
0.11275,0.0029484713,
0.113,0.0001413253,
0.11325,-0.0038952022,
0.1135,-0.0098605510,
0.11375,-0.0259537827,
0.114,-0.0274972226,
0.11425,-0.0138021000,
0.1145,-0.0083304103,
0.11475,-0.0025254264,
0.115,0.0120618921,
0.11525,0.0204141140,
0.1155,0.0124833025,
0.11575,0.0019371866,
0.116,-0.0048745871,
0.11625,-0.0139051350,
0.1165,-0.0238965005,
0.11675,-0.0259238500,
0.117,-0.0246973746,
0.11725,-0.0147578418,
0.1175,-0.0036820336,
0.11775,0.0028046388,
0.118,0.0106325196,
0.11825,0.0120890904,
0.1185,-0.0028934949,
0.11875,-0.0143553317,
0.119,-0.0236245021,
0.11925,-0.0353427604,
0.1195,-0.0183899812,
0.11975,-0.0201637503,
0.12,-0.0054828571,
0.12025,0.0024020984,
0.1205,0.0124482634,
0.12075,0.0017636700,
0.121,-0.0014582184,
0.12125,-0.0120970663,
0.1215,-0.0151177580,
0.12175,-0.0149526438,
0.122,-0.0190339014,
0.12225,-0.0095261112,
0.1225,0.0054832418,
0.12275,0.0149566941,
0.123,0.0046538450,
0.12325,0.0055158054,
0.1235,0.0128764734,
0.12375,0.0014948571,
0.124,-0.0236487724,
0.12425,-0.0133517124,
0.1245,0.0102183055,
0.12475,-0.0038835779,
0.125,-0.0093375538,
0.12525,0.0189324636,
0.1255,0.0254959520,
0.12575,0.0009075177,
0.126,-0.0044243215,
0.12625,0.0138600441,
0.1265,0.0042006751,
0.12675,-0.0201480836,
0.127,-0.0140524805,
0.12725,0.0114405379,
0.1275,-0.0016716681,
0.12775,-0.0130772572,
0.128,0.0113780750,
0.12825,0.0172573123,
0.1285,-0.0054022740,
0.12875,-0.0056962548,
0.129,0.0095265377,
0.12925,0.0010277029,
0.1295,-0.0239893496,
0.12975,-0.0082194265,
0.13,0.0143814702,
0.13025,0.0014461684,
0.1305,-0.0007121926,
0.13075,0.0215781555,
0.131,0.0267049335,
0.13125,0.0049926788,
0.1315,-0.0001457882,
0.13175,0.0085218977,
0.132,0.0028761090,
0.13225,-0.0158928260,
0.1325,-0.0089467000,
0.13275,0.0134568485,
0.133,0.0052062091,
0.13325,0.0021545270,
0.1335,0.0175073948,
0.13375,0.0253900532,
0.134,0.0083327461,
0.13425,0.0002795760,
0.1345,0.0069914656,
0.13475,-0.0007871717,
0.135,-0.0138941389,
0.13525,-0.0047264779,
0.1355,0.0047665979,
0.13575,-0.0028551661,
0.136,-0.0012251927,
0.13625,0.0072686793,
0.1365,0.0101185739,
0.13675,0.0017201895,
0.137,0.0035632616,
0.13725,0.0094265891,
0.1375,0.0059038727,
0.13775,-0.0058508641,
0.138,0.0056606336,
0.13825,0.0097600101,
0.1385,-0.0056393347,
0.13875,-0.0075500337,
0.139,0.0087833963,
0.13925,0.0030575637,
0.1395,0.0014661266,
0.13975,0.0116509125,
0.14,0.0288861282,
0.14025,0.0208737217,
0.1405,0.0029264635,
0.14075,0.0134486714,
0.141,0.0071916752,
0.14125,-0.0151165472,
0.1415,-0.0120469630,
0.14175,0.0016362242,
0.142,0.0028619263,
0.14225,0.0030522044,
0.1425,0.0014604047,
0.14275,0.0145423170,
0.143,0.0163080022,
0.14325,-0.0020681433,
0.1435,0.0058090379,
0.14375,0.0114717726,
0.144,-0.0050102179,
0.14425,-0.0063395696,
0.1445,-0.0052074771,
0.14475,0.0001596788,
0.145,0.0081694527,
0.14525,0.0060064071,
0.1455,0.0186590310,
0.14575,0.0277154744,
0.146,0.0204500332,
0.14625,0.0239052270,
0.1465,0.0142290266,
0.14675,0.0015045987,
0.147,-0.0080073383,
0.14725,-0.0164643880,
0.1475,-0.0110056885,
0.14775,-0.0112447413,
0.148,-0.0089301681,
0.14825,0.0111523662,
0.1485,0.0167128835,
0.14875,0.0110352142,
0.149,0.0158423353,
0.14925,0.0148192151,
0.1495,0.0023066562,
0.14975,-0.0130795212,
0.15,-0.0168347321,
0.15025,-0.0116250021,
0.1505,-0.0113263773,
0.15075,-0.0045063095,
0.151,0.0189052671,
0.15125,0.0208732896,
0.1515,0.0186792985,
0.15175,0.0080562774,
0.152,-0.0043309880,
0.15225,-0.0086718109,
0.1525,-0.0205962136,
0.15275,-0.0160713252,
0.153,-0.0056358315,
0.15325,-0.0013033994,
0.1535,-0.0001636966,
0.15375,0.0073386752,
0.154,-0.0002519824,
0.15425,-0.0059100445,
0.1545,-0.0115497112,
0.15475,-0.0058907550,
0.155,-0.0074627013,
0.15525,-0.0032319240,
0.1555,-0.0063542039,
0.15575,0.0088905096,
0.156,-0.0021153702,
0.15625,0.0005068086,
0.1565,0.0044088056,
0.15675,0.0135320695,
0.157,0.0054573040,
0.15725,-0.0003622316,
0.1575,0.0023643000,
0.15775,0.0083799642,
0.158,-0.0122037260,
0.15825,-0.0107102916,
0.1585,0.0073676035,
0.15875,0.0065811863,
0.159,0.0013951019,
0.15925,0.0148842670,
0.1595,0.0187071282,
0.15975,0.0009666710,
0.16,-0.0188167989,
0.16025,-0.0054758340,
0.1605,-0.0019231294,
0.16075,-0.0126915611,
0.161,-0.0026234228,
0.16125,0.0274862386,
0.1615,0.0220246073,
0.16175,0.0000301418,
0.162,0.0104409438,
0.16225,0.0153885977,
0.1625,-0.0003417479,
0.16275,-0.0198703408,
0.163,0.0044040270,
0.16325,0.0143143525,
0.1635,-0.0050159548,
0.16375,-0.0009155911,
0.164,0.0233832207,
0.16425,0.0163288210,
0.1645,0.0002236093,
0.16475,0.0079268925,
0.165,0.0211783163,
0.16525,0.0072529428,
0.1655,-0.0080615086,
0.16575,0.0047194753,
0.166,0.0082645109,
0.16625,-0.0098741557,
0.1665,-0.0096434429,
0.16675,0.0097711310,
0.167,0.0133155324,
0.16725,0.0023451145,
0.1675,0.0078714155,
0.16775,0.0179524161,
0.168,0.0039575431,
0.16825,-0.0083744442,
0.1685,0.0067050057,
0.16875,0.0008436810,
0.169,-0.0072941547,
0.16925,-0.0051804241,
0.1695,-0.0004881897,
0.16975,-0.0009509662,
0.17,-0.0011029942,
0.17025,-0.0001777064,
0.1705,0.0022511445,
0.17075,-0.0052697393,
0.171,-0.0077221962,
0.17125,-0.0027391023,
0.1715,-0.0109842103,
0.17175,-0.0169661660,
0.172,-0.0097066779,
0.17225,-0.0135413315,
0.1725,-0.0208220724,
0.17275,-0.0200988259,
0.173,-0.0059499959,
0.17325,-0.0090070106,
0.1735,-0.0154070891,
0.17375,-0.0100863716,
0.174,0.0021985106,
0.17425,-0.0156723615,
0.1745,-0.0244891569,
0.17475,-0.0123491846,
0.175,-0.0063428981,
0.17525,-0.0179033913,
0.1755,-0.0144511564,
0.17575,-0.0040054675,
0.176,0.0024607060,
0.17625,-0.0125515945,
0.1765,-0.0163273178,
0.17675,-0.0030069663,
0.177,-0.0108348001,
0.17725,-0.0240243822,
0.1775,-0.0180809274,
0.17775,-0.0076901615,
0.178,-0.0176301654,
0.17825,-0.0213710181,
0.1785,-0.0109424340,
0.17875,-0.0049942946,
0.179,-0.0146983080,
0.17925,-0.0123348515,
0.1795,0.0038002080,
0.17975,-0.0030367495,
0.18,-0.0149525907,
0.18025,-0.0117450189,
0.1805,-0.0072079580,
0.18075,-0.0125169279,
0.181,-0.0169258360,
0.18125,-0.0047774101,
0.1815,0.0125590200,
0.18175,0.0138129313,
0.182,0.0127871940,
0.18225,0.0214191172,
0.1825,0.0222908333,
0.18275,-0.0007439632,
0.183,-0.0167540871,
0.18325,-0.0103953378,
0.1835,-0.0122332480,
0.18375,-0.0191791505,
0.184,-0.0090684304,
0.18425,0.0149434153,
0.1845,0.0152089987,
0.18475,0.0194869544,
0.185,0.0191699564,
0.18525,0.0274696555,
0.1855,0.0085283602,
0.18575,-0.0103589818,
0.186,-0.0103916638,
0.18625,-0.0083056912,
0.1865,-0.0107155126,
0.18675,0.0032933883,
0.187,0.0249218680,
0.18725,0.0270252228,
0.1875,0.0234583393,
0.18775,0.0167210232,
0.188,0.0184051059,
0.18825,-0.0033152511,
0.1885,-0.0165250674,
0.18875,-0.0084420871,
0.189,0.0011439070,
0.18925,-0.0006143707,
0.1895,0.0121482238,
0.18975,0.0202498939,
0.19,0.0186920017,
0.19025,0.0031596362,
0.1905,-0.0033675937,
0.19075,-0.0008127213,
0.191,-0.0053082258,
0.19125,-0.0225720778,
0.1915,-0.0066897366,
0.19175,-0.0003006160,
0.192,-0.0065867184,
0.19225,0.0077559073,
0.1925,0.0138358297,
0.19275,0.0029684857,
0.193,-0.0043957862,
0.19325,0.0005878531,
0.1935,0.0032104962,
0.19375,-0.0097376537,
0.194,-0.0118342238,
0.19425,0.0080580600,
0.1945,0.0016369463,
0.19475,-0.0091414694,
0.195,0.0040099132,
0.19525,0.0191751830,
0.1955,0.0001923345,
0.19575,-0.0192172062,
0.196,-0.0120939258,
0.19625,-0.0036463595,
0.1965,-0.0279798284,
0.19675,-0.0260549374,
0.197,0.0035045389,
0.19725,-0.0027933868,
0.1975,-0.0180411357,
0.19775,0.0039898548,
0.198,0.0154199228,
0.19825,-0.0000691935,
0.1985,-0.0125335045,
0.19875,0.0030833345,
0.199,0.0020345405,
0.19925,-0.0208795853,
0.1995,-0.0131172854,
0.19975,0.0096873809,
0.2,0.0068167616,
0.20025,-0.0062983651,
0.2005,0.0037653977,
0.20075,0.0161510091,
0.201,0.0047612386,
0.20125,-0.0076676863,
0.2015,0.0030084765,
0.20175,0.0093687298,
0.202,-0.0104522808,
0.20225,-0.0106803272,
0.2025,-0.0025111719,
0.20275,-0.0046075275,
0.203,-0.0068665687,
0.20325,-0.0062941900,
0.2035,0.0030880650,
0.20375,0.0010557575,
0.204,-0.0051762192,
0.20425,0.0032181549,
0.2045,0.0011011274,
0.20475,-0.0052759233,
0.205,-0.0048186020,
0.20525,-0.0011765920,
0.2055,-0.0158596598,
0.20575,-0.0126791941,
0.206,-0.0057989783,
0.20625,-0.0021954835,
0.2065,-0.0003533999,
0.20675,0.0125051653,
0.207,0.0230828896,
0.20725,0.0137136783,
0.2075,-0.0053107543,
0.20775,0.0089974273,
0.208,0.0046931668,
0.20825,-0.0100141438,
0.2085,-0.0039095287,
0.20875,0.0122819580,
0.209,0.0076798066,
0.20925,0.0025365176,
0.2095,0.0055257706,
0.20975,0.0137060462,
0.21,0.0078396117,
0.21025,-0.0078866901,
0.2105,0.0037776665,
0.21075,0.0086754914,
0.211,-0.0009408671,
0.21125,0.0020649543,
0.2115,0.0130628198,
0.21175,0.0148268463,
0.212,0.0076335715,
0.21225,0.0095414408,
0.2125,0.0208434537,
0.21275,0.0178193972,
0.213,0.0043243915,
0.21325,0.0127614811,
0.2135,0.0131290052,
0.21375,0.0025167796,
0.214,-0.0052284421,
0.21425,-0.0070401747,
0.2145,0.0044838274,
0.21475,-0.0018868656,
0.215,-0.0000192159,
0.21525,0.0151634794,
0.2155,0.0233835001,
0.21575,0.0055308891,
0.216,0.0056833983,
0.21625,0.0055983979,
0.2165,-0.0062205652,
0.21675,-0.0272505693,
0.217,-0.0145590669,
0.21725,-0.0009446224,
0.2175,0.0046348833,
0.21775,0.0000865641,
0.218,0.0277658384,
0.21825,0.0301524419,
0.2185,0.0161223672,
0.21875,0.0050046947,
0.219,0.0120518217,
0.21925,0.0032063243,
0.2195,-0.0131445639,
0.21975,-0.0057581817,
0.22,0.0131392768,
0.22025,0.0096613644,
0.2205,0.0079905121,
0.22075,0.0201244298,
0.221,0.0215856209,
0.22125,0.0081421314,
0.2215,-0.0084152315,
0.22175,-0.0018805008,
0.222,-0.0005065969,
0.22225,-0.0070409966,
0.2225,-0.0113076307,
0.22275,0.0068588303,
0.223,0.0110883508,
0.22325,0.0071220146,
0.2235,0.0070805606,
0.22375,0.0159549229,
0.224,0.0139395902,
0.22425,-0.0053633167,
0.2245,-0.0070398701,
0.22475,0.0044967076,
0.225,0.0010782548,
0.22525,0.0014322548,
0.2255,0.0157360565,
0.22575,0.0172209535,
0.226,0.0086610122,
0.22625,0.0071526510,
0.2265,0.0012629528,
0.22675,-0.0046411473,
0.227,-0.0063540642,
0.22725,-0.0054148519,
0.2275,-0.0054166168,
0.22775,-0.0085131228,
0.228,0.0082226219,
0.22825,0.0174071193,
0.2285,0.0006910496,
0.22875,-0.0022347642,
0.229,0.0127744684,
0.22925,-0.0041328482,
0.2295,-0.0228965301,
0.22975,-0.0115620857,
0.23,0.0043587056,
0.23025,-0.0075451862,
0.2305,-0.0195309073,
0.23075,0.0054788520,
0.231,0.0125500262,
0.23125,-0.0168207921,
0.2315,-0.0112376912,
0.23175,0.0103010852,
0.232,-0.0042380919,
0.23225,-0.0226716418,
0.2325,-0.0057887053,
0.23275,0.0013673421,
0.233,-0.0146094058,
0.23325,-0.0163083225,
0.2335,0.0017914360,
0.23375,0.0060887220,
0.234,-0.0123995552,
0.23425,-0.0073539540,
0.2345,0.0060483851,
0.23475,-0.0014888681,
0.235,-0.0152678834,
0.23525,-0.0047673862,
0.2355,0.0049389424,
0.23575,-0.0097817462,
0.236,-0.0140706375,
0.23625,-0.0042847805,
0.2365,-0.0004886999,
0.23675,-0.0084732790,
0.237,-0.0081494488,
0.23725,-0.0017185813,
0.2375,-0.0017909615,
0.23775,-0.0076883612,
0.238,-0.0044214437,
0.23825,-0.0093827453,
0.2385,-0.0173384454,
0.23875,-0.0126757752,
0.239,-0.0199112650,
0.23925,-0.0106696989,
0.2395,-0.0144223357,
0.23975,-0.0014977780,
0.24,0.0003326667,
0.24025,0.0061237668,
0.2405,0.0029561897,
0.24075,0.0075018033,
0.241,-0.0010009452,
0.24125,-0.0075146165,
0.2415,-0.0069528390,
0.24175,0.0008842017,
0.242,-0.0016438974,
0.24225,0.0031544708,
0.2425,0.0137872947,
0.24275,0.0144877369,
0.243,0.0062758983,
0.24325,0.0082861949,
0.2435,0.0150396433,
0.24375,0.0092534991,
0.244,-0.0008557796,
0.24425,0.0028035103,
0.2445,0.0080994871,
0.24475,-0.0033903739,
0.245,-0.0041727112,
0.24525,0.0135085592,
0.2455,0.0200181622,
0.24575,0.0139801297,
0.246,0.0161281582,
0.24625,0.0235593952,
0.2465,0.0130820172,
0.24675,-0.0056260312,
0.247,-0.0094098449,
0.24725,-0.0090456139,
0.2475,-0.0131041128,
0.24775,-0.0119232107,
0.248,-0.0006448777,
0.24825,0.0164296180,
0.2485,0.0216228422,
0.24875,0.0217828881,
0.249,0.0170088727,
0.24925,0.0199392140,
0.2495,0.0034353693,
0.24975,-0.0120156407,
0.25,-0.0153281549,
0.25025,-0.0098724719,
0.2505,-0.0161208939,
0.25075,-0.0092789819,
0.251,0.0056146458,
0.25125,0.0133993812,
0.2515,0.0103921369,
0.25175,0.0081462981,
0.252,0.0109920045,
0.25225,-0.0015033698,
0.2525,-0.0240730532,
0.25275,-0.0226199217,
0.253,-0.0059095682,
0.25325,-0.0155887203,
0.2535,-0.0052654138,
0.25375,0.0135254208,
0.254,0.0170438997,
0.25425,-0.0024856103,
0.2545,-0.0163737237,
0.25475,-0.0060347137,
0.255,-0.0152508300,
0.25525,-0.0264191832,
0.2555,-0.0155421793,
0.25575,0.0078885742,
0.256,0.0008472336,
0.25625,-0.0074617481,
0.2565,0.0006548856,
0.25675,0.0024605051,
0.257,-0.0106785372,
0.25725,-0.0273178406,
0.2575,-0.0139112379,
0.25775,-0.0043263379,
0.258,-0.0095522618,
0.25825,-0.0141954068,
0.2585,0.0067365454,
0.25875,0.0073392335,
0.259,-0.0041981498,
0.25925,-0.0083504077,
0.2595,0.0014356056,
0.25975,-0.0054561384,
0.26,-0.0093346220,
0.26025,-0.0110031087,
0.2605,-0.0123675559,
0.26075,-0.0137728117,
0.261,-0.0100952527,
0.26125,-0.0072228676,
0.2615,-0.0073090717,
0.26175,0.0040451060,
0.262,0.0159726385,
0.26225,0.0055333870,
0.2625,-0.0075592436,
0.26275,-0.0004066579,
0.263,0.0004702772,
0.26325,-0.0243735500,
0.2635,-0.0251937211,
0.26375,-0.0009808270,
0.264,0.0040082582,
0.26425,-0.0086675379,
0.2645,0.0014220243,
0.26475,0.0238827653,
0.265,0.0062849517,
0.26525,-0.0118034966,
0.2655,0.0032859882,
0.26575,0.0108759385,
0.266,-0.0181423873,
0.26625,-0.0081566926,
0.2665,0.0101152211,
0.26675,0.0095901443,
0.267,-0.0099516418,
0.26725,0.0032810327,
0.2675,0.0180408619,
0.26775,0.0085463477,
0.268,-0.0073777088,
0.26825,0.0116312616,
0.2685,0.0253674015,
0.26875,-0.0028347909,
0.269,-0.0088173719,
0.26925,0.0091337347,
0.2695,0.0089805154,
0.26975,-0.0105627403,
0.27,-0.0026386490,
0.27025,0.0126728555,
0.2705,0.0111733004,
0.27075,0.0016203137,
0.271,0.0124093834,
0.27125,0.0201114565,
0.2715,0.0080950903,
0.27175,0.0060443142,
0.272,0.0078809895,
0.27225,0.0053491136,
0.2725,-0.0006084050,
0.27275,0.0066683027,
0.273,0.0070089595,
0.27325,0.0078717377,
0.2735,0.0088394638,
0.27375,0.0153624369,
0.274,0.0170670003,
0.27425,0.0094089117,
0.2745,0.0088143125,
0.27475,0.0081460280,
0.275,0.0013232920,
0.27525,-0.0007077497,
0.2755,0.0048293099,
0.27575,0.0083396584,
0.276,0.0020041692,
0.27625,0.0098470123,
0.2765,0.0101683801,
0.27675,0.0064401124,
0.277,-0.0010712191,
0.27725,0.0050601503,
0.2775,-0.0015207303,
0.27775,0.0011801351,
0.278,-0.0252930708,
0.27825,-0.0275351387,
0.2785,-0.0047102980,
0.27875,-0.0029649513,
0.279,-0.0137794297,
0.27925,0.0068778805,
0.2795,-0.0044245771,
0.27975,-0.0160346273,
0.28,-0.0029794397,
0.28025,-0.0036318346,
0.2805,-0.0096865706,
0.28075,-0.0102038132,
0.281,0.0016795985,
0.28125,0.0074463598,
0.2815,0.0048633143,
0.28175,0.0131593812,
0.282,0.0207348727,
0.28225,0.0074499911,
0.2825,-0.0034684450,
0.28275,-0.0047621727,
0.283,-0.0077456976,
0.28325,-0.0205752887,
0.2835,-0.0131961945,
0.28375,-0.0047636223,
0.284,-0.0002947305,
0.28425,0.0075249304,
0.2845,0.0062288838,
0.28475,0.0060781087,
0.285,0.0095208650,
0.28525,-0.0095371762,
0.2855,-0.0079062702,
0.28575,-0.0179163404,
0.286,-0.0162489694,
0.28625,-0.0143601326,
0.2865,-0.0206042118,
0.28675,-0.0039414386,
0.287,0.0158690009,
0.28725,0.0113934837,
0.2875,0.0080692805,
0.28775,0.0161125753,
0.288,0.0120337736,
0.28825,-0.0003411993,
0.2885,-0.0173511952,
0.28875,-0.0107251890,
0.289,-0.0117590232,
0.28925,-0.0224830043,
0.2895,-0.0006687489,
0.28975,0.0149055663,
0.29,0.0148349730,
0.29025,0.0074995942,
0.2905,0.0139125455,
0.29075,-0.0011468360,
0.291,-0.0125423456,
0.29125,-0.0252215471,
0.2915,-0.0067338836,
0.29175,-0.0001484884,
0.292,-0.0013866795,
0.29225,0.0067592203,
0.2925,0.0239067730,
0.29275,0.0177087337,
0.293,-0.0031165886,
0.29325,-0.0030924827,
0.2935,0.0006612047,
0.29375,-0.0086204540,
0.294,-0.0060567521,
0.29425,0.0055220532,
0.2945,0.0147557575,
0.29475,0.0109345242,
0.295,0.0087979259,
0.29525,0.0129838288,
0.2955,0.0051566735,
0.29575,0.0032084095,
0.296,0.0057003326,
0.29625,-0.0017693527,
0.2965,-0.0047206697,
0.29675,0.0007317676,
0.297,0.0128706265,
0.29725,-0.0025699856,
0.2975,0.0060304925,
0.29775,0.0205911677,
0.298,0.0205175132,
0.29825,0.0018479156,
0.2985,0.0086670453,
0.29875,0.0195659362,
0.299,0.0045453673,
0.29925,-0.0158963017,
0.2995,0.0073224707,
0.29975,0.0207347218,
0.3,0.0008007984,
0.30025,0.0075743371,
0.3005,0.0360339060,
0.30075,0.0214608498,
0.301,-0.0018311061,
0.30125,-0.0020455983,
0.3015,0.0099515319,
0.30175,-0.0028607170,
0.302,-0.0236131735,
0.30225,0.0000181332,
0.3025,0.0212696735,
0.30275,-0.0087022167,
0.303,-0.0097281849,
0.30325,0.0164627545,
0.3035,0.0172876772,
0.30375,-0.0109105688,
0.304,-0.0093106143,
0.30425,0.0079255011,
0.3045,0.0026677288,
0.30475,-0.0231880024,
0.305,-0.0063671526,
0.30525,0.0060416171,
0.3055,-0.0016312893,
0.30575,-0.0129019879,
0.306,0.0044450876,
0.30625,0.0068463716,
0.3065,-0.0016925945,
0.30675,0.0011998469,
0.307,0.0003612728,
0.30725,-0.0001479905,
0.3075,-0.0193210486,
0.30775,-0.0137214316,
0.308,-0.0177365243,
0.30825,-0.0215554889,
0.3085,-0.0186843313,
0.30875,-0.0084102489,
0.309,-0.0070516281,
0.30925,-0.0000477327,
0.3095,0.0050776056,
0.30975,0.0116312699,
0.31,-0.0073334710,
0.31025,-0.0088789528,
0.3105,-0.0079406062,
0.31075,-0.0145053631,
0.311,-0.0205123313,
0.31125,-0.0063983090,
0.3115,0.0039682072,
0.31175,0.0043351334,
0.312,-0.0016316947,
0.31225,-0.0040277126,
0.3125,-0.0002325358,
0.31275,-0.0123707773,
0.313,-0.0177559331,
0.31325,-0.0085359309,
0.3135,-0.0121388398,
0.31375,-0.0248456635,
0.314,-0.0210095029,
0.31425,-0.0115203811,
0.3145,-0.0062077129,
0.31475,-0.0066076131,
0.315,0.0122294109,
0.31525,0.0249982346,
0.3155,0.0038785732,
0.31575,-0.0010161143,
0.316,-0.0012773203,
0.31625,-0.0115973931,
0.3165,-0.0252888743,
0.31675,-0.0212121028,
0.317,-0.0124033540,
0.31725,-0.0073653203,
0.3175,-0.0110334242,
0.31775,0.0014400142,
0.318,0.0111578722,
0.31825,0.0032152520,
0.3185,-0.0037658010,
0.31875,-0.0031889777,
0.319,-0.0117181567,
0.31925,-0.0213908441,
0.3195,-0.0214422271,
0.31975,-0.0148896147,
0.32,-0.0090695331,
0.32025,-0.0020089594,
0.3205,0.0087389359,
0.32075,0.0107673639,
0.321,0.0038374513,
0.32125,0.0022142278,
0.3215,-0.0061319619,
0.32175,-0.0125887711,
0.322,-0.0156989358,
0.32225,-0.0124703161,
0.3225,-0.0116571151,
0.32275,-0.0033382138,
0.323,-0.0020469914,
0.32325,0.0007955888,
0.3235,-0.0039375769,
0.32375,-0.0019517895,
0.324,-0.0132749658,
0.32425,-0.0197563767,
0.3245,-0.0099207032,
0.32475,0.0027941577,
0.325,-0.0059541818,
0.32525,-0.0012701924,
0.3255,0.0016218348,
0.32575,0.0037121885,
0.326,-0.0081839832,
0.32625,-0.0070730513,
0.3265,0.0052712932,
0.32675,0.0110521270,
0.327,-0.0052815392,
0.32725,-0.0020832163,
0.3275,0.0071787480,
0.32775,0.0014365509,
0.328,-0.0001914717,
0.32825,-0.0029759866,
0.3285,0.0114781298,
0.32875,0.0077180429,
0.329,-0.0065091792,
0.32925,-0.0020866720,
0.3295,-0.0012614828,
0.32975,-0.0076350980,
0.33,-0.0076144603,
0.33025,-0.0063779620,
0.3305,0.0000035502,
0.33075,0.0060803816,
0.331,0.0091572888,
0.33125,0.0097699817,
0.3315,0.0024966365,
0.33175,0.0022405672,
0.332,0.0056076683,
0.33225,-0.0039768168,
0.3325,-0.0073113241,
0.33275,0.0154513018,
0.333,0.0169175752,
0.33325,0.0010935598,
0.3335,0.0059948470,
0.33375,0.0214846451,
0.334,0.0124539603,
0.33425,-0.0078135040,
0.3345,0.0097466530,
0.33475,0.0190215856,
0.335,0.0012658013,
0.33525,-0.0058645895,
0.3355,0.0160244815,
0.33575,0.0222872049,
0.336,-0.0047901454,
0.33625,-0.0029912975,
0.3365,0.0247891638,
0.33675,0.0060232449,
0.337,-0.0199204143,
0.33725,0.0040632552,
0.3375,0.0224030837,
0.33775,-0.0038832310,
0.338,-0.0149526522,
0.33825,0.0126552824,
0.3385,0.0145776495,
0.33875,-0.0149961393,
0.339,-0.0090743853,
0.33925,0.0142025650,
0.3395,0.0067449836,
0.33975,-0.0172662158,
0.34,-0.0003782641,
0.34025,0.0124419350,
0.3405,-0.0062264437,
0.34075,-0.0129309027,
0.341,-0.0003341095,
0.34125,0.0007261849,
0.3415,-0.0088369539,
0.34175,-0.0141594270,
0.342,-0.0003919271,
0.34225,-0.0042481744,
0.3425,-0.0151596954,
0.34275,-0.0091181640,
0.343,-0.0080038812,
0.34325,-0.0092478739,
0.3435,-0.0091154054,
0.34375,-0.0029164364,
0.344,-0.0094301933,
0.34425,-0.0128527414,
0.3445,-0.0182794221,
0.34475,-0.0102183409,
0.345,-0.0164862983,
0.34525,-0.0091076875,
0.3455,0.0027683100,
0.34575,-0.0002023139,
0.346,-0.0087854806,
0.34625,-0.0001186247,
0.3465,-0.0069794459,
0.34675,-0.0124583300,
0.347,-0.0210478269,
0.34725,-0.0108171636,
0.3475,-0.0020602557,
0.34775,-0.0129747540,
0.348,-0.0045878151,
0.34825,0.0159822702,
0.3485,0.0151075255,
0.34875,0.0019937046,
0.349,0.0016458273,
0.34925,0.0067459489,
0.3495,-0.0089894813,
0.34975,-0.0280579142,
0.35,-0.0141652906,
0.35025,0.0024073743,
0.3505,-0.0039288560,
0.35075,0.0019853280,
0.351,0.0260507464,
0.35125,0.0299377926,
0.3515,0.0241194367,
0.35175,0.0182430372,
0.352,0.0197452605,
0.35225,0.0065901927,
0.3525,-0.0206066705,
0.35275,-0.0157746226,
0.353,-0.0110908365,
0.35325,-0.0105348248,
0.3535,0.0032355268,
0.35375,0.0260958821,
0.354,0.0281696860,
0.35425,0.0357701294,
0.3545,0.0307859145,
0.35475,0.0248259790,
0.355,0.0130927181,
0.35525,-0.0006739063,
0.3555,-0.0003395290,
0.35575,0.0050676358,
0.356,0.0094323820,
0.35625,0.0258936211,
0.3565,0.0348705128,
0.35675,0.0335905664,
0.357,0.0299078673,
0.35725,0.0054028067,
0.3575,0.0081414888,
0.35775,0.0009117282,
0.358,-0.0024897284,
0.35825,-0.0053681545,
0.3585,0.0146174077,
0.35875,0.0032717497,
0.359,-0.0008018751,
0.35925,-0.0037997779,
0.3595,0.0055572526,
0.35975,0.0022151188,
0.36,-0.0120255221,
0.36025,-0.0110193240,
0.3605,0.0082107605,
0.36075,0.0072704675,
0.361,0.0030122013,
0.36125,0.0150986891,
0.3615,0.0238372907,
0.36175,0.0169802904,
0.362,0.0053195274,
0.36225,0.0106981024,
0.3625,0.0166289397,
0.36275,0.0035844769,
0.363,-0.0052961004,
0.36325,0.0027901521,
0.3635,-0.0051110918,
0.36375,-0.0042574019,
0.364,-0.0080916546,
0.36425,-0.0009868450,
0.3645,0.0042710099,
0.36475,-0.0011278095,
0.365,-0.0053628003,
0.36525,-0.0093119089,
0.3655,-0.0157768354,
0.36575,-0.0213999376,
0.366,-0.0123330336,
0.36625,-0.0096101305,
0.3665,-0.0087986346,
0.36675,0.0019249949,
0.367,0.0067984355,
0.36725,-0.0029288593,
0.3675,-0.0024594683,
0.36775,0.0001977329,
0.368,-0.0026662857,
0.36825,-0.0153409354,
0.3685,-0.0073913587,
0.36875,0.0023844820,
0.369,-0.0039621377,
0.36925,-0.0139962435,
0.3695,0.0052267592,
0.36975,0.0084768133,
0.37,-0.0064582466,
0.37025,-0.0061820187,
0.3705,0.0104826447,
0.37075,0.0007465376,
0.371,-0.0187601112,
0.37125,-0.0038372816,
0.3715,0.0137398969,
0.37175,-0.0078897281,
0.372,-0.0107926186,
0.37225,0.0087445285,
0.3725,0.0118481750,
0.37275,-0.0118326442,
0.373,-0.0058701774,
0.37325,0.0166842565,
0.3735,0.0059516220,
0.37375,-0.0111327134,
0.374,0.0057380795,
0.37425,0.0165699497,
0.3745,-0.0034848582,
0.37475,-0.0081974696,
0.375,0.0050190841,
0.37525,0.0041532894,
0.3755,-0.0092566870,
0.37575,-0.0039533451,
0.376,0.0170802176,
0.37625,0.0086035058,
0.3765,-0.0051087914,
0.37675,0.0107430872,
0.377,0.0149987489,
0.37725,0.0043363324,
0.3775,0.0052806092,
0.37775,0.0143540781,
0.378,0.0103339944,
0.37825,0.0038894161,
0.3785,0.0035229034,
0.37875,0.0115660727,
0.379,0.0059717097,
0.37925,0.0039932462,
0.3795,0.0138742980,
0.37975,0.0037648214,
0.38,-0.0013217843,
0.38025,-0.0053155799,
0.3805,-0.0013307077,
0.38075,-0.0034218256,
0.381,-0.0057471404,
0.38125,0.0019821310,
0.3815,0.0109006893,
0.38175,0.0063069002,
0.382,0.0020524478,
0.38225,0.0085108234,
0.3825,0.0013146399,
0.38275,-0.0127049964,
0.383,-0.0136529673,
0.38325,-0.0096019739,
0.3835,-0.0116186915,
0.38375,-0.0149016278,
0.384,-0.0007555170,
0.38425,0.0045803008,
0.3845,-0.0054249959,
0.38475,0.0015930182,
0.385,0.0094357375,
0.38525,0.0000535692,
0.3855,-0.0105864704,
0.38575,-0.0148028927,
0.386,-0.0115754083,
0.38625,-0.0330433398,
0.3865,-0.0330250859,
0.38675,-0.0107180197,
0.387,0.0026080946,
0.38725,-0.0010707220,
0.3875,0.0198758673,
0.38775,0.0266652834,
0.388,0.0146157816,
0.38825,-0.0033024140,
0.3885,-0.0119607328,
0.38875,-0.0152058909,
0.389,-0.0252952091,
0.38925,-0.0187691469,
0.3895,0.0010899382,
0.38975,0.0090654111,
0.39,0.0136429677,
0.39025,0.0171074308,
0.3905,0.0112889688,
0.39075,0.0025930596,
0.391,-0.0110771507,
0.39125,-0.0168160461,
0.3915,-0.0073923771,
0.39175,-0.0017059577,
0.392,-0.0019588312,
0.39225,0.0101967454,
0.3925,0.0143287983,
0.39275,0.0041324138,
0.393,-0.0104952836,
0.39325,-0.0051152641,
0.3935,0.0028441967,
0.39375,-0.0041722520,
0.394,-0.0169712901,
0.39425,0.0002997100,
0.3945,0.0085632494,
0.39475,-0.0091546820,
0.395,-0.0129098687,
0.39525,0.0059420015,
0.3955,0.0096046003,
0.39575,-0.0097439382,
0.396,-0.0139532294,
0.39625,0.0049669361,
0.3965,0.0011565094,
0.39675,-0.0163301528,
0.397,-0.0061838534,
0.39725,0.0128017925,
0.3975,0.0091593247,
0.39775,0.0078770481,
0.398,0.0065710768,
0.39825,0.0118323835,
0.3985,0.0041807881,
0.39875,-0.0100138038,
0.399,-0.0123273134,
0.39925,-0.0086630154,
0.3995,-0.0093425987,
0.39975,-0.0034669712,
0.4,0.0050812280,
0.40025,0.0033185494,
0.4005,0.0001704750,
0.40075,-0.0050805393,
0.401,-0.0110329632,
0.40125,-0.0167836864,
0.4015,-0.0169928763,
0.40175,-0.0072253724,
0.402,-0.0085838372,
0.40225,-0.0035370884,
0.4025,0.0038075040,
0.40275,0.0081509762,
0.403,0.0035252876,
0.40325,0.0054211770,
0.4035,0.0072467634,
0.40375,-0.0001100146,
0.404,-0.0107441340,
0.40425,-0.0053364038,
0.4045,0.0005308290,
0.40475,-0.0078146430,
0.405,-0.0042276229,
0.40525,0.0132065741,
0.4055,0.0067666895,
0.40575,-0.0014799846,
0.406,0.0060343603,
0.40625,0.0146972472,
0.4065,-0.0047885156,
0.40675,-0.0178088322,
0.407,0.0021625687,
0.40725,0.0015739249,
0.4075,-0.0195166059,
0.40775,-0.0089997947,
0.408,0.0102510545,
0.40825,0.0022555827,
0.4085,-0.0121129006,
0.40875,0.0002272193,
0.409,0.0117504820,
0.40925,0.0006983370,
0.4095,-0.0082536088,
0.40975,0.0134548591,
0.41,0.0207795240,
0.41025,0.0003851611,
0.4105,0.0047448082,
0.41075,0.0148750562,
0.411,0.0089580454,
0.41125,-0.0044871084,
0.4115,0.0045183795,
0.41175,0.0138095990,
0.412,0.0100821014,
0.41225,0.0064897169,
0.4125,0.0111378208,
0.41275,0.0128427576,
0.413,-0.0011340962,
0.41325,-0.0013689992,
0.4135,-0.0006640277,
0.41375,-0.0021664354,
0.414,-0.0084903399,
0.41425,-0.0050241584,
0.4145,0.0018331802,
0.41475,0.0055624959,
0.415,0.0096694082,
0.41525,0.0197431818,
0.4155,0.0249696895,
0.41575,0.0171874277,
0.416,0.0110715572,
0.41625,0.0072253626,
0.4165,-0.0007518005,
0.41675,-0.0104808025,
0.417,-0.0081336088,
0.41725,-0.0031796526,
0.4175,0.0030898491,
0.41775,0.0112551739,
0.418,0.0241682325,
0.41825,0.0212640651,
0.4185,0.0214750413,
0.41875,0.0096781570,
0.419,0.0033969847,
0.41925,-0.0110234357,
0.4195,-0.0234073792,
0.41975,-0.0125722904,
0.42,-0.0185760260,
0.42025,-0.0206138156,
0.4205,-0.0066613182,
0.42075,0.0062992154,
0.421,0.0006471513,
0.42125,0.0030929856,
0.4215,0.0058599859,
0.42175,-0.0032379127,
0.422,-0.0180972125,
0.42225,-0.0207776614,
0.4225,-0.0135085778,
0.42275,-0.0146745099,
0.423,-0.0083084330,
0.42325,0.0136849117,
0.4235,0.0190224610,
0.42375,0.0046745865,
0.424,0.0009681479,
0.42425,-0.0005531057,
0.4245,-0.0137325479,
0.42475,-0.0187170561,
0.425,-0.0089461971,
0.42525,0.0049445853,
0.4255,0.0035228280,
0.42575,-0.0282634534,
0.426,-0.0105132675,
0.42625,-0.0031191246,
0.4265,-0.0170523152,
0.42675,-0.0162527598,
0.427,-0.0114685949,
0.42725,-0.0000734259,
0.4275,0.0021432908,
0.42775,-0.0074050273,
0.428,-0.0031081336,
0.42825,0.0133583937,
0.4285,0.0017644193,
0.42875,-0.0134563642,
0.429,0.0034723615,
0.42925,0.0081764320,
0.4295,0.0016590812,
0.42975,-0.0127110444,
0.43,0.0040395153,
0.43025,0.0074369875,
0.4305,-0.0065185800,
0.43075,-0.0081027299,
0.431,0.0086537721,
0.43125,0.0168559030,
0.4315,0.0160030238,
0.43175,0.0131210182,
0.432,0.0126971714,
0.43225,0.0148452204,
0.4325,0.0003928121,
0.43275,-0.0018673097,
0.433,0.0097308811,
0.43325,0.0211533178,
0.4335,0.0182882398,
0.43375,0.0207693428,
0.434,0.0233513899,
0.43425,0.0173677728,
0.4345,0.0074116117,
0.43475,0.0072424673,
0.435,0.0070512672,
0.43525,0.0039200806,
0.4355,0.0081246356,
0.43575,0.0128441593,
0.436,0.0150624625,
0.43625,0.0156428777,
0.4365,0.0141307907,
0.43675,0.0128622558,
0.437,0.0081415642,
0.43725,0.0070848032,
0.4375,0.0043129325,
0.43775,0.0018611380,
0.438,0.0054980749,
0.43825,0.0124652237,
0.4385,0.0075961859,
0.43875,0.0065168198,
0.439,0.0213659350,
0.43925,0.0185700301,
0.4395,0.0063880710,
0.43975,0.0093459589,
0.44,0.0251822323,
0.44025,0.0156802479,
0.4405,-0.0011801916,
0.44075,0.0108215688,
0.441,0.0189693067,
0.44125,-0.0026334787,
0.4415,-0.0077009182,
0.44175,0.0116447024,
0.442,0.0121176299,
0.44225,-0.0059342859,
0.4425,-0.0028323478,
0.44275,0.0088697793,
0.443,0.0069210730,
0.44325,-0.0127845732,
0.4435,0.0006876392,
0.44375,0.0109214559,
0.444,-0.0082823839,
0.44425,-0.0204125326,
0.4445,-0.0098076938,
0.44475,-0.0081786942,
0.445,-0.0164820123,
0.44525,-0.0152963493,
0.4455,0.0067677088,
0.44575,0.0088755144,
0.446,-0.0055865124,
0.44625,-0.0027858291,
0.4465,0.0008996081,
0.44675,-0.0043638144,
0.447,-0.0208533164,
0.44725,-0.0188875943,
0.4475,-0.0112700704,
0.44775,-0.0051366426,
0.448,-0.0121026468,
0.44825,0.0006794478,
0.4485,0.0037163282,
0.44875,0.0021698456,
0.449,-0.0206670873,
0.44925,-0.0191417746,
0.4495,-0.0192762278,
0.44975,-0.0219061747,
0.45,-0.0202037748,
0.45025,-0.0108100334,
0.4505,-0.0054759309,
0.45075,-0.0041382294,
0.451,-0.0019196857,
0.45125,-0.0001903439,
0.4515,-0.0024413315,
0.45175,-0.0011054587,
0.452,-0.0095328940,
0.45225,-0.0139524778,
0.4525,-0.0204346851,
0.45275,-0.0176517647,
0.453,-0.0189498048,
0.45325,-0.0106502529,
0.4535,0.0056431233,
0.45375,0.0142399026,
0.454,0.0164089985,
0.45425,0.0183950961,
0.4545,0.0138692269,
0.45475,0.0023394120,
0.455,-0.0164061133,
0.45525,-0.0152203422,
0.4555,-0.0198145919,
0.45575,-0.0289823785,
0.456,-0.0111631360,
0.45625,0.0035963366,
0.4565,0.0123952003,
0.45675,0.0112203378,
0.457,0.0206138920,
0.45725,0.0100516733,
0.4575,-0.0061272150,
0.45775,-0.0229022373,
0.458,-0.0155303422,
0.45825,-0.0196759365,
0.4585,-0.0136486590,
0.45875,-0.0112576736,
0.459,0.0061459458,
0.45925,0.0110820942,
0.4595,0.0095904721,
0.45975,-0.0006484967,
0.46,0.0065423753,
0.46025,0.0008329230,
0.4605,-0.0115849311,
0.46075,-0.0156466700,
0.461,-0.0055702357,
0.46125,0.0069423122,
0.4615,0.0060662134,
0.46175,0.0013350061,
0.462,0.0142001621,
0.46225,0.0145662483,
0.4625,-0.0065681906,
0.46275,-0.0169102699,
0.463,0.0015844039,
0.46325,0.0003544795,
0.4635,-0.0136388084,
0.46375,-0.0098998696,
0.464,0.0178319011,
0.46425,0.0149561418,
0.4645,-0.0003327828,
0.46475,0.0052798707,
0.465,0.0153659638,
0.46525,-0.0084131453,
0.4655,-0.0215473194,
0.46575,-0.0095830839,
0.466,0.0037648154,
0.46625,0.0050107846,
0.4665,0.0017863179,
0.46675,0.0116540389,
0.467,0.0235918611,
0.46725,0.0160238873,
0.4675,0.0000223494,
0.46775,0.0034593265,
0.468,-0.0013826923,
0.46825,-0.0094637750,
0.4685,-0.0106403884,
0.46875,-0.0014769624,
0.469,0.0054826117,
0.46925,0.0092587536,
0.4695,0.0079811262,
0.46975,0.0093108127,
0.47,0.0120409662,
0.47025,0.0034929076,
0.4705,0.0009069135,
0.47075,-0.0085931420,
0.471,-0.0062778993,
0.47125,-0.0044054640,
0.4715,-0.0075124186,
0.47175,-0.0019804172,
0.472,0.0104726097,
0.47225,0.0144428369,
0.4725,0.0068258177,
0.47275,0.0070250449,
0.473,0.0096589411,
0.47325,0.0092295036,
0.4735,-0.0117111411,
0.47375,-0.0103460196,
0.474,0.0053399680,
0.47425,-0.0071752733,
0.4745,-0.0213353243,
0.47475,0.0021267307,
0.475,0.0105212647,
0.47525,-0.0103963399,
0.4755,-0.0153622255,
0.47575,0.0103162564,
0.476,0.0017759234,
0.47625,-0.0138988364,
0.4765,-0.0240288042,
0.47675,0.0089382995,
0.477,-0.0074264510,
0.47725,-0.0315151177,
0.4775,-0.0137012862,
0.47775,0.0060305316,
0.478,-0.0122179277,
0.47825,-0.0243536383,
0.4785,0.0036029357,
0.47875,0.0118284589,
0.479,-0.0057731378,
0.47925,-0.0193380136,
0.4795,0.0095144976,
0.47975,-0.0052248882,
0.48,-0.0280813016,
0.48025,-0.0202354677,
0.4805,0.0023880068,
0.48075,-0.0037325986,
0.481,-0.0113586280,
0.48125,-0.0037020785,
0.4815,0.0130875539,
0.48175,0.0021420345,
0.482,-0.0138771823,
0.48225,-0.0106068226,
0.4825,-0.0024703406,
0.48275,-0.0171659645,
0.483,-0.0252211429,
0.48325,-0.0115444995,
0.4835,0.0008946037,
0.48375,-0.0023658078,
0.484,-0.0056880107,
0.48425,0.0066210912,
0.4845,0.0137802288,
0.48475,0.0089318128,
0.485,0.0045548533,
0.48525,0.0025239331,
0.4855,0.0002931725,
0.48575,-0.0082661118,
0.486,-0.0116062546,
0.48625,-0.0054753567,
0.4865,-0.0014441307,
0.48675,0.0118355900,
0.487,0.0200827960,
0.48725,0.0148287332,
0.4875,0.0177052189,
0.48775,0.0118208230,
0.488,0.0024482962,
0.48825,-0.0112983547,
0.4885,-0.0075874282,
0.48875,-0.0167822223,
0.489,-0.0159912258,
0.48925,-0.0098628225,
0.4895,0.0128891682,
0.48975,0.0186795164,
0.49,0.0222874321,
0.49025,0.0279604308,
0.4905,0.0160786081,
0.49075,-0.0070020910,
0.491,-0.0085965674,
0.49125,-0.0075973994,
0.4915,-0.0111012766,
0.49175,-0.0080153551,
0.492,0.0050343550,
0.49225,0.0148516465,
0.4925,0.0042222831,
0.49275,0.0036788839,
0.493,0.0056680758,
0.49325,0.0047573270,
0.4935,-0.0055558300,
0.49375,-0.0014517434,
0.494,0.0094018299,
0.49425,0.0214410722,
0.4945,0.0051352214,
0.49475,0.0086139655,
0.495,0.0097844228,
0.49525,0.0153670739,
0.4955,0.0017564482,
0.49575,-0.0110758366,
0.496,0.0094748549,
0.49625,0.0174642783,
0.4965,0.0004598812,
0.49675,-0.0118828434,
0.497,0.0102664670,
0.49725,0.0109565016,
0.4975,-0.0071784244,
0.49775,-0.0064681880,
0.498,0.0115868496,
0.49825,0.0095878104,
0.4985,-0.0405437909,
0.49875,-0.0393863544,
0.499,-0.0067750965,
0.49925,-0.0131955054,
0.4995,-0.0310752094,
0.49975,-0.0130151296,
0.5,0.0106557505,
0.50025,0.0031809006,
0.5005,-0.0094151292,
0.50075,0.0046036243,
0.501,0.0150413755,
0.50125,0.0039982316,
0.5015,-0.0115244798,
0.50175,0.0164908897,
0.502,0.0149993673,
0.50225,0.0079685040,
0.5025,0.0171395075,
0.50275,0.0194920134,
0.503,0.0078520253,
0.50325,0.0032234250,
0.5035,0.0095900614,
0.50375,0.0074376389,
0.504,-0.0049035596,
0.50425,0.0054074787,
0.5045,0.0153060071,
0.50475,0.0008543638,
0.505,-0.0057248776,
0.50525,0.0103814472,
0.5055,0.0034636657,
0.50575,-0.0077607627,
0.506,-0.0083082961,
0.50625,0.0068089031,
0.5065,-0.0005258993,
0.50675,-0.0132256011,
0.507,0.0019092165,
0.50725,0.0139200613,
0.5075,-0.0031082949,
0.50775,-0.0059560738,
0.508,0.0133658554,
0.50825,0.0092516569,
0.5085,-0.0138219763,
0.50875,-0.0035840480,
0.509,0.0177542325,
0.50925,0.0051299105,
0.5095,-0.0094042458,
0.50975,0.0181930698,
0.51,0.0311543588,
0.51025,0.0019773145,
0.5105,-0.0018378544,
0.51075,0.0159190539,
0.511,0.0154671771,
0.51125,-0.0236269534,
0.5115,-0.0195838306,
0.51175,0.0082088895,
0.512,-0.0010911691,
0.51225,-0.0274296384,
0.5125,-0.0046187863,
0.51275,0.0212547891,
0.513,0.0003373381,
0.51325,-0.0170593522,
0.5135,-0.0038291472,
0.51375,0.0052458784,
0.514,-0.0286466535,
0.51425,-0.0315394774,
0.5145,-0.0094314888,
0.51475,0.0084659690,
0.515,-0.0077955034,
0.51525,0.0063780211,
0.5155,0.0193061139,
0.51575,0.0128664318,
0.516,-0.0009328480,
0.51625,-0.0128000341,
0.5165,0.0000240301,
0.51675,-0.0080032647,
0.517,-0.0133425081,
0.51725,-0.0015374993,
0.5175,0.0096591897,
0.51775,0.0026720003,
0.518,0.0078819022,
0.51825,0.0083052674,
0.5185,0.0018012854,
0.51875,-0.0053268215,
0.519,-0.0140624065,
0.51925,-0.0166321658,
0.5195,-0.0205588136,
0.51975,-0.0212527812,
0.52,-0.0087931436,
0.52025,0.0045359978,
0.5205,0.0062730215,
0.52075,0.0194059350,
0.521,0.0202408601,
0.52125,0.0191725269,
0.5215,0.0108815990,
0.52175,0.0013708083,
0.522,-0.0067932834,
0.52225,-0.0170746595,
0.5225,-0.0192349367,
0.52275,-0.0060081584,
0.523,0.0043384135,
0.52325,0.0039320248,
0.5235,0.0216665473,
0.52375,0.0163808074,
0.524,0.0107726865,
0.52425,0.0047136801,
0.5245,-0.0016195921,
0.52475,-0.0146483742,
0.525,-0.0195207037,
0.52525,-0.0098193288,
0.5255,-0.0046057971,
0.52575,-0.0007176743,
0.526,0.0065039429,
0.52625,0.0145033114,
0.5265,0.0027763436,
0.52675,-0.0091829114,
0.527,-0.0134033076,
0.52725,-0.0085818293,
0.5275,-0.0195729192,
0.52775,-0.0130707491,
0.528,-0.0028753395,
0.52825,0.0083669713,
0.5285,0.0016511141,
0.52875,-0.0030554573,
0.529,-0.0024787397,
0.52925,0.0012272950,
0.5295,-0.0047243387,
0.52975,-0.0141773922,
0.53,-0.0104663810,
0.53025,0.0016840934,
0.5305,-0.0074525592,
0.53075,-0.0122786909,
0.531,0.0014440424,
0.53125,0.0167884007,
0.5315,-0.0021295955,
0.53175,-0.0126314163,
0.532,-0.0313697085,
0.53225,-0.0065195784,
0.5325,-0.0406467021,
0.53275,-0.0484462269,
0.533,-0.0155766224,
0.53325,-0.0035810352,
0.5335,-0.0187877975,
0.53375,-0.0129469689,
0.534,0.0123538412,
0.53425,0.0046488643,
0.5345,-0.0191726517,
0.53475,-0.0226669051,
0.535,-0.0001519114,
0.53525,-0.0082800081,
0.5355,-0.0266115721,
0.53575,-0.0007980823,
0.536,0.0001817932,
0.53625,-0.0034800884,
0.5365,-0.0055871326,
0.53675,0.0139723336,
0.537,0.0076942686,
0.53725,-0.0090787131,
0.5375,-0.0052255210,
0.53775,0.0044680522,
0.538,-0.0196138006,
0.53825,-0.0215808488,
0.5385,0.0042945910,
0.53875,0.0035274443,
0.539,-0.0070361788,
0.53925,-0.0025762420,
0.5395,0.0168924704,
0.53975,0.0074264128,
0.54,-0.0064945803,
0.54025,-0.0009725814,
0.5405,0.0135395154,
0.54075,-0.0086954404,
0.541,-0.0107212290,
0.54125,0.0069256201,
0.5415,0.0150702447,
0.54175,0.0047013136,
0.542,0.0070114210,
0.54225,0.0218852591,
0.5425,0.0096144676,
0.54275,-0.0055797193,
0.543,0.0062501691,
0.54325,0.0124755017,
0.5435,-0.0048712497,
0.54375,-0.0004482250,
0.544,0.0176054128,
0.54425,0.0034086546,
0.5445,-0.0082209334,
0.54475,-0.0018458988,
0.545,0.0186187159,
0.54525,0.0027679522,
0.5455,-0.0043635243,
0.54575,0.0119821858,
0.546,0.0175043326,
0.54625,-0.0114946803,
0.5465,-0.0093258163,
0.54675,0.0075641721,
0.547,0.0008316520,
0.54725,-0.0181626789,
0.5475,0.0068022474,
0.54775,0.0222972408,
0.548,0.0105930036,
0.54825,0.0023111342,
0.5485,0.0216597486,
0.54875,0.0231556147,
0.549,-0.0039004816,
0.54925,-0.0003085963,
0.5495,0.0105414083,
0.54975,0.0098430626,
0.55,-0.0050115096,
0.55025,0.0005637960,
0.5505,0.0122764483,
0.55075,0.0049739000,
0.551,-0.0109897843,
0.55125,0.0003075574,
0.5515,0.0061172643,
0.55175,-0.0088840434,
0.552,-0.0130934808,
0.55225,-0.0078939050,
0.5525,-0.0148578063,
0.55275,-0.0188231729,
0.553,-0.0162444375,
0.55325,-0.0049484661,
0.5535,0.0008097308,
0.55375,-0.0001061937,
0.554,0.0075555956,
0.55425,0.0118758027,
0.5545,0.0022884258,
0.55475,-0.0012957416,
0.555,-0.0114110289,
0.55525,-0.0169887040,
0.5555,-0.0317961797,
0.55575,-0.0321942046,
0.556,-0.0181720201,
0.55625,-0.0060158665,
0.5565,-0.0048909704,
0.55675,0.0120584005,
0.557,0.0219996385,
0.55725,0.0062534749,
0.5575,0.0049767001,
0.55775,-0.0115542561,
0.558,-0.0093945414,
0.55825,-0.0258000400,
0.5585,-0.0249465741,
0.55875,-0.0192394145,
0.559,-0.0094357841,
0.55925,-0.0060410821,
0.5595,0.0105784386,
0.55975,0.0103027700,
0.56,0.0150041077,
0.56025,0.0014214205,
0.5605,-0.0113985669,
0.56075,-0.0122535154,
0.561,-0.0213824194,
0.56125,-0.0181688201,
0.5615,-0.0132220415,
0.56175,-0.0016903509,
0.562,0.0051911040,
0.56225,0.0198035110,
0.5625,0.0070633255,
0.56275,0.0080381725,
0.563,-0.0065001375,
0.56325,-0.0096122362,
0.5635,-0.0105271293,
0.56375,-0.0069764671,
0.564,0.0019444036,
0.56425,0.0205897875,
0.5645,0.0262847580,
0.56475,0.0118599739,
0.565,0.0123101482,
0.56525,0.0233265571,
0.5655,0.0134518202,
0.56575,-0.0062932214,
0.566,0.0012282598,
0.56625,0.0243333075,
0.5665,0.0075648203,
0.56675,0.0061790431,
0.567,0.0356384143,
0.56725,0.0388454124,
0.5675,0.0154938819,
0.56775,0.0185562167,
0.568,0.0279753990,
0.56825,0.0143556409,
0.5685,-0.0066543128,
0.56875,0.0031013093,
0.569,0.0208686069,
0.56925,0.0060227327,
0.5695,0.0028149849,
0.56975,0.0306785218,
0.57,0.0257414486,
0.57025,0.0075150705,
0.5705,0.0056147897,
0.57075,0.0166776702,
0.571,-0.0046832892,
0.57125,-0.0213229191,
0.5715,0.0004316381,
0.57175,0.0156772844,
0.572,0.0056407079,
0.57225,0.0097229229,
0.5725,0.0317494608,
0.57275,0.0303502027,
0.573,0.0062315422,
0.57325,0.0128082298,
0.5735,0.0134421615,
0.57375,0.0034753813,
0.574,-0.0135869989,
0.57425,-0.0015452586,
0.5745,0.0112997694,
0.57475,0.0058076503,
0.575,0.0082608769,
0.57525,0.0238973349,
0.5755,0.0242429879,
0.57575,0.0081278821,
0.576,0.0058468436,
0.57625,0.0035527502,
0.5765,-0.0134831853,
0.57675,-0.0158537924,
0.577,-0.0111585651,
0.57725,-0.0029989358,
0.5775,-0.0078808330,
0.57775,-0.0008298366,
0.578,0.0073366789,
0.57825,0.0074781794,
0.5785,-0.0089064818,
0.57875,0.0025146466,
0.579,-0.0034072348,
0.57925,-0.0078762807,
0.5795,-0.0119273048,
0.57975,0.0054505975,
0.58,-0.0002752247,
0.58025,0.0040322994,
0.5805,0.0022802174,
0.58075,0.0168460030,
0.581,0.0001763986,
0.58125,0.0016298237,
0.5815,0.0086550573,
0.58175,0.0124360546,
0.582,-0.0058990465,
0.58225,-0.0063156891,
0.5825,0.0024110540,
0.58275,-0.0135782547,
0.583,-0.0146701848,
0.58325,-0.0120572783,
0.5835,0.0052958685,
0.58375,-0.0092299804,
0.584,-0.0086540431,
0.58425,-0.0082340371,
0.5845,0.0056517259,
0.58475,-0.0116251735,
0.585,-0.0065955278,
0.58525,0.0007216737,
0.5855,-0.0008343970,
0.58575,-0.0115669817,
0.586,-0.0041728411,
0.58625,-0.0014903171,
0.5865,0.0031180717,
0.58675,-0.0003319750,
0.587,0.0057359645,
0.58725,0.0102544492,
0.5875,0.0064679552,
0.58775,0.0079060001,
0.588,0.0086431121,
0.58825,-0.0012816372,
0.5885,-0.0071157329,
0.58875,-0.0195639096,
0.589,-0.0098652635,
0.58925,-0.0114287483,
0.5895,-0.0073012896,
0.58975,0.0057294797,
0.59,0.0241086055,
0.59025,0.0163095780,
0.5905,0.0133849941,
0.59075,0.0127560915,
0.591,0.0027933682,
0.59125,-0.0162064638,
0.5915,-0.0249511469,
0.59175,-0.0180408657,
0.592,-0.0085644033,
0.59225,-0.0028147327,
0.5925,0.0207605753,
0.59275,0.0279783290,
0.593,0.0281389821,
0.59325,0.0194330923,
0.5935,0.0011765212,
0.59375,-0.0083686104,
0.594,-0.0205895156,
0.59425,-0.0224194583,
0.5945,-0.0141950399,
0.59475,-0.0035397201,
0.595,0.0066592172,
0.59525,0.0121944780,
0.5955,0.0034882226,
0.59575,-0.0015253620,
0.596,-0.0043573743,
0.59625,-0.0124729536,
0.5965,-0.0141839869,
0.59675,-0.0068575148,
0.597,-0.0087729646,
0.59725,0.0073053087,
0.5975,0.0034944026,
0.59775,-0.0020036921,
0.598,0.0081459396,
0.59825,0.0106851589,
0.5985,0.0091959601,
0.59875,0.0029033935,
0.599,0.0012178866,
0.59925,0.0095717497,
0.5995,-0.0028760107,
0.59975,-0.0040619690,
0.6,0.0112062590,
0.60025,0.0086025950,
0.6005,0.0035973275,
0.60075,0.0111220730,
0.601,0.0122590549,
0.60125,-0.0063107610,
0.6015,-0.0176412594,
0.60175,-0.0153451059,
0.602,-0.0124794487,
0.60225,-0.0229316223,
0.6025,-0.0190122332,
0.60275,0.0116086099,
0.603,0.0065269163,
0.60325,-0.0008039980,
0.6035,0.0175390821,
0.60375,0.0207183994,
0.604,-0.0025832648,
0.60425,-0.0153763676,
0.6045,-0.0052118301,
0.60475,-0.0035138766,
0.605,-0.0180878974,
0.60525,-0.0037374338,
0.6055,0.0187409353,
0.60575,0.0139713828,
0.606,0.0035279403,
0.60625,0.0079287533,
0.6065,0.0134230200,
0.60675,0.0002215154,
0.607,-0.0119948396,
0.60725,-0.0057196552,
0.6075,-0.0035474892,
0.60775,-0.0150059424,
0.608,-0.0174669698,
0.60825,0.0001130950,
0.6085,0.0016727177,
0.60875,-0.0075728828,
0.609,-0.0082013216,
0.60925,0.0046863817,
0.6095,-0.0020089261,
0.60975,-0.0095268423,
0.61,-0.0019547811,
0.61025,-0.0060993051,
0.6105,-0.0109636560,
0.61075,-0.0134050706,
0.611,-0.0082219644,
0.61125,-0.0054893871,
0.6115,-0.0011525402,
0.61175,0.0005596543,
0.612,0.0071396437,
0.61225,-0.0001379487,
0.6125,0.0030542114,
0.61275,-0.0007964586,
0.613,-0.0056412630,
0.61325,-0.0153638059,
0.6135,-0.0073979115,
0.61375,-0.0106349131,
0.614,-0.0156995039,
0.61425,-0.0164326150,
0.6145,-0.0012966830,
0.61475,-0.0074708713,
0.615,-0.0139497872,
0.61525,-0.0038767294,
0.6155,0.0043541268,
0.61575,-0.0118837841,
0.616,-0.0132770417,
0.61625,-0.0028411332,
0.6165,-0.0083570741,
0.61675,-0.0166957192,
0.617,-0.0103604933,
0.61725,0.0014296768,
0.6175,0.0027671203,
0.61775,-0.0053958246,
0.618,0.0058795796,
0.61825,0.0066239457,
0.6185,-0.0029212954,
0.61875,-0.0077435425,
0.619,0.0007576937,
0.61925,-0.0043439372,
0.6195,-0.0096010193,
0.61975,-0.0065467535,
0.62,0.0022900454,
0.62025,0.0040012728,
0.6205,0.0043538343,
0.62075,0.0120667750,
0.621,0.0158722829,
0.62125,0.0056367735,
0.6215,0.0037051805,
0.62175,0.0035722898,
0.622,0.0012582500,
0.62225,-0.0086497720,
0.6225,-0.0069424282,
0.62275,0.0088952193,
0.623,0.0144192204,
0.62325,0.0164350048,
0.6235,0.0203877892,
0.62375,0.0370318107,
0.624,0.0252129138,
0.62425,0.0036724652,
0.6245,0.0003999729,
0.62475,0.0023920101,
0.625,-0.0214059167,
0.62525,-0.0208486710,
0.6255,-0.0082414486,
0.62575,0.0122406324,
0.626,0.0081892014,
0.62625,0.0136882383,
0.6265,0.0272024237,
0.62675,0.0265341159,
0.627,0.0046808082,
0.62725,-0.0058208760,
0.6275,-0.0035652230,
0.62775,-0.0191425551,
0.628,-0.0124603063,
0.62825,-0.0026893464,
0.6285,0.0175294466,
0.62875,0.0160610173,
0.629,0.0288776588,
0.62925,0.0192292370,
0.6295,0.0156603698,
0.62975,-0.0025516707,
0.63,-0.0069662612,
0.63025,-0.0126395281,
0.6305,-0.0123475166,
0.63075,-0.0108890347,
0.631,0.0010714519,
0.63125,0.0041335886,
0.6315,0.0064210249,
0.63175,-0.0036476357,
0.632,-0.0044607348,
0.63225,-0.0143150520,
0.6325,-0.0219756775,
0.63275,-0.0196352676,
0.633,-0.0029419516,
0.63325,-0.0057389829,
0.6335,-0.0070431852,
0.63375,0.0067276601,
0.634,-0.0013457228,
0.63425,-0.0043870807,
0.6345,-0.0082709473,
0.63475,0.0006480220,
0.635,-0.0035983187,
0.63525,-0.0143317282,
0.6355,-0.0066829808,
0.63575,0.0107672978,
0.636,-0.0013907632,
0.63625,-0.0028931000,
0.6365,0.0186251160,
0.63675,0.0224644467,
0.637,-0.0072098756,
0.63725,-0.0079290746,
0.6375,0.0018113032,
0.63775,-0.0070753023,
0.638,-0.0283929314,
0.63825,-0.0096633453,
0.6385,0.0076397457,
0.63875,-0.0093701528,
0.639,-0.0060731843,
0.63925,0.0181488041,
0.6395,0.0163789187,
0.63975,-0.0031103776,
0.64,-0.0021951944,
0.64025,0.0061615156,
0.6405,-0.0121523868,
0.64075,-0.0236521140,
0.641,-0.0048941979,
0.64125,0.0092099383,
0.6415,0.0022172718,
0.64175,0.0061922641,
0.642,0.0203738660,
0.64225,0.0227102432,
0.6425,0.0080829943,
0.64275,0.0026455256,
0.643,0.0133064650,
0.64325,0.0064140814,
0.6435,-0.0075013586,
0.64375,0.0013738046,
0.644,0.0075388746,
0.64425,0.0067881597,
0.6445,0.0090189381,
0.64475,0.0095453244,
0.645,0.0153886238,
0.64525,0.0131632993,
0.6455,0.0133831529,
0.64575,0.0139123034,
0.646,0.0098461928,
0.64625,0.0044426853,
0.6465,0.0042449981,
0.64675,-0.0018037071,
0.647,-0.0102000516,
0.64725,-0.0048937281,
0.6475,-0.0011221269,
0.64775,0.0012587175,
0.648,0.0062069115,
0.64825,0.0169947445,
0.6485,0.0275567137,
0.64875,0.0135690775,
0.649,0.0102279447,
0.64925,0.0154929366,
0.6495,0.0072659557,
0.64975,-0.0053909896,
0.65,0.0085702436,
0.65025,0.0137487464,
0.6505,0.0106023569,
0.65075,0.0078510763,
0.651,0.0161370113,
0.65125,0.0217626542,
0.6515,0.0071136071,
0.65175,-0.0017744566,
0.652,0.0130807701,
0.65225,0.0058328463,
0.6525,-0.0051343646,
0.65275,-0.0014859177,
0.653,0.0089844018,
0.65325,0.0056356555,
0.6535,-0.0027878787,
0.65375,0.0028733292,
0.654,0.0181047339,
0.65425,0.0091061275,
0.6545,-0.0026050059,
0.65475,0.0075618448,
0.655,0.0074061635,
0.65525,-0.0003037211,
0.6555,-0.0117656011,
0.65575,-0.0071276729,
0.656,0.0029865704,
0.65625,0.0019302489,
0.6565,0.0026561811,
0.65675,0.0221229810,
0.657,0.0231521316,
0.65725,0.0029028575,
0.6575,-0.0081046550,
0.65775,-0.0063717780,
0.658,-0.0226481706,
0.65825,-0.0367048308,
0.6585,-0.0248671528,
0.65875,-0.0086318590,
0.659,-0.0093688350,
0.65925,-0.0040788418,
0.6595,0.0213617906,
0.65975,0.0221128184,
0.66,0.0068195560,
0.66025,-0.0051233536,
0.6605,-0.0049795760,
0.66075,-0.0200327579,
0.661,-0.0372690931,
0.66125,-0.0176865552,
0.6615,0.0045913011,
0.66175,0.0002793522,
0.662,-0.0024773355,
0.66225,0.0076663774,
0.6625,0.0058150194,
0.66275,-0.0148522751,
0.663,-0.0252845250,
0.66325,-0.0139585966,
0.6635,-0.0125574237,
0.66375,-0.0244650077,
0.664,-0.0164428353,
0.66425,0.0018762629,
0.6645,-0.0012459171,
0.66475,-0.0092730960,
0.665,-0.0074263010,
0.66525,-0.0026047798,
0.6655,-0.0044402508,
0.66575,-0.0169332214,
0.666,-0.0118147815,
0.66625,0.0047161789,
0.6665,-0.0041484991,
0.66675,-0.0034512226,
0.667,0.0008915345,
0.66725,0.0023430004,
0.6675,-0.0030981970,
0.66775,0.0021400419,
0.668,-0.0058858469,
0.66825,-0.0197040774,
0.6685,-0.0169275776,
0.66875,-0.0106495321,
0.669,-0.0149009917,
0.66925,-0.0120897265,
0.6695,0.0054614451,
0.66975,0.0133908410,
0.67,-0.0037907900,
0.67025,-0.0122645870,
0.6705,0.0017198304,
0.67075,-0.0058186105,
0.671,-0.0268711112,
0.67125,-0.0171337482,
0.6715,0.0104374522,
0.67175,0.0052312342,
0.672,-0.0064878874,
0.67225,0.0147313764,
0.6725,0.0294371694,
0.67275,0.0009385846,
0.673,-0.0136505887,
0.67325,0.0100849615,
0.6735,0.0090180635,
0.67375,-0.0149084115,
0.674,-0.0006594887,
0.67425,0.0260907393,
0.6745,0.0149521241,
0.67475,-0.0022087356,
0.675,0.0098966705,
0.67525,0.0214332379,
0.6755,0.0054292777,
0.67575,-0.0119443424,
0.676,0.0043491842,
0.67625,0.0088496646,
0.6765,-0.0157370158,
0.67675,-0.0192146208,
0.677,0.0085166758,
0.67725,0.0077698147,
0.6775,-0.0054085250,
0.67775,0.0039934004,
0.678,0.0128967864,
0.67825,0.0065082032,
0.6785,-0.0026250808,
0.67875,0.0083784703,
0.679,0.0088164266,
0.67925,-0.0042165732,
0.6795,-0.0022719025,
0.67975,0.0007780874,
0.68,-0.0009473756,
0.68025,-0.0033302708,
0.6805,0.0052847499,
0.68075,0.0051810760,
0.681,0.0040337308,
0.68125,0.0033295825,
0.6815,0.0103861550,
0.68175,0.0067620794,
0.682,-0.0020040351,
0.68225,-0.0019552140,
0.6825,-0.0006197290,
0.68275,-0.0208135433,
0.683,-0.0219585355,
0.68325,-0.0094016790,
0.6835,-0.0082252389,
0.68375,-0.0175472274,
0.684,-0.0099691004,
0.68425,0.0011801380,
0.6845,-0.0066180802,
0.68475,-0.0106212273,
0.685,-0.0044676145,
0.68525,0.0016429292,
0.6855,-0.0136420177,
0.68575,-0.0206091981,
0.686,-0.0108198030,
0.68625,-0.0117981881,
0.6865,-0.0243246555,
0.68675,-0.0159430094,
0.687,-0.0003059467,
0.68725,0.0028643908,
0.6875,-0.0108509557,
0.68775,-0.0040274328,
0.688,-0.0006608550,
0.68825,-0.0116566438,
0.6885,-0.0257235598,
0.68875,-0.0229176059,
0.689,-0.0192083232,
0.68925,-0.0203884020,
0.6895,-0.0149309728,
0.68975,-0.0029940605,
0.69,0.0094846841,
0.69025,0.0059857103,
0.6905,0.0038856994,
0.69075,0.0033569131,
0.691,0.0039855107,
0.69125,-0.0129691698,
0.6915,-0.0166158564,
0.69175,-0.0048773857,
0.692,-0.0073381145,
0.69225,-0.0095160045,
0.6925,-0.0052745119,
0.69275,0.0147319529,
0.693,0.0092214812,
0.69325,0.0033420951,
0.6935,0.0026964517,
0.69375,0.0043160073,
0.694,-0.0146685261,
0.69425,-0.0305767208,
0.6945,-0.0207094476,
0.69475,-0.0028562418,
0.695,-0.0070887189,
0.69525,-0.0035627550,
0.6955,0.0144462120,
0.69575,0.0201345198,
0.696,0.0009681867,
0.69625,-0.0039878506,
0.6965,0.0057377778,
0.69675,-0.0031493306,
0.697,-0.0169247426,
0.69725,-0.0048149745,
0.6975,0.0169848986,
0.69775,0.0167059060,
0.698,0.0094907740,
0.69825,0.0221261717,
0.6985,0.0202029571,
0.69875,-0.0056361211,
0.699,-0.0144192502,
0.69925,-0.0000281032,
0.6995,0.0052873320,
0.69975,-0.0029832534,
0.7,0.0039242338,
0.70025,0.0193077922,
0.7005,0.0150876958,
0.70075,-0.0021994815,
0.701,0.0045882324,
0.70125,0.0094221067,
0.7015,-0.0072560385,
0.70175,-0.0060470263,
0.702,-0.0017120559,
0.70225,-0.0044762976,
0.7025,-0.0041920496,
0.70275,0.0062511358,
0.703,0.0103786495,
0.70325,0.0054528005,
0.7035,0.0092385812,
0.70375,0.0216416996,
0.704,0.0087633329,
0.70425,-0.0097364746,
0.7045,0.0067776074,
0.70475,0.0089306263,
0.705,-0.0072419848,
0.70525,-0.0150490375,
0.7055,0.0144309541,
0.70575,0.0184048936,
0.706,-0.0005802975,
0.70625,0.0039207512,
0.7065,0.0284307096,
0.70675,0.0165410675,
0.707,-0.0151420021,
0.70725,0.0025686913,
0.7075,0.0187502578,
0.70775,-0.0093182186,
0.708,-0.0150336046,
0.70825,0.0141639868,
0.7085,0.0184297357,
0.70875,0.0007813459,
0.709,0.0058955285,
0.70925,0.0276410356,
0.7095,0.0200249292,
0.70975,-0.0097570885,
0.71,0.0030715694,
0.71025,0.0278309081,
0.7105,0.0079186503,
0.71075,-0.0071254028,
0.711,0.0173313320,
0.71125,0.0217185561,
0.7115,0.0015953807,
0.71175,-0.0027743112,
0.712,0.0182504859,
0.71225,0.0155132450,
0.7125,-0.0047299410,
0.71275,0.0039102770,
0.713,0.0167152472,
0.71325,0.0036566067,
0.7135,-0.0007894077,
0.71375,0.0056915293,
0.714,0.0030667591,
0.71425,-0.0051121903,
0.7145,0.0020684681,
0.71475,0.0090466868,
0.715,0.0057369014,
0.71525,0.0052819727,
0.7155,0.0068837628,
0.71575,0.0021662815,
0.716,-0.0096302619,
0.71625,-0.0091634747,
0.7165,-0.0003018640,
0.71675,0.0029185892,
0.717,0.0071798312,
0.71725,0.0169568099,
0.7175,0.0221333764,
0.71775,0.0095358668,
0.718,0.0061874669,
0.71825,0.0084883831,
0.7185,-0.0005576859,
0.71875,-0.0074762739,
0.719,0.0004321728,
0.71925,0.0071084448,
0.7195,-0.0006072232,
0.71975,-0.0009462392,
0.72,0.0043975138,
0.72025,0.0087233698,
0.7205,-0.0006789655,
0.72075,-0.0040682065,
0.721,0.0034916981,
0.72125,0.0014256414,
0.7215,-0.0118692685,
0.72175,-0.0089807408,
0.722,-0.0052439654,
0.72225,-0.0082878964,
0.7225,-0.0267817248,
0.72275,-0.0064963009,
0.723,0.0008346669,
0.72325,-0.0031590289,
0.7235,0.0066438760,
0.72375,0.0134291612,
0.724,0.0068330579,
0.72425,-0.0139837721,
0.7245,-0.0188541580,
0.72475,-0.0124894781,
0.725,-0.0159820355,
0.72525,-0.0175637528,
0.7255,-0.0073228385,
0.72575,0.0032877785,
0.726,0.0096937949,
0.72625,0.0023693757,
0.7265,0.0118075665,
0.72675,0.0024897952,
0.727,-0.0014475400,
0.72725,-0.0154813016,
0.7275,-0.0140064405,
0.72775,-0.0093774581,
0.728,-0.0091357194,
0.72825,-0.0068254559,
0.7285,-0.0006635201,
0.72875,0.0080627473,
0.729,0.0075306157,
0.72925,0.0082441764,
0.7295,0.0047112401,
0.72975,0.0141680017,
0.73,0.0021661567,
0.73025,-0.0079370681,
0.7305,-0.0086125769,
0.73075,-0.0079315100,
0.731,-0.0082482109,
0.73125,-0.0019721901,
0.7315,0.0114551391,
0.73175,0.0191149749,
0.732,0.0113268495,
0.73225,0.0132913804,
0.7325,0.0147883538,
0.73275,0.0027139131,
0.733,-0.0078488719,
0.73325,0.0003505833,
0.7335,0.0089582624,
0.73375,0.0092910742,
0.734,0.0056854235,
0.73425,0.0216122139,
0.7345,0.0213623140,
0.73475,0.0061642407,
0.735,-0.0025472003,
0.73525,0.0045112143,
0.7355,-0.0015113583,
0.73575,-0.0047999383,
0.736,0.0000111238,
0.73625,0.0062275482,
0.7365,0.0118246758,
0.73675,0.0036599846,
0.737,0.0055105607,
0.73725,-0.0023593882,
0.7375,-0.0003275658,
0.73775,0.0018600909,
0.738,0.0012728348,
0.73825,-0.0076403739,
0.7385,0.0017027116,
0.73875,0.0060833106,
0.739,-0.0032150950,
0.73925,-0.0045310450,
0.7395,0.0067413608,
0.73975,0.0135407178,
0.74,-0.0057943347,
0.74025,-0.0099178292,
0.7405,0.0038556750,
0.74075,0.0010581713,
0.741,-0.0243410915,
0.74125,-0.0090509076,
0.7415,0.0101444218,
0.74175,-0.0037520265,
0.742,-0.0101502314,
0.74225,0.0102677755,
0.7425,0.0126701025,
0.74275,-0.0152599206,
0.743,-0.0201626476,
0.74325,-0.0035150074,
0.7435,-0.0091282260,
0.74375,-0.0350553393,
0.744,-0.0213290732,
0.74425,0.0047938284,
0.7445,-0.0175447371,
0.74475,-0.0305598117,
0.745,-0.0021554725,
0.74525,0.0150581729,
0.7455,-0.0194992330,
0.74575,-0.0251643267,
0.746,-0.0032591096,
0.74625,-0.0044584922,
0.7465,-0.0362657234,
0.74675,-0.0212695859,
0.747,-0.0017578711,
0.74725,-0.0091911089,
0.7475,-0.0256492365,
0.74775,-0.0076476131,
0.748,0.0037630191,
0.74825,-0.0105800796,
0.7485,-0.0130424453,
0.74875,-0.0001115759,
0.749,-0.0094038406,
0.74925,-0.0214299150,
0.7495,-0.0205125511,
0.74975,-0.0093297586,
0.75,-0.0133755663,
0.75025,-0.0089741936,
0.7505,-0.0009117826,
0.75075,0.0076823672,
0.751,-0.0041218041,
0.75125,0.0022792174,
0.7515,0.0082729515,
0.75175,-0.0008179887,
0.752,-0.0096084317,
0.75225,-0.0025815535,
0.7525,-0.0068527129,
0.75275,-0.0086852964,
0.753,0.0009845063,
0.75325,0.0116686532,
0.7535,0.0105669154,
0.75375,0.0085764732,
0.754,0.0147765279,
0.75425,0.0109494068,
0.7545,-0.0006518828,
0.75475,-0.0060570235,
0.755,0.0047334130,
0.75525,-0.0037891839,
0.7555,-0.0131073445,
0.75575,-0.0048804884,
0.756,0.0157902278,
0.75625,0.0160576180,
0.7565,0.0141479084,
0.75675,0.0329158790,
0.757,0.0343576744,
0.75725,0.0077421889,
0.7575,-0.0016762970,
0.75775,0.0004806207,
0.758,-0.0078069190,
0.75825,-0.0174339525,
0.7585,-0.0140784075,
0.75875,0.0085189091,
0.759,0.0137557555,
0.75925,0.0091040339,
0.7595,0.0270849764,
0.75975,0.0397033654,
0.76,0.0237112604,
0.76025,0.0179610439,
0.7605,0.0035898227,
0.76075,-0.0056282263,
0.761,-0.0196710788,
0.76125,-0.0282527525,
0.7615,-0.0144810788,
0.76175,-0.0028787316,
0.762,0.0009863325,
0.76225,0.0215024985,
0.7625,0.0211719647,
0.76275,0.0131104710,
0.763,0.0029006868,
0.76325,-0.0120621165,
0.7635,-0.0264489576,
0.76375,-0.0280833915,
0.764,-0.0279894732,
0.76425,-0.0093536489,
0.7645,0.0024426833,
0.76475,0.0089426097,
0.765,0.0059805959,
0.76525,0.0053460314,
0.7655,-0.0010470076,
0.76575,-0.0157953240,
0.766,-0.0207933243,
0.76625,-0.0047997623,
0.7665,-0.0029289222,
0.76675,-0.0070831082,
0.767,0.0008477751,
0.76725,0.0150528662,
0.7675,0.0008301271,
0.76775,-0.0032507139,
0.768,-0.0096962228,
0.76825,0.0068210037,
0.7685,-0.0061265090,
0.76875,-0.0124236029,
0.769,-0.0108036129,
0.76925,0.0048173494,
0.7695,-0.0128679015,
0.76975,-0.0021083814,
0.77,-0.0025259028,
0.77025,0.0104787722,
0.7705,0.0012021393,
0.77075,-0.0031556264,
0.771,-0.0051128636,
0.77125,-0.0073885960,
0.7715,-0.0166353825,
0.77175,-0.0111855520,
0.772,0.0004941225,
0.77225,-0.0020361135,
0.7725,0.0149547318,
0.77275,0.0116904350,
0.773,0.0067980811,
0.77325,0.0008618711,
0.7735,0.0018632584,
0.77375,-0.0028640153,
0.774,-0.0092920000,
0.77425,-0.0071799406,
0.7745,0.0114624053,
0.77475,0.0056645814,
0.775,0.0019004998,
0.77525,0.0202578232,
0.7755,0.0218459796,
0.77575,-0.0002415784,
0.776,-0.0024291510,
0.77625,0.0072227255,
0.7765,-0.0010791677,
0.77675,-0.0080007538,
0.777,-0.0000770731,
0.77725,0.0201348569,
0.7775,0.0054907473,
0.77775,-0.0081261778,
0.778,0.0193405487,
0.77825,0.0231151842,
0.7785,-0.0056722006,
0.77875,-0.0038081126,
0.779,0.0180619191,
0.77925,0.0041178539,
0.7795,-0.0168555267,
0.77975,-0.0042106123,
0.78,0.0213725306,
0.78025,0.0010316881,
0.7805,-0.0066437176,
0.78075,0.0158196278,
0.781,0.0193832498,
0.78125,-0.0025621385,
0.7815,0.0027421270,
0.78175,0.0201130956,
0.782,0.0019112101,
0.78225,-0.0071555329,
0.7825,-0.0078044161,
0.78275,0.0005804850,
0.783,-0.0095205298,
0.78325,-0.0112209469,
0.7835,0.0037469678,
0.78375,0.0108210351,
0.784,-0.0042145248,
0.78425,0.0047881966,
0.7845,0.0094952416,
0.78475,0.0136384834,
0.785,0.0063726837,
0.78525,0.0105680600,
0.7855,0.0038914012,
0.78575,0.0050623817,
0.786,0.0034486568,
0.78625,0.0044854847,
0.7865,0.0143994940,
0.78675,0.0131721376,
0.787,0.0200553127,
0.78725,0.0150324022,
0.7875,0.0137559427,
0.78775,0.0156197054,
0.788,0.0127634816,
0.78825,0.0042546121,
0.7885,-0.0044866190,
0.78875,-0.0058266073,
0.789,0.0009440759,
0.78925,-0.0018604056,
0.7895,-0.0001255937,
0.78975,0.0185787864,
0.79,0.0248340182,
0.79025,0.0144925732,
0.7905,0.0135430424,
0.79075,0.0186150465,
0.791,0.0005871652,
0.79125,-0.0178881176,
0.7915,-0.0092941187,
0.79175,-0.0072478428,
0.792,-0.0098105557,
0.79225,0.0029806155,
0.7925,0.0273365825,
0.79275,0.0272411555,
0.793,0.0334778614,
0.79325,0.0304970909,
0.7935,0.0325870551,
0.79375,0.0036686040,
0.794,-0.0209547505,
0.79425,-0.0257640351,
0.7945,-0.0239106286,
0.79475,-0.0334090777,
0.795,-0.0042553004,
0.79525,0.0101892333,
0.7955,0.0235405378,
0.79575,0.0187678542,
0.796,0.0200235005,
0.79625,0.0146414880,
0.7965,-0.0065134438,
0.79675,-0.0278545935,
0.797,-0.0254918523,
0.79725,-0.0207044724,
0.7975,-0.0105374949,
0.79775,0.0109499982,
0.798,0.0205905382,
0.79825,0.0237200391,
0.7985,0.0128885023,
0.79875,-0.0075502647,
0.799,-0.0074905055,
0.79925,-0.0077496497,
0.7995,-0.0162409507,
0.79975,-0.0105469301,
0.8,0.0009834038,
0.80025,0.0011221514,
0.8005,-0.0057949480,
0.80075,-0.0060898648,
0.801,0.0025111395,
0.80125,-0.0010966209,
0.8015,-0.0242351387,
0.80175,-0.0180318411,
0.802,-0.0109628160,
0.80225,-0.0149945226,
0.8025,-0.0241822954,
0.80275,-0.0041862931,
0.803,0.0024716510,
0.80325,0.0000316428,
0.8035,-0.0113625629,
0.80375,-0.0013965130,
0.804,0.0020382013,
0.80425,-0.0151668433,
0.8045,-0.0172406137,
0.80475,-0.0122570563,
0.805,-0.0126971761,
0.80525,-0.0077796848,
0.8055,-0.0033928435,
0.80575,0.0065388121,
0.806,0.0069394684,
0.80625,-0.0003104620,
0.8065,-0.0024917549,
0.80675,-0.0094553567,
0.807,-0.0175099857,
0.80725,-0.0155894812,
0.8075,-0.0080079734,
0.80775,-0.0082992520,
0.808,-0.0009379251,
0.80825,0.0086509380,
0.8085,0.0080912961,
0.80875,-0.0019724008,
0.809,0.0012804120,
0.80925,0.0044786339,
0.8095,-0.0076316739,
0.80975,-0.0147756636,
0.81,0.0004647284,
0.81025,-0.0018398850,
0.8105,-0.0053538540,
0.81075,0.0010663958,
0.811,0.0192526970,
0.81125,0.0172912963,
0.8115,0.0041302643,
0.81175,0.0093067149,
0.812,0.0164121836,
0.81225,-0.0047216723,
0.8125,-0.0113518834,
0.81275,0.0059532742,
0.813,0.0086129736,
0.81325,-0.0055058915,
0.8135,0.0003287036,
0.81375,0.0165257398,
0.814,0.0114781456,
0.81425,-0.0041285208,
0.8145,0.0073930244,
0.81475,0.0227960572,
0.815,-0.0035096658,
0.81525,0.0034004552,
0.8155,0.0044085979,
0.81575,0.0171554051,
0.816,-0.0064761466,
0.81625,0.0062329653,
0.8165,0.0046346784,
0.81675,0.0094810799,
0.817,-0.0115711093,
0.81725,0.0022168872,
0.8175,0.0059840577,
0.81775,-0.0006820018,
0.818,0.0004337108,
0.81825,0.0018451539,
0.8185,0.0029510332,
0.81875,-0.0042072106,
0.819,-0.0017378038,
0.81925,-0.0069658803,
0.8195,-0.0007807647,
0.81975,-0.0079534072,
0.82,0.0076475004,
0.82025,0.0023852815,
0.8205,-0.0022055334,
0.82075,0.0032316227,
0.821,0.0032206185,
0.82125,-0.0085213399,
0.8215,-0.0058154035,
0.82175,-0.0154437078,
0.822,-0.0063575348,
0.82225,-0.0154612390,
0.8225,-0.0133925546,
0.82275,-0.0035357843,
0.823,0.0025815535,
0.82325,-0.0042036013,
0.8235,0.0024807707,
0.82375,0.0056353398,
0.824,-0.0017207478,
0.82425,-0.0151934028,
0.8245,-0.0137378387,
0.82475,-0.0152948825,
0.825,-0.0202355422,
0.82525,-0.0219063070,
0.8255,-0.0037303548,
0.82575,-0.0060196053,
0.826,-0.0013308163,
0.82625,0.0079681426,
0.8265,0.0133511387,
0.82675,0.0061543370,
0.827,-0.0043798010,
0.82725,-0.0156757664,
0.8275,-0.0242990926,
0.82775,-0.0495738760,
0.828,-0.0433560461,
0.82825,-0.0203944854,
0.8285,-0.0174698364,
0.82875,-0.0039618523,
0.829,0.0209376756,
0.82925,0.0206835736,
0.8295,0.0135188559,
0.82975,0.0020783087,
0.83,-0.0082930308,
0.83025,-0.0173242521,
0.8305,-0.0376478583,
0.83075,-0.0183960255,
0.831,-0.0005289834,
0.83125,-0.0011731922,
0.8315,0.0104275579,
0.83175,0.0178553388,
0.832,0.0081433365,
0.83225,-0.0033391102,
0.8325,-0.0173175447,
0.83275,-0.0196418893,
0.833,-0.0049461434,
0.83325,-0.0111413421,
0.8335,-0.0042909598,
0.83375,0.0077135228,
0.834,0.0088909594,
0.83425,-0.0009529864,
0.8345,-0.0121615529,
0.83475,-0.0029405211,
0.835,0.0079293437,
0.83525,-0.0016500772,
0.8355,-0.0134012001,
0.83575,0.0122543992,
0.836,0.0085552661,
0.83625,-0.0049279127,
0.8365,-0.0055765482,
0.83675,0.0155962808,
0.837,0.0126409102,
0.83725,-0.0040488266,
0.8375,-0.0072578504,
0.83775,0.0109816287,
0.838,-0.0017211463,
0.83825,-0.0193580166,
0.8385,-0.0080064321,
0.83875,0.0007429149,
0.839,0.0036043068,
0.83925,0.0006743075,
0.8395,0.0064092968,
0.83975,0.0163061637,
0.84,-0.0054205623,
0.84025,-0.0169237126,
0.8405,-0.0086491453,
0.84075,-0.0048990170,
0.841,-0.0030669882,
0.84125,0.0043075038,
0.8415,0.0170494448,
0.84175,0.0234987494,
0.842,0.0165700056,
0.84225,0.0111633092,
0.8425,0.0040396885,
0.84275,-0.0041370611,
0.843,-0.0059477072,
0.84325,0.0088643264,
0.8435,0.0037145498,
0.84375,0.0127981929,
0.844,0.0208859518,
0.84425,0.0204796158,
0.8445,0.0129121253,
0.84475,0.0111651812,
0.845,0.0115979631,
0.84525,0.0016497702,
0.8455,-0.0093459357,
0.84575,-0.0006907405,
0.846,0.0048793470,
0.84625,-0.0129231457,
0.8465,-0.0064367526,
0.84675,0.0147446934,
0.847,0.0092977053,
0.84725,-0.0003130379,
0.8475,0.0160578806,
0.84775,0.0254793502,
0.848,0.0091733299,
0.84825,-0.0067231804,
0.8485,0.0124860406,
0.84875,0.0112276571,
0.849,-0.0148932841,
0.84925,-0.0032940269,
0.8495,0.0164540354,
0.84975,0.0068891183,
0.85,0.0018516493,
0.85025,0.0125139756,
0.8505,0.0230993722,
0.85075,0.0130440369,
0.851,-0.0047534066,
0.85125,0.0172114074,
0.8515,0.0188413039,
0.85175,-0.0078767063,
0.852,0.0013023051,
0.85225,0.0120563265,
0.8525,0.0009442959,
0.85275,0.0001897284,
0.853,-0.0045852112,
0.85325,-0.0028872732,
0.8535,-0.0011312955,
0.85375,-0.0094767837,
0.854,0.0022618833,
0.85425,0.0034550598,
0.8545,-0.0078606037,
0.85475,-0.0060457555,
0.855,-0.0096166776,
0.85525,-0.0103391744,
0.8555,-0.0097598238,
0.85575,-0.0151306428,
0.856,-0.0015359132,
0.85625,0.0019543364,
0.8565,0.0003235340,
0.85675,0.0110833570,
0.857,0.0132082626,
0.85725,0.0065718563,
0.8575,0.0036982694,
0.85775,0.0033730483,
0.858,-0.0002966140,
0.85825,-0.0056110742,
0.8585,-0.0019965910,
0.85875,0.0074162032,
0.859,0.0038302219,
0.85925,0.0100412639,
0.8595,0.0225796513,
0.85975,0.0146074854,
0.86,0.0091917282,
0.86025,0.0040126275,
0.8605,-0.0043326574,
0.86075,-0.0118369833,
0.861,-0.0255246237,
0.86125,-0.0143394023,
0.8615,-0.0023501765,
0.86175,-0.0069669383,
0.862,0.0055208616,
0.86225,0.0155170225,
0.8625,0.0108755184,
0.86275,-0.0045414418,
0.863,-0.0003433902,
0.86325,-0.0105460258,
0.8635,-0.0206976272,
0.86375,-0.0265007913,
0.864,0.0006539068,
0.86425,0.0014728205,
0.8645,0.0066409940,
0.86475,0.0197013300,
0.865,0.0314891003,
0.86525,0.0155545222,
0.8655,0.0025886637,
0.86575,0.0015196857,
0.866,-0.0087613370,
0.86625,-0.0097114975,
0.8665,-0.0081560705,
0.86675,0.0123911053,
0.867,0.0111795226,
0.86725,0.0103192348,
0.8675,-0.0022496923,
0.86775,0.0061153504,
0.868,-0.0029317753,
0.86825,-0.0132154198,
0.8685,-0.0115825376,
0.86875,-0.0055323862,
0.869,0.0055555422,
0.86925,-0.0014145558,
0.8695,0.0019173403,
0.86975,0.0142054018,
0.87,0.0186913814,
0.87025,-0.0014106849,
0.8705,-0.0072645387,
0.87075,0.0057925824,
0.871,0.0052001444,
0.87125,-0.0100556398,
0.8715,-0.0144756902,
0.87175,0.0110187465,
0.872,0.0025066826,
0.87225,-0.0015259946,
0.8725,0.0016931585,
0.87275,0.0181768201,
0.873,0.0139994286,
0.87325,0.0015956848,
0.8735,-0.0096561285,
0.87375,-0.0009816313,
0.874,-0.0083990172,
0.87425,-0.0113068037,
0.8745,-0.0080042547,
0.87475,0.0097709708,
0.875,0.0109161614,
0.87525,0.0010313470,
0.8755,0.0105316015,
0.87575,0.0096967276,
0.876,0.0041501052,
0.87625,-0.0081522185,
0.8765,0.0020685082,
0.87675,-0.0081911990,
0.877,-0.0058764168,
0.87725,-0.0008982722,
0.8775,0.0050228881,
0.87775,0.0038809511,
0.878,0.0019918366,
0.87825,0.0014428420,
0.8785,-0.0036040579,
0.87875,-0.0105501479,
0.879,-0.0052486975,
0.87925,-0.0141328806,
0.8795,-0.0187671427,
0.87975,-0.0154005783,
0.88,-0.0062335283,
0.88025,-0.0122872088,
0.8805,-0.0144293029,
0.88075,0.0057818396,
0.881,0.0079513881,
0.88125,-0.0082864612,
0.8815,-0.0027466025,
0.88175,0.0168193839,
0.882,0.0093194060,
0.88225,-0.0180101600,
0.8825,-0.0035061047,
0.88275,0.0087548839,
0.883,-0.0159772076,
0.88325,-0.0287157185,
0.8835,0.0012727344,
0.88375,0.0061236396,
0.884,-0.0090268962,
0.88425,-0.0055214432,
0.8845,0.0161169432,
0.88475,0.0221424401,
0.885,-0.0068029850,
0.88525,-0.0021029320,
0.8855,0.0126313958,
0.88575,-0.0106160147,
0.886,-0.0352139398,
0.88625,-0.0177980885,
0.8865,-0.0072860187,
0.88675,-0.0099008204,
0.887,-0.0107761482,
0.88725,0.0208806712,
0.8875,0.0253272969,
0.88775,0.0007348835,
0.888,-0.0061733699,
0.88825,0.0061539332,
0.8885,-0.0093062175,
0.88875,-0.0286294073,
0.889,-0.0211190041,
0.88925,-0.0069169728,
0.8895,0.0019195607,
0.88975,-0.0089859096,
0.89,0.0032641704,
0.89025,0.0080946237,
0.8905,-0.0022383241,
0.89075,-0.0237861015,
0.891,-0.0156664085,
0.89125,-0.0145273507,
0.8915,-0.0150412060,
0.89175,-0.0166920312,
0.892,-0.0059959264,
0.89225,-0.0030446842,
0.8925,0.0008979766,
0.89275,-0.0002603736,
0.893,0.0016136632,
0.89325,-0.0002987835,
0.8935,-0.0006393611,
0.89375,-0.0066301879,
0.894,-0.0180683546,
0.89425,-0.0200537033,
0.8945,-0.0162153952,
0.89475,-0.0163753815,
0.895,-0.0166105144,
0.89525,-0.0034939037,
0.8955,0.0113514643,
0.89575,0.0096738171,
0.896,0.0070691761,
0.89625,0.0072282082,
0.8965,0.0003001544,
0.89675,-0.0216233339,
0.897,-0.0244024005,
0.89725,-0.0187606998,
0.8975,-0.0201557353,
0.89775,-0.0226858109,
0.898,-0.0085525308,
0.89825,0.0025626298,
0.8985,0.0044019991,
0.89875,0.0005201098,
0.899,0.0104005504,
0.89925,-0.0001430772,
0.8995,-0.0074527422,
0.89975,-0.0170546155,
0.9,-0.0070204763,
0.90025,-0.0134773888,
0.9005,-0.0073880348,
0.90075,0.0002870701,
0.901,0.0154452315,
0.90125,0.0117455432,
0.9015,0.0093078120,
0.90175,0.0098429471,
0.902,0.0107285017,
0.90225,-0.0027669435,
0.9025,-0.0074639320,
0.90275,-0.0025369995,
0.903,-0.0009639562,
0.90325,-0.0022912419,
0.9035,-0.0071569155,
0.90375,0.0011408367,
0.904,0.0113125909,
0.90425,0.0006375649,
0.9045,-0.0147371963,
0.90475,0.0021599021,
0.905,0.0040409509,
0.90525,-0.0126577914,
0.9055,-0.0120113194,
0.90575,0.0154409390,
0.906,0.0223862045,
0.90625,0.0081763957,
0.9065,0.0051542474,
0.90675,0.0293598231,
0.907,0.0092411805,
0.90725,-0.0164906643,
0.9075,-0.0043125474,
0.90775,0.0078081805,
0.908,0.0034588445,
0.90825,-0.0012480501,
0.9085,0.0090039102,
0.90875,0.0225819610,
0.909,0.0157063063,
0.90925,-0.0009607430,
0.9095,0.0062692449,
0.90975,0.0036416571,
0.91,-0.0075204442,
0.91025,-0.0074308375,
0.9105,0.0022340647,
0.91075,-0.0023824170,
0.911,-0.0005493003,
0.91125,-0.0006710491,
0.9115,0.0005800592,
0.91175,0.0015419235,
0.912,0.0017125276,
0.91225,0.0070693246,
0.9125,-0.0028690218,
0.91275,-0.0086002238,
0.913,-0.0026356454,
0.91325,-0.0100352094,
0.9135,-0.0121410210,
0.91375,-0.0045492891,
0.914,0.0094345305,
0.91425,0.0036000265,
0.9145,0.0012791151,
0.91475,0.0104330191,
0.915,0.0219855346,
0.91525,-0.0042509842,
0.9155,-0.0104768667,
0.91575,0.0048686550,
0.916,-0.0000737670,
0.91625,-0.0291373488,
0.9165,-0.0160409678,
0.91675,0.0045474274,
0.917,0.0002267303,
0.91725,-0.0248076003,
0.9175,0.0042904341,
0.91775,0.0148142241,
0.918,-0.0065350980,
0.91825,-0.0203875825,
0.9185,0.0046565942,
0.91875,0.0049344562,
0.919,-0.0173541699,
0.91925,-0.0273481589,
0.9195,0.0140563967,
0.91975,0.0009869506,
0.92,-0.0101822950,
0.92025,0.0067321714,
0.9205,0.0308300368,
0.92075,0.0176456999,
0.921,0.0008763866,
0.92125,0.0130351055,
0.9215,0.0286107399,
0.92175,-0.0038777208,
0.922,-0.0106718345,
0.92225,0.0075915772,
0.9225,0.0070481799,
0.92275,0.0030473503,
0.923,-0.0013780827,
0.92325,0.0205847844,
0.9235,0.0208993554,
0.92375,0.0122068776,
0.924,-0.0036525584,
0.92425,0.0151609369,
0.9245,-0.0007511476,
0.92475,-0.0057272618,
0.925,-0.0089536766,
0.92525,0.0059501193,
0.9255,0.0049118465,
0.92575,0.0077665318,
0.926,0.0209510606,
0.92625,0.0297395512,
0.9265,0.0269423388,
0.92675,0.0272893682,
0.927,0.0162662994,
0.92725,0.0103941290,
0.9275,-0.0004213737,
0.92775,-0.0018118115,
0.928,-0.0002847576,
0.92825,0.0006002261,
0.9285,0.0080558416,
0.92875,0.0216188729,
0.929,0.0221584346,
0.92925,0.0274210460,
0.9295,0.0250344984,
0.92975,0.0225051660,
0.93,0.0030673945,
0.93025,-0.0062391544,
0.9305,-0.0133044682,
0.93075,-0.0205551814,
0.931,-0.0176371839,
0.93125,0.0009346434,
0.9315,0.0142967524,
0.93175,0.0244982447,
0.932,0.0300547648,
0.93225,0.0285355356,
0.9325,0.0059335395,
0.93275,-0.0109895924,
0.933,-0.0156212514,
0.93325,-0.0179001838,
0.9335,-0.0239075199,
0.93375,-0.0051580234,
0.934,0.0088666975,
0.93425,0.0066212956,
0.9345,-0.0045382516,
0.93475,0.0010772632,
0.935,-0.0053823814,
0.93525,-0.0204359517,
0.9355,-0.0251275785,
0.93575,-0.0087013114,
0.936,0.0065815034,
0.93625,-0.0064605195,
0.9365,-0.0026870575,
0.93675,-0.0048551252,
0.937,-0.0007505296,
0.93725,-0.0128243044,
0.9375,-0.0128293354,
0.93775,-0.0070299730,
0.938,0.0061074225,
0.93825,-0.0038294054,
0.9385,-0.0130808083,
0.93875,-0.0002112637,
0.939,0.0082433354,
0.93925,-0.0048770192,
0.9395,-0.0186341144,
0.93975,0.0080223298,
0.94,0.0154656135,
0.94025,-0.0134393470,
0.9405,-0.0274284445,
0.94075,-0.0009325606,
0.941,-0.0063534598,
0.94125,-0.0273597501,
0.9415,-0.0175600331,
0.94175,0.0102684917,
0.942,0.0168805048,
0.94225,0.0018549500,
0.9425,0.0067934711,
0.94275,0.0124971801,
0.943,-0.0041789832,
0.94325,-0.0161592178,
0.9435,0.0039272048,
0.94375,0.0066938875,
0.944,0.0108907949,
0.94425,0.0197600126,
0.9445,0.0222471431,
0.94475,0.0144442432,
0.945,0.0020829996,
0.94525,0.0079546059,
0.9455,-0.0013262329,
0.94575,-0.0172512140,
0.946,-0.0068230834,
0.94625,0.0114235105,
0.9465,0.0052594803,
0.94675,0.0024279070,
0.947,0.0100524314,
0.94725,0.0064978194,
0.9475,-0.0008505516,
0.94775,-0.0035159993,
0.948,0.0086027868,
0.94825,0.0105150212,
0.9485,-0.0032431679,
0.94875,0.0065487260,
0.949,0.0093170088,
0.94925,-0.0046486980,
0.9495,-0.0021432610,
0.94975,0.0120753283,
0.95,0.0088085430,
0.95025,-0.0062503624,
0.9505,0.0024247430,
0.95075,0.0134843551,
0.951,0.0019233634,
0.95125,-0.0107362261,
0.9515,0.0144340023,
0.95175,0.0196535662,
0.952,-0.0063828807,
0.95225,-0.0104782442,
0.9525,0.0105804531,
0.95275,0.0044265888,
0.953,-0.0224500038,
0.95325,-0.0136788227,
0.9535,0.0138138458,
0.95375,-0.0060514272,
0.954,-0.0232834928,
0.95425,0.0035608402,
0.9545,0.0178339817,
0.95475,-0.0088012265,
0.955,-0.0235313959,
0.95525,-0.0105212089,
0.9555,-0.0133955153,
0.95575,-0.0424532294,
0.956,-0.0268472470,
0.95625,0.0060908468,
0.9565,0.0052871089,
0.95675,-0.0054567112,
0.957,-0.0043373564,
0.95725,0.0002383518,
0.9575,-0.0120157041,
0.95775,-0.0235860497,
0.958,-0.0243911259,
0.95825,-0.0089721400,
0.9585,-0.0126559278,
0.95875,-0.0119219199,
0.959,-0.0001035458,
0.95925,0.0045869509,
0.9595,0.0006485640,
0.95975,0.0007740353,
0.96,-0.0013178971,
0.96025,-0.0069091469,
0.9605,-0.0129583590,
0.96075,-0.0170448571,
0.961,-0.0130642401,
0.96125,-0.0109133320,
0.9615,-0.0146597242,
0.96175,0.0065460764,
0.962,0.0155581366,
0.96225,0.0230392255,
0.9625,0.0235059895,
0.96275,0.0235959291,
0.963,0.0114221731,
0.96325,-0.0058059539,
0.9635,-0.0174856950,
0.96375,-0.0171130877,
0.964,-0.0216055550,
0.96425,-0.0139124887,
0.9645,-0.0051932884,
0.96475,0.0048743538,
0.965,0.0041040541,
0.96525,0.0163686164,
0.9655,0.0035477371,
0.96575,0.0043937583,
0.966,-0.0057111662,
0.96625,-0.0114274677,
0.9665,-0.0252390075,
0.96675,-0.0141697526,
0.967,0.0033067851,
0.96725,0.0105664516,
0.9675,0.0118990801,
0.96775,0.0186865460,
0.968,0.0178493243,
0.96825,0.0029903895,
0.9685,-0.0062723057,
0.96875,0.0010333322,
0.969,0.0024667613,
0.96925,-0.0019519962,
0.9695,0.0032764047,
0.96975,0.0116939526,
0.97,0.0128246555,
0.97025,0.0056434241,
0.9705,0.0074154045,
0.97075,-0.0018648758,
0.971,-0.0096077621,
0.97125,-0.0282450803,
0.9715,-0.0259236246,
0.97175,-0.0170964096,
0.972,-0.0029306016,
0.97225,-0.0182635989,
0.9725,-0.0085241999,
0.97275,0.0077459924,
0.973,0.0031177760,
0.97325,-0.0175025351,
0.9735,-0.0095598847,
0.97375,0.0079106800,
0.974,-0.0060228533,
0.97425,-0.0309577137,
0.9745,-0.0031409431,
0.97475,0.0134070739,
0.975,-0.0031066649,
0.97525,0.0006955630,
0.9755,0.0199385509,
0.97575,0.0150295617,
0.976,-0.0103897126,
0.97625,-0.0108792726,
0.9765,0.0039547663,
0.97675,0.0017850813,
0.977,-0.0201483462,
0.97725,-0.0007670466,
0.9775,0.0060954602,
0.97775,-0.0028995762,
0.978,-0.0021788941,
0.97825,0.0115877027,
0.9785,0.0083484072,
0.97875,-0.0124925850,
0.979,-0.0130287763,
0.97925,-0.0023037654,
0.9795,-0.0112632932,
0.97975,-0.0145012960,
0.98,0.0016745483,
0.98025,0.0081386631,
0.9805,0.0008515553,
0.98075,0.0026345453,
0.981,0.0107576000,
0.98125,0.0119598061,
0.9815,0.0006248729,
0.98175,-0.0002780925,
0.982,0.0071758241,
0.98225,0.0000114085,
0.9825,-0.0049192249,
0.98275,0.0083956858,
0.983,0.0123630036,
0.98325,0.0051075080,
0.9835,0.0040429570,
0.98375,0.0083180042,
0.984,0.0061140433,
0.98425,0.0005422776,
0.9845,0.0098029980,
0.98475,0.0151974820,
0.985,0.0031933361,
0.98525,0.0000132510,
0.9855,0.0151502118,
0.98575,0.0050501716,
0.986,-0.0011848002,
0.98625,0.0012257964,
0.9865,0.0149807446,
0.98675,0.0021321550,
0.987,-0.0068155350,
0.98725,0.0125685809,
0.9875,0.0133795980,
0.98775,-0.0049579395,
0.988,-0.0041441270,
0.98825,0.0112954201,
0.9885,-0.0019630753,
0.98875,-0.0127426730,
0.989,0.0036652717,
0.98925,0.0187370423,
0.9895,0.0066153426,
0.98975,0.0012876021,
0.99,0.0192835014,
0.99025,0.0188100301,
0.9905,-0.0039160121,
0.99075,0.0008148677,
0.991,0.0084603010,
0.99125,-0.0003561516,
0.9915,-0.0096745333,
0.99175,-0.0042290096,
0.992,0.0072544292,
0.99225,0.0042819353,
0.9925,-0.0004691680,
0.99275,0.0107761333,
0.993,0.0116311060,
0.99325,0.0033618305,
0.9935,-0.0015144635,
0.99375,0.0043327827,
0.994,-0.0015313906,
0.99425,-0.0022646759,
0.9945,-0.0077591846,
0.99475,0.0033143782,
0.995,0.0065692933,
0.99525,0.0005496468,
0.9955,0.0068508810,
0.99575,0.0178176779,
0.996,0.0148234032,
0.99625,0.0088414215,
0.9965,-0.0016597315,
0.99675,-0.0062053516,
0.997,-0.0265641585,
0.99725,-0.0311674587,
0.9975,-0.0263608601,
0.99775,-0.0148146888,
0.998,-0.0133082327,
0.99825,0.0075032441,
0.9985,0.0172143579,
0.99875,0.0190418344,
0.999,0.0175071023,
0.99925,0.0035439390,
0.9995,-0.0081996024,
0.99975,-0.0150281657,
1,-0.0184576046,
1.00025,-0.0127195511,
1.0005,0.0014528084,
1.00075,0.0162879545,
1.001,0.0178698935,
1.00125,0.0194361135,
1.0015,0.0186185017,
1.00175,0.0129784569,
1.002,-0.0075677820,
1.00225,-0.0105464701,
1.0025,-0.0012170480,
1.00275,0.0057467027,
1.003,0.0063478039,
1.00325,0.0159924347,
1.0035,0.0225399137,
1.00375,0.0104880612,
1.004,-0.0052562468,
1.00425,-0.0052796607,
1.0045,-0.0065947976,
1.00475,-0.0036274621,
1.005,0.0009607843,
1.00525,0.0027457157,
1.0055,0.0082674539,
1.00575,0.0131046753,
1.006,0.0106289610,
1.00625,0.0078953002,
1.0065,0.0173797980,
1.00675,0.0191250183,
1.007,0.0073220744,
1.00725,-0.0041663283,
1.0075,0.0110671157,
1.00775,0.0125298593,
1.008,-0.0009135151,
1.00825,0.0095772166,
1.0085,0.0276048202,
1.00875,0.0207133107,
1.009,0.0061584432,
1.00925,0.0179309081,
1.0095,0.0199245941,
1.00975,-0.0001838519,
1.01,-0.0112469494,
1.01025,0.0061110444,
1.0105,0.0118330261,
1.01075,-0.0032191798,
1.011,0.0106775295,
1.01125,0.0281740893,
1.0115,0.0102391019,
1.01175,-0.0081719011,
1.012,-0.0054681497,
1.01225,-0.0007526334,
1.0125,-0.0181830674,
1.01275,-0.0175636932,
1.013,0.0073169963,
1.01325,0.0101747923,
1.0135,-0.0030356459,
1.01375,0.0001625568,
1.014,0.0128928954,
1.01425,0.0041186702,
1.0145,-0.0073402179,
1.01475,-0.0054339720,
1.015,-0.0016639424,
1.01525,-0.0101277065,
1.0155,-0.0173419770,
1.01575,-0.0028663876,
1.016,0.0053249737,
1.01625,-0.0024387110,
1.0165,0.0024284287,
1.01675,0.0092070922,
1.017,0.0072535668,
1.01725,-0.0041718567,
1.0175,-0.0016992600,
1.01775,-0.0010146536,
1.018,-0.0117343115,
1.01825,-0.0123953167,
1.0185,-0.0085806698,
1.01875,-0.0073603773,
1.019,-0.0085214283,
1.01925,-0.0005373831,
1.0195,0.0035570201,
1.01975,-0.0042361491,
1.02,-0.0078003304,
1.02025,-0.0036924088,
1.0205,-0.0045200721,
1.02075,-0.0136564784,
1.021,-0.0100010354,
1.02125,-0.0033508320,
1.0215,-0.0098190513,
1.02175,-0.0150619522,
1.022,-0.0045227939,
1.02225,0.0015613715,
1.0225,-0.0064959563,
1.02275,-0.0086616632,
1.023,-0.0006937810,
1.02325,-0.0033304493,
1.0235,-0.0164145064,
1.02375,-0.0097245518,
1.024,-0.0002969202,
1.02425,-0.0091276420,
1.0245,-0.0140172169,
1.02475,-0.0071567483,
1.025,-0.0046508163,
1.02525,-0.0087870341,
1.0255,-0.0108813038,
1.02575,0.0035179791,
1.026,0.0100229215,
1.02625,0.0015895163,
1.0265,0.0034610610,
1.02675,0.0092400368,
1.027,-0.0021873245,
1.02725,-0.0094100377,
1.0275,-0.0078559741,
1.02775,-0.0098581063,
1.028,-0.0083408942,
1.02825,-0.0052342182,
1.0285,0.0017526239,
1.02875,0.0080948211,
1.029,0.0041803359,
1.02925,0.0074876025,
1.0295,-0.0004546156,
1.02975,-0.0066489987,
1.03,-0.0145825110,
1.03025,-0.0171513986,
1.0305,-0.0094670197,
1.03075,-0.0107968580,
1.031,-0.0061486238,
1.03125,0.0097819520,
1.0315,0.0185313225,
1.03175,0.0159063116,
1.032,0.0129119661,
1.03225,0.0135642113,
1.0325,0.0037057467,
1.03275,-0.0163965784,
1.033,-0.0284806918,
1.03325,-0.0182941183,
1.0335,-0.0137856267,
1.03375,-0.0084208334,
1.034,0.0090408623,
1.03425,0.0208071657,
1.0345,0.0228665471,
1.03475,0.0127081759,
1.035,-0.0033164429,
1.03525,-0.0087747565,
1.0355,-0.0234988350,
1.03575,-0.0239232555,
1.036,-0.0168935619,
1.03625,-0.0072773416,
1.0365,0.0077846926,
1.03675,0.0133027053,
1.037,-0.0025370908,
1.03725,-0.0401243195,
1.0375,-0.0279520843,
1.03775,-0.0417344049,
1.038,-0.0480364673,
1.03825,-0.0317321792,
1.0385,-0.0359483138,
1.03875,-0.0162534434,
1.039,-0.0090260068,
1.03925,-0.0021697460,
1.0395,0.0001499723,
1.03975,0.0044389218,
1.04,-0.0028582695,
1.04025,-0.0128835579,
1.0405,-0.0171360914,
1.04075,-0.0021521593,
1.041,-0.0103798555,
1.04125,-0.0134036206,
1.0415,0.0077880081,
1.04175,0.0113790249,
1.042,-0.0044130180,
1.04225,0.0050053829,
1.0425,0.0150993383,
1.04275,0.0006432139,
1.043,-0.0135441534,
1.04325,-0.0046960898,
1.0435,-0.0034149529,
1.04375,-0.0143451719,
1.044,-0.0200774968,
1.04425,0.0137678301,
1.0445,0.0123659242,
1.04475,-0.0003085280,
1.045,0.0173190534,
1.04525,0.0268832967,
1.0455,0.0050812671,
1.04575,-0.0105436845,
1.046,-0.0008927126,
1.04625,0.0045524426,
1.0465,-0.0201941375,
1.04675,-0.0122579429,
1.047,0.0064766807,
1.04725,0.0091856495,
1.0475,-0.0046174703,
1.04775,0.0142553914,
1.048,0.0199215747,
1.04825,0.0000772758,
1.0485,-0.0101643009,
1.04875,-0.0052640801,
1.049,-0.0023751326,
1.04925,-0.0126561234,
1.0495,-0.0128918001,
1.04975,0.0025215314,
1.05,0.0109998584,
1.05025,-0.0016367992,
1.0505,0.0047398391,
1.05075,0.0144812167,
1.051,0.0143441288,
1.05125,-0.0010315607,
1.0515,0.0038383205,
1.05175,0.0013440640,
1.052,-0.0112874536,
1.05225,-0.0151932063,
1.0525,-0.0094511369,
1.05275,-0.0029058419,
1.053,-0.0030443179,
1.05325,0.0035357082,
1.0535,0.0096982000,
1.05375,0.0087673962,
1.054,0.0056632184,
1.05425,0.0125644812,
1.0545,-0.0003450864,
1.05475,-0.0135718184,
1.055,-0.0144017916,
1.05525,-0.0112957740,
1.0555,-0.0224369410,
1.05575,-0.0146508738,
1.056,0.0065038595,
1.05625,0.0157587230,
1.0565,0.0047071795,
1.05675,0.0086823981,
1.057,0.0162345730,
1.05725,0.0053339256,
1.0575,-0.0147424266,
1.05775,-0.0022798679,
1.058,0.0048517766,
1.05825,-0.0039597237,
1.0585,-0.0021072649,
1.05875,0.0127078202,
1.059,0.0140624726,
1.05925,0.0035907687,
1.0595,-0.0069643408,
1.05975,0.0033487328,
1.06,-0.0024658465,
1.06025,-0.0148164351,
1.0605,-0.0106261205,
1.06075,0.0039216322,
1.061,-0.0023345910,
1.06125,-0.0086585600,
1.0615,0.0002041365,
1.06175,0.0116125047,
1.062,0.0046403757,
1.06225,-0.0005101407,
1.0625,0.0125628430,
1.06275,0.0131588597,
1.063,-0.0026583560,
1.06325,-0.0046836114,
1.0635,-0.0024413008,
1.06375,0.0003270938,
1.064,-0.0065233721,
1.06425,0.0037560426,
1.0645,0.0207070485,
1.06475,0.0244322903,
1.065,0.0200609472,
1.06525,0.0221424922,
1.0655,0.0214910470,
1.06575,0.0022461722,
1.066,-0.0156317167,
1.06625,-0.0069746803,
1.0665,-0.0039529083,
1.06675,-0.0159566496,
1.067,-0.0143134277,
1.06725,0.0003482313,
1.0675,0.0040991460,
1.06775,0.0018713276,
1.068,0.0067239013,
1.06825,0.0168516133,
1.0685,0.0081492011,
1.06875,-0.0079665370,
1.069,-0.0118130771,
1.06925,-0.0063307788,
1.0695,-0.0187179781,
1.06975,-0.0093227029,
1.07,-0.0015259006,
1.07025,0.0147354873,
1.0705,0.0121681802,
1.07075,0.0108744241,
1.071,0.0182046443,
1.07125,0.0124042258,
1.0715,-0.0112502109,
1.07175,-0.0282164440,
1.072,-0.0075215343,
1.07225,-0.0120020788,
1.0725,-0.0039296383,
1.07275,0.0093828151,
1.073,0.0243952572,
1.07325,0.0113717709,
1.0735,0.0014845282,
1.07375,-0.0033779917,
1.074,-0.0024645408,
1.07425,-0.0140590165,
1.0745,-0.0064701517,
1.07475,0.0073172101,
1.075,0.0068444032,
1.07525,0.0029136827,
1.0755,0.0167336166,
1.07575,0.0150428070,
1.076,-0.0031654155,
1.07625,-0.0024057205,
1.0765,0.0074202497,
1.07675,-0.0011708349,
1.077,-0.0096284142,
1.07725,0.0057860315,
1.0775,0.0207158215,
1.07775,0.0006673292,
1.078,-0.0041965856,
1.07825,0.0167041663,
1.0785,0.0218530912,
1.07875,-0.0048638200,
1.079,-0.0033874416,
1.07925,0.0129622240,
1.0795,0.0065176664,
1.07975,-0.0223048665,
1.08,-0.0069167418,
1.08025,0.0195879769,
1.0805,0.0039226632,
1.08075,-0.0083868224,
1.081,0.0195485353,
1.08125,0.0230013989,
1.0815,-0.0007338047,
1.08175,-0.0074597374,
1.082,0.0113331359,
1.08225,0.0026389277,
1.0825,-0.0214187689,
1.08275,-0.0135015221,
1.083,0.0051403134,
1.08325,-0.0040387399,
1.0835,-0.0146105653,
1.08375,0.0076722978,
1.084,0.0184881873,
1.08425,-0.0017011935,
1.0845,-0.0136336926,
1.08475,0.0040728371,
1.085,0.0035932220,
1.08525,-0.0173710044,
1.0855,-0.0092108808,
1.08575,0.0006059774,
1.086,-0.0075113988,
1.08625,-0.0118363630,
1.0865,-0.0001451990,
1.08675,0.0085046347,
1.087,0.0049771904,
1.08725,0.0064454172,
1.0875,0.0122112930,
1.08775,0.0038838838,
1.088,-0.0056032464,
1.08825,-0.0040654596,
1.0885,-0.0034647423,
1.08875,-0.0167016275,
1.089,-0.0142859593,
1.08925,-0.0039451141,
1.0895,-0.0042867502,
1.08975,-0.0097003868,
1.09,0.0080694342,
1.09025,0.0167014655,
1.0905,0.0047475547,
1.09075,-0.0079139648,
1.091,0.0009291654,
1.09125,-0.0035509611,
1.0915,-0.0244029276,
1.09175,-0.0156487785,
1.092,0.0013308442,
1.09225,-0.0016774266,
1.0925,-0.0080722133,
1.09275,0.0028738894,
1.093,0.0097213369,
1.09325,0.0057212487,
1.0935,-0.0105300173,
1.09375,0.0008140589,
1.094,0.0052439468,
1.09425,-0.0099725574,
1.0945,-0.0152215743,
1.09475,0.0073542101,
1.095,0.0065149409,
1.09525,-0.0020367545,
1.0955,-0.0037587746,
1.09575,0.0191040039,
1.096,0.0139078889,
1.09625,-0.0010276833,
1.0965,0.0054470422,
1.09675,0.0118771419,
1.097,-0.0045912452,
1.09725,-0.0126931053,
1.0975,-0.0125561925,
1.09775,0.0093285032,
1.098,0.0009173324,
1.09825,0.0026306924,
1.0985,0.0179262497,
1.09875,0.0227525085,
1.099,0.0060651829,
1.09925,-0.0105672432,
1.0995,-0.0097167296,
1.09975,-0.0164529458,
1.1,-0.0285549797,
1.10025,-0.0265203808,
1.1005,-0.0002095222,
1.10075,-0.0047717565,
1.101,-0.0023205662,
1.10125,0.0087244790,
1.1015,0.0143075930,
1.10175,0.0033875690,
1.102,-0.0112186000,
1.10225,-0.0148305129,
1.1025,-0.0103361169,
1.10275,-0.0221026130,
1.103,-0.0224210918,
1.10325,0.0059835464,
1.1035,0.0064288168,
1.10375,-0.0016916658,
1.104,-0.0057597682,
1.10425,0.0046208221,
1.1045,-0.0068894080,
1.10475,-0.0262654927,
1.105,-0.0233412534,
1.10525,-0.0033286340,
1.1055,-0.0099641047,
1.10575,-0.0154748112,
1.106,0.0018142306,
1.10625,0.0082634445,
1.1065,-0.0037647048,
1.10675,-0.0183265824,
1.107,-0.0086096199,
1.10725,-0.0010742228,
1.1075,-0.0081949001,
1.10775,-0.0100250300,
1.108,0.0112405149,
1.10825,0.0123012569,
1.1085,0.0046219337,
1.10875,0.0062669236,
1.109,0.0157403462,
1.10925,0.0044327993,
1.1095,0.0021679758,
1.10975,0.0040602656,
1.11,-0.0056211576,
1.11025,-0.0118796946,
1.1105,-0.0014453091,
1.11075,0.0040834504,
1.111,-0.0042962246,
1.11125,0.0015268459,
1.1115,0.0221718326,
1.11175,0.0126310643,
1.112,-0.0060795336,
1.11225,0.0031614723,
1.1125,0.0158680659,
1.11275,-0.0100918617,
1.113,-0.0199407544,
1.11325,0.0055811997,
1.1135,0.0184149835,
1.11375,-0.0022680920,
1.114,0.0046921107,
1.11425,0.0336171538,
1.1145,0.0195818301,
1.11475,-0.0101331640,
1.115,0.0011567796,
1.11525,0.0193751212,
1.1155,-0.0096741328,
1.11575,-0.0148820560,
1.116,0.0165638495,
1.11625,0.0194477793,
1.1165,-0.0033485596,
1.11675,0.0015586456,
1.117,0.0232448243,
1.11725,0.0156291965,
1.1175,-0.0071482621,
1.11775,-0.0003881095,
1.118,0.0199407674,
1.11825,-0.0017699030,
1.1185,-0.0205637440,
1.11875,0.0012060808,
1.119,0.0135175698,
1.11925,-0.0079986956,
1.1195,-0.0012689412,
1.11975,0.0129127465,
1.12,0.0180393253,
1.12025,0.0016444932,
1.1205,0.0067217974,
1.12075,0.0209967606,
1.121,0.0048137126,
1.12125,-0.0046872697,
1.1215,-0.0007441585,
1.12175,-0.0008465570,
1.122,-0.0119763566,
1.12225,-0.0112699522,
1.1225,-0.0028822799,
1.12275,-0.0060868189,
1.123,-0.0093401978,
1.12325,-0.0028074202,
1.1235,0.0055045718,
1.12375,-0.0077305413,
1.124,-0.0074629495,
1.12425,-0.0073509561,
1.1245,-0.0192452539,
1.12475,-0.0362965800,
1.125,-0.0266034566,
1.12525,-0.0208968297,
1.1255,-0.0171233434,
1.12575,-0.0167637207,
1.126,0.0052749310,
1.12625,0.0101358704,
1.1265,0.0027466239,
1.12675,0.0030801632,
1.127,0.0090899896,
1.12725,-0.0021927543,
1.1275,-0.0176898371,
1.12775,-0.0118811354,
1.128,-0.0046617016,
1.12825,-0.0069599738,
1.1285,-0.0108004212,
1.12875,0.0038446847,
1.129,0.0112530068,
1.12925,-0.0018176861,
1.1295,-0.0066894596,
1.12975,-0.0017186896,
1.13,-0.0110108396,
1.13025,-0.0256611798,
1.1305,-0.0208507888,
1.13075,-0.0178655274,
1.131,-0.0098426873,
1.13125,-0.0074426886,
1.1315,0.0114060175,
1.13175,0.0241386909,
1.132,0.0227094740,
1.13225,0.0205464326,
1.1325,0.0159249306,
1.13275,0.0087545682,
1.133,-0.0046335598,
1.13325,-0.0074226456,
1.1335,0.0051495670,
1.13375,0.0105157997,
1.134,0.0033510386,
1.13425,0.0148183629,
1.1345,0.0276075751,
1.13475,0.0271493215,
1.135,0.0161968190,
1.13525,0.0128593212,
1.1355,0.0121048801,
1.13575,-0.0010655645,
1.136,-0.0166892447,
1.13625,-0.0013806934,
1.1365,0.0198795628,
1.13675,0.0135203218,
1.137,0.0101740388,
1.13725,0.0195326004,
1.1375,0.0245338585,
1.13775,0.0001841558,
1.138,-0.0033230402,
1.13825,0.0069819894,
1.1385,0.0058538020,
1.13875,-0.0029794527,
1.139,0.0109050274,
1.13925,0.0265916605,
1.1395,0.0176624376,
1.13975,0.0115260910,
1.14,0.0180980358,
1.14025,0.0189906470,
1.1405,-0.0023515814,
1.14075,-0.0029313450,
1.141,0.0062583019,
1.14125,0.0145226344,
1.1415,0.0028601775,
1.14175,0.0095194187,
1.142,0.0208841302,
1.14225,0.0202488787,
1.1425,0.0004677976,
1.14275,0.0052488078,
1.143,0.0100601548,
1.14325,0.0003934641,
1.1435,0.0003207671,
1.14375,0.0009525300,
1.144,0.0074816961,
1.14425,0.0036446685,
1.1445,0.0086274939,
1.14475,0.0113571398,
1.145,0.0061555831,
1.14525,0.0081127053,
1.1455,0.0097586038,
1.14575,-0.0015949755,
1.146,-0.0103624091,
1.14625,0.0015861531,
1.1465,0.0009312751,
1.14675,-0.0108263250,
1.147,-0.0125986049,
1.14725,0.0103204874,
1.1475,0.0064301328,
1.14775,-0.0126808221,
1.148,-0.0048775426,
1.14825,0.0119430590,
1.1485,-0.0063725188,
1.14875,-0.0239193533,
1.149,0.0024415012,
1.14925,0.0090984181,
1.1495,-0.0156712700,
1.14975,-0.0068970532,
1.15,0.0199228674,
1.15025,0.0104866363,
1.1505,-0.0052729766,
1.15075,0.0105293468,
1.151,0.0230955407,
1.15125,-0.0001654666,
1.1515,-0.0149684967,
1.15175,0.0105296634,
1.152,0.0145317577,
1.15225,-0.0125236288,
1.1525,-0.0058587831,
1.15275,0.0195676107,
1.153,0.0027033780,
1.15325,-0.0147404345,
1.1535,-0.0065718703,
1.15375,0.0084288530,
1.154,-0.0089214984,
1.15425,-0.0183123760,
1.1545,-0.0030574896,
1.15475,-0.0014958204,
1.155,-0.0179555174,
1.15525,-0.0196544789,
1.1555,-0.0088646244,
1.15575,-0.0085030505,
1.156,-0.0052650324,
1.15625,0.0010727157,
1.1565,0.0077276700,
1.15675,0.0099960575,
1.157,0.0080589633,
1.15725,0.0046424107,
1.1575,0.0019486905,
1.15775,-0.0051138010,
1.158,-0.0044890116,
1.15825,-0.0028245505,
1.1585,-0.0004556268,
1.15875,0.0080552269,
1.159,0.0102722514,
1.15925,0.0043393616,
1.1595,-0.0030575567,
1.15975,0.0012099037,
1.16,-0.0105402861,
1.16025,-0.0172431972,
1.1605,-0.0126687540,
1.16075,-0.0116597936,
1.161,-0.0070448965,
1.16125,-0.0131512610,
1.1615,-0.0097460812,
1.16175,-0.0031184526,
1.162,-0.0009224968,
1.16225,-0.0030446528,
1.1625,0.0053730146,
1.16275,0.0065303175,
1.163,0.0028809181,
1.16325,-0.0036674901,
1.1635,0.0013587824,
1.16375,-0.0018791166,
1.164,-0.0102066696,
1.16425,-0.0029107216,
1.1645,0.0098993555,
1.16475,0.0047865156,
1.165,0.0125136357,
1.16525,0.0166725256,
1.1655,0.0143064391,
1.16575,-0.0015096257,
1.166,-0.0107501056,
1.16625,-0.0076163197,
1.1665,-0.0145300813,
1.16675,-0.0216227882,
1.167,-0.0162397344,
1.16725,-0.0063067181,
1.1675,0.0026771321,
1.16775,0.0047895256,
1.168,0.0129592996,
1.16825,0.0178348646,
1.1685,0.0132395225,
1.16875,0.0020848538,
1.169,-0.0041327914,
1.16925,-0.0074049300,
1.1695,-0.0044451710,
1.16975,-0.0044311811,
1.17,-0.0011890500,
1.17025,0.0172949657,
1.1705,0.0194849689,
1.17075,0.0137983579,
1.171,0.0084112454,
1.17125,0.0107679553,
1.1715,-0.0075514624,
1.17175,-0.0181086920,
1.172,-0.0106217563,
1.17225,-0.0029678245,
1.1725,-0.0045793592,
1.17275,-0.0031973596,
1.173,0.0139882732,
1.17325,0.0088284928,
1.1735,-0.0116635077,
1.17375,-0.0113948621,
1.174,-0.0025395982,
1.17425,-0.0083140675,
1.1745,-0.0172727481,
1.17475,-0.0033202474,
1.175,0.0086402772,
1.17525,0.0084014582,
1.1755,-0.0068177399,
1.17575,0.0073123286,
1.176,0.0139711285,
1.17625,-0.0037955716,
1.1765,-0.0089911586,
1.17675,0.0036430862,
1.177,-0.0014278516,
1.17725,-0.0072185607,
1.1775,-0.0127264503,
1.17775,-0.0015801983,
1.178,0.0087020788,
1.17825,-0.0000296517,
1.1785,0.0009653365,
1.17875,0.0001893832,
1.179,-0.0081130723,
1.17925,-0.0098189116,
1.1795,-0.0176965687,
1.17975,-0.0210600756,
1.18,-0.0092532560,
1.18025,-0.0037463589,
1.1805,-0.0046337424,
1.18075,-0.0016705450,
1.181,0.0024278085,
1.18125,0.0023097710,
1.1815,-0.0122538479,
1.18175,-0.0169873107,
1.182,-0.0017970861,
1.18225,-0.0026212749,
1.1825,-0.0166579299,
1.18275,0.0051398943,
1.183,0.0167132430,
1.18325,0.0022685695,
1.1835,-0.0057263151,
1.18375,0.0088024400,
1.184,0.0077773114,
1.18425,-0.0143983290,
1.1845,-0.0171146207,
1.18475,0.0017811394,
1.185,-0.0039934837,
1.18525,-0.0309306942,
1.1855,-0.0128386915,
1.18575,0.0026826151,
1.186,-0.0159771424,
1.18625,-0.0204624031,
1.1865,0.0069181225,
1.18675,0.0109437574,
1.187,-0.0102220718,
1.18725,-0.0109842476,
1.1875,0.0085431580,
1.18775,-0.0010231190,
1.188,-0.0220805854,
1.18825,-0.0051101996,
1.1885,0.0053109601,
1.18875,-0.0039309561,
1.189,-0.0074744830,
1.18925,0.0100909229,
1.1895,0.0148614421,
1.18975,0.0021225561,
1.19,0.0044428124,
1.19025,0.0109923761,
1.1905,0.0059893448,
1.19075,-0.0015793776,
1.191,-0.0050461707,
1.19125,0.0006296556,
1.1915,-0.0028258269,
1.19175,-0.0001748339,
1.192,0.0039064675,
1.19225,0.0144212954,
1.1925,0.0065466966,
1.19275,0.0119878640,
1.193,0.0089115044,
1.19325,0.0070725572,
1.1935,0.0070321835,
1.19375,0.0030679828,
1.194,-0.0030999610,
1.19425,0.0051160287,
1.1945,0.0040820655,
1.19475,0.0106901191,
1.195,0.0101139210,
1.19525,0.0159034953,
1.1955,0.0225529969,
1.19575,0.0239457767,
1.196,0.0136129940,
1.19625,0.0110645732,
1.1965,0.0105678672,
1.19675,-0.0029923921,
1.197,-0.0098632546,
1.19725,0.0002011903,
1.1975,0.0149242105,
1.19775,0.0073555596,
1.198,0.0150364358,
1.19825,0.0305908713,
1.1985,0.0288009457,
1.19875,-0.0052676625,
1.199,0.0050668842,
1.19925,0.0033034668,
1.1995,-0.0196751095,
1.19975,-0.0237540081,
1.2,-0.0079285000,
1.20025,0.0017331442,
1.2005,0.0021422443,
1.20075,0.0164784677,
1.201,0.0255824085,
1.20125,0.0275508277,
1.2015,0.0064032017,
1.20175,0.0122985132,
1.202,-0.0036496976,
1.20225,-0.0205879807,
1.2025,-0.0358623341,
1.20275,-0.0288619660,
1.203,-0.0260217320,
1.20325,-0.0040435269,
1.2035,0.0033709176,
1.20375,0.0213422608,
1.204,0.0195691362,
1.20425,0.0127618760,
1.2045,-0.0045715305,
1.20475,-0.0167814288,
1.205,-0.0254283622,
1.20525,-0.0238443390,
1.2055,-0.0184472613,
1.20575,-0.0084448522,
1.206,0.0105964560,
1.20625,0.0100969151,
1.2065,0.0110622235,
1.20675,0.0050238450,
1.207,-0.0019290961,
1.20725,-0.0185188819,
1.2075,-0.0133283772,
1.20775,-0.0053899456,
1.208,0.0009542984,
1.20825,0.0021383229,
1.2085,0.0114213638,
1.20875,0.0187128894,
1.209,0.0072752633,
1.20925,-0.0020775141,
1.2095,0.0053341147,
1.20975,0.0084589152,
1.21,-0.0081683965,
1.21025,-0.0113637056,
1.2105,-0.0009486119,
1.21075,-0.0017941757,
1.211,-0.0103279520,
1.21125,-0.0128974952,
1.2115,-0.0034078732,
1.21175,0.0005469036,
1.212,-0.0086832717,
1.21225,-0.0036604502,
1.2125,0.0003443451,
1.21275,-0.0024337803,
1.213,-0.0074862707,
1.21325,-0.0097792959,
1.2135,-0.0002810195,
1.21375,-0.0007233378,
1.214,0.0140502723,
1.21425,0.0196192078,
1.2145,0.0189390015,
1.21475,0.0159369800,
1.215,0.0217162427,
1.21525,0.0121797808,
1.2155,-0.0000773451,
1.21575,0.0046943063,
1.216,0.0161729306,
1.21625,0.0059644673,
1.2165,0.0032400331,
1.21675,0.0201446153,
1.217,0.0225163028,
1.21725,-0.0000037066,
1.2175,0.0055673867,
1.21775,0.0168326292,
1.218,0.0027322769,
1.21825,-0.0044255275,
1.2185,0.0058201291,
1.21875,0.0191741828,
1.219,0.0006967621,
1.21925,-0.0073919999,
1.2195,0.0188436098,
1.21975,0.0168036930,
1.22,-0.0081263045,
1.22025,0.0029756897,
1.2205,0.0266908575,
1.22075,0.0131952493,
1.221,-0.0053531560,
1.22125,0.0099228891,
1.2215,0.0258741900,
1.22175,0.0056800237,
1.222,-0.0003659108,
1.22225,0.0206994470,
1.2225,0.0247763805,
1.22275,0.0069847628,
1.223,0.0051996401,
1.22325,0.0227872264,
1.2235,0.0133570740,
1.22375,0.0067256815,
1.224,0.0078809662,
1.22425,0.0072905105,
1.2245,0.0036317445,
1.22475,-0.0045234296,
1.225,0.0012092695,
1.22525,0.0084150843,
1.2255,0.0005803083,
1.22575,-0.0012956343,
1.226,0.0074380133,
1.22625,-0.0006108875,
1.2265,-0.0031879114,
1.22675,0.0019431342,
1.227,-0.0033388196,
1.22725,-0.0050991848,
1.2275,-0.0133282170,
1.22775,-0.0114995902,
1.228,-0.0075952699,
1.22825,-0.0064437967,
1.2285,-0.0018400587,
1.22875,-0.0004635467,
1.229,-0.0029233228,
1.22925,0.0040749805,
1.2295,0.0004218190,
1.22975,-0.0101970322,
1.23,-0.0183177218,
1.23025,-0.0160551500,
1.2305,-0.0061855395,
1.23075,-0.0100458395,
1.231,-0.0119808652,
1.23125,0.0034723203,
1.2315,0.0087454440,
1.23175,-0.0096701104,
1.232,-0.0086912122,
1.23225,-0.0032539400,
1.2325,-0.0129566677,
1.23275,-0.0302763395,
1.233,-0.0260079447,
1.23325,-0.0169779100,
1.2335,-0.0183786489,
1.23375,-0.0179925039,
1.234,0.0045234645,
1.23425,0.0080739874,
1.2345,0.0026047016,
1.23475,0.0018404033,
1.235,0.0025537214,
1.23525,-0.0128533244,
1.2355,-0.0353081226,
1.23575,-0.0331095606,
1.236,-0.0262213238,
1.23625,-0.0309858471,
1.2365,-0.0179927889,
1.23675,0.0036420813,
1.237,0.0036569384,
1.23725,-0.0060267565,
1.2375,-0.0016231379,
1.23775,0.0005260423,
1.238,-0.0100835375,
1.23825,-0.0198965687,
1.2385,-0.0125773521,
1.23875,-0.0132445535,
1.239,-0.0157755800,
1.23925,-0.0067428602,
1.2395,0.0102422098,
1.23975,0.0134781366,
1.24,0.0165548511,
1.24025,0.0043866350,
1.2405,0.0004180695,
1.24075,-0.0006573169,
1.241,-0.0046967380,
1.24125,-0.0101654511,
1.2415,0.0000906366,
1.24175,0.0034172093,
1.242,-0.0039040749,
1.24225,-0.0088934544,
1.2425,0.0006727033,
1.24275,0.0058036027,
1.243,-0.0017286936,
1.24325,-0.0141521189,
1.2435,-0.0011890494,
1.24375,0.0046784300,
1.244,-0.0022997162,
1.24425,-0.0018590329,
1.2445,0.0153260957,
1.24475,0.0152680594,
1.245,0.0003130795,
1.24525,-0.0056371628,
1.2455,0.0098988367,
1.24575,0.0055861715,
1.246,-0.0078565534,
1.24625,-0.0028310714,
1.2465,0.0047213100,
1.24675,0.0001238861,
1.247,-0.0043026106,
1.24725,0.0007401631,
1.2475,0.0112415766,
1.24775,0.0041907420,
1.248,0.0027518114,
1.24825,-0.0017665968,
1.2485,-0.0037345944,
1.24875,-0.0024744703,
1.249,-0.0042958129,
1.24925,0.0068625296,
1.2495,-0.0021792022,
1.24975,0.0030147792,
1.25,0.0134831704,
1.25025,0.0130368723,
1.2505,0.0000392101,
1.25075,0.0117820054,
1.251,0.0159404762,
1.25125,-0.0025992768,
1.2515,-0.0000079657,
1.25175,0.0076891687,
1.252,0.0036212371,
1.25225,-0.0102223968,
1.2525,-0.0060187043,
1.25275,0.0072149811,
1.253,-0.0048132655,
1.25325,-0.0216098763,
1.2535,-0.0004365298,
1.25375,0.0023150209,
1.254,-0.0204325635,
1.25425,-0.0231915917,
1.2545,0.0006304687,
1.25475,-0.0055418285,
1.255,-0.0263153724,
1.25525,-0.0103309015,
1.2555,0.0057881624,
1.25575,-0.0102330707,
1.256,-0.0224546064,
1.25625,-0.0000647125,
1.2565,0.0138432886,
1.25675,-0.0078638820,
1.257,-0.0056434004,
1.25725,0.0147700859,
1.2575,0.0064008054,
1.25775,-0.0119845159,
1.258,-0.0031446456,
1.25825,0.0053408267,
1.2585,-0.0053442460,
1.25875,-0.0179985519,
1.259,-0.0100035295,
1.25925,0.0034315700,
1.2595,-0.0197667275,
1.25975,-0.0186687540,
1.26,-0.0038662085,
1.26025,-0.0095345015,
1.2605,-0.0228235126,
1.26075,-0.0141975088,
1.261,-0.0084656114,
1.26125,-0.0083036330,
1.2615,-0.0116270883,
1.26175,-0.0017004497,
1.262,0.0053792233,
1.26225,-0.0069429330,
1.2625,-0.0030748970,
1.26275,0.0021637178,
1.263,-0.0072864480,
1.26325,-0.0068904543,
1.2635,-0.0072899852,
1.26375,-0.0033137787,
1.264,-0.0047474611,
1.26425,-0.0021706528,
1.2645,0.0063732695,
1.26475,0.0107419733,
1.265,0.0028023198,
1.26525,0.0060401680,
1.2655,0.0067617828,
1.26575,-0.0033463365,
1.266,-0.0122207599,
1.26625,-0.0102087287,
1.2665,-0.0045213979,
1.26675,-0.0086267870,
1.267,-0.0036068494,
1.26725,0.0127079850,
1.2675,0.0136808222,
1.26775,0.0072221453,
1.268,0.0140014663,
1.26825,0.0071851928,
1.2685,0.0045997971,
1.26875,-0.0116613498,
1.269,-0.0125747677,
1.26925,-0.0134540889,
1.2695,-0.0226971898,
1.26975,-0.0176006537,
1.27,0.0029842206,
1.27025,0.0062657916,
1.2705,0.0065831728,
1.27075,0.0247666817,
1.271,0.0169730168,
1.27125,0.0117971320,
1.2715,0.0005170329,
1.27175,-0.0002117704,
1.272,-0.0118320771,
1.27225,-0.0183209442,
1.2725,-0.0091363499,
1.27275,0.0102258641,
1.273,0.0064753164,
1.27325,0.0099939462,
1.2735,0.0090714954,
1.27375,0.0007300898,
1.274,-0.0114756459,
1.27425,-0.0144961011,
1.2745,-0.0130627472,
1.27475,-0.0026408285,
1.275,0.0043167649,
1.27525,-0.0003168112,
1.2755,0.0090582035,
1.27575,0.0081429435,
1.276,0.0021658365,
1.27625,-0.0034460779,
1.2765,0.0026484483,
1.27675,0.0154878814,
1.277,0.0150629506,
1.27725,0.0051408792,
1.2775,0.0131256115,
1.27775,0.0246286020,
1.278,0.0034254466,
1.27825,-0.0007395487,
1.2785,0.0064839842,
1.27875,0.0164036881,
1.279,0.0039220136,
1.27925,-0.0040080254,
1.2795,0.0092711402,
1.27975,0.0082748123,
1.28,-0.0122085772,
1.28025,-0.0115130758,
1.2805,0.0014699482,
1.28075,0.0051029343,
1.281,0.0044742781,
1.28125,0.0045063389,
1.2815,0.0120747332,
1.28175,0.0100124627,
1.282,-0.0071076215,
1.28225,-0.0013834179,
1.2825,0.0032321000,
1.28275,0.0085530793,
1.283,0.0118969055,
1.28325,0.0224290378,
1.2835,0.0263363346,
1.28375,0.0253569335,
1.284,0.0175662972,
1.28425,0.0119033409,
1.2845,0.0037436201,
1.28475,-0.0018298556,
1.285,0.0106888553,
1.28525,0.0087110298,
1.2855,0.0115442779,
1.28575,0.0194497630,
1.286,0.0174208842,
1.28625,0.0068748132,
1.2865,0.0064205169,
1.28675,0.0085198376,
1.287,0.0058534830,
1.28725,-0.0051316689,
1.2875,-0.0034439825,
1.28775,0.0090411380,
1.288,-0.0051301215,
1.28825,-0.0116056800,
1.2885,0.0094663370,
1.28875,0.0120332129,
1.289,-0.0049866000,
1.28925,0.0002723745,
1.2895,0.0162975229,
1.28975,0.0115121240,
1.29,-0.0130501688,
1.29025,0.0005898336,
1.2905,0.0176184438,
1.29075,-0.0097239446,
1.291,-0.0185703561,
1.29125,0.0065638628,
1.2915,0.0072263079,
1.29175,-0.0128906425,
1.292,-0.0089452006,
1.29225,0.0097612832,
1.2925,0.0075680339,
1.29275,-0.0134011433,
1.293,-0.0082908506,
1.29325,0.0164778940,
1.2935,-0.0067685572,
1.29375,-0.0210318621,
1.294,-0.0082749063,
1.29425,-0.0047558914,
1.2945,-0.0239248667,
1.29475,-0.0231806897,
1.295,-0.0071646664,
1.29525,0.0013771000,
1.2955,-0.0109495316,
1.29575,-0.0081258155,
1.296,0.0071339174,
1.29625,-0.0049638348,
1.2965,-0.0129527990,
1.29675,-0.0101806233,
1.297,-0.0093268249,
1.29725,-0.0080783581,
1.2975,-0.0095285242,
1.29775,-0.0011077166,
1.298,0.0090373699,
1.29825,0.0093916180,
1.2985,0.0075559015,
1.29875,0.0076575149,
1.299,0.0038135620,
1.29925,-0.0008725235,
1.2995,-0.0068278592,
1.29975,-0.0066856369,
1.3,-0.0096460488,
1.30025,0.0001501597,
1.3005,0.0048895995,
1.30075,0.0077309329,
1.301,0.0094586648,
1.30125,0.0252586678,
1.3015,0.0155322161,
1.30175,0.0058676712,
1.302,0.0013147392,
1.30225,-0.0008440161,
1.3025,-0.0090342220,
1.30275,-0.0135546308,
1.303,-0.0023251092,
1.30325,0.0184805617,
1.3035,0.0124498960,
1.30375,0.0126758814,
1.304,0.0190796778,
1.30425,0.0172375105,
1.3045,-0.0004418246,
1.30475,-0.0069067078,
1.305,-0.0002993641,
1.30525,-0.0031010811,
1.3055,-0.0084360195,
1.30575,0.0043383911,
1.306,0.0232395325,
1.30625,0.0169501435,
1.3065,0.0146532720,
1.30675,0.0157163888,
1.307,0.0068564718,
1.30725,-0.0068082800,
1.3075,-0.0018148320,
1.30775,0.0056116069,
1.308,0.0095583117,
1.30825,0.0087607773,
1.3085,0.0128997620,
1.30875,0.0183477644,
1.309,0.0059969518,
1.30925,-0.0006491286,
1.3095,0.0008791798,
1.30975,0.0056362501,
1.31,-0.0093315160,
1.31025,-0.0075319819,
1.3105,-0.0044556335,
1.31075,0.0040602391,
1.311,-0.0005977211,
1.31125,-0.0100854300,
1.3115,-0.0039004663,
1.31175,0.0015904612,
1.312,-0.0123189064,
1.31225,-0.0233431645,
1.3125,-0.0138910264,
1.31275,-0.0034946913,
1.313,-0.0201531239,
1.31325,-0.0281513147,
1.3135,-0.0076912297,
1.31375,0.0037603914,
1.314,-0.0131714176,
1.31425,-0.0115383919,
1.3145,-0.0017076556,
1.31475,-0.0014538174,
1.315,-0.0214180555,
1.31525,-0.0243142769,
1.3155,-0.0087449504,
1.31575,-0.0078032371,
1.316,-0.0163958315,
1.31625,-0.0124074137,
1.3165,-0.0026771324,
1.31675,-0.0001908980,
1.317,-0.0139099881,
1.31725,-0.0081053404,
1.3175,-0.0037813678,
1.31775,-0.0106858695,
1.318,-0.0195013471,
1.31825,-0.0134036485,
1.3185,-0.0166433472,
1.31875,-0.0092726555,
1.319,-0.0071788253,
1.31925,-0.0017368492,
1.3195,-0.0071318252,
1.31975,-0.0013200413,
1.32,-0.0129251936,
1.32025,-0.0054928283,
1.3205,-0.0131855616,
1.32075,-0.0049687186,
1.321,-0.0073693683,
1.32125,-0.0190394204,
1.3215,-0.0083276192,
1.32175,-0.0023192768,
1.322,-0.0036332405,
1.32225,-0.0120555498,
1.3225,0.0148549695,
1.32275,0.0105972970,
1.323,-0.0005184530,
1.32325,-0.0019936918,
1.3235,0.0187247265,
1.32375,0.0118108038,
1.324,-0.0091533335,
1.32425,0.0036375199,
1.3245,0.0167080220,
1.32475,0.0028007163,
1.325,-0.0120456507,
1.32525,0.0163032431,
1.3255,0.0258545224,
1.32575,0.0086445808,
1.326,0.0083815781,
1.32625,0.0228255019,
1.3265,0.0291235745,
1.32675,-0.0012003738,
1.327,0.0044962438,
1.32725,0.0189652275,
1.3275,0.0004848042,
1.32775,-0.0189932641,
1.328,-0.0031559234,
1.32825,0.0113907270,
1.3285,0.0018839409,
1.32875,0.0011822281,
1.329,0.0246832035,
1.32925,0.0339715593,
1.3295,0.0051160417,
1.32975,0.0046263151,
1.33,0.0102076940,
1.33025,0.0028525698,
1.3305,-0.0173792634,
1.33075,-0.0085022887,
1.331,0.0088345082,
1.33125,0.0149546759,
1.3315,0.0024586301,
1.33175,0.0117736822,
1.332,0.0163394809,
1.33225,0.0022864644,
1.3325,-0.0162734855,
1.33275,-0.0053400323,
1.333,-0.0011147866,
1.33325,-0.0089815203,
1.3335,-0.0077472553,
1.33375,0.0018038136,
1.334,0.0077032926,
1.33425,0.0010839363,
1.3345,0.0038548964,
1.33475,0.0077161742,
1.335,0.0040576067,
1.33525,-0.0032533803,
1.3355,-0.0090309847,
1.33575,-0.0140985427,
1.336,-0.0196340382,
1.33625,-0.0205938797,
1.3365,-0.0180389918,
1.33675,-0.0165944658,
1.337,-0.0082339821,
1.33725,0.0028819845,
1.3375,0.0039202515,
1.33775,0.0001959508,
1.338,0.0024899556,
1.33825,-0.0116017833,
1.3385,-0.0253755748,
1.33875,-0.0257564150,
1.339,-0.0164495111,
1.33925,-0.0095368028,
1.3395,0.0016369827,
1.33975,0.0138909640,
1.34,0.0177726019,
1.34025,0.0086205816,
1.3405,0.0096230507,
1.34075,0.0080782725,
1.341,-0.0042506629,
1.34125,-0.0140161421,
1.3415,-0.0049116109,
1.34175,-0.0033877799,
1.342,-0.0038579032,
1.34225,-0.0017850398,
1.3425,0.0132097472,
1.34275,0.0100629879,
1.343,-0.0020974891,
1.34325,-0.0139947515,
1.3435,-0.0037447293,
1.34375,-0.0105920304,
1.344,-0.0151724629,
1.34425,-0.0134767257,
1.3445,0.0048986594,
1.34475,0.0077928901,
1.345,-0.0030822775,
1.34525,-0.0069674053,
1.3455,0.0074472977,
1.34575,0.0091809072,
1.346,-0.0135531705,
1.34625,-0.0093367947,
1.3465,0.0115774386,
1.34675,0.0098400759,
1.347,-0.0097924098,
1.34725,0.0093254391,
1.3475,0.0280485228,
1.34775,0.0167955793,
1.348,0.0050501064,
1.34825,0.0176097155,
1.3485,0.0221903399,
1.34875,-0.0084381746,
1.349,-0.0076170377,
1.34925,0.0058732503,
1.3495,0.0067422003,
1.34975,-0.0004575529,
1.35,0.0005388127,
1.35025,0.0115071246,
1.3505,0.0170698687,
1.35075,0.0033978119,
1.351,-0.0011936068,
1.35125,0.0028682933,
1.3515,-0.0061608786,
1.35175,-0.0055265683,
1.352,0.0018734036,
1.35225,0.0055713570,
1.3525,0.0088198651,
1.35275,0.0106476052,
1.353,0.0072093746,
1.35325,0.0070312591,
1.3535,0.0002905464,
1.35375,0.0004405905,
1.354,-0.0011570863,
1.35425,-0.0057653901,
1.3545,0.0038269523,
1.35475,0.0036184350,
1.355,0.0023324953,
1.35525,0.0066340445,
1.3555,0.0161036402,
1.35575,0.0127481241,
1.356,0.0061743432,
1.35625,0.0112051796,
1.3565,0.0240705516,
1.35675,0.0131423790,
1.357,-0.0011143902,
1.35725,0.0164013952,
1.3575,0.0212063938,
1.35775,-0.0037740897,
1.358,-0.0036455623,
1.35825,0.0186247081,
1.3585,0.0110769970,
1.35875,-0.0053813439,
1.359,0.0076513793,
1.35925,0.0206827857,
1.3595,0.0077853627,
1.35975,-0.0078652157,
1.36,0.0091469176,
1.36025,0.0216353852,
1.3605,-0.0063024918,
1.36075,-0.0113728000,
1.361,0.0103690391,
1.36125,0.0141859315,
1.3615,-0.0113885459,
1.36175,0.0009023412,
1.362,0.0252963435,
1.36225,0.0210121050,
1.3625,0.0000558777,
1.36275,0.0130871404,
1.363,0.0185114276,
1.36325,0.0100003891,
1.3635,-0.0208023675,
1.36375,0.0026902279,
1.364,0.0026773941,
1.36425,0.0032526632,
1.3645,-0.0035600821,
1.36475,0.0118370894,
1.365,0.0164793767,
1.36525,0.0192835219,
1.3655,0.0004948767,
1.36575,0.0044552395,
1.366,0.0115269898,
1.36625,-0.0158957224,
1.3665,-0.0126404678,
1.36675,-0.0116408207,
1.367,-0.0035114612,
1.36725,-0.0015356871,
1.3675,0.0099118352,
1.36775,0.0142472228,
1.368,0.0177967530,
1.36825,0.0056053209,
1.3685,0.0006582729,
1.36875,-0.0051841969,
1.369,-0.0250333939,
1.36925,-0.0241898075,
1.3695,-0.0219954886,
1.36975,-0.0221727602,
1.37,-0.0150659196,
1.37025,0.0015276839,
1.3705,0.0114239855,
1.37075,0.0180463865,
1.371,0.0115664974,
1.37125,0.0091078151,
1.3715,-0.0061335862,
1.37175,-0.0231054462,
1.372,-0.0336358286,
1.37225,-0.0400369912,
1.3725,-0.0374959521,
1.37275,-0.0219085291,
1.373,-0.0109014763,
1.37325,0.0034273567,
1.3735,0.0211163908,
1.37375,0.0195382759,
1.374,0.0075274874,
1.37425,-0.0069114938,
1.3745,-0.0147640891,
1.37475,-0.0238169618,
1.375,-0.0285449587,
1.37525,-0.0097044464,
1.3755,0.0043434957,
1.37575,0.0093443412,
1.376,0.0031103056,
1.37625,0.0053995340,
1.3765,-0.0017905547,
1.37675,-0.0169372894,
1.377,-0.0263987593,
1.37725,-0.0071785077,
1.3775,-0.0086988825,
1.37775,-0.0119600147,
1.378,-0.0112205688,
1.37825,-0.0023429585,
1.3785,-0.0046671885,
1.37875,-0.0106709972,
1.379,-0.0171291679,
1.37925,-0.0040119053,
1.3795,-0.0012250163,
1.37975,-0.0171474572,
1.38,-0.0154621350,
1.38025,0.0023364208,
1.3805,0.0105462084,
1.38075,-0.0103131961,
1.381,-0.0034337163,
1.38125,0.0176279768,
1.3815,0.0212629214,
1.38175,-0.0078144073,
1.382,0.0024499700,
1.38225,0.0141325966,
1.3825,-0.0015265611,
1.38275,-0.0221409295,
1.383,-0.0048300810,
1.38325,0.0133410320,
1.3835,0.0167750549,
1.38375,0.0169906747,
1.384,0.0249105059,
1.38425,0.0270882640,
1.3845,0.0038007419,
1.38475,-0.0053519937,
1.385,0.0018154024,
1.38525,-0.0045554489,
1.3855,0.0063367467,
1.38575,0.0144223552,
1.386,0.0188008714,
1.38625,0.0175662972,
1.3865,0.0184738133,
1.38675,0.0133374045,
1.387,0.0049039680,
1.38725,-0.0082255965,
1.3875,-0.0019352175,
1.38775,-0.0012636287,
1.388,-0.0079867421,
1.38825,0.0005534153,
1.3885,0.0073331594,
1.38875,0.0035682302,
1.389,0.0040484378,
1.38925,0.0024557032,
1.3895,0.0131362882,
1.38975,0.0081605818,
1.39,-0.0021380801,
1.39025,0.0093376078,
1.3905,0.0055631665,
1.39075,-0.0116341822,
1.391,-0.0094888564,
1.39125,0.0054383599,
1.3915,-0.0007468550,
1.39175,-0.0062369164,
1.392,0.0097818486,
1.39225,0.0191768650,
1.3925,0.0031411173,
1.39275,-0.0076562068,
1.393,0.0175745301,
1.39325,0.0058088209,
1.3935,-0.0182110406,
1.39375,-0.0193932280,
1.394,0.0009468492,
1.39425,-0.0169229507,
1.3945,-0.0333101228,
1.39475,-0.0230246186,
1.395,0.0062269014,
1.39525,-0.0198223889,
1.3955,-0.0219393875,
1.39575,-0.0018491218,
1.396,0.0032962614,
1.39625,-0.0285684112,
1.3965,-0.0268285647,
1.39675,-0.0130931670,
1.397,-0.0203846749,
1.39725,-0.0327573642,
1.3975,-0.0062235636,
1.39775,0.0112784412,
1.398,0.0079609798,
1.39825,-0.0039009037,
1.3985,0.0052869502,
1.39875,-0.0024332523,
1.399,-0.0175840706,
1.39925,-0.0251113512,
1.3995,-0.0161696803,
1.39975,-0.0076404940,
1.4,-0.0129312910,
1.40025,-0.0079276729,
1.4005,0.0041571436,
1.40075,0.0065789786,
1.401,-0.0075263954,
1.40125,-0.0097883223,
1.4015,-0.0064593675,
1.40175,-0.0101723326,
1.402,-0.0141399708,
1.40225,-0.0157963503,
1.4025,-0.0071171531,
1.40275,-0.0074452693,
1.403,-0.0103765409,
1.40325,0.0033479538,
1.4035,0.0121292938,
1.40375,0.0155159999,
1.404,0.0148053318,
1.40425,0.0154063366,
1.4045,0.0085977325,
1.40475,-0.0083602918,
1.405,-0.0149577344,
1.40525,-0.0189306438,
1.4055,-0.0136688715,
1.40575,-0.0104736499,
1.406,0.0005226771,
1.40625,0.0057149203,
1.4065,0.0125459936,
1.40675,0.0117449602,
1.407,0.0070886258,
1.40725,0.0088887671,
1.4075,0.0031073347,
1.40775,-0.0113683930,
1.408,-0.0192215685,
1.40825,-0.0070741186,
1.4085,0.0011537978,
1.40875,-0.0018306854,
1.409,0.0091511514,
1.40925,0.0181640480,
1.4095,0.0119094830,
1.40975,0.0014645851,
1.41,-0.0007065163,
1.41025,0.0007187315,
1.4105,-0.0046992442,
1.41075,-0.0162993111,
1.411,-0.0028266627,
1.41125,0.0072118011,
1.4115,0.0061496124,
1.41175,0.0057328516,
1.412,0.0094468221,
1.41225,0.0081444886,
1.4125,0.0017847620,
1.41275,-0.0140233953,
1.413,-0.0178216118,
1.41325,-0.0013221798,
1.4135,0.0033965593,
1.41375,-0.0237822179,
1.414,-0.0044484502,
1.41425,0.0064395936,
1.4145,0.0107833222,
1.41475,-0.0167105962,
1.415,-0.0118398489,
1.41525,0.0113751171,
1.4155,-0.0051295995,
1.41575,-0.0297135692,
1.416,0.0028524124,
1.41625,0.0137433596,
1.4165,0.0036653918,
1.41675,-0.0008683869,
1.417,0.0204506814,
1.41725,0.0182127059,
1.4175,-0.0013342388,
1.41775,-0.0053507080,
1.418,0.0188614633,
1.41825,0.0044458592,
1.4185,-0.0285515226,
1.41875,0.0051122699,
1.419,0.0192971397,
1.41925,0.0074273963,
1.4195,0.0057014213,
1.41975,0.0206246208,
1.42,0.0219785534,
1.42025,-0.0009858329,
1.4205,-0.0047182096,
1.42075,0.0148730427,
1.421,0.0001366901,
1.42125,-0.0130104972,
1.4215,0.0032623603,
1.42175,0.0110712452,
1.422,0.0041563618,
1.42225,0.0055851559,
1.4225,0.0147513635,
1.42275,0.0145638259,
1.423,-0.0044146152,
1.42325,-0.0076059899,
1.4235,0.0044310051,
1.42375,-0.0089711202,
1.424,-0.0167533308,
1.42425,-0.0038244154,
1.4245,0.0094729234,
1.42475,0.0002445421,
1.425,-0.0019662504,
1.42525,0.0090695340,
1.4255,0.0030262531,
1.42575,-0.0096632177,
1.426,-0.0010742875,
1.42625,0.0114676524,
1.4265,-0.0021005217,
1.42675,-0.0011638952,
1.427,0.0186786316,
1.42725,0.0131363533,
1.4275,0.0021442992,
1.42775,0.0002628454,
1.428,0.0139225759,
1.42825,0.0061900606,
1.4285,-0.0105526680,
1.42875,0.0071257949,
1.429,0.0190263409,
1.42925,-0.0072008241,
1.4295,-0.0166970473,
1.42975,0.0052752970,
1.43,0.0009048603,
1.43025,-0.0144456327,
1.4305,-0.0045001139,
1.43075,0.0194422361,
1.431,0.0133819981,
1.43125,-0.0053133718,
1.4315,0.0040136077,
1.43175,0.0139831193,
1.432,-0.0104233176,
1.43225,-0.0153797781,
1.4325,-0.0000456800,
1.43275,0.0049630511,
1.433,-0.0025180678,
1.43325,-0.0023062890,
1.4335,0.0078756381,
1.43375,0.0112734474,
1.434,-0.0062790723,
1.43425,-0.0027854487,
1.4345,0.0116224624,
1.43475,0.0039932569,
1.435,-0.0042850925,
1.43525,0.0016365659,
1.4355,0.0008953101,
1.43575,-0.0025740613,
1.436,-0.0095567433,
1.43625,-0.0009326506,
1.4365,0.0114140091,
1.43675,0.0095459484,
1.437,0.0111950301,
1.43725,0.0213377904,
1.4375,0.0095358472,
1.43775,0.0000381409,
1.438,-0.0034292720,
1.43825,-0.0089521175,
1.4385,-0.0201364700,
1.43875,-0.0258036852,
1.439,-0.0115466397,
1.43925,-0.0002308633,
1.4395,-0.0007436778,
1.43975,0.0061249593,
1.44,0.0267242044,
1.44025,0.0162416007,
1.4405,0.0056388923,
1.44075,0.0035824135,
1.441,0.0005338408,
1.44125,-0.0130929872,
1.4415,-0.0128939766,
1.44175,-0.0075987214,
1.442,0.0018719407,
1.44225,0.0062873336,
1.4425,0.0111413291,
1.44275,0.0157950185,
1.443,0.0028089327,
1.44325,-0.0010546198,
1.4435,-0.0151472595,
1.44375,-0.0150453625,
1.444,-0.0225877557,
1.44425,-0.0053846985,
1.4445,-0.0099855848,
1.44475,-0.0001410200,
1.445,-0.0037913697,
1.44525,0.0013057338,
1.4455,-0.0046133883,
1.44575,-0.0129836909,
1.446,-0.0116720852,
1.44625,-0.0154554565,
1.4465,-0.0060457499,
1.44675,-0.0070218481,
1.447,-0.0036487710,
1.44725,-0.0036791451,
1.4475,0.0078232409,
1.44775,-0.0003051071,
1.448,-0.0044657905,
1.44825,0.0032282877,
1.4485,0.0067852056,
1.44875,-0.0082991067,
1.449,-0.0195404850,
1.44925,-0.0061824364,
1.4495,-0.0002059746,
1.44975,-0.0181586035,
1.45,-0.0043009846,
1.45025,0.0143255284,
1.4505,0.0054235286,
1.45075,-0.0177144706,
1.451,-0.0122530740,
1.45125,-0.0022575308,
1.4515,-0.0159820560,
1.45175,-0.0318655893,
1.452,-0.0064180354,
1.45225,0.0082413368,
1.4525,-0.0081928037,
1.45275,0.0043216804,
1.453,0.0244733784,
1.45325,0.0107262358,
1.4535,-0.0129393721,
1.45375,-0.0061549349,
1.454,-0.0007299775,
1.45425,-0.0167441200,
1.4545,-0.0260005929,
1.45475,0.0067463862,
1.455,0.0087031666,
1.45525,-0.0074082171,
1.4555,0.0023857383,
1.45575,0.0163353309,
1.456,0.0056204437,
1.45625,-0.0101927556,
1.4565,-0.0031838729,
1.45675,0.0052166693,
1.457,-0.0095294528,
1.45725,-0.0200462565,
1.4575,-0.0000359612,
1.45775,0.0082766972,
1.458,-0.0017644175,
1.45825,0.0004430154,
1.4585,0.0148600806,
1.45875,0.0161911137,
1.459,0.0009134877,
1.45925,0.0036385199,
1.4595,0.0083448440,
1.45975,-0.0046883002,
1.46,-0.0102057345,
1.46025,0.0016427829,
1.4605,0.0028238348,
1.46075,0.0027085464,
1.461,0.0073154639,
1.46125,0.0093532419,
1.4615,0.0036287678,
1.46175,-0.0058818958,
1.462,0.0013009477,
1.46225,-0.0006175775,
1.4625,-0.0133287860,
1.46275,-0.0137888193,
1.463,0.0026079293,
1.46325,-0.0078522507,
1.4635,-0.0165272392,
1.46375,-0.0087538557,
1.464,0.0012836559,
1.46425,-0.0072338390,
1.4645,-0.0153148249,
1.46475,0.0042860769,
1.465,0.0113248834,
1.46525,-0.0081140259,
1.4655,-0.0110089369,
1.46575,0.0085532488,
1.466,-0.0060547804,
1.46625,-0.0153569356,
1.4665,-0.0080526443,
1.46675,0.0065424526,
1.467,0.0048593171,
1.46725,-0.0074449298,
1.4675,0.0001360385,
1.46775,0.0102850869,
1.468,-0.0040067434,
1.46825,-0.0154439872,
1.4685,-0.0024353014,
1.46875,-0.0086679114,
1.469,-0.0189568996,
1.46925,-0.0203320179,
1.4695,-0.0126550766,
1.46975,-0.0085652284,
1.47,-0.0098654553,
1.47025,-0.0015630176,
1.4705,0.0054976670,
1.47075,-0.0038000559,
1.471,-0.0046771807,
1.47125,-0.0003902030,
1.4715,-0.0078058643,
1.47175,-0.0136100035,
1.472,-0.0205066502,
1.47225,-0.0103462879,
1.4725,-0.0018824545,
1.47275,-0.0039705909,
1.473,0.0152687021,
1.47325,0.0291442461,
1.4735,0.0223891810,
1.47375,0.0058499947,
1.474,0.0049051419,
1.47425,-0.0053688097,
1.4745,-0.0199943613,
1.47475,-0.0311590470,
1.475,-0.0055206376,
1.47525,0.0031127955,
1.4755,0.0121073099,
1.47575,0.0160316676,
1.476,0.0275108851,
1.47625,0.0225792862,
1.4765,0.0049215648,
1.47675,-0.0112797208,
1.477,-0.0072322045,
1.47725,-0.0135036875,
1.4775,-0.0150348376,
1.47775,0.0004058724,
1.478,0.0095598018,
1.47825,0.0144424159,
1.4785,0.0031859409,
1.47875,0.0082916869,
1.479,-0.0015115592,
1.47925,-0.0120596020,
1.4795,-0.0152387898,
1.47975,-0.0040336410,
1.48,-0.0098305866,
1.48025,-0.0034454397,
1.4805,0.0093671903,
1.48075,0.0133889820,
1.481,0.0037022708,
1.48125,0.0094563747,
1.4815,0.0054982747,
1.48175,0.0096398601,
1.482,-0.0132399742,
1.48225,-0.0121871959,
1.4825,-0.0000640920,
1.48275,0.0001782621,
1.483,-0.0081715286,
1.48325,0.0128642572,
1.4835,0.0185665078,
1.48375,-0.0009390631,
1.484,-0.0010705058,
1.48425,0.0081766937,
1.4845,0.0033420513,
1.48475,-0.0192385018,
1.485,-0.0133651355,
1.48525,0.0027630520,
1.4855,-0.0022545173,
1.48575,-0.0091092288,
1.486,0.0144574838,
1.48625,0.0258059241,
1.4865,0.0007957071,
1.48675,-0.0067494800,
1.487,0.0078735556,
1.48725,0.0068117194,
1.4875,-0.0133990226,
1.48775,-0.0114320759,
1.488,0.0162485279,
1.48825,0.0042588441,
1.4885,-0.0092522306,
1.48875,0.0139864627,
1.489,0.0285678152,
1.48925,0.0093250666,
1.4895,0.0038621298,
1.48975,0.0171164200,
1.49,0.0162820071,
1.49025,-0.0041053402,
1.4905,-0.0021629767,
1.49075,0.0214153156,
1.491,0.0116828363,
1.49125,-0.0025157214,
1.4915,0.0123390649,
1.49175,0.0259561650,
1.492,0.0099816779,
1.49225,0.0061501730,
1.4925,0.0108631309,
1.49275,0.0207970329,
1.493,-0.0011186285,
1.49325,-0.0022127295,
1.4935,0.0135971839,
1.49375,0.0024134992,
1.494,-0.0044942312,
1.49425,-0.0016114176,
1.4945,0.0027237481,
1.49475,-0.0000637271,
1.495,0.0045952084,
1.49525,0.0139309969,
1.4955,0.0134970164,
1.49575,0.0115441997,
1.496,0.0142800398,
1.49625,0.0158503260,
1.4965,0.0039828736,
1.49675,0.0060353959,
1.497,0.0075277537,
1.49725,0.0047021732,
1.4975,0.0048707919,
1.49775,0.0104971603,
1.498,0.0214622244,
1.49825,0.0184248611,
1.4985,0.0086012054,
1.49875,0.0220538005,
1.499,0.0227709096,
1.49925,0.0040540397,
1.4995,0.0048582545,
1.49975,0.0135759767,
1.5,0.0056007155,
1.50025,-0.0055100583,
1.5005,0.0001672449,
1.50075,0.0075921505,
1.501,0.0039224131,
1.50125,-0.0098437862,
1.5015,0.0007149018,
1.50175,0.0053913477,
1.502,-0.0119974222,
1.50225,-0.0182524528,
1.5025,-0.0009419301,
1.50275,0.0006532102,
1.503,-0.0083143767,
1.50325,-0.0053820144,
1.5035,0.0099118967,
1.50375,0.0049872808,
1.504,-0.0056844521,
1.50425,0.0042443387,
1.5045,0.0111313630,
1.50475,-0.0033948894,
1.505,-0.0138844652,
1.50525,-0.0145290690,
1.5055,-0.0106496131,
1.50575,-0.0176026504,
1.506,-0.0150138801,
1.50625,0.0007584153,
1.5065,0.0130387880,
1.50675,0.0087304581,
1.507,0.0053750472,
1.50725,0.0110139027,
1.5075,-0.0029921287,
1.50775,-0.0281823948,
1.508,-0.0276205577,
1.50825,-0.0197347514,
1.5085,-0.0230054669,
1.50875,-0.0237573702,
1.509,-0.0041089705,
1.50925,0.0066314721,
1.5095,0.0013162923,
1.50975,-0.0045585521,
1.51,0.0027609526,
1.51025,-0.0017019371,
1.5105,-0.0233907364,
1.51075,-0.0239634961,
1.511,-0.0077873943,
1.51125,-0.0128392186,
1.5115,-0.0086382004,
1.51175,0.0064768693,
1.512,0.0224148147,
1.51225,0.0116966991,
1.5125,-0.0014565340,
1.51275,0.0072772447,
1.513,0.0041956133,
1.51325,-0.0110213142,
1.5135,-0.0202941187,
1.51375,-0.0009575803,
1.514,-0.0001408483,
1.51425,0.0051759370,
1.5145,0.0084690247,
1.51475,0.0280366819,
1.515,0.0210772455,
1.51525,0.0033193212,
1.5155,-0.0028011207,
1.51575,0.0083423220,
1.516,-0.0012562899,
1.51625,0.0022068699,
1.5165,0.0158691965,
1.51675,0.0206948351,
1.517,0.0206829701,
1.51725,0.0203623697,
1.5175,0.0192540102,
1.51775,0.0074600433,
1.518,0.0035177339,
1.51825,0.0098818280,
1.5185,0.0057421634,
1.51875,-0.0025020102,
1.519,0.0085309809,
1.51925,0.0231091566,
1.5195,0.0032489067,
1.51975,-0.0037028082,
1.52,0.0111935735,
1.52025,0.0102452692,
1.5205,-0.0127955703,
1.52075,-0.0123720979,
1.521,0.0097564990,
1.52125,0.0031884951,
1.5215,-0.0208860841,
1.52175,-0.0009623318,
1.522,0.0168980062,
1.52225,-0.0035653394,
1.5225,-0.0096428189,
1.52275,0.0154611673,
1.523,0.0145375226,
1.52325,-0.0079773720,
1.5235,-0.0075615845,
1.52375,0.0145054515,
1.524,-0.0000125529,
1.52425,-0.0191727225,
1.5245,-0.0048130816,
1.52475,0.0108365528,
1.525,-0.0060919477,
1.52525,-0.0132381115,
1.5255,0.0013659904,
1.52575,0.0066534639,
1.526,-0.0130152004,
1.52625,-0.0263690557,
1.5265,-0.0044361535,
1.52675,-0.0078211688,
1.527,-0.0246245489,
1.52725,-0.0184307583,
1.5275,-0.0098300781,
1.52775,-0.0129676089,
1.528,-0.0133246817,
1.52825,-0.0140713640,
1.5285,-0.0070760828,
1.52875,-0.0124596581,
1.529,-0.0113780405,
1.52925,-0.0037983048,
1.5295,-0.0068068686,
1.52975,-0.0103013581,
1.53,-0.0080758762,
1.53025,-0.0090752374,
1.5305,-0.0197966285,
1.53075,-0.0099289343,
1.531,-0.0034674385,
1.53125,-0.0032288898,
1.5315,-0.0067144861,
1.53175,0.0038175457,
1.532,0.0037695034,
1.53225,-0.0058809523,
1.5325,-0.0136224134,
1.53275,0.0005572306,
1.533,-0.0049870852,
1.53325,-0.0142466081,
1.5335,-0.0040090638,
1.53375,0.0030759980,
1.534,-0.0075299330,
1.53425,-0.0109983217,
1.5345,-0.0049934769,
1.53475,0.0066202153,
1.535,-0.0077075716,
1.53525,-0.0161310639,
1.5355,-0.0027708434,
1.53575,-0.0027797045,
1.536,-0.0189815760,
1.53625,-0.0093589742,
1.5365,0.0063033709,
1.53675,0.0048784870,
1.537,-0.0021297596,
1.53725,0.0066506909,
1.5375,0.0209932756,
1.53775,0.0110615008,
1.538,0.0004875342,
1.53825,0.0046780990,
1.5385,0.0004534079,
1.53875,-0.0100363148,
1.539,-0.0114168208,
1.53925,-0.0006891804,
1.5395,0.0092686750,
1.53975,0.0062227808,
1.54,0.0076807709,
1.54025,0.0194989331,
1.5405,0.0130025623,
1.54075,-0.0038345293,
1.541,-0.0074163177,
1.54125,-0.0002500264,
1.5415,-0.0139791034,
1.54175,-0.0212902315,
1.542,-0.0059009432,
1.54225,0.0076940199,
1.5425,0.0029163943,
1.54275,0.0042352057,
1.543,0.0224632416,
1.54325,0.0202944595,
1.5435,0.0017707424,
1.54375,-0.0109690968,
1.544,-0.0008342257,
1.54425,-0.0046150791,
1.5445,-0.0139646027,
1.54475,0.0011275469,
1.545,0.0181214623,
1.54525,0.0085979169,
1.5455,-0.0010555044,
1.54575,0.0047912435,
1.546,0.0048379581,
1.54625,-0.0168793537,
1.5465,-0.0223899838,
1.54675,-0.0022185328,
1.547,0.0049040024,
1.54725,-0.0090149986,
1.5475,-0.0034017432,
1.54775,0.0103319073,
1.548,-0.0020362625,
1.54825,-0.0174372252,
1.5485,-0.0105949361,
1.54875,0.0057915961,
1.549,-0.0100889988,
1.54925,-0.0082802987,
1.5495,-0.0069401436,
1.54975,0.0094839372,
1.55,0.0044820304,
1.55025,0.0009043477,
1.5505,0.0094465166,
1.55075,0.0109941289,
1.551,0.0036330535,
1.55125,0.0000389725,
1.5515,-0.0012952188,
1.55175,-0.0096616251,
1.552,-0.0087003354,
1.55225,-0.0063816360,
1.5525,-0.0041605760,
1.55275,-0.0080148820,
1.553,0.0098103415,
1.55325,0.0104928166,
1.5535,-0.0014886116,
1.55375,0.0023860666,
1.554,0.0115801673,
1.55425,-0.0080107115,
1.5545,-0.0223552324,
1.55475,-0.0031853551,
1.555,0.0138468659,
1.55525,0.0005788089,
1.5555,0.0003941771,
1.55575,0.0257697254,
1.556,0.0163462516,
1.55625,-0.0071710902,
1.5565,0.0023129173,
1.55675,0.0152323395,
1.557,-0.0105959838,
1.55725,-0.0143203940,
1.5575,0.0037290701,
1.55775,0.0077723297,
1.558,-0.0104879700,
1.55825,-0.0000360008,
1.5585,0.0190161988,
1.55875,0.0099002775,
1.559,-0.0090998393,
1.55925,0.0028829395,
1.5595,0.0164423268,
1.55975,-0.0044961963,
1.56,-0.0197712220,
1.56025,0.0002658675,
1.5605,0.0074052485,
1.56075,-0.0092317015,
1.561,-0.0016875118,
1.56125,0.0127889030,
1.5615,0.0198246893,
1.56175,0.0073449397,
1.562,0.0102206375,
1.56225,0.0197550282,
1.5625,0.0122850593,
1.56275,0.0032199705,
1.563,0.0020815001,
1.56325,0.0010062815,
1.5635,-0.0054947324,
1.56375,-0.0070725703,
1.564,-0.0040687555,
1.56425,-0.0022899495,
1.5645,0.0025411088,
1.56475,0.0069678877,
1.565,0.0118940286,
1.56525,0.0078742420,
1.5655,0.0042418493,
1.56575,0.0017830270,
1.566,-0.0097439792,
1.56625,-0.0166315287,
1.5665,-0.0121835936,
1.56675,-0.0039491560,
1.567,-0.0035001317,
1.56725,0.0098053748,
1.5675,0.0171104670,
1.56775,0.0199669693,
1.568,0.0107077686,
1.56825,0.0057822829,
1.5685,0.0058440543,
1.56875,-0.0001986574,
1.569,-0.0068897754,
1.56925,0.0054503521,
1.5695,0.0102439942,
1.56975,0.0057553356,
1.57,0.0068164854,
1.57025,0.0170056149,
1.5705,0.0191561002,
1.57075,0.0129379528,
1.571,0.0070286309,
1.57125,0.0136108892,
1.5715,-0.0014583766,
1.57175,-0.0099499626,
1.572,-0.0077610533,
1.57225,-0.0021606178,
1.5725,0.0015737514,
1.57275,0.0114367297,
1.573,0.0222484842,
1.57325,0.0316480510,
1.5735,0.0286422577,
1.57375,0.0256782677,
1.574,0.0188706499,
1.57425,0.0028028714,
1.5745,-0.0093770931,
1.57475,-0.0096882898,
1.575,0.0042369999,
1.57525,0.0059901951,
1.5755,0.0067464737,
1.57575,0.0164199639,
1.576,0.0282482337,
1.57625,0.0144913550,
1.5765,0.0074441694,
1.57675,0.0073371958,
1.577,0.0055901846,
1.57725,-0.0076308339,
1.5775,-0.0198593643,
1.57775,-0.0026645064,
1.578,0.0068029575,
1.57825,-0.0020162722,
1.5785,0.0081966091,
1.57875,0.0224725343,
1.579,0.0208921395,
1.57925,0.0039449562,
1.5795,0.0019202066,
1.57975,0.0079670679,
1.58,-0.0041008745,
1.58025,-0.0198150836,
1.5805,0.0012981110,
1.58075,0.0089374008,
1.581,0.0044189906,
1.58125,0.0054579126,
1.5815,0.0195138380,
1.58175,0.0088504832,
1.582,-0.0112277642,
1.58225,-0.0235635135,
1.5825,-0.0153331375,
1.58275,-0.0142672099,
1.583,-0.0192902703,
1.58325,-0.0068295896,
1.5835,0.0127780586,
1.58375,0.0052633467,
1.584,-0.0093962681,
1.58425,-0.0053191739,
1.5845,-0.0080866069,
1.58475,-0.0132755050,
1.585,-0.0155664161,
1.58525,-0.0132169090,
1.5855,-0.0066091209,
1.58575,-0.0047638533,
1.586,-0.0007267246,
1.58625,0.0022869292,
1.5865,0.0054902975,
1.58675,0.0038233541,
1.587,-0.0005091934,
1.58725,-0.0155235752,
1.5875,-0.0132214539,
1.58775,-0.0040322640,
1.588,-0.0076862630,
1.58825,-0.0223265383,
1.5885,-0.0115553578,
1.58875,0.0037852128,
1.589,-0.0051956465,
1.58925,-0.0162835363,
1.5895,0.0032900246,
1.58975,0.0118418280,
1.59,-0.0137259578,
1.59025,-0.0256165415,
1.5905,0.0018528327,
1.59075,-0.0044475258,
1.591,-0.0242937747,
1.59125,-0.0047907429,
1.5915,0.0141014904,
1.59175,0.0025210977,
1.592,-0.0097814668,
1.59225,0.0091092950,
1.5925,0.0172874257,
1.59275,-0.0043280316,
1.593,-0.0159304254,
1.59325,0.0119117089,
1.5935,0.0086819232,
1.59375,-0.0202762522,
1.594,-0.0019961072,
1.59425,0.0190370977,
1.5945,0.0029033129,
1.59475,-0.0035884175,
1.595,0.0087348055,
1.59525,0.0156939998,
1.5955,-0.0034734921,
1.59575,-0.0133600943,
1.596,0.0081093507,
1.59625,0.0004416237,
1.5965,-0.0142115727,
1.59675,-0.0053797243,
1.597,0.0024633391,
1.59725,-0.0056414614,
1.5975,-0.0036699462,
1.59775,0.0026447228,
1.598,0.0070858793,
1.59825,0.0075612473,
1.5985,0.0015037337,
1.59875,-0.0000081520,
1.599,-0.0068842522,
1.59925,-0.0116555803,
1.5995,-0.0095114931,
1.59975,-0.0030980492,
1.6,0.0016416678,
1.60025,0.0129798278,
1.6005,0.0155692305,
1.60075,0.0071978103,
1.601,0.0056977952,
1.60125,0.0079838270,
1.6015,-0.0041705887,
1.60175,-0.0098119257,
1.602,-0.0055652787,
1.60225,0.0047680759,
1.6025,-0.0020566902,
1.60275,-0.0059348578,
1.603,0.0012961152,
1.60325,0.0068809800,
1.6035,-0.0062063942,
1.60375,-0.0073462129,
1.604,-0.0019939893,
1.60425,0.0003620348,
1.6045,-0.0099841086,
1.60475,-0.0102990391,
1.605,-0.0028395609,
1.60525,-0.0029344694,
1.6055,-0.0112714171,
1.60575,0.0060179625,
1.606,0.0136646144,
1.60625,0.0060058380,
1.6065,0.0075773154,
1.60675,0.0132293664,
1.607,0.0055381088,
1.60725,-0.0071720225,
1.6075,-0.0096877916,
1.60775,-0.0065577724,
1.608,-0.0111483131,
1.60825,-0.0174006224,
1.6085,-0.0122207440,
1.60875,-0.0042307917,
1.609,-0.0022289925,
1.60925,0.0008388240,
1.6095,-0.0004050866,
1.60975,0.0008489742,
1.61,-0.0048344042,
1.61025,-0.0116150938,
1.6105,-0.0167160109,
1.61075,-0.0173494332,
1.611,-0.0131684905,
1.61125,-0.0131543642,
1.6115,-0.0113471514,
1.61175,0.0029551252,
1.612,0.0121326642,
1.61225,0.0012222071,
1.6125,-0.0015599899,
1.61275,-0.0014700553,
1.613,-0.0115231136,
1.61325,-0.0241627917,
1.6135,-0.0149800759,
1.61375,-0.0114812125,
1.614,-0.0050341319,
1.61425,-0.0121458517,
1.6145,-0.0013521309,
1.61475,0.0027180279,
1.615,-0.0118415048,
1.61525,-0.0097269230,
1.6155,-0.0036178923,
1.61575,-0.0045529343,
1.616,-0.0175994337,
1.61625,-0.0111635504,
1.6165,0.0029189999,
1.61675,0.0050335592,
1.617,-0.0102895293,
1.61725,0.0043372293,
1.6175,0.0117623815,
1.61775,-0.0042210296,
1.618,-0.0152752995,
1.61825,0.0026239734,
1.6185,0.0048711533,
1.61875,-0.0050179218,
1.619,-0.0025576239,
1.61925,0.0035072023,
1.6195,0.0127819106,
1.61975,0.0014186765,
1.62,0.0022548314,
1.62025,0.0005843964,
1.6205,-0.0126515869,
1.62075,-0.0113469008,
1.621,-0.0113597848,
1.62125,-0.0124017317,
1.6215,-0.0108189974,
1.62175,-0.0006692352,
1.622,-0.0029564588,
1.62225,-0.0012620300,
1.6225,-0.0016559928,
1.62275,0.0130507061,
1.623,0.0058575599,
1.62325,-0.0068064057,
1.6235,0.0040621706,
1.62375,0.0160255674,
1.624,0.0010889486,
1.62425,0.0031911812,
1.6245,0.0260440223,
1.62475,0.0196366049,
1.625,-0.0006677246,
1.62525,0.0073693078,
1.6255,0.0199534297,
1.62575,0.0030991435,
1.626,-0.0093894955,
1.62625,0.0035915300,
1.6265,0.0139533840,
1.62675,-0.0087746456,
1.627,-0.0209861901,
1.62725,0.0098938690,
1.6275,0.0093775019,
1.62775,-0.0138598634,
1.628,-0.0067122052,
1.62825,0.0221983567,
1.6285,0.0103219319,
1.62875,-0.0085959332,
1.629,0.0062963627,
1.62925,0.0283736624,
1.6295,0.0077555133,
1.62975,-0.0044465102,
1.63,0.0147160748,
1.63025,0.0190050881,
1.6305,0.0029937266,
1.63075,0.0062992861,
1.631,0.0254165400,
1.63125,0.0211208407,
1.6315,0.0099855196,
1.63175,0.0139658814,
1.632,0.0144720441,
1.63225,0.0013375524,
1.6325,-0.0050866986,
1.63275,0.0005627779,
1.633,-0.0045112502,
1.63325,-0.0070294947,
1.6335,-0.0032638009,
1.63375,0.0046798736,
1.634,0.0026595688,
1.63425,-0.0018421818,
1.6345,0.0064373454,
1.63475,0.0011096874,
1.635,-0.0147636877,
1.63525,-0.0069104368,
1.6355,-0.0068471367,
1.63575,-0.0140948584,
1.636,-0.0125374496,
1.63625,0.0005173994,
1.6365,0.0073193968,
1.63675,0.0035717138,
1.637,0.0082372501,
1.63725,0.0202131923,
1.6375,0.0171189476,
1.63775,-0.0013649447,
1.638,-0.0017948902,
1.63825,0.0079745855,
1.6385,-0.0066185039,
1.63875,-0.0161283929,
1.639,-0.0037917213,
1.63925,0.0142891463,
1.6395,0.0046778852,
1.63975,0.0093663866,
1.64,0.0264832303,
1.64025,0.0192486141,
1.6405,-0.0097051393,
1.64075,-0.0137147810,
1.641,-0.0096817426,
1.64125,-0.0204679538,
1.6415,-0.0235723536,
1.64175,-0.0028035615,
1.642,0.0086081522,
1.64225,0.0057300925,
1.6425,0.0120110447,
1.64275,0.0273029227,
1.643,0.0246472638,
1.64325,0.0032145572,
1.6435,-0.0038462945,
1.64375,-0.0062414333,
1.644,-0.0278408099,
1.64425,-0.0326099247,
1.6445,-0.0137532456,
1.64475,0.0030758826,
1.645,0.0058723204,
1.64525,0.0200022366,
1.6455,0.0242699124,
1.64575,0.0181997735,
1.646,0.0013394067,
1.64625,-0.0067572137,
1.6465,-0.0121230911,
1.64675,-0.0185620338,
1.647,-0.0136039481,
1.64725,-0.0037750429,
1.6475,0.0053101489,
1.64775,0.0161432698,
1.648,0.0150679313,
1.64825,0.0040353476,
1.6485,-0.0000976690,
1.64875,-0.0094412556,
1.649,-0.0113070840,
1.64925,-0.0053440123,
1.6495,0.0044235587,
1.64975,0.0088290256,
1.65,0.0023662148,
1.65025,0.0000529868,
1.6505,0.0097530121,
1.65075,-0.0008162867,
1.651,-0.0097056068,
1.65125,-0.0063583679,
1.6515,0.0054313084,
1.65175,-0.0103223873,
1.652,-0.0116226096,
1.65225,-0.0046227663,
1.6525,0.0075830701,
1.65275,-0.0016464824,
1.653,-0.0020554918,
1.65325,0.0078704618,
1.6535,0.0053846133,
1.65375,-0.0100495098,
1.654,-0.0082843844,
1.65425,-0.0030255299,
1.6545,-0.0113936048,
1.65475,-0.0032873359,
1.655,-0.0040192199,
1.65525,0.0112441797,
1.6555,0.0098532448,
1.65575,0.0165855959,
1.656,0.0148562901,
1.65625,0.0092434417,
1.6565,-0.0045256447,
1.65675,0.0012599386,
1.657,-0.0035154077,
1.65725,-0.0088745560,
1.6575,-0.0027223462,
1.65775,0.0103972945,
1.658,0.0080067404,
1.65825,-0.0068127168,
1.6585,0.0013206847,
1.65875,0.0141423903,
1.659,-0.0084077176,
1.65925,-0.0184962619,
1.6595,0.0016391347,
1.65975,-0.0043005054,
1.66,-0.0189832766,
1.66025,-0.0107892426,
1.6605,0.0073621748,
1.66075,0.0060857362,
1.661,-0.0145585276,
1.66125,0.0016941520,
1.6615,0.0226302147,
1.66175,0.0012961181,
1.662,-0.0153997904,
1.66225,0.0138546349,
1.6625,0.0231302604,
1.66275,-0.0130044678,
1.663,-0.0049958536,
1.66325,0.0162588935,
1.6635,0.0087838275,
1.66375,-0.0202663038,
1.664,-0.0079987347,
1.66425,0.0103542209,
1.6645,-0.0004573301,
1.66475,-0.0215319432,
1.665,0.0127228107,
1.66525,0.0125568248,
1.6655,-0.0043872520,
1.66575,-0.0041190428,
1.666,0.0098542487,
1.66625,0.0014896387,
1.6665,-0.0115685072,
1.66675,-0.0101816673,
1.667,0.0018558425,
1.66725,-0.0054618386,
1.6675,-0.0143013326,
1.66775,0.0053683752,
1.668,0.0055630328,
1.66825,0.0030586591,
1.6685,0.0023743173,
1.66875,0.0101099815,
1.669,-0.0058032600,
1.66925,-0.0085293129,
1.6695,-0.0116450069,
1.66975,-0.0057406807,
1.67,-0.0077149188,
1.67025,-0.0047251601,
1.6705,0.0103916898,
1.67075,-0.0020357897,
1.671,-0.0035013128,
1.67125,-0.0073796306,
1.6715,-0.0083925473,
1.67175,-0.0225185584,
1.672,-0.0228587259,
1.67225,-0.0160681717,
1.6725,-0.0051880237,
1.67275,-0.0130897677,
1.673,-0.0047729164,
1.67325,0.0094806273,
1.6735,-0.0013851579,
1.67375,-0.0178677849,
1.674,-0.0094470065,
1.67425,-0.0049851458,
1.6745,-0.0194817428,
1.67475,-0.0290372483,
1.675,-0.0155176632,
1.67525,-0.0077775391,
1.6755,-0.0160401817,
1.67575,-0.0046344437,
1.676,0.0114667462,
1.67625,0.0106930677,
1.6765,0.0000140661,
1.67675,-0.0052579422,
1.677,-0.0078933816,
1.67725,-0.0269666463,
1.6775,-0.0394367650,
1.67775,-0.0206720550,
1.678,-0.0145780407,
1.67825,-0.0165002719,
1.6785,-0.0000946196,
1.67875,0.0151855582,
1.679,0.0071240361,
1.67925,0.0032987935,
1.6795,0.0025864895,
1.67975,0.0009743462,
1.68,-0.0147707146,
1.68025,-0.0163374897,
1.6805,0.0021494599,
1.68075,0.0088615753,
1.681,0.0087290993,
1.68125,0.0234347694,
1.6815,0.0257138275,
1.68175,0.0162405036,
1.682,0.0066945571,
1.68225,-0.0067256885,
1.6825,0.0027993876,
1.68275,-0.0098216953,
1.683,-0.0050222087,
1.68325,-0.0063218754,
1.6835,0.0167647824,
1.68375,0.0051060324,
1.684,0.0087598255,
1.68425,-0.0013252847,
1.6845,0.0131203523,
1.68475,0.0011449198,
1.685,-0.0083879000,
1.68525,-0.0101367747,
1.6855,0.0152010042,
1.68575,0.0092248358,
1.686,0.0045334441,
1.68625,0.0192695111,
1.6865,0.0327981487,
1.68675,0.0208825152,
1.687,0.0017097003,
1.68725,0.0123491241,
1.6875,0.0188719071,
1.68775,-0.0008342271,
1.688,-0.0012671588,
1.68825,0.0137485834,
1.6885,0.0111755272,
1.68875,0.0037362045,
1.689,0.0072658509,
1.68925,0.0122251697,
1.6895,0.0071338424,
1.68975,-0.0041719219,
1.69,-0.0045161410,
1.69025,-0.0019816456,
1.6905,-0.0122662187,
1.69075,-0.0189861786,
1.691,-0.0038473646,
1.69125,-0.0026701926,
1.6915,-0.0025032156,
1.69175,0.0093490537,
1.692,0.0096941823,
1.69225,-0.0041297162,
1.6925,-0.0064008036,
1.69275,0.0033224532,
1.693,-0.0007063758,
1.69325,-0.0064727031,
1.6935,0.0091738421,
1.69375,0.0113980928,
1.694,0.0013568995,
1.69425,-0.0051683104,
1.6945,0.0073335776,
1.69475,-0.0007494977,
1.695,-0.0188932177,
1.69525,-0.0163015630,
1.6955,-0.0043920060,
1.69575,-0.0181215331,
1.696,-0.0220909696,
1.69625,-0.0179612711,
1.6965,-0.0031445085,
1.69675,-0.0193185676,
1.697,-0.0149987284,
1.69725,0.0044977493,
1.6975,-0.0099193528,
1.69775,-0.0258949324,
1.698,-0.0149805434,
1.69825,0.0048704403,
1.6985,-0.0076970076,
1.69875,-0.0205530934,
1.699,0.0052199941,
1.69925,0.0104474556,
1.6995,-0.0096753994,
1.69975,-0.0106120752,
1.7,0.0034464544,
1.70025,-0.0009726881,
1.7005,-0.0154906958,
1.70075,-0.0140664876,
1.701,0.0102464315,
1.70125,-0.0040148250,
1.7015,-0.0179539025,
1.70175,0.0015175903,
1.702,0.0035649547,
1.70225,-0.0113690235,
1.7025,-0.0049798926,
1.70275,0.0049294294,
1.703,0.0090599395,
1.70325,0.0035681122,
1.7035,0.0085953400,
1.70375,0.0207353737,
1.704,0.0125776660,
1.70425,0.0039679711,
1.7045,0.0147859761,
1.70475,0.0089743808,
1.705,0.0079649966,
1.70525,0.0055984817,
1.7055,0.0118072508,
1.70575,0.0219159033,
1.706,0.0206674468,
1.70625,0.0199891701,
1.7065,0.0306252036,
1.70675,0.0244082343,
1.707,0.0211871956,
1.70725,0.0208539702,
1.7075,0.0115022669,
1.70775,0.0054445639,
1.708,0.0058736624,
1.70825,0.0044487761,
1.7085,0.0052852561,
1.70875,0.0050903652,
1.709,0.0194955021,
1.70925,0.0242794119,
1.7095,0.0179045759,
1.70975,0.0190383177,
1.71,0.0193661228,
1.71025,0.0098695802,
1.7105,-0.0051116720,
1.71075,-0.0045121731,
1.711,-0.0011305059,
1.71125,-0.0036304519,
1.7115,-0.0005276725,
1.71175,0.0192943271,
1.712,0.0265745558,
1.71225,0.0213844031,
1.7125,0.0289874692,
1.71275,0.0266201496,
1.713,0.0122994371,
1.71325,-0.0000007159,
1.7135,-0.0037101633,
1.71375,-0.0036233482,
1.714,-0.0036205938,
1.71425,0.0041961251,
1.7145,0.0228873566,
1.71475,0.0177830756,
1.715,0.0095375637,
1.71525,0.0014645425,
1.7155,-0.0063424101,
1.71575,-0.0203019939,
1.716,-0.0175337568,
1.71625,-0.0212533660,
1.7165,0.0008902245,
1.71675,-0.0023757885,
1.717,-0.0063027856,
1.71725,-0.0007145138,
1.7175,-0.0019782095,
1.71775,-0.0114392499,
1.718,-0.0144917686,
1.71825,-0.0133335926,
1.7185,0.0055726310,
1.71875,-0.0032985371,
1.719,-0.0061323307,
1.71925,0.0068252934,
1.7195,0.0163766332,
1.71975,-0.0075284555,
1.72,-0.0038283367,
1.72025,0.0054115155,
1.7205,0.0126381516,
1.72075,-0.0061127599,
1.721,-0.0073326901,
1.72125,0.0061916672,
1.7215,-0.0035607084,
1.72175,-0.0176507831,
1.722,-0.0095725507,
1.72225,0.0054763514,
1.7225,0.0012866391,
1.72275,0.0032946710,
1.723,-0.0032889247,
1.72325,0.0024350884,
1.7235,-0.0084827691,
1.72375,-0.0169398189,
1.724,-0.0145247560,
1.72425,-0.0034852221,
1.7245,-0.0009962318,
1.72475,0.0010491518,
1.725,0.0123729603,
1.72525,0.0115838237,
1.7255,0.0052560396,
1.72575,-0.0062692049,
1.726,-0.0063309516,
1.72625,-0.0114122024,
1.7265,-0.0084039457,
1.72675,0.0028718468,
1.727,0.0069053522,
1.72725,0.0041969861,
1.7275,0.0047412389,
1.72775,-0.0019903430,
1.728,-0.0035254888,
1.72825,-0.0040918803,
1.7285,-0.0011203502,
1.72875,-0.0042499779,
1.729,-0.0066551636,
1.72925,-0.0030596149,
1.7295,0.0011526337,
1.72975,-0.0114827035,
1.73,-0.0043438659,
1.73025,0.0075936681,
1.7305,-0.0046299738,
1.73075,-0.0110552777,
1.731,0.0008496100,
1.73125,0.0101747839,
1.7315,0.0005812244,
1.73175,-0.0084664030,
1.732,0.0105197746,
1.73225,0.0085313991,
1.7325,-0.0176490583,
1.73275,-0.0069266865,
1.733,0.0106196022,
1.73325,-0.0007337567,
1.7335,-0.0147175798,
1.73375,-0.0074049337,
1.734,0.0006726666,
1.73425,-0.0116546713,
1.7345,-0.0202442035,
1.73475,0.0034111880,
1.735,0.0129724396,
1.73525,-0.0127838785,
1.7355,-0.0110781454,
1.73575,-0.0034060862,
1.736,-0.0143769803,
1.73625,-0.0241450239,
1.7365,-0.0103309425,
1.73675,0.0053112889,
1.737,0.0073685339,
1.73725,0.0047857123,
1.7375,0.0189186651,
1.73775,0.0155636109,
1.738,0.0030048892,
1.73825,-0.0069673085,
1.7385,-0.0062317997,
1.73875,-0.0053574909,
1.739,-0.0050208387,
1.73925,0.0023719203,
1.7395,0.0188052878,
1.73975,0.0183189455,
1.74,0.0118524963,
1.74025,0.0065564811,
1.7405,0.0081883129,
1.74075,-0.0041233036,
1.741,-0.0115554174,
1.74125,-0.0093534244,
1.7415,-0.0080404999,
1.74175,-0.0082852794,
1.742,-0.0012320683,
1.74225,-0.0001166956,
1.7425,0.0079047531,
1.74275,0.0160587560,
1.743,0.0192147680,
1.74325,0.0087547507,
1.7435,0.0060321251,
1.74375,-0.0052464805,
1.744,-0.0114976447,
1.74425,-0.0247418471,
1.7445,-0.0141850282,
1.74475,0.0045142206,
1.745,0.0050711497,
1.74525,0.0076759304,
1.7455,0.0211249832,
1.74575,0.0159942284,
1.746,-0.0024571361,
1.74625,-0.0081841946,
1.7465,-0.0079379110,
1.74675,-0.0168727543,
1.747,-0.0231874809,
1.74725,-0.0077270693,
1.7475,0.0123450812,
1.74775,0.0105469860,
1.748,0.0075220200,
1.74825,0.0180098210,
1.7485,0.0044521838,
1.74875,-0.0065281331,
1.749,-0.0155348647,
1.74925,-0.0060120346,
1.7495,-0.0119637586,
1.74975,-0.0071268864,
1.75,-0.0044626631,
1.75025,0.0127694337,
1.7505,0.0035257982,
1.75075,-0.0043163965,
1.751,-0.0067121838,
1.75125,-0.0025262127,
1.7515,-0.0141311884,
1.75175,-0.0216018222,
1.752,-0.0188019089,
1.75225,-0.0116293216,
1.7525,-0.0112482309,
1.75275,-0.0238488074,
1.753,-0.0113239270,
1.75325,-0.0000777140,
1.7535,-0.0060968706,
1.75375,-0.0237080809,
1.754,-0.0134810293,
1.75425,-0.0056200703,
1.7545,-0.0196868274,
1.75475,-0.0385910496,
1.755,-0.0150109101,
1.75525,0.0018322675,
1.7555,-0.0078200493,
1.75575,-0.0028305552,
1.756,0.0061681643,
1.75625,0.0121168084,
1.7565,-0.0090815770,
1.75675,-0.0156785958,
1.757,-0.0060024410,
1.75725,-0.0099088028,
1.7575,-0.0138239879,
1.75775,-0.0110536618,
1.758,0.0058731707,
1.75825,0.0059596710,
1.7585,-0.0036631473,
1.75875,-0.0032508259,
1.759,0.0026829322,
1.75925,-0.0079259863,
1.7595,-0.0133138606,
1.75975,-0.0121499095,
1.76,-0.0124470331,
1.76025,-0.0094648805,
1.7605,-0.0039021487,
1.76075,0.0059920792,
1.761,0.0177344494,
1.76125,0.0160647891,
1.7615,0.0139277112,
1.76175,0.0131923910,
1.762,0.0109658251,
1.76225,0.0104735643,
1.7625,0.0050667953,
1.76275,0.0032096610,
1.763,0.0094012795,
1.76325,0.0081650252,
1.7635,0.0043335194,
1.76375,0.0093442276,
1.764,0.0251174830,
1.76425,0.0140454676,
1.7645,0.0058199782,
1.76475,0.0096351597,
1.765,0.0159259960,
1.76525,0.0014311994,
1.7655,-0.0125685483,
1.76575,0.0145795383,
1.766,0.0157959573,
1.76625,-0.0014993185,
1.7665,0.0032790995,
1.76675,0.0284007173,
1.767,0.0219681207,
1.76725,0.0099448338,
1.7675,0.0139963310,
1.76775,0.0326901339,
1.768,0.0214542747,
1.76825,-0.0042138300,
1.7685,0.0110018030,
1.76875,0.0209120102,
1.769,-0.0091326162,
1.76925,-0.0135218212,
1.7695,0.0106195100,
1.76975,0.0216503255,
1.77,0.0154509153,
1.77025,0.0124227777,
1.7705,0.0298985485,
1.77075,0.0251872726,
1.771,-0.0080923531,
1.77125,-0.0100149577,
1.7715,0.0025553824,
1.77175,-0.0047681038,
1.772,-0.0121400673,
1.77225,-0.0028374554,
1.7725,0.0144326277,
1.77275,0.0155015560,
1.773,0.0019846139,
1.77325,0.0047901878,
1.7735,0.0161020048,
1.77375,-0.0054864171,
1.774,-0.0143490126,
1.77425,-0.0040657902,
1.7745,0.0017523706,
1.77475,-0.0064953002,
1.775,0.0019698460,
1.77525,0.0086949430,
1.7755,0.0130158244,
1.77575,0.0032863235,
1.776,0.0071241548,
1.77625,0.0118454210,
1.7765,0.0037995449,
1.77675,-0.0096829394,
1.777,-0.0122229233,
1.77725,-0.0164871830,
1.7775,-0.0240728557,
1.77775,-0.0195451993,
1.778,-0.0144665269,
1.77825,-0.0078413002,
1.7785,-0.0023594988,
1.77875,0.0038327638,
1.779,0.0026871078,
1.77925,-0.0054015014,
1.7795,-0.0035670577,
1.77975,-0.0175185986,
1.78,-0.0275075398,
1.78025,-0.0244833734,
1.7805,-0.0075025288,
1.78075,-0.0063986192,
1.781,0.0125285881,
1.78125,0.0205717273,
1.7815,0.0338666625,
1.78175,0.0115853921,
1.782,0.0120605752,
1.78225,-0.0006588239,
1.7825,-0.0083798748,
1.78275,-0.0175994858,
1.783,0.0019804314,
1.78325,0.0040837340,
1.7835,0.0023572221,
1.78375,0.0016146691,
1.784,0.0041194279,
1.78425,0.0043831291,
1.7845,-0.0149323093,
1.78475,-0.0047036256,
1.785,-0.0074675065,
1.78525,0.0055082473,
1.7855,-0.0195803288,
1.78575,0.0041034101,
1.786,-0.0008852367,
1.78625,0.0173346698,
1.7865,-0.0059989626,
1.78675,0.0106330086,
1.787,0.0120024830,
1.78725,0.0209165644,
1.7875,-0.0046859444,
1.78775,0.0020685736,
1.788,0.0127718402,
1.78825,0.0081144357,
1.7885,-0.0054806140,
1.78875,0.0059890603,
1.789,0.0284765568,
1.78925,0.0181324221,
1.7895,0.0000660267,
1.78975,0.0053485874,
1.79,0.0143596148,
1.79025,-0.0118990373,
1.7905,-0.0187414084,
1.79075,-0.0049523059,
1.791,0.0024250089,
1.79125,0.0083609968,
1.7915,0.0078861248,
1.79175,0.0163795911,
1.792,0.0173127931,
1.79225,0.0007875618,
1.7925,-0.0050255302,
1.79275,0.0059148008,
1.793,0.0033205608,
1.79325,0.0057256809,
1.7935,0.0115984827,
1.79375,0.0149652921,
1.794,0.0132455956,
1.79425,0.0165447071,
1.7945,0.0103809722,
1.79475,0.0081779789,
1.795,0.0021606178,
1.79525,0.0078910906,
1.7955,0.0075721359,
1.79575,-0.0031948015,
1.796,0.0067318319,
1.79625,0.0093929088,
1.7965,0.0019791997,
1.79675,-0.0051497659,
1.797,0.0019546233,
1.79725,0.0078365812,
1.7975,-0.0018237582,
1.79775,-0.0005279529,
1.798,0.0147651378,
1.79825,0.0120631242,
1.7985,-0.0084779896,
1.79875,0.0023931721,
1.799,0.0170556344,
1.79925,-0.0012890383,
1.7995,-0.0094076945,
1.79975,0.0089675970,
1.8,0.0142433979,
1.80025,-0.0136519335,
1.8005,-0.0115949642,
1.80075,0.0162957851,
1.801,0.0071832631,
1.80125,-0.0172929130,
1.8015,-0.0040829037,
1.80175,0.0108888010,
1.802,-0.0106124897,
1.80225,-0.0359363370,
1.8025,-0.0071542663,
1.80275,0.0024963811,
1.803,-0.0249156170,
1.80325,-0.0253016576,
1.8035,0.0011879683,
1.80375,0.0087922961,
1.804,-0.0185353700,
1.80425,-0.0105188694,
1.8045,0.0094010215,
1.80475,0.0005798372,
1.805,-0.0307588000,
1.80525,-0.0200340599,
1.8055,0.0002732287,
1.80575,-0.0047365818,
1.806,-0.0146236448,
1.80625,0.0008271888,
1.8065,0.0165239722,
1.80675,0.0034028403,
1.807,-0.0105062332,
1.80725,-0.0106481332,
1.8075,-0.0029040526,
1.80775,-0.0211747959,
1.808,-0.0316250473,
1.80825,-0.0194007009,
1.8085,-0.0141946841,
1.80875,-0.0193523970,
1.809,-0.0107248640,
1.80925,0.0001793451,
1.8095,-0.0002482402,
1.80975,-0.0027782554,
1.81,-0.0142661566,
1.81025,-0.0181556139,
1.8105,-0.0240818411,
1.81075,-0.0291273259,
1.811,-0.0203227457,
1.81125,-0.0157056488,
1.8115,-0.0060263597,
1.81175,0.0061383522,
1.812,0.0132150631,
1.81225,0.0144081973,
1.8125,0.0178250130,
1.81275,0.0084540490,
1.813,-0.0039948672,
1.81325,-0.0157729294,
1.8135,-0.0182945821,
1.81375,-0.0258293953,
1.814,-0.0200904869,
1.81425,-0.0098807821,
1.8145,0.0090444358,
1.81475,0.0106758364,
1.815,0.0169109162,
1.81525,0.0154201118,
1.8155,0.0051691551,
1.81575,-0.0140756853,
1.816,-0.0154467160,
1.81625,-0.0094548669,
1.8165,-0.0122338254,
1.81675,-0.0062789228,
1.817,0.0049284883,
1.81725,0.0131009836,
1.8175,0.0071632769,
1.81775,-0.0019014266,
1.818,-0.0009657186,
1.81825,0.0029314552,
1.8185,-0.0053963647,
1.81875,-0.0099803805,
1.819,0.0099921869,
1.81925,0.0120888371,
1.8195,0.0012706816,
1.81975,-0.0009877465,
1.82,0.0057073776,
1.82025,0.0036360426,
1.8205,-0.0085522486,
1.82075,-0.0128409350,
1.821,0.0097945752,
1.82125,0.0069445535,
1.8215,-0.0034364052,
1.82175,-0.0159374494,
1.822,-0.0019663675,
1.82225,0.0086675435,
1.8225,-0.0171789434,
1.82275,-0.0062530679,
1.823,0.0153814275,
1.82325,0.0078565823,
1.8235,-0.0268591866,
1.82375,-0.0086037992,
1.824,0.0079643596,
1.82425,-0.0058930060,
1.8245,-0.0238099396,
1.82475,0.0044262712,
1.825,0.0203544293,
1.82525,0.0052447263,
1.8255,-0.0047899173,
1.82575,0.0093117794,
1.826,0.0135833062,
1.82625,-0.0167195573,
1.8265,-0.0211644880,
1.82675,-0.0036287950,
1.827,-0.0014417566,
1.82725,-0.0130243190,
1.8275,0.0010981002,
1.82775,0.0079146056,
1.828,0.0022371709,
1.82825,-0.0028403546,
1.8285,0.0066334940,
1.82875,0.0034793764,
1.829,-0.0120342420,
1.82925,0.0014933336,
1.8295,0.0023268415,
1.82975,-0.0047018197,
1.83,-0.0114636077,
1.83025,0.0042320881,
1.8305,-0.0016621605,
1.83075,-0.0094076702,
1.831,-0.0091734612,
1.83125,0.0107225208,
1.8315,0.0062524113,
1.83175,-0.0062693441,
1.832,0.0094482815,
1.83225,0.0145153739,
1.8325,-0.0047559664,
1.83275,-0.0137043456,
1.833,0.0017653932,
1.83325,-0.0052070143,
1.8335,-0.0244755037,
1.83375,-0.0146168740,
1.834,-0.0006495005,
1.83425,-0.0065964889,
1.8345,-0.0184505004,
1.83475,0.0078952601,
1.835,0.0138687016,
1.83525,-0.0024859612,
1.8355,-0.0056856335,
1.83575,0.0093567520,
1.836,0.0079548061,
1.83625,-0.0205314904,
1.8365,-0.0100375582,
1.83675,0.0085577359,
1.837,0.0025588577,
1.83725,-0.0183908250,
1.8375,0.0065579563,
1.83775,0.0217106026,
1.838,0.0009286684,
1.83825,-0.0101844873,
1.8385,0.0054396428,
1.83875,0.0060924850,
1.839,-0.0183212291,
1.83925,-0.0096279178,
1.8395,0.0134853069,
1.83975,0.0155413607,
1.84,-0.0020094016,
1.84025,0.0085608885,
1.8405,0.0117798382,
1.84075,-0.0018901100,
1.841,-0.0173880793,
1.84125,-0.0077497875,
1.8415,0.0034141706,
1.84175,-0.0068627559,
1.842,-0.0078459885,
1.84225,0.0124327699,
1.8425,0.0160610452,
1.84275,-0.0020572906,
1.843,0.0004041885,
1.84325,0.0054793358,
1.8435,-0.0036655548,
1.84375,-0.0108553488,
1.844,-0.0086915316,
1.84425,-0.0015684052,
1.8445,-0.0029533864,
1.84475,-0.0080648363,
1.845,0.0081937369,
1.84525,0.0153118512,
1.8455,0.0170194004,
1.84575,0.0233800188,
1.846,0.0197438691,
1.84625,0.0138864554,
1.8465,-0.0002284076,
1.84675,-0.0053794314,
1.847,-0.0086903395,
1.84725,-0.0059416415,
1.8475,-0.0009866325,
1.84775,0.0160592999,
1.848,0.0209084190,
1.84825,0.0194229279,
1.8485,0.0216504168,
1.84875,0.0157354791,
1.849,0.0072491178,
1.84925,-0.0017201755,
1.8495,-0.0074215098,
1.84975,-0.0102586206,
1.85,-0.0038150863,
1.85025,0.0018418941,
1.8505,0.0044384915,
1.85075,0.0089211008,
1.851,0.0139275109,
1.85125,0.0047383350,
1.8515,-0.0077884858,
1.85175,-0.0092472136,
1.852,-0.0107689798,
1.85225,-0.0091256499,
1.8525,-0.0116126621,
1.85275,-0.0042396379,
1.853,0.0092852851,
1.85325,0.0107452134,
1.8535,0.0045915144,
1.85375,0.0087690735,
1.854,0.0058534187,
1.85425,0.0087518161,
1.8545,0.0037948582,
1.85475,-0.0026699549,
1.855,0.0084151449,
1.85525,0.0149709303,
1.8555,0.0166845303,
1.85575,0.0079494538,
1.856,0.0226643384,
1.85625,0.0219183899,
1.8565,0.0084737493,
1.85675,-0.0126426937,
1.857,0.0080881426,
1.85725,0.0139729511,
1.8575,-0.0110684969,
1.85775,-0.0035798065,
1.858,0.0216652267,
1.85825,0.0197277665,
1.8585,0.0006486041,
1.85875,0.0064887991,
1.859,0.0203232430,
1.85925,-0.0003392054,
1.8595,-0.0189012121,
1.85975,-0.0055075223,
1.86,0.0096117519,
1.86025,-0.0115565620,
1.8605,-0.0129229985,
1.86075,0.0158659257,
1.861,0.0129350089,
1.86125,-0.0084429532,
1.8615,0.0001550585,
1.86175,0.0127356136,
1.862,-0.0052380338,
1.86225,-0.0237124749,
1.8625,0.0024741292,
1.86275,0.0107034873,
1.863,-0.0065741567,
1.86325,-0.0029216525,
1.8635,0.0166445132,
1.86375,0.0113552352,
1.864,-0.0097664529,
1.86425,-0.0038313295,
1.8645,0.0020761255,
1.86475,-0.0058357976,
1.865,-0.0228362530,
1.86525,-0.0096909599,
1.8655,0.0024845120,
1.86575,-0.0116876317,
1.866,-0.0092697358,
1.86625,0.0058940649,
1.8665,0.0061014062,
1.86675,-0.0117825009,
1.867,-0.0113711804,
1.86725,-0.0053155771,
1.8675,-0.0198319387,
1.86775,-0.0259375833,
1.868,-0.0093896072,
1.86825,-0.0039731171,
1.8685,-0.0119047910,
1.86875,-0.0019009879,
1.869,0.0139276022,
1.86925,0.0073486841,
1.8695,-0.0021871338,
1.86975,0.0058720829,
1.87,0.0145967249,
1.87025,-0.0006714242,
1.8705,-0.0043616928,
1.87075,0.0077340929,
1.871,0.0049523599,
1.87125,-0.0180928446,
1.8715,-0.0048255869,
1.87175,0.0092520388,
1.872,0.0057484219,
1.87225,-0.0031791066,
1.8725,0.0104829408,
1.87275,0.0189502314,
1.873,0.0030651996,
1.87325,-0.0084651830,
1.8735,0.0053074327,
1.87375,0.0022684771,
1.874,-0.0144076552,
1.87425,-0.0058573075,
1.8745,0.0071900776,
1.87475,0.0094462819,
1.875,0.0016225916,
1.87525,0.0044562607,
1.8755,0.0159613937,
1.87575,0.0100545343,
1.876,-0.0047618980,
1.87625,0.0081853420,
1.8765,0.0093709948,
1.87675,-0.0068680877,
1.877,-0.0064284177,
1.87725,-0.0022630468,
1.8775,-0.0029677583,
1.87775,-0.0013592612,
1.878,0.0042174058,
1.87825,0.0175359305,
1.8785,0.0197625794,
1.87875,0.0107489675,
1.879,0.0180863515,
1.87925,0.0058143418,
1.8795,-0.0047215098,
1.87975,-0.0090210764,
1.88,-0.0075051272,
1.88025,-0.0089148693,
1.8805,-0.0173024293,
1.88075,-0.0080785351,
1.881,0.0072550285,
1.88125,0.0061233193,
1.8815,0.0048800129,
1.88175,0.0175528470,
1.882,0.0172743127,
1.88225,0.0006452519,
1.8825,-0.0056000529,
1.88275,-0.0101242345,
1.883,-0.0156438258,
1.88325,-0.0270494670,
1.8835,-0.0177606009,
1.88375,-0.0082708113,
1.884,0.0029690647,
1.88425,0.0005623436,
1.8845,0.0033207531,
1.88475,-0.0030350697,
1.885,-0.0115421591,
1.88525,-0.0261304062,
1.8855,-0.0280389655,
1.88575,-0.0254328940,
1.886,-0.0234675799,
1.88625,-0.0142134828,
1.8865,-0.0083761206,
1.88675,-0.0055096326,
1.887,-0.0097579993,
1.88725,-0.0058177630,
1.8875,-0.0215673372,
1.88775,-0.0212360248,
1.888,-0.0290930998,
1.88825,-0.0136840437,
1.8885,-0.0075132521,
1.88875,-0.0040353686,
1.889,-0.0025053215,
1.88925,0.0073114741,
1.8895,-0.0039414396,
1.88975,-0.0124973468,
1.89,-0.0244460292,
1.89025,-0.0028835041,
1.8905,-0.0052040513,
1.89075,-0.0228039101,
1.891,-0.0129068047,
1.89125,0.0064278869,
1.8915,-0.0079489173,
1.89175,-0.0094506927,
1.892,0.0004121440,
1.89225,0.0080845682,
1.8925,-0.0169715192,
1.89275,-0.0171024930,
1.893,-0.0130327651,
1.89325,-0.0171077065,
1.8935,-0.0322033018,
1.89375,-0.0192050785,
1.894,0.0098386612,
1.89425,-0.0005523634,
1.8945,0.0035292378,
1.89475,0.0177214798,
1.895,0.0240653548,
1.89525,-0.0049350341,
1.8955,-0.0014542306,
1.89575,0.0127314888,
1.896,0.0027304410,
1.89625,-0.0113010909,
1.8965,0.0183313303,
1.89675,0.0297367312,
1.897,0.0146768568,
1.89725,0.0121540399,
1.8975,0.0268744789,
1.89775,0.0226847660,
1.898,0.0022875164,
1.89825,0.0018632724,
1.8985,0.0114322929,
1.89875,0.0033221673,
1.899,-0.0063586137,
1.89925,0.0082399920,
1.8995,0.0215786286,
1.89975,0.0156333633,
1.9,0.0102909328,
1.90025,0.0190643407,
1.9005,0.0197132193,
1.90075,0.0039340747,
1.901,0.0015356381,
1.90125,0.0082034934,
1.9015,0.0020764342,
1.90175,-0.0012155622,
1.902,0.0074195545,
1.90225,0.0138329519,
1.9025,0.0120129623,
1.90275,0.0114656845,
1.903,0.0160226077,
1.90325,0.0127698490,
1.9035,-0.0017991486,
1.90375,0.0047473786,
1.904,0.0049203848,
1.90425,-0.0024945596,
1.9045,-0.0093619609,
1.90475,0.0037428932,
1.905,-0.0055654338,
1.90525,-0.0106689911,
1.9055,-0.0103749158,
1.90575,0.0087947343,
1.906,-0.0057352870,
1.90625,-0.0061174622,
1.9065,0.0031076246,
1.90675,0.0100091491,
1.907,-0.0175244883,
1.90725,-0.0101246955,
1.9075,-0.0006884677,
1.90775,-0.0092044463,
1.908,-0.0180616025,
1.90825,-0.0088733379,
1.9085,0.0025809717,
1.90875,-0.0056066974,
1.909,-0.0117351664,
1.90925,-0.0014821202,
1.9095,0.0028719036,
1.90975,-0.0135208992,
1.91,-0.0070100073,
1.91025,0.0023102213,
1.9105,-0.0014902017,
1.91075,-0.0085477224,
1.911,-0.0053728251,
1.91125,-0.0026099239,
1.9115,-0.0058468105,
1.91175,-0.0094200829,
1.912,0.0026241723,
1.91225,0.0075749941,
1.9125,-0.0022768173,
1.91275,-0.0032907899,
1.913,-0.0020412605,
1.91325,-0.0040349197,
1.9135,-0.0132258721,
1.91375,-0.0149537101,
1.914,-0.0001107934,
1.91425,0.0037725950,
1.9145,0.0027994949,
1.91475,0.0133812353,
1.915,0.0273034461,
1.91525,0.0153277200,
1.9155,-0.0001511774,
1.91575,0.0005455221,
1.916,-0.0086403182,
1.91625,-0.0247159507,
1.9165,-0.0210157223,
1.91675,-0.0010992083,
1.917,0.0119020287,
1.91725,0.0129573420,
1.9175,0.0301760659,
1.91775,0.0351042002,
1.918,0.0269914698,
1.91825,0.0055281417,
1.9185,0.0026858933,
1.91875,-0.0059224204,
1.919,-0.0128710689,
1.91925,-0.0113192024,
1.9195,0.0092887376,
1.91975,0.0092576658,
1.92,0.0145883299,
1.92025,0.0163192470,
1.9205,0.0169352610,
1.92075,0.0069679501,
1.921,-0.0020888513,
1.92125,-0.0058440669,
1.9215,-0.0079057068,
1.92175,-0.0053854696,
1.922,-0.0050388286,
1.92225,-0.0007655520,
1.9225,0.0047350470,
1.92275,0.0030006294,
1.923,0.0085153412,
1.92325,0.0073625096,
1.9235,0.0082010357,
1.92375,-0.0008374265,
1.924,0.0054679317,
1.92425,0.0086343540,
1.9245,0.0036625285,
1.92475,0.0089245783,
1.925,0.0241991971,
1.92525,0.0222624578,
1.9255,0.0142985107,
1.92575,0.0229942780,
1.926,0.0220812410,
1.92625,0.0049532540,
1.9265,-0.0101966774,
1.92675,0.0039246455,
1.927,0.0035249805,
1.92725,-0.0102912029,
1.9275,0.0018681692,
1.92775,0.0195540227,
1.928,0.0135609843,
1.92825,-0.0072391797,
1.9285,0.0083063450,
1.92875,0.0099471482,
1.929,-0.0085366415,
1.92925,-0.0199824125,
1.9295,0.0025313080,
1.92975,0.0034109384,
1.93,-0.0079114316,
1.93025,0.0006752987,
1.9305,0.0267930254,
1.93075,0.0194715466,
1.931,0.0116974618,
1.93125,0.0195783358,
1.9315,0.0282989815,
1.93175,0.0039359936,
1.932,-0.0037945283,
1.93225,0.0081515238,
1.9325,0.0091679944,
1.93275,-0.0044339779,
1.933,0.0026442539,
1.93325,0.0178960096,
1.9335,0.0191489719,
1.93375,0.0056462404,
1.934,0.0110780615,
1.93425,0.0196722299,
1.9345,0.0028395755,
1.93475,-0.0084356396,
1.935,-0.0023720642,
1.93525,-0.0081050126,
1.9355,-0.0117760058,
1.93575,-0.0148839215,
1.936,-0.0090878913,
1.93625,0.0025093830,
1.9365,-0.0016100293,
1.93675,0.0041966680,
1.937,0.0122942496,
1.93725,0.0098166848,
1.9375,0.0072248559,
1.93775,0.0077801566,
1.938,-0.0055140406,
1.93825,-0.0100889318,
1.9385,-0.0151704615,
1.93875,-0.0177254938,
1.939,-0.0116272178,
1.93925,-0.0027413049,
1.9395,0.0153838759,
1.93975,0.0163524076,
1.94,0.0006876736,
1.94025,0.0018654722,
1.9405,-0.0018219847,
1.94075,-0.0171134248,
1.941,-0.0203283578,
1.94125,-0.0041422555,
1.9415,-0.0063091009,
1.94175,-0.0067036701,
1.942,-0.0084544728,
1.94225,0.0043075709,
1.9425,-0.0032532695,
1.94275,-0.0138040399,
1.943,-0.0134723950,
1.94325,-0.0085440921,
1.9435,-0.0257412363,
1.94375,-0.0254048444,
1.944,-0.0125716589,
1.94425,-0.0081630712,
1.9445,-0.0164485686,
1.94475,-0.0090424642,
1.945,0.0000811272,
1.94525,-0.0048347241,
1.9455,-0.0127678346,
1.94575,-0.0041748234,
1.946,0.0041314880,
1.94625,-0.0114910668,
1.9465,-0.0181761105,
1.94675,-0.0181874540,
1.947,-0.0103348475,
1.94725,-0.0158066507,
1.9475,-0.0092232917,
1.94775,0.0061298446,
1.948,0.0159827080,
1.94825,0.0116049778,
1.9485,0.0067500076,
1.94875,0.0113884769,
1.949,0.0039958097,
1.94925,-0.0201610494,
1.9495,-0.0227748714,
1.94975,-0.0154975150,
1.95,-0.0149728917,
1.95025,-0.0148726571,
1.9505,0.0066539994,
1.95075,0.0211651102,
1.951,0.0221011750,
1.95125,0.0142261535,
1.9515,0.0143771162,
1.95175,0.0074918759,
1.952,-0.0178361647,
1.95225,-0.0247408841,
1.9525,-0.0095995255,
1.95275,-0.0115475506,
1.953,0.0009582917,
1.95325,0.0148854870,
1.9535,0.0275642276,
1.95375,0.0181895569,
1.954,0.0012245903,
1.95425,0.0000451889,
1.9545,-0.0062402738,
1.95475,-0.0132517470,
1.955,-0.0131249102,
1.95525,0.0069328672,
1.9555,0.0091852825,
1.95575,0.0114541603,
1.956,0.0081705032,
1.95625,0.0182929486,
1.9565,0.0147240777,
1.95675,0.0019580517,
1.957,-0.0008527160,
1.95725,0.0097249998,
1.9575,0.0034870077,
1.95775,0.0039768293,
1.958,0.0149660548,
1.95825,0.0181287862,
1.9585,0.0132273640,
1.95875,0.0138475597,
1.959,0.0098830657,
1.95925,-0.0028562045,
1.9595,-0.0052942145,
1.95975,0.0008935196,
1.96,-0.0059628272,
1.96025,-0.0121955182,
1.9605,0.0000109522,
1.96075,0.0157051850,
1.961,0.0029861589,
1.96125,0.0002371709,
1.9615,0.0155299194,
1.96175,0.0078387801,
1.962,-0.0192157589,
1.96225,-0.0190907307,
1.9625,-0.0001384036,
1.96275,-0.0064677913,
1.963,-0.0164430346,
1.96325,0.0066189924,
1.9635,0.0220299792,
1.96375,0.0003151938,
1.964,-0.0035107094,
1.96425,0.0110982461,
1.9645,0.0047339066,
1.96475,-0.0150626907,
1.965,-0.0107476208,
1.96525,0.0063942764,
1.9655,-0.0068287407,
1.96575,-0.0155503880,
1.966,-0.0031552180,
1.96625,0.0052865571,
1.9665,-0.0118390238,
1.96675,-0.0150756091,
1.967,-0.0073512499,
1.96725,-0.0066630142,
1.9675,-0.0241311304,
1.96775,-0.0249047689,
1.968,-0.0074485601,
1.96825,-0.0103104748,
1.9685,-0.0197570305,
1.96875,-0.0091776075,
1.969,-0.0038097403,
1.96925,-0.0071714092,
1.9695,-0.0075209881,
1.96975,-0.0107999044,
1.97,-0.0040439656,
1.97025,-0.0063715526,
1.9705,-0.0068030031,
1.97075,-0.0020816401,
1.971,-0.0063872566,
1.97125,-0.0068557891,
1.9715,-0.0022390191,
1.97175,-0.0085156467,
1.972,-0.0090399999,
1.97225,0.0020334423,
1.9725,-0.0006930720,
1.97275,0.0011632462,
1.973,0.0027805322,
1.97325,-0.0005089079,
1.9735,0.0084918998,
1.97375,-0.0109415688,
1.974,-0.0119064488,
1.97425,-0.0020263761,
1.9745,-0.0073544262,
1.97475,-0.0134096658,
1.975,0.0059911511,
1.97525,0.0050006900,
1.9755,0.0119808959,
1.97575,-0.0092499629,
1.976,0.0097585581,
1.97625,0.0105937794,
1.9765,-0.0010674766,
1.97675,-0.0071065598,
1.977,0.0102707082,
1.97725,0.0015544083,
1.9775,-0.0073348568,
1.97775,-0.0056958804,
1.978,0.0101096984,
1.97825,0.0146981971,
1.9785,0.0072890357,
1.97875,0.0217858106,
1.979,0.0299331918,
1.97925,0.0142777693,
1.9795,0.0009040425,
1.97975,-0.0014651332,
1.98,-0.0061680260,
1.98025,-0.0095412405,
1.9805,-0.0103561068,
1.98075,-0.0011032772,
1.981,0.0171355642,
1.98125,0.0131172733,
1.9815,0.0237003006,
1.98175,0.0262476169,
1.982,0.0246458277,
1.98225,0.0076494962,
1.9825,-0.0016682581,
1.98275,-0.0036177407,
1.983,-0.0124150701,
1.98325,-0.0234575029,
1.9835,-0.0050743790,
1.98375,0.0080857724,
1.984,0.0019876524,
1.98425,0.0108680176,
1.9845,0.0231042579,
1.98475,0.0202216301,
1.985,-0.0013449655,
1.98525,-0.0163240191,
1.9855,-0.0039222613,
1.98575,-0.0046348716,
1.986,-0.0196209848,
1.98625,0.0066987472,
1.9865,0.0241458267,
1.98675,0.0137375006,
1.987,0.0020224191,
1.98725,0.0021984519,
1.9875,0.0055231377,
1.98775,-0.0078543853,
1.988,-0.0121951625,
1.98825,0.0046068924,
1.9885,0.0119928364,
1.98875,0.0011533750,
1.989,0.0084977653,
1.98925,0.0167855844,
1.9895,0.0087600909,
1.98975,0.0008334775,
1.99,-0.0194640476,
1.99025,-0.0045151035,
1.9905,-0.0104705254,
1.99075,-0.0150437728,
1.991,-0.0068573523,
1.99125,0.0075898189,
1.9915,-0.0131263314,
1.99175,-0.0057843588,
1.992,-0.0064497911,
1.99225,-0.0010597906,
1.9925,-0.0092327232,
1.99275,-0.0069864746,
1.993,-0.0139349811,
1.99325,-0.0082366234,
1.9935,-0.0123845236,
1.99375,0.0026452187,
1.994,0.0004446742,
1.99425,0.0068984255,
1.9945,0.0234513097,
1.99475,0.0232610442,
1.995,0.0052707959,
1.99525,0.0043555368,
1.9955,0.0140918093,
1.99575,0.0034600960,
1.996,-0.0131851733,
1.99625,-0.0054655252,
1.9965,0.0179807357,
1.99675,0.0060618119,
1.997,-0.0065435534,
1.99725,0.0212874413,
1.9975,0.0267592780,
1.99775,0.0008965962,
1.998,-0.0073868805,
1.99825,0.0085630622,
1.9985,0.0043270998,
1.99875,-0.0250063855,
1.999,-0.0152817136,
1.99925,0.0103794839,
1.9995,-0.0064031086,
1.99975,-0.0121439639,
2,-0.0010644157,
2.00025,0.0100464663,
2.0005,-0.0035369541,
2.00075,-0.0039219642,
2.001,0.0134685393,
2.00125,0.0195446312,
2.0015,-0.0056097400,
2.00175,0.0008950965,
2.002,0.0216534156,
2.00225,0.0075848638,
2.0025,-0.0098889843,
2.00275,0.0096813850,
2.003,0.0086026322,
2.00325,0.0025964351,
2.0035,-0.0012124402,
2.00375,0.0099044926,
2.004,0.0197669324,
2.00425,0.0015304254,
2.0045,0.0075837467,
2.00475,0.0070217745,
2.005,0.0072145453,
2.00525,-0.0063145664,
2.0055,0.0067983945,
2.00575,-0.0044218982,
2.006,0.0001781934,
2.00625,-0.0021550821,
2.0065,0.0025606903,
2.00675,0.0002011601,
2.007,-0.0031775315,
2.00725,0.0000271168,
2.0075,0.0008044199,
2.00775,-0.0092523973,
2.008,-0.0086153513,
2.00825,0.0030325325,
2.0085,-0.0023989896,
2.00875,-0.0039197048,
2.009,0.0087640444,
2.00925,0.0096628787,
2.0095,0.0045756600,
2.00975,0.0017573170,
2.01,0.0085049560,
2.01025,0.0031559446,
2.0105,-0.0094303014,
2.01075,-0.0136766583,
2.011,0.0003458704,
2.01125,0.0003387801,
2.0115,-0.0039978898,
2.01175,0.0000417417,
2.012,0.0106869340,
2.01225,0.0009230447,
2.0125,-0.0119427051,
2.01275,-0.0087829344,
2.013,-0.0033856861,
2.01325,-0.0167387612,
2.0135,-0.0179702863,
2.01375,-0.0080583794,
2.014,-0.0044074515,
2.01425,-0.0064363186,
2.0145,-0.0024806601,
2.01475,0.0126773734,
2.015,0.0067385137,
2.01525,-0.0007027874,
2.0155,0.0005371100,
2.01575,-0.0063529843,
2.016,-0.0124422088,
2.01625,-0.0243213326,
2.0165,-0.0178506039,
2.01675,-0.0049260147,
2.017,-0.0042397701,
2.01725,-0.0043855710,
2.0175,0.0072374819,
2.01775,0.0073334835,
2.018,-0.0031106963,
2.01825,-0.0150089264,
2.0185,-0.0175518543,
2.01875,-0.0206688270,
2.019,-0.0275782347,
2.01925,-0.0331341438,
2.0195,-0.0091613205,
2.01975,0.0014501673,
2.02,0.0014594104,
2.02025,0.0025312277,
2.0205,0.0147490716,
2.02075,0.0080125742,
2.021,-0.0164430719,
2.02125,-0.0236178786,
2.0215,-0.0123392874,
2.02175,-0.0227656569,
2.022,-0.0236896686,
2.02225,-0.0051344861,
2.0225,0.0111816023,
2.02275,0.0075322227,
2.023,-0.0008632942,
2.02325,0.0078204796,
2.0235,-0.0005252005,
2.02375,-0.0241374690,
2.024,-0.0200264566,
2.02425,-0.0081413575,
2.0245,-0.0014425169,
2.02475,-0.0101513369,
2.025,0.0029473710,
2.02525,0.0092671197,
2.0255,0.0076076412,
2.02575,-0.0152561944,
2.026,-0.0144835543,
2.02625,-0.0104499925,
2.0265,-0.0265620630,
2.02675,-0.0197281763,
2.027,-0.0171727892,
2.02725,-0.0022452965,
2.0275,-0.0010284695,
2.02775,0.0034306685,
2.028,0.0082016475,
2.02825,0.0071626552,
2.0285,0.0021905473,
2.02875,0.0083374279,
2.029,-0.0038850335,
2.02925,-0.0105119264,
2.0295,-0.0017667694,
2.02975,0.0087249074,
2.03,-0.0067652166,
2.03025,0.0011064505,
2.0305,0.0177696850,
2.03075,0.0197814610,
2.031,-0.0057867658,
2.03125,-0.0048443908,
2.0315,0.0178697910,
2.03175,-0.0034059000,
2.032,-0.0247842167,
2.03225,0.0032853594,
2.0325,0.0209537875,
2.03275,-0.0071622808,
2.033,-0.0063252319,
2.03325,0.0243511014,
2.0335,0.0213272609,
2.03375,-0.0068353750,
2.034,-0.0047947285,
2.03425,0.0156024806,
2.0345,-0.0006326181,
2.03475,-0.0274551958,
2.035,-0.0069840113,
2.03525,0.0173243992,
2.0355,-0.0064880652,
2.03575,-0.0129658440,
2.036,0.0171661768,
2.03625,0.0211558491,
2.0365,-0.0024183325,
2.03675,-0.0035967117,
2.037,0.0163430944,
2.03725,0.0077478639,
2.0375,-0.0149129201,
2.03775,-0.0093016447,
2.038,0.0040893918,
2.03825,-0.0111860726,
2.0385,-0.0171444975,
2.03875,-0.0015844305,
2.039,0.0050759651,
2.03925,-0.0065875077,
2.0395,-0.0012679317,
2.03975,0.0069270264,
2.04,0.0047106030,
2.04025,-0.0040753935,
2.0405,-0.0059339004,
2.04075,-0.0064045554,
2.041,-0.0164537895,
2.04125,-0.0181027148,
2.0415,-0.0062912651,
2.04175,0.0037648571,
2.042,0.0041863811,
2.04225,0.0171949510,
2.0425,0.0180894267,
2.04275,0.0061267782,
2.043,-0.0011087799,
2.04325,0.0005526403,
2.0435,-0.0105374195,
2.04375,-0.0141689172,
2.044,-0.0079342844,
2.04425,0.0013895141,
2.0445,-0.0021177323,
2.04475,-0.0008067247,
2.045,0.0095918812,
2.04525,0.0069802059,
2.0455,-0.0047814809,
2.04575,-0.0069673969,
2.046,-0.0014194606,
2.04625,-0.0125107625,
2.0465,-0.0201325789,
2.04675,-0.0120967682,
2.047,-0.0008614985,
2.04725,-0.0055773719,
2.0475,-0.0023118462,
2.04775,0.0166369285,
2.048,0.0254175458,
2.04825,0.0119691137,
2.0485,0.0100585315,
2.04875,0.0102499388,
2.049,-0.0065716952,
2.04925,-0.0220722854,
2.0495,-0.0181321278,
2.04975,-0.0035830764,
2.05,-0.0064637600,
2.05025,-0.0015504356,
2.0505,0.0128513835,
2.05075,0.0172126237,
2.051,0.0118432296,
2.05125,0.0072534001,
2.0515,0.0106555391,
2.05175,-0.0011680519,
2.052,-0.0139963385,
2.05225,-0.0210067183,
2.0525,-0.0167860072,
2.05275,-0.0154607380,
2.053,-0.0043960768,
2.05325,0.0034897779,
2.0535,0.0105479453,
2.05375,0.0108134886,
2.054,0.0047777258,
2.05425,-0.0091780238,
2.0545,-0.0132102296,
2.05475,-0.0141209466,
2.055,-0.0199921448,
2.05525,-0.0202265661,
2.0555,-0.0036854488,
2.05575,-0.0003919646,
2.056,-0.0030485587,
2.05625,0.0023622348,
2.0565,0.0073880218,
2.05675,-0.0051798476,
2.057,-0.0137012210,
2.05725,0.0034460877,
2.0575,0.0095096678,
2.05775,0.0103486665,
2.058,0.0092032524,
2.05825,0.0221688766,
2.0585,0.0162858106,
2.05875,0.0063299597,
2.059,-0.0019976196,
2.05925,0.0150548629,
2.0595,0.0091861552,
2.05975,0.0033162048,
2.06,0.0020238622,
2.06025,0.0172683466,
2.0605,0.0050125360,
2.06075,0.0058447020,
2.061,0.0106977355,
2.06125,0.0204192102,
2.0615,0.0157397203,
2.06175,0.0107164178,
2.062,0.0136843184,
2.06225,0.0070024235,
2.0625,0.0067077107,
2.06275,0.0031479779,
2.063,0.0079629477,
2.06325,0.0059880717,
2.0635,0.0104599111,
2.06375,0.0197341442,
2.064,0.0189063344,
2.06425,0.0108147915,
2.0645,0.0174949337,
2.06475,0.0198360682,
2.065,0.0042981347,
2.06525,0.0020005633,
2.0655,0.0189024713,
2.06575,0.0233371090,
2.066,0.0056693256,
2.06625,0.0165842548,
2.0665,0.0280955471,
2.06675,0.0133627830,
2.067,-0.0031113476,
2.06725,0.0191671010,
2.0675,0.0205444340,
2.06775,0.0035480259,
2.068,0.0039179204,
2.06825,0.0218195692,
2.0685,0.0161522031,
2.06875,-0.0118973795,
2.069,-0.0015283785,
2.06925,0.0220019631,
2.0695,-0.0027103927,
2.06975,-0.0167933311,
2.07,0.0098547433,
2.07025,0.0228332430,
2.0705,-0.0022719735,
2.07075,-0.0048107430,
2.071,0.0197035633,
2.07125,0.0169761293,
2.0715,-0.0123283351,
2.07175,-0.0053722197,
2.072,0.0119556971,
2.07225,0.0008587526,
2.0725,-0.0178111792,
2.07275,0.0002280528,
2.073,0.0078217722,
2.07325,-0.0023592389,
2.0735,-0.0060242256,
2.07375,0.0064990134,
2.074,0.0015859357,
2.07425,-0.0089068338,
2.0745,-0.0143914204,
2.07475,-0.0095011536,
2.075,-0.0197669584,
2.07525,-0.0237869769,
2.0755,-0.0183657203,
2.07575,-0.0100075873,
2.076,-0.0133576430,
2.07625,-0.0071113938,
2.0765,0.0019415980,
2.07675,-0.0127368271,
2.077,-0.0121109225,
2.07725,-0.0147055760,
2.0775,-0.0163636748,
2.07775,-0.0201523565,
2.078,-0.0160059296,
2.07825,-0.0047332691,
2.0785,-0.0028630840,
2.07875,-0.0042779199,
2.079,0.0072486331,
2.07925,0.0020577242,
2.0795,-0.0121163540,
2.07975,-0.0222905632,
2.08,-0.0130048199,
2.08025,-0.0144570218,
2.0805,-0.0245752372,
2.08075,-0.0154410489,
2.081,0.0039192224,
2.08125,0.0022364871,
2.0815,-0.0072757616,
2.08175,0.0056856959,
2.082,0.0109229935,
2.08225,-0.0121135628,
2.0825,-0.0175768211,
2.08275,-0.0132464655,
2.083,-0.0089506749,
2.08325,-0.0164473969,
2.0835,-0.0015252241,
2.08375,0.0191246904,
2.084,0.0244536065,
2.08425,0.0245860890,
2.0845,0.0364737287,
2.08475,0.0366683230,
2.085,0.0125665963,
2.08525,-0.0016981036,
2.0855,-0.0058529563,
2.08575,-0.0179767460,
2.086,-0.0299611110,
2.08625,-0.0047865594,
2.0865,0.0146079548,
2.08675,0.0143687287,
2.087,0.0220422000,
2.08725,0.0284453742,
2.0875,0.0266523119,
2.08775,0.0007637577,
2.088,-0.0079290560,
2.08825,-0.0082102427,
2.0885,-0.0084959567,
2.08875,-0.0118847247,
2.089,0.0081198635,
2.08925,0.0180037208,
2.0895,0.0265981369,
2.08975,0.0211766455,
2.09,0.0161307640,
2.09025,0.0079694511,
2.0905,0.0020815453,
2.09075,-0.0094282962,
2.091,0.0000777238,
2.09125,0.0076419250,
2.0915,0.0153985163,
2.09175,0.0070971744,
2.092,0.0149087179,
2.09225,0.0164253041,
2.0925,0.0098444652,
2.09275,-0.0097462879,
2.093,-0.0027149203,
2.09325,0.0005578677,
2.0935,-0.0098056477,
2.09375,-0.0159017034,
2.094,-0.0034061202,
2.09425,-0.0056030368,
2.0945,-0.0187443290,
2.09475,-0.0115404893,
2.095,-0.0045233397,
2.09525,-0.0034516538,
2.0955,-0.0168368183,
2.09575,-0.0172349550,
2.096,-0.0168320835,
2.09625,-0.0171425641,
2.0965,-0.0157863460,
2.09675,-0.0047110450,
2.097,-0.0002581445,
2.09725,0.0032837307,
2.0975,-0.0000324691,
2.09775,0.0025789768,
2.098,-0.0032429432,
2.09825,-0.0106175542,
2.0985,-0.0092604263,
2.09875,-0.0115047004,
2.099,-0.0207968578,
2.09925,-0.0180732422,
2.0995,-0.0036905785,
2.09975,-0.0049897772,
2.1,-0.0120788179,
2.10025,-0.0024052055,
2.1005,0.0065038670,
2.10075,-0.0143607939,
2.101,-0.0192639064,
2.10125,-0.0026944713,
2.1015,-0.0031422006,
2.10175,-0.0135633163,
2.102,-0.0100499839,
2.10225,0.0085984133,
2.1025,0.0010264127,
2.10275,-0.0180165060,
2.103,0.0013372867,
2.10325,0.0108752064,
2.1035,-0.0104772346,
2.10375,-0.0151676387,
2.104,0.0076493057,
2.10425,0.0012663695,
2.1045,-0.0180932898,
2.10475,-0.0051741651,
2.105,0.0158157479,
2.10525,-0.0045421980,
2.1055,-0.0160704274,
2.10575,0.0023780558,
2.106,0.0097569488,
2.10625,-0.0128243687,
2.1065,-0.0101521034,
2.10675,0.0100684250,
2.107,-0.0015491862,
2.10725,-0.0148991272,
2.1075,-0.0069069951,
2.10775,0.0055259224,
2.108,-0.0065506250,
2.10825,-0.0143747889,
2.1085,-0.0045377770,
2.10875,0.0047035720,
2.109,-0.0091443667,
2.10925,-0.0045935065,
2.1095,0.0146567272,
2.10975,0.0124484301,
2.11,0.0020361328,
2.11025,0.0049488107,
2.1105,0.0036908425,
2.11075,-0.0023157387,
2.111,-0.0063052583,
2.11125,-0.0001008956,
2.1115,0.0054698996,
2.11175,-0.0016242936,
2.112,0.0013729435,
2.11225,0.0036446538,
2.1125,-0.0042481036,
2.11275,-0.0014495896,
2.113,-0.0082419356,
2.11325,-0.0067883488,
2.1135,-0.0135447755,
2.11375,-0.0079462547,
2.114,0.0048155263,
2.11425,0.0073866402,
2.1145,0.0054172189,
2.11475,0.0142587619,
2.115,0.0158397201,
2.11525,0.0019205898,
2.1155,0.0004464523,
2.11575,0.0094821947,
2.116,0.0046694926,
2.11625,-0.0074528167,
2.1165,-0.0060549555,
2.11675,0.0079521034,
2.117,-0.0004981335,
2.11725,0.0016245939,
2.1175,0.0178229697,
2.11775,0.0223483797,
2.118,0.0121654794,
2.11825,0.0071552759,
2.1185,0.0094548203,
2.11875,-0.0085561760,
2.119,-0.0276517682,
2.11925,-0.0188514981,
2.1195,-0.0072685913,
2.11975,-0.0086557837,
2.12,0.0053522615,
2.12025,0.0266856216,
2.1205,0.0294891931,
2.12075,0.0166005362,
2.121,0.0171669293,
2.12125,0.0074898452,
2.1215,-0.0035847817,
2.12175,-0.0152379870,
2.122,-0.0074167713,
2.12225,-0.0015229842,
2.1225,0.0021868504,
2.12275,0.0096371928,
2.123,0.0203058980,
2.12325,0.0252564810,
2.1235,0.0080714831,
2.12375,0.0027960301,
2.124,-0.0107396822,
2.12425,-0.0046744356,
2.1245,-0.0194456261,
2.12475,-0.0126924515,
2.125,0.0048166048,
2.12525,0.0043786843,
2.1255,-0.0080680782,
2.12575,-0.0024444582,
2.126,0.0079574073,
2.12625,0.0033099162,
2.1265,-0.0072006048,
2.12675,-0.0112908334,
2.127,0.0137981623,
2.12725,0.0029255983,
2.1275,-0.0058343657,
2.12775,0.0117947729,
2.128,0.0245771147,
2.12825,0.0154405814,
2.1285,0.0002197119,
2.12875,0.0065692323,
2.129,0.0151522653,
2.12925,0.0002038005,
2.1295,-0.0138912210,
2.12975,0.0013778305,
2.13,-0.0019284885,
2.13025,-0.0021729502,
2.1305,-0.0029705835,
2.13075,0.0056344601,
2.131,0.0043791002,
2.13125,-0.0059217541,
2.1315,-0.0101882778,
2.13175,-0.0101959808,
2.132,-0.0151440091,
2.13225,-0.0181864686,
2.1325,-0.0047329990,
2.13275,-0.0025841035,
2.133,0.0007405930,
2.13325,0.0091255391,
2.1335,0.0098251915,
2.13375,-0.0000587031,
2.134,-0.0048243054,
2.13425,-0.0012820492,
2.1345,-0.0033996697,
2.13475,-0.0102109378,
2.135,-0.0031613267,
2.13525,0.0030072071,
2.1355,-0.0002101072,
2.13575,-0.0011034429,
2.136,0.0135502964,
2.13625,0.0125019718,
2.1365,-0.0009889908,
2.13675,-0.0030751210,
2.137,0.0058695260,
2.13725,-0.0057379743,
2.1375,-0.0115076955,
2.13775,0.0053011226,
2.138,0.0163201354,
2.13825,-0.0004440572,
2.1385,0.0047762403,
2.13875,0.0188720878,
2.139,0.0176250990,
2.13925,-0.0032441432,
2.1395,0.0078040594,
2.13975,0.0200225245,
2.14,0.0073453728,
2.14025,-0.0070826979,
2.1405,0.0146756452,
2.14075,0.0130035169,
2.141,0.0031533679,
2.14125,0.0025705653,
2.1415,0.0134531325,
2.14175,0.0107617313,
2.142,0.0044898950,
2.14225,0.0013049759,
2.1425,0.0221936982,
2.14275,0.0071065244,
2.143,0.0055126799,
2.14325,0.0145075181,
2.1435,0.0114293434,
2.14375,0.0010532078,
2.144,0.0079970751,
2.14425,0.0081490427,
2.1445,0.0159553420,
2.14475,0.0164395347,
2.145,0.0139701562,
2.14525,0.0326036103,
2.1455,0.0144713819,
2.14575,0.0181545895,
2.146,0.0140928924,
2.14625,0.0107425060,
2.1465,0.0012640986,
2.14675,0.0064871926,
2.147,-0.0031360399,
2.14725,0.0045987642,
2.1475,0.0018562387,
2.14775,0.0124136554,
2.148,0.0250303447,
2.14825,0.0220382288,
2.1485,0.0205029845,
2.14875,0.0215328895,
2.149,0.0021583755,
2.14925,-0.0089511443,
2.1495,-0.0163638759,
2.14975,-0.0185597464,
2.15,-0.0140263606,
2.15025,-0.0031190671,
2.1505,0.0107620247,
2.15075,0.0192771181,
2.151,0.0138912955,
2.15125,0.0218656287,
2.1515,0.0163374376,
2.15175,0.0009726146,
2.152,-0.0125721181,
2.15225,-0.0095506283,
2.1525,-0.0198260918,
2.15275,-0.0245152861,
2.153,-0.0188212078,
2.15325,0.0009391416,
2.1535,-0.0012316478,
2.15375,-0.0039896872,
2.154,0.0068152091,
2.15425,0.0018462435,
2.1545,-0.0156758782,
2.15475,-0.0192282591,
2.155,-0.0195541978,
2.15525,-0.0226537045,
2.1555,-0.0208153110,
2.15575,-0.0072211605,
2.156,0.0052928808,
2.15625,0.0025716429,
2.1565,-0.0035135397,
2.15675,-0.0047440515,
2.157,-0.0141246794,
2.15725,-0.0251170136,
2.1575,-0.0198231302,
2.15775,-0.0147697898,
2.158,-0.0062473221,
2.15825,-0.0048009162,
2.1585,-0.0074416921,
2.15875,-0.0023741589,
2.159,-0.0057576713,
2.15925,-0.0188510716,
2.1595,-0.0178607311,
2.15975,-0.0089200018,
2.16,0.0010853707,
2.16025,0.0003275550,
2.1605,-0.0074126022,
2.16075,0.0064831255,
2.161,0.0171680283,
2.16125,-0.0063482579,
2.1615,-0.0098473635,
2.16175,0.0037762825,
2.162,0.0027535462,
2.16225,-0.0141259246,
2.1625,-0.0164776891,
2.16275,0.0006098868,
2.163,-0.0022454842,
2.16325,-0.0133630466,
2.1635,-0.0109001491,
2.16375,0.0065285088,
2.164,0.0055978242,
2.16425,-0.0035960325,
2.1645,0.0007813880,
2.16475,0.0053514075,
2.165,-0.0002323575,
2.16525,-0.0128045809,
2.1655,-0.0070463382,
2.16575,0.0025063569,
2.166,0.0062283808,
2.16625,0.0032007506,
2.1665,0.0153231341,
2.16675,0.0221969672,
2.167,0.0073215868,
2.16725,0.0125093833,
2.1675,-0.0032470399,
2.16775,-0.0033391933,
2.168,-0.0108235944,
2.16825,-0.0004975186,
2.1685,-0.0052409843,
2.16875,0.0106158759,
2.169,-0.0008633290,
2.16925,0.0105487853,
2.1695,-0.0002921306,
2.16975,0.0025563883,
2.17,0.0004926593,
2.17025,-0.0020774375,
2.1705,-0.0120578874,
2.17075,0.0018450681,
2.171,-0.0029630889,
2.17125,-0.0081015956,
2.1715,0.0000074706,
2.17175,0.0093303984,
2.172,0.0058990340,
2.17225,-0.0061697662,
2.1725,0.0066211699,
2.17275,0.0215539243,
2.173,0.0109482687,
2.17325,-0.0026327057,
2.1735,0.0201799981,
2.17375,0.0137283690,
2.174,-0.0106849875,
2.17425,-0.0046679964,
2.1745,0.0095605394,
2.17475,0.0095171379,
2.175,-0.0058020540,
2.17525,0.0066567608,
2.1755,0.0185147002,
2.17575,0.0127109801,
2.176,-0.0064514410,
2.17625,0.0132926507,
2.1765,0.0171936974,
2.17675,-0.0074104229,
2.177,-0.0115572773,
2.17725,-0.0037771114,
2.1775,-0.0094928052,
2.17775,-0.0172328148,
2.178,-0.0105964346,
2.17825,0.0098118139,
2.1785,0.0051456667,
2.17875,-0.0002039350,
2.179,0.0051759081,
2.17925,0.0042863083,
2.1795,-0.0130714960,
2.17975,-0.0197460651,
2.18,-0.0237250421,
2.18025,-0.0122465603,
2.1805,-0.0090413131,
2.18075,-0.0081124818,
2.181,0.0087671382,
2.18125,0.0100308154,
2.1815,0.0010111018,
2.18175,-0.0098226890,
2.182,-0.0131173749,
2.18225,-0.0158474594,
2.1825,-0.0237227678,
2.18275,-0.0158922933,
2.183,-0.0064345351,
2.18325,-0.0046988782,
2.1835,-0.0049065184,
2.18375,0.0018334631,
2.184,0.0005669479,
2.18425,0.0024385783,
2.1845,0.0012445450,
2.18475,-0.0022457645,
2.185,-0.0083013875,
2.18525,-0.0189455729,
2.1855,-0.0209844075,
2.18575,-0.0215109549,
2.186,-0.0217600539,
2.18625,-0.0008797757,
2.1865,0.0083536990,
2.18675,-0.0024010104,
2.187,0.0050090253,
2.18725,0.0058438340,
2.1875,-0.0066548563,
2.18775,-0.0229088329,
2.188,-0.0220634695,
2.18825,-0.0269992668,
2.1885,-0.0330760665,
2.18875,-0.0301710777,
2.189,-0.0000543404,
2.18925,0.0074319611,
2.1895,0.0091760578,
2.18975,0.0239261221,
2.19,0.0222646184,
2.19025,0.0012292316,
2.1905,-0.0073356405,
2.19075,-0.0076464294,
2.191,-0.0118148085,
2.19125,-0.0174427461,
2.1915,-0.0064565269,
2.19175,0.0101127950,
2.192,0.0121238977,
2.19225,0.0085109128,
2.1925,0.0086085750,
2.19275,0.0094334055,
2.193,-0.0046004583,
2.19325,-0.0159797855,
2.1935,-0.0168915857,
2.19375,-0.0103557371,
2.194,-0.0016292974,
2.19425,-0.0047606039,
2.1945,0.0002841689,
2.19475,0.0118831256,
2.195,0.0153038083,
2.19525,-0.0030914007,
2.1955,-0.0091263810,
2.19575,0.0066292468,
2.196,0.0051705539,
2.19625,-0.0133949593,
2.1965,-0.0060241432,
2.19675,0.0204357915,
2.197,0.0200238973,
2.19725,0.0035732207,
2.1975,0.0086635761,
2.19775,0.0213017240,
2.198,0.0074712234,
2.19825,-0.0119010974,
2.1985,-0.0285835788,
2.19875,0.0010021203,
2.199,-0.0072700353,
2.19925,-0.0030542514,
2.1995,0.0076848897,
2.19975,0.0262485538,
2.2,0.0177273713,
2.20025,0.0063071162,
2.2005,0.0112565942,
2.20075,0.0048619132,
2.201,-0.0061583156,
2.20125,-0.0006671152,
2.2015,0.0086986572,
2.20175,0.0110490825,
2.202,0.0151025038,
2.20225,0.0248132572,
2.2025,0.0296180900,
2.20275,0.0328145698,
2.203,0.0244125798,
2.20325,0.0259665754,
2.2035,0.0095103998,
2.20375,0.0031294939,
2.204,0.0017112204,
2.20425,-0.0018452876,
2.2045,-0.0078566875,
2.20475,0.0037996559,
2.205,0.0084652035,
2.20525,-0.0013942763,
2.2055,-0.0038116951,
2.20575,0.0099327397,
2.206,0.0031785164,
2.20625,-0.0178471450,
2.2065,-0.0189782456,
2.20675,0.0012455361,
2.207,-0.0165108088,
2.20725,-0.0304840058,
2.2075,-0.0021714480,
2.20775,0.0133578796,
2.208,-0.0065083923,
2.20825,-0.0007149169,
2.2085,0.0262508541,
2.20875,0.0252422597,
2.209,0.0015224782,
2.20925,0.0069544474,
2.2095,0.0262643285,
2.20975,0.0157207567,
2.21,-0.0199987460,
2.21025,-0.0045560221,
2.2105,0.0074297311,
2.21075,-0.0167872552,
2.211,-0.0297174882,
2.21125,0.0038199769,
2.2115,0.0169467535,
2.21175,0.0042587761,
2.212,-0.0080448398,
2.21225,0.0167976376,
2.2125,0.0099017043,
2.21275,-0.0225092378,
2.213,-0.0306795053,
2.21325,-0.0072702342,
2.2135,-0.0110120531,
2.21375,-0.0172281265,
2.214,-0.0107698701,
2.21425,0.0147131002,
2.2145,0.0204895921,
2.21475,0.0053361715,
2.215,0.0022397588,
2.21525,0.0106640151,
2.2155,-0.0002634258,
2.21575,-0.0182117149,
2.216,-0.0072994083,
2.21625,0.0034423324,
2.2165,0.0031366989,
2.21675,0.0019830831,
2.217,0.0066936440,
2.21725,0.0137824491,
2.2175,0.0155280754,
2.21775,0.0147248479,
2.218,0.0112687657,
2.21825,0.0008494428,
2.2185,-0.0083818799,
2.21875,-0.0131543595,
2.219,-0.0204395335,
2.21925,-0.0194764752,
2.2195,-0.0043401932,
2.21975,0.0027271239,
2.22,0.0061310031,
2.22025,0.0110046025,
2.2205,0.0206408389,
2.22075,0.0111898575,
2.221,-0.0080680493,
2.22125,-0.0108885216,
2.2215,-0.0184866693,
2.22175,-0.0295039043,
2.222,-0.0289902054,
2.22225,-0.0037148297,
2.2225,0.0096135950,
2.22275,0.0120112896,
2.223,0.0236240495,
2.22325,0.0282560680,
2.2235,0.0084669273,
2.22375,-0.0025539342,
2.224,-0.0100542624,
2.22425,-0.0093915295,
2.2245,-0.0207118411,
2.22475,-0.0152839664,
2.225,-0.0049749012,
2.22525,0.0027734109,
2.2255,-0.0042513073,
2.22575,-0.0005431846,
2.226,0.0020812703,
2.22625,-0.0080172606,
2.2265,-0.0185548868,
2.22675,-0.0067374827,
2.227,0.0071108295,
2.22725,-0.0023830407,
2.2275,-0.0009604658,
2.22775,0.0028599468,
2.228,0.0126303416,
2.22825,-0.0048558861,
2.2285,-0.0096869143,
2.22875,0.0013855622,
2.229,0.0115473680,
2.22925,-0.0031242268,
2.2295,-0.0164895765,
2.22975,0.0051975790,
2.23,0.0102946451,
2.23025,-0.0096716071,
2.2305,-0.0116610434,
2.23075,0.0090535227,
2.231,0.0142268110,
2.23125,-0.0145228161,
2.2315,-0.0209762920,
2.23175,-0.0022469724,
2.232,-0.0119802225,
2.23225,-0.0308723357,
2.2325,-0.0197146349,
2.23275,0.0080874199,
2.233,0.0105600040,
2.23325,0.0029273480,
2.2335,0.0098454617,
2.23375,0.0233776476,
2.234,0.0076556727,
2.23425,-0.0111710923,
2.2345,0.0046631545,
2.23475,0.0045480947,
2.235,-0.0033311830,
2.23525,0.0042314236,
2.2355,0.0123396572,
2.23575,0.0089323651,
2.236,0.0038139308,
2.23625,0.0092942230,
2.2365,0.0058469996,
2.23675,-0.0093366401,
2.237,-0.0057180636,
2.23725,0.0071363961,
2.2375,-0.0053215018,
2.23775,-0.0073590875,
2.238,0.0048511792,
2.23825,0.0031416779,
2.2385,-0.0046181432,
2.23875,-0.0037438576,
2.239,0.0129118757,
2.23925,0.0079068197,
2.2395,-0.0082505560,
2.23975,0.0044098748,
2.24,0.0109187998,
2.24025,-0.0077625881,
2.2405,-0.0133218663,
2.24075,0.0074855285,
2.241,0.0047434540,
2.24125,-0.0198419243,
2.2415,-0.0137944948,
2.24175,0.0120332427,
2.242,-0.0009581097,
2.24225,-0.0219610706,
2.2425,-0.0049531576,
2.24275,0.0081064990,
2.243,-0.0170444790,
2.24325,-0.0321561508,
2.2435,-0.0023386443,
2.24375,0.0057463399,
2.244,-0.0222671144,
2.24425,-0.0280318372,
2.2445,0.0067792251,
2.24475,-0.0004597804,
2.245,-0.0261454917,
2.24525,-0.0060930643,
2.2455,0.0197440125,
2.24575,0.0006630794,
2.246,-0.0224857572,
2.24625,-0.0016698583,
2.2465,0.0041224798,
2.24675,-0.0232375562,
2.247,-0.0307365153,
2.24725,-0.0030872677,
2.2475,0.0055723828,
2.24775,-0.0124164931,
2.248,-0.0081862174,
2.24825,0.0098052584,
2.2485,0.0001009661,
2.24875,-0.0242186226,
2.249,-0.0283548404,
2.24925,-0.0146362614,
2.2495,-0.0164771471,
2.24975,-0.0245002173,
2.25,-0.0030694944,
2.25025,0.0110313334,
2.2505,0.0060999161,
2.25075,0.0033841617,
2.251,0.0117462864,
2.25125,0.0063461317,
2.2515,-0.0011563578,
2.25175,-0.0079985717,
2.252,-0.0118608447,
2.25225,-0.0103817685,
2.2525,-0.0125350337,
2.25275,0.0010323232,
2.253,0.0108009754,
2.25325,0.0176221840,
2.2535,0.0285582431,
2.25375,0.0249204338,
2.254,0.0191931333,
2.25425,0.0124048637,
2.2545,0.0003342050,
2.25475,-0.0091924556,
2.255,-0.0231702328,
2.25525,-0.0232286919,
2.2555,-0.0182300340,
2.25575,-0.0051444424,
2.256,0.0006374114,
2.25625,0.0218479000,
2.2565,0.0185024794,
2.25675,0.0183270797,
2.257,0.0139810741,
2.25725,0.0086625330,
2.2575,-0.0067379135,
2.25775,-0.0092017148,
2.258,-0.0014631480,
2.25825,0.0084589524,
2.2585,0.0077516371,
2.25875,0.0207589008,
2.259,0.0247272886,
2.25925,0.0177307166,
2.2595,0.0079685897,
2.25975,0.0051119016,
2.26,0.0042599137,
2.26025,0.0026120078,
2.2605,-0.0003461154,
2.26075,0.0053472095,
2.261,0.0108122826,
2.26125,-0.0019146334,
2.2615,-0.0036104401,
2.26175,-0.0000044607,
2.262,0.0015908217,
2.26225,-0.0051086498,
2.2625,-0.0124270553,
2.26275,-0.0097168935,
2.263,0.0012738551,
2.26325,-0.0045451634,
2.2635,-0.0142202228,
2.26375,0.0003252665,
2.264,0.0228481200,
2.26425,0.0019849159,
2.2645,-0.0098433206,
2.26475,0.0097420542,
2.265,0.0145061072,
2.26525,-0.0144408215,
2.2655,-0.0287022106,
2.26575,0.0063450425,
2.266,0.0038356115,
2.26625,-0.0137778642,
2.2665,-0.0048383432,
2.26675,0.0233973209,
2.267,0.0081383642,
2.26725,-0.0072967377,
2.2675,-0.0088639986,
2.26775,0.0022138939,
2.268,-0.0155668007,
2.26825,-0.0370343737,
2.2685,-0.0106021399,
2.26875,-0.0103620403,
2.269,-0.0144891059,
2.26925,-0.0087673049,
2.2695,0.0033993938,
2.26975,-0.0079058977,
2.27,-0.0124546438,
2.27025,-0.0063341791,
2.2705,0.0027410199,
2.27075,-0.0153706726,
2.271,-0.0185932387,
2.27125,-0.0003280187,
2.2715,0.0007250935,
2.27175,-0.0056216531,
2.272,0.0038153420,
2.27225,0.0133838132,
2.2725,0.0049198088,
2.27275,-0.0000910619,
2.273,0.0089819804,
2.27325,0.0186425168,
2.2735,0.0010900031,
2.27375,0.0044054706,
2.274,0.0161696970,
2.27425,0.0071687493,
2.2745,-0.0024697091,
2.27475,0.0076133008,
2.275,0.0112398351,
2.27525,-0.0013689197,
2.2755,-0.0023606224,
2.27575,0.0124685420,
2.276,0.0108786123,
2.27625,0.0014539993,
2.2765,0.0123134023,
2.27675,0.0279255994,
2.277,0.0138432607,
2.27725,0.0040653646,
2.2775,0.0149530740,
2.27775,0.0218348298,
2.278,0.0006844419,
2.27825,0.0013512573,
2.2785,0.0244036242,
2.27875,0.0242240336,
2.279,0.0035974605,
2.27925,0.0176144224,
2.2795,0.0295522343,
2.27975,0.0151811028,
2.28,0.0027073738,
2.28025,0.0186869279,
2.2805,0.0263646170,
2.28075,0.0106347241,
2.281,0.0089819152,
2.28125,0.0284735337,
2.2815,0.0238725152,
2.28175,0.0043660477,
2.282,0.0102789141,
2.28225,0.0129587762,
2.2825,0.0028909408,
2.28275,-0.0044257129,
2.283,0.0014808241,
2.28325,0.0159171391,
2.2835,0.0069165742,
2.28375,-0.0005166100,
2.284,0.0153737627,
2.28425,0.0133495331,
2.2845,0.0023308680,
2.28475,0.0046709538,
2.285,0.0063093109,
2.28525,0.0003151957,
2.2855,-0.0067027332,
2.28575,-0.0106093250,
2.286,0.0014834182,
2.28625,-0.0006172712,
2.2865,-0.0023043694,
2.28675,0.0100091016,
2.287,0.0131382849,
2.28725,0.0108872503,
2.2875,0.0075342325,
2.28775,0.0015720247,
2.288,-0.0080497740,
2.28825,-0.0239166785,
2.2885,-0.0261026509,
2.28875,-0.0221843366,
2.289,-0.0236378722,
2.28925,-0.0166066960,
2.2895,0.0016839184,
2.28975,0.0098707918,
2.29,0.0100913784,
2.29025,0.0093915435,
2.2905,0.0072932993,
2.29075,-0.0047376738,
2.291,-0.0152799599,
2.29125,-0.0238904767,
2.2915,-0.0195348673,
2.29175,-0.0103461966,
2.292,-0.0018483130,
2.29225,0.0018499879,
2.2925,0.0150939459,
2.29275,0.0172259640,
2.293,0.0132036591,
2.29325,0.0030214933,
2.2935,-0.0098724617,
2.29375,-0.0106843924,
2.294,-0.0206600502,
2.29425,-0.0220223553,
2.2945,-0.0097479373,
2.29475,0.0081177205,
2.295,0.0085438127,
2.29525,0.0023217367,
2.2955,0.0033455386,
2.29575,-0.0037544887,
2.296,-0.0077371113,
2.29625,-0.0167531148,
2.2965,-0.0102754366,
2.29675,-0.0031199467,
2.297,0.0106053017,
2.29725,0.0106051546,
2.2975,0.0093927775,
2.29775,0.0168954432,
2.298,0.0146811903,
2.29825,-0.0066438499,
2.2985,-0.0170679800,
2.29875,0.0018808199,
2.299,-0.0047514145,
2.29925,-0.0241907202,
2.2995,-0.0041204374,
2.29975,0.0094142444,
2.3,0.0035765793,
2.30025,-0.0108640492,
2.3005,0.0020440207,
2.30075,0.0059182635,
2.301,-0.0104583148,
2.30125,-0.0157875363,
2.3015,0.0009263033,
2.30175,0.0011184959,
2.302,-0.0167213660,
2.30225,-0.0031089326,
2.3025,0.0145442793,
2.30275,0.0016664597,
2.303,-0.0031288643,
2.30325,0.0091937883,
2.3035,0.0104231294,
2.30375,-0.0117298011,
2.304,-0.0058681350,
2.30425,0.0079306811,
2.3045,0.0010412360,
2.30475,-0.0111834854,
2.305,0.0032340786,
2.30525,0.0135295447,
2.3055,0.0000779123,
2.30575,-0.0068508815,
2.306,0.0003961061,
2.30625,-0.0028731881,
2.3065,-0.0156561323,
2.30675,-0.0211427473,
2.307,-0.0071476558,
2.30725,-0.0067248382,
2.3075,-0.0088604270,
2.30775,-0.0028210531,
2.308,0.0066047190,
2.30825,0.0012987009,
2.3085,-0.0044661178,
2.30875,0.0002044843,
2.309,-0.0041420376,
2.30925,-0.0102514019,
2.3095,-0.0074394997,
2.30975,0.0011268489,
2.31,-0.0014184851,
2.31025,0.0005625947,
2.3105,0.0099372752,
2.31075,0.0139015066,
2.311,-0.0016305199,
2.31125,0.0005685069,
2.3115,0.0101436544,
2.31175,0.0041763629,
2.312,-0.0075509064,
2.31225,0.0030846875,
2.3125,0.0059116697,
2.31275,-0.0096670948,
2.313,-0.0099190334,
2.31325,0.0079064090,
2.3135,0.0010874175,
2.31375,-0.0094989464,
2.314,-0.0055496255,
2.31425,0.0076504056,
2.3145,-0.0012404373,
2.31475,-0.0103448723,
2.315,0.0039200326,
2.31525,0.0033079879,
2.3155,-0.0107920058,
2.31575,-0.0109327752,
2.316,0.0003308284,
2.31625,-0.0003809879,
2.3165,0.0009664818,
2.31675,-0.0042972406,
2.317,0.0081690196,
2.31725,0.0066681784,
2.3175,-0.0029165854,
2.31775,0.0043835216,
2.318,0.0099438047,
2.31825,-0.0012221654,
2.3185,-0.0031414917,
2.31875,-0.0047660549,
2.319,-0.0082965381,
2.31925,-0.0079363734,
2.3195,-0.0116035752,
2.31975,-0.0033499403,
2.32,0.0063147494,
2.32025,0.0000831540,
2.3205,0.0096906740,
2.32075,0.0027432779,
2.321,0.0010478408,
2.32125,-0.0103169354,
2.3215,-0.0104778074,
2.32175,-0.0137053728,
2.322,-0.0189167149,
2.32225,-0.0162969381,
2.3225,-0.0008886083,
2.32275,-0.0010024993,
2.323,-0.0003363427,
2.32325,0.0001408618,
2.3235,0.0091633201,
2.32375,-0.0061066784,
2.324,-0.0136780590,
2.32425,-0.0196065716,
2.3245,-0.0172926597,
2.32475,-0.0242515840,
2.325,-0.0169018209,
2.32525,-0.0058972845,
2.3255,0.0015068724,
2.32575,0.0020820659,
2.326,0.0048311995,
2.32625,-0.0071317749,
2.3265,-0.0099454559,
2.32675,-0.0160398912,
2.327,-0.0145922517,
2.32725,-0.0275142845,
2.3275,-0.0039985720,
2.32775,-0.0050763870,
2.328,0.0043090656,
2.32825,0.0014226574,
2.3285,0.0002122231,
2.32875,0.0028084184,
2.329,-0.0147635629,
2.32925,-0.0186544321,
2.3295,-0.0111472467,
2.32975,-0.0051798304,
2.33,-0.0058347383,
2.33025,-0.0094821500,
2.3305,-0.0070264367,
2.33075,0.0041642059,
2.331,-0.0053488184,
2.33125,-0.0050641452,
2.3315,-0.0014346377,
2.33175,0.0056805834,
2.332,-0.0058964011,
2.33225,-0.0143912612,
2.3325,-0.0041967896,
2.33275,0.0057191597,
2.333,-0.0023322010,
2.33325,0.0029000358,
2.3335,0.0231931359,
2.33375,0.0196125638,
2.334,0.0034468975,
2.33425,0.0092191761,
2.3345,0.0159719978,
2.33475,0.0055599231,
2.335,-0.0076372214,
2.33525,0.0090823146,
2.3355,0.0219349973,
2.33575,0.0103019746,
2.336,0.0145385247,
2.33625,0.0320330076,
2.3365,0.0208019484,
2.33675,-0.0018700652,
2.337,-0.0007232641,
2.33725,0.0018508371,
2.3375,-0.0083068460,
2.33775,-0.0163589865,
2.338,0.0109110540,
2.33825,0.0159748718,
2.3385,0.0044711344,
2.33875,0.0073496257,
2.339,0.0218369514,
2.33925,0.0120938839,
2.3395,0.0016460533,
2.33975,0.0066140583,
2.34,0.0135498503,
2.34025,0.0095053520,
2.3405,0.0036668975,
2.34075,0.0120186880,
2.341,0.0200456344,
2.34125,0.0099341115,
2.3415,0.0056034210,
2.34175,0.0193249062,
2.342,0.0185732152,
2.34225,0.0105434842,
2.3425,0.0090611400,
2.34275,0.0131468987,
2.343,0.0056888349,
2.34325,0.0022395807,
2.3435,0.0024646083,
2.34375,0.0046080844,
2.344,0.0050206506,
2.34425,0.0029423498,
2.3445,0.0082783774,
2.34475,0.0070960736,
2.345,0.0027536456,
2.34525,0.0044599404,
2.3455,0.0032559941,
2.34575,-0.0105415015,
2.346,-0.0068626832,
2.34625,-0.0022713642,
2.3465,-0.0061735958,
2.34675,-0.0142409382,
2.347,-0.0076495931,
2.34725,0.0008782441,
2.3475,-0.0051648305,
2.34775,-0.0127059631,
2.348,0.0084515251,
2.34825,0.0013713378,
2.3485,-0.0088376496,
2.34875,-0.0045282794,
2.349,0.0036855738,
2.34925,-0.0027352290,
2.3495,-0.0085779773,
2.34975,0.0030893432,
2.35,0.0103167305,
2.35025,0.0069642477,
2.3505,-0.0009531740,
2.35075,0.0157344062,
2.351,0.0073369290,
2.35125,-0.0024287396,
2.3515,0.0000008396,
2.35175,0.0104979789,
2.352,0.0007722664,
2.35225,-0.0034909996,
2.3525,0.0007010454,
2.35275,0.0041674273,
2.353,0.0002734216,
2.35325,0.0002012565,
2.3535,0.0116644418,
2.35375,0.0121946316,
2.354,-0.0010058796,
2.35425,0.0008640264,
2.3545,-0.0001337337,
2.35475,-0.0028489437,
2.355,-0.0131929768,
2.35525,-0.0118599553,
2.3555,0.0018095748,
2.35575,0.0056840777,
2.356,0.0033081907,
2.35625,0.0169320293,
2.3565,0.0278939530,
2.35675,0.0187580157,
2.357,0.0046269977,
2.35725,0.0036365343,
2.3575,-0.0072987000,
2.35775,-0.0185788646,
2.358,-0.0201656651,
2.35825,0.0012553958,
2.3585,0.0042888112,
2.35875,0.0102637988,
2.359,0.0218735617,
2.35925,0.0315801762,
2.3595,0.0211897232,
2.35975,0.0046583260,
2.36,-0.0048641623,
2.36025,-0.0120544452,
2.3605,-0.0278696027,
2.36075,-0.0210309178,
2.361,-0.0001577719,
2.36125,0.0060364204,
2.3615,0.0143644474,
2.36175,0.0135197937,
2.362,0.0133441798,
2.36225,0.0012686778,
2.3625,-0.0078029470,
2.36275,-0.0142259477,
2.363,-0.0107469773,
2.36325,-0.0120426193,
2.3635,-0.0017644510,
2.36375,0.0099073630,
2.364,0.0112534044,
2.36425,0.0129754236,
2.3645,0.0069358409,
2.36475,0.0066390284,
2.365,-0.0024576350,
2.36525,-0.0090181893,
2.3655,-0.0091145895,
2.36575,0.0032364209,
2.366,-0.0020076332,
2.36625,0.0097450176,
2.3665,0.0220116079,
2.36675,0.0071405517,
2.367,-0.0076220119,
2.36725,0.0031938406,
2.3675,0.0049205953,
2.36775,-0.0088342754,
2.368,-0.0279175974,
2.36825,-0.0214405991,
2.3685,-0.0029680575,
2.36875,-0.0171528645,
2.369,-0.0203319341,
2.36925,0.0172015913,
2.3695,0.0074312976,
2.36975,-0.0151731092,
2.37,0.0002341512,
2.37025,0.0065513831,
2.3705,-0.0099377781,
2.37075,-0.0227551553,
2.371,-0.0037160886,
2.37125,0.0129810125,
2.3715,-0.0129757030,
2.37175,-0.0039094854,
2.372,0.0167885013,
2.37225,0.0109273000,
2.3725,-0.0120374672,
2.37275,-0.0054724845,
2.373,0.0022036666,
2.37325,-0.0146966530,
2.3735,-0.0263347551,
2.37375,-0.0108390991,
2.374,0.0030407587,
2.37425,-0.0054323925,
2.3745,-0.0038762661,
2.37475,0.0120847495,
2.375,0.0144365104,
2.37525,-0.0006191524,
2.3755,-0.0071644653,
2.37575,0.0023883912,
2.376,-0.0039510978,
2.37625,-0.0168827884,
2.3765,-0.0053712418,
2.37675,-0.0005512612,
2.377,-0.0040774103,
2.37725,-0.0027846033,
2.3775,-0.0015636989,
2.37775,0.0000998181,
2.378,0.0029380824,
2.37825,0.0045335088,
2.3785,0.0045766551,
2.37875,-0.0065557961,
2.379,-0.0102327205,
2.37925,-0.0115220435,
2.3795,-0.0161340032,
2.37975,-0.0242197309,
2.38,-0.0104031656,
2.38025,-0.0086211441,
2.3805,-0.0115116872,
2.38075,-0.0063791610,
2.381,-0.0014631952,
2.38125,0.0081091691,
2.3815,-0.0067157503,
2.38175,-0.0045175399,
2.382,0.0014469057,
2.38225,-0.0059215231,
2.3825,-0.0226395968,
2.38275,-0.0039654588,
2.383,0.0046711410,
2.38325,-0.0006720880,
2.3835,-0.0028709723,
2.38375,0.0033065523,
2.384,0.0063305097,
2.38425,-0.0089608161,
2.3845,-0.0209527127,
2.38475,-0.0009221808,
2.385,-0.0026230831,
2.38525,-0.0160399899,
2.3855,-0.0115688788,
2.38575,0.0014619508,
2.386,-0.0022551105,
2.38625,-0.0101290038,
2.3865,-0.0037839634,
2.38675,0.0127342734,
2.387,-0.0047616493,
2.38725,-0.0123911491,
2.3875,-0.0020381203,
2.38775,-0.0003614267,
2.388,-0.0140706785,
2.38825,-0.0137502216,
2.3885,-0.0046138875,
2.38875,0.0081667155,
2.389,-0.0028642754,
2.38925,0.0047144522,
2.3895,0.0223856084,
2.38975,0.0198434442,
2.39,0.0032861675,
2.39025,0.0000160572,
2.3905,0.0015695248,
2.39075,-0.0147220036,
2.391,-0.0282357410,
2.39125,-0.0152319800,
2.3915,-0.0016376292,
2.39175,-0.0049155895,
2.392,-0.0001360474,
2.39225,0.0208423324,
2.3925,0.0234285202,
2.39275,0.0159520749,
2.393,-0.0034335677,
2.39325,-0.0020509046,
2.3935,-0.0123775275,
2.39375,-0.0288877375,
2.394,-0.0275984239,
2.39425,-0.0027598662,
2.3945,-0.0026739854,
2.39475,-0.0015221583,
2.395,0.0004601862,
2.39525,0.0103328014,
2.3955,-0.0045774956,
2.39575,-0.0204814784,
2.396,-0.0131429806,
2.39625,-0.0122773414,
2.3965,-0.0156464465,
2.39675,-0.0128727648,
2.397,0.0080032060,
2.39725,0.0080506699,
2.3975,0.0033249147,
2.39775,0.0003185450,
2.398,0.0084826900,
2.39825,-0.0000616948,
2.3985,-0.0096498793,
2.39875,-0.0025931492,
2.399,0.0065064519,
2.39925,0.0008389390,
2.3995,-0.0016110990,
2.39975,0.0073598698,
2.4,0.0086566769,
2.40025,-0.0021011105,
2.4005,0.0026758993,
2.40075,0.0047856821,
2.401,-0.0124231409,
2.40125,-0.0222012382,
2.4015,-0.0095609054,
2.40175,-0.0094039654,
2.402,-0.0145190340,
2.40225,0.0027795495,
2.4025,0.0200477391,
2.40275,0.0040655029,
2.403,-0.0075538894,
2.40325,0.0096707037,
2.4035,0.0086609069,
2.40375,-0.0162530653,
2.404,-0.0107513918,
2.40425,0.0156290885,
2.4045,0.0147279864,
2.40475,-0.0051848087,
2.405,0.0122284573,
2.40525,0.0334395058,
2.4055,0.0100293085,
2.40575,-0.0095112352,
2.406,0.0135981087,
2.40625,0.0146823367,
2.4065,-0.0120802037,
2.40675,-0.0087235570,
2.407,0.0202269964,
2.40725,0.0118041262,
2.4075,-0.0063091908,
2.40775,0.0040775691,
2.408,0.0205205493,
2.40825,0.0015241241,
2.4085,-0.0140629672,
2.40875,0.0054637799,
2.409,0.0121816136,
2.40925,-0.0119160442,
2.4095,-0.0184067935,
2.40975,0.0083044088,
2.41,0.0088797137,
2.41025,-0.0083432207,
2.4105,0.0018009684,
2.41075,0.0151952272,
2.411,0.0054354831,
2.41125,-0.0007099031,
2.4115,0.0091824103,
2.41175,0.0124938712,
2.412,0.0035564627,
2.41225,0.0032734694,
2.4125,0.0085377758,
2.41275,0.0028591303,
2.413,-0.0007579447,
2.41325,0.0025757989,
2.4135,0.0039747050,
2.41375,-0.0045128479,
2.414,0.0035076472,
2.41425,0.0101535106,
2.4145,0.0090395054,
2.41475,0.0032697963,
2.415,0.0117764072,
2.41525,0.0108333249,
2.4155,-0.0016576876,
2.41575,-0.0089910971,
2.416,0.0022113235,
2.41625,0.0019084656,
2.4165,-0.0086999638,
2.41675,-0.0006982346,
2.417,0.0124378642,
2.41725,0.0047579878,
2.4175,-0.0017320935,
2.41775,0.0048141899,
2.418,0.0135344379,
2.41825,0.0051911892,
2.4185,-0.0046323948,
2.41875,0.0021850578,
2.419,0.0045968490,
2.41925,-0.0073844502,
2.4195,-0.0101362206,
2.41975,0.0061981864,
2.42,0.0122783883,
2.42025,0.0057573672,
2.4205,0.0059640016,
2.42075,0.0226964764,
2.421,0.0154564977,
2.42125,-0.0013367819,
2.4215,-0.0037657931,
2.42175,-0.0033218856,
2.422,-0.0106323902,
2.42225,-0.0075933286,
2.4225,0.0017071959,
2.42275,0.0226281378,
2.423,0.0272088964,
2.42325,0.0224759579,
2.4235,0.0271011703,
2.42375,0.0236313585,
2.424,0.0045371866,
2.42425,-0.0025314353,
2.4245,-0.0033451177,
2.42475,-0.0030280256,
2.425,-0.0127445152,
2.42525,-0.0024832003,
2.4255,0.0119535215,
2.42575,0.0119208088,
2.426,0.0034384970,
2.42625,0.0121041667,
2.4265,0.0097722132,
2.42675,-0.0039422442,
2.427,-0.0197753012,
2.42725,-0.0105450964,
2.4275,-0.0029050657,
2.42775,-0.0103153931,
2.428,0.0000540048,
2.42825,0.0220254287,
2.4285,0.0234365910,
2.42875,0.0107471664,
2.429,0.0090232790,
2.42925,0.0146391066,
2.4295,0.0016967303,
2.42975,-0.0100327432,
2.43,0.0003718675,
2.43025,0.0115506258,
2.4305,0.0037595909,
2.43075,0.0035416838,
2.431,0.0086450605,
2.43125,-0.0108743543,
2.4315,-0.0172127206,
2.43175,-0.0327023342,
2.432,-0.0100915367,
2.43225,-0.0284067616,
2.4325,-0.0273731835,
2.43275,-0.0200831778,
2.433,-0.0065258094,
2.43325,-0.0038474719,
2.4335,-0.0088786231,
2.43375,-0.0020720009,
2.434,0.0042798985,
2.43425,-0.0052792537,
2.4345,-0.0087070819,
2.43475,-0.0070130075,
2.435,-0.0119806901,
2.43525,-0.0097028818,
2.4355,-0.0033237757,
2.43575,0.0031692907,
2.436,-0.0036371532,
2.43625,0.0062100757,
2.4365,0.0149342716,
2.43675,0.0027163234,
2.437,-0.0147487000,
2.43725,-0.0049444949,
2.4375,0.0011640295,
2.43775,-0.0189301819,
2.438,-0.0234623924,
2.43825,0.0007156836,
2.4385,0.0123219276,
2.43875,-0.0107451975,
2.439,-0.0034498773,
2.43925,0.0223837718,
2.4395,0.0155718615,
2.43975,-0.0172459334,
2.44,-0.0047536958,
2.44025,0.0123134488,
2.4405,-0.0123197883,
2.44075,-0.0227913447,
2.441,0.0072664958,
2.44125,0.0190881491,
2.4415,-0.0007498945,
2.44175,0.0016311302,
2.442,0.0253924001,
2.44225,0.0213691853,
2.4425,-0.0062171500,
2.44275,-0.0021835971,
2.443,0.0204719435,
2.44325,0.0002863140,
2.4435,-0.0197101962,
2.44375,0.0032990654,
2.444,0.0127969701,
2.44425,-0.0097826961,
2.4445,-0.0070903739,
2.44475,0.0147943767,
2.445,0.0133728087,
2.44525,-0.0068848305,
2.4455,0.0067886249,
2.44575,0.0225951113,
2.446,0.0088348938,
2.44625,-0.0018533325,
2.4465,0.0105046760,
2.44675,0.0070640938,
2.447,-0.0059331218,
2.44725,0.0023369382,
2.4475,0.0120953806,
2.44775,0.0081498809,
2.448,0.0073769456,
2.44825,0.0086290631,
2.4485,0.0105852503,
2.44875,-0.0031516450,
2.449,-0.0071697030,
2.44925,-0.0050653168,
2.4495,-0.0083441213,
2.44975,-0.0158497151,
2.45,-0.0013281138,
2.45025,0.0010980943,
2.4505,-0.0004567184,
2.45075,0.0007929103,
2.451,0.0056048967,
2.45125,-0.0043989150,
2.4515,-0.0104777655,
2.45175,-0.0085333707,
2.452,-0.0030864389,
2.45225,-0.0118886065,
2.4525,-0.0108436393,
2.45275,-0.0022136387,
2.453,-0.0001890456,
2.45325,-0.0110508520,
2.4535,-0.0136559447,
2.45375,-0.0040406496,
2.454,-0.0053091012,
2.45425,-0.0173191652,
2.4545,-0.0130683240,
2.45475,-0.0101400949,
2.455,-0.0178701263,
2.45525,-0.0302765444,
2.4555,-0.0122705866,
2.45575,-0.0047375755,
2.456,-0.0053289621,
2.45625,-0.0051628482,
2.4565,0.0036140976,
2.45675,0.0020672067,
2.457,-0.0163093749,
2.45725,-0.0178447198,
2.4575,-0.0217515565,
2.45775,-0.0243496113,
2.458,-0.0330536515,
2.45825,-0.0211854428,
2.4585,-0.0114036584,
2.45875,-0.0011411470,
2.459,-0.0015154704,
2.45925,0.0074079111,
2.4595,0.0131992325,
2.45975,0.0010518789,
2.46,-0.0096418997,
2.46025,-0.0126461582,
2.4605,-0.0210443810,
2.46075,-0.0215749033,
2.461,-0.0229887459,
2.46125,-0.0093693184,
2.4615,0.0054887473,
2.46175,0.0080890544,
2.462,-0.0013302423,
2.46225,0.0104662543,
2.4625,0.0070352205,
2.46275,-0.0079608243,
2.463,-0.0206472054,
2.46325,-0.0108615877,
2.4635,-0.0119772283,
2.46375,-0.0186311398,
2.464,-0.0089452630,
2.46425,0.0157001130,
2.4645,0.0165410973,
2.46475,0.0019422417,
2.465,0.0143036572,
2.46525,0.0080253687,
2.4655,-0.0020254757,
2.46575,-0.0131311156,
2.466,0.0043688556,
2.46625,0.0086385254,
2.4665,0.0106197912,
2.46675,0.0033872903,
2.467,0.0276156887,
2.46725,0.0071889344,
2.4675,-0.0055960217,
2.46775,-0.0054396428,
2.468,-0.0048434627,
2.46825,-0.0073686736,
2.4685,-0.0089516062,
2.46875,0.0051133470,
2.469,0.0134959146,
2.46925,0.0160670578,
2.4695,0.0110420687,
2.46975,0.0209889635,
2.47,0.0112667968,
2.47025,0.0111394934,
2.4705,0.0148785217,
2.47075,0.0053020418,
2.471,-0.0025109539,
2.47125,0.0070184097,
2.4715,0.0116907256,
2.47175,0.0024073538,
2.472,0.0068257293,
2.47225,0.0201667510,
2.4725,0.0179708172,
2.47275,0.0007064311,
2.473,0.0017311529,
2.47325,0.0192422643,
2.4735,-0.0006642895,
2.47375,-0.0164176263,
2.474,0.0063741771,
2.47425,0.0150797442,
2.4745,-0.0084605971,
2.47475,0.0006066529,
2.475,0.0250230953,
2.47525,0.0151256183,
2.4755,-0.0138747003,
2.47575,-0.0090563260,
2.476,0.0039155353,
2.47625,-0.0113576520,
2.4765,-0.0296661779,
2.47675,0.0030461806,
2.477,0.0154977012,
2.47725,-0.0076582124,
2.4775,-0.0086390786,
2.47775,0.0228740256,
2.478,0.0149054881,
2.47825,-0.0099507859,
2.4785,-0.0090304473,
2.47875,0.0106973117,
2.479,-0.0083259763,
2.47925,-0.0276414100,
2.4795,-0.0095865000,
2.47975,0.0025742939,
2.48,-0.0162289683,
2.48025,-0.0165833309,
2.4805,-0.0073977322,
2.48075,-0.0025057774,
2.481,-0.0133535415,
2.48125,-0.0040000114,
2.4815,-0.0005742617,
2.48175,-0.0052535441,
2.482,-0.0132811386,
2.48225,-0.0067543443,
2.4825,-0.0086314613,
2.48275,-0.0101520587,
2.483,-0.0069717346,
2.48325,0.0039133672,
2.4835,0.0104008382,
2.48375,0.0080923280,
2.484,0.0153399017,
2.48425,0.0158883464,
2.4845,0.0110439966,
2.48475,0.0097821858,
2.485,0.0074959900,
2.48525,-0.0022972333,
2.4855,0.0000155443,
2.48575,0.0029809102,
2.486,0.0110095926,
2.48625,0.0064311614,
2.4865,0.0099356659,
2.48675,0.0091240248,
2.487,0.0074502239,
2.48725,-0.0035503993,
2.4875,-0.0021213507,
2.48775,0.0003884730,
2.488,-0.0078316443,
2.48825,-0.0147540979,
2.4885,-0.0081061563,
2.48875,-0.0028624898,
2.489,-0.0042798417,
2.48925,0.0027359198,
2.4895,0.0238248333,
2.48975,0.0224586762,
2.49,0.0153585942,
2.49025,0.0172400493,
2.4905,0.0124469493,
2.49075,-0.0048060347,
2.491,-0.0104416572,
2.49125,-0.0052521108,
2.4915,0.0026276384,
2.49175,0.0027725964,
2.492,0.0131097417,
2.49225,0.0304414742,
2.4925,0.0243877172,
2.49275,0.0202352665,
2.493,0.0194641501,
2.49325,0.0149183627,
2.4935,-0.0017952572,
2.49375,-0.0123304576,
2.494,-0.0152799916,
2.49425,-0.0045717373,
2.4945,-0.0024766088,
2.49475,0.0149797238,
2.495,0.0172216650,
2.49525,0.0224241074,
2.4955,0.0162784066,
2.49575,0.0048262738,
2.496,-0.0078636631,
2.49625,-0.0080056945,
2.4965,-0.0129656959,
2.49675,-0.0133764604,
2.497,-0.0016817811,
2.49725,0.0109349694,
2.4975,0.0065821148,
2.49775,-0.0051179780,
2.498,0.0053654183,
2.49825,0.0014370766,
2.4985,-0.0038648231,
2.49875,-0.0076534599,
2.499,0.0063492800,
2.49925,0.0035150037,
2.4995,0.0068846107,
2.49975,0.0086075272,
2.5,0.0237737522,
2.50025,0.0147214141,
2.5005,0.0039962567,
2.50075,0.0104070930,
2.501,0.0208081212,
2.50125,0.0011918870,
2.5015,-0.0006572937,
2.50175,0.0131831961,
2.502,0.0080199549,
2.50225,-0.0007385766,
2.5025,0.0011957161,
2.50275,0.0104674958,
2.503,0.0148240393,
2.50325,0.0023431291,
2.5035,0.0033598556,
2.50375,0.0021423055,
2.504,-0.0081030754,
2.50425,-0.0116671072,
2.5045,-0.0060904962,
2.50475,-0.0060338243,
2.505,0.0028440687,
2.50525,0.0110522853,
2.5055,0.0093269153,
2.50575,0.0007261226,
2.506,0.0002637444,
2.50625,0.0033047772,
2.5065,-0.0051414152,
2.50675,-0.0123341093,
2.507,0.0066953949,
2.50725,0.0132869426,
2.5075,-0.0035561570,
2.50775,0.0045886454,
2.508,0.0172188673,
2.50825,0.0039989566,
2.5085,-0.0173449367,
2.50875,-0.0064640236,
2.509,0.0032208438,
2.50925,-0.0143395755,
2.5095,-0.0152125545,
2.50975,0.0042804908,
2.51,0.0070430008,
2.51025,-0.0198624171,
2.5105,-0.0136223100,
2.51075,0.0092816632,
2.511,-0.0068814978,
2.51125,-0.0280895643,
2.5115,-0.0033005907,
2.51175,0.0043696044,
2.512,-0.0120098647,
2.51225,-0.0231167004,
2.5125,0.0072794333,
2.51275,0.0032067262,
2.513,-0.0164625421,
2.51325,-0.0131265484,
2.5135,0.0049011922,
2.51375,-0.0038584331,
2.514,-0.0185439158,
2.51425,-0.0042219036,
2.5145,0.0031888925,
2.51475,-0.0073763872,
2.515,-0.0124213304,
2.51525,-0.0072664889,
2.5155,-0.0083324052,
2.51575,-0.0140664913,
2.516,-0.0142142186,
2.51625,-0.0121576376,
2.5165,-0.0075318580,
2.51675,-0.0173095092,
2.517,-0.0074002421,
2.51725,-0.0093179736,
2.5175,-0.0069042742,
2.51775,-0.0067934063,
2.518,-0.0022673535,
2.51825,-0.0093385316,
2.5185,-0.0020780684,
2.51875,-0.0076248785,
2.519,-0.0082688956,
2.51925,-0.0106317094,
2.5195,-0.0061428426,
2.51975,-0.0018053278,
2.52,-0.0005120869,
2.52025,0.0048092338,
2.5205,0.0103795612,
2.52075,0.0036149065,
2.521,-0.0019761552,
2.52125,-0.0055053714,
2.5215,0.0011915439,
2.52175,-0.0023177045,
2.522,-0.0065282369,
2.52225,0.0051211845,
2.5225,0.0179564767,
2.52275,0.0094464747,
2.523,0.0103372419,
2.52325,0.0229418203,
2.5235,0.0154281724,
2.52375,-0.0036219419,
2.524,-0.0054010954,
2.52425,0.0027394625,
2.5245,-0.0066009648,
2.52475,-0.0117840376,
2.525,0.0094019342,
2.52525,0.0226945784,
2.5255,0.0206021070,
2.52575,0.0231555644,
2.526,0.0323968679,
2.52625,0.0262191594,
2.5265,0.0033140599,
2.52675,-0.0090504847,
2.527,-0.0045849378,
2.52725,-0.0263733938,
2.5275,-0.0281363726,
2.52775,-0.0085557811,
2.528,0.0057743909,
2.52825,0.0051937466,
2.5285,0.0298163928,
2.52875,0.0245484356,
2.529,0.0252090432,
2.52925,-0.0029095064,
2.5295,-0.0103753256,
2.52975,-0.0106593836,
2.53,-0.0201278552,
2.53025,-0.0090749217,
2.5305,0.0064219041,
2.53075,0.0204135180,
2.531,0.0157424603,
2.53125,0.0158792492,
2.5315,-0.0018693756,
2.53175,0.0091926716,
2.532,-0.0114479093,
2.53225,-0.0180927254,
2.5325,-0.0062948428,
2.53275,0.0068527209,
2.533,0.0055933911,
2.53325,0.0053619710,
2.5335,0.0041337395,
2.53375,0.0049906578,
2.534,-0.0061954926,
2.53425,-0.0301308651,
2.5345,-0.0098387580,
2.53475,-0.0057532336,
2.535,-0.0129833901,
2.53525,-0.0164752770,
2.5355,-0.0064798049,
2.53575,-0.0036600386,
2.536,-0.0097459257,
2.53625,-0.0141549762,
2.5365,-0.0060046464,
2.53675,-0.0030656229,
2.537,-0.0208545104,
2.53725,-0.0149731701,
2.5375,-0.0162093174,
2.53775,-0.0129914852,
2.538,-0.0110026654,
2.53825,-0.0091227544,
2.5385,0.0010430273,
2.53875,0.0027768791,
2.539,0.0019377931,
2.53925,0.0050874809,
2.5395,-0.0047541959,
2.53975,-0.0162984952,
2.54,-0.0068167434,
2.54025,-0.0099913795,
2.5405,-0.0088675674,
2.54075,0.0001090775,
2.541,0.0162136313,
2.54125,0.0105187166,
2.5415,0.0004004716,
2.54175,0.0057547884,
2.542,0.0077629606,
2.54225,-0.0161700100,
2.5425,-0.0182391740,
2.54275,-0.0016920655,
2.543,-0.0064899186,
2.54325,-0.0109004779,
2.5435,-0.0007346228,
2.54375,0.0174878258,
2.544,0.0055537024,
2.54425,-0.0104768183,
2.5445,0.0071559516,
2.54475,0.0114065260,
2.545,-0.0146228960,
2.54525,-0.0144548789,
2.5455,0.0150130959,
2.54575,0.0077514467,
2.546,-0.0090052085,
2.54625,0.0033910179,
2.5465,0.0212847665,
2.54675,0.0027482223,
2.547,-0.0060178861,
2.54725,0.0181788318,
2.5475,0.0245379824,
2.54775,0.0050539854,
2.548,0.0082473755,
2.54825,0.0241697300,
2.5485,0.0097308084,
2.54875,-0.0043805935,
2.549,0.0061762072,
2.54925,0.0105485516,
2.5495,0.0018390309,
2.54975,-0.0082366643,
2.55,0.0061154412,
2.55025,0.0095697809,
2.5505,-0.0021952412,
2.55075,-0.0000764217,
2.551,0.0164572895,
2.55125,0.0091490280,
2.5515,0.0030777392,
2.55175,0.0047787451,
2.552,0.0075645233,
2.55225,-0.0004062970,
2.5525,-0.0048162811,
2.55275,0.0000748720,
2.553,0.0087609850,
2.55325,0.0063617318,
2.5535,0.0167494174,
2.55375,0.0200988241,
2.554,0.0124803288,
2.55425,0.0088010551,
2.5545,0.0056234119,
2.55475,0.0038876049,
2.555,-0.0007083435,
2.55525,0.0015865408,
2.5555,0.0149845155,
2.55575,0.0161016602,
2.556,0.0119892992,
2.55625,0.0169902146,
2.5565,0.0208202824,
2.55675,0.0051794769,
2.557,0.0013829638,
2.55725,0.0052140881,
2.5575,0.0050705271,
2.55775,-0.0041464078,
2.558,0.0017708895,
2.55825,0.0176173095,
2.5585,0.0124529209,
2.55875,0.0090135224,
2.559,0.0217043813,
2.55925,0.0205941126,
2.5595,0.0117921038,
2.55975,0.0020266210,
2.56,0.0040083155,
2.56025,-0.0093688387,
2.5605,-0.0234391131,
2.56075,-0.0178829487,
2.561,-0.0008130633,
2.56125,-0.0043196282,
2.5615,0.0072509851,
2.56175,0.0217041578,
2.562,0.0221358389,
2.56225,0.0089034429,
2.5625,-0.0025989204,
2.56275,-0.0157348588,
2.563,-0.0262900461,
2.56325,-0.0342974365,
2.5635,-0.0228469484,
2.56375,-0.0070024417,
2.564,0.0010021401,
2.56425,0.0142719578,
2.5645,0.0141904876,
2.56475,0.0139574893,
2.565,0.0038845711,
2.56525,-0.0152661931,
2.5655,-0.0258773398,
2.56575,-0.0036358729,
2.566,-0.0110286865,
2.56625,-0.0019111544,
2.5665,0.0115547413,
2.56675,0.0202324353,
2.567,0.0029733889,
2.56725,-0.0057993857,
2.5675,-0.0028064058,
2.56775,0.0011535583,
2.568,-0.0100656273,
2.56825,-0.0158485118,
2.5685,0.0081859026,
2.56875,0.0058578793,
2.569,-0.0071346881,
2.56925,-0.0069368389,
2.5695,0.0121223480,
2.56975,0.0112779457,
2.57,-0.0049878140,
2.57025,-0.0118065067,
2.5705,0.0083470969,
2.57075,-0.0021820858,
2.571,-0.0202446878,
2.57125,-0.0070746634,
2.5715,0.0095563252,
2.57175,0.0092018675,
2.572,0.0066142553,
2.57225,0.0112946564,
2.5725,0.0164119378,
2.57275,0.0065886816,
2.573,-0.0082847830,
2.57325,-0.0016678295,
2.5735,-0.0006542015,
2.57375,0.0008897273,
2.574,0.0072729792,
2.57425,0.0185323060,
2.5745,0.0145753762,
2.57475,0.0110160522,
2.575,0.0105349589,
2.57525,0.0044435132,
2.5755,-0.0084721716,
2.57575,-0.0042090239,
2.576,0.0063151624,
2.57625,-0.0005989354,
2.5765,0.0056482609,
2.57675,0.0180468224,
2.577,0.0179748256,
2.57725,0.0047354512,
2.5775,0.0013763235,
2.57775,0.0066022491,
2.578,-0.0037579609,
2.57825,-0.0148906000,
2.5785,-0.0067135934,
2.57875,0.0025651001,
2.579,-0.0054974267,
2.57925,-0.0044029909,
2.5795,0.0216199756,
2.57975,0.0203645881,
2.58,0.0057608476,
2.58025,0.0130184172,
2.5805,0.0278081447,
2.58075,0.0117117502,
2.581,-0.0076589319,
2.58125,0.0105850901,
2.5815,0.0218000598,
2.58175,-0.0048267911,
2.582,-0.0072800689,
2.58225,0.0147666130,
2.5825,0.0095033795,
2.58275,-0.0103851464,
2.583,-0.0032466257,
2.58325,0.0083226068,
2.5835,0.0043690517,
2.58375,-0.0203472488,
2.584,-0.0066633220,
2.58425,0.0114655048,
2.5845,-0.0151163144,
2.58475,-0.0191341937,
2.585,-0.0017032871,
2.58525,-0.0051188772,
2.5855,-0.0171443243,
2.58575,-0.0142193884,
2.586,-0.0032671550,
2.58625,-0.0016547019,
2.5865,-0.0116596911,
2.58675,-0.0012524560,
2.587,0.0044448413,
2.58725,-0.0097040078,
2.5875,-0.0116479965,
2.58775,-0.0062525924,
2.588,-0.0132041462,
2.58825,-0.0168955326,
2.5885,-0.0182370804,
2.58875,-0.0116023384,
2.589,-0.0063121268,
2.58925,-0.0125519456,
2.5895,0.0003561592,
2.58975,0.0068733939,
2.59,0.0016598817,
2.59025,-0.0078676464,
2.5905,-0.0053480663,
2.59075,-0.0146276020,
2.591,-0.0221585743,
2.59125,-0.0220936891,
2.5915,-0.0136103127,
2.59175,-0.0168388672,
2.592,-0.0128185973,
2.59225,0.0039601638,
2.5925,0.0050709611,
2.59275,-0.0009901301,
2.593,0.0020703692,
2.59325,-0.0034098099,
2.5935,-0.0121740662,
2.59375,-0.0257023256,
2.594,-0.0198434778,
2.59425,-0.0088701826,
2.5945,-0.0187398661,
2.59475,-0.0128323203,
2.595,0.0100004571,
2.59525,0.0043695578,
2.5955,-0.0049152309,
2.59575,0.0025233396,
2.596,0.0023044441,
2.59625,-0.0191023983,
2.5965,-0.0245421007,
2.59675,-0.0160947833,
2.597,-0.0072147814,
2.59725,-0.0105346311,
2.5975,0.0007401842,
2.59775,0.0187236518,
2.598,0.0077358955,
2.59825,-0.0018145749,
2.5985,-0.0059837773,
2.59875,-0.0131399389,
2.599,-0.0177228805,
2.59925,-0.0159344207,
2.5995,-0.0068795038,
2.59975,0.0095919417,
2.6,0.0044789677,
2.60025,-0.0012164151,
2.6005,0.0029098578,
2.60075,0.0074393591,
2.601,-0.0051972857,
2.60125,-0.0022475133,
2.6015,-0.0032583484,
2.60175,0.0084966198,
2.602,0.0048777205,
2.60225,-0.0020419455,
2.6025,0.0078329733,
2.60275,0.0129815154,
2.603,0.0001558946,
2.60325,-0.0100383339,
2.6035,-0.0049785874,
2.60375,0.0010273152,
2.604,-0.0088984752,
2.60425,-0.0244469456,
2.6045,-0.0044081463,
2.60475,0.0030817622,
2.605,-0.0115025043,
2.60525,-0.0106783863,
2.6055,0.0069207442,
2.60575,0.0134578254,
2.606,0.0078320699,
2.60625,-0.0061971666,
2.6065,0.0060249753,
2.60675,-0.0022502530,
2.607,-0.0146862110,
2.60725,-0.0140017867,
2.6075,0.0050393348,
2.60775,0.0143983271,
2.608,0.0035181225,
2.60825,0.0105849039,
2.6085,0.0182525162,
2.60875,0.0130506624,
2.609,0.0007218835,
2.60925,-0.0023349100,
2.6095,-0.0088672210,
2.60975,-0.0152992457,
2.61,-0.0053523825,
2.61025,-0.0049739429,
2.6105,-0.0001237540,
2.61075,0.0054686232,
2.611,0.0025502490,
2.61125,0.0015201049,
2.6115,-0.0040451214,
2.61175,0.0023023593,
2.612,0.0016935183,
2.61225,-0.0087960884,
2.6125,-0.0034527518,
2.61275,0.0012427965,
2.613,-0.0013483989,
2.61325,-0.0104725035,
2.6135,0.0098666819,
2.61375,0.0121636763,
2.614,0.0030225932,
2.61425,0.0010835902,
2.6145,0.0217517465,
2.61475,0.0155450357,
2.615,-0.0099268360,
2.61525,-0.0013710302,
2.6155,0.0132963266,
2.61575,-0.0084351823,
2.616,-0.0191502199,
2.61625,0.0034254221,
2.6165,0.0135046253,
2.61675,-0.0050502606,
2.617,-0.0026558235,
2.61725,0.0121012134,
2.6175,0.0208823960,
2.61775,-0.0056641386,
2.618,-0.0032643760,
2.61825,0.0148495063,
2.6185,0.0009751078,
2.61875,-0.0254507251,
2.619,-0.0096402168,
2.61925,0.0002024310,
2.6195,-0.0065121264,
2.61975,-0.0120216329,
2.62,0.0124791814,
2.62025,0.0213682856,
2.6205,0.0076545491,
2.62075,-0.0073889466,
2.621,0.0097956052,
2.62125,-0.0053750719,
2.6215,-0.0251999050,
2.62175,-0.0247819498,
2.622,-0.0150048099,
2.62225,0.0007159035,
2.6225,-0.0078153582,
2.62275,0.0023058327,
2.623,0.0111663062,
2.62325,0.0057942071,
2.6235,-0.0186593197,
2.62375,-0.0106953317,
2.624,-0.0112566724,
2.62425,-0.0159634650,
2.6245,-0.0164778382,
2.62475,-0.0042429999,
2.625,0.0011846682,
2.62525,0.0000038369,
2.6255,0.0055972748,
2.62575,0.0133535657,
2.626,0.0070423754,
2.62625,0.0054521933,
2.6265,0.0046310402,
2.62675,-0.0060313046,
2.627,-0.0112216324,
2.62725,-0.0110454280,
2.6275,-0.0104014259,
2.62775,-0.0087489830,
2.628,-0.0063323504,
2.62825,0.0142876990,
2.6285,0.0141695254,
2.62875,0.0130353393,
2.629,0.0130128302,
2.62925,0.0087858299,
2.6295,-0.0090619102,
2.62975,-0.0205418207,
2.63,-0.0140040442,
2.63025,-0.0169871021,
2.6305,-0.0145019209,
2.63075,-0.0025265969,
2.631,0.0176443830,
2.63125,0.0130339200,
2.6315,0.0178931952,
2.63175,0.0185174402,
2.632,0.0132783018,
2.63225,-0.0038338215,
2.6325,-0.0018236758,
2.63275,0.0003640887,
2.633,0.0083118109,
2.63325,0.0012799804,
2.6335,0.0135107068,
2.63375,0.0195307992,
2.634,0.0213824697,
2.63425,0.0163137820,
2.6345,0.0124450158,
2.63475,0.0186791401,
2.635,0.0097280964,
2.63525,0.0013462461,
2.6355,0.0038446949,
2.63575,0.0190802254,
2.636,0.0140602756,
2.63625,0.0134046050,
2.6365,0.0131085236,
2.63675,0.0273405667,
2.637,0.0172518082,
2.63725,-0.0014913587,
2.6375,0.0065158731,
2.63775,0.0209650062,
2.638,0.0039116824,
2.63825,-0.0045555402,
2.6385,0.0170083791,
2.63875,0.0313466303,
2.639,0.0180477090,
2.63925,0.0074964012,
2.6395,0.0207121018,
2.63975,0.0187271498,
2.64,-0.0033622633,
2.64025,-0.0061097313,
2.6405,0.0084980046,
2.64075,0.0057039149,
2.641,0.0011830117,
2.64125,0.0056554703,
2.6415,0.0163219422,
2.64175,0.0148207704,
2.642,0.0016193942,
2.64225,0.0027925665,
2.6425,0.0018120912,
2.64275,-0.0077904435,
2.643,-0.0074689789,
2.64325,0.0019586931,
2.6435,0.0055170427,
2.64375,0.0034763739,
2.644,0.0035379119,
2.64425,0.0039473148,
2.6445,0.0068760589,
2.64475,0.0027835052,
2.645,-0.0020035466,
2.64525,-0.0119837923,
2.6455,-0.0205952264,
2.64575,-0.0168219730,
2.646,-0.0219607074,
2.64625,-0.0195954405,
2.6465,-0.0124336509,
2.64675,-0.0009030456,
2.647,-0.0079138409,
2.64725,-0.0145548061,
2.6475,-0.0046307752,
2.64775,0.0032293622,
2.648,-0.0128689371,
2.64825,-0.0217269156,
2.6485,0.0000842336,
2.64875,-0.0026563136,
2.649,-0.0316800065,
2.64925,-0.0217333436,
2.6495,0.0044922181,
2.64975,-0.0027255230,
2.65,-0.0255396366,
2.65025,-0.0044895620,
2.6505,0.0077437535,
2.65075,-0.0110706221,
2.651,-0.0251503680,
2.65125,0.0003946330,
2.6515,0.0064875628,
2.65175,-0.0220081694,
2.652,-0.0275364127,
2.65225,0.0004011520,
2.6525,-0.0127466163,
2.65275,-0.0324078426,
2.653,-0.0108874226,
2.65325,0.0158971641,
2.6535,-0.0035681762,
2.65375,-0.0156838428,
2.654,0.0047255969,
2.65425,0.0173211880,
2.6545,-0.0097814016,
2.65475,-0.0175368283,
2.655,-0.0003743795,
2.65525,0.0022882593,
2.6555,-0.0084147938,
2.65575,0.0010999439,
2.656,0.0168902483,
2.65625,0.0225954540,
2.6565,0.0163831413,
2.65675,0.0056425175,
2.657,0.0090600001,
2.65725,0.0109577365,
2.6575,-0.0030320729,
2.65775,0.0004766451,
2.658,0.0017532916,
2.65825,0.0081431502,
2.6585,0.0089919772,
2.65875,0.0097627454,
2.659,0.0207166784,
2.65925,0.0334763490,
2.6595,0.0225610211,
2.65975,0.0173905846,
2.66,0.0095535684,
2.66025,-0.0013076229,
2.6605,-0.0044928500,
2.66075,-0.0109907538,
2.661,-0.0107480381,
2.66125,0.0020197362,
2.6615,0.0083443392,
2.66175,0.0138037726,
2.662,0.0192060340,
2.66225,0.0203314684,
2.6625,0.0203576479,
2.66275,0.0062347418,
2.663,-0.0095310425,
2.66325,-0.0173169449,
2.6635,-0.0276550073,
2.66375,-0.0226039886,
2.664,-0.0051104655,
2.66425,0.0063077710,
2.6645,0.0156386700,
2.66475,0.0310623161,
2.665,0.0240607578,
2.66525,0.0064780787,
2.6655,-0.0068855542,
2.66575,-0.0129440967,
2.666,-0.0181337539,
2.66625,-0.0281404890,
2.6665,-0.0207216069,
2.66675,-0.0009587028,
2.667,0.0005468260,
2.66725,-0.0076915179,
2.6675,-0.0090371398,
2.66775,-0.0082108583,
2.668,-0.0177468155,
2.66825,-0.0246722642,
2.6685,-0.0087519288,
2.66875,0.0006334822,
2.669,-0.0044864630,
2.66925,-0.0123007055,
2.6695,-0.0055980305,
2.66975,-0.0083530210,
2.67,-0.0142130107,
2.67025,-0.0209009349,
2.6705,-0.0063701868,
2.67075,0.0029759859,
2.671,-0.0115240412,
2.67125,-0.0175790638,
2.6715,0.0015903823,
2.67175,0.0004169286,
2.672,-0.0143828327,
2.67225,-0.0090419436,
2.6725,0.0123459082,
2.67275,0.0153392591,
2.673,-0.0158976354,
2.67325,-0.0109959897,
2.6735,0.0062262472,
2.67375,-0.0121244229,
2.674,-0.0270039383,
2.67425,-0.0043016905,
2.6745,0.0193517227,
2.67475,0.0133749852,
2.675,0.0077226101,
2.67525,0.0113831311,
2.6755,0.0140606482,
2.67575,-0.0163179580,
2.676,-0.0210133083,
2.67625,0.0000197757,
2.6765,-0.0051694461,
2.67675,-0.0054932190,
2.677,0.0082735708,
2.67725,0.0095755849,
2.6775,-0.0007805239,
2.67775,-0.0067258398,
2.678,-0.0089654997,
2.67825,-0.0111559574,
2.6785,-0.0288007297,
2.67875,-0.0175926201,
2.679,-0.0184324030,
2.67925,-0.0204425417,
2.6795,-0.0102498792,
2.67975,0.0037336103,
2.68,-0.0023974534,
2.68025,-0.0024608476,
2.6805,0.0007455292,
2.68075,0.0057783495,
2.681,-0.0026540679,
2.68125,-0.0041221250,
2.6815,0.0073547941,
2.68175,0.0071175094,
2.682,-0.0069450615,
2.68225,0.0036070030,
2.6825,0.0184979830,
2.68275,0.0053782249,
2.683,0.0028057224,
2.68325,0.0170999989,
2.6835,0.0172103792,
2.68375,-0.0094214072,
2.684,-0.0089019379,
2.68425,0.0095678829,
2.6845,0.0063224183,
2.68475,-0.0157119241,
2.685,-0.0045298920,
2.68525,0.0138575621,
2.6855,-0.0043290178,
2.68575,-0.0206605084,
2.686,0.0012917513,
2.68625,0.0138486568,
2.6865,-0.0058566602,
2.68675,-0.0121991970,
2.687,0.0141906813,
2.68725,0.0185999535,
2.6875,-0.0074053765,
2.68775,-0.0083008511,
2.688,0.0114269508,
2.68825,-0.0020346616,
2.6885,-0.0140473284,
2.68875,-0.0009206632,
2.689,0.0226210430,
2.68925,0.0179382432,
2.6895,0.0082580829,
2.68975,0.0211098064,
2.69,0.0205018949,
2.69025,0.0035430272,
2.6905,-0.0077823228,
2.69075,0.0010828336,
2.691,0.0069070375,
2.69125,-0.0052380380,
2.6915,0.0028969601,
2.69175,0.0171710663,
2.692,0.0151224723,
2.69225,0.0054160757,
2.6925,0.0146044828,
2.69275,0.0125940014,
2.693,0.0027346364,
2.69325,-0.0084107565,
2.6935,-0.0106388936,
2.69375,-0.0079042437,
2.694,-0.0156261958,
2.69425,-0.0114989039,
2.6945,0.0101174405,
2.69475,0.0176801551,
2.695,0.0203009024,
2.69525,0.0270762928,
2.6955,0.0250918344,
2.69575,0.0176556762,
2.696,0.0030329269,
2.69625,-0.0119315917,
2.6965,-0.0205231067,
2.69675,-0.0242518727,
2.697,-0.0206400082,
2.69725,-0.0044004582,
2.6975,0.0014139684,
2.69775,0.0183842648,
2.698,0.0241263118,
2.69825,0.0157206897,
2.6985,0.0178427789,
2.69875,0.0036298085,
2.699,-0.0155136567,
2.69925,-0.0215797890,
2.6995,-0.0101904869,
2.69975,-0.0060559632,
2.7,0.0039162259,
2.70025,0.0167438369,
2.7005,0.0290624648,
2.70075,0.0116391676,
2.701,0.0008269429,
2.70125,0.0045875926,
2.7015,-0.0003284276,
2.70175,-0.0110833449,
2.702,-0.0046924460,
2.70225,0.0052129109,
2.7025,0.0169987902,
2.70275,0.0047827428,
2.703,0.0059840595,
2.70325,0.0107303094,
2.7035,0.0015491642,
2.70375,-0.0116333654,
2.704,-0.0158313736,
2.70425,-0.0164111927,
2.7045,-0.0045783636,
2.70475,-0.0138589274,
2.705,-0.0269650221,
2.70525,-0.0130203282,
2.7055,0.0039627082,
2.70575,-0.0165999997,
2.706,-0.0149876913,
2.70625,-0.0044124671,
2.7065,0.0222417712,
2.70675,-0.0312856063,
2.707,-0.0381075069,
2.70725,-0.0198106207,
2.7075,-0.0148581024,
2.70775,-0.0149440430,
2.708,0.0022963739,
2.70825,0.0196498279,
2.7085,0.0172390193,
2.70875,0.0082624061,
2.709,0.0002503878,
2.70925,0.0032784219,
2.7095,-0.0110957753,
2.70975,-0.0237185918,
2.71,-0.0004128078,
2.71025,-0.0029746564,
2.7105,-0.0041973451,
2.71075,0.0123231839,
2.711,0.0178135596,
2.71125,0.0085767396,
2.7115,0.0014119339,
2.71175,0.0071465764,
2.712,-0.0032342696,
2.71225,-0.0125303781,
2.7125,-0.0094375005,
2.71275,0.0085581224,
2.713,0.0074246097,
2.71325,0.0072494289,
2.7135,0.0166609325,
2.71375,0.0225042086,
2.714,0.0178224333,
2.71425,0.0148966238,
2.7145,0.0167011600,
2.71475,0.0201273728,
2.715,0.0027248485,
2.71525,0.0089371176,
2.7155,0.0167016499,
2.71575,0.0072745923,
2.716,0.0041552056,
2.71625,0.0185661074,
2.7165,0.0132066794,
2.71675,0.0030789489,
2.717,0.0079492861,
2.71725,0.0230693799,
2.7175,0.0144214546,
2.71775,0.0039810464,
2.718,0.0197212752,
2.71825,0.0203068964,
2.7185,0.0004208577,
2.71875,-0.0041209119,
2.719,0.0092118941,
2.71925,0.0086330706,
2.7195,-0.0058004269,
2.71975,0.0022637881,
2.72,0.0183946788,
2.72025,0.0069322567,
2.7205,-0.0060195713,
2.72075,0.0131653491,
2.721,0.0155927530,
2.72125,-0.0026991183,
2.7215,-0.0083622448,
2.72175,0.0081978580,
2.722,0.0078575490,
2.72225,-0.0016032015,
2.7225,0.0045792544,
2.72275,0.0211587828,
2.723,0.0140199428,
2.72325,-0.0029380412,
2.7235,0.0040737041,
2.72375,-0.0000123088,
2.724,-0.0062253624,
2.72425,-0.0135377236,
2.7245,-0.0110260192,
2.72475,0.0010241127,
2.725,-0.0045923921,
2.72525,-0.0090206051,
2.7255,0.0010073865,
2.72575,0.0030735596,
2.726,-0.0101562263,
2.72625,-0.0098262802,
2.7265,-0.0162827186,
2.72675,-0.0195474457,
2.727,-0.0230723880,
2.72725,-0.0223613139,
2.7275,-0.0125551680,
2.72775,-0.0079579903,
2.728,-0.0112171648,
2.72825,-0.0000896060,
2.7285,0.0007006860,
2.72875,0.0001452567,
2.729,-0.0031068909,
2.72925,-0.0082605407,
2.7295,-0.0223338027,
2.72975,-0.0301111452,
2.73,-0.0357124358,
2.73025,-0.0293477979,
2.7305,-0.0291433204,
2.73075,-0.0202206504,
2.731,-0.0031723133,
2.73125,0.0039303415,
2.7315,0.0091462620,
2.73175,0.0156567656,
2.732,0.0100726839,
2.73225,-0.0058986968,
2.7325,-0.0170478486,
2.73275,-0.0193089787,
2.733,-0.0213930532,
2.73325,-0.0063020252,
2.7335,0.0106323399,
2.73375,0.0149456607,
2.734,0.0177896507,
2.73425,0.0141045749,
2.7345,0.0059633553,
2.73475,-0.0085858284,
2.735,-0.0183102097,
2.73525,-0.0163136702,
2.7355,-0.0111510679,
2.73575,-0.0171412714,
2.736,0.0004660513,
2.73625,0.0115567120,
2.7365,0.0080662072,
2.73675,-0.0035562089,
2.737,-0.0025397632,
2.73725,-0.0050114044,
2.7375,-0.0033902074,
2.73775,-0.0092249922,
2.738,0.0018431435,
2.73825,0.0080021163,
2.7385,0.0130857471,
2.73875,0.0077269478,
2.739,0.0017707311,
2.73925,0.0115551231,
2.7395,0.0120757427,
2.73975,-0.0066875778,
2.74,-0.0177168790,
2.74025,0.0066355425,
2.7405,-0.0048119258,
2.74075,-0.0283549428,
2.741,-0.0061125951,
2.74125,0.0183056295,
2.7415,0.0053817523,
2.74175,-0.0092527596,
2.742,0.0026226148,
2.74225,0.0157600194,
2.7425,-0.0075570252,
2.74275,-0.0168861281,
2.743,0.0032869428,
2.74325,0.0102605969,
2.7435,-0.0050319480,
2.74375,0.0118658245,
2.744,0.0330094397,
2.74425,0.0204800591,
2.7445,0.0078788213,
2.74475,0.0118157677,
2.745,0.0120965028,
2.74525,-0.0123203872,
2.7455,-0.0121899638,
2.74575,0.0112226475,
2.746,0.0040526153,
2.74625,-0.0054579228,
2.7465,0.0027103354,
2.74675,0.0151144946,
2.747,0.0011704293,
2.74725,-0.0046802401,
2.7475,0.0026435580,
2.74775,0.0054326053,
2.748,-0.0097088348,
2.74825,-0.0176739022,
2.7485,-0.0003782183,
2.74875,0.0050671380,
2.749,-0.0015938759,
2.74925,0.0108589455,
2.7495,0.0250832010,
2.74975,0.0215093438,
2.75,0.0043582167,
2.75025,0.0155618861,
2.7505,0.0121964402,
2.75075,0.0008238182,
2.751,-0.0058397651,
2.75125,0.0032134240,
2.7515,-0.0065440359,
2.75175,-0.0069487416,
2.752,0.0003485762,
2.75225,0.0081386147,
2.7525,-0.0097026285,
2.75275,-0.0096403109,
2.753,-0.0036642991,
2.75325,-0.0077592218,
2.7535,-0.0249956660,
2.75375,-0.0143246800,
2.754,-0.0022641437,
2.75425,-0.0206665993,
2.7545,-0.0255137701,
2.75475,-0.0052793240,
2.755,0.0037790092,
2.75525,-0.0114426073,
2.7555,-0.0069230609,
2.75575,0.0063608130,
2.756,0.0059065837,
2.75625,-0.0137363374,
2.7565,-0.0021187135,
2.75675,0.0088154776,
2.757,-0.0036990398,
2.75725,-0.0109639214,
2.7575,0.0012119296,
2.75775,0.0046890634,
2.758,-0.0068762377,
2.75825,-0.0115723452,
2.7585,-0.0021598036,
2.75875,0.0041848924,
2.759,-0.0111365328,
2.75925,-0.0069414242,
2.7595,0.0036160229,
2.75975,-0.0051068240,
2.76,-0.0152683053,
2.76025,-0.0126095908,
2.7605,-0.0091582239,
2.76075,-0.0131612923,
2.761,-0.0102174561,
2.76125,-0.0051735551,
2.7615,0.0063265669,
2.76175,0.0011478714,
2.762,0.0048031267,
2.76225,0.0053408691,
2.7625,0.0000342801,
2.76275,-0.0099243699,
2.763,-0.0079608737,
2.76325,-0.0090035191,
2.7635,-0.0079771727,
2.76375,-0.0039294781,
2.764,0.0098871160,
2.76425,0.0179541409,
2.7645,0.0192762762,
2.76475,0.0116258571,
2.765,0.0181275699,
2.76525,-0.0007016036,
2.7655,-0.0109655056,
2.76575,-0.0223710928,
2.766,-0.0143252034,
2.76625,-0.0200009737,
2.7665,-0.0096011646,
2.76675,0.0002832524,
2.767,0.0198900774,
2.76725,0.0186091941,
2.7675,0.0189616755,
2.76775,0.0094573982,
2.768,0.0025498497,
2.76825,-0.0114789773,
2.7685,-0.0192313176,
2.76875,-0.0068443571,
2.769,-0.0018291011,
2.76925,0.0169672202,
2.7695,0.0230981372,
2.76975,0.0302828196,
2.77,0.0177036542,
2.77025,0.0108374637,
2.7705,0.0018374961,
2.77075,-0.0017960597,
2.771,-0.0075991666,
2.77125,-0.0038728155,
2.7715,0.0041918457,
2.77175,0.0085850861,
2.772,0.0067431317,
2.77225,0.0143268565,
2.7725,0.0121175917,
2.77275,0.0090324339,
2.773,-0.0028094209,
2.77325,0.0031785856,
2.7735,0.0071523068,
2.77375,0.0005667044,
2.774,-0.0069366558,
2.77425,0.0137878750,
2.7745,0.0159675665,
2.77475,0.0066439668,
2.775,0.0051724678,
2.77525,0.0224278290,
2.7755,0.0135383233,
2.77575,-0.0009254506,
2.776,-0.0034679896,
2.77625,0.0061516631,
2.7765,-0.0100599602,
2.77675,-0.0223229248,
2.777,-0.0006769425,
2.77725,0.0150320297,
2.7775,-0.0009503835,
2.77775,0.0072850282,
2.778,0.0172288269,
2.77825,0.0084317634,
2.7785,-0.0152785741,
2.77875,-0.0158432759,
2.779,0.0068628481,
2.77925,-0.0208241120,
2.7795,-0.0159541722,
2.77975,0.0061497986,
2.78,0.0163582191,
2.78025,0.0061145835,
2.7805,0.0086857798,
2.78075,0.0160708521,
2.781,0.0124543607,
2.78125,-0.0103309760,
2.7815,-0.0035437660,
2.78175,0.0041373177,
2.782,-0.0077026477,
2.78225,-0.0126997177,
2.7825,-0.0006413288,
2.78275,0.0078374939,
2.783,0.0045074509,
2.78325,-0.0066228341,
2.7835,0.0052677877,
2.78375,0.0101250689,
2.784,-0.0110914651,
2.78425,-0.0051594023,
2.7845,0.0020146186,
2.78475,-0.0089951148,
2.785,-0.0095373690,
2.78525,-0.0075245467,
2.7855,0.0020434898,
2.78575,0.0008183621,
2.786,0.0016796334,
2.78625,0.0112315267,
2.7865,0.0143443132,
2.78675,0.0028512324,
2.787,0.0099979201,
2.78725,0.0051075006,
2.7875,-0.0064916727,
2.78775,-0.0102486359,
2.788,-0.0030842863,
2.78825,-0.0056728711,
2.7885,-0.0100306999,
2.78875,-0.0049418230,
2.789,0.0095319198,
2.78925,-0.0019457666,
2.7895,-0.0117286947,
2.78975,0.0025562528,
2.79,0.0048233750,
2.79025,-0.0150160203,
2.7905,-0.0125230616,
2.79075,0.0003868771,
2.791,-0.0018503284,
2.79125,-0.0173737518,
2.7915,-0.0032311045,
2.79175,0.0085193906,
2.792,0.0002685528,
2.79225,-0.0141771138,
2.7925,0.0017261859,
2.79275,0.0057065212,
2.793,-0.0104088522,
2.79325,-0.0139030619,
2.7935,-0.0018394210,
2.79375,-0.0031651661,
2.794,-0.0188814793,
2.79425,-0.0084499232,
2.7945,0.0061940686,
2.79475,0.0047213957,
2.795,-0.0042962348,
2.79525,0.0090690330,
2.7955,0.0121558886,
2.79575,-0.0019717815,
2.796,-0.0123239113,
2.79625,-0.0078641027,
2.7965,-0.0066134110,
2.79675,-0.0178677905,
2.797,-0.0177812576,
2.79725,-0.0002728641,
2.7975,0.0053152959,
2.79775,0.0029151370,
2.798,0.0093410853,
2.79825,0.0195362624,
2.7985,0.0135933030,
2.79875,-0.0038199418,
2.799,-0.0118085537,
2.79925,-0.0087352404,
2.7995,-0.0231609307,
2.79975,-0.0311242528,
2.8,-0.0135385003,
2.80025,-0.0025886393,
2.8005,0.0011533884,
2.80075,0.0167555902,
2.801,0.0162305515,
2.80125,0.0301140342,
2.8015,0.0132399229,
2.80175,-0.0059181643,
2.802,-0.0053026830,
2.80225,-0.0174245927,
2.8025,-0.0248731896,
2.80275,-0.0086309118,
2.803,0.0049823727,
2.80325,0.0117343087,
2.8035,0.0160537586,
2.80375,0.0109787202,
2.804,0.0147960940,
2.80425,-0.0089139687,
2.8045,-0.0193477180,
2.80475,-0.0138321742,
2.805,-0.0138238529,
2.80525,-0.0143461730,
2.8055,0.0031415350,
2.80575,0.0106482636,
2.806,0.0128987664,
2.80625,0.0062233079,
2.8065,-0.0086991712,
2.80675,-0.0053438768,
2.807,-0.0199562702,
2.80725,-0.0205163769,
2.8075,0.0023334567,
2.80775,0.0042125271,
2.808,0.0014197018,
2.80825,0.0113761341,
2.8085,0.0188842397,
2.80875,0.0010517400,
2.809,-0.0025542267,
2.80925,0.0036446266,
2.8095,0.0074199867,
2.80975,-0.0148727922,
2.81,-0.0063146809,
2.81025,0.0135922572,
2.8105,-0.0001935832,
2.81075,-0.0162776988,
2.811,0.0069887666,
2.81125,0.0074935360,
2.8115,-0.0090421308,
2.81175,-0.0237296075,
2.812,-0.0020938823,
2.81225,0.0054570124,
2.8125,-0.0288263559,
2.81275,-0.0186388176,
2.813,0.0105160419,
2.81325,0.0018193442,
2.8135,-0.0168125015,
2.81375,0.0119133629,
2.814,0.0192513876,
2.81425,0.0011835416,
2.8145,-0.0137926638,
2.81475,0.0054466017,
2.815,0.0026237452,
2.81525,-0.0268988386,
2.8155,-0.0210033506,
2.81575,0.0017247682,
2.816,-0.0027003926,
2.81625,-0.0128179407,
2.8165,0.0004185127,
2.81675,0.0180732664,
2.817,0.0056518558,
2.81725,-0.0113969091,
2.8175,-0.0027455240,
2.81775,0.0068018381,
2.818,-0.0178556480,
2.81825,-0.0172584802,
2.8185,-0.0019111040,
2.81875,-0.0051719458,
2.819,-0.0082854312,
2.81925,-0.0046701049,
2.8195,0.0037346510,
2.81975,0.0024935449,
2.82,-0.0025665297,
2.82025,0.0064629852,
2.8205,0.0043620402,
2.82075,-0.0051797326,
2.821,-0.0042521665,
2.82125,0.0000425839,
2.8215,-0.0134424968,
2.82175,-0.0123366192,
2.822,-0.0003684476,
2.82225,-0.0032451674,
2.8225,-0.0122584533,
2.82275,-0.0013730052,
2.823,0.0134157659,
2.82325,0.0099509805,
2.8235,-0.0044304668,
2.82375,0.0095286202,
2.824,0.0140528772,
2.82425,-0.0055218795,
2.8245,-0.0090519330,
2.82475,0.0139371725,
2.825,0.0106434664,
2.82525,0.0045345486,
2.8255,0.0037397537,
2.82575,0.0181600302,
2.826,0.0158358812,
2.82625,-0.0004087868,
2.8265,0.0026715612,
2.82675,0.0171388406,
2.827,0.0059396424,
2.82725,-0.0069103618,
2.8275,0.0037679882,
2.82775,0.0115535781,
2.828,0.0047743735,
2.82825,-0.0044563604,
2.8285,0.0060207350,
2.82875,0.0225942582,
2.829,0.0013303973,
2.82925,0.0011163489,
2.8295,0.0104687847,
2.82975,0.0050177062,
2.83,-0.0110571356,
2.83025,-0.0117266886,
2.8305,-0.0005179605,
2.83075,0.0057988544,
2.831,-0.0001237488,
2.83125,0.0189945884,
2.8315,0.0307812095,
2.83175,0.0179319456,
2.832,0.0034647516,
2.83225,0.0080623366,
2.8325,-0.0017573095,
2.83275,-0.0192717295,
2.833,-0.0163836814,
2.83325,-0.0004515394,
2.8335,0.0045478642,
2.83375,-0.0005901174,
2.834,0.0152971968,
2.83425,0.0290538780,
2.8345,0.0154817374,
2.83475,-0.0039109197,
2.835,-0.0076236073,
2.83525,-0.0120233838,
2.8355,-0.0307075083,
2.83575,-0.0323714204,
2.836,-0.0086584045,
2.83625,0.0056327973,
2.8365,-0.0099114776,
2.83675,-0.0053377864,
2.837,0.0034037121,
2.83725,-0.0054337857,
2.8375,-0.0271150265,
2.83775,-0.0223460644,
2.838,-0.0087327808,
2.83825,-0.0103348596,
2.8385,-0.0164877661,
2.83875,0.0048907297,
2.839,0.0098075438,
2.83925,0.0034894496,
2.8395,-0.0108960699,
2.83975,0.0032502054,
2.84,-0.0047687260,
2.84025,-0.0094737448,
2.8405,-0.0128430640,
2.84075,0.0060242945,
2.841,0.0044548018,
2.84125,-0.0013947240,
2.8415,0.0047696559,
2.84175,0.0132766701,
2.842,0.0079643950,
2.84225,0.0053218245,
2.8425,0.0097208368,
2.84275,-0.0033967718,
2.843,-0.0028874893,
2.84325,0.0003594491,
2.8435,-0.0012783635,
2.84375,-0.0073932270,
2.844,0.0036949024,
2.84425,0.0196911003,
2.8445,0.0143440273,
2.84475,-0.0069758296,
2.845,0.0107331127,
2.84525,0.0120027233,
2.8455,-0.0160408635,
2.84575,-0.0233470090,
2.846,0.0053906236,
2.84625,0.0121205337,
2.8465,-0.0003237147,
2.84675,0.0051663704,
2.847,0.0358128138,
2.84725,0.0215654559,
2.8475,-0.0051237391,
2.84775,0.0108662955,
2.848,0.0212087501,
2.84825,0.0009468197,
2.8485,-0.0014682999,
2.84875,0.0300427545,
2.849,0.0326423123,
2.84925,0.0126703102,
2.8495,0.0208086539,
2.84975,0.0413018316,
2.85,0.0264179725,
2.85025,0.0023467834,
2.8505,0.0201162975,
2.85075,0.0273767002,
2.851,0.0065778191,
2.85125,-0.0011176685,
2.8515,0.0229493715,
2.85175,0.0255118143,
2.852,0.0015702585,
2.85225,0.0040287334,
2.8525,0.0156378765,
2.85275,0.0142136076,
2.853,-0.0004099744,
2.85325,0.0093936399,
2.8535,0.0119426372,
2.85375,0.0022054901,
2.854,-0.0061422111,
2.85425,-0.0013249296,
2.8545,0.0024382134,
2.85475,-0.0000899302,
2.855,0.0012812687,
2.85525,0.0063619288,
2.8555,0.0005628103,
2.85575,0.0010564741,
2.856,0.0071192570,
2.85625,0.0112147518,
2.8565,0.0095178811,
2.85675,0.0058984128,
2.857,0.0087445453,
2.85725,-0.0022489859,
2.8575,-0.0085394159,
2.85775,-0.0062819752,
2.858,0.0004700015,
2.85825,-0.0111364312,
2.8585,-0.0069216294,
2.85875,-0.0031498428,
2.859,-0.0005157261,
2.85925,-0.0062242169,
2.8595,-0.0015941735,
2.85975,-0.0005698738,
2.86,-0.0140786553,
2.86025,-0.0289235488,
2.8605,-0.0202562194,
2.86075,-0.0185790565,
2.861,-0.0251913089,
2.86125,-0.0178703517,
2.8615,-0.0011522336,
2.86175,0.0011845831,
2.862,-0.0073953853,
2.86225,-0.0058967271,
2.8625,0.0024023368,
2.86275,-0.0078405598,
2.863,-0.0185625218,
2.86325,-0.0148927551,
2.8635,-0.0100449920,
2.86375,-0.0096549038,
2.864,-0.0005458247,
2.86425,0.0106794648,
2.8645,0.0229523871,
2.86475,0.0184377301,
2.865,0.0162785016,
2.86525,0.0059280773,
2.8655,-0.0016744697,
2.86575,-0.0186503343,
2.866,-0.0212141983,
2.86625,-0.0147645846,
2.8665,-0.0078445151,
2.86675,-0.0128290486,
2.867,-0.0005970930,
2.86725,0.0089466684,
2.8675,0.0078011216,
2.86775,-0.0001532696,
2.868,0.0048776488,
2.86825,0.0047910572,
2.8685,-0.0112669002,
2.86875,-0.0218277536,
2.869,0.0014352563,
2.86925,0.0100796483,
2.8695,0.0029284856,
2.86975,0.0173110235,
2.87,0.0344318226,
2.87025,0.0236551557,
2.8705,-0.0039923801,
2.87075,-0.0004568135,
2.871,0.0011245394,
2.87125,-0.0179144349,
2.8715,-0.0233635399,
2.87175,0.0006113650,
2.872,0.0109649971,
2.87225,-0.0023098602,
2.8725,-0.0010519142,
2.87275,0.0096063931,
2.873,0.0001555252,
2.87325,-0.0172188524,
2.8735,-0.0218398888,
2.87375,-0.0072378521,
2.874,-0.0044595040,
2.87425,-0.0064875227,
2.8745,0.0013930837,
2.87475,0.0148437088,
2.875,0.0123457927,
2.87525,-0.0018746911,
2.8755,0.0001724634,
2.87575,0.0030352930,
2.876,-0.0036533896,
2.87625,0.0010899131,
2.8765,-0.0006207797,
2.87675,0.0003969364,
2.877,0.0037730823,
2.87725,0.0032485460,
2.8775,0.0026686657,
2.87775,-0.0002660955,
2.878,0.0083110183,
2.87825,0.0032318351,
2.8785,-0.0067219371,
2.87875,-0.0129578533,
2.879,0.0033487156,
2.87925,-0.0077752699,
2.8795,-0.0194691271,
2.87975,-0.0066840583,
2.88,0.0095490757,
2.88025,-0.0005097063,
2.8805,-0.0077821175,
2.88075,0.0100508006,
2.881,0.0173137765,
2.88125,-0.0088421199,
2.8815,-0.0129437763,
2.88175,0.0117147900,
2.882,0.0011679503,
2.88225,-0.0183092356,
2.8825,0.0023021454,
2.88275,0.0192662682,
2.883,0.0036066284,
2.88325,-0.0052085198,
2.8835,0.0089142174,
2.88375,0.0169406887,
2.884,-0.0096834088,
2.88425,-0.0137704983,
2.8845,0.0096729845,
2.88475,0.0055486131,
2.885,-0.0192445032,
2.88525,-0.0029425770,
2.8855,0.0111775417,
2.88575,-0.0020613302,
2.886,-0.0097509613,
2.88625,-0.0011591358,
2.8865,0.0080099273,
2.88675,-0.0051027657,
2.887,-0.0059699449,
2.88725,0.0091293808,
2.8875,0.0031180084,
2.88775,-0.0089795906,
2.888,-0.0029803771,
2.88825,-0.0019889809,
2.8885,-0.0019353975,
2.88875,0.0020102481,
2.889,0.0066482089,
2.88925,0.0049382308,
2.8895,0.0089245532,
2.88975,-0.0023018916,
2.89,-0.0008651969,
2.89025,-0.0097630741,
2.8905,-0.0111288596,
2.89075,-0.0098765967,
2.891,-0.0053869840,
2.89125,-0.0037538840,
2.8915,0.0047292160,
2.89175,-0.0028481802,
2.892,-0.0062081907,
2.89225,-0.0056141424,
2.8925,-0.0095970947,
2.89275,-0.0142370090,
2.893,-0.0144895930,
2.89325,-0.0101149306,
2.8935,-0.0076688016,
2.89375,-0.0098788189,
2.894,-0.0144910458,
2.89425,-0.0063769044,
2.8945,-0.0045050634,
2.89475,-0.0079362728,
2.895,-0.0068961820,
2.89525,0.0030130073,
2.8955,0.0072368002,
2.89575,-0.0060393945,
2.896,-0.0087387217,
2.89625,-0.0044067567,
2.8965,-0.0107137877,
2.89675,-0.0171123520,
2.897,-0.0045278384,
2.89725,0.0000074533,
2.8975,0.0009300505,
2.89775,0.0036367103,
2.898,0.0121749332,
2.89825,0.0097405734,
2.8985,0.0029803850,
2.89875,0.0007725128,
2.899,-0.0056574214,
2.89925,-0.0164078008,
2.8995,-0.0209976658,
2.89975,-0.0151788667,
2.9,-0.0051596900,
2.90025,0.0021724631,
2.9005,0.0069770496,
2.90075,0.0109953731,
2.901,0.0225640200,
2.90125,0.0194518715,
2.9015,0.0088485694,
2.90175,-0.0038315470,
2.902,-0.0026833916,
2.90225,-0.0114097744,
2.9025,-0.0207917914,
2.90275,-0.0051520625,
2.903,0.0197140295,
2.90325,0.0197726041,
2.9035,0.0138700530,
2.90375,0.0216278620,
2.904,0.0219521001,
2.90425,-0.0001271337,
2.9045,-0.0112094320,
2.90475,-0.0030438148,
2.905,-0.0023280820,
2.90525,-0.0075202971,
2.9055,0.0056346199,
2.90575,0.0308199394,
2.906,0.0237696767,
2.90625,0.0086190561,
2.9065,0.0043285564,
2.90675,0.0098669603,
2.907,-0.0142476056,
2.90725,-0.0105803367,
2.9075,-0.0002755545,
2.90775,0.0153501369,
2.908,0.0003531841,
2.90825,0.0013854221,
2.9085,0.0156704355,
2.90875,0.0144031849,
2.909,-0.0035741136,
2.90925,0.0012156293,
2.9095,-0.0056583956,
2.90975,-0.0171085037,
2.91,-0.0075745978,
2.91025,-0.0057070302,
2.9105,0.0060952138,
2.91075,0.0151296780,
2.911,0.0137946568,
2.91125,0.0114845112,
2.9115,0.0101070832,
2.91175,0.0109192263,
2.912,0.0086933896,
2.91225,-0.0011168252,
2.9125,-0.0019116221,
2.91275,0.0097934548,
2.913,0.0121924169,
2.91325,-0.0020352523,
2.9135,0.0045736842,
2.91375,0.0186429471,
2.914,0.0124229388,
2.91425,-0.0046932008,
2.9145,-0.0023534531,
2.91475,0.0101722768,
2.915,-0.0064487560,
2.91525,-0.0141546596,
2.9155,0.0103822108,
2.91575,0.0131516233,
2.916,-0.0052775047,
2.91625,0.0014300130,
2.9165,0.0155617148,
2.91675,-0.0025774757,
2.917,-0.0177001543,
2.91725,-0.0088974228,
2.9175,0.0012565712,
2.91775,-0.0183573049,
2.918,-0.0284146219,
2.91825,0.0038600173,
2.9185,0.0085427631,
2.91875,-0.0111965686,
2.919,-0.0010412441,
2.91925,0.0257015433,
2.9195,0.0128087820,
2.91975,-0.0087206066,
2.92,0.0025653625,
2.92025,0.0198158361,
2.9205,-0.0000802021,
2.92075,-0.0134671722,
2.921,0.0033897115,
2.92125,0.0094868308,
2.9215,0.0005116005,
2.92175,-0.0002816226,
2.922,0.0128660370,
2.92225,0.0155435000,
2.9225,0.0040384177,
2.92275,0.0046018939,
2.923,0.0033051688,
2.92325,-0.0033402760,
2.9235,-0.0045165112,
2.92375,-0.0068993219,
2.924,-0.0057975966,
2.92425,-0.0000587101,
2.9245,0.0047550239,
2.92475,0.0079963449,
2.925,0.0093547404,
2.92525,0.0037169661,
2.9255,0.0093749193,
2.92575,0.0056175478,
2.926,0.0035335824,
2.92625,0.0157092419,
2.9265,0.0086000822,
2.92675,0.0071986578,
2.927,0.0083418312,
2.92725,0.0099988375,
2.9275,0.0071876990,
2.92775,0.0079166060,
2.928,0.0068237716,
2.92825,0.0095803877,
2.9285,0.0088345576,
2.92875,0.0006196502,
2.929,0.0069821207,
2.92925,0.0041629984,
2.9295,-0.0033580391,
2.92975,-0.0085059516,
2.93,-0.0014091037,
2.93025,-0.0020529192,
2.9305,-0.0012890098,
2.93075,0.0007273982,
2.931,0.0217494722,
2.93125,0.0130629633,
2.9315,0.0074617960,
2.93175,0.0064959452,
2.932,0.0053239940,
2.93225,-0.0153014511,
2.9325,-0.0140491724,
2.93275,-0.0076547377,
2.933,-0.0020669219,
2.93325,-0.0008925025,
2.9335,0.0107024852,
2.93375,0.0195034239,
2.934,0.0247172937,
2.93425,0.0091740778,
2.9345,0.0120816790,
2.93475,-0.0003715782,
2.935,-0.0202278327,
2.93525,-0.0249662325,
2.9355,-0.0294175576,
2.93575,-0.0216953866,
2.936,-0.0084815556,
2.93625,0.0069946647,
2.9365,0.0176582560,
2.93675,0.0226434171,
2.937,0.0094425855,
2.93725,0.0094243800,
2.9375,-0.0113214534,
2.93775,-0.0104489513,
2.938,-0.0199583620,
2.93825,-0.0104425922,
2.9385,-0.0075355400,
2.93875,0.0085751768,
2.939,0.0032944498,
2.93925,0.0082679326,
2.9395,-0.0016126217,
2.93975,-0.0011032276,
2.94,-0.0195799582,
2.94025,-0.0163685456,
2.9405,-0.0115593998,
2.94075,-0.0016924260,
2.941,-0.0070250360,
2.94125,-0.0117905512,
2.9415,0.0029033364,
2.94175,-0.0084519451,
2.942,-0.0162034817,
2.94225,-0.0135951638,
2.9425,-0.0005063491,
2.94275,-0.0111451317,
2.943,-0.0164297409,
2.94325,-0.0077230064,
2.9435,0.0002456760,
2.94375,-0.0039125402,
2.944,-0.0072344206,
2.94425,0.0027017775,
2.9445,0.0088695055,
2.94475,-0.0009391600,
2.945,-0.0006639029,
2.94525,0.0019374391,
2.9455,-0.0013646316,
2.94575,-0.0070936875,
2.946,-0.0100160893,
2.94625,-0.0056064697,
2.9465,-0.0089258626,
2.94675,-0.0027967524,
2.947,0.0070845317,
2.94725,0.0047809538,
2.9475,0.0014819133,
2.94775,0.0062181060,
2.948,-0.0002104072,
2.94825,-0.0141151538,
2.9485,-0.0152888717,
2.94875,-0.0015442704,
2.949,-0.0105759352,
2.94925,-0.0185162406,
2.9495,-0.0005252216,
2.94975,0.0073637180,
2.95,-0.0144137619,
2.95025,-0.0082816379,
2.9505,0.0115569886,
2.95075,-0.0033841890,
2.951,-0.0165550299,
2.95125,-0.0103363115,
2.9515,0.0110278372,
2.95175,-0.0033445517,
2.952,-0.0218542144,
2.95225,0.0055695428,
2.9525,0.0188030396,
2.95275,-0.0117817903,
2.953,-0.0092700329,
2.95325,0.0198291820,
2.9535,0.0122961784,
2.95375,-0.0112264734,
2.954,-0.0028506157,
2.95425,0.0130487364,
2.9545,-0.0054580304,
2.95475,-0.0236079097,
2.955,-0.0030966816,
2.95525,0.0082002198,
2.9555,-0.0092688426,
2.95575,-0.0080735590,
2.956,0.0176060908,
2.95625,0.0112873232,
2.9565,0.0000416266,
2.95675,0.0049984166,
2.957,0.0085917078,
2.95725,0.0021662340,
2.9575,-0.0108466800,
2.95775,-0.0054132761,
2.958,0.0037909090,
2.95825,-0.0077377297,
2.9585,-0.0063934494,
2.95875,0.0057232729,
2.959,0.0076078726,
2.95925,0.0050404174,
2.9595,0.0100081228,
2.95975,0.0083035938,
2.96,-0.0009995330,
2.96025,-0.0051233754,
2.9605,-0.0111292098,
2.96075,-0.0118564125,
2.961,-0.0092991870,
2.96125,0.0014346188,
2.9615,0.0075697573,
2.96175,0.0006069878,
2.962,0.0068552233,
2.96225,0.0052128807,
2.9625,-0.0061418205,
2.96275,-0.0183547158,
2.963,-0.0141656306,
2.96325,-0.0011695557,
2.9635,-0.0074854009,
2.96375,-0.0081262402,
2.964,0.0109387264,
2.96425,0.0167632755,
2.9645,-0.0009991095,
2.96475,-0.0050652483,
2.965,0.0056951363,
2.96525,-0.0042288136,
2.9655,-0.0260624494,
2.96575,-0.0234345309,
2.966,-0.0069542737,
2.96625,-0.0128581077,
2.9665,-0.0184733123,
2.96675,0.0017624868,
2.967,0.0152318273,
2.96725,0.0087885922,
2.9675,0.0082385996,
2.96775,0.0104518039,
2.968,0.0062746918,
2.96825,-0.0223879628,
2.9685,-0.0282230489,
2.96875,-0.0209154338,
2.969,-0.0254929811,
2.96925,-0.0222710054,
2.9695,-0.0030061672,
2.96975,0.0063160299,
2.97,0.0041325758,
2.97025,0.0069672791,
2.9705,0.0025566556,
2.97075,0.0046164896,
2.971,-0.0122116702,
2.97125,-0.0185192786,
2.9715,-0.0204811431,
2.97175,-0.0189947449,
2.972,-0.0218528900,
2.97225,-0.0022632231,
2.9725,0.0000265223,
2.97275,0.0116985254,
2.973,0.0005270615,
2.97325,-0.0085901041,
2.9735,-0.0083764996,
2.97375,-0.0075183106,
2.974,-0.0164058264,
2.97425,-0.0046276250,
2.9745,0.0056062909,
2.97475,0.0021654000,
2.975,0.0000959619,
2.97525,0.0042536394,
2.9755,0.0151932035,
2.97575,0.0104430560,
2.976,-0.0112070926,
2.97625,-0.0046230950,
2.9765,0.0039557912,
2.97675,-0.0002484468,
2.977,-0.0077703986,
2.97725,0.0136723286,
2.9775,0.0169929788,
2.97775,0.0000047347,
2.978,-0.0089845341,
2.97825,0.0012022349,
2.9785,0.0090024145,
2.97875,-0.0115129184,
2.979,-0.0053596431,
2.97925,0.0024877596,
2.9795,0.0010063614,
2.97975,0.0000027304,
2.98,0.0023642331,
2.98025,0.0152874971,
2.9805,0.0151853655,
2.98075,0.0105702048,
2.981,0.0149264485,
2.98125,0.0133320149,
2.9815,0.0071157133,
2.98175,0.0092390934,
2.982,0.0170862898,
2.98225,0.0110857654,
2.9825,0.0131010078,
2.98275,0.0235118121,
2.983,0.0263429917,
2.98325,0.0126161249,
2.9835,0.0139063261,
2.98375,0.0257960930,
2.984,0.0080754934,
2.98425,-0.0052810209,
2.9845,0.0098507004,
2.98475,0.0090874163,
2.985,-0.0023416169,
2.98525,-0.0060832477,
2.9855,0.0108594364,
2.98575,0.0115435366,
2.986,-0.0121189198,
2.98625,-0.0080944402,
2.9865,0.0122237112,
2.98675,-0.0026827184,
2.987,-0.0202563442,
2.98725,0.0032556993,
2.9875,0.0168926194,
2.98775,-0.0068820291,
2.988,-0.0041075936,
2.98825,0.0162050333,
2.9885,0.0140109602,
2.98875,-0.0061934721,
2.989,0.0012563416,
2.98925,0.0247830898,
2.9895,0.0131410994,
2.98975,-0.0060400623,
2.99,0.0172328614,
2.99025,0.0241844505,
2.9905,0.0032057222,
2.99075,0.0006291180,
2.991,0.0124831693,
2.99125,0.0033216025,
2.9915,-0.0086484412,
2.99175,-0.0108558126,
2.992,0.0079821879,
2.99225,0.0011710459,
2.9925,-0.0130337216,
2.99275,0.0061752549,
2.993,0.0076514287,
2.99325,-0.0099259298,
2.9935,-0.0065757562,
2.99375,0.0018082659,
2.994,-0.0011160412,
2.99425,-0.0063388147,
2.9945,-0.0006583538,
2.99475,0.0111007895,
2.995,0.0032156347,
2.99525,-0.0014921360,
2.9955,0.0143457567,
2.99575,0.0027955659,
2.996,-0.0035792338,
2.99625,-0.0007087071,
2.9965,0.0022573879,
2.99675,-0.0039002472,
2.997,-0.0068793162,
2.99725,0.0023983435,
2.9975,0.0136077702,
2.99775,0.0091599710,
2.998,0.0075734984,
2.99825,0.0131522873,
2.9985,0.0069145584,
2.99875,-0.0059553841,
2.999,-0.0062358934,
2.99925,0.0005517143,
2.9995,-0.0051483721,
2.99975,-0.0095691215,