Date,2020-12-18 16:52:19
Filename,STFMK-20201105-LW19-3455_20201218_165219_004.dat
Data Label,회전체불평형
Label_No,02
Motor Spec,L-EF-04, 1760,2.2, 4.7,
Period,3SEC
Sample Rate,4000
RMS,0.012679,
Data Length,12000,
0,0.0090435091,
0.00025,0.0012552238,
0.0005,0.0042045936,
0.00075,0.0147968251,
0.001,0.0177156813,
0.00125,0.0082845856,
0.0015,0.0014644903,
0.00175,-0.0029488388,
0.002,-0.0096890591,
0.00225,-0.0188135523,
0.0025,-0.0021017862,
0.00275,0.0154339969,
0.003,0.0192439426,
0.00325,0.0212775562,
0.0035,0.0190334246,
0.00375,0.0066277594,
0.004,-0.0057727899,
0.00425,-0.0115395319,
0.0045,-0.0069623096,
0.00475,0.0047920514,
0.005,0.0100517590,
0.00525,0.0086907325,
0.0055,0.0168640707,
0.00575,0.0147955855,
0.006,0.0016729615,
0.00625,-0.0055935229,
0.0065,-0.0003368190,
0.00675,0.0084636156,
0.007,0.0026737950,
0.00725,0.0000419331,
0.0075,0.0153195187,
0.00775,0.0242553093,
0.008,0.0005738424,
0.00825,-0.0051946449,
0.0085,0.0066903280,
0.00875,0.0091989348,
0.009,-0.0056997081,
0.00925,-0.0073638903,
0.0095,0.0099971564,
0.00975,0.0090566305,
0.01,-0.0098003130,
0.01025,-0.0070123691,
0.0105,0.0080961213,
0.01075,0.0082966974,
0.011,0.0022724681,
0.01125,0.0031175721,
0.0115,0.0144737577,
0.01175,0.0123596191,
0.012,-0.0021413437,
0.01225,-0.0028621485,
0.0125,0.0001555465,
0.01275,-0.0011442719,
0.013,-0.0010617728,
0.01325,0.0127846692,
0.0135,0.0192606244,
0.01375,0.0206872448,
0.014,0.0173984636,
0.01425,0.0125887329,
0.0145,-0.0038234079,
0.01475,-0.0058330698,
0.015,0.0040370501,
0.01525,-0.0046521993,
0.0155,-0.0062270071,
0.01575,0.0061709983,
0.016,0.0061720214,
0.01625,-0.0044439649,
0.0165,-0.0046775625,
0.01675,0.0038065575,
0.017,-0.0022660503,
0.01725,-0.0169510208,
0.0175,-0.0126836319,
0.01775,-0.0013064129,
0.018,-0.0145562002,
0.01825,-0.0192136243,
0.0185,0.0024221139,
0.01875,-0.0001624068,
0.019,-0.0165473484,
0.01925,-0.0070913630,
0.0195,0.0146418717,
0.01975,0.0113130100,
0.02,-0.0109484512,
0.02025,0.0071517588,
0.0205,0.0171447471,
0.02075,-0.0108606629,
0.021,-0.0188016556,
0.02125,0.0026574000,
0.0215,0.0030670085,
0.02175,-0.0181928109,
0.022,-0.0126796318,
0.02225,0.0062796045,
0.0225,0.0086913407,
0.02275,-0.0088731498,
0.023,0.0035642367,
0.02325,0.0203470867,
0.0235,-0.0081834951,
0.02375,-0.0199950375,
0.024,-0.0076252315,
0.02425,-0.0133512905,
0.0245,-0.0289100204,
0.02475,-0.0227186941,
0.025,-0.0029372429,
0.02525,0.0062117721,
0.0255,0.0000804577,
0.02575,0.0167480018,
0.026,0.0248326808,
0.02625,0.0021765488,
0.0265,-0.0131780831,
0.02675,-0.0134955365,
0.027,-0.0145903686,
0.02725,-0.0146900499,
0.0275,-0.0091527849,
0.02775,0.0047166692,
0.028,0.0101284441,
0.02825,0.0045272727,
0.0285,0.0012692395,
0.02875,-0.0000658638,
0.029,-0.0088592656,
0.02925,-0.0169222392,
0.0295,-0.0195303299,
0.02975,-0.0215286482,
0.03,-0.0252478179,
0.03025,-0.0144161507,
0.0305,-0.0051383330,
0.03075,-0.0050206650,
0.031,0.0049053049,
0.03125,0.0211419389,
0.0315,0.0166034028,
0.03175,0.0082543623,
0.032,0.0032822716,
0.03225,-0.0054880464,
0.0325,-0.0200628601,
0.03275,-0.0357465036,
0.033,-0.0190149508,
0.03325,-0.0039828760,
0.0335,-0.0054206671,
0.03375,0.0062878667,
0.034,0.0238421280,
0.03425,0.0181644950,
0.0345,-0.0007105656,
0.03475,0.0000259172,
0.035,-0.0051041250,
0.03525,-0.0180601124,
0.0355,-0.0248469636,
0.03575,-0.0057738293,
0.036,0.0044967192,
0.03625,-0.0012115110,
0.0365,0.0036007063,
0.03675,0.0218782276,
0.037,0.0056070089,
0.03725,-0.0049027111,
0.0375,-0.0038014990,
0.03775,-0.0031030648,
0.038,-0.0069828862,
0.03825,-0.0114382422,
0.0385,0.0024112728,
0.03875,0.0135655692,
0.039,0.0089519201,
0.03925,0.0024398854,
0.0395,0.0108035458,
0.03975,0.0085245054,
0.04,-0.0022436657,
0.04025,-0.0057229903,
0.0405,-0.0023285635,
0.04075,0.0037070680,
0.041,-0.0034161122,
0.04125,-0.0050990428,
0.0415,0.0119693186,
0.04175,0.0206494350,
0.042,-0.0106952442,
0.04225,-0.0198255181,
0.0425,-0.0061692786,
0.04275,-0.0028813267,
0.043,-0.0234555528,
0.04325,-0.0269067306,
0.0435,0.0043583820,
0.04375,0.0077253086,
0.044,-0.0095189232,
0.04425,-0.0042362921,
0.0445,0.0136669967,
0.04475,0.0104218451,
0.045,-0.0042837332,
0.04525,-0.0093523245,
0.0455,0.0020150535,
0.04575,-0.0050027454,
0.046,-0.0142624415,
0.04625,-0.0064363517,
0.0465,0.0081189862,
0.04675,0.0030144758,
0.047,-0.0063622287,
0.04725,-0.0064601703,
0.0475,-0.0073022936,
0.04775,-0.0169682205,
0.048,-0.0224676263,
0.04825,-0.0128220441,
0.0485,-0.0151015958,
0.04875,-0.0171477608,
0.049,-0.0081448229,
0.04925,-0.0057725259,
0.0495,-0.0010280469,
0.04975,-0.0034037603,
0.05,-0.0058554327,
0.05025,-0.0079555558,
0.0505,-0.0155044124,
0.05075,-0.0140658543,
0.051,-0.0181831438,
0.05125,-0.0172421522,
0.0515,-0.0093809776,
0.05175,0.0028445455,
0.052,-0.0027400409,
0.05225,-0.0003541304,
0.0525,0.0136362482,
0.05275,0.0091375047,
0.053,-0.0078937085,
0.05325,-0.0064917952,
0.0535,0.0078201136,
0.05375,-0.0006870208,
0.054,-0.0230888426,
0.05425,0.0000069030,
0.0545,0.0137852225,
0.05475,-0.0038502947,
0.055,-0.0117332162,
0.05525,0.0155269066,
0.0555,0.0182420500,
0.05575,-0.0032299757,
0.056,-0.0048045958,
0.05625,0.0150447171,
0.0565,0.0151467696,
0.05675,-0.0138731068,
0.057,-0.0008718465,
0.05725,0.0220235549,
0.0575,0.0011624447,
0.05775,-0.0134903137,
0.058,0.0099503817,
0.05825,0.0190892033,
0.0585,0.0001267643,
0.05875,-0.0049044681,
0.059,0.0203765277,
0.05925,0.0242226385,
0.0595,0.0000904984,
0.05975,0.0013568766,
0.06,0.0204652771,
0.06025,0.0030494193,
0.0605,-0.0132482974,
0.06075,-0.0028012549,
0.061,0.0111562461,
0.06125,0.0117030032,
0.0615,0.0061468352,
0.06175,0.0192419123,
0.062,0.0234030895,
0.06225,0.0132927010,
0.0625,-0.0024593254,
0.06275,0.0068473406,
0.063,0.0021226737,
0.06325,-0.0049883681,
0.0635,-0.0049425750,
0.06375,0.0042712828,
0.064,0.0065468154,
0.06425,0.0113020297,
0.0645,0.0140928058,
0.06475,0.0161088612,
0.065,0.0083158463,
0.06525,0.0064461888,
0.0655,-0.0060045444,
0.06575,-0.0123698954,
0.066,-0.0216370728,
0.06625,-0.0162615776,
0.0665,-0.0158860013,
0.06675,-0.0155321145,
0.067,-0.0011123127,
0.06725,0.0128807174,
0.0675,0.0130193355,
0.06775,0.0097212950,
0.068,0.0088978335,
0.06825,-0.0019403177,
0.0685,-0.0212746486,
0.06875,-0.0222006030,
0.069,-0.0145862978,
0.06925,-0.0099326223,
0.0695,-0.0064046439,
0.06975,0.0218978263,
0.07,0.0261866823,
0.07025,0.0181567166,
0.0705,0.0076677515,
0.07075,0.0026176972,
0.071,-0.0198904499,
0.07125,-0.0252268724,
0.0715,-0.0156950504,
0.07175,0.0085827392,
0.072,0.0067587346,
0.07225,0.0098649841,
0.0725,0.0076997629,
0.07275,0.0019841166,
0.073,-0.0219314359,
0.07325,-0.0266354904,
0.0735,-0.0082163922,
0.07375,-0.0014154009,
0.074,-0.0034258417,
0.07425,-0.0094020944,
0.0745,0.0030988243,
0.07475,0.0012064929,
0.075,-0.0112753808,
0.07525,-0.0197638478,
0.0755,0.0049318485,
0.07575,0.0112196784,
0.076,0.0012946711,
0.07625,-0.0009420916,
0.0765,0.0187420435,
0.07675,0.0150035089,
0.077,-0.0071028890,
0.07725,0.0009799321,
0.0775,0.0235050321,
0.07775,0.0149669489,
0.078,0.0007127863,
0.07825,0.0090060001,
0.0785,0.0058953697,
0.07875,-0.0110815549,
0.079,-0.0224790443,
0.07925,-0.0106533878,
0.0795,0.0030445752,
0.07975,-0.0013605705,
0.08,0.0024411671,
0.08025,0.0180296190,
0.0805,0.0180192348,
0.08075,0.0081128245,
0.081,-0.0037831832,
0.08125,0.0045481650,
0.0815,0.0015883218,
0.08175,0.0071276389,
0.082,0.0138582252,
0.08225,0.0175197069,
0.0825,0.0178313181,
0.08275,0.0168539360,
0.083,0.0099193677,
0.08325,0.0057644220,
0.0835,0.0051880251,
0.08375,0.0025560914,
0.084,0.0060501574,
0.08425,0.0016822249,
0.0845,0.0104565434,
0.08475,0.0132550243,
0.085,0.0097514968,
0.08525,0.0078844316,
0.0855,0.0131131820,
0.08575,0.0058490462,
0.086,-0.0014493276,
0.08625,0.0019428927,
0.0865,0.0091738971,
0.08675,0.0072636614,
0.087,-0.0049695540,
0.08725,0.0096697938,
0.0875,0.0168566797,
0.08775,-0.0046810359,
0.088,-0.0034980651,
0.08825,0.0126970466,
0.0885,0.0072043687,
0.08875,-0.0107708815,
0.089,-0.0022076112,
0.08925,0.0118911313,
0.0895,-0.0046100719,
0.08975,-0.0182053987,
0.09,0.0003479510,
0.09025,0.0131575717,
0.0905,-0.0142486207,
0.09075,-0.0210886542,
0.091,0.0073596025,
0.09125,0.0004579964,
0.0915,-0.0205558762,
0.09175,-0.0165118314,
0.092,0.0059904619,
0.09225,-0.0026054916,
0.0925,-0.0238490272,
0.09275,-0.0085732648,
0.093,0.0089543108,
0.09325,-0.0061131911,
0.0935,-0.0207408518,
0.09375,-0.0115808062,
0.094,-0.0010310053,
0.09425,-0.0082543418,
0.0945,-0.0128836818,
0.09475,0.0020354018,
0.095,0.0155956838,
0.09525,0.0051832874,
0.0955,-0.0086987242,
0.09575,-0.0057946048,
0.096,-0.0057973368,
0.09625,-0.0234377291,
0.0965,-0.0229284875,
0.09675,-0.0107383318,
0.097,-0.0068318257,
0.09725,-0.0060470821,
0.0975,-0.0018739523,
0.09775,0.0114135807,
0.098,0.0038763881,
0.09825,0.0024236531,
0.0985,-0.0044469382,
0.09875,-0.0059661833,
0.099,-0.0239905808,
0.09925,-0.0203751363,
0.0995,-0.0115083242,
0.09975,-0.0088318158,
0.1,-0.0060493713,
0.10025,0.0142718283,
0.1005,0.0122192800,
0.10075,0.0173974708,
0.101,0.0116786063,
0.10125,0.0087739285,
0.1015,-0.0038897996,
0.10175,-0.0142449997,
0.102,-0.0248095356,
0.10225,-0.0284311399,
0.1025,-0.0192537364,
0.10275,0.0032289920,
0.103,0.0144117363,
0.10325,0.0193757396,
0.1035,0.0319997407,
0.10375,0.0247318018,
0.104,0.0012581762,
0.10425,-0.0136888437,
0.1045,-0.0112178186,
0.10475,-0.0174672455,
0.105,-0.0184938293,
0.10525,-0.0067906063,
0.1055,0.0075904047,
0.10575,0.0124271875,
0.106,0.0018011997,
0.10625,-0.0005564270,
0.1065,-0.0031974004,
0.10675,-0.0131081827,
0.107,-0.0251776446,
0.10725,-0.0130636189,
0.1075,-0.0064165443,
0.10775,-0.0071542934,
0.108,-0.0030149021,
0.10825,0.0036747502,
0.1085,0.0071909535,
0.10875,-0.0003653014,
0.109,-0.0137644503,
0.10925,-0.0060648103,
0.1095,-0.0080271047,
0.10975,-0.0238738395,
0.11,-0.0134834182,
0.11025,0.0049391529,
0.1105,0.0101588164,
0.11075,-0.0066513424,
0.111,-0.0020965093,
0.11125,0.0183599181,
0.1115,0.0230061989,
0.11175,-0.0043143677,
0.112,-0.0053488347,
0.11225,0.0131719941,
0.1125,0.0042697396,
0.11275,-0.0073848162,
0.113,0.0042728889,
0.11325,0.0252910741,
0.1135,0.0209059790,
0.11375,0.0141228102,
0.114,0.0111489873,
0.11425,0.0213152152,
0.1145,0.0019231010,
0.11475,-0.0071733259,
0.115,0.0042941319,
0.11525,-0.0032483088,
0.1155,-0.0039409786,
0.11575,0.0029723428,
0.116,0.0086241532,
0.11625,0.0068913656,
0.1165,0.0121858343,
0.11675,0.0088165775,
0.117,0.0033419228,
0.11725,-0.0126279686,
0.1175,-0.0042939037,
0.11775,0.0027597558,
0.118,-0.0050524436,
0.11825,0.0001205060,
0.1185,0.0139687322,
0.11875,0.0094693759,
0.119,0.0096867271,
0.11925,0.0112813339,
0.1195,0.0186676569,
0.11975,0.0153115932,
0.12,0.0017286785,
0.12025,0.0120255854,
0.1205,0.0136233084,
0.12075,-0.0047235424,
0.121,-0.0009422838,
0.12125,0.0097866720,
0.1215,-0.0032201970,
0.12175,-0.0175356288,
0.122,-0.0002876711,
0.12225,0.0024463388,
0.1225,-0.0094816042,
0.12275,-0.0201647338,
0.123,0.0053578019,
0.12325,0.0040055425,
0.1235,-0.0182846803,
0.12375,-0.0134559581,
0.124,0.0033106296,
0.12425,-0.0102625703,
0.1245,-0.0328313448,
0.12475,-0.0141992308,
0.125,0.0028721823,
0.12525,-0.0116581675,
0.1255,-0.0217278395,
0.12575,0.0098045059,
0.126,0.0137967579,
0.12625,-0.0069452985,
0.1265,-0.0111955106,
0.12675,0.0093018580,
0.127,-0.0050287577,
0.12725,-0.0203924701,
0.1275,-0.0103929304,
0.12775,0.0090452014,
0.128,-0.0006145909,
0.12825,-0.0116047217,
0.1285,0.0005152549,
0.12875,0.0001347491,
0.129,-0.0143328235,
0.12925,-0.0235319436,
0.1295,-0.0164884441,
0.12975,-0.0090268720,
0.13,-0.0181517415,
0.13025,-0.0123219695,
0.1305,0.0049599940,
0.13075,0.0046537644,
0.131,-0.0065067452,
0.13125,0.0000050186,
0.1315,0.0040681618,
0.13175,-0.0012787979,
0.132,-0.0021678787,
0.13225,-0.0055895504,
0.1325,0.0016976242,
0.13275,0.0009298557,
0.133,0.0009271406,
0.13325,0.0138378572,
0.1335,0.0197163299,
0.13375,0.0195278972,
0.134,0.0205192044,
0.13425,0.0170164220,
0.1345,0.0096585797,
0.13475,-0.0025377772,
0.135,-0.0150527209,
0.13525,-0.0239691325,
0.1355,-0.0221233983,
0.13575,-0.0154327406,
0.136,-0.0037758676,
0.13625,0.0097090080,
0.1365,0.0277158339,
0.13675,0.0351870619,
0.137,0.0259538889,
0.13725,0.0179644190,
0.1375,0.0141360899,
0.13775,-0.0080437753,
0.138,-0.0143020926,
0.13825,0.0031299228,
0.1385,0.0186296385,
0.13875,0.0190680809,
0.139,0.0312469602,
0.13925,0.0409281626,
0.1395,0.0339845158,
0.13975,0.0061602280,
0.14,-0.0022188807,
0.14025,0.0045631113,
0.1405,-0.0032742412,
0.14075,-0.0037328149,
0.141,0.0093854731,
0.14125,0.0253862441,
0.1415,0.0164034050,
0.14175,0.0064375484,
0.142,0.0039564082,
0.14225,0.0095311720,
0.1425,0.0019867015,
0.14275,-0.0044649318,
0.143,-0.0024998945,
0.14325,0.0112898611,
0.1435,0.0130867008,
0.14375,0.0016615703,
0.144,0.0028224697,
0.14425,0.0282819346,
0.1445,0.0201857723,
0.14475,0.0021885489,
0.145,0.0057541770,
0.14525,0.0244710203,
0.1455,0.0007884928,
0.14575,-0.0194119886,
0.146,0.0031561521,
0.14625,0.0236486346,
0.1465,0.0106198629,
0.14675,0.0074579618,
0.147,0.0309833158,
0.14725,0.0219064280,
0.1475,-0.0052438374,
0.14775,-0.0154656079,
0.148,-0.0015189264,
0.14825,-0.0051513733,
0.1485,-0.0225710664,
0.14875,0.0054958165,
0.149,0.0224063918,
0.14925,0.0088594593,
0.1495,0.0012053881,
0.14975,0.0100912284,
0.15,-0.0011769969,
0.15025,-0.0214250125,
0.1505,-0.0209783670,
0.15075,0.0046438915,
0.151,-0.0034182263,
0.15125,-0.0063673100,
0.1515,0.0099443318,
0.15175,0.0170253590,
0.152,-0.0019759862,
0.15225,-0.0041122213,
0.1525,0.0032983583,
0.15275,-0.0049085217,
0.153,-0.0200190470,
0.15325,-0.0128773982,
0.1535,0.0021116210,
0.15375,-0.0065445551,
0.154,-0.0074906205,
0.15425,0.0126071693,
0.1545,0.0146835102,
0.15475,0.0028403993,
0.155,0.0032166450,
0.15525,0.0116044646,
0.1555,-0.0042306101,
0.15575,-0.0201475210,
0.156,-0.0063954107,
0.15625,-0.0023994506,
0.1565,-0.0165268574,
0.15675,-0.0109464768,
0.157,0.0136374701,
0.15725,0.0052324478,
0.1575,-0.0085808281,
0.15775,-0.0071398425,
0.158,0.0052979561,
0.15825,-0.0152662247,
0.1585,-0.0300319884,
0.15875,-0.0064069075,
0.159,0.0077730971,
0.15925,-0.0120936064,
0.1595,-0.0098570045,
0.15975,0.0126796924,
0.16,0.0064679398,
0.16025,-0.0154837165,
0.1605,-0.0088494839,
0.16075,0.0056359679,
0.161,-0.0039061336,
0.16125,-0.0179923568,
0.1615,-0.0016597776,
0.16175,0.0117624421,
0.162,-0.0049797697,
0.16225,-0.0082978606,
0.1625,0.0049706427,
0.16275,0.0023522556,
0.163,-0.0060009053,
0.16325,-0.0134688057,
0.1635,0.0063573220,
0.16375,0.0065465076,
0.164,-0.0033719274,
0.16425,0.0015874023,
0.1645,0.0151969632,
0.16475,0.0113462666,
0.165,0.0040929336,
0.16525,0.0083266022,
0.1655,0.0037478255,
0.16575,-0.0046861744,
0.166,-0.0104332622,
0.16625,-0.0044013332,
0.1665,0.0052537485,
0.16675,0.0050639505,
0.167,0.0142803751,
0.16725,0.0211369134,
0.1675,0.0179627519,
0.16775,0.0086662481,
0.168,0.0051437384,
0.16825,0.0024000045,
0.1685,-0.0119588329,
0.16875,-0.0198016334,
0.169,-0.0007238751,
0.16925,0.0071020620,
0.1695,0.0126624862,
0.16975,0.0142833833,
0.17,0.0299800355,
0.17025,0.0200559720,
0.1705,0.0041377302,
0.17075,0.0028751357,
0.171,-0.0079599954,
0.17125,-0.0144371353,
0.1715,-0.0170508977,
0.17175,-0.0045044245,
0.172,0.0031562091,
0.17225,0.0193355903,
0.1725,0.0220421068,
0.17275,0.0203954708,
0.173,0.0052085826,
0.17325,-0.0048267520,
0.1735,-0.0243260991,
0.17375,-0.0306029823,
0.174,-0.0248909201,
0.17425,-0.0066378438,
0.1745,-0.0037575392,
0.17475,-0.0032934218,
0.175,-0.0037627062,
0.17525,0.0030685854,
0.1755,-0.0058279163,
0.17575,-0.0189096536,
0.176,-0.0188328046,
0.17625,-0.0195255894,
0.1765,-0.0142129473,
0.17675,-0.0099061718,
0.177,-0.0108775916,
0.17725,-0.0007375228,
0.1775,0.0094829127,
0.17775,-0.0025417684,
0.178,-0.0118996482,
0.17825,-0.0044490178,
0.1785,0.0031919288,
0.17875,-0.0153847402,
0.179,-0.0228711385,
0.17925,-0.0022081726,
0.1795,0.0007553378,
0.17975,-0.0223546755,
0.18,-0.0112538496,
0.18025,0.0130235795,
0.1805,0.0010377027,
0.18075,-0.0117563931,
0.181,-0.0020990861,
0.18125,0.0038667547,
0.1815,-0.0152407028,
0.18175,-0.0322170481,
0.182,-0.0126722967,
0.18225,-0.0008856180,
0.1825,-0.0167263690,
0.18275,-0.0095497873,
0.183,0.0177484825,
0.18325,0.0052854316,
0.1835,-0.0051609990,
0.18375,-0.0023892364,
0.184,0.0026969230,
0.18425,-0.0186011307,
0.1845,-0.0291956365,
0.18475,-0.0059504020,
0.185,-0.0017538563,
0.18525,-0.0154978130,
0.1855,-0.0043026335,
0.18575,0.0196830556,
0.186,0.0021232839,
0.18625,-0.0086675053,
0.1865,-0.0007064273,
0.18675,0.0065119234,
0.187,-0.0053554117,
0.18725,-0.0153874662,
0.1875,0.0038546498,
0.18775,0.0105653964,
0.188,-0.0029142769,
0.18825,0.0002619731,
0.1885,0.0147395497,
0.18875,0.0117992572,
0.189,-0.0040065073,
0.18925,0.0018280589,
0.1895,0.0094209509,
0.18975,-0.0003576222,
0.19,0.0023514668,
0.19025,0.0094660204,
0.1905,0.0064889174,
0.19075,-0.0007510821,
0.191,0.0041486612,
0.19125,0.0092655970,
0.1915,0.0012542175,
0.19175,-0.0020960039,
0.192,0.0080261026,
0.19225,0.0054599419,
0.1925,-0.0094983829,
0.19275,-0.0066041192,
0.193,0.0075703878,
0.19325,-0.0028244522,
0.1935,-0.0134588517,
0.19375,-0.0011768109,
0.194,0.0028640833,
0.19425,-0.0115670590,
0.1945,-0.0113438712,
0.19475,0.0074204099,
0.195,0.0158974137,
0.19525,0.0012880671,
0.1955,0.0077510076,
0.19575,0.0183909424,
0.196,0.0010442206,
0.19625,-0.0108032934,
0.1965,-0.0024255626,
0.19675,0.0062368060,
0.197,-0.0010683931,
0.19725,-0.0050334996,
0.1975,0.0030289534,
0.19775,0.0125941858,
0.198,-0.0060723266,
0.19825,-0.0122051518,
0.1985,-0.0073328493,
0.19875,-0.0105961794,
0.199,-0.0241556112,
0.19925,-0.0144762266,
0.1995,-0.0108671943,
0.19975,-0.0035465378,
0.2,-0.0078868298,
0.20025,0.0005525724,
0.2005,0.0101331063,
0.20075,0.0038254787,
0.201,0.0021840134,
0.20125,0.0021238306,
0.2015,-0.0050199293,
0.20175,-0.0103675630,
0.202,-0.0186020490,
0.20225,-0.0067606186,
0.2025,0.0016465295,
0.20275,-0.0043913121,
0.203,0.0169928521,
0.20325,0.0268620849,
0.2035,0.0158592183,
0.20375,0.0112181399,
0.204,0.0017340886,
0.20425,-0.0000506763,
0.2045,-0.0223209225,
0.20475,-0.0370400175,
0.205,-0.0209809951,
0.20525,-0.0153986970,
0.2055,-0.0122506488,
0.20575,0.0016767504,
0.206,0.0136970347,
0.20625,0.0142673776,
0.2065,0.0141794505,
0.20675,-0.0043734689,
0.207,0.0002376417,
0.20725,-0.0134755522,
0.2075,-0.0253634788,
0.20775,-0.0188028831,
0.208,-0.0107445670,
0.20825,0.0013762125,
0.2085,0.0131063554,
0.20875,0.0196307246,
0.209,0.0163570549,
0.20925,0.0073326370,
0.2095,-0.0053076469,
0.20975,-0.0058133118,
0.21,-0.0128470687,
0.21025,-0.0170538388,
0.2105,0.0012494571,
0.21075,0.0108134020,
0.211,0.0117433630,
0.21125,0.0146729127,
0.2115,0.0201764666,
0.21175,0.0184901804,
0.212,0.0007344681,
0.21225,-0.0052921176,
0.2125,0.0108253537,
0.21275,0.0051069306,
0.213,-0.0000205128,
0.21325,0.0228610896,
0.2135,0.0272820443,
0.21375,0.0135463644,
0.214,0.0140535180,
0.21425,0.0236923285,
0.2145,0.0134696830,
0.21475,-0.0077764876,
0.215,-0.0051922314,
0.21525,0.0068341237,
0.2155,-0.0068827681,
0.21575,-0.0205108617,
0.216,0.0032643371,
0.21625,0.0127092395,
0.2165,-0.0098286942,
0.21675,-0.0054439306,
0.217,0.0113592939,
0.21725,0.0049408507,
0.2175,-0.0212389957,
0.21775,-0.0155002344,
0.218,0.0075677047,
0.21825,-0.0071873143,
0.2185,-0.0098008988,
0.21875,0.0219792519,
0.219,0.0355152860,
0.21925,0.0186552536,
0.2195,0.0174166597,
0.21975,0.0326239653,
0.22,0.0188539885,
0.22025,-0.0048350934,
0.2205,-0.0040276381,
0.22075,0.0102130929,
0.221,-0.0010456111,
0.22125,-0.0090821637,
0.2215,0.0112925079,
0.22175,0.0250728652,
0.222,0.0154458173,
0.22225,0.0095094806,
0.2225,0.0154245514,
0.22275,0.0125525938,
0.223,-0.0128255840,
0.22325,-0.0107101081,
0.2235,-0.0051976210,
0.22375,-0.0111801783,
0.224,-0.0133829210,
0.22425,-0.0039986446,
0.2245,0.0003900166,
0.22475,0.0071954285,
0.225,0.0075234887,
0.22525,0.0186475944,
0.2255,0.0133028571,
0.22575,0.0106256632,
0.226,0.0096019367,
0.22625,0.0085370531,
0.2265,-0.0061106798,
0.22675,-0.0063600973,
0.227,-0.0019670734,
0.22725,-0.0016881280,
0.2275,-0.0031805597,
0.22775,0.0173188932,
0.228,0.0230596513,
0.22825,0.0196236223,
0.2285,0.0107070319,
0.22875,0.0145891355,
0.229,0.0059510283,
0.22925,-0.0155965434,
0.2295,-0.0104654636,
0.22975,-0.0022286435,
0.23,-0.0039397571,
0.23025,-0.0071447501,
0.2305,0.0051565277,
0.23075,0.0046391087,
0.231,0.0008306911,
0.23125,-0.0170626845,
0.2315,-0.0079340385,
0.23175,-0.0087428410,
0.232,-0.0199703593,
0.23225,-0.0190071519,
0.2325,-0.0010578588,
0.23275,-0.0063986727,
0.233,-0.0164869726,
0.23325,-0.0056165555,
0.2335,0.0068300073,
0.23375,0.0066490402,
0.234,-0.0023916664,
0.23425,0.0061907694,
0.2345,0.0073497887,
0.23475,-0.0126614869,
0.235,-0.0231446736,
0.23525,-0.0188381989,
0.2355,-0.0139077175,
0.23575,-0.0160746761,
0.236,-0.0126681309,
0.23625,0.0021873552,
0.2365,0.0100934990,
0.23675,-0.0004745582,
0.237,-0.0025549277,
0.23725,0.0063628540,
0.2375,-0.0069329618,
0.23775,-0.0238874108,
0.238,-0.0234445482,
0.23825,-0.0164873935,
0.2385,-0.0177100562,
0.23875,-0.0187581554,
0.239,0.0001155799,
0.23925,0.0154065713,
0.2395,0.0031710581,
0.23975,0.0022804732,
0.24,-0.0009224367,
0.24025,-0.0110995229,
0.2405,-0.0343398713,
0.24075,-0.0337788612,
0.241,-0.0227894150,
0.24125,-0.0225878600,
0.2415,-0.0209319796,
0.24175,-0.0054827980,
0.242,0.0051322058,
0.24225,-0.0064477441,
0.2425,-0.0121700522,
0.24275,-0.0102576753,
0.243,-0.0026108804,
0.24325,-0.0133120604,
0.2435,-0.0036486622,
0.24375,0.0082767261,
0.244,0.0197291113,
0.24425,0.0115840528,
0.2445,0.0120970868,
0.24475,0.0165470131,
0.245,0.0111387689,
0.24525,0.0053380239,
0.2455,0.0082279760,
0.24575,0.0203430187,
0.246,0.0139523251,
0.24625,0.0115039935,
0.2465,0.0184936561,
0.24675,0.0172673594,
0.247,0.0088662552,
0.24725,0.0159742720,
0.2475,0.0220728498,
0.24775,0.0084092291,
0.248,0.0057170819,
0.24825,0.0104304366,
0.2485,0.0032712230,
0.24875,-0.0078706248,
0.249,0.0010274150,
0.24925,0.0226017423,
0.2495,0.0145213995,
0.24975,0.0041350834,
0.25,0.0217633061,
0.25025,0.0202801060,
0.2505,-0.0090510929,
0.25075,-0.0177282300,
0.251,0.0056388741,
0.25125,0.0025419788,
0.2515,-0.0140109286,
0.25175,-0.0020105229,
0.252,0.0244650170,
0.25225,0.0000773341,
0.2525,-0.0109723108,
0.25275,0.0069863386,
0.253,0.0135955494,
0.25325,-0.0117806140,
0.2535,-0.0071445080,
0.25375,0.0152861141,
0.254,0.0119276978,
0.25425,-0.0087690502,
0.2545,0.0060199662,
0.25475,0.0196285769,
0.255,0.0030952252,
0.25525,-0.0130150607,
0.2555,-0.0013919747,
0.25575,0.0067873206,
0.256,-0.0160202757,
0.25625,-0.0210864171,
0.2565,-0.0051329010,
0.25675,-0.0057934197,
0.257,-0.0255444944,
0.25725,-0.0169207640,
0.2575,-0.0100271888,
0.25775,-0.0135544054,
0.258,-0.0170473233,
0.25825,-0.0150815938,
0.2585,-0.0089203613,
0.25875,-0.0184696335,
0.259,-0.0188066699,
0.25925,-0.0142327249,
0.2595,-0.0205034688,
0.25975,-0.0217627101,
0.26,-0.0156547409,
0.26025,-0.0122136446,
0.2605,-0.0187673457,
0.26075,-0.0089950357,
0.261,-0.0059321593,
0.26125,-0.0090244496,
0.2615,-0.0107444953,
0.26175,-0.0098021813,
0.262,0.0043022805,
0.26225,-0.0117897233,
0.2625,-0.0187127646,
0.26275,-0.0011852824,
0.263,-0.0055535026,
0.26325,-0.0225007795,
0.2635,-0.0096762609,
0.26375,-0.0048368010,
0.264,-0.0019811073,
0.26425,-0.0120941848,
0.2645,-0.0013398972,
0.26475,0.0107901506,
0.265,-0.0009535084,
0.26525,-0.0186113100,
0.2655,0.0015431830,
0.26575,0.0007579359,
0.266,-0.0094726104,
0.26625,-0.0082120122,
0.2665,0.0089763394,
0.26675,0.0127035733,
0.267,0.0036902712,
0.26725,0.0082972841,
0.2675,0.0238710660,
0.26775,0.0076944754,
0.268,-0.0065531810,
0.26825,0.0003204021,
0.2685,0.0005903956,
0.26875,-0.0060961293,
0.269,-0.0070962119,
0.26925,0.0042749094,
0.2695,0.0205669813,
0.26975,0.0153926611,
0.27,0.0247820280,
0.27025,0.0357792936,
0.2705,0.0354642533,
0.27075,0.0122866957,
0.271,0.0061606281,
0.27125,0.0037689437,
0.2715,-0.0059747919,
0.27175,-0.0162661280,
0.272,-0.0034073298,
0.27225,0.0092420541,
0.2725,0.0029138150,
0.27275,0.0056117303,
0.273,0.0147520527,
0.27325,0.0260477811,
0.2735,0.0144448895,
0.27375,-0.0007223822,
0.274,-0.0010533715,
0.27425,-0.0031468170,
0.2745,-0.0203628689,
0.27475,-0.0019812530,
0.275,0.0211377293,
0.27525,0.0236044079,
0.2755,0.0152707798,
0.27575,0.0190706253,
0.276,0.0173088852,
0.27625,0.0009248461,
0.2765,-0.0185809992,
0.27675,-0.0035911421,
0.277,0.0007868157,
0.27725,-0.0121322442,
0.2775,-0.0041881558,
0.27775,0.0174329206,
0.278,0.0121646356,
0.27825,0.0001083063,
0.2785,-0.0018338941,
0.27875,0.0042647254,
0.279,-0.0038281255,
0.27925,-0.0166573618,
0.2795,-0.0023524279,
0.27975,0.0134565048,
0.28,0.0052916347,
0.28025,0.0033102855,
0.2805,0.0111479983,
0.28075,0.0034505513,
0.281,0.0017503577,
0.28125,0.0022966966,
0.2815,0.0030184058,
0.28175,-0.0034055030,
0.282,-0.0026708422,
0.28225,-0.0020663491,
0.2825,-0.0013467814,
0.28275,-0.0067425398,
0.283,0.0113018360,
0.28325,0.0135393739,
0.2835,-0.0019211541,
0.28375,-0.0025220376,
0.284,0.0072493898,
0.28425,-0.0054122694,
0.2845,-0.0185876880,
0.28475,-0.0075744046,
0.285,0.0065655960,
0.28525,-0.0067005130,
0.2855,-0.0128887314,
0.28575,0.0155697679,
0.286,0.0162076540,
0.28625,-0.0056992560,
0.2865,0.0012649402,
0.28675,0.0143744508,
0.287,-0.0082350634,
0.28725,-0.0220860913,
0.2875,-0.0016542142,
0.28775,0.0067314836,
0.288,-0.0092960065,
0.28825,-0.0073879901,
0.2885,0.0163086839,
0.28875,0.0141805122,
0.289,-0.0065184566,
0.28925,0.0052033439,
0.2895,0.0175966490,
0.28975,0.0039809607,
0.29,-0.0123105124,
0.29025,0.0026534628,
0.2905,0.0148550281,
0.29075,-0.0035537351,
0.291,-0.0057150726,
0.29125,0.0073926011,
0.2915,0.0083180796,
0.29175,-0.0030760253,
0.292,0.0001210540,
0.29225,0.0093671354,
0.2925,0.0092592444,
0.29275,0.0047196578,
0.293,0.0064456789,
0.29325,0.0075052697,
0.2935,0.0024402428,
0.29375,-0.0034915565,
0.294,-0.0044062496,
0.29425,-0.0037159068,
0.2945,-0.0022513957,
0.29475,-0.0012524221,
0.295,0.0032542148,
0.29525,0.0044919020,
0.2955,0.0063359719,
0.29575,0.0142096030,
0.296,0.0111273816,
0.29625,0.0056732725,
0.2965,0.0100683598,
0.29675,0.0114043001,
0.297,0.0041874247,
0.29725,0.0048681609,
0.2975,0.0129852965,
0.29775,0.0126836170,
0.298,0.0103320610,
0.29825,0.0079394728,
0.2985,0.0144464187,
0.29875,-0.0026096681,
0.299,-0.0052772458,
0.29925,-0.0021741416,
0.2995,-0.0028719553,
0.29975,-0.0082034022,
0.3,-0.0034615924,
0.30025,0.0064933961,
0.3005,0.0129245231,
0.30075,0.0040763919,
0.301,0.0067060040,
0.30125,0.0093949186,
0.3015,0.0022276076,
0.30175,-0.0080389427,
0.302,-0.0018699112,
0.30225,-0.0001784246,
0.3025,0.0029639290,
0.30275,-0.0012082787,
0.303,0.0095130038,
0.30325,0.0204699840,
0.3035,0.0194414668,
0.30375,0.0178799201,
0.304,0.0155542186,
0.30425,0.0123696951,
0.3045,-0.0003676298,
0.30475,-0.0132062491,
0.305,-0.0113439923,
0.30525,-0.0051331902,
0.3055,-0.0104664080,
0.30575,-0.0030023088,
0.306,0.0218152516,
0.30625,0.0196906812,
0.3065,0.0172090419,
0.30675,0.0152457803,
0.307,0.0144326203,
0.30725,0.0033064578,
0.3075,-0.0243472699,
0.30775,-0.0153063321,
0.308,0.0018350740,
0.30825,-0.0133058187,
0.3085,-0.0023093875,
0.30875,0.0212949049,
0.309,0.0211007688,
0.30925,0.0051980857,
0.3095,-0.0015431760,
0.30975,0.0033169570,
0.31,-0.0087578325,
0.31025,-0.0235920139,
0.3105,-0.0138429040,
0.31075,0.0100813359,
0.311,-0.0030811564,
0.31125,-0.0030188155,
0.3115,0.0068766484,
0.31175,0.0093338229,
0.312,-0.0084744878,
0.31225,-0.0174904224,
0.3125,-0.0098097427,
0.31275,-0.0028466734,
0.313,-0.0152324326,
0.31325,-0.0150970882,
0.3135,0.0064971587,
0.31375,-0.0028989385,
0.314,-0.0086143482,
0.31425,-0.0042662984,
0.3145,0.0006955172,
0.31475,-0.0063228132,
0.315,-0.0094395326,
0.31525,-0.0130827930,
0.3155,-0.0087387264,
0.31575,-0.0079457071,
0.316,-0.0088033862,
0.31625,-0.0008474393,
0.3165,-0.0052012503,
0.31675,-0.0004933000,
0.317,0.0012403877,
0.31725,-0.0175771546,
0.3175,-0.0253868066,
0.31775,-0.0100032557,
0.318,-0.0209300928,
0.31825,-0.0333702751,
0.3185,-0.0231917296,
0.31875,-0.0025443523,
0.319,-0.0032986628,
0.31925,-0.0191681981,
0.3195,-0.0008879433,
0.31975,0.0093480870,
0.32,-0.0182635803,
0.32025,-0.0305355303,
0.3205,-0.0012499727,
0.32075,0.0015118006,
0.321,-0.0158002134,
0.32125,-0.0007733848,
0.3215,0.0212169811,
0.32175,0.0117431693,
0.322,-0.0049348800,
0.32225,0.0095810816,
0.3225,0.0183778461,
0.32275,-0.0058767367,
0.323,-0.0210252739,
0.32325,0.0024368134,
0.3235,0.0056565255,
0.32375,-0.0146825202,
0.324,-0.0026987256,
0.32425,0.0219038613,
0.3245,0.0111251175,
0.32475,-0.0004746467,
0.325,0.0098501146,
0.32525,0.0143606504,
0.3255,0.0030564074,
0.32575,-0.0085024647,
0.326,0.0029071528,
0.32625,0.0023745236,
0.3265,-0.0085088266,
0.32675,-0.0040412820,
0.327,0.0103391754,
0.32725,0.0087893112,
0.3275,0.0160126965,
0.32775,0.0139215393,
0.328,0.0170406420,
0.32825,0.0118454266,
0.3285,0.0048595639,
0.32875,0.0062099230,
0.329,0.0107723745,
0.32925,0.0069916928,
0.3295,0.0123804947,
0.32975,0.0132679064,
0.33,0.0125723761,
0.33025,0.0157136079,
0.3305,0.0130647253,
0.33075,0.0051213056,
0.331,-0.0020776214,
0.33125,0.0079643084,
0.3315,0.0037449324,
0.33175,0.0010949142,
0.332,0.0029878006,
0.33225,0.0063609262,
0.3325,-0.0028262471,
0.33275,-0.0107935369,
0.333,-0.0078627057,
0.33325,0.0015734050,
0.3335,0.0024130852,
0.33375,-0.0043493309,
0.334,0.0072910255,
0.33425,0.0075299661,
0.3345,-0.0031878275,
0.33475,-0.0080450308,
0.335,0.0013121770,
0.33525,-0.0061682728,
0.3355,-0.0185433012,
0.33575,-0.0163993388,
0.336,0.0010299594,
0.33625,-0.0042033885,
0.3365,-0.0015806681,
0.33675,0.0055964161,
0.337,0.0051712720,
0.33725,-0.0114930999,
0.3375,-0.0145004643,
0.33775,-0.0182123650,
0.338,-0.0246817730,
0.33825,-0.0251340866,
0.3385,-0.0197795313,
0.33875,-0.0074335551,
0.339,-0.0007924333,
0.33925,0.0019511713,
0.3395,0.0086477436,
0.33975,0.0088326149,
0.34,-0.0007134190,
0.34025,-0.0152766146,
0.3405,-0.0225726254,
0.34075,-0.0314805806,
0.341,-0.0239168257,
0.34125,-0.0253293496,
0.3415,-0.0150628285,
0.34175,0.0058920402,
0.342,0.0174871273,
0.34225,0.0092078783,
0.3425,-0.0005581958,
0.34275,-0.0046226555,
0.343,-0.0127174808,
0.34325,-0.0307571925,
0.3435,-0.0185799636,
0.34375,-0.0052582589,
0.344,0.0021239605,
0.34425,-0.0025184918,
0.3445,0.0132141169,
0.34475,0.0172469504,
0.345,0.0017644451,
0.34525,-0.0060059428,
0.3455,-0.0019979796,
0.34575,-0.0035308879,
0.346,-0.0124729341,
0.34625,-0.0052153580,
0.3465,0.0076630386,
0.34675,0.0139326034,
0.347,-0.0051351083,
0.34725,0.0002540239,
0.3475,0.0051473617,
0.34775,-0.0024329931,
0.348,-0.0165319890,
0.34825,0.0004576175,
0.3485,0.0007103310,
0.34875,-0.0070838723,
0.349,-0.0078888200,
0.34925,-0.0021332258,
0.3495,0.0071421256,
0.34975,0.0007354686,
0.35,0.0067487285,
0.35025,0.0122284843,
0.3505,0.0102203991,
0.35075,0.0070722252,
0.351,0.0045214249,
0.35125,-0.0047383467,
0.3515,-0.0038417627,
0.35175,0.0069410871,
0.352,0.0110146143,
0.35225,0.0083229830,
0.3525,0.0204528142,
0.35275,0.0311515667,
0.353,0.0235501658,
0.35325,0.0042096078,
0.3535,0.0074268142,
0.35375,0.0151486406,
0.354,-0.0069359127,
0.35425,-0.0102150850,
0.3545,0.0137464320,
0.35475,0.0137958489,
0.355,-0.0019407073,
0.35525,0.0093488488,
0.3555,0.0243117772,
0.35575,0.0089442432,
0.356,-0.0083714686,
0.35625,0.0043529919,
0.3565,0.0192634109,
0.35675,-0.0000997721,
0.357,-0.0076951422,
0.35725,0.0243693199,
0.3575,0.0267343596,
0.35775,0.0008251752,
0.358,0.0077410098,
0.35825,0.0340619944,
0.3585,0.0262498390,
0.35875,0.0010937081,
0.359,0.0145797608,
0.35925,0.0335466936,
0.3595,0.0117807370,
0.35975,-0.0027057948,
0.36,0.0151525196,
0.36025,0.0153496265,
0.3605,0.0013423073,
0.36075,0.0036219109,
0.361,0.0189618394,
0.36125,0.0203169603,
0.3615,0.0121225528,
0.36175,0.0163151994,
0.362,0.0153713627,
0.36225,0.0046682386,
0.3625,-0.0062972158,
0.36275,-0.0021188296,
0.363,-0.0062010763,
0.36325,-0.0113861896,
0.3635,-0.0012453482,
0.36375,0.0043747025,
0.364,0.0064909197,
0.36425,0.0045615258,
0.3645,0.0108177010,
0.36475,0.0085366564,
0.365,-0.0025179419,
0.36525,-0.0019828882,
0.3655,0.0001430194,
0.36575,-0.0109094838,
0.366,-0.0083173895,
0.36625,0.0010746929,
0.3665,0.0025434969,
0.36675,0.0000207049,
0.367,0.0042978111,
0.36725,0.0052947602,
0.3675,-0.0004239696,
0.36775,-0.0167347211,
0.368,-0.0172092952,
0.36825,-0.0071358252,
0.3685,-0.0187078100,
0.36875,-0.0241753049,
0.369,-0.0070594167,
0.36925,0.0091192033,
0.3695,-0.0035910970,
0.36975,-0.0018511114,
0.37,0.0112284701,
0.37025,0.0026799215,
0.3705,-0.0231194962,
0.37075,-0.0228131916,
0.371,-0.0151126962,
0.37125,-0.0251184981,
0.3715,-0.0301744342,
0.37175,-0.0132223582,
0.372,-0.0024431958,
0.37225,-0.0011510490,
0.3725,0.0037711621,
0.37275,0.0150041711,
0.373,0.0124984933,
0.37325,-0.0047491435,
0.3735,-0.0168799516,
0.37375,-0.0127711417,
0.374,-0.0331069119,
0.37425,-0.0351021513,
0.3745,-0.0217693262,
0.37475,-0.0134052709,
0.375,-0.0111508593,
0.37525,0.0084111542,
0.3755,0.0081308251,
0.37575,0.0216273107,
0.376,0.0090609714,
0.37625,0.0087290136,
0.3765,-0.0036546732,
0.37675,-0.0189030524,
0.377,-0.0238750968,
0.37725,-0.0159594584,
0.3775,-0.0174873453,
0.37775,0.0075274613,
0.378,0.0093582766,
0.37825,0.0151223019,
0.3785,0.0151762469,
0.37875,0.0133230211,
0.379,-0.0014728667,
0.37925,-0.0014268578,
0.3795,-0.0081503559,
0.37975,-0.0063870978,
0.38,-0.0063135433,
0.38025,-0.0031492114,
0.3805,0.0149524044,
0.38075,0.0159209408,
0.381,0.0088706836,
0.38125,0.0046261111,
0.3815,0.0100954976,
0.38175,-0.0059966240,
0.382,-0.0102148252,
0.38225,-0.0014120388,
0.3825,0.0115791196,
0.38275,0.0059114746,
0.383,-0.0001182467,
0.38325,0.0097544547,
0.3835,0.0123044895,
0.38375,-0.0028385895,
0.384,-0.0066822059,
0.38425,-0.0016657753,
0.3845,-0.0094793839,
0.38475,-0.0082547348,
0.385,-0.0098099634,
0.38525,0.0038782633,
0.3855,-0.0007432124,
0.38575,0.0064606518,
0.386,-0.0043283431,
0.38625,-0.0133396862,
0.3865,-0.0074321306,
0.38675,-0.0144634722,
0.387,-0.0036081413,
0.38725,-0.0140476171,
0.3875,-0.0108910622,
0.38775,-0.0004096495,
0.388,0.0037895471,
0.38825,-0.0097585870,
0.3885,0.0115334373,
0.38875,0.0233784337,
0.389,0.0026284251,
0.38925,-0.0092598600,
0.3895,0.0091039315,
0.38975,-0.0026276992,
0.39,-0.0205819048,
0.39025,-0.0178480539,
0.3905,0.0058725001,
0.39075,-0.0009054629,
0.391,-0.0187417287,
0.39125,-0.0001453082,
0.3915,0.0203489587,
0.39175,-0.0039919242,
0.392,-0.0207083598,
0.39225,0.0043739104,
0.3925,0.0080711562,
0.39275,-0.0236969776,
0.393,-0.0193841048,
0.39325,0.0071275369,
0.3935,-0.0011295323,
0.39375,-0.0244971085,
0.394,-0.0120077487,
0.39425,0.0084160110,
0.3945,-0.0083710337,
0.39475,-0.0206949897,
0.395,0.0006114302,
0.39525,0.0095660752,
0.3955,-0.0145209664,
0.39575,-0.0129657798,
0.396,-0.0031147895,
0.39625,-0.0081885541,
0.3965,-0.0200319290,
0.39675,-0.0191004220,
0.397,-0.0023903733,
0.39725,-0.0077328430,
0.3975,-0.0178744495,
0.39775,-0.0010659081,
0.398,0.0072493656,
0.39825,-0.0028378163,
0.3985,-0.0005360985,
0.39875,-0.0008211212,
0.399,-0.0066572684,
0.39925,-0.0187445972,
0.3995,-0.0167226493,
0.39975,-0.0096212309,
0.4,-0.0117163118,
0.40025,-0.0099857412,
0.4005,0.0053282352,
0.40075,-0.0051966542,
0.401,-0.0064748628,
0.40125,-0.0005072654,
0.4015,-0.0064160833,
0.40175,-0.0161184780,
0.402,-0.0232240371,
0.40225,-0.0155103300,
0.4025,-0.0102751814,
0.40275,-0.0187653098,
0.403,-0.0082496125,
0.40325,0.0128276814,
0.4035,0.0083617400,
0.40375,-0.0031283423,
0.404,0.0067892829,
0.40425,0.0074802642,
0.4045,-0.0130729703,
0.40475,-0.0268661436,
0.405,-0.0130560715,
0.40525,-0.0051013455,
0.4055,-0.0189965237,
0.40575,-0.0035820706,
0.406,0.0143636381,
0.40625,0.0164597370,
0.4065,0.0086165396,
0.40675,0.0126827592,
0.407,0.0096219927,
0.40725,-0.0079226373,
0.4075,-0.0287168697,
0.40775,-0.0198268685,
0.408,-0.0250742566,
0.40825,-0.0209256671,
0.4085,-0.0005139510,
0.40875,0.0218092576,
0.409,0.0199654363,
0.40925,0.0250074565,
0.4095,0.0191507041,
0.40975,0.0082012834,
0.41,-0.0198098738,
0.41025,-0.0280811545,
0.4105,-0.0166677777,
0.41075,-0.0085706795,
0.411,-0.0062465570,
0.41125,0.0165163334,
0.4115,0.0220683366,
0.41175,0.0157682486,
0.412,-0.0023565269,
0.41225,-0.0121502057,
0.4125,-0.0078216698,
0.41275,-0.0081816651,
0.413,-0.0052297935,
0.41325,0.0054530120,
0.4135,0.0221513771,
0.41375,0.0056475028,
0.414,-0.0019451929,
0.41425,-0.0048487447,
0.4145,0.0056572566,
0.41475,0.0066676270,
0.415,-0.0005563869,
0.41525,0.0112371845,
0.4155,0.0274662040,
0.41575,0.0154535240,
0.416,0.0018893891,
0.41625,0.0101826573,
0.4165,0.0211333092,
0.41675,0.0106259808,
0.417,0.0002914890,
0.41725,0.0150785707,
0.4175,0.0236739758,
0.41775,-0.0037880084,
0.418,-0.0124613028,
0.41825,-0.0013786351,
0.4185,0.0002866325,
0.41875,0.0016984291,
0.419,0.0094669415,
0.41925,0.0228592530,
0.4195,0.0224734265,
0.41975,0.0086404458,
0.42,0.0055038659,
0.42025,0.0016326190,
0.4205,-0.0038739960,
0.42075,0.0007142525,
0.421,0.0122644845,
0.42125,0.0139480038,
0.4215,0.0154048372,
0.42175,0.0229591727,
0.422,0.0214160215,
0.42225,0.0033304445,
0.4225,-0.0029169654,
0.42275,0.0105460631,
0.423,-0.0019066433,
0.42325,0.0008295320,
0.4235,0.0181286018,
0.42375,0.0205417331,
0.424,0.0074280668,
0.42425,0.0037491960,
0.4245,0.0112129226,
0.42475,0.0088966889,
0.425,-0.0138605200,
0.42525,-0.0047399765,
0.4255,0.0122037334,
0.42575,-0.0056312368,
0.426,-0.0130527047,
0.42625,0.0053258445,
0.4265,0.0145560959,
0.42675,-0.0113060130,
0.427,-0.0077146553,
0.42725,0.0102310441,
0.4275,0.0068037068,
0.42775,-0.0173776913,
0.428,-0.0087789707,
0.42825,0.0093373582,
0.4285,-0.0116081685,
0.42875,-0.0258058142,
0.429,-0.0061592292,
0.42925,0.0007363170,
0.4295,-0.0186728351,
0.42975,-0.0154514499,
0.43,-0.0058898823,
0.43025,-0.0034551197,
0.4305,-0.0209758542,
0.43075,-0.0141194658,
0.431,0.0079009011,
0.43125,-0.0071087265,
0.4315,-0.0141994106,
0.43175,0.0049520279,
0.432,0.0099908784,
0.43225,-0.0062362193,
0.4325,-0.0086964350,
0.43275,0.0038479385,
0.433,0.0036454471,
0.43325,-0.0007215933,
0.4335,0.0043011140,
0.43375,0.0201187823,
0.434,0.0151098967,
0.43425,0.0092856325,
0.4345,0.0109432684,
0.43475,0.0026567243,
0.435,-0.0030301362,
0.43525,-0.0034241320,
0.4355,-0.0016244729,
0.43575,0.0079513267,
0.436,0.0091198673,
0.43625,0.0221329592,
0.4365,0.0271791071,
0.43675,0.0238915253,
0.437,0.0159110874,
0.43725,0.0154909855,
0.4375,0.0033736255,
0.43775,-0.0092462571,
0.438,-0.0096379872,
0.43825,-0.0017223874,
0.4385,-0.0011379735,
0.43875,0.0089074466,
0.439,0.0266631246,
0.43925,0.0351663977,
0.4395,0.0277249813,
0.43975,0.0314031988,
0.44,0.0299182795,
0.44025,0.0158819389,
0.4405,-0.0048793554,
0.44075,-0.0024397029,
0.441,-0.0050789202,
0.44125,-0.0079467995,
0.4415,-0.0039161667,
0.44175,0.0152492579,
0.442,0.0267843138,
0.44225,0.0131818820,
0.4425,0.0203315541,
0.44275,0.0174396001,
0.443,0.0058888700,
0.44325,-0.0130956629,
0.4435,-0.0121052954,
0.44375,-0.0098623857,
0.444,-0.0068441099,
0.44425,0.0000418987,
0.4445,0.0130115999,
0.44475,0.0212128423,
0.445,0.0132628735,
0.44525,0.0046786019,
0.4455,-0.0045750891,
0.44575,-0.0105825849,
0.446,-0.0166973062,
0.44625,-0.0171676502,
0.4465,-0.0048795287,
0.44675,0.0010550118,
0.447,-0.0015942740,
0.44725,0.0007817262,
0.4475,0.0070277131,
0.44775,-0.0066116787,
0.448,-0.0186002254,
0.44825,-0.0157893710,
0.4485,-0.0028667431,
0.44875,-0.0066763749,
0.449,-0.0112168621,
0.44925,-0.0021276902,
0.4495,0.0131344069,
0.44975,-0.0047161295,
0.45,-0.0157139897,
0.45025,-0.0118820043,
0.4505,-0.0022868048,
0.45075,-0.0245065801,
0.451,-0.0547017120,
0.45125,-0.0176409986,
0.4515,-0.0155900558,
0.45175,-0.0293438286,
0.452,-0.0238986667,
0.45225,-0.0002360093,
0.4525,0.0012413865,
0.45275,-0.0033719826,
0.453,-0.0113119222,
0.45325,-0.0056036632,
0.4535,-0.0092316763,
0.45375,-0.0200534463,
0.454,-0.0237152204,
0.45425,-0.0092001092,
0.4545,-0.0074014645,
0.45475,-0.0018081749,
0.455,-0.0020870396,
0.45525,0.0079841129,
0.4555,0.0017987633,
0.45575,-0.0062462273,
0.456,-0.0108145922,
0.45625,-0.0120973289,
0.4565,-0.0145544475,
0.45675,-0.0052065020,
0.457,-0.0045055589,
0.45725,-0.0061656823,
0.4575,0.0058939592,
0.45775,0.0076901778,
0.458,0.0059748460,
0.45825,-0.0015786926,
0.4585,0.0043061757,
0.45875,-0.0086005209,
0.459,-0.0126418229,
0.45925,-0.0115981530,
0.4595,-0.0012425419,
0.45975,-0.0092085162,
0.46,-0.0068675922,
0.46025,0.0103673507,
0.4605,0.0091841426,
0.46075,-0.0037241336,
0.461,0.0073646577,
0.46125,0.0179056432,
0.4615,0.0110870749,
0.46175,-0.0074642384,
0.462,0.0108439056,
0.46225,0.0185764004,
0.4625,-0.0121540530,
0.46275,-0.0136801284,
0.463,0.0060285153,
0.46325,0.0014376048,
0.4635,-0.0111376662,
0.46375,-0.0013545227,
0.464,0.0198571198,
0.46425,0.0174058862,
0.4645,0.0013198778,
0.46475,0.0135078328,
0.465,0.0289641954,
0.46525,-0.0027689449,
0.4655,-0.0112818703,
0.46575,-0.0039737513,
0.466,-0.0073671271,
0.46625,-0.0156161366,
0.4665,-0.0022267397,
0.46675,0.0154083790,
0.467,0.0206069462,
0.46725,0.0123793688,
0.4675,0.0199452322,
0.46775,0.0182254408,
0.468,-0.0020684020,
0.46825,-0.0077954568,
0.4685,-0.0082842158,
0.46875,-0.0071513290,
0.469,-0.0091661867,
0.46925,-0.0080650384,
0.4695,0.0062240902,
0.46975,0.0122042913,
0.47,0.0038222224,
0.47025,0.0027165362,
0.4705,0.0045536775,
0.47075,-0.0061161527,
0.471,-0.0157207176,
0.47125,-0.0171044394,
0.4715,-0.0124457953,
0.47175,-0.0120612271,
0.472,-0.0081994375,
0.47225,-0.0048098080,
0.4725,0.0008473695,
0.47275,0.0039773751,
0.473,0.0127261309,
0.47325,0.0080197547,
0.4735,0.0056564128,
0.47375,-0.0045192624,
0.474,-0.0102563528,
0.47425,-0.0236910935,
0.4745,-0.0324187838,
0.47475,-0.0159763321,
0.475,-0.0091833659,
0.47525,-0.0074406490,
0.4755,0.0088465977,
0.47575,0.0214159098,
0.476,0.0100648636,
0.47625,0.0026999284,
0.4765,-0.0066461125,
0.47675,-0.0072064414,
0.477,-0.0354291797,
0.47725,-0.0243277382,
0.4775,-0.0181265753,
0.47775,-0.0140971923,
0.478,-0.0191032793,
0.47825,0.0082257362,
0.4785,0.0089312689,
0.47875,0.0014594389,
0.479,-0.0003938153,
0.47925,0.0000814870,
0.4795,-0.0049283905,
0.47975,-0.0228214171,
0.48,-0.0141309444,
0.48025,-0.0065165577,
0.4805,-0.0002759561,
0.48075,-0.0144668836,
0.481,-0.0091866367,
0.48125,0.0024516257,
0.4815,-0.0033061192,
0.48175,-0.0075317230,
0.482,-0.0125173870,
0.48225,-0.0041947425,
0.4825,-0.0039460100,
0.48275,-0.0116253570,
0.483,-0.0065284311,
0.48325,0.0173563827,
0.4835,0.0098858504,
0.48375,-0.0105276229,
0.484,-0.0099672955,
0.48425,0.0015896540,
0.4845,-0.0145143690,
0.48475,-0.0307635982,
0.485,-0.0097051254,
0.48525,0.0093444334,
0.4855,-0.0047017583,
0.48575,-0.0060532750,
0.486,0.0082944566,
0.48625,0.0169772096,
0.4865,0.0046842196,
0.48675,-0.0014433097,
0.487,0.0031192787,
0.48725,0.0070252456,
0.4875,-0.0041764313,
0.48775,0.0000647691,
0.488,0.0091422992,
0.48825,0.0153660215,
0.4885,0.0100966915,
0.48875,0.0055022566,
0.489,0.0150219398,
0.48925,0.0105322059,
0.4895,0.0003157158,
0.48975,-0.0009105118,
0.49,0.0014093665,
0.49025,0.0026321891,
0.4905,0.0045695580,
0.49075,0.0084689921,
0.491,0.0191428047,
0.49125,0.0238701776,
0.4915,0.0136362985,
0.49175,0.0185562428,
0.492,0.0117886113,
0.49225,0.0138058625,
0.4925,0.0056437692,
0.49275,0.0056449287,
0.493,0.0072627589,
0.49325,0.0156499781,
0.4935,0.0087090470,
0.49375,0.0118997460,
0.494,0.0272905547,
0.49425,0.0242069345,
0.4945,0.0159276146,
0.49475,0.0101301484,
0.495,0.0224819146,
0.49525,0.0132321389,
0.4955,-0.0070053842,
0.49575,0.0057603512,
0.496,0.0203101616,
0.49625,0.0020804601,
0.4965,-0.0058797477,
0.49675,0.0175006762,
0.497,0.0221078098,
0.49725,0.0001361370,
0.4975,0.0019005635,
0.49775,0.0208715759,
0.498,0.0253188536,
0.49825,-0.0038986283,
0.4985,0.0005685342,
0.49875,0.0242772847,
0.499,0.0058938498,
0.49925,-0.0128996465,
0.4995,0.0118064582,
0.49975,0.0213660970,
0.5,0.0128332004,
0.50025,0.0095812064,
0.5005,0.0198325403,
0.50075,0.0341076776,
0.501,0.0102484282,
0.50125,-0.0047543552,
0.5015,0.0164327249,
0.50175,-0.0007475837,
0.502,-0.0146372467,
0.50225,-0.0171107929,
0.5025,-0.0049509453,
0.50275,0.0037815215,
0.503,0.0054248050,
0.50325,-0.0006642774,
0.5035,0.0270346887,
0.50375,0.0138449203,
0.504,0.0004270216,
0.50425,-0.0020438004,
0.5045,-0.0020907288,
0.50475,-0.0181672331,
0.505,-0.0185140539,
0.50525,-0.0164792296,
0.5055,-0.0043204962,
0.50575,0.0019974536,
0.506,0.0050809458,
0.50625,0.0206956156,
0.5065,0.0142353680,
0.50675,0.0080862809,
0.507,-0.0049147289,
0.50725,-0.0160194300,
0.5075,-0.0241705962,
0.50775,-0.0269624963,
0.508,-0.0223538671,
0.50825,-0.0138384663,
0.5085,-0.0033739223,
0.50875,0.0097986581,
0.509,0.0143339820,
0.50925,0.0046788673,
0.5095,0.0072208578,
0.50975,-0.0061920839,
0.51,-0.0154377138,
0.51025,-0.0244515575,
0.5105,-0.0251413416,
0.51075,-0.0253676157,
0.511,-0.0159371160,
0.51125,0.0013311387,
0.5115,0.0248474926,
0.51175,0.0170983020,
0.512,0.0197335407,
0.51225,0.0098367706,
0.5125,-0.0119484505,
0.51275,-0.0247711763,
0.513,-0.0154649196,
0.51325,-0.0000738424,
0.5135,-0.0043032267,
0.51375,0.0033784218,
0.514,0.0049212435,
0.51425,0.0102470070,
0.5145,-0.0065596038,
0.51475,-0.0071082963,
0.515,-0.0038897272,
0.51525,0.0001177147,
0.5155,-0.0066236416,
0.51575,-0.0017383497,
0.516,0.0061430447,
0.51625,0.0154343853,
0.5165,-0.0225114040,
0.51675,-0.0198551267,
0.517,-0.0007223454,
0.51725,0.0040186164,
0.5175,-0.0002623302,
0.51775,-0.0040546753,
0.518,0.0225647818,
0.51825,0.0123339482,
0.5185,-0.0031767215,
0.51875,-0.0062176203,
0.519,0.0201229956,
0.51925,0.0188278332,
0.5195,0.0076823663,
0.51975,0.0121898148,
0.52,0.0230210684,
0.52025,0.0062643383,
0.5205,-0.0072890525,
0.52075,-0.0085723875,
0.521,0.0092814742,
0.52125,-0.0035481467,
0.5215,-0.0137460828,
0.52175,0.0037267134,
0.522,0.0164183006,
0.52225,0.0071298731,
0.5225,-0.0002649355,
0.52275,-0.0020956183,
0.523,-0.0027476922,
0.52325,-0.0100607248,
0.5235,-0.0060072327,
0.52375,0.0099789063,
0.524,0.0121650342,
0.52425,0.0182495620,
0.5245,0.0124989171,
0.52475,0.0062841522,
0.525,0.0049707596,
0.52525,0.0000807985,
0.5255,0.0009104487,
0.52575,-0.0081026843,
0.526,-0.0040388615,
0.52625,0.0027323514,
0.5265,0.0039250446,
0.52675,-0.0012979562,
0.527,0.0060223672,
0.52725,0.0093927346,
0.5275,-0.0024553426,
0.52775,-0.0084813731,
0.528,-0.0012002271,
0.52825,0.0023947118,
0.5285,-0.0188421495,
0.52875,-0.0131123476,
0.529,0.0037501794,
0.52925,-0.0109642595,
0.5295,-0.0247806218,
0.52975,-0.0040289797,
0.53,0.0124427900,
0.53025,-0.0121358875,
0.5305,-0.0170405544,
0.53075,0.0016100178,
0.531,-0.0013298740,
0.53125,-0.0282975771,
0.5315,-0.0229556095,
0.53175,0.0014253210,
0.532,-0.0073994971,
0.53225,-0.0406857245,
0.5325,-0.0212898999,
0.53275,-0.0059308195,
0.533,-0.0255151168,
0.53325,-0.0347120985,
0.5335,-0.0035938669,
0.53375,0.0051526357,
0.534,-0.0210586265,
0.53425,-0.0299534127,
0.5345,-0.0051183272,
0.53475,-0.0109255686,
0.535,-0.0307950098,
0.53525,-0.0192066766,
0.5355,0.0046119895,
0.53575,0.0021225386,
0.536,-0.0134778824,
0.53625,-0.0016732062,
0.5365,0.0110135926,
0.53675,-0.0001128642,
0.537,-0.0177405961,
0.53725,-0.0131899947,
0.5375,-0.0078956373,
0.53775,-0.0182923973,
0.538,-0.0268947985,
0.53825,-0.0084343096,
0.5385,-0.0015542896,
0.53875,-0.0054849568,
0.539,-0.0111215580,
0.53925,-0.0005407856,
0.5395,-0.0025549040,
0.53975,-0.0028313466,
0.54,-0.0052724872,
0.54025,-0.0102267489,
0.5405,-0.0088614952,
0.54075,-0.0131103015,
0.541,-0.0084864525,
0.54125,-0.0068863709,
0.5415,-0.0031162659,
0.54175,0.0116403699,
0.542,0.0143478196,
0.54225,0.0135377590,
0.5425,0.0156637784,
0.54275,0.0154657401,
0.543,0.0035608201,
0.54325,-0.0091427118,
0.5435,-0.0097342692,
0.54375,-0.0117869135,
0.544,-0.0149513697,
0.54425,-0.0052839369,
0.5445,0.0064951936,
0.54475,0.0104369055,
0.545,0.0110809244,
0.54525,0.0152109619,
0.5455,0.0147945350,
0.54575,-0.0039842385,
0.546,-0.0122234616,
0.54625,-0.0112727415,
0.5465,-0.0113075636,
0.54675,-0.0149986017,
0.547,0.0053047482,
0.54725,0.0175129138,
0.5475,0.0245128460,
0.54775,0.0172926839,
0.548,0.0173706058,
0.54825,0.0133083528,
0.5485,0.0038127117,
0.54875,-0.0076667955,
0.549,0.0064076614,
0.54925,0.0092958882,
0.5495,0.0069663213,
0.54975,0.0042798617,
0.55,0.0116731739,
0.55025,0.0199331418,
0.5505,0.0105186030,
0.55075,-0.0122181987,
0.551,-0.0007267800,
0.55125,0.0000382818,
0.5515,-0.0074555716,
0.55175,-0.0373505503,
0.552,-0.0064240796,
0.55225,0.0182094574,
0.5525,-0.0196048282,
0.55275,-0.0169360563,
0.553,0.0022141167,
0.55325,0.0148809692,
0.5535,-0.0353530981,
0.55375,-0.0106632849,
0.554,0.0125330118,
0.55425,0.0064289393,
0.5545,-0.0160226673,
0.55475,0.0128862457,
0.555,0.0308891349,
0.55525,0.0144026438,
0.5555,-0.0038672613,
0.55575,0.0092304917,
0.556,0.0109319240,
0.55625,-0.0132053252,
0.5565,-0.0201396663,
0.55675,0.0020807958,
0.557,0.0006763019,
0.55725,-0.0087001948,
0.5575,-0.0025964717,
0.55775,0.0017415597,
0.558,-0.0076748123,
0.55825,-0.0160777308,
0.5585,-0.0029225317,
0.55875,-0.0055580027,
0.559,-0.0189219285,
0.55925,-0.0071823616,
0.5595,0.0026942259,
0.55975,-0.0045817401,
0.56,-0.0077011148,
0.56025,0.0029812418,
0.5605,0.0031381964,
0.56075,-0.0104006324,
0.561,-0.0135484245,
0.56125,0.0013655542,
0.5615,0.0023413585,
0.56175,-0.0095751723,
0.562,0.0039728102,
0.56225,0.0121886767,
0.5625,-0.0029086918,
0.56275,-0.0091997171,
0.563,-0.0003156014,
0.56325,0.0004211502,
0.5635,-0.0228355899,
0.56375,-0.0147314332,
0.564,0.0024307454,
0.56425,-0.0079011545,
0.5645,-0.0186506193,
0.56475,0.0090328408,
0.565,0.0180858858,
0.56525,-0.0025508152,
0.5655,-0.0087080747,
0.56575,0.0095667560,
0.566,0.0071471212,
0.56625,-0.0196867511,
0.5665,-0.0076163658,
0.56675,0.0221852399,
0.567,0.0071148900,
0.56725,-0.0078623705,
0.5675,0.0142946197,
0.56775,0.0281701218,
0.568,0.0078407638,
0.56825,0.0035280667,
0.5685,0.0250426754,
0.56875,0.0272994470,
0.569,0.0007960661,
0.56925,0.0112224752,
0.5695,0.0296767391,
0.56975,0.0203745160,
0.57,0.0060738856,
0.57025,0.0138574634,
0.5705,0.0173332989,
0.57075,0.0058822189,
0.571,-0.0045929612,
0.57125,0.0026834691,
0.5715,0.0129622556,
0.57175,-0.0003853772,
0.572,-0.0013687693,
0.57225,0.0095502408,
0.5725,0.0120328404,
0.57275,0.0032857852,
0.573,0.0020409198,
0.57325,0.0097938804,
0.5735,0.0031104502,
0.57375,0.0028206785,
0.574,-0.0004028721,
0.57425,0.0068745348,
0.5745,0.0058197877,
0.57475,0.0063632890,
0.575,0.0161238126,
0.57525,0.0249076560,
0.5755,0.0232085008,
0.57575,0.0225423165,
0.576,0.0235049147,
0.57625,0.0178520121,
0.5765,-0.0053253341,
0.57675,-0.0102312230,
0.577,-0.0171791036,
0.57725,-0.0261151940,
0.5775,-0.0175724979,
0.57775,-0.0057150563,
0.578,0.0200812127,
0.57825,0.0236108545,
0.5785,0.0256373752,
0.57875,0.0284061022,
0.579,0.0064261677,
0.57925,-0.0052140285,
0.5795,-0.0115556810,
0.57975,-0.0256624967,
0.58,-0.0190831609,
0.58025,-0.0023645300,
0.5805,0.0028472487,
0.58075,0.0136848688,
0.581,0.0175374653,
0.58125,-0.0070305718,
0.5815,-0.0077049709,
0.58175,-0.0302082207,
0.582,-0.0246150587,
0.58225,-0.0078547355,
0.5825,-0.0165872909,
0.58275,-0.0033425109,
0.583,0.0033744748,
0.58325,0.0042654383,
0.5835,-0.0037215245,
0.58375,-0.0086457729,
0.584,-0.0051733786,
0.58425,0.0045634313,
0.5845,-0.0008528357,
0.58475,-0.0003908342,
0.585,0.0009797218,
0.58525,0.0070986999,
0.5855,0.0085325632,
0.58575,-0.0008693225,
0.586,0.0055383979,
0.58625,0.0229528639,
0.5865,0.0094663119,
0.58675,-0.0111814812,
0.587,-0.0011938188,
0.58725,0.0079604881,
0.5875,-0.0199322365,
0.58775,-0.0264802594,
0.588,0.0022927420,
0.58825,0.0153631419,
0.5885,-0.0045030965,
0.58875,-0.0028029163,
0.589,0.0163678285,
0.58925,-0.0039452924,
0.5895,-0.0315210372,
0.58975,-0.0235421192,
0.59,0.0019984597,
0.59025,-0.0044784420,
0.5905,-0.0119381035,
0.59075,0.0210330710,
0.591,0.0263269451,
0.59125,0.0028418661,
0.5915,0.0026597290,
0.59175,0.0126722753,
0.592,-0.0032026635,
0.59225,-0.0233564712,
0.5925,0.0003045877,
0.59275,0.0135596674,
0.593,-0.0039051156,
0.59325,0.0019577316,
0.5935,0.0209056884,
0.59375,0.0164858345,
0.594,-0.0094128754,
0.59425,-0.0034615989,
0.5945,0.0026483238,
0.59475,-0.0031230247,
0.595,-0.0238981377,
0.59525,-0.0088243615,
0.5955,-0.0028393322,
0.59575,-0.0132828541,
0.596,-0.0127742728,
0.59625,0.0029686026,
0.5965,0.0038305970,
0.59675,-0.0047046873,
0.597,0.0005301319,
0.59725,0.0084589897,
0.5975,-0.0067588417,
0.59775,-0.0139351608,
0.598,-0.0003813629,
0.59825,-0.0008094718,
0.5985,-0.0156471897,
0.59875,-0.0039319261,
0.599,0.0117015671,
0.59925,0.0026573562,
0.5995,-0.0080929333,
0.59975,0.0063619018,
0.6,0.0121463053,
0.60025,-0.0083278846,
0.6005,-0.0177779626,
0.60075,0.0032284323,
0.601,0.0034254761,
0.60125,-0.0166218672,
0.6015,-0.0077874442,
0.60175,0.0144619578,
0.602,0.0003344816,
0.60225,-0.0170407090,
0.6025,-0.0026611253,
0.60275,0.0109271249,
0.603,-0.0046479390,
0.60325,-0.0076684039,
0.6035,0.0097003942,
0.60375,0.0072925063,
0.604,-0.0104025835,
0.60425,-0.0069270055,
0.6045,0.0038089994,
0.60475,-0.0003721083,
0.605,-0.0108546447,
0.60525,-0.0081938123,
0.6055,0.0085924240,
0.60575,0.0053827660,
0.606,-0.0001159140,
0.60625,0.0085550435,
0.6065,0.0127245784,
0.60675,-0.0025766774,
0.607,-0.0113453958,
0.60725,-0.0126145519,
0.6075,-0.0129594970,
0.60775,-0.0144102257,
0.608,-0.0117057292,
0.60825,0.0001538658,
0.6085,0.0045738630,
0.60875,0.0040787300,
0.609,0.0138194291,
0.60925,0.0132928696,
0.6095,0.0043510501,
0.60975,-0.0035460384,
0.61,-0.0073884381,
0.61025,-0.0078403167,
0.6105,-0.0163679421,
0.61075,-0.0030733715,
0.611,0.0132238306,
0.61125,0.0164008830,
0.6115,0.0059763249,
0.61175,0.0170165002,
0.612,0.0145646986,
0.61225,0.0036952686,
0.6125,-0.0075054113,
0.61275,-0.0105603542,
0.613,-0.0189678986,
0.61325,-0.0231602751,
0.6135,-0.0236672815,
0.61375,0.0005251859,
0.614,0.0080060298,
0.61425,0.0153173245,
0.6145,0.0117105851,
0.61475,0.0049221097,
0.615,-0.0070109367,
0.61525,-0.0240151212,
0.6155,-0.0233798269,
0.61575,-0.0237734597,
0.616,-0.0122041944,
0.61625,-0.0033167677,
0.6165,0.0113465069,
0.61675,0.0060166693,
0.617,0.0077516497,
0.61725,0.0034168148,
0.6175,-0.0037936422,
0.61775,-0.0149581283,
0.618,-0.0223069675,
0.61825,-0.0222782791,
0.6185,-0.0027754134,
0.61875,-0.0083806636,
0.619,0.0021428277,
0.61925,0.0035639177,
0.6195,0.0024511034,
0.61975,-0.0104118409,
0.62,-0.0131168664,
0.62025,-0.0056603476,
0.6205,-0.0258699507,
0.62075,-0.0284296852,
0.621,-0.0294201449,
0.62125,-0.0001410928,
0.6215,-0.0110768108,
0.62175,-0.0135077806,
0.622,0.0094637442,
0.62225,0.0119233988,
0.6225,-0.0120786941,
0.62275,-0.0174562968,
0.623,0.0011183730,
0.62325,0.0049535842,
0.6235,-0.0152895860,
0.62375,-0.0090758074,
0.624,0.0204682238,
0.62425,0.0097673461,
0.6245,0.0067231236,
0.62475,0.0281545352,
0.625,0.0351616293,
0.62525,0.0087079238,
0.6255,-0.0009497083,
0.62575,0.0071467604,
0.626,0.0009079768,
0.62625,-0.0187281873,
0.6265,0.0032892742,
0.62675,0.0252086390,
0.627,0.0113374032,
0.62725,0.0096598249,
0.6275,0.0271409042,
0.62775,0.0252829678,
0.628,0.0080751171,
0.62825,0.0035366903,
0.6285,0.0122585995,
0.62875,0.0030495143,
0.629,-0.0126092052,
0.62925,-0.0009947681,
0.6295,0.0181044862,
0.62975,0.0170106385,
0.63,0.0108101424,
0.63025,0.0224220417,
0.6305,0.0275834799,
0.63075,0.0117638325,
0.631,0.0040097437,
0.63125,0.0100486856,
0.6315,0.0059806351,
0.63175,-0.0065256171,
0.632,-0.0006486441,
0.63225,-0.0003781897,
0.6325,0.0012126649,
0.63275,-0.0005732927,
0.633,0.0113463672,
0.63325,0.0135099413,
0.6335,0.0071235951,
0.63375,0.0079266336,
0.634,0.0144974291,
0.63425,-0.0009005762,
0.6345,-0.0098115755,
0.63475,-0.0016844550,
0.635,-0.0079974690,
0.63525,-0.0247097109,
0.6355,-0.0215679053,
0.63575,-0.0029308316,
0.636,-0.0028544706,
0.63625,-0.0020491933,
0.6365,0.0119649917,
0.63675,0.0272541605,
0.637,-0.0023887311,
0.63725,-0.0109331030,
0.6375,0.0002443412,
0.63775,-0.0087730587,
0.638,-0.0192903429,
0.63825,-0.0091077751,
0.6385,0.0058958381,
0.63875,0.0060357889,
0.639,-0.0042630197,
0.63925,-0.0007679342,
0.6395,0.0089594871,
0.63975,-0.0098594427,
0.64,-0.0181275029,
0.64025,-0.0070997393,
0.6405,-0.0073233126,
0.64075,-0.0156102935,
0.641,-0.0115962224,
0.64125,-0.0047080442,
0.6415,-0.0019396921,
0.64175,-0.0065850285,
0.642,-0.0027600527,
0.64225,0.0084201349,
0.6425,0.0039873915,
0.64275,0.0000675100,
0.643,0.0039325831,
0.64325,-0.0046327575,
0.6435,-0.0121395802,
0.64375,-0.0211813767,
0.644,-0.0100539047,
0.64425,-0.0007528882,
0.6445,0.0012327773,
0.64475,0.0095117111,
0.645,0.0284316801,
0.64525,0.0241357200,
0.6455,0.0108866636,
0.64575,0.0056243110,
0.646,0.0033906060,
0.64625,-0.0086922161,
0.6465,-0.0142515749,
0.64675,-0.0021307692,
0.647,0.0088102324,
0.64725,0.0060527856,
0.6475,0.0093680769,
0.64775,0.0170462504,
0.648,0.0223497897,
0.64825,0.0167014096,
0.6485,0.0107534500,
0.64875,0.0071549257,
0.649,-0.0009654748,
0.64925,-0.0158267431,
0.6495,-0.0070320745,
0.64975,-0.0040804604,
0.65,0.0080959545,
0.65025,0.0157829225,
0.6505,0.0265062265,
0.65075,0.0265669934,
0.651,0.0174898226,
0.65125,0.0033782402,
0.6515,0.0034676613,
0.65175,-0.0003616241,
0.652,-0.0077613406,
0.65225,0.0033036808,
0.6525,0.0140431300,
0.65275,0.0174934641,
0.653,0.0224011969,
0.65325,0.0244679693,
0.6535,0.0236500017,
0.65375,0.0087616583,
0.654,-0.0032683229,
0.65425,0.0042639012,
0.6545,0.0040090987,
0.65475,0.0023900433,
0.655,0.0186918043,
0.65525,0.0215346832,
0.6555,0.0087566096,
0.65575,0.0094948383,
0.656,0.0152727868,
0.65625,0.0049206498,
0.6565,-0.0057980129,
0.65675,-0.0042995168,
0.657,0.0054647126,
0.65725,-0.0111233015,
0.6575,-0.0153080244,
0.65775,0.0091594532,
0.658,0.0144605944,
0.65825,-0.0045968550,
0.6585,0.0018173427,
0.65875,0.0130818691,
0.659,0.0022649360,
0.65925,-0.0165100023,
0.6595,-0.0056752306,
0.65975,0.0073068733,
0.66,-0.0090019051,
0.66025,-0.0117609818,
0.6605,0.0095193712,
0.66075,0.0127366083,
0.661,-0.0021355681,
0.66125,0.0032168510,
0.6615,0.0119179757,
0.66175,-0.0033448539,
0.662,-0.0186648797,
0.66225,-0.0134713687,
0.6625,-0.0092896316,
0.66275,-0.0166064613,
0.663,-0.0219959412,
0.66325,-0.0056674117,
0.6635,0.0032080319,
0.66375,-0.0062031881,
0.664,-0.0091875708,
0.66425,0.0032330723,
0.6645,-0.0057480950,
0.66475,-0.0206629541,
0.665,-0.0182540156,
0.66525,-0.0176670365,
0.6655,-0.0183861349,
0.66575,-0.0211475026,
0.666,-0.0124938097,
0.66625,-0.0008504756,
0.6665,-0.0014499347,
0.66675,-0.0032138138,
0.667,0.0014851621,
0.66725,-0.0042466931,
0.6675,-0.0083720926,
0.66775,-0.0102947019,
0.668,-0.0114797205,
0.66825,-0.0181603748,
0.6685,-0.0120195765,
0.66875,-0.0099897943,
0.669,-0.0070764595,
0.66925,-0.0060730306,
0.6695,0.0077068247,
0.66975,0.0053529665,
0.67,0.0018236027,
0.67025,-0.0067110658,
0.6705,0.0120000392,
0.67075,-0.0124619529,
0.671,-0.0185153075,
0.67125,-0.0099609187,
0.6715,-0.0071292743,
0.67175,-0.0162072219,
0.672,-0.0096645597,
0.67225,0.0022586077,
0.6725,0.0001922760,
0.67275,-0.0075977999,
0.673,-0.0128891431,
0.67325,0.0062935245,
0.6735,-0.0136159211,
0.67375,-0.0159067884,
0.674,-0.0087330379,
0.67425,-0.0020262934,
0.6745,-0.0092370911,
0.67475,-0.0059762150,
0.675,0.0061637466,
0.67525,0.0171379037,
0.6755,0.0069158101,
0.67575,0.0052037658,
0.676,0.0135075124,
0.67625,0.0037173545,
0.6765,-0.0128533123,
0.67675,-0.0149659738,
0.677,-0.0126564605,
0.67725,-0.0089661730,
0.6775,-0.0135985687,
0.67775,0.0015483710,
0.678,0.0197255909,
0.67825,0.0256338343,
0.6785,0.0201709159,
0.67875,0.0300340932,
0.679,0.0268462934,
0.67925,0.0026675244,
0.6795,-0.0159110706,
0.67975,-0.0119970934,
0.68,-0.0144267371,
0.68025,-0.0170811228,
0.6805,-0.0056052697,
0.68075,0.0228184853,
0.681,0.0309010316,
0.68125,0.0267862082,
0.6815,0.0235980358,
0.68175,0.0205493066,
0.682,-0.0045775580,
0.68225,-0.0314403139,
0.6825,-0.0189539064,
0.68275,-0.0164658055,
0.683,-0.0054810704,
0.68325,0.0086048907,
0.6835,0.0233437568,
0.68375,0.0191616565,
0.684,-0.0009211831,
0.68425,-0.0104860701,
0.6845,-0.0026084096,
0.68475,-0.0076708780,
0.685,-0.0057775304,
0.68525,0.0064180843,
0.6855,0.0162944552,
0.68575,0.0131027680,
0.686,0.0084277019,
0.68625,0.0098067466,
0.6865,0.0183996223,
0.68675,0.0057246727,
0.687,-0.0005653337,
0.68725,0.0137139717,
0.6875,0.0149993962,
0.68775,0.0005818984,
0.688,0.0060518733,
0.68825,0.0081489868,
0.6885,0.0019609719,
0.68875,0.0004079787,
0.689,0.0078941844,
0.68925,0.0074989824,
0.6895,-0.0051328754,
0.68975,-0.0043698126,
0.69,-0.0109883808,
0.69025,-0.0264114588,
0.6905,-0.0278227795,
0.69075,-0.0034976285,
0.691,-0.0024188652,
0.69125,-0.0045717023,
0.6915,0.0000945584,
0.69175,0.0118071018,
0.692,-0.0021605459,
0.69225,-0.0250244811,
0.6925,-0.0073893759,
0.69275,-0.0061311172,
0.693,-0.0301784202,
0.69325,-0.0111885080,
0.6935,0.0125647103,
0.69375,0.0095083835,
0.694,-0.0048396466,
0.69425,0.0105984313,
0.6945,0.0120917978,
0.69475,-0.0088829529,
0.695,-0.0204916131,
0.69525,-0.0018121052,
0.6955,-0.0046439199,
0.69575,-0.0234679673,
0.696,-0.0137197888,
0.69625,0.0056468761,
0.6965,-0.0065497532,
0.69675,-0.0134763066,
0.697,-0.0062016603,
0.69725,0.0034912743,
0.6975,-0.0078404061,
0.69775,-0.0175607298,
0.698,-0.0003094393,
0.69825,0.0000597707,
0.6985,-0.0170329101,
0.69875,-0.0102843717,
0.699,-0.0018515091,
0.69925,-0.0031048341,
0.6995,0.0020232957,
0.69975,0.0022231482,
0.7,0.0104536386,
0.70025,0.0084708361,
0.7005,0.0039044346,
0.70075,0.0075885514,
0.701,0.0011171844,
0.70125,-0.0032964502,
0.7015,-0.0045823362,
0.70175,-0.0050732116,
0.702,-0.0112011228,
0.70225,-0.0037433370,
0.7025,0.0027340453,
0.70275,0.0021830841,
0.703,0.0002787202,
0.70325,0.0058757677,
0.7035,0.0127890613,
0.70375,0.0027920876,
0.704,-0.0077044629,
0.70425,0.0047329925,
0.7045,0.0025335136,
0.70475,-0.0100070098,
0.705,0.0015172804,
0.70525,0.0204656273,
0.7055,0.0131161790,
0.70575,0.0124937147,
0.706,0.0165829193,
0.70625,0.0279352907,
0.7065,0.0162649974,
0.70675,0.0045572543,
0.707,0.0154761467,
0.70725,0.0206457041,
0.7075,0.0034922562,
0.70775,0.0086282156,
0.708,0.0259053297,
0.70825,0.0280085299,
0.7085,0.0191995539,
0.70875,0.0174055547,
0.709,0.0293931831,
0.70925,0.0203767959,
0.7095,0.0089523075,
0.70975,0.0118194465,
0.71,0.0132346135,
0.71025,0.0031975142,
0.7105,0.0007948907,
0.71075,0.0058760690,
0.711,0.0222105645,
0.71125,0.0197090879,
0.7115,0.0238205418,
0.71175,0.0297888462,
0.712,0.0278503224,
0.71225,0.0074398657,
0.7125,-0.0076474529,
0.71275,0.0000044326,
0.713,-0.0045316415,
0.71325,-0.0225090273,
0.7135,-0.0046704090,
0.71375,0.0072262995,
0.714,0.0077471305,
0.71425,0.0042242585,
0.7145,0.0224233195,
0.71475,0.0304265041,
0.715,0.0209975634,
0.71525,-0.0018406276,
0.7155,0.0054416223,
0.71575,0.0048752925,
0.716,-0.0179474317,
0.71625,-0.0098448582,
0.7165,0.0137474164,
0.71675,0.0146124223,
0.717,0.0087135015,
0.71725,0.0066709141,
0.7175,0.0165069923,
0.71775,0.0031692104,
0.718,-0.0163652152,
0.71825,-0.0100322431,
0.7185,-0.0027382604,
0.71875,-0.0122294482,
0.719,-0.0076489472,
0.71925,0.0053173373,
0.7195,-0.0008408268,
0.71975,-0.0083857048,
0.72,-0.0272481740,
0.72025,-0.0257845018,
0.7205,-0.0176056623,
0.72075,-0.0280565564,
0.721,-0.0201662481,
0.72125,-0.0004962546,
0.7215,0.0017551555,
0.72175,0.0009053969,
0.722,0.0048548430,
0.72225,0.0094059035,
0.7225,-0.0004245270,
0.72275,-0.0055776793,
0.723,-0.0082629025,
0.72325,-0.0057990924,
0.7235,-0.0060797278,
0.72375,0.0046320138,
0.724,0.0022293087,
0.72425,-0.0033175794,
0.7245,0.0031563619,
0.72475,0.0110997111,
0.725,-0.0021394978,
0.72525,-0.0037313651,
0.7255,0.0080300607,
0.72575,0.0078908950,
0.726,-0.0173129663,
0.72625,-0.0167241953,
0.7265,0.0033974426,
0.72675,-0.0003713376,
0.727,-0.0197160132,
0.72725,-0.0000359796,
0.7275,0.0157354809,
0.72775,-0.0088674147,
0.728,-0.0219345950,
0.72825,0.0043241684,
0.7285,0.0100523308,
0.72875,-0.0160385091,
0.729,-0.0067087356,
0.72925,0.0189652536,
0.7295,0.0051298914,
0.72975,-0.0094545269,
0.73,0.0081071267,
0.73025,0.0178301614,
0.7305,0.0026206719,
0.73075,-0.0112620974,
0.731,0.0050806901,
0.73125,0.0146045052,
0.7315,-0.0080759004,
0.73175,-0.0051286565,
0.732,0.0204593521,
0.73225,0.0090774829,
0.7325,-0.0085443677,
0.73275,0.0003151209,
0.733,0.0067103752,
0.73325,-0.0007921321,
0.7335,-0.0090983426,
0.73375,0.0029583855,
0.734,0.0117855007,
0.73425,-0.0004273421,
0.7345,0.0013850466,
0.73475,0.0106609259,
0.735,0.0119103696,
0.73525,0.0041813627,
0.7355,0.0070242193,
0.73575,0.0058241319,
0.736,0.0042797374,
0.73625,0.0009650644,
0.7365,0.0037112969,
0.73675,0.0091269817,
0.737,0.0016892112,
0.73725,0.0104261758,
0.7375,0.0098761600,
0.73775,0.0041961800,
0.738,0.0037267327,
0.73825,0.0071505173,
0.7385,0.0072489176,
0.73875,-0.0076518818,
0.739,-0.0007608160,
0.73925,0.0020363070,
0.7395,0.0020094004,
0.73975,-0.0054980805,
0.74,0.0046954080,
0.74025,0.0069281599,
0.7405,-0.0015152276,
0.74075,-0.0096990159,
0.741,-0.0028464752,
0.74125,-0.0003643617,
0.7415,-0.0086171813,
0.74175,-0.0056224326,
0.742,0.0054562073,
0.74225,0.0091931019,
0.7425,-0.0022315274,
0.74275,0.0008562091,
0.743,0.0041845646,
0.74325,-0.0011478749,
0.7435,-0.0135879219,
0.74375,-0.0041242586,
0.744,-0.0007759444,
0.74425,0.0002752329,
0.7445,-0.0040216176,
0.74475,0.0072486284,
0.745,0.0095332768,
0.74525,0.0003680897,
0.7455,-0.0032735355,
0.74575,-0.0046667089,
0.746,-0.0098487902,
0.74625,-0.0216127466,
0.7465,-0.0307352375,
0.74675,-0.0203863140,
0.747,-0.0168237947,
0.74725,-0.0244434364,
0.7475,-0.0112433322,
0.74775,0.0006090202,
0.748,0.0018508306,
0.74825,-0.0072880322,
0.7485,-0.0091387462,
0.74875,-0.0115042189,
0.749,-0.0174073149,
0.74925,-0.0359959006,
0.7495,-0.0184948463,
0.74975,0.0015164564,
0.75,-0.0034725107,
0.75025,-0.0001938864,
0.7505,0.0085804369,
0.75075,0.0101660006,
0.751,-0.0220262427,
0.75125,-0.0371502712,
0.7515,-0.0247707553,
0.75175,-0.0223450717,
0.752,-0.0300832503,
0.75225,-0.0115675461,
0.7525,0.0076376824,
0.75275,-0.0016603629,
0.753,-0.0167159885,
0.75325,-0.0138383741,
0.7535,-0.0054115294,
0.75375,-0.0220643356,
0.754,-0.0202912856,
0.75425,-0.0029329108,
0.7545,0.0098546399,
0.75475,-0.0060574366,
0.755,-0.0055310340,
0.75525,0.0082271630,
0.7555,0.0078350035,
0.75575,-0.0099346675,
0.756,-0.0015920524,
0.75625,0.0124367550,
0.7565,0.0001540031,
0.75675,-0.0019419987,
0.757,0.0046512163,
0.75725,0.0036906390,
0.7575,-0.0029334927,
0.75775,0.0008138495,
0.758,0.0070321541,
0.75825,0.0037756893,
0.7585,0.0033840828,
0.75875,0.0084641026,
0.759,-0.0027427096,
0.75925,-0.0190390814,
0.7595,-0.0097962935,
0.75975,0.0011213443,
0.76,-0.0096530132,
0.76025,-0.0066590770,
0.7605,0.0151844360,
0.76075,0.0242927037,
0.761,0.0034450088,
0.76125,-0.0013766029,
0.7615,0.0177070368,
0.76175,0.0082622254,
0.762,-0.0163467638,
0.76225,0.0057027950,
0.7625,0.0302035771,
0.76275,0.0101875439,
0.763,0.0029558456,
0.76325,0.0280964822,
0.7635,0.0294731706,
0.76375,0.0035988465,
0.764,-0.0002314639,
0.76425,0.0196113512,
0.7645,0.0109309275,
0.76475,-0.0198123902,
0.765,-0.0091373650,
0.76525,0.0137640815,
0.7655,-0.0046295649,
0.76575,-0.0176102966,
0.766,0.0078206342,
0.76625,0.0210163724,
0.7665,0.0003561058,
0.76675,-0.0048193363,
0.767,0.0161795858,
0.76725,0.0125960112,
0.7675,-0.0159346797,
0.76775,-0.0124736866,
0.768,0.0057720016,
0.76825,-0.0064094998,
0.7685,-0.0129704280,
0.76875,-0.0015426147,
0.769,0.0075360732,
0.76925,-0.0011362076,
0.7695,-0.0021134156,
0.76975,0.0092666028,
0.77,0.0083925650,
0.77025,0.0020740598,
0.7705,-0.0015135098,
0.77075,0.0015299234,
0.771,-0.0101832896,
0.77125,-0.0101612406,
0.7715,-0.0030065563,
0.77175,0.0008807755,
0.772,-0.0030278438,
0.77225,-0.0002862294,
0.7725,0.0046791965,
0.77275,-0.0037363262,
0.773,-0.0059251697,
0.77325,0.0017121076,
0.7735,-0.0043014567,
0.77375,-0.0124788135,
0.774,-0.0090384139,
0.77425,-0.0074077658,
0.7745,-0.0152579183,
0.77475,-0.0164007321,
0.775,-0.0039059115,
0.77525,0.0056086988,
0.7755,-0.0025537333,
0.77575,-0.0029816965,
0.776,0.0045007081,
0.77625,0.0047827200,
0.7765,-0.0170620922,
0.77675,-0.0146385413,
0.777,-0.0114678694,
0.77725,-0.0115640080,
0.7775,-0.0193879493,
0.77775,-0.0008419139,
0.778,0.0151043851,
0.77825,0.0129230190,
0.7785,0.0065978700,
0.77875,0.0146570485,
0.779,0.0044301786,
0.77925,-0.0070981635,
0.7795,-0.0133104641,
0.77975,-0.0047211330,
0.78,-0.0019054429,
0.78025,0.0000202115,
0.7805,0.0085827559,
0.78075,0.0216287524,
0.781,0.0175642371,
0.78125,0.0139667653,
0.7815,0.0117386794,
0.78175,0.0126837175,
0.782,-0.0041713431,
0.78225,-0.0108549176,
0.7825,-0.0169928204,
0.78275,-0.0098446310,
0.783,-0.0092991805,
0.78325,0.0046852678,
0.7835,0.0102078207,
0.78375,0.0224852283,
0.784,0.0201062374,
0.78425,0.0073797815,
0.7845,-0.0036637294,
0.78475,-0.0046423073,
0.785,-0.0139145665,
0.78525,-0.0134414751,
0.7855,-0.0003751911,
0.78575,0.0163157582,
0.786,0.0176545158,
0.78625,0.0145916231,
0.7865,0.0212098546,
0.78675,0.0136897694,
0.787,-0.0079630511,
0.78725,-0.0019348349,
0.7875,0.0072118724,
0.78775,0.0038701873,
0.788,0.0051189470,
0.78825,0.0184009820,
0.7885,0.0203394927,
0.78875,0.0155208055,
0.789,-0.0079797683,
0.78925,0.0121044107,
0.7895,-0.0037282500,
0.78975,0.0068891430,
0.79,-0.0430515446,
0.79025,-0.0517693684,
0.7905,0.0011122379,
0.79075,-0.0186947044,
0.791,-0.0016183015,
0.79125,0.0006250064,
0.7915,0.0104107000,
0.79175,-0.0005025502,
0.792,0.0135443397,
0.79225,0.0004524555,
0.7925,0.0054491954,
0.79275,-0.0025395667,
0.793,0.0015920709,
0.79325,-0.0041074664,
0.7935,0.0096569415,
0.79375,0.0117259268,
0.794,0.0160586052,
0.79425,0.0030751489,
0.7945,0.0150862131,
0.79475,0.0240942240,
0.795,0.0103388550,
0.79525,-0.0096860183,
0.7955,0.0041242894,
0.79575,0.0061092018,
0.796,-0.0170763824,
0.79625,-0.0081083253,
0.7965,0.0155434292,
0.79675,0.0029981923,
0.797,-0.0059431428,
0.79725,0.0081684003,
0.7975,0.0274624862,
0.79775,0.0028301668,
0.798,-0.0004777840,
0.79825,0.0132950395,
0.7985,0.0183298960,
0.79875,-0.0182803459,
0.799,-0.0083030360,
0.79925,0.0141015565,
0.7995,0.0076939585,
0.79975,-0.0162309613,
0.8,0.0044056266,
0.80025,0.0232073665,
0.8005,0.0015987956,
0.80075,-0.0139973639,
0.801,0.0160907004,
0.80125,0.0170925930,
0.8015,-0.0166849047,
0.80175,-0.0186473057,
0.802,-0.0043782811,
0.80225,-0.0095013538,
0.8025,-0.0188390277,
0.80275,-0.0005075181,
0.803,0.0236353576,
0.80325,0.0120769758,
0.8035,0.0091408901,
0.80375,0.0122807557,
0.804,0.0110460501,
0.80425,-0.0054650446,
0.8045,-0.0117386738,
0.80475,-0.0134463469,
0.805,-0.0162396543,
0.80525,-0.0233902577,
0.8055,-0.0135692395,
0.80575,-0.0022184025,
0.806,-0.0014970398,
0.80625,0.0046178577,
0.8065,0.0079337638,
0.80675,-0.0045355726,
0.807,-0.0160890128,
0.80725,-0.0174373556,
0.8075,-0.0271808375,
0.80775,-0.0265107937,
0.808,-0.0240871347,
0.80825,-0.0067668166,
0.8085,-0.0056429575,
0.80875,-0.0082878834,
0.809,-0.0013606605,
0.80925,-0.0093754223,
0.8095,-0.0236305948,
0.80975,-0.0335020274,
0.81,-0.0218721870,
0.81025,-0.0188364014,
0.8105,-0.0244878996,
0.81075,-0.0152675295,
0.811,0.0058032852,
0.81125,0.0049943062,
0.8115,-0.0089795524,
0.81175,0.0001863073,
0.812,0.0141127221,
0.81225,-0.0045368047,
0.8125,-0.0187152103,
0.81275,-0.0094184643,
0.813,-0.0062942496,
0.81325,-0.0218678247,
0.8135,-0.0161837526,
0.81375,0.0061077764,
0.814,0.0126605891,
0.81425,0.0111877453,
0.8145,0.0199498758,
0.81475,0.0245941989,
0.815,0.0120200273,
0.81525,-0.0158612933,
0.8155,-0.0129656596,
0.81575,-0.0145524815,
0.816,-0.0235047713,
0.81625,-0.0120721404,
0.8165,0.0162930582,
0.81675,0.0130743105,
0.817,0.0211078133,
0.81725,0.0238388386,
0.8175,0.0278712716,
0.81775,0.0125512201,
0.818,0.0028115439,
0.81825,0.0065337657,
0.8185,0.0035882783,
0.81875,-0.0036356826,
0.819,0.0066926680,
0.81925,0.0198655687,
0.8195,0.0195532069,
0.81975,0.0228206981,
0.82,0.0215499997,
0.82025,0.0205702875,
0.8205,0.0162153784,
0.82075,0.0010536461,
0.821,-0.0075880773,
0.82125,-0.0023204088,
0.8215,0.0018375702,
0.82175,-0.0072521036,
0.822,0.0049107289,
0.82225,0.0067899181,
0.8225,0.0169498678,
0.82275,-0.0021004188,
0.823,-0.0034164540,
0.82325,0.0025846930,
0.8235,0.0015669167,
0.82375,-0.0133009078,
0.824,-0.0031321857,
0.82425,0.0090206033,
0.8245,0.0094990646,
0.82475,0.0052554514,
0.825,0.0066496497,
0.82525,0.0164336804,
0.8255,0.0017708524,
0.82575,-0.0081844721,
0.826,-0.0013276096,
0.82625,-0.0053723413,
0.8265,-0.0067416476,
0.82675,-0.0045519318,
0.827,-0.0055522802,
0.82725,-0.0078974171,
0.8275,-0.0062230066,
0.82775,-0.0219513569,
0.828,-0.0175860282,
0.82825,-0.0262762699,
0.8285,-0.0224093646,
0.82875,-0.0127602499,
0.829,-0.0294567831,
0.82925,-0.0332659818,
0.8295,-0.0049818130,
0.82975,-0.0072423341,
0.83,-0.0136432424,
0.83025,-0.0127486400,
0.8305,0.0003018729,
0.83075,-0.0106623964,
0.831,-0.0215627477,
0.83125,-0.0075489148,
0.8315,0.0005417398,
0.83175,-0.0148527883,
0.832,-0.0172478911,
0.83225,-0.0012887096,
0.8325,-0.0017786213,
0.83275,-0.0177741311,
0.833,-0.0104838461,
0.83325,0.0096973442,
0.8335,-0.0049784989,
0.83375,-0.0295388997,
0.834,-0.0088800965,
0.83425,0.0038493355,
0.8345,-0.0180495176,
0.83475,-0.0229544640,
0.835,0.0057638772,
0.83525,-0.0051701320,
0.8355,-0.0275720507,
0.83575,-0.0168349296,
0.836,0.0097389342,
0.83625,-0.0062202904,
0.8365,-0.0202868115,
0.83675,0.0065794098,
0.837,0.0142199080,
0.83725,-0.0025913715,
0.8375,-0.0051967823,
0.83775,0.0155654931,
0.838,0.0078603514,
0.83825,-0.0078675589,
0.8385,-0.0107184667,
0.83875,0.0086611491,
0.839,0.0006286716,
0.83925,-0.0090813972,
0.8395,0.0096180597,
0.83975,0.0194499232,
0.84,0.0038207232,
0.84025,0.0030192132,
0.8405,0.0091800271,
0.84075,0.0056332629,
0.841,0.0019763000,
0.84125,-0.0033704077,
0.8415,0.0122415414,
0.84175,0.0063069416,
0.842,0.0120003633,
0.84225,0.0178370085,
0.8425,0.0219701994,
0.84275,0.0139554823,
0.843,0.0186196305,
0.84325,0.0079356581,
0.8435,0.0030096422,
0.84375,-0.0059495610,
0.844,0.0051872889,
0.84425,0.0083266208,
0.8445,0.0065902546,
0.84475,0.0143059706,
0.845,0.0334456228,
0.84525,0.0249368120,
0.8455,0.0157675967,
0.84575,0.0202238914,
0.846,0.0118117537,
0.84625,-0.0060429331,
0.8465,-0.0133430222,
0.84675,-0.0057529588,
0.847,0.0018045371,
0.84725,-0.0052266563,
0.8475,0.0098502710,
0.84775,0.0262402110,
0.848,0.0251620430,
0.84825,0.0229327288,
0.8485,0.0338140801,
0.84875,0.0238689184,
0.849,0.0011392988,
0.84925,-0.0183388256,
0.8495,-0.0134476777,
0.84975,-0.0212965701,
0.85,-0.0164777953,
0.85025,0.0042225402,
0.8505,0.0288636535,
0.85075,0.0225345194,
0.851,0.0278783571,
0.85125,0.0174145252,
0.8515,0.0092448723,
0.85175,-0.0155435950,
0.852,-0.0235876627,
0.85225,-0.0204617735,
0.8525,-0.0212631300,
0.85275,-0.0101475678,
0.853,0.0048592263,
0.85325,0.0120819071,
0.8535,0.0043468643,
0.85375,-0.0088740066,
0.854,-0.0245809760,
0.85425,-0.0156329107,
0.8545,-0.0174761936,
0.85475,-0.0174378511,
0.855,0.0017095678,
0.85525,0.0073302621,
0.8555,-0.0047910330,
0.85575,-0.0131285246,
0.856,-0.0022100541,
0.85625,0.0053083329,
0.8565,0.0006434008,
0.85675,-0.0088958777,
0.857,0.0124716498,
0.85725,0.0124150710,
0.8575,-0.0060473951,
0.85775,-0.0042152992,
0.858,0.0128210234,
0.85825,0.0092316745,
0.8585,-0.0045543504,
0.85875,-0.0028692926,
0.859,0.0148225278,
0.85925,0.0036699870,
0.8595,-0.0168884620,
0.85975,-0.0117850443,
0.86,-0.0107197082,
0.86025,-0.0139160277,
0.8605,-0.0149802174,
0.86075,0.0038082837,
0.861,0.0087377159,
0.86125,0.0080669941,
0.8615,0.0014459947,
0.86175,-0.0046434812,
0.862,-0.0099197086,
0.86225,-0.0110367313,
0.8625,-0.0036289184,
0.86275,0.0063438211,
0.863,0.0060679670,
0.86325,0.0174502693,
0.8635,0.0219452176,
0.86375,0.0111223105,
0.864,0.0006667728,
0.86425,0.0019152204,
0.8645,0.0001674143,
0.86475,-0.0098834103,
0.865,-0.0019732960,
0.86525,0.0095645599,
0.8655,0.0113037648,
0.86575,0.0062032784,
0.866,0.0117359264,
0.86625,0.0219804756,
0.8665,0.0081635956,
0.86675,0.0024091606,
0.867,0.0139038721,
0.86725,0.0081097931,
0.8675,-0.0072988095,
0.86775,-0.0024999736,
0.868,0.0104687382,
0.86825,0.0015057420,
0.8685,-0.0046960828,
0.86875,0.0142116984,
0.869,0.0236707479,
0.86925,0.0096543301,
0.8695,0.0045359205,
0.86975,0.0219123922,
0.87,0.0165388212,
0.87025,-0.0086012818,
0.8705,0.0016627746,
0.87075,0.0126358448,
0.871,-0.0006940569,
0.87125,-0.0043322756,
0.8715,0.0048157587,
0.87175,0.0113465227,
0.872,0.0020435187,
0.87225,-0.0060788956,
0.8725,0.0117701301,
0.87275,0.0157635026,
0.873,0.0017964945,
0.87325,0.0110118929,
0.8735,0.0170739237,
0.87375,0.0006495565,
0.874,-0.0112720532,
0.87425,-0.0091731166,
0.8745,-0.0081915222,
0.87475,-0.0073309159,
0.875,0.0017997113,
0.87525,0.0165136289,
0.8755,0.0193104111,
0.87575,0.0105723515,
0.876,0.0084895790,
0.87625,-0.0002180023,
0.8765,-0.0061231810,
0.87675,-0.0083426684,
0.877,-0.0118917366,
0.87725,-0.0032084463,
0.8775,-0.0010185203,
0.87775,0.0027991321,
0.878,0.0126394629,
0.87825,0.0126798032,
0.8785,0.0048281746,
0.87875,0.0030805906,
0.879,-0.0010801967,
0.87925,-0.0127786445,
0.8795,-0.0146033689,
0.87975,-0.0137364604,
0.88,-0.0079740407,
0.88025,-0.0058248085,
0.8805,0.0026802267,
0.88075,0.0164675862,
0.881,0.0178052802,
0.88125,0.0189666525,
0.8815,0.0223768912,
0.88175,0.0125146946,
0.882,-0.0058972323,
0.88225,-0.0160360541,
0.8825,-0.0203255638,
0.88275,-0.0301502738,
0.883,-0.0269565284,
0.88325,-0.0092979670,
0.8835,0.0053439746,
0.88375,-0.0046881321,
0.884,0.0019905486,
0.88425,0.0043319347,
0.8845,-0.0056477473,
0.88475,-0.0164839923,
0.885,-0.0133081879,
0.88525,-0.0171850659,
0.8855,-0.0239908956,
0.88575,-0.0185317118,
0.886,-0.0029030126,
0.88625,0.0077046896,
0.8865,0.0017833669,
0.88675,0.0076319352,
0.887,-0.0004660527,
0.88725,-0.0089784106,
0.8875,-0.0130556934,
0.88775,-0.0080593666,
0.888,-0.0027808356,
0.88825,0.0048748660,
0.8885,-0.0034268131,
0.88875,-0.0054567656,
0.889,0.0013812312,
0.88925,-0.0054532066,
0.8895,-0.0087302448,
0.88975,-0.0150222648,
0.89,-0.0032696412,
0.89025,-0.0028996563,
0.8905,-0.0142591223,
0.89075,-0.0125221387,
0.891,0.0100437347,
0.89125,-0.0006928138,
0.8915,-0.0147778876,
0.89175,-0.0044057700,
0.892,0.0071025337,
0.89225,-0.0038611921,
0.8925,-0.0218516048,
0.89275,-0.0084566325,
0.893,0.0014189649,
0.89325,-0.0115592508,
0.8935,-0.0113234483,
0.89375,0.0041751233,
0.894,0.0120282536,
0.89425,0.0071860156,
0.8945,0.0052639712,
0.89475,0.0078367824,
0.895,0.0086303484,
0.89525,-0.0057548145,
0.8955,-0.0072405878,
0.89575,0.0005607862,
0.896,0.0023455373,
0.89625,0.0025847256,
0.8965,0.0059189340,
0.89675,0.0142827816,
0.897,0.0114570130,
0.89725,0.0084796539,
0.8975,0.0053707575,
0.89775,0.0048542046,
0.898,-0.0015832856,
0.89825,0.0053619337,
0.8985,0.0069973767,
0.89875,0.0117931897,
0.899,0.0162752066,
0.89925,0.0151559170,
0.8995,0.0130696790,
0.89975,0.0108068017,
0.9,0.0118568344,
0.90025,0.0098274257,
0.9005,0.0043273862,
0.90075,0.0012984588,
0.901,0.0126032988,
0.90125,0.0028781127,
0.9015,0.0043877233,
0.90175,0.0140656205,
0.902,0.0196613446,
0.90225,0.0023331589,
0.9025,0.0089846961,
0.90275,0.0080433534,
0.903,0.0100291278,
0.90325,-0.0103433300,
0.9035,0.0029664896,
0.90375,0.0154474853,
0.904,0.0032920153,
0.90425,-0.0072225980,
0.9045,0.0179103222,
0.90475,0.0176448300,
0.905,0.0037017008,
0.90525,0.0082640182,
0.9055,0.0186350606,
0.90575,0.0180061981,
0.906,-0.0059467983,
0.90625,-0.0011302459,
0.9065,0.0140026687,
0.90675,-0.0041612382,
0.907,-0.0261173248,
0.90725,-0.0104022920,
0.9075,-0.0131871086,
0.90775,-0.0207296014,
0.908,-0.0165168066,
0.90825,-0.0006743183,
0.9085,0.0076944260,
0.90875,-0.0077388929,
0.909,-0.0070068655,
0.90925,-0.0068826531,
0.9095,-0.0165576711,
0.90975,-0.0297004152,
0.91,-0.0221457053,
0.91025,-0.0156554263,
0.9105,-0.0088823671,
0.91075,-0.0127167385,
0.911,-0.0020369869,
0.91125,0.0048007951,
0.9115,0.0002514181,
0.91175,-0.0092458464,
0.912,-0.0080566350,
0.91225,-0.0072399694,
0.9125,-0.0174887702,
0.91275,-0.0198136363,
0.913,-0.0077357283,
0.91325,-0.0044576167,
0.9135,-0.0019449813,
0.91375,0.0038851989,
0.914,0.0016728371,
0.91425,0.0039839242,
0.9145,0.0012125423,
0.91475,-0.0022682832,
0.915,-0.0099286819,
0.91525,-0.0119204894,
0.9155,-0.0175098367,
0.91575,-0.0155843850,
0.916,-0.0241354629,
0.91625,-0.0060981116,
0.9165,0.0047761360,
0.91675,0.0040959045,
0.917,0.0053812978,
0.91725,0.0130875418,
0.9175,0.0103062121,
0.91775,-0.0058600530,
0.918,-0.0145812938,
0.91825,-0.0116329342,
0.9185,-0.0224925056,
0.91875,-0.0260150153,
0.919,0.0032595559,
0.91925,0.0184809342,
0.9195,0.0211615395,
0.91975,0.0184924770,
0.92,0.0205042660,
0.92025,-0.0024449315,
0.9205,-0.0138293384,
0.92075,-0.0115023693,
0.921,0.0027267989,
0.92125,0.0008541555,
0.9215,0.0061669988,
0.92175,0.0110748298,
0.922,0.0208667740,
0.92225,-0.0020572676,
0.9225,0.0007013801,
0.92275,-0.0077627823,
0.923,0.0171651430,
0.92325,0.0003660246,
0.9235,0.0136971548,
0.92375,0.0114183277,
0.924,0.0277146865,
0.92425,0.0142608806,
0.9245,0.0069589298,
0.92475,0.0106527042,
0.925,0.0205984786,
0.92525,0.0162729509,
0.9255,0.0002998980,
0.92575,0.0120732151,
0.926,0.0137662925,
0.92625,0.0022517256,
0.9265,-0.0156385023,
0.92675,0.0016140006,
0.927,0.0105203763,
0.92725,0.0048486218,
0.9275,-0.0021550560,
0.92775,0.0151730962,
0.928,0.0145027367,
0.92825,-0.0038073268,
0.9285,-0.0118723121,
0.92875,0.0036552940,
0.929,0.0138378348,
0.92925,0.0082834885,
0.9295,0.0126674529,
0.92975,0.0276253261,
0.93,0.0349101275,
0.93025,0.0107396841,
0.9305,0.0138925221,
0.93075,0.0153765408,
0.931,0.0073375860,
0.93125,0.0044437177,
0.9315,0.0138257807,
0.93175,0.0196362399,
0.932,0.0133793978,
0.93225,0.0154950283,
0.9325,0.0110673802,
0.93275,0.0083646374,
0.933,0.0030928073,
0.93325,0.0055558053,
0.9335,0.0026617965,
0.93375,-0.0012078864,
0.934,0.0078568403,
0.93425,0.0054338751,
0.9345,-0.0010430524,
0.93475,-0.0032122512,
0.935,0.0077273343,
0.93525,0.0005251605,
0.9355,-0.0125710201,
0.93575,0.0010287181,
0.936,0.0106878998,
0.93625,-0.0039564958,
0.9365,-0.0083586304,
0.93675,0.0108704250,
0.937,0.0134324357,
0.93725,-0.0127949398,
0.9375,-0.0079520261,
0.93775,0.0158363096,
0.938,0.0023731580,
0.93825,-0.0231496729,
0.9385,-0.0047198217,
0.93875,0.0096511571,
0.939,-0.0139112119,
0.93925,-0.0207425542,
0.9395,-0.0004998967,
0.93975,0.0122675402,
0.94,-0.0144892931,
0.94025,-0.0264982115,
0.9405,0.0054984959,
0.94075,-0.0064305216,
0.941,-0.0339715481,
0.94125,-0.0250996388,
0.9415,0.0031125587,
0.94175,-0.0055877906,
0.942,-0.0215036515,
0.94225,-0.0106884874,
0.9425,0.0184548777,
0.94275,-0.0071064020,
0.943,-0.0299749989,
0.94325,-0.0136963828,
0.9435,-0.0077102333,
0.94375,-0.0230574496,
0.944,-0.0259593651,
0.94425,-0.0062847128,
0.9445,0.0118383123,
0.94475,0.0057435851,
0.945,-0.0003689302,
0.94525,0.0119568640,
0.9455,0.0093705570,
0.94575,-0.0065651587,
0.946,-0.0146863051,
0.94625,-0.0147978924,
0.9465,-0.0157957077,
0.94675,-0.0110686049,
0.947,-0.0113933524,
0.94725,0.0002174632,
0.9475,0.0098983962,
0.94775,0.0183455627,
0.948,0.0143222753,
0.94825,0.0045664338,
0.9485,0.0051749526,
0.94875,-0.0029595583,
0.949,-0.0163291879,
0.94925,-0.0187538769,
0.9495,-0.0062516839,
0.94975,0.0000225245,
0.95,0.0080703991,
0.95025,0.0113968188,
0.9505,0.0258039422,
0.95075,0.0304543450,
0.951,0.0129045434,
0.95125,0.0058272784,
0.9515,-0.0050669820,
0.95175,-0.0237032939,
0.952,-0.0323463157,
0.95225,-0.0298172347,
0.9525,-0.0050173998,
0.95275,-0.0002596398,
0.953,0.0093664592,
0.95325,0.0238246098,
0.9535,0.0184615925,
0.95375,0.0004306723,
0.954,-0.0035221470,
0.95425,-0.0116263162,
0.9545,-0.0211342536,
0.95475,-0.0130000170,
0.955,-0.0055957637,
0.95525,0.0149088809,
0.9555,0.0065812813,
0.95575,0.0036728908,
0.956,0.0019800584,
0.95625,0.0006160930,
0.9565,-0.0202615149,
0.95675,-0.0157994777,
0.957,-0.0034948450,
0.95725,0.0022461540,
0.9575,-0.0051408592,
0.95775,-0.0056237769,
0.958,0.0017596011,
0.95825,-0.0243122093,
0.9585,-0.0209893994,
0.95875,-0.0192072317,
0.959,0.0024884439,
0.95925,-0.0028926707,
0.9595,-0.0181018934,
0.95975,-0.0176127292,
0.96,0.0130542740,
0.96025,-0.0047257552,
0.9605,-0.0220918078,
0.96075,-0.0076191523,
0.961,0.0140986042,
0.96125,0.0027569523,
0.9615,-0.0204674192,
0.96175,-0.0017727111,
0.962,0.0156379696,
0.96225,-0.0151862008,
0.9625,-0.0266500656,
0.96275,-0.0020727499,
0.963,0.0059497333,
0.96325,-0.0038899188,
0.9635,0.0015675729,
0.96375,0.0124248732,
0.964,0.0191681180,
0.96425,-0.0025913792,
0.9645,-0.0032226429,
0.96475,0.0050448701,
0.965,-0.0094236461,
0.96525,-0.0089527015,
0.9655,-0.0020960581,
0.96575,-0.0003468452,
0.966,-0.0003689266,
0.96625,0.0084434552,
0.9665,0.0117341634,
0.96675,0.0042586499,
0.967,-0.0050720084,
0.96725,0.0051543559,
0.9675,0.0019417170,
0.96775,-0.0137873124,
0.968,-0.0077908998,
0.96825,0.0010366357,
0.9685,-0.0076880143,
0.96875,-0.0179913715,
0.969,-0.0055126497,
0.96925,0.0048643965,
0.9695,-0.0090914695,
0.96975,-0.0074392394,
0.97,0.0160629246,
0.97025,0.0089209061,
0.9705,-0.0089550065,
0.97075,0.0008208833,
0.971,0.0147384694,
0.97125,-0.0051634163,
0.9715,-0.0248881318,
0.97175,-0.0031342483,
0.972,0.0022127649,
0.97225,-0.0220694356,
0.9725,-0.0192582496,
0.97275,0.0134620350,
0.973,0.0092828413,
0.97325,-0.0096268337,
0.9735,0.0006736221,
0.97375,0.0219038222,
0.974,0.0077247526,
0.97425,-0.0231764019,
0.9745,-0.0027206047,
0.97475,0.0058462629,
0.975,-0.0209623799,
0.97525,-0.0290697068,
0.9755,0.0033071775,
0.97575,0.0064215786,
0.976,-0.0168822482,
0.97625,-0.0118782604,
0.9765,0.0180467293,
0.97675,0.0023421720,
0.977,-0.0222907849,
0.97725,-0.0092697050,
0.9775,0.0111048780,
0.97775,-0.0066229911,
0.978,-0.0133415731,
0.97825,0.0088053746,
0.9785,0.0156948641,
0.97875,-0.0003222160,
0.979,-0.0123682888,
0.97925,-0.0051972135,
0.9795,0.0035788668,
0.97975,-0.0147356633,
0.98,-0.0102479579,
0.98025,0.0103839664,
0.9805,0.0129715297,
0.98075,-0.0012045882,
0.981,0.0053889798,
0.98125,0.0062388629,
0.9815,0.0033670329,
0.98175,-0.0029321455,
0.982,-0.0044382219,
0.98225,-0.0045053870,
0.9825,-0.0096935555,
0.98275,-0.0127251502,
0.983,-0.0002582378,
0.98325,0.0015927620,
0.9835,0.0073712030,
0.98375,0.0165631231,
0.984,0.0173081253,
0.98425,0.0137987044,
0.9845,0.0088746576,
0.98475,-0.0007326745,
0.985,-0.0136921648,
0.98525,-0.0158791877,
0.9855,-0.0185880512,
0.98575,-0.0091093844,
0.986,0.0001421474,
0.98625,0.0120919533,
0.9865,0.0227946788,
0.98675,0.0104618110,
0.987,0.0156148970,
0.98725,0.0110993898,
0.9875,-0.0026454707,
0.98775,-0.0176654831,
0.988,-0.0075825527,
0.98825,-0.0061290110,
0.9885,-0.0022035330,
0.98875,0.0020594804,
0.989,0.0211552158,
0.98925,0.0128103662,
0.9895,0.0029393006,
0.98975,-0.0012987900,
0.99,0.0030070019,
0.99025,-0.0045184135,
0.9905,-0.0046702372,
0.99075,-0.0043340987,
0.991,0.0132219037,
0.99125,0.0111076087,
0.9915,0.0126682781,
0.99175,0.0153218471,
0.992,0.0184639599,
0.99225,0.0138667244,
0.9925,0.0037452322,
0.99275,-0.0064832945,
0.993,0.0117926095,
0.99325,0.0127372835,
0.9935,-0.0031043827,
0.99375,0.0017659228,
0.994,0.0201505963,
0.99425,0.0188387353,
0.9945,-0.0324362442,
0.99475,-0.0351798199,
0.995,0.0110287881,
0.99525,-0.0056218179,
0.9955,-0.0498598218,
0.99575,-0.0104102511,
0.996,-0.0060174167,
0.99625,-0.0286832098,
0.9965,-0.0146153718,
0.99675,0.0052857976,
0.997,0.0172133036,
0.99725,-0.0148676159,
0.9975,-0.0168342777,
0.99775,-0.0025435500,
0.998,0.0012336527,
0.99825,-0.0255509205,
0.9985,-0.0042200712,
0.99875,0.0118086105,
0.999,0.0042071803,
0.99925,-0.0006086108,
0.9995,0.0149512151,
0.99975,0.0090222452,
1,-0.0085096955,
1.00025,-0.0120225791,
1.0005,0.0062822495,
1.00075,-0.0025301897,
1.001,-0.0114959180,
1.00125,0.0097509492,
1.0015,0.0166488960,
1.00175,0.0023176675,
1.002,-0.0021723523,
1.00225,0.0085060382,
1.0025,0.0062479759,
1.00275,-0.0077537717,
1.003,-0.0057874350,
1.00325,0.0107686315,
1.0035,0.0009020427,
1.00375,-0.0076821721,
1.004,0.0125193112,
1.00425,0.0172179565,
1.0045,0.0025164038,
1.00475,0.0006528816,
1.005,0.0169049148,
1.00525,0.0028866807,
1.0055,-0.0168774538,
1.00575,-0.0010445043,
1.006,0.0113207493,
1.00625,-0.0029945457,
1.0065,0.0001952500,
1.00675,0.0284324698,
1.007,0.0265696272,
1.00725,0.0058709872,
1.0075,0.0080542387,
1.00775,0.0194234550,
1.008,0.0065264986,
1.00825,-0.0157862138,
1.0085,0.0089662680,
1.00875,0.0185715277,
1.009,0.0039604381,
1.00925,-0.0024287284,
1.0095,0.0199082959,
1.00975,0.0151122035,
1.01,-0.0059416043,
1.01025,-0.0089715030,
1.0105,0.0089575415,
1.01075,0.0033543282,
1.011,-0.0103085563,
1.01125,0.0036993423,
1.0115,0.0206902325,
1.01175,0.0044146208,
1.012,-0.0055378797,
1.01225,0.0086599756,
1.0125,0.0052220169,
1.01275,-0.0045326510,
1.013,-0.0105677471,
1.01325,0.0049941284,
1.0135,0.0059051835,
1.01375,-0.0085218837,
1.014,-0.0027109184,
1.01425,0.0102008982,
1.0145,0.0056503718,
1.01475,-0.0001485329,
1.015,0.0095909005,
1.01525,0.0048459666,
1.0155,-0.0031680386,
1.01575,-0.0068015167,
1.016,-0.0106774531,
1.01625,-0.0044103190,
1.0165,-0.0074250251,
1.01675,-0.0037964582,
1.017,0.0092036081,
1.01725,0.0094372034,
1.0175,0.0069741788,
1.01775,0.0037919153,
1.018,0.0023467757,
1.01825,-0.0170209277,
1.0185,-0.0250344705,
1.01875,-0.0228616428,
1.019,-0.0170763861,
1.01925,-0.0177637823,
1.0195,-0.0085138427,
1.01975,0.0077068834,
1.02,0.0095375264,
1.02025,0.0053393943,
1.0205,0.0078353183,
1.02075,-0.0025525715,
1.021,-0.0130310385,
1.02125,-0.0191359054,
1.0215,-0.0177743956,
1.02175,-0.0149992239,
1.022,0.0007307581,
1.02225,0.0058974996,
1.0225,0.0088080205,
1.02275,-0.0025693029,
1.023,-0.0056181680,
1.02325,-0.0170368683,
1.0235,-0.0259161945,
1.02375,-0.0213116296,
1.024,-0.0082771396,
1.02425,-0.0097140959,
1.0245,-0.0070160627,
1.02475,0.0014446652,
1.025,0.0048179701,
1.02525,-0.0057652523,
1.0255,-0.0127154263,
1.02575,-0.0162184406,
1.026,-0.0120345298,
1.02625,-0.0064609642,
1.0265,-0.0073869806,
1.02675,-0.0009670830,
1.027,0.0031121611,
1.02725,-0.0002838434,
1.0275,-0.0072973086,
1.02775,-0.0047299713,
1.028,0.0107122781,
1.02825,0.0071529588,
1.0285,-0.0108217821,
1.02875,-0.0126678683,
1.029,0.0053754058,
1.02925,-0.0108576864,
1.0295,-0.0244926121,
1.02975,-0.0021893352,
1.03,0.0111248065,
1.03025,-0.0006803742,
1.0305,-0.0128039327,
1.03075,0.0022632771,
1.031,0.0010529429,
1.03125,-0.0182395596,
1.0315,-0.0171812866,
1.03175,0.0035463427,
1.032,0.0025376796,
1.03225,-0.0073680449,
1.0325,0.0170308910,
1.03275,0.0252038464,
1.033,0.0088872937,
1.03325,0.0081102271,
1.0335,0.0111573879,
1.03375,0.0008819097,
1.034,-0.0178147834,
1.03425,-0.0008278893,
1.0345,0.0138184745,
1.03475,0.0038884240,
1.035,0.0010164725,
1.03525,0.0176110286,
1.0355,0.0124322949,
1.03575,-0.0073953709,
1.036,-0.0028344567,
1.03625,0.0052699465,
1.0365,0.0053272508,
1.03675,-0.0072109150,
1.037,-0.0005158451,
1.03725,0.0110420482,
1.0375,0.0042046434,
1.03775,-0.0028977615,
1.038,0.0115619432,
1.03825,0.0147332996,
1.0385,0.0047595436,
1.03875,0.0086773410,
1.039,0.0141511019,
1.03925,0.0071316520,
1.0395,0.0004905723,
1.03975,0.0060309335,
1.04,0.0058492711,
1.04025,-0.0047728596,
1.0405,-0.0035013920,
1.04075,0.0087218378,
1.041,0.0003077616,
1.04125,-0.0117836595,
1.0415,-0.0021092184,
1.04175,-0.0005516771,
1.042,-0.0146929221,
1.04225,-0.0168431289,
1.0425,0.0013876187,
1.04275,-0.0017994749,
1.043,-0.0180793311,
1.04325,-0.0100562684,
1.0435,-0.0024754556,
1.04375,-0.0189865492,
1.044,-0.0277563278,
1.04425,-0.0091830092,
1.0445,0.0035741120,
1.04475,-0.0104234163,
1.045,-0.0033026631,
1.04525,0.0143739823,
1.0455,0.0077293930,
1.04575,-0.0093965437,
1.046,-0.0069800541,
1.04625,-0.0029330084,
1.0465,-0.0120139141,
1.04675,-0.0168080721,
1.047,-0.0057022222,
1.04725,0.0081558563,
1.0475,-0.0029297662,
1.04775,-0.0055116606,
1.048,0.0001353159,
1.04825,-0.0009127591,
1.0485,-0.0115152178,
1.04875,-0.0094890837,
1.049,-0.0099000717,
1.04925,-0.0115659423,
1.0495,-0.0153838377,
1.04975,-0.0155914295,
1.05,-0.0031456230,
1.05025,-0.0016532483,
1.0505,0.0027336967,
1.05075,0.0109792352,
1.051,0.0081026321,
1.05125,0.0022707265,
1.0515,-0.0066344398,
1.05175,-0.0085566696,
1.052,-0.0149131324,
1.05225,-0.0169640258,
1.0525,-0.0063594501,
1.05275,0.0086148279,
1.053,0.0110069439,
1.05325,0.0117571075,
1.0535,0.0155161563,
1.05375,0.0105150789,
1.054,-0.0002448889,
1.05425,-0.0069307555,
1.0545,-0.0075552622,
1.05475,-0.0065094121,
1.055,-0.0093701808,
1.05525,0.0023359079,
1.0555,0.0086859511,
1.05575,0.0148094026,
1.056,0.0154764634,
1.05625,0.0076619112,
1.0565,0.0035076155,
1.05675,-0.0029980503,
1.057,-0.0081063062,
1.05725,-0.0102483099,
1.0575,-0.0042462857,
1.05775,0.0024656178,
1.058,0.0077938247,
1.05825,0.0022141612,
1.0585,-0.0013247423,
1.05875,0.0095659755,
1.059,0.0045198104,
1.05925,0.0016868963,
1.0595,-0.0029378708,
1.05975,-0.0065335045,
1.06,-0.0045874896,
1.06025,-0.0011464246,
1.0605,-0.0002181651,
1.06075,0.0106939189,
1.061,0.0147271324,
1.06125,0.0098946709,
1.0615,-0.0027932622,
1.06175,0.0015797332,
1.062,0.0016349986,
1.06225,-0.0089297332,
1.0625,-0.0095811868,
1.06275,0.0120519064,
1.063,0.0163916238,
1.06325,0.0110087842,
1.0635,0.0283455309,
1.06375,0.0380209610,
1.064,0.0222501177,
1.06425,0.0102792969,
1.0645,0.0200367346,
1.06475,0.0239462573,
1.065,0.0134469047,
1.06525,0.0137925968,
1.0655,0.0321518742,
1.06575,0.0302126799,
1.066,0.0090869498,
1.06625,0.0216764472,
1.0665,0.0286438614,
1.06675,0.0166882649,
1.067,-0.0004471221,
1.06725,0.0070506707,
1.0675,0.0056060124,
1.06775,-0.0169507358,
1.068,-0.0178607851,
1.06825,0.0048066787,
1.0685,0.0057612592,
1.06875,-0.0009794047,
1.069,0.0092689628,
1.06925,0.0202155318,
1.0695,0.0102200247,
1.06975,0.0018035622,
1.07,0.0072571840,
1.07025,0.0082069738,
1.0705,0.0007444730,
1.07075,-0.0027506053,
1.071,0.0161620080,
1.07125,0.0224251971,
1.0715,0.0199165102,
1.07175,0.0191144869,
1.072,0.0337927826,
1.07225,0.0215806775,
1.0725,0.0106385853,
1.07275,0.0104603814,
1.073,0.0129916966,
1.07325,0.0045975335,
1.0735,0.0020108325,
1.07375,0.0023099845,
1.074,0.0014279702,
1.07425,-0.0059112436,
1.0745,-0.0068705017,
1.07475,0.0014405225,
1.075,-0.0037709891,
1.07525,-0.0013844303,
1.0755,0.0015511704,
1.07575,-0.0000233426,
1.076,-0.0086208349,
1.07625,-0.0060368488,
1.0765,-0.0070425267,
1.07675,-0.0176424347,
1.077,-0.0200338755,
1.07725,-0.0064594671,
1.0775,0.0024800515,
1.07775,-0.0019587697,
1.078,0.0089622121,
1.07825,0.0252829660,
1.0785,0.0113928020,
1.07875,-0.0010610132,
1.079,0.0039076982,
1.07925,0.0006499005,
1.0795,-0.0127395280,
1.07975,-0.0081183873,
1.08,-0.0037412667,
1.08025,0.0064813714,
1.0805,-0.0035192631,
1.08075,-0.0032234434,
1.081,0.0051368289,
1.08125,-0.0073854993,
1.0815,-0.0210023858,
1.08175,-0.0063302577,
1.082,-0.0070854118,
1.08225,-0.0195992626,
1.0825,-0.0179908574,
1.08275,-0.0131526012,
1.083,-0.0093303584,
1.08325,-0.0092485575,
1.0835,-0.0023347279,
1.08375,0.0125618875,
1.084,0.0076629762,
1.08425,-0.0001800925,
1.0845,0.0042560888,
1.08475,0.0019064839,
1.085,-0.0042382297,
1.08525,-0.0135018937,
1.0855,-0.0076606958,
1.08575,0.0053256634,
1.086,-0.0019776032,
1.08625,0.0050890241,
1.0865,0.0199740045,
1.08675,0.0258711353,
1.087,0.0119671654,
1.08725,0.0046221996,
1.0875,0.0046508489,
1.08775,-0.0083244946,
1.088,-0.0197516792,
1.08825,-0.0100246584,
1.0885,0.0066272127,
1.08875,0.0107573243,
1.089,0.0143519184,
1.08925,0.0244117677,
1.0895,0.0231347959,
1.08975,0.0109450510,
1.09,0.0057101389,
1.09025,0.0064724823,
1.0905,0.0039862888,
1.09075,0.0005664571,
1.091,0.0104772337,
1.09125,0.0136898449,
1.0915,0.0164379347,
1.09175,0.0169953164,
1.092,0.0154618537,
1.09225,0.0111782290,
1.0925,-0.0010943327,
1.09275,-0.0014448649,
1.093,-0.0012649256,
1.09325,0.0017639890,
1.0935,0.0013772398,
1.09375,0.0016540458,
1.094,0.0047252649,
1.09425,-0.0000368048,
1.0945,-0.0022116045,
1.09475,-0.0024604648,
1.095,0.0054948493,
1.09525,0.0010122834,
1.0955,-0.0017673556,
1.09575,0.0035133495,
1.096,0.0042007030,
1.09625,-0.0028986884,
1.0965,0.0059761754,
1.09675,0.0203302857,
1.097,0.0071895104,
1.09725,0.0020641419,
1.0975,0.0092192497,
1.09775,0.0067879213,
1.098,-0.0257411785,
1.09825,-0.0645533949,
1.0985,-0.0083140582,
1.09875,-0.0338542685,
1.099,-0.0351592563,
1.09925,-0.0083432086,
1.0995,0.0003845876,
1.09975,-0.0092598526,
1.1,-0.0232260413,
1.10025,-0.0046173427,
1.1005,-0.0024848911,
1.10075,-0.0162688624,
1.101,-0.0196446311,
1.10125,0.0090746963,
1.1015,0.0026064524,
1.10175,-0.0173083618,
1.102,-0.0030420616,
1.10225,0.0092460150,
1.1025,-0.0069203684,
1.10275,-0.0172753800,
1.103,-0.0031800054,
1.10325,0.0009086565,
1.1035,-0.0179999769,
1.10375,-0.0169165768,
1.104,0.0021932116,
1.10425,-0.0034832454,
1.1045,-0.0188278984,
1.10475,-0.0133803189,
1.105,-0.0028006441,
1.10525,-0.0101941219,
1.1055,-0.0186329782,
1.10575,-0.0109095955,
1.106,0.0030731983,
1.10625,-0.0134694120,
1.1065,-0.0137999058,
1.10675,-0.0000837097,
1.107,-0.0023020753,
1.10725,-0.0026210574,
1.1075,-0.0003807310,
1.10775,0.0004809590,
1.108,-0.0006233072,
1.10825,-0.0045314683,
1.1085,-0.0038059929,
1.10875,-0.0071557746,
1.109,-0.0126930643,
1.10925,-0.0112580368,
1.1095,-0.0080142366,
1.10975,-0.0182273965,
1.11,-0.0166732483,
1.11025,-0.0109808417,
1.1105,-0.0133863417,
1.11075,-0.0162142143,
1.111,-0.0121340062,
1.11125,-0.0005174669,
1.1115,0.0003623600,
1.11175,-0.0116176242,
1.112,-0.0019759350,
1.11225,0.0025031702,
1.1125,-0.0086946655,
1.11275,-0.0123577174,
1.113,0.0045283753,
1.11325,0.0069008265,
1.1135,-0.0017189630,
1.11375,0.0007187271,
1.114,0.0086000431,
1.11425,0.0115099549,
1.1145,-0.0025044172,
1.11475,-0.0002102172,
1.115,0.0088327443,
1.11525,0.0018496425,
1.1155,-0.0113741104,
1.11575,-0.0053537814,
1.116,0.0059478553,
1.11625,-0.0004725447,
1.1165,-0.0025895024,
1.11675,0.0118550994,
1.117,0.0188209359,
1.11725,0.0050275391,
1.1175,0.0020480182,
1.11775,0.0089699533,
1.118,0.0042714495,
1.11825,-0.0099261943,
1.1185,-0.0117096687,
1.11875,0.0002942352,
1.119,0.0082891844,
1.11925,0.0038834866,
1.1195,0.0201720651,
1.11975,0.0355397612,
1.12,0.0272556357,
1.12025,0.0147808762,
1.1205,0.0174638275,
1.12075,0.0216106717,
1.121,-0.0035106214,
1.12125,-0.0098618418,
1.1215,0.0013410823,
1.12175,0.0055488562,
1.122,-0.0099749342,
1.12225,0.0018271116,
1.1225,0.0213060230,
1.12275,0.0209841691,
1.123,0.0048899399,
1.12325,0.0051733265,
1.1235,0.0049525686,
1.12375,-0.0212948862,
1.124,-0.0389772058,
1.12425,-0.0205586869,
1.1245,-0.0034542473,
1.12475,-0.0068024620,
1.125,0.0031986390,
1.12525,0.0065369997,
1.1255,0.0114609813,
1.12575,-0.0131315608,
1.126,-0.0137567464,
1.12625,-0.0109817376,
1.1265,-0.0048135989,
1.12675,-0.0155165810,
1.127,-0.0025752704,
1.12725,0.0089949174,
1.1275,0.0076382277,
1.12775,-0.0025102450,
1.128,0.0038773918,
1.12825,0.0017117501,
1.1285,-0.0074978918,
1.12875,-0.0144224390,
1.129,-0.0016700033,
1.12925,-0.0017376412,
1.1295,-0.0048834276,
1.12975,-0.0073021501,
1.13,0.0043710759,
1.13025,-0.0094545847,
1.1305,-0.0123640746,
1.13075,-0.0024693049,
1.131,-0.0081554074,
1.13125,-0.0176183991,
1.1315,-0.0115549928,
1.13175,-0.0078839939,
1.132,-0.0156262591,
1.13225,-0.0216098893,
1.1325,-0.0025777563,
1.13275,0.0088129975,
1.133,-0.0051336731,
1.13325,0.0016144047,
1.1335,0.0243744813,
1.13375,0.0097364113,
1.134,-0.0127251521,
1.13425,-0.0017850323,
1.1345,0.0110113202,
1.13475,-0.0053101303,
1.135,-0.0180919673,
1.13525,0.0101136342,
1.1355,0.0207733624,
1.13575,-0.0058055804,
1.136,-0.0007447116,
1.13625,0.0213750303,
1.1365,0.0092637399,
1.13675,-0.0167413875,
1.137,0.0023906976,
1.13725,0.0123718614,
1.1375,-0.0046939151,
1.13775,-0.0146666002,
1.138,0.0085121356,
1.13825,0.0136697842,
1.1385,-0.0073622982,
1.13875,-0.0024436063,
1.139,0.0219734423,
1.13925,0.0175562780,
1.1395,-0.0015965761,
1.13975,0.0145151876,
1.14,0.0319877826,
1.14025,0.0088071376,
1.1405,-0.0082716774,
1.14075,0.0034925258,
1.141,0.0052334685,
1.14125,-0.0086469399,
1.1415,0.0019227265,
1.14175,0.0176207963,
1.142,0.0229764357,
1.14225,0.0183849744,
1.1425,0.0258996300,
1.14275,0.0260486621,
1.143,0.0174834933,
1.14325,0.0122825420,
1.1435,0.0095345601,
1.14375,-0.0000317357,
1.144,-0.0074553885,
1.14425,0.0032628593,
1.1445,0.0066213706,
1.14475,0.0061799125,
1.145,0.0126982527,
1.14525,0.0240436979,
1.1455,0.0212426782,
1.14575,0.0030456695,
1.146,0.0019881255,
1.14625,0.0066662063,
1.1465,-0.0025569331,
1.14675,-0.0122195333,
1.147,0.0065084225,
1.14725,0.0111165317,
1.1475,0.0038842647,
1.14775,0.0015953267,
1.148,0.0136594214,
1.14825,0.0134462044,
1.1485,-0.0041051228,
1.14875,-0.0078331055,
1.149,0.0042392444,
1.14925,0.0002780100,
1.1495,-0.0110234767,
1.14975,-0.0031044660,
1.15,0.0169654265,
1.15025,0.0098679923,
1.1505,-0.0027079030,
1.15075,0.0038197148,
1.151,0.0105232112,
1.15125,-0.0055573592,
1.1515,-0.0138969291,
1.15175,-0.0075061470,
1.152,-0.0128348777,
1.15225,-0.0177460518,
1.1525,-0.0102891875,
1.15275,0.0034430884,
1.153,0.0141364187,
1.15325,0.0108918734,
1.1535,0.0109771937,
1.15375,0.0092487447,
1.154,0.0016867041,
1.15425,-0.0187773034,
1.1545,-0.0192677137,
1.15475,-0.0151599199,
1.155,-0.0163727477,
1.15525,-0.0171081554,
1.1555,-0.0021473831,
1.15575,0.0103700738,
1.156,0.0001216745,
1.15625,-0.0035006376,
1.1565,0.0022038354,
1.15675,0.0007457673,
1.157,-0.0128174480,
1.15725,-0.0180919822,
1.1575,-0.0105504869,
1.15775,-0.0105726067,
1.158,-0.0211712159,
1.15825,-0.0128746545,
1.1585,0.0073200553,
1.15875,0.0036085141,
1.159,-0.0063618277,
1.15925,-0.0031508668,
1.1595,0.0057185744,
1.15975,-0.0121282032,
1.16,-0.0137368347,
1.16025,-0.0064928792,
1.1605,0.0065721115,
1.16075,-0.0094519528,
1.161,-0.0061174524,
1.16125,0.0061391396,
1.1615,0.0042709308,
1.16175,-0.0127299372,
1.162,-0.0123368287,
1.16225,-0.0063677575,
1.1625,-0.0101562385,
1.16275,-0.0169107094,
1.163,-0.0093148015,
1.16325,0.0097632231,
1.1635,0.0058865268,
1.16375,-0.0027018553,
1.164,0.0063808858,
1.16425,0.0061037196,
1.1645,-0.0084939245,
1.16475,0.0005489267,
1.165,-0.0054438999,
1.16525,-0.0057124719,
1.1655,-0.0012099943,
1.16575,0.0002650642,
1.166,0.0050904583,
1.16625,-0.0010431452,
1.1665,0.0135388272,
1.16675,0.0177476909,
1.167,0.0002018340,
1.16725,-0.0052211946,
1.1675,0.0123939803,
1.16775,-0.0015575759,
1.168,-0.0177224949,
1.16825,-0.0068742177,
1.1685,0.0164830852,
1.16875,0.0057363375,
1.169,-0.0105995918,
1.16925,0.0080653355,
1.1695,0.0203476492,
1.16975,-0.0086946990,
1.17,-0.0203524046,
1.17025,0.0111533944,
1.1705,0.0093779974,
1.17075,-0.0183659103,
1.171,-0.0055242032,
1.17125,0.0198583454,
1.1715,0.0051358067,
1.17175,-0.0147857778,
1.172,0.0054430286,
1.17225,0.0203786772,
1.1725,-0.0016496585,
1.17275,-0.0195012316,
1.173,0.0090433462,
1.17325,0.0135904271,
1.1735,-0.0200565178,
1.17375,-0.0171228461,
1.174,0.0163713079,
1.17425,0.0063177841,
1.1745,-0.0100796996,
1.17475,0.0035029373,
1.175,0.0177749265,
1.17525,0.0005853379,
1.1755,-0.0142880734,
1.17575,0.0077424273,
1.176,0.0096985446,
1.17625,-0.0053649293,
1.1765,-0.0006526337,
1.17675,0.0121211018,
1.177,0.0061345007,
1.17725,-0.0034454290,
1.1775,0.0072260574,
1.17775,0.0081138909,
1.178,0.0010172450,
1.17825,-0.0047070733,
1.1785,0.0027176484,
1.17875,-0.0045809378,
1.179,-0.0104364157,
1.17925,-0.0039502005,
1.1795,0.0060656574,
1.17975,-0.0020838573,
1.18,-0.0009992116,
1.18025,0.0104118148,
1.1805,0.0039093783,
1.18075,-0.0042982036,
1.181,-0.0022898316,
1.18125,0.0034195257,
1.1815,-0.0045957020,
1.18175,-0.0082454756,
1.182,-0.0005372213,
1.18225,0.0031141459,
1.1825,-0.0085937958,
1.18275,-0.0067881206,
1.183,0.0081824893,
1.18325,-0.0047309794,
1.1835,-0.0126466705,
1.18375,-0.0096456613,
1.184,0.0009637827,
1.18425,-0.0122984760,
1.1845,-0.0246622581,
1.18475,-0.0183990840,
1.185,-0.0074110110,
1.18525,-0.0195508003,
1.1855,-0.0135131972,
1.18575,0.0014983763,
1.186,0.0036346472,
1.18625,-0.0033101868,
1.1865,0.0019968364,
1.18675,0.0037826716,
1.187,-0.0052139461,
1.18725,-0.0188541953,
1.1875,-0.0191463511,
1.18775,-0.0227000844,
1.188,-0.0231036991,
1.18825,-0.0301813912,
1.1885,-0.0084953140,
1.18875,-0.0049364995,
1.189,0.0011650887,
1.18925,-0.0038029887,
1.1895,0.0006293698,
1.18975,-0.0008584213,
1.19,-0.0069867210,
1.19025,-0.0130660366,
1.1905,-0.0201014280,
1.19075,-0.0185016803,
1.191,-0.0207685381,
1.19125,-0.0205177907,
1.1915,0.0018189913,
1.19175,0.0183717422,
1.192,0.0154671632,
1.19225,0.0077287033,
1.1925,0.0057555698,
1.19275,-0.0027973799,
1.193,-0.0224181488,
1.19325,-0.0206580795,
1.1935,-0.0047244970,
1.19375,-0.0043175085,
1.194,-0.0061706058,
1.19425,0.0047110389,
1.1945,0.0169093125,
1.19475,0.0057749548,
1.195,-0.0061221048,
1.19525,0.0020265388,
1.1955,0.0042391447,
1.19575,-0.0121638821,
1.196,-0.0029128278,
1.19625,0.0184976012,
1.1965,0.0216202717,
1.19675,0.0148600955,
1.197,0.0201624352,
1.19725,0.0298735667,
1.1975,0.0203699451,
1.19775,0.0107343383,
1.198,0.0195822511,
1.19825,0.0225316919,
1.1985,0.0035411385,
1.19875,0.0131642483,
1.199,0.0117672384,
1.19925,0.0174548663,
1.1995,0.0173820965,
1.19975,0.0206764992,
1.2,0.0187870208,
1.20025,0.0086626271,
1.2005,0.0054768515,
1.20075,0.0090461299,
1.201,-0.0009531403,
1.20125,-0.0054757767,
1.2015,0.0127370758,
1.20175,0.0135434680,
1.202,0.0038072160,
1.20225,0.0109759523,
1.2025,0.0235965922,
1.20275,0.0168915391,
1.203,0.0033116641,
1.20325,0.0101814335,
1.2035,0.0198820531,
1.20375,0.0034344478,
1.204,0.0014916705,
1.20425,0.0316263288,
1.2045,0.0251541585,
1.20475,0.0076324390,
1.205,0.0175177157,
1.20525,0.0271950401,
1.2055,0.0045065852,
1.20575,-0.0143470531,
1.206,-0.0020145376,
1.20625,0.0089077353,
1.2065,-0.0167321526,
1.20675,-0.0242002495,
1.207,0.0106140086,
1.20725,0.0066831829,
1.2075,-0.0235363860,
1.20775,-0.0121948505,
1.208,0.0085575664,
1.20825,-0.0083585950,
1.2085,-0.0264969487,
1.20875,-0.0117422184,
1.209,0.0050920499,
1.20925,-0.0133055458,
1.2095,-0.0198454931,
1.20975,0.0033465982,
1.21,0.0008116642,
1.21025,-0.0098900925,
1.2105,-0.0089165214,
1.21075,0.0028060356,
1.211,-0.0049148398,
1.21125,-0.0101419529,
1.2115,-0.0001803694,
1.21175,0.0054265251,
1.212,0.0023386157,
1.21225,-0.0045360653,
1.2125,0.0004342070,
1.21275,-0.0085313283,
1.213,-0.0147395637,
1.21325,-0.0118148308,
1.2135,-0.0072871475,
1.21375,-0.0057230731,
1.214,-0.0049664453,
1.21425,-0.0038777874,
1.2145,-0.0038445010,
1.21475,-0.0111691477,
1.215,-0.0056247264,
1.21525,-0.0050079846,
1.2155,-0.0074762618,
1.21575,-0.0045146993,
1.216,-0.0012361647,
1.21625,0.0006463477,
1.2165,-0.0013140894,
1.21675,0.0083817011,
1.217,0.0100527573,
1.21725,0.0173870474,
1.2175,0.0033672128,
1.21775,0.0118319979,
1.218,0.0103972573,
1.21825,0.0010702566,
1.2185,-0.0055300687,
1.21875,0.0051153828,
1.219,0.0052513592,
1.21925,-0.0002035462,
1.2195,0.0067921611,
1.21975,0.0241191108,
1.22,0.0209698416,
1.22025,0.0089850584,
1.2205,0.0154782264,
1.22075,0.0066522751,
1.221,-0.0050336700,
1.22125,-0.0103792837,
1.2215,0.0008143557,
1.22175,0.0088517778,
1.222,0.0126524325,
1.22225,0.0192600451,
1.2225,0.0379514880,
1.22275,0.0245913714,
1.223,0.0234596319,
1.22325,0.0124848653,
1.2235,0.0066637243,
1.22375,-0.0156441499,
1.224,-0.0154040428,
1.22425,-0.0097568724,
1.2245,0.0025069390,
1.22475,0.0142158251,
1.225,0.0238819774,
1.22525,0.0257325098,
1.2255,0.0162928533,
1.22575,0.0132522089,
1.226,-0.0051049450,
1.22625,-0.0143954474,
1.2265,-0.0162278712,
1.22675,-0.0073400643,
1.227,-0.0093338052,
1.22725,0.0075656725,
1.2275,0.0192941092,
1.22775,0.0186912306,
1.228,0.0090823639,
1.22825,0.0156627428,
1.2285,0.0020362155,
1.22875,-0.0115089761,
1.229,-0.0078023779,
1.22925,0.0019867395,
1.2295,-0.0031981091,
1.22975,-0.0020688146,
1.23,0.0050998549,
1.23025,0.0194498822,
1.2305,0.0036209729,
1.23075,-0.0038468095,
1.231,0.0027933859,
1.23125,0.0028848022,
1.2315,-0.0227494445,
1.23175,-0.0239126738,
1.232,-0.0106499381,
1.23225,-0.0117360558,
1.2325,-0.0085522803,
1.23275,-0.0036867408,
1.233,0.0079716695,
1.23325,0.0030051847,
1.2335,-0.0060513942,
1.23375,-0.0106675643,
1.234,-0.0147820776,
1.23425,-0.0186077803,
1.2345,-0.0132827554,
1.23475,-0.0057616895,
1.235,-0.0040166364,
1.23525,0.0014491540,
1.2355,0.0026306801,
1.23575,-0.0020601018,
1.236,-0.0140294116,
1.23625,-0.0083851628,
1.2365,-0.0046578464,
1.23675,-0.0164666846,
1.237,-0.0211875178,
1.23725,-0.0051607778,
1.2375,-0.0076373518,
1.23775,-0.0180200152,
1.238,-0.0064308126,
1.23825,0.0029230975,
1.2385,-0.0096275005,
1.23875,-0.0193786882,
1.239,-0.0031253300,
1.23925,-0.0043128342,
1.2395,-0.0220454484,
1.23975,-0.0155338133,
1.24,0.0040191924,
1.24025,-0.0043499069,
1.2405,-0.0206346065,
1.24075,0.0006098216,
1.241,0.0173260625,
1.24125,-0.0091337375,
1.2415,-0.0207356270,
1.24175,0.0057395641,
1.242,-0.0010472139,
1.24225,-0.0290186256,
1.2425,-0.0230032206,
1.24275,0.0081617748,
1.243,-0.0003007081,
1.24325,-0.0195807181,
1.2435,-0.0071298722,
1.24375,0.0043330300,
1.244,-0.0146958977,
1.24425,-0.0182374306,
1.2445,0.0034899553,
1.24475,0.0070315930,
1.245,-0.0010033767,
1.24525,0.0030501094,
1.2455,0.0080430862,
1.24575,0.0061359936,
1.246,-0.0023101761,
1.24625,-0.0066355797,
1.2465,-0.0057112724,
1.24675,-0.0095201610,
1.247,-0.0126218135,
1.24725,0.0009656909,
1.2475,0.0118543524,
1.24775,0.0157189853,
1.248,0.0194806848,
1.24825,0.0127820894,
1.2485,0.0006859188,
1.24875,0.0021513812,
1.249,-0.0081664231,
1.24925,-0.0062592491,
1.2495,-0.0034797981,
1.24975,0.0007537363,
1.25,0.0074211145,
1.25025,0.0070222551,
1.2505,0.0080268458,
1.25075,0.0115262074,
1.251,-0.0011607526,
1.25125,-0.0211718827,
1.2515,-0.0102537647,
1.25175,-0.0151681071,
1.252,-0.0086780088,
1.25225,-0.0075160572,
1.2525,0.0075453310,
1.25275,0.0172242001,
1.253,0.0098302225,
1.25325,0.0101544103,
1.2535,0.0330547318,
1.25375,0.0217370428,
1.254,0.0024831365,
1.25425,0.0026687589,
1.2545,0.0036560427,
1.25475,-0.0126944445,
1.255,-0.0201032534,
1.25525,0.0006442280,
1.2555,0.0142766219,
1.25575,0.0094298655,
1.256,0.0156439338,
1.25625,0.0275614709,
1.2565,0.0236450434,
1.25675,-0.0006917464,
1.257,-0.0035195160,
1.25725,-0.0102749141,
1.2575,-0.0261307601,
1.25775,-0.0293623004,
1.258,-0.0067537734,
1.25825,0.0021409481,
1.2585,0.0151982065,
1.25875,0.0222423710,
1.259,0.0267656744,
1.25925,0.0136820395,
1.2595,0.0000641232,
1.25975,-0.0025464483,
1.26,-0.0024970267,
1.26025,-0.0105894934,
1.2605,-0.0057569109,
1.26075,0.0087634400,
1.261,0.0135336127,
1.26125,0.0180363487,
1.2615,0.0071733468,
1.26175,0.0017319508,
1.262,-0.0016468543,
1.26225,-0.0140775731,
1.2625,-0.0217699856,
1.26275,-0.0057659261,
1.263,0.0000912037,
1.26325,-0.0060634273,
1.2635,-0.0110957697,
1.26375,-0.0080421539,
1.264,-0.0010730664,
1.26425,-0.0130369011,
1.2645,-0.0179614425,
1.26475,-0.0039176149,
1.265,-0.0030405715,
1.26525,-0.0132110063,
1.2655,-0.0108469669,
1.26575,0.0001015345,
1.266,0.0019511055,
1.26625,0.0010405312,
1.2665,0.0011154884,
1.26675,0.0138604119,
1.267,0.0073772222,
1.26725,-0.0056463941,
1.2675,-0.0035412586,
1.26775,-0.0113781728,
1.268,-0.0140484050,
1.26825,-0.0142360684,
1.2685,-0.0092093730,
1.26875,-0.0057257782,
1.269,0.0017816607,
1.26925,-0.0067160930,
1.2695,-0.0027731820,
1.26975,-0.0146656819,
1.27,-0.0199990273,
1.27025,-0.0130578149,
1.2705,-0.0080178594,
1.27075,-0.0061479653,
1.271,0.0044503510,
1.27125,0.0130006652,
1.2715,0.0028059320,
1.27175,0.0032461998,
1.272,0.0080157388,
1.27225,0.0098487660,
1.2725,-0.0089789061,
1.27275,0.0017399591,
1.273,0.0107162371,
1.27325,0.0059346110,
1.2735,-0.0000436948,
1.27375,0.0135234362,
1.274,0.0198483057,
1.27425,-0.0030301735,
1.2745,-0.0089281220,
1.27475,0.0120911971,
1.275,0.0106401984,
1.27525,-0.0117002903,
1.2755,0.0026883185,
1.27575,0.0257648434,
1.276,0.0055461591,
1.27625,-0.0057252892,
1.2765,0.0158679690,
1.27675,0.0276255421,
1.277,0.0061161714,
1.27725,0.0056735100,
1.2775,0.0270802341,
1.27775,0.0260375626,
1.278,0.0034222510,
1.27825,0.0169100128,
1.2785,0.0292771347,
1.27875,0.0180972759,
1.279,0.0134764910,
1.27925,0.0252986141,
1.2795,0.0269445870,
1.27975,0.0125939213,
1.28,0.0092844134,
1.28025,0.0249438006,
1.2805,0.0170225911,
1.28075,0.0146432687,
1.281,0.0119762849,
1.28125,0.0236476101,
1.2815,0.0145490579,
1.28175,0.0041459193,
1.282,0.0113229183,
1.28225,0.0046447190,
1.2825,-0.0014741339,
1.28275,-0.0001669292,
1.283,0.0050760694,
1.28325,0.0084220264,
1.2835,0.0117271785,
1.28375,0.0101996949,
1.284,0.0225085095,
1.28425,0.0102920830,
1.2845,0.0131518403,
1.28475,0.0113668190,
1.285,0.0061766282,
1.28525,-0.0056101698,
1.2855,-0.0006403686,
1.28575,0.0095156021,
1.286,0.0144128427,
1.28625,0.0170030482,
1.2865,0.0302248262,
1.28675,0.0312475581,
1.287,0.0074692881,
1.28725,0.0032817048,
1.2875,0.0011536173,
1.28775,-0.0176189784,
1.288,-0.0266327560,
1.28825,-0.0201045722,
1.2885,-0.0097557399,
1.28875,-0.0122089358,
1.289,-0.0005481898,
1.28925,0.0144574428,
1.2895,0.0189558007,
1.28975,0.0044609550,
1.29,0.0003104351,
1.29025,-0.0035434240,
1.2905,-0.0202781055,
1.29075,-0.0313844569,
1.291,-0.0168144219,
1.29125,-0.0141355908,
1.2915,-0.0157411732,
1.29175,-0.0059932796,
1.292,0.0137518570,
1.29225,0.0111605609,
1.2925,0.0048740227,
1.29275,-0.0019009153,
1.293,-0.0045280117,
1.29325,-0.0279988125,
1.2935,-0.0262017846,
1.29375,-0.0165309217,
1.294,-0.0022993782,
1.29425,0.0018262158,
1.2945,0.0089097498,
1.29475,0.0047636013,
1.295,-0.0038187008,
1.29525,-0.0183454901,
1.2955,-0.0212411173,
1.29575,-0.0163930394,
1.296,-0.0010763622,
1.29625,-0.0043956852,
1.2965,0.0080218296,
1.29675,0.0030371761,
1.297,-0.0035676816,
1.29725,-0.0111093950,
1.2975,-0.0160278678,
1.29775,-0.0076896930,
1.298,-0.0033526847,
1.29825,-0.0170450378,
1.2985,-0.0169218201,
1.29875,0.0033286028,
1.299,-0.0038799248,
1.29925,-0.0139702028,
1.2995,-0.0034496232,
1.29975,0.0116308685,
1.3,-0.0045250412,
1.30025,-0.0179217514,
1.3005,-0.0089480327,
1.30075,0.0093984250,
1.301,-0.0147593850,
1.30125,-0.0183101725,
1.3015,-0.0036359588,
1.30175,0.0047803954,
1.302,-0.0040318579,
1.30225,0.0063218079,
1.3025,0.0160450079,
1.30275,0.0231096409,
1.303,0.0056945537,
1.30325,0.0002789434,
1.3035,-0.0031160584,
1.30375,-0.0061035305,
1.304,-0.0095731914,
1.30425,0.0033774991,
1.3045,0.0093301795,
1.30475,0.0078988047,
1.305,0.0101374034,
1.30525,0.0092486143,
1.3055,0.0002332344,
1.30575,-0.0075032096,
1.306,-0.0028854667,
1.30625,-0.0028222394,
1.3065,-0.0144000091,
1.30675,-0.0013274943,
1.307,0.0090567125,
1.30725,0.0051348489,
1.3075,0.0058740200,
1.30775,0.0124548841,
1.308,0.0191198438,
1.30825,0.0066975094,
1.3085,0.0030094595,
1.30875,0.0135691911,
1.309,0.0202143304,
1.30925,-0.0017477477,
1.3095,0.0053765834,
1.30975,0.0188827496,
1.31,0.0033125565,
1.31025,-0.0069571510,
1.3105,0.0066815834,
1.31075,0.0211571120,
1.311,0.0085592140,
1.31125,0.0037656154,
1.3115,0.0244383402,
1.31175,0.0208683591,
1.312,-0.0066327467,
1.31225,-0.0030721868,
1.3125,0.0104127768,
1.31275,-0.0038830624,
1.313,-0.0158329420,
1.31325,-0.0052339253,
1.3135,0.0075361971,
1.31375,0.0007124335,
1.314,-0.0136214681,
1.31425,0.0133042503,
1.3145,0.0146062346,
1.31475,-0.0092761777,
1.315,-0.0046406235,
1.31525,0.0006229340,
1.3155,-0.0156773552,
1.31575,-0.0243551061,
1.316,-0.0195243955,
1.31625,-0.0055762059,
1.3165,-0.0051974542,
1.31675,-0.0077752601,
1.317,0.0091781197,
1.31725,0.0017431647,
1.3175,-0.0174812302,
1.31775,-0.0168812759,
1.318,-0.0206152946,
1.31825,-0.0272636376,
1.3185,-0.0255241990,
1.31875,-0.0262661688,
1.319,-0.0091898870,
1.31925,-0.0106112678,
1.3195,-0.0077906428,
1.31975,-0.0036847417,
1.32,-0.0072349054,
1.32025,-0.0248275530,
1.3205,-0.0219482277,
1.32075,-0.0204429142,
1.321,-0.0235219691,
1.32125,-0.0268201381,
1.3215,-0.0209742710,
1.32175,-0.0174192432,
1.322,-0.0183815006,
1.32225,-0.0117566269,
1.3225,0.0048605595,
1.32275,-0.0008249190,
1.323,-0.0012493096,
1.32325,-0.0063623153,
1.3235,-0.0107141826,
1.32375,-0.0241568200,
1.324,-0.0333057754,
1.32425,-0.0189780202,
1.3245,-0.0141336313,
1.32475,-0.0237280093,
1.325,-0.0052407063,
1.32525,0.0032277945,
1.3255,0.0008184382,
1.32575,-0.0114347097,
1.326,-0.0050802026,
1.32625,-0.0107121989,
1.3265,-0.0223056767,
1.32675,-0.0236814506,
1.327,-0.0057199248,
1.32725,-0.0028416556,
1.3275,-0.0033397917,
1.32775,0.0185611211,
1.328,0.0241993256,
1.32825,0.0156105133,
1.3285,0.0064041838,
1.32875,0.0053802235,
1.329,-0.0002534326,
1.32925,-0.0104375370,
1.3295,-0.0048107035,
1.32975,0.0020039349,
1.33,0.0101565151,
1.33025,0.0029259687,
1.3305,0.0045201904,
1.33075,0.0040064715,
1.331,0.0041279737,
1.33125,-0.0099903122,
1.3315,-0.0073378743,
1.33175,-0.0085230218,
1.332,0.0030678792,
1.33225,-0.0011665185,
1.3325,-0.0037400450,
1.33275,0.0123652630,
1.333,0.0212872140,
1.33325,0.0062855883,
1.3335,-0.0011209209,
1.33375,0.0120595982,
1.334,0.0090577677,
1.33425,-0.0102834031,
1.3345,-0.0103012193,
1.33475,0.0150430761,
1.335,0.0156719647,
1.33525,-0.0024464729,
1.3355,0.0035653331,
1.33575,0.0269054417,
1.336,0.0138622820,
1.33625,-0.0056495527,
1.3365,0.0012134864,
1.33675,0.0084597599,
1.337,-0.0052815578,
1.33725,-0.0091856429,
1.3375,0.0004005207,
1.33775,0.0126407808,
1.338,0.0071103103,
1.33825,-0.0002125101,
1.3385,0.0065569156,
1.33875,0.0045212111,
1.339,-0.0091923941,
1.33925,-0.0064251432,
1.3395,-0.0035613696,
1.33975,-0.0051170057,
1.34,0.0006412062,
1.34025,0.0105053009,
1.3405,0.0073821712,
1.34075,0.0149517041,
1.341,0.0107914126,
1.34125,0.0109233558,
1.3415,0.0003873666,
1.34175,-0.0013734297,
1.342,0.0001783940,
1.34225,-0.0073689371,
1.3425,-0.0085710688,
1.34275,-0.0021073981,
1.343,0.0067756483,
1.34325,-0.0023846626,
1.3435,0.0001380349,
1.34375,0.0118314615,
1.344,0.0061586425,
1.34425,-0.0074051842,
1.3445,-0.0074168611,
1.34475,0.0081470031,
1.345,-0.0087393560,
1.34525,-0.0199899413,
1.3455,0.0026346499,
1.34575,0.0116217025,
1.346,-0.0115145165,
1.34625,-0.0099218916,
1.3465,0.0152360182,
1.34675,0.0084124394,
1.347,-0.0094894739,
1.34725,-0.0003896761,
1.3475,0.0158531815,
1.34775,0.0120610688,
1.348,-0.0140089644,
1.34825,0.0045104898,
1.3485,0.0215663202,
1.34875,-0.0069136736,
1.349,-0.0207136739,
1.34925,0.0015003844,
1.3495,0.0038984534,
1.34975,-0.0069178734,
1.35,-0.0014330854,
1.35025,0.0213119201,
1.3505,0.0216679089,
1.35075,-0.0012081274,
1.351,-0.0011422017,
1.35125,0.0072474568,
1.3515,-0.0110907620,
1.35175,-0.0220242236,
1.352,-0.0173907056,
1.35225,-0.0053749550,
1.3525,-0.0001793251,
1.35275,0.0019488684,
1.353,0.0089764884,
1.35325,0.0204317383,
1.3535,0.0115104262,
1.35375,0.0006983560,
1.354,0.0020475946,
1.35425,0.0017101886,
1.3545,-0.0053055072,
1.35475,-0.0062783156,
1.355,-0.0064683920,
1.35525,0.0044492539,
1.3555,0.0126573117,
1.35575,0.0206850059,
1.356,0.0231714435,
1.35625,0.0283283293,
1.3565,0.0219625160,
1.35675,0.0120366905,
1.357,-0.0051689772,
1.35725,-0.0054256124,
1.3575,-0.0071430528,
1.35775,-0.0153225679,
1.358,-0.0231182724,
1.35825,-0.0023528514,
1.3585,0.0018226344,
1.35875,0.0088946372,
1.359,0.0066722082,
1.35925,0.0149575667,
1.3595,0.0125039183,
1.35975,-0.0057172598,
1.36,-0.0052094650,
1.36025,-0.0044653155,
1.3605,-0.0021524029,
1.36075,-0.0080553144,
1.361,0.0117021846,
1.36125,0.0181459989,
1.3615,0.0162757058,
1.36175,0.0133852372,
1.362,0.0213422254,
1.36225,0.0054366672,
1.3625,-0.0065527819,
1.36275,-0.0027520354,
1.363,0.0030793133,
1.36325,0.0005316083,
1.3635,-0.0023235679,
1.36375,0.0079695126,
1.364,0.0104711587,
1.36425,-0.0042437958,
1.3645,-0.0134599591,
1.36475,-0.0009176016,
1.365,0.0062328554,
1.36525,-0.0063539390,
1.3655,0.0002121957,
1.36575,0.0082602091,
1.366,0.0178638566,
1.36625,0.0018843269,
1.3665,-0.0030935244,
1.36675,0.0093432786,
1.367,0.0149722192,
1.36725,-0.0048576053,
1.3675,-0.0055558635,
1.36775,0.0158733521,
1.368,0.0160738658,
1.36825,-0.0012123770,
1.3685,-0.0029702275,
1.36875,0.0144011583,
1.369,0.0114885895,
1.36925,-0.0068072602,
1.3695,0.0040685767,
1.36975,0.0150574567,
1.37,0.0061144843,
1.37025,-0.0101094032,
1.3705,-0.0032586639,
1.37075,0.0088552143,
1.371,0.0045505981,
1.37125,-0.0018378322,
1.3715,0.0119958594,
1.37175,0.0221086834,
1.372,0.0123224230,
1.37225,-0.0000015539,
1.3725,0.0038054537,
1.37275,0.0018597578,
1.373,-0.0063294517,
1.37325,0.0001837101,
1.3735,0.0071830405,
1.37375,0.0057861367,
1.374,0.0033855091,
1.37425,0.0014506753,
1.3745,-0.0029900565,
1.37475,-0.0049380171,
1.375,-0.0057219379,
1.37525,-0.0049003870,
1.3755,-0.0119846510,
1.37575,-0.0046163974,
1.376,-0.0000562429,
1.37625,-0.0045817611,
1.3765,-0.0075945575,
1.37675,-0.0034734779,
1.377,-0.0012030039,
1.37725,-0.0154728489,
1.3775,-0.0150590623,
1.37775,-0.0013346999,
1.378,-0.0021622034,
1.37825,-0.0157151911,
1.3785,-0.0131533584,
1.37875,0.0064180754,
1.379,-0.0099626277,
1.37925,-0.0253402796,
1.3795,-0.0094799045,
1.37975,0.0069509735,
1.38,-0.0185731072,
1.38025,-0.0267926194,
1.3805,-0.0003135230,
1.38075,-0.0010913569,
1.381,-0.0289026443,
1.38125,-0.0251130983,
1.3815,0.0000692351,
1.38175,-0.0049668755,
1.382,-0.0358433612,
1.38225,-0.0172672197,
1.3825,0.0023533041,
1.38275,-0.0213655625,
1.383,-0.0324591883,
1.38325,-0.0009644706,
1.3835,0.0134383971,
1.38375,-0.0120173637,
1.384,-0.0127613824,
1.38425,0.0109039331,
1.3845,0.0105431601,
1.38475,-0.0224755537,
1.385,-0.0162725393,
1.38525,0.0043629343,
1.3855,0.0034883912,
1.38575,-0.0095417779,
1.386,0.0061101788,
1.38625,0.0243403390,
1.3865,0.0171436947,
1.38675,-0.0001513724,
1.387,-0.0033999183,
1.38725,0.0069563417,
1.3875,-0.0049594627,
1.38775,-0.0130165266,
1.388,-0.0006203791,
1.38825,0.0085660284,
1.3885,0.0096081393,
1.38875,0.0115601495,
1.389,0.0148409884,
1.38925,0.0161839277,
1.3895,0.0135007445,
1.38975,0.0064425566,
1.39,-0.0020528282,
1.39025,-0.0015420748,
1.3905,-0.0051221112,
1.39075,-0.0019297262,
1.391,-0.0024597789,
1.39125,0.0045672581,
1.3915,0.0197984017,
1.39175,0.0266048238,
1.392,0.0242045112,
1.39225,0.0266639497,
1.3925,0.0208293125,
1.39275,0.0123927547,
1.393,-0.0093727447,
1.39325,-0.0116043296,
1.3935,-0.0212907083,
1.39375,-0.0222162232,
1.394,-0.0106250234,
1.39425,0.0046393936,
1.3945,0.0062749051,
1.39475,0.0192746352,
1.395,0.0208431650,
1.39525,0.0170091707,
1.3955,-0.0020874108,
1.39575,-0.0112298364,
1.396,-0.0099056689,
1.39625,-0.0178543385,
1.3965,-0.0178281795,
1.39675,-0.0002322410,
1.397,0.0150197856,
1.39725,0.0071649463,
1.3975,0.0042234310,
1.39775,-0.0061572213,
1.398,-0.0027252266,
1.39825,-0.0220402665,
1.3985,-0.0254367199,
1.39875,-0.0150635475,
1.399,-0.0089320475,
1.39925,-0.0176020339,
1.3995,-0.0149545250,
1.39975,-0.0078435503,
1.4,0.0010613555,
1.40025,-0.0147324000,
1.4005,-0.0207987819,
1.40075,-0.0103375399,
1.401,-0.0070195058,
1.40125,-0.0301526953,
1.4015,-0.0245783124,
1.40175,0.0023380471,
1.402,0.0004122769,
1.40225,-0.0139982011,
1.4025,-0.0045519406,
1.40275,0.0166345928,
1.403,0.0096597094,
1.40325,-0.0249453541,
1.4035,-0.0045529315,
1.40375,0.0056867683,
1.404,-0.0174918287,
1.40425,-0.0311519653,
1.4045,-0.0032641750,
1.40475,0.0090433555,
1.405,0.0041684811,
1.40525,-0.0069096223,
1.4055,0.0089239581,
1.40575,0.0037179710,
1.406,-0.0213542432,
1.40625,-0.0247733314,
1.4065,-0.0053620636,
1.40675,-0.0233633891,
1.407,-0.0133330980,
1.40725,-0.0399048403,
1.4075,-0.0168524403,
1.40775,-0.0127227707,
1.408,-0.0048267459,
1.40825,0.0065029282,
1.4085,0.0026739619,
1.40875,-0.0221859124,
1.409,-0.0071648825,
1.40925,0.0007179944,
1.4095,-0.0106695611,
1.40975,0.0051655616,
1.41,0.0095601892,
1.41025,0.0079395920,
1.4105,0.0059540337,
1.41075,0.0150524024,
1.411,0.0203946792,
1.41125,0.0106069399,
1.4115,0.0055603939,
1.41175,0.0197858699,
1.412,0.0119225355,
1.41225,-0.0059371898,
1.4125,0.0075286189,
1.41275,0.0173258241,
1.413,-0.0031796938,
1.41325,-0.0088345557,
1.4135,0.0097270356,
1.41375,0.0075023007,
1.414,-0.0058742044,
1.41425,-0.0005529474,
1.4145,0.0238127746,
1.41475,0.0144990627,
1.415,-0.0054312451,
1.41525,0.0117847044,
1.4155,0.0246016700,
1.41575,0.0021685238,
1.416,-0.0110613760,
1.41625,0.0125702890,
1.4165,0.0126811247,
1.41675,-0.0054806382,
1.417,-0.0005673021,
1.41725,0.0279934332,
1.4175,0.0238589011,
1.41775,-0.0000760342,
1.418,0.0069632726,
1.41825,0.0178318154,
1.4185,0.0006173833,
1.41875,-0.0132494187,
1.419,0.0069147670,
1.41925,0.0155288586,
1.4195,0.0076263761,
1.41975,0.0020863120,
1.42,0.0167379323,
1.42025,0.0143506797,
1.4205,0.0004874484,
1.42075,-0.0116584180,
1.421,0.0020554098,
1.42125,0.0012159564,
1.4215,-0.0104017360,
1.42175,0.0049780561,
1.422,0.0213751644,
1.42225,0.0176880471,
1.4225,0.0078086969,
1.42275,0.0154146124,
1.423,0.0207625888,
1.42325,0.0098847980,
1.4235,0.0021838157,
1.42375,0.0048274565,
1.424,0.0066222805,
1.42425,-0.0141222766,
1.4245,-0.0126655679,
1.42475,-0.0008531939,
1.425,-0.0008963165,
1.42525,-0.0005197541,
1.4255,0.0092682233,
1.42575,0.0100750886,
1.426,0.0031844745,
1.42625,-0.0062181232,
1.4265,-0.0164920352,
1.42675,-0.0289054364,
1.427,-0.0352312028,
1.42725,-0.0302704629,
1.4275,-0.0177681576,
1.42775,-0.0033357551,
1.428,0.0142102838,
1.42825,0.0215221010,
1.4285,0.0160769355,
1.42875,0.0151342209,
1.429,0.0043108249,
1.42925,-0.0113279568,
1.4295,-0.0128550604,
1.42975,-0.0096156653,
1.43,-0.0109199341,
1.43025,-0.0111169033,
1.4305,0.0110011259,
1.43075,0.0205830261,
1.431,0.0129509680,
1.43125,0.0062318915,
1.4315,0.0047507971,
1.43175,-0.0067945216,
1.432,-0.0250845198,
1.43225,-0.0252447464,
1.4325,-0.0069335289,
1.43275,0.0027451618,
1.433,-0.0043597203,
1.43325,0.0013265264,
1.4335,0.0041003334,
1.43375,0.0030353605,
1.434,-0.0053305449,
1.43425,-0.0232501663,
1.4345,-0.0100738220,
1.43475,0.0020630723,
1.435,-0.0047923326,
1.43525,-0.0098801516,
1.4355,-0.0170001127,
1.43575,0.0001317202,
1.436,-0.0041753668,
1.43625,-0.0234043952,
1.4365,0.0016033510,
1.43675,0.0110852588,
1.437,-0.0327069387,
1.43725,-0.0212280340,
1.4375,-0.0068239514,
1.43775,0.0060194070,
1.438,-0.0099058216,
1.43825,0.0078188246,
1.4385,0.0182566158,
1.43875,0.0118724732,
1.439,-0.0045151878,
1.43925,0.0045185387,
1.4395,0.0053381510,
1.43975,-0.0109687960,
1.44,-0.0068110251,
1.44025,0.0084469290,
1.4405,0.0011158419,
1.44075,0.0090862568,
1.441,0.0187962539,
1.44125,0.0190642774,
1.4415,0.0049555879,
1.44175,-0.0007607579,
1.442,0.0100868326,
1.44225,0.0036889161,
1.4425,-0.0080145998,
1.44275,0.0092954151,
1.443,0.0177059546,
1.44325,0.0120182047,
1.4435,0.0115480414,
1.44375,0.0194584411,
1.444,0.0191962048,
1.44425,0.0089444928,
1.4445,0.0010837225,
1.44475,0.0095826266,
1.445,0.0084627857,
1.44525,-0.0026682247,
1.4455,0.0112824161,
1.44575,0.0192212574,
1.446,0.0090632886,
1.44625,0.0056970594,
1.4465,0.0120206913,
1.44675,0.0072870106,
1.447,-0.0052734516,
1.44725,0.0031581740,
1.4475,0.0102206701,
1.44775,-0.0005475878,
1.448,-0.0074543152,
1.44825,0.0155708436,
1.4485,0.0166702252,
1.44875,-0.0020959529,
1.449,-0.0018382762,
1.44925,0.0136485035,
1.4495,0.0019213308,
1.44975,-0.0186611600,
1.45,-0.0030193583,
1.45025,0.0144803319,
1.4505,-0.0027716674,
1.45075,-0.0090256603,
1.451,0.0092422664,
1.45125,0.0120457765,
1.4515,-0.0095487190,
1.45175,-0.0084283287,
1.452,0.0026901681,
1.45225,-0.0022086843,
1.4525,-0.0220458973,
1.45275,-0.0119062243,
1.453,-0.0004612643,
1.45325,-0.0066817789,
1.4535,-0.0126025397,
1.45375,-0.0026300421,
1.454,0.0001755025,
1.45425,-0.0067409175,
1.4545,-0.0163508821,
1.45475,-0.0110667720,
1.455,-0.0023447736,
1.45525,-0.0127779376,
1.4555,-0.0122418720,
1.45575,-0.0021280074,
1.456,-0.0010294815,
1.45625,-0.0038464877,
1.4565,-0.0016910232,
1.45675,-0.0076962635,
1.457,-0.0112637356,
1.45725,-0.0209096074,
1.4575,-0.0295775346,
1.45775,-0.0209033191,
1.458,-0.0189191885,
1.45825,-0.0145400148,
1.4585,-0.0010841343,
1.45875,0.0035522250,
1.459,0.0086803026,
1.45925,0.0030278766,
1.4595,-0.0033988147,
1.45975,-0.0118724024,
1.46,-0.0163649786,
1.46025,-0.0185252484,
1.4605,-0.0165724121,
1.46075,-0.0124666169,
1.461,-0.0060671377,
1.46125,0.0076894020,
1.4615,0.0035412656,
1.46175,0.0094221896,
1.462,0.0100985309,
1.46225,-0.0102939466,
1.4625,-0.0213828385,
1.46275,-0.0200175978,
1.463,-0.0180131327,
1.46325,-0.0122684389,
1.4635,0.0057223700,
1.46375,0.0163852014,
1.464,0.0148207648,
1.46425,0.0067120157,
1.4645,0.0092409700,
1.46475,-0.0006084385,
1.465,-0.0107147917,
1.46525,-0.0118253669,
1.4655,0.0078634061,
1.46575,0.0113594867,
1.466,0.0087096374,
1.46625,0.0219960064,
1.4665,0.0224824268,
1.46675,-0.0433830768,
1.467,-0.0247247517,
1.46725,-0.0148489149,
1.4675,-0.0124401124,
1.46775,-0.0039975625,
1.468,-0.0084398082,
1.46825,-0.0289443899,
1.4685,-0.0046238732,
1.46875,0.0022146290,
1.469,-0.0166855678,
1.46925,-0.0064372038,
1.4695,0.0061242068,
1.46975,0.0096407495,
1.47,-0.0157717336,
1.47025,-0.0041689030,
1.4705,0.0210394524,
1.47075,0.0036614444,
1.471,-0.0115410434,
1.47125,0.0165322348,
1.4715,0.0277636368,
1.47175,0.0133998077,
1.472,0.0066862018,
1.47225,0.0295340996,
1.4725,0.0232313853,
1.47275,0.0025404713,
1.473,-0.0085471822,
1.47325,0.0120870667,
1.4735,0.0049367575,
1.47375,-0.0080371229,
1.474,0.0133373728,
1.47425,0.0278564878,
1.4745,0.0086080348,
1.47475,0.0009711751,
1.475,0.0043090452,
1.47525,-0.0008245875,
1.4755,-0.0215972867,
1.47575,-0.0106193973,
1.476,0.0093656611,
1.47625,0.0038978991,
1.4765,-0.0002188556,
1.47675,0.0126212444,
1.477,0.0199984498,
1.47725,0.0010344429,
1.4775,-0.0001951113,
1.47775,0.0082887923,
1.478,0.0104638925,
1.47825,-0.0035317200,
1.4785,0.0008315957,
1.47875,0.0165967904,
1.479,0.0102107413,
1.47925,-0.0023107668,
1.4795,0.0027579695,
1.47975,0.0079751890,
1.48,-0.0082242209,
1.48025,-0.0140740871,
1.4805,-0.0010411034,
1.48075,-0.0016247698,
1.481,-0.0128611913,
1.48125,-0.0080704149,
1.4815,-0.0032887310,
1.48175,-0.0137999635,
1.482,-0.0161288511,
1.48225,-0.0031850156,
1.4825,-0.0022902600,
1.48275,-0.0138703091,
1.483,-0.0133888721,
1.48325,-0.0010429418,
1.4835,-0.0121261701,
1.48375,-0.0228598155,
1.484,-0.0051647122,
1.48425,0.0028428244,
1.4845,-0.0146961119,
1.48475,-0.0126558188,
1.485,0.0020595731,
1.48525,-0.0056964383,
1.4855,-0.0221002102,
1.48575,-0.0113338893,
1.486,0.0044150334,
1.48625,0.0020135918,
1.4865,-0.0056509725,
1.48675,0.0098857926,
1.487,0.0079508657,
1.48725,-0.0124685569,
1.4875,-0.0139511516,
1.48775,-0.0019842479,
1.488,-0.0030014082,
1.48825,-0.0062019946,
1.4885,-0.0026851336,
1.48875,0.0106565356,
1.489,0.0041431268,
1.48925,-0.0058122561,
1.4895,0.0000463707,
1.48975,0.0056403340,
1.49,-0.0104810148,
1.49025,-0.0088533331,
1.4905,0.0036383667,
1.49075,0.0055621956,
1.491,0.0026452218,
1.49125,0.0047424408,
1.4915,0.0134417489,
1.49175,0.0168117676,
1.492,0.0087548299,
1.49225,0.0155114299,
1.4925,0.0131181944,
1.49275,0.0061286399,
1.493,0.0005029551,
1.49325,0.0011457399,
1.4935,0.0000561434,
1.49375,-0.0042840648,
1.494,0.0022620324,
1.49425,0.0133386962,
1.4945,0.0214771591,
1.49475,0.0190392714,
1.495,0.0192875862,
1.49525,0.0186678562,
1.4955,0.0032294660,
1.49575,-0.0079879779,
1.496,-0.0104827257,
1.49625,-0.0065358905,
1.4965,-0.0079850182,
1.49675,-0.0015442125,
1.497,0.0101010930,
1.49725,0.0191117972,
1.4975,0.0289031416,
1.49775,0.0257028975,
1.498,0.0248110518,
1.49825,0.0190140177,
1.4985,0.0034144891,
1.49875,-0.0050976286,
1.499,0.0013087947,
1.49925,0.0034652723,
1.4995,0.0193378422,
1.49975,0.0211885851,
1.5,0.0289147943,
1.50025,0.0281725284,
1.5005,0.0197821129,
1.50075,0.0150118126,
1.501,0.0031452000,
1.50125,-0.0066756792,
1.5015,-0.0138950236,
1.50175,0.0011899654,
1.502,0.0001303056,
1.50225,0.0131393429,
1.5025,0.0175460558,
1.50275,0.0256959498,
1.503,0.0087307785,
1.50325,-0.0043323189,
1.5035,-0.0025413623,
1.50375,0.0061583370,
1.504,-0.0043705218,
1.50425,-0.0028259365,
1.5045,0.0208467022,
1.50475,0.0145659596,
1.505,0.0082319537,
1.50525,0.0145186391,
1.5055,0.0269862544,
1.50575,0.0021902560,
1.506,-0.0075520719,
1.50625,-0.0001005319,
1.5065,0.0073670833,
1.50675,-0.0114449318,
1.507,-0.0080561237,
1.50725,0.0206778180,
1.5075,0.0117790941,
1.50775,-0.0067933453,
1.508,0.0037775226,
1.50825,0.0171682909,
1.5085,-0.0050546899,
1.50875,-0.0279326774,
1.509,-0.0119693857,
1.50925,-0.0041987994,
1.5095,-0.0292984042,
1.50975,-0.0242448784,
1.51,0.0088552171,
1.51025,0.0061948360,
1.5105,-0.0081692580,
1.51075,-0.0000346080,
1.511,0.0089245681,
1.51125,-0.0060847378,
1.5115,-0.0228712671,
1.51175,-0.0118691269,
1.512,-0.0055344570,
1.51225,-0.0168593060,
1.5125,-0.0179942474,
1.51275,0.0046467008,
1.513,0.0098703131,
1.51325,0.0014444616,
1.5135,0.0009746881,
1.51375,0.0090107266,
1.514,-0.0025051346,
1.51425,-0.0199591089,
1.5145,-0.0125313066,
1.51475,-0.0114578027,
1.515,-0.0158617627,
1.51525,-0.0132364212,
1.5155,-0.0060341065,
1.51575,-0.0040920032,
1.516,-0.0020960371,
1.51625,-0.0006035703,
1.5165,0.0061668712,
1.51675,-0.0020299384,
1.517,-0.0051864730,
1.51725,0.0001396739,
1.5175,-0.0090000136,
1.51775,-0.0170334764,
1.518,-0.0078440579,
1.51825,-0.0077517154,
1.5185,-0.0124059375,
1.51875,-0.0147689926,
1.519,-0.0011135492,
1.51925,0.0068161632,
1.5195,0.0045909169,
1.51975,0.0043756152,
1.52,0.0206569936,
1.52025,0.0060472689,
1.5205,-0.0084731691,
1.52075,-0.0004144503,
1.521,0.0065990742,
1.52125,-0.0015256176,
1.5215,-0.0009527607,
1.52175,0.0093223192,
1.522,0.0196165387,
1.52225,0.0063463771,
1.5225,-0.0004093997,
1.52275,0.0157114454,
1.523,0.0079709301,
1.52325,-0.0088864546,
1.5235,-0.0067170551,
1.52375,0.0076922220,
1.524,-0.0038182586,
1.52425,-0.0117728962,
1.5245,-0.0047117835,
1.52475,0.0058307657,
1.525,-0.0018851548,
1.52525,-0.0031143911,
1.5255,0.0133033982,
1.52575,0.0123220729,
1.526,0.0019669305,
1.52625,-0.0067445338,
1.5265,-0.0032597212,
1.52675,-0.0083619747,
1.527,-0.0183196459,
1.52725,-0.0177844688,
1.5275,0.0012893134,
1.52775,-0.0019357030,
1.528,-0.0010856463,
1.52825,0.0034614990,
1.5285,0.0144227119,
1.52875,-0.0025083036,
1.529,-0.0152469566,
1.52925,-0.0102112982,
1.5295,-0.0074922410,
1.52975,-0.0224078335,
1.53,-0.0208506156,
1.53025,-0.0003966688,
1.5305,0.0073027401,
1.53075,0.0054755909,
1.531,0.0088713672,
1.53125,0.0121568646,
1.5315,0.0077956486,
1.53175,-0.0148476763,
1.532,-0.0208148807,
1.53225,-0.0121546304,
1.5325,-0.0160159618,
1.53275,-0.0123139145,
1.533,-0.0030133049,
1.53325,0.0059146881,
1.5335,0.0002777589,
1.53375,-0.0099302791,
1.534,-0.0093902843,
1.53425,-0.0117911045,
1.5345,-0.0167121179,
1.53475,-0.0129498523,
1.535,-0.0022764339,
1.53525,-0.0012682279,
1.5355,-0.0018470822,
1.53575,0.0039408254,
1.536,0.0049766758,
1.53625,-0.0025716785,
1.5365,-0.0064908676,
1.53675,-0.0053901062,
1.537,0.0019744118,
1.53725,-0.0102613457,
1.5375,-0.0038486640,
1.53775,0.0065333834,
1.538,0.0036262351,
1.53825,-0.0064734733,
1.5385,0.0072040525,
1.53875,0.0090396646,
1.539,-0.0061641103,
1.53925,-0.0101548349,
1.5395,-0.0031681494,
1.53975,-0.0076199048,
1.54,-0.0206633192,
1.54025,-0.0088776257,
1.5405,0.0121001666,
1.54075,-0.0000568150,
1.541,-0.0055918330,
1.54125,0.0188915469,
1.5415,0.0168360788,
1.54175,-0.0088289808,
1.542,-0.0126378946,
1.54225,0.0065773777,
1.5425,0.0021106810,
1.54275,-0.0206305757,
1.543,0.0002166761,
1.54325,0.0256345533,
1.5435,-0.0001853595,
1.54375,-0.0100236852,
1.544,0.0160231031,
1.54425,0.0099484585,
1.5445,-0.0091231437,
1.54475,-0.0068445336,
1.545,0.0137425018,
1.54525,0.0075454786,
1.5455,-0.0117904227,
1.54575,0.0057951380,
1.546,0.0191398561,
1.54625,0.0022503412,
1.5465,-0.0088065984,
1.54675,0.0098949261,
1.547,0.0104305716,
1.54725,-0.0035312213,
1.5475,-0.0064091599,
1.54775,0.0139519153,
1.548,0.0105457772,
1.54825,-0.0095392661,
1.5485,0.0013105430,
1.54875,0.0079837777,
1.549,-0.0001969299,
1.54925,-0.0020732398,
1.5495,-0.0010573877,
1.54975,0.0034562419,
1.55,-0.0011061777,
1.55025,-0.0036433390,
1.5505,0.0004550203,
1.55075,-0.0045264810,
1.551,-0.0036038011,
1.55125,-0.0020874469,
1.5515,-0.0041628233,
1.55175,-0.0152931474,
1.552,-0.0077696894,
1.55225,-0.0056686923,
1.5525,-0.0078743454,
1.55275,-0.0053339615,
1.553,0.0102984142,
1.55325,0.0153266583,
1.5535,0.0041470160,
1.55375,-0.0054085325,
1.554,0.0111443168,
1.55425,0.0038084132,
1.5545,-0.0091143567,
1.55475,-0.0055807540,
1.555,0.0115625411,
1.55525,0.0022456341,
1.5555,-0.0030680492,
1.55575,0.0087255361,
1.556,0.0190665312,
1.55625,0.0110253152,
1.5565,-0.0067674047,
1.55675,0.0027724940,
1.557,0.0042970846,
1.55725,-0.0137955714,
1.5575,-0.0173755065,
1.55775,-0.0000507075,
1.558,0.0015808550,
1.55825,-0.0054891137,
1.5585,-0.0000369924,
1.55875,0.0171542577,
1.559,0.0164184421,
1.55925,-0.0014211960,
1.5595,0.0026720066,
1.55975,0.0020536068,
1.56,-0.0100071300,
1.56025,-0.0156774577,
1.5605,-0.0086801602,
1.56075,0.0112670846,
1.561,0.0085792001,
1.56125,0.0150769241,
1.5615,0.0273031015,
1.56175,0.0339369811,
1.562,0.0212750062,
1.56225,0.0161604155,
1.5625,0.0209987070,
1.56275,0.0065415818,
1.563,-0.0078045973,
1.56325,-0.0004390307,
1.5635,0.0108475350,
1.56375,0.0052332180,
1.564,0.0063635325,
1.56425,0.0258261897,
1.5645,0.0279661492,
1.56475,0.0107076131,
1.565,-0.0020052460,
1.56525,-0.0007551824,
1.5655,-0.0070649544,
1.56575,-0.0259744413,
1.566,-0.0204050075,
1.56625,0.0048020603,
1.5665,0.0035288297,
1.56675,-0.0031237896,
1.567,0.0060490561,
1.56725,0.0099966787,
1.5675,-0.0080703096,
1.56775,-0.0218117628,
1.568,-0.0140891355,
1.56825,-0.0070802704,
1.5685,-0.0127041303,
1.56875,-0.0084082391,
1.569,0.0128783481,
1.56925,0.0127963861,
1.5695,0.0021335639,
1.56975,0.0003561198,
1.57,0.0052816705,
1.57025,0.0007543431,
1.5705,-0.0092185792,
1.57075,-0.0086462572,
1.571,0.0047757640,
1.57125,-0.0008085547,
1.5715,0.0010855284,
1.57175,0.0053541148,
1.572,0.0044135284,
1.57225,-0.0027166624,
1.5725,0.0038604350,
1.57275,-0.0009940228,
1.573,-0.0099776927,
1.57325,-0.0099401362,
1.5735,-0.0009816672,
1.57375,-0.0055445074,
1.574,-0.0100530069,
1.57425,0.0048710704,
1.5745,0.0210474692,
1.57475,0.0028579421,
1.575,-0.0021406931,
1.57525,0.0117653627,
1.5755,0.0147157684,
1.57575,-0.0107076382,
1.576,-0.0066371686,
1.57625,0.0171342716,
1.5765,0.0181417167,
1.57675,-0.0062427688,
1.577,0.0105322385,
1.57725,0.0367030948,
1.5775,0.0154165290,
1.57775,0.0030819348,
1.578,0.0223505497,
1.57825,0.0278409775,
1.5785,-0.0055767596,
1.57875,0.0006135602,
1.579,0.0234830175,
1.57925,0.0146240704,
1.5795,-0.0004631494,
1.57975,0.0184020214,
1.58,0.0298318043,
1.58025,0.0144307539,
1.5805,-0.0036937268,
1.58075,0.0186103676,
1.581,0.0195757225,
1.58125,-0.0099135796,
1.5815,-0.0133121852,
1.58175,0.0150561808,
1.582,0.0037310747,
1.58225,-0.0107584149,
1.5825,-0.0060936525,
1.58275,0.0099651329,
1.583,-0.0057548145,
1.58325,-0.0157427303,
1.5835,0.0022912191,
1.58375,0.0092980592,
1.584,0.0007263201,
1.58425,0.0052826684,
1.5845,0.0131755508,
1.58475,0.0093358252,
1.585,0.0010144948,
1.58525,0.0012759345,
1.5855,0.0009080315,
1.58575,-0.0063678068,
1.586,-0.0047501922,
1.58625,0.0005397651,
1.5865,-0.0050177323,
1.58675,-0.0119894603,
1.587,-0.0091563584,
1.58725,-0.0114656901,
1.5875,-0.0229728445,
1.58775,-0.0203261785,
1.588,-0.0140357111,
1.58825,-0.0105407648,
1.5885,-0.0177013390,
1.58875,-0.0098879859,
1.589,-0.0013785744,
1.58925,-0.0068425578,
1.5895,-0.0118392725,
1.58975,-0.0029544812,
1.59,0.0009699480,
1.59025,-0.0136129465,
1.5905,-0.0191680435,
1.59075,-0.0103436541,
1.591,-0.0121794418,
1.59125,-0.0249265600,
1.5915,-0.0196308084,
1.59175,-0.0043501346,
1.592,-0.0087734200,
1.59225,-0.0197643898,
1.5925,-0.0111159673,
1.59275,-0.0063964115,
1.593,-0.0207835920,
1.59325,-0.0269546825,
1.5935,-0.0205133148,
1.59375,-0.0167795103,
1.594,-0.0169956237,
1.59425,-0.0115988441,
1.5945,0.0066322824,
1.59475,0.0119830146,
1.595,0.0102146147,
1.59525,0.0053697308,
1.5955,0.0108854556,
1.59575,0.0065981038,
1.596,-0.0126196677,
1.59625,-0.0190249495,
1.5965,-0.0056712911,
1.59675,-0.0078873420,
1.597,-0.0046655857,
1.59725,0.0109429415,
1.5975,0.0288824718,
1.59775,0.0211162195,
1.598,0.0099953599,
1.59825,0.0120025398,
1.5985,0.0091969259,
1.59875,-0.0120760091,
1.599,-0.0226415396,
1.59925,-0.0076321959,
1.5995,-0.0052416585,
1.59975,-0.0157291666,
1.6,0.0007397041,
1.60025,0.0244590975,
1.6005,0.0272395927,
1.60075,0.0036329268,
1.601,0.0041579157,
1.60125,0.0038136428,
1.6015,-0.0161776394,
1.60175,-0.0262705646,
1.602,-0.0069444464,
1.60225,0.0124855712,
1.6025,0.0054028728,
1.60275,0.0085940668,
1.603,0.0213827789,
1.60325,0.0172719695,
1.6035,-0.0063105738,
1.60375,-0.0076930039,
1.604,0.0012730253,
1.60425,-0.0022149198,
1.6045,-0.0077237524,
1.60475,0.0072977906,
1.605,0.0220722929,
1.60525,0.0166662131,
1.6055,0.0090947552,
1.60575,0.0147465821,
1.606,0.0059462488,
1.60625,-0.0005986404,
1.6065,-0.0017029874,
1.60675,-0.0020435874,
1.607,0.0008062867,
1.60725,0.0060367533,
1.6075,0.0068849539,
1.60775,0.0066316645,
1.608,-0.0006681894,
1.60825,0.0072117876,
1.6085,0.0026574128,
1.60875,-0.0164996814,
1.609,-0.0139600551,
1.60925,-0.0030835627,
1.6095,-0.0130923791,
1.60975,-0.0218048673,
1.61,-0.0037134560,
1.61025,0.0125543959,
1.6105,0.0018951227,
1.61075,-0.0029940670,
1.611,0.0147304777,
1.61125,0.0136755267,
1.6115,-0.0133003648,
1.61175,-0.0080967546,
1.612,0.0130016077,
1.61225,-0.0035405983,
1.6125,-0.0169369057,
1.61275,0.0044707805,
1.613,0.0118714338,
1.61325,-0.0066402224,
1.6135,-0.0125546800,
1.61375,0.0069571454,
1.614,0.0057877642,
1.61425,-0.0241121259,
1.6145,-0.0212150589,
1.61475,0.0039076069,
1.615,-0.0092408359,
1.61525,-0.0286887512,
1.6155,-0.0073263757,
1.61575,0.0065844948,
1.616,-0.0099023571,
1.61625,-0.0139718046,
1.6165,-0.0046143918,
1.61675,0.0023118181,
1.617,-0.0118240174,
1.61725,-0.0088775540,
1.6175,0.0055645853,
1.61775,-0.0032380274,
1.618,-0.0112860054,
1.61825,-0.0037082576,
1.6185,-0.0040455596,
1.61875,-0.0100909835,
1.619,-0.0091586690,
1.61925,-0.0012407296,
1.6195,-0.0033492178,
1.61975,-0.0004777451,
1.62,-0.0019917868,
1.62025,0.0022609227,
1.6205,-0.0059019458,
1.62075,-0.0091090072,
1.621,-0.0017344423,
1.62125,-0.0026231410,
1.6215,0.0014618696,
1.62175,0.0054794764,
1.622,0.0070259757,
1.62225,0.0024561048,
1.6225,0.0003279479,
1.62275,-0.0022409961,
1.623,-0.0038540135,
1.62325,-0.0074847350,
1.6235,-0.0030471117,
1.62375,0.0018157520,
1.624,-0.0028416913,
1.62425,-0.0035695164,
1.6245,0.0011711125,
1.62475,0.0048776064,
1.625,0.0014433881,
1.62525,-0.0006111329,
1.6255,0.0105229355,
1.62575,0.0157402344,
1.626,-0.0019801545,
1.62625,0.0040294775,
1.6265,0.0084908325,
1.62675,-0.0041375943,
1.627,-0.0102860434,
1.62725,-0.0009862607,
1.6275,0.0046033980,
1.62775,0.0093846275,
1.628,0.0138210235,
1.62825,0.0254053958,
1.6285,0.0182819013,
1.62875,-0.0006682071,
1.629,-0.0024515528,
1.62925,-0.0131921899,
1.6295,-0.0155120539,
1.62975,-0.0160908643,
1.63,-0.0063651735,
1.63025,0.0038142290,
1.6305,0.0091598695,
1.63075,0.0075798109,
1.631,0.0145009914,
1.63125,0.0217773560,
1.6315,0.0124859568,
1.63175,0.0026807338,
1.632,-0.0121074691,
1.63225,-0.0052200919,
1.6325,-0.0071078641,
1.63275,-0.0108556077,
1.633,0.0189339109,
1.63325,0.0382543132,
1.6335,0.0310850032,
1.63375,0.0159522854,
1.634,0.0152556701,
1.63425,0.0077251652,
1.6345,-0.0106023923,
1.63475,-0.0179211628,
1.635,-0.0002916686,
1.63525,0.0020312010,
1.6355,-0.0010543176,
1.63575,0.0111718709,
1.636,0.0215759091,
1.63625,0.0096445493,
1.6365,-0.0002301534,
1.63675,0.0046581547,
1.637,0.0060108048,
1.63725,0.0016867286,
1.6375,-0.0029716911,
1.63775,0.0205991454,
1.638,0.0168893524,
1.63825,0.0077596968,
1.6385,0.0008368327,
1.63875,0.0184978228,
1.639,0.0124267284,
1.63925,0.0054698247,
1.6395,0.0078570805,
1.63975,0.0168617945,
1.64,0.0011944956,
1.64025,-0.0003458780,
1.6405,0.0042714546,
1.64075,0.0105379578,
1.641,0.0114084352,
1.64125,0.0096448278,
1.6415,0.0172499306,
1.64175,0.0105689708,
1.642,0.0062926775,
1.64225,0.0030747107,
1.6425,-0.0005432453,
1.64275,-0.0138880312,
1.643,0.0009614556,
1.64325,0.0080809817,
1.6435,0.0012104162,
1.64375,0.0116506834,
1.644,0.0236669444,
1.64425,0.0191616062,
1.6445,-0.0010768020,
1.64475,-0.0024029408,
1.645,0.0092663700,
1.64525,-0.0129448790,
1.6455,-0.0233789161,
1.64575,0.0055063893,
1.646,0.0039306651,
1.64625,-0.0152303036,
1.6465,0.0016004626,
1.64675,0.0174552910,
1.647,0.0015754036,
1.64725,-0.0065077050,
1.6475,0.0074848142,
1.64775,0.0165783539,
1.648,-0.0083451737,
1.64825,-0.0153688285,
1.6485,0.0107069556,
1.64875,0.0021224224,
1.649,-0.0239716135,
1.64925,-0.0072023738,
1.6495,0.0094521856,
1.64975,-0.0050524599,
1.65,-0.0149350101,
1.65025,0.0023006317,
1.6505,0.0192666724,
1.65075,0.0004105803,
1.651,-0.0094201853,
1.65125,0.0037743782,
1.6515,-0.0015783519,
1.65175,-0.0168937780,
1.652,-0.0166044980,
1.65225,-0.0051877531,
1.6525,-0.0033290158,
1.65275,-0.0037873394,
1.653,-0.0004933588,
1.65325,0.0028661727,
1.6535,0.0045244019,
1.65375,-0.0010530675,
1.654,-0.0026748038,
1.65425,-0.0062428964,
1.6545,-0.0107452776,
1.65475,-0.0110466015,
1.655,-0.0095440745,
1.65525,-0.0042473460,
1.6555,0.0052450420,
1.65575,0.0108693121,
1.656,0.0068664779,
1.65625,0.0089880368,
1.6565,0.0101502724,
1.65675,0.0008590171,
1.657,-0.0072954306,
1.65725,-0.0054533263,
1.6575,-0.0027540196,
1.65775,-0.0018427951,
1.658,0.0017016939,
1.65825,0.0125595452,
1.6585,0.0157831013,
1.65875,0.0110493246,
1.659,0.0051988121,
1.65925,0.0039708689,
1.6595,0.0005455068,
1.65975,-0.0105221746,
1.66,-0.0060346299,
1.66025,-0.0001615419,
1.6605,-0.0016572158,
1.66075,-0.0026342161,
1.661,0.0116260611,
1.66125,0.0241594687,
1.6615,0.0114216264,
1.66175,0.0105546871,
1.662,0.0140871592,
1.66225,0.0030289611,
1.6625,-0.0151223838,
1.66275,-0.0132068973,
1.663,-0.0049020909,
1.66325,-0.0005829443,
1.6635,-0.0000758247,
1.66375,0.0137491431,
1.664,0.0237734690,
1.66425,0.0256758481,
1.6645,0.0164609756,
1.66475,0.0162681118,
1.665,0.0055854744,
1.66525,-0.0087788012,
1.6655,-0.0191117078,
1.66575,-0.0167214330,
1.666,-0.0109857600,
1.66625,0.0048471745,
1.6665,0.0119157517,
1.66675,0.0186605733,
1.667,0.0221413579,
1.66725,0.0179442316,
1.6675,0.0095756594,
1.66775,-0.0074328007,
1.668,-0.0149860699,
1.66825,-0.0254370850,
1.6685,-0.0275572669,
1.66875,-0.0169338770,
1.669,0.0000820338,
1.66925,-0.0010662496,
1.6695,0.0098742880,
1.66975,0.0082020219,
1.67,-0.0027707999,
1.67025,-0.0226422995,
1.6705,-0.0236461125,
1.67075,-0.0168870352,
1.671,-0.0184165332,
1.67125,-0.0156911481,
1.6715,-0.0086576454,
1.67175,0.0114675323,
1.672,-0.0047567566,
1.67225,-0.0145261688,
1.6725,-0.0115523003,
1.67275,-0.0035282110,
1.673,-0.0223464910,
1.67325,-0.0285801943,
1.6735,-0.0086034574,
1.67375,-0.0004613832,
1.674,0.0002447650,
1.67425,-0.0032501030,
1.6745,0.0039167674,
1.67475,0.0012173214,
1.675,-0.0099575380,
1.67525,-0.0110095171,
1.6755,-0.0059352187,
1.67575,-0.0091699986,
1.676,-0.0091166664,
1.67625,-0.0093370192,
1.6765,-0.0048505235,
1.67675,-0.0053184917,
1.677,0.0014143105,
1.67725,0.0003310906,
1.6775,-0.0039313994,
1.67775,-0.0050508576,
1.678,0.0000267150,
1.67825,-0.0103844227,
1.6785,-0.0194043387,
1.67875,-0.0074032326,
1.679,0.0063005500,
1.67925,-0.0094374213,
1.6795,-0.0014716544,
1.67975,0.0211168546,
1.68,0.0157734938,
1.68025,-0.0080378260,
1.6805,0.0002503773,
1.68075,0.0065346858,
1.681,-0.0159552153,
1.68125,-0.0258180033,
1.6815,-0.0048643611,
1.68175,0.0121232113,
1.682,-0.0087817777,
1.68225,-0.0123632886,
1.6825,0.0190831199,
1.68275,0.0116188927,
1.683,-0.0201734826,
1.68325,-0.0095999222,
1.6835,0.0103787333,
1.68375,-0.0108813979,
1.684,-0.0269195363,
1.68425,-0.0048584854,
1.6845,0.0095365234,
1.68475,-0.0128840134,
1.685,-0.0142650250,
1.68525,0.0048326533,
1.6855,0.0064822934,
1.68575,-0.0155972419,
1.686,0.0026580612,
1.68625,0.0215000771,
1.6865,0.0126057127,
1.68675,0.0018502655,
1.687,0.0130200805,
1.68725,0.0127512719,
1.6875,0.0051585175,
1.68775,-0.0003957577,
1.688,0.0103411647,
1.68825,0.0070228092,
1.6885,-0.0056036199,
1.68875,-0.0019761468,
1.689,0.0107960049,
1.68925,0.0107471505,
1.6895,0.0138533879,
1.68975,0.0213577785,
1.69,0.0119481795,
1.69025,0.0021829943,
1.6905,-0.0013532321,
1.69075,-0.0051406529,
1.691,-0.0057222047,
1.69125,-0.0056224931,
1.6915,0.0062739435,
1.69175,0.0086321346,
1.692,0.0057093929,
1.69225,0.0140865706,
1.6925,0.0144766038,
1.69275,-0.0006609453,
1.693,-0.0117330216,
1.69325,-0.0076984805,
1.6935,-0.0020260881,
1.69375,-0.0085569099,
1.694,-0.0001592503,
1.69425,0.0206078682,
1.6945,0.0235684253,
1.69475,0.0057965000,
1.695,0.0118129095,
1.69525,0.0197557714,
1.6955,0.0013580525,
1.69575,-0.0172277540,
1.696,-0.0061451276,
1.69625,-0.0012504000,
1.6965,-0.0126307374,
1.69675,-0.0119532086,
1.697,0.0133866798,
1.69725,0.0156508535,
1.6975,0.0052746246,
1.69775,0.0091482894,
1.698,0.0123712197,
1.69825,-0.0015243912,
1.6985,-0.0294369180,
1.69875,-0.0298945792,
1.699,-0.0255403444,
1.69925,-0.0338953212,
1.6995,-0.0238543097,
1.69975,0.0004073672,
1.7,0.0124568753,
1.70025,0.0180356596,
1.7005,0.0197362360,
1.70075,0.0110693416,
1.701,-0.0051627909,
1.70125,-0.0252229925,
1.7015,-0.0257904809,
1.70175,-0.0224458911,
1.702,-0.0129320016,
1.70225,0.0029936479,
1.7025,0.0141943013,
1.70275,0.0130101554,
1.703,0.0111973649,
1.70325,-0.0057654371,
1.7035,-0.0136632193,
1.70375,-0.0165144559,
1.704,-0.0151508357,
1.70425,-0.0169997253,
1.7045,-0.0017976891,
1.70475,0.0103293033,
1.705,-0.0021543782,
1.70525,-0.0054703737,
1.7055,-0.0034148174,
1.70575,0.0002701098,
1.706,-0.0112766065,
1.70625,-0.0119663402,
1.7065,0.0024836499,
1.70675,0.0055206423,
1.707,-0.0058082915,
1.70725,-0.0045110532,
1.7075,0.0061246976,
1.70775,0.0072646998,
1.708,-0.0039558806,
1.70825,-0.0000597318,
1.7085,0.0119722364,
1.70875,0.0073013403,
1.709,-0.0118209105,
1.70925,-0.0058829272,
1.7095,-0.0030305169,
1.70975,0.0021004651,
1.71,0.0036513037,
1.71025,0.0125871086,
1.7105,0.0194357857,
1.71075,0.0142125357,
1.711,0.0066020438,
1.71125,0.0062072268,
1.7115,0.0013841795,
1.71175,0.0002877159,
1.712,0.0081284698,
1.71225,0.0176004265,
1.7125,0.0142232757,
1.71275,0.0214440823,
1.713,0.0316672139,
1.71325,0.0198846702,
1.7135,0.0028655168,
1.71375,0.0076815728,
1.714,0.0100460835,
1.71425,-0.0077408329,
1.7145,-0.0014687646,
1.71475,0.0192500334,
1.715,0.0161314905,
1.71525,0.0054589352,
1.7155,0.0095476443,
1.71575,0.0238478836,
1.716,0.0060668080,
1.71625,-0.0135435667,
1.7165,0.0049393000,
1.71675,0.0089183412,
1.717,-0.0176571086,
1.71725,-0.0157716461,
1.7175,0.0118650291,
1.71775,0.0104813417,
1.718,-0.0073306831,
1.71825,0.0104090339,
1.7185,0.0273149870,
1.71875,0.0102165360,
1.719,-0.0072308127,
1.71925,0.0111280000,
1.7195,0.0185498800,
1.71975,-0.0053187781,
1.72,-0.0084184511,
1.72025,0.0117412293,
1.7205,0.0089490833,
1.72075,-0.0158336218,
1.721,-0.0014828040,
1.72125,0.0087497644,
1.7215,-0.0017631506,
1.72175,-0.0168118030,
1.722,-0.0032636127,
1.72225,0.0046881586,
1.7225,-0.0074584866,
1.72275,-0.0152481487,
1.723,0.0022947523,
1.72325,-0.0045456821,
1.7235,-0.0134188542,
1.72375,-0.0128506739,
1.724,-0.0009966043,
1.72425,-0.0114787286,
1.7245,-0.0101808775,
1.72475,-0.0036429216,
1.725,0.0089405347,
1.72525,-0.0027091866,
1.7255,0.0038997212,
1.72575,0.0077562132,
1.726,-0.0035340802,
1.72625,-0.0080975713,
1.7265,-0.0081492299,
1.72675,-0.0078583518,
1.727,-0.0126480451,
1.72725,-0.0108883819,
1.7275,0.0035419173,
1.72775,0.0051016244,
1.728,0.0003769938,
1.72825,0.0028931852,
1.7285,0.0121833067,
1.72875,-0.0061491169,
1.729,-0.0196678787,
1.72925,-0.0221741609,
1.7295,-0.0174103882,
1.72975,-0.0298762508,
1.73,-0.0229077954,
1.73025,-0.0008493843,
1.7305,0.0039368765,
1.73075,0.0007557081,
1.731,0.0142153446,
1.73125,0.0150647331,
1.7315,0.0081867129,
1.73175,-0.0040209149,
1.732,-0.0098439492,
1.73225,-0.0131069310,
1.7325,-0.0320658647,
1.73275,-0.0290401075,
1.733,-0.0083114253,
1.73325,-0.0058187800,
1.7335,-0.0052661444,
1.73375,0.0115764700,
1.734,0.0121211596,
1.73425,0.0038415515,
1.7345,-0.0041784439,
1.73475,-0.0086415755,
1.735,-0.0106608393,
1.73525,-0.0266358703,
1.7355,-0.0175186507,
1.73575,-0.0016407720,
1.736,-0.0014413941,
1.73625,0.0035497891,
1.7365,0.0083196703,
1.73675,-0.0011970934,
1.737,-0.0076754829,
1.73725,-0.0119193932,
1.7375,-0.0151759423,
1.73775,-0.0048277769,
1.738,-0.0058181635,
1.73825,-0.0062429570,
1.7385,-0.0001891454,
1.73875,0.0013717925,
1.739,-0.0028779302,
1.73925,-0.0073968004,
1.7395,-0.0049578706,
1.73975,0.0044179512,
1.74,0.0024914690,
1.74025,-0.0129655274,
1.7405,0.0000777006,
1.74075,0.0103427917,
1.741,-0.0091068801,
1.74125,-0.0142735345,
1.7415,0.0035217064,
1.74175,0.0097739659,
1.742,-0.0039001936,
1.74225,-0.0120517882,
1.7425,0.0064655482,
1.74275,0.0104309060,
1.743,-0.0123974634,
1.74325,-0.0065828487,
1.7435,0.0075868685,
1.74375,0.0090646455,
1.744,0.0026730681,
1.74425,0.0067190290,
1.7445,0.0136224469,
1.74475,0.0125675928,
1.745,-0.0021745861,
1.74525,-0.0018826860,
1.7455,0.0018064245,
1.74575,-0.0011895435,
1.746,-0.0003627418,
1.74625,0.0059006228,
1.7465,0.0114827771,
1.74675,0.0117292078,
1.747,0.0117124710,
1.74725,0.0104570482,
1.7475,-0.0018547907,
1.74775,-0.0064720628,
1.748,-0.0018322702,
1.74825,-0.0085496111,
1.7485,-0.0097597633,
1.74875,0.0048218151,
1.749,0.0082238037,
1.74925,0.0071251676,
1.7495,0.0069321636,
1.74975,0.0151032694,
1.75,0.0084931469,
1.75025,-0.0036441297,
1.7505,-0.0037049793,
1.75075,0.0134619102,
1.751,-0.0002482182,
1.75125,-0.0065578171,
1.7515,0.0134784598,
1.75175,0.0173323844,
1.752,-0.0060136020,
1.75225,0.0056691044,
1.7525,0.0200553425,
1.75275,0.0113058910,
1.753,-0.0083848098,
1.75325,0.0061374642,
1.7535,0.0178810563,
1.75375,-0.0094613750,
1.754,-0.0181699041,
1.75425,0.0011591046,
1.7545,-0.0002658364,
1.75475,-0.0188458450,
1.755,-0.0146781132,
1.75525,0.0034357673,
1.7555,0.0015426549,
1.75575,-0.0151464539,
1.756,-0.0084501915,
1.75625,0.0161576513,
1.7565,-0.0098153567,
1.75675,-0.0174358692,
1.757,-0.0063152709,
1.75725,-0.0128867347,
1.7575,-0.0269723274,
1.75775,-0.0206284802,
1.758,-0.0048408159,
1.75825,0.0056061987,
1.7585,-0.0066205505,
1.75875,0.0042794948,
1.759,0.0087940609,
1.75925,-0.0126302801,
1.7595,-0.0244737044,
1.75975,-0.0236085430,
1.76,-0.0266838223,
1.76025,-0.0322415680,
1.7605,-0.0270251017,
1.76075,-0.0127237644,
1.761,-0.0056583937,
1.76125,-0.0141319409,
1.7615,-0.0094021456,
1.76175,-0.0098794429,
1.762,-0.0165719502,
1.76225,-0.0258526299,
1.7625,-0.0212736987,
1.76275,-0.0137810353,
1.763,-0.0149143152,
1.76325,-0.0120042544,
1.7635,0.0003611218,
1.76375,0.0024024609,
1.764,0.0033024603,
1.76425,0.0166587569,
1.7645,0.0156928860,
1.76475,0.0088979173,
1.765,0.0062232283,
1.76525,-0.0035420251,
1.7655,-0.0111682164,
1.76575,-0.0227565225,
1.766,-0.0116653834,
1.76625,0.0042893114,
1.7665,0.0073987567,
1.76675,0.0164527558,
1.767,0.0333312005,
1.76725,0.0344235711,
1.7675,0.0126146786,
1.76775,0.0092297187,
1.768,0.0013472424,
1.76825,-0.0085748956,
1.7685,-0.0159316231,
1.76875,0.0051057953,
1.769,0.0181062799,
1.76925,0.0143834222,
1.7695,0.0163615476,
1.76975,0.0356916264,
1.77,0.0296156518,
1.77025,0.0176750608,
1.7705,0.0139863407,
1.77075,0.0098167034,
1.771,-0.0029198611,
1.77125,-0.0089605702,
1.7715,0.0035953517,
1.77175,0.0201277528,
1.772,0.0187697280,
1.77225,0.0135936635,
1.7725,0.0187623352,
1.77275,0.0139393713,
1.773,0.0012755231,
1.77325,-0.0031767527,
1.7735,0.0049996926,
1.77375,0.0063420851,
1.774,0.0099654645,
1.77425,0.0027708388,
1.7745,0.0197794009,
1.77475,0.0260090902,
1.775,0.0204629749,
1.77525,0.0004099452,
1.7755,0.0137292882,
1.77575,0.0168398116,
1.776,0.0007468702,
1.77625,-0.0036052070,
1.7765,0.0229170453,
1.77675,0.0280439090,
1.777,0.0070795687,
1.77725,0.0056851474,
1.7775,0.0182078984,
1.77775,0.0193294287,
1.778,0.0001442858,
1.77825,-0.0051040631,
1.7785,0.0038249602,
1.77875,-0.0089580789,
1.779,-0.0137020610,
1.77925,-0.0158083960,
1.7795,0.0027445660,
1.77975,-0.0002360147,
1.78,-0.0030085843,
1.78025,-0.0090145115,
1.7805,-0.0066529238,
1.78075,-0.0211184695,
1.781,-0.0192315876,
1.78125,-0.0174078606,
1.7815,-0.0152881369,
1.78175,-0.0127090691,
1.782,0.0013066317,
1.78225,0.0057710032,
1.7825,0.0098083029,
1.78275,0.0063686045,
1.783,0.0037187785,
1.78325,-0.0003709760,
1.7835,-0.0133064259,
1.78375,-0.0099585848,
1.784,-0.0171867590,
1.78425,-0.0117486771,
1.7845,-0.0064552287,
1.78475,0.0042214701,
1.785,-0.0042781075,
1.78525,-0.0034328620,
1.7855,0.0085419863,
1.78575,-0.0007939415,
1.786,-0.0112556387,
1.78625,-0.0100012356,
1.7865,0.0080728745,
1.78675,-0.0099060694,
1.787,-0.0282108132,
1.78725,0.0005086320,
1.7875,0.0096663758,
1.78775,-0.0085899923,
1.788,-0.0103528425,
1.78825,0.0177662559,
1.7885,0.0149830095,
1.78875,-0.0005115412,
1.789,-0.0033261443,
1.78925,0.0175994951,
1.7895,0.0051746126,
1.78975,-0.0157229155,
1.79,0.0026829508,
1.79025,0.0148515133,
1.7905,-0.0091035450,
1.79075,-0.0124378456,
1.791,0.0145079475,
1.79125,0.0136728678,
1.7915,-0.0016388005,
1.79175,0.0031850263,
1.792,0.0228764862,
1.79225,0.0174749829,
1.7925,-0.0051749526,
1.79275,0.0026948047,
1.793,0.0101602813,
1.79325,0.0022698669,
1.7935,-0.0156919565,
1.79375,-0.0013801798,
1.794,0.0049487529,
1.79425,0.0143094212,
1.7945,0.0042455774,
1.79475,0.0159538481,
1.795,0.0236511417,
1.79525,0.0188404918,
1.7955,0.0072353664,
1.79575,0.0074234325,
1.796,0.0010441386,
1.79625,-0.0035322416,
1.7965,-0.0079334071,
1.79675,-0.0089555681,
1.797,0.0023755685,
1.79725,0.0101773897,
1.7975,0.0183552653,
1.79775,0.0208901260,
1.798,0.0199122373,
1.79825,0.0195918493,
1.7985,0.0067318026,
1.79875,-0.0066929301,
1.799,-0.0104774917,
1.79925,-0.0057616960,
1.7995,-0.0119122323,
1.79975,-0.0110531496,
1.8,0.0028438822,
1.80025,0.0114447195,
1.8005,0.0175641440,
1.80075,0.0104857329,
1.801,0.0158355925,
1.80125,0.0011449830,
1.8015,-0.0090236738,
1.80175,-0.0151037462,
1.802,-0.0092111258,
1.80225,-0.0178860798,
1.8025,-0.0060125533,
1.80275,0.0114521440,
1.803,0.0119145941,
1.80325,0.0068009794,
1.8035,0.0051535224,
1.80375,0.0012781088,
1.804,-0.0207417682,
1.80425,-0.0257837232,
1.8045,-0.0191936754,
1.80475,-0.0104345428,
1.805,-0.0148387812,
1.80525,-0.0088910367,
1.8055,0.0020744705,
1.80575,-0.0021194611,
1.806,-0.0184917040,
1.80625,-0.0234196857,
1.8065,-0.0074834889,
1.80675,-0.0211844705,
1.807,-0.0226163492,
1.80725,-0.0111437691,
1.8075,0.0007192332,
1.80775,-0.0015629298,
1.808,-0.0150427632,
1.80825,-0.0079504801,
1.8085,0.0030467098,
1.80875,-0.0023079147,
1.809,-0.0185335390,
1.80925,-0.0043584830,
1.8095,0.0076256371,
1.80975,-0.0074713985,
1.81,-0.0225302279,
1.81025,-0.0058322456,
1.8105,0.0053604878,
1.81075,-0.0083947228,
1.811,-0.0154593317,
1.81125,0.0024394067,
1.8115,0.0006255619,
1.81175,-0.0188966636,
1.812,-0.0229811016,
1.81225,-0.0128189512,
1.8125,-0.0073597166,
1.81275,-0.0103533268,
1.813,-0.0080547277,
1.81325,0.0093490696,
1.8135,0.0106166434,
1.81375,-0.0028952796,
1.814,-0.0058189360,
1.81425,-0.0070897955,
1.8145,-0.0145388013,
1.81475,-0.0133576542,
1.815,-0.0105830012,
1.81525,-0.0018880971,
1.8155,0.0047118147,
1.81575,0.0026878328,
1.816,0.0028131574,
1.81625,0.0023384695,
1.8165,-0.0019667330,
1.81675,-0.0079877051,
1.817,-0.0109497262,
1.81725,-0.0119670648,
1.8175,-0.0016681370,
1.81775,-0.0058430657,
1.818,-0.0016606960,
1.81825,0.0065599247,
1.8185,0.0087101068,
1.81875,0.0038863558,
1.819,0.0028729092,
1.81925,0.0107750986,
1.8195,0.0152987335,
1.81975,0.0046006506,
1.82,0.0020029501,
1.82025,0.0171035770,
1.8205,0.0120419431,
1.82075,-0.0075609977,
1.821,0.0063939490,
1.82125,0.0211245529,
1.8215,0.0109608006,
1.82175,-0.0021853978,
1.822,0.0141894436,
1.82225,0.0232766643,
1.8225,0.0024039424,
1.82275,-0.0100271683,
1.823,0.0101789590,
1.82325,0.0150662577,
1.8235,-0.0119175930,
1.82375,-0.0114393886,
1.824,0.0085740983,
1.82425,0.0027064851,
1.8245,-0.0112436982,
1.82475,0.0018095125,
1.825,0.0203017443,
1.82525,0.0101621030,
1.8255,-0.0050388221,
1.82575,0.0120731331,
1.826,0.0219744463,
1.82625,-0.0010272420,
1.8265,-0.0084993467,
1.82675,0.0115747759,
1.827,0.0104021514,
1.82725,0.0055649439,
1.8275,0.0049558957,
1.82775,0.0264781378,
1.828,0.0250016451,
1.82825,0.0119691603,
1.8285,-0.0008356314,
1.82875,0.0080707343,
1.829,-0.0067351549,
1.82925,-0.0213125162,
1.8295,-0.0128461532,
1.82975,0.0039597601,
1.83,0.0030716704,
1.83025,0.0018399430,
1.8305,0.0079526827,
1.83075,0.0150531847,
1.831,0.0064596445,
1.83125,0.0001285314,
1.8315,-0.0000156415,
1.83175,-0.0011006279,
1.832,-0.0139609054,
1.83225,-0.0129439076,
1.8325,-0.0076480815,
1.83275,-0.0080968058,
1.833,0.0032513058,
1.83325,0.0132746417,
1.8335,0.0163322147,
1.83375,0.0229435116,
1.834,0.0177916437,
1.83425,0.0100761838,
1.8345,-0.0055708829,
1.83475,-0.0218054913,
1.835,-0.0348111354,
1.83525,-0.0418555140,
1.8355,-0.0280998610,
1.83575,-0.0117455702,
1.836,-0.0055447016,
1.83625,0.0093209380,
1.8365,0.0276955441,
1.83675,0.0122908223,
1.837,0.0085243927,
1.83725,-0.0115903551,
1.8375,-0.0092652254,
1.83775,-0.0396965817,
1.838,-0.0292788092,
1.83825,-0.0169170350,
1.8385,0.0042719357,
1.83875,0.0016853167,
1.839,0.0150726931,
1.83925,0.0096109463,
1.8395,0.0081252791,
1.83975,-0.0124543542,
1.84,-0.0289121605,
1.84025,-0.0168879163,
1.8405,-0.0155880256,
1.84075,-0.0195173956,
1.841,-0.0151279122,
1.84125,-0.0010417288,
1.8415,0.0061978824,
1.84175,-0.0014127592,
1.842,-0.0106862662,
1.84225,-0.0008828704,
1.8425,0.0019196779,
1.84275,-0.0222223438,
1.843,-0.0194957107,
1.84325,0.0028262681,
1.8435,0.0090188179,
1.84375,-0.0053194906,
1.844,0.0074223485,
1.84425,0.0287937373,
1.8445,0.0217943676,
1.84475,-0.0078965528,
1.845,0.0051995907,
1.84525,0.0173752978,
1.8455,-0.0033180802,
1.84575,-0.0109315757,
1.846,0.0135114146,
1.84625,0.0212817155,
1.8465,0.0183685832,
1.84675,0.0137316715,
1.847,0.0226625782,
1.84725,0.0239021331,
1.8475,-0.0020453276,
1.84775,-0.0025912756,
1.848,0.0060948301,
1.84825,-0.0017573226,
1.8485,-0.0030048485,
1.84875,0.0126438178,
1.849,0.0169347059,
1.84925,0.0189961288,
1.8495,0.0206564330,
1.84975,0.0243264269,
1.85,0.0201121680,
1.85025,0.0077278735,
1.8505,0.0069492403,
1.85075,0.0054314970,
1.851,-0.0017031636,
1.85125,0.0069942670,
1.8515,0.0195420273,
1.85175,0.0203356240,
1.852,0.0200354699,
1.85225,0.0300969854,
1.8525,0.0333603285,
1.85275,0.0171442814,
1.853,0.0099822301,
1.85325,0.0279449765,
1.8535,0.0213253871,
1.85375,-0.0002834812,
1.854,0.0125275459,
1.85425,0.0233169161,
1.8545,0.0098917019,
1.85475,0.0007345984,
1.855,0.0290369224,
1.85525,0.0280944090,
1.8555,0.0091671534,
1.85575,0.0072808033,
1.856,0.0331617855,
1.85625,0.0189984199,
1.8565,-0.0045314902,
1.85675,0.0036813603,
1.857,0.0188887473,
1.85725,-0.0011561381,
1.8575,-0.0206271335,
1.85775,0.0062904814,
1.858,0.0217217933,
1.85825,-0.0019414714,
1.8585,-0.0090002203,
1.85875,0.0147256926,
1.859,0.0128467865,
1.85925,-0.0176867042,
1.8595,-0.0198456496,
1.85975,0.0023632539,
1.86,-0.0039265323,
1.86025,-0.0195490029,
1.8605,-0.0086991629,
1.86075,0.0094385277,
1.861,0.0072183139,
1.86125,-0.0087530529,
1.8615,-0.0005813833,
1.86175,-0.0014810479,
1.862,-0.0159975532,
1.86225,-0.0259794407,
1.8625,-0.0190868806,
1.86275,-0.0049953535,
1.863,-0.0125712752,
1.86325,-0.0114022093,
1.8635,0.0001264432,
1.86375,-0.0024818294,
1.864,-0.0182040930,
1.86425,-0.0156104397,
1.8645,-0.0120838713,
1.86475,-0.0197352991,
1.865,-0.0280596353,
1.86525,-0.0296668150,
1.8655,-0.0207271259,
1.86575,-0.0224475916,
1.866,-0.0168360807,
1.86625,0.0002582086,
1.8665,0.0073154173,
1.86675,0.0026371409,
1.867,0.0022151757,
1.86725,-0.0002848346,
1.8675,-0.0071859984,
1.86775,-0.0218194574,
1.868,-0.0213346835,
1.86825,-0.0266428944,
1.8685,-0.0251330435,
1.86875,-0.0199589506,
1.869,-0.0016231601,
1.86925,0.0080036279,
1.8695,0.0173116401,
1.86975,0.0234158728,
1.87,0.0149596483,
1.87025,0.0038084250,
1.8705,-0.0090468284,
1.87075,-0.0193357021,
1.871,-0.0286939144,
1.87125,-0.0224587508,
1.8715,-0.0025035557,
1.87175,-0.0009182423,
1.872,0.0123113599,
1.87225,0.0154165179,
1.8725,0.0147511391,
1.87275,-0.0086685158,
1.873,-0.0155594163,
1.87325,-0.0140751014,
1.8735,-0.0086623579,
1.87375,-0.0138137285,
1.874,-0.0008093993,
1.87425,0.0156357773,
1.8745,0.0127027910,
1.87475,0.0008606507,
1.875,-0.0011300484,
1.87525,0.0010398716,
1.8755,0.0037440374,
1.87575,-0.0031244510,
1.876,-0.0026144255,
1.87625,0.0113325603,
1.8765,0.0216424633,
1.87675,0.0000061735,
1.877,-0.0013565099,
1.87725,0.0189517923,
1.8775,0.0168883801,
1.87775,-0.0043070908,
1.878,-0.0018650843,
1.87825,0.0210152119,
1.8785,0.0107324775,
1.87875,-0.0225559846,
1.879,-0.0060334220,
1.87925,0.0168727171,
1.8795,0.0095366258,
1.87975,-0.0015154270,
1.88,0.0178873278,
1.88025,0.0266165696,
1.8805,0.0034323230,
1.88075,-0.0173528567,
1.881,-0.0045540892,
1.88125,0.0089267194,
1.8815,-0.0078033446,
1.88175,0.0014029369,
1.882,0.0253335293,
1.88225,0.0189451333,
1.8825,0.0129911350,
1.88275,0.0141329411,
1.883,0.0110680833,
1.88325,-0.0059139058,
1.8835,-0.0163937472,
1.88375,0.0017041054,
1.884,0.0047714598,
1.88425,-0.0050409893,
1.8845,0.0106900856,
1.88475,0.0192016121,
1.885,0.0010092078,
1.88525,-0.0118644154,
1.8855,-0.0022731842,
1.88575,0.0017826513,
1.886,-0.0154157113,
1.88625,-0.0204115286,
1.8865,0.0014449568,
1.88675,-0.0009960635,
1.887,-0.0224114992,
1.88725,-0.0066030314,
1.8875,0.0111449054,
1.88775,0.0007339951,
1.888,-0.0104550887,
1.88825,0.0021668794,
1.8885,0.0028861561,
1.88875,-0.0199010484,
1.889,-0.0223486535,
1.88925,-0.0039736945,
1.8895,-0.0145550929,
1.88975,-0.0270894766,
1.89,-0.0026623714,
1.89025,0.0048961984,
1.8905,-0.0163243227,
1.89075,-0.0201471318,
1.891,-0.0067419438,
1.89125,-0.0091077248,
1.8915,-0.0380050093,
1.89175,-0.0309590027,
1.892,-0.0056594773,
1.89225,-0.0189676806,
1.8925,-0.0384276882,
1.89275,-0.0173583832,
1.893,-0.0002463315,
1.89325,-0.0213633943,
1.8935,-0.0279145427,
1.89375,-0.0095196040,
1.894,-0.0031276876,
1.89425,-0.0274383482,
1.8945,-0.0236153621,
1.89475,0.0018632668,
1.895,-0.0036806914,
1.89525,-0.0214121938,
1.8955,-0.0101610031,
1.89575,-0.0016601740,
1.896,-0.0095476899,
1.89625,-0.0209872685,
1.8965,-0.0122952368,
1.89675,0.0032346151,
1.897,-0.0103804320,
1.89725,-0.0184707455,
1.8975,-0.0031783665,
1.89775,0.0013736403,
1.898,-0.0079120519,
1.89825,-0.0043788222,
1.8985,0.0003783595,
1.89875,-0.0033936920,
1.899,-0.0124944607,
1.89925,-0.0118502975,
1.8995,-0.0004452230,
1.89975,0.0037725372,
1.9,0.0060030827,
1.90025,0.0166201014,
1.9005,0.0177332535,
1.90075,0.0139040370,
1.901,0.0112015195,
1.90125,0.0077564251,
1.9015,0.0013883527,
1.90175,-0.0079328967,
1.902,0.0008889228,
1.90225,0.0048504327,
1.9025,0.0064452738,
1.90275,0.0105460081,
1.903,0.0211086292,
1.90325,0.0207102448,
1.9035,0.0058383364,
1.90375,0.0044953716,
1.904,-0.0043035513,
1.90425,-0.0114713628,
1.9045,-0.0144457929,
1.90475,-0.0058607534,
1.905,0.0078071896,
1.90525,0.0159738194,
1.9055,0.0215926208,
1.90575,0.0171571355,
1.906,0.0123848021,
1.90625,0.0029925709,
1.9065,-0.0039049331,
1.90675,-0.0101020541,
1.907,-0.0055178064,
1.90725,0.0007674891,
1.9075,0.0104933744,
1.90775,0.0086845774,
1.908,0.0114983059,
1.90825,0.0100139761,
1.9085,0.0096383533,
1.90875,-0.0028109346,
1.909,-0.0063758246,
1.90925,-0.0061413981,
1.9095,0.0001202709,
1.90975,0.0031768708,
1.91,-0.0010193123,
1.91025,0.0060032913,
1.9105,0.0101685766,
1.91075,0.0074958429,
1.911,-0.0084801428,
1.91125,0.0014811954,
1.9115,0.0118562691,
1.91175,0.0017746036,
1.912,-0.0164959636,
1.91225,-0.0023248312,
1.9125,0.0100711249,
1.91275,-0.0155417360,
1.913,-0.0122436881,
1.91325,0.0188701637,
1.9135,0.0225662794,
1.91375,-0.0033020955,
1.914,0.0052934112,
1.91425,0.0134273795,
1.9145,0.0014394220,
1.91475,-0.0252627376,
1.915,-0.0117874872,
1.91525,0.0051960358,
1.9155,-0.0110779349,
1.91575,-0.0127697960,
1.916,0.0039803395,
1.91625,-0.0079091843,
1.9165,-0.0331781209,
1.91675,-0.0150481537,
1.917,0.0009410540,
1.91725,-0.0160254892,
1.9175,-0.0334971063,
1.91775,-0.0083143320,
1.918,0.0009418402,
1.91825,-0.0133109884,
1.9185,-0.0029044603,
1.91875,0.0117991045,
1.919,0.0234644860,
1.91925,-0.0034647842,
1.9195,0.0071200877,
1.91975,0.0149819385,
1.92,0.0110557135,
1.92025,-0.0128869265,
1.9205,-0.0075365426,
1.92075,0.0083835665,
1.921,0.0011123641,
1.92125,-0.0106696151,
1.9215,0.0010340665,
1.92175,0.0120896613,
1.922,-0.0080429204,
1.92225,-0.0053965813,
1.9225,0.0037340894,
1.92275,-0.0019025041,
1.923,-0.0091790482,
1.92325,-0.0001410268,
1.9235,-0.0036821919,
1.92375,-0.0104192011,
1.924,-0.0123904170,
1.92425,-0.0065952889,
1.9245,-0.0002327819,
1.92475,-0.0108955158,
1.925,0.0051963432,
1.92525,0.0171050970,
1.9255,0.0120022390,
1.92575,0.0107478360,
1.926,0.0275182016,
1.92625,0.0263050459,
1.9265,0.0087906634,
1.92675,0.0042371172,
1.927,0.0063319700,
1.92725,0.0016804127,
1.9275,-0.0105432244,
1.92775,0.0102517186,
1.928,0.0258627087,
1.92825,0.0166889783,
1.9285,0.0075553828,
1.92875,0.0177311338,
1.929,0.0042245598,
1.92925,-0.0128934551,
1.9295,-0.0116637954,
1.92975,-0.0045594522,
1.93,-0.0015344466,
1.93025,-0.0070183403,
1.9305,0.0067270203,
1.93075,0.0218379274,
1.931,0.0128902849,
1.93125,0.0010559454,
1.9315,0.0097506577,
1.93175,0.0050523481,
1.932,-0.0064690318,
1.93225,-0.0030692560,
1.9325,0.0062596588,
1.93275,0.0076196739,
1.933,0.0043939813,
1.93325,0.0107257124,
1.9335,0.0182346534,
1.93375,0.0144198555,
1.934,0.0155357718,
1.93425,0.0157886446,
1.9345,0.0110636223,
1.93475,-0.0011125496,
1.935,-0.0140501736,
1.93525,-0.0131177166,
1.9355,-0.0054503391,
1.93575,-0.0098684719,
1.936,0.0036971061,
1.93625,0.0169599801,
1.9365,0.0225314349,
1.93675,0.0122497128,
1.937,0.0056165624,
1.93725,0.0124118580,
1.9375,-0.0091860685,
1.93775,-0.0212784689,
1.938,-0.0202121437,
1.93825,-0.0056338632,
1.9385,-0.0047085318,
1.93875,0.0035920646,
1.939,0.0135617163,
1.93925,0.0251119751,
1.9395,0.0186771359,
1.93975,0.0145702623,
1.94,0.0100247692,
1.94025,-0.0021527621,
1.9405,-0.0128383106,
1.94075,-0.0144028245,
1.941,-0.0118447915,
1.94125,-0.0039711660,
1.9415,0.0079232883,
1.94175,0.0191233065,
1.942,0.0120415017,
1.94225,0.0059051788,
1.9425,-0.0007185625,
1.94275,-0.0019486190,
1.943,-0.0120083448,
1.94325,-0.0112282410,
1.9435,-0.0052171438,
1.94375,0.0053504659,
1.944,0.0080843875,
1.94425,0.0087916655,
1.9445,0.0153202750,
1.94475,0.0199977905,
1.945,0.0026044217,
1.94525,-0.0136988787,
1.9455,-0.0041176304,
1.94575,-0.0032544809,
1.946,-0.0100198817,
1.94625,0.0016428779,
1.9465,0.0142939519,
1.94675,0.0009887144,
1.947,-0.0090427464,
1.94725,-0.0005467119,
1.9475,-0.0027648520,
1.94775,-0.0221719053,
1.948,-0.0235513709,
1.94825,-0.0070865913,
1.9485,-0.0190153252,
1.94875,-0.0310704634,
1.949,-0.0151505694,
1.94925,0.0049532480,
1.9495,-0.0157710873,
1.94975,-0.0206078608,
1.95,-0.0006001506,
1.95025,0.0008569050,
1.9505,-0.0250031259,
1.95075,-0.0212178957,
1.951,0.0049284655,
1.95125,-0.0058814008,
1.9515,-0.0212244801,
1.95175,0.0010746174,
1.952,0.0141519215,
1.95225,-0.0019597164,
1.9525,-0.0085220002,
1.95275,0.0085051414,
1.953,0.0042338660,
1.95325,-0.0221941415,
1.9535,-0.0227948744,
1.95375,-0.0092931259,
1.954,-0.0111999186,
1.95425,-0.0188652501,
1.9545,-0.0033383835,
1.95475,0.0150820594,
1.955,0.0101832524,
1.95525,0.0032170245,
1.9555,0.0088554360,
1.95575,0.0154770808,
1.956,-0.0066437405,
1.95625,-0.0074966103,
1.9565,-0.0004797670,
1.95675,-0.0047712177,
1.957,-0.0044959253,
1.95725,0.0047805640,
1.9575,0.0145210000,
1.95775,0.0156891700,
1.958,0.0165077914,
1.95825,0.0202970561,
1.9585,0.0144992406,
1.95875,0.0056087570,
1.959,0.0075108516,
1.95925,0.0084674088,
1.9595,-0.0055908253,
1.95975,-0.0056744129,
1.96,0.0011699047,
1.96025,-0.0003295539,
1.9605,-0.0018500595,
1.96075,0.0108304694,
1.961,0.0207071584,
1.96125,0.0179310087,
1.9615,0.0054384554,
1.96175,0.0090083415,
1.962,0.0113757048,
1.96225,-0.0077526402,
1.9625,-0.0044575757,
1.96275,0.0095241237,
1.963,0.0066878740,
1.96325,-0.0008501565,
1.9635,0.0055120625,
1.96375,0.0075575206,
1.964,0.0085494118,
1.96425,-0.0111457836,
1.9645,-0.0036388803,
1.96475,0.0076796226,
1.965,-0.0063402024,
1.96525,-0.0129827308,
1.9655,0.0016285661,
1.96575,0.0032386195,
1.966,-0.0084627308,
1.96625,-0.0080177952,
1.9665,0.0022932459,
1.96675,0.0071179904,
1.967,-0.0029289578,
1.96725,0.0047198283,
1.9675,0.0083474834,
1.96775,-0.0068109338,
1.968,-0.0193329174,
1.96825,-0.0185642559,
1.9685,-0.0185663514,
1.96875,-0.0274468325,
1.969,-0.0267356783,
1.96925,-0.0054557938,
1.9695,0.0015002060,
1.96975,-0.0007912814,
1.97,0.0015346712,
1.97025,0.0149092991,
1.9705,0.0016404178,
1.97075,-0.0225072429,
1.971,-0.0246643350,
1.97125,-0.0208631698,
1.9715,-0.0323641077,
1.97175,-0.0334157012,
1.972,-0.0135578848,
1.97225,0.0049200105,
1.9725,0.0029464476,
1.97275,0.0044434080,
1.973,0.0095544625,
1.97325,0.0024859472,
1.9735,-0.0189018995,
1.97375,-0.0316440761,
1.974,-0.0170373097,
1.97425,-0.0221179612,
1.9745,-0.0143651664,
1.97475,-0.0008663418,
1.975,0.0122732911,
1.97525,0.0020470328,
1.9755,-0.0061217323,
1.97575,-0.0087411562,
1.976,-0.0084898965,
1.97625,-0.0311661065,
1.9765,-0.0256403126,
1.97675,-0.0041203820,
1.977,0.0031676581,
1.97725,-0.0080206227,
1.9775,-0.0011653824,
1.97775,0.0029803263,
1.978,0.0025390415,
1.97825,-0.0067790039,
1.9785,-0.0039659361,
1.97875,0.0061930292,
1.979,0.0001004650,
1.97925,0.0006478001,
1.9795,0.0128479898,
1.97975,0.0113729192,
1.98,0.0033625041,
1.98025,0.0107531389,
1.9805,0.0157896504,
1.98075,0.0086832177,
1.981,0.0056392555,
1.98125,0.0136075029,
1.9815,0.0067173131,
1.98175,-0.0062865233,
1.982,0.0023148293,
1.98225,0.0210281312,
1.9825,0.0164194424,
1.98275,0.0103780674,
1.983,0.0315207429,
1.98325,0.0318895355,
1.9835,0.0037964981,
1.98375,-0.0066398247,
1.984,0.0118869189,
1.98425,0.0045264508,
1.9845,-0.0108917784,
1.98475,0.0026962752,
1.985,0.0271562040,
1.98525,0.0101788137,
1.9855,0.0025874577,
1.98575,0.0202648249,
1.986,0.0217270683,
1.98625,0.0002962532,
1.9865,0.0015081724,
1.98675,0.0227254424,
1.987,0.0098071769,
1.98725,0.0018747540,
1.9875,0.0134588489,
1.98775,0.0273031667,
1.988,0.0120572019,
1.98825,0.0042366846,
1.9885,0.0173192620,
1.98875,0.0171734374,
1.989,0.0021384154,
1.98925,0.0016613986,
1.9895,0.0181981903,
1.98975,0.0103702918,
1.99,-0.0027338685,
1.99025,0.0056593185,
1.9905,0.0092926268,
1.99075,0.0046815965,
1.991,0.0025997353,
1.99125,0.0034069107,
1.9915,0.0095502222,
1.99175,0.0015702255,
1.992,-0.0000938759,
1.99225,0.0036111881,
1.9925,-0.0009894430,
1.99275,-0.0034585707,
1.993,-0.0026830253,
1.99325,-0.0011370636,
1.9935,-0.0081093367,
1.99375,-0.0034813399,
1.994,-0.0023258312,
1.99425,0.0008885186,
1.9945,0.0013312760,
1.99475,0.0082935523,
1.995,0.0128467157,
1.99525,-0.0031344569,
1.9955,0.0011116714,
1.99575,0.0058316924,
1.996,-0.0024367028,
1.99625,-0.0116249025,
1.9965,0.0027079252,
1.99675,0.0068885782,
1.997,-0.0016062355,
1.99725,-0.0030808155,
1.9975,0.0081207920,
1.99775,0.0128081795,
1.998,-0.0043638786,
1.99825,-0.0061639249,
1.9985,0.0056292992,
1.99875,-0.0052474076,
1.999,-0.0161842611,
1.99925,-0.0058827600,
1.9995,0.0010304424,
1.99975,-0.0029432403,
2,-0.0058077113,
2.00025,0.0049251639,
2.0005,0.0106620602,
2.00075,-0.0043856837,
2.001,-0.0128893666,
2.00125,-0.0056354958,
2.0015,-0.0133965611,
2.00175,-0.0190985240,
2.002,-0.0175840817,
2.00225,-0.0018422304,
2.0025,0.0070863427,
2.00275,0.0078873206,
2.003,0.0168609489,
2.00325,0.0301568229,
2.0035,0.0218639486,
2.00375,0.0027357023,
2.004,0.0004474135,
2.00425,-0.0010528080,
2.0045,-0.0207970478,
2.00475,-0.0266083479,
2.005,-0.0135995317,
2.00525,-0.0065412419,
2.0055,-0.0101869693,
2.00575,0.0031357326,
2.006,0.0232292823,
2.00625,0.0183086172,
2.0065,0.0040013725,
2.00675,0.0030647097,
2.007,-0.0030822735,
2.00725,-0.0218267366,
2.0075,-0.0329028890,
2.00775,-0.0009550311,
2.008,0.0038392926,
2.00825,0.0003575160,
2.0085,0.0040046321,
2.00875,0.0192367211,
2.009,0.0110173402,
2.00925,-0.0062230658,
2.0095,-0.0083737448,
2.00975,0.0018583550,
2.01,-0.0036840399,
2.01025,-0.0097497720,
2.0105,0.0051743379,
2.01075,0.0172943175,
2.011,0.0163924936,
2.01125,0.0029753151,
2.0115,0.0048060231,
2.01175,0.0067341663,
2.012,-0.0030531869,
2.01225,-0.0139741646,
2.0125,-0.0004907398,
2.01275,0.0111345071,
2.013,0.0053684935,
2.01325,0.0087859239,
2.0135,0.0134772351,
2.01375,0.0119938590,
2.014,0.0114655010,
2.01425,0.0077157300,
2.0145,0.0023225325,
2.01475,0.0000479403,
2.015,0.0013745244,
2.01525,0.0008239410,
2.0155,-0.0052013285,
2.01575,-0.0007806823,
2.016,0.0170060601,
2.01625,0.0138402963,
2.0165,0.0003423025,
2.01675,0.0105636520,
2.017,0.0149699170,
2.01725,-0.0039018409,
2.0175,-0.0114811594,
2.01775,0.0037894007,
2.018,0.0083870674,
2.01825,-0.0062031527,
2.0185,-0.0020147949,
2.01875,0.0239458121,
2.019,0.0130947540,
2.01925,-0.0027773101,
2.0195,0.0160561651,
2.01975,0.0233701915,
2.02,-0.0013333855,
2.02025,-0.0120466314,
2.0205,0.0112052169,
2.02075,0.0075827017,
2.021,-0.0050712721,
2.02125,0.0020460708,
2.0215,0.0247429311,
2.02175,0.0151587315,
2.022,-0.0024921985,
2.02225,0.0065515726,
2.0225,0.0105404435,
2.02275,-0.0045117233,
2.023,-0.0170182604,
2.02325,-0.0048030657,
2.0235,-0.0046390905,
2.02375,-0.0204921905,
2.024,-0.0212891847,
2.02425,-0.0117967930,
2.0245,-0.0126685258,
2.02475,-0.0136176022,
2.025,-0.0155918198,
2.02525,-0.0028640945,
2.0255,-0.0124711953,
2.02575,-0.0116843712,
2.026,-0.0131414514,
2.02625,-0.0103041660,
2.0265,-0.0180502087,
2.02675,-0.0159861352,
2.027,-0.0175535306,
2.02725,-0.0152662946,
2.0275,-0.0176223330,
2.02775,-0.0093553849,
2.028,-0.0025486122,
2.02825,-0.0072566327,
2.0285,-0.0055204560,
2.02875,-0.0022698187,
2.029,-0.0135156317,
2.02925,-0.0114443209,
2.0295,-0.0088468147,
2.02975,-0.0020617691,
2.03,-0.0113146137,
2.03025,-0.0088840285,
2.0305,-0.0028909114,
2.03075,-0.0084722117,
2.031,-0.0112373000,
2.03125,-0.0093225036,
2.0315,-0.0050588162,
2.03175,-0.0182993915,
2.032,-0.0221476797,
2.03225,-0.0159249976,
2.0325,-0.0097217709,
2.03275,-0.0191029757,
2.033,-0.0105672190,
2.03325,0.0007911224,
2.0335,-0.0007515475,
2.03375,-0.0119258417,
2.034,-0.0059537925,
2.03425,-0.0008215816,
2.0345,-0.0056548580,
2.03475,-0.0143243354,
2.035,-0.0035273796,
2.03525,-0.0026193119,
2.0355,-0.0025685995,
2.03575,0.0027387359,
2.036,0.0146043263,
2.03625,0.0232435875,
2.0365,0.0179942027,
2.03675,0.0128315222,
2.037,0.0148619283,
2.03725,0.0082213953,
2.0375,-0.0074432064,
2.03775,-0.0177275091,
2.038,-0.0053383559,
2.03825,-0.0074614026,
2.0385,-0.0088675069,
2.03875,0.0003305971,
2.039,0.0268328190,
2.03925,0.0248685461,
2.0395,0.0179873370,
2.03975,0.0166177675,
2.04,0.0214555040,
2.04025,-0.0023960331,
2.0405,-0.0240879394,
2.04075,-0.0094973817,
2.041,0.0043477803,
2.04125,-0.0036967285,
2.0415,0.0063595744,
2.04175,0.0328029767,
2.042,0.0337515399,
2.04225,0.0091324057,
2.0425,0.0023797620,
2.04275,0.0095367599,
2.043,-0.0037297339,
2.04325,-0.0127431899,
2.0435,0.0022891464,
2.04375,0.0252574030,
2.044,0.0102929883,
2.04425,0.0080798306,
2.0445,0.0152472705,
2.04475,0.0150548397,
2.045,-0.0034470558,
2.04525,-0.0046628090,
2.0455,0.0097504044,
2.04575,0.0158014949,
2.046,-0.0005745227,
2.04625,0.0017672023,
2.0465,0.0166338645,
2.04675,0.0114408657,
2.047,-0.0029835613,
2.04725,0.0062569315,
2.0475,0.0083654672,
2.04775,-0.0027412795,
2.048,-0.0044186404,
2.04825,-0.0102358302,
2.0485,-0.0055017094,
2.04875,-0.0141826887,
2.049,-0.0117485374,
2.04925,-0.0104036722,
2.0495,-0.0099957082,
2.04975,-0.0103377262,
2.05,0.0037315884,
2.05025,-0.0186661649,
2.0505,-0.0265392829,
2.05075,-0.0097641740,
2.051,-0.0144834016,
2.05125,-0.0252910554,
2.0515,-0.0109234871,
2.05175,0.0140751321,
2.052,0.0068673985,
2.05225,-0.0096079893,
2.0525,-0.0015342163,
2.05275,0.0071188179,
2.053,-0.0192843676,
2.05325,-0.0281926915,
2.0535,0.0013775112,
2.05375,0.0038768000,
2.054,-0.0180062484,
2.05425,-0.0000652167,
2.0545,0.0171756316,
2.05475,0.0001252188,
2.055,-0.0144515820,
2.05525,-0.0012707583,
2.0555,0.0035433928,
2.05575,-0.0187729131,
2.056,-0.0294301007,
2.05625,-0.0016415704,
2.0565,0.0026291856,
2.05675,-0.0200537499,
2.057,-0.0066354284,
2.05725,0.0185759868,
2.0575,0.0080532813,
2.05775,-0.0002437045,
2.058,0.0124171013,
2.05825,0.0224579126,
2.0585,0.0059651309,
2.05875,-0.0068540368,
2.059,0.0080038719,
2.05925,0.0097460616,
2.0595,-0.0018011951,
2.05975,0.0003645363,
2.06,0.0100266328,
2.06025,0.0080140792,
2.0605,0.0039293594,
2.06075,0.0041237576,
2.061,0.0032822178,
2.06125,0.0014143016,
2.0615,-0.0046715005,
2.06175,-0.0057266755,
2.062,-0.0062292418,
2.06225,-0.0060642799,
2.0625,-0.0057006204,
2.06275,-0.0040663178,
2.063,-0.0027789080,
2.06325,-0.0002884789,
2.0635,0.0005261927,
2.06375,0.0032788480,
2.064,0.0022823212,
2.06425,0.0126045179,
2.0645,0.0138879344,
2.06475,0.0128453961,
2.065,0.0117461272,
2.06525,0.0195797272,
2.0655,0.0112051088,
2.06575,0.0096135139,
2.066,0.0081193978,
2.06625,0.0184361506,
2.0665,0.0193748623,
2.06675,0.0134528475,
2.067,0.0191558264,
2.06725,0.0258040987,
2.0675,0.0150842415,
2.06775,0.0024583274,
2.068,0.0097377859,
2.06825,0.0041540284,
2.0685,-0.0077285478,
2.06875,-0.0077198744,
2.069,0.0120379860,
2.06925,0.0083155623,
2.0695,0.0145744849,
2.06975,0.0214983355,
2.07,0.0253663287,
2.07025,0.0117448289,
2.0705,0.0053519923,
2.07075,0.0044749919,
2.071,0.0007467935,
2.07125,-0.0010633691,
2.0715,0.0000362412,
2.07175,0.0157109387,
2.072,0.0171593912,
2.07225,0.0246673673,
2.0725,0.0208678395,
2.07275,0.0248689316,
2.073,0.0149037046,
2.07325,0.0022306382,
2.0735,-0.0119063165,
2.07375,-0.0158684943,
2.074,-0.0144816022,
2.07425,-0.0064163054,
2.0745,-0.0027639268,
2.07475,0.0147516262,
2.075,0.0224769767,
2.07525,0.0101332720,
2.0755,0.0010851289,
2.07575,-0.0043055848,
2.076,-0.0055495379,
2.07625,-0.0218988396,
2.0765,-0.0134078432,
2.07675,-0.0013061143,
2.077,0.0063370066,
2.07725,0.0004339844,
2.0775,0.0063753324,
2.07775,0.0076618441,
2.078,-0.0018611297,
2.07825,-0.0154702226,
2.0785,-0.0082832444,
2.07875,-0.0077987630,
2.079,-0.0088332500,
2.07925,-0.0091088647,
2.0795,0.0013950004,
2.07975,0.0053491080,
2.08,-0.0061133881,
2.08025,-0.0198490433,
2.0805,-0.0035785609,
2.08075,-0.0083461711,
2.081,-0.0201960243,
2.08125,-0.0146188568,
2.0815,-0.0004543235,
2.08175,-0.0147862248,
2.082,-0.0135346027,
2.08225,-0.0125477016,
2.0825,-0.0002171319,
2.08275,-0.0024218420,
2.083,-0.0095477579,
2.08325,0.0010068499,
2.0835,-0.0128815528,
2.08375,-0.0112926420,
2.084,-0.0072523458,
2.08425,-0.0089268517,
2.0845,-0.0142770521,
2.08475,-0.0035412349,
2.085,0.0009467796,
2.08525,-0.0041986983,
2.0855,-0.0051156906,
2.08575,0.0064221667,
2.086,0.0097332206,
2.08625,-0.0121995211,
2.0865,-0.0146688148,
2.08675,0.0053527495,
2.087,-0.0032030235,
2.08725,-0.0215289108,
2.0875,0.0003994316,
2.08775,0.0137808211,
2.088,-0.0038240012,
2.08825,-0.0091730803,
2.0885,0.0120062018,
2.08875,0.0115689281,
2.089,-0.0134108309,
2.08925,-0.0087368870,
2.0895,0.0108815935,
2.08975,0.0021632507,
2.09,-0.0207333472,
2.09025,0.0023469443,
2.0905,0.0197531469,
2.09075,-0.0036219207,
2.091,-0.0150086274,
2.09125,0.0147166066,
2.0915,0.0211459845,
2.09175,-0.0078744711,
2.092,-0.0010389277,
2.09225,0.0241450109,
2.0925,0.0106667122,
2.09275,-0.0221877638,
2.093,-0.0033295669,
2.09325,0.0057107657,
2.0935,-0.0055262987,
2.09375,-0.0157387443,
2.094,0.0146775115,
2.09425,0.0186335426,
2.0945,0.0099654812,
2.09475,0.0160081536,
2.095,0.0242198184,
2.09525,0.0154541330,
2.0955,0.0029568444,
2.09575,0.0008535614,
2.096,-0.0054326742,
2.09625,-0.0153430644,
2.0965,-0.0172583144,
2.09675,-0.0091478322,
2.097,-0.0019202405,
2.09725,-0.0218525082,
2.0975,0.0009240817,
2.09775,0.0047991667,
2.098,-0.0027446740,
2.09825,-0.0047260886,
2.0985,-0.0049019838,
2.09875,-0.0204397701,
2.099,-0.0266872048,
2.09925,-0.0168798510,
2.0995,-0.0058627576,
2.09975,-0.0051181973,
2.1,0.0020068316,
2.10025,0.0119459052,
2.1005,0.0081588030,
2.10075,-0.0088563040,
2.101,-0.0181353614,
2.10125,-0.0109207053,
2.1015,-0.0179065689,
2.10175,-0.0255758278,
2.102,-0.0154837137,
2.10225,0.0057001906,
2.1025,-0.0006905905,
2.10275,-0.0053335950,
2.103,0.0138272699,
2.10325,0.0146823972,
2.1035,-0.0108907893,
2.10375,-0.0198239107,
2.104,-0.0150625175,
2.10425,-0.0219270792,
2.1045,-0.0353326984,
2.10475,-0.0278925803,
2.105,-0.0038541618,
2.10525,0.0026599006,
2.1055,-0.0000383294,
2.10575,0.0144204404,
2.106,0.0226721913,
2.10625,0.0075486531,
2.1065,-0.0129201356,
2.10675,-0.0115887439,
2.107,-0.0156964678,
2.10725,-0.0284350999,
2.1075,-0.0216937512,
2.10775,-0.0064263265,
2.108,-0.0050923917,
2.10825,-0.0002084719,
2.1085,0.0090728458,
2.10875,0.0102273049,
2.109,0.0051943185,
2.10925,-0.0000312357,
2.1095,-0.0070256256,
2.10975,-0.0203453228,
2.11,-0.0234289207,
2.11025,-0.0241165869,
2.1105,-0.0126187950,
2.11075,-0.0036245030,
2.111,0.0067063803,
2.11125,0.0081254980,
2.1115,0.0087548895,
2.11175,0.0083625792,
2.112,-0.0053426479,
2.11225,-0.0167889167,
2.1125,-0.0096579138,
2.11275,-0.0040295399,
2.113,-0.0092221852,
2.11325,0.0014570714,
2.1135,0.0132319694,
2.11375,0.0189090502,
2.114,0.0086585255,
2.11425,0.0042046141,
2.1145,0.0138735669,
2.11475,0.0084272875,
2.115,-0.0082846312,
2.11525,-0.0023747939,
2.1155,0.0122122727,
2.11575,0.0038727988,
2.116,0.0035065161,
2.11625,0.0049003083,
2.1165,0.0156564787,
2.11675,0.0018499775,
2.117,-0.0048648492,
2.11725,-0.0000489772,
2.1175,-0.0013468111,
2.11775,-0.0045760511,
2.118,-0.0020585740,
2.11825,0.0032008146,
2.1185,0.0041417833,
2.11875,0.0098100258,
2.119,0.0115445349,
2.11925,0.0102933310,
2.1195,0.0062695788,
2.11975,0.0104262019,
2.12,0.0087958965,
2.12025,-0.0000927149,
2.1205,0.0018139961,
2.12075,0.0163413286,
2.121,0.0161672421,
2.12125,0.0039023303,
2.1215,0.0144159943,
2.12175,0.0236272477,
2.122,0.0130835883,
2.12225,-0.0047763018,
2.1225,0.0091804843,
2.12275,0.0094136847,
2.123,-0.0090113543,
2.12325,-0.0133150248,
2.1235,0.0051030107,
2.12375,0.0090063941,
2.124,-0.0129071791,
2.12425,-0.0054805325,
2.1245,0.0216979180,
2.12475,0.0066181561,
2.125,-0.0181866549,
2.12525,0.0012770996,
2.1255,0.0170637276,
2.12575,-0.0095558176,
2.126,-0.0197278913,
2.12625,0.0110809589,
2.1265,0.0108802076,
2.12675,-0.0137085039,
2.127,-0.0058909254,
2.12725,0.0176860038,
2.1275,0.0094547393,
2.12775,-0.0096014272,
2.128,0.0064866310,
2.12825,0.0254590213,
2.1285,-0.0008211632,
2.12875,-0.0027749175,
2.129,0.0138552859,
2.12925,0.0069125458,
2.1295,-0.0130083868,
2.12975,-0.0107521191,
2.13,0.0060350457,
2.13025,-0.0011541131,
2.1305,-0.0064720442,
2.13075,0.0108674802,
2.131,0.0321284905,
2.13125,0.0113059785,
2.1315,0.0170448497,
2.13175,0.0158006344,
2.132,0.0076582786,
2.13225,-0.0130810738,
2.1325,-0.0030209948,
2.13275,-0.0006877524,
2.133,0.0061125113,
2.13325,0.0046321861,
2.1335,0.0223488919,
2.13375,0.0160148814,
2.134,0.0059537524,
2.13425,0.0032013829,
2.1345,0.0019578577,
2.13475,-0.0097760940,
2.135,-0.0112725068,
2.13525,-0.0101900101,
2.1355,-0.0298189912,
2.13575,-0.0179855768,
2.136,-0.0091087194,
2.13625,0.0004150009,
2.1365,0.0084782382,
2.13675,-0.0125113297,
2.137,-0.0007312241,
2.13725,0.0116704609,
2.1375,-0.0188165195,
2.13775,-0.0279570725,
2.138,-0.0163504239,
2.13825,-0.0058207572,
2.1385,-0.0132222641,
2.13875,0.0024531872,
2.139,0.0288345758,
2.13925,0.0219381005,
2.1395,0.0059286105,
2.13975,0.0054859705,
2.14,0.0058466038,
2.14025,-0.0199137479,
2.1405,-0.0296297595,
2.14075,-0.0148365228,
2.141,-0.0095782811,
2.14125,-0.0119698700,
2.1415,0.0060381237,
2.14175,0.0283541325,
2.142,0.0205685757,
2.14225,0.0103172185,
2.1425,0.0009996799,
2.14275,-0.0083901836,
2.143,-0.0227055587,
2.14325,-0.0247595981,
2.1435,-0.0093719522,
2.14375,0.0034851045,
2.144,0.0065398281,
2.14425,0.0115168979,
2.1445,0.0115369726,
2.14475,0.0103278104,
2.145,0.0030798665,
2.14525,-0.0087427329,
2.1455,0.0005896519,
2.14575,0.0060178642,
2.146,0.0036117751,
2.14625,0.0091557186,
2.1465,0.0220432039,
2.14675,0.0164078008,
2.147,0.0033163524,
2.14725,0.0023854999,
2.1475,0.0093027493,
2.14775,0.0115588326,
2.148,-0.0040059355,
2.14825,0.0113460897,
2.1485,0.0209298879,
2.14875,0.0174526200,
2.149,0.0006871427,
2.14925,0.0172666144,
2.1495,0.0207978263,
2.14975,0.0135740219,
2.15,-0.0049894247,
2.15025,0.0120203486,
2.1505,0.0133391451,
2.15075,-0.0067088078,
2.151,-0.0094885947,
2.15125,0.0067949742,
2.1515,0.0067788372,
2.15175,0.0054854858,
2.152,0.0080185831,
2.15225,0.0209220964,
2.1525,0.0134528531,
2.15275,0.0028384188,
2.153,0.0045803301,
2.15325,0.0016232613,
2.1535,-0.0029349471,
2.15375,0.0049988534,
2.154,0.0103610605,
2.15425,0.0174192581,
2.1545,0.0121773612,
2.15475,0.0211901311,
2.155,0.0142381443,
2.15525,-0.0059112543,
2.1555,-0.0113839014,
2.15575,0.0004344533,
2.156,-0.0134053780,
2.15625,-0.0134516172,
2.1565,0.0075520733,
2.15675,0.0091389641,
2.157,0.0010818908,
2.15725,-0.0066628335,
2.1575,0.0037420895,
2.15775,0.0009312970,
2.158,-0.0203130618,
2.15825,-0.0150928451,
2.1585,-0.0023338883,
2.15875,-0.0180019774,
2.159,-0.0262579657,
2.15925,-0.0073120482,
2.1595,-0.0052172588,
2.15975,-0.0178529900,
2.16,-0.0176109970,
2.16025,0.0017559459,
2.1605,-0.0052394383,
2.16075,-0.0248729829,
2.161,-0.0142955044,
2.16125,0.0033105959,
2.1615,-0.0167976972,
2.16175,-0.0278836414,
2.162,-0.0057368660,
2.16225,-0.0033916198,
2.1625,-0.0197045412,
2.16275,-0.0195076000,
2.163,-0.0045898794,
2.16325,-0.0018150120,
2.1635,-0.0213633869,
2.16375,-0.0181067307,
2.164,-0.0007550125,
2.16425,-0.0120605761,
2.1645,-0.0237352364,
2.16475,-0.0073504909,
2.165,-0.0092420466,
2.16525,-0.0246092677,
2.1655,-0.0235354602,
2.16575,-0.0104888063,
2.166,-0.0170305446,
2.16625,-0.0146293221,
2.1665,-0.0093573024,
2.16675,0.0081829373,
2.167,-0.0029343858,
2.16725,-0.0024396339,
2.1675,0.0023968944,
2.16775,-0.0061958618,
2.168,-0.0146528091,
2.16825,-0.0139160231,
2.1685,-0.0042624860,
2.16875,-0.0033947327,
2.169,0.0014056098,
2.16925,0.0088446196,
2.1695,0.0166720860,
2.16975,0.0086210314,
2.17,0.0042640907,
2.17025,0.0100075444,
2.1705,0.0005699069,
2.17075,-0.0127062071,
2.171,-0.0107767154,
2.17125,-0.0069294083,
2.1715,-0.0039018656,
2.17175,-0.0019609150,
2.172,0.0140332943,
2.17225,0.0219170488,
2.1725,0.0177315138,
2.17275,0.0250329915,
2.173,0.0271695871,
2.17325,0.0180273727,
2.1735,0.0009584745,
2.17375,-0.0026861085,
2.174,-0.0064680967,
2.17425,-0.0160916746,
2.1745,-0.0102662537,
2.17475,0.0110904295,
2.175,0.0157307871,
2.17525,0.0129818525,
2.1755,0.0209378377,
2.17575,0.0213847607,
2.176,0.0068609086,
2.17625,-0.0015108188,
2.1765,0.0010299303,
2.17675,-0.0066825976,
2.177,-0.0128957666,
2.17725,-0.0027458826,
2.1775,0.0144411046,
2.17775,0.0136665776,
2.178,0.0114329802,
2.17825,0.0120892366,
2.1785,0.0053766468,
2.17875,-0.0050884946,
2.179,-0.0119259218,
2.17925,-0.0061016316,
2.1795,0.0048087621,
2.17975,0.0030683309,
2.18,-0.0046804450,
2.18025,0.0039146417,
2.1805,0.0043223859,
2.18075,-0.0031770815,
2.181,-0.0132837249,
2.18125,-0.0078774234,
2.1815,-0.0004356721,
2.18175,-0.0109090135,
2.182,-0.0193094611,
2.18225,-0.0068463315,
2.1825,0.0045659896,
2.18275,-0.0138692632,
2.183,-0.0130027523,
2.18325,-0.0010379716,
2.1835,0.0008314025,
2.18375,-0.0201672949,
2.184,-0.0187987648,
2.18425,-0.0047348896,
2.1845,-0.0119240899,
2.18475,-0.0260130279,
2.185,-0.0165670998,
2.18525,-0.0068682595,
2.1855,-0.0051850150,
2.18575,-0.0075648702,
2.186,-0.0008928528,
2.18625,0.0041897725,
2.1865,-0.0022828318,
2.18675,-0.0130205639,
2.187,-0.0097471438,
2.18725,-0.0069927056,
2.1875,-0.0114923958,
2.18775,-0.0093829948,
2.188,-0.0015895483,
2.18825,0.0017052644,
2.1885,0.0009996621,
2.18875,0.0007470570,
2.189,-0.0024017165,
2.18925,-0.0111760534,
2.1895,-0.0144003145,
2.18975,-0.0073385215,
2.19,-0.0120688677,
2.19025,-0.0046265246,
2.1905,0.0005567729,
2.19075,0.0010218978,
2.191,-0.0035031601,
2.19125,-0.0018046659,
2.1915,0.0022893718,
2.19175,-0.0028259251,
2.192,-0.0053513660,
2.19225,-0.0004730886,
2.1925,-0.0001352685,
2.19275,-0.0142274695,
2.193,-0.0022990766,
2.19325,0.0088974368,
2.1935,0.0006877740,
2.19375,-0.0016182982,
2.194,0.0122684622,
2.19425,0.0149286082,
2.1945,-0.0023131657,
2.19475,-0.0002165359,
2.195,0.0199678559,
2.19525,0.0076178042,
2.1955,-0.0097666141,
2.19575,0.0074403416,
2.196,0.0132232700,
2.19625,-0.0026946645,
2.1965,-0.0067399871,
2.19675,0.0101598809,
2.197,0.0111131314,
2.19725,-0.0019972811,
2.1975,-0.0035080363,
2.19775,0.0191733297,
2.198,0.0150084235,
2.19825,-0.0052522640,
2.1985,0.0090498142,
2.19875,0.0082113259,
2.199,-0.0019273313,
2.19925,-0.0024320553,
2.1995,0.0096062608,
2.19975,0.0193909202,
2.2,0.0229089707,
2.20025,0.0182812773,
2.2005,0.0274953209,
2.20075,0.0178283341,
2.201,0.0064960956,
2.20125,-0.0007305489,
2.2015,0.0016737601,
2.20175,0.0036144583,
2.202,0.0027126006,
2.20225,0.0022469815,
2.2025,0.0165178273,
2.20275,0.0171830375,
2.203,0.0124739995,
2.20325,0.0104332957,
2.2035,0.0120281484,
2.20375,0.0020692046,
2.204,-0.0024327086,
2.20425,-0.0026201350,
2.2045,-0.0012014660,
2.20475,-0.0019635898,
2.205,0.0078877611,
2.20525,0.0060608261,
2.2055,0.0080172028,
2.20575,0.0173329487,
2.206,0.0266827233,
2.20625,0.0220759977,
2.2065,0.0219007693,
2.20675,0.0150832152,
2.207,0.0094773155,
2.20725,-0.0144122392,
2.2075,-0.0204701573,
2.20775,-0.0051025203,
2.208,-0.0083191656,
2.20825,-0.0024940874,
2.2085,0.0171794128,
2.20875,0.0244596004,
2.209,0.0153634045,
2.20925,0.0211446993,
2.2095,0.0172866005,
2.20975,0.0106889531,
2.21,-0.0025356268,
2.21025,-0.0048317323,
2.2105,0.0098552266,
2.21075,-0.0050414102,
2.211,0.0016025964,
2.21125,0.0205922499,
2.2115,0.0112840217,
2.21175,0.0040955767,
2.212,0.0045137149,
2.21225,0.0000778509,
2.2125,0.0009944709,
2.21275,-0.0043927915,
2.213,-0.0033470034,
2.21325,0.0115608070,
2.2135,-0.0004833501,
2.21375,-0.0072162314,
2.214,-0.0009206956,
2.21425,0.0037444641,
2.2145,-0.0032408829,
2.21475,-0.0027389391,
2.215,-0.0027404239,
2.21525,0.0074221892,
2.2155,0.0026106320,
2.21575,-0.0114402883,
2.216,0.0059986808,
2.21625,0.0078279693,
2.2165,-0.0022300542,
2.21675,-0.0111050671,
2.217,0.0001548417,
2.21725,0.0051858239,
2.2175,-0.0050965799,
2.21775,-0.0213262718,
2.218,0.0007090200,
2.21825,0.0033063842,
2.2185,-0.0146030504,
2.21875,-0.0060838838,
2.219,0.0043232860,
2.21925,0.0111073144,
2.2195,-0.0020895405,
2.21975,-0.0103745507,
2.22,-0.0038231991,
2.22025,-0.0027560464,
2.2205,-0.0128157195,
2.22075,-0.0063091838,
2.221,0.0038831965,
2.22125,0.0078382259,
2.2215,-0.0024321277,
2.22175,-0.0037431908,
2.222,0.0022222297,
2.22225,-0.0025613583,
2.2225,-0.0119605754,
2.22275,-0.0050768512,
2.223,-0.0035933440,
2.22325,-0.0033509219,
2.2235,0.0034489362,
2.22375,0.0036943806,
2.224,0.0102365529,
2.22425,0.0018867492,
2.2245,-0.0011058182,
2.22475,0.0062028649,
2.225,-0.0028513107,
2.22525,-0.0025931562,
2.2255,-0.0044312719,
2.22575,-0.0015082681,
2.226,-0.0037338280,
2.22625,0.0051084617,
2.2265,-0.0010764863,
2.22675,0.0036456776,
2.227,0.0143921329,
2.22725,0.0122728553,
2.2275,0.0018916104,
2.22775,0.0027955654,
2.228,0.0168296937,
2.22825,0.0040896665,
2.2285,-0.0135622211,
2.22875,0.0037010028,
2.229,0.0129512213,
2.22925,-0.0052664108,
2.2295,-0.0086973086,
2.22975,0.0168851651,
2.23,0.0150655909,
2.23025,-0.0009023718,
2.2305,0.0004283212,
2.23075,0.0184855945,
2.231,0.0152405305,
2.23125,-0.0084815053,
2.2315,0.0019013416,
2.23175,0.0186471101,
2.232,-0.0042816526,
2.23225,-0.0123610487,
2.2325,0.0096541867,
2.23275,0.0108286105,
2.233,0.0011378701,
2.23325,-0.0019377328,
2.2335,0.0168271940,
2.23375,0.0116312597,
2.234,-0.0049826428,
2.23425,-0.0052487236,
2.2345,0.0089428471,
2.23475,-0.0035536601,
2.235,-0.0119386856,
2.23525,-0.0092695411,
2.2355,0.0067933053,
2.23575,0.0059233601,
2.236,0.0011300748,
2.23625,0.0110808276,
2.2365,0.0150448270,
2.23675,0.0047359886,
2.237,-0.0106678298,
2.23725,-0.0061002895,
2.2375,-0.0025546018,
2.23775,-0.0070970133,
2.238,-0.0101790121,
2.23825,-0.0031592974,
2.2385,0.0034937439,
2.23875,0.0030561611,
2.239,0.0081738690,
2.23925,0.0067724688,
2.2395,0.0053838994,
2.23975,-0.0061661312,
2.24,-0.0187642965,
2.24025,-0.0266434234,
2.2405,-0.0258326251,
2.24075,-0.0221408512,
2.241,-0.0174678285,
2.24125,-0.0155481994,
2.2415,0.0014386048,
2.24175,0.0122924317,
2.242,0.0071629668,
2.24225,0.0044233087,
2.2425,0.0001863327,
2.24275,-0.0130911926,
2.243,-0.0362311751,
2.24325,-0.0368514359,
2.2435,-0.0295418967,
2.24375,-0.0254187435,
2.244,-0.0168317892,
2.24425,0.0079541467,
2.2445,0.0193851832,
2.24475,0.0090586636,
2.245,0.0019432952,
2.24525,-0.0038199720,
2.2455,-0.0192150939,
2.24575,-0.0298506301,
2.246,-0.0191266797,
2.24625,-0.0036379052,
2.2465,0.0034055081,
2.24675,0.0027527532,
2.247,0.0063824728,
2.24725,0.0048945928,
2.2475,-0.0057089487,
2.24775,-0.0182814524,
2.248,-0.0094320457,
2.24825,-0.0047066379,
2.2485,-0.0051066736,
2.24875,-0.0077468716,
2.249,0.0025059700,
2.24925,0.0068338756,
2.2495,-0.0005892143,
2.24975,-0.0129941842,
2.25,0.0023216878,
2.25025,0.0049969004,
2.2505,-0.0158801600,
2.25075,-0.0250524860,
2.251,-0.0039834282,
2.25125,-0.0098273335,
2.2515,-0.0404242277,
2.25175,-0.0236157179,
2.252,0.0025246525,
2.25225,0.0136664938,
2.2525,-0.0083526969,
2.25275,-0.0034203727,
2.253,0.0124651520,
2.25325,-0.0009439972,
2.2535,-0.0267747995,
2.25375,-0.0113649145,
2.254,-0.0001370989,
2.25425,-0.0014278222,
2.2545,-0.0024503041,
2.25475,0.0126139019,
2.255,0.0263869222,
2.25525,0.0157175697,
2.2555,0.0037984974,
2.25575,0.0065621864,
2.256,0.0050450386,
2.25625,-0.0051944940,
2.2565,-0.0032668659,
2.25675,0.0031081475,
2.257,0.0046282210,
2.25725,0.0091162911,
2.2575,0.0042314874,
2.25775,0.0084812967,
2.258,0.0112586003,
2.25825,0.0078282850,
2.2585,0.0054299273,
2.25875,-0.0054996768,
2.259,0.0002792142,
2.25925,0.0029963467,
2.2595,0.0007324276,
2.25975,0.0000239137,
2.26,0.0082478691,
2.26025,0.0126185007,
2.2605,0.0074572759,
2.26075,0.0069463062,
2.261,0.0204098709,
2.26125,0.0241941102,
2.2615,0.0094505409,
2.26175,0.0101894038,
2.262,0.0207834300,
2.26225,0.0057158954,
2.2625,-0.0145390481,
2.26275,0.0007228464,
2.263,0.0145092905,
2.26325,-0.0042987750,
2.2635,-0.0061144149,
2.26375,0.0198185407,
2.264,0.0215095468,
2.26425,0.0046526473,
2.2645,0.0034338045,
2.26475,0.0213631038,
2.265,0.0142710945,
2.26525,-0.0227657501,
2.2655,-0.0156664010,
2.26575,0.0040728990,
2.266,-0.0134406034,
2.26625,-0.0272767954,
2.2665,-0.0022092233,
2.26675,0.0207238346,
2.267,0.0016470464,
2.26725,-0.0104456535,
2.2675,0.0066091283,
2.26775,0.0132852001,
2.268,-0.0198511779,
2.26825,-0.0241993163,
2.2685,-0.0017767878,
2.26875,-0.0002738938,
2.269,-0.0115225939,
2.26925,-0.0049655703,
2.2695,0.0171427764,
2.26975,0.0112243295,
2.27,-0.0116682407,
2.27025,-0.0174558908,
2.2705,-0.0032995709,
2.27075,-0.0165459067,
2.271,-0.0266698394,
2.27125,-0.0084200464,
2.2715,0.0041592484,
2.27175,-0.0040281746,
2.272,-0.0041135764,
2.27225,0.0069052861,
2.2725,0.0068573975,
2.27275,-0.0030087959,
2.273,-0.0019976115,
2.27325,-0.0067104544,
2.2735,-0.0115082972,
2.27375,-0.0201375689,
2.274,-0.0106717171,
2.27425,-0.0044097817,
2.2745,-0.0042069559,
2.27475,0.0107985632,
2.275,0.0200336967,
2.27525,0.0198668242,
2.2755,0.0161978435,
2.27575,0.0168873146,
2.276,0.0034566855,
2.27625,-0.0132906260,
2.2765,-0.0180693846,
2.27675,-0.0163261052,
2.277,-0.0135326469,
2.27725,-0.0066407961,
2.2775,0.0055216076,
2.27775,0.0130754234,
2.278,0.0114454068,
2.27825,0.0192477349,
2.2785,0.0139889037,
2.27875,0.0028118552,
2.279,-0.0036749262,
2.27925,-0.0033461340,
2.2795,-0.0151081337,
2.27975,-0.0157240331,
2.28,-0.0079105161,
2.28025,0.0107205082,
2.2805,0.0075509958,
2.28075,0.0093363654,
2.281,0.0126310438,
2.28125,0.0083752004,
2.2815,0.0016409864,
2.28175,-0.0096364161,
2.282,0.0022423936,
2.28225,0.0012667370,
2.2825,-0.0027634457,
2.28275,-0.0002454522,
2.283,0.0121252593,
2.28325,0.0165377706,
2.2835,0.0175095219,
2.28375,0.0018901693,
2.284,0.0041697877,
2.28425,0.0098819975,
2.2845,-0.0010093193,
2.28475,-0.0125768166,
2.285,0.0122010894,
2.28525,0.0289958548,
2.2855,0.0089467019,
2.28575,0.0008428443,
2.286,0.0184332561,
2.28625,0.0258454569,
2.2865,-0.0102750808,
2.28675,-0.0121861501,
2.287,0.0136559699,
2.28725,0.0106224641,
2.2875,-0.0111893192,
2.28775,-0.0024992027,
2.288,0.0190475173,
2.28825,0.0108790081,
2.2885,-0.0056658741,
2.28875,-0.0026072552,
2.289,0.0141275171,
2.28925,-0.0211922899,
2.2895,-0.0283316690,
2.28975,-0.0030671000,
2.29,-0.0026392287,
2.29025,-0.0075010932,
2.2905,-0.0024447264,
2.29075,0.0108462796,
2.291,0.0030969118,
2.29125,-0.0013377846,
2.2915,0.0114955837,
2.29175,0.0128789954,
2.292,-0.0087581826,
2.29225,-0.0009678442,
2.2925,0.0139534920,
2.29275,0.0010472494,
2.293,-0.0061677028,
2.29325,0.0053874310,
2.2935,0.0085734837,
2.29375,-0.0036653157,
2.294,-0.0122378394,
2.29425,0.0018081206,
2.2945,0.0085155098,
2.29475,-0.0104507711,
2.295,-0.0058806101,
2.29525,0.0164168794,
2.2955,0.0034994271,
2.29575,-0.0088356826,
2.296,0.0001188801,
2.29625,0.0078532957,
2.2965,-0.0133056976,
2.29675,-0.0185936447,
2.297,0.0068572438,
2.29725,0.0043445788,
2.2975,-0.0108231874,
2.29775,0.0065329573,
2.298,0.0288380422,
2.29825,0.0028382554,
2.2985,-0.0096919267,
2.29875,0.0039003352,
2.299,0.0062866192,
2.29925,-0.0229094028,
2.2995,-0.0289497357,
2.29975,-0.0002618141,
2.3,0.0007048759,
2.30025,-0.0280076545,
2.3005,-0.0152904745,
2.30075,0.0128640058,
2.301,-0.0087048570,
2.30125,-0.0225370582,
2.3015,-0.0142790200,
2.30175,0.0053581530,
2.302,-0.0162634663,
2.30225,-0.0237309579,
2.3025,-0.0036693122,
2.30275,0.0130604627,
2.303,-0.0100881271,
2.30325,-0.0055735456,
2.3035,0.0050339843,
2.30375,0.0025973518,
2.304,-0.0138003044,
2.30425,-0.0155144325,
2.3045,-0.0011697495,
2.30475,-0.0039577247,
2.305,-0.0156076793,
2.30525,-0.0075178924,
2.3055,-0.0015955162,
2.30575,-0.0071713515,
2.306,-0.0106152073,
2.30625,-0.0041402625,
2.3065,-0.0071633076,
2.30675,-0.0078532984,
2.307,-0.0133314673,
2.30725,-0.0145530626,
2.3075,-0.0136731202,
2.30775,-0.0130253080,
2.308,-0.0091051357,
2.30825,0.0007929351,
2.3085,0.0039463341,
2.30875,0.0104141599,
2.309,0.0084263757,
2.30925,0.0023324408,
2.3095,-0.0041810651,
2.30975,-0.0133198984,
2.31,-0.0152161615,
2.31025,-0.0219869129,
2.3105,-0.0176950395,
2.31075,-0.0086797429,
2.311,0.0022943432,
2.31125,0.0060176216,
2.3115,0.0129747000,
2.31175,0.0138042727,
2.312,0.0039726538,
2.31225,0.0016878272,
2.3125,-0.0060226098,
2.31275,-0.0092115458,
2.313,-0.0131051997,
2.31325,-0.0037117978,
2.3135,-0.0002166508,
2.31375,0.0038823441,
2.314,0.0060749734,
2.31425,0.0058683981,
2.3145,-0.0002679927,
2.31475,-0.0101347622,
2.315,-0.0122918729,
2.31525,-0.0034377326,
2.3155,0.0003720112,
2.31575,-0.0035634469,
2.316,0.0036298637,
2.31625,0.0090376772,
2.3165,0.0017853649,
2.31675,-0.0074573299,
2.317,-0.0006249434,
2.31725,0.0063538733,
2.3175,0.0072690989,
2.31775,-0.0022400341,
2.318,0.0039323475,
2.31825,0.0107800439,
2.3185,0.0122547196,
2.31875,-0.0000412327,
2.319,0.0080246888,
2.31925,0.0225401297,
2.3195,0.0157082621,
2.31975,-0.0016736616,
2.32,0.0044494490,
2.32025,0.0185353328,
2.3205,-0.0076489854,
2.32075,-0.0266177282,
2.321,-0.0018818222,
2.32125,0.0143266004,
2.3215,-0.0008657411,
2.32175,-0.0020823414,
2.322,0.0242255554,
2.32225,0.0151456231,
2.3225,-0.0100337984,
2.32275,-0.0112259155,
2.323,0.0147531079,
2.32325,0.0077792751,
2.3235,-0.0037334554,
2.32375,0.0186232775,
2.324,0.0302322172,
2.32425,0.0099094128,
2.3245,0.0049784416,
2.32475,0.0141223101,
2.325,0.0067974865,
2.32525,-0.0164457560,
2.3255,-0.0014681893,
2.32575,0.0130582554,
2.326,-0.0020366472,
2.32625,-0.0059693567,
2.3265,0.0132451290,
2.32675,0.0095604770,
2.327,-0.0118782474,
2.32725,-0.0096419500,
2.3275,0.0030627921,
2.32775,-0.0013042981,
2.328,-0.0133504542,
2.32825,-0.0082719168,
2.3285,0.0064879837,
2.32875,-0.0105089620,
2.329,-0.0142884105,
2.32925,-0.0008114783,
2.3295,0.0053933100,
2.32975,-0.0093953544,
2.33,-0.0079470603,
2.33025,0.0025221417,
2.3305,-0.0105679771,
2.33075,-0.0224360358,
2.331,-0.0088876458,
2.33125,-0.0022687842,
2.3315,-0.0154475784,
2.33175,-0.0143026430,
2.332,0.0039395508,
2.33225,-0.0047265333,
2.3325,-0.0203774199,
2.33275,-0.0165898670,
2.333,-0.0014489682,
2.33325,-0.0132883908,
2.3335,-0.0239333864,
2.33375,-0.0053553069,
2.334,0.0048777014,
2.33425,-0.0166943520,
2.3345,-0.0147484997,
2.33475,0.0049237888,
2.335,-0.0066185789,
2.33525,-0.0236961730,
2.3355,-0.0095485691,
2.33575,0.0078455908,
2.336,-0.0031506163,
2.33625,-0.0091765421,
2.3365,0.0095597319,
2.33675,0.0116969375,
2.337,-0.0111884493,
2.33725,-0.0059903078,
2.3375,0.0132062249,
2.33775,0.0074710133,
2.338,-0.0023834910,
2.33825,0.0036832988,
2.3385,0.0182223059,
2.33875,0.0136782117,
2.339,0.0015295722,
2.33925,0.0145896282,
2.3395,0.0213537328,
2.33975,0.0057015512,
2.34,0.0035629091,
2.34025,0.0126712937,
2.3405,0.0070440560,
2.34075,0.0020539975,
2.341,0.0023586317,
2.34125,0.0123756416,
2.3415,0.0183220152,
2.34175,0.0180081092,
2.342,0.0275158808,
2.34225,0.0278700814,
2.3425,0.0164373349,
2.34275,0.0109345466,
2.343,0.0083097555,
2.34325,0.0033800888,
2.3435,-0.0064470777,
2.34375,0.0006977590,
2.344,0.0131442724,
2.34425,0.0177124590,
2.3445,0.0097517911,
2.34475,0.0214463454,
2.345,0.0243531913,
2.34525,0.0092107570,
2.3455,0.0017365580,
2.34575,-0.0054319352,
2.346,-0.0095008584,
2.34625,-0.0167879723,
2.3465,-0.0084600002,
2.34675,0.0085908910,
2.347,0.0192761384,
2.34725,0.0203893296,
2.3475,0.0211945903,
2.34775,0.0123009514,
2.348,0.0028259133,
2.34825,-0.0070704031,
2.3485,-0.0105444100,
2.34875,-0.0090723131,
2.349,-0.0086649600,
2.34925,0.0042179893,
2.3495,0.0087353112,
2.34975,0.0104934853,
2.35,0.0068865074,
2.35025,0.0121974610,
2.3505,-0.0025729802,
2.35075,-0.0109034777,
2.351,-0.0200741626,
2.35125,-0.0092686079,
2.3515,-0.0181916077,
2.35175,-0.0150820762,
2.352,-0.0156274997,
2.35225,0.0019009110,
2.3525,0.0080242865,
2.35275,0.0010384782,
2.353,-0.0021181041,
2.35325,0.0066956384,
2.3535,-0.0044995956,
2.35375,-0.0205539800,
2.354,-0.0139534250,
2.35425,0.0047193915,
2.3545,-0.0031552545,
2.35475,-0.0030834370,
2.355,0.0135960709,
2.35525,0.0187399406,
2.3555,-0.0130601637,
2.35575,-0.0099051921,
2.356,0.0014189136,
2.35625,-0.0013353189,
2.3565,-0.0250355043,
2.35675,-0.0121299541,
2.357,0.0033518553,
2.35725,-0.0036281501,
2.3575,-0.0124765020,
2.35775,0.0110207396,
2.358,0.0148952855,
2.35825,-0.0038439231,
2.3585,-0.0087141078,
2.35875,0.0091264462,
2.359,-0.0033188777,
2.35925,-0.0176996887,
2.3595,-0.0008885641,
2.35975,0.0101329833,
2.36,-0.0009048628,
2.36025,-0.0021605289,
2.3605,0.0188929476,
2.36075,0.0185238570,
2.361,0.0061224373,
2.36125,0.0024371841,
2.3615,0.0087227970,
2.36175,-0.0003073832,
2.362,-0.0121572632,
2.36225,-0.0030666355,
2.3625,0.0107271206,
2.36275,0.0046752179,
2.363,0.0009782371,
2.36325,0.0114038168,
2.3635,0.0129723502,
2.36375,0.0031118768,
2.364,-0.0008480199,
2.36425,0.0085941637,
2.3645,0.0051824911,
2.36475,-0.0004847328,
2.365,0.0022506397,
2.36525,0.0038673817,
2.3655,-0.0014081309,
2.36575,-0.0055650831,
2.366,-0.0005108480,
2.36625,0.0017749686,
2.3665,-0.0038329130,
2.36675,0.0031656560,
2.367,0.0145150814,
2.36725,0.0074170250,
2.3675,0.0049819052,
2.36775,0.0107549112,
2.368,0.0004433925,
2.36825,-0.0154610015,
2.3685,-0.0151175130,
2.36875,0.0004083812,
2.369,-0.0002380155,
2.36925,0.0017616730,
2.3695,0.0164101049,
2.36975,0.0265067462,
2.37,0.0065607876,
2.37025,-0.0002765466,
2.3705,0.0046307980,
2.37075,-0.0123817474,
2.371,-0.0214477517,
2.37125,-0.0150229298,
2.3715,-0.0013509030,
2.37175,-0.0025852176,
2.372,-0.0062330449,
2.37225,0.0042257933,
2.3725,0.0098211141,
2.37275,-0.0072456487,
2.373,-0.0111563765,
2.37325,-0.0018217203,
2.3735,-0.0079794135,
2.37375,-0.0142326839,
2.374,-0.0077099139,
2.37425,-0.0028956120,
2.3745,0.0020839521,
2.37475,0.0031884154,
2.375,0.0107882312,
2.37525,0.0180429593,
2.3755,0.0074863485,
2.37575,0.0088363159,
2.376,0.0057038981,
2.37625,-0.0053578131,
2.3765,-0.0197397098,
2.37675,-0.0276138820,
2.377,-0.0210980475,
2.37725,-0.0205550920,
2.3775,-0.0188771486,
2.37775,-0.0031015594,
2.378,0.0145642450,
2.37825,0.0132271592,
2.3785,0.0057995394,
2.37875,0.0100277560,
2.379,-0.0005996809,
2.37925,-0.0221098419,
2.3795,-0.0332980677,
2.37975,-0.0201710314,
2.38,-0.0130558871,
2.38025,-0.0101902848,
2.3805,-0.0045262398,
2.38075,0.0104981512,
2.381,0.0079845209,
2.38125,0.0023604112,
2.3815,0.0034704255,
2.38175,0.0022012317,
2.382,-0.0162545033,
2.38225,-0.0239109844,
2.3825,-0.0257032998,
2.38275,-0.0197359137,
2.383,-0.0079668583,
2.38325,0.0024201018,
2.3835,0.0054862937,
2.38375,0.0029814350,
2.384,-0.0047292262,
2.38425,-0.0115742385,
2.3845,-0.0106617017,
2.38475,-0.0163956601,
2.385,-0.0195815340,
2.38525,-0.0125739556,
2.3855,-0.0073663383,
2.38575,-0.0038932585,
2.386,0.0016053924,
2.38625,0.0096530849,
2.3865,0.0046506226,
2.38675,-0.0069239964,
2.387,-0.0117513258,
2.38725,-0.0064027426,
2.3875,-0.0136765726,
2.38775,-0.0055936761,
2.388,0.0111482581,
2.38825,0.0083454922,
2.3885,0.0034821345,
2.38875,0.0072382940,
2.389,0.0096846893,
2.38925,-0.0062052431,
2.3895,-0.0125147784,
2.38975,-0.0051394990,
2.39,0.0004989942,
2.39025,-0.0140468124,
2.3905,-0.0051199086,
2.39075,0.0207308400,
2.391,0.0131650567,
2.39125,-0.0001832720,
2.3915,0.0114540709,
2.39175,0.0146415085,
2.392,-0.0033704480,
2.39225,-0.0139474357,
2.3925,0.0039889170,
2.39275,0.0046938215,
2.393,-0.0129070301,
2.39325,-0.0004379368,
2.3935,0.0178752448,
2.39375,0.0116386022,
2.394,0.0065698796,
2.39425,0.0160788372,
2.3945,0.0211302526,
2.39475,-0.0015818628,
2.395,-0.0079329852,
2.39525,0.0002224115,
2.3955,0.0013332482,
2.39575,-0.0114613315,
2.396,-0.0026943467,
2.39625,0.0160137676,
2.3965,0.0187195204,
2.39675,0.0102246851,
2.397,0.0137712471,
2.39725,0.0211963039,
2.3975,0.0109299365,
2.39775,0.0004855868,
2.398,0.0063768220,
2.39825,0.0020388060,
2.3985,0.0042835195,
2.39875,0.0015130683,
2.399,0.0114022242,
2.39925,0.0139119653,
2.3995,0.0139111169,
2.39975,0.0142379235,
2.4,0.0164449774,
2.40025,0.0066161021,
2.4005,0.0113200489,
2.40075,0.0029279303,
2.401,-0.0072890092,
2.40125,-0.0134402337,
2.4015,-0.0088699916,
2.40175,-0.0065891766,
2.402,-0.0038687517,
2.40225,0.0068479627,
2.4025,0.0186085962,
2.40275,0.0143283401,
2.403,0.0036075979,
2.40325,0.0129169803,
2.4035,0.0078103133,
2.40375,-0.0092815906,
2.404,-0.0108202780,
2.40425,0.0000553042,
2.4045,-0.0033902924,
2.40475,-0.0062827244,
2.405,0.0002313385,
2.40525,0.0078495443,
2.4055,0.0040984605,
2.40575,-0.0037165289,
2.406,-0.0006294277,
2.40625,0.0101168910,
2.4065,-0.0041627171,
2.40675,-0.0127061745,
2.407,-0.0099847093,
2.40725,-0.0095363446,
2.4075,-0.0185481906,
2.40775,-0.0175460409,
2.408,-0.0040160841,
2.40825,0.0013566996,
2.4085,0.0008780843,
2.40875,0.0031919943,
2.409,0.0111633865,
2.40925,-0.0060779979,
2.4095,-0.0164084900,
2.40975,-0.0202674624,
2.41,-0.0174596105,
2.41025,-0.0250613112,
2.4105,-0.0236643516,
2.41075,-0.0028143758,
2.411,0.0085134385,
2.41125,0.0079983436,
2.4115,0.0167001765,
2.41175,0.0251022447,
2.412,0.0106186187,
2.41225,-0.0144264530,
2.4125,-0.0212966762,
2.41275,-0.0215204544,
2.413,-0.0346313789,
2.41325,-0.0351593681,
2.4135,-0.0107892919,
2.41375,0.0054846541,
2.414,0.0072467742,
2.41425,0.0128368465,
2.4145,0.0213988088,
2.41475,0.0113337506,
2.415,-0.0162980240,
2.41525,-0.0260809883,
2.4155,-0.0090635680,
2.41575,-0.0104594091,
2.416,0.0014692008,
2.41625,0.0252830870,
2.4165,0.0366183259,
2.41675,0.0273075905,
2.417,0.0179843139,
2.41725,0.0101895779,
2.4175,0.0132562928,
2.41775,-0.0004057957,
2.418,0.0058574560,
2.41825,0.0100816404,
2.4185,0.0166621432,
2.41875,0.0087354779,
2.419,0.0153783187,
2.41925,0.0080765877,
2.4195,0.0126098804,
2.41975,-0.0082638683,
2.42,-0.0046078111,
2.42025,-0.0028559407,
2.4205,-0.0043501402,
2.42075,-0.0098225623,
2.421,0.0025729670,
2.42125,0.0028293948,
2.4215,0.0055159763,
2.42175,0.0157816242,
2.422,0.0171620809,
2.42225,0.0096282903,
2.4225,0.0092147728,
2.42275,0.0203317329,
2.423,0.0130014159,
2.42325,0.0074600033,
2.4235,0.0174535643,
2.42375,0.0391325392,
2.424,0.0273950119,
2.42425,0.0242883414,
2.4245,0.0449982360,
2.42475,0.0422968864,
2.425,0.0161014237,
2.42525,0.0041924026,
2.4255,0.0189173408,
2.42575,0.0070379958,
2.426,-0.0102343839,
2.42625,0.0051284749,
2.4265,0.0313119888,
2.42675,0.0134380367,
2.427,0.0029385909,
2.42725,0.0186375547,
2.4275,0.0149929989,
2.42775,-0.0037215827,
2.428,-0.0126553802,
2.42825,-0.0225328282,
2.4285,-0.0198970716,
2.42875,-0.0199837312,
2.429,-0.0212283656,
2.42925,-0.0036132648,
2.4295,0.0024237258,
2.42975,-0.0128134536,
2.43,0.0060673081,
2.43025,0.0148448208,
2.4305,0.0015684294,
2.43075,-0.0105751818,
2.431,0.0090259025,
2.43125,0.0014850954,
2.4315,-0.0116460808,
2.43175,-0.0102010090,
2.432,-0.0032767283,
2.43225,-0.0071650743,
2.4325,-0.0098881237,
2.43275,-0.0018652634,
2.433,0.0045464733,
2.43325,0.0005041631,
2.4335,0.0007520164,
2.43375,0.0054940460,
2.434,-0.0058066333,
2.43425,-0.0165604819,
2.4345,-0.0173068624,
2.43475,-0.0206334870,
2.435,-0.0310247298,
2.43525,-0.0268319249,
2.4355,-0.0151408827,
2.43575,-0.0175991319,
2.436,-0.0169078670,
2.43625,-0.0055807778,
2.4365,-0.0009174871,
2.43675,-0.0148324026,
2.437,-0.0239332747,
2.43725,-0.0132329408,
2.4375,-0.0134575693,
2.43775,-0.0258038267,
2.438,-0.0093529234,
2.43825,0.0109604001,
2.4385,0.0020326711,
2.43875,-0.0034460155,
2.439,0.0018211164,
2.43925,0.0062379125,
2.4395,-0.0121104950,
2.43975,-0.0285636056,
2.44,-0.0166748706,
2.44025,-0.0144843832,
2.4405,-0.0284816660,
2.44075,-0.0238955840,
2.441,-0.0017975855,
2.44125,-0.0059542432,
2.4415,-0.0168008767,
2.44175,-0.0122281862,
2.442,0.0072572241,
2.44225,-0.0012080916,
2.4425,-0.0125921462,
2.44275,-0.0020035594,
2.443,0.0029721651,
2.44325,-0.0096624848,
2.4435,-0.0120934062,
2.44375,0.0014551838,
2.444,0.0174235348,
2.44425,0.0132708009,
2.4445,0.0134998607,
2.44475,0.0191566311,
2.445,0.0190305039,
2.44525,-0.0003795903,
2.4455,-0.0149643384,
2.44575,-0.0119222999,
2.446,-0.0099902637,
2.44625,-0.0231825765,
2.4465,-0.0136274025,
2.44675,0.0010670952,
2.447,0.0013417637,
2.44725,-0.0012543040,
2.4475,0.0054246197,
2.44775,0.0178529620,
2.448,0.0086334450,
2.44825,-0.0041548992,
2.4485,-0.0057528419,
2.44875,0.0076709357,
2.449,-0.0127097582,
2.44925,-0.0054584532,
2.4495,0.0127896424,
2.44975,0.0289098341,
2.45,0.0147887524,
2.45025,0.0225602444,
2.4505,0.0229679979,
2.45075,0.0190442577,
2.451,-0.0090246424,
2.45125,-0.0044077658,
2.4515,0.0057425080,
2.45175,-0.0063452125,
2.452,0.0014385942,
2.45225,0.0168497525,
2.4525,0.0244054683,
2.45275,0.0051263887,
2.453,-0.0015447299,
2.45325,-0.0085099759,
2.4535,-0.0207865592,
2.45375,-0.0236412212,
2.454,-0.0101298150,
2.45425,-0.0134898741,
2.4545,0.0068117883,
2.45475,-0.0017577407,
2.455,0.0026253611,
2.45525,0.0073178974,
2.4555,-0.0021610637,
2.45575,-0.0039182720,
2.456,-0.0084798727,
2.45625,-0.0079251584,
2.4565,-0.0063416827,
2.45675,0.0018158025,
2.457,0.0064030075,
2.45725,-0.0072656996,
2.4575,-0.0049285367,
2.45775,0.0105130356,
2.458,-0.0012715904,
2.45825,-0.0143831605,
2.4585,-0.0016516394,
2.45875,0.0070566423,
2.459,-0.0138890538,
2.45925,-0.0203357469,
2.4595,0.0030446167,
2.45975,0.0102498606,
2.46,-0.0125183640,
2.46025,-0.0079888394,
2.4605,0.0181561131,
2.46075,0.0013953638,
2.461,-0.0235637799,
2.46125,-0.0068498803,
2.4615,0.0113773709,
2.46175,-0.0195341893,
2.462,-0.0272749774,
2.46225,0.0002492731,
2.4625,0.0000164460,
2.46275,-0.0235818885,
2.463,-0.0122541562,
2.46325,0.0065953569,
2.4635,-0.0025950111,
2.46375,-0.0268287584,
2.464,-0.0166636128,
2.46425,0.0043660547,
2.4645,-0.0105393417,
2.46475,-0.0237307809,
2.465,0.0015815487,
2.46525,0.0084316600,
2.4655,-0.0119867679,
2.46575,-0.0128049115,
2.466,-0.0008713386,
2.46625,-0.0004012499,
2.4665,-0.0138759706,
2.46675,-0.0124581074,
2.467,0.0013668842,
2.46725,-0.0069660787,
2.4675,-0.0118023427,
2.46775,-0.0051918649,
2.468,-0.0022016049,
2.46825,-0.0108806603,
2.4685,-0.0129914507,
2.46875,-0.0097800121,
2.469,-0.0117988735,
2.46925,-0.0135738477,
2.4695,-0.0067744851,
2.46975,-0.0006580877,
2.47,-0.0092180232,
2.47025,-0.0079446826,
2.4705,0.0023958518,
2.47075,0.0017455693,
2.471,0.0024038318,
2.47125,0.0072176810,
2.4715,0.0190179013,
2.47175,0.0048401002,
2.472,0.0028943941,
2.47225,0.0099398578,
2.4725,0.0096212039,
2.47275,0.0018731282,
2.473,0.0067484286,
2.47325,0.0127036488,
2.4735,0.0106580509,
2.47375,-0.0004737879,
2.474,0.0026090229,
2.47425,0.0094751017,
2.4745,0.0020540839,
2.47475,-0.0037244936,
2.475,0.0065343715,
2.47525,0.0145422099,
2.4755,0.0048089358,
2.47575,0.0004117340,
2.476,0.0072371112,
2.47625,0.0021807190,
2.4765,-0.0097363135,
2.47675,-0.0053079221,
2.477,0.0025035709,
2.47725,0.0079717487,
2.4775,0.0033730110,
2.47775,0.0136844022,
2.478,0.0241647325,
2.47825,0.0163689200,
2.4785,0.0117715187,
2.47875,0.0148143908,
2.479,0.0071984073,
2.47925,-0.0052813836,
2.4795,-0.0131782619,
2.47975,-0.0060070637,
2.48,0.0011039333,
2.48025,-0.0050220704,
2.4805,0.0063132923,
2.48075,0.0217843913,
2.481,0.0220499672,
2.48125,0.0102348542,
2.4815,0.0095466692,
2.48175,0.0010811272,
2.482,-0.0051321601,
2.48225,-0.0277332477,
2.4825,-0.0204358511,
2.48275,-0.0000676003,
2.483,0.0062322156,
2.48325,0.0002187967,
2.4835,0.0100789322,
2.48375,0.0156740248,
2.484,0.0005967776,
2.48425,-0.0224232525,
2.4845,-0.0125607736,
2.48475,-0.0030719452,
2.485,-0.0093082804,
2.48525,-0.0019955237,
2.4855,0.0220755097,
2.48575,0.0217838939,
2.486,0.0079196841,
2.48625,0.0023996437,
2.4865,0.0121457223,
2.48675,0.0003384737,
2.487,-0.0078595504,
2.48725,0.0044077709,
2.4875,0.0200086012,
2.48775,0.0085489629,
2.488,0.0009117377,
2.48825,0.0121500017,
2.4885,0.0128289880,
2.48875,-0.0037848479,
2.489,-0.0055762352,
2.48925,0.0074253809,
2.4895,0.0007337354,
2.48975,-0.0063006226,
2.49,-0.0007045555,
2.49025,0.0010660312,
2.4905,-0.0015366821,
2.49075,-0.0024796547,
2.491,0.0090879267,
2.49125,0.0065143779,
2.4915,0.0038968003,
2.49175,0.0102880327,
2.492,0.0041439934,
2.49225,-0.0130895749,
2.4925,-0.0090166349,
2.49275,0.0102113383,
2.493,0.0073899850,
2.49325,0.0019815722,
2.4935,0.0179583747,
2.49375,0.0307785757,
2.494,0.0095850099,
2.49425,-0.0055298992,
2.4945,0.0148025285,
2.49475,0.0156767201,
2.495,-0.0171760973,
2.49525,-0.0112426896,
2.4955,0.0174780358,
2.49575,0.0032672831,
2.496,-0.0129876006,
2.49625,0.0107334498,
2.4965,0.0238393452,
2.49675,0.0005807502,
2.497,-0.0046301940,
2.49725,0.0176910739,
2.4975,0.0167159773,
2.49775,-0.0162168201,
2.498,-0.0120859127,
2.49825,0.0142637100,
2.4985,-0.0038069414,
2.49875,-0.0258948244,
2.499,0.0035727376,
2.49925,0.0221785083,
2.4995,0.0015689399,
2.49975,-0.0034708586,
2.5,0.0207554530,
2.50025,0.0277264025,
2.5005,0.0005758349,
2.50075,-0.0003266525,
2.501,0.0174304228,
2.50125,0.0055895913,
2.5015,-0.0105368309,
2.50175,-0.0057688630,
2.502,0.0045557376,
2.50225,-0.0022118217,
2.5025,0.0010311826,
2.50275,0.0077380789,
2.503,0.0127236396,
2.50325,0.0064051049,
2.5035,0.0023722064,
2.50375,0.0039707720,
2.504,-0.0023361805,
2.50425,-0.0157384537,
2.5045,-0.0100923991,
2.50475,-0.0109275486,
2.505,-0.0060792030,
2.50525,0.0015554904,
2.5055,0.0123980418,
2.50575,0.0063203480,
2.506,0.0067010885,
2.50625,0.0071462109,
2.5065,0.0032988002,
2.50675,-0.0037507894,
2.507,-0.0033143617,
2.50725,0.0029619390,
2.5075,0.0008210004,
2.50775,-0.0057134456,
2.508,0.0063261813,
2.50825,0.0113549652,
2.5085,0.0071387342,
2.50875,0.0068033095,
2.509,0.0087587312,
2.50925,0.0058547733,
2.5095,-0.0075702923,
2.50975,-0.0170122050,
2.51,-0.0097664269,
2.51025,-0.0144929020,
2.5105,-0.0189971477,
2.51075,-0.0046514524,
2.511,0.0140984319,
2.51125,0.0128683597,
2.5115,0.0155132227,
2.51175,0.0205869246,
2.512,0.0146965384,
2.51225,0.0002588914,
2.5125,-0.0108999833,
2.51275,-0.0096000284,
2.513,-0.0085649770,
2.51325,-0.0096888393,
2.5135,0.0052117100,
2.51375,0.0199525598,
2.514,0.0198478177,
2.51425,0.0182925183,
2.5145,0.0147491330,
2.51475,0.0048643346,
2.515,-0.0113232881,
2.51525,-0.0231823958,
2.5155,-0.0265697576,
2.51575,-0.0251225121,
2.516,-0.0168983750,
2.51625,-0.0126403049,
2.5165,0.0034319297,
2.51675,0.0070173731,
2.517,0.0184134804,
2.51725,0.0027733473,
2.5175,-0.0042503192,
2.51775,-0.0099398997,
2.518,-0.0256799422,
2.51825,-0.0266524814,
2.5185,-0.0183432717,
2.51875,-0.0007873555,
2.519,0.0034638708,
2.51925,0.0102529591,
2.5195,0.0100520300,
2.51975,0.0082278065,
2.52,-0.0199728198,
2.52025,-0.0167120919,
2.5205,-0.0169246178,
2.52075,-0.0212067403,
2.521,-0.0176154021,
2.52125,-0.0103036929,
2.5215,-0.0029567096,
2.52175,-0.0050674197,
2.522,-0.0224540494,
2.52225,-0.0160154402,
2.5225,-0.0135445083,
2.52275,-0.0300431233,
2.523,-0.0285138451,
2.52325,-0.0141283572,
2.5235,-0.0134284385,
2.52375,-0.0097707799,
2.524,-0.0091059161,
2.52425,-0.0008952109,
2.5245,0.0073671485,
2.52475,-0.0015948645,
2.525,0.0009116018,
2.52525,-0.0041072792,
2.5255,-0.0055534746,
2.52575,0.0001580823,
2.526,0.0003472284,
2.52625,-0.0054261144,
2.5265,0.0055891769,
2.52675,0.0085140504,
2.527,0.0087263240,
2.52725,0.0042253635,
2.5275,0.0072018867,
2.52775,0.0243953075,
2.528,0.0077738590,
2.52825,-0.0093209995,
2.5285,0.0025325736,
2.52875,0.0092984978,
2.529,-0.0109296422,
2.52925,-0.0029872674,
2.5295,0.0213468820,
2.52975,0.0205734298,
2.53,0.0026917877,
2.53025,0.0100295860,
2.5305,0.0226811357,
2.53075,0.0000957858,
2.531,-0.0093295928,
2.53125,0.0123850964,
2.5315,0.0200641602,
2.53175,-0.0009156577,
2.532,0.0025351043,
2.53225,0.0277911983,
2.5325,0.0171299241,
2.53275,-0.0083296355,
2.533,0.0077772727,
2.53325,0.0299771316,
2.5335,-0.0014523757,
2.53375,-0.0138983587,
2.534,0.0155190080,
2.53425,0.0173588116,
2.5345,-0.0115509406,
2.53475,-0.0115747890,
2.535,0.0088224877,
2.53525,-0.0004864539,
2.5355,-0.0145047698,
2.53575,-0.0000028070,
2.536,0.0202958379,
2.53625,0.0014209012,
2.5365,-0.0016349495,
2.53675,0.0077945311,
2.537,0.0034959030,
2.53725,-0.0109070893,
2.5375,-0.0115233101,
2.53775,-0.0078424616,
2.538,-0.0165823698,
2.53825,-0.0237455852,
2.5385,-0.0165930204,
2.53875,-0.0077093728,
2.539,-0.0105824657,
2.53925,-0.0042038453,
2.5395,-0.0003600795,
2.53975,-0.0077238297,
2.54,-0.0105643319,
2.54025,-0.0105108507,
2.5405,-0.0217663478,
2.54075,-0.0231025293,
2.541,-0.0195222776,
2.54125,-0.0123790205,
2.5415,-0.0090502845,
2.54175,-0.0051266784,
2.542,0.0055297115,
2.54225,0.0025112806,
2.5425,-0.0113044847,
2.54275,-0.0198906194,
2.543,-0.0126469452,
2.54325,-0.0167202130,
2.5435,-0.0268523619,
2.54375,-0.0131008811,
2.544,0.0028591382,
2.54425,0.0014449558,
2.5445,-0.0074330596,
2.54475,0.0093474993,
2.545,0.0126634017,
2.54525,-0.0053590001,
2.5455,-0.0237088650,
2.54575,-0.0152646136,
2.546,-0.0178777445,
2.54625,-0.0327762067,
2.5465,-0.0195334367,
2.54675,0.0013675914,
2.547,0.0022214595,
2.54725,0.0035390751,
2.5475,0.0177023616,
2.54775,0.0280992296,
2.548,0.0124429157,
2.54825,-0.0034491075,
2.5485,-0.0022854214,
2.54875,-0.0150368214,
2.549,-0.0259639677,
2.54925,-0.0128830085,
2.5495,0.0059660031,
2.54975,0.0116657382,
2.55,0.0153773269,
2.55025,0.0211356413,
2.5505,0.0155450264,
2.55075,0.0111564444,
2.551,0.0028063820,
2.55125,0.0023261334,
2.5515,-0.0073394440,
2.55175,-0.0088423332,
2.552,-0.0110257193,
2.55225,-0.0069702882,
2.5525,0.0002634306,
2.55275,0.0119439345,
2.553,0.0125332000,
2.55325,0.0117958197,
2.5535,0.0135003068,
2.55375,-0.0020859973,
2.554,-0.0019956862,
2.55425,0.0048951297,
2.5545,0.0096261119,
2.55475,0.0073118187,
2.555,0.0121879810,
2.55525,0.0212756582,
2.5555,0.0260643885,
2.55575,0.0143373515,
2.556,0.0147351334,
2.55625,0.0237499177,
2.5565,0.0079328306,
2.55675,-0.0019688141,
2.557,0.0082549304,
2.55725,0.0199239329,
2.5575,0.0209151730,
2.55775,0.0168217383,
2.558,0.0203934032,
2.55825,0.0252457615,
2.5585,0.0084576914,
2.55875,0.0041018743,
2.559,0.0089430660,
2.55925,0.0020158046,
2.5595,-0.0004723473,
2.55975,-0.0016747722,
2.56,-0.0015927926,
2.56025,-0.0009315998,
2.5605,0.0030307900,
2.56075,0.0032551410,
2.561,0.0028169516,
2.56125,0.0000616951,
2.5615,0.0033014605,
2.56175,0.0050855009,
2.562,-0.0035800054,
2.56225,0.0015534663,
2.5625,0.0134439804,
2.56275,0.0081540467,
2.563,0.0033895557,
2.56325,0.0172049422,
2.5635,0.0228144955,
2.56375,0.0077971793,
2.564,0.0028832974,
2.56425,0.0110399453,
2.5645,0.0018043722,
2.56475,-0.0141206309,
2.565,-0.0054500164,
2.56525,0.0094854720,
2.5655,-0.0004439602,
2.56575,-0.0104761301,
2.566,0.0104592657,
2.56625,0.0173779838,
2.5665,-0.0071176980,
2.56675,-0.0106000099,
2.567,0.0121735428,
2.56725,0.0041313618,
2.5675,-0.0170006678,
2.56775,-0.0063763456,
2.568,0.0150538180,
2.56825,-0.0082147894,
2.5685,-0.0155510344,
2.56875,0.0066444948,
2.569,0.0116426768,
2.56925,-0.0069932221,
2.5695,-0.0063779769,
2.56975,0.0122031011,
2.57,0.0050188145,
2.57025,-0.0111437067,
2.5705,-0.0048367255,
2.57075,0.0042235265,
2.571,-0.0059953965,
2.57125,-0.0150533114,
2.5715,-0.0050813803,
2.57175,0.0035770817,
2.572,-0.0033420501,
2.57225,-0.0018033448,
2.5725,0.0087654106,
2.57275,0.0153328311,
2.573,0.0018643627,
2.57325,0.0061428263,
2.5735,0.0054043806,
2.57375,-0.0036588230,
2.574,-0.0084980242,
2.57425,-0.0101928785,
2.5745,-0.0024148929,
2.57475,-0.0050207470,
2.575,0.0017743219,
2.57525,0.0061962609,
2.5755,0.0063237650,
2.57575,0.0005823765,
2.576,-0.0010686340,
2.57625,-0.0068223961,
2.5765,-0.0167775322,
2.57675,-0.0185332373,
2.577,-0.0105426218,
2.57725,-0.0060658138,
2.5775,-0.0054184152,
2.57775,0.0141311362,
2.578,0.0239502471,
2.57825,0.0181719046,
2.5785,0.0141487718,
2.57875,0.0177231226,
2.579,0.0008733355,
2.57925,-0.0176480021,
2.5795,-0.0175209604,
2.57975,-0.0081588356,
2.58,-0.0147912605,
2.58025,-0.0094644921,
2.5805,0.0148837725,
2.58075,0.0254507717,
2.581,0.0179057177,
2.58125,0.0227620248,
2.5815,0.0245592371,
2.58175,0.0075853779,
2.582,-0.0204574093,
2.58225,-0.0201928094,
2.5825,-0.0255629867,
2.58275,-0.0314531699,
2.583,-0.0163490660,
2.58325,0.0117722116,
2.5835,0.0231139474,
2.58375,0.0246583465,
2.584,0.0300429277,
2.58425,0.0241537578,
2.5845,0.0056984467,
2.58475,-0.0129189286,
2.585,-0.0095681371,
2.58525,-0.0055069546,
2.5855,-0.0072296704,
2.58575,0.0071078623,
2.586,0.0203651227,
2.58625,0.0219659600,
2.5865,0.0111735240,
2.58675,-0.0044515468,
2.587,-0.0067243311,
2.58725,-0.0003306777,
2.5875,-0.0088468455,
2.58775,0.0018225848,
2.588,0.0188264064,
2.58825,0.0175293349,
2.5885,-0.0026358231,
2.58875,-0.0124813197,
2.589,-0.0032853826,
2.58925,-0.0021905310,
2.5895,-0.0079478696,
2.58975,-0.0087878341,
2.59,0.0143534979,
2.59025,0.0145796314,
2.5905,-0.0024479229,
2.59075,0.0049117384,
2.591,0.0135726854,
2.59125,0.0091268541,
2.5915,-0.0046646870,
2.59175,0.0033762401,
2.592,0.0186216943,
2.59225,0.0009665950,
2.5925,-0.0077455817,
2.59275,-0.0019125075,
2.593,-0.0035489586,
2.59325,-0.0096592130,
2.5935,-0.0022539843,
2.59375,0.0089653824,
2.594,0.0167499650,
2.59425,0.0065263738,
2.5945,0.0072253007,
2.59475,0.0020595156,
2.595,-0.0081949569,
2.59525,-0.0162864812,
2.5955,-0.0065774387,
2.59575,-0.0074674324,
2.596,-0.0074781999,
2.59625,0.0025463114,
2.5965,0.0044996338,
2.59675,-0.0028519973,
2.597,-0.0105612297,
2.59725,-0.0030111810,
2.5975,-0.0138448598,
2.59775,-0.0217769090,
2.598,-0.0137593839,
2.59825,-0.0027405529,
2.5985,-0.0119831553,
2.59875,-0.0164543204,
2.599,-0.0017261158,
2.59925,0.0007734940,
2.5995,-0.0161954500,
2.59975,-0.0096045611,
2.6,0.0040444280,
2.60025,-0.0063213236,
2.6005,-0.0210632607,
2.60075,-0.0101165809,
2.601,-0.0049505127,
2.60125,-0.0246128049,
2.6015,-0.0200365596,
2.60175,-0.0006576271,
2.602,-0.0010345314,
2.60225,-0.0139238928,
2.6025,-0.0052273045,
2.60275,0.0123971505,
2.603,-0.0014969457,
2.60325,-0.0144760422,
2.6035,0.0028589759,
2.60375,0.0031253267,
2.604,-0.0155271068,
2.60425,-0.0132632777,
2.6045,0.0011866802,
2.60475,0.0042338287,
2.605,-0.0028054449,
2.60525,-0.0016644102,
2.6055,0.0162869245,
2.60575,0.0073883645,
2.606,-0.0039723949,
2.60625,0.0058420934,
2.6065,0.0084883980,
2.60675,-0.0108243674,
2.607,-0.0111203045,
2.60725,-0.0118045406,
2.6075,-0.0045094402,
2.60775,-0.0092180250,
2.608,-0.0034863856,
2.60825,0.0078605758,
2.6085,0.0065376759,
2.60875,0.0019726204,
2.609,0.0015111836,
2.60925,-0.0054969243,
2.6095,-0.0055906409,
2.60975,-0.0056217676,
2.61,0.0014746621,
2.61025,0.0075595961,
2.6105,0.0106469896,
2.61075,0.0199941713,
2.611,0.0262316540,
2.61125,0.0208726935,
2.6115,0.0165385343,
2.61175,0.0210671965,
2.612,0.0128562637,
2.61225,-0.0004261517,
2.6125,-0.0016814620,
2.61275,-0.0001329501,
2.613,-0.0008170319,
2.61325,-0.0000037511,
2.6135,0.0138960881,
2.61375,0.0200008787,
2.614,0.0152854454,
2.61425,0.0210339911,
2.6145,0.0212587863,
2.61475,0.0062054610,
2.615,-0.0123930434,
2.61525,-0.0155924801,
2.6155,-0.0149792489,
2.61575,-0.0192173216,
2.616,-0.0067779277,
2.61625,0.0130695868,
2.6165,0.0212837365,
2.61675,0.0129015166,
2.617,0.0174069144,
2.61725,0.0155942030,
2.6175,0.0020307596,
2.61775,-0.0045724888,
2.618,-0.0077264472,
2.61825,-0.0086333342,
2.6185,-0.0135815879,
2.61875,0.0000572446,
2.619,0.0116304019,
2.61925,0.0190304853,
2.6195,0.0118234530,
2.61975,0.0095511684,
2.62,-0.0008471604,
2.62025,-0.0144570088,
2.6205,-0.0208025947,
2.62075,-0.0234013908,
2.621,-0.0110722510,
2.62125,-0.0079594525,
2.6215,-0.0080375886,
2.62175,-0.0047630514,
2.622,0.0064079273,
2.62225,-0.0098766219,
2.6225,-0.0184164308,
2.62275,-0.0227659568,
2.623,-0.0162569210,
2.62325,-0.0187946837,
2.6235,-0.0231801085,
2.62375,-0.0056854337,
2.624,0.0133186914,
2.62425,0.0028194694,
2.6245,-0.0083351834,
2.62475,-0.0020222869,
2.625,0.0028311857,
2.62525,-0.0119915418,
2.6255,-0.0255067497,
2.62575,-0.0101888729,
2.626,0.0003124183,
2.62625,-0.0127810147,
2.6265,-0.0118335821,
2.62675,0.0031355524,
2.627,0.0151795195,
2.62725,-0.0006075579,
2.6275,-0.0042559821,
2.62775,-0.0001015741,
2.628,0.0032304469,
2.62825,-0.0159625933,
2.6285,-0.0068461718,
2.62875,0.0071955062,
2.629,0.0080944961,
2.62925,0.0017163559,
2.6295,0.0088654961,
2.62975,0.0171165280,
2.63,0.0069740578,
2.63025,0.0067386990,
2.6305,0.0096962890,
2.63075,0.0033025162,
2.631,0.0007687471,
2.63125,0.0124631152,
2.6315,0.0100159412,
2.63175,0.0102542900,
2.632,0.0153973335,
2.63225,0.0146526201,
2.6325,0.0110948123,
2.63275,-0.0004280586,
2.633,0.0045206714,
2.63325,0.0006673017,
2.6335,-0.0117589952,
2.63375,-0.0118947262,
2.634,0.0025929725,
2.63425,-0.0061045988,
2.6345,-0.0096467920,
2.63475,0.0104919821,
2.635,0.0153216142,
2.63525,-0.0035101783,
2.6355,-0.0050098291,
2.63575,0.0153287388,
2.636,0.0153117394,
2.63625,-0.0017259188,
2.6365,0.0071997028,
2.63675,0.0329831950,
2.637,0.0103368042,
2.63725,0.0038965323,
2.6375,0.0201618765,
2.63775,0.0315564275,
2.638,0.0080666449,
2.63825,0.0125955436,
2.6385,0.0200032070,
2.63875,0.0260262862,
2.639,0.0028518476,
2.63925,0.0076966882,
2.6395,0.0285378452,
2.63975,0.0072181486,
2.64,-0.0101754591,
2.64025,0.0017647397,
2.6405,0.0068946453,
2.64075,-0.0043172762,
2.641,0.0020441061,
2.64125,0.0161328483,
2.6415,0.0242658220,
2.64175,0.0079239970,
2.642,0.0050011021,
2.64225,0.0111797443,
2.6425,-0.0009825658,
2.64275,-0.0101402197,
2.643,-0.0037393162,
2.64325,0.0044410555,
2.6435,0.0127438866,
2.64375,0.0091220550,
2.644,0.0152632929,
2.64425,0.0197450742,
2.6445,0.0134364571,
2.64475,0.0028167616,
2.645,0.0041359900,
2.64525,-0.0016743183,
2.6455,-0.0045899823,
2.64575,-0.0116962614,
2.646,-0.0032265154,
2.64625,-0.0088823112,
2.6465,0.0001682987,
2.64675,0.0014896049,
2.647,0.0036279566,
2.64725,0.0004911805,
2.6475,0.0107423700,
2.64775,0.0025905890,
2.648,-0.0095464140,
2.64825,-0.0187448487,
2.6485,-0.0212471467,
2.64875,-0.0230608918,
2.649,-0.0298112780,
2.64925,-0.0195463207,
2.6495,0.0036067469,
2.64975,-0.0030500337,
2.65,-0.0040369933,
2.65025,-0.0011968133,
2.6505,0.0010258331,
2.65075,-0.0126993014,
2.651,-0.0223889779,
2.65125,-0.0223754328,
2.6515,-0.0255108997,
2.65175,-0.0316621959,
2.652,-0.0144330645,
2.65225,0.0055414136,
2.6525,0.0061715376,
2.65275,0.0038708705,
2.653,0.0087412037,
2.65325,-0.0106976349,
2.6535,-0.0189044438,
2.65375,-0.0229071546,
2.654,-0.0147736594,
2.65425,-0.0184365604,
2.6545,-0.0134882759,
2.65475,-0.0151707651,
2.655,0.0055601303,
2.65525,-0.0108240964,
2.6555,-0.0039615100,
2.65575,-0.0200631283,
2.656,-0.0038979799,
2.65625,-0.0188938249,
2.6565,-0.0186320692,
2.65675,-0.0098215453,
2.657,0.0016955307,
2.65725,0.0036150380,
2.6575,-0.0181401726,
2.65775,-0.0039259554,
2.658,-0.0042348690,
2.65825,0.0029802022,
2.6585,-0.0184045602,
2.65875,0.0010942182,
2.659,0.0026283984,
2.65925,-0.0046030642,
2.6595,-0.0223348215,
2.65975,-0.0067518144,
2.66,0.0110889263,
2.66025,0.0044481247,
2.6605,-0.0021585796,
2.66075,0.0091368631,
2.661,0.0179690961,
2.66125,0.0000046171,
2.6615,-0.0072318763,
2.66175,0.0053265244,
2.662,0.0016234601,
2.66225,-0.0069997497,
2.6625,-0.0013224654,
2.66275,0.0103753516,
2.663,0.0207612477,
2.66325,0.0071390904,
2.6635,-0.0007628632,
2.66375,0.0069298437,
2.664,-0.0051857014,
2.66425,-0.0069607426,
2.6645,0.0003245051,
2.66475,0.0035048604,
2.665,0.0015858409,
2.66525,0.0057836287,
2.6655,0.0057043703,
2.66575,0.0081616882,
2.666,0.0057068723,
2.66625,0.0037205792,
2.6665,0.0089977421,
2.66675,-0.0002998301,
2.667,0.0069095576,
2.66725,0.0040617725,
2.6675,-0.0022807349,
2.66775,-0.0023009204,
2.668,0.0022668368,
2.66825,-0.0045398017,
2.6685,-0.0111385444,
2.66875,0.0006570505,
2.669,0.0141541678,
2.66925,0.0028332984,
2.6695,-0.0029114913,
2.66975,0.0134605635,
2.67,0.0160849243,
2.67025,-0.0169151202,
2.6705,-0.0159866475,
2.67075,0.0069380878,
2.671,0.0028562457,
2.67125,-0.0227304213,
2.6715,-0.0071782982,
2.67175,0.0109156184,
2.672,0.0035152389,
2.67225,-0.0176237747,
2.6725,0.0023448414,
2.67275,0.0144768432,
2.673,-0.0063304920,
2.67325,-0.0303540286,
2.6735,-0.0019758539,
2.67375,-0.0002414687,
2.674,-0.0219247211,
2.67425,-0.0243062079,
2.6745,0.0038607719,
2.67475,0.0057015894,
2.675,-0.0146503206,
2.67525,-0.0101413103,
2.6755,0.0165705271,
2.67575,-0.0035674893,
2.676,-0.0264338590,
2.67625,-0.0118941907,
2.6765,-0.0138555672,
2.67675,-0.0228240155,
2.677,-0.0324091129,
2.67725,-0.0075092493,
2.6775,0.0054904609,
2.67775,0.0022365255,
2.678,-0.0075081801,
2.67825,0.0070769042,
2.6785,-0.0034969228,
2.67875,-0.0170390941,
2.679,-0.0247241352,
2.67925,-0.0132084629,
2.6795,-0.0149334185,
2.67975,-0.0195487682,
2.68,-0.0097560585,
2.68025,0.0032425425,
2.6805,0.0026132867,
2.68075,0.0075481962,
2.681,0.0080826990,
2.68125,-0.0042363866,
2.6815,-0.0083036460,
2.68175,-0.0151111856,
2.682,-0.0225798432,
2.68225,-0.0251426343,
2.6825,-0.0187466014,
2.68275,-0.0062078387,
2.683,-0.0013188842,
2.68325,0.0038512838,
2.6835,0.0212856978,
2.68375,0.0254656840,
2.684,0.0113820015,
2.68425,-0.0026498085,
2.6845,-0.0092924815,
2.68475,-0.0332304798,
2.685,-0.0419844911,
2.68525,-0.0330667794,
2.6855,-0.0073626409,
2.68575,-0.0015546840,
2.686,0.0162927397,
2.68625,0.0319462866,
2.6865,0.0231805034,
2.68675,0.0097160637,
2.687,0.0070929546,
2.68725,-0.0053968709,
2.6875,-0.0214983691,
2.68775,-0.0140688196,
2.688,0.0025544083,
2.68825,0.0137462541,
2.6885,0.0144760944,
2.68875,0.0207640864,
2.689,0.0141203441,
2.68925,0.0066080312,
2.6895,-0.0142441820,
2.68975,-0.0093709417,
2.69,-0.0031511593,
2.69025,0.0014393348,
2.6905,-0.0001413981,
2.69075,0.0040617846,
2.691,0.0099464823,
2.69125,0.0195792783,
2.6915,-0.0014476599,
2.69175,0.0043773786,
2.692,0.0098894807,
2.69225,0.0133672273,
2.6925,-0.0128389057,
2.69275,-0.0041710730,
2.693,0.0163073167,
2.69325,0.0136522092,
2.6935,-0.0069872374,
2.69375,0.0051521836,
2.694,0.0270449631,
2.69425,0.0160335433,
2.6945,-0.0006693230,
2.69475,0.0098746698,
2.695,0.0221863855,
2.69525,-0.0039252280,
2.6955,-0.0163782015,
2.69575,-0.0004073448,
2.696,0.0122581422,
2.69625,-0.0088953907,
2.6965,-0.0077399593,
2.69675,0.0073247240,
2.697,0.0146567747,
2.69725,0.0084452974,
2.6975,0.0033117174,
2.69775,0.0115901623,
2.698,-0.0044734385,
2.69825,-0.0072758850,
2.6985,0.0030428290,
2.69875,0.0007555690,
2.699,0.0067739310,
2.69925,0.0161586758,
2.6995,0.0201693885,
2.69975,0.0160727873,
2.7,0.0081527112,
2.70025,0.0164413005,
2.7005,0.0097800056,
2.70075,-0.0030900748,
2.701,0.0016798086,
2.70125,0.0130028464,
2.7015,-0.0012561294,
2.70175,-0.0063752034,
2.702,0.0037778667,
2.70225,0.0129431039,
2.7025,-0.0007699198,
2.70275,0.0047134599,
2.703,0.0256194137,
2.70325,0.0159652419,
2.7035,-0.0033550411,
2.70375,0.0078997780,
2.704,0.0187600553,
2.70425,-0.0076639233,
2.7045,-0.0169151071,
2.70475,0.0091942213,
2.705,0.0076298565,
2.70525,-0.0126540055,
2.7055,0.0007925383,
2.70575,0.0275334492,
2.706,0.0162215065,
2.70625,-0.0006603050,
2.7065,0.0122397002,
2.70675,0.0228990335,
2.707,-0.0063228104,
2.70725,-0.0277921762,
2.7075,0.0017030945,
2.70775,0.0063867429,
2.708,-0.0174350031,
2.70825,-0.0163873360,
2.7085,0.0153559614,
2.70875,0.0153085180,
2.709,-0.0148571851,
2.70925,-0.0109722577,
2.7095,0.0137924217,
2.70975,-0.0024735578,
2.71,-0.0283489116,
2.71025,-0.0160872322,
2.7105,0.0065344777,
2.71075,-0.0053215194,
2.711,-0.0151018705,
2.71125,0.0044661104,
2.7115,0.0142708654,
2.71175,-0.0019349321,
2.712,-0.0176116936,
2.71225,-0.0125884470,
2.7125,-0.0033472406,
2.71275,-0.0180638339,
2.713,-0.0147704370,
2.71325,0.0070699067,
2.7135,0.0091041625,
2.71375,-0.0007534942,
2.714,0.0051120128,
2.71425,0.0099245841,
2.7145,0.0012862921,
2.71475,0.0000260970,
2.715,-0.0057814196,
2.71525,0.0014614607,
2.7155,-0.0143559389,
2.71575,-0.0123195909,
2.716,-0.0001791719,
2.71625,0.0037365113,
2.7165,0.0068908460,
2.71675,0.0171904527,
2.717,0.0185771137,
2.71725,0.0142036024,
2.7175,0.0050476231,
2.71775,0.0009768105,
2.718,-0.0110886432,
2.71825,-0.0128055848,
2.7185,-0.0083042551,
2.71875,0.0055236141,
2.719,0.0104454122,
2.71925,0.0207924303,
2.7195,0.0325482488,
2.71975,0.0231544189,
2.72,0.0207532216,
2.72025,0.0196961015,
2.7205,0.0105797946,
2.72075,-0.0087322248,
2.721,-0.0072582783,
2.72125,-0.0001856130,
2.7215,0.0024783353,
2.72175,0.0096476628,
2.722,0.0218829792,
2.72225,0.0289533194,
2.7225,0.0201145392,
2.72275,0.0108393645,
2.723,0.0101460759,
2.72325,0.0046251346,
2.7235,-0.0068393820,
2.72375,-0.0065454845,
2.724,0.0063092425,
2.72425,0.0022234865,
2.7245,0.0005426394,
2.72475,0.0053007938,
2.725,0.0144796800,
2.72525,0.0089866826,
2.7255,-0.0031744675,
2.72575,-0.0104487222,
2.726,0.0016400426,
2.72625,-0.0028438678,
2.7265,-0.0107030142,
2.72675,-0.0036579538,
2.727,0.0211988669,
2.72725,0.0095827905,
2.7275,-0.0093540261,
2.72775,-0.0015137788,
2.728,0.0161499139,
2.72825,-0.0073033846,
2.7285,-0.0318450220,
2.72875,-0.0073341583,
2.729,0.0035871591,
2.72925,-0.0143408142,
2.7295,-0.0146566415,
2.72975,0.0090686567,
2.73,0.0090107322,
2.73025,-0.0145694762,
2.7305,-0.0196867529,
2.73075,-0.0060804812,
2.731,-0.0144788008,
2.73125,-0.0351626389,
2.7315,-0.0169657171,
2.73175,-0.0084199104,
2.732,-0.0198511742,
2.73225,-0.0121125579,
2.7325,0.0009682452,
2.73275,-0.0047980398,
2.733,-0.0183921345,
2.73325,-0.0152940070,
2.7335,-0.0061391485,
2.73375,-0.0245468300,
2.734,-0.0218461677,
2.73425,0.0000249893,
2.7345,-0.0018591584,
2.73475,-0.0163906030,
2.735,-0.0107507780,
2.73525,-0.0067272601,
2.7355,-0.0128585175,
2.73575,-0.0214139298,
2.736,-0.0140316328,
2.73625,-0.0024886967,
2.7365,-0.0108293351,
2.73675,-0.0169955045,
2.737,0.0067627132,
2.73725,0.0015119868,
2.7375,-0.0072112568,
2.73775,-0.0008788287,
2.738,0.0031210682,
2.73825,-0.0127137620,
2.7385,-0.0226348992,
2.73875,-0.0051436531,
2.739,-0.0001881981,
2.73925,-0.0125645287,
2.7395,-0.0051327045,
2.73975,0.0198492929,
2.74,0.0066110659,
2.74025,-0.0108686108,
2.7405,0.0008825295,
2.74075,0.0094714016,
2.741,-0.0147413183,
2.74125,-0.0210949071,
2.7415,0.0034156742,
2.74175,0.0087978076,
2.742,-0.0089084413,
2.74225,-0.0010856513,
2.7425,0.0256899484,
2.74275,0.0107899914,
2.743,-0.0106017655,
2.74325,0.0012073260,
2.7435,0.0115632657,
2.74375,-0.0046079629,
2.744,-0.0113947690,
2.74425,0.0134781701,
2.7445,0.0196694992,
2.74475,0.0058183703,
2.745,0.0068490868,
2.74525,0.0167518016,
2.7455,0.0133183338,
2.74575,0.0030701330,
2.746,-0.0014185003,
2.74625,0.0085322950,
2.7465,0.0016394756,
2.74675,-0.0061280755,
2.747,0.0023141582,
2.74725,0.0130933430,
2.7475,0.0121140443,
2.74775,0.0163855869,
2.748,0.0160395037,
2.74825,0.0148234433,
2.7485,0.0072253146,
2.74875,-0.0090157511,
2.749,-0.0116510317,
2.74925,-0.0071722856,
2.7495,-0.0162982810,
2.74975,-0.0070300801,
2.75,0.0048834709,
2.75025,0.0154296411,
2.7505,0.0132470401,
2.75075,0.0091940695,
2.751,0.0108310524,
2.75125,0.0054812534,
2.7515,-0.0087304702,
2.75175,-0.0185273103,
2.752,-0.0190577544,
2.75225,-0.0251486246,
2.7525,-0.0218434632,
2.75275,-0.0071353288,
2.753,0.0008241513,
2.75325,0.0169124454,
2.7535,0.0143246334,
2.75375,0.0113202333,
2.754,0.0137362592,
2.75425,-0.0002229576,
2.7545,-0.0084274989,
2.75475,-0.0121725164,
2.755,-0.0053129140,
2.75525,-0.0107714012,
2.7555,-0.0070683779,
2.75575,0.0015273296,
2.756,0.0054695690,
2.75625,-0.0100112436,
2.7565,-0.0156249236,
2.75675,-0.0102068968,
2.757,-0.0178386103,
2.75725,-0.0231839456,
2.7575,-0.0133655593,
2.75775,-0.0010081358,
2.758,-0.0028081178,
2.75825,-0.0151298027,
2.7585,-0.0136562819,
2.75875,-0.0056421822,
2.759,-0.0099604195,
2.75925,-0.0117201591,
2.7595,-0.0074869418,
2.75975,-0.0014711723,
2.76,0.0062510818,
2.76025,-0.0021599175,
2.7605,-0.0047945459,
2.76075,0.0064817341,
2.761,0.0056187604,
2.76125,-0.0037898330,
2.7615,-0.0096610896,
2.76175,0.0070386697,
2.762,0.0047545489,
2.76225,-0.0254771337,
2.7625,-0.0237344783,
2.76275,-0.0035203041,
2.763,-0.0092403041,
2.76325,-0.0126384208,
2.7635,0.0047982805,
2.76375,0.0117945122,
2.764,-0.0054287068,
2.76425,-0.0152288899,
2.7645,-0.0029452760,
2.76475,0.0020650069,
2.765,-0.0211990345,
2.76525,-0.0069426028,
2.7655,0.0145654622,
2.76575,0.0062004002,
2.766,0.0029408173,
2.76625,0.0144728189,
2.7665,0.0185969863,
2.76675,-0.0052200807,
2.767,-0.0084018419,
2.76725,0.0066596526,
2.7675,0.0043733222,
2.76775,-0.0088643972,
2.768,0.0025622130,
2.76825,0.0146078793,
2.7685,0.0050967508,
2.76875,0.0064520901,
2.769,0.0114573454,
2.76925,0.0167117640,
2.7695,0.0094482563,
2.76975,0.0043882788,
2.77,0.0101630073,
2.77025,0.0090743583,
2.7705,-0.0051022531,
2.77075,0.0045307134,
2.771,0.0099431742,
2.77125,0.0058036717,
2.7715,0.0072121802,
2.77175,0.0218202583,
2.772,0.0229826421,
2.77225,0.0201676786,
2.7725,0.0210181698,
2.77275,0.0277018584,
2.773,0.0199755803,
2.77325,0.0109976996,
2.7735,0.0172867253,
2.77375,0.0165963881,
2.774,0.0051981481,
2.77425,0.0099200737,
2.7745,0.0207813382,
2.77475,0.0188177042,
2.775,0.0078704599,
2.77525,0.0186304506,
2.7755,0.0229768734,
2.77575,0.0093177818,
2.776,-0.0059538144,
2.77625,0.0073174811,
2.7765,0.0033803924,
2.77675,-0.0175984725,
2.777,-0.0111530023,
2.77725,0.0052661980,
2.7775,0.0057274932,
2.77775,0.0039034081,
2.778,0.0173850432,
2.77825,0.0315583646,
2.7785,0.0198576506,
2.77875,0.0111028198,
2.779,0.0205485541,
2.77925,0.0177591126,
2.7795,0.0074151908,
2.77975,0.0122492276,
2.78,0.0244569927,
2.78025,0.0230951272,
2.7805,0.0161567423,
2.78075,0.0161341839,
2.781,0.0268171150,
2.78125,0.0136903841,
2.7815,0.0041323593,
2.78175,0.0045460388,
2.782,-0.0027295342,
2.78225,-0.0103638861,
2.7825,-0.0123927053,
2.78275,-0.0061237477,
2.783,0.0095884819,
2.78325,0.0067058727,
2.7835,0.0131525239,
2.78375,0.0185853764,
2.784,0.0149467718,
2.78425,0.0014504585,
2.7845,-0.0000499671,
2.78475,-0.0081919404,
2.785,-0.0188154634,
2.78525,-0.0234927796,
2.7855,-0.0095361089,
2.78575,-0.0015005269,
2.786,0.0042997831,
2.78625,0.0066796415,
2.7865,0.0160906445,
2.78675,0.0012014417,
2.787,-0.0057126423,
2.78725,-0.0100451615,
2.7875,-0.0153922001,
2.78775,-0.0229782611,
2.788,-0.0148934880,
2.78825,-0.0172239579,
2.7885,-0.0039715222,
2.78875,0.0049596117,
2.789,0.0112898871,
2.78925,0.0090004439,
2.7895,0.0025820136,
2.78975,-0.0049080048,
2.79,-0.0218513049,
2.79025,-0.0236536451,
2.7905,-0.0226440579,
2.79075,-0.0028118449,
2.791,-0.0100099836,
2.79125,0.0026351402,
2.7915,-0.0029944591,
2.79175,0.0005525290,
2.792,-0.0127903009,
2.79225,-0.0148014929,
2.7925,-0.0232627224,
2.79275,-0.0209507905,
2.793,-0.0175164565,
2.79325,-0.0119824149,
2.7935,-0.0001136475,
2.79375,0.0124736205,
2.794,0.0151607431,
2.79425,0.0053204591,
2.7945,-0.0009938088,
2.79475,0.0027251984,
2.795,-0.0035255179,
2.79525,-0.0144878868,
2.7955,-0.0066438103,
2.79575,0.0145450663,
2.796,0.0033142313,
2.79625,0.0044446904,
2.7965,0.0186879858,
2.79675,0.0252651945,
2.797,0.0057025133,
2.79725,0.0045618922,
2.7975,0.0094168736,
2.79775,0.0073192474,
2.798,-0.0120752212,
2.79825,-0.0043331501,
2.7985,0.0155920181,
2.79875,0.0050800224,
2.799,-0.0035253847,
2.79925,0.0201939829,
2.7995,0.0152108120,
2.79975,0.0002311325,
2.8,-0.0031474072,
2.80025,0.0094910245,
2.8005,0.0010911921,
2.80075,-0.0167842694,
2.801,-0.0008530528,
2.80125,0.0148403682,
2.8015,0.0061627952,
2.80175,0.0055192360,
2.802,0.0234258957,
2.80225,0.0245285742,
2.8025,0.0091286274,
2.80275,0.0007076982,
2.803,0.0063013108,
2.80325,0.0050800149,
2.8035,-0.0085010529,
2.80375,-0.0026511676,
2.804,0.0169699993,
2.80425,0.0175966006,
2.8045,0.0137991589,
2.80475,0.0213287678,
2.805,0.0251838658,
2.80525,0.0098225670,
2.8055,0.0009623097,
2.80575,0.0027356800,
2.806,-0.0016500779,
2.80625,-0.0048340536,
2.8065,0.0022618040,
2.80675,0.0055930531,
2.807,0.0048355185,
2.80725,-0.0004339403,
2.8075,0.0105002299,
2.80775,0.0038610459,
2.808,-0.0000167859,
2.80825,0.0006424448,
2.8085,0.0074870633,
2.80875,-0.0043962812,
2.809,-0.0130988201,
2.80925,-0.0111467987,
2.8095,-0.0112816785,
2.80975,-0.0280472431,
2.81,-0.0213549808,
2.81025,-0.0033558637,
2.8105,-0.0004872342,
2.81075,-0.0084754303,
2.811,0.0012139928,
2.81125,0.0028355720,
2.8115,-0.0201919563,
2.81175,-0.0324652195,
2.812,-0.0272994842,
2.81225,-0.0206458680,
2.8125,-0.0267619900,
2.81275,-0.0153221367,
2.813,-0.0044043045,
2.81325,-0.0061048307,
2.8135,-0.0241847988,
2.81375,-0.0218764655,
2.814,-0.0175806805,
2.81425,-0.0215834267,
2.8145,-0.0335605107,
2.81475,-0.0162132289,
2.815,-0.0105574345,
2.81525,-0.0172974057,
2.8155,-0.0191003066,
2.81575,-0.0108219106,
2.816,-0.0064126654,
2.81625,-0.0110924104,
2.8165,-0.0089515168,
2.81675,0.0009073594,
2.817,-0.0045617651,
2.81725,-0.0099664964,
2.8175,-0.0086614573,
2.81775,-0.0124192890,
2.818,-0.0184419360,
2.81825,-0.0239776783,
2.8185,-0.0122379325,
2.81875,0.0011373135,
2.819,-0.0009855099,
2.81925,0.0046085394,
2.8195,0.0128060691,
2.81975,0.0091810171,
2.82,-0.0145346774,
2.82025,-0.0097600715,
2.8205,-0.0087770252,
2.82075,-0.0169783477,
2.821,-0.0249934290,
2.82125,-0.0110903773,
2.8215,-0.0005602525,
2.82175,0.0081572132,
2.822,0.0018500431,
2.82225,0.0165211875,
2.8225,0.0094128139,
2.82275,0.0032550560,
2.823,-0.0160493497,
2.82325,-0.0064819162,
2.8235,-0.0099377595,
2.82375,-0.0086872280,
2.824,-0.0070840837,
2.82425,0.0027098474,
2.8245,0.0032021203,
2.82475,0.0001286303,
2.825,0.0083296299,
2.82525,0.0013234733,
2.8255,-0.0059358892,
2.82575,-0.0112335421,
2.826,-0.0009212713,
2.82625,-0.0073859533,
2.8265,0.0041750823,
2.82675,0.0037704543,
2.827,0.0186596643,
2.82725,0.0080247093,
2.8275,0.0074256072,
2.82775,0.0052388990,
2.828,0.0098326318,
2.82825,-0.0025840525,
2.8285,-0.0029274600,
2.82875,0.0044618929,
2.829,0.0054817605,
2.82925,0.0030890736,
2.8295,-0.0007255907,
2.82975,0.0201878436,
2.83,0.0103734015,
2.83025,0.0040421872,
2.8305,0.0163838994,
2.83075,0.0171771441,
2.831,-0.0065946039,
2.83125,-0.0029764702,
2.8315,0.0141265783,
2.83175,0.0115487063,
2.832,-0.0031619521,
2.83225,0.0081035029,
2.8325,0.0248778425,
2.83275,0.0073791617,
2.833,-0.0099871168,
2.83325,0.0109315049,
2.8335,0.0158600006,
2.83375,-0.0016528843,
2.834,-0.0026080413,
2.83425,0.0207150932,
2.8345,0.0123120481,
2.83475,-0.0057716295,
2.835,0.0066878698,
2.83525,0.0208405759,
2.8355,0.0029206341,
2.83575,-0.0093157301,
2.836,0.0095640700,
2.83625,0.0159182325,
2.8365,-0.0057418500,
2.83675,-0.0002042122,
2.837,0.0146330995,
2.83725,0.0092989374,
2.8375,-0.0122649129,
2.83775,-0.0065370067,
2.838,0.0117781144,
2.83825,0.0015442914,
2.8385,-0.0096827419,
2.83875,0.0014259595,
2.839,0.0124121280,
2.83925,-0.0050365692,
2.8395,-0.0073380978,
2.83975,0.0065825158,
2.84,0.0003240322,
2.84025,-0.0058514820,
2.8405,-0.0074030501,
2.84075,-0.0043748049,
2.841,-0.0046237539,
2.84125,-0.0071798521,
2.8415,-0.0012051371,
2.84175,-0.0008069007,
2.842,-0.0086947000,
2.84225,-0.0050504282,
2.8425,-0.0043195682,
2.84275,-0.0119821727,
2.843,-0.0153012294,
2.84325,-0.0080518229,
2.8435,-0.0097009800,
2.84375,-0.0136438180,
2.844,-0.0079305731,
2.84425,0.0066130632,
2.8445,0.0050282548,
2.84475,-0.0070241895,
2.845,-0.0010030791,
2.84525,0.0074357390,
2.8455,-0.0121009294,
2.84575,-0.0174415801,
2.846,-0.0022495994,
2.84625,0.0038724996,
2.8465,-0.0099403150,
2.84675,-0.0033544914,
2.847,0.0084864963,
2.84725,0.0100583863,
2.8475,-0.0040951190,
2.84775,-0.0005602093,
2.848,0.0107812155,
2.84825,0.0025997022,
2.8485,-0.0111057153,
2.84875,-0.0033958068,
2.849,0.0059128227,
2.84925,0.0006333977,
2.8495,-0.0022408708,
2.84975,0.0134374248,
2.85,0.0212677307,
2.85025,0.0138266934,
2.8505,0.0097318301,
2.85075,0.0161746647,
2.851,0.0097824354,
2.85125,-0.0052880552,
2.8515,-0.0121313659,
2.85175,-0.0068781525,
2.852,0.0004797395,
2.85225,0.0018076173,
2.8525,0.0093163345,
2.85275,0.0255009886,
2.853,0.0259243287,
2.85325,0.0162042342,
2.8535,0.0168753918,
2.85375,0.0140342684,
2.854,-0.0058848481,
2.85425,-0.0155683011,
2.8545,-0.0099537559,
2.85475,-0.0103726313,
2.855,-0.0106862048,
2.85525,0.0025841030,
2.8555,0.0245467573,
2.85575,0.0266044475,
2.856,0.0209415331,
2.85625,0.0181441363,
2.8565,0.0171158426,
2.85675,-0.0075421757,
2.857,-0.0168663990,
2.85725,-0.0030064329,
2.8575,0.0010945778,
2.85775,-0.0005651811,
2.858,0.0085104033,
2.85825,0.0200095978,
2.8585,0.0140339686,
2.85875,-0.0051367059,
2.859,-0.0092684943,
2.85925,-0.0041450686,
2.8595,-0.0149900746,
2.85975,-0.0148998890,
2.86,-0.0136018191,
2.86025,-0.0003498777,
2.8605,-0.0022311071,
2.86075,-0.0036315117,
2.861,-0.0026341109,
2.86125,0.0024552480,
2.8615,-0.0042004534,
2.86175,-0.0052374993,
2.862,-0.0047079977,
2.86225,0.0023693922,
2.8625,-0.0224088952,
2.86275,-0.0605902225,
2.863,-0.0198742207,
2.86325,-0.0006195939,
2.8635,-0.0285923108,
2.86375,-0.0127705932,
2.864,-0.0064480500,
2.86425,-0.0319140777,
2.8645,-0.0138637600,
2.86475,0.0001293947,
2.865,-0.0198257510,
2.86525,-0.0190367140,
2.8655,-0.0029764834,
2.86575,0.0088301972,
2.866,-0.0089469682,
2.86625,-0.0077366927,
2.8665,0.0209541600,
2.86675,0.0018225682,
2.867,-0.0204579867,
2.86725,-0.0151996613,
2.8675,0.0032216823,
2.86775,-0.0123586357,
2.868,-0.0226162635,
2.86825,0.0003600715,
2.8685,0.0208627768,
2.86875,-0.0013099442,
2.869,-0.0072620530,
2.86925,0.0218752027,
2.8695,0.0098877531,
2.86975,-0.0200522617,
2.87,-0.0130389892,
2.87025,0.0048537776,
2.8705,-0.0130861625,
2.87075,-0.0203882754,
2.871,-0.0049140099,
2.87125,0.0130431727,
2.8715,-0.0040909043,
2.87175,-0.0127757704,
2.872,0.0119378371,
2.87225,0.0149079496,
2.8725,-0.0086723538,
2.87275,-0.0047580940,
2.873,0.0170099586,
2.87325,0.0062807328,
2.8735,-0.0106672309,
2.87375,-0.0036263128,
2.874,0.0011021015,
2.87425,-0.0132055543,
2.8745,-0.0182569157,
2.87475,-0.0062617688,
2.875,0.0006117789,
2.87525,-0.0042234985,
2.8755,0.0058883061,
2.87575,0.0087044500,
2.876,-0.0010861480,
2.87625,-0.0032891121,
2.8765,-0.0059535676,
2.87675,-0.0094193649,
2.877,-0.0183314327,
2.87725,-0.0046573058,
2.8775,-0.0030866559,
2.87775,-0.0063750185,
2.878,-0.0067757880,
2.87825,0.0012544855,
2.8785,-0.0001643378,
2.87875,-0.0114960819,
2.879,-0.0112177785,
2.87925,0.0011421076,
2.8795,-0.0041219806,
2.87975,-0.0156445336,
2.88,-0.0023683249,
2.88025,0.0029977856,
2.8805,-0.0047102142,
2.88075,-0.0078430725,
2.881,0.0034852701,
2.88125,0.0069326214,
2.8815,-0.0048008929,
2.88175,-0.0064238789,
2.882,0.0060569597,
2.88225,-0.0016544940,
2.8825,-0.0141655328,
2.88275,-0.0074308668,
2.883,0.0086297607,
2.88325,0.0029370892,
2.8835,-0.0049164137,
2.88375,0.0048210337,
2.884,0.0116101922,
2.88425,-0.0073249089,
2.8845,-0.0188103728,
2.88475,-0.0077977641,
2.885,-0.0128696524,
2.88525,-0.0188985821,
2.8855,-0.0151068550,
2.88575,0.0002194189,
2.886,0.0103194732,
2.88625,0.0065728254,
2.8865,0.0100288736,
2.88675,0.0163264796,
2.887,0.0114515973,
2.88725,-0.0077811577,
2.8875,-0.0148770884,
2.88775,-0.0099127311,
2.888,-0.0104894824,
2.88825,-0.0131258732,
2.8885,-0.0000352923,
2.88875,0.0161252376,
2.889,0.0075531481,
2.88925,0.0031122684,
2.8895,0.0105160326,
2.88975,0.0136309452,
2.89,0.0006735706,
2.89025,-0.0106891040,
2.8905,-0.0058899438,
2.89075,-0.0028588218,
2.891,-0.0157477967,
2.89125,-0.0073073721,
2.8915,0.0162214898,
2.89175,0.0153164668,
2.892,-0.0006559232,
2.89225,-0.0016549635,
2.8925,0.0116143674,
2.89275,-0.0064445990,
2.893,-0.0120407576,
2.89325,-0.0044566514,
2.8935,0.0133286379,
2.89375,-0.0033861797,
2.894,0.0027891034,
2.89425,0.0177057311,
2.8945,0.0221706163,
2.89475,-0.0005654348,
2.895,-0.0044562565,
2.89525,0.0029631888,
2.8955,-0.0030441934,
2.89575,-0.0187099613,
2.896,0.0014535778,
2.89625,-0.0005313694,
2.8965,-0.0103395982,
2.89675,-0.0012601801,
2.897,-0.0054039462,
2.89725,0.0020147660,
2.8975,-0.0177411959,
2.89775,-0.0050274795,
2.898,-0.0048881280,
2.89825,-0.0044774115,
2.8985,-0.0036748992,
2.89875,-0.0005036815,
2.899,-0.0042801024,
2.89925,-0.0059373067,
2.8995,0.0033212728,
2.89975,0.0103106778,
2.9,-0.0102932788,
2.90025,-0.0121644801,
2.9005,0.0072129685,
2.90075,-0.0014011711,
2.901,-0.0246250462,
2.90125,-0.0113535719,
2.9015,0.0101508945,
2.90175,-0.0028257249,
2.902,-0.0179479867,
2.90225,0.0055693602,
2.9025,0.0158675555,
2.90275,-0.0144258048,
2.903,-0.0255279653,
2.90325,0.0054380954,
2.9035,0.0005936737,
2.90375,-0.0214283876,
2.904,-0.0010753800,
2.90425,0.0256942380,
2.9045,0.0087168301,
2.90475,-0.0058063813,
2.905,0.0117907617,
2.90525,0.0182409324,
2.9055,-0.0093383603,
2.90575,-0.0181997176,
2.906,0.0061399797,
2.90625,0.0117239915,
2.9065,-0.0172918141,
2.90675,-0.0039996086,
2.907,0.0239403639,
2.90725,0.0125651900,
2.9075,-0.0044046976,
2.90775,0.0100265555,
2.908,0.0186813325,
2.90825,0.0028499477,
2.9085,-0.0119463708,
2.90875,0.0095436387,
2.909,0.0099279452,
2.90925,-0.0048936908,
2.9095,0.0003206961,
2.90975,0.0173777584,
2.91,0.0084921718,
2.91025,0.0073641310,
2.9105,0.0141877076,
2.91075,0.0162901096,
2.911,0.0077958540,
2.91125,0.0051339688,
2.9115,0.0138918888,
2.91175,0.0122067994,
2.912,0.0061123427,
2.91225,0.0159713794,
2.9125,0.0168813393,
2.91275,0.0162287131,
2.913,0.0185256246,
2.91325,0.0277938526,
2.9135,0.0238133594,
2.91375,0.0112862615,
2.914,0.0183074437,
2.91425,0.0145013891,
2.9145,0.0043779756,
2.91475,-0.0030480300,
2.915,0.0084969467,
2.91525,0.0042740274,
2.9155,-0.0002924814,
2.91575,-0.0050041243,
2.916,0.0067088874,
2.91625,0.0052487869,
2.9165,-0.0042935610,
2.91675,-0.0039956234,
2.917,0.0072928658,
2.91725,0.0031695983,
2.9175,-0.0080206264,
2.91775,-0.0009521984,
2.918,0.0001879260,
2.91825,-0.0038570494,
2.9185,-0.0076279817,
2.91875,0.0066166581,
2.919,0.0122010093,
2.91925,0.0121423891,
2.9195,0.0146680707,
2.91975,0.0232257731,
2.92,0.0137581024,
2.92025,0.0062214765,
2.9205,0.0022782562,
2.92075,-0.0046177991,
2.921,-0.0120075177,
2.92125,-0.0178473014,
2.9215,-0.0029144299,
2.92175,0.0016879465,
2.922,0.0014982774,
2.92225,0.0030374203,
2.9225,0.0154974591,
2.92275,0.0138826855,
2.923,0.0045558363,
2.92325,-0.0102313813,
2.9235,-0.0138461776,
2.92375,-0.0182835162,
2.924,-0.0301751569,
2.92425,-0.0211711787,
2.9245,0.0052327234,
2.92475,0.0159670021,
2.925,0.0087045515,
2.92525,0.0046572061,
2.9255,0.0068006590,
2.92575,-0.0030557925,
2.926,-0.0276102833,
2.92625,-0.0187657792,
2.9265,0.0002004372,
2.92675,-0.0089400597,
2.927,-0.0018582935,
2.92725,0.0135050658,
2.9275,0.0195712429,
2.92775,0.0010121313,
2.928,-0.0012764011,
2.92825,0.0060752621,
2.9285,0.0031930697,
2.92875,-0.0102676842,
2.929,0.0046881777,
2.92925,0.0178511683,
2.9295,0.0133610284,
2.92975,-0.0015037368,
2.93,0.0078911921,
2.93025,0.0124017056,
2.9305,0.0023031509,
2.93075,-0.0060370490,
2.931,0.0077018319,
2.93125,0.0034735443,
2.9315,-0.0060336413,
2.93175,-0.0044878349,
2.932,0.0010009885,
2.93225,0.0066766776,
2.9325,0.0084492294,
2.93275,0.0123174349,
2.933,0.0114486124,
2.93325,0.0058443323,
2.9335,0.0072721806,
2.93375,0.0014597247,
2.934,-0.0084393602,
2.93425,-0.0036359786,
2.9345,0.0126744658,
2.93475,0.0060389712,
2.935,0.0023833576,
2.93525,0.0143300220,
2.9355,0.0266986508,
2.93575,0.0108950501,
2.936,-0.0057375226,
2.93625,0.0062958607,
2.9365,0.0093313390,
2.93675,-0.0171628855,
2.937,-0.0115811173,
2.93725,0.0136955380,
2.9375,0.0092167305,
2.93775,-0.0112979226,
2.938,0.0093267430,
2.93825,0.0179694034,
2.9385,-0.0004483528,
2.93875,-0.0090938276,
2.939,0.0091917152,
2.93925,0.0108691044,
2.9395,-0.0129967881,
2.93975,-0.0063983183,
2.94,0.0188479275,
2.94025,-0.0040660719,
2.9405,-0.0246296786,
2.94075,-0.0008530073,
2.941,0.0056275371,
2.94125,-0.0155352661,
2.9415,-0.0172060877,
2.94175,0.0067646829,
2.942,0.0087510748,
2.94225,-0.0152695961,
2.9425,-0.0087937983,
2.94275,0.0018872796,
2.943,-0.0138235660,
2.94325,-0.0280679278,
2.9435,-0.0189593285,
2.94375,-0.0081696017,
2.944,-0.0137572158,
2.94425,-0.0104218340,
2.9445,-0.0023018869,
2.94475,0.0040467745,
2.945,-0.0008979024,
2.94525,-0.0058407569,
2.9455,-0.0019939321,
2.94575,-0.0051150653,
2.946,-0.0137001323,
2.94625,-0.0148638673,
2.9465,-0.0097204456,
2.94675,-0.0134200519,
2.947,-0.0090997284,
2.94725,-0.0036183922,
2.9475,-0.0082122190,
2.94775,-0.0009363334,
2.948,-0.0037476814,
2.94825,-0.0091473935,
2.9485,-0.0112228617,
2.94875,-0.0135936905,
2.949,-0.0158988796,
2.94925,-0.0174432211,
2.9495,-0.0117639322,
2.94975,-0.0011549339,
2.95,0.0054700468,
2.95025,0.0010623648,
2.9505,-0.0005111335,
2.95075,0.0019530590,
2.951,-0.0049130642,
2.95125,-0.0160617605,
2.9515,-0.0129124951,
2.95175,-0.0101373419,
2.952,-0.0162696689,
2.95225,-0.0143387364,
2.9525,0.0050784969,
2.95275,0.0121585187,
2.953,0.0090689780,
2.95325,0.0147254840,
2.9535,0.0172908343,
2.95375,0.0008429153,
2.954,-0.0161209740,
2.95425,-0.0160533153,
2.9545,-0.0096504986,
2.95475,-0.0120128505,
2.955,-0.0032429611,
2.95525,0.0131801739,
2.9555,0.0200828128,
2.95575,0.0178940520,
2.956,0.0139622204,
2.95625,0.0104779601,
2.9565,0.0002074703,
2.95675,-0.0151803009,
2.957,-0.0225320067,
2.95725,-0.0230674185,
2.9575,-0.0081636393,
2.95775,0.0016426063,
2.958,0.0069876360,
2.95825,0.0139819998,
2.9585,0.0251590479,
2.95875,0.0051147602,
2.959,-0.0046281237,
2.95925,-0.0113559617,
2.9595,-0.0099960342,
2.95975,-0.0263328664,
2.96,-0.0166606139,
2.96025,-0.0002382622,
2.9605,0.0140464073,
2.96075,0.0057657305,
2.961,0.0159425028,
2.96125,0.0175842121,
2.9615,-0.0033457482,
2.96175,-0.0174423102,
2.962,-0.0079429811,
2.96225,-0.0107766744,
2.9625,-0.0151511822,
2.96275,-0.0072761765,
2.963,0.0116748866,
2.96325,0.0201039948,
2.9635,0.0058984002,
2.96375,0.0032343145,
2.964,0.0164068267,
2.96425,-0.0047498550,
2.9645,-0.0204714909,
2.96475,-0.0092526050,
2.965,0.0019491198,
2.96525,0.0006758497,
2.9655,0.0024359876,
2.96575,0.0045398325,
2.966,0.0191863105,
2.96625,0.0086778654,
2.9665,0.0017533840,
2.96675,0.0022871096,
2.967,0.0004098969,
2.96725,-0.0033314850,
2.9675,-0.0029702000,
2.96775,-0.0023415815,
2.968,0.0043947748,
2.96825,0.0148884580,
2.9685,0.0130626857,
2.96875,0.0125249298,
2.969,0.0069588050,
2.96925,0.0120968502,
2.9695,0.0068321009,
2.96975,-0.0057351980,
2.97,0.0020833625,
2.97025,0.0170901958,
2.9705,0.0041197701,
2.97075,-0.0011157684,
2.971,0.0199439637,
2.97125,0.0181195177,
2.9715,0.0080335485,
2.97175,0.0096293930,
2.972,0.0228676833,
2.97225,0.0064862850,
2.9725,-0.0135102756,
2.97275,-0.0027948595,
2.973,0.0157444794,
2.97325,-0.0019707342,
2.9735,-0.0103104301,
2.97375,0.0192951560,
2.974,0.0164086539,
2.97425,-0.0100246063,
2.9745,-0.0067980639,
2.97475,0.0171157233,
2.975,0.0073680147,
2.97525,-0.0146439476,
2.9755,-0.0017661299,
2.97575,0.0162442755,
2.976,-0.0024303063,
2.97625,-0.0117329769,
2.9765,0.0061717452,
2.97675,0.0061437064,
2.977,-0.0117080864,
2.97725,-0.0081039760,
2.9775,0.0090496885,
2.97775,0.0040830709,
2.978,0.0006039988,
2.97825,0.0064308457,
2.9785,0.0096191373,
2.97875,-0.0011457443,
2.979,-0.0106136417,
2.97925,-0.0118560847,
2.9795,-0.0168718938,
2.97975,-0.0193581693,
2.98,-0.0174235068,
2.98025,-0.0025990235,
2.9805,0.0016129869,
2.98075,0.0046444768,
2.981,0.0059703947,
2.98125,0.0014620483,
2.9815,-0.0050859852,
2.98175,-0.0043987031,
2.982,-0.0104937907,
2.98225,-0.0079359775,
2.9825,-0.0040725768,
2.98275,0.0019144103,
2.983,0.0077962321,
2.98325,0.0087922644,
2.9835,0.0120694228,
2.98375,0.0113905268,
2.984,0.0016985304,
2.98425,-0.0104079219,
2.9845,-0.0061756927,
2.98475,-0.0005071911,
2.985,-0.0096054394,
2.98525,-0.0038232317,
2.9855,0.0118978098,
2.98575,0.0165019613,
2.986,0.0076089171,
2.98625,0.0179412160,
2.9865,0.0219396688,
2.98675,0.0060393084,
2.987,-0.0065117814,
2.98725,0.0059393635,
2.9875,-0.0006893813,
2.98775,-0.0094599454,
2.988,-0.0027349503,
2.98825,0.0172809530,
2.9885,0.0149734421,
2.98875,0.0162156038,
2.989,0.0301469136,
2.98925,0.0347140357,
2.9895,0.0165840220,
2.98975,0.0015344457,
2.99,0.0007929582,
2.99025,-0.0091327550,
2.9905,-0.0214285124,
2.99075,-0.0090426011,
2.991,0.0139885684,
2.99125,0.0200554691,
2.9915,0.0278708637,
2.99175,0.0323125683,
2.992,0.0289167874,
2.99225,0.0162091628,
2.9925,0.0014657631,
2.99275,-0.0021268551,
2.993,-0.0033562980,
2.99325,-0.0000870056,
2.9935,0.0077942125,
2.99375,0.0184576325,
2.994,0.0230550487,
2.99425,0.0247150809,
2.9945,0.0106562776,
2.99475,0.0076522492,
2.995,0.0109767169,
2.99525,0.0049476367,
2.9955,0.0008085163,
2.99575,0.0166706014,
2.996,0.0202760864,
2.99625,0.0110472515,
2.9965,0.0041270917,
2.99675,0.0073381192,
2.997,0.0117294779,
2.99725,0.0023614257,
2.9975,0.0004737444,
2.99775,0.0108371042,
2.998,0.0083014574,
2.99825,-0.0018959864,
2.9985,-0.0001082560,
2.99875,0.0082056979,
2.999,0.0086000552,
2.99925,0.0054884600,
2.9995,0.0046506049,
2.99975,0.0144878291,