Date,2020-12-18 17:32:43
Filename,STFMK-20201105-LW19-3455_20201218_173243_004.dat
Data Label,회전체불평형
Label_No,02
Motor Spec,L-EF-04, 1760,2.2, 4.7,
Period,3SEC
Sample Rate,4000
RMS,0.012687,
Data Length,12000,
0,0.0026910731,
0.00025,0.0072714360,
0.0005,-0.0057147746,
0.00075,-0.0246349573,
0.001,-0.0094336001,
0.00125,0.0168720428,
0.0015,0.0110070091,
0.00175,0.0076841442,
0.002,0.0189876948,
0.00225,0.0269775800,
0.0025,0.0037070611,
0.00275,-0.0164020080,
0.003,-0.0057294550,
0.00325,-0.0037820453,
0.0035,-0.0141383009,
0.00375,-0.0029528083,
0.004,0.0170409158,
0.00425,0.0155665223,
0.0045,-0.0017064966,
0.00475,-0.0005964772,
0.005,-0.0001046902,
0.00525,-0.0065407529,
0.0055,-0.0217350125,
0.00575,-0.0079566631,
0.006,0.0024017019,
0.00625,-0.0059215282,
0.0065,-0.0112640662,
0.00675,0.0044120373,
0.007,0.0055089369,
0.00725,-0.0113675017,
0.0075,-0.0153131736,
0.00775,-0.0102889678,
0.008,-0.0109197767,
0.00825,-0.0212009810,
0.0085,-0.0104511790,
0.00875,-0.0054935068,
0.009,-0.0050301002,
0.00925,0.0019363925,
0.0095,0.0081368852,
0.00975,0.0013938651,
0.01,-0.0019642785,
0.01025,-0.0073012244,
0.0105,-0.0140103502,
0.01075,-0.0252380017,
0.011,-0.0147937695,
0.01125,-0.0050977990,
0.0115,-0.0141292159,
0.01175,-0.0135848373,
0.012,0.0098324120,
0.01225,0.0088127228,
0.0125,-0.0181421470,
0.01275,-0.0197125506,
0.013,-0.0017449405,
0.01325,-0.0139982821,
0.0135,-0.0325687379,
0.01375,-0.0020862224,
0.014,0.0198201928,
0.01425,-0.0065403143,
0.0145,-0.0049814028,
0.01475,0.0172859877,
0.015,0.0063676364,
0.01525,-0.0169919766,
0.0155,-0.0048725093,
0.01575,0.0102138473,
0.016,-0.0059767906,
0.01625,-0.0221471284,
0.0165,0.0062150983,
0.01675,0.0168998595,
0.017,-0.0129595567,
0.01725,-0.0122775864,
0.0175,0.0131810233,
0.01775,-0.0015384278,
0.018,-0.0219007377,
0.01825,-0.0089359572,
0.0185,0.0094632087,
0.01875,-0.0057312362,
0.019,-0.0193808153,
0.01925,-0.0026872524,
0.0195,0.0086790333,
0.01975,-0.0047576185,
0.02,-0.0086210761,
0.02025,0.0003075720,
0.0205,0.0049465504,
0.02075,-0.0037012203,
0.021,0.0005757904,
0.02125,0.0053374264,
0.0215,0.0145994741,
0.02175,0.0052812770,
0.022,0.0057139974,
0.02225,0.0068141771,
0.0225,0.0091873128,
0.02275,0.0068070907,
0.023,0.0100526912,
0.02325,0.0086667342,
0.0235,0.0143129015,
0.02375,0.0049729859,
0.024,0.0096962797,
0.02425,0.0013833165,
0.0245,0.0086070392,
0.02475,0.0186968762,
0.025,-0.0010580813,
0.02525,0.0102137970,
0.0255,0.0036292383,
0.02575,0.0039039105,
0.026,0.0022144141,
0.02625,-0.0019947866,
0.0265,0.0154925250,
0.02675,0.0176275093,
0.027,0.0099664032,
0.02725,0.0155254025,
0.0275,0.0247526467,
0.02775,0.0097463690,
0.028,0.0053216820,
0.02825,0.0040388266,
0.0285,0.0071603339,
0.02875,-0.0012621225,
0.029,-0.0014841792,
0.02925,0.0224068463,
0.0295,0.0219538230,
0.02975,0.0158876777,
0.03,0.0212913118,
0.03025,0.0206587613,
0.0305,0.0021522741,
0.03075,-0.0083534401,
0.031,-0.0117383357,
0.03125,-0.0072281938,
0.0315,-0.0059200609,
0.03175,-0.0034537814,
0.032,0.0082823643,
0.03225,0.0153252678,
0.0325,0.0157319214,
0.03275,0.0130593590,
0.033,0.0119825182,
0.03325,0.0023509078,
0.0335,-0.0128508210,
0.03375,-0.0224295557,
0.034,-0.0278682243,
0.03425,-0.0171107017,
0.0345,-0.0081058173,
0.03475,0.0073987502,
0.035,0.0244200528,
0.03525,0.0349417515,
0.0355,0.0208490510,
0.03575,0.0097553628,
0.036,-0.0051545724,
0.03625,-0.0036270502,
0.0365,-0.0283839405,
0.03675,-0.0131245246,
0.037,-0.0161278695,
0.03725,-0.0048009097,
0.0375,-0.0108336089,
0.03775,-0.0185977183,
0.038,-0.0045648837,
0.03825,-0.0252180248,
0.0385,-0.0318394713,
0.03875,-0.0319119282,
0.039,-0.0252625346,
0.03925,-0.0285830423,
0.0395,-0.0213878024,
0.03975,-0.0065394081,
0.04,-0.0010146745,
0.04025,-0.0131346574,
0.0405,-0.0159306619,
0.04075,-0.0001698891,
0.041,-0.0012906322,
0.04125,-0.0098310607,
0.0415,-0.0050309924,
0.04175,0.0076034656,
0.042,-0.0034196773,
0.04225,-0.0017919490,
0.0425,0.0008548457,
0.04275,0.0133936154,
0.043,0.0093533518,
0.04325,0.0073736403,
0.0435,0.0100416802,
0.04375,0.0026461666,
0.044,-0.0027337037,
0.04425,-0.0036918488,
0.0445,-0.0089732055,
0.04475,-0.0099572306,
0.045,-0.0033038510,
0.04525,0.0056040636,
0.0455,0.0057817418,
0.04575,0.0046224417,
0.046,0.0135579556,
0.04625,0.0143363327,
0.0465,-0.0056628929,
0.04675,-0.0067664008,
0.047,0.0154897645,
0.04725,0.0075832903,
0.0475,-0.0042767073,
0.04775,0.0136836041,
0.048,0.0258052889,
0.04825,0.0061073489,
0.0485,0.0040831864,
0.04875,0.0237604715,
0.049,0.0223475136,
0.04925,0.0009971664,
0.0495,0.0080471626,
0.04975,0.0294669904,
0.05,0.0178679414,
0.05025,-0.0058545666,
0.0505,0.0160889216,
0.05075,0.0278393961,
0.051,0.0027886843,
0.05125,-0.0062529580,
0.0515,0.0246514902,
0.05175,0.0274146535,
0.052,0.0006551043,
0.05225,0.0028630621,
0.0525,0.0311356243,
0.05275,0.0153066590,
0.053,-0.0084128147,
0.05325,0.0010088298,
0.0535,0.0158097744,
0.05375,-0.0024511165,
0.054,-0.0103137782,
0.05425,0.0084271738,
0.0545,0.0157582965,
0.05475,0.0010821362,
0.055,0.0082658986,
0.05525,0.0129895639,
0.0555,0.0109983571,
0.05575,-0.0030794130,
0.056,-0.0035714824,
0.05625,0.0007719345,
0.0565,-0.0075102244,
0.05675,-0.0105337054,
0.057,0.0053549446,
0.05725,0.0073821945,
0.0575,0.0040104976,
0.05775,0.0115261031,
0.058,0.0079211509,
0.05825,-0.0028320295,
0.0585,-0.0065849354,
0.05875,-0.0079820929,
0.059,-0.0134737054,
0.05925,-0.0168382172,
0.0595,-0.0123655470,
0.05975,-0.0001846759,
0.06,-0.0070150597,
0.06025,-0.0074303811,
0.0605,0.0039975736,
0.06075,-0.0044606170,
0.061,-0.0249392521,
0.06125,-0.0258138124,
0.0615,-0.0166621376,
0.06175,-0.0187244602,
0.062,-0.0290830769,
0.06225,-0.0088013858,
0.0625,0.0033861923,
0.06275,-0.0063547823,
0.063,-0.0142660029,
0.06325,0.0063352967,
0.0635,0.0024865407,
0.06375,-0.0195279233,
0.064,-0.0290049277,
0.06425,-0.0209780708,
0.0645,-0.0295401942,
0.06475,-0.0389539972,
0.065,-0.0227112025,
0.06525,-0.0021488231,
0.0655,-0.0045219259,
0.06575,0.0018606186,
0.066,0.0111432234,
0.06625,0.0182768758,
0.0665,-0.0006928591,
0.06675,-0.0189586189,
0.067,-0.0148719558,
0.06725,-0.0223282687,
0.0675,-0.0321536586,
0.06775,-0.0154053029,
0.068,0.0009226608,
0.06825,0.0033512255,
0.0685,0.0073503200,
0.06875,0.0096709495,
0.069,0.0141527886,
0.06925,0.0056612422,
0.0695,-0.0002791265,
0.06975,-0.0090543041,
0.07,-0.0203570463,
0.07025,-0.0248710588,
0.0705,-0.0174459778,
0.07075,-0.0087938569,
0.071,0.0087436838,
0.07125,0.0139295869,
0.0715,0.0137389936,
0.07175,0.0029059767,
0.072,0.0079941126,
0.07225,-0.0086144796,
0.0725,-0.0097094513,
0.07275,-0.0142278112,
0.073,-0.0005990763,
0.07325,-0.0108416732,
0.0735,-0.0020128556,
0.07375,0.0062851561,
0.074,0.0172347575,
0.07425,0.0006654485,
0.0745,-0.0015272166,
0.07475,0.0082946373,
0.075,0.0011324374,
0.07525,-0.0118735479,
0.0755,-0.0018985043,
0.07575,0.0159848295,
0.076,0.0074166222,
0.07625,0.0035100791,
0.0765,0.0099234395,
0.07675,0.0189812500,
0.077,-0.0001754189,
0.07725,-0.0011915521,
0.0775,0.0058145588,
0.07775,0.0029653381,
0.078,0.0026598189,
0.07825,-0.0007328733,
0.0785,0.0080006411,
0.07875,-0.0104455631,
0.079,-0.0035438628,
0.07925,-0.0021467856,
0.0795,-0.0139548769,
0.07975,-0.0174543001,
0.08,-0.0152974520,
0.08025,-0.0081391390,
0.0805,-0.0267097522,
0.08075,-0.0176071525,
0.081,-0.0081799161,
0.08125,-0.0007253780,
0.0815,-0.0102248900,
0.08175,0.0010887451,
0.082,0.0158051290,
0.08225,0.0071567362,
0.0825,-0.0108818877,
0.08275,0.0069295466,
0.083,0.0038966178,
0.08325,-0.0072048563,
0.0835,-0.0110202469,
0.08375,0.0106619932,
0.084,0.0158900451,
0.08425,-0.0042901351,
0.0845,0.0062475735,
0.08475,0.0258610323,
0.085,0.0136262774,
0.08525,-0.0142189767,
0.0855,0.0062884162,
0.08575,0.0149089899,
0.086,-0.0112873176,
0.08625,-0.0166759063,
0.0865,0.0106890257,
0.08675,0.0067512342,
0.087,-0.0213431958,
0.08725,-0.0154891657,
0.0875,0.0089629777,
0.08775,-0.0019310380,
0.088,-0.0180691909,
0.08825,0.0041151233,
0.0885,0.0154675655,
0.08875,-0.0090626776,
0.089,-0.0162405353,
0.08925,-0.0017409947,
0.0895,-0.0003904591,
0.08975,-0.0163521469,
0.09,-0.0093657859,
0.09025,0.0068430044,
0.0905,0.0001068166,
0.09075,-0.0167122781,
0.091,0.0017126497,
0.09125,0.0104663931,
0.0915,-0.0025582125,
0.09175,-0.0018834313,
0.092,0.0101684546,
0.09225,0.0010307541,
0.0925,-0.0070317928,
0.09275,-0.0050629452,
0.093,0.0050539966,
0.09325,-0.0034753634,
0.0935,-0.0041209771,
0.09375,0.0038231513,
0.094,-0.0028525721,
0.09425,-0.0133567387,
0.0945,-0.0142088905,
0.09475,-0.0121098049,
0.095,-0.0186786242,
0.09525,-0.0266453214,
0.0955,-0.0117407851,
0.09575,-0.0052251662,
0.096,-0.0135402381,
0.09625,-0.0052305679,
0.0965,0.0082623791,
0.09675,0.0034839027,
0.097,-0.0056977980,
0.09725,0.0003499082,
0.0975,0.0017405062,
0.09775,-0.0088195298,
0.098,-0.0176834017,
0.09825,-0.0036470979,
0.0985,0.0043171784,
0.09875,-0.0060741017,
0.099,0.0066157449,
0.09925,0.0178418644,
0.0995,0.0121037373,
0.09975,0.0071384953,
0.1,0.0057369261,
0.10025,0.0038250338,
0.1005,-0.0136552518,
0.10075,-0.0289967097,
0.101,-0.0166762657,
0.10125,-0.0104512591,
0.1015,-0.0205464102,
0.10175,0.0048295087,
0.102,0.0199458785,
0.10225,0.0190469418,
0.1025,0.0117718726,
0.10275,0.0153648844,
0.103,0.0062547633,
0.10325,-0.0052513047,
0.1035,-0.0151050910,
0.10375,0.0051667490,
0.104,0.0115619414,
0.10425,0.0121123902,
0.1045,0.0247423910,
0.10475,0.0226329193,
0.105,0.0207153186,
0.10525,0.0086934566,
0.1055,0.0056818291,
0.10575,0.0072876150,
0.106,0.0176564604,
0.10625,0.0053392556,
0.1065,0.0161278658,
0.10675,0.0205339976,
0.107,0.0217047483,
0.10725,0.0083819889,
0.1075,0.0082771471,
0.10775,0.0175253507,
0.108,0.0226291157,
0.10825,0.0059291092,
0.1085,0.0088398727,
0.10875,0.0321750045,
0.109,0.0153455082,
0.10925,0.0074849841,
0.1095,0.0165583212,
0.10975,0.0300526991,
0.11,0.0142463762,
0.11025,0.0014188718,
0.1105,0.0152295046,
0.11075,0.0271686818,
0.111,0.0001964493,
0.11125,-0.0016824367,
0.1115,0.0158982389,
0.11175,0.0129615776,
0.112,0.0113429632,
0.11225,0.0165519509,
0.1125,0.0242647305,
0.11275,0.0222039223,
0.113,0.0133971050,
0.11325,-0.0076615885,
0.1135,-0.0143114198,
0.11375,0.0004515375,
0.114,-0.0022918466,
0.11425,0.0162397083,
0.1145,0.0101275984,
0.11475,0.0105701583,
0.115,0.0151115144,
0.11525,0.0101765338,
0.1155,-0.0083325766,
0.11575,-0.0111882277,
0.116,-0.0055969870,
0.11625,-0.0065255817,
0.1165,-0.0124030560,
0.11675,0.0053616501,
0.117,0.0083906120,
0.11725,-0.0019711452,
0.1175,-0.0084861014,
0.11775,0.0029516472,
0.118,-0.0024151031,
0.11825,-0.0173022896,
0.1185,-0.0136197880,
0.11875,0.0006503024,
0.119,-0.0087579824,
0.11925,-0.0212564804,
0.1195,-0.0025759882,
0.11975,0.0050034467,
0.12,-0.0151701225,
0.12025,-0.0131092407,
0.1205,0.0016777363,
0.12075,-0.0066307466,
0.121,-0.0287776906,
0.12125,-0.0160418246,
0.1215,0.0015143718,
0.12175,-0.0136849023,
0.122,-0.0267091431,
0.12225,-0.0016115503,
0.1225,0.0037235320,
0.12275,-0.0174356885,
0.123,-0.0185796227,
0.12325,-0.0033630806,
0.1235,-0.0063775079,
0.12375,-0.0189090874,
0.124,-0.0175710712,
0.12425,0.0093616098,
0.1245,-0.0024669736,
0.12475,-0.0176910777,
0.125,-0.0053662490,
0.12525,-0.0055300030,
0.1255,-0.0209032744,
0.12575,-0.0220631436,
0.126,-0.0099404026,
0.12625,-0.0031190293,
0.1265,-0.0062838439,
0.12675,-0.0034377913,
0.127,0.0108459182,
0.12725,0.0010093448,
0.1275,-0.0072635654,
0.12775,-0.0034432914,
0.128,-0.0061317864,
0.12825,-0.0110046249,
0.1285,-0.0101241469,
0.12875,-0.0012510561,
0.129,0.0064899842,
0.12925,0.0072877011,
0.1295,0.0120800277,
0.12975,0.0205211230,
0.13,0.0088486420,
0.13025,0.0027811700,
0.1305,0.0038888557,
0.13075,0.0034503634,
0.131,-0.0109814461,
0.13125,-0.0075963004,
0.1315,-0.0026329882,
0.13175,0.0009895843,
0.132,0.0017099807,
0.13225,0.0211909339,
0.1325,0.0267455056,
0.13275,0.0225695036,
0.133,0.0218871906,
0.13325,0.0162741989,
0.1335,0.0074150264,
0.13375,-0.0067107980,
0.134,-0.0053950408,
0.13425,0.0040708045,
0.1345,-0.0032384098,
0.13475,0.0050120810,
0.135,0.0191331170,
0.13525,0.0205797851,
0.1355,0.0163653754,
0.13575,0.0199349970,
0.136,0.0161353722,
0.13625,-0.0001730061,
0.1365,-0.0080607384,
0.13675,-0.0102397436,
0.137,-0.0021104699,
0.13725,-0.0065241265,
0.1375,0.0061054928,
0.13775,0.0158744082,
0.138,0.0104558710,
0.13825,0.0019126041,
0.1385,-0.0063833194,
0.13875,-0.0075700702,
0.139,-0.0128781274,
0.13925,-0.0113521162,
0.1395,-0.0147958985,
0.13975,0.0074847392,
0.14,0.0015549674,
0.14025,-0.0064998404,
0.1405,-0.0063288626,
0.14075,-0.0000163415,
0.141,-0.0161545947,
0.14125,-0.0238797814,
0.1415,-0.0171181038,
0.14175,-0.0066256486,
0.142,-0.0075641810,
0.14225,-0.0204293840,
0.1425,-0.0067994394,
0.14275,0.0015440560,
0.143,-0.0135764843,
0.14325,-0.0184971243,
0.1435,-0.0062779421,
0.14375,-0.0014990912,
0.144,-0.0230613332,
0.14425,-0.0269152261,
0.1445,-0.0100648385,
0.14475,-0.0079074213,
0.145,-0.0230243728,
0.14525,-0.0164416768,
0.1455,0.0008081855,
0.14575,0.0012801392,
0.146,-0.0087566897,
0.14625,-0.0115395002,
0.1465,-0.0056189029,
0.14675,-0.0092445947,
0.147,-0.0187359825,
0.14725,-0.0131259467,
0.1475,-0.0035346800,
0.14775,-0.0031786403,
0.148,-0.0072831102,
0.14825,0.0009667527,
0.1485,0.0034583253,
0.14875,-0.0034904422,
0.149,-0.0072015226,
0.14925,-0.0066262349,
0.1495,-0.0141604263,
0.14975,-0.0156698413,
0.15,-0.0067596911,
0.15025,-0.0041045910,
0.1505,-0.0023867309,
0.15075,0.0023809746,
0.151,0.0048128483,
0.15125,0.0006528448,
0.1515,-0.0072803884,
0.15175,-0.0012176923,
0.152,-0.0086249076,
0.15225,-0.0153234452,
0.1525,-0.0075625856,
0.15275,0.0032580323,
0.153,-0.0054374356,
0.15325,-0.0061932839,
0.1535,0.0155114718,
0.15375,0.0125152059,
0.154,-0.0013864073,
0.15425,0.0033359530,
0.1545,0.0197079014,
0.15475,0.0061567081,
0.155,-0.0152636431,
0.15525,0.0116134547,
0.1555,0.0164409373,
0.15575,-0.0085188420,
0.156,-0.0099654170,
0.15625,0.0149638802,
0.1565,0.0064023887,
0.15675,-0.0082357060,
0.157,-0.0025568455,
0.15725,0.0195742138,
0.1575,0.0057518831,
0.15775,-0.0080813942,
0.158,0.0109532215,
0.15825,0.0220096894,
0.1585,-0.0057567633,
0.15875,-0.0057565286,
0.159,0.0067511965,
0.15925,0.0033117579,
0.1595,-0.0087242126,
0.15975,0.0038001651,
0.16,0.0210541580,
0.16025,0.0229450054,
0.1605,0.0139085343,
0.16075,0.0229340997,
0.161,0.0246253405,
0.16125,0.0078915628,
0.1615,-0.0036239894,
0.16175,-0.0066205561,
0.162,0.0040460848,
0.16225,-0.0007248955,
0.1625,0.0000924028,
0.16275,0.0121165216,
0.163,0.0204014704,
0.16325,0.0104119014,
0.1635,0.0022667961,
0.16375,0.0061020842,
0.164,0.0003137363,
0.16425,-0.0119200032,
0.1645,-0.0079215663,
0.16475,-0.0034345887,
0.165,0.0009724725,
0.16525,0.0059519485,
0.1655,0.0102986293,
0.16575,0.0150724640,
0.166,0.0211215299,
0.16625,0.0236651506,
0.1665,0.0161227975,
0.16675,0.0078821238,
0.167,-0.0052938592,
0.16725,-0.0092933690,
0.1675,-0.0198019817,
0.16775,-0.0265868213,
0.168,-0.0041848803,
0.16825,0.0034114684,
0.1685,0.0050490559,
0.16875,0.0158068798,
0.169,0.0214783512,
0.16925,0.0122998580,
0.1695,-0.0030020154,
0.16975,-0.0051670312,
0.17,-0.0115966219,
0.17025,-0.0231565069,
0.1705,-0.0199109614,
0.17075,0.0003375371,
0.171,-0.0038618280,
0.17125,-0.0002679726,
0.1715,0.0082482360,
0.17175,0.0074932287,
0.172,-0.0072714500,
0.17225,-0.0093101980,
0.1725,-0.0088854898,
0.17275,-0.0173187517,
0.173,-0.0212671570,
0.17325,-0.0140436664,
0.1735,-0.0033999768,
0.17375,-0.0062906411,
0.174,-0.0102181267,
0.17425,-0.0081982017,
0.1745,-0.0084920852,
0.17475,-0.0086433552,
0.175,-0.0059452131,
0.17525,-0.0048316391,
0.1755,0.0041491515,
0.17575,0.0059276475,
0.176,-0.0051375623,
0.17625,0.0033002202,
0.1765,0.0197811984,
0.17675,0.0179265011,
0.177,-0.0021696645,
0.17725,0.0035978062,
0.1775,0.0143346740,
0.17775,0.0024548364,
0.178,-0.0158522390,
0.17825,-0.0007714640,
0.1785,0.0147322463,
0.17875,0.0043546399,
0.179,-0.0011236781,
0.17925,0.0089481836,
0.1795,0.0141986134,
0.17975,-0.0053355545,
0.18,-0.0146473013,
0.18025,-0.0087781530,
0.1805,-0.0097482838,
0.18075,-0.0161672421,
0.181,-0.0121105602,
0.18125,0.0031912364,
0.1815,0.0123661961,
0.18175,0.0043658661,
0.182,0.0007196207,
0.18225,0.0119386073,
0.1825,0.0077617872,
0.18275,0.0045960541,
0.183,0.0109706251,
0.18325,0.0189944189,
0.1835,0.0208129827,
0.18375,0.0196463522,
0.184,0.0214677043,
0.18425,0.0295553356,
0.1845,0.0263767578,
0.18475,0.0170265678,
0.185,0.0176841766,
0.18525,0.0095414398,
0.1855,0.0081251198,
0.18575,0.0021319515,
0.186,0.0009323037,
0.18625,0.0058235768,
0.1865,0.0083831074,
0.18675,0.0049510365,
0.187,0.0080526555,
0.18725,0.0233442914,
0.1875,0.0231271945,
0.18775,0.0138931023,
0.188,0.0089343935,
0.18825,0.0206201989,
0.1885,0.0145635204,
0.18875,-0.0082855131,
0.189,0.0047963206,
0.18925,0.0260038525,
0.1895,0.0094226822,
0.18975,-0.0025826003,
0.19,0.0181518812,
0.19025,0.0316312462,
0.1905,0.0166641511,
0.19075,0.0068361196,
0.191,0.0290496368,
0.19125,0.0361163877,
0.1915,-0.0007167583,
0.19175,-0.0018724122,
0.192,0.0239027012,
0.19225,0.0075988667,
0.1925,-0.0081429463,
0.19275,0.0066574989,
0.193,0.0232957415,
0.19325,0.0146727022,
0.1935,-0.0040491209,
0.19375,0.0152832353,
0.194,0.0170898270,
0.19425,-0.0019491366,
0.1945,-0.0186548084,
0.19475,-0.0013370591,
0.195,-0.0087790480,
0.19525,-0.0155279357,
0.1955,-0.0249136351,
0.19575,0.0029069553,
0.196,-0.0051705744,
0.19625,-0.0026374925,
0.1965,-0.0069057317,
0.19675,0.0147614069,
0.197,0.0021968295,
0.19725,-0.0121885119,
0.1975,-0.0157741774,
0.19775,-0.0114932237,
0.198,-0.0221299417,
0.19825,-0.0229445379,
0.1985,-0.0052566552,
0.19875,0.0032433902,
0.199,0.0071438197,
0.19925,0.0033815580,
0.1995,0.0016362908,
0.19975,-0.0062211691,
0.2,-0.0219210032,
0.20025,-0.0312830210,
0.2005,-0.0381506756,
0.20075,-0.0382934064,
0.201,-0.0311632063,
0.20125,-0.0125296060,
0.2015,-0.0107016861,
0.20175,0.0072389599,
0.202,0.0114274547,
0.20225,0.0153027456,
0.2025,0.0006039034,
0.20275,-0.0005088291,
0.203,-0.0092341704,
0.20325,-0.0206003916,
0.2035,-0.0280414894,
0.20375,-0.0186945405,
0.204,-0.0117279571,
0.20425,-0.0018719070,
0.2045,0.0151613066,
0.20475,0.0245370921,
0.205,0.0090367533,
0.20525,0.0023843409,
0.2055,-0.0102192815,
0.20575,-0.0267177224,
0.206,-0.0334910788,
0.20625,-0.0214554965,
0.2065,-0.0057983883,
0.20675,0.0011005255,
0.207,-0.0023313204,
0.20725,0.0008803059,
0.2075,0.0060910061,
0.20775,-0.0123858061,
0.208,-0.0167129114,
0.20825,-0.0087513803,
0.2085,0.0039912942,
0.20875,-0.0001882296,
0.209,0.0005739088,
0.20925,0.0047049527,
0.2095,0.0183615945,
0.20975,-0.0262196101,
0.21,-0.0143638663,
0.21025,-0.0103898384,
0.2105,0.0068707182,
0.21075,-0.0005997887,
0.211,-0.0157359019,
0.21125,0.0097770169,
0.2115,0.0227904655,
0.21175,-0.0019968504,
0.212,-0.0063622748,
0.21225,0.0222188160,
0.2125,0.0229466967,
0.21275,0.0086354287,
0.213,0.0044123060,
0.21325,0.0200930703,
0.2135,0.0096023958,
0.21375,-0.0118875047,
0.214,-0.0099022798,
0.21425,0.0104491962,
0.2145,0.0099028777,
0.21475,0.0099582560,
0.215,0.0123496354,
0.21525,0.0216280315,
0.2155,0.0126399240,
0.21575,-0.0033286251,
0.216,0.0022845762,
0.21625,0.0007560875,
0.2165,-0.0046789367,
0.21675,-0.0012771772,
0.217,0.0084805591,
0.21725,0.0077445940,
0.2175,0.0141181564,
0.21775,0.0204192623,
0.218,0.0147967143,
0.21825,0.0070282002,
0.2185,0.0014820310,
0.21875,0.0071588736,
0.219,0.0004988880,
0.21925,-0.0045719552,
0.2195,0.0094000828,
0.21975,0.0154954987,
0.22,0.0027614224,
0.22025,0.0029096298,
0.2205,0.0162982121,
0.22075,0.0036854376,
0.221,-0.0064916490,
0.22125,0.0045211725,
0.2215,0.0083386581,
0.22175,-0.0110030314,
0.222,-0.0190021805,
0.22225,0.0011634360,
0.2225,-0.0105493888,
0.22275,-0.0305808149,
0.223,-0.0153035820,
0.22325,0.0111809131,
0.2235,-0.0091444040,
0.22375,-0.0169091411,
0.224,0.0087954588,
0.22425,0.0118028084,
0.2245,-0.0140617685,
0.22475,-0.0189453289,
0.225,0.0057489141,
0.22525,-0.0007994868,
0.2255,-0.0326575935,
0.22575,-0.0225587972,
0.226,0.0066077169,
0.22625,-0.0107843243,
0.2265,-0.0239531547,
0.22675,-0.0100633055,
0.227,0.0105504328,
0.22725,-0.0101806885,
0.2275,-0.0376931131,
0.22775,-0.0173332747,
0.228,-0.0078030354,
0.22825,-0.0399325117,
0.2285,-0.0405773893,
0.22875,-0.0194880720,
0.229,-0.0048621432,
0.22925,-0.0212702528,
0.2295,-0.0123046543,
0.22975,0.0094312029,
0.23,0.0078076329,
0.23025,-0.0163035896,
0.2305,-0.0198818650,
0.23075,-0.0108758304,
0.231,-0.0133280456,
0.23125,-0.0177384615,
0.2315,-0.0016391564,
0.23175,0.0126953200,
0.232,0.0000086327,
0.23225,-0.0045990534,
0.2325,-0.0036400375,
0.23275,-0.0059639513,
0.233,-0.0109908525,
0.23325,-0.0082433261,
0.2335,-0.0089154663,
0.23375,-0.0113306697,
0.234,-0.0201491863,
0.23425,-0.0088713700,
0.2345,-0.0012236172,
0.23475,0.0023500151,
0.235,0.0090468694,
0.23525,0.0166696608,
0.2355,0.0169492010,
0.23575,0.0116080623,
0.236,0.0035753129,
0.23625,-0.0054246658,
0.2365,-0.0119168218,
0.23675,-0.0128011964,
0.237,-0.0125950351,
0.23725,-0.0035890159,
0.2375,0.0074731410,
0.23775,0.0214396268,
0.238,0.0227321312,
0.23825,0.0223661959,
0.2385,0.0231161918,
0.23875,0.0153399706,
0.239,-0.0000237098,
0.23925,-0.0062202797,
0.2395,0.0034110076,
0.23975,0.0017270509,
0.24,0.0053462102,
0.24025,0.0074675004,
0.2405,0.0236955732,
0.24075,0.0189089514,
0.241,0.0128950560,
0.24125,0.0081227981,
0.2415,0.0133302007,
0.24175,-0.0021739034,
0.242,-0.0079973470,
0.24225,-0.0035964679,
0.2425,0.0069493586,
0.24275,0.0031180256,
0.243,0.0044492930,
0.24325,0.0098586539,
0.2435,0.0122420164,
0.24375,0.0031253858,
0.244,-0.0122268368,
0.24425,-0.0062682144,
0.2445,0.0060130586,
0.24475,-0.0040030275,
0.245,-0.0103185270,
0.24525,0.0194044393,
0.2455,0.0366654098,
0.24575,0.0121589331,
0.246,0.0031408786,
0.24625,0.0179870352,
0.2465,0.0262587965,
0.24675,-0.0207406562,
0.247,-0.0134091545,
0.24725,0.0190061256,
0.2475,0.0212295074,
0.24775,-0.0028161500,
0.248,0.0108939316,
0.24825,0.0292779300,
0.2485,0.0147723295,
0.24875,-0.0048499582,
0.249,0.0036997981,
0.24925,0.0154328719,
0.2495,-0.0063323318,
0.24975,-0.0148139689,
0.25,0.0057663564,
0.25025,0.0065213535,
0.2505,-0.0024743164,
0.25075,0.0073324605,
0.251,0.0126478616,
0.25125,-0.0019178853,
0.2515,-0.0119208917,
0.25175,0.0022538509,
0.252,0.0026427153,
0.25225,-0.0203954466,
0.2525,-0.0138806589,
0.25275,0.0028850231,
0.253,-0.0055785514,
0.25325,-0.0111812772,
0.2535,0.0033193594,
0.25375,0.0166553371,
0.254,0.0061143953,
0.25425,-0.0093822554,
0.2545,0.0039409283,
0.25475,0.0112318397,
0.255,-0.0096157547,
0.25525,-0.0031510831,
0.2555,0.0163921788,
0.25575,0.0081295324,
0.256,-0.0077405567,
0.25625,0.0038945300,
0.2565,0.0086233653,
0.25675,-0.0123849306,
0.257,-0.0142069533,
0.25725,0.0044756802,
0.2575,-0.0012236747,
0.25775,-0.0174806975,
0.258,-0.0021768180,
0.25825,0.0143939815,
0.2585,-0.0022163850,
0.25875,-0.0139679257,
0.259,-0.0041917572,
0.25925,0.0030170181,
0.2595,-0.0212690998,
0.25975,-0.0176280513,
0.26,0.0126563068,
0.26025,0.0102786496,
0.2605,-0.0107361227,
0.26075,0.0013760079,
0.261,0.0176011007,
0.26125,-0.0027953265,
0.2615,-0.0121400487,
0.26175,0.0088113286,
0.262,0.0183921587,
0.26225,-0.0002577483,
0.2625,0.0023670024,
0.26275,0.0229335539,
0.263,0.0230743624,
0.26325,-0.0030451163,
0.2635,0.0015206360,
0.26375,0.0048443004,
0.264,-0.0046004662,
0.26425,-0.0139212776,
0.2645,-0.0061864313,
0.26475,0.0088473763,
0.265,0.0049527409,
0.26525,-0.0064695934,
0.2655,0.0043818969,
0.26575,0.0091444133,
0.266,-0.0024920953,
0.26625,-0.0009588064,
0.2665,0.0043555070,
0.26675,-0.0026581944,
0.267,-0.0087391445,
0.26725,-0.0114730839,
0.2675,-0.0038116169,
0.26775,0.0024925759,
0.268,0.0013552399,
0.26825,0.0147656798,
0.2685,0.0206509624,
0.26875,0.0157694854,
0.269,0.0130420867,
0.26925,0.0053472035,
0.2695,-0.0000070117,
0.26975,-0.0222213585,
0.27,-0.0269015245,
0.27025,-0.0249341615,
0.2705,-0.0178573579,
0.27075,-0.0125393532,
0.271,0.0046569430,
0.27125,0.0160298012,
0.2715,0.0160001218,
0.27175,0.0148626361,
0.272,0.0092510069,
0.27225,-0.0044425754,
0.2725,-0.0140847880,
0.27275,-0.0200447775,
0.273,-0.0147483600,
0.27325,-0.0146339191,
0.2735,0.0066056419,
0.27375,0.0066638542,
0.274,0.0135334097,
0.27425,0.0096775647,
0.2745,0.0003450658,
0.27475,-0.0117324237,
0.275,-0.0146687403,
0.27525,-0.0228027515,
0.2755,-0.0140072731,
0.27575,-0.0049570464,
0.276,0.0000162621,
0.27625,0.0077478448,
0.2765,0.0040472080,
0.27675,-0.0035403667,
0.277,-0.0136497980,
0.27725,-0.0143828280,
0.2775,-0.0062105926,
0.27775,-0.0014703738,
0.278,-0.0059358068,
0.27825,0.0026491391,
0.2785,0.0052660927,
0.27875,0.0086242193,
0.279,0.0006851908,
0.27925,0.0067509767,
0.2795,0.0188481286,
0.27975,0.0102829710,
0.28,-0.0097011616,
0.28025,0.0016685867,
0.2805,0.0110218870,
0.28075,-0.0130204502,
0.281,-0.0143720098,
0.28125,0.0085468162,
0.2815,0.0151274921,
0.28175,-0.0033936135,
0.282,-0.0029048487,
0.28225,0.0134725217,
0.2825,-0.0053374059,
0.28275,-0.0332952663,
0.283,-0.0246760361,
0.28325,0.0012002442,
0.2835,-0.0084305229,
0.28375,-0.0106517579,
0.284,0.0145723494,
0.28425,0.0196714588,
0.2845,-0.0076750983,
0.28475,-0.0129515212,
0.285,0.0005843778,
0.28525,-0.0065828296,
0.2855,-0.0262879934,
0.28575,-0.0002458140,
0.286,0.0196866486,
0.28625,0.0033567634,
0.2865,0.0009848983,
0.28675,0.0160645451,
0.287,0.0125092780,
0.28725,-0.0093517024,
0.2875,-0.0077562490,
0.28775,0.0056755282,
0.288,0.0007237740,
0.28825,-0.0140578588,
0.2885,-0.0079021594,
0.28875,0.0043017915,
0.289,-0.0119330185,
0.28925,-0.0136420857,
0.2895,0.0001393852,
0.28975,0.0057942262,
0.29,-0.0088618062,
0.29025,-0.0084430911,
0.2905,0.0011362324,
0.29075,-0.0101301000,
0.291,-0.0191907045,
0.29125,-0.0064110472,
0.2915,-0.0002044764,
0.29175,-0.0090825958,
0.292,-0.0029253189,
0.29225,0.0092249420,
0.2925,0.0068340036,
0.29275,-0.0079089999,
0.293,-0.0052516162,
0.29325,0.0060654804,
0.2935,-0.0089271814,
0.29375,-0.0131671093,
0.294,0.0045115668,
0.29425,0.0069306423,
0.2945,-0.0113758026,
0.29475,-0.0071532195,
0.295,0.0046056462,
0.29525,-0.0034008441,
0.2955,-0.0190242026,
0.29575,-0.0053399643,
0.296,0.0096768960,
0.29625,0.0002169698,
0.2965,-0.0095616551,
0.29675,0.0103143873,
0.297,0.0057531712,
0.29725,-0.0095397132,
0.2975,-0.0060493127,
0.29775,0.0072805765,
0.298,0.0064451224,
0.29825,-0.0011349162,
0.2985,0.0003912760,
0.29875,0.0137139652,
0.299,0.0046852063,
0.29925,-0.0090860473,
0.2995,0.0042984267,
0.29975,0.0089127412,
0.3,-0.0049250135,
0.30025,-0.0048720199,
0.3005,0.0008182151,
0.30075,-0.0002801444,
0.301,-0.0015896061,
0.30125,-0.0025117225,
0.3015,0.0115502123,
0.30175,0.0123009169,
0.302,0.0101132393,
0.30225,0.0189627316,
0.3025,0.0117337443,
0.30275,0.0041432427,
0.303,-0.0027717233,
0.30325,-0.0034318161,
0.3035,-0.0049707536,
0.30375,-0.0110497503,
0.304,0.0023623174,
0.30425,0.0179031454,
0.3045,0.0204929300,
0.30475,0.0118503310,
0.305,0.0179598089,
0.30525,0.0123011116,
0.3055,-0.0031343778,
0.30575,-0.0184615925,
0.306,-0.0185675621,
0.30625,-0.0171047505,
0.3065,-0.0251944382,
0.30675,-0.0094101923,
0.307,0.0079239085,
0.30725,0.0151175866,
0.3075,0.0154480292,
0.30775,0.0045916727,
0.308,-0.0074528456,
0.30825,-0.0113954311,
0.3085,-0.0227533281,
0.30875,-0.0148270372,
0.309,-0.0052374392,
0.30925,0.0028795351,
0.3095,0.0131863365,
0.30975,0.0154296039,
0.31,-0.0026056399,
0.31025,-0.0117359664,
0.3105,-0.0092377411,
0.31075,-0.0192009490,
0.311,-0.0229731090,
0.31125,-0.0291427225,
0.3115,-0.0189898070,
0.31175,-0.0093871392,
0.312,-0.0045373621,
0.31225,0.0051869620,
0.3125,0.0095692594,
0.31275,0.0059829890,
0.313,-0.0064042537,
0.31325,-0.0164458416,
0.3135,-0.0057704058,
0.31375,-0.0033593494,
0.314,-0.0162885729,
0.31425,-0.0015354052,
0.3145,0.0158629939,
0.31475,0.0067067891,
0.315,0.0046721352,
0.31525,0.0172210895,
0.3155,0.0194241628,
0.31575,-0.0028854148,
0.316,-0.0083206398,
0.31625,0.0026215389,
0.3165,0.0030673123,
0.31675,-0.0096963756,
0.317,0.0058919974,
0.31725,0.0273076613,
0.3175,0.0121675599,
0.31775,0.0049004797,
0.318,0.0212272741,
0.31825,0.0176576488,
0.3185,-0.0048427847,
0.31875,-0.0118325800,
0.319,0.0055239359,
0.31925,-0.0077272579,
0.3195,-0.0235538706,
0.31975,-0.0011113043,
0.32,0.0173236281,
0.32025,0.0058353329,
0.3205,0.0063449787,
0.32075,0.0249350071,
0.321,0.0199101083,
0.32125,0.0020779737,
0.3215,-0.0004618584,
0.32175,0.0086671021,
0.322,0.0011508709,
0.32225,-0.0082951244,
0.3225,0.0035919724,
0.32275,0.0226474032,
0.323,0.0172772631,
0.32325,0.0124457097,
0.3235,0.0219100788,
0.32375,0.0284280740,
0.324,0.0111942887,
0.32425,0.0083712321,
0.3245,0.0155478446,
0.32475,0.0073250923,
0.325,-0.0008769296,
0.32525,0.0029590467,
0.3255,0.0073374114,
0.32575,0.0082349740,
0.326,0.0098735271,
0.32625,0.0191574413,
0.3265,0.0203478560,
0.32675,0.0124780359,
0.327,0.0123045864,
0.32725,0.0122927241,
0.3275,-0.0015276400,
0.32775,-0.0048375018,
0.328,-0.0017911969,
0.32825,-0.0081723258,
0.3285,-0.0192743093,
0.32875,-0.0107997106,
0.329,0.0046782102,
0.32925,0.0052918280,
0.3295,0.0007022889,
0.32975,0.0237882063,
0.33,0.0182374548,
0.33025,-0.0008798130,
0.3305,-0.0024164394,
0.33075,0.0055003697,
0.331,-0.0043311003,
0.33125,-0.0097819604,
0.3315,-0.0031444705,
0.33175,0.0094442470,
0.332,0.0066581066,
0.33225,-0.0008485559,
0.3325,0.0101353498,
0.33275,0.0096436488,
0.333,-0.0047705621,
0.33325,-0.0139343692,
0.3335,-0.0040264358,
0.33375,-0.0143249063,
0.334,-0.0206405278,
0.33425,-0.0189262982,
0.3345,-0.0094607389,
0.33475,-0.0056667002,
0.335,-0.0113281710,
0.33525,-0.0003216832,
0.3355,0.0073441369,
0.33575,-0.0012549942,
0.336,-0.0072195148,
0.33625,-0.0088335332,
0.3365,-0.0165983140,
0.33675,-0.0309908595,
0.337,-0.0316616446,
0.33725,-0.0135084260,
0.3375,-0.0072767348,
0.33775,-0.0060745585,
0.338,0.0076860758,
0.33825,0.0200605746,
0.3385,0.0090904208,
0.33875,-0.0059715449,
0.339,-0.0024065820,
0.33925,-0.0069553414,
0.3395,-0.0189589448,
0.33975,-0.0257211737,
0.34,-0.0060645510,
0.34025,-0.0009316101,
0.3405,-0.0031679773,
0.34075,0.0008761428,
0.341,0.0092125330,
0.34125,0.0087876515,
0.3415,-0.0062012295,
0.34175,-0.0136072636,
0.342,-0.0049542645,
0.34225,-0.0187832862,
0.3425,-0.0223418772,
0.34275,-0.0128054433,
0.343,-0.0044882102,
0.34325,0.0014600819,
0.3435,0.0046473905,
0.34375,0.0091785463,
0.344,0.0124152061,
0.34425,-0.0105155157,
0.3445,-0.0058961031,
0.34475,-0.0074659917,
0.345,-0.0048242072,
0.34525,-0.0079441518,
0.3455,0.0030419987,
0.34575,0.0105242943,
0.346,0.0089021996,
0.34625,-0.0001660334,
0.3465,0.0032633438,
0.34675,0.0054041678,
0.347,-0.0141139477,
0.34725,-0.0109005542,
0.3475,0.0003158557,
0.34775,-0.0006085785,
0.348,0.0020102800,
0.34825,0.0176222008,
0.3485,0.0113433544,
0.34875,-0.0006582998,
0.349,0.0001073049,
0.34925,0.0053647272,
0.3495,-0.0012721659,
0.34975,-0.0099029616,
0.35,0.0067459168,
0.35025,0.0136912726,
0.3505,-0.0063395989,
0.35075,-0.0025586763,
0.351,0.0230208300,
0.35125,0.0158818215,
0.3515,-0.0045415382,
0.35175,0.0053508403,
0.352,0.0160822403,
0.35225,0.0015290289,
0.3525,-0.0136595499,
0.35275,0.0104775848,
0.353,0.0184586290,
0.35325,-0.0039823190,
0.3535,0.0005841809,
0.35375,0.0208481550,
0.354,0.0127019491,
0.35425,0.0013783639,
0.3545,0.0060576312,
0.35475,0.0171610117,
0.355,-0.0029560670,
0.35525,-0.0126460344,
0.3555,0.0004206079,
0.35575,0.0030403151,
0.356,-0.0067534829,
0.35625,-0.0026687100,
0.3565,0.0110072456,
0.35675,0.0103861988,
0.357,-0.0000084794,
0.35725,0.0032348756,
0.3575,0.0124493064,
0.35775,0.0022837203,
0.358,-0.0112717822,
0.35825,-0.0022991295,
0.3585,-0.0064344849,
0.35875,-0.0090429429,
0.359,-0.0120551232,
0.35925,-0.0048366599,
0.3595,0.0015979704,
0.35975,0.0000732168,
0.36,-0.0024650830,
0.36025,0.0015990842,
0.3605,-0.0040189768,
0.36075,-0.0045208358,
0.361,-0.0066020521,
0.36125,-0.0106965145,
0.3615,-0.0150740528,
0.36175,-0.0160515085,
0.362,-0.0154610267,
0.36225,-0.0137657020,
0.3625,-0.0087828832,
0.36275,0.0039188229,
0.363,0.0062261568,
0.36325,-0.0054538879,
0.3635,-0.0009836998,
0.36375,-0.0011036119,
0.364,-0.0162583776,
0.36425,-0.0232635438,
0.3645,-0.0112420684,
0.36475,-0.0073334835,
0.365,-0.0121778771,
0.36525,-0.0067426795,
0.3655,0.0032553026,
0.36575,0.0031099138,
0.366,-0.0126134409,
0.36625,-0.0111950422,
0.3665,-0.0055557168,
0.36675,-0.0162954424,
0.367,-0.0246971548,
0.36725,-0.0168109518,
0.3675,-0.0129541177,
0.36775,-0.0151683576,
0.368,-0.0139341075,
0.36825,0.0010855614,
0.3685,0.0093634157,
0.36875,-0.0033539624,
0.369,-0.0039454997,
0.36925,0.0010041062,
0.3695,-0.0057488838,
0.36975,-0.0227628835,
0.37,-0.0268481392,
0.37025,-0.0138596641,
0.3705,-0.0049895439,
0.37075,-0.0117508871,
0.371,0.0070351623,
0.37125,0.0288955756,
0.3715,0.0293386821,
0.37175,0.0161379091,
0.372,0.0160204470,
0.37225,0.0136815608,
0.3725,-0.0168039575,
0.37275,-0.0243863929,
0.373,-0.0176023077,
0.37325,-0.0073427870,
0.3735,-0.0169970822,
0.37375,0.0039091040,
0.374,0.0221959222,
0.37425,0.0233808737,
0.3745,0.0024062044,
0.37475,0.0128947534,
0.375,-0.0010662379,
0.37525,-0.0162221398,
0.3755,-0.0314542986,
0.37575,-0.0051295701,
0.376,0.0056815185,
0.37625,0.0030741247,
0.3765,0.0140477642,
0.37675,0.0267829653,
0.377,0.0170992054,
0.37725,-0.0059362007,
0.3775,0.0025139032,
0.37775,0.0057944208,
0.378,0.0110938773,
0.37825,0.0011282753,
0.3785,0.0163226947,
0.37875,0.0231864005,
0.379,0.0149046034,
0.37925,0.0090499558,
0.3795,0.0087125218,
0.37975,0.0186344646,
0.38,0.0010851414,
0.38025,0.0027492670,
0.3805,0.0109455585,
0.38075,0.0177484304,
0.381,0.0057227490,
0.38125,0.0093131987,
0.3815,0.0118647497,
0.38175,0.0067165103,
0.382,0.0036133043,
0.38225,0.0182167049,
0.3825,0.0050709960,
0.38275,0.0053400053,
0.383,0.0006992308,
0.38325,0.0071581462,
0.3835,-0.0199386198,
0.38375,-0.0041361414,
0.384,-0.0059683900,
0.38425,0.0074263178,
0.3845,-0.0027473066,
0.38475,0.0125644989,
0.385,0.0231942926,
0.38525,-0.0023950380,
0.3855,-0.0178218130,
0.38575,-0.0018742763,
0.386,0.0049531697,
0.38625,-0.0153249558,
0.3865,0.0013097731,
0.38675,0.0204774626,
0.387,0.0199511927,
0.38725,-0.0047479700,
0.3875,0.0133605059,
0.38775,0.0179041475,
0.388,-0.0054661534,
0.38825,-0.0155021045,
0.3885,0.0088087674,
0.38875,0.0088700736,
0.389,-0.0103433654,
0.38925,-0.0029345853,
0.3895,0.0140277939,
0.38975,0.0107400753,
0.39,-0.0043072267,
0.39025,0.0068675075,
0.3905,0.0207092799,
0.39075,0.0046534869,
0.391,-0.0091072507,
0.39125,0.0052685440,
0.3915,0.0058999383,
0.39175,-0.0148880584,
0.392,-0.0122694448,
0.39225,-0.0029550304,
0.3925,0.0015737234,
0.39275,0.0003534012,
0.393,0.0054829810,
0.39325,0.0130377263,
0.3935,0.0042098528,
0.39375,-0.0048555601,
0.394,-0.0060737482,
0.39425,-0.0140080508,
0.3945,-0.0195563212,
0.39475,-0.0220119115,
0.395,-0.0194525290,
0.39525,-0.0191578548,
0.3955,-0.0103068594,
0.39575,-0.0006301302,
0.396,0.0060003572,
0.39625,0.0040688887,
0.3965,0.0026322098,
0.39675,0.0049795508,
0.397,-0.0061160875,
0.39725,-0.0138642695,
0.3975,-0.0037697805,
0.39775,-0.0001443798,
0.398,-0.0010823504,
0.39825,0.0043301103,
0.3985,0.0195392426,
0.39875,0.0112218363,
0.399,0.0022134602,
0.39925,0.0064033167,
0.3995,0.0110263368,
0.39975,-0.0015872237,
0.4,-0.0084533039,
0.40025,0.0046887696,
0.4005,0.0097151017,
0.40075,-0.0002584245,
0.401,-0.0000594575,
0.40125,0.0199741907,
0.4015,0.0181098785,
0.40175,0.0037376145,
0.402,0.0049848151,
0.40225,0.0160831958,
0.4025,0.0080040041,
0.40275,-0.0033333709,
0.403,0.0022426958,
0.40325,0.0023791234,
0.4035,-0.0041140020,
0.40375,-0.0014483579,
0.404,0.0106561324,
0.40425,0.0254826713,
0.4045,0.0295926612,
0.40475,0.0248391032,
0.405,0.0251870826,
0.40525,0.0191646405,
0.4055,0.0023596510,
0.40575,-0.0082667433,
0.406,0.0034425501,
0.40625,0.0048736669,
0.4065,0.0054898602,
0.40675,0.0114893122,
0.407,0.0290900022,
0.40725,0.0274843052,
0.4075,0.0161180161,
0.40775,0.0180608444,
0.408,0.0240731910,
0.40825,0.0099498909,
0.4085,-0.0105074523,
0.40875,-0.0071972199,
0.409,0.0035608807,
0.40925,-0.0055641723,
0.4095,-0.0066259652,
0.40975,0.0156125613,
0.41,0.0240496825,
0.41025,0.0070034498,
0.4105,-0.0002926685,
0.41075,0.0087350765,
0.411,-0.0005744288,
0.41125,-0.0138187278,
0.4115,-0.0155577110,
0.41175,0.0067243017,
0.412,0.0014369234,
0.41225,0.0018820515,
0.4125,0.0156093342,
0.41275,0.0219816938,
0.413,0.0065048095,
0.41325,-0.0077778483,
0.4135,-0.0061952891,
0.41375,-0.0054511270,
0.414,-0.0153022017,
0.41425,-0.0131762596,
0.4145,0.0066474429,
0.41475,0.0089020785,
0.415,-0.0028723862,
0.41525,-0.0080683101,
0.4155,-0.0079179313,
0.41575,-0.0198609177,
0.416,-0.0247570090,
0.41625,-0.0219439045,
0.4165,-0.0271734148,
0.41675,-0.0162108820,
0.417,-0.0131791038,
0.41725,-0.0102550704,
0.4175,-0.0112444274,
0.41775,-0.0082922317,
0.418,0.0031196834,
0.41825,-0.0097527411,
0.4185,-0.0224705786,
0.41875,-0.0104252473,
0.419,-0.0048985519,
0.41925,-0.0266040843,
0.4195,-0.0248069782,
0.41975,-0.0020448184,
0.42,-0.0029054096,
0.42025,-0.0224481225,
0.4205,-0.0121990908,
0.42075,0.0076961494,
0.421,-0.0044368599,
0.42125,-0.0269446112,
0.4215,-0.0061603305,
0.42175,0.0028447686,
0.422,-0.0249859020,
0.42225,-0.0234355181,
0.4225,0.0014191226,
0.42275,-0.0046186359,
0.423,-0.0174698811,
0.42325,-0.0058341236,
0.4235,0.0125970775,
0.42375,-0.0035368837,
0.424,-0.0235324800,
0.42425,-0.0073220483,
0.4245,0.0063556591,
0.42475,-0.0231266748,
0.425,-0.0245175585,
0.42525,0.0038630734,
0.4255,0.0028900711,
0.42575,-0.0139772752,
0.426,-0.0048366203,
0.42625,0.0079302946,
0.4265,0.0020987550,
0.42675,-0.0162274744,
0.427,-0.0046688821,
0.42725,0.0059269434,
0.4275,-0.0014707347,
0.42775,-0.0050365785,
0.428,0.0040041697,
0.42825,0.0025634998,
0.4285,0.0007580897,
0.42875,0.0026819680,
0.429,0.0049612354,
0.42925,0.0029927529,
0.4295,0.0056929258,
0.42975,0.0052397754,
0.43,0.0029464043,
0.43025,-0.0019574820,
0.4305,0.0000995191,
0.43075,0.0004509538,
0.431,-0.0004820620,
0.43125,0.0035155050,
0.4315,0.0180118941,
0.43175,0.0200670492,
0.432,0.0116706342,
0.43225,0.0109420512,
0.4325,0.0131443739,
0.43275,0.0044635641,
0.433,0.0016687948,
0.43325,0.0068158279,
0.4335,0.0148440376,
0.43375,0.0069367597,
0.434,0.0001658243,
0.43425,0.0046256119,
0.4345,0.0066814334,
0.43475,-0.0063300338,
0.435,-0.0058943541,
0.43525,-0.0006083313,
0.4355,0.0030291209,
0.43575,-0.0141159585,
0.436,-0.0069882264,
0.43625,-0.0035564394,
0.4365,-0.0078701358,
0.43675,-0.0197793934,
0.437,-0.0024058088,
0.43725,0.0019586270,
0.4375,0.0045614508,
0.43775,0.0055280183,
0.438,0.0173220746,
0.43825,0.0111110331,
0.4385,0.0022599543,
0.43875,-0.0062193763,
0.439,-0.0062515917,
0.43925,-0.0118847294,
0.4395,-0.0179546680,
0.43975,-0.0092469351,
0.44,-0.0007997755,
0.44025,-0.0003253886,
0.4405,-0.0007440732,
0.44075,-0.0002363326,
0.441,0.0088182688,
0.44125,0.0012126015,
0.4415,-0.0108407382,
0.44175,-0.0173408072,
0.442,-0.0150488839,
0.44225,-0.0246954188,
0.4425,-0.0265971608,
0.44275,-0.0126254093,
0.443,0.0084902542,
0.44325,0.0048597325,
0.4435,-0.0064860405,
0.44375,-0.0016297230,
0.444,0.0032531542,
0.44425,-0.0160239786,
0.4445,-0.0224136002,
0.44475,-0.0037668920,
0.445,-0.0076213954,
0.44525,-0.0153058497,
0.4455,-0.0056826975,
0.44575,0.0088776657,
0.446,0.0031262517,
0.44625,-0.0092223836,
0.4465,-0.0028694465,
0.44675,0.0011311411,
0.447,-0.0116637405,
0.44725,-0.0108148167,
0.4475,0.0010154343,
0.44775,0.0084270556,
0.448,-0.0084652239,
0.44825,-0.0082000289,
0.4485,0.0016222757,
0.44875,0.0054269838,
0.449,-0.0097509352,
0.44925,-0.0053991615,
0.4495,0.0067833653,
0.44975,-0.0100674657,
0.45,-0.0167187322,
0.45025,-0.0084183868,
0.4505,-0.0016325112,
0.45075,-0.0011467241,
0.451,0.0034184151,
0.45125,0.0120547609,
0.4515,0.0118553191,
0.45175,0.0061128736,
0.452,0.0102010556,
0.45225,0.0024261023,
0.4525,-0.0101576820,
0.45275,-0.0015407352,
0.453,0.0105773062,
0.45325,0.0011607386,
0.4535,0.0014357846,
0.45375,0.0192690585,
0.454,0.0198548250,
0.45425,0.0011457135,
0.4545,-0.0086933644,
0.45475,0.0127317198,
0.455,0.0088542141,
0.45525,-0.0108390301,
0.4555,0.0089808749,
0.45575,0.0290151834,
0.456,0.0052030971,
0.45625,-0.0003708525,
0.4565,0.0250866991,
0.45675,0.0269050673,
0.457,0.0047884230,
0.45725,0.0071455422,
0.4575,0.0249697100,
0.45775,0.0181784406,
0.458,-0.0115040131,
0.45825,0.0026108732,
0.4585,0.0246827099,
0.45875,-0.0012996140,
0.459,-0.0155536011,
0.45925,0.0159610920,
0.4595,0.0210804194,
0.45975,-0.0006273562,
0.46,-0.0018863040,
0.46025,0.0230886824,
0.4605,0.0191851072,
0.46075,-0.0102794338,
0.461,-0.0011301228,
0.46125,0.0171939172,
0.4615,0.0007535782,
0.46175,-0.0093879458,
0.462,0.0033512560,
0.46225,0.0138943838,
0.4625,-0.0001234156,
0.46275,0.0022101009,
0.463,0.0105159804,
0.46325,0.0147629790,
0.4635,0.0031273072,
0.46375,0.0059760846,
0.464,0.0066837510,
0.46425,-0.0010908466,
0.4645,-0.0041270247,
0.46475,0.0036943797,
0.465,0.0038898964,
0.46525,0.0058837519,
0.4655,0.0108210035,
0.46575,0.0124575840,
0.466,0.0081830602,
0.46625,0.0041756183,
0.4665,0.0111115184,
0.46675,0.0014806646,
0.467,-0.0057909130,
0.46725,-0.0028177975,
0.4675,0.0042960867,
0.46775,-0.0050081369,
0.468,-0.0005692178,
0.46825,0.0105292527,
0.4685,0.0159113333,
0.46875,0.0126596363,
0.469,0.0033502292,
0.46925,0.0111708343,
0.4695,0.0037097677,
0.46975,-0.0152601935,
0.47,-0.0151882684,
0.47025,-0.0037746362,
0.4705,-0.0032273242,
0.47075,-0.0043981411,
0.471,0.0109792026,
0.47125,0.0220707431,
0.4715,0.0047361567,
0.47175,-0.0011850072,
0.472,-0.0001299655,
0.47225,-0.0053167939,
0.4725,-0.0220075659,
0.47275,-0.0198834650,
0.473,-0.0135387909,
0.47325,-0.0054596826,
0.4735,-0.0067911618,
0.47375,0.0094099753,
0.474,0.0231693536,
0.47425,0.0198370572,
0.4745,0.0049992772,
0.47475,0.0049747387,
0.475,-0.0082926536,
0.47525,-0.0263641253,
0.4755,-0.0274140239,
0.47575,-0.0208493657,
0.476,-0.0069048810,
0.47625,0.0003297640,
0.4765,0.0120631615,
0.47675,0.0188199915,
0.477,0.0155999241,
0.47725,0.0053143171,
0.4775,-0.0066224653,
0.47775,-0.0154313352,
0.478,-0.0209779013,
0.47825,-0.0207334664,
0.4785,-0.0178148225,
0.47875,0.0039099050,
0.479,0.0116632795,
0.47925,0.0094069401,
0.4795,0.0043437425,
0.47975,0.0027360979,
0.48,-0.0138447694,
0.48025,-0.0238424838,
0.4805,-0.0114387562,
0.48075,0.0029215501,
0.481,-0.0000956437,
0.48125,-0.0022396790,
0.4815,0.0125759132,
0.48175,0.0131527251,
0.482,0.0034238277,
0.48225,-0.0063023344,
0.4825,0.0115815606,
0.48275,0.0058243726,
0.483,-0.0094419122,
0.48325,-0.0055218930,
0.4835,0.0112446174,
0.48375,0.0077051292,
0.484,0.0043517062,
0.48425,0.0085032564,
0.4845,0.0162146203,
0.48475,0.0104610920,
0.485,-0.0046350216,
0.48525,0.0026083165,
0.4855,-0.0028779609,
0.48575,-0.0028872758,
0.486,-0.0013684413,
0.48625,0.0020309580,
0.4865,0.0031360926,
0.48675,0.0100835785,
0.487,0.0167677552,
0.48725,0.0097494563,
0.4875,0.0053488282,
0.48775,0.0089485561,
0.488,0.0145891085,
0.48825,0.0011745222,
0.4885,-0.0014387455,
0.48875,0.0163825583,
0.489,0.0195958447,
0.48925,0.0010963414,
0.4895,0.0104216021,
0.48975,0.0286581274,
0.49,0.0147379246,
0.49025,-0.0009616496,
0.4905,0.0118927136,
0.49075,0.0130232219,
0.491,-0.0066473866,
0.49125,-0.0089589739,
0.4915,0.0107182544,
0.49175,0.0112452647,
0.492,-0.0114446785,
0.49225,-0.0051262826,
0.4925,0.0201485660,
0.49275,-0.0024808128,
0.493,-0.0195005406,
0.49325,0.0013796642,
0.4935,0.0158243794,
0.49375,-0.0114082741,
0.494,-0.0139465407,
0.49425,0.0111318054,
0.4945,0.0097732665,
0.49475,-0.0181685910,
0.495,-0.0140717197,
0.49525,0.0056305910,
0.4955,-0.0060226112,
0.49575,-0.0221136399,
0.496,-0.0009849463,
0.49625,0.0138097303,
0.4965,-0.0048492667,
0.49675,-0.0058634742,
0.497,0.0021591289,
0.49725,-0.0014635426,
0.4975,-0.0159775168,
0.49775,-0.0204857439,
0.498,-0.0115669938,
0.49825,-0.0169515405,
0.4985,-0.0288477559,
0.49875,-0.0224062335,
0.499,-0.0128535461,
0.49925,-0.0210703183,
0.4995,-0.0121793672,
0.49975,-0.0059224661,
0.5,-0.0135184433,
0.50025,-0.0130754746,
0.5005,-0.0170967095,
0.50075,-0.0184732098,
0.501,-0.0190754775,
0.50125,-0.0174436923,
0.5015,-0.0078932587,
0.50175,-0.0099605005,
0.502,-0.0132322535,
0.50225,-0.0029655083,
0.5025,-0.0115918256,
0.50275,-0.0208900329,
0.503,-0.0260799304,
0.50325,-0.0190431103,
0.5035,-0.0178463459,
0.50375,-0.0234666802,
0.504,-0.0107269716,
0.50425,0.0091003561,
0.5045,0.0049851779,
0.50475,-0.0083037335,
0.505,0.0021739120,
0.50525,0.0010422624,
0.5055,-0.0173304752,
0.50575,-0.0277921110,
0.506,-0.0129320854,
0.50625,-0.0067721629,
0.5065,-0.0158373117,
0.50675,-0.0007470881,
0.507,0.0185986403,
0.50725,0.0191806648,
0.5075,0.0186595917,
0.50775,0.0206470396,
0.508,0.0183630083,
0.50825,-0.0081241354,
0.5085,-0.0260064583,
0.50875,-0.0127077922,
0.509,-0.0095989630,
0.50925,-0.0095305666,
0.5095,0.0079304278,
0.50975,0.0196955279,
0.51,0.0148611553,
0.51025,0.0073745730,
0.5105,0.0058500725,
0.51075,0.0057513965,
0.511,-0.0048239571,
0.51125,-0.0212938637,
0.5115,-0.0150806867,
0.51175,-0.0125482222,
0.512,-0.0013892060,
0.51225,0.0103617422,
0.5125,0.0222401731,
0.51275,0.0337480567,
0.513,0.0270977430,
0.51325,0.0079398816,
0.5135,0.0070852442,
0.51375,0.0086375056,
0.514,-0.0079135709,
0.51425,-0.0040021939,
0.5145,0.0128046144,
0.51475,0.0163011905,
0.515,0.0105046676,
0.51525,0.0140898339,
0.5155,0.0188617278,
0.51575,0.0141680129,
0.516,-0.0107932324,
0.51625,-0.0076685715,
0.5165,0.0007607904,
0.51675,-0.0035611186,
0.517,-0.0091972696,
0.51725,0.0068148263,
0.5175,0.0147953304,
0.51775,0.0045737829,
0.518,-0.0028840650,
0.51825,0.0061125653,
0.5185,0.0100527480,
0.51875,-0.0060845157,
0.519,-0.0033551303,
0.51925,0.0027097682,
0.5195,-0.0008933910,
0.51975,-0.0014906609,
0.52,0.0035384044,
0.52025,0.0009455897,
0.5205,-0.0001607084,
0.52075,-0.0034662979,
0.521,-0.0035954439,
0.52125,-0.0071965116,
0.5215,-0.0205206387,
0.52175,-0.0192768965,
0.522,-0.0099626947,
0.52225,-0.0118276570,
0.5225,-0.0080153998,
0.52275,0.0058129020,
0.523,0.0025627997,
0.52325,-0.0139376754,
0.5235,-0.0103726517,
0.52375,-0.0057197646,
0.524,-0.0172052719,
0.52425,-0.0233898610,
0.5245,-0.0028204634,
0.52475,-0.0015299236,
0.525,-0.0126775373,
0.52525,-0.0079856943,
0.5255,0.0090620732,
0.52575,-0.0033681060,
0.526,-0.0171110053,
0.52625,-0.0050543752,
0.5265,0.0003214786,
0.52675,-0.0215852298,
0.527,-0.0248990320,
0.52725,0.0019793804,
0.5275,0.0008766725,
0.52775,-0.0155124022,
0.528,-0.0022957423,
0.52825,0.0121758096,
0.5285,-0.0082364157,
0.52875,-0.0222479515,
0.529,-0.0074683507,
0.52925,0.0058952770,
0.5295,-0.0166006796,
0.52975,-0.0147180166,
0.53,0.0053593041,
0.53025,0.0038367882,
0.5305,-0.0112913037,
0.53075,0.0000584780,
0.531,0.0121875927,
0.53125,0.0089482805,
0.5315,-0.0031093739,
0.53175,0.0027770360,
0.532,0.0167494453,
0.53225,0.0053173592,
0.5325,0.0027663340,
0.53275,0.0207593869,
0.533,0.0213768668,
0.53325,0.0068522594,
0.5335,0.0160386730,
0.53375,0.0168324541,
0.534,0.0155051332,
0.53425,0.0060970471,
0.5345,0.0074586337,
0.53475,0.0142764356,
0.535,0.0015881399,
0.53525,0.0029001860,
0.5355,0.0115194181,
0.53575,0.0039811786,
0.536,0.0027740276,
0.53625,0.0009119778,
0.5365,-0.0023951880,
0.53675,-0.0115936883,
0.537,-0.0133855818,
0.53725,-0.0094827656,
0.5375,-0.0008882631,
0.53775,0.0000403868,
0.538,0.0155926673,
0.53825,0.0314224921,
0.5385,0.0226528216,
0.53875,0.0162123144,
0.539,0.0217589345,
0.53925,0.0150102340,
0.5395,0.0050268886,
0.53975,0.0059833699,
0.54,0.0183072034,
0.54025,0.0200272519,
0.5405,0.0179102514,
0.54075,0.0306996666,
0.541,0.0335940681,
0.54125,0.0270288549,
0.5415,0.0173882414,
0.54175,0.0172105264,
0.542,0.0014428819,
0.54225,-0.0160854571,
0.5425,-0.0153560862,
0.54275,-0.0068884920,
0.543,-0.0134197064,
0.54325,-0.0056858631,
0.5435,0.0153702134,
0.54375,0.0213557687,
0.544,0.0156643596,
0.54425,0.0175311193,
0.5445,0.0147608742,
0.54475,0.0049598068,
0.545,-0.0105946427,
0.54525,-0.0036159153,
0.5455,0.0069460897,
0.54575,0.0083849784,
0.546,0.0129919834,
0.54625,0.0202541444,
0.5465,0.0174125545,
0.54675,0.0071234116,
0.547,-0.0084971972,
0.54725,-0.0084336558,
0.5475,0.0023638993,
0.54775,-0.0029752867,
0.548,-0.0043261433,
0.54825,0.0151823219,
0.5485,0.0091975685,
0.54875,-0.0037682303,
0.549,-0.0123649407,
0.54925,0.0037297036,
0.5495,0.0033706436,
0.54975,-0.0027175369,
0.55,-0.0119140539,
0.55025,0.0116646020,
0.5505,-0.0036151665,
0.55075,-0.0192000642,
0.551,-0.0057958364,
0.55125,0.0073197810,
0.5515,0.0041933423,
0.55175,-0.0113855386,
0.552,-0.0048330473,
0.55225,0.0023242810,
0.5525,-0.0076354789,
0.55275,-0.0254663005,
0.553,-0.0069571892,
0.55325,-0.0090834722,
0.5535,-0.0083167944,
0.55375,-0.0080493363,
0.554,-0.0013814250,
0.55425,0.0070438301,
0.5545,-0.0014192995,
0.55475,-0.0145737315,
0.555,-0.0134957191,
0.55525,-0.0120195169,
0.5555,-0.0171313155,
0.55575,-0.0027153841,
0.556,0.0033291338,
0.55625,0.0010428877,
0.5565,0.0023874347,
0.55675,0.0020989766,
0.557,-0.0030484772,
0.55725,-0.0126332212,
0.5575,-0.0081330622,
0.55775,-0.0029734946,
0.558,-0.0102597121,
0.55825,-0.0070410217,
0.5585,0.0011886518,
0.55875,-0.0002156715,
0.559,-0.0059053809,
0.55925,0.0018696855,
0.5595,0.0051997439,
0.55975,-0.0091769164,
0.56,-0.0140810087,
0.56025,-0.0061803474,
0.5605,-0.0101118386,
0.56075,-0.0271051191,
0.561,-0.0147835538,
0.56125,-0.0025945432,
0.5615,-0.0196548998,
0.56175,-0.0194726046,
0.562,0.0011525895,
0.56225,0.0084173270,
0.5625,-0.0084696868,
0.56275,-0.0028143325,
0.563,0.0166960508,
0.56325,0.0031254871,
0.5635,-0.0146777602,
0.56375,0.0046644211,
0.564,0.0126309916,
0.56425,-0.0050523593,
0.5645,-0.0064829895,
0.56475,0.0084662214,
0.565,0.0111827496,
0.56525,-0.0013883985,
0.5655,-0.0001731428,
0.56575,0.0205980130,
0.566,0.0125879124,
0.56625,-0.0040559587,
0.5665,0.0043627983,
0.56675,0.0041221282,
0.567,-0.0126275867,
0.56725,-0.0129692536,
0.5675,-0.0082761422,
0.56775,0.0029254584,
0.568,0.0049558007,
0.56825,0.0088827666,
0.5685,0.0194736384,
0.56875,0.0190060660,
0.569,0.0093583874,
0.56925,0.0076097092,
0.5695,0.0001021080,
0.56975,0.0027761268,
0.57,-0.0033020463,
0.57025,0.0006064605,
0.5705,0.0097093210,
0.57075,0.0155618284,
0.571,0.0161972623,
0.57125,0.0192595068,
0.5715,0.0115009528,
0.57175,0.0008642130,
0.572,0.0004004458,
0.57225,-0.0049061151,
0.5725,-0.0140826963,
0.57275,-0.0109097585,
0.573,-0.0040244851,
0.57325,-0.0007334162,
0.5735,-0.0037435768,
0.57375,0.0089307306,
0.574,0.0214801617,
0.57425,0.0115501303,
0.5745,0.0123408511,
0.57475,0.0084188227,
0.575,-0.0009969170,
0.57525,-0.0180136897,
0.5755,-0.0133486371,
0.57575,-0.0003393796,
0.576,-0.0065830331,
0.57625,-0.0009731929,
0.5765,0.0167684611,
0.57675,0.0162887555,
0.577,0.0010717236,
0.57725,-0.0022829203,
0.5775,-0.0027527758,
0.57775,-0.0218164753,
0.578,-0.0346591547,
0.57825,-0.0292266868,
0.5785,-0.0168352053,
0.57875,-0.0198315270,
0.579,-0.0151677765,
0.57925,0.0004920283,
0.5795,0.0004547412,
0.57975,-0.0065158699,
0.58,-0.0097535690,
0.58025,-0.0138103720,
0.5805,-0.0207761023,
0.58075,-0.0238049254,
0.581,-0.0188064836,
0.58125,-0.0002457701,
0.5815,0.0050438698,
0.58175,0.0038912292,
0.582,0.0031559579,
0.58225,0.0083872480,
0.5825,-0.0094044181,
0.58275,-0.0159682054,
0.583,-0.0199235678,
0.58325,-0.0098105595,
0.5835,-0.0077958945,
0.58375,-0.0150876725,
0.584,-0.0056965374,
0.58425,0.0132676717,
0.5845,0.0016365363,
0.58475,-0.0221363790,
0.585,-0.0078546107,
0.58525,-0.0038549385,
0.5855,-0.0138846301,
0.58575,-0.0292134471,
0.586,-0.0059365295,
0.58625,0.0057715550,
0.5865,-0.0062275100,
0.58675,-0.0081594586,
0.587,0.0111874528,
0.58725,0.0151590863,
0.5875,0.0032244378,
0.58775,-0.0023448465,
0.588,0.0071401889,
0.58825,0.0063127009,
0.5885,-0.0045713158,
0.58875,-0.0006993465,
0.589,0.0112734400,
0.58925,0.0151819596,
0.5895,0.0088817729,
0.58975,0.0096218633,
0.59,0.0141314222,
0.59025,0.0063898596,
0.5905,-0.0002036963,
0.59075,0.0012884429,
0.591,-0.0036756145,
0.59125,-0.0058947187,
0.5915,0.0043686950,
0.59175,0.0048234351,
0.592,0.0097185522,
0.59225,0.0081117833,
0.5925,0.0113411620,
0.59275,0.0123209041,
0.593,0.0034603549,
0.59325,0.0021003648,
0.5935,0.0034797764,
0.59375,-0.0027525644,
0.594,0.0021823964,
0.59425,0.0094086686,
0.5945,0.0089151897,
0.59475,0.0085260002,
0.595,0.0192553569,
0.59525,0.0178328324,
0.5955,0.0081322026,
0.59575,0.0081381444,
0.596,0.0181514323,
0.59625,0.0145173371,
0.5965,-0.0043134214,
0.59675,0.0117253652,
0.597,0.0260378774,
0.59725,0.0048682643,
0.5975,-0.0021073993,
0.59775,0.0182644445,
0.598,0.0197454765,
0.59825,-0.0013865130,
0.5985,-0.0021099127,
0.59875,0.0154485498,
0.599,0.0190844014,
0.59925,-0.0077681849,
0.5995,0.0002463355,
0.59975,0.0221988037,
0.6,0.0004563910,
0.60025,-0.0178153794,
0.6005,0.0019886999,
0.60075,0.0079832105,
0.601,-0.0001078351,
0.60125,0.0027328115,
0.6015,0.0243181642,
0.60175,0.0276629645,
0.602,0.0063773384,
0.60225,0.0051691011,
0.6025,0.0148014985,
0.60275,-0.0030312219,
0.603,-0.0150330439,
0.60325,-0.0114595043,
0.6035,0.0022077519,
0.60375,0.0061279926,
0.604,-0.0003155785,
0.60425,0.0065827952,
0.6045,0.0162776895,
0.60475,0.0005208410,
0.605,-0.0133116683,
0.60525,-0.0111181829,
0.6055,-0.0055785812,
0.60575,-0.0157325193,
0.606,-0.0109035252,
0.60625,-0.0078224894,
0.6065,0.0002594576,
0.60675,-0.0001949603,
0.607,0.0054183621,
0.60725,0.0098180361,
0.6075,0.0088357478,
0.60775,0.0072085294,
0.608,-0.0030210409,
0.60825,-0.0056654918,
0.6085,-0.0091582844,
0.60875,-0.0120474165,
0.609,-0.0119435806,
0.60925,-0.0166120678,
0.6095,-0.0041008610,
0.60975,0.0065206368,
0.61,0.0030354292,
0.61025,0.0069802981,
0.6105,0.0104125012,
0.61075,0.0002864342,
0.611,-0.0130262803,
0.61125,-0.0160284042,
0.6115,-0.0102057029,
0.61175,-0.0136665683,
0.612,-0.0080531454,
0.61225,0.0079886271,
0.6125,0.0205684267,
0.61275,0.0037481259,
0.613,0.0054312167,
0.61325,0.0007650986,
0.6135,-0.0073561696,
0.61375,-0.0285202712,
0.614,-0.0288264751,
0.61425,-0.0179507099,
0.6145,-0.0198822655,
0.61475,-0.0149425045,
0.615,-0.0056918059,
0.61525,0.0081779920,
0.6155,-0.0005097515,
0.61575,-0.0012805799,
0.616,0.0020663794,
0.61625,0.0085258381,
0.6165,0.0001102155,
0.61675,-0.0027904727,
0.617,-0.0000579510,
0.61725,0.0096255057,
0.6175,0.0051401649,
0.61775,-0.0052288077,
0.618,0.0053766812,
0.61825,0.0220407918,
0.6185,0.0134908687,
0.61875,-0.0005124359,
0.619,0.0112298150,
0.61925,0.0185379591,
0.6195,-0.0037963409,
0.61975,-0.0111486772,
0.62,0.0135348197,
0.62025,0.0229392312,
0.6205,0.0075937849,
0.62075,0.0064342506,
0.621,0.0190881323,
0.62125,0.0062054135,
0.6215,-0.0149134193,
0.62175,-0.0097615235,
0.622,0.0092106210,
0.62225,0.0096606873,
0.6225,0.0062701683,
0.62275,0.0141953006,
0.623,0.0263651311,
0.62325,0.0216830689,
0.6235,0.0038798708,
0.62375,0.0085028205,
0.624,0.0067488374,
0.62425,-0.0044498681,
0.6245,-0.0024630218,
0.62475,0.0076172287,
0.625,0.0099056605,
0.62525,0.0072614159,
0.6255,0.0059907679,
0.62575,0.0041035819,
0.626,0.0070165126,
0.62625,0.0029623089,
0.6265,0.0059339148,
0.62675,0.0011027140,
0.627,-0.0004915991,
0.62725,0.0047686305,
0.6275,-0.0029706408,
0.62775,-0.0035269535,
0.628,-0.0002115434,
0.62825,0.0063703908,
0.6285,-0.0053617633,
0.62875,-0.0087793153,
0.629,0.0008657567,
0.62925,0.0049698954,
0.6295,-0.0112794144,
0.62975,-0.0138426302,
0.63,0.0068486687,
0.63025,-0.0016445084,
0.6305,-0.0240654778,
0.63075,-0.0094851274,
0.631,0.0079326788,
0.63125,-0.0084747486,
0.6315,-0.0214794353,
0.63175,0.0019003131,
0.632,0.0093128067,
0.63225,-0.0142919049,
0.6325,-0.0179349985,
0.63275,0.0079653431,
0.633,0.0123569313,
0.63325,-0.0200112704,
0.6335,-0.0166267827,
0.63375,0.0078412974,
0.634,-0.0078655574,
0.63425,-0.0295833051,
0.6345,-0.0068448931,
0.63475,0.0156435203,
0.635,0.0000916077,
0.63525,-0.0197571404,
0.6355,-0.0052609970,
0.63575,0.0069384021,
0.636,-0.0263307914,
0.63625,-0.0400538072,
0.6365,-0.0183757134,
0.63675,-0.0221363679,
0.637,-0.0282284096,
0.63725,-0.0262133814,
0.6375,0.0010513181,
0.63775,0.0100049563,
0.638,-0.0058549233,
0.63825,-0.0148293115,
0.6385,-0.0049767308,
0.63875,-0.0142203597,
0.639,-0.0302603580,
0.63925,-0.0232377294,
0.6395,-0.0110660978,
0.63975,-0.0046791700,
0.64,-0.0039840634,
0.64025,0.0057233265,
0.6405,0.0166860595,
0.64075,0.0163797364,
0.641,0.0094549023,
0.64125,0.0045335423,
0.6415,-0.0092381043,
0.64175,-0.0126873180,
0.642,-0.0175790787,
0.64225,-0.0174839217,
0.6425,-0.0160833523,
0.64275,-0.0033477612,
0.643,0.0057265768,
0.64325,0.0129964342,
0.6435,0.0163055062,
0.64375,0.0216815583,
0.644,0.0151710995,
0.64425,-0.0031481080,
0.6445,-0.0139469299,
0.64475,-0.0218686312,
0.645,-0.0401408263,
0.64525,-0.0292451233,
0.6455,-0.0107630296,
0.64575,0.0029475263,
0.646,0.0103676487,
0.64625,0.0264919028,
0.6465,0.0230698753,
0.64675,0.0068730265,
0.647,-0.0158765670,
0.64725,-0.0098473765,
0.6475,-0.0146844555,
0.64775,-0.0203962214,
0.648,-0.0072242608,
0.64825,0.0107494257,
0.6485,0.0111108189,
0.64875,0.0037216479,
0.649,0.0016180207,
0.64925,0.0012430858,
0.6495,-0.0079354309,
0.64975,-0.0286502223,
0.65,-0.0092879431,
0.65025,-0.0026034936,
0.6505,0.0039764601,
0.65075,-0.0069209533,
0.651,0.0006687139,
0.65125,0.0027871158,
0.6515,0.0092128804,
0.65175,-0.0168805122,
0.652,0.0022554712,
0.65225,0.0099170012,
0.6525,-0.0038051093,
0.65275,-0.0190705247,
0.653,-0.0011057002,
0.65325,0.0125445379,
0.6535,-0.0028761546,
0.65375,-0.0094992034,
0.654,0.0070370212,
0.65425,0.0230736192,
0.6545,-0.0047200774,
0.65475,-0.0196418092,
0.655,-0.0005833092,
0.65525,0.0016511993,
0.6555,-0.0107359989,
0.65575,-0.0231085382,
0.656,0.0110271238,
0.65625,0.0203270018,
0.6565,0.0100405477,
0.65675,0.0060827057,
0.657,0.0259738937,
0.65725,0.0166362301,
0.6575,-0.0073446082,
0.65775,0.0001729040,
0.658,-0.0010980421,
0.65825,-0.0042758519,
0.6585,0.0000465444,
0.65875,0.0114107393,
0.659,0.0116905700,
0.65925,0.0076137381,
0.6595,0.0209437869,
0.65975,0.0156867709,
0.66,-0.0065838317,
0.66025,-0.0117683318,
0.6605,0.0063982382,
0.66075,-0.0174718369,
0.661,-0.0158765689,
0.66125,-0.0102191046,
0.6615,0.0018305804,
0.66175,-0.0166467167,
0.662,-0.0130091589,
0.66225,0.0014280151,
0.6625,0.0106979543,
0.66275,-0.0078456244,
0.663,0.0062227771,
0.66325,0.0200708751,
0.6635,0.0057550143,
0.66375,-0.0082074841,
0.664,0.0126213487,
0.66425,0.0097590322,
0.6645,-0.0158078521,
0.66475,-0.0111292452,
0.665,0.0119236475,
0.66525,-0.0020919137,
0.6655,-0.0138016231,
0.66575,0.0034710858,
0.666,0.0272857379,
0.66625,0.0018390961,
0.6665,-0.0062833959,
0.66675,0.0102799004,
0.667,0.0131001333,
0.66725,-0.0257948972,
0.6675,-0.0281539671,
0.66775,-0.0012179826,
0.668,-0.0075680651,
0.66825,-0.0332522020,
0.6685,-0.0123509821,
0.66875,0.0132249836,
0.669,-0.0000105947,
0.66925,-0.0214406662,
0.6695,-0.0039574807,
0.66975,0.0037484115,
0.67,-0.0242737718,
0.67025,-0.0323562026,
0.6705,0.0023826035,
0.67075,0.0119962804,
0.671,0.0068370113,
0.67125,0.0068094274,
0.6715,0.0268910062,
0.67175,0.0155507438,
0.672,-0.0022550430,
0.67225,-0.0114905518,
0.6725,0.0045346403,
0.67275,-0.0014212914,
0.673,-0.0058816196,
0.67325,0.0002782199,
0.6735,0.0058410414,
0.67375,0.0121906688,
0.674,0.0042870706,
0.67425,0.0108789913,
0.6745,0.0052245166,
0.67475,0.0025604656,
0.675,-0.0019320216,
0.67525,-0.0027736342,
0.6755,-0.0046801092,
0.67575,-0.0069147367,
0.676,0.0005676880,
0.67625,0.0091920691,
0.6765,0.0153532485,
0.67675,0.0220141187,
0.677,0.0276925638,
0.67725,0.0224508625,
0.6775,0.0154121118,
0.67775,0.0037165780,
0.678,-0.0064657466,
0.67825,-0.0120058246,
0.6785,-0.0071275216,
0.67875,-0.0001320712,
0.679,0.0181843322,
0.67925,0.0163923744,
0.6795,0.0325578116,
0.67975,0.0194608439,
0.68,0.0164619107,
0.68025,0.0155483047,
0.6805,0.0134325456,
0.68075,-0.0033543829,
0.681,-0.0050236001,
0.68125,-0.0000236702,
0.6815,0.0080965301,
0.68175,0.0164810587,
0.682,0.0246058125,
0.68225,0.0363227762,
0.6825,0.0266370364,
0.68275,0.0162870698,
0.683,0.0048777000,
0.68325,0.0095291510,
0.6835,0.0016000554,
0.68375,0.0015219697,
0.684,0.0049421326,
0.68425,0.0192081593,
0.6845,0.0150202774,
0.68475,0.0108509967,
0.685,0.0124054402,
0.68525,0.0118389092,
0.6855,0.0017410638,
0.68575,-0.0178273283,
0.686,-0.0034616794,
0.68625,-0.0009388474,
0.6865,0.0002225118,
0.68675,-0.0109261554,
0.687,0.0124240126,
0.68725,0.0249610748,
0.6875,0.0091266837,
0.68775,-0.0091662435,
0.688,0.0176268015,
0.68825,0.0187995899,
0.6885,-0.0155810444,
0.68875,-0.0197996777,
0.689,0.0131575093,
0.68925,0.0134531092,
0.6895,-0.0040760683,
0.68975,0.0078047230,
0.69,0.0279522538,
0.69025,0.0078481855,
0.6905,-0.0195358247,
0.69075,-0.0112693245,
0.691,0.0004586525,
0.69125,-0.0210595764,
0.6915,-0.0295076501,
0.69175,-0.0034993063,
0.692,-0.0009263586,
0.69225,-0.0105705028,
0.6925,-0.0037395605,
0.69275,0.0036172371,
0.693,-0.0091897780,
0.69325,-0.0288420264,
0.6935,-0.0152674587,
0.69375,-0.0085560335,
0.694,-0.0214636140,
0.69425,-0.0122586647,
0.6945,0.0078280382,
0.69475,0.0023744639,
0.695,-0.0124638528,
0.69525,-0.0059036636,
0.6955,0.0005206148,
0.69575,-0.0119289719,
0.696,-0.0234698355,
0.69625,-0.0089566559,
0.6965,-0.0004725383,
0.69675,-0.0129974820,
0.697,-0.0038515427,
0.69725,0.0139635205,
0.6975,0.0109609589,
0.69775,-0.0036265431,
0.698,0.0043719267,
0.69825,0.0072191167,
0.6985,-0.0122509068,
0.69875,-0.0189813543,
0.699,-0.0050440505,
0.69925,-0.0052915243,
0.6995,-0.0180777442,
0.69975,-0.0000502507,
0.7,0.0154032800,
0.70025,0.0018445402,
0.7005,-0.0085833510,
0.70075,0.0027717196,
0.701,0.0089464234,
0.70125,-0.0137736285,
0.7015,-0.0114351334,
0.70175,0.0108197425,
0.702,0.0015318801,
0.70225,-0.0195742920,
0.7025,-0.0040620896,
0.70275,0.0120336097,
0.703,-0.0021600921,
0.70325,-0.0098045785,
0.7035,0.0119826235,
0.70375,0.0133055300,
0.704,-0.0053521316,
0.70425,-0.0063660326,
0.7045,0.0141390413,
0.70475,0.0009070765,
0.705,-0.0134716788,
0.70525,-0.0026363509,
0.7055,0.0039680419,
0.70575,-0.0024741304,
0.706,-0.0058787353,
0.70625,0.0037406287,
0.7065,0.0167042110,
0.70675,0.0030762968,
0.707,-0.0001969636,
0.70725,0.0111483019,
0.7075,0.0116977943,
0.70775,0.0019767506,
0.708,0.0025483216,
0.70825,0.0041160658,
0.7085,0.0027706579,
0.70875,-0.0053149881,
0.709,-0.0049711214,
0.70925,0.0035983685,
0.7095,0.0069498247,
0.70975,-0.0015804879,
0.71,0.0081065660,
0.71025,0.0098933140,
0.7105,0.0054361974,
0.71075,-0.0022921332,
0.711,-0.0035495581,
0.71125,-0.0100125540,
0.7115,-0.0279714391,
0.71175,-0.0250660796,
0.712,-0.0169336163,
0.71225,-0.0162104294,
0.7125,-0.0099498145,
0.71275,0.0011665599,
0.713,0.0128291696,
0.71325,0.0050179251,
0.7135,0.0030987631,
0.71375,-0.0074008103,
0.714,-0.0184341781,
0.71425,-0.0290474631,
0.7145,-0.0227880962,
0.71475,-0.0120742749,
0.715,0.0030060101,
0.71525,0.0164504200,
0.7155,0.0128522879,
0.71575,0.0058116992,
0.716,-0.0058016814,
0.71625,-0.0178498328,
0.7165,-0.0329323523,
0.71675,-0.0307419691,
0.717,-0.0189771093,
0.71725,-0.0106553491,
0.7175,-0.0080620227,
0.71775,-0.0035360027,
0.718,-0.0024899095,
0.71825,-0.0073773479,
0.7185,-0.0183181576,
0.71875,-0.0262574218,
0.719,-0.0225610752,
0.71925,-0.0133188367,
0.7195,-0.0096455207,
0.71975,-0.0101872152,
0.72,-0.0019844747,
0.72025,0.0037645660,
0.7205,-0.0019149145,
0.72075,-0.0089201955,
0.721,0.0065102614,
0.72125,0.0114520993,
0.7215,-0.0010045173,
0.72175,-0.0166336466,
0.722,-0.0014033878,
0.72225,-0.0020341619,
0.7225,-0.0214950275,
0.72275,-0.0075306725,
0.723,0.0160313416,
0.72325,0.0089182453,
0.7235,-0.0071055205,
0.72375,0.0010041976,
0.724,0.0025135104,
0.72425,-0.0147431642,
0.7245,-0.0247768201,
0.72475,-0.0047576274,
0.725,0.0073582903,
0.72525,-0.0042638564,
0.7255,0.0089224493,
0.72575,0.0273700207,
0.726,0.0112809502,
0.72625,-0.0008083242,
0.7265,0.0035307389,
0.72675,0.0068232743,
0.727,-0.0131659573,
0.72725,-0.0065102763,
0.7275,0.0148794511,
0.72775,0.0165273231,
0.728,0.0053913901,
0.72825,0.0135010835,
0.7285,0.0231829099,
0.72875,0.0102413269,
0.729,-0.0007195781,
0.72925,0.0084941220,
0.7295,0.0095396135,
0.72975,0.0002807795,
0.73,-0.0095118638,
0.73025,0.0035612206,
0.7305,0.0085108457,
0.73075,-0.0001441383,
0.731,0.0049784882,
0.73125,0.0166605208,
0.7315,0.0107206348,
0.73175,0.0031329901,
0.732,0.0108725037,
0.73225,0.0103924517,
0.7325,0.0026968250,
0.73275,0.0022428837,
0.733,0.0050383946,
0.73325,0.0033242467,
0.7335,0.0015656078,
0.73375,0.0117652901,
0.734,0.0122551424,
0.73425,0.0004969126,
0.7345,-0.0000157071,
0.73475,0.0142387589,
0.735,0.0064563514,
0.73525,-0.0026008147,
0.7355,0.0090860780,
0.73575,0.0175243188,
0.736,-0.0008937021,
0.73625,-0.0050180540,
0.7365,0.0045935721,
0.73675,0.0001017392,
0.737,-0.0133693796,
0.73725,-0.0057120291,
0.7375,0.0108572003,
0.73775,0.0071045076,
0.738,-0.0009540256,
0.73825,0.0120988153,
0.7385,0.0139765553,
0.73875,-0.0053555435,
0.739,-0.0089886803,
0.73925,0.0006136662,
0.7395,0.0002565918,
0.73975,-0.0060814298,
0.74,-0.0037115251,
0.74025,0.0101556340,
0.7405,0.0081031760,
0.74075,-0.0048601530,
0.741,0.0001617165,
0.74125,0.0029074829,
0.7415,-0.0076226033,
0.74175,-0.0087996330,
0.742,-0.0066791982,
0.74225,-0.0067440039,
0.7425,-0.0037865832,
0.74275,-0.0061674733,
0.743,0.0024702162,
0.74325,0.0091934744,
0.7435,0.0069069904,
0.74375,0.0124168415,
0.744,0.0081854863,
0.74425,-0.0000214545,
0.7445,-0.0083841123,
0.74475,-0.0080784187,
0.745,-0.0083688935,
0.74525,-0.0084100682,
0.7455,-0.0003500417,
0.74575,0.0156864524,
0.746,0.0182744823,
0.74625,0.0108200889,
0.7465,0.0086817294,
0.74675,0.0109087266,
0.747,-0.0091143968,
0.74725,-0.0199960154,
0.7475,-0.0224224776,
0.74775,-0.0116372658,
0.748,-0.0113912970,
0.74825,-0.0031378460,
0.7485,0.0069461633,
0.74875,0.0151042268,
0.749,0.0138809113,
0.74925,0.0066195247,
0.7495,-0.0027390220,
0.74975,-0.0087436642,
0.75,-0.0181399435,
0.75025,-0.0206568912,
0.7505,-0.0134795811,
0.75075,-0.0012253681,
0.751,0.0112766083,
0.75125,0.0189084075,
0.7515,0.0131218778,
0.75175,0.0126269758,
0.752,0.0011690909,
0.75225,-0.0010648600,
0.7525,-0.0115770753,
0.75275,-0.0092701931,
0.753,-0.0105953692,
0.75325,0.0095181083,
0.7535,0.0066146124,
0.75375,0.0191364661,
0.754,0.0179451555,
0.75425,0.0203942209,
0.7545,0.0011923116,
0.75475,-0.0001345895,
0.755,0.0017837213,
0.75525,0.0099441968,
0.7555,-0.0415888019,
0.75575,-0.0413465872,
0.756,0.0082871877,
0.75625,0.0008105048,
0.7565,-0.0235848594,
0.75675,0.0032641341,
0.757,0.0162292384,
0.75725,-0.0159828253,
0.7575,-0.0106918868,
0.75775,0.0096213929,
0.758,0.0088672219,
0.75825,-0.0002821452,
0.7585,0.0112642953,
0.75875,0.0289416499,
0.759,0.0150926020,
0.75925,0.0124560660,
0.7595,0.0314679109,
0.75975,0.0267586969,
0.76,0.0057561146,
0.76025,0.0012424000,
0.7605,0.0107677411,
0.76075,-0.0030086772,
0.761,-0.0114666596,
0.76125,0.0072008865,
0.7615,0.0231403522,
0.76175,0.0116455723,
0.762,0.0156797413,
0.76225,0.0268869437,
0.7625,0.0248616189,
0.76275,0.0062398403,
0.763,0.0065980796,
0.76325,0.0128877666,
0.7635,0.0014846306,
0.76375,-0.0065369699,
0.764,0.0002187489,
0.76425,0.0142945759,
0.7645,0.0085360315,
0.76475,0.0023872606,
0.765,0.0141853038,
0.76525,0.0201705508,
0.7655,0.0053909011,
0.76575,0.0044041416,
0.766,0.0044151288,
0.76625,-0.0035511169,
0.7665,-0.0078868950,
0.76675,-0.0054653967,
0.767,-0.0047243182,
0.76725,-0.0035184072,
0.7675,-0.0039823581,
0.76775,0.0049682073,
0.768,0.0036354039,
0.76825,-0.0061880150,
0.7685,-0.0000424728,
0.76875,-0.0028255419,
0.769,-0.0210421570,
0.76925,-0.0229234640,
0.7695,-0.0187337901,
0.76975,-0.0249720924,
0.77,-0.0287576225,
0.77025,-0.0145610441,
0.7705,-0.0002073088,
0.77075,-0.0036133572,
0.771,-0.0060942108,
0.77125,0.0054898066,
0.7715,-0.0025964915,
0.77175,-0.0248078275,
0.772,-0.0174996015,
0.77225,-0.0082158782,
0.7725,-0.0168148465,
0.77275,-0.0208952725,
0.773,-0.0058978796,
0.77325,-0.0038881975,
0.7735,-0.0118393535,
0.77375,-0.0250758510,
0.774,-0.0152166616,
0.77425,-0.0136263184,
0.7745,-0.0288314521,
0.77475,-0.0245281681,
0.775,-0.0066279266,
0.77525,-0.0108785508,
0.7755,-0.0213982444,
0.77575,-0.0132156154,
0.776,-0.0019225890,
0.77625,-0.0007768773,
0.7765,-0.0067818169,
0.77675,0.0057025542,
0.777,0.0136686163,
0.77725,-0.0032032954,
0.7775,-0.0081965104,
0.77775,-0.0018515736,
0.778,-0.0020293873,
0.77825,-0.0114558814,
0.7785,-0.0104560843,
0.77875,0.0030054513,
0.779,0.0081463363,
0.77925,0.0026255599,
0.7795,0.0081335632,
0.77975,0.0160985328,
0.78,0.0029743600,
0.78025,-0.0117629198,
0.7805,-0.0099803796,
0.78075,-0.0143112512,
0.781,-0.0173753873,
0.78125,-0.0160493907,
0.7815,0.0012685683,
0.78175,0.0185507238,
0.782,0.0153806303,
0.78225,0.0224081427,
0.7825,0.0239734706,
0.78275,0.0223992560,
0.783,0.0006774127,
0.78325,-0.0050911824,
0.7835,0.0015504400,
0.78375,-0.0089494595,
0.784,-0.0049218535,
0.78425,0.0113533325,
0.7845,0.0215698052,
0.78475,0.0149576319,
0.785,0.0099740727,
0.78525,0.0048751901,
0.7855,-0.0001300519,
0.78575,-0.0118722105,
0.786,-0.0102386950,
0.78625,0.0004785088,
0.7865,0.0062812562,
0.78675,0.0074862456,
0.787,0.0155564658,
0.78725,0.0147549519,
0.7875,0.0116054844,
0.78775,0.0067546405,
0.788,0.0026396308,
0.78825,0.0085831173,
0.7885,0.0018780830,
0.78875,0.0070903879,
0.789,0.0152570605,
0.78925,0.0139354281,
0.7895,0.0093968967,
0.78975,0.0256026909,
0.79,0.0226488244,
0.79025,0.0079030162,
0.7905,0.0066184723,
0.79075,0.0125913341,
0.791,-0.0009191208,
0.79125,-0.0147785107,
0.7915,-0.0071120951,
0.79175,0.0169618316,
0.792,-0.0065859179,
0.79225,-0.0107292654,
0.7925,0.0080846986,
0.79275,-0.0001212756,
0.793,-0.0218959451,
0.79325,-0.0240336824,
0.7935,-0.0039362358,
0.79375,-0.0079008667,
0.794,-0.0232481845,
0.79425,-0.0047965408,
0.7945,0.0197635870,
0.79475,-0.0031706737,
0.795,-0.0115944743,
0.79525,0.0104292165,
0.7955,0.0027193737,
0.79575,-0.0142507339,
0.796,-0.0128121013,
0.79625,0.0062892064,
0.7965,0.0002476661,
0.79675,-0.0151471030,
0.797,-0.0012798628,
0.79725,0.0071670664,
0.7975,-0.0082206558,
0.79775,-0.0192803610,
0.798,-0.0046015074,
0.79825,-0.0044613210,
0.7985,-0.0161973331,
0.79875,-0.0214519687,
0.799,-0.0054999851,
0.79925,-0.0072935270,
0.7995,-0.0220646877,
0.79975,-0.0110145668,
0.8,-0.0040351860,
0.80025,-0.0082831196,
0.8005,-0.0114093078,
0.80075,-0.0123319859,
0.801,-0.0096981358,
0.80125,-0.0137780411,
0.8015,-0.0128232976,
0.80175,-0.0039671403,
0.802,-0.0061886548,
0.80225,-0.0085890582,
0.8025,-0.0045290394,
0.80275,-0.0063031297,
0.803,-0.0188860074,
0.80325,-0.0131028164,
0.8035,-0.0107345814,
0.80375,-0.0092002898,
0.804,-0.0095438743,
0.80425,-0.0000255063,
0.8045,0.0090490878,
0.80475,-0.0024173395,
0.805,-0.0110141505,
0.80525,0.0041497443,
0.8055,-0.0014783132,
0.80575,-0.0171811730,
0.806,-0.0034193813,
0.80625,0.0080819298,
0.8065,-0.0004532935,
0.80675,-0.0015870825,
0.807,0.0066337357,
0.80725,0.0163889565,
0.8075,0.0102299172,
0.80775,-0.0010048485,
0.808,0.0170804989,
0.80825,0.0142068965,
0.8085,-0.0012364797,
0.80875,-0.0044846199,
0.809,0.0055627408,
0.80925,0.0043969965,
0.8095,0.0015891830,
0.80975,0.0098449094,
0.81,0.0261820108,
0.81025,0.0229967386,
0.8105,0.0092307497,
0.81075,0.0143276267,
0.811,0.0088827386,
0.81125,-0.0036120440,
0.8115,-0.0127878059,
0.81175,-0.0077241822,
0.812,0.0036043879,
0.81225,0.0069242348,
0.8125,0.0084388517,
0.81275,0.0299045555,
0.813,0.0380860791,
0.81325,0.0197816938,
0.8135,0.0151786627,
0.81375,0.0085345982,
0.814,0.0032083271,
0.81425,-0.0124732852,
0.8145,-0.0096823685,
0.81475,0.0066333255,
0.815,0.0064259167,
0.81525,-0.0072340164,
0.8155,0.0224681012,
0.81575,0.0319170915,
0.816,0.0238405466,
0.81625,0.0077090762,
0.8165,0.0098739890,
0.81675,-0.0001314255,
0.817,-0.0183861107,
0.81725,-0.0220672879,
0.8175,0.0062820939,
0.81775,0.0121641923,
0.818,0.0113169234,
0.81825,0.0001411317,
0.8185,-0.0057871360,
0.81875,-0.0123964231,
0.819,-0.0382657982,
0.81925,-0.0253716577,
0.8195,-0.0070449756,
0.81975,-0.0104008727,
0.82,-0.0097046969,
0.82025,0.0075455718,
0.8205,0.0127855353,
0.82075,0.0008239913,
0.821,-0.0022821920,
0.82125,0.0076547968,
0.8215,0.0033895792,
0.82175,-0.0042106267,
0.822,-0.0017920269,
0.82225,0.0155105311,
0.8225,0.0103392918,
0.82275,0.0038441236,
0.823,0.0131051838,
0.82325,0.0133947805,
0.8235,0.0022672277,
0.82375,0.0076812650,
0.824,0.0077989707,
0.82425,-0.0043287869,
0.8245,-0.0022643090,
0.82475,0.0001185163,
0.825,-0.0020719809,
0.82525,-0.0141446721,
0.8255,-0.0065049599,
0.82575,0.0154856145,
0.826,0.0016413721,
0.82625,-0.0072839474,
0.8265,0.0126689859,
0.82675,0.0148293460,
0.827,-0.0164734162,
0.82725,-0.0219127238,
0.8275,-0.0017434342,
0.82775,0.0015656557,
0.828,-0.0224695913,
0.82825,-0.0084730275,
0.8285,0.0223162398,
0.82875,0.0087951580,
0.829,-0.0107242772,
0.82925,0.0119504426,
0.8295,0.0185018741,
0.82975,-0.0124215251,
0.83,-0.0121602705,
0.83025,0.0131078642,
0.8305,0.0052270102,
0.83075,-0.0118750595,
0.831,-0.0030301679,
0.83125,0.0159825999,
0.8315,0.0090704476,
0.83175,-0.0108463774,
0.832,0.0092052668,
0.83225,0.0191004276,
0.8325,0.0025770664,
0.83275,-0.0090204757,
0.833,0.0174633861,
0.83325,0.0112181492,
0.8335,-0.0067818346,
0.83375,-0.0133411847,
0.834,0.0001396182,
0.83425,-0.0040776124,
0.8345,-0.0188394953,
0.83475,-0.0028411588,
0.835,0.0043962956,
0.83525,-0.0003590126,
0.8355,0.0057335827,
0.83575,0.0078717815,
0.836,0.0103357546,
0.83625,0.0038785287,
0.8365,0.0048846118,
0.83675,0.0021564369,
0.837,-0.0020557758,
0.83725,-0.0007959328,
0.8375,0.0077619972,
0.83775,0.0042655137,
0.838,0.0010175479,
0.83825,0.0090211090,
0.8385,0.0109031051,
0.83875,0.0029063493,
0.839,-0.0052611139,
0.83925,0.0058613773,
0.8395,-0.0017923368,
0.83975,-0.0121865533,
0.84,-0.0109694982,
0.84025,0.0069951504,
0.8405,-0.0031509928,
0.84075,-0.0026527103,
0.841,0.0011841145,
0.84125,0.0078569679,
0.8415,-0.0020097136,
0.84175,-0.0134629114,
0.842,-0.0070747389,
0.84225,-0.0044389586,
0.8425,-0.0124646770,
0.84275,-0.0141767487,
0.843,0.0055781123,
0.84325,0.0095825419,
0.8435,0.0000085424,
0.84375,-0.0026429887,
0.844,0.0069533009,
0.84425,-0.0007057724,
0.8445,-0.0182748847,
0.84475,-0.0204725824,
0.845,-0.0140458811,
0.84525,-0.0173776262,
0.8455,-0.0149264233,
0.84575,0.0003460617,
0.846,0.0125970915,
0.84625,0.0113691939,
0.8465,0.0099428408,
0.84675,0.0091564944,
0.847,0.0020679887,
0.84725,-0.0160475224,
0.8475,-0.0206044596,
0.84775,-0.0095810052,
0.848,-0.0126520311,
0.84825,-0.0118882973,
0.8485,-0.0066875638,
0.84875,0.0163974371,
0.849,0.0051762369,
0.84925,-0.0016965322,
0.8495,-0.0021375935,
0.84975,0.0041760160,
0.85,-0.0125430301,
0.85025,-0.0248554070,
0.8505,-0.0200650319,
0.85075,-0.0035289584,
0.851,-0.0069137337,
0.85125,-0.0092415400,
0.8515,0.0118164923,
0.85175,0.0166506320,
0.852,0.0013167254,
0.85225,-0.0120427981,
0.8525,0.0048470204,
0.85275,-0.0042125485,
0.853,-0.0161288884,
0.85325,-0.0125946961,
0.8535,0.0138178077,
0.85375,0.0030093899,
0.854,-0.0014663407,
0.85425,0.0086573539,
0.8545,0.0110185724,
0.85475,-0.0438184999,
0.855,-0.0548134223,
0.85525,-0.0344602987,
0.8555,-0.0148478635,
0.85575,-0.0245948695,
0.856,-0.0221655536,
0.85625,0.0058273980,
0.8565,-0.0047490485,
0.85675,-0.0153373592,
0.857,-0.0039801872,
0.85725,0.0001383284,
0.8575,-0.0139196729,
0.85775,-0.0077727088,
0.858,-0.0072295042,
0.85825,0.0006957639,
0.8585,-0.0024015745,
0.85875,0.0044717928,
0.859,0.0092194341,
0.85925,0.0045645079,
0.8595,0.0041893227,
0.85975,0.0166630708,
0.86,-0.0037313709,
0.86025,-0.0141135408,
0.8605,-0.0009494324,
0.86075,0.0030160351,
0.861,-0.0141616389,
0.86125,-0.0141969062,
0.8615,0.0104762502,
0.86175,0.0147928502,
0.862,-0.0071294205,
0.86225,-0.0035675520,
0.8625,0.0193360802,
0.86275,0.0027783988,
0.863,-0.0228140969,
0.86325,-0.0004034062,
0.8635,0.0163788758,
0.86375,-0.0081449244,
0.864,-0.0087012108,
0.86425,0.0198107474,
0.8645,0.0167051144,
0.86475,-0.0056968359,
0.865,0.0014471747,
0.86525,0.0196026843,
0.8655,-0.0012326578,
0.86575,-0.0227161646,
0.866,-0.0019261771,
0.86625,0.0157851912,
0.8665,-0.0108958185,
0.86675,-0.0105725527,
0.867,0.0194773246,
0.86725,0.0164071172,
0.8675,-0.0074250000,
0.86775,0.0006109212,
0.868,0.0171370618,
0.86825,0.0038369820,
0.8685,-0.0159075707,
0.86875,0.0026800679,
0.869,0.0102806967,
0.86925,0.0000559813,
0.8695,-0.0054419301,
0.86975,0.0093486467,
0.87,0.0096344268,
0.87025,0.0046404107,
0.8705,0.0057626357,
0.87075,0.0150242560,
0.871,0.0073599354,
0.87125,0.0082114115,
0.8715,0.0039556539,
0.87175,-0.0013221169,
0.872,-0.0118125426,
0.87225,-0.0141118784,
0.8725,-0.0080489870,
0.87275,-0.0004965038,
0.873,0.0034052555,
0.87325,0.0131071135,
0.8735,0.0143558085,
0.87375,0.0010876624,
0.874,0.0028745213,
0.87425,0.0010666256,
0.8745,-0.0088447938,
0.87475,-0.0071953107,
0.875,-0.0036525459,
0.87525,-0.0002547124,
0.8755,-0.0016563688,
0.87575,0.0022918913,
0.876,0.0108493911,
0.87625,0.0153782200,
0.8765,0.0005224619,
0.87675,0.0033386834,
0.877,0.0086548813,
0.87725,0.0022748110,
0.8775,-0.0085863685,
0.87775,-0.0003056145,
0.878,-0.0004219653,
0.87825,-0.0088113016,
0.8785,-0.0107660042,
0.87875,0.0079009943,
0.879,0.0088636121,
0.87925,0.0071702581,
0.8795,0.0117001515,
0.87975,0.0096792076,
0.88,-0.0108660515,
0.88025,-0.0183716342,
0.8805,-0.0181929711,
0.88075,-0.0175857078,
0.881,-0.0196462329,
0.88125,-0.0146621102,
0.8815,-0.0037799375,
0.88175,0.0027104930,
0.882,-0.0115948599,
0.88225,-0.0081291916,
0.8825,-0.0061441390,
0.88275,-0.0138067193,
0.883,-0.0158861484,
0.88325,-0.0232237652,
0.8835,-0.0241256170,
0.88375,-0.0183176752,
0.884,-0.0151774660,
0.88425,-0.0060668034,
0.8845,0.0093071153,
0.88475,0.0211852267,
0.885,0.0077891983,
0.88525,0.0041397423,
0.8855,-0.0023999838,
0.88575,-0.0031111331,
0.886,-0.0243892260,
0.88625,-0.0107073244,
0.8865,-0.0049884617,
0.88675,-0.0039341170,
0.887,-0.0003387111,
0.88725,0.0069730454,
0.8875,0.0184327904,
0.88775,-0.0135502629,
0.888,-0.0045113233,
0.88825,0.0064993910,
0.8885,0.0146985315,
0.88875,0.0080002211,
0.889,0.0100986017,
0.88925,0.0173324738,
0.8895,0.0225988440,
0.88975,0.0069521358,
0.89,0.0061034109,
0.89025,0.0174463149,
0.8905,0.0123963403,
0.89075,-0.0050766859,
0.891,0.0028345382,
0.89125,0.0038377438,
0.8915,-0.0061720582,
0.89175,-0.0089810910,
0.892,-0.0028703723,
0.89225,0.0066824229,
0.8925,0.0074589676,
0.89275,0.0080657033,
0.893,0.0166547894,
0.89325,0.0109399147,
0.8935,0.0119103473,
0.89375,0.0148245543,
0.894,0.0087136999,
0.89425,0.0082333079,
0.8945,0.0257675238,
0.89475,0.0317119211,
0.895,0.0244255811,
0.89525,0.0268768538,
0.8955,0.0307681561,
0.89575,0.0189249255,
0.896,0.0006160475,
0.89625,0.0034793697,
0.8965,0.0205616746,
0.89675,0.0044061029,
0.897,-0.0011327292,
0.89725,0.0246906690,
0.8975,0.0184903964,
0.89775,-0.0065398025,
0.898,0.0047318842,
0.89825,0.0176364444,
0.8985,0.0047662156,
0.89875,-0.0111642433,
0.899,0.0026935576,
0.89925,0.0191619322,
0.8995,-0.0037463689,
0.89975,-0.0178754404,
0.9,0.0151718855,
0.90025,0.0114702694,
0.9005,-0.0167008638,
0.90075,-0.0039373287,
0.901,0.0185837653,
0.90125,0.0058783409,
0.9015,-0.0108602596,
0.90175,-0.0003516560,
0.902,0.0164251551,
0.90225,-0.0053574909,
0.9025,-0.0171506628,
0.90275,0.0050954339,
0.903,0.0014348526,
0.90325,-0.0138330692,
0.9035,-0.0142911403,
0.90375,-0.0029797128,
0.904,-0.0098055173,
0.90425,-0.0149716772,
0.9045,-0.0090136826,
0.90475,-0.0020276317,
0.905,-0.0047953804,
0.90525,-0.0100180870,
0.9055,-0.0065227589,
0.90575,-0.0095236152,
0.906,-0.0188323818,
0.90625,-0.0179447066,
0.9065,-0.0149883274,
0.90675,-0.0122443363,
0.907,-0.0090872822,
0.90725,-0.0027297973,
0.9075,0.0001886635,
0.90775,-0.0039122351,
0.908,-0.0019373188,
0.90825,-0.0109949224,
0.9085,-0.0167446602,
0.90875,-0.0187134892,
0.909,-0.0114263678,
0.90925,-0.0081767365,
0.9095,-0.0039771283,
0.90975,0.0005998850,
0.91,0.0072808634,
0.91025,0.0029866516,
0.9105,-0.0084340908,
0.91075,-0.0059232484,
0.911,-0.0027123019,
0.91125,-0.0186720416,
0.9115,-0.0188006423,
0.91175,-0.0077576605,
0.912,-0.0016703482,
0.91225,-0.0074910889,
0.9125,0.0068664392,
0.91275,0.0224597976,
0.913,0.0130868610,
0.91325,0.0007684469,
0.9135,0.0091064814,
0.91375,0.0037196567,
0.914,-0.0088521848,
0.91425,-0.0150491903,
0.9145,0.0020670956,
0.91475,0.0029310326,
0.915,0.0076239347,
0.91525,0.0177388303,
0.9155,0.0358215682,
0.91575,0.0196025800,
0.916,0.0188617930,
0.91625,-0.0025018796,
0.9165,-0.0014137150,
0.91675,-0.0340569504,
0.917,-0.0283785202,
0.91725,-0.0272172298,
0.9175,-0.0108593190,
0.91775,0.0000840861,
0.918,0.0153424209,
0.91825,0.0191660747,
0.9185,0.0247511417,
0.91875,0.0231937282,
0.919,0.0013471267,
0.91925,0.0002919992,
0.9195,-0.0117129637,
0.91975,-0.0061954996,
0.92,-0.0126304924,
0.92025,0.0105671221,
0.9205,0.0242581107,
0.92075,0.0242249314,
0.921,0.0142548420,
0.92125,0.0187623575,
0.9215,0.0027022162,
0.92175,-0.0155538125,
0.922,-0.0093374886,
0.92225,-0.0043928907,
0.9225,-0.0003419252,
0.92275,-0.0005119457,
0.923,0.0063713966,
0.92325,0.0188176334,
0.9235,0.0034776737,
0.92375,-0.0004795744,
0.924,0.0102400919,
0.92425,0.0048315427,
0.9245,-0.0285567157,
0.92475,-0.0173698887,
0.925,-0.0124264825,
0.92525,-0.0011908690,
0.9255,-0.0127932420,
0.92575,-0.0003641427,
0.926,-0.0149879642,
0.92625,-0.0014873345,
0.9265,-0.0160185844,
0.92675,-0.0047365436,
0.927,-0.0095776496,
0.92725,-0.0143153984,
0.9275,-0.0108733270,
0.92775,-0.0103677306,
0.928,-0.0048801247,
0.92825,0.0001670284,
0.9285,0.0077668140,
0.92875,0.0073010791,
0.929,0.0044812765,
0.92925,0.0072904108,
0.9295,0.0093424749,
0.92975,-0.0041491450,
0.93,-0.0111802127,
0.93025,0.0029917844,
0.9305,0.0018995196,
0.93075,-0.0069554504,
0.931,0.0045667570,
0.93125,0.0203536712,
0.9315,0.0104089836,
0.93175,-0.0043472825,
0.932,0.0087824501,
0.93225,0.0071656001,
0.9325,-0.0128875170,
0.93275,-0.0170205887,
0.933,0.0010321701,
0.93325,-0.0064090290,
0.9335,-0.0251673330,
0.93375,-0.0111134090,
0.934,0.0087923734,
0.93425,-0.0124717420,
0.9345,-0.0255455635,
0.93475,-0.0036090962,
0.935,0.0004735476,
0.93525,-0.0182321165,
0.9355,-0.0197948813,
0.93575,0.0064980062,
0.936,0.0014596845,
0.93625,-0.0231672432,
0.9365,-0.0128046935,
0.93675,0.0029738969,
0.937,-0.0133180665,
0.93725,-0.0153264487,
0.9375,0.0023147939,
0.93775,0.0146547593,
0.938,0.0011182193,
0.93825,0.0036489523,
0.9385,0.0052707270,
0.93875,0.0039284034,
0.939,-0.0124123823,
0.93925,-0.0160266235,
0.9395,-0.0146186855,
0.93975,-0.0188148599,
0.94,-0.0227431506,
0.94025,-0.0127500929,
0.9405,-0.0049387971,
0.94075,-0.0012827723,
0.941,0.0065949303,
0.94125,0.0042499104,
0.9415,0.0020696111,
0.94175,-0.0006854851,
0.942,-0.0088976109,
0.94225,-0.0092154955,
0.9425,-0.0031913486,
0.94275,0.0002800363,
0.943,0.0088680899,
0.94325,0.0097221816,
0.9435,0.0175372530,
0.94375,0.0117257377,
0.944,0.0024398691,
0.94425,-0.0051887603,
0.9445,-0.0071704132,
0.94475,-0.0037156022,
0.945,-0.0047872537,
0.94525,0.0001981071,
0.9455,0.0128686223,
0.94575,0.0220563971,
0.946,0.0139188021,
0.94625,0.0102193737,
0.9465,0.0207431410,
0.94675,0.0137769729,
0.947,-0.0053813797,
0.94725,-0.0025577429,
0.9475,0.0039221551,
0.94775,-0.0038255248,
0.948,-0.0094582206,
0.94825,0.0099613424,
0.9485,0.0202014074,
0.94875,0.0211106315,
0.949,0.0255506951,
0.94925,0.0347325504,
0.9495,0.0307759810,
0.94975,0.0023782521,
0.95,-0.0086590247,
0.95025,-0.0086582396,
0.9505,-0.0184064917,
0.95075,-0.0168138742,
0.951,0.0137052611,
0.95125,0.0250710025,
0.9515,0.0282290857,
0.95175,0.0272110682,
0.952,0.0269827694,
0.95225,0.0108223334,
0.9525,-0.0115070939,
0.95275,-0.0150028765,
0.953,-0.0066566723,
0.95325,-0.0081479046,
0.9535,0.0046241954,
0.95375,0.0179987159,
0.954,0.0306158476,
0.95425,0.0340847112,
0.9545,0.0078993300,
0.95475,0.0038352702,
0.955,0.0009081609,
0.95525,0.0027954022,
0.9555,-0.0079682237,
0.95575,0.0161138009,
0.956,0.0204994138,
0.95625,0.0194765516,
0.9565,0.0005653547,
0.95675,0.0084026707,
0.957,0.0148810241,
0.95725,0.0027247809,
0.9575,-0.0124008078,
0.95775,-0.0004064128,
0.958,0.0047306316,
0.95825,-0.0057100016,
0.9585,-0.0095751472,
0.95875,0.0045659486,
0.959,0.0098623428,
0.95925,0.0000323188,
0.9595,-0.0042899949,
0.95975,0.0057393052,
0.96,0.0048214467,
0.96025,-0.0125311427,
0.9605,-0.0078802090,
0.96075,-0.0069830716,
0.961,-0.0036495700,
0.96125,-0.0033823620,
0.9615,0.0042714598,
0.96175,0.0127249993,
0.962,0.0073242509,
0.96225,0.0023940990,
0.9625,-0.0010727488,
0.96275,-0.0084524686,
0.963,-0.0138465604,
0.96325,-0.0036153826,
0.9635,0.0056443405,
0.96375,0.0045964764,
0.964,0.0118429409,
0.96425,0.0231242571,
0.9645,0.0125483619,
0.96475,-0.0037190691,
0.965,0.0033075828,
0.96525,0.0070107407,
0.9655,-0.0085578403,
0.96575,-0.0048628543,
0.966,0.0143495370,
0.96625,0.0106002800,
0.9665,0.0046569845,
0.96675,0.0084598027,
0.967,0.0213207975,
0.96725,0.0027225018,
0.9675,-0.0138750952,
0.96775,0.0002450161,
0.968,0.0033343309,
0.96825,-0.0193298776,
0.9685,-0.0126593579,
0.96875,0.0135146091,
0.969,0.0075618029,
0.96925,-0.0058518248,
0.9695,0.0127270911,
0.96975,0.0211776830,
0.97,0.0008608075,
0.97025,-0.0112551553,
0.9705,0.0108868396,
0.97075,0.0115796886,
0.971,-0.0052567702,
0.97125,0.0002122383,
0.9715,0.0226941705,
0.97175,0.0110836597,
0.972,0.0053258282,
0.97225,0.0124647748,
0.9725,0.0190998092,
0.97275,0.0076667396,
0.973,-0.0023541392,
0.97325,0.0061320988,
0.9735,0.0139623741,
0.97375,-0.0021312151,
0.974,0.0021626202,
0.97425,0.0087786634,
0.9745,0.0104780393,
0.97475,-0.0055568363,
0.975,0.0026314138,
0.97525,0.0049103526,
0.9755,-0.0027194817,
0.97575,-0.0051933648,
0.976,0.0024458063,
0.97625,0.0041845026,
0.9765,0.0111603811,
0.97675,0.0069019762,
0.977,0.0162905846,
0.97725,0.0089453235,
0.9775,0.0069904821,
0.97775,0.0076640761,
0.978,0.0035503479,
0.97825,-0.0022693952,
0.9785,0.0017791205,
0.97875,0.0146687729,
0.979,0.0124422777,
0.97925,0.0205388702,
0.9795,0.0225677360,
0.97975,0.0337663628,
0.98,0.0066820895,
0.98025,0.0034962241,
0.9805,-0.0034092928,
0.98075,-0.0106524201,
0.981,-0.0243483260,
0.98125,-0.0205570608,
0.9815,-0.0003204028,
0.98175,-0.0001430480,
0.982,0.0087044351,
0.98225,0.0208054464,
0.9825,0.0241526552,
0.98275,0.0098756282,
0.983,-0.0019157877,
0.98325,-0.0047335140,
0.9835,-0.0143687110,
0.98375,-0.0263163373,
0.984,-0.0185348149,
0.98425,-0.0017183844,
0.9845,-0.0067439866,
0.98475,-0.0009561930,
0.985,0.0113033094,
0.98525,0.0114049250,
0.9855,-0.0020676553,
0.98575,-0.0047723879,
0.986,-0.0074512409,
0.98625,-0.0158098545,
0.9865,-0.0215439685,
0.98675,-0.0131659657,
0.987,-0.0000856075,
0.98725,0.0009841188,
0.9875,0.0016574537,
0.98775,-0.0012907862,
0.988,-0.0065025976,
0.98825,-0.0167855974,
0.9885,-0.0219940599,
0.98875,-0.0209841169,
0.989,-0.0081629781,
0.98925,-0.0048144325,
0.9895,-0.0051447032,
0.98975,0.0032506431,
0.99,0.0062501794,
0.99025,-0.0093970904,
0.9905,-0.0174642522,
0.99075,-0.0115184933,
0.991,-0.0112296008,
0.99125,-0.0208370611,
0.9915,-0.0236239471,
0.99175,0.0019294646,
0.992,0.0060319663,
0.99225,-0.0116719343,
0.9925,-0.0159529913,
0.99275,0.0007501768,
0.993,-0.0068602110,
0.99325,-0.0231949724,
0.9935,-0.0237419363,
0.99375,-0.0016346982,
0.994,-0.0106273955,
0.99425,-0.0271984190,
0.9945,-0.0153602278,
0.99475,-0.0017317150,
0.995,0.0013138517,
0.99525,-0.0128667103,
0.9955,-0.0037131549,
0.99575,-0.0023970986,
0.996,-0.0004817683,
0.99625,-0.0109996935,
0.9965,-0.0089017190,
0.99675,-0.0006337551,
0.997,0.0048527820,
0.99725,-0.0014631043,
0.9975,0.0102217356,
0.99775,0.0052171848,
0.998,0.0102965953,
0.99825,0.0054002842,
0.9985,0.0006724765,
0.99875,-0.0083141699,
0.999,-0.0061458955,
0.99925,-0.0022415989,
0.9995,-0.0049546831,
0.99975,0.0001596158,
1,0.0100136138,
1.00025,0.0178594161,
1.0005,0.0038100944,
1.00075,0.0063168514,
1.001,0.0089884289,
1.00125,0.0019620319,
1.0015,-0.0082203699,
1.00175,0.0033713819,
1.002,0.0077442685,
1.00225,-0.0028743367,
1.0025,0.0025054149,
1.00275,0.0225282814,
1.003,0.0172732733,
1.00325,0.0004666850,
1.0035,0.0110891880,
1.00375,0.0243112277,
1.004,0.0062722457,
1.00425,-0.0056291926,
1.0045,0.0199419521,
1.00475,0.0189903341,
1.005,-0.0054347799,
1.00525,-0.0072178994,
1.0055,0.0116758645,
1.00575,0.0044197133,
1.006,-0.0127344877,
1.00625,-0.0012935090,
1.0065,0.0151094617,
1.00675,0.0036490187,
1.007,-0.0118284728,
1.00725,0.0026670489,
1.0075,0.0097056208,
1.00775,-0.0128835682,
1.008,-0.0103907045,
1.00825,0.0025515403,
1.0085,-0.0062783523,
1.00875,-0.0202971902,
1.009,-0.0141666494,
1.00925,-0.0003357980,
1.0095,-0.0013085448,
1.00975,-0.0034678918,
1.01,0.0115659665,
1.01025,0.0149669107,
1.0105,-0.0020973065,
1.01075,-0.0114378473,
1.011,-0.0103829382,
1.01125,-0.0114097493,
1.0115,-0.0152072757,
1.01175,-0.0177720189,
1.012,0.0012587510,
1.01225,-0.0026125400,
1.0125,0.0003721685,
1.01275,0.0010438209,
1.013,0.0027368176,
1.01325,-0.0076461700,
1.0135,-0.0130905807,
1.01375,-0.0133995162,
1.014,-0.0124224881,
1.01425,-0.0245732237,
1.0145,-0.0140316449,
1.01475,-0.0120546762,
1.015,-0.0207850449,
1.01525,-0.0082813939,
1.0155,0.0072506368,
1.01575,0.0047328593,
1.016,0.0025302032,
1.01625,0.0007156117,
1.0165,-0.0027522189,
1.01675,-0.0141264871,
1.017,-0.0305945128,
1.01725,-0.0136386054,
1.0175,-0.0040956018,
1.01775,-0.0136635080,
1.018,0.0042757029,
1.01825,0.0147139644,
1.0185,0.0078206956,
1.01875,-0.0058024172,
1.019,-0.0079935240,
1.01925,-0.0077361213,
1.0195,-0.0222057216,
1.01975,-0.0227867812,
1.02,-0.0044058338,
1.02025,0.0021690531,
1.0205,-0.0022934894,
1.02075,0.0144218393,
1.021,0.0211397540,
1.02125,0.0117108859,
1.0215,-0.0044983760,
1.02175,-0.0062960600,
1.022,-0.0120849246,
1.02225,-0.0137822237,
1.0225,-0.0199393481,
1.02275,0.0033355113,
1.023,0.0102412347,
1.02325,0.0045816642,
1.0235,0.0047211014,
1.02375,0.0091251126,
1.024,0.0043797251,
1.02425,-0.0069459807,
1.0245,-0.0109183844,
1.02475,-0.0066552083,
1.025,0.0025923292,
1.02525,0.0000890821,
1.0255,-0.0010572817,
1.02575,0.0156682003,
1.026,0.0224022847,
1.02625,0.0026790160,
1.0265,-0.0074934722,
1.02675,0.0009598815,
1.027,0.0044092522,
1.02725,-0.0147299338,
1.0275,-0.0087718572,
1.02775,0.0106843095,
1.028,0.0093339067,
1.02825,0.0022246426,
1.0285,0.0066907667,
1.02875,0.0263787340,
1.029,0.0246349704,
1.02925,0.0101642860,
1.0295,0.0096237110,
1.02975,0.0220083706,
1.03,0.0165812261,
1.03025,0.0087720547,
1.0305,0.0169115067,
1.03075,0.0244462192,
1.031,0.0226483010,
1.03125,0.0092498679,
1.0315,0.0119809201,
1.03175,0.0100282282,
1.032,-0.0007472204,
1.03225,-0.0062205787,
1.0325,-0.0035950230,
1.03275,-0.0091117872,
1.033,-0.0079970146,
1.03325,0.0047543254,
1.0335,0.0017417686,
1.03375,0.0092069656,
1.034,0.0047219829,
1.03425,0.0013412272,
1.0345,-0.0036824683,
1.03475,-0.0081822583,
1.035,-0.0020542892,
1.03525,-0.0038302955,
1.0355,-0.0022314682,
1.03575,0.0055045076,
1.036,0.0144726131,
1.03625,0.0080864485,
1.0365,0.0140199019,
1.03675,0.0280424673,
1.037,0.0217565000,
1.03725,0.0101076588,
1.0375,0.0117927790,
1.03775,0.0264660195,
1.038,0.0074316710,
1.03825,-0.0114530008,
1.0385,0.0088171810,
1.03875,0.0146863433,
1.039,-0.0138711091,
1.03925,-0.0135117956,
1.0395,0.0141401030,
1.03975,0.0137033490,
1.04,-0.0075286450,
1.04025,-0.0060941977,
1.0405,0.0116035258,
1.04075,0.0098851025,
1.041,-0.0195536930,
1.04125,-0.0065318337,
1.0415,0.0109256599,
1.04175,-0.0188115574,
1.042,-0.0291181896,
1.04225,-0.0072623556,
1.0425,0.0027111999,
1.04275,-0.0028847144,
1.043,0.0050712600,
1.04325,0.0270395707,
1.0435,0.0305058062,
1.04375,-0.0008232514,
1.044,-0.0019955942,
1.04425,0.0065782899,
1.0445,-0.0107392706,
1.04475,-0.0214760900,
1.045,-0.0109266816,
1.04525,0.0061176107,
1.0455,0.0096834488,
1.04575,0.0017531866,
1.046,0.0105745550,
1.04625,0.0184302889,
1.0465,-0.0052714297,
1.04675,-0.0161211397,
1.047,-0.0101470845,
1.04725,-0.0127439220,
1.0475,-0.0202383548,
1.04775,-0.0165947564,
1.048,-0.0106258746,
1.04825,-0.0032441088,
1.0485,-0.0002968916,
1.04875,0.0076071750,
1.049,0.0094608488,
1.04925,0.0026093395,
1.0495,-0.0007099635,
1.04975,-0.0077081118,
1.05,-0.0192294847,
1.05025,-0.0218496062,
1.0505,-0.0211650040,
1.05075,-0.0170626547,
1.051,-0.0193254985,
1.05125,-0.0095538618,
1.0515,0.0068352511,
1.05175,0.0032616989,
1.052,-0.0025520432,
1.05225,0.0010441859,
1.0525,-0.0085013732,
1.05275,-0.0210387781,
1.053,-0.0252157338,
1.05325,-0.0171814971,
1.0535,-0.0121250078,
1.05375,-0.0082129035,
1.054,0.0089303106,
1.05425,0.0209209900,
1.0545,0.0107127381,
1.05475,0.0121762585,
1.055,0.0135564627,
1.05525,0.0049220715,
1.0555,-0.0062764180,
1.05575,0.0014345126,
1.056,0.0106646642,
1.05625,0.0069860606,
1.0565,-0.0014955323,
1.05675,0.0101517150,
1.057,0.0116904173,
1.05725,-0.0008946692,
1.0575,-0.0050958763,
1.05775,-0.0011301391,
1.058,0.0094770081,
1.05825,-0.0034326655,
1.0585,0.0026140059,
1.05875,0.0022797147,
1.059,0.0128216306,
1.05925,-0.0019062805,
1.0595,-0.0052254596,
1.05975,0.0010281855,
1.06,0.0190551151,
1.06025,0.0019988464,
1.0605,-0.0013330779,
1.06075,0.0189343002,
1.061,0.0195064787,
1.06125,-0.0011629022,
1.0615,-0.0006572405,
1.06175,0.0252610985,
1.062,0.0236712359,
1.06225,0.0054271356,
1.0625,0.0078536458,
1.06275,0.0231937580,
1.063,0.0012149372,
1.06325,-0.0149022266,
1.0635,-0.0056603337,
1.06375,0.0076418272,
1.064,0.0002592926,
1.06425,-0.0001213684,
1.0645,0.0099213226,
1.06475,0.0205132272,
1.065,0.0058930344,
1.06525,-0.0015732588,
1.0655,0.0043611885,
1.06575,0.0005691311,
1.066,-0.0073019266,
1.06625,0.0014539522,
1.0665,0.0082026329,
1.06675,0.0074754357,
1.067,0.0067416206,
1.06725,0.0052247359,
1.0675,0.0015089223,
1.06775,-0.0038994381,
1.068,-0.0047663329,
1.06825,-0.0053107832,
1.0685,-0.0133962454,
1.06875,-0.0069920504,
1.069,-0.0060771010,
1.06925,-0.0087262383,
1.0695,-0.0125543131,
1.06975,-0.0049600489,
1.07,-0.0102194203,
1.07025,-0.0191306677,
1.0705,-0.0208279397,
1.07075,-0.0076109888,
1.071,-0.0068570492,
1.07125,-0.0237031095,
1.0715,-0.0148091353,
1.07175,0.0021679471,
1.072,-0.0139626358,
1.07225,-0.0248232875,
1.0725,-0.0012877588,
1.07275,0.0089675244,
1.073,-0.0161058400,
1.07325,-0.0172599852,
1.0735,0.0061982237,
1.07375,-0.0015177194,
1.074,-0.0279402100,
1.07425,-0.0181916226,
1.0745,0.0047048908,
1.07475,-0.0106764222,
1.075,-0.0432251915,
1.07525,-0.0139522133,
1.0755,0.0010026214,
1.07575,-0.0247417912,
1.076,-0.0375064723,
1.07625,-0.0039182552,
1.0765,0.0001059647,
1.07675,-0.0238634348,
1.077,-0.0260397159,
1.07725,0.0081698187,
1.0775,0.0069993483,
1.07775,-0.0222938620,
1.078,-0.0197718441,
1.07825,0.0049062055,
1.0785,-0.0012741385,
1.07875,-0.0101838904,
1.079,0.0039541195,
1.07925,0.0267579779,
1.0795,0.0187104065,
1.07975,-0.0018387400,
1.08,-0.0029082606,
1.08025,0.0097198188,
1.0805,-0.0059717251,
1.08075,-0.0116146691,
1.081,0.0014225852,
1.08125,0.0064715398,
1.0815,0.0043753125,
1.08175,0.0041750083,
1.082,0.0143333562,
1.08225,0.0134319030,
1.0825,0.0090796929,
1.08275,0.0011766427,
1.083,-0.0005754954,
1.08325,-0.0067450590,
1.0835,-0.0071436539,
1.08375,-0.0007262509,
1.084,0.0050176750,
1.08425,0.0098617924,
1.0845,0.0245659892,
1.08475,0.0278674345,
1.085,0.0290938988,
1.08525,0.0288305879,
1.0855,0.0258740019,
1.08575,0.0139135811,
1.086,0.0003954220,
1.08625,-0.0071098730,
1.0865,-0.0095738210,
1.08675,-0.0139856078,
1.087,-0.0049513746,
1.08725,0.0143004535,
1.0875,0.0160718374,
1.08775,0.0227226410,
1.088,0.0273359772,
1.08825,0.0183199234,
1.0885,-0.0010886993,
1.08875,-0.0082891695,
1.089,-0.0125858085,
1.08925,-0.0165081974,
1.0895,-0.0149349608,
1.08975,-0.0008522656,
1.09,0.0135708153,
1.09025,0.0099810110,
1.0905,0.0047449144,
1.09075,0.0007220486,
1.091,0.0029810590,
1.09125,-0.0252336282,
1.0915,-0.0248488858,
1.09175,-0.0054823929,
1.092,-0.0037314980,
1.09225,-0.0066980543,
1.0925,-0.0034254692,
1.09275,0.0070322994,
1.093,0.0081336051,
1.09325,-0.0068977037,
1.0935,-0.0066520451,
1.09375,0.0007981478,
1.094,-0.0089509487,
1.09425,-0.0286959745,
1.0945,-0.0254020579,
1.09475,-0.0018638533,
1.095,-0.0085458262,
1.09525,-0.0199256651,
1.0955,-0.0021802394,
1.09575,0.0208995268,
1.096,-0.0032722321,
1.09625,-0.0195802562,
1.0965,-0.0064807967,
1.09675,0.0011720594,
1.097,-0.0290331990,
1.09725,-0.0247806776,
1.0975,-0.0044630668,
1.09775,0.0103732990,
1.098,-0.0005896470,
1.09825,0.0105330916,
1.0985,0.0185760092,
1.09875,0.0173928309,
1.099,-0.0098027531,
1.09925,-0.0037434909,
1.0995,0.0024252441,
1.09975,-0.0097348206,
1.1,-0.0069444836,
1.10025,0.0025568022,
1.1005,0.0039377757,
1.10075,0.0020034392,
1.101,0.0088625848,
1.10125,0.0141840130,
1.1015,0.0067569590,
1.10175,-0.0000019455,
1.102,0.0096437354,
1.10225,0.0025396054,
1.1025,-0.0102269128,
1.10275,-0.0011306826,
1.103,0.0029968913,
1.10325,-0.0017029031,
1.1035,-0.0016499828,
1.10375,0.0059663416,
1.104,0.0143385194,
1.10425,0.0059767412,
1.1045,0.0088461917,
1.10475,0.0231392235,
1.105,0.0142129976,
1.10525,0.0011253752,
1.1055,0.0119775981,
1.10575,0.0166010242,
1.106,-0.0053428854,
1.10625,-0.0031770295,
1.1065,0.0144529827,
1.10675,0.0132126752,
1.107,-0.0030030068,
1.10725,0.0111736450,
1.1075,0.0381636657,
1.10775,0.0257829744,
1.108,0.0103176218,
1.10825,0.0283451900,
1.1085,0.0328248553,
1.10875,0.0036343678,
1.109,-0.0093686590,
1.10925,0.0170544758,
1.1095,0.0153363263,
1.10975,-0.0051733302,
1.11,0.0062442068,
1.11025,0.0340581425,
1.1105,0.0224383026,
1.11075,0.0019467704,
1.111,0.0143700913,
1.11125,0.0209396984,
1.1115,-0.0057563744,
1.11175,-0.0120379357,
1.112,0.0072457646,
1.11225,0.0127128595,
1.1125,0.0066000074,
1.11275,0.0097133089,
1.113,0.0224983543,
1.11325,0.0170221329,
1.1135,0.0046827407,
1.11375,-0.0029831263,
1.114,0.0102296332,
1.11425,0.0045756712,
1.1145,-0.0001800977,
1.11475,0.0146629810,
1.115,0.0245601963,
1.11525,0.0207866058,
1.1155,0.0136280889,
1.11575,0.0190939195,
1.116,0.0131809749,
1.11625,0.0050349631,
1.1165,-0.0060643540,
1.11675,-0.0017477201,
1.117,-0.0037690590,
1.11725,-0.0149294725,
1.1175,-0.0110579915,
1.11775,0.0022753151,
1.118,-0.0010786914,
1.11825,0.0078789871,
1.1185,0.0103699695,
1.11875,0.0119998138,
1.119,0.0034026706,
1.11925,-0.0067943078,
1.1195,-0.0178709980,
1.11975,-0.0272595175,
1.12,-0.0306680314,
1.12025,-0.0168697741,
1.1205,-0.0036509833,
1.12075,0.0082172761,
1.121,0.0203051772,
1.12125,0.0142107811,
1.1215,0.0104924776,
1.12175,0.0111356052,
1.122,-0.0006854067,
1.12225,-0.0211023875,
1.1225,-0.0176701210,
1.12275,-0.0162993502,
1.123,-0.0207332335,
1.12325,-0.0170702357,
1.1235,0.0031286418,
1.12375,0.0075590145,
1.124,0.0010639357,
1.12425,-0.0090064052,
1.1245,-0.0024985617,
1.12475,-0.0148876803,
1.125,-0.0219048392,
1.12525,-0.0224806331,
1.1255,-0.0056718802,
1.12575,-0.0069971681,
1.126,-0.0092459871,
1.12625,-0.0038100174,
1.1265,0.0004153392,
1.12675,-0.0014265887,
1.127,-0.0087384535,
1.12725,-0.0153986933,
1.1275,-0.0120752305,
1.12775,-0.0028309736,
1.128,-0.0129966941,
1.12825,-0.0172891151,
1.1285,0.0045482749,
1.12875,0.0144439954,
1.129,-0.0046043312,
1.12925,-0.0092527997,
1.1295,0.0055582924,
1.12975,0.0048184763,
1.13,-0.0369233228,
1.13025,-0.0226135943,
1.1305,-0.0013780000,
1.13075,-0.0059120217,
1.131,-0.0098910723,
1.13125,0.0096323658,
1.1315,0.0191399194,
1.13175,0.0000489763,
1.132,-0.0077031404,
1.13225,0.0006496201,
1.1325,0.0071733296,
1.13275,-0.0174505655,
1.133,-0.0061144996,
1.13325,0.0113443248,
1.1335,0.0031339189,
1.13375,0.0038088951,
1.134,0.0145891672,
1.13425,0.0147979073,
1.1345,-0.0017025662,
1.13475,-0.0078678578,
1.135,0.0018740727,
1.13525,-0.0024389310,
1.1355,-0.0143058775,
1.13575,-0.0011616269,
1.136,0.0078327805,
1.13625,0.0017600632,
1.1365,-0.0021206776,
1.13675,0.0084191756,
1.137,0.0080231987,
1.13725,0.0017761567,
1.1375,-0.0016249296,
1.13775,0.0046265167,
1.138,0.0040810881,
1.13825,-0.0032293147,
1.1385,0.0065488438,
1.13875,0.0158824660,
1.139,0.0094964923,
1.13925,0.0133225685,
1.1395,0.0209497660,
1.13975,0.0126922084,
1.14,-0.0002698307,
1.14025,0.0081264367,
1.1405,0.0078876875,
1.14075,0.0008984156,
1.141,-0.0019306222,
1.14125,0.0142161595,
1.1415,0.0153084015,
1.14175,-0.0028339284,
1.142,-0.0044843373,
1.14225,0.0124291256,
1.1425,-0.0010060454,
1.14275,-0.0173904207,
1.143,-0.0054972256,
1.14325,0.0082081463,
1.1435,-0.0028538699,
1.14375,-0.0102099013,
1.144,0.0090986229,
1.14425,0.0148212947,
1.1445,-0.0130853252,
1.14475,-0.0092003569,
1.145,0.0038978013,
1.14525,0.0067611621,
1.1455,-0.0119253155,
1.14575,0.0031479413,
1.146,0.0186287817,
1.14625,0.0030594128,
1.1465,-0.0128194522,
1.14675,-0.0030623479,
1.147,-0.0050913952,
1.14725,-0.0142599465,
1.1475,-0.0221057907,
1.14775,-0.0092936466,
1.148,-0.0003855082,
1.14825,-0.0114110997,
1.1485,-0.0095905103,
1.14875,0.0031192186,
1.149,-0.0003320205,
1.14925,-0.0084092673,
1.1495,-0.0099283513,
1.14975,-0.0128043182,
1.15,-0.0177917182,
1.15025,-0.0268330537,
1.1505,-0.0258691050,
1.15075,-0.0125668338,
1.151,-0.0093090460,
1.15125,-0.0032801253,
1.1515,0.0032973215,
1.15175,0.0043883389,
1.152,-0.0005949794,
1.15225,-0.0121691134,
1.1525,-0.0152459871,
1.15275,-0.0249829665,
1.153,-0.0299114939,
1.15325,-0.0219595544,
1.1535,-0.0116052609,
1.15375,-0.0072954358,
1.154,0.0002871685,
1.15425,0.0144474162,
1.1545,0.0077269189,
1.15475,0.0074238656,
1.155,-0.0006209831,
1.15525,-0.0087462170,
1.1555,-0.0303024948,
1.15575,-0.0188728124,
1.156,-0.0202998631,
1.15625,0.0069492445,
1.1565,0.0092807449,
1.15675,0.0317132026,
1.157,0.0144627187,
1.15725,0.0118471533,
1.1575,-0.0063656387,
1.15775,-0.0094801914,
1.158,-0.0278380997,
1.15825,-0.0152572440,
1.1585,-0.0088589983,
1.15875,-0.0003844962,
1.159,0.0048711244,
1.15925,0.0098223155,
1.1595,0.0047424184,
1.15975,-0.0020325491,
1.16,-0.0160822663,
1.16025,-0.0154296728,
1.1605,-0.0135736521,
1.16075,-0.0001147372,
1.161,0.0024565486,
1.16125,0.0084486650,
1.1615,0.0144598074,
1.16175,0.0237294100,
1.162,0.0112989396,
1.16225,0.0046708030,
1.1625,0.0279330388,
1.16275,0.0126366653,
1.163,0.0047694775,
1.16325,-0.0035090244,
1.1635,0.0230873041,
1.16375,0.0076802033,
1.164,-0.0087102624,
1.16425,0.0073728384,
1.1645,0.0263665784,
1.16475,0.0110391723,
1.165,0.0041717482,
1.16525,0.0204574950,
1.1655,0.0128946407,
1.16575,-0.0005870609,
1.166,-0.0184052121,
1.16625,0.0017316354,
1.1665,0.0092719179,
1.16675,-0.0005183703,
1.167,0.0158047490,
1.16725,0.0322776735,
1.1675,0.0191126093,
1.16775,0.0110757668,
1.168,0.0168053675,
1.16825,0.0129087213,
1.1685,0.0002136850,
1.16875,0.0040561226,
1.169,0.0293416753,
1.16925,0.0232037492,
1.1695,0.0139379371,
1.16975,0.0235867705,
1.17,0.0335764289,
1.17025,0.0107650785,
1.1705,-0.0024824103,
1.17075,0.0124675510,
1.171,0.0129321367,
1.17125,-0.0012924897,
1.1715,-0.0080954460,
1.17175,0.0144292694,
1.172,0.0127047598,
1.17225,-0.0026898938,
1.1725,-0.0018789469,
1.17275,0.0126065556,
1.173,-0.0012104372,
1.17325,-0.0133381486,
1.1735,-0.0032503624,
1.17375,0.0006490084,
1.174,-0.0081268614,
1.17425,-0.0030935046,
1.1745,0.0041484814,
1.17475,-0.0016495944,
1.175,-0.0045545003,
1.17525,0.0070956796,
1.1755,0.0071848007,
1.17575,-0.0056084972,
1.176,-0.0069923955,
1.17625,0.0045013549,
1.1765,-0.0026002508,
1.17675,-0.0153452354,
1.177,-0.0008967940,
1.17725,0.0066286400,
1.1775,-0.0105281873,
1.17775,-0.0172624569,
1.178,-0.0018378159,
1.17825,-0.0057819928,
1.1785,-0.0182531178,
1.17875,-0.0153623838,
1.179,0.0007229799,
1.17925,-0.0006005465,
1.1795,-0.0108637512,
1.17975,-0.0003007641,
1.18,0.0083224056,
1.18025,-0.0068647610,
1.1805,-0.0082494179,
1.18075,-0.0055146683,
1.181,-0.0031245071,
1.18125,-0.0085770814,
1.1815,-0.0113843996,
1.18175,0.0035476228,
1.182,0.0084889047,
1.18225,-0.0072131562,
1.1825,-0.0022485168,
1.18275,0.0017744615,
1.183,-0.0105573833,
1.18325,-0.0143572036,
1.1835,-0.0090730106,
1.18375,-0.0077524865,
1.184,-0.0052095242,
1.18425,-0.0065059811,
1.1845,0.0037828470,
1.18475,0.0086596245,
1.185,0.0049975011,
1.18525,0.0105192531,
1.1855,0.0097009083,
1.18575,0.0017245616,
1.186,-0.0047294861,
1.18625,-0.0075462032,
1.1865,-0.0011873890,
1.18675,-0.0070820120,
1.187,0.0005430005,
1.18725,0.0148660131,
1.1875,0.0225494429,
1.18775,0.0168077946,
1.188,0.0108677065,
1.18825,0.0151397847,
1.1885,-0.0040449500,
1.18875,-0.0173777919,
1.189,-0.0265933834,
1.18925,-0.0106333699,
1.1895,-0.0099362163,
1.18975,-0.0017710117,
1.19,0.0040061129,
1.19025,0.0296290964,
1.1905,0.0239408165,
1.19075,0.0200816654,
1.191,0.0113077089,
1.19125,0.0031320483,
1.1915,-0.0092058415,
1.19175,-0.0193548184,
1.192,-0.0019645926,
1.19225,0.0021179433,
1.1925,0.0200378671,
1.19275,0.0225070529,
1.193,0.0336213633,
1.19325,0.0146430442,
1.1935,0.0132494643,
1.19375,-0.0025438285,
1.194,-0.0114188017,
1.19425,-0.0148271816,
1.1945,-0.0139226839,
1.19475,0.0009175154,
1.195,0.0067494721,
1.19525,0.0119593237,
1.1955,0.0107519645,
1.19575,0.0134929959,
1.196,-0.0053948634,
1.19625,-0.0179687701,
1.1965,-0.0093061654,
1.19675,-0.0003134302,
1.197,-0.0112252822,
1.19725,-0.0080150934,
1.1975,0.0096678194,
1.19775,0.0110229710,
1.198,0.0024994356,
1.19825,0.0137693025,
1.1985,0.0154246166,
1.19875,-0.0096956529,
1.199,-0.0266445037,
1.19925,-0.0227800012,
1.1995,-0.0061601591,
1.19975,-0.0182759427,
1.2,-0.0082041258,
1.20025,0.0156736914,
1.2005,0.0132245999,
1.20075,-0.0172634628,
1.201,-0.0053107301,
1.20125,0.0011522967,
1.2015,-0.0145408809,
1.20175,-0.0354844406,
1.202,-0.0135067701,
1.20225,-0.0079796724,
1.2025,-0.0258353464,
1.20275,-0.0196737461,
1.203,0.0154901613,
1.20325,0.0111887334,
1.2035,-0.0018299043,
1.20375,0.0010584663,
1.204,0.0114109926,
1.20425,-0.0126276333,
1.2045,-0.0242992286,
1.20475,-0.0118585248,
1.205,-0.0039641634,
1.20525,-0.0172167495,
1.2055,-0.0144096147,
1.20575,0.0065830625,
1.206,0.0119962264,
1.20625,0.0020559151,
1.2065,0.0020868555,
1.20675,0.0081060557,
1.207,-0.0069708792,
1.20725,-0.0275583789,
1.2075,-0.0175846163,
1.20775,-0.0147969779,
1.208,-0.0185800139,
1.20825,-0.0134347202,
1.2085,-0.0041731419,
1.20875,-0.0032295005,
1.209,-0.0002928616,
1.20925,-0.0021985169,
1.2095,0.0050699385,
1.20975,0.0008539823,
1.21,-0.0050812699,
1.21025,0.0007805811,
1.2105,-0.0098940227,
1.21075,-0.0186905079,
1.211,-0.0125003476,
1.21125,-0.0100606717,
1.2115,-0.0157674029,
1.21175,-0.0067911930,
1.212,0.0072289770,
1.21225,0.0156022897,
1.2125,0.0084446818,
1.21275,0.0082519706,
1.213,0.0166095849,
1.21325,-0.0012853126,
1.2135,-0.0200025346,
1.21375,-0.0084601212,
1.214,-0.0026564249,
1.21425,-0.0146590713,
1.2145,-0.0098506957,
1.21475,0.0043852883,
1.215,0.0100094788,
1.21525,-0.0055651045,
1.2155,-0.0120183229,
1.21575,0.0040032952,
1.216,0.0004208450,
1.21625,-0.0168282278,
1.2165,-0.0069746953,
1.21675,0.0086011076,
1.217,-0.0004774208,
1.21725,-0.0065554115,
1.2175,0.0048299362,
1.21775,0.0147132929,
1.218,0.0082408292,
1.21825,0.0023677074,
1.2185,0.0184846465,
1.21875,0.0168159381,
1.219,-0.0010057958,
1.21925,-0.0066406913,
1.2195,-0.0067362133,
1.21975,-0.0113768745,
1.22,-0.0211697090,
1.22025,-0.0204886459,
1.2205,0.0020687627,
1.22075,0.0030961814,
1.221,-0.0039806920,
1.22125,0.0002269058,
1.2215,0.0038008182,
1.22175,-0.0103455558,
1.222,-0.0292992443,
1.22225,-0.0211910550,
1.2225,-0.0142420959,
1.22275,-0.0248809978,
1.223,-0.0201032478,
1.22325,0.0016558960,
1.2235,0.0182790011,
1.22375,0.0154674184,
1.224,0.0161360819,
1.22425,0.0172310360,
1.2245,0.0047840313,
1.22475,-0.0142243141,
1.225,-0.0165824965,
1.22525,0.0002582080,
1.2255,-0.0104670823,
1.22575,0.0027453292,
1.226,0.0067224731,
1.22625,0.0120174028,
1.2265,-0.0067668175,
1.22675,-0.0105553847,
1.227,-0.0085873837,
1.22725,-0.0106832301,
1.2275,-0.0205904767,
1.22775,-0.0105099920,
1.228,0.0036450727,
1.22825,0.0008116366,
1.2285,0.0017748817,
1.22875,0.0054199551,
1.229,0.0096378792,
1.22925,0.0039672330,
1.2295,-0.0034285262,
1.22975,0.0037781629,
1.23,0.0105414968,
1.23025,0.0022715034,
1.2305,0.0083407303,
1.23075,0.0193800628,
1.231,0.0165176708,
1.23125,0.0151716005,
1.2315,0.0268412735,
1.23175,0.0249317251,
1.232,0.0074015912,
1.23225,0.0000640647,
1.2325,0.0059791170,
1.23275,-0.0031146095,
1.233,-0.0148557611,
1.23325,0.0061916392,
1.2335,0.0222748313,
1.23375,0.0022945155,
1.234,-0.0014401386,
1.23425,0.0163127575,
1.2345,0.0101204906,
1.23475,-0.0130300820,
1.235,-0.0122348582,
1.23525,0.0118486155,
1.2355,0.0023569209,
1.23575,-0.0138144055,
1.236,0.0138577782,
1.23625,0.0269884206,
1.2365,-0.0002972374,
1.23675,-0.0056880317,
1.237,0.0160114821,
1.23725,0.0076840566,
1.2375,-0.0121095553,
1.23775,-0.0017027869,
1.238,0.0201750658,
1.23825,0.0033492642,
1.2385,-0.0116714183,
1.23875,0.0050694412,
1.239,0.0134450123,
1.23925,-0.0037773279,
1.2395,-0.0085352315,
1.23975,0.0077547831,
1.24,0.0076953080,
1.24025,-0.0116417240,
1.2405,-0.0120498836,
1.24075,0.0091075758,
1.241,0.0022797142,
1.24125,-0.0092538446,
1.2415,0.0054575265,
1.24175,0.0091620032,
1.242,0.0005555649,
1.24225,-0.0017099241,
1.2425,0.0034019588,
1.24275,0.0063551827,
1.243,-0.0004675071,
1.24325,0.0026774826,
1.2435,0.0085351681,
1.24375,0.0024806382,
1.244,-0.0015801291,
1.24425,0.0061470107,
1.2445,0.0047492906,
1.24475,-0.0074056182,
1.245,0.0019968725,
1.24525,0.0064243786,
1.2455,-0.0021250884,
1.24575,-0.0018155365,
1.246,0.0070601171,
1.24625,0.0129196215,
1.2465,-0.0037876156,
1.24675,-0.0078279004,
1.247,0.0035454719,
1.24725,0.0011194941,
1.2475,-0.0139556602,
1.24775,0.0057418533,
1.248,0.0196372513,
1.24825,0.0123684490,
1.2485,0.0093517257,
1.24875,0.0208446942,
1.249,0.0305756181,
1.24925,0.0151500776,
1.2495,0.0003501666,
1.24975,0.0131815532,
1.25,0.0153850075,
1.25025,-0.0045380690,
1.2505,-0.0027215483,
1.25075,0.0156986788,
1.251,0.0165111516,
1.25125,0.0103901587,
1.2515,0.0150617249,
1.25175,0.0320484638,
1.252,0.0193359666,
1.25225,0.0009498164,
1.2525,0.0039149141,
1.25275,0.0014712842,
1.253,-0.0122181382,
1.25325,-0.0135989022,
1.2535,0.0021994272,
1.25375,0.0156022087,
1.254,0.0132529205,
1.25425,0.0208912771,
1.2545,0.0343624912,
1.25475,0.0301155988,
1.255,0.0085527766,
1.25525,0.0059973998,
1.2555,0.0122442646,
1.25575,-0.0033532989,
1.256,-0.0140955104,
1.25625,-0.0005508404,
1.2565,0.0118984971,
1.25675,0.0075406423,
1.257,0.0093508437,
1.25725,0.0229485072,
1.2575,0.0230856389,
1.25775,0.0038942867,
1.258,-0.0111962743,
1.25825,-0.0086014355,
1.2585,-0.0105712479,
1.25875,-0.0259365551,
1.259,-0.0144485272,
1.25925,0.0083219530,
1.2595,0.0081107412,
1.25975,-0.0023072753,
1.26,0.0069523994,
1.26025,0.0115314135,
1.2605,-0.0099855894,
1.26075,-0.0287232716,
1.261,-0.0110081583,
1.26125,-0.0032286984,
1.2615,-0.0363983288,
1.26175,-0.0181578472,
1.262,-0.0117785111,
1.26225,-0.0132270763,
1.2625,-0.0172945876,
1.26275,-0.0196423456,
1.263,-0.0113619287,
1.26325,-0.0173268020,
1.2635,-0.0231817476,
1.26375,-0.0195777770,
1.264,-0.0040748958,
1.26425,-0.0089547914,
1.2645,-0.0059521054,
1.26475,-0.0023041014,
1.265,-0.0020881514,
1.26525,-0.0066466480,
1.2655,-0.0023514240,
1.26575,-0.0130054960,
1.266,-0.0127899144,
1.26625,-0.0133132385,
1.2665,-0.0013041669,
1.26675,-0.0067877993,
1.267,-0.0047544567,
1.26725,0.0108402791,
1.2675,0.0195702557,
1.26775,0.0008154520,
1.268,-0.0082656927,
1.26825,0.0093726544,
1.2685,0.0022472097,
1.26875,-0.0209906846,
1.269,-0.0201023351,
1.26925,0.0067746099,
1.2695,-0.0033998420,
1.26975,-0.0215718448,
1.27,0.0011837303,
1.27025,0.0190628823,
1.2705,-0.0023564955,
1.27075,-0.0078564640,
1.271,0.0137674548,
1.27125,0.0019091415,
1.2715,-0.0221973769,
1.27175,-0.0096326508,
1.272,0.0120135695,
1.27225,-0.0059442506,
1.2725,-0.0094711650,
1.27275,0.0185329132,
1.273,0.0244701058,
1.27325,0.0002871749,
1.2735,-0.0030813075,
1.27375,0.0219869632,
1.274,0.0131544648,
1.27425,-0.0142813930,
1.2745,-0.0044707125,
1.27475,0.0216562841,
1.275,0.0001213506,
1.27525,-0.0115077682,
1.2755,0.0053725131,
1.27575,0.0093767904,
1.276,-0.0059927199,
1.27625,-0.0126568675,
1.2765,0.0043350914,
1.27675,0.0013597317,
1.277,-0.0022581127,
1.27725,-0.0021970000,
1.2775,0.0049221022,
1.27775,-0.0046136389,
1.278,-0.0101935631,
1.27825,-0.0100465938,
1.2785,-0.0079965582,
1.27875,-0.0076926411,
1.279,-0.0020995745,
1.27925,0.0005223548,
1.2795,-0.0003549372,
1.27975,-0.0037056045,
1.28,0.0025271415,
1.28025,-0.0046934835,
1.2805,-0.0087105380,
1.28075,-0.0076384833,
1.281,-0.0026114266,
1.28125,-0.0103367623,
1.2815,-0.0101874033,
1.28175,-0.0010026845,
1.282,0.0011710880,
1.28225,-0.0068215225,
1.2825,-0.0095317382,
1.28275,-0.0034084378,
1.283,-0.0052039847,
1.28325,-0.0191460345,
1.2835,-0.0186381154,
1.28375,-0.0079698088,
1.284,-0.0162221361,
1.28425,-0.0229846500,
1.2845,-0.0128622362,
1.28475,0.0009063390,
1.285,-0.0063367230,
1.28525,-0.0094813891,
1.2855,-0.0019872931,
1.28575,-0.0018919131,
1.286,-0.0148073807,
1.28625,-0.0119361877,
1.2865,-0.0087203542,
1.28675,-0.0089810006,
1.287,-0.0114913201,
1.28725,-0.0042100619,
1.2875,0.0082856547,
1.28775,0.0101710130,
1.288,0.0081068082,
1.28825,0.0063840444,
1.2885,0.0031367363,
1.28875,-0.0096068680,
1.289,-0.0291921664,
1.28925,-0.0271923430,
1.2895,-0.0161033161,
1.28975,-0.0231133848,
1.29,-0.0171371158,
1.29025,0.0084500201,
1.2905,0.0132599939,
1.29075,0.0042247945,
1.291,-0.0004967499,
1.29125,0.0079904534,
1.2915,-0.0000213318,
1.29175,-0.0239755046,
1.292,-0.0214240905,
1.29225,0.0012124475,
1.2925,-0.0089145536,
1.29275,-0.0114073884,
1.293,0.0099977087,
1.29325,0.0234528817,
1.2935,0.0111588566,
1.29375,-0.0021460657,
1.294,0.0097279428,
1.29425,0.0021616872,
1.2945,-0.0155993011,
1.29475,-0.0218752548,
1.295,0.0038072446,
1.29525,-0.0028209540,
1.2955,-0.0071887504,
1.29575,0.0096833594,
1.296,0.0194928590,
1.29625,0.0075461813,
1.2965,-0.0068797409,
1.29675,-0.0040305336,
1.297,-0.0033389314,
1.29725,-0.0081013339,
1.2975,-0.0097220270,
1.29775,0.0099069476,
1.298,0.0135747083,
1.29825,0.0088307299,
1.2985,0.0075006434,
1.29875,0.0121113267,
1.299,0.0025009783,
1.29925,0.0046017785,
1.2995,0.0015150204,
1.29975,0.0063614384,
1.3,0.0055189263,
1.30025,0.0075666811,
1.3005,0.0152844191,
1.30075,0.0113922562,
1.301,0.0089460947,
1.30125,0.0163698718,
1.3015,0.0052985926,
1.30175,-0.0094533414,
1.302,-0.0019878051,
1.30225,0.0030692313,
1.3025,-0.0112616960,
1.30275,-0.0124211609,
1.303,0.0039144596,
1.30325,0.0139439330,
1.3035,-0.0013627745,
1.30375,0.0047871755,
1.304,0.0263838917,
1.30425,0.0147567019,
1.3045,-0.0092260316,
1.30475,0.0086627863,
1.305,0.0185383633,
1.30525,-0.0044312738,
1.3055,-0.0043520974,
1.30575,0.0209210273,
1.306,0.0185083337,
1.30625,0.0002916823,
1.3065,0.0056011016,
1.30675,0.0214820001,
1.307,0.0048276042,
1.30725,-0.0175061300,
1.3075,-0.0023850661,
1.30775,0.0126394220,
1.308,-0.0131817115,
1.30825,-0.0165302325,
1.3085,0.0112077929,
1.30875,0.0123641184,
1.309,-0.0044957353,
1.30925,0.0031463103,
1.3095,0.0162333231,
1.30975,0.0077974256,
1.31,-0.0091193710,
1.31025,0.0049345391,
1.3105,0.0105900923,
1.31075,-0.0022010701,
1.311,-0.0033138364,
1.31125,0.0071304813,
1.3115,0.0051481840,
1.31175,0.0021658116,
1.312,0.0053425878,
1.31225,0.0115073752,
1.3125,0.0131076202,
1.31275,0.0070711202,
1.313,0.0048256945,
1.31325,0.0037672473,
1.3135,-0.0038563774,
1.31375,-0.0071035903,
1.314,-0.0104519734,
1.31425,-0.0056448979,
1.3145,-0.0004524323,
1.31475,0.0017095280,
1.315,0.0058636703,
1.31525,0.0037127908,
1.3155,0.0033054824,
1.31575,0.0008443915,
1.316,-0.0070749298,
1.31625,-0.0118568372,
1.3165,-0.0073439535,
1.31675,-0.0075438549,
1.317,-0.0091222897,
1.31725,-0.0030885076,
1.3175,0.0050015235,
1.31775,0.0130090434,
1.318,0.0030713375,
1.31825,0.0094962278,
1.3185,0.0143214185,
1.31875,0.0059261275,
1.319,-0.0050555570,
1.31925,0.0020160116,
1.3195,-0.0000847371,
1.31975,-0.0105814934,
1.32,-0.0083676651,
1.32025,0.0113321189,
1.3205,0.0082252463,
1.32075,0.0146260541,
1.321,0.0207625795,
1.32125,0.0221582539,
1.3215,0.0029893105,
1.32175,-0.0034117559,
1.322,-0.0078938100,
1.32225,-0.0177657381,
1.3225,-0.0227369741,
1.32275,-0.0136534404,
1.323,-0.0023344900,
1.32325,0.0078300498,
1.3235,0.0131773464,
1.32375,0.0192673430,
1.324,0.0222189333,
1.32425,0.0153310988,
1.3245,0.0082236668,
1.32475,-0.0080834683,
1.325,-0.0130163794,
1.32525,-0.0097192694,
1.3255,-0.0073894504,
1.32575,-0.0074969307,
1.326,0.0206336007,
1.32625,0.0315250978,
1.3265,0.0179592818,
1.32675,0.0031119073,
1.327,0.0063815126,
1.32725,-0.0035110838,
1.3275,-0.0204234645,
1.32775,-0.0096668042,
1.328,0.0115255211,
1.32825,0.0092809685,
1.3285,0.0046345880,
1.32875,0.0158160534,
1.329,0.0194601323,
1.32925,0.0010105718,
1.3295,-0.0013886509,
1.32975,0.0091843838,
1.33,0.0121116219,
1.33025,0.0027985596,
1.3305,0.0126874084,
1.33075,0.0227013603,
1.331,0.0228125788,
1.33125,0.0111158509,
1.3315,0.0073799137,
1.33175,0.0182591267,
1.332,0.0143478420,
1.33225,0.0012308082,
1.3325,0.0098664239,
1.33275,0.0159402210,
1.333,-0.0097218491,
1.33325,-0.0050560934,
1.3335,-0.0052954252,
1.33375,0.0113127148,
1.334,0.0036831028,
1.33425,0.0080387508,
1.3345,0.0122801876,
1.33475,0.0073461025,
1.335,-0.0014347350,
1.33525,-0.0020196699,
1.3355,-0.0062588998,
1.33575,-0.0139747132,
1.336,0.0098909670,
1.33625,0.0091416556,
1.3365,0.0059840605,
1.33675,0.0104480702,
1.337,0.0179687068,
1.33725,0.0023925030,
1.3375,-0.0114073996,
1.33775,-0.0073904213,
1.338,0.0106841614,
1.33825,-0.0157734584,
1.3385,-0.0107363667,
1.33875,0.0115427114,
1.339,0.0054776571,
1.33925,-0.0129382173,
1.3395,-0.0037090117,
1.33975,0.0052387482,
1.34,-0.0131880110,
1.34025,-0.0204059836,
1.3405,-0.0060586380,
1.34075,0.0017114780,
1.341,-0.0196336191,
1.34125,-0.0228044130,
1.3415,0.0058954540,
1.34175,0.0016749128,
1.342,-0.0244350843,
1.34225,-0.0061274851,
1.3425,0.0140029145,
1.34275,-0.0109787639,
1.343,-0.0163472034,
1.34325,-0.0074981051,
1.3435,0.0065324409,
1.34375,-0.0180778727,
1.344,-0.0220735781,
1.34425,-0.0078489892,
1.3445,-0.0081269806,
1.34475,-0.0199804734,
1.345,-0.0136420233,
1.34525,-0.0020124919,
1.3455,-0.0072041033,
1.34575,-0.0083469823,
1.346,-0.0079157567,
1.34625,-0.0073013138,
1.3465,-0.0138288187,
1.34675,-0.0174842421,
1.347,-0.0180255212,
1.34725,-0.0167858526,
1.3475,-0.0142143713,
1.34775,-0.0135542247,
1.348,-0.0076566441,
1.34825,-0.0037470604,
1.3485,-0.0016903146,
1.34875,0.0014461797,
1.349,-0.0023216922,
1.34925,-0.0071657514,
1.3495,0.0036498923,
1.34975,-0.0068581454,
1.35,-0.0101724789,
1.35025,-0.0036026642,
1.3505,0.0010851218,
1.35075,0.0006733163,
1.351,0.0002081362,
1.35125,0.0077481084,
1.3515,0.0126271313,
1.35175,0.0020475604,
1.352,-0.0094770901,
1.35225,-0.0014538041,
1.3525,-0.0020378279,
1.35275,-0.0146325435,
1.353,-0.0133964187,
1.35325,0.0022413949,
1.3535,0.0080769099,
1.35375,-0.0047019213,
1.354,0.0090306886,
1.35425,0.0201939084,
1.3545,0.0087527381,
1.35475,-0.0046622655,
1.355,0.0023839241,
1.35525,0.0030162206,
1.3555,-0.0097949943,
1.35575,-0.0098737273,
1.356,0.0072905580,
1.35625,0.0131905265,
1.3565,0.0114242863,
1.35675,0.0243844613,
1.357,0.0293728188,
1.35725,0.0231395867,
1.3575,0.0095843133,
1.35775,0.0039602751,
1.358,-0.0035798876,
1.35825,-0.0155206043,
1.3585,-0.0189914741,
1.35875,-0.0229674950,
1.359,-0.0073118093,
1.35925,-0.0005749919,
1.3595,0.0131849470,
1.35975,0.0127260927,
1.36,0.0246655531,
1.36025,0.0193654392,
1.3605,0.0039301072,
1.36075,-0.0112537593,
1.361,-0.0083400346,
1.36125,-0.0143803097,
1.3615,-0.0135614239,
1.36175,0.0030274531,
1.362,0.0205396377,
1.36225,0.0161983687,
1.3625,0.0095988223,
1.36275,0.0094212787,
1.363,-0.0010463754,
1.36325,-0.0218472537,
1.3635,-0.0204622392,
1.36375,-0.0130168488,
1.364,-0.0111269709,
1.36425,-0.0115227969,
1.3645,-0.0006605085,
1.36475,0.0124779232,
1.365,0.0047013196,
1.36525,-0.0119009577,
1.3655,-0.0074555674,
1.36575,-0.0032607974,
1.366,-0.0163865630,
1.36625,-0.0158612449,
1.3665,0.0011739838,
1.36675,0.0082881171,
1.367,0.0025720201,
1.36725,-0.0017460468,
1.3675,0.0065554231,
1.36775,0.0088095032,
1.368,-0.0066551929,
1.36825,-0.0054888511,
1.3685,-0.0045904280,
1.36875,-0.0094993412,
1.369,-0.0155865448,
1.36925,-0.0143682407,
1.3695,-0.0113272462,
1.36975,-0.0067612180,
1.37,-0.0014840076,
1.37025,-0.0005891825,
1.3705,-0.0086880419,
1.37075,-0.0138654951,
1.371,-0.0127645116,
1.37125,-0.0202252753,
1.3715,-0.0286284164,
1.37175,-0.0105614923,
1.372,0.0036009306,
1.37225,-0.0069389422,
1.3725,-0.0020731748,
1.37275,0.0174697321,
1.373,0.0087952316,
1.37325,-0.0113118356,
1.3735,-0.0041938103,
1.37375,0.0030740548,
1.374,-0.0155305443,
1.37425,-0.0176239517,
1.3745,0.0011111959,
1.37475,0.0110701416,
1.375,-0.0075198580,
1.37525,-0.0039433744,
1.3755,0.0206630323,
1.37575,0.0046783583,
1.376,-0.0221809279,
1.37625,-0.0056323167,
1.3765,0.0102249822,
1.37675,-0.0120108072,
1.377,-0.0198430307,
1.37725,0.0039980146,
1.3775,0.0120083056,
1.37775,-0.0133968592,
1.378,-0.0121058626,
1.37825,0.0117382668,
1.3785,0.0105512422,
1.37875,-0.0104352469,
1.379,0.0047048875,
1.37925,0.0253172778,
1.3795,0.0113544334,
1.37975,0.0054430021,
1.38,0.0177306831,
1.38025,0.0211846232,
1.3805,0.0092497207,
1.38075,-0.0021919815,
1.381,0.0104029253,
1.38125,0.0088741099,
1.3815,-0.0038636620,
1.38175,0.0052231029,
1.382,0.0212824792,
1.38225,0.0157669634,
1.3825,0.0187562369,
1.38275,0.0195602234,
1.383,0.0165300034,
1.38325,0.0057144226,
1.3835,0.0029391497,
1.38375,0.0012347691,
1.384,0.0029468371,
1.38425,0.0027577407,
1.3845,0.0149784600,
1.38475,0.0177741330,
1.385,0.0150858052,
1.38525,0.0212546717,
1.3855,0.0148901669,
1.38575,0.0056325463,
1.386,-0.0047209412,
1.38625,0.0009924946,
1.3865,0.0102624130,
1.38675,0.0114448145,
1.387,0.0154511817,
1.38725,0.0327569991,
1.3875,0.0323670208,
1.38775,0.0160518084,
1.388,0.0116369976,
1.38825,0.0139848245,
1.3885,0.0017413965,
1.38875,-0.0145188067,
1.389,-0.0075213471,
1.38925,-0.0013003065,
1.3895,-0.0074053509,
1.38975,-0.0054675457,
1.39,0.0090767713,
1.39025,0.0187367182,
1.3905,0.0100422045,
1.39075,0.0056438139,
1.391,0.0032379385,
1.39125,-0.0078223851,
1.3915,-0.0342926756,
1.39175,-0.0326611921,
1.392,-0.0270980503,
1.39225,-0.0204177983,
1.3925,-0.0058522485,
1.39275,0.0214819442,
1.393,0.0293222815,
1.39325,0.0310133975,
1.3935,0.0168764181,
1.39375,0.0092565259,
1.394,-0.0139524490,
1.39425,-0.0265609585,
1.3945,-0.0322071984,
1.39475,-0.0157865584,
1.395,-0.0094453748,
1.39525,0.0078695323,
1.3955,0.0188362338,
1.39575,0.0139401313,
1.396,-0.0016884620,
1.39625,-0.0253121965,
1.3965,-0.0265934337,
1.39675,-0.0194459427,
1.397,-0.0169622917,
1.39725,-0.0101807714,
1.3975,0.0080034006,
1.39775,0.0092782630,
1.398,-0.0082305279,
1.39825,-0.0143496869,
1.3985,-0.0078233564,
1.39875,0.0036665716,
1.399,-0.0078573404,
1.39925,-0.0110708466,
1.3995,0.0091874115,
1.39975,0.0092259971,
1.4,-0.0061598439,
1.40025,-0.0041021239,
1.4005,0.0140970834,
1.40075,0.0134707559,
1.401,-0.0019681463,
1.40125,-0.0018607450,
1.4015,0.0161454752,
1.40175,0.0015467969,
1.402,-0.0160461441,
1.40225,-0.0081587117,
1.4025,-0.0007606875,
1.40275,0.0013107971,
1.403,0.0045153461,
1.40325,0.0141813401,
1.4035,0.0217904244,
1.40375,0.0061030351,
1.404,-0.0000294622,
1.40425,-0.0055853827,
1.4045,-0.0127766039,
1.40475,-0.0108144060,
1.405,0.0067664068,
1.40525,0.0098175444,
1.4055,0.0083840052,
1.40575,0.0142193157,
1.406,0.0187438224,
1.40625,0.0082651395,
1.4065,-0.0028942968,
1.40675,0.0060240766,
1.407,0.0099202581,
1.40725,-0.0050614271,
1.4075,0.0044416399,
1.40775,0.0226776786,
1.408,0.0163397007,
1.40825,0.0074781077,
1.4085,0.0118817957,
1.40875,0.0211129803,
1.409,0.0005072702,
1.40925,-0.0125045786,
1.4095,0.0033166944,
1.40975,0.0075038029,
1.41,-0.0192162376,
1.41025,-0.0139311943,
1.4105,0.0121912723,
1.41075,0.0048655360,
1.411,-0.0097629912,
1.41125,0.0077687739,
1.4115,0.0188036114,
1.41175,-0.0029936840,
1.412,-0.0157520398,
1.41225,0.0034388981,
1.4125,0.0089722723,
1.41275,-0.0151148764,
1.413,-0.0101693925,
1.41325,0.0115590673,
1.4135,-0.0017381033,
1.41375,-0.0140202604,
1.414,-0.0020077007,
1.41425,0.0048340904,
1.4145,-0.0039363480,
1.41475,-0.0174908265,
1.415,-0.0031865654,
1.41525,0.0015564951,
1.4155,-0.0184357744,
1.41575,-0.0126325330,
1.416,0.0038345559,
1.41625,-0.0079137003,
1.4165,-0.0233864058,
1.41675,-0.0162161365,
1.417,-0.0098544825,
1.41725,-0.0125598740,
1.4175,-0.0105792899,
1.41775,-0.0012927793,
1.418,0.0065630302,
1.41825,-0.0034385466,
1.4185,0.0042745280,
1.41875,0.0053087631,
1.419,-0.0016486601,
1.41925,-0.0082465876,
1.4195,-0.0114756776,
1.41975,-0.0127617465,
1.42,-0.0159408692,
1.42025,-0.0104548708,
1.4205,0.0001710300,
1.42075,0.0073453169,
1.421,0.0006369012,
1.42125,0.0051249461,
1.4215,0.0048282756,
1.42175,-0.0119659817,
1.422,-0.0229780972,
1.42225,-0.0222806558,
1.4225,-0.0227468759,
1.42275,-0.0286760926,
1.423,-0.0186044239,
1.42325,0.0029719865,
1.4235,0.0078405067,
1.42375,0.0096554207,
1.424,0.0208144449,
1.42425,0.0130542349,
1.4245,-0.0005906313,
1.42475,-0.0194666255,
1.425,-0.0204500072,
1.42525,-0.0238742027,
1.4255,-0.0263414308,
1.42575,-0.0157235358,
1.426,0.0025002796,
1.42625,-0.0018433081,
1.4265,-0.0039697513,
1.42675,0.0100661088,
1.427,0.0020718644,
1.42725,-0.0033774590,
1.4275,-0.0177718475,
1.42775,-0.0166923478,
1.428,-0.0239489935,
1.42825,-0.0153576909,
1.4285,-0.0063576382,
1.42875,0.0169215947,
1.429,0.0126191843,
1.42925,0.0196856298,
1.4295,0.0063709933,
1.42975,-0.0037006121,
1.43,-0.0106922863,
1.43025,-0.0107193533,
1.4305,-0.0123418905,
1.43075,0.0004717064,
1.431,0.0030498309,
1.43125,-0.0020421713,
1.4315,0.0000394770,
1.43175,-0.0032058540,
1.432,-0.0102759022,
1.43225,-0.0248296671,
1.4325,-0.0288275927,
1.43275,-0.0118611436,
1.433,-0.0124428971,
1.43325,-0.0169019941,
1.4335,0.0051464788,
1.43375,0.0135469399,
1.434,-0.0045471163,
1.43425,-0.0065222243,
1.4345,0.0060388311,
1.43475,0.0135318115,
1.435,-0.0025535633,
1.43525,-0.0065597165,
1.4355,0.0164966397,
1.43575,0.0146374945,
1.436,-0.0036576125,
1.43625,0.0061954791,
1.4365,0.0196731016,
1.43675,0.0209689904,
1.437,0.0137527706,
1.43725,0.0150771569,
1.4375,0.0198271591,
1.43775,0.0117517691,
1.438,-0.0027417240,
1.43825,0.0002677129,
1.4385,-0.0033135400,
1.43875,-0.0027327568,
1.439,0.0043536010,
1.43925,0.0135595119,
1.4395,0.0149620930,
1.43975,0.0176067017,
1.44,0.0170571376,
1.44025,0.0097205900,
1.4405,-0.0050260890,
1.44075,-0.0016188014,
1.441,0.0060716793,
1.44125,-0.0016351764,
1.4415,0.0045341435,
1.44175,0.0145304091,
1.442,0.0111796996,
1.44225,0.0102758687,
1.4425,0.0113024367,
1.44275,0.0176023915,
1.443,0.0079389187,
1.44325,0.0023278682,
1.4435,0.0062638242,
1.44375,0.0068035703,
1.444,-0.0086740647,
1.44425,0.0006996568,
1.4445,0.0136020696,
1.44475,0.0012205527,
1.445,-0.0100644762,
1.44525,0.0034418551,
1.4455,0.0157644600,
1.44575,0.0030656490,
1.446,-0.0069141975,
1.44625,0.0161991883,
1.4465,0.0115109999,
1.44675,-0.0185964108,
1.447,-0.0136652663,
1.44725,0.0070613460,
1.4475,-0.0015496120,
1.44775,-0.0144865699,
1.448,-0.0072151823,
1.44825,0.0068058008,
1.4485,-0.0097752437,
1.44875,-0.0236595720,
1.449,-0.0122862700,
1.44925,0.0016209991,
1.4495,-0.0302228499,
1.44975,-0.0205910914,
1.45,-0.0144772790,
1.45025,-0.0233798362,
1.4505,-0.0344206318,
1.45075,-0.0150634591,
1.451,-0.0010397205,
1.45125,-0.0003928714,
1.4515,-0.0074602612,
1.45175,0.0097937249,
1.452,0.0064564794,
1.45225,-0.0168250166,
1.4525,-0.0174409375,
1.45275,-0.0170270931,
1.453,-0.0159165394,
1.45325,-0.0240188744,
1.4535,-0.0080856336,
1.45375,0.0027974271,
1.454,0.0064280792,
1.45425,-0.0001121330,
1.4545,0.0029665609,
1.45475,-0.0028821505,
1.455,-0.0095178159,
1.45525,-0.0173866376,
1.4555,-0.0065313191,
1.45575,-0.0027628124,
1.456,-0.0026749675,
1.45625,0.0072329254,
1.4565,0.0123940166,
1.45675,0.0077890130,
1.457,0.0148013802,
1.45725,0.0213085692,
1.4575,0.0104915090,
1.45775,0.0060778465,
1.458,-0.0033531522,
1.45825,-0.0094030127,
1.4585,-0.0183619931,
1.45875,-0.0204823818,
1.459,0.0039648423,
1.45925,0.0121948235,
1.4595,0.0145811290,
1.45975,0.0253419932,
1.46,0.0319505632,
1.46025,0.0190919247,
1.4605,0.0049521849,
1.46075,0.0020260105,
1.461,-0.0045495313,
1.46125,-0.0171735995,
1.4615,-0.0131822089,
1.46175,0.0131785404,
1.462,0.0155830923,
1.46225,0.0176432710,
1.4625,0.0324627981,
1.46275,0.0390947834,
1.463,0.0224700049,
1.46325,0.0156659596,
1.4635,0.0126308613,
1.46375,0.0107251434,
1.464,0.0008385862,
1.46425,0.0030091566,
1.4645,0.0226212554,
1.46475,0.0265848637,
1.465,0.0196767114,
1.46525,0.0137530686,
1.4655,0.0202847160,
1.46575,0.0154579664,
1.466,0.0041084150,
1.46625,0.0003444640,
1.4665,0.0082660699,
1.46675,0.0124147804,
1.467,0.0035334374,
1.46725,0.0062483391,
1.4675,0.0200776234,
1.46775,0.0236424543,
1.468,0.0052974890,
1.46825,-0.0011752901,
1.4685,0.0098973289,
1.46875,0.0040119374,
1.469,-0.0144439470,
1.46925,-0.0024541442,
1.4695,0.0188990217,
1.46975,0.0098703969,
1.47,0.0036233673,
1.47025,0.0075836945,
1.4705,-0.0051171915,
1.47075,-0.0067845895,
1.471,-0.0103024766,
1.47125,-0.0062335799,
1.4715,-0.0111522526,
1.47175,-0.0173789803,
1.472,-0.0133337537,
1.47225,-0.0039043324,
1.4725,0.0049150400,
1.47275,-0.0040311757,
1.473,-0.0084928498,
1.47325,-0.0074593974,
1.4735,-0.0138229020,
1.47375,-0.0227204375,
1.474,-0.0188641958,
1.47425,-0.0106611792,
1.4745,-0.0130436495,
1.47475,-0.0082122060,
1.475,-0.0069348426,
1.47525,0.0000953760,
1.4755,-0.0002251279,
1.47575,-0.0053991140,
1.476,-0.0054742978,
1.47625,-0.0120134326,
1.4765,-0.0173650272,
1.47675,-0.0194028784,
1.477,-0.0217428133,
1.47725,-0.0167894568,
1.4775,-0.0053603854,
1.47775,-0.0051273732,
1.478,-0.0111443494,
1.47825,0.0007258835,
1.4785,-0.0006940073,
1.47875,-0.0132362507,
1.479,-0.0251164734,
1.47925,-0.0110680237,
1.4795,-0.0121743828,
1.47975,-0.0296930484,
1.48,-0.0187516361,
1.48025,0.0071713724,
1.4805,-0.0073001431,
1.48075,-0.0184271503,
1.481,-0.0027588897,
1.48125,0.0129129943,
1.4815,-0.0101910150,
1.48175,-0.0142853875,
1.482,0.0004253012,
1.48225,0.0105652669,
1.4825,-0.0138658956,
1.48275,-0.0147198346,
1.483,0.0068902015,
1.48325,0.0057706288,
1.4835,-0.0204930454,
1.48375,-0.0072657368,
1.484,0.0097044995,
1.48425,0.0003116738,
1.4845,-0.0085165976,
1.48475,0.0053195786,
1.485,0.0196376909,
1.48525,0.0081654154,
1.4855,-0.0056345807,
1.48575,0.0055103102,
1.486,0.0080320640,
1.48625,-0.0071011512,
1.4865,-0.0098232348,
1.48675,0.0021108952,
1.487,0.0098462822,
1.48725,0.0068942560,
1.4875,0.0055904593,
1.48775,0.0167477708,
1.488,0.0196581110,
1.48825,0.0040569040,
1.4885,0.0023485380,
1.48875,0.0044513554,
1.489,-0.0064759240,
1.48925,-0.0075572059,
1.4895,-0.0025028621,
1.48975,-0.0028319925,
1.49,0.0065907422,
1.49025,0.0143374261,
1.4905,0.0229755603,
1.49075,0.0222801417,
1.491,0.0141097642,
1.49125,0.0103364382,
1.4915,0.0015495117,
1.49175,-0.0094166789,
1.492,-0.0081727644,
1.49225,-0.0055635464,
1.4925,-0.0086826384,
1.49275,0.0061097071,
1.493,0.0139326965,
1.49325,0.0176904406,
1.4935,0.0160052180,
1.49375,0.0126974266,
1.494,0.0051179896,
1.49425,-0.0117743723,
1.4945,-0.0158274584,
1.49475,-0.0058881603,
1.495,-0.0015942084,
1.49525,-0.0010701370,
1.4955,0.0170537923,
1.49575,0.0294575188,
1.496,0.0204500519,
1.49625,0.0087831393,
1.4965,0.0078996932,
1.49675,-0.0090865800,
1.497,-0.0224560201,
1.49725,-0.0224358775,
1.4975,0.0002113927,
1.49775,0.0020202789,
1.498,0.0051891082,
1.49825,-0.0012205944,
1.4985,0.0037147771,
1.49875,-0.0142933354,
1.499,-0.0160209220,
1.49925,-0.0158557110,
1.4995,0.0050114831,
1.49975,-0.0073105814,
1.5,-0.0000830508,
1.50025,-0.0022086848,
1.5005,0.0114370054,
1.50075,-0.0058078002,
1.501,-0.0101387519,
1.50125,0.0023088504,
1.5015,0.0099820979,
1.50175,-0.0088714538,
1.502,-0.0174913518,
1.50225,0.0042855372,
1.5025,-0.0013280154,
1.50275,-0.0188675579,
1.503,-0.0141383111,
1.50325,0.0092181629,
1.5035,0.0038829283,
1.50375,-0.0128279924,
1.504,-0.0091362773,
1.50425,-0.0013132290,
1.5045,-0.0119031323,
1.50475,-0.0343477912,
1.505,-0.0259032194,
1.50525,-0.0108489860,
1.5055,-0.0055001588,
1.50575,-0.0059141507,
1.506,0.0046320981,
1.50625,0.0124230217,
1.5065,0.0048468322,
1.50675,-0.0137940524,
1.507,-0.0077576446,
1.50725,-0.0096795950,
1.5075,-0.0109933689,
1.50775,-0.0046166726,
1.508,0.0035024374,
1.50825,0.0036446515,
1.5085,0.0060469913,
1.50875,-0.0037606801,
1.509,-0.0026296361,
1.50925,-0.0066093118,
1.5095,-0.0127785876,
1.50975,-0.0083183534,
1.51,-0.0099393055,
1.51025,-0.0070833671,
1.5105,0.0011273175,
1.51075,-0.0006460196,
1.511,-0.0008180221,
1.51125,0.0034666769,
1.5115,0.0040755197,
1.51175,-0.0014336745,
1.512,-0.0005302374,
1.51225,0.0082015516,
1.5125,0.0101728756,
1.51275,-0.0073589967,
1.513,-0.0008446633,
1.51325,0.0158746019,
1.5135,0.0010826441,
1.51375,-0.0083000576,
1.514,0.0153216682,
1.51425,0.0214784238,
1.5145,-0.0009989230,
1.51475,-0.0025136967,
1.515,0.0184679199,
1.51525,0.0144701172,
1.5155,-0.0077571049,
1.51575,0.0012744127,
1.516,0.0225486718,
1.51625,0.0060013770,
1.5165,-0.0173519161,
1.51675,0.0042991228,
1.517,0.0154660344,
1.51725,-0.0085173864,
1.5175,-0.0121318512,
1.51775,0.0138925770,
1.518,0.0230901688,
1.51825,0.0000450319,
1.5185,0.0045693722,
1.51875,0.0239556879,
1.519,0.0166401528,
1.51925,-0.0108774202,
1.5195,0.0004655092,
1.51975,0.0175595786,
1.52,0.0177520271,
1.52025,0.0086855236,
1.5205,0.0214947592,
1.52075,0.0347840264,
1.521,0.0287002157,
1.52125,0.0047443844,
1.5215,0.0042290944,
1.52175,0.0112056695,
1.522,-0.0024929265,
1.52225,-0.0108185830,
1.5225,0.0027692001,
1.52275,0.0105802761,
1.523,0.0084543396,
1.52325,0.0060668718,
1.5235,0.0148374951,
1.52375,0.0133390995,
1.524,0.0059199012,
1.52425,-0.0021101190,
1.5245,-0.0033925194,
1.52475,-0.0079538850,
1.525,-0.0118506225,
1.52525,-0.0051765032,
1.5255,0.0010321680,
1.52575,0.0037405682,
1.526,0.0203176420,
1.52625,0.0299916454,
1.5265,0.0290711895,
1.52675,0.0230911076,
1.527,0.0168865100,
1.52725,0.0039783833,
1.5275,-0.0022114886,
1.52775,-0.0090254573,
1.528,-0.0067261136,
1.52825,-0.0067137955,
1.5285,0.0030553099,
1.52875,0.0080927731,
1.529,0.0117608896,
1.52925,0.0112742055,
1.5295,0.0085946461,
1.52975,-0.0056596044,
1.53,-0.0210830234,
1.53025,-0.0251492485,
1.5305,-0.0182146635,
1.53075,-0.0268408265,
1.531,-0.0134066297,
1.53125,0.0006159805,
1.5315,0.0021225489,
1.53175,-0.0018634470,
1.532,-0.0079106465,
1.53225,-0.0001396974,
1.5325,-0.0096987849,
1.53275,-0.0183786191,
1.533,-0.0226784274,
1.53325,-0.0037283802,
1.5335,-0.0059977444,
1.53375,-0.0064171893,
1.534,-0.0198519342,
1.53425,0.0007576784,
1.5345,-0.0015193017,
1.53475,-0.0100210123,
1.535,-0.0102059310,
1.53525,0.0007456049,
1.5355,-0.0097904624,
1.53575,-0.0160322729,
1.536,-0.0079714451,
1.53625,0.0085082306,
1.5365,0.0095434198,
1.53675,-0.0051309890,
1.537,0.0088687791,
1.53725,0.0301733445,
1.5375,0.0031699962,
1.53775,-0.0199913830,
1.538,0.0028341510,
1.53825,0.0098778782,
1.5385,-0.0098615186,
1.53875,-0.0079986472,
1.539,0.0159506276,
1.53925,0.0220255386,
1.5395,0.0036856271,
1.53975,0.0032229151,
1.54,0.0143520739,
1.54025,0.0093545979,
1.5405,-0.0152610065,
1.54075,0.0019858526,
1.541,0.0087852022,
1.54125,0.0033634109,
1.5415,0.0072023640,
1.54175,0.0188286565,
1.542,0.0199644826,
1.54225,0.0126426574,
1.5425,0.0158463772,
1.54275,0.0178221334,
1.543,0.0044389060,
1.54325,0.0008682578,
1.5435,0.0133853983,
1.54375,0.0093803611,
1.544,0.0020532564,
1.54425,0.0145891104,
1.5445,0.0186251011,
1.54475,0.0103658950,
1.545,0.0092425374,
1.54525,0.0146260355,
1.5455,0.0180091504,
1.54575,0.0025224262,
1.546,0.0022155854,
1.54625,0.0174553581,
1.5465,0.0079470538,
1.54675,-0.0064115510,
1.547,0.0069877510,
1.54725,0.0186332539,
1.5475,-0.0052889688,
1.54775,-0.0059323711,
1.548,0.0156127196,
1.54825,0.0145729259,
1.5485,-0.0002080631,
1.54875,0.0086323572,
1.549,0.0325715765,
1.54925,0.0226520952,
1.5495,-0.0015600764,
1.54975,0.0119924350,
1.55,0.0178766176,
1.55025,-0.0052858302,
1.5505,-0.0239258241,
1.55075,0.0032674035,
1.551,0.0123601602,
1.55125,-0.0093566477,
1.5515,-0.0052431785,
1.55175,0.0248184316,
1.552,0.0139179565,
1.55225,-0.0142054874,
1.5525,-0.0091579128,
1.55275,0.0050521875,
1.553,-0.0080462871,
1.55325,-0.0247636959,
1.5535,0.0034496456,
1.55375,0.0136468876,
1.554,0.0004430221,
1.55425,-0.0107896477,
1.5545,0.0019075102,
1.55475,-0.0047544874,
1.555,-0.0216021538,
1.55525,-0.0273247659,
1.5555,-0.0130312471,
1.55575,-0.0110368170,
1.556,-0.0258407835,
1.55625,-0.0122308843,
1.5565,-0.0021901997,
1.55675,-0.0081665749,
1.557,-0.0202406347,
1.55725,-0.0164951961,
1.5575,-0.0149459224,
1.55775,-0.0226923842,
1.558,-0.0278151706,
1.55825,-0.0187670290,
1.5585,-0.0090436861,
1.55875,-0.0175974071,
1.559,-0.0098042013,
1.55925,0.0022668270,
1.5595,0.0078629805,
1.55975,0.0026245494,
1.56,0.0025507724,
1.56025,0.0000542245,
1.5605,-0.0082568564,
1.56075,-0.0232628137,
1.561,-0.0252081063,
1.56125,-0.0332142636,
1.5615,-0.0290551223,
1.56175,-0.0243054889,
1.562,-0.0057151960,
1.56225,0.0015204335,
1.5625,0.0140501838,
1.56275,0.0179835688,
1.563,0.0066349925,
1.56325,-0.0029641914,
1.5635,-0.0140773244,
1.56375,-0.0220851898,
1.564,-0.0292849075,
1.56425,-0.0103879897,
1.5645,-0.0004627186,
1.56475,0.0052679935,
1.565,0.0065622376,
1.56525,0.0093733883,
1.5655,-0.0062771877,
1.56575,-0.0165333617,
1.566,-0.0201122500,
1.56625,-0.0134083582,
1.5665,-0.0154814171,
1.56675,-0.0188289490,
1.567,-0.0035149881,
1.56725,0.0087717632,
1.5675,0.0010220396,
1.56775,-0.0070179417,
1.568,-0.0035285340,
1.56825,0.0019875774,
1.5685,0.0039241049,
1.56875,-0.0070112506,
1.569,-0.0036746152,
1.56925,0.0100272605,
1.5695,0.0126323467,
1.56975,-0.0014162506,
1.57,0.0100123370,
1.57025,0.0313171521,
1.5705,0.0288573112,
1.57075,0.0076002637,
1.571,0.0077755102,
1.57125,0.0292635690,
1.5715,0.0028850161,
1.57175,-0.0201838575,
1.572,0.0003972852,
1.57225,0.0224376675,
1.5725,0.0093725966,
1.57275,0.0047814492,
1.573,0.0209192075,
1.57325,0.0190272238,
1.5735,-0.0108893486,
1.57375,-0.0242975522,
1.574,-0.0027294965,
1.57425,-0.0059654335,
1.5745,-0.0190126784,
1.57475,0.0067670834,
1.575,0.0259604938,
1.57525,0.0108747054,
1.5755,0.0086759292,
1.57575,0.0117996316,
1.576,0.0068077589,
1.57625,-0.0192866847,
1.5765,-0.0111176400,
1.57675,0.0173075516,
1.577,0.0043020574,
1.57725,-0.0019730097,
1.5775,0.0198571458,
1.57775,0.0242000725,
1.578,0.0032218946,
1.57825,-0.0005755803,
1.5785,0.0099757025,
1.57875,0.0058534183,
1.579,-0.0154217575,
1.57925,-0.0171455741,
1.5795,-0.0003842367,
1.57975,-0.0124757374,
1.58,-0.0161576699,
1.58025,0.0008625375,
1.5805,0.0083329445,
1.58075,-0.0016206271,
1.581,-0.0041086162,
1.58125,0.0056490023,
1.5815,-0.0028347597,
1.58175,-0.0229672305,
1.582,-0.0150510613,
1.58225,-0.0022075402,
1.5825,-0.0209921636,
1.58275,-0.0159501210,
1.583,0.0114386436,
1.58325,0.0079470119,
1.5835,-0.0049096602,
1.58375,-0.0039535612,
1.584,0.0064223437,
1.58425,-0.0048138835,
1.5845,-0.0215231422,
1.58475,-0.0069745444,
1.585,0.0072329585,
1.58525,-0.0190292411,
1.5855,-0.0219192617,
1.58575,0.0023304296,
1.586,-0.0027772135,
1.58625,-0.0240967963,
1.5865,-0.0169048868,
1.58675,0.0021598702,
1.587,-0.0061025433,
1.58725,-0.0231109783,
1.5875,-0.0057285489,
1.58775,0.0081041884,
1.588,-0.0133081749,
1.58825,-0.0231953431,
1.5885,-0.0047043711,
1.58875,-0.0027796715,
1.589,-0.0076619023,
1.58925,-0.0091628060,
1.5895,0.0099965548,
1.58975,0.0127630513,
1.59,-0.0028974016,
1.59025,0.0005170606,
1.5905,0.0163729414,
1.59075,0.0064109899,
1.591,-0.0026126557,
1.59125,0.0010785675,
1.5915,0.0008639767,
1.59175,-0.0065098340,
1.592,-0.0089460593,
1.59225,-0.0027012341,
1.5925,0.0067302184,
1.59275,0.0026129098,
1.593,0.0103689730,
1.59325,0.0107329162,
1.5935,0.0057711508,
1.59375,-0.0028103441,
1.594,-0.0041863443,
1.59425,-0.0096521704,
1.5945,-0.0196294151,
1.59475,-0.0213259012,
1.595,0.0010476660,
1.59525,0.0071854959,
1.5955,0.0096023344,
1.59575,0.0171951689,
1.596,0.0288130138,
1.59625,0.0152111854,
1.5965,0.0026417489,
1.59675,0.0013513361,
1.597,-0.0000590102,
1.59725,-0.0066344072,
1.5975,-0.0021844546,
1.59775,0.0103450464,
1.598,0.0209572632,
1.59825,0.0258609541,
1.5985,0.0263793953,
1.59875,0.0263085980,
1.599,0.0160807036,
1.59925,-0.0010978623,
1.5995,-0.0145841166,
1.59975,-0.0117301950,
1.6,-0.0118274223,
1.60025,-0.0005556345,
1.6005,0.0093094930,
1.60075,0.0114898300,
1.601,0.0088846050,
1.60125,0.0095693972,
1.6015,0.0011804199,
1.60175,-0.0066852761,
1.602,-0.0086748628,
1.60225,-0.0089937197,
1.6025,0.0020404328,
1.60275,0.0049672080,
1.603,-0.0148908813,
1.60325,0.0106231226,
1.6035,0.0018907457,
1.60375,-0.0015828272,
1.604,-0.0038769152,
1.60425,0.0046738982,
1.6045,0.0110570667,
1.60475,-0.0016466072,
1.605,-0.0094173830,
1.60525,0.0165009852,
1.6055,0.0114821093,
1.60575,-0.0036087348,
1.606,0.0115613043,
1.60625,0.0320243873,
1.6065,0.0207639933,
1.60675,0.0082756542,
1.607,0.0146031696,
1.60725,0.0176436510,
1.6075,-0.0044456292,
1.60775,-0.0182331931,
1.608,0.0052824100,
1.60825,0.0133083062,
1.6085,-0.0043638879,
1.60875,0.0081591038,
1.609,0.0248168707,
1.60925,0.0114688724,
1.6095,-0.0041883807,
1.60975,0.0035121734,
1.61,0.0091807023,
1.61025,-0.0170165375,
1.6105,-0.0233999360,
1.61075,0.0079041030,
1.611,0.0032158089,
1.61125,-0.0065224194,
1.6115,0.0072210585,
1.61175,0.0227895528,
1.612,0.0055487417,
1.61225,-0.0055705984,
1.6125,0.0028150906,
1.61275,0.0134807359,
1.613,-0.0064595351,
1.61325,-0.0103623532,
1.6135,0.0089958208,
1.61375,0.0073675388,
1.614,-0.0031266513,
1.61425,0.0039113197,
1.6145,0.0132316398,
1.61475,0.0057029082,
1.615,-0.0087883072,
1.61525,0.0011827088,
1.6155,0.0033718795,
1.61575,-0.0088912565,
1.616,-0.0076265400,
1.61625,0.0045739086,
1.6165,-0.0068474859,
1.61675,-0.0118798846,
1.617,-0.0122366929,
1.61725,-0.0053705564,
1.6175,-0.0116340816,
1.61775,-0.0116663482,
1.618,-0.0019352520,
1.61825,0.0011540940,
1.6185,-0.0119726118,
1.61875,-0.0056181923,
1.619,0.0018624661,
1.61925,-0.0112167541,
1.6195,-0.0182754081,
1.61975,-0.0071084010,
1.62,-0.0092290761,
1.62025,-0.0153545486,
1.6205,-0.0141452104,
1.62075,0.0124094412,
1.621,0.0080310814,
1.62125,-0.0103189005,
1.6215,-0.0004993207,
1.62175,0.0048122527,
1.622,-0.0166708902,
1.62225,-0.0194289871,
1.6225,-0.0060140160,
1.62275,0.0016877883,
1.623,-0.0067410455,
1.62325,-0.0105302958,
1.6235,-0.0005865599,
1.62375,0.0020068563,
1.624,-0.0138556380,
1.62425,-0.0144274905,
1.6245,-0.0029742839,
1.62475,-0.0130858719,
1.625,-0.0177811570,
1.62525,-0.0111034140,
1.6255,-0.0013402742,
1.62575,0.0020439015,
1.626,0.0018540364,
1.62625,0.0134424213,
1.6265,0.0183020737,
1.62675,0.0085482802,
1.627,0.0067608547,
1.62725,0.0076994807,
1.6275,-0.0029430278,
1.62775,-0.0147449272,
1.628,-0.0161429979,
1.62825,0.0040973253,
1.6285,0.0043627690,
1.62875,0.0112439981,
1.629,0.0232154988,
1.62925,0.0355960801,
1.6295,0.0243626237,
1.62975,0.0114114583,
1.63,0.0156850908,
1.63025,0.0056010070,
1.6305,-0.0123193935,
1.63075,-0.0160404313,
1.631,-0.0019480418,
1.63125,0.0015260545,
1.6315,0.0040991926,
1.63175,0.0154994288,
1.632,0.0252002385,
1.63225,0.0224329438,
1.6325,0.0116587542,
1.63275,0.0113688149,
1.633,0.0002355792,
1.63325,-0.0135039994,
1.6335,-0.0182261020,
1.63375,-0.0097670266,
1.634,-0.0093817655,
1.63425,0.0052059540,
1.6345,0.0187890790,
1.63475,0.0256248023,
1.635,0.0158649273,
1.63525,0.0027808871,
1.6355,-0.0012763339,
1.63575,-0.0090915561,
1.636,-0.0135509670,
1.63625,-0.0175090041,
1.6365,-0.0007907867,
1.63675,0.0026128399,
1.637,0.0048138429,
1.63725,0.0076674805,
1.6375,0.0165595412,
1.63775,0.0053380979,
1.638,-0.0091263223,
1.63825,-0.0074924864,
1.6385,-0.0048994953,
1.63875,-0.0124642793,
1.639,-0.0071060145,
1.63925,0.0134529937,
1.6395,0.0073524220,
1.63975,-0.0090836510,
1.64,-0.0050679268,
1.64025,-0.0070591243,
1.6405,-0.0265111513,
1.64075,-0.0423418209,
1.641,-0.0163029786,
1.64125,-0.0108483713,
1.6415,-0.0258095339,
1.64175,-0.0242704544,
1.642,0.0056557404,
1.64225,-0.0031487071,
1.6425,-0.0190922841,
1.64275,-0.0070699765,
1.643,0.0019224173,
1.64325,-0.0179006215,
1.6435,-0.0380096063,
1.64375,-0.0146103641,
1.644,-0.0067022992,
1.64425,-0.0242997073,
1.6445,-0.0150674973,
1.64475,0.0133246081,
1.645,0.0081695775,
1.64525,-0.0076949042,
1.6455,0.0016991940,
1.64575,0.0112695703,
1.646,-0.0116510168,
1.64625,-0.0270380359,
1.6465,-0.0119765243,
1.64675,-0.0041848812,
1.647,-0.0178584866,
1.64725,-0.0106671629,
1.6475,0.0122004729,
1.64775,0.0161853228,
1.648,0.0010190298,
1.64825,0.0021259561,
1.6485,0.0119204074,
1.64875,-0.0035627228,
1.649,-0.0227442943,
1.64925,-0.0084092040,
1.6495,-0.0085871462,
1.64975,-0.0103945993,
1.65,-0.0073752655,
1.65025,0.0022794099,
1.6505,0.0033792672,
1.65075,0.0062663443,
1.651,0.0051450073,
1.65125,0.0117079336,
1.6515,-0.0004430724,
1.65175,-0.0012387260,
1.652,0.0019350694,
1.65225,-0.0020713629,
1.6525,-0.0079256259,
1.65275,0.0063085300,
1.653,0.0028523332,
1.65325,0.0062326337,
1.6535,0.0051071658,
1.65375,0.0203929376,
1.654,0.0202609897,
1.65425,0.0172853898,
1.6545,0.0080904467,
1.65475,0.0216509048,
1.655,-0.0005006739,
1.65525,-0.0081984550,
1.6555,0.0057163667,
1.65575,0.0087601766,
1.656,0.0039661438,
1.65625,0.0068034050,
1.6565,0.0131091736,
1.65675,0.0121748168,
1.657,0.0022715514,
1.65725,-0.0063059153,
1.6575,0.0116194431,
1.65775,-0.0015426591,
1.658,-0.0066062724,
1.65825,-0.0002874505,
1.6585,0.0090123359,
1.65875,-0.0026103642,
1.659,-0.0025148550,
1.65925,0.0061486512,
1.6595,0.0165066104,
1.65975,0.0106551945,
1.66,0.0135496147,
1.66025,0.0238822233,
1.6605,0.0141348680,
1.66075,-0.0034807776,
1.661,-0.0044120671,
1.66125,-0.0055401996,
1.6615,-0.0094341459,
1.66175,-0.0179540962,
1.662,-0.0034643952,
1.66225,0.0111142863,
1.6625,0.0110113909,
1.66275,0.0068262648,
1.663,0.0144464597,
1.66325,0.0112702772,
1.6635,-0.0170909390,
1.66375,-0.0286139771,
1.664,-0.0218431856,
1.66425,-0.0260771103,
1.6645,-0.0275347289,
1.66475,-0.0174149945,
1.665,0.0063500414,
1.66525,0.0113325529,
1.6655,0.0074490691,
1.66575,0.0089363093,
1.666,0.0101350583,
1.66625,-0.0117415953,
1.6665,-0.0255563706,
1.66675,-0.0152693819,
1.667,-0.0148916934,
1.66725,-0.0096942987,
1.6675,0.0029454811,
1.66775,0.0126368226,
1.668,0.0121494308,
1.66825,-0.0041493159,
1.6685,-0.0134732993,
1.66875,-0.0099974815,
1.669,-0.0190318208,
1.66925,-0.0160635188,
1.6695,-0.0003555482,
1.66975,0.0107190683,
1.67,0.0083722053,
1.67025,0.0041746064,
1.6705,0.0075187953,
1.67075,0.0082339076,
1.671,-0.0019498273,
1.67125,-0.0060910378,
1.6715,0.0082351966,
1.67175,0.0007680315,
1.672,-0.0057163266,
1.67225,0.0029848926,
1.6725,0.0062769307,
1.67275,0.0005398515,
1.673,0.0012687162,
1.67325,0.0112383394,
1.6735,0.0008770811,
1.67375,-0.0080969445,
1.674,-0.0035456303,
1.67425,0.0009805234,
1.6745,-0.0138167068,
1.67475,-0.0096496968,
1.675,0.0152066080,
1.67525,0.0168756414,
1.6755,0.0091495067,
1.67575,0.0243861489,
1.676,0.0373020917,
1.67625,0.0165596437,
1.6765,0.0006914419,
1.67675,0.0142232422,
1.677,0.0177041851,
1.67725,-0.0037359537,
1.6775,0.0067503843,
1.67775,0.0340717137,
1.678,0.0232800581,
1.67825,0.0073973425,
1.6785,0.0236415528,
1.67875,0.0266895145,
1.679,0.0047113388,
1.67925,-0.0058572069,
1.6795,0.0148122367,
1.67975,0.0121054100,
1.68,-0.0025227827,
1.68025,0.0055703167,
1.6805,0.0213292874,
1.68075,0.0163268764,
1.681,0.0034524293,
1.68125,0.0118288118,
1.6815,0.0209387317,
1.68175,0.0108276596,
1.682,-0.0028788010,
1.68225,0.0105379326,
1.6825,0.0159643758,
1.68275,0.0015243505,
1.683,0.0060150353,
1.68325,0.0151451444,
1.6835,0.0175432488,
1.68375,0.0150754247,
1.684,0.0115051940,
1.68425,0.0181618724,
1.6845,0.0186231937,
1.68475,0.0139951725,
1.685,0.0159108359,
1.68525,0.0071892347,
1.6855,0.0035299594,
1.68575,0.0008627255,
1.686,-0.0003984259,
1.68625,-0.0069194799,
1.6865,-0.0003669885,
1.68675,0.0028069261,
1.687,0.0010975170,
1.68725,-0.0035409285,
1.6875,0.0034391726,
1.68775,0.0096906256,
1.688,-0.0046889139,
1.68825,-0.0095878784,
1.6885,-0.0013938897,
1.68875,-0.0114042331,
1.689,-0.0213876478,
1.68925,-0.0149527891,
1.6895,0.0031200142,
1.68975,-0.0037395144,
1.69,-0.0037209014,
1.69025,0.0084975138,
1.6905,0.0127086872,
1.69075,0.0035201469,
1.691,-0.0131898671,
1.69125,-0.0018431835,
1.6915,-0.0049909465,
1.69175,-0.0181050599,
1.692,-0.0228181500,
1.69225,-0.0052857967,
1.6925,-0.0053179245,
1.69275,-0.0105832238,
1.693,-0.0045696599,
1.69325,0.0065607834,
1.6935,-0.0038297393,
1.69375,-0.0219646767,
1.694,-0.0202263631,
1.69425,-0.0229196548,
1.6945,-0.0240621269,
1.69475,-0.0300602056,
1.695,-0.0179292727,
1.69525,-0.0004924062,
1.6955,0.0029166681,
1.69575,0.0086012259,
1.696,0.0233055949,
1.69625,0.0234080758,
1.6965,0.0071361479,
1.69675,-0.0089130579,
1.697,-0.0046583507,
1.69725,-0.0158837512,
1.6975,-0.0271829218,
1.69775,-0.0158753227,
1.698,-0.0006354542,
1.69825,-0.0065882928,
1.6985,-0.0079346085,
1.69875,0.0082598962,
1.699,0.0124831107,
1.69925,0.0006620731,
1.6995,-0.0204268731,
1.69975,-0.0154612167,
1.7,-0.0226724502,
1.70025,-0.0396430679,
1.7005,-0.0242972933,
1.70075,0.0044191638,
1.701,0.0041462290,
1.70125,0.0016383529,
1.7015,0.0034334133,
1.70175,0.0121932114,
1.702,-0.0021597205,
1.70225,-0.0152510460,
1.7025,-0.0070596123,
1.70275,0.0024084509,
1.703,-0.0085054822,
1.70325,0.0001811863,
1.7035,0.0133233285,
1.70375,0.0040771053,
1.704,0.0007620792,
1.70425,-0.0120482221,
1.7045,-0.0026923416,
1.70475,-0.0043520909,
1.705,-0.0197560191,
1.70525,-0.0182393733,
1.7055,0.0099927457,
1.70575,0.0070067830,
1.706,0.0093648061,
1.70625,0.0111143850,
1.7065,0.0106642488,
1.70675,0.0078118527,
1.707,0.0014235603,
1.70725,-0.0006324686,
1.7075,-0.0031649231,
1.70775,0.0002476927,
1.708,0.0021135998,
1.70825,0.0020403257,
1.7085,-0.0008808667,
1.70875,0.0206104107,
1.709,0.0192485210,
1.70925,0.0053311465,
1.7095,0.0054163486,
1.70975,0.0183497425,
1.71,0.0056743291,
1.71025,-0.0138347428,
1.7105,-0.0055525377,
1.71075,0.0126612969,
1.711,0.0018079863,
1.71125,-0.0089410068,
1.7115,0.0200003106,
1.71175,0.0295780487,
1.712,0.0037052308,
1.71225,0.0028139038,
1.7125,0.0187716540,
1.71275,0.0066401865,
1.713,-0.0188163333,
1.71325,0.0002534956,
1.7135,0.0154913599,
1.71375,0.0030512619,
1.714,0.0002773552,
1.71425,0.0241595805,
1.7145,0.0276040751,
1.71475,0.0050146827,
1.715,0.0052551078,
1.71525,0.0187595543,
1.7155,0.0074839927,
1.71575,-0.0149472756,
1.716,-0.0029220181,
1.71625,0.0113114575,
1.7165,-0.0030809650,
1.71675,-0.0086871283,
1.717,0.0028731197,
1.71725,0.0053335037,
1.7175,-0.0097990539,
1.71775,-0.0107985353,
1.718,0.0031573651,
1.71825,-0.0004247866,
1.7185,-0.0107467910,
1.71875,-0.0087185241,
1.719,-0.0053125378,
1.71925,-0.0127623752,
1.7195,-0.0201005153,
1.71975,-0.0152976569,
1.72,-0.0132555151,
1.72025,-0.0113072488,
1.7205,-0.0056563127,
1.72075,-0.0021364454,
1.721,-0.0038424714,
1.72125,-0.0090293325,
1.7215,-0.0094425809,
1.72175,-0.0140764769,
1.722,-0.0163858607,
1.72225,-0.0107025914,
1.7225,-0.0027881293,
1.72275,-0.0088028321,
1.723,-0.0131132593,
1.72325,-0.0025151160,
1.7235,-0.0072311116,
1.72375,-0.0185825154,
1.724,-0.0196179301,
1.72425,-0.0104390653,
1.7245,-0.0160985291,
1.72475,-0.0244689342,
1.725,-0.0187190790,
1.72525,-0.0065411744,
1.7255,-0.0143752471,
1.72575,-0.0184597503,
1.726,-0.0083005531,
1.72625,0.0023701107,
1.7265,-0.0068737976,
1.72675,-0.0097366627,
1.727,0.0001038189,
1.72725,0.0009914277,
1.7275,-0.0123490039,
1.72775,-0.0068617542,
1.728,0.0016327709,
1.72825,0.0039437101,
1.7285,0.0046289265,
1.72875,0.0116418283,
1.729,0.0202543996,
1.72925,0.0155314533,
1.7295,0.0095140617,
1.72975,0.0072463392,
1.73,0.0022571506,
1.73025,-0.0035279598,
1.7305,-0.0120254289,
1.73075,-0.0051413570,
1.731,0.0004036996,
1.73125,-0.0008814729,
1.7315,0.0002636051,
1.73175,0.0183499642,
1.732,0.0252634361,
1.73225,0.0183349941,
1.7325,0.0137583530,
1.73275,0.0139229298,
1.733,0.0076192534,
1.73325,-0.0112863993,
1.7335,-0.0114562213,
1.73375,0.0154353781,
1.734,0.0165096633,
1.73425,0.0087269777,
1.7345,0.0222643688,
1.73475,0.0341819301,
1.735,0.0114869280,
1.73525,-0.0055322633,
1.7355,0.0008898058,
1.73575,0.0060458435,
1.736,-0.0156665333,
1.73625,-0.0088440124,
1.7365,0.0123851830,
1.73675,0.0224277973,
1.737,0.0001678772,
1.73725,0.0108316308,
1.7375,0.0144750727,
1.73775,0.0122682191,
1.738,-0.0086884405,
1.73825,0.0096507780,
1.7385,0.0222431608,
1.73875,0.0221917778,
1.739,0.0093638189,
1.73925,0.0228900313,
1.7395,0.0337587968,
1.73975,0.0153331123,
1.74,0.0114454506,
1.74025,0.0217147134,
1.7405,0.0183124878,
1.74075,0.0049588094,
1.741,0.0078463843,
1.74125,0.0074677956,
1.7415,0.0115706669,
1.74175,0.0121010281,
1.742,0.0206909925,
1.74225,0.0172012188,
1.7425,0.0132713169,
1.74275,0.0162696149,
1.743,0.0043324619,
1.74325,-0.0150746023,
1.7435,-0.0105332760,
1.74375,-0.0018866665,
1.744,-0.0071134008,
1.74425,-0.0174958985,
1.7445,0.0012948571,
1.74475,0.0155067956,
1.745,-0.0005095584,
1.74525,-0.0113334609,
1.7455,0.0047210651,
1.74575,0.0048422916,
1.746,-0.0206267927,
1.74625,-0.0131146852,
1.7465,0.0173871033,
1.74675,0.0042771925,
1.747,-0.0062176869,
1.74725,0.0163131617,
1.7475,0.0261289626,
1.74775,0.0009167884,
1.748,-0.0066344836,
1.74825,0.0107334238,
1.7485,0.0056541967,
1.74875,-0.0243619476,
1.749,-0.0211306829,
1.74925,0.0054739607,
1.7495,-0.0044902153,
1.74975,-0.0281338207,
1.75,-0.0057845144,
1.75025,0.0092722606,
1.7505,-0.0053980988,
1.75075,-0.0131385121,
1.751,0.0025694582,
1.75125,0.0079111746,
1.7515,-0.0138601959,
1.75175,-0.0180291738,
1.752,-0.0026384913,
1.75225,-0.0085374061,
1.7525,-0.0174865499,
1.75275,-0.0095638838,
1.753,0.0024357834,
1.75325,-0.0047017951,
1.7535,-0.0020164833,
1.75375,0.0015043514,
1.754,0.0071989647,
1.75425,0.0024944581,
1.7545,-0.0011698768,
1.75475,-0.0002811814,
1.755,-0.0037316289,
1.75525,-0.0073334011,
1.7555,-0.0059002610,
1.75575,0.0030271478,
1.756,0.0023359344,
1.75625,0.0040782001,
1.7565,0.0038337396,
1.75675,-0.0022831624,
1.757,0.0011656284,
1.75725,0.0075930366,
1.7575,0.0048362645,
1.75775,-0.0002804635,
1.758,0.0014899666,
1.75825,0.0014971702,
1.7585,-0.0034874775,
1.75875,-0.0041167513,
1.759,0.0052769552,
1.75925,0.0154464748,
1.7595,0.0124220932,
1.75975,0.0086207045,
1.76,0.0198712554,
1.76025,0.0193162709,
1.7605,0.0059887669,
1.76075,-0.0006393960,
1.761,0.0053795371,
1.76125,-0.0046797972,
1.7615,-0.0142316297,
1.76175,-0.0028375601,
1.762,0.0153553970,
1.76225,0.0143066989,
1.7625,0.0173154455,
1.76275,0.0207464043,
1.763,0.0139918644,
1.76325,-0.0018710061,
1.7635,-0.0062969849,
1.76375,-0.0082890168,
1.764,-0.0068067205,
1.76425,-0.0076439441,
1.7645,-0.0016957906,
1.76475,0.0109316930,
1.765,0.0142229665,
1.76525,0.0172141064,
1.7655,0.0184746571,
1.76575,0.0143729728,
1.766,0.0048602782,
1.76625,-0.0092992801,
1.7665,-0.0205155071,
1.76675,-0.0219446588,
1.767,-0.0150288315,
1.76725,-0.0105971228,
1.7675,-0.0046079541,
1.76775,0.0114581287,
1.768,0.0166605916,
1.76825,0.0068728821,
1.7685,-0.0049625495,
1.76875,-0.0033475817,
1.769,-0.0185715556,
1.76925,-0.0334082469,
1.7695,-0.0227439385,
1.76975,-0.0066818381,
1.77,-0.0036731528,
1.77025,-0.0012542795,
1.7705,0.0054711378,
1.77075,0.0072800294,
1.771,-0.0137840351,
1.77125,-0.0197852142,
1.7715,-0.0081969472,
1.77175,-0.0136235273,
1.772,-0.0116260434,
1.77225,-0.0034744202,
1.7725,0.0092304628,
1.77275,0.0097919209,
1.773,-0.0099147810,
1.77325,-0.0041180733,
1.7735,0.0058712349,
1.77375,-0.0108998083,
1.774,-0.0213859063,
1.77425,-0.0053730956,
1.7745,-0.0100679891,
1.77475,-0.0145997750,
1.775,-0.0212415140,
1.77525,-0.0086004063,
1.7755,-0.0022550658,
1.77575,-0.0097799599,
1.776,-0.0058754184,
1.77625,-0.0029572290,
1.7765,-0.0132888984,
1.77675,-0.0096961288,
1.777,-0.0131124165,
1.77725,-0.0226849541,
1.7775,-0.0123813273,
1.77775,-0.0011849639,
1.778,-0.0006593456,
1.77825,-0.0017096291,
1.7785,0.0024584353,
1.77875,0.0184809268,
1.779,0.0075708702,
1.77925,-0.0142246038,
1.7795,-0.0002554906,
1.77975,0.0056405780,
1.78,-0.0213969946,
1.78025,-0.0217619427,
1.7805,0.0035052223,
1.78075,0.0035530035,
1.781,-0.0127210356,
1.78125,-0.0016878452,
1.7815,0.0152278235,
1.78175,-0.0034794630,
1.782,-0.0202527847,
1.78225,0.0005308701,
1.7825,0.0122541450,
1.78275,-0.0150680672,
1.783,-0.0162180532,
1.78325,0.0119381994,
1.7835,0.0070432434,
1.78375,-0.0157407150,
1.784,0.0000115207,
1.78425,0.0301081091,
1.7845,0.0106906202,
1.78475,-0.0103312247,
1.785,0.0121808350,
1.78525,0.0245586000,
1.7855,-0.0047355779,
1.78575,-0.0130041223,
1.786,0.0046596518,
1.78625,0.0024402798,
1.7865,-0.0154569559,
1.78675,-0.0079412321,
1.787,0.0145598045,
1.78725,0.0127728917,
1.7875,0.0019542654,
1.78775,0.0118643930,
1.788,0.0098165143,
1.78825,-0.0003536936,
1.7885,-0.0107795550,
1.78875,-0.0093691153,
1.789,-0.0118396431,
1.78925,-0.0144548444,
1.7895,-0.0149108637,
1.78975,0.0002763742,
1.79,-0.0020729937,
1.79025,0.0020094535,
1.7905,0.0117659643,
1.79075,0.0044734841,
1.791,-0.0020955924,
1.79125,-0.0009952157,
1.7915,-0.0084993150,
1.79175,-0.0148210190,
1.792,-0.0141188484,
1.79225,-0.0040849126,
1.7925,-0.0007450206,
1.79275,-0.0009860789,
1.793,0.0082241278,
1.79325,0.0083877025,
1.7935,-0.0083886208,
1.79375,-0.0196250975,
1.794,-0.0202666502,
1.79425,-0.0148452763,
1.7945,-0.0246378630,
1.79475,-0.0211195573,
1.795,-0.0011541843,
1.79525,0.0073731360,
1.7955,-0.0013800977,
1.79575,0.0061954036,
1.796,0.0225469209,
1.79625,0.0054855547,
1.7965,-0.0125039136,
1.79675,-0.0137451906,
1.797,-0.0102091199,
1.79725,-0.0242020823,
1.7975,-0.0232242644,
1.79775,0.0000634480,
1.798,0.0102430852,
1.79825,0.0109236091,
1.7985,0.0152312629,
1.79875,0.0268115886,
1.799,0.0178494453,
1.79925,-0.0083789211,
1.7995,-0.0128031038,
1.79975,-0.0176211856,
1.8,-0.0324867256,
1.80025,-0.0317416526,
1.8005,-0.0114472732,
1.80075,-0.0032440701,
1.801,0.0011671645,
1.80125,0.0069279633,
1.8015,0.0230327770,
1.80175,0.0099464459,
1.802,0.0060860459,
1.80225,0.0041330857,
1.8025,-0.0017340552,
1.80275,-0.0141648166,
1.803,-0.0088998480,
1.80325,-0.0030252652,
1.8035,0.0162104182,
1.80375,0.0108529916,
1.804,0.0232206136,
1.80425,0.0144373216,
1.8045,0.0162607227,
1.80475,-0.0046289661,
1.805,-0.0087926751,
1.80525,-0.0172514524,
1.8055,-0.0025126683,
1.80575,-0.0087202489,
1.806,-0.0047555850,
1.80625,0.0065739835,
1.8065,0.0146548245,
1.80675,0.0069411332,
1.807,-0.0057820505,
1.80725,-0.0006652909,
1.8075,0.0046925871,
1.80775,-0.0066724801,
1.808,-0.0051458296,
1.80825,0.0169312283,
1.8085,0.0197147056,
1.80875,0.0135817993,
1.809,0.0151665602,
1.80925,0.0200362504,
1.8095,0.0163383428,
1.80975,0.0022503617,
1.81,0.0090059228,
1.81025,0.0061723962,
1.8105,0.0059697363,
1.81075,0.0036047441,
1.811,0.0096179135,
1.81125,0.0046282951,
1.8115,0.0108477948,
1.81175,0.0124850692,
1.812,0.0097193159,
1.81225,0.0002593586,
1.8125,-0.0036370289,
1.81275,-0.0002009684,
1.813,-0.0056276848,
1.81325,-0.0120880883,
1.8135,-0.0001575019,
1.81375,0.0144827571,
1.814,0.0038399387,
1.81425,0.0001307742,
1.8145,0.0172109976,
1.81475,0.0178707540,
1.815,-0.0032968153,
1.81525,-0.0023028427,
1.8155,0.0128635745,
1.81575,0.0005373592,
1.816,-0.0069747828,
1.81625,0.0051885266,
1.8165,0.0236266013,
1.81675,0.0084718177,
1.817,-0.0014574191,
1.81725,0.0234725438,
1.8175,0.0278143287,
1.81775,-0.0036322300,
1.818,0.0000218312,
1.81825,0.0254003964,
1.8185,0.0131248422,
1.81875,-0.0095634488,
1.819,0.0127767110,
1.81925,0.0272048358,
1.8195,0.0033291848,
1.81975,-0.0073911627,
1.82,0.0214466564,
1.82025,0.0181316752,
1.8205,-0.0041684499,
1.82075,0.0037639586,
1.821,0.0286523346,
1.82125,0.0088434406,
1.8215,-0.0031550622,
1.82175,0.0072920127,
1.822,0.0176187754,
1.82225,-0.0005019067,
1.8225,-0.0063269399,
1.82275,0.0106227575,
1.823,0.0115934089,
1.82325,-0.0071138148,
1.8235,-0.0026100823,
1.82375,0.0162900910,
1.824,0.0094411122,
1.82425,0.0044116247,
1.8245,0.0102492413,
1.82475,0.0086416658,
1.825,-0.0016546923,
1.82525,-0.0054516923,
1.8255,0.0029644025,
1.82575,0.0029640903,
1.826,0.0021776077,
1.82625,0.0093756299,
1.8265,0.0133862542,
1.82675,0.0013424447,
1.827,0.0083301114,
1.82725,0.0036230499,
1.8275,-0.0011543974,
1.82775,-0.0163053013,
1.828,-0.0123270787,
1.82825,-0.0025717448,
1.8285,-0.0041024089,
1.82875,-0.0085622082,
1.829,0.0087714773,
1.82925,0.0095925042,
1.8295,-0.0086622471,
1.82975,-0.0083548902,
1.83,-0.0039332965,
1.83025,-0.0124093285,
1.8305,-0.0296376850,
1.83075,-0.0226620603,
1.831,-0.0071903407,
1.83125,-0.0153664351,
1.8315,-0.0121200401,
1.83175,0.0085631683,
1.832,0.0094031170,
1.83225,-0.0004539198,
1.8325,-0.0076431548,
1.83275,-0.0028777467,
1.833,-0.0149537809,
1.83325,-0.0338304229,
1.8335,-0.0285455547,
1.83375,-0.0131511884,
1.834,-0.0184191428,
1.83425,-0.0027329815,
1.8345,0.0159957092,
1.83475,0.0245535523,
1.835,0.0138797276,
1.83525,0.0002787854,
1.8355,-0.0069337236,
1.83575,-0.0259658769,
1.836,-0.0315574817,
1.83625,-0.0224310700,
1.8365,-0.0002328496,
1.83675,0.0014584280,
1.837,0.0120456601,
1.83725,0.0077251103,
1.8375,0.0101204598,
1.83775,-0.0067974376,
1.838,-0.0142744137,
1.83825,-0.0143429488,
1.8385,-0.0028232753,
1.83875,-0.0034206524,
1.839,0.0036214732,
1.83925,0.0157973208,
1.8395,0.0144196488,
1.83975,-0.0035887095,
1.84,-0.0056849821,
1.84025,-0.0020953573,
1.8405,0.0055980626,
1.84075,-0.0003625571,
1.841,0.0023379517,
1.84125,0.0183878820,
1.8415,0.0153333144,
1.84175,-0.0044230064,
1.842,0.0007023182,
1.84225,0.0132069942,
1.8425,0.0094767725,
1.84275,-0.0024659368,
1.843,0.0003237505,
1.84325,0.0156736970,
1.8435,-0.0014282902,
1.84375,-0.0214692056,
1.844,-0.0074941153,
1.84425,0.0014368679,
1.8445,0.0025482024,
1.84475,0.0065113734,
1.845,0.0162860844,
1.84525,0.0176634416,
1.8455,0.0051137893,
1.84575,0.0003594796,
1.846,-0.0068900404,
1.84625,-0.0112629365,
1.8465,-0.0037988438,
1.84675,0.0070782322,
1.847,0.0111656766,
1.84725,0.0113793388,
1.8475,0.0109958872,
1.84775,0.0127325822,
1.848,-0.0055188318,
1.84825,-0.0152386352,
1.8485,-0.0085971532,
1.84875,-0.0045483601,
1.849,-0.0101625752,
1.84925,0.0025038433,
1.8495,0.0105464123,
1.84975,0.0018596600,
1.85,-0.0108307023,
1.85025,-0.0035314451,
1.8505,0.0012417603,
1.85075,-0.0164623167,
1.851,-0.0200007576,
1.85125,-0.0036155526,
1.8515,-0.0104980413,
1.85175,-0.0241761748,
1.852,-0.0102859642,
1.85225,0.0088509806,
1.8525,-0.0060936320,
1.85275,-0.0116999829,
1.853,0.0044933516,
1.85325,0.0075499411,
1.8535,-0.0194443464,
1.85375,-0.0209609941,
1.854,0.0011638483,
1.85425,-0.0083133020,
1.8545,-0.0279813409,
1.85475,-0.0103312097,
1.855,0.0030998860,
1.85525,-0.0155601362,
1.8555,-0.0238232482,
1.85575,-0.0110285524,
1.856,-0.0046140766,
1.85625,-0.0219051819,
1.8565,-0.0246181320,
1.85675,-0.0067874575,
1.857,-0.0058527342,
1.85725,-0.0215798505,
1.8575,-0.0072661974,
1.85775,-0.0015610717,
1.858,-0.0148039702,
1.85825,-0.0232859310,
1.8585,-0.0100827869,
1.85875,-0.0142721655,
1.859,-0.0128643997,
1.85925,-0.0119677652,
1.8595,0.0059336047,
1.85975,0.0033359879,
1.86,0.0044476716,
1.86025,-0.0007605133,
1.8605,-0.0080212131,
1.86075,-0.0159861036,
1.861,-0.0252309721,
1.86125,-0.0155376457,
1.8615,-0.0115775680,
1.86175,-0.0123606455,
1.862,-0.0021341527,
1.86225,0.0069237584,
1.8625,0.0065702894,
1.86275,0.0026802837,
1.863,0.0058227847,
1.86325,0.0045562810,
1.8635,-0.0131308734,
1.86375,-0.0156767592,
1.864,-0.0135986144,
1.86425,-0.0089448038,
1.8645,-0.0069058146,
1.86475,0.0107111037,
1.865,0.0229525305,
1.86525,0.0209367014,
1.8655,0.0296655186,
1.86575,0.0316237509,
1.866,0.0187367871,
1.86625,0.0006680724,
1.8665,-0.0030358047,
1.86675,-0.0059927092,
1.867,-0.0177332368,
1.86725,-0.0171447583,
1.8675,0.0081782658,
1.86775,0.0129841641,
1.868,0.0065499209,
1.86825,0.0116022583,
1.8685,0.0136283115,
1.86875,0.0018285640,
1.869,-0.0118047819,
1.86925,-0.0098988246,
1.8695,-0.0104988404,
1.86975,-0.0100475829,
1.87,-0.0031847949,
1.87025,0.0172589123,
1.8705,0.0198765304,
1.87075,0.0209534913,
1.871,0.0155001404,
1.87125,0.0099861324,
1.8715,0.0018284387,
1.87175,-0.0007240690,
1.872,-0.0042249481,
1.87225,0.0095185721,
1.8725,0.0044097137,
1.87275,-0.0006098989,
1.873,0.0010524152,
1.87325,0.0093204509,
1.8735,-0.0039515877,
1.87375,-0.0101649556,
1.874,-0.0126662897,
1.87425,-0.0025689318,
1.8745,-0.0053774402,
1.87475,-0.0146201700,
1.875,-0.0027291705,
1.87525,0.0186304711,
1.8755,0.0014921831,
1.87575,-0.0037397270,
1.876,0.0037634780,
1.87625,0.0148509899,
1.8765,-0.0037963949,
1.87675,-0.0090018930,
1.877,0.0092028724,
1.87725,0.0122360066,
1.8775,-0.0071978774,
1.87775,-0.0049414998,
1.878,0.0083837816,
1.87825,0.0093367323,
1.8785,0.0048058438,
1.87875,0.0035591684,
1.879,0.0089673717,
1.87925,0.0025332172,
1.8795,-0.0107662762,
1.87975,-0.0062945532,
1.88,0.0007634430,
1.88025,-0.0024142666,
1.8805,0.0005215469,
1.88075,0.0074446006,
1.881,0.0101615069,
1.88125,0.0060899328,
1.8815,0.0057515274,
1.88175,0.0043689208,
1.882,-0.0031418018,
1.88225,-0.0084362607,
1.8825,0.0001915258,
1.88275,-0.0018671926,
1.883,0.0016159617,
1.88325,0.0134003777,
1.8835,0.0178151950,
1.88375,0.0169895925,
1.884,0.0145147536,
1.88425,0.0181296971,
1.8845,0.0118823349,
1.88475,0.0033255469,
1.885,0.0055792257,
1.88525,0.0074651549,
1.8855,-0.0066680652,
1.88575,-0.0050634728,
1.886,0.0070122434,
1.88625,0.0008703360,
1.8865,-0.0117874816,
1.88675,0.0012779160,
1.887,0.0055905483,
1.88725,-0.0055758115,
1.8875,-0.0175658111,
1.88775,0.0061128214,
1.888,0.0051992703,
1.88825,-0.0194681603,
1.8885,-0.0139722563,
1.88875,0.0028132226,
1.889,-0.0070677521,
1.88925,-0.0128847091,
1.8895,0.0053509721,
1.88975,0.0184067544,
1.89,0.0174138583,
1.89025,0.0029573715,
1.8905,0.0259036366,
1.89075,0.0300299488,
1.891,0.0030328790,
1.89125,-0.0007659056,
1.8915,0.0077909091,
1.89175,-0.0016555272,
1.892,-0.0074300086,
1.89225,0.0021294989,
1.8925,0.0188269876,
1.89275,0.0224264525,
1.893,0.0094295498,
1.89325,0.0135141993,
1.8935,0.0094620679,
1.89375,-0.0087549286,
1.894,-0.0137467673,
1.89425,-0.0112825269,
1.8945,-0.0062112161,
1.89475,-0.0069484762,
1.895,-0.0081067467,
1.89525,0.0058929240,
1.8955,0.0130599979,
1.89575,0.0079955552,
1.896,0.0087589547,
1.89625,0.0121218143,
1.8965,0.0057674563,
1.89675,-0.0030629919,
1.897,-0.0018926525,
1.89725,0.0007893979,
1.8975,0.0024688644,
1.89775,0.0078462036,
1.898,0.0146129020,
1.89825,0.0154777840,
1.8985,0.0211384315,
1.89875,0.0262940526,
1.899,0.0193229169,
1.89925,0.0128223263,
1.8995,0.0014606718,
1.89975,-0.0082848612,
1.9,-0.0199944116,
1.90025,-0.0217658374,
1.9005,-0.0064510037,
1.90075,-0.0004186319,
1.901,0.0003473333,
1.90125,0.0152087910,
1.9015,0.0260023996,
1.90175,0.0120559884,
1.902,0.0075433766,
1.90225,0.0049651065,
1.9025,-0.0114721861,
1.90275,-0.0239908248,
1.903,-0.0189858675,
1.90325,-0.0008655968,
1.9035,-0.0039934283,
1.90375,0.0056064660,
1.904,0.0229555070,
1.90425,0.0259478688,
1.9045,0.0111362385,
1.90475,0.0080856625,
1.905,0.0032861892,
1.90525,-0.0031834240,
1.9055,-0.0057381298,
1.90575,-0.0051209354,
1.906,0.0098022735,
1.90625,0.0129055455,
1.9065,0.0054610982,
1.90675,0.0022615502,
1.907,0.0013771178,
1.90725,-0.0144451568,
1.9075,-0.0092961555,
1.90775,-0.0177045334,
1.908,-0.0017942557,
1.90825,0.0013849605,
1.9085,-0.0057721748,
1.90875,-0.0081970068,
1.909,0.0098626884,
1.90925,0.0006438535,
1.9095,-0.0102415765,
1.90975,-0.0156573560,
1.91,0.0053271623,
1.91025,-0.0014203124,
1.9105,-0.0212045349,
1.91075,-0.0121519547,
1.911,0.0073602819,
1.91125,0.0001163374,
1.9115,-0.0050338581,
1.91175,0.0027518475,
1.912,0.0107254358,
1.91225,0.0011532217,
1.9125,-0.0179460421,
1.91275,-0.0180292577,
1.913,-0.0144782308,
1.91325,-0.0237138402,
1.9135,-0.0200159866,
1.91375,-0.0089141922,
1.914,0.0067576440,
1.91425,0.0000488580,
1.9145,-0.0067244843,
1.91475,-0.0020909635,
1.915,-0.0074699004,
1.91525,-0.0162811186,
1.9155,-0.0089836512,
1.91575,-0.0006117601,
1.916,0.0002814865,
1.91625,0.0062381988,
1.9165,0.0069003087,
1.91675,0.0097376183,
1.917,0.0047206664,
1.91725,-0.0051383046,
1.9175,-0.0009198113,
1.91775,-0.0098135965,
1.918,-0.0095218327,
1.91825,-0.0091614462,
1.9185,-0.0142234396,
1.91875,-0.0129101817,
1.919,-0.0024766240,
1.91925,-0.0062446892,
1.9195,-0.0110769030,
1.91975,0.0004103546,
1.92,0.0099228229,
1.92025,-0.0045045507,
1.9205,-0.0119154528,
1.92075,0.0005298202,
1.921,0.0109406766,
1.92125,-0.0197526291,
1.9215,-0.0154925864,
1.92175,0.0116747348,
1.922,0.0044156746,
1.92225,-0.0119812218,
1.9225,0.0092067542,
1.92275,0.0227074027,
1.923,0.0051107854,
1.92325,-0.0132316723,
1.9235,0.0034914969,
1.92375,0.0141800465,
1.924,-0.0088720545,
1.92425,-0.0144840488,
1.9245,0.0156352650,
1.92475,0.0083665159,
1.925,-0.0146095473,
1.92525,-0.0067256028,
1.9255,0.0139423693,
1.92575,0.0068841418,
1.926,-0.0095885415,
1.92625,0.0022360450,
1.9265,0.0202180594,
1.92675,0.0029379278,
1.927,-0.0104935570,
1.92725,0.0047985446,
1.9275,0.0111233154,
1.92775,0.0006941796,
1.928,-0.0098068174,
1.92825,-0.0007769076,
1.9285,0.0133205820,
1.92875,0.0057725366,
1.929,-0.0001273486,
1.92925,0.0148006529,
1.9295,0.0207837000,
1.92975,0.0054735271,
1.93,-0.0027724211,
1.93025,-0.0030572095,
1.9305,0.0002481918,
1.93075,-0.0053140190,
1.931,-0.0089769047,
1.93125,0.0013198761,
1.9315,0.0085902708,
1.93175,0.0124711227,
1.932,0.0139955357,
1.93225,0.0134065514,
1.9325,0.0080609731,
1.93275,-0.0011578815,
1.933,-0.0128482981,
1.93325,-0.0173714925,
1.9335,-0.0142993350,
1.93375,-0.0101861181,
1.934,-0.0061968537,
1.93425,0.0015945028,
1.9345,0.0129606966,
1.93475,0.0132928370,
1.935,0.0110429581,
1.93525,0.0027788314,
1.9355,-0.0014341543,
1.93575,-0.0254862737,
1.936,-0.0293558184,
1.93625,-0.0299543664,
1.9365,-0.0204070862,
1.93675,-0.0225895997,
1.937,-0.0025852220,
1.93725,0.0145885274,
1.9375,0.0160774514,
1.93775,0.0019857399,
1.938,-0.0004005013,
1.93825,-0.0145596378,
1.9385,-0.0271084830,
1.93875,-0.0300074369,
1.939,-0.0151401572,
1.93925,0.0027057510,
1.9395,-0.0016853416,
1.93975,0.0001993256,
1.94,0.0046061766,
1.94025,0.0050375694,
1.9405,-0.0171999093,
1.94075,-0.0122564938,
1.941,-0.0078879371,
1.94125,-0.0067826137,
1.9415,-0.0315500833,
1.94175,-0.0223759525,
1.942,0.0013510121,
1.94225,-0.0167139135,
1.9425,-0.0205224659,
1.94275,-0.0223142691,
1.943,-0.0064398507,
1.94325,-0.0196549520,
1.9435,-0.0243232585,
1.94375,-0.0117613086,
1.944,0.0063051023,
1.94425,-0.0118122911,
1.9445,-0.0225524604,
1.94475,0.0018868144,
1.945,0.0143538741,
1.94525,-0.0020723329,
1.9455,-0.0049488614,
1.94575,0.0154530490,
1.946,0.0153717408,
1.94625,-0.0105942227,
1.9465,-0.0150262611,
1.94675,0.0031496892,
1.947,0.0049192850,
1.94725,0.0013074873,
1.9475,0.0085060159,
1.94775,0.0213235710,
1.948,0.0213084593,
1.94825,0.0009167366,
1.9485,0.0014621787,
1.94875,0.0038494112,
1.949,-0.0051456741,
1.94925,-0.0146950912,
1.9495,0.0037248833,
1.94975,-0.0033784253,
1.95,0.0033354040,
1.95025,0.0155614149,
1.9505,0.0136164222,
1.95075,0.0111423163,
1.951,0.0043322109,
1.95125,0.0118773729,
1.9515,0.0101928329,
1.95175,-0.0002527450,
1.952,0.0094761681,
1.95225,0.0195819028,
1.9525,0.0140348310,
1.95275,0.0149206454,
1.953,0.0272899419,
1.95325,0.0198782068,
1.9535,0.0142716048,
1.95375,0.0143178049,
1.954,0.0269464869,
1.95425,0.0186981466,
1.9545,-0.0024046325,
1.95475,0.0132500511,
1.955,0.0185171030,
1.95525,-0.0085754991,
1.9555,-0.0032131441,
1.95575,0.0201643668,
1.956,0.0176730398,
1.95625,-0.0028904104,
1.9565,0.0054351655,
1.95675,0.0263296291,
1.957,0.0162423439,
1.95725,-0.0059045269,
1.9575,0.0102467984,
1.95775,0.0240357053,
1.958,-0.0042277160,
1.95825,-0.0176617540,
1.9585,0.0099817459,
1.95875,0.0139405020,
1.959,-0.0055632186,
1.95925,-0.0033891285,
1.9595,0.0274071116,
1.95975,0.0216472559,
1.96,-0.0058067921,
1.96025,0.0050844997,
1.9605,0.0256961007,
1.96075,0.0028367401,
1.961,-0.0223386660,
1.96125,-0.0033374783,
1.9615,0.0118550090,
1.96175,-0.0004282102,
1.962,-0.0060391352,
1.96225,0.0185439698,
1.9625,0.0180554595,
1.96275,0.0020756228,
1.963,-0.0139888795,
1.96325,-0.0035658111,
1.9635,-0.0033592465,
1.96375,-0.0224715080,
1.964,-0.0134268738,
1.96425,0.0069361320,
1.9645,0.0032963026,
1.96475,-0.0057217637,
1.965,0.0047047893,
1.96525,0.0047035394,
1.9655,-0.0017144693,
1.96575,-0.0082034878,
1.966,-0.0069043022,
1.96625,-0.0097933700,
1.9665,-0.0186112467,
1.96675,-0.0140203834,
1.967,-0.0006106974,
1.96725,-0.0043389271,
1.9675,0.0037026610,
1.96775,0.0138571225,
1.968,0.0140298922,
1.96825,0.0066430224,
1.9685,0.0035384079,
1.96875,-0.0012118403,
1.969,-0.0145529434,
1.96925,-0.0253678337,
1.9695,-0.0226780064,
1.96975,-0.0199784189,
1.97,-0.0150005938,
1.97025,-0.0045448025,
1.9705,0.0068166018,
1.97075,0.0048657930,
1.971,0.0128446296,
1.97125,0.0120571982,
1.9715,0.0035164910,
1.97175,-0.0125553217,
1.972,-0.0118114874,
1.97225,-0.0178593528,
1.9725,-0.0178007372,
1.97275,-0.0091773504,
1.973,0.0090387687,
1.97325,0.0092475172,
1.9735,0.0100276796,
1.97375,0.0060738707,
1.974,0.0049375165,
1.97425,-0.0051053604,
1.9745,-0.0108373128,
1.97475,-0.0114439288,
1.975,-0.0038418244,
1.97525,-0.0053026876,
1.9755,-0.0036535028,
1.97575,0.0002673512,
1.976,0.0087097306,
1.97625,0.0130117927,
1.9765,-0.0029333988,
1.97675,-0.0100621320,
1.977,0.0026094241,
1.97725,0.0037245941,
1.9775,-0.0121245952,
1.97775,0.0002833519,
1.978,0.0266897399,
1.97825,0.0165163912,
1.9785,-0.0073362952,
1.97875,0.0044826670,
1.979,0.0280602537,
1.97925,0.0042698188,
1.9795,-0.0217166021,
1.97975,0.0060723461,
1.98,0.0146501334,
1.98025,-0.0125024337,
1.9805,-0.0120907165,
1.98075,0.0149637079,
1.981,0.0180383027,
1.98125,0.0017676970,
1.9815,-0.0163042396,
1.98175,-0.0147641907,
1.982,0.0039295326,
1.98225,-0.0510566644,
1.9825,-0.0257369429,
1.98275,0.0037142055,
1.983,-0.0202365145,
1.98325,0.0024775625,
1.9835,0.0028427830,
1.98375,0.0112022785,
1.984,-0.0008032748,
1.98425,0.0036942293,
1.9845,0.0112317316,
1.98475,-0.0012126237,
1.985,-0.0163038559,
1.98525,0.0031791255,
1.9855,0.0044753803,
1.98575,-0.0084793894,
1.986,-0.0031624367,
1.98625,0.0087605724,
1.9865,0.0029292025,
1.98675,-0.0071777026,
1.987,-0.0039972793,
1.98725,0.0115495678,
1.9875,-0.0039185341,
1.98775,-0.0097641917,
1.988,0.0099822590,
1.98825,0.0055980599,
1.9885,-0.0121920481,
1.98875,-0.0031534480,
1.989,0.0030076073,
1.98925,-0.0096772248,
1.9895,-0.0209834687,
1.98975,-0.0023278247,
1.99,0.0031063778,
1.99025,-0.0149699319,
1.9905,-0.0120794456,
1.99075,0.0119139105,
1.991,0.0019271837,
1.99125,-0.0181280840,
1.9915,-0.0101757664,
1.99175,0.0068361694,
1.992,-0.0142607838,
1.99225,-0.0309311431,
1.9925,-0.0044505754,
1.99275,0.0124502843,
1.993,-0.0107042193,
1.99325,-0.0162676573,
1.9935,0.0111154607,
1.99375,0.0058703283,
1.994,-0.0182826482,
1.99425,-0.0117624719,
1.9945,0.0041608862,
1.99475,-0.0058962442,
1.995,-0.0208746251,
1.99525,-0.0080818944,
1.9955,0.0090994043,
1.99575,-0.0059470632,
1.996,-0.0155303925,
1.99625,-0.0068471907,
1.9965,-0.0055891126,
1.99675,-0.0174062625,
1.997,-0.0250953529,
1.99725,-0.0120513327,
1.9975,-0.0077164769,
1.99775,-0.0222582091,
1.998,-0.0143634081,
1.99825,0.0003866822,
1.9985,-0.0015056699,
1.99875,-0.0113427686,
1.999,-0.0034739203,
1.99925,-0.0052134884,
1.9995,-0.0102570038,
1.99975,-0.0167526212,
2,-0.0152951740,
2.00025,-0.0063204416,
2.0005,-0.0111384019,
2.00075,-0.0072627412,
2.001,0.0069218865,
2.00125,0.0064294022,
2.0015,0.0084374761,
2.00175,0.0031728109,
2.002,0.0027688141,
2.00225,-0.0084872963,
2.0025,-0.0240583830,
2.00275,-0.0230629835,
2.003,-0.0229145698,
2.00325,-0.0248346645,
2.0035,-0.0126188481,
2.00375,-0.0040425882,
2.004,0.0071363333,
2.00425,0.0093126511,
2.0045,0.0153657505,
2.00475,0.0082207518,
2.005,-0.0015838986,
2.00525,-0.0161666665,
2.0055,-0.0161205214,
2.00575,-0.0222122259,
2.006,-0.0051987432,
2.00625,0.0090546748,
2.0065,0.0173280071,
2.00675,0.0185193848,
2.007,0.0186859984,
2.00725,0.0082700299,
2.0075,-0.0013770418,
2.00775,-0.0114847198,
2.008,0.0012012002,
2.00825,0.0079809325,
2.0085,0.0065238192,
2.00875,0.0192344058,
2.009,0.0247404873,
2.00925,0.0180596001,
2.0095,0.0062585669,
2.00975,0.0070076166,
2.01,0.0066417227,
2.01025,0.0189399999,
2.0105,0.0070312722,
2.01075,0.0168268830,
2.011,0.0145387854,
2.01125,0.0256220773,
2.0115,0.0062156059,
2.01175,0.0075585768,
2.012,0.0199123565,
2.01225,0.0256160088,
2.0125,0.0025768783,
2.01275,0.0040528602,
2.013,0.0254227612,
2.01325,0.0073743528,
2.0135,-0.0147544481,
2.01375,0.0058058701,
2.014,0.0255189389,
2.01425,0.0166922584,
2.0145,0.0046027005,
2.01475,0.0265591480,
2.015,0.0236827992,
2.01525,-0.0034263383,
2.0155,-0.0136805270,
2.01575,0.0125351408,
2.016,0.0096074538,
2.01625,-0.0019745450,
2.0165,0.0168661829,
2.01675,0.0312085636,
2.017,0.0091102617,
2.01725,0.0035201779,
2.0175,0.0122392941,
2.01775,0.0054976922,
2.018,-0.0234362856,
2.01825,-0.0093002170,
2.0185,0.0101210652,
2.01875,-0.0037270864,
2.019,-0.0112296911,
2.01925,0.0117242895,
2.0195,0.0093538333,
2.01975,-0.0141900964,
2.02,-0.0179132596,
2.02025,-0.0017422051,
2.0205,-0.0000133523,
2.02075,-0.0123727638,
2.021,-0.0090833129,
2.02125,0.0090671387,
2.0215,-0.0081306733,
2.02175,-0.0151831247,
2.022,-0.0046791257,
2.02225,0.0056396658,
2.0225,-0.0064222678,
2.02275,-0.0082014697,
2.023,0.0015348067,
2.02325,-0.0021624286,
2.0235,-0.0144752404,
2.02375,-0.0024694642,
2.024,0.0068468284,
2.02425,-0.0066099451,
2.0245,-0.0081735402,
2.02475,0.0083756642,
2.025,0.0021784967,
2.02525,-0.0124632418,
2.0255,-0.0126773734,
2.02575,0.0009276899,
2.026,-0.0136294113,
2.02625,-0.0300568566,
2.0265,-0.0108837513,
2.02675,-0.0050974665,
2.027,-0.0203707367,
2.02725,-0.0138194067,
2.0275,-0.0004741853,
2.02775,-0.0028337934,
2.028,-0.0218451377,
2.02825,-0.0162526853,
2.0285,0.0078847464,
2.02875,-0.0016641681,
2.029,-0.0079494463,
2.02925,0.0122732781,
2.0295,0.0165708773,
2.02975,0.0063473098,
2.03,0.0040895096,
2.03025,0.0159144551,
2.0305,0.0148782842,
2.03075,0.0035193269,
2.031,-0.0005902802,
2.03125,0.0190812796,
2.0315,0.0195238404,
2.03175,0.0114731696,
2.032,0.0199844129,
2.03225,0.0226403605,
2.0325,0.0083361715,
2.03275,0.0013625546,
2.033,0.0043027252,
2.03325,0.0027973838,
2.0335,-0.0010743007,
2.03375,-0.0018823242,
2.034,0.0075598066,
2.03425,0.0143751511,
2.0345,0.0126126176,
2.03475,0.0241903793,
2.035,0.0235395972,
2.03525,0.0182555895,
2.0355,0.0114014475,
2.03575,0.0065799272,
2.036,0.0062624761,
2.03625,0.0005024198,
2.0365,0.0042077955,
2.03675,0.0213144533,
2.037,0.0231313929,
2.03725,0.0211230647,
2.0375,0.0244768262,
2.03775,0.0278000832,
2.038,0.0147480518,
2.03825,0.0028344407,
2.0385,-0.0043080123,
2.03875,-0.0054194615,
2.039,-0.0083490806,
2.03925,-0.0003157005,
2.0395,0.0146533307,
2.03975,0.0212102830,
2.04,0.0226698592,
2.04025,0.0111043835,
2.0405,0.0071370606,
2.04075,0.0007616577,
2.041,-0.0118478723,
2.04125,-0.0121044572,
2.0415,-0.0133112120,
2.04175,-0.0069406917,
2.042,0.0028752841,
2.04225,0.0098619340,
2.0425,0.0091793956,
2.04275,0.0080901589,
2.043,0.0035397485,
2.04325,-0.0041508670,
2.0435,-0.0166865923,
2.04375,-0.0127620706,
2.044,-0.0221144930,
2.04425,-0.0086154342,
2.0445,-0.0167071149,
2.04475,-0.0041988846,
2.045,-0.0096397679,
2.04525,-0.0038952180,
2.0455,-0.0197344739,
2.04575,-0.0143769402,
2.046,-0.0090882294,
2.04625,-0.0152554354,
2.0465,-0.0292519480,
2.04675,-0.0183184855,
2.047,-0.0002350966,
2.04725,-0.0094428975,
2.0475,-0.0073702033,
2.04775,0.0114608034,
2.048,0.0159751177,
2.04825,-0.0101954807,
2.0485,-0.0096953278,
2.04875,-0.0039977310,
2.049,-0.0077197263,
2.04925,-0.0279336069,
2.0495,-0.0187554751,
2.04975,0.0048104753,
2.05,-0.0097041298,
2.05025,-0.0138813835,
2.0505,0.0094907694,
2.05075,0.0092436727,
2.051,-0.0111757582,
2.05125,-0.0171541609,
2.0515,-0.0087636076,
2.05175,-0.0173840355,
2.052,-0.0377377160,
2.05225,-0.0182039551,
2.0525,-0.0046028257,
2.05275,-0.0152866952,
2.053,-0.0114636868,
2.05325,0.0078267297,
2.0535,0.0086944755,
2.05375,-0.0068363775,
2.054,-0.0066612242,
2.05425,-0.0027438125,
2.0545,-0.0084820827,
2.05475,-0.0205820519,
2.055,-0.0108038913,
2.05525,0.0050108558,
2.0555,-0.0002124138,
2.05575,-0.0033128236,
2.056,0.0095362114,
2.05625,0.0123126674,
2.0565,0.0029012808,
2.05675,0.0020828834,
2.057,0.0077662333,
2.05725,0.0054098284,
2.0575,-0.0036116098,
2.05775,-0.0063990941,
2.058,-0.0036601035,
2.05825,-0.0098359827,
2.0585,-0.0087429835,
2.05875,-0.0000966744,
2.059,0.0070401332,
2.05925,0.0043495800,
2.0595,0.0127110332,
2.05975,0.0189054701,
2.06,0.0154588632,
2.06025,0.0094715962,
2.0605,0.0161847360,
2.06075,0.0054418552,
2.061,-0.0104209306,
2.06125,-0.0112926997,
2.0615,0.0051682843,
2.06175,0.0028228592,
2.062,0.0072682952,
2.06225,0.0253079943,
2.0625,0.0328765921,
2.06275,0.0121101746,
2.063,0.0048221396,
2.06325,0.0118049467,
2.0635,-0.0036904993,
2.06375,-0.0148983989,
2.064,-0.0069780932,
2.06425,0.0046059778,
2.0645,0.0032240674,
2.06475,0.0018474185,
2.065,0.0145249153,
2.06525,0.0190470330,
2.0655,0.0037679507,
2.06575,-0.0005880337,
2.066,0.0055162366,
2.06625,-0.0049799173,
2.0665,-0.0104095116,
2.06675,-0.0027804216,
2.067,0.0034000040,
2.06725,0.0071900147,
2.0675,0.0037633567,
2.06775,0.0083498554,
2.068,0.0157227647,
2.06825,0.0097990520,
2.0685,0.0045596389,
2.06875,0.0025605080,
2.069,-0.0054987781,
2.06925,-0.0194201916,
2.0695,-0.0322212242,
2.06975,-0.0168166943,
2.07,-0.0091839219,
2.07025,-0.0068772607,
2.0705,0.0036961599,
2.07075,0.0221452471,
2.071,0.0201501958,
2.07125,0.0108151706,
2.0715,0.0080748685,
2.07175,0.0014009310,
2.072,-0.0200339966,
2.07225,-0.0283787325,
2.0725,-0.0186719336,
2.07275,-0.0071972231,
2.073,-0.0079950802,
2.07325,0.0000454280,
2.0735,0.0075317156,
2.07375,0.0072534783,
2.074,0.0006471602,
2.07425,-0.0018716336,
2.0745,-0.0034185660,
2.07475,-0.0185007546,
2.075,-0.0290944409,
2.07525,-0.0301537085,
2.0755,-0.0270502120,
2.07575,-0.0147463670,
2.076,-0.0074272426,
2.07625,0.0045122057,
2.0765,0.0025864718,
2.07675,-0.0061672721,
2.077,-0.0125487298,
2.07725,-0.0100894719,
2.0775,-0.0183600727,
2.07775,-0.0185749102,
2.078,-0.0082211653,
2.07825,-0.0016871189,
2.0785,-0.0008041001,
2.07875,0.0028047734,
2.079,0.0113186790,
2.07925,0.0068654143,
2.0795,-0.0054919305,
2.07975,-0.0137958843,
2.08,-0.0037060739,
2.08025,-0.0132031357,
2.0805,-0.0090811728,
2.08075,0.0080227787,
2.081,0.0083830431,
2.08125,-0.0053547979,
2.0815,0.0011719469,
2.08175,0.0055381842,
2.082,-0.0047022714,
2.08225,-0.0126986243,
2.0825,-0.0022972960,
2.08275,0.0021399525,
2.083,-0.0174904652,
2.08325,-0.0100325746,
2.0835,0.0159935690,
2.08375,0.0100035919,
2.084,-0.0038247916,
2.08425,0.0155942040,
2.0845,0.0195783712,
2.08475,0.0003776061,
2.085,-0.0080881296,
2.08525,0.0093790265,
2.0855,0.0105569791,
2.08575,-0.0087374719,
2.086,0.0019690241,
2.08625,0.0243285932,
2.0865,0.0202774610,
2.08675,0.0124569507,
2.087,0.0227429811,
2.08725,0.0251796991,
2.0875,0.0053375587,
2.08775,-0.0040107369,
2.088,0.0014100578,
2.08825,0.0080527160,
2.0885,-0.0012907829,
2.08875,0.0009444987,
2.089,0.0154306265,
2.08925,0.0215658564,
2.0895,0.0117633790,
2.08975,0.0145714646,
2.09,0.0231031720,
2.09025,0.0168041270,
2.0905,-0.0007234456,
2.09075,0.0002702249,
2.091,-0.0030301537,
2.09125,-0.0011695010,
2.0915,-0.0002418162,
2.09175,0.0078689242,
2.092,0.0154485125,
2.09225,0.0196273886,
2.0925,0.0146197518,
2.09275,0.0212871823,
2.093,0.0161732454,
2.09325,0.0137658715,
2.0935,0.0061563654,
2.09375,0.0015486495,
2.094,-0.0055411384,
2.09425,0.0050419518,
2.0945,0.0061825621,
2.09475,0.0145875197,
2.095,0.0181822795,
2.09525,0.0340882353,
2.0955,0.0204946660,
2.09575,0.0175548401,
2.096,0.0100769587,
2.09625,0.0221877806,
2.0965,0.0012358853,
2.09675,-0.0048717973,
2.097,0.0105985198,
2.09725,0.0056692818,
2.0975,-0.0014734077,
2.09775,0.0006422189,
2.098,0.0131305540,
2.09825,0.0059201559,
2.0985,-0.0006219845,
2.09875,-0.0091595287,
2.099,0.0125131113,
2.09925,-0.0062643914,
2.0995,-0.0122939274,
2.09975,-0.0059626801,
2.1,-0.0031274767,
2.10025,-0.0117427809,
2.1005,-0.0036901254,
2.10075,0.0092583215,
2.101,0.0205400512,
2.10125,0.0098757111,
2.1015,0.0074301781,
2.10175,0.0107835438,
2.102,-0.0021350568,
2.10225,-0.0178672783,
2.1025,-0.0192301273,
2.10275,-0.0165439248,
2.103,-0.0173455402,
2.10325,-0.0152187832,
2.1035,0.0023544594,
2.10375,0.0228745267,
2.104,0.0196494889,
2.10425,0.0123343281,
2.1045,0.0163018089,
2.10475,0.0100663379,
2.105,-0.0172081478,
2.10525,-0.0238770917,
2.1055,-0.0123437680,
2.10575,-0.0121608302,
2.106,-0.0212092660,
2.10625,-0.0092432452,
2.1065,0.0141583774,
2.10675,0.0135643883,
2.107,0.0080107935,
2.10725,0.0091365799,
2.1075,0.0073733432,
2.10775,-0.0119863935,
2.108,-0.0305987708,
2.10825,-0.0134849939,
2.1085,-0.0037647174,
2.10875,0.0000757375,
2.109,0.0094257519,
2.10925,0.0217094850,
2.1095,0.0132618304,
2.10975,-0.0017488783,
2.11,-0.0044804737,
2.11025,0.0036699499,
2.1105,-0.0053740856,
2.11075,-0.0108868722,
2.111,-0.0020219255,
2.11125,-0.0295758527,
2.1115,-0.0042916993,
2.11175,0.0023316811,
2.112,0.0113139628,
2.11225,0.0050965887,
2.1125,-0.0029953511,
2.11275,-0.0064107813,
2.113,0.0066155344,
2.11325,0.0036984705,
2.1135,0.0052579371,
2.11375,0.0132614579,
2.114,0.0143989278,
2.11425,0.0071827904,
2.1145,0.0100274310,
2.11475,0.0163858589,
2.115,0.0071225492,
2.11525,0.0010124337,
2.1155,0.0052181031,
2.11575,0.0055135926,
2.116,-0.0099274199,
2.11625,-0.0051107910,
2.1165,0.0155302733,
2.11675,0.0175747294,
2.117,0.0027857944,
2.11725,0.0191726461,
2.1175,0.0286087282,
2.11775,0.0104964431,
2.118,-0.0038257143,
2.11825,0.0116959438,
2.1185,0.0204858556,
2.11875,-0.0055242339,
2.119,-0.0018316746,
2.11925,0.0278258156,
2.1195,0.0223133247,
2.11975,0.0014347903,
2.12,0.0150847584,
2.12025,0.0247200020,
2.1205,0.0044927890,
2.12075,-0.0113849137,
2.121,0.0064190803,
2.12125,0.0117454454,
2.1215,-0.0088317115,
2.12175,-0.0002263311,
2.122,0.0195387565,
2.12225,0.0153564392,
2.1225,0.0004873816,
2.12275,0.0115392618,
2.123,0.0176070351,
2.12325,0.0014756117,
2.1235,-0.0182976034,
2.12375,-0.0003336061,
2.124,0.0057282140,
2.12425,-0.0161568150,
2.1245,-0.0144346077,
2.12475,0.0022386927,
2.125,-0.0038397526,
2.12525,-0.0042785620,
2.1255,0.0017864571,
2.12575,0.0026673032,
2.126,0.0021178117,
2.12625,-0.0056848153,
2.1265,-0.0015409859,
2.12675,-0.0102002127,
2.127,-0.0180153139,
2.12725,-0.0178817492,
2.1275,-0.0151959583,
2.12775,-0.0253179744,
2.128,-0.0178235937,
2.12825,-0.0103298817,
2.1285,-0.0110669145,
2.12875,-0.0174200796,
2.129,-0.0067915805,
2.12925,-0.0055225235,
2.1295,-0.0190075170,
2.12975,-0.0362365693,
2.13,-0.0309181679,
2.13025,-0.0242072176,
2.1305,-0.0359401181,
2.13075,-0.0225956999,
2.131,0.0016082458,
2.13125,-0.0012014285,
2.1315,-0.0142262839,
2.13175,-0.0133480150,
2.132,-0.0054242508,
2.13225,-0.0146988919,
2.1325,-0.0307836104,
2.13275,-0.0164719541,
2.133,-0.0041192388,
2.13325,-0.0199986156,
2.1335,-0.0251522735,
2.13375,-0.0032939957,
2.134,0.0028633073,
2.13425,-0.0125528332,
2.1345,-0.0133732148,
2.13475,0.0001466389,
2.135,0.0039275372,
2.13525,-0.0159584284,
2.1355,-0.0113672130,
2.13575,-0.0053042872,
2.136,-0.0109783858,
2.13625,-0.0186465047,
2.1365,-0.0114494609,
2.13675,0.0036934272,
2.137,0.0104847327,
2.13725,0.0070768432,
2.1375,0.0113491472,
2.13775,0.0172921158,
2.138,0.0081891585,
2.13825,-0.0138218962,
2.1385,-0.0109848203,
2.13875,-0.0042888564,
2.139,-0.0178923886,
2.13925,-0.0147301499,
2.1395,0.0030309542,
2.13975,0.0064689983,
2.14,0.0023398094,
2.14025,0.0063245958,
2.1405,0.0244310200,
2.14075,0.0187420119,
2.141,-0.0007325044,
2.14125,-0.0007963791,
2.1415,0.0077627692,
2.14175,-0.0119651854,
2.142,-0.0131883342,
2.14225,0.0188510269,
2.1425,0.0261849165,
2.14275,0.0214202404,
2.143,0.0070574721,
2.14325,0.0294421036,
2.1435,0.0155245988,
2.14375,-0.0018745058,
2.144,-0.0137242870,
2.14425,0.0117694298,
2.1445,-0.0002061907,
2.14475,-0.0018144537,
2.145,0.0051365802,
2.14525,0.0165933482,
2.1455,0.0128775779,
2.14575,-0.0103101153,
2.146,-0.0061461986,
2.14625,-0.0049973782,
2.1465,-0.0121629974,
2.14675,-0.0190422386,
2.147,0.0024558858,
2.14725,0.0063551445,
2.1475,0.0078838551,
2.14775,0.0066639781,
2.148,0.0098500224,
2.14825,0.0046900967,
2.1485,-0.0116320737,
2.14875,-0.0085961781,
2.149,-0.0119901896,
2.14925,-0.0144891459,
2.1495,-0.0013512810,
2.14975,0.0032632982,
2.15,-0.0066486103,
2.15025,-0.0004286289,
2.1505,0.0119195711,
2.15075,0.0032309736,
2.151,-0.0130061079,
2.15125,-0.0089044608,
2.1515,0.0058676032,
2.15175,-0.0154930875,
2.152,-0.0266594049,
2.15225,-0.0053992891,
2.1525,0.0055106725,
2.15275,-0.0146467192,
2.153,-0.0129673872,
2.15325,0.0104842186,
2.1535,0.0062573520,
2.15375,-0.0227425229,
2.154,-0.0121257836,
2.15425,0.0111114150,
2.1545,-0.0091590490,
2.15475,-0.0250427965,
2.155,0.0034176274,
2.15525,0.0086344853,
2.1555,-0.0127001675,
2.15575,-0.0108913044,
2.156,0.0091037713,
2.15625,0.0054713013,
2.1565,-0.0174853820,
2.15675,-0.0144942207,
2.157,0.0110309478,
2.15725,-0.0023930455,
2.1575,-0.0234172121,
2.15775,-0.0023880063,
2.158,0.0122522637,
2.15825,-0.0088179195,
2.1585,-0.0125447363,
2.15875,0.0044299648,
2.159,0.0073221987,
2.15925,-0.0102665965,
2.1595,-0.0088438690,
2.15975,0.0092814639,
2.16,-0.0017412972,
2.16025,-0.0114010470,
2.1605,-0.0005764866,
2.16075,0.0045237578,
2.161,-0.0070450008,
2.16125,-0.0088815121,
2.1615,0.0038812102,
2.16175,-0.0011014703,
2.162,-0.0069980440,
2.16225,0.0003650754,
2.1625,0.0060294480,
2.16275,-0.0045417114,
2.163,-0.0052167792,
2.16325,0.0035463460,
2.1635,-0.0001025384,
2.16375,0.0005993935,
2.164,0.0062929792,
2.16425,0.0181376021,
2.1645,0.0057040909,
2.16475,0.0054866653,
2.165,0.0133169405,
2.16525,0.0086472193,
2.1655,0.0037777391,
2.16575,0.0046167108,
2.166,0.0123851914,
2.16625,0.0079729166,
2.1665,0.0038015214,
2.16675,0.0037993465,
2.167,0.0170866847,
2.16725,0.0064375508,
2.1675,0.0060240347,
2.16775,0.0120458826,
2.168,0.0215925816,
2.16825,0.0080513125,
2.1685,0.0058224029,
2.16875,0.0078362739,
2.169,0.0082646664,
2.16925,-0.0103623690,
2.1695,-0.0048917443,
2.16975,0.0047346964,
2.17,0.0072510378,
2.17025,0.0057149683,
2.1705,0.0134035386,
2.17075,0.0209333114,
2.171,0.0126633905,
2.17125,0.0096990801,
2.1715,0.0062394198,
2.17175,-0.0012362109,
2.172,-0.0121436659,
2.17225,-0.0243911818,
2.1725,-0.0158561356,
2.17275,-0.0065425225,
2.173,-0.0111685144,
2.17325,0.0037438099,
2.1735,0.0220138691,
2.17375,0.0247650295,
2.174,0.0154029950,
2.17425,0.0052251550,
2.1745,0.0016002988,
2.17475,-0.0027220256,
2.175,-0.0211266167,
2.17525,-0.0143011836,
2.1755,0.0105331652,
2.17575,0.0027168547,
2.176,0.0037795932,
2.17625,-0.0044303080,
2.1765,0.0104611106,
2.17675,-0.0035019172,
2.177,-0.0230014902,
2.17725,-0.0138583649,
2.1775,0.0001649920,
2.17775,-0.0133516090,
2.178,-0.0044021010,
2.17825,0.0130108697,
2.1785,0.0145973070,
2.17875,-0.0020773381,
2.179,-0.0060691875,
2.17925,0.0016143122,
2.1795,-0.0015477434,
2.17975,-0.0105885565,
2.18,0.0051894807,
2.18025,0.0171844419,
2.1805,0.0081476178,
2.18075,0.0005068318,
2.181,0.0114557846,
2.18125,0.0152207818,
2.1815,0.0031488026,
2.18175,0.0009217497,
2.182,0.0153522650,
2.18225,0.0091935247,
2.1825,-0.0024696591,
2.18275,0.0024778352,
2.183,0.0052110832,
2.18325,0.0024828271,
2.1835,0.0014994172,
2.18375,0.0115970420,
2.184,0.0101393647,
2.18425,0.0030740330,
2.1845,0.0091767600,
2.18475,0.0028602532,
2.185,-0.0148602538,
2.18525,-0.0132034812,
2.1855,0.0030165501,
2.18575,-0.0045746937,
2.186,-0.0110951234,
2.18625,0.0070362487,
2.1865,0.0173402149,
2.18675,-0.0014254497,
2.187,-0.0149131548,
2.18725,0.0070298440,
2.1875,0.0076244730,
2.18775,-0.0228358731,
2.188,-0.0095321275,
2.18825,0.0206074417,
2.1885,0.0026888784,
2.18875,-0.0089418376,
2.189,0.0139969457,
2.18925,0.0204024054,
2.1895,-0.0073409732,
2.18975,-0.0138073135,
2.19,0.0096259564,
2.19025,0.0084832851,
2.1905,-0.0203801021,
2.19075,-0.0150043983,
2.191,0.0131746111,
2.19125,-0.0061285193,
2.1915,-0.0332454033,
2.19175,-0.0101489909,
2.192,0.0071805338,
2.19225,-0.0104045514,
2.1925,-0.0177072529,
2.19275,0.0041207480,
2.193,0.0116241761,
2.19325,-0.0099509303,
2.1935,-0.0141474642,
2.19375,0.0020271053,
2.194,-0.0051010465,
2.19425,-0.0169631131,
2.1945,-0.0135516133,
2.19475,-0.0014082924,
2.195,-0.0070664715,
2.19525,-0.0075769387,
2.1955,0.0000413214,
2.19575,0.0033624496,
2.196,-0.0023672734,
2.19625,-0.0034726423,
2.1965,-0.0022810278,
2.19675,-0.0051794872,
2.197,-0.0120297922,
2.19725,-0.0118066873,
2.1975,-0.0090026194,
2.19775,-0.0141202528,
2.198,-0.0124884360,
2.19825,-0.0017790521,
2.1985,-0.0036079776,
2.19875,0.0012541262,
2.199,0.0116490982,
2.19925,0.0058499449,
2.1995,0.0013317215,
2.19975,-0.0003450515,
2.2,-0.0000508540,
2.20025,-0.0027247167,
2.2005,-0.0038953407,
2.20075,0.0061805928,
2.201,0.0172913726,
2.20125,0.0112711722,
2.2015,0.0105269738,
2.20175,0.0130172577,
2.202,0.0104170498,
2.20225,-0.0041584433,
2.2025,-0.0068604136,
2.20275,-0.0009726207,
2.203,-0.0016551896,
2.20325,-0.0088385940,
2.2035,0.0019357421,
2.20375,0.0123079494,
2.204,0.0106115863,
2.20425,0.0077524763,
2.2045,0.0167418718,
2.20475,0.0077710603,
2.205,-0.0021852767,
2.20525,-0.0158182532,
2.2055,-0.0078913169,
2.20575,-0.0110055245,
2.206,-0.0053122463,
2.20625,0.0030819969,
2.2065,0.0229569264,
2.20675,0.0171681810,
2.207,0.0165316090,
2.20725,0.0131878983,
2.2075,0.0096670706,
2.20775,-0.0104129761,
2.208,-0.0199160073,
2.20825,-0.0244657416,
2.2085,-0.0188969243,
2.20875,-0.0164599363,
2.209,-0.0029144657,
2.20925,0.0051480415,
2.2095,0.0179951899,
2.20975,0.0024146629,
2.21,0.0023212859,
2.21025,-0.0176772773,
2.2105,-0.0138160735,
2.21075,-0.0331845172,
2.211,-0.0202556793,
2.21125,-0.0245428570,
2.2115,-0.0074331947,
2.21175,-0.0030919116,
2.212,-0.0027932052,
2.21225,0.0002968496,
2.2125,-0.0101100514,
2.21275,-0.0326011293,
2.213,-0.0386073366,
2.21325,-0.0080445986,
2.2135,-0.0279185809,
2.21375,-0.0123983147,
2.214,-0.0071404055,
2.21425,0.0084416149,
2.2145,-0.0069770506,
2.21475,-0.0124573437,
2.215,-0.0057539269,
2.21525,0.0004210192,
2.2155,-0.0203242730,
2.21575,-0.0234901458,
2.216,-0.0078063267,
2.21625,-0.0101516675,
2.2165,-0.0115424106,
2.21675,-0.0116273854,
2.217,0.0013429858,
2.21725,0.0031029861,
2.2175,-0.0032577333,
2.21775,-0.0038274818,
2.218,-0.0049629752,
2.21825,-0.0075591551,
2.2185,-0.0031673592,
2.21875,-0.0009755160,
2.219,-0.0019389986,
2.21925,0.0108610969,
2.2195,0.0188318212,
2.21975,0.0166754145,
2.22,0.0071232384,
2.22025,0.0122198407,
2.2205,0.0141972154,
2.22075,-0.0015753619,
2.221,-0.0138378497,
2.22125,0.0030230288,
2.2215,0.0134913521,
2.22175,-0.0071639959,
2.222,0.0028028777,
2.22225,0.0225089677,
2.2225,0.0130991191,
2.22275,-0.0062963529,
2.223,0.0078290328,
2.22325,0.0162107553,
2.2235,0.0005271098,
2.22375,-0.0053253444,
2.224,0.0132685658,
2.22425,0.0174492057,
2.2245,-0.0067297160,
2.22475,0.0039586527,
2.225,0.0312581025,
2.22525,0.0117781023,
2.2255,-0.0067868344,
2.22575,0.0178284105,
2.226,0.0286245793,
2.22625,-0.0004996030,
2.2265,-0.0057676942,
2.22675,0.0204175916,
2.227,0.0150783081,
2.22725,-0.0180524904,
2.2275,-0.0101088770,
2.22775,0.0075075491,
2.228,-0.0042151795,
2.22825,-0.0130386297,
2.2285,0.0114905192,
2.22875,0.0193849672,
2.229,0.0068349768,
2.22925,0.0071812896,
2.2295,0.0158820748,
2.22975,0.0108257448,
2.23,-0.0036704482,
2.23025,-0.0036614626,
2.2305,-0.0049208449,
2.23075,-0.0133177619,
2.231,-0.0136096179,
2.23125,-0.0060507627,
2.2315,0.0075875549,
2.23175,0.0086595500,
2.232,0.0141134532,
2.23225,0.0107970415,
2.2325,-0.0041854447,
2.23275,-0.0078486223,
2.233,-0.0154019166,
2.23325,-0.0229795389,
2.2335,-0.0189137459,
2.23375,-0.0112345405,
2.234,-0.0048955958,
2.23425,-0.0033684713,
2.2345,0.0025156112,
2.23475,0.0101202577,
2.235,0.0001391519,
2.23525,-0.0131114051,
2.2355,-0.0161654670,
2.23575,-0.0139349522,
2.236,-0.0181766152,
2.23625,-0.0179424491,
2.2365,-0.0018268458,
2.23675,0.0142474426,
2.237,0.0104414122,
2.23725,0.0064073866,
2.2375,0.0207364447,
2.23775,0.0181512218,
2.238,-0.0016721456,
2.23825,-0.0052976264,
2.2385,0.0003273385,
2.23875,-0.0135390460,
2.239,-0.0211583916,
2.23925,-0.0080838511,
2.2395,0.0062519861,
2.23975,0.0050660246,
2.24,0.0085762227,
2.24025,0.0238692313,
2.2405,0.0251026340,
2.24075,0.0031643040,
2.241,-0.0082158679,
2.24125,-0.0067717419,
2.2415,-0.0182855576,
2.24175,-0.0272366889,
2.242,-0.0120296041,
2.24225,0.0044938545,
2.2425,0.0044296235,
2.24275,0.0118097086,
2.243,0.0138239153,
2.24325,0.0183683205,
2.2435,0.0054764040,
2.24375,0.0076395455,
2.244,-0.0002297440,
2.24425,-0.0076540615,
2.2445,-0.0152830854,
2.24475,-0.0056165690,
2.245,0.0013677286,
2.24525,0.0101651074,
2.2455,0.0164244100,
2.24575,0.0152710862,
2.246,0.0221299231,
2.24625,0.0112754805,
2.2465,0.0007293797,
2.24675,-0.0003901316,
2.247,0.0079955393,
2.24725,0.0029194856,
2.2475,0.0027465809,
2.24775,0.0084250662,
2.248,0.0211837888,
2.24825,0.0183611289,
2.2485,0.0065896930,
2.24875,0.0133640766,
2.249,0.0187152885,
2.24925,0.0085439943,
2.2495,-0.0032209281,
2.24975,0.0077762287,
2.25,0.0178779885,
2.25025,0.0165113639,
2.2505,0.0118176751,
2.25075,0.0213697106,
2.251,0.0241158642,
2.25125,0.0107902158,
2.2515,0.0067359274,
2.25175,0.0056344438,
2.252,0.0040488970,
2.25225,0.0060155960,
2.2525,0.0023774439,
2.25275,0.0047240062,
2.253,0.0068372255,
2.25325,0.0133974841,
2.2535,0.0120731741,
2.25375,0.0076765474,
2.254,0.0033832525,
2.25425,0.0080643138,
2.2545,0.0027879302,
2.25475,-0.0052926857,
2.255,0.0023005777,
2.25525,0.0166188143,
2.2555,0.0085559655,
2.25575,0.0064433529,
2.256,0.0183573216,
2.25625,0.0209656265,
2.2565,0.0045718588,
2.25675,0.0029824313,
2.257,0.0151579101,
2.25725,0.0023851038,
2.2575,-0.0117825391,
2.25775,-0.0034924103,
2.258,0.0081659164,
2.25825,-0.0071423827,
2.2585,-0.0140038552,
2.25875,0.0109987874,
2.259,0.0107466010,
2.25925,-0.0163185280,
2.2595,-0.0127650835,
2.25975,0.0100598661,
2.26,-0.0027185557,
2.26025,-0.0218043998,
2.2605,-0.0053097811,
2.26075,0.0131036807,
2.261,-0.0064164205,
2.26125,-0.0122879269,
2.2615,0.0093371384,
2.26175,0.0130395554,
2.262,-0.0078630615,
2.26225,-0.0066953860,
2.2625,0.0097397855,
2.26275,-0.0017026933,
2.263,-0.0134007744,
2.26325,-0.0080005089,
2.2635,-0.0044332142,
2.26375,-0.0136334971,
2.264,-0.0256410316,
2.26425,-0.0111979628,
2.2645,-0.0075157853,
2.26475,-0.0178011581,
2.265,-0.0159619246,
2.26525,-0.0029690729,
2.2655,-0.0079234056,
2.26575,-0.0139282439,
2.266,-0.0115710367,
2.26625,-0.0056867930,
2.2665,-0.0155918859,
2.26675,-0.0168226622,
2.267,-0.0168119445,
2.26725,-0.0091010602,
2.2675,-0.0086590182,
2.26775,0.0013487797,
2.268,0.0053681443,
2.26825,0.0002710946,
2.2685,0.0008223960,
2.26875,-0.0044988263,
2.269,-0.0109008709,
2.26925,-0.0218987241,
2.2695,-0.0181256942,
2.26975,-0.0093217306,
2.27,-0.0069489093,
2.27025,-0.0047477284,
2.2705,0.0167029835,
2.27075,0.0252174940,
2.271,0.0115438737,
2.27125,0.0087276902,
2.2715,0.0099386089,
2.27175,-0.0099106506,
2.272,-0.0283170007,
2.27225,-0.0216240268,
2.2725,-0.0090307072,
2.27275,-0.0124394428,
2.273,-0.0046411548,
2.27325,0.0211643334,
2.2735,0.0240710713,
2.27375,0.0150281424,
2.274,0.0141291749,
2.27425,0.0176777430,
2.2745,-0.0028841698,
2.27475,-0.0201683566,
2.275,-0.0193947479,
2.27525,-0.0150689948,
2.2755,-0.0215080045,
2.27575,-0.0077598998,
2.276,0.0146258799,
2.27625,0.0237891842,
2.2765,0.0198377743,
2.27675,0.0182916727,
2.277,0.0087531023,
2.27725,-0.0052159494,
2.2775,-0.0207144991,
2.27775,-0.0213825107,
2.278,-0.0082591064,
2.27825,0.0012018945,
2.2785,0.0106693907,
2.27875,0.0059798122,
2.279,0.0114796404,
2.27925,0.0015574741,
2.2795,-0.0183861367,
2.27975,-0.0109334048,
2.28,0.0050654351,
2.28025,-0.0175309442,
2.2805,-0.0139893694,
2.28075,0.0016114245,
2.281,0.0116531840,
2.28125,-0.0138437329,
2.2815,-0.0051507126,
2.28175,0.0074687004,
2.282,0.0179452337,
2.28225,-0.0035706437,
2.2825,0.0034961598,
2.28275,0.0225306675,
2.283,0.0126644708,
2.28325,0.0013485304,
2.2835,0.0065544900,
2.28375,0.0155498963,
2.284,0.0048694611,
2.28425,-0.0088554826,
2.2845,-0.0019312726,
2.28475,0.0118502732,
2.285,-0.0076830569,
2.28525,-0.0148842772,
2.2855,-0.0059732934,
2.28575,-0.0034369682,
2.286,-0.0038131797,
2.28625,-0.0003151709,
2.2865,0.0111589683,
2.28675,0.0188156422,
2.287,0.0091893962,
2.28725,0.0027007123,
2.2875,0.0031360732,
2.28775,-0.0016982930,
2.288,-0.0020730551,
2.28825,0.0028099518,
2.2885,0.0070563289,
2.28875,0.0088614020,
2.289,0.0146631571,
2.28925,0.0153951989,
2.2895,0.0011644929,
2.28975,-0.0086137326,
2.29,-0.0063720881,
2.29025,-0.0129139591,
2.2905,-0.0230681784,
2.29075,-0.0105563886,
2.291,0.0005519355,
2.29125,-0.0053263265,
2.2915,-0.0115305409,
2.29175,-0.0031368500,
2.292,0.0016314663,
2.29225,-0.0133921672,
2.2925,-0.0128741665,
2.29275,-0.0008917977,
2.293,-0.0073052617,
2.29325,-0.0205338113,
2.2935,-0.0021735397,
2.29375,0.0048051695,
2.294,-0.0107667213,
2.29425,-0.0090054655,
2.2945,0.0071144458,
2.29475,0.0042274157,
2.295,-0.0154679492,
2.29525,-0.0053477455,
2.2955,0.0108764917,
2.29575,-0.0045000482,
2.296,-0.0198038276,
2.29625,0.0005390323,
2.2965,0.0008131453,
2.29675,-0.0185387135,
2.297,-0.0141684748,
2.29725,-0.0010818983,
2.2975,0.0015585659,
2.29775,-0.0106657203,
2.298,-0.0098755732,
2.29825,0.0062763230,
2.2985,-0.0006358363,
2.29875,-0.0148781706,
2.299,0.0012884191,
2.29925,0.0031722286,
2.2995,-0.0115870126,
2.29975,-0.0128337797,
2.3,-0.0066547878,
2.30025,-0.0050692745,
2.3005,0.0007123661,
2.30075,0.0056671514,
2.301,0.0199065898,
2.30125,0.0120837875,
2.3015,0.0073964330,
2.30175,0.0062616235,
2.302,-0.0006168804,
2.30225,-0.0040834816,
2.3025,-0.0041721677,
2.30275,0.0021708393,
2.303,0.0076762354,
2.30325,0.0095138652,
2.3035,0.0120629482,
2.30375,0.0228355713,
2.304,0.0135331154,
2.30425,0.0032898330,
2.3045,0.0074448483,
2.30475,0.0053864717,
2.305,-0.0041895192,
2.30525,-0.0037804917,
2.3055,0.0057821022,
2.30575,0.0075957323,
2.306,0.0086656995,
2.30625,0.0181513801,
2.3065,0.0306768753,
2.30675,0.0244383048,
2.307,0.0282604080,
2.30725,0.0265830383,
2.3075,0.0165000893,
2.30775,0.0000415630,
2.308,0.0005083745,
2.30825,0.0035852524,
2.3085,-0.0030372790,
2.30875,0.0066028163,
2.309,0.0256040096,
2.30925,0.0273508001,
2.3095,0.0140468767,
2.30975,0.0197538715,
2.31,0.0201329049,
2.31025,0.0005413672,
2.3105,-0.0069867149,
2.31075,-0.0035194149,
2.311,-0.0044368147,
2.31125,-0.0126317348,
2.3115,0.0033962682,
2.31175,0.0142981494,
2.312,0.0199717730,
2.31225,0.0093858521,
2.3125,0.0168563593,
2.31275,0.0006424573,
2.313,-0.0030004350,
2.31325,-0.0041138781,
2.3135,-0.0041686092,
2.31375,0.0058836951,
2.314,0.0105304038,
2.31425,0.0107654184,
2.3145,0.0108660711,
2.31475,0.0177223496,
2.315,0.0048756152,
2.31525,0.0007057377,
2.3155,-0.0124700423,
2.31575,0.0012293778,
2.316,0.0010214678,
2.31625,-0.0066707279,
2.3165,-0.0023983065,
2.31675,0.0174135920,
2.317,0.0045706076,
2.31725,-0.0107538458,
2.3175,-0.0001743444,
2.31775,0.0057623507,
2.318,-0.0070449575,
2.31825,-0.0244436078,
2.3185,-0.0054401308,
2.31875,0.0037925430,
2.319,-0.0125168059,
2.31925,-0.0138952341,
2.3195,0.0058826106,
2.31975,0.0098299701,
2.32,-0.0018089518,
2.32025,-0.0092937592,
2.3205,-0.0021015296,
2.32075,0.0018472006,
2.321,-0.0129797952,
2.32125,-0.0094361771,
2.3215,-0.0001016324,
2.32175,0.0015215760,
2.322,-0.0067644655,
2.32225,-0.0009761414,
2.3225,0.0038431841,
2.32275,-0.0023273760,
2.323,-0.0072929268,
2.32325,-0.0038770833,
2.3235,-0.0115462570,
2.32375,-0.0154097667,
2.324,-0.0001938826,
2.32425,0.0041498845,
2.3245,0.0034457236,
2.32475,0.0084715420,
2.325,0.0089395493,
2.32525,0.0042454908,
2.3255,-0.0043628798,
2.32575,-0.0023601511,
2.326,-0.0001891289,
2.32625,-0.0131374430,
2.3265,-0.0093988664,
2.32675,0.0044076634,
2.327,-0.0039658779,
2.32725,-0.0100343805,
2.3275,0.0056552114,
2.32775,0.0088821035,
2.328,-0.0065631703,
2.32825,-0.0067635528,
2.3285,0.0088347895,
2.32875,0.0100788148,
2.329,-0.0116456626,
2.32925,0.0013160541,
2.3295,0.0227845609,
2.32975,-0.0023011672,
2.33,-0.0122511834,
2.33025,0.0138912015,
2.3305,0.0168762803,
2.33075,-0.0001466567,
2.331,0.0034591309,
2.33125,0.0175046399,
2.3315,0.0231323764,
2.33175,-0.0006785927,
2.332,0.0037163033,
2.33225,0.0278379284,
2.3325,0.0054412386,
2.33275,-0.0110477731,
2.333,-0.0011984815,
2.33325,0.0048889257,
2.3335,-0.0083279712,
2.33375,-0.0031275977,
2.334,0.0102329515,
2.33425,0.0232443493,
2.3345,0.0092384228,
2.33475,0.0080182580,
2.335,0.0129674785,
2.33525,0.0005718842,
2.3355,-0.0146633312,
2.33575,-0.0172620565,
2.336,-0.0133889085,
2.33625,-0.0050535323,
2.3365,-0.0050148489,
2.33675,0.0036982473,
2.337,0.0147198997,
2.33725,0.0147330705,
2.3375,0.0036075248,
2.33775,0.0016299299,
2.338,-0.0040002125,
2.33825,-0.0060229478,
2.3385,-0.0118140364,
2.33875,-0.0053855632,
2.339,-0.0089138150,
2.33925,-0.0001886991,
2.3395,0.0017795989,
2.33975,0.0107333018,
2.34,0.0065426650,
2.34025,0.0199487396,
2.3405,0.0069825952,
2.34075,-0.0086084185,
2.341,-0.0123443073,
2.34125,-0.0220751241,
2.3415,-0.0292847287,
2.34175,-0.0375111997,
2.342,-0.0266277883,
2.34225,-0.0100158919,
2.3425,-0.0078492230,
2.34275,-0.0099839494,
2.343,0.0079588341,
2.34325,0.0036788145,
2.3435,-0.0085152062,
2.34375,-0.0173939690,
2.344,-0.0158179197,
2.34425,-0.0246621296,
2.3445,-0.0288085900,
2.34475,-0.0099291792,
2.345,0.0100737177,
2.34525,0.0106004486,
2.3455,0.0055326805,
2.34575,0.0092103062,
2.346,-0.0040744245,
2.34625,-0.0181563813,
2.3465,-0.0204332806,
2.34675,-0.0090231663,
2.347,-0.0089501068,
2.34725,-0.0131502915,
2.3475,-0.0121020889,
2.34775,-0.0042815185,
2.348,-0.0043418426,
2.34825,-0.0185133629,
2.3485,-0.0131668318,
2.34875,-0.0024984565,
2.349,-0.0117145926,
2.34925,-0.0111552598,
2.3495,-0.0059956550,
2.34975,0.0079073599,
2.35,0.0052865809,
2.35025,-0.0111972401,
2.3505,-0.0065158112,
2.35075,0.0113918902,
2.351,0.0019448891,
2.35125,-0.0091596283,
2.3515,-0.0038799772,
2.35175,0.0061425013,
2.352,-0.0095969038,
2.35225,-0.0210342333,
2.3525,-0.0075905304,
2.35275,0.0136035793,
2.353,0.0033621010,
2.35325,-0.0047822935,
2.3535,0.0070141032,
2.35375,0.0092252633,
2.354,-0.0073090899,
2.35425,-0.0161367450,
2.3545,-0.0020729727,
2.35475,0.0038554370,
2.355,-0.0022708829,
2.35525,0.0001068203,
2.3555,0.0174468774,
2.35575,0.0246331748,
2.356,0.0100140693,
2.35625,0.0048252651,
2.3565,0.0101701524,
2.35675,-0.0026057805,
2.357,-0.0045349873,
2.35725,0.0061450270,
2.3575,0.0101215122,
2.35775,0.0063019316,
2.358,0.0095081590,
2.35825,0.0069644805,
2.3585,0.0051177344,
2.35875,0.0012030462,
2.359,-0.0001967754,
2.35925,-0.0015835710,
2.3595,-0.0098594353,
2.35975,-0.0045791180,
2.36,-0.0031762035,
2.36025,-0.0071827238,
2.3605,-0.0024385117,
2.36075,0.0047148336,
2.361,0.0002005018,
2.36125,-0.0105272597,
2.3615,0.0053753983,
2.36175,0.0131680639,
2.362,0.0013573011,
2.36225,-0.0037332028,
2.3625,0.0102204066,
2.36275,0.0128743239,
2.363,-0.0144841289,
2.36325,-0.0096196765,
2.3635,0.0156754684,
2.36375,0.0069771325,
2.364,-0.0109559624,
2.36425,0.0035449774,
2.3645,0.0202665366,
2.36475,-0.0034145124,
2.365,-0.0165815391,
2.36525,-0.0010500806,
2.3655,0.0148313483,
2.36575,-0.0171188936,
2.366,-0.0265036300,
2.36625,0.0023689996,
2.3665,-0.0049023116,
2.36675,-0.0285629220,
2.367,-0.0185564756,
2.36725,0.0076446990,
2.3675,-0.0024193551,
2.36775,-0.0212281588,
2.368,-0.0041610580,
2.36825,0.0161180664,
2.3685,-0.0090746833,
2.36875,-0.0212417133,
2.369,-0.0032505440,
2.36925,0.0013479125,
2.3695,-0.0141487010,
2.36975,-0.0125994431,
2.37,0.0069441176,
2.37025,0.0217156839,
2.3705,0.0062143016,
2.37075,0.0054981564,
2.371,0.0117281266,
2.37125,0.0079912208,
2.3715,-0.0113491081,
2.37175,-0.0153414635,
2.372,-0.0085883178,
2.37225,-0.0110329352,
2.3725,-0.0118078254,
2.37275,-0.0040698871,
2.373,0.0026180018,
2.37325,0.0137870712,
2.3735,0.0158902407,
2.37375,0.0079916921,
2.374,-0.0029997244,
2.37425,-0.0090650022,
2.3745,-0.0146325193,
2.37475,-0.0221897922,
2.375,-0.0230816659,
2.37525,-0.0103422636,
2.3755,0.0048662378,
2.37575,0.0032472452,
2.376,0.0130374786,
2.37625,0.0248283297,
2.3765,0.0261487886,
2.37675,0.0117647070,
2.377,0.0022692385,
2.37725,-0.0080813337,
2.3775,-0.0259866156,
2.37775,-0.0398036018,
2.378,-0.0254920498,
2.37825,-0.0086716525,
2.3785,-0.0012694551,
2.37875,0.0159265399,
2.379,0.0317291245,
2.37925,0.0182736181,
2.3795,0.0073982226,
2.37975,-0.0011423468,
2.38,-0.0086873807,
2.38025,-0.0177413765,
2.3805,-0.0110161994,
2.38075,0.0076208753,
2.381,0.0209557414,
2.38125,0.0193086565,
2.3815,0.0257761870,
2.38175,0.0233377982,
2.382,0.0153893605,
2.38225,-0.0070092133,
2.3825,-0.0066210614,
2.38275,0.0048402315,
2.383,0.0027531930,
2.38325,0.0001707427,
2.3835,0.0064523430,
2.38375,0.0101528354,
2.384,0.0029758327,
2.38425,-0.0153634064,
2.3845,-0.0182666890,
2.38475,-0.0007896906,
2.385,-0.0084853107,
2.38525,-0.0318618566,
2.3855,-0.0142944306,
2.38575,0.0040015681,
2.386,-0.0115311472,
2.38625,-0.0161254201,
2.3865,0.0082024271,
2.38675,0.0333492421,
2.387,0.0203283709,
2.38725,0.0071776165,
2.3875,0.0251914747,
2.38775,0.0300793052,
2.388,0.0018494946,
2.38825,0.0041184938,
2.3885,0.0222968142,
2.38875,0.0282672942,
2.389,0.0219379142,
2.38925,0.0236791838,
2.3895,0.0347606502,
2.38975,0.0291326791,
2.39,0.0052548340,
2.39025,0.0054162405,
2.3905,0.0061405301,
2.39075,-0.0106969979,
2.391,-0.0029596472,
2.39125,0.0009632054,
2.3915,0.0023309465,
2.39175,0.0055318642,
2.392,0.0112809297,
2.39225,0.0118437642,
2.3925,0.0068121664,
2.39275,0.0039031263,
2.393,0.0125327650,
2.39325,0.0027693619,
2.3935,-0.0089326613,
2.39375,0.0044671977,
2.394,0.0019458310,
2.39425,0.0007066978,
2.3945,0.0017850557,
2.39475,0.0146076065,
2.395,0.0131096169,
2.39525,0.0047477027,
2.3955,0.0141671756,
2.39575,0.0259870924,
2.396,0.0057303486,
2.39625,-0.0038605535,
2.3965,0.0132116582,
2.39675,0.0059845787,
2.397,-0.0189980622,
2.39725,-0.0082827834,
2.3975,0.0111847846,
2.39775,-0.0032723111,
2.398,-0.0193387102,
2.39825,0.0012378076,
2.3985,0.0183577631,
2.39875,0.0002934736,
2.399,-0.0124584828,
2.39925,0.0099279266,
2.3995,0.0102042612,
2.39975,-0.0283405408,
2.4,-0.0345606953,
2.40025,-0.0062070293,
2.4005,-0.0150458552,
2.40075,-0.0378626958,
2.401,-0.0224293303,
2.40125,0.0108048683,
2.4015,0.0013854577,
2.40175,-0.0206809714,
2.402,0.0027855863,
2.40225,0.0138913784,
2.4025,-0.0205423683,
2.40275,-0.0375484601,
2.403,-0.0173400417,
2.40325,-0.0091454806,
2.4035,-0.0248174779,
2.40375,-0.0156027116,
2.404,0.0066154785,
2.40425,0.0010346839,
2.4045,-0.0218051337,
2.40475,-0.0240738317,
2.405,-0.0131320711,
2.40525,-0.0138587859,
2.4055,-0.0254785866,
2.40575,-0.0051284791,
2.406,0.0077060889,
2.40625,0.0010917244,
2.4065,-0.0085349530,
2.40675,0.0078497948,
2.407,-0.0006741053,
2.40725,-0.0053876620,
2.4075,-0.0087565882,
2.40775,-0.0042746328,
2.408,-0.0083082523,
2.40825,-0.0146587286,
2.4085,-0.0079776514,
2.40875,0.0043666638,
2.409,0.0001989873,
2.40925,0.0052426336,
2.4095,0.0138378441,
2.40975,0.0156422108,
2.41,0.0047658295,
2.41025,-0.0048263199,
2.4105,-0.0120388856,
2.41075,-0.0269640423,
2.411,-0.0289200526,
2.41125,-0.0194424186,
2.4115,-0.0014519640,
2.41175,0.0081025120,
2.412,0.0297736004,
2.41225,0.0254411232,
2.4125,0.0229534302,
2.41275,0.0177074932,
2.413,0.0157651044,
2.41325,-0.0010080046,
2.4135,-0.0079901861,
2.41375,0.0000668055,
2.414,0.0059614666,
2.41425,0.0030210693,
2.4145,0.0170590207,
2.41475,0.0249585919,
2.415,0.0240244940,
2.41525,0.0158608798,
2.4155,0.0012406209,
2.41575,0.0023532261,
2.416,-0.0108769555,
2.41625,-0.0214444734,
2.4165,-0.0056322129,
2.41675,0.0051972880,
2.417,0.0058714557,
2.41725,0.0080728224,
2.4175,0.0109778475,
2.41775,0.0134726381,
2.418,0.0067698900,
2.41825,-0.0141839013,
2.4185,-0.0028261158,
2.41875,0.0030502006,
2.419,-0.0056472169,
2.41925,-0.0105949230,
2.4195,0.0021106491,
2.41975,0.0237651244,
2.42,0.0030684294,
2.42025,-0.0047849389,
2.4205,0.0098578576,
2.42075,0.0189071614,
2.421,-0.0232952498,
2.42125,-0.0181275792,
2.4215,0.0046089548,
2.42175,0.0004462354,
2.422,-0.0191277284,
2.42225,-0.0061371326,
2.4225,0.0092678498,
2.42275,-0.0089036776,
2.423,-0.0208832845,
2.42325,-0.0148749053,
2.4235,-0.0032674321,
2.42375,-0.0319647901,
2.424,-0.0277014002,
2.42425,-0.0044883955,
2.4245,-0.0043527219,
2.42475,-0.0073291911,
2.425,0.0083463863,
2.42525,0.0117714712,
2.4255,-0.0045906599,
2.42575,-0.0201886036,
2.426,-0.0100189038,
2.42625,-0.0154712377,
2.4265,-0.0330821797,
2.42675,-0.0190894622,
2.427,-0.0045598210,
2.42725,-0.0086102132,
2.4275,-0.0151379956,
2.42775,-0.0052337600,
2.428,-0.0017378835,
2.42825,-0.0097238058,
2.4285,-0.0151999760,
2.42875,-0.0047094617,
2.429,-0.0048074187,
2.42925,-0.0150649603,
2.4295,-0.0018206669,
2.42975,0.0084104119,
2.43,-0.0024457381,
2.43025,-0.0044916966,
2.4305,0.0041109351,
2.43075,0.0007002169,
2.431,-0.0128697902,
2.43125,-0.0037930487,
2.4315,0.0056191585,
2.43175,-0.0042807679,
2.432,-0.0114875194,
2.43225,0.0116037522,
2.4325,0.0127296820,
2.43275,-0.0073438352,
2.433,-0.0126594137,
2.43325,0.0043677860,
2.4335,-0.0054621845,
2.43375,-0.0381582677,
2.434,-0.0144178960,
2.43425,0.0045794151,
2.4345,-0.0039760298,
2.43475,-0.0139477029,
2.435,0.0094019827,
2.43525,0.0162455421,
2.4355,-0.0001459576,
2.43575,-0.0090631889,
2.436,0.0153066888,
2.43625,0.0095193610,
2.4365,-0.0070472858,
2.43675,0.0011292057,
2.437,0.0263230950,
2.43725,0.0128515670,
2.4375,0.0109148473,
2.43775,0.0173309613,
2.438,0.0248905346,
2.43825,0.0125210695,
2.4385,0.0009998669,
2.43875,0.0030739137,
2.439,0.0091920784,
2.43925,-0.0009625158,
2.4395,-0.0017927566,
2.43975,0.0128507596,
2.44,0.0156737566,
2.44025,0.0165655874,
2.4405,0.0148348380,
2.44075,0.0152947661,
2.441,0.0078046862,
2.44125,-0.0017543018,
2.4415,-0.0158838108,
2.44175,-0.0101953559,
2.442,-0.0114877485,
2.44225,-0.0057121217,
2.4425,0.0083879372,
2.44275,0.0182995778,
2.443,0.0245397929,
2.44325,0.0231664330,
2.4435,0.0212937612,
2.44375,0.0212598443,
2.444,0.0123216417,
2.44425,0.0017528831,
2.4445,-0.0015186373,
2.44475,-0.0099682268,
2.445,-0.0137248440,
2.44525,-0.0026257788,
2.4455,0.0053980360,
2.44575,0.0119452886,
2.446,0.0175191611,
2.44625,0.0087187272,
2.4465,0.0071317521,
2.44675,-0.0007302905,
2.447,-0.0091424724,
2.44725,-0.0130166747,
2.4475,-0.0082253832,
2.44775,-0.0031994679,
2.448,-0.0027866559,
2.44825,0.0013584935,
2.4485,0.0100463312,
2.44875,0.0092595499,
2.449,-0.0045063971,
2.44925,-0.0091471355,
2.4495,0.0018868059,
2.44975,0.0013599587,
2.45,0.0015265442,
2.45025,0.0145761771,
2.4505,0.0244282354,
2.45075,0.0110850204,
2.451,0.0017092151,
2.45125,0.0007516486,
2.4515,-0.0002419688,
2.45175,0.0010062752,
2.452,-0.0015367400,
2.45225,0.0062049516,
2.4525,0.0067802006,
2.45275,0.0077363485,
2.453,-0.0015985265,
2.45325,-0.0025155344,
2.4535,0.0089431051,
2.45375,0.0059706676,
2.454,-0.0050741304,
2.45425,-0.0024037580,
2.4545,0.0134970825,
2.45475,-0.0033264924,
2.455,-0.0221770648,
2.45525,-0.0035559717,
2.4555,0.0081452876,
2.45575,-0.0057869493,
2.456,-0.0065439632,
2.45625,0.0168055668,
2.4565,0.0143322181,
2.45675,-0.0021481030,
2.457,-0.0043885452,
2.45725,0.0149553511,
2.4575,0.0028934490,
2.45775,-0.0104592917,
2.458,0.0106106587,
2.45825,0.0186930057,
2.4585,0.0086408006,
2.45875,0.0077357041,
2.459,0.0152032711,
2.45925,0.0075937831,
2.4595,-0.0092584444,
2.45975,-0.0021708368,
2.46,0.0101530869,
2.46025,0.0005496496,
2.4605,-0.0029967446,
2.46075,0.0138408737,
2.461,0.0099258926,
2.46125,-0.0011648368,
2.4615,0.0010377888,
2.46175,0.0073191607,
2.462,0.0048152809,
2.46225,-0.0026551718,
2.4625,-0.0007709260,
2.46275,0.0118987095,
2.463,0.0013880259,
2.46325,-0.0018093458,
2.4635,0.0061216531,
2.46375,0.0090353293,
2.464,0.0006462460,
2.46425,0.0043187202,
2.4645,0.0132545121,
2.46475,0.0129307639,
2.465,0.0064949943,
2.46525,0.0100403018,
2.4655,0.0133883264,
2.46575,0.0015648442,
2.466,0.0006975292,
2.46625,0.0104789957,
2.4665,0.0047809575,
2.46675,-0.0026515569,
2.467,0.0038815869,
2.46725,0.0151685057,
2.4675,0.0015982902,
2.46775,-0.0014438190,
2.468,0.0120167993,
2.46825,0.0149119226,
2.4685,-0.0099222353,
2.46875,-0.0062586069,
2.469,0.0083861556,
2.46925,-0.0061424486,
2.4695,-0.0272099711,
2.46975,-0.0010168670,
2.47,0.0045031714,
2.47025,-0.0002010854,
2.4705,-0.0020142167,
2.47075,0.0184076820,
2.471,0.0148468353,
2.47125,-0.0067145582,
2.4715,-0.0002583345,
2.47175,0.0078517096,
2.472,0.0018753312,
2.47225,-0.0035089816,
2.4725,0.0095092393,
2.47275,0.0162603296,
2.473,0.0108077275,
2.47325,-0.0032001673,
2.4735,0.0055635995,
2.47375,0.0036210618,
2.474,-0.0100851385,
2.47425,-0.0113515016,
2.4745,-0.0050407019,
2.47475,-0.0074337539,
2.475,-0.0093174195,
2.47525,-0.0105937589,
2.4755,0.0056295851,
2.47575,0.0117234588,
2.476,0.0048931325,
2.47625,0.0133224241,
2.4765,0.0120498631,
2.47675,0.0016745043,
2.477,-0.0069992286,
2.47725,-0.0100666657,
2.4775,-0.0142510440,
2.47775,-0.0218369048,
2.478,-0.0147739705,
2.47825,-0.0011234623,
2.4785,0.0066108834,
2.47875,0.0014833997,
2.479,0.0085441163,
2.47925,0.0064960327,
2.4795,-0.0128202606,
2.47975,-0.0155149763,
2.48,-0.0216511637,
2.48025,-0.0213161279,
2.4805,-0.0247900039,
2.48075,-0.0126524186,
2.481,-0.0060229632,
2.48125,0.0080310162,
2.4815,0.0080875242,
2.48175,0.0144247198,
2.482,0.0067362729,
2.48225,0.0011422717,
2.4825,-0.0148217697,
2.48275,-0.0140175372,
2.483,-0.0179446992,
2.48325,-0.0113530532,
2.4835,0.0005402017,
2.48375,0.0022657579,
2.484,0.0068536447,
2.48425,0.0044051171,
2.4845,0.0026404203,
2.48475,-0.0112074558,
2.485,-0.0186706167,
2.48525,-0.0295754336,
2.4855,-0.0246122275,
2.48575,-0.0171378274,
2.486,-0.0130139366,
2.48625,0.0004119969,
2.4865,0.0085709728,
2.48675,0.0076288478,
2.487,-0.0038900562,
2.48725,-0.0075066974,
2.4875,-0.0039296839,
2.48775,-0.0122885182,
2.488,-0.0212503858,
2.48825,-0.0054632379,
2.4885,0.0082868421,
2.48875,-0.0062674843,
2.489,0.0027057121,
2.48925,0.0149405021,
2.4895,0.0112877786,
2.48975,-0.0091773914,
2.49,-0.0030053523,
2.49025,0.0035270720,
2.4905,-0.0040301355,
2.49075,-0.0178322233,
2.491,0.0019932087,
2.49125,0.0174803250,
2.4915,-0.0044378708,
2.49175,-0.0025091905,
2.492,0.0190448742,
2.49225,0.0078612110,
2.4925,-0.0106712654,
2.49275,-0.0099167340,
2.493,0.0069635729,
2.49325,-0.0077055027,
2.4935,-0.0170315225,
2.49375,0.0069228276,
2.494,0.0224650726,
2.49425,0.0021571559,
2.4945,0.0064186123,
2.49475,0.0162654426,
2.495,0.0117377294,
2.49525,-0.0108554978,
2.4955,-0.0131167825,
2.49575,-0.0019543825,
2.496,-0.0039499733,
2.49625,-0.0157482605,
2.4965,0.0012550736,
2.49675,0.0196850412,
2.497,0.0138461115,
2.49725,0.0092616677,
2.4975,0.0170832872,
2.49775,0.0162336081,
2.498,-0.0032546250,
2.49825,-0.0083324434,
2.4985,-0.0038873905,
2.49875,-0.0073850146,
2.499,-0.0046857893,
2.49925,0.0033992091,
2.4995,0.0090699317,
2.49975,0.0086189415,
2.5,0.0057622646,
2.50025,0.0114668580,
2.5005,0.0095579550,
2.50075,-0.0019325940,
2.501,0.0021003056,
2.50125,-0.0026613425,
2.5015,-0.0085559878,
2.50175,-0.0191683434,
2.502,-0.0069127865,
2.50225,-0.0107146855,
2.5025,-0.0152809434,
2.50275,-0.0115437452,
2.503,0.0131371077,
2.50325,-0.0006806300,
2.5035,-0.0008332100,
2.50375,0.0011248738,
2.504,0.0082276715,
2.50425,-0.0185143743,
2.5045,-0.0190975294,
2.50475,-0.0036333059,
2.505,-0.0069386489,
2.50525,-0.0168594141,
2.5055,-0.0048634978,
2.50575,0.0100698434,
2.506,0.0000009758,
2.50625,-0.0102209495,
2.5065,-0.0054861540,
2.50675,0.0047214259,
2.507,-0.0124735404,
2.50725,-0.0151579445,
2.5075,-0.0042063156,
2.50775,-0.0047736159,
2.508,-0.0148319071,
2.50825,-0.0131154377,
2.5085,-0.0076593603,
2.50875,-0.0039204252,
2.509,-0.0085416045,
2.50925,-0.0005182273,
2.5095,0.0075841257,
2.50975,-0.0000507339,
2.51,-0.0079161413,
2.51025,-0.0041663391,
2.5105,-0.0102825314,
2.51075,-0.0183162838,
2.511,-0.0249325708,
2.51125,-0.0049189935,
2.5115,-0.0001139085,
2.51175,-0.0060817269,
2.512,0.0029575175,
2.51225,0.0138876215,
2.5125,0.0067028305,
2.51275,-0.0072657289,
2.513,-0.0004503749,
2.51325,-0.0003781764,
2.5135,-0.0125885857,
2.51375,-0.0209577847,
2.514,-0.0057169730,
2.51425,0.0095681511,
2.5145,0.0100630838,
2.51475,0.0155933779,
2.515,0.0205617100,
2.51525,0.0126013765,
2.5155,-0.0066578644,
2.51575,-0.0154784955,
2.516,-0.0116469283,
2.51625,-0.0134907998,
2.5165,-0.0126736043,
2.51675,-0.0042219004,
2.517,-0.0038852873,
2.51725,0.0007679180,
2.5175,-0.0058157146,
2.51775,-0.0028694486,
2.518,-0.0091487477,
2.51825,-0.0174076594,
2.5185,-0.0115218619,
2.51875,-0.0031062227,
2.519,0.0010469805,
2.51925,0.0075229714,
2.5195,0.0098621510,
2.51975,0.0124830138,
2.52,0.0057226741,
2.52025,0.0061161397,
2.5205,0.0123610403,
2.52075,0.0184479933,
2.521,0.0074568000,
2.52125,0.0112819374,
2.5215,0.0147243347,
2.52175,0.0135312714,
2.522,0.0087985415,
2.52225,0.0244429745,
2.5225,0.0318928137,
2.52275,0.0198438913,
2.523,0.0148800621,
2.52325,0.0227149576,
2.5235,0.0151959322,
2.52375,-0.0022267406,
2.524,0.0061077848,
2.52425,0.0190067608,
2.5245,0.0095868530,
2.52475,-0.0014261147,
2.525,0.0191681534,
2.52525,0.0257046912,
2.5255,0.0004300229,
2.52575,-0.0063451231,
2.526,0.0092913341,
2.52625,0.0024958791,
2.5265,-0.0181802791,
2.52675,-0.0050545512,
2.527,0.0190451536,
2.52725,0.0032861750,
2.5275,-0.0100147547,
2.52775,0.0104719885,
2.528,0.0150920441,
2.52825,-0.0037952049,
2.5285,-0.0027027761,
2.52875,0.0217524748,
2.529,0.0183914006,
2.52925,0.0003386113,
2.5295,0.0115194619,
2.52975,0.0221566465,
2.53,0.0113869086,
2.53025,-0.0042194836,
2.5305,0.0105981268,
2.53075,0.0166929699,
2.531,0.0047220541,
2.53125,-0.0048952918,
2.5315,0.0114387730,
2.53175,0.0113760605,
2.532,-0.0070793377,
2.53225,-0.0016446476,
2.5325,0.0051886113,
2.53275,-0.0013621239,
2.533,-0.0053196303,
2.53325,-0.0043997942,
2.5335,-0.0018579327,
2.53375,-0.0038637479,
2.534,-0.0071215210,
2.53425,-0.0025777298,
2.5345,-0.0056392495,
2.53475,-0.0084121348,
2.535,-0.0001486219,
2.53525,-0.0035392086,
2.5355,-0.0118619055,
2.53575,-0.0082055535,
2.536,-0.0033460220,
2.53625,-0.0078576012,
2.5365,-0.0067603304,
2.53675,0.0009875740,
2.537,0.0168867223,
2.53725,0.0040536583,
2.5375,-0.0041614650,
2.53775,0.0086432239,
2.538,0.0043500667,
2.53825,-0.0122574307,
2.5385,-0.0073081553,
2.53875,0.0053337826,
2.539,0.0004473642,
2.53925,-0.0064688832,
2.5395,-0.0006343949,
2.53975,0.0151630733,
2.54,0.0069874227,
2.54025,-0.0050025266,
2.5405,-0.0007409344,
2.54075,0.0055685355,
2.541,-0.0143289370,
2.54125,-0.0222827420,
2.5415,-0.0185690373,
2.54175,-0.0065307370,
2.542,-0.0165918078,
2.54225,-0.0135671515,
2.5425,0.0063297148,
2.54275,0.0130323414,
2.543,0.0011489735,
2.54325,0.0041614547,
2.5435,0.0046458985,
2.54375,-0.0030561734,
2.544,-0.0140634412,
2.54425,-0.0148189524,
2.5445,-0.0041156830,
2.54475,-0.0000905709,
2.545,-0.0036657092,
2.54525,0.0135643231,
2.5455,0.0191932209,
2.54575,0.0127129853,
2.546,0.0058086012,
2.54625,0.0076532201,
2.5465,0.0021601347,
2.54675,-0.0191339869,
2.547,-0.0230846033,
2.54725,-0.0140683483,
2.5475,-0.0181560107,
2.54775,-0.0219279900,
2.548,-0.0003101096,
2.54825,0.0139029743,
2.5485,0.0109941140,
2.54875,0.0046563214,
2.549,0.0071374001,
2.54925,0.0034201064,
2.5495,-0.0155916167,
2.54975,-0.0196515843,
2.55,0.0022746813,
2.55025,0.0025822041,
2.5505,-0.0041116904,
2.55075,0.0080608781,
2.551,0.0091692461,
2.55125,-0.0007724619,
2.5515,-0.0192032419,
2.55175,-0.0165096335,
2.552,-0.0176673029,
2.55225,-0.0196803026,
2.5525,-0.0261759125,
2.55275,-0.0074177566,
2.553,-0.0055205617,
2.55325,-0.0092828125,
2.5535,-0.0090629552,
2.55375,0.0024039205,
2.554,-0.0040942580,
2.55425,-0.0102580842,
2.5545,-0.0079154633,
2.55475,0.0002571373,
2.555,-0.0014238830,
2.55525,-0.0012100983,
2.5555,0.0061944462,
2.55575,0.0108124511,
2.556,0.0011499227,
2.55625,0.0122754835,
2.5565,0.0145485122,
2.55675,0.0024161683,
2.557,-0.0037692599,
2.55725,0.0064540189,
2.5575,-0.0019136315,
2.55775,-0.0097177401,
2.558,-0.0083285961,
2.55825,0.0161869153,
2.5585,0.0097294301,
2.55875,-0.0041275425,
2.559,0.0108666383,
2.55925,0.0239648893,
2.5595,0.0001723263,
2.55975,-0.0137104746,
2.56,0.0029614174,
2.56025,0.0083462112,
2.5605,-0.0180162080,
2.56075,-0.0224580988,
2.561,0.0150291491,
2.56125,0.0081420671,
2.5615,-0.0101587977,
2.56175,0.0070280996,
2.562,0.0265170969,
2.56225,-0.0008126698,
2.5625,-0.0172324795,
2.56275,0.0025496862,
2.563,0.0048812297,
2.56325,-0.0193531998,
2.5635,-0.0164934900,
2.56375,0.0086616268,
2.564,0.0045227185,
2.56425,-0.0138079859,
2.5645,0.0032166101,
2.56475,0.0212436821,
2.565,0.0063052652,
2.56525,-0.0086734872,
2.5655,0.0143593214,
2.56575,0.0205177851,
2.566,-0.0031119804,
2.56625,-0.0115501583,
2.5665,0.0011899539,
2.56675,-0.0100256223,
2.567,-0.0218403134,
2.56725,-0.0143683888,
2.5675,-0.0005542666,
2.56775,-0.0037977514,
2.568,-0.0028375215,
2.56825,0.0019925921,
2.5685,0.0048929816,
2.56875,-0.0045467308,
2.569,-0.0069899764,
2.56925,-0.0114026023,
2.5695,-0.0206612572,
2.56975,-0.0217179880,
2.57,-0.0078403866,
2.57025,-0.0099974629,
2.5705,-0.0088580735,
2.57075,-0.0050450838,
2.571,0.0022604179,
2.57125,-0.0059481454,
2.5715,-0.0156085137,
2.57175,-0.0095714945,
2.572,-0.0073540206,
2.57225,-0.0235620420,
2.5725,-0.0258365534,
2.57275,-0.0081578884,
2.573,-0.0144262072,
2.57325,-0.0172210392,
2.5735,-0.0109067298,
2.57375,-0.0021135935,
2.574,-0.0120188808,
2.57425,-0.0233442541,
2.5745,-0.0158430617,
2.57475,-0.0062796799,
2.575,-0.0213429555,
2.57525,-0.0201264359,
2.5755,0.0049206950,
2.57575,0.0092495531,
2.576,-0.0054918411,
2.57625,-0.0017863936,
2.5765,0.0101745678,
2.57675,0.0040991418,
2.577,-0.0117360782,
2.57725,-0.0030853981,
2.5775,0.0031127466,
2.57775,-0.0053297793,
2.578,-0.0085347136,
2.57825,0.0009219297,
2.5785,0.0097758807,
2.57875,0.0129149556,
2.579,0.0100257378,
2.57925,0.0191835370,
2.5795,0.0167328510,
2.57975,0.0072663873,
2.58,-0.0095723001,
2.58025,-0.0082225502,
2.5805,-0.0076905759,
2.58075,-0.0054195751,
2.581,0.0006286167,
2.58125,0.0248310566,
2.5815,0.0305055119,
2.58175,0.0179726649,
2.582,0.0212439075,
2.58225,0.0192761905,
2.5825,0.0126404464,
2.58275,-0.0078472542,
2.583,-0.0010921038,
2.58325,0.0031459178,
2.5835,-0.0053375289,
2.58375,-0.0100521650,
2.584,0.0200541317,
2.58425,0.0236774404,
2.5845,0.0187906101,
2.58475,0.0124917626,
2.585,0.0247549340,
2.58525,0.0108188670,
2.5855,-0.0110195624,
2.58575,-0.0119547285,
2.586,0.0099137416,
2.58625,0.0005948254,
2.5865,0.0034750511,
2.58675,0.0175737869,
2.587,0.0274424367,
2.58725,0.0144673372,
2.5875,0.0039266869,
2.58775,0.0014626172,
2.588,0.0109943654,
2.58825,-0.0075041829,
2.5885,-0.0088356305,
2.58875,0.0053409599,
2.589,0.0116921477,
2.58925,0.0018852717,
2.5895,0.0091782901,
2.58975,0.0089692138,
2.59,-0.0027090143,
2.59025,-0.0069737118,
2.5905,-0.0157857053,
2.59075,-0.0067847697,
2.591,-0.0078906203,
2.59125,0.0023925866,
2.5915,0.0079398872,
2.59175,0.0063475645,
2.592,0.0063770227,
2.59225,0.0233457163,
2.5925,0.0028323103,
2.59275,-0.0103887226,
2.593,0.0011693335,
2.59325,0.0042065810,
2.5935,-0.0164536089,
2.59375,-0.0190980900,
2.594,0.0081115616,
2.59425,0.0136275487,
2.5945,-0.0097929295,
2.59475,-0.0010264235,
2.595,0.0207588449,
2.59525,0.0014553167,
2.5955,-0.0226551313,
2.59575,-0.0050179381,
2.596,0.0093546733,
2.59625,-0.0176156834,
2.5965,-0.0207530744,
2.59675,0.0047212965,
2.597,0.0037906826,
2.59725,-0.0176646244,
2.5975,-0.0076231183,
2.59775,0.0107774604,
2.598,-0.0012145907,
2.59825,-0.0248369575,
2.5985,-0.0111128027,
2.59875,0.0087770168,
2.599,-0.0097231008,
2.59925,-0.0174597483,
2.5995,0.0142354043,
2.59975,0.0188193489,
2.6,-0.0014635283,
2.60025,0.0071622762,
2.6005,0.0217058286,
2.60075,0.0146997301,
2.601,-0.0044076983,
2.60125,0.0045107869,
2.6015,0.0186076388,
2.60175,0.0076540643,
2.602,0.0052127005,
2.60225,0.0168866441,
2.6025,0.0148790926,
2.60275,-0.0001725916,
2.603,0.0033596465,
2.60325,0.0039472664,
2.6035,0.0004150200,
2.60375,0.0038505490,
2.604,0.0034149145,
2.60425,0.0069538197,
2.6045,-0.0005855128,
2.60475,-0.0006521860,
2.605,0.0052644503,
2.60525,0.0069051739,
2.6055,0.0023912571,
2.60575,0.0133298729,
2.606,0.0127096940,
2.60625,0.0066113248,
2.6065,0.0097528398,
2.60675,0.0133150332,
2.607,0.0095866472,
2.60725,0.0091827186,
2.6075,0.0108868256,
2.60775,0.0182662141,
2.608,0.0077275927,
2.60825,0.0038339426,
2.6085,0.0118821450,
2.60875,0.0104625616,
2.609,-0.0008855907,
2.60925,-0.0006871885,
2.6095,0.0086138668,
2.60975,0.0104181292,
2.61,-0.0045029190,
2.61025,-0.0003990768,
2.6105,0.0033865671,
2.61075,-0.0073063206,
2.611,-0.0183583573,
2.61125,-0.0070212521,
2.6115,-0.0031401706,
2.61175,-0.0018465596,
2.612,-0.0000334485,
2.61225,0.0126797743,
2.6125,0.0105533227,
2.61275,0.0040267869,
2.613,0.0014983687,
2.61325,-0.0046062260,
2.6135,-0.0086180158,
2.61375,-0.0192662105,
2.614,-0.0162947960,
2.61425,-0.0046672984,
2.6145,-0.0069510816,
2.61475,-0.0081876386,
2.615,0.0036001613,
2.61525,0.0089539113,
2.6155,0.0037773023,
2.61575,-0.0048730546,
2.616,-0.0106091434,
2.61625,-0.0131730847,
2.6165,-0.0255688913,
2.61675,-0.0318588540,
2.617,-0.0047707772,
2.61725,0.0051987395,
2.6175,0.0027305165,
2.61775,0.0004985104,
2.618,0.0052208994,
2.61825,0.0006256294,
2.6185,-0.0235938113,
2.61875,-0.0259257816,
2.619,-0.0090690898,
2.61925,-0.0182915647,
2.6195,-0.0274785589,
2.61975,-0.0102050612,
2.62,-0.0024299861,
2.62025,-0.0032775232,
2.6205,-0.0109733585,
2.62075,-0.0064910753,
2.621,-0.0026125277,
2.62125,-0.0183218103,
2.6215,-0.0167885516,
2.62175,0.0030841250,
2.622,0.0075362246,
2.62225,-0.0072298334,
2.6225,0.0013591764,
2.62275,0.0066894786,
2.623,0.0024663047,
2.62325,-0.0123389354,
2.6235,-0.0024264443,
2.62375,-0.0003525057,
2.624,-0.0106656253,
2.62425,-0.0116488785,
2.6245,-0.0069872197,
2.62475,-0.0026637395,
2.625,-0.0027087242,
2.62525,0.0067008557,
2.6255,0.0109378165,
2.62575,0.0049047479,
2.626,0.0038607256,
2.62625,0.0058118897,
2.6265,-0.0067215469,
2.62675,-0.0127964616,
2.627,0.0006282976,
2.62725,0.0040331474,
2.6275,-0.0085425600,
2.62775,0.0015954325,
2.628,0.0163959563,
2.62825,0.0081996219,
2.6285,-0.0110323541,
2.62875,-0.0021632584,
2.629,0.0069591617,
2.62925,-0.0197753608,
2.6295,-0.0229334366,
2.62975,0.0093168616,
2.63,0.0044276188,
2.63025,-0.0135091553,
2.6305,0.0035034504,
2.63075,0.0197174307,
2.631,0.0008364134,
2.63125,-0.0095823677,
2.6315,0.0083938036,
2.63175,0.0152026685,
2.632,-0.0093841106,
2.63225,-0.0060331104,
2.6325,0.0224236026,
2.63275,0.0160038639,
2.633,-0.0101413447,
2.63325,0.0094021223,
2.6335,0.0235566031,
2.63375,0.0050406996,
2.634,-0.0029024293,
2.63425,0.0133614065,
2.6345,0.0224105809,
2.63475,0.0000917320,
2.635,-0.0064801425,
2.63525,0.0090215662,
2.6355,0.0048274528,
2.63575,-0.0082870992,
2.636,-0.0076230112,
2.63625,0.0027457161,
2.6365,0.0012706465,
2.63675,-0.0016119058,
2.637,-0.0001464094,
2.63725,0.0064846170,
2.6375,0.0092063257,
2.63775,0.0013584848,
2.638,0.0042362888,
2.63825,0.0051053190,
2.6385,-0.0006400496,
2.63875,-0.0026818251,
2.639,-0.0045104376,
2.63925,-0.0009221404,
2.6395,0.0044991346,
2.63975,0.0051906118,
2.64,0.0051037073,
2.64025,0.0088904807,
2.6405,0.0088361660,
2.64075,0.0028643995,
2.641,-0.0016333675,
2.64125,-0.0090444377,
2.6415,-0.0082365535,
2.64175,-0.0121354386,
2.642,-0.0107885320,
2.64225,-0.0003028463,
2.6425,0.0050402158,
2.64275,0.0019996869,
2.643,0.0000994571,
2.64325,0.0000569007,
2.6435,-0.0061474927,
2.64375,-0.0164853353,
2.644,-0.0137417037,
2.64425,-0.0101379212,
2.6445,-0.0184302982,
2.64475,-0.0198040884,
2.645,-0.0026832419,
2.64525,0.0032343261,
2.6455,-0.0016690545,
2.64575,0.0040122950,
2.646,0.0121278232,
2.64625,-0.0004931240,
2.6465,-0.0088509321,
2.64675,-0.0103081893,
2.647,-0.0136323702,
2.64725,-0.0179288182,
2.6475,-0.0155685050,
2.64775,-0.0061685829,
2.648,0.0071334834,
2.64825,0.0087471660,
2.6485,0.0081833024,
2.64875,0.0081898076,
2.649,-0.0075838314,
2.64925,-0.0176947154,
2.6495,-0.0233341921,
2.64975,-0.0242830049,
2.65,-0.0175236501,
2.65025,-0.0054317480,
2.6505,-0.0061237030,
2.65075,0.0080432883,
2.651,0.0091488436,
2.65125,0.0098146945,
2.6515,0.0001533805,
2.65175,-0.0102129355,
2.652,-0.0154763097,
2.65225,-0.0268779211,
2.6525,-0.0211217701,
2.65275,-0.0055029988,
2.653,0.0087385774,
2.65325,0.0054178182,
2.6535,0.0130779576,
2.65375,0.0119232070,
2.654,0.0033494956,
2.65425,-0.0157024488,
2.6545,-0.0090239905,
2.65475,-0.0014570630,
2.655,-0.0068500042,
2.65525,-0.0054450650,
2.6555,0.0087325703,
2.65575,0.0168418549,
2.656,0.0070518944,
2.65625,-0.0023032520,
2.6565,0.0076403646,
2.65675,0.0108182356,
2.657,-0.0069940179,
2.65725,-0.0040353131,
2.6575,0.0083664563,
2.65775,0.0053336797,
2.658,0.0045350762,
2.65825,0.0047927215,
2.6585,0.0173309837,
2.65875,0.0154792201,
2.659,0.0111626759,
2.65925,0.0084142508,
2.6595,0.0071926643,
2.65975,0.0030110339,
2.66,0.0074167578,
2.66025,0.0084927501,
2.6605,0.0115946736,
2.66075,0.0198206343,
2.661,0.0226359274,
2.66125,0.0164264776,
2.6615,0.0114783645,
2.66175,0.0196916088,
2.662,0.0232181288,
2.66225,0.0087879170,
2.6625,0.0066163698,
2.66275,0.0258505903,
2.663,0.0202490743,
2.66325,0.0065434771,
2.6635,0.0242597405,
2.66375,0.0342331007,
2.664,0.0158920679,
2.66425,0.0088445880,
2.6645,0.0223597251,
2.66475,0.0154312626,
2.665,-0.0053623323,
2.66525,-0.0021620807,
2.6655,0.0189172067,
2.66575,0.0107171563,
2.666,-0.0084599638,
2.66625,0.0126561075,
2.6665,0.0266334079,
2.66675,0.0028100335,
2.667,-0.0062515796,
2.66725,0.0179871321,
2.6675,0.0168005973,
2.66775,-0.0086968131,
2.668,-0.0064394353,
2.66825,0.0208767056,
2.6685,0.0123792002,
2.66875,-0.0064402684,
2.669,0.0020906455,
2.66925,0.0160986204,
2.6695,-0.0037501098,
2.66975,-0.0077404776,
2.67,0.0129001942,
2.67025,0.0165572353,
2.6705,0.0037533385,
2.67075,0.0047726575,
2.671,0.0086370707,
2.67125,0.0015048141,
2.6715,-0.0093735084,
2.67175,-0.0111427456,
2.672,-0.0081135258,
2.67225,-0.0142628653,
2.6725,-0.0168375280,
2.67275,-0.0030385004,
2.673,0.0023504435,
2.67325,0.0018904381,
2.6735,0.0040446706,
2.67375,0.0010922191,
2.674,-0.0140051767,
2.67425,-0.0156846549,
2.6745,-0.0194869265,
2.67475,-0.0222039856,
2.675,-0.0178586263,
2.67525,-0.0176949929,
2.6755,-0.0023956185,
2.67575,-0.0072664637,
2.676,-0.0006277237,
2.67625,0.0038802784,
2.6765,-0.0036930561,
2.67675,-0.0221568346,
2.677,-0.0174276531,
2.67725,-0.0101814969,
2.6775,-0.0158035457,
2.67775,-0.0205015279,
2.678,0.0006463052,
2.67825,0.0151109751,
2.6785,0.0034443354,
2.67875,0.0033592002,
2.679,0.0172022451,
2.67925,0.0095364498,
2.6795,-0.0107535012,
2.67975,-0.0085980594,
2.68,-0.0002452469,
2.68025,-0.0093002748,
2.6805,-0.0140083292,
2.68075,0.0052328757,
2.681,0.0144410143,
2.68125,0.0093369745,
2.6815,0.0141043859,
2.68175,0.0236651041,
2.682,0.0162269324,
2.68225,-0.0080499677,
2.6825,-0.0110153034,
2.68275,-0.0114551410,
2.683,-0.0221297611,
2.68325,-0.0197820272,
2.6835,0.0013014895,
2.68375,0.0153909335,
2.684,0.0265760925,
2.68425,0.0267753489,
2.6845,0.0279066488,
2.68475,0.0135177244,
2.685,-0.0025717397,
2.68525,-0.0125727793,
2.6855,-0.0096196719,
2.68575,-0.0040388471,
2.686,0.0113008544,
2.68625,0.0162339322,
2.6865,0.0246794242,
2.68675,0.0220425017,
2.687,0.0100491531,
2.68725,-0.0035823886,
2.6875,-0.0001493572,
2.68775,-0.0016040860,
2.688,-0.0040281974,
2.68825,0.0037221375,
2.6885,0.0157973822,
2.68875,0.0122750830,
2.689,0.0041839532,
2.68925,0.0048780837,
2.6895,0.0109971678,
2.68975,0.0061202468,
2.69,-0.0009165548,
2.69025,0.0062895357,
2.6905,0.0169760790,
2.69075,0.0034313500,
2.691,-0.0009945784,
2.69125,0.0058427164,
2.6915,0.0123488242,
2.69175,0.0020291964,
2.692,0.0056570373,
2.69225,0.0129520949,
2.6925,0.0148169175,
2.69275,-0.0062091271,
2.693,-0.0070777703,
2.69325,-0.0099470969,
2.6935,-0.0075356094,
2.69375,-0.0095203761,
2.694,0.0043638926,
2.69425,-0.0206105597,
2.6945,-0.0053597107,
2.69475,-0.0106561501,
2.695,-0.0223823469,
2.69525,-0.0194947999,
2.6955,-0.0369366482,
2.69575,-0.0190805048,
2.696,-0.0161839873,
2.69625,-0.0078687267,
2.6965,-0.0023753939,
2.69675,0.0134938918,
2.697,-0.0011114088,
2.69725,-0.0151354447,
2.6975,-0.0093149468,
2.69775,-0.0032303270,
2.698,-0.0229355283,
2.69825,-0.0188407078,
2.6985,0.0029388471,
2.69875,0.0017971742,
2.699,-0.0113382330,
2.69925,-0.0075147580,
2.6995,0.0058193649,
2.69975,-0.0082630720,
2.7,-0.0322660990,
2.70025,-0.0140089858,
2.7005,-0.0045159408,
2.70075,-0.0269726831,
2.701,-0.0339683928,
2.70125,-0.0060676928,
2.7015,-0.0071445438,
2.70175,-0.0294318963,
2.702,-0.0167548247,
2.70225,0.0031174859,
2.7025,-0.0107786078,
2.70275,-0.0300944485,
2.703,-0.0117314663,
2.70325,-0.0011919740,
2.7035,-0.0204486698,
2.70375,-0.0278704725,
2.704,-0.0040178867,
2.70425,-0.0022645821,
2.7045,-0.0154725453,
2.70475,-0.0141516151,
2.705,0.0025355122,
2.70525,-0.0028551216,
2.7055,-0.0163493548,
2.70575,-0.0142139615,
2.706,-0.0010469857,
2.70625,-0.0099871848,
2.7065,-0.0150398156,
2.70675,-0.0042419415,
2.707,0.0032660053,
2.70725,-0.0059851729,
2.7075,-0.0059380620,
2.70775,-0.0022679935,
2.708,-0.0079102824,
2.70825,-0.0149243651,
2.7085,-0.0128748827,
2.70875,-0.0062737046,
2.709,-0.0074989870,
2.70925,0.0085858265,
2.7095,0.0081104059,
2.70975,0.0088037122,
2.71,0.0054209265,
2.71025,0.0073751346,
2.7105,0.0040025176,
2.71075,-0.0052731987,
2.711,-0.0089757266,
2.71125,0.0073374193,
2.7115,0.0082907584,
2.71175,0.0028935410,
2.712,0.0180646237,
2.71225,0.0302368104,
2.7125,0.0205442682,
2.71275,0.0058008195,
2.713,0.0113409050,
2.71325,0.0045269863,
2.7135,-0.0137525229,
2.71375,-0.0209481865,
2.714,-0.0019486060,
2.71425,0.0018573601,
2.7145,-0.0034953516,
2.71475,0.0162405223,
2.715,0.0268969573,
2.71525,0.0198852625,
2.7155,0.0086690076,
2.71575,0.0088416245,
2.716,0.0063388026,
2.71625,-0.0172524042,
2.7165,-0.0210481044,
2.71675,-0.0064880457,
2.717,-0.0069884937,
2.71725,-0.0082448293,
2.7175,0.0107126590,
2.71775,0.0194468312,
2.718,0.0127070416,
2.71825,0.0055518704,
2.7185,0.0010540618,
2.71875,-0.0083186235,
2.719,-0.0171408597,
2.71925,-0.0188013650,
2.7195,0.0018053990,
2.71975,0.0003566640,
2.72,0.0074337632,
2.72025,0.0101877572,
2.7205,0.0106877070,
2.72075,-0.0016420654,
2.721,-0.0173878279,
2.72125,-0.0228135306,
2.7215,-0.0126363626,
2.72175,-0.0106935594,
2.722,-0.0093141599,
2.72225,0.0032470971,
2.7225,0.0076358109,
2.72275,0.0042606178,
2.723,-0.0062668393,
2.72325,-0.0071711321,
2.7235,-0.0033912982,
2.72375,-0.0072612572,
2.724,-0.0239805151,
2.72425,-0.0042278399,
2.7245,0.0108623337,
2.72475,-0.0003462297,
2.725,-0.0074159279,
2.72525,0.0081772627,
2.7255,0.0094756586,
2.72575,-0.0052204770,
2.726,-0.0198023859,
2.72625,0.0028040633,
2.7265,0.0016956904,
2.72675,-0.0217970312,
2.727,-0.0170101617,
2.72725,0.0044668377,
2.7275,-0.0027858517,
2.72775,-0.0031863456,
2.728,-0.0000839982,
2.72825,0.0111244228,
2.7285,0.0063117589,
2.72875,-0.0066181803,
2.729,-0.0023805765,
2.72925,-0.0020419629,
2.7295,-0.0113566667,
2.72975,-0.0088369697,
2.73,0.0044908999,
2.73025,-0.0007194287,
2.7305,0.0010218964,
2.73075,0.0126026515,
2.731,0.0132396203,
2.73125,-0.0041062208,
2.7315,-0.0073846965,
2.73175,0.0033452166,
2.732,-0.0068196962,
2.73225,-0.0123538710,
2.7325,0.0062252698,
2.73275,0.0127887186,
2.733,0.0048415512,
2.73325,0.0011539714,
2.7335,0.0174577944,
2.73375,0.0135490308,
2.734,-0.0012638257,
2.73425,0.0056770979,
2.7345,0.0152349574,
2.73475,0.0064816694,
2.735,-0.0040765391,
2.73525,0.0191689804,
2.7355,0.0202008374,
2.73575,-0.0013590564,
2.736,0.0045480002,
2.73625,0.0209951568,
2.7365,0.0112989908,
2.73675,-0.0073233722,
2.737,0.0106505379,
2.73725,0.0291323811,
2.7375,0.0075754225,
2.73775,-0.0008516458,
2.738,0.0218251087,
2.73825,0.0233054515,
2.7385,-0.0004216226,
2.73875,0.0048267930,
2.739,0.0193360858,
2.73925,0.0167747885,
2.7395,0.0002485441,
2.73975,0.0033979323,
2.74,0.0261724368,
2.74025,0.0084409434,
2.7405,-0.0028958162,
2.74075,0.0092580207,
2.741,0.0059455931,
2.74125,-0.0115949046,
2.7415,-0.0101068299,
2.74175,-0.0006539370,
2.742,0.0082493071,
2.74225,0.0071522598,
2.7425,0.0128964838,
2.74275,0.0251696855,
2.743,0.0102287401,
2.74325,0.0027315647,
2.7435,0.0044394303,
2.74375,-0.0010394943,
2.744,-0.0067829862,
2.74425,-0.0064806696,
2.7445,0.0028737055,
2.74475,0.0104348492,
2.745,0.0071044364,
2.74525,0.0145584699,
2.7455,0.0184162240,
2.74575,0.0057699713,
2.746,-0.0044317991,
2.74625,-0.0007525862,
2.7465,-0.0035631678,
2.74675,-0.0135089094,
2.747,-0.0057459893,
2.74725,-0.0036838071,
2.7475,-0.0024630711,
2.74775,-0.0071573891,
2.748,0.0139279161,
2.74825,0.0176131278,
2.7485,0.0104104457,
2.74875,0.0077518239,
2.749,0.0054604672,
2.74925,-0.0061541507,
2.7495,-0.0217070058,
2.74975,-0.0235489290,
2.75,-0.0093768695,
2.75025,-0.0155446297,
2.7505,-0.0026149126,
2.75075,0.0116674779,
2.751,0.0147244651,
2.75125,0.0048846030,
2.7515,0.0030492698,
2.75175,0.0034374180,
2.752,-0.0130349537,
2.75225,-0.0186114870,
2.7525,-0.0145409815,
2.75275,-0.0078608226,
2.753,-0.0165289491,
2.75325,-0.0071170605,
2.7535,0.0112647992,
2.75375,0.0152425840,
2.754,0.0077655031,
2.75425,0.0085378811,
2.7545,0.0054628886,
2.75475,-0.0041636885,
2.755,-0.0149989277,
2.75525,-0.0112470556,
2.7555,0.0045433682,
2.75575,0.0027615139,
2.756,-0.0030002058,
2.75625,-0.0015807420,
2.7565,0.0095883282,
2.75675,-0.0076185083,
2.757,-0.0011500851,
2.75725,-0.0292536635,
2.7575,-0.0176344886,
2.75775,-0.0137928706,
2.758,-0.0200421643,
2.75825,-0.0078961989,
2.7585,0.0078746974,
2.75875,-0.0013593165,
2.759,-0.0014445495,
2.75925,0.0030238214,
2.7595,0.0108327297,
2.75975,0.0001232551,
2.76,-0.0161422268,
2.76025,0.0046523903,
2.7605,0.0142942043,
2.76075,0.0000692749,
2.761,-0.0039393255,
2.76125,0.0130374152,
2.7615,0.0150378710,
2.76175,0.0066245580,
2.762,-0.0060514584,
2.76225,-0.0004642220,
2.7625,-0.0059903124,
2.76275,-0.0203661975,
2.763,-0.0143653378,
2.76325,-0.0046696193,
2.7635,0.0018710210,
2.76375,-0.0011681161,
2.764,0.0019992399,
2.76425,0.0024883680,
2.7645,-0.0047596646,
2.76475,-0.0079374025,
2.765,-0.0020998192,
2.76525,-0.0081200330,
2.7655,-0.0088296700,
2.76575,0.0066612354,
2.766,0.0054879910,
2.76625,0.0066291410,
2.7665,0.0089650098,
2.76675,0.0083718561,
2.767,0.0053377198,
2.76725,-0.0047348212,
2.7675,-0.0030653516,
2.76775,-0.0039200047,
2.768,-0.0113894371,
2.76825,-0.0065364568,
2.7685,0.0065141725,
2.76875,0.0020224343,
2.769,-0.0020315000,
2.76925,0.0185499862,
2.7695,0.0194484014,
2.76975,0.0033193040,
2.77,0.0000444330,
2.77025,0.0168702044,
2.7705,0.0063373577,
2.77075,-0.0201701596,
2.771,-0.0008184888,
2.77125,0.0215767119,
2.7715,0.0007850517,
2.77175,-0.0051941331,
2.772,0.0189846773,
2.77225,0.0230731908,
2.7725,-0.0048199948,
2.77275,-0.0045731170,
2.773,0.0113778394,
2.77325,0.0099485330,
2.7735,-0.0181827173,
2.77375,-0.0078815371,
2.774,0.0131417289,
2.77425,-0.0080155749,
2.7745,-0.0235067848,
2.77475,-0.0062553957,
2.775,0.0011724704,
2.77525,-0.0145735452,
2.7755,-0.0168172419,
2.77575,0.0078201937,
2.776,0.0110270344,
2.77625,-0.0091600968,
2.7765,-0.0052461610,
2.77675,0.0049174912,
2.777,-0.0096425302,
2.77725,-0.0181931965,
2.7775,-0.0198902581,
2.77775,-0.0026557897,
2.778,-0.0024895100,
2.77825,-0.0062821629,
2.7785,-0.0021015315,
2.77875,0.0106643504,
2.779,0.0043490580,
2.77925,-0.0025561182,
2.7795,-0.0106978361,
2.77975,-0.0059692627,
2.78,-0.0167196412,
2.78025,-0.0217971560,
2.7805,-0.0233931318,
2.78075,-0.0394884460,
2.781,-0.0172339361,
2.78125,-0.0010513938,
2.7815,-0.0139474627,
2.78175,-0.0032135723,
2.782,0.0009692720,
2.78225,-0.0178632084,
2.7825,-0.0150487488,
2.78275,-0.0352073461,
2.783,-0.0343375131,
2.78325,-0.0380913131,
2.7835,-0.0357935727,
2.78375,-0.0216664094,
2.784,0.0059448280,
2.78425,0.0013563398,
2.7845,0.0076166373,
2.78475,0.0028532408,
2.785,-0.0074502844,
2.78525,-0.0192608666,
2.7855,-0.0224853419,
2.78575,-0.0260508712,
2.786,-0.0241743494,
2.78625,-0.0249478389,
2.7865,-0.0031806864,
2.78675,0.0179321915,
2.787,0.0186870173,
2.78725,0.0217365175,
2.7875,0.0213145949,
2.78775,0.0026334594,
2.788,-0.0152069842,
2.78825,-0.0203321017,
2.7885,-0.0076767621,
2.78875,0.0018413989,
2.789,-0.0001954333,
2.78925,0.0080170305,
2.7895,0.0140449982,
2.78975,0.0064547411,
2.79,-0.0033515459,
2.79025,-0.0027816682,
2.7905,0.0047048186,
2.79075,0.0004141388,
2.791,-0.0032449558,
2.79125,0.0032806767,
2.7915,0.0147286486,
2.79175,0.0108292466,
2.792,-0.0001129570,
2.79225,0.0080982093,
2.7925,0.0166619029,
2.79275,0.0047292137,
2.793,-0.0069973115,
2.79325,0.0119620236,
2.7935,0.0211305059,
2.79375,0.0006831426,
2.794,-0.0007909070,
2.79425,0.0185815021,
2.7945,0.0267672371,
2.79475,0.0113116493,
2.795,0.0122943595,
2.79525,0.0273704045,
2.7955,0.0175368991,
2.79575,-0.0065021748,
2.796,-0.0047020288,
2.79625,0.0085256901,
2.7965,0.0042149234,
2.79675,-0.0032035911,
2.797,0.0066075074,
2.79725,0.0238661673,
2.7975,0.0222918037,
2.79775,0.0032334481,
2.798,0.0043316353,
2.79825,-0.0014808634,
2.7985,-0.0068562012,
2.79875,-0.0031771290,
2.799,0.0071997968,
2.79925,0.0099581201,
2.7995,0.0112264557,
2.79975,0.0091739101,
2.8,0.0058478974,
2.80025,0.0020887475,
2.8005,-0.0085837785,
2.80075,-0.0057270182,
2.801,-0.0031922178,
2.80125,-0.0066263545,
2.8015,0.0029123491,
2.80175,0.0014460948,
2.802,0.0065363753,
2.80225,0.0036091378,
2.8025,0.0030732048,
2.80275,-0.0054965070,
2.803,-0.0028741611,
2.80325,-0.0006521899,
2.8035,-0.0046209074,
2.80375,-0.0124193430,
2.804,-0.0057186633,
2.80425,0.0078693395,
2.8045,-0.0089976545,
2.80475,-0.0175880250,
2.805,0.0074866740,
2.80525,0.0094853975,
2.8055,-0.0120739564,
2.80575,-0.0100830849,
2.806,0.0095905215,
2.80625,0.0006971074,
2.8065,-0.0228132140,
2.80675,-0.0165646765,
2.807,0.0098809516,
2.80725,-0.0000315394,
2.8075,-0.0200660378,
2.80775,0.0019848121,
2.808,0.0123766297,
2.80825,-0.0164786279,
2.8085,-0.0222694222,
2.80875,-0.0018631360,
2.809,0.0023433350,
2.80925,-0.0214127060,
2.8095,-0.0128423749,
2.80975,0.0101566985,
2.81,0.0044329809,
2.81025,-0.0175408535,
2.8105,-0.0047515421,
2.81075,0.0066814064,
2.811,-0.0053794896,
2.81125,-0.0148202088,
2.8115,0.0033223324,
2.81175,0.0232865028,
2.812,0.0129281785,
2.81225,0.0063581327,
2.8125,0.0177218672,
2.81275,0.0200356003,
2.813,0.0001117910,
2.81325,-0.0072055752,
2.8135,0.0083812131,
2.81375,0.0089155091,
2.814,0.0016407350,
2.81425,0.0046507022,
2.8145,0.0165458992,
2.81475,0.0157367457,
2.815,0.0109986300,
2.81525,0.0110917632,
2.8155,0.0113886334,
2.81575,-0.0000506248,
2.816,-0.0060984083,
2.81625,-0.0041388357,
2.8165,-0.0031023915,
2.81675,-0.0022191156,
2.817,0.0120957280,
2.81725,0.0177275166,
2.8175,0.0268398132,
2.81775,0.0345781893,
2.818,0.0311249103,
2.81825,0.0204142258,
2.8185,0.0062346687,
2.81875,-0.0091070579,
2.819,-0.0279697143,
2.81925,-0.0264841057,
2.8195,-0.0068412093,
2.81975,0.0140044605,
2.82,0.0224723648,
2.82025,0.0303297397,
2.8205,0.0431065820,
2.82075,0.0209002718,
2.821,0.0019606883,
2.82125,-0.0035606213,
2.8215,-0.0053615491,
2.82175,-0.0163556784,
2.822,-0.0058540832,
2.82225,0.0114268577,
2.8225,0.0284239184,
2.82275,0.0191356950,
2.823,0.0163746215,
2.82325,0.0162353106,
2.8235,0.0020842829,
2.82375,-0.0122435465,
2.824,-0.0115886740,
2.82425,-0.0039877007,
2.8245,-0.0024774997,
2.82475,0.0015475478,
2.825,-0.0035219325,
2.82525,0.0125683481,
2.8255,0.0146256648,
2.82575,0.0016231404,
2.826,-0.0000039597,
2.82625,0.0063437480,
2.8265,0.0013394129,
2.82675,-0.0191372018,
2.827,-0.0112567395,
2.82725,0.0071493229,
2.8275,0.0047989408,
2.82775,-0.0093648201,
2.828,0.0133969067,
2.82825,0.0259529278,
2.8285,0.0068990812,
2.82875,-0.0090084216,
2.829,0.0016395466,
2.82925,0.0013489526,
2.8295,-0.0195424967,
2.82975,-0.0159424264,
2.83,0.0033146180,
2.83025,0.0131150195,
2.8305,0.0063128686,
2.83075,0.0083267651,
2.831,0.0088923788,
2.83125,0.0000965144,
2.8315,-0.0171473287,
2.83175,-0.0138815315,
2.832,-0.0151393237,
2.83225,-0.0189531073,
2.8325,-0.0107939877,
2.83275,0.0002952121,
2.833,-0.0029899275,
2.83325,0.0001705246,
2.8335,0.0044654114,
2.83375,0.0009737562,
2.834,-0.0068820473,
2.83425,-0.0114129297,
2.8345,-0.0050904928,
2.83475,-0.0128475586,
2.835,-0.0154302008,
2.83525,-0.0084120287,
2.8355,-0.0031301391,
2.83575,-0.0076656230,
2.836,-0.0013894268,
2.83625,0.0052996622,
2.8365,0.0009204305,
2.83675,-0.0074739153,
2.837,-0.0009151624,
2.83725,0.0032766084,
2.8375,-0.0111037474,
2.83775,-0.0190584362,
2.838,0.0014836988,
2.83825,-0.0030493005,
2.8385,-0.0345397592,
2.83875,-0.0167521536,
2.839,-0.0031948937,
2.83925,-0.0169254821,
2.8395,-0.0262713227,
2.83975,-0.0037042540,
2.84,0.0037688015,
2.84025,-0.0116522284,
2.8405,-0.0210749060,
2.84075,0.0073388261,
2.841,0.0041353391,
2.84125,-0.0282246545,
2.8415,-0.0234772470,
2.84175,0.0062448531,
2.842,-0.0133160986,
2.84225,-0.0233273413,
2.8425,-0.0043664151,
2.84275,0.0222768635,
2.843,0.0030117678,
2.84325,-0.0086604981,
2.8435,0.0049343929,
2.84375,0.0183652882,
2.844,-0.0129494956,
2.84425,-0.0174184535,
2.8445,-0.0038875891,
2.84475,0.0078673875,
2.845,-0.0051038009,
2.84525,-0.0009611517,
2.8455,0.0134968515,
2.84575,0.0183280520,
2.846,-0.0001307114,
2.84625,-0.0124673070,
2.8465,-0.0004154245,
2.84675,-0.0026909588,
2.847,-0.0148941623,
2.84725,-0.0019601109,
2.8475,0.0091700032,
2.84775,0.0077202800,
2.848,0.0031103860,
2.84825,0.0106940772,
2.8485,0.0090244794,
2.84875,0.0097405780,
2.849,-0.0068732705,
2.84925,0.0001238621,
2.8495,-0.0037726804,
2.84975,-0.0107175037,
2.85,-0.0013882269,
2.85025,0.0081021721,
2.8505,0.0039374623,
2.85075,0.0109840007,
2.851,0.0160646271,
2.85125,0.0196832940,
2.8515,0.0110637955,
2.85175,0.0036994922,
2.852,-0.0058485218,
2.85225,-0.0194310937,
2.8525,-0.0233163033,
2.85275,-0.0148079228,
2.853,-0.0061727916,
2.85325,0.0167676844,
2.8535,0.0351977274,
2.85375,0.0333324894,
2.854,0.0201551765,
2.85425,0.0221960824,
2.8545,0.0035107848,
2.85475,-0.0204637647,
2.855,-0.0250527915,
2.85525,-0.0078990953,
2.8555,-0.0013440107,
2.85575,0.0009395243,
2.856,0.0111501487,
2.85625,0.0277786050,
2.8565,0.0112396050,
2.85675,-0.0140057076,
2.857,-0.0115688685,
2.85725,-0.0111296503,
2.8575,-0.0220389757,
2.85775,-0.0134633593,
2.858,0.0072605638,
2.85825,0.0130728688,
2.8585,-0.0022108937,
2.85875,-0.0057533612,
2.859,-0.0013897705,
2.85925,-0.0017994207,
2.8595,-0.0101273600,
2.85975,-0.0144593641,
2.86,-0.0012433010,
2.86025,0.0029131472,
2.8605,-0.0104570678,
2.86075,-0.0145369219,
2.861,0.0138844540,
2.86125,0.0181065351,
2.8615,-0.0042273370,
2.86175,-0.0055460520,
2.862,0.0159187466,
2.86225,0.0082776872,
2.8625,-0.0331072435,
2.86275,-0.0215801857,
2.863,0.0066538970,
2.86325,-0.0061191753,
2.8635,-0.0172332469,
2.86375,0.0047970847,
2.864,0.0212831423,
2.86425,-0.0046930313,
2.8645,-0.0209188666,
2.86475,-0.0149969067,
2.865,-0.0102388589,
2.86525,-0.0281137954,
2.8655,-0.0144093195,
2.86575,0.0130277239,
2.866,0.0099005774,
2.86625,0.0043800143,
2.8665,0.0121866222,
2.86675,0.0039584776,
2.867,-0.0145094041,
2.86725,-0.0150287440,
2.8675,0.0000687777,
2.86775,-0.0000990709,
2.868,-0.0070176153,
2.86825,0.0139301587,
2.8685,0.0207767002,
2.86875,0.0076526655,
2.869,0.0015209377,
2.86925,0.0094245952,
2.8695,0.0026965232,
2.86975,-0.0105276275,
2.87,-0.0140704317,
2.87025,-0.0001530806,
2.8705,0.0008759165,
2.87075,-0.0057283137,
2.871,0.0119967284,
2.87125,0.0213228092,
2.8715,0.0094307177,
2.87175,0.0043778606,
2.872,0.0143385287,
2.87225,0.0059050638,
2.8725,-0.0116698686,
2.87275,-0.0014315192,
2.873,0.0104411431,
2.87325,-0.0022420317,
2.8735,-0.0033705120,
2.87375,0.0236155745,
2.874,0.0247404315,
2.87425,0.0059232796,
2.8745,0.0050678570,
2.87475,0.0204506852,
2.875,0.0056226170,
2.87525,-0.0197832491,
2.8755,-0.0006898438,
2.87575,0.0172261689,
2.876,-0.0007927830,
2.87625,-0.0011160887,
2.8765,0.0236099511,
2.87675,0.0304422304,
2.877,0.0066160266,
2.87725,0.0065403804,
2.8775,0.0229001399,
2.87775,0.0152047072,
2.878,-0.0066757100,
2.87825,0.0102442894,
2.8785,0.0268513244,
2.87875,0.0195608884,
2.879,0.0120972050,
2.87925,0.0214326736,
2.8795,0.0240021832,
2.87975,0.0145677198,
2.88,0.0013278173,
2.88025,0.0080458429,
2.8805,0.0122686429,
2.88075,-0.0003694820,
2.881,0.0025463449,
2.88125,0.0151698664,
2.8815,0.0183017217,
2.88175,0.0132306190,
2.882,0.0126403607,
2.88225,0.0108278319,
2.8825,0.0013359317,
2.88275,-0.0077932905,
2.883,-0.0149195250,
2.88325,-0.0072104363,
2.8835,-0.0088695865,
2.88375,-0.0046315347,
2.884,0.0054680952,
2.88425,0.0106036980,
2.8845,0.0185585786,
2.88475,0.0138542997,
2.885,0.0073271687,
2.88525,0.0017921061,
2.8855,-0.0071269809,
2.88575,-0.0068261186,
2.886,-0.0046794126,
2.88625,-0.0076640192,
2.8865,0.0007631769,
2.88675,0.0057473537,
2.887,0.0099837454,
2.88725,0.0098449364,
2.8875,0.0070024310,
2.88775,-0.0039602090,
2.888,-0.0125786951,
2.88825,-0.0193964895,
2.8885,-0.0228351522,
2.88875,-0.0187144242,
2.889,-0.0067406641,
2.88925,0.0077665406,
2.8895,0.0031597295,
2.88975,0.0071381573,
2.89,0.0014522651,
2.89025,-0.0087359995,
2.8905,-0.0195289347,
2.89075,-0.0197267495,
2.891,-0.0093812039,
2.89125,-0.0006810818,
2.8915,-0.0021736263,
2.89175,0.0099655623,
2.892,0.0111230686,
2.89225,0.0021382275,
2.8925,-0.0093648965,
2.89275,-0.0069230506,
2.893,-0.0152054932,
2.89325,-0.0058528390,
2.8935,-0.0211509615,
2.89375,-0.0186922997,
2.894,-0.0070834248,
2.89425,0.0007069053,
2.8945,-0.0061668819,
2.89475,-0.0066642393,
2.895,0.0103207501,
2.89525,0.0080342637,
2.8955,-0.0049676364,
2.89575,-0.0188908651,
2.896,0.0100624673,
2.89625,-0.0032254201,
2.8965,-0.0224266183,
2.89675,-0.0088486122,
2.897,0.0176442210,
2.89725,0.0047625550,
2.8975,-0.0020824494,
2.89775,0.0121463099,
2.898,0.0231379475,
2.89825,-0.0053502498,
2.8985,-0.0198123269,
2.89875,-0.0020032553,
2.899,0.0057814168,
2.89925,-0.0146755558,
2.8995,-0.0010340823,
2.89975,0.0239325538,
2.9,0.0125363152,
2.90025,0.0006588812,
2.9005,0.0134916566,
2.90075,0.0206897184,
2.901,-0.0022070375,
2.90125,-0.0061680023,
2.9015,0.0162707344,
2.90175,0.0083920695,
2.902,-0.0031722649,
2.90225,0.0062714983,
2.9025,0.0201264750,
2.90275,0.0043584355,
2.903,0.0007712072,
2.90325,0.0095384736,
2.9035,0.0188007597,
2.90375,0.0093126753,
2.904,0.0033352792,
2.90425,0.0161587987,
2.9045,0.0156161860,
2.90475,-0.0025479444,
2.905,0.0052868985,
2.90525,0.0119958147,
2.9055,0.0026288158,
2.90575,-0.0081362529,
2.906,0.0023339139,
2.90625,0.0053558582,
2.9065,-0.0074148802,
2.90675,-0.0057265749,
2.907,0.0077772043,
2.90725,0.0005974515,
2.9075,-0.0095516266,
2.90775,0.0043358370,
2.908,0.0088991392,
2.90825,-0.0070550893,
2.9085,-0.0095403315,
2.90875,0.0018686148,
2.909,0.0011291316,
2.90925,-0.0144709256,
2.9095,-0.0075205276,
2.90975,0.0075489366,
2.91,-0.0053359312,
2.91025,-0.0181538947,
2.9105,-0.0005345967,
2.91075,0.0026082762,
2.911,-0.0182791278,
2.91125,-0.0199248735,
2.9115,-0.0013410568,
2.91175,0.0015241038,
2.912,-0.0170933679,
2.91225,-0.0076113110,
2.9125,0.0101583842,
2.91275,-0.0038927714,
2.913,-0.0201783106,
2.91325,-0.0100519499,
2.9135,-0.0050576287,
2.91375,-0.0161895212,
2.914,-0.0185266808,
2.91425,-0.0078298692,
2.9145,0.0041177170,
2.91475,-0.0115762688,
2.915,-0.0151463123,
2.91525,-0.0026951991,
2.9155,-0.0126379505,
2.91575,-0.0243992321,
2.916,-0.0163537338,
2.91625,-0.0122975167,
2.9165,-0.0149095953,
2.91675,-0.0154781267,
2.917,-0.0092117395,
2.91725,0.0026876149,
2.9175,-0.0042311097,
2.91775,-0.0044982415,
2.918,0.0051624840,
2.91825,-0.0035729401,
2.9185,-0.0144852865,
2.91875,-0.0201839954,
2.919,-0.0107687488,
2.91925,-0.0144573487,
2.9195,-0.0206416436,
2.91975,-0.0064298380,
2.92,0.0057610655,
2.92025,0.0041665784,
2.9205,0.0038192598,
2.92075,0.0129559813,
2.921,0.0098400926,
2.92125,-0.0131313391,
2.9215,-0.0210379418,
2.92175,-0.0174465701,
2.922,-0.0152763212,
2.92225,-0.0188745856,
2.9225,-0.0037044687,
2.92275,0.0047064712,
2.923,0.0158690419,
2.92325,0.0109559447,
2.9235,0.0079880217,
2.92375,0.0115375556,
2.924,-0.0006151339,
2.92425,-0.0247338694,
2.9245,-0.0224554203,
2.92475,-0.0237427689,
2.925,-0.0123550855,
2.92525,0.0003923726,
2.9255,0.0115483580,
2.92575,0.0166486166,
2.926,0.0103759849,
2.92625,0.0035064972,
2.9265,-0.0033381858,
2.92675,-0.0167568177,
2.927,-0.0250017494,
2.92725,-0.0130048040,
2.9275,-0.0027695808,
2.92775,-0.0022702955,
2.928,0.0050999448,
2.92825,0.0181788653,
2.9285,0.0133824162,
2.92875,-0.0033926882,
2.929,-0.0038086555,
2.92925,0.0035863146,
2.9295,-0.0117467856,
2.92975,-0.0187861770,
2.93,-0.0004075203,
2.93025,0.0152657600,
2.9305,0.0014318562,
2.93075,0.0073081930,
2.931,0.0210143998,
2.93125,0.0143943354,
2.9315,-0.0083152037,
2.93175,-0.0043650162,
2.932,0.0058028651,
2.93225,-0.0060747713,
2.9325,-0.0171695501,
2.93275,0.0044464152,
2.933,0.0168667678,
2.93325,-0.0004577306,
2.9335,0.0074237203,
2.93375,0.0239703152,
2.934,0.0172153283,
2.93425,-0.0085228374,
2.9345,-0.0021626393,
2.93475,0.0138736721,
2.935,-0.0089503555,
2.93525,-0.0171033759,
2.9355,0.0082435803,
2.93575,0.0187463965,
2.936,-0.0005214806,
2.93625,0.0075474344,
2.9365,0.0228514895,
2.93675,0.0203704126,
2.937,-0.0046493947,
2.93725,-0.0075644697,
2.9375,0.0033982939,
2.93775,-0.0123757869,
2.938,-0.0204472039,
2.93825,-0.0034888764,
2.9385,0.0159066394,
2.93875,0.0076215719,
2.939,0.0074635395,
2.93925,0.0138537567,
2.9395,0.0174470879,
2.93975,-0.0070903306,
2.94,-0.0057867258,
2.94025,0.0017194763,
2.9405,-0.0074618878,
2.94075,-0.0144356405,
2.941,-0.0002678057,
2.94125,-0.0021353359,
2.9415,-0.0014321284,
2.94175,0.0021175302,
2.942,0.0089333318,
2.94225,0.0084902290,
2.9425,-0.0026020941,
2.94275,0.0061653713,
2.943,0.0036270428,
2.94325,-0.0110510690,
2.9435,-0.0128888525,
2.94375,-0.0037647663,
2.944,-0.0175561681,
2.94425,-0.0197997764,
2.9445,-0.0044403346,
2.94475,0.0090148468,
2.945,0.0041235606,
2.94525,-0.0000598571,
2.9455,0.0138774142,
2.94575,0.0092325248,
2.946,-0.0171109531,
2.94625,-0.0111243613,
2.9465,0.0010941578,
2.94675,-0.0087793628,
2.947,-0.0095973006,
2.94725,0.0037236789,
2.9475,0.0140069388,
2.94775,0.0104809590,
2.948,-0.0029928358,
2.94825,0.0061143772,
2.9485,0.0144647211,
2.94875,-0.0040092864,
2.949,-0.0056540156,
2.94925,0.0096661616,
2.9495,0.0055679996,
2.94975,-0.0037796504,
2.95,-0.0046951836,
2.95025,0.0030225853,
2.9505,0.0070405286,
2.95075,-0.0032793223,
2.951,0.0099288151,
2.95125,0.0208880734,
2.9515,0.0022998881,
2.95175,-0.0024884809,
2.952,-0.0016634548,
2.95225,-0.0111403577,
2.9525,-0.0216642730,
2.95275,-0.0215685517,
2.953,-0.0062724571,
2.95325,0.0016715184,
2.9535,-0.0019780861,
2.95375,0.0145387854,
2.954,0.0249736030,
2.95425,0.0112292785,
2.9545,-0.0016223901,
2.95475,-0.0012552189,
2.955,-0.0002306417,
2.95525,-0.0132329538,
2.9555,-0.0150208371,
2.95575,0.0021811076,
2.956,0.0191289186,
2.95625,0.0133716501,
2.9565,0.0263808668,
2.95675,0.0299423281,
2.957,0.0261343941,
2.95725,0.0082964096,
2.9575,-0.0025880898,
2.95775,-0.0019975735,
2.958,-0.0026810470,
2.95825,-0.0012563022,
2.9585,0.0060104979,
2.95875,0.0196280684,
2.959,0.0173881575,
2.95925,0.0159221124,
2.9595,0.0109085236,
2.95975,0.0110596959,
2.96,-0.0003749212,
2.96025,-0.0001247260,
2.9605,0.0061855838,
2.96075,0.0098603126,
2.961,0.0099514555,
2.96125,0.0216507018,
2.9615,0.0233729593,
2.96175,0.0174179394,
2.962,0.0142394844,
2.96225,0.0177328717,
2.9625,0.0148418862,
2.96275,0.0013304305,
2.963,0.0051958198,
2.96325,0.0164611507,
2.9635,0.0129722375,
2.96375,0.0066790655,
2.964,0.0203181542,
2.96425,0.0225627534,
2.9645,0.0004615440,
2.96475,0.0046289451,
2.965,0.0106760226,
2.96525,0.0047035031,
2.9655,-0.0125482669,
2.96575,-0.0006894881,
2.966,0.0164806638,
2.96625,0.0058562644,
2.9665,-0.0009520401,
2.96675,0.0213975646,
2.967,0.0205597356,
2.96725,-0.0077241454,
2.9675,-0.0134072453,
2.96775,0.0014457302,
2.968,-0.0107784187,
2.96825,-0.0284617804,
2.9685,-0.0102415364,
2.96875,0.0126792993,
2.969,-0.0101231216,
2.96925,-0.0142987780,
2.9695,0.0060784114,
2.96975,0.0001130746,
2.97,-0.0196639188,
2.97025,-0.0137132397,
2.9705,0.0059783310,
2.97075,-0.0060688518,
2.971,-0.0192435570,
2.97125,-0.0004810852,
2.9715,0.0071846126,
2.97175,-0.0067496295,
2.972,-0.0144151952,
2.97225,-0.0002081369,
2.9725,-0.0029467391,
2.97275,-0.0203391649,
2.973,-0.0249535404,
2.97325,-0.0063683661,
2.9735,-0.0118624009,
2.97375,-0.0278618336,
2.974,-0.0142609291,
2.97425,-0.0063795228,
2.9745,-0.0156147638,
2.97475,-0.0178309828,
2.975,-0.0141990473,
2.97525,-0.0085277967,
2.9755,-0.0152710313,
2.97575,-0.0148658343,
2.976,-0.0102038598,
2.97625,-0.0140854586,
2.9765,-0.0196239129,
2.97675,-0.0108036492,
2.977,-0.0102242827,
2.97725,-0.0207247287,
2.9775,-0.0119340234,
2.97775,-0.0037490977,
2.978,-0.0095679369,
2.97825,-0.0064687245,
2.9785,0.0010323322,
2.97875,0.0052918452,
2.979,-0.0081490949,
2.97925,-0.0162891187,
2.9795,-0.0007867807,
2.97975,-0.0056593046,
2.98,-0.0171672758,
2.98025,-0.0051632542,
2.9805,0.0161765460,
2.98075,-0.0043812552,
2.981,-0.0020872555,
2.98125,0.0031269146,
2.9815,0.0132590998,
2.98175,-0.0047943490,
2.982,-0.0115342680,
2.98225,0.0002489081,
2.9825,0.0092007676,
2.98275,-0.0114360526,
2.983,-0.0067950170,
2.98325,0.0088991392,
2.9835,0.0068790042,
2.98375,-0.0008401391,
2.984,0.0026753796,
2.98425,0.0162500814,
2.9845,0.0104834130,
2.98475,-0.0063436669,
2.985,-0.0001808103,
2.98525,0.0040132310,
2.9855,-0.0051161968,
2.98575,-0.0109187122,
2.986,-0.0038674884,
2.98625,0.0105584338,
2.9865,0.0126977768,
2.98675,0.0116061904,
2.987,0.0295238495,
2.98725,0.0317643248,
2.9875,0.0127268564,
2.98775,0.0064898846,
2.988,0.0105276573,
2.98825,-0.0070812921,
2.9885,-0.0217561349,
2.98875,-0.0132744890,
2.989,-0.0040625338,
2.98925,-0.0080125779,
2.9895,-0.0023255437,
2.98975,0.0170339756,
2.99,0.0217622127,
2.99025,0.0084580351,
2.9905,0.0016231131,
2.99075,0.0029715225,
2.991,-0.0106209191,
2.99125,-0.0337356552,
2.9915,-0.0178680588,
2.99175,-0.0027697613,
2.992,-0.0063432213,
2.99225,-0.0000124550,
2.9925,0.0102476031,
2.99275,0.0178842265,
2.993,-0.0082545346,
2.99325,-0.0173847675,
2.9935,-0.0094082961,
2.99375,-0.0102626542,
2.994,-0.0259549748,
2.99425,-0.0187876038,
2.9945,-0.0050973059,
2.99475,-0.0059276265,
2.995,-0.0155604174,
2.99525,-0.0109612495,
2.9955,-0.0012319963,
2.99575,-0.0116603505,
2.996,-0.0234157238,
2.99625,-0.0172931775,
2.9965,-0.0074066455,
2.99675,-0.0130032245,
2.997,-0.0085932771,
2.99725,-0.0016268571,
2.9975,-0.0019125801,
2.99775,-0.0043970044,
2.998,0.0003673528,
2.99825,-0.0042716661,
2.9985,-0.0178069398,
2.99875,-0.0126337819,
2.999,-0.0118240155,
2.99925,-0.0199431386,
2.9995,-0.0243606307,
2.99975,-0.0017589880,