Date,2020-12-23 09:20:12
Filename,STFMK-20201105-LW19-2373_20201223_092012_004.dat
Data Label,베어링불량
Label_No,01
Motor Spec,L-SF-04, 1760,2.2, 4.7,
Period,3SEC
Sample Rate,4000
RMS,0.007208,
Data Length,12000,
0,0.0049756845,
0.00025,-0.0016611331,
0.0005,0.0012133426,
0.00075,0.0052384650,
0.001,0.0036706424,
0.00125,-0.0061816741,
0.0015,-0.0088526392,
0.00175,-0.0042738891,
0.002,-0.0051147123,
0.00225,-0.0112736709,
0.0025,-0.0095512150,
0.00275,-0.0021677427,
0.003,0.0011839602,
0.00325,-0.0063317847,
0.0035,-0.0037632312,
0.00375,0.0053815311,
0.004,0.0123742698,
0.00425,0.0107079390,
0.0045,0.0045182444,
0.00475,0.0051342905,
0.005,0.0096591087,
0.00525,0.0058655995,
0.0055,0.0006428871,
0.00575,0.0007069416,
0.006,0.0058811596,
0.00625,-0.0007232348,
0.0065,-0.0061288020,
0.00675,-0.0095406463,
0.007,-0.0016099034,
0.00725,0.0022274409,
0.0075,-0.0060745091,
0.00775,-0.0070036920,
0.008,-0.0022976794,
0.00825,0.0042515532,
0.0085,0.0001751332,
0.00875,0.0003774883,
0.009,0.0032355313,
0.00925,0.0092194118,
0.0095,0.0125612244,
0.00975,0.0095412405,
0.01,0.0170251187,
0.01025,0.0213483926,
0.0105,0.0121310400,
0.01075,0.0084262891,
0.011,0.0140735973,
0.01125,0.0170666333,
0.0115,0.0132885389,
0.01175,-0.0004199492,
0.012,-0.0016216803,
0.01225,0.0021259189,
0.0125,0.0034299132,
0.01275,0.0002368692,
0.013,-0.0007187749,
0.01325,0.0004943784,
0.0135,0.0017945468,
0.01375,0.0003515250,
0.014,-0.0031253437,
0.01425,0.0073060952,
0.0145,0.0160596184,
0.01475,0.0109626427,
0.015,0.0052093882,
0.01525,0.0089875674,
0.0155,0.0148642100,
0.01575,0.0123224035,
0.016,0.0049216906,
0.01625,0.0020926497,
0.0165,0.0067373435,
0.01675,0.0051873480,
0.017,-0.0025527240,
0.01725,0.0000756124,
0.0175,-0.0014233284,
0.01775,-0.0006987057,
0.018,-0.0033663516,
0.01825,-0.0070480751,
0.0185,0.0007420108,
0.01875,0.0059138080,
0.019,-0.0014812266,
0.01925,-0.0046491455,
0.0195,0.0035320886,
0.01975,0.0063216272,
0.02,0.0042634895,
0.02025,0.0002281300,
0.0205,-0.0006262175,
0.02075,0.0075389734,
0.021,0.0034258380,
0.02125,-0.0012245261,
0.0215,-0.0041362299,
0.02175,0.0024477504,
0.022,0.0034808184,
0.02225,-0.0029030973,
0.0225,-0.0047019632,
0.02275,-0.0005335992,
0.023,0.0053875977,
0.02325,-0.0063074864,
0.0235,-0.0120463707,
0.02375,-0.0054560904,
0.024,-0.0040469938,
0.02425,-0.0056974818,
0.0245,-0.0113707511,
0.02475,-0.0060245399,
0.025,0.0014551166,
0.02525,-0.0024975985,
0.0255,-0.0058824616,
0.02575,-0.0027902240,
0.026,0.0005532508,
0.02625,-0.0015708217,
0.0265,-0.0055612121,
0.02675,-0.0072961031,
0.027,-0.0032483446,
0.02725,-0.0010142091,
0.0275,-0.0122887651,
0.02775,-0.0106001738,
0.028,-0.0043165633,
0.02825,-0.0020894052,
0.0285,-0.0035984055,
0.02875,-0.0078786593,
0.029,-0.0105072390,
0.02925,-0.0049718302,
0.0295,-0.0069838348,
0.02975,-0.0117704011,
0.03,-0.0070382627,
0.03025,-0.0063179787,
0.0305,-0.0085000042,
0.03075,-0.0176277403,
0.031,-0.0166216157,
0.03125,-0.0028439942,
0.0315,-0.0003929011,
0.03175,-0.0043843598,
0.032,-0.0060412530,
0.03225,0.0027120274,
0.0325,0.0041751405,
0.03275,-0.0014973481,
0.033,-0.0021954349,
0.03325,0.0016592795,
0.0335,0.0050000949,
0.03375,-0.0029056307,
0.034,-0.0046295230,
0.03425,-0.0040384573,
0.0345,-0.0005603129,
0.03475,-0.0060405238,
0.035,-0.0100918226,
0.03525,-0.0043323990,
0.0355,0.0009784849,
0.03575,-0.0033530411,
0.036,-0.0135122631,
0.03625,-0.0093067279,
0.0365,-0.0009304148,
0.03675,-0.0008848574,
0.037,-0.0037503415,
0.03725,-0.0022117037,
0.0375,0.0031817099,
0.03775,0.0049097277,
0.038,0.0051035676,
0.03825,0.0021845717,
0.0385,0.0105504394,
0.03875,0.0129670845,
0.039,0.0057956064,
0.03925,0.0043456685,
0.0395,0.0061368365,
0.03975,0.0076946476,
0.04,0.0023238945,
0.04025,-0.0068665179,
0.0405,-0.0082098842,
0.04075,-0.0041839299,
0.041,-0.0015468735,
0.04125,-0.0125460010,
0.0415,-0.0119986581,
0.04175,-0.0031482112,
0.042,-0.0032693122,
0.04225,-0.0018149487,
0.0425,-0.0075398786,
0.04275,0.0013893035,
0.043,0.0063461177,
0.04325,0.0020771313,
0.0435,0.0031948667,
0.04375,0.0104641365,
0.044,0.0171603244,
0.04425,0.0123760486,
0.0445,0.0072543100,
0.04475,0.0111539951,
0.045,0.0139799379,
0.04525,0.0120441355,
0.0455,0.0043320842,
0.04575,0.0046381983,
0.046,0.0052192342,
0.04625,0.0057768128,
0.0465,0.0015643388,
0.04675,-0.0010553853,
0.047,0.0026914629,
0.04725,0.0071694544,
0.0475,-0.0003064000,
0.04775,-0.0044469605,
0.048,0.0011981087,
0.04825,0.0073985565,
0.0485,0.0072698025,
0.04875,0.0023323209,
0.049,0.0083955983,
0.04925,0.0174071286,
0.0495,0.0173343476,
0.04975,0.0114267059,
0.05,0.0149842147,
0.05025,0.0227963161,
0.0505,0.0161336698,
0.05075,0.0070498697,
0.051,0.0042301603,
0.05125,0.0089667356,
0.0515,0.0081063705,
0.05175,0.0025524134,
0.052,-0.0025691409,
0.05225,0.0033197950,
0.0525,0.0037711631,
0.05275,-0.0043232711,
0.053,-0.0060387072,
0.05325,0.0016927411,
0.0535,0.0038804812,
0.05375,0.0016589275,
0.054,-0.0031267796,
0.05425,-0.0010144374,
0.0545,0.0082573891,
0.05475,0.0028386179,
0.055,-0.0022649080,
0.05525,-0.0007866491,
0.0555,0.0042325966,
0.05575,0.0037910780,
0.056,-0.0017841950,
0.05625,-0.0012750073,
0.0565,0.0040673697,
0.05675,0.0054445546,
0.057,-0.0051841354,
0.05725,-0.0029737628,
0.0575,-0.0001321274,
0.05775,-0.0033982340,
0.058,-0.0088541117,
0.05825,-0.0158143695,
0.0585,-0.0091920542,
0.05875,-0.0051910123,
0.059,-0.0082302745,
0.05925,-0.0115503725,
0.0595,-0.0073527023,
0.05975,-0.0008679339,
0.06,-0.0007594579,
0.06025,-0.0053015556,
0.0605,-0.0038101068,
0.06075,-0.0011610413,
0.061,-0.0028537121,
0.06125,-0.0111027658,
0.0615,-0.0074921590,
0.06175,-0.0032723304,
0.062,-0.0038282867,
0.06225,-0.0094630662,
0.0625,-0.0191171132,
0.06275,-0.0118366806,
0.063,-0.0059870020,
0.06325,-0.0063926270,
0.0635,-0.0119439233,
0.06375,-0.0119258258,
0.064,-0.0036277713,
0.06425,-0.0080267824,
0.0645,-0.0122555569,
0.06475,-0.0090459483,
0.065,-0.0033375379,
0.06525,-0.0052431063,
0.0655,-0.0122331874,
0.06575,-0.0056620920,
0.066,0.0036808341,
0.06625,0.0083221132,
0.0665,-0.0012293509,
0.06675,-0.0036309918,
0.067,0.0026484304,
0.06725,0.0069393869,
0.0675,0.0041366089,
0.06775,0.0005871646,
0.068,0.0020582271,
0.06825,0.0029984300,
0.0685,-0.0015861040,
0.06875,-0.0088578220,
0.069,-0.0070374901,
0.06925,-0.0011075288,
0.0695,-0.0052344678,
0.06975,-0.0142468978,
0.07,-0.0125284232,
0.07025,-0.0016386061,
0.0705,-0.0004956191,
0.07075,-0.0044861999,
0.071,-0.0090190433,
0.07125,-0.0000174144,
0.0715,0.0056332187,
0.07175,0.0005890582,
0.072,-0.0010046209,
0.07225,0.0046370034,
0.0725,0.0070153456,
0.07275,0.0046886601,
0.073,0.0001029504,
0.07325,0.0038393480,
0.0735,0.0105202701,
0.07375,0.0041152383,
0.074,-0.0019373538,
0.07425,-0.0002684441,
0.0745,0.0021356239,
0.07475,0.0015577811,
0.075,-0.0097006336,
0.07525,-0.0103396634,
0.0755,-0.0004670715,
0.07575,-0.0039296909,
0.076,-0.0098203169,
0.07625,-0.0087332260,
0.0765,0.0006620627,
0.07675,0.0042566461,
0.077,-0.0014541182,
0.07725,0.0006882407,
0.0775,0.0110863950,
0.07775,0.0159225035,
0.078,0.0097613884,
0.07825,0.0080432091,
0.0785,0.0142383752,
0.07875,0.0128827896,
0.079,0.0150204003,
0.07925,0.0081510525,
0.0795,0.0094261486,
0.07975,0.0109381098,
0.08,0.0112065077,
0.08025,0.0034436246,
0.0805,0.0022741070,
0.08075,0.0075100544,
0.081,0.0074437396,
0.08125,0.0048503848,
0.0815,-0.0016883584,
0.08175,0.0044926577,
0.082,0.0119082434,
0.08225,0.0069281003,
0.0825,0.0039158771,
0.08275,0.0068107485,
0.083,0.0129071176,
0.08325,0.0095535042,
0.0835,0.0058625522,
0.08375,0.0106376773,
0.084,0.0143545866,
0.08425,0.0114280740,
0.0845,0.0033012775,
0.08475,0.0076498599,
0.085,0.0128460769,
0.08525,0.0101136966,
0.0855,0.0036664340,
0.08575,-0.0009192750,
0.086,0.0053694518,
0.08625,0.0076184417,
0.0865,-0.0013138591,
0.08675,-0.0065216022,
0.087,-0.0023299027,
0.08725,0.0051311706,
0.0875,0.0012693672,
0.08775,-0.0042462805,
0.088,-0.0055617425,
0.08825,0.0053255288,
0.0885,0.0021839316,
0.08875,-0.0032170271,
0.089,-0.0032923555,
0.08925,0.0028498077,
0.0895,0.0029662482,
0.08975,-0.0058473535,
0.09,-0.0060970690,
0.09025,0.0000831741,
0.0905,0.0044027306,
0.09075,-0.0026723065,
0.091,-0.0091351587,
0.09125,-0.0006656668,
0.0915,0.0011533739,
0.09175,-0.0044586887,
0.092,-0.0117563261,
0.09225,-0.0074370764,
0.0925,-0.0055915774,
0.09275,-0.0113109406,
0.093,-0.0164991859,
0.09325,-0.0101128044,
0.0935,-0.0017218491,
0.09375,-0.0055639003,
0.094,-0.0094711175,
0.09425,-0.0037656187,
0.0945,0.0029963932,
0.09475,0.0006085944,
0.095,-0.0015015214,
0.09525,-0.0016260168,
0.0955,0.0009374892,
0.09575,0.0031495546,
0.096,-0.0024582376,
0.09625,-0.0098745348,
0.0965,-0.0055338508,
0.09675,-0.0018751029,
0.097,-0.0070800050,
0.09725,-0.0144900586,
0.0975,-0.0160183311,
0.09775,-0.0082550310,
0.098,-0.0097289067,
0.09825,-0.0187319946,
0.0985,-0.0151508292,
0.09875,-0.0061823428,
0.099,-0.0071082548,
0.09925,-0.0092354733,
0.0995,-0.0068137054,
0.09975,0.0032897340,
0.1,0.0074289171,
0.10025,0.0002923730,
0.1005,0.0045827692,
0.10075,0.0089708716,
0.101,0.0095561016,
0.10125,0.0027403377,
0.1015,-0.0041395412,
0.10175,0.0035068439,
0.102,0.0048835184,
0.10225,-0.0024022690,
0.1025,-0.0089989826,
0.10275,-0.0067045838,
0.103,-0.0065717637,
0.10325,-0.0131124267,
0.1035,-0.0161570944,
0.10375,-0.0125813773,
0.104,-0.0051680868,
0.10425,-0.0046221544,
0.1045,-0.0113040935,
0.10475,-0.0092127472,
0.105,-0.0023204554,
0.10525,0.0038232147,
0.1055,-0.0029283594,
0.10575,-0.0038311938,
0.106,0.0039360472,
0.10625,0.0093458053,
0.1065,0.0066247229,
0.10675,0.0031280958,
0.107,0.0054545961,
0.10725,0.0097828461,
0.1075,0.0088227522,
0.10775,-0.0008001518,
0.108,-0.0021045762,
0.10825,0.0042503420,
0.1085,0.0007180195,
0.10875,-0.0088408906,
0.109,-0.0144968359,
0.10925,-0.0078311237,
0.1095,-0.0019732190,
0.10975,-0.0079022804,
0.11,-0.0068140272,
0.11025,0.0017400554,
0.1105,0.0070116455,
0.11075,0.0015573492,
0.111,0.0036279056,
0.11125,0.0140297748,
0.1115,0.0160829592,
0.11175,0.0124762012,
0.112,0.0071548303,
0.11225,0.0098331552,
0.1125,0.0139884595,
0.11275,0.0141415885,
0.113,0.0082114507,
0.11325,0.0051404200,
0.1135,0.0084501654,
0.11375,0.0099908086,
0.114,0.0036361027,
0.11425,0.0023398444,
0.1145,0.0066414895,
0.11475,0.0081529990,
0.115,0.0020746335,
0.11525,-0.0023167569,
0.1155,0.0040338659,
0.11575,0.0114676487,
0.116,0.0051367055,
0.11625,0.0007842932,
0.1165,0.0044121360,
0.11675,0.0151635883,
0.117,0.0116767120,
0.11725,0.0027389219,
0.1175,0.0052246456,
0.11775,0.0109026674,
0.118,0.0109409299,
0.11825,0.0015215285,
0.1185,0.0031438628,
0.11875,0.0099996272,
0.119,0.0037681756,
0.11925,-0.0025985534,
0.1195,-0.0025709798,
0.11975,0.0065339124,
0.12,0.0011054385,
0.12025,-0.0034977044,
0.1205,-0.0112569993,
0.12075,-0.0048927506,
0.121,0.0018914625,
0.12125,-0.0013809837,
0.1215,-0.0015910829,
0.12175,-0.0013513981,
0.122,0.0064322166,
0.12225,0.0026879073,
0.1225,-0.0023296827,
0.12275,-0.0006510068,
0.123,0.0043175933,
0.12325,0.0000889217,
0.1235,-0.0068685696,
0.12375,-0.0051880423,
0.124,0.0003023078,
0.12425,0.0032322817,
0.1245,-0.0055587920,
0.12475,-0.0048322491,
0.125,0.0037647812,
0.12525,0.0052083009,
0.1255,-0.0003336287,
0.12575,-0.0052751978,
0.126,-0.0007131065,
0.12625,-0.0011580591,
0.1265,-0.0045532379,
0.12675,-0.0074745752,
0.127,-0.0054413509,
0.12725,-0.0011135255,
0.1275,-0.0101022571,
0.12775,-0.0156147638,
0.128,-0.0071884766,
0.12825,0.0003763790,
0.1285,0.0063952203,
0.12875,0.0014831426,
0.129,-0.0042171055,
0.12925,-0.0006719882,
0.1295,0.0041084555,
0.12975,0.0019264717,
0.13,-0.0031332290,
0.13025,-0.0014099735,
0.1305,-0.0017388109,
0.13075,-0.0067833355,
0.131,-0.0129966717,
0.13125,-0.0094079953,
0.1315,-0.0017029176,
0.13175,-0.0084374789,
0.132,-0.0136389341,
0.13225,-0.0112273414,
0.1325,-0.0028461926,
0.13275,-0.0027720968,
0.133,-0.0117022842,
0.13325,-0.0132746138,
0.1335,-0.0066153705,
0.13375,-0.0032333911,
0.134,-0.0054696677,
0.13425,-0.0024132284,
0.1345,0.0002328777,
0.13475,0.0052618152,
0.135,0.0016015501,
0.13525,0.0003881022,
0.1355,0.0074055372,
0.13575,0.0134913893,
0.136,0.0084083257,
0.13625,-0.0025734885,
0.1365,0.0005280345,
0.13675,0.0020398139,
0.137,-0.0032721371,
0.13725,-0.0113469092,
0.1375,-0.0162359271,
0.13775,-0.0108890124,
0.138,-0.0082093142,
0.13825,-0.0135830594,
0.1385,-0.0135995056,
0.13875,-0.0052632354,
0.139,-0.0026436527,
0.13925,-0.0060184235,
0.1395,-0.0066518700,
0.13975,0.0020802808,
0.14,0.0043890411,
0.14025,0.0020323689,
0.1405,-0.0031804249,
0.14075,0.0035283472,
0.141,0.0101550072,
0.14125,0.0078395149,
0.1415,0.0018688304,
0.14175,0.0036977932,
0.142,0.0090443930,
0.14225,0.0042262981,
0.1425,-0.0072260676,
0.14275,-0.0069263270,
0.143,0.0001569895,
0.14325,-0.0026578214,
0.1435,-0.0109871868,
0.14375,-0.0053950893,
0.144,0.0013112214,
0.14425,0.0024813043,
0.1445,-0.0049058632,
0.14475,-0.0014048583,
0.145,0.0052776770,
0.14525,0.0064319512,
0.1455,0.0058954656,
0.14575,0.0048258724,
0.146,0.0078345174,
0.14625,0.0124395937,
0.1465,0.0131634641,
0.14675,0.0070335204,
0.147,0.0066829957,
0.14725,0.0146616772,
0.1475,0.0100845285,
0.14775,0.0046055224,
0.148,-0.0004632197,
0.14825,0.0051972242,
0.1485,0.0084346412,
0.14875,0.0012304459,
0.149,0.0020499825,
0.14925,0.0059607755,
0.1495,0.0079004960,
0.14975,0.0026882445,
0.15,-0.0021413919,
0.15025,0.0097665656,
0.1505,0.0120047750,
0.15075,0.0083474992,
0.151,-0.0001060095,
0.15125,0.0043859510,
0.1515,0.0084625911,
0.15175,0.0042046136,
0.152,0.0006931750,
0.15225,0.0001729310,
0.1525,0.0102444077,
0.15275,0.0074116560,
0.153,0.0001995913,
0.15325,0.0017330142,
0.1535,0.0053168177,
0.15375,0.0100035649,
0.154,0.0062394384,
0.15425,-0.0011265713,
0.1545,0.0004019907,
0.15475,0.0061569274,
0.155,-0.0002748455,
0.15525,-0.0050946609,
0.1555,-0.0018974098,
0.15575,0.0041503329,
0.156,0.0021744308,
0.15625,-0.0061034434,
0.1565,-0.0000609678,
0.15675,0.0079495711,
0.157,0.0054903198,
0.15725,-0.0017581991,
0.1575,0.0000753085,
0.15775,0.0070756888,
0.158,0.0093399752,
0.15825,0.0025769055,
0.1585,0.0017892533,
0.15875,0.0069307373,
0.159,0.0070173224,
0.15925,-0.0000919634,
0.1595,-0.0054179700,
0.15975,-0.0014170825,
0.16,-0.0012501327,
0.16025,-0.0106770825,
0.1605,-0.0135136480,
0.16075,-0.0076012756,
0.161,-0.0045082946,
0.16125,-0.0118798129,
0.1615,-0.0202371031,
0.16175,-0.0114149265,
0.162,-0.0046523381,
0.16225,-0.0019208457,
0.1625,-0.0026223876,
0.16275,-0.0051193475,
0.163,0.0023362793,
0.16325,0.0066319271,
0.1635,0.0023807292,
0.16375,0.0010727827,
0.164,0.0021873037,
0.16425,0.0028125402,
0.1645,-0.0060872557,
0.16475,-0.0091034165,
0.165,-0.0078617698,
0.16525,-0.0059070773,
0.1655,-0.0159887206,
0.16575,-0.0191649385,
0.166,-0.0112590976,
0.16625,-0.0065116356,
0.1665,-0.0092732729,
0.16675,-0.0159100927,
0.167,-0.0134204794,
0.16725,-0.0079202689,
0.1675,-0.0039007210,
0.16775,-0.0059631229,
0.168,-0.0049269320,
0.16825,0.0003453166,
0.1685,-0.0018939953,
0.16875,-0.0039743129,
0.169,-0.0021995548,
0.16925,0.0094130104,
0.1695,0.0100549599,
0.16975,0.0015567131,
0.17,-0.0035896434,
0.17025,0.0007172487,
0.1705,0.0047753835,
0.17075,-0.0008575383,
0.171,-0.0101653636,
0.17125,-0.0126795229,
0.1715,-0.0074060583,
0.17175,-0.0094568571,
0.172,-0.0126950061,
0.17225,-0.0117661105,
0.1725,-0.0025479058,
0.17275,-0.0040487731,
0.173,-0.0060865195,
0.17325,-0.0018140546,
0.1735,0.0046090251,
0.17375,0.0065976772,
0.174,0.0004475943,
0.17425,-0.0012072279,
0.1745,0.0052450011,
0.17475,0.0111055225,
0.175,0.0085579120,
0.17525,0.0021777768,
0.1755,0.0067592557,
0.17575,0.0081849359,
0.176,0.0078486828,
0.17625,-0.0009612255,
0.1765,-0.0034147524,
0.17675,0.0032528806,
0.177,-0.0044812146,
0.17725,-0.0117338337,
0.1775,-0.0051728920,
0.17775,0.0018274556,
0.178,0.0013195165,
0.17825,-0.0034875004,
0.1785,-0.0032422021,
0.17875,0.0027855348,
0.179,0.0081890859,
0.17925,0.0052159214,
0.1795,0.0037877327,
0.17975,0.0091803083,
0.18,0.0096838279,
0.18025,0.0123210754,
0.1805,0.0069149211,
0.18075,0.0090877721,
0.181,0.0129613113,
0.18125,0.0096523380,
0.1815,-0.0011592807,
0.18175,0.0010311082,
0.182,0.0063597872,
0.18225,0.0099379933,
0.1825,0.0009488769,
0.18275,-0.0030820442,
0.183,0.0049658921,
0.18325,0.0087096598,
0.1835,-0.0017087836,
0.18375,-0.0009863869,
0.184,0.0041423356,
0.18425,0.0041801939,
0.1845,0.0026568770,
0.18475,0.0040758452,
0.185,0.0114700673,
0.18525,0.0160150398,
0.1855,0.0070975353,
0.18575,0.0034028101,
0.186,0.0112631153,
0.18625,0.0149769383,
0.1865,0.0106356945,
0.18675,0.0071390443,
0.187,0.0032922775,
0.18725,0.0074985991,
0.1875,0.0077581722,
0.18775,0.0000282822,
0.188,-0.0022226092,
0.18825,0.0027507325,
0.1885,0.0003836239,
0.18875,-0.0041117715,
0.189,-0.0058473391,
0.18925,0.0000480763,
0.1895,0.0037413281,
0.18975,-0.0021957569,
0.19,-0.0050568115,
0.19025,0.0036748790,
0.1905,0.0088520059,
0.19075,0.0036579419,
0.191,0.0001130249,
0.19125,0.0014256020,
0.1915,0.0079689259,
0.19175,0.0059165955,
0.192,0.0015023829,
0.19225,0.0036241915,
0.1925,0.0045950180,
0.19275,0.0013219411,
0.193,-0.0072978414,
0.19325,-0.0081426334,
0.1935,-0.0029163433,
0.19375,0.0011927777,
0.194,-0.0090965014,
0.19425,-0.0096328352,
0.1945,-0.0058340537,
0.19475,-0.0071775233,
0.195,-0.0086777247,
0.19525,-0.0138921021,
0.1955,-0.0119812265,
0.19575,-0.0098769171,
0.196,-0.0083288914,
0.19625,-0.0150068868,
0.1965,-0.0094593707,
0.19675,0.0010709553,
0.197,0.0004654884,
0.19725,-0.0033031402,
0.1975,-0.0060172291,
0.19775,0.0060536903,
0.198,0.0073828939,
0.19825,-0.0055077570,
0.1985,-0.0092948377,
0.19875,-0.0070292181,
0.199,-0.0055597462,
0.19925,-0.0087199202,
0.1995,-0.0135705341,
0.19975,-0.0094371717,
0.2,-0.0066738511,
0.20025,-0.0118172821,
0.2005,-0.0124520445,
0.20075,-0.0096070366,
0.201,-0.0053606578,
0.20125,-0.0042322832,
0.2015,-0.0082340436,
0.20175,-0.0056822128,
0.202,0.0022137284,
0.20225,0.0056800158,
0.2025,-0.0040085269,
0.20275,-0.0080050081,
0.203,0.0028154799,
0.20325,0.0093422569,
0.2035,0.0071512121,
0.20375,0.0026075847,
0.204,0.0036036554,
0.20425,0.0071173231,
0.2045,-0.0027294001,
0.20475,-0.0047846329,
0.205,-0.0029871196,
0.20525,-0.0006131468,
0.2055,-0.0106608318,
0.20575,-0.0181495138,
0.206,-0.0088363364,
0.20625,-0.0037420192,
0.2065,-0.0025490161,
0.20675,-0.0054925145,
0.207,-0.0047618905,
0.20725,0.0029253366,
0.2075,0.0063128015,
0.20775,0.0049935635,
0.208,0.0010907090,
0.20825,0.0090487404,
0.2085,0.0103610000,
0.20875,0.0065588206,
0.209,0.0006960397,
0.20925,0.0063333982,
0.2095,0.0103856986,
0.20975,0.0030881991,
0.21,-0.0042635174,
0.21025,0.0032572760,
0.2105,0.0069601811,
0.21075,-0.0052536093,
0.211,-0.0076639769,
0.21125,-0.0023473059,
0.2115,-0.0009504252,
0.21175,-0.0051433686,
0.212,-0.0098338267,
0.21225,-0.0076699951,
0.2125,-0.0028372821,
0.21275,0.0033300184,
0.213,0.0020603132,
0.21325,0.0040040589,
0.2135,0.0057186396,
0.21375,0.0106635634,
0.214,0.0097118644,
0.21425,0.0048125261,
0.2145,0.0098332781,
0.21475,0.0158660095,
0.215,0.0094354283,
0.21525,0.0003874396,
0.2155,0.0026763286,
0.21575,0.0101766363,
0.216,0.0075663836,
0.21625,-0.0003324197,
0.2165,-0.0019271998,
0.21675,0.0057412693,
0.217,0.0032720901,
0.21725,-0.0040680915,
0.2175,-0.0042493939,
0.21775,0.0028526715,
0.218,0.0057076365,
0.21825,0.0056449035,
0.2185,0.0048713661,
0.21875,0.0095134117,
0.219,0.0154324267,
0.21925,0.0100095645,
0.2195,0.0050608185,
0.21975,0.0109733595,
0.22,0.0126661211,
0.22025,0.0121178301,
0.2205,0.0058330875,
0.22075,0.0015745792,
0.221,0.0109703951,
0.22125,0.0087515507,
0.2215,0.0008571903,
0.22175,-0.0008175132,
0.222,0.0053105792,
0.22225,0.0078432215,
0.2225,0.0012551616,
0.22275,-0.0008683843,
0.223,0.0032575128,
0.22325,0.0074610468,
0.2235,-0.0027514433,
0.22375,-0.0072898809,
0.224,-0.0023917274,
0.22425,0.0053179506,
0.2245,0.0057178345,
0.22475,-0.0032450692,
0.225,0.0004774914,
0.22525,0.0056451708,
0.2255,0.0053762244,
0.22575,-0.0012146091,
0.226,0.0019490831,
0.22625,0.0081339628,
0.2265,0.0047000460,
0.22675,-0.0061520608,
0.227,-0.0068537742,
0.22725,0.0023112199,
0.2275,0.0007668254,
0.22775,-0.0069212266,
0.228,-0.0078030094,
0.22825,-0.0018788573,
0.2285,-0.0030549895,
0.22875,-0.0058406228,
0.229,-0.0106587131,
0.22925,-0.0074962084,
0.2295,-0.0060825059,
0.22975,-0.0059739463,
0.23,-0.0106066456,
0.23025,-0.0114435405,
0.2305,-0.0059378445,
0.23075,-0.0071214568,
0.231,-0.0094122570,
0.23125,-0.0036089355,
0.2315,0.0051741488,
0.23175,0.0059541874,
0.232,-0.0049448535,
0.23225,-0.0038975498,
0.2325,0.0016094303,
0.23275,0.0057809763,
0.233,-0.0056511108,
0.23325,-0.0131715089,
0.2335,-0.0073267003,
0.23375,-0.0089175636,
0.234,-0.0114034899,
0.23425,-0.0144377304,
0.2345,-0.0088654738,
0.23475,-0.0046956381,
0.235,-0.0063066641,
0.23525,-0.0073162373,
0.2355,-0.0045405193,
0.23575,0.0008846080,
0.236,0.0025789561,
0.23625,-0.0055351569,
0.2365,-0.0031815171,
0.23675,0.0052383859,
0.237,0.0085787289,
0.23725,0.0030484246,
0.2375,-0.0037549159,
0.23775,-0.0006395857,
0.238,0.0076696551,
0.23825,0.0036422322,
0.2385,-0.0025019015,
0.23875,0.0013743143,
0.239,0.0007988596,
0.23925,-0.0065702288,
0.2395,-0.0120127033,
0.23975,-0.0105080344,
0.24,-0.0046119080,
0.24025,-0.0060308343,
0.2405,-0.0142863654,
0.24075,-0.0121638654,
0.241,-0.0032416903,
0.24125,0.0016397308,
0.2415,-0.0009094579,
0.24175,-0.0030906114,
0.242,0.0057897461,
0.24225,0.0114846453,
0.2425,0.0031454982,
0.24275,0.0007117816,
0.243,0.0041551758,
0.24325,0.0090708844,
0.2435,0.0014795687,
0.24375,-0.0070528630,
0.244,-0.0026342042,
0.24425,0.0060733943,
0.2445,-0.0017631926,
0.24475,-0.0104789920,
0.245,-0.0068893614,
0.24525,-0.0050751632,
0.2455,-0.0023412870,
0.24575,-0.0056126290,
0.246,-0.0090846661,
0.24625,-0.0029353891,
0.2465,0.0003454183,
0.24675,-0.0007033669,
0.247,-0.0016430505,
0.24725,0.0055149640,
0.2475,0.0109153418,
0.24775,0.0078466712,
0.248,0.0020388158,
0.24825,0.0075200768,
0.2485,0.0156300720,
0.24875,0.0133343395,
0.249,0.0052492954,
0.24925,0.0045785466,
0.2495,0.0106743732,
0.24975,0.0075104758,
0.25,0.0013704842,
0.25025,0.0031535213,
0.2505,0.0100395195,
0.25075,0.0051420392,
0.251,-0.0017171934,
0.25125,-0.0019100286,
0.2515,0.0090677906,
0.25175,0.0086632036,
0.252,0.0007874781,
0.25225,0.0006264178,
0.2525,0.0111048203,
0.25275,0.0149045717,
0.253,0.0115181506,
0.25325,0.0080193384,
0.2535,0.0118568297,
0.25375,0.0133051351,
0.254,0.0145541281,
0.25425,0.0060431804,
0.2545,0.0042429627,
0.25475,0.0101751378,
0.255,0.0083878879,
0.25525,-0.0001435223,
0.2555,-0.0002767855,
0.25575,0.0067530610,
0.256,0.0078477608,
0.25625,-0.0021409553,
0.2565,-0.0051594055,
0.25675,0.0015820366,
0.257,0.0061201653,
0.25725,-0.0013000737,
0.2575,-0.0023653805,
0.25775,-0.0001282857,
0.258,0.0026202549,
0.25825,0.0002291203,
0.2585,-0.0055120410,
0.25875,0.0008070208,
0.259,0.0055995700,
0.25925,0.0028094111,
0.2595,-0.0042555258,
0.25975,-0.0018749447,
0.26,0.0044791857,
0.26025,0.0019059260,
0.2605,-0.0046840985,
0.26075,-0.0046025501,
0.261,0.0043882611,
0.26125,0.0030529732,
0.2615,-0.0062827575,
0.26175,-0.0042469120,
0.262,-0.0013334344,
0.26225,0.0017250800,
0.2625,-0.0028012581,
0.26275,-0.0118588852,
0.263,-0.0102988966,
0.26325,-0.0025156813,
0.2635,-0.0034522382,
0.26375,-0.0119673871,
0.264,-0.0124616921,
0.26425,-0.0065132282,
0.2645,-0.0000173283,
0.26475,-0.0077282917,
0.265,-0.0086770914,
0.26525,0.0011171297,
0.2655,0.0006210156,
0.26575,-0.0065503754,
0.266,-0.0059494833,
0.26625,0.0052226838,
0.2665,0.0071687456,
0.26675,-0.0017996193,
0.267,-0.0044308836,
0.26725,-0.0037958161,
0.2675,-0.0015749183,
0.26775,-0.0092856567,
0.268,-0.0133161079,
0.26825,-0.0119817359,
0.2685,-0.0064196140,
0.26875,-0.0071188039,
0.269,-0.0103058629,
0.26925,-0.0076464945,
0.2695,-0.0060864608,
0.26975,-0.0053367442,
0.27,-0.0090398164,
0.27025,-0.0100575024,
0.2705,-0.0021232823,
0.27075,-0.0015789702,
0.271,-0.0076352241,
0.27125,-0.0104401056,
0.2715,-0.0018314518,
0.27175,0.0092499573,
0.272,0.0016650836,
0.27225,-0.0032814834,
0.2725,0.0015258668,
0.27275,0.0037737554,
0.273,-0.0032190774,
0.27325,-0.0089575257,
0.2735,-0.0088257035,
0.27375,-0.0049960776,
0.274,-0.0095373783,
0.27425,-0.0182982199,
0.2745,-0.0168766715,
0.27475,-0.0110472571,
0.275,-0.0053769401,
0.27525,-0.0094236257,
0.2755,-0.0077535729,
0.27575,-0.0001831369,
0.276,0.0038981754,
0.27625,0.0006957073,
0.2765,-0.0048900461,
0.27675,0.0056483923,
0.277,0.0105651738,
0.27725,0.0045247246,
0.2775,0.0017534648,
0.27775,0.0075952481,
0.278,0.0092845233,
0.27825,0.0009326420,
0.2785,-0.0038422248,
0.27875,-0.0003251286,
0.279,0.0040947320,
0.27925,0.0018241091,
0.2795,-0.0025871410,
0.27975,-0.0028607519,
0.28,-0.0027604345,
0.28025,-0.0008087276,
0.2805,-0.0026590342,
0.28075,-0.0022289804,
0.281,0.0029783102,
0.28125,0.0084150136,
0.2815,0.0041171955,
0.28175,-0.0014162388,
0.282,0.0052465363,
0.28225,0.0164448526,
0.2825,0.0142567810,
0.28275,0.0027684150,
0.283,0.0087782387,
0.28325,0.0151100522,
0.2835,0.0140604423,
0.28375,0.0044898796,
0.284,0.0061875819,
0.28425,0.0069928793,
0.2845,0.0045497990,
0.28475,-0.0004891835,
0.285,0.0003612041,
0.28525,0.0044448585,
0.2855,0.0057843775,
0.28575,-0.0003078162,
0.286,0.0011206805,
0.28625,0.0091066575,
0.2865,0.0112183318,
0.28675,0.0104466900,
0.287,0.0048918705,
0.28725,0.0035082453,
0.2875,0.0147333425,
0.28775,0.0119723203,
0.288,0.0054298909,
0.28825,0.0023028934,
0.2885,0.0087023154,
0.28875,0.0087963166,
0.289,0.0021043844,
0.28925,0.0007892672,
0.2895,0.0061817337,
0.28975,0.0052718353,
0.29,-0.0043717083,
0.29025,-0.0035231533,
0.2905,0.0059291306,
0.29075,0.0095330216,
0.291,0.0056929858,
0.29125,-0.0007841431,
0.2915,0.0036860351,
0.29175,0.0097833211,
0.292,0.0026871485,
0.29225,-0.0012114604,
0.2925,0.0016852296,
0.29275,0.0071771201,
0.293,0.0041996147,
0.29325,-0.0044797477,
0.2935,-0.0009186341,
0.29375,0.0046064300,
0.294,0.0012500172,
0.29425,-0.0063664857,
0.2945,-0.0022239508,
0.29475,0.0037466716,
0.295,0.0006075999,
0.29525,-0.0065184580,
0.2955,-0.0098722838,
0.29575,-0.0047990205,
0.296,-0.0023919509,
0.29625,-0.0038015728,
0.2965,-0.0074593108,
0.29675,-0.0036061560,
0.297,-0.0013085108,
0.29725,-0.0026270372,
0.2975,-0.0095046414,
0.29775,-0.0043016556,
0.298,0.0011686129,
0.29825,-0.0024279600,
0.2985,-0.0104247015,
0.29875,-0.0136690782,
0.299,-0.0038376788,
0.29925,-0.0058713509,
0.2995,-0.0108978227,
0.29975,-0.0061670570,
0.3,0.0009060212,
0.30025,0.0003653070,
0.3005,-0.0042981417,
0.30075,-0.0044910358,
0.301,0.0000911047,
0.30125,0.0007834209,
0.3015,-0.0047473358,
0.30175,-0.0077803684,
0.302,-0.0073448289,
0.30225,-0.0049153860,
0.3025,-0.0113803344,
0.30275,-0.0163024180,
0.303,-0.0117858117,
0.30325,-0.0038975768,
0.3035,-0.0022469366,
0.30375,-0.0081085470,
0.304,-0.0125321634,
0.30425,-0.0044963146,
0.3045,-0.0010703314,
0.30475,-0.0024036344,
0.305,-0.0062551778,
0.30525,0.0001266384,
0.3055,-0.0016247274,
0.30575,-0.0073610283,
0.306,-0.0065477453,
0.30625,-0.0001249257,
0.3065,0.0049179331,
0.30675,0.0003834400,
0.307,-0.0076631280,
0.30725,-0.0054618395,
0.3075,-0.0028663678,
0.30775,0.0012503065,
0.308,-0.0079713864,
0.30825,-0.0076878835,
0.3085,0.0012882494,
0.30875,0.0006214061,
0.309,-0.0044084988,
0.30925,-0.0094069224,
0.3095,-0.0002887839,
0.30975,0.0019749792,
0.31,-0.0048461221,
0.31025,-0.0035067028,
0.3105,0.0048299665,
0.31075,0.0104711317,
0.311,-0.0006325887,
0.31125,-0.0024139218,
0.3115,0.0075247330,
0.31175,0.0101480931,
0.312,0.0074748751,
0.31225,0.0024648455,
0.3125,0.0019288756,
0.31275,0.0022446830,
0.313,0.0021848970,
0.31325,-0.0012669951,
0.3135,0.0001864907,
0.31375,0.0000849292,
0.314,0.0020516342,
0.31425,-0.0043532243,
0.3145,-0.0050668833,
0.31475,-0.0010113408,
0.315,0.0057167630,
0.31525,-0.0005168985,
0.3155,-0.0021097013,
0.31575,0.0043146587,
0.316,0.0146508832,
0.31625,0.0065923790,
0.3165,0.0003078289,
0.31675,0.0061552916,
0.317,0.0128446240,
0.31725,0.0067848223,
0.3175,0.0008663036,
0.31775,0.0061352747,
0.318,0.0145805795,
0.31825,0.0070399856,
0.3185,0.0028191712,
0.31875,0.0054199779,
0.319,0.0106558166,
0.31925,0.0048983353,
0.3195,0.0002619582,
0.31975,0.0012334854,
0.32,0.0051434361,
0.32025,0.0032107052,
0.3205,0.0032504019,
0.32075,0.0002612546,
0.321,0.0052332329,
0.32125,0.0130305793,
0.3215,0.0098896716,
0.32175,0.0043206648,
0.322,0.0060775867,
0.32225,0.0133407060,
0.3225,0.0087231062,
0.32275,0.0009845365,
0.323,0.0015761795,
0.32325,0.0043319068,
0.3235,0.0014809252,
0.32375,-0.0043027839,
0.324,-0.0007192933,
0.32425,0.0052771755,
0.3245,0.0043430449,
0.32475,-0.0023152183,
0.325,-0.0012671062,
0.32525,0.0070425505,
0.3255,0.0108603491,
0.32575,0.0082541173,
0.326,0.0017702857,
0.32625,0.0024075825,
0.3265,0.0081067551,
0.32675,0.0033147691,
0.327,-0.0014180645,
0.32725,0.0029552211,
0.3275,0.0062589226,
0.32775,0.0031099669,
0.328,-0.0048694964,
0.32825,-0.0029105542,
0.3285,0.0037826784,
0.32875,0.0015474854,
0.329,-0.0066299406,
0.32925,-0.0093701705,
0.3295,-0.0038295379,
0.32975,-0.0004741615,
0.33,-0.0020782165,
0.33025,-0.0073958701,
0.3305,-0.0021017098,
0.33075,-0.0003063653,
0.331,-0.0025164774,
0.33125,-0.0062598619,
0.3315,-0.0016826850,
0.33175,0.0036302879,
0.332,-0.0044335607,
0.33225,-0.0099156890,
0.3325,-0.0048844246,
0.33275,0.0027054125,
0.333,0.0008269418,
0.33325,-0.0110909455,
0.3335,-0.0093302680,
0.33375,-0.0046112607,
0.334,-0.0036142115,
0.33425,-0.0090755979,
0.3345,-0.0094573824,
0.33475,-0.0043216143,
0.335,-0.0049519725,
0.33525,-0.0070248656,
0.3355,-0.0084413020,
0.33575,-0.0038803907,
0.336,-0.0010103299,
0.33625,-0.0075861933,
0.3365,-0.0110619655,
0.33675,-0.0052335616,
0.337,-0.0001949088,
0.33725,-0.0007873960,
0.3375,-0.0092272386,
0.33775,-0.0145240799,
0.338,-0.0054881591,
0.33825,-0.0046675373,
0.3385,-0.0109226918,
0.33875,-0.0081870537,
0.339,-0.0034639733,
0.33925,-0.0037224325,
0.3395,-0.0072159241,
0.33975,-0.0039911582,
0.34,0.0034536982,
0.34025,0.0068798093,
0.3405,0.0001064914,
0.34075,-0.0007827132,
0.341,0.0032346202,
0.34125,0.0076741390,
0.3415,0.0015474632,
0.34175,-0.0054826313,
0.342,-0.0030849988,
0.34225,-0.0011388180,
0.3425,-0.0012093463,
0.34275,-0.0098709576,
0.343,-0.0092162201,
0.34325,-0.0012398609,
0.3435,-0.0046545691,
0.34375,-0.0087324446,
0.344,-0.0029700794,
0.34425,0.0062441416,
0.3445,0.0075703016,
0.34475,-0.0002318172,
0.345,0.0009858895,
0.34525,0.0042768726,
0.3455,0.0089265201,
0.34575,0.0038195776,
0.346,0.0008092396,
0.34625,0.0031045824,
0.3465,0.0038988355,
0.34675,0.0025778003,
0.347,-0.0026327409,
0.34725,-0.0020139320,
0.3475,0.0033687991,
0.34775,-0.0001455095,
0.348,-0.0079629617,
0.34825,-0.0101098344,
0.3485,-0.0022913327,
0.34875,0.0005454642,
0.349,-0.0025490241,
0.34925,-0.0056741014,
0.3495,0.0026814770,
0.34975,0.0066223065,
0.35,0.0019097513,
0.35025,0.0022488553,
0.3505,0.0088661639,
0.35075,0.0103904847,
0.351,0.0063903681,
0.35125,0.0049290005,
0.3515,0.0096497210,
0.35175,0.0143970847,
0.352,0.0085288379,
0.35225,0.0004939513,
0.3525,0.0049123983,
0.35275,0.0082928538,
0.353,0.0042041005,
0.35325,-0.0037020349,
0.3535,-0.0070110960,
0.35375,0.0006352914,
0.354,0.0062831556,
0.35425,0.0060961163,
0.3545,-0.0001296295,
0.35475,0.0091980267,
0.355,0.0170953758,
0.35525,0.0127134556,
0.3555,0.0125867575,
0.35575,0.0166441295,
0.356,0.0183927845,
0.35625,0.0110918423,
0.3565,0.0027090104,
0.35675,0.0049847569,
0.357,0.0106026419,
0.35725,0.0059553571,
0.3575,-0.0029041197,
0.35775,-0.0040679965,
0.358,0.0017690881,
0.35825,0.0045338175,
0.3585,0.0005188828,
0.35875,0.0012757271,
0.359,0.0053893826,
0.35925,0.0116688842,
0.3595,0.0031129653,
0.35975,0.0013546855,
0.36,0.0104166362,
0.36025,0.0094459197,
0.3605,0.0015744301,
0.36075,-0.0025125858,
0.361,0.0089082457,
0.36125,0.0099712051,
0.3615,0.0012539218,
0.36175,-0.0030500756,
0.362,0.0002029184,
0.36225,0.0041701980,
0.3625,0.0044197398,
0.36275,-0.0022582754,
0.363,-0.0007659693,
0.36325,0.0000002858,
0.3635,0.0023469194,
0.36375,-0.0069064638,
0.364,-0.0083880471,
0.36425,-0.0044521210,
0.3645,-0.0012695182,
0.36475,-0.0092565306,
0.365,-0.0125268437,
0.36525,-0.0028990072,
0.3655,-0.0007216428,
0.36575,-0.0050500836,
0.366,-0.0103568099,
0.36625,-0.0042011230,
0.3665,0.0016844012,
0.36675,-0.0061178813,
0.367,-0.0089867273,
0.36725,-0.0047238590,
0.3675,-0.0041711782,
0.36775,-0.0091625201,
0.368,-0.0131920120,
0.36825,-0.0137053104,
0.3685,-0.0055086995,
0.36875,-0.0060490374,
0.369,-0.0128312893,
0.36925,-0.0065878150,
0.3695,-0.0062978682,
0.36975,0.0008208917,
0.37,-0.0038019009,
0.37025,-0.0088636130,
0.3705,-0.0074340953,
0.37075,-0.0033515836,
0.371,-0.0087847291,
0.37125,-0.0149327340,
0.3715,-0.0121559585,
0.37175,-0.0040545077,
0.372,-0.0081292614,
0.37225,-0.0159655511,
0.3725,-0.0115967179,
0.37275,0.0014147940,
0.373,0.0008741191,
0.37325,-0.0046942132,
0.3735,-0.0041149082,
0.37375,-0.0005965157,
0.374,0.0038088264,
0.37425,0.0016049510,
0.3745,-0.0029941862,
0.37475,0.0004905907,
0.375,0.0032372824,
0.37525,-0.0000138159,
0.3755,-0.0052995468,
0.37575,-0.0069438415,
0.376,0.0009018352,
0.37625,-0.0029637604,
0.3765,-0.0115681309,
0.37675,-0.0075899721,
0.377,0.0014565331,
0.37725,0.0022184667,
0.3775,-0.0097472873,
0.37775,-0.0063688396,
0.378,0.0029534497,
0.37825,-0.0007602112,
0.3785,-0.0006107801,
0.37875,-0.0044605676,
0.379,0.0023752928,
0.37925,0.0029337246,
0.3795,-0.0026686434,
0.37975,0.0007594906,
0.38,0.0023088111,
0.38025,0.0071593695,
0.3805,0.0025972868,
0.38075,-0.0026888917,
0.381,-0.0032429080,
0.38125,0.0006880366,
0.3815,0.0012659124,
0.38175,-0.0072595701,
0.382,-0.0049055484,
0.38225,0.0014791194,
0.3825,0.0057626460,
0.38275,-0.0039567454,
0.383,-0.0063747964,
0.38325,0.0065068677,
0.3835,0.0112722078,
0.38375,0.0029065488,
0.384,0.0033814111,
0.38425,0.0097920168,
0.3845,0.0121323969,
0.38475,0.0049151499,
0.385,0.0001859649,
0.38525,0.0087752128,
0.3855,0.0087805958,
0.38575,0.0005670379,
0.386,0.0016311387,
0.38625,0.0063623367,
0.3865,0.0065078037,
0.38675,0.0042715813,
0.387,-0.0006926266,
0.38725,0.0013101771,
0.3875,0.0108865360,
0.38775,0.0127188247,
0.388,0.0101040481,
0.38825,0.0045833522,
0.3885,0.0107721593,
0.38875,0.0173258614,
0.389,0.0136439176,
0.38925,0.0121224113,
0.3895,0.0161750279,
0.38975,0.0189025998,
0.39,0.0082906950,
0.39025,0.0040506544,
0.3905,0.0083440877,
0.39075,0.0093093114,
0.391,0.0053347717,
0.39125,-0.0068392726,
0.3915,-0.0033870444,
0.39175,0.0042756982,
0.392,0.0059653576,
0.39225,0.0004128586,
0.3925,-0.0026784325,
0.39275,0.0028675208,
0.393,0.0073986324,
0.39325,0.0057683615,
0.3935,0.0040599545,
0.39375,0.0112954667,
0.394,0.0137789529,
0.39425,0.0045403894,
0.3945,-0.0002311066,
0.39475,0.0093109468,
0.395,0.0135861840,
0.39525,0.0071249334,
0.3955,-0.0048519433,
0.39575,-0.0068997573,
0.396,-0.0021005650,
0.39625,-0.0019368723,
0.3965,-0.0070646377,
0.39675,-0.0079917060,
0.397,-0.0045055035,
0.39725,-0.0063048955,
0.3975,-0.0100708604,
0.39775,-0.0079029156,
0.398,0.0000396268,
0.39825,0.0046201590,
0.3985,-0.0042854459,
0.39875,-0.0091146594,
0.399,-0.0021196052,
0.39925,0.0057801772,
0.3995,0.0013772905,
0.39975,-0.0064129708,
0.4,-0.0049495166,
0.40025,0.0018685653,
0.4005,-0.0028808485,
0.40075,-0.0085688271,
0.401,-0.0068485527,
0.40125,-0.0053945580,
0.4015,-0.0100349626,
0.40175,-0.0158045590,
0.402,-0.0134422770,
0.40225,-0.0066731954,
0.4025,-0.0056394613,
0.40275,-0.0137136513,
0.403,-0.0143684242,
0.40325,-0.0051269690,
0.4035,0.0028426442,
0.40375,0.0025680116,
0.404,-0.0029575201,
0.40425,-0.0043150457,
0.4045,0.0005458164,
0.40475,-0.0010496350,
0.405,-0.0054162713,
0.40525,-0.0060409009,
0.4055,-0.0017446282,
0.40575,-0.0073120100,
0.406,-0.0131722502,
0.40625,-0.0097210938,
0.4065,-0.0034552105,
0.40675,-0.0059772311,
0.407,-0.0123560838,
0.40725,-0.0120809153,
0.4075,-0.0036513598,
0.40775,0.0018311298,
0.408,-0.0029081460,
0.40825,-0.0078477049,
0.4085,-0.0010567911,
0.40875,0.0025178958,
0.409,0.0002718109,
0.40925,-0.0046621226,
0.4095,0.0001403008,
0.40975,0.0036497086,
0.41,0.0007064428,
0.41025,-0.0067685982,
0.4105,-0.0003592389,
0.41075,0.0074623921,
0.411,0.0006917281,
0.41125,-0.0081926575,
0.4115,-0.0045783799,
0.41175,-0.0014638433,
0.412,-0.0014705082,
0.41225,-0.0071058334,
0.4125,-0.0098317014,
0.41275,-0.0065813968,
0.413,-0.0024810035,
0.41325,-0.0044076927,
0.4135,-0.0038245744,
0.41375,-0.0018904826,
0.414,0.0017267910,
0.41425,0.0029324591,
0.4145,-0.0039638584,
0.41475,-0.0029415099,
0.415,0.0054696477,
0.41525,0.0044212854,
0.4155,-0.0046215490,
0.41575,-0.0027062525,
0.416,0.0036911038,
0.41625,0.0080100372,
0.4165,-0.0017142755,
0.41675,-0.0006294669,
0.417,0.0109861121,
0.41725,0.0108433440,
0.4175,0.0047286139,
0.41775,0.0034044820,
0.418,0.0110018533,
0.41825,0.0127961356,
0.4185,0.0045545604,
0.41875,-0.0005872630,
0.419,0.0021888532,
0.41925,0.0104982797,
0.4195,0.0061353203,
0.41975,0.0011263443,
0.42,0.0003145231,
0.42025,0.0029154439,
0.4205,0.0058407327,
0.42075,0.0017058663,
0.421,-0.0002535140,
0.42125,0.0073894397,
0.4215,0.0096810758,
0.42175,0.0018956979,
0.422,-0.0003856691,
0.42225,0.0107411202,
0.4225,0.0177665427,
0.42275,0.0113637419,
0.423,0.0048359614,
0.42325,0.0113040060,
0.4235,0.0151803810,
0.42375,0.0104715638,
0.424,0.0069207624,
0.42425,0.0069729220,
0.4245,0.0095593408,
0.42475,0.0059585064,
0.425,-0.0008422968,
0.42525,0.0004143062,
0.4255,0.0029865475,
0.42575,-0.0011894306,
0.426,-0.0110508464,
0.42625,-0.0094089014,
0.4265,-0.0020155183,
0.42675,0.0034135752,
0.427,-0.0022310321,
0.42725,-0.0029562379,
0.4275,0.0093382504,
0.42775,0.0087314928,
0.428,0.0026108492,
0.42825,0.0024158005,
0.4285,0.0072702863,
0.42875,0.0086214142,
0.429,0.0038646895,
0.42925,-0.0025041918,
0.4295,-0.0018707413,
0.42975,0.0040314309,
0.43,0.0009677467,
0.43025,-0.0062537873,
0.4305,-0.0066000139,
0.43075,-0.0039841789,
0.431,-0.0035642609,
0.43125,-0.0083873589,
0.4315,-0.0110694859,
0.43175,-0.0025715064,
0.432,0.0008437093,
0.43225,-0.0060222652,
0.4325,-0.0052562631,
0.43275,0.0030963437,
0.433,0.0049644946,
0.43325,-0.0017332821,
0.4335,-0.0057469471,
0.43375,0.0027490859,
0.434,0.0084544579,
0.43425,0.0045623546,
0.4345,-0.0009703677,
0.43475,-0.0011998494,
0.435,0.0001897559,
0.43525,-0.0034719594,
0.4355,-0.0078618145,
0.43575,-0.0092672762,
0.436,-0.0076351287,
0.43625,-0.0075014192,
0.4365,-0.0159293897,
0.43675,-0.0156362560,
0.437,-0.0068346853,
0.43725,0.0009436423,
0.4375,-0.0025154382,
0.43775,-0.0096331900,
0.438,-0.0043925433,
0.43825,0.0056347111,
0.4385,0.0042919121,
0.43875,-0.0036483854,
0.439,-0.0002733110,
0.43925,0.0047689988,
0.4395,-0.0013273180,
0.43975,-0.0089960471,
0.44,-0.0086440938,
0.44025,-0.0045983423,
0.4405,-0.0037978720,
0.44075,-0.0115424814,
0.441,-0.0102077071,
0.44125,-0.0037736467,
0.4415,-0.0037534218,
0.44175,-0.0062699392,
0.442,-0.0095876968,
0.44225,-0.0061045536,
0.4425,-0.0009186074,
0.44275,-0.0053614448,
0.443,-0.0140742138,
0.44325,-0.0073366975,
0.4435,-0.0001707020,
0.44375,-0.0004652721,
0.444,-0.0053225369,
0.44425,0.0043132184,
0.4445,0.0115016699,
0.44475,0.0044272118,
0.445,-0.0011301605,
0.44525,-0.0041059004,
0.4455,0.0055393688,
0.44575,0.0054725436,
0.446,-0.0018686971,
0.44625,-0.0020929184,
0.4465,-0.0044641988,
0.44675,-0.0028650519,
0.447,-0.0080620376,
0.44725,-0.0084810294,
0.4475,-0.0021421476,
0.44775,0.0008363482,
0.448,-0.0029550577,
0.44825,-0.0089338338,
0.4485,-0.0026250551,
0.44875,0.0034139187,
0.449,0.0050345724,
0.44925,-0.0035919666,
0.4495,-0.0069474364,
0.44975,0.0049293423,
0.45,0.0029069125,
0.45025,-0.0057764887,
0.4505,-0.0005820955,
0.45075,0.0020149495,
0.451,0.0045310417,
0.45125,0.0001126569,
0.4515,0.0054431562,
0.45175,0.0160000566,
0.452,0.0138332266,
0.45225,0.0034447492,
0.4525,0.0057938732,
0.45275,0.0117869079,
0.453,0.0107077938,
0.45325,0.0062841633,
0.4535,-0.0024175269,
0.45375,-0.0025162240,
0.454,0.0021560148,
0.45425,0.0007467123,
0.4545,-0.0053538359,
0.45475,-0.0068179527,
0.455,0.0014387182,
0.45525,0.0000630757,
0.4555,0.0016740804,
0.45575,0.0041694576,
0.456,0.0149123240,
0.45625,0.0151595334,
0.4565,0.0082336413,
0.45675,0.0106301364,
0.457,0.0162830800,
0.45725,0.0219637826,
0.4575,0.0140235573,
0.45775,0.0063101146,
0.458,0.0068275770,
0.45825,0.0127333859,
0.4585,0.0082844272,
0.45875,0.0007466532,
0.459,-0.0006180506,
0.45925,0.0008320663,
0.4595,0.0000470165,
0.45975,-0.0062258001,
0.46,-0.0079068905,
0.46025,0.0008195941,
0.4605,-0.0005882843,
0.46075,-0.0087946560,
0.461,-0.0044424403,
0.46125,0.0077074915,
0.4615,0.0087570110,
0.46175,0.0089912377,
0.462,0.0060342201,
0.46225,0.0102988966,
0.4625,0.0148348613,
0.46275,0.0092219282,
0.463,0.0086593796,
0.46325,0.0070193605,
0.4635,0.0082302904,
0.46375,0.0048725214,
0.464,-0.0054437737,
0.46425,-0.0051842574,
0.4645,0.0003438190,
0.46475,0.0009594771,
0.465,-0.0114805484,
0.46525,-0.0128068440,
0.4655,-0.0035990835,
0.46575,-0.0001902908,
0.466,-0.0032375564,
0.46625,-0.0074895974,
0.4665,0.0046179951,
0.46675,0.0069621708,
0.467,0.0003985780,
0.46725,-0.0011814480,
0.4675,0.0047090701,
0.46775,0.0094785970,
0.468,0.0018332337,
0.46825,0.0000441705,
0.4685,0.0008491281,
0.46875,0.0027075312,
0.469,-0.0022296594,
0.46925,-0.0103458660,
0.4695,-0.0062282854,
0.46975,-0.0047337222,
0.47,-0.0051954025,
0.47025,-0.0112908538,
0.4705,-0.0175346024,
0.47075,-0.0156782120,
0.471,-0.0104562575,
0.47125,-0.0133049972,
0.4715,-0.0116853658,
0.47175,-0.0014474734,
0.472,-0.0004977212,
0.47225,-0.0068257432,
0.4725,-0.0078517301,
0.47275,0.0006654739,
0.473,0.0081428122,
0.47325,-0.0009088305,
0.4735,-0.0042946097,
0.47375,-0.0038700853,
0.474,-0.0010074908,
0.47425,-0.0046956078,
0.4745,-0.0127835814,
0.47475,-0.0125668030,
0.475,-0.0085531296,
0.47525,-0.0086836470,
0.4755,-0.0109942984,
0.47575,-0.0129804146,
0.476,-0.0071722432,
0.47625,-0.0077024847,
0.4765,-0.0099692643,
0.47675,-0.0109241195,
0.477,-0.0004919926,
0.47725,0.0067419740,
0.4775,-0.0043013836,
0.47775,-0.0067254319,
0.478,0.0002868303,
0.47825,0.0050023920,
0.4785,0.0028722528,
0.47875,-0.0015961698,
0.479,0.0014220346,
0.47925,0.0011696771,
0.4795,0.0011808041,
0.47975,-0.0023146863,
0.48,-0.0032430165,
0.48025,-0.0003228874,
0.4805,0.0001275487,
0.48075,-0.0037681279,
0.481,-0.0042212359,
0.48125,0.0030360254,
0.4815,0.0030286908,
0.48175,-0.0005208880,
0.482,-0.0075637130,
0.48225,-0.0026518945,
0.4825,0.0079397568,
0.48275,0.0026686115,
0.483,-0.0025780625,
0.48325,-0.0018885540,
0.4835,0.0054103304,
0.48375,0.0026669712,
0.484,-0.0027481355,
0.48425,-0.0021767947,
0.4845,0.0034609039,
0.48475,0.0038386779,
0.485,-0.0045205941,
0.48525,0.0028817770,
0.4855,0.0071834773,
0.48575,0.0090498403,
0.486,0.0068433406,
0.48625,0.0042655566,
0.4865,0.0120301545,
0.48675,0.0139233666,
0.487,0.0078157671,
0.48725,0.0030887411,
0.4875,0.0000054830,
0.48775,0.0050177681,
0.488,0.0011701442,
0.48825,-0.0017069771,
0.4885,-0.0036116578,
0.48875,0.0035815907,
0.489,0.0001377789,
0.48925,-0.0068708239,
0.4895,-0.0050383434,
0.48975,0.0056008650,
0.49,0.0071604438,
0.49025,0.0005273679,
0.4905,0.0023398888,
0.49075,0.0075212093,
0.491,0.0136065958,
0.49125,0.0114290118,
0.4915,0.0077556148,
0.49175,0.0173528958,
0.492,0.0176188461,
0.49225,0.0136008095,
0.4925,0.0099234367,
0.49275,0.0131961145,
0.493,0.0129507659,
0.49325,0.0079314699,
0.4935,-0.0006294085,
0.49375,0.0030629928,
0.494,0.0088789901,
0.49425,-0.0023695065,
0.4945,-0.0110849254,
0.49475,-0.0045180568,
0.495,-0.0040443689,
0.49525,-0.0000712233,
0.4955,-0.0022189980,
0.49575,-0.0013264853,
0.496,0.0069345385,
0.49625,0.0102453409,
0.4965,0.0121331485,
0.49675,0.0099891508,
0.497,0.0132323420,
0.49725,0.0131357852,
0.4975,0.0093720909,
0.49775,-0.0009913578,
0.498,0.0018297434,
0.49825,0.0067190831,
0.4985,-0.0028449632,
0.49875,-0.0112797180,
0.499,-0.0089352010,
0.49925,-0.0018062564,
0.4995,-0.0004072418,
0.49975,-0.0078350538,
0.5,-0.0075664278,
0.50025,-0.0019987491,
0.5005,0.0004446785,
0.50075,-0.0064374111,
0.501,-0.0032790869,
0.50125,0.0001313833,
0.5015,0.0001076730,
0.50175,-0.0030799066,
0.502,-0.0032637755,
0.50225,0.0001270828,
0.5025,0.0031901170,
0.50275,-0.0023077263,
0.503,-0.0100520886,
0.50325,-0.0055381614,
0.5035,-0.0003220684,
0.50375,-0.0020170100,
0.504,-0.0103412345,
0.50425,-0.0214186795,
0.5045,-0.0143320505,
0.50475,-0.0095774140,
0.505,-0.0152378641,
0.50525,-0.0139654540,
0.5055,-0.0067400793,
0.50575,-0.0052147168,
0.506,-0.0114953965,
0.50625,-0.0084903128,
0.5065,-0.0013904222,
0.50675,0.0061498745,
0.507,-0.0014188658,
0.50725,-0.0063980259,
0.5075,-0.0003862267,
0.50775,0.0045985281,
0.508,0.0031042900,
0.50825,-0.0053727478,
0.5085,-0.0041301120,
0.50875,-0.0007598454,
0.509,-0.0019012835,
0.50925,-0.0074096280,
0.5095,-0.0086786188,
0.50975,-0.0022509280,
0.51,-0.0030234070,
0.51025,-0.0086587304,
0.5105,-0.0094605815,
0.51075,0.0020433208,
0.511,0.0007184293,
0.51125,-0.0067668501,
0.5115,-0.0108691724,
0.51175,-0.0029561133,
0.512,-0.0000791496,
0.51225,-0.0018784143,
0.5125,-0.0040218099,
0.51275,-0.0014882854,
0.513,0.0064914934,
0.51325,0.0072710458,
0.5135,0.0037237222,
0.51375,0.0060327696,
0.514,0.0057352795,
0.51425,0.0072244238,
0.5145,-0.0000439657,
0.51475,-0.0038967724,
0.515,0.0024755462,
0.51525,0.0031418325,
0.5155,-0.0053725280,
0.51575,-0.0079079214,
0.516,-0.0014462869,
0.51625,0.0041193767,
0.5165,-0.0012562638,
0.51675,-0.0036733539,
0.517,0.0032405041,
0.51725,0.0053724735,
0.5175,-0.0012940989,
0.51775,-0.0073923254,
0.518,0.0004512107,
0.51825,0.0064744283,
0.5185,0.0011613411,
0.51875,-0.0025447146,
0.519,0.0020222741,
0.51925,0.0093549630,
0.5195,0.0049637719,
0.51975,0.0018889790,
0.52,0.0021819565,
0.52025,0.0078947451,
0.5205,0.0133287581,
0.52075,0.0099333432,
0.521,0.0045591695,
0.52125,0.0038887493,
0.5215,0.0052429885,
0.52175,-0.0018729212,
0.522,-0.0114068678,
0.52225,-0.0059136227,
0.5225,-0.0003430684,
0.52275,-0.0041999547,
0.523,-0.0124902548,
0.52325,-0.0047089965,
0.5235,0.0038426626,
0.52375,0.0074911704,
0.524,0.0043580593,
0.52425,0.0057445974,
0.5245,0.0101955933,
0.52475,0.0121752406,
0.525,0.0082875956,
0.52525,0.0072427238,
0.5255,0.0115235262,
0.52575,0.0130428299,
0.526,0.0080076614,
0.52625,0.0039409734,
0.5265,0.0087595964,
0.52675,0.0146296639,
0.527,0.0086820899,
0.52725,-0.0003837188,
0.5275,0.0100817196,
0.52775,0.0125072431,
0.528,0.0071188360,
0.52825,-0.0020866580,
0.5285,-0.0024872981,
0.52875,0.0042491569,
0.529,0.0047283908,
0.52925,0.0014239993,
0.5295,-0.0022755966,
0.52975,0.0056100269,
0.53,0.0106817726,
0.53025,0.0095513193,
0.5305,0.0043796906,
0.53075,0.0073248819,
0.531,0.0123817883,
0.53125,0.0042230571,
0.5315,-0.0038035668,
0.53175,-0.0007954171,
0.532,0.0024002444,
0.53225,0.0003912965,
0.5325,-0.0095212134,
0.53275,-0.0040645348,
0.533,0.0015388998,
0.53325,-0.0015972557,
0.5335,-0.0081211505,
0.53375,-0.0046330043,
0.534,0.0011681436,
0.53425,0.0025362975,
0.5345,-0.0031466894,
0.53475,-0.0032386871,
0.535,0.0041623167,
0.53525,0.0017200126,
0.5355,-0.0062356074,
0.53575,-0.0085966960,
0.536,-0.0017920088,
0.53625,-0.0016557414,
0.5365,-0.0067895227,
0.53675,-0.0113184527,
0.537,-0.0103141004,
0.53725,-0.0015416456,
0.5375,-0.0045177243,
0.53775,-0.0076295738,
0.538,-0.0060203481,
0.53825,0.0000925035,
0.5385,-0.0020360036,
0.53875,-0.0121101169,
0.539,-0.0119434008,
0.53925,-0.0063447282,
0.5395,-0.0033449717,
0.53975,-0.0129769547,
0.54,-0.0121490331,
0.54025,-0.0043041827,
0.5405,-0.0009781756,
0.54075,-0.0032289338,
0.541,-0.0054840087,
0.54125,-0.0013810352,
0.5415,0.0020812850,
0.54175,-0.0006131245,
0.542,-0.0045483285,
0.54225,0.0005646439,
0.5425,0.0016966566,
0.54275,-0.0027411361,
0.543,-0.0101827979,
0.54325,-0.0099107707,
0.5435,0.0011380689,
0.54375,0.0009657141,
0.544,-0.0074792304,
0.54425,-0.0056905989,
0.5445,0.0005394313,
0.54475,-0.0016756576,
0.545,-0.0058084978,
0.54525,-0.0081844432,
0.5455,-0.0037274288,
0.54575,-0.0010557023,
0.546,-0.0060034986,
0.54625,-0.0081629111,
0.5465,-0.0065662065,
0.54675,-0.0018218111,
0.547,-0.0027035777,
0.54725,-0.0047458168,
0.5475,-0.0032736626,
0.54775,0.0062109502,
0.548,0.0090659354,
0.54825,-0.0008557072,
0.5485,-0.0021330246,
0.54875,0.0049312236,
0.549,0.0097234603,
0.54925,0.0019198169,
0.5495,-0.0085480670,
0.54975,-0.0019960799,
0.55,0.0006971763,
0.55025,-0.0064124614,
0.5505,-0.0112892743,
0.55075,-0.0069492608,
0.551,-0.0034627323,
0.55125,-0.0073576258,
0.5515,-0.0100428322,
0.55175,-0.0053309128,
0.552,0.0014859985,
0.55225,0.0023975617,
0.5525,-0.0064433045,
0.55275,-0.0032905720,
0.553,0.0022537766,
0.55325,0.0060073817,
0.5535,0.0022672622,
0.55375,0.0000517470,
0.554,0.0057398439,
0.55425,0.0104111489,
0.5545,0.0069511132,
0.55475,0.0042231400,
0.555,0.0096729519,
0.55525,0.0135096386,
0.5555,0.0050589675,
0.55575,-0.0016064383,
0.556,0.0004762596,
0.55625,0.0029632300,
0.5565,-0.0007069411,
0.55675,-0.0073232786,
0.557,-0.0047674626,
0.55725,0.0045174696,
0.5575,0.0052731736,
0.55775,-0.0001724730,
0.558,0.0017669019,
0.55825,0.0130061340,
0.5585,0.0159591548,
0.55875,0.0087737963,
0.559,0.0067925924,
0.55925,0.0130072348,
0.5595,0.0166140143,
0.55975,0.0088413469,
0.56,0.0049496912,
0.56025,0.0144616896,
0.5605,0.0159496255,
0.56075,0.0061701294,
0.561,0.0033539778,
0.56125,0.0095399786,
0.5615,0.0096642980,
0.56175,0.0053616688,
0.562,0.0005342026,
0.56225,0.0002502509,
0.5625,0.0057006623,
0.56275,0.0041105533,
0.563,0.0036805728,
0.56325,-0.0011453391,
0.5635,0.0016791166,
0.56375,0.0031946714,
0.564,0.0020146978,
0.56425,-0.0011316971,
0.5645,0.0064788871,
0.56475,0.0114592034,
0.565,0.0032086475,
0.56525,-0.0020600515,
0.5655,0.0029113903,
0.56575,0.0092313606,
0.566,0.0026624589,
0.56625,-0.0051148515,
0.5665,-0.0034518274,
0.56675,0.0041147256,
0.567,-0.0020274580,
0.56725,-0.0083620744,
0.5675,-0.0037997824,
0.56775,-0.0008246250,
0.568,-0.0029839554,
0.56825,-0.0021743418,
0.5685,-0.0031602916,
0.56875,0.0007470701,
0.569,0.0030100779,
0.56925,-0.0028284667,
0.5695,-0.0076501425,
0.56975,-0.0016887836,
0.57,0.0030100506,
0.57025,0.0039434107,
0.5705,-0.0065011024,
0.57075,-0.0114080682,
0.571,0.0018113728,
0.57125,0.0015652815,
0.5715,-0.0052716048,
0.57175,-0.0040678740,
0.572,0.0000746670,
0.57225,-0.0012876063,
0.5725,-0.0100837778,
0.57275,-0.0074718762,
0.573,-0.0013349653,
0.57325,-0.0036633902,
0.5735,-0.0135605000,
0.57375,-0.0171492044,
0.574,-0.0100980531,
0.57425,-0.0059059784,
0.5745,-0.0038298448,
0.57475,-0.0090192333,
0.575,-0.0064464165,
0.57525,0.0005856978,
0.5755,-0.0003046754,
0.57575,-0.0067613828,
0.576,-0.0056332992,
0.57625,0.0036805528,
0.5765,-0.0006797892,
0.57675,-0.0090832347,
0.577,-0.0067123547,
0.57725,0.0040960549,
0.5775,0.0014471508,
0.57775,-0.0111787729,
0.578,-0.0082633412,
0.57825,0.0012797143,
0.5785,-0.0007160435,
0.57875,-0.0039882683,
0.579,-0.0081777778,
0.57925,-0.0076459530,
0.5795,-0.0067063798,
0.57975,-0.0086612711,
0.58,-0.0113248359,
0.58025,-0.0071013062,
0.5805,-0.0061747641,
0.58075,-0.0080115842,
0.581,-0.0113696987,
0.58125,-0.0099604428,
0.5815,-0.0019673258,
0.58175,0.0034459950,
0.582,-0.0022034938,
0.58225,-0.0018034353,
0.5825,0.0055998797,
0.58275,0.0116284061,
0.583,0.0010170816,
0.58325,0.0014332456,
0.5835,0.0052549280,
0.58375,0.0089666378,
0.584,-0.0041664774,
0.58425,-0.0094017135,
0.5845,0.0007097453,
0.58475,0.0001670537,
0.585,-0.0058635660,
0.58525,-0.0091329515,
0.5855,-0.0046394081,
0.58575,0.0038595251,
0.586,-0.0023974522,
0.58625,-0.0029074808,
0.5865,-0.0007310080,
0.58675,0.0023779138,
0.587,0.0031251330,
0.58725,0.0010345511,
0.5875,-0.0002409441,
0.58775,0.0040345979,
0.588,0.0105486065,
0.58825,0.0065670419,
0.5885,0.0038952765,
0.58875,0.0102954973,
0.589,0.0161818638,
0.58925,0.0090222294,
0.5895,0.0009132509,
0.58975,0.0030188002,
0.59,0.0081652533,
0.59025,0.0020322194,
0.5905,-0.0029700692,
0.59075,-0.0008813778,
0.591,0.0043392414,
0.59125,0.0024200596,
0.5915,-0.0007755543,
0.59175,0.0038991608,
0.592,0.0099539654,
0.59225,0.0137342885,
0.5925,0.0097544380,
0.59275,0.0070256358,
0.593,0.0145970341,
0.59325,0.0178833939,
0.5935,0.0109943356,
0.59375,0.0023027414,
0.594,0.0081539210,
0.59425,0.0150386440,
0.5945,0.0049469392,
0.59475,-0.0044965423,
0.595,0.0022320703,
0.59525,0.0068872492,
0.5955,0.0060063293,
0.59575,0.0012790400,
0.596,0.0028636146,
0.59625,0.0076614232,
0.5965,0.0086374469,
0.59675,0.0016764218,
0.597,0.0015671272,
0.59725,0.0066061728,
0.5975,0.0073198164,
0.59775,0.0016879719,
0.598,-0.0030817445,
0.59825,0.0004126415,
0.5985,0.0043770433,
0.59875,0.0017266213,
0.599,-0.0022670268,
0.59925,0.0043372437,
0.5995,0.0103871701,
0.59975,0.0037272160,
0.6,-0.0030115396,
0.60025,-0.0006461887,
0.6005,0.0047675041,
0.60075,0.0013340032,
0.601,-0.0078120823,
0.60125,-0.0048680482,
0.6015,0.0000423590,
0.60175,-0.0045687980,
0.602,-0.0064488081,
0.60225,-0.0048963195,
0.6025,0.0020459704,
0.60275,0.0024262876,
0.603,-0.0038869795,
0.60325,-0.0061948942,
0.6035,-0.0012433338,
0.60375,0.0022408853,
0.604,-0.0037137149,
0.60425,-0.0110500129,
0.6045,-0.0105381198,
0.60475,-0.0016962287,
0.605,-0.0024760410,
0.60525,-0.0098905619,
0.6055,-0.0055383276,
0.60575,0.0002561235,
0.606,-0.0007699954,
0.60625,-0.0068520568,
0.6065,-0.0018120536,
0.60675,0.0058781141,
0.607,0.0033015511,
0.60725,-0.0057858936,
0.6075,-0.0098968251,
0.60775,-0.0033607590,
0.608,-0.0026144981,
0.60825,-0.0129290661,
0.6085,-0.0163800698,
0.60875,-0.0124682039,
0.609,-0.0102841342,
0.60925,-0.0120805567,
0.6095,-0.0135447662,
0.60975,-0.0104244351,
0.61,-0.0041776937,
0.61025,-0.0045746304,
0.6105,-0.0092671392,
0.61075,-0.0012116580,
0.611,0.0067117214,
0.61125,0.0040364461,
0.6115,-0.0022904612,
0.61175,-0.0017284588,
0.612,0.0045649088,
0.61225,0.0052773412,
0.6125,-0.0025946458,
0.61275,-0.0115959924,
0.613,-0.0058488664,
0.61325,-0.0037432276,
0.6135,-0.0105534121,
0.61375,-0.0095726773,
0.614,-0.0105281062,
0.61425,-0.0056516635,
0.6145,-0.0102849388,
0.61475,-0.0148178414,
0.615,-0.0072538457,
0.61525,0.0005522073,
0.6155,0.0027476419,
0.61575,-0.0032261710,
0.616,-0.0013537925,
0.61625,0.0062568951,
0.6165,0.0136986710,
0.61675,0.0066102697,
0.617,0.0038377875,
0.61725,0.0091422452,
0.6175,0.0081002591,
0.61775,0.0041696131,
0.618,-0.0005298497,
0.61825,0.0053810938,
0.6185,0.0031941016,
0.61875,-0.0050043566,
0.619,-0.0064887996,
0.61925,-0.0007199132,
0.6195,0.0027851949,
0.61975,-0.0020056895,
0.62,-0.0073281694,
0.62025,-0.0096780425,
0.6205,0.0004411939,
0.62075,0.0057302741,
0.621,0.0006697912,
0.62125,0.0010654338,
0.6215,0.0044246526,
0.62175,0.0104266107,
0.622,0.0055036712,
0.62225,0.0090283565,
0.6225,0.0186695382,
0.62275,0.0131752109,
0.623,0.0062628952,
0.62325,0.0003213844,
0.6235,0.0077250036,
0.62375,0.0114435246,
0.624,0.0052761417,
0.62425,-0.0020588185,
0.6245,-0.0029635555,
0.62475,0.0031377869,
0.625,0.0028127709,
0.62525,-0.0053872308,
0.6255,-0.0016659003,
0.62575,0.0037042536,
0.626,0.0060569262,
0.62625,0.0028968221,
0.6265,0.0073278085,
0.62675,0.0150738424,
0.627,0.0112940241,
0.62725,-0.0000586189,
0.6275,0.0041192421,
0.62775,0.0147231370,
0.628,0.0123497620,
0.62825,0.0053768349,
0.6285,0.0019328254,
0.62875,0.0005502516,
0.629,0.0061226618,
0.62925,0.0058683949,
0.6295,0.0011719723,
0.62975,0.0039504198,
0.63,0.0071806978,
0.63025,0.0063886745,
0.6305,0.0033009213,
0.63075,0.0027103713,
0.631,0.0083968956,
0.63125,0.0104824621,
0.6315,-0.0035090696,
0.63175,-0.0020473304,
0.632,0.0019029243,
0.63225,0.0055850507,
0.6325,-0.0038743941,
0.63275,-0.0049545146,
0.633,0.0049481797,
0.63325,0.0079093352,
0.6335,0.0045903698,
0.63375,0.0033273769,
0.634,0.0056083947,
0.63425,0.0072885053,
0.6345,0.0015277495,
0.63475,-0.0009621275,
0.635,-0.0006636410,
0.63525,0.0052748285,
0.6355,0.0006810960,
0.63575,-0.0035522706,
0.636,-0.0050598057,
0.63625,0.0000893501,
0.6365,0.0048494753,
0.63675,0.0006835861,
0.637,-0.0047369390,
0.63725,-0.0032870471,
0.6375,-0.0008516048,
0.63775,-0.0047009322,
0.638,-0.0088878591,
0.63825,-0.0064614299,
0.6385,-0.0031160724,
0.63875,-0.0081460169,
0.639,-0.0160592236,
0.63925,-0.0070450339,
0.6395,0.0041090776,
0.63975,-0.0004029935,
0.64,-0.0045897258,
0.64025,-0.0040806159,
0.6405,0.0030532361,
0.64075,0.0055437805,
0.641,-0.0013322907,
0.64125,-0.0030452849,
0.6415,-0.0000363312,
0.64175,-0.0022220593,
0.642,-0.0082050599,
0.64225,-0.0115521140,
0.6425,-0.0090895221,
0.64275,-0.0073935767,
0.643,-0.0155796940,
0.64325,-0.0221214965,
0.6435,-0.0119732926,
0.64375,-0.0051817209,
0.644,-0.0107598212,
0.64425,-0.0154429376,
0.6445,-0.0064132647,
0.64475,0.0006054727,
0.645,-0.0015479210,
0.64525,-0.0044961511,
0.6455,-0.0034901868,
0.64575,0.0013537831,
0.646,-0.0013123041,
0.64625,-0.0029501154,
0.6465,-0.0000150973,
0.64675,0.0015184382,
0.647,0.0005169031,
0.64725,-0.0055151647,
0.6475,-0.0091822799,
0.64775,-0.0041618096,
0.648,-0.0020259938,
0.64825,-0.0074368957,
0.6485,-0.0127397068,
0.64875,-0.0091161467,
0.649,-0.0027019067,
0.64925,-0.0021814390,
0.6495,-0.0107953278,
0.64975,-0.0046482221,
0.65,0.0045768227,
0.65025,0.0033361944,
0.6505,-0.0011066946,
0.65075,0.0007925212,
0.651,0.0091232676,
0.65125,0.0074816383,
0.6515,0.0027571232,
0.65175,0.0044726692,
0.652,0.0102187879,
0.65225,0.0089986539,
0.6525,-0.0015177671,
0.65275,-0.0009633568,
0.653,0.0010316324,
0.65325,0.0001644977,
0.6535,-0.0024773995,
0.65375,-0.0064799041,
0.654,-0.0049539586,
0.65425,-0.0024037880,
0.6545,-0.0019677337,
0.65475,-0.0073377187,
0.655,-0.0053428970,
0.65525,0.0018247172,
0.6555,0.0041361894,
0.65575,-0.0020484396,
0.656,-0.0023469171,
0.65625,0.0033949073,
0.6565,0.0077867019,
0.65675,-0.0004104096,
0.657,-0.0018554541,
0.65725,0.0053071948,
0.6575,0.0058132340,
0.65775,0.0025068792,
0.658,-0.0005616468,
0.65825,0.0056892033,
0.6585,0.0096924836,
0.65875,0.0071674120,
0.659,0.0002029051,
0.65925,0.0030251238,
0.6595,0.0069812201,
0.65975,0.0074028107,
0.66,0.0034704921,
0.66025,0.0027650679,
0.6605,0.0130740972,
0.66075,0.0157715697,
0.661,0.0064488556,
0.66125,0.0031088162,
0.6615,0.0108227599,
0.66175,0.0116515663,
0.662,0.0023655992,
0.66225,-0.0018333648,
0.6625,0.0013690052,
0.66275,0.0050953515,
0.663,0.0002693604,
0.66325,-0.0003269520,
0.6635,0.0081889872,
0.66375,0.0118135698,
0.664,0.0111472234,
0.66425,0.0076232189,
0.6645,0.0117053352,
0.66475,0.0180115197,
0.665,0.0166760553,
0.66525,0.0100158481,
0.6655,0.0074449815,
0.66575,0.0115864351,
0.666,0.0138094323,
0.66625,0.0017369293,
0.6665,-0.0031120651,
0.66675,0.0007842188,
0.667,0.0005104542,
0.66725,-0.0058452375,
0.6675,-0.0074974634,
0.66775,0.0013269287,
0.668,0.0054735569,
0.66825,-0.0004109013,
0.6685,-0.0017270533,
0.66875,0.0025552779,
0.669,0.0085489657,
0.66925,0.0021451365,
0.6695,-0.0000657139,
0.66975,0.0036919499,
0.67,0.0084460061,
0.67025,0.0085076028,
0.6705,0.0042287358,
0.67075,0.0012293668,
0.671,0.0022366950,
0.67125,0.0077100280,
0.6715,-0.0007238163,
0.67175,-0.0078267939,
0.672,-0.0052944729,
0.67225,-0.0091596860,
0.6725,-0.0151683763,
0.67275,-0.0201542526,
0.673,-0.0115876272,
0.67325,-0.0077245664,
0.6735,-0.0136194099,
0.67375,-0.0168816652,
0.674,-0.0065043336,
0.67425,0.0046347831,
0.6745,0.0039217044,
0.67475,0.0009953715,
0.675,0.0018854752,
0.67525,0.0060900305,
0.6755,0.0075750542,
0.67575,-0.0013652907,
0.676,-0.0047201477,
0.67625,-0.0049469927,
0.6765,-0.0085845692,
0.67675,-0.0157113634,
0.677,-0.0199000277,
0.67725,-0.0132281743,
0.6775,-0.0115165589,
0.67775,-0.0183824692,
0.678,-0.0235953573,
0.67825,-0.0148713272,
0.6785,-0.0075497204,
0.67875,-0.0082737617,
0.679,-0.0106564071,
0.67925,-0.0095521975,
0.6795,-0.0000124536,
0.67975,0.0028910339,
0.68,-0.0009734033,
0.68025,0.0020822263,
0.6805,0.0050003217,
0.68075,0.0074326149,
0.681,0.0001974904,
0.68125,-0.0006355447,
0.6815,0.0020260841,
0.68175,0.0035410586,
0.682,-0.0038801201,
0.68225,-0.0120521905,
0.6825,-0.0092653176,
0.68275,-0.0031393645,
0.683,-0.0049702269,
0.68325,-0.0146554494,
0.6835,-0.0109275654,
0.68375,-0.0018348885,
0.684,-0.0035971801,
0.68425,-0.0085071139,
0.6845,-0.0023919202,
0.68475,0.0071760877,
0.685,0.0085105617,
0.68525,0.0012006881,
0.6855,0.0026081828,
0.68575,0.0138379727,
0.686,0.0121855317,
0.68625,0.0027656145,
0.6865,0.0015087067,
0.68675,-0.0014072860,
0.687,0.0016750263,
0.68725,-0.0006491583,
0.6875,-0.0067518470,
0.68775,-0.0065379683,
0.688,-0.0016245185,
0.68825,-0.0050662197,
0.6885,-0.0090274196,
0.68875,-0.0050045112,
0.689,0.0009069551,
0.68925,0.0039250785,
0.6895,-0.0051888721,
0.68975,-0.0061806515,
0.69,0.0070599164,
0.69025,0.0039505512,
0.6905,-0.0010139653,
0.69075,-0.0019691500,
0.691,0.0012472111,
0.69125,0.0046446072,
0.6915,0.0007045619,
0.69175,0.0013814887,
0.692,0.0074835424,
0.69225,0.0100166397,
0.6925,0.0041715731,
0.69275,0.0010619117,
0.693,0.0095657250,
0.69325,0.0117812753,
0.6935,0.0115561243,
0.69375,0.0003385366,
0.694,0.0065728202,
0.69425,0.0171166752,
0.6945,0.0114533203,
0.69475,0.0055005290,
0.695,0.0072373319,
0.69525,0.0105568916,
0.6955,0.0118109602,
0.69575,0.0071869409,
0.696,0.0019371354,
0.69625,0.0060249455,
0.6965,0.0074753375,
0.69675,-0.0005926100,
0.697,-0.0046862294,
0.69725,0.0000202001,
0.6975,0.0066457456,
0.69775,0.0071897591,
0.698,-0.0000210059,
0.69825,0.0045009586,
0.6985,0.0147373490,
0.69875,0.0166900344,
0.699,0.0106200865,
0.69925,0.0146977678,
0.6995,0.0208865386,
0.69975,0.0147792250,
0.7,0.0073892721,
0.70025,0.0041748518,
0.7005,0.0086154612,
0.70075,0.0039217127,
0.701,-0.0070361583,
0.70125,-0.0128584728,
0.7015,-0.0052787927,
0.70175,-0.0008923967,
0.702,-0.0049183243,
0.70225,-0.0053486684,
0.7025,-0.0050201844,
0.70275,0.0024161211,
0.703,0.0019198821,
0.70325,-0.0003753594,
0.7035,0.0032739933,
0.70375,0.0091446377,
0.704,0.0065107928,
0.70425,0.0003330440,
0.7045,-0.0020271833,
0.70475,0.0036530404,
0.705,0.0096459026,
0.70525,0.0000375519,
0.7055,-0.0093345251,
0.70575,-0.0022418699,
0.706,-0.0004321745,
0.70625,-0.0079023857,
0.7065,-0.0175438952,
0.70675,-0.0174530521,
0.707,-0.0133325960,
0.70725,-0.0154896677,
0.7075,-0.0187547635,
0.70775,-0.0130401999,
0.708,-0.0040453803,
0.70825,-0.0053199958,
0.7085,-0.0059519564,
0.70875,0.0009741849,
0.709,0.0053955829,
0.70925,0.0099998415,
0.7095,-0.0000695883,
0.70975,-0.0022591569,
0.71,0.0039119120,
0.71025,0.0046771890,
0.7105,-0.0056035416,
0.71075,-0.0127900373,
0.711,-0.0067278114,
0.71125,-0.0088560218,
0.7115,-0.0129367420,
0.71175,-0.0191112235,
0.712,-0.0115333255,
0.71225,-0.0075811935,
0.7125,-0.0140593871,
0.71275,-0.0164121706,
0.713,-0.0092235878,
0.71325,-0.0016098833,
0.7135,-0.0024449192,
0.71375,-0.0049678190,
0.714,-0.0039824708,
0.71425,0.0028433499,
0.7145,0.0063503725,
0.71475,0.0000445976,
0.715,-0.0007682168,
0.71525,0.0009471090,
0.7155,0.0054431842,
0.71575,0.0014439796,
0.716,-0.0043628076,
0.71625,-0.0028483220,
0.7165,0.0039242962,
0.71675,-0.0036426263,
0.717,-0.0140130892,
0.71725,-0.0097475629,
0.7175,-0.0064701857,
0.71775,-0.0090334853,
0.718,-0.0123353396,
0.71825,-0.0125618204,
0.7185,-0.0011210486,
0.71875,-0.0054605543,
0.719,-0.0080228467,
0.71925,-0.0002208188,
0.7195,0.0066139903,
0.71975,0.0059839999,
0.72,0.0000110277,
0.72025,-0.0032619522,
0.7205,0.0020966770,
0.72075,0.0077154539,
0.721,0.0067502512,
0.72125,-0.0012615554,
0.7215,-0.0001863728,
0.72175,0.0031553581,
0.722,0.0024851596,
0.72225,-0.0042115105,
0.7225,-0.0001958081,
0.72275,0.0048778034,
0.723,0.0021181921,
0.72325,-0.0063493145,
0.7235,-0.0026680962,
0.72375,0.0065566138,
0.724,0.0075070746,
0.72425,0.0011894146,
0.7245,-0.0033159298,
0.72475,0.0023893281,
0.725,0.0071004410,
0.72525,0.0023880186,
0.7255,-0.0032255168,
0.72575,0.0008905742,
0.726,0.0058984687,
0.72625,0.0075645307,
0.7265,0.0036539575,
0.72675,0.0070975209,
0.727,0.0143498182,
0.72725,0.0115964971,
0.7275,0.0039373748,
0.72775,0.0084859487,
0.728,0.0162135195,
0.72825,0.0125421630,
0.7285,0.0085777910,
0.72875,0.0019824842,
0.729,0.0082838805,
0.72925,0.0127303647,
0.7295,0.0052319532,
0.72975,0.0063874740,
0.73,0.0043931534,
0.73025,0.0061750934,
0.7305,-0.0001276166,
0.73075,-0.0057449564,
0.731,-0.0005784391,
0.73125,0.0037265099,
0.7315,-0.0006990379,
0.73175,-0.0072405767,
0.732,-0.0028464929,
0.73225,0.0080774901,
0.7325,0.0111768590,
0.73275,0.0070055593,
0.733,0.0086225625,
0.73325,0.0198791474,
0.7335,0.0186333135,
0.73375,0.0089866519,
0.734,0.0068337447,
0.73425,0.0089916103,
0.7345,0.0052644615,
0.73475,-0.0069609368,
0.735,-0.0078476453,
0.73525,-0.0036588218,
0.7355,-0.0019084353,
0.73575,-0.0117153525,
0.736,-0.0129760914,
0.73625,-0.0047061895,
0.7365,-0.0027331323,
0.73675,-0.0001717259,
0.737,-0.0012222357,
0.73725,-0.0041819047,
0.7375,0.0039099990,
0.73775,0.0081943953,
0.738,0.0072130021,
0.73825,0.0053055394,
0.7385,0.0111945756,
0.73875,0.0064514535,
0.739,0.0005542575,
0.73925,-0.0033102650,
0.7395,0.0051819482,
0.73975,0.0081740236,
0.74,-0.0061088991,
0.74025,-0.0133556696,
0.7405,-0.0101580620,
0.74075,-0.0080134422,
0.741,-0.0133557133,
0.74125,-0.0169890169,
0.7415,-0.0128665380,
0.74175,-0.0086676767,
0.742,-0.0098650167,
0.74225,-0.0121001713,
0.7425,-0.0079751816,
0.74275,0.0007715925,
0.743,0.0047331629,
0.74325,0.0044546360,
0.7435,0.0054552015,
0.74375,0.0110568646,
0.744,0.0137486756,
0.74425,0.0019672608,
0.7445,-0.0045361025,
0.74475,0.0012376137,
0.745,0.0029591694,
0.74525,-0.0053503509,
0.7455,-0.0141150858,
0.74575,-0.0164833814,
0.746,-0.0117766196,
0.74625,-0.0153743057,
0.7465,-0.0179397129,
0.74675,-0.0145439943,
0.747,-0.0048073097,
0.74725,-0.0029786709,
0.7475,-0.0077605108,
0.74775,-0.0068158684,
0.748,0.0018880081,
0.74825,0.0029294493,
0.7485,-0.0006736653,
0.74875,-0.0037264486,
0.749,0.0025755288,
0.74925,0.0075020483,
0.7495,-0.0009018917,
0.74975,-0.0071408506,
0.75,-0.0002083252,
0.75025,0.0046980213,
0.7505,0.0012879660,
0.75075,-0.0100768683,
0.751,-0.0070266174,
0.75125,-0.0005358882,
0.7515,-0.0077676149,
0.75175,-0.0158997271,
0.752,-0.0100183170,
0.75225,-0.0032086582,
0.7525,-0.0032070416,
0.75275,-0.0100167645,
0.753,-0.0076186359,
0.75325,0.0000081877,
0.7535,0.0017559920,
0.75375,-0.0002411817,
0.754,0.0002383665,
0.75425,0.0019995128,
0.7545,0.0060704355,
0.75475,0.0029245312,
0.755,-0.0002631127,
0.75525,0.0038306599,
0.7555,0.0071699568,
0.75575,0.0029371586,
0.756,-0.0058508986,
0.75625,-0.0065267542,
0.7565,0.0015000266,
0.75675,0.0013149179,
0.757,-0.0022228858,
0.75725,0.0014639529,
0.7575,0.0068968022,
0.75775,0.0075264275,
0.758,0.0003409933,
0.75825,0.0017469258,
0.7585,0.0084770275,
0.75875,0.0052152318,
0.759,-0.0052665714,
0.75925,-0.0080573354,
0.7595,-0.0039694780,
0.75975,-0.0011149816,
0.76,-0.0045440826,
0.76025,-0.0070342179,
0.7605,0.0047692358,
0.76075,0.0105997659,
0.761,0.0068358155,
0.76125,0.0058064032,
0.7615,0.0117044477,
0.76175,0.0158390366,
0.762,0.0174560994,
0.76225,0.0104050413,
0.7625,0.0094699403,
0.76275,0.0115615185,
0.763,0.0111959111,
0.76325,0.0043809833,
0.7635,0.0011819588,
0.76375,0.0043893065,
0.764,0.0080049857,
0.76425,0.0022946168,
0.7645,-0.0039427937,
0.76475,-0.0014267846,
0.765,0.0025931096,
0.76525,-0.0039774058,
0.7655,-0.0088227466,
0.76575,-0.0044017620,
0.766,0.0075018629,
0.76625,0.0063945791,
0.7665,0.0012153758,
0.76675,0.0080684982,
0.767,0.0179805309,
0.76725,0.0204911642,
0.7675,0.0172834620,
0.76775,0.0157344341,
0.768,0.0174889136,
0.76825,0.0113659240,
0.7685,0.0011275783,
0.76875,-0.0022758821,
0.769,-0.0004474036,
0.76925,0.0011861194,
0.7695,-0.0079104751,
0.76975,-0.0126405712,
0.77,-0.0074433647,
0.77025,-0.0010503097,
0.7705,0.0002559671,
0.77075,-0.0042378129,
0.771,-0.0033913855,
0.77125,0.0097352248,
0.7715,0.0119361095,
0.77175,0.0058766757,
0.772,0.0061826645,
0.77225,0.0105915358,
0.7725,0.0082057379,
0.77275,-0.0015924985,
0.773,-0.0015797174,
0.77325,0.0048874156,
0.7735,0.0029203834,
0.77375,-0.0041711819,
0.774,-0.0096575283,
0.77425,-0.0016132043,
0.7745,-0.0009103089,
0.77475,-0.0054926188,
0.775,-0.0122876149,
0.77525,-0.0098285908,
0.7755,-0.0045106066,
0.77575,-0.0043482962,
0.776,-0.0101329489,
0.77625,-0.0034816659,
0.7765,-0.0010349249,
0.77675,0.0016720296,
0.777,-0.0028705176,
0.77725,0.0020600669,
0.7775,0.0109792147,
0.77775,0.0057070833,
0.778,-0.0024880727,
0.77825,-0.0054256716,
0.7785,0.0015023747,
0.77875,-0.0001743383,
0.779,-0.0086008506,
0.77925,-0.0149130831,
0.7795,-0.0168728549,
0.77975,-0.0092653660,
0.78,-0.0168086998,
0.78025,-0.0182442628,
0.7805,-0.0130576314,
0.78075,-0.0123080416,
0.781,-0.0113348141,
0.78125,-0.0128921224,
0.7815,-0.0077374461,
0.78175,0.0007218822,
0.782,0.0001763277,
0.78225,-0.0043036365,
0.7825,-0.0031233267,
0.78275,0.0015600201,
0.783,0.0041636042,
0.78325,-0.0053256513,
0.7835,-0.0077970745,
0.78375,-0.0014478175,
0.784,0.0011512415,
0.78425,-0.0041241860,
0.7845,-0.0072168144,
0.78475,-0.0027267146,
0.785,0.0033289706,
0.78525,-0.0048020277,
0.7855,-0.0052830013,
0.78575,0.0011860401,
0.786,0.0037940217,
0.78625,-0.0006553627,
0.7865,-0.0043042568,
0.78675,-0.0046944031,
0.787,-0.0011533769,
0.78725,0.0022256626,
0.7875,-0.0028481337,
0.78775,-0.0062140264,
0.788,-0.0006966611,
0.78825,0.0012532941,
0.7885,-0.0022677609,
0.78875,-0.0077835545,
0.789,0.0016154674,
0.78925,0.0095634796,
0.7895,-0.0008060088,
0.78975,-0.0049769129,
0.79,0.0010196578,
0.79025,0.0052427985,
0.7905,0.0070567890,
0.79075,0.0023538857,
0.791,0.0050969138,
0.79125,0.0118485661,
0.7915,0.0118129123,
0.79175,0.0061342162,
0.792,0.0040631434,
0.79225,0.0047997269,
0.7925,0.0046940129,
0.79275,-0.0015371315,
0.793,-0.0074293232,
0.79325,-0.0036640204,
0.7935,-0.0030859115,
0.79375,-0.0124468664,
0.794,-0.0138915470,
0.79425,0.0010605812,
0.7945,0.0006818505,
0.79475,0.0014751728,
0.795,0.0002008463,
0.79525,0.0050077629,
0.7955,0.0143534057,
0.79575,0.0149398018,
0.796,0.0110708261,
0.79625,0.0107039846,
0.7965,0.0163554065,
0.79675,0.0137921134,
0.797,0.0073458301,
0.79725,0.0042967806,
0.7975,0.0076357527,
0.79775,0.0125706857,
0.798,-0.0006182394,
0.79825,-0.0030097715,
0.7985,0.0006933569,
0.79875,0.0039505200,
0.799,-0.0044013397,
0.79925,-0.0091930879,
0.7995,-0.0027299034,
0.79975,0.0024412768,
0.8,-0.0003801274,
0.80025,-0.0022091749,
0.8005,0.0071390369,
0.80075,0.0125531666,
0.801,0.0143809337,
0.80125,0.0115254475,
0.8015,0.0178360417,
0.80175,0.0258619431,
0.802,0.0186325479,
0.80225,0.0099065425,
0.8025,0.0073798648,
0.80275,0.0091373269,
0.803,0.0046504084,
0.80325,-0.0036996910,
0.8035,-0.0068796151,
0.80375,-0.0085024424,
0.804,-0.0049457857,
0.80425,-0.0107252914,
0.8045,-0.0131734125,
0.80475,-0.0046179821,
0.805,0.0013545401,
0.80525,0.0011944883,
0.8055,-0.0024483865,
0.80575,0.0036187451,
0.806,0.0134271346,
0.80625,0.0102980854,
0.8065,0.0013611804,
0.80675,0.0038835232,
0.807,0.0094055859,
0.80725,0.0064236210,
0.8075,0.0002007251,
0.80775,-0.0017932088,
0.808,-0.0001151600,
0.80825,-0.0035174754,
0.8085,-0.0097757149,
0.80875,-0.0089445999,
0.809,-0.0089132367,
0.80925,-0.0101123825,
0.8095,-0.0169709660,
0.80975,-0.0221409816,
0.81,-0.0171076991,
0.81025,-0.0070995707,
0.8105,-0.0056062359,
0.81075,-0.0129797775,
0.811,-0.0104052238,
0.81125,-0.0007999245,
0.8115,0.0039772745,
0.81175,-0.0007775784,
0.812,-0.0021878302,
0.81225,0.0035908255,
0.8125,0.0037062725,
0.81275,-0.0030289649,
0.813,-0.0022478760,
0.81325,0.0013484339,
0.8135,0.0029484923,
0.81375,-0.0082865544,
0.814,-0.0143409427,
0.81425,-0.0116185201,
0.8145,-0.0087930094,
0.81475,-0.0122152586,
0.815,-0.0187334772,
0.81525,-0.0160777997,
0.8155,-0.0078721028,
0.81575,-0.0038274985,
0.816,-0.0069071930,
0.81625,-0.0098866764,
0.8165,0.0026135358,
0.81675,0.0025755628,
0.817,-0.0014288352,
0.81725,-0.0028301941,
0.8175,0.0043763286,
0.81775,0.0050820597,
0.818,-0.0046112584,
0.81825,-0.0057024946,
0.8185,0.0048233252,
0.81875,0.0100691933,
0.819,-0.0002238560,
0.81925,-0.0019896177,
0.8195,0.0023808265,
0.81975,0.0041528768,
0.82,0.0011608158,
0.82025,-0.0054184841,
0.8205,-0.0012581475,
0.82075,-0.0008527529,
0.821,-0.0038432863,
0.82125,-0.0087083606,
0.8215,-0.0107194474,
0.82175,-0.0028568206,
0.822,-0.0013852960,
0.82225,-0.0027130139,
0.8225,-0.0035422074,
0.82275,0.0029185333,
0.823,0.0071591814,
0.82325,0.0038645358,
0.8235,0.0011659977,
0.82375,0.0067475275,
0.824,0.0110133747,
0.82425,0.0054954831,
0.8245,-0.0052770413,
0.82475,0.0022907925,
0.825,0.0075003589,
0.82525,0.0036905261,
0.8255,-0.0034873027,
0.82575,0.0029735202,
0.826,0.0093486086,
0.82625,0.0082677314,
0.8265,0.0017283380,
0.82675,0.0004301129,
0.827,0.0021615149,
0.82725,-0.0049912343,
0.8275,-0.0124931205,
0.82775,-0.0097402427,
0.828,-0.0040545370,
0.82825,-0.0070352484,
0.8285,-0.0104103237,
0.82875,-0.0103333974,
0.829,-0.0015846638,
0.82925,0.0107340906,
0.8295,0.0122332498,
0.82975,0.0112550659,
0.83,0.0129860230,
0.83025,0.0186394304,
0.8305,0.0187030286,
0.83075,0.0098160226,
0.831,0.0074305669,
0.83125,0.0116881263,
0.8315,0.0095644444,
0.83175,0.0005470629,
0.832,-0.0001318518,
0.83225,0.0049447827,
0.8325,0.0055797463,
0.83275,-0.0012808261,
0.833,-0.0080095269,
0.83325,-0.0013801390,
0.8335,0.0045806477,
0.83375,-0.0027868608,
0.834,-0.0053106155,
0.83425,-0.0018563004,
0.8345,0.0060876729,
0.83475,0.0077946782,
0.835,0.0080367168,
0.83525,0.0112477522,
0.8355,0.0203687865,
0.83575,0.0204490665,
0.836,0.0140049309,
0.83625,0.0163469873,
0.8365,0.0183003470,
0.83675,0.0173422918,
0.837,0.0059494525,
0.83725,-0.0039131450,
0.8375,-0.0033976117,
0.83775,-0.0009276238,
0.838,-0.0076711220,
0.83825,-0.0147461751,
0.8385,-0.0115405442,
0.83875,-0.0073829107,
0.839,-0.0086149462,
0.83925,-0.0100943213,
0.8395,0.0006603212,
0.83975,0.0100808861,
0.84,0.0076454747,
0.84025,0.0003369242,
0.8405,0.0037980524,
0.84075,0.0107212411,
0.841,0.0107859364,
0.84125,0.0028051948,
0.8415,0.0003928627,
0.84175,0.0042854506,
0.842,0.0027821434,
0.84225,-0.0016635122,
0.8425,-0.0056504300,
0.84275,-0.0032394740,
0.843,-0.0048448602,
0.84325,-0.0112283425,
0.8435,-0.0167976227,
0.84375,-0.0103362883,
0.844,-0.0054611969,
0.84425,-0.0092017613,
0.8445,-0.0173829757,
0.84475,-0.0102656335,
0.845,-0.0019402017,
0.84525,-0.0031780081,
0.8455,-0.0052917888,
0.84575,-0.0079656094,
0.846,0.0012798277,
0.84625,0.0020447720,
0.8465,-0.0015843704,
0.84675,0.0008314931,
0.847,0.0031393878,
0.84725,0.0021819058,
0.8475,-0.0031411895,
0.84775,-0.0059541576,
0.848,-0.0041602394,
0.84825,-0.0000655324,
0.8485,-0.0084175887,
0.84875,-0.0137914577,
0.849,-0.0120000131,
0.84925,-0.0045825536,
0.8495,-0.0055777188,
0.84975,-0.0125243347,
0.85,-0.0091664828,
0.85025,-0.0013422080,
0.8505,0.0000060830,
0.85075,-0.0092737088,
0.851,-0.0070912121,
0.85125,-0.0005924760,
0.8515,-0.0017992458,
0.85175,-0.0055318149,
0.852,-0.0098981904,
0.85225,0.0028164755,
0.8525,0.0070944205,
0.85275,-0.0000212510,
0.853,-0.0018222230,
0.85325,0.0043688952,
0.8535,0.0078181261,
0.85375,0.0069978931,
0.854,0.0017441423,
0.85425,-0.0014507818,
0.8545,0.0029730476,
0.85475,-0.0010651404,
0.855,-0.0089090327,
0.85525,-0.0103547331,
0.8555,-0.0091467882,
0.85575,-0.0066990596,
0.856,-0.0149253588,
0.85625,-0.0173096023,
0.8565,-0.0066674668,
0.85675,0.0019377721,
0.857,-0.0023085792,
0.85725,-0.0038511751,
0.8575,0.0029049460,
0.85775,0.0072169369,
0.858,0.0062937811,
0.85825,0.0039041857,
0.8585,0.0081415856,
0.85875,0.0111875851,
0.859,0.0043144207,
0.85925,-0.0037155265,
0.8595,0.0016471897,
0.85975,0.0089178719,
0.86,0.0075031891,
0.86025,-0.0020016409,
0.8605,-0.0042061778,
0.86075,0.0021256590,
0.861,0.0032817535,
0.86125,-0.0083831064,
0.8615,-0.0134835858,
0.86175,-0.0097745303,
0.862,-0.0092923604,
0.86225,-0.0092660580,
0.8625,-0.0132076070,
0.86275,-0.0067342967,
0.863,0.0025282213,
0.86325,0.0049223304,
0.8635,0.0064457767,
0.86375,0.0146962851,
0.864,0.0214676969,
0.86425,0.0221949648,
0.8645,0.0163354892,
0.86475,0.0126151275,
0.865,0.0183040779,
0.86525,0.0176046379,
0.8655,0.0082348557,
0.86575,0.0013446413,
0.866,0.0057944912,
0.86625,0.0079373410,
0.8665,-0.0044892374,
0.86675,-0.0048712273,
0.867,-0.0002518024,
0.86725,0.0032668004,
0.8675,-0.0028298632,
0.86775,-0.0040364433,
0.868,0.0049441718,
0.86825,0.0119751096,
0.8685,0.0061181616,
0.86875,0.0071621384,
0.869,0.0137868160,
0.86925,0.0204489119,
0.8695,0.0169329252,
0.86975,0.0112454370,
0.87,0.0103527205,
0.87025,0.0165384859,
0.8705,0.0166040435,
0.87075,0.0080732191,
0.871,-0.0016506832,
0.87125,0.0010138063,
0.8715,0.0027632834,
0.87175,-0.0049784663,
0.872,-0.0141886761,
0.87225,-0.0108817294,
0.8725,-0.0061282227,
0.87275,-0.0097625367,
0.873,-0.0120627917,
0.87325,-0.0035362220,
0.8735,0.0065399427,
0.87375,0.0025092778,
0.874,-0.0022166646,
0.87425,0.0048374333,
0.8745,0.0108263008,
0.87475,0.0082057137,
0.875,0.0000625723,
0.87525,0.0007920793,
0.8755,0.0040227366,
0.87575,-0.0003531051,
0.876,-0.0033340645,
0.87625,-0.0087397499,
0.8765,-0.0071556959,
0.87675,-0.0023837565,
0.877,-0.0017557987,
0.87725,-0.0059667719,
0.8775,-0.0021709236,
0.87775,-0.0020561847,
0.878,-0.0046382449,
0.87825,-0.0120024718,
0.8785,-0.0084037073,
0.87875,0.0026151037,
0.879,0.0020931913,
0.87925,-0.0075969668,
0.8795,-0.0113481702,
0.87975,-0.0004718723,
0.88,0.0014722535,
0.88025,-0.0045022774,
0.8805,-0.0048041157,
0.88075,-0.0012348164,
0.881,0.0030505911,
0.88125,-0.0029073723,
0.8815,-0.0082566515,
0.88175,-0.0064461296,
0.882,-0.0041540889,
0.88225,-0.0036246961,
0.8825,-0.0107585154,
0.88275,-0.0093285032,
0.883,-0.0027043358,
0.88325,-0.0015793871,
0.8835,-0.0113489581,
0.88375,-0.0111524435,
0.884,-0.0010664520,
0.88425,0.0005893339,
0.8845,-0.0091941729,
0.88475,-0.0098845474,
0.885,0.0008089113,
0.88525,-0.0020389138,
0.8855,-0.0126482686,
0.88575,-0.0098145325,
0.886,-0.0046726912,
0.88625,-0.0055530393,
0.8865,-0.0121410014,
0.88675,-0.0104519902,
0.887,-0.0029037138,
0.88725,0.0035356013,
0.8875,0.0014999732,
0.88775,0.0002413241,
0.888,-0.0003954033,
0.88825,0.0042580105,
0.8885,0.0050728866,
0.88875,-0.0019741624,
0.889,0.0014058601,
0.88925,0.0036923613,
0.8895,-0.0011723515,
0.88975,-0.0114539824,
0.89,-0.0156646073,
0.89025,-0.0071233702,
0.8905,-0.0009302826,
0.89075,-0.0079079876,
0.891,-0.0108402558,
0.89125,-0.0020917349,
0.8915,0.0015465495,
0.89175,-0.0013997955,
0.892,-0.0054305256,
0.89225,0.0000204508,
0.8925,0.0066997223,
0.89275,0.0070051011,
0.893,0.0046303370,
0.89325,0.0106533375,
0.8935,0.0144125596,
0.89375,0.0109736230,
0.894,0.0049789911,
0.89425,0.0104425009,
0.8945,0.0157222599,
0.89475,0.0092501324,
0.895,-0.0001037868,
0.89525,-0.0091201626,
0.8955,-0.0062450282,
0.89575,-0.0033933388,
0.896,-0.0078590605,
0.89625,-0.0138420155,
0.8965,-0.0133758681,
0.89675,-0.0073025767,
0.897,-0.0081662862,
0.89725,-0.0038527329,
0.8975,0.0043492541,
0.89775,0.0191148296,
0.898,0.0189812854,
0.89825,0.0150783416,
0.8985,0.0189800095,
0.89875,0.0271127634,
0.899,0.0250711404,
0.89925,0.0143949948,
0.8995,0.0074439254,
0.89975,0.0092982668,
0.9,0.0104467310,
0.90025,-0.0009302836,
0.9005,-0.0041720830,
0.90075,-0.0023262764,
0.901,0.0028709820,
0.90125,0.0014811240,
0.9015,-0.0065738289,
0.90175,0.0002381163,
0.902,0.0057001375,
0.90225,0.0020929836,
0.9025,-0.0056667724,
0.90275,0.0017549547,
0.903,0.0123520605,
0.90325,0.0121866241,
0.9035,0.0096195871,
0.90375,0.0060780458,
0.904,0.0116735185,
0.90425,0.0150534464,
0.9045,0.0115261786,
0.90475,0.0097026657,
0.905,0.0132416049,
0.90525,0.0118414303,
0.9055,0.0030503171,
0.90575,-0.0038448386,
0.906,0.0029936854,
0.90625,0.0056478847,
0.9065,-0.0053473571,
0.90675,-0.0167798921,
0.907,-0.0127186896,
0.90725,-0.0037676049,
0.9075,-0.0040606703,
0.90775,-0.0056336047,
0.908,0.0001167380,
0.90825,0.0058187773,
0.9085,0.0030833951,
0.90875,-0.0009248143,
0.909,0.0015103139,
0.90925,0.0068261642,
0.9095,0.0045258459,
0.90975,-0.0032253631,
0.91,-0.0050955028,
0.91025,-0.0000780455,
0.9105,0.0011290334,
0.91075,-0.0069293454,
0.911,-0.0120548122,
0.91125,-0.0032371301,
0.9115,0.0010628324,
0.91175,0.0005011362,
0.912,-0.0037455743,
0.91225,-0.0046038213,
0.9125,-0.0015314226,
0.91275,-0.0044875513,
0.913,-0.0072408929,
0.91325,-0.0075013936,
0.9135,-0.0059898896,
0.91375,-0.0100648627,
0.914,-0.0170269180,
0.91425,-0.0125855217,
0.9145,-0.0053550303,
0.91475,-0.0027432558,
0.915,-0.0066170553,
0.91525,-0.0104189161,
0.9155,-0.0047058980,
0.91575,0.0016510038,
0.916,-0.0014913843,
0.91625,-0.0059834728,
0.9165,-0.0022497287,
0.91675,0.0030541271,
0.917,-0.0005326112,
0.91725,-0.0068663252,
0.9175,-0.0082666622,
0.91775,0.0004135490,
0.918,-0.0050202440,
0.91825,-0.0136713982,
0.9185,-0.0124829123,
0.91875,-0.0064603919,
0.919,-0.0066723931,
0.91925,-0.0153838918,
0.9195,-0.0150490003,
0.91975,-0.0056874724,
0.92,-0.0029097870,
0.92025,-0.0081964871,
0.9205,-0.0103368275,
0.92075,-0.0058855391,
0.921,-0.0015774904,
0.92125,0.0040597892,
0.9215,0.0014759980,
0.92175,0.0060547604,
0.922,0.0107535217,
0.92225,0.0106951231,
0.9225,0.0058060274,
0.92275,0.0027237027,
0.923,0.0079623004,
0.92325,0.0052605895,
0.9235,-0.0064001377,
0.92375,-0.0091091255,
0.924,-0.0081281140,
0.92425,-0.0066216267,
0.9245,-0.0160465464,
0.92475,-0.0173051637,
0.925,-0.0059496164,
0.92525,0.0008348008,
0.9255,-0.0032287382,
0.92575,-0.0034842542,
0.926,0.0031719275,
0.92625,0.0090123825,
0.9265,0.0070783175,
0.92675,0.0055034738,
0.927,0.0086322045,
0.92725,0.0149069093,
0.9275,0.0100443903,
0.92775,0.0035792936,
0.928,0.0069142780,
0.92825,0.0102482503,
0.9285,0.0109504592,
0.92875,0.0041149054,
0.929,-0.0009095408,
0.92925,0.0028754612,
0.9295,0.0037416141,
0.92975,-0.0043935389,
0.93,-0.0092422357,
0.93025,-0.0073621091,
0.9305,-0.0034640250,
0.93075,-0.0050435197,
0.931,-0.0082868040,
0.93125,-0.0011938257,
0.9315,0.0047969678,
0.93175,0.0062573631,
0.932,0.0061347736,
0.93225,0.0121070128,
0.9325,0.0215983037,
0.93275,0.0190868806,
0.933,0.0120012630,
0.93325,0.0113294311,
0.9335,0.0146593228,
0.93375,0.0109003279,
0.934,0.0000349264,
0.93425,-0.0025382936,
0.9345,0.0026160094,
0.93475,0.0034117794,
0.935,-0.0015498667,
0.93525,-0.0036024549,
0.9355,0.0040107067,
0.93575,0.0051025697,
0.936,0.0001246495,
0.93625,0.0009678620,
0.9365,0.0058489125,
0.93675,0.0113894399,
0.937,0.0057363715,
0.93725,0.0009711448,
0.9375,-0.0010711941,
0.93775,0.0043279314,
0.938,0.0092921332,
0.93825,0.0005891730,
0.9385,0.0007125066,
0.93875,0.0051215496,
0.939,0.0092263045,
0.93925,0.0027321936,
0.9395,0.0010118738,
0.93975,0.0093668681,
0.94,0.0110735912,
0.94025,0.0036486296,
0.9405,-0.0017501053,
0.94075,0.0063509052,
0.941,0.0074152858,
0.94125,0.0019099400,
0.9415,-0.0043982784,
0.94175,0.0027368553,
0.942,0.0074111954,
0.94225,0.0037468439,
0.9425,-0.0004842854,
0.94275,-0.0012853340,
0.943,0.0012033940,
0.94325,-0.0018888317,
0.9435,-0.0061927428,
0.94375,-0.0070713433,
0.944,-0.0044431323,
0.94425,-0.0018585335,
0.9445,-0.0081525221,
0.94475,-0.0075221770,
0.945,-0.0010122480,
0.94525,0.0022548761,
0.9455,0.0034072122,
0.94575,-0.0040322579,
0.946,-0.0022801701,
0.94625,0.0092938449,
0.9465,0.0049182172,
0.94675,-0.0003009512,
0.947,-0.0006453468,
0.94725,0.0007347265,
0.9475,-0.0046870001,
0.94775,-0.0146086346,
0.948,-0.0135731800,
0.94825,-0.0116285812,
0.9485,-0.0121932020,
0.94875,-0.0187502410,
0.949,-0.0184174087,
0.94925,-0.0136490092,
0.9495,-0.0062376675,
0.94975,-0.0104061374,
0.95,-0.0118254628,
0.95025,-0.0043289186,
0.9505,0.0048074294,
0.95075,0.0017530443,
0.951,-0.0062265391,
0.95125,0.0001810942,
0.9515,0.0086012473,
0.95175,0.0044041071,
0.952,-0.0052947602,
0.95225,0.0017351916,
0.9525,0.0056593027,
0.95275,-0.0037918703,
0.953,-0.0095075145,
0.95325,-0.0128264967,
0.9535,-0.0094838645,
0.95375,-0.0104380939,
0.954,-0.0164441019,
0.95425,-0.0177353323,
0.9545,-0.0126473680,
0.95475,-0.0094289510,
0.955,-0.0083546797,
0.95525,-0.0053265686,
0.9555,0.0019818821,
0.95575,0.0094026104,
0.956,0.0066053080,
0.95625,0.0023536377,
0.9565,0.0067741787,
0.95675,0.0141827147,
0.957,0.0126112029,
0.95725,0.0016928908,
0.9575,0.0004870253,
0.95775,0.0015255505,
0.958,-0.0006860630,
0.95825,-0.0109519027,
0.9585,-0.0111704320,
0.95875,-0.0024236557,
0.959,-0.0059112343,
0.95925,-0.0101876352,
0.9595,-0.0092592249,
0.95975,-0.0002233140,
0.96,0.0022643395,
0.96025,-0.0041959053,
0.9605,-0.0035433343,
0.96075,0.0041493583,
0.961,0.0086579714,
0.96125,0.0050451304,
0.9615,-0.0018569501,
0.96175,0.0009569688,
0.962,0.0013431291,
0.96225,0.0059883944,
0.9625,0.0034377347,
0.96275,-0.0017566248,
0.963,0.0055356938,
0.96325,0.0039218748,
0.9635,-0.0022613036,
0.96375,-0.0039456883,
0.964,0.0002205686,
0.96425,0.0020096828,
0.9645,-0.0096273571,
0.96475,-0.0131824976,
0.965,-0.0069516529,
0.96525,0.0011563707,
0.9655,0.0002635447,
0.96575,-0.0015845407,
0.966,0.0066695199,
0.96625,0.0128856637,
0.9665,0.0164379794,
0.96675,0.0130328294,
0.967,0.0116410125,
0.96725,0.0140380766,
0.9675,0.0110604484,
0.96775,0.0014921608,
0.968,0.0001025345,
0.96825,0.0060275951,
0.9685,0.0076193926,
0.96875,-0.0021851445,
0.969,-0.0032674961,
0.96925,0.0083658723,
0.9695,0.0091344556,
0.96975,0.0091062002,
0.97,0.0042702528,
0.97025,0.0101590613,
0.9705,0.0163418390,
0.97075,0.0114026191,
0.971,0.0062037497,
0.97125,0.0067438232,
0.9715,0.0115698595,
0.97175,0.0084927659,
0.972,0.0011621368,
0.97225,0.0005905589,
0.9725,0.0078256736,
0.97275,0.0096520847,
0.973,-0.0011947355,
0.97325,0.0006114756,
0.9735,0.0079770908,
0.97375,0.0093557155,
0.974,0.0048101228,
0.97425,0.0013998926,
0.9745,0.0083145779,
0.97475,0.0118348924,
0.975,0.0025792727,
0.97525,0.0014101840,
0.9755,0.0052883532,
0.97575,0.0048792791,
0.976,-0.0013779738,
0.97625,-0.0032310751,
0.9765,0.0009551494,
0.97675,0.0084754582,
0.977,0.0011091680,
0.97725,-0.0055101151,
0.9775,-0.0030666217,
0.97775,-0.0029526602,
0.978,-0.0045758788,
0.97825,-0.0089955060,
0.9785,-0.0097714681,
0.97875,-0.0058314013,
0.979,-0.0039022428,
0.97925,-0.0062939534,
0.9795,-0.0067894743,
0.97975,0.0049201795,
0.98,0.0092670955,
0.98025,0.0037460481,
0.9805,-0.0005735757,
0.98075,0.0013343919,
0.981,0.0048705996,
0.98125,-0.0018841624,
0.9815,-0.0104199899,
0.98175,-0.0115750153,
0.982,-0.0092401020,
0.98225,-0.0107580153,
0.9825,-0.0194560438,
0.98275,-0.0179516375,
0.983,-0.0148102464,
0.98325,-0.0089161294,
0.9835,-0.0125502814,
0.98375,-0.0153171876,
0.984,-0.0059504909,
0.98425,-0.0016114630,
0.9845,-0.0034461101,
0.98475,-0.0072240545,
0.985,0.0002664189,
0.98525,0.0074518709,
0.9855,-0.0002317753,
0.98575,-0.0065198196,
0.986,-0.0030560861,
0.98625,0.0031793944,
0.9865,-0.0055485535,
0.98675,-0.0118068364,
0.987,-0.0109874569,
0.98725,-0.0051202881,
0.9875,-0.0036459509,
0.98775,-0.0102585200,
0.988,-0.0106066652,
0.98825,-0.0077422410,
0.9885,-0.0049474211,
0.98875,-0.0067957742,
0.989,-0.0084282635,
0.98925,-0.0020105762,
0.9895,0.0012883029,
0.98975,0.0016904019,
0.99,-0.0048605590,
0.99025,0.0001370122,
0.9905,0.0080745518,
0.99075,0.0076539079,
0.991,-0.0022434534,
0.99125,-0.0015059083,
0.9915,0.0091104126,
0.99175,0.0063029495,
0.992,-0.0057746987,
0.99225,-0.0079702083,
0.9925,-0.0032724978,
0.99275,-0.0030340417,
0.993,-0.0085433908,
0.99325,-0.0084754899,
0.9935,-0.0005297674,
0.99375,0.0014598893,
0.994,-0.0044190129,
0.99425,-0.0024817945,
0.9945,0.0041023172,
0.99475,0.0037394646,
0.995,0.0019527971,
0.99525,-0.0000717392,
0.9955,0.0007248442,
0.99575,0.0068299291,
0.996,0.0039509195,
0.99625,-0.0025700643,
0.9965,-0.0032740624,
0.99675,0.0013293514,
0.997,0.0040982463,
0.99725,-0.0020006958,
0.9975,-0.0025988498,
0.99775,0.0026993712,
0.998,0.0019063649,
0.99825,-0.0055004666,
0.9985,-0.0052961451,
0.99875,0.0029166534,
0.999,0.0074943155,
0.99925,0.0017648293,
0.9995,-0.0012254200,
0.99975,0.0026691472,
1,0.0110158995,
1.00025,0.0088748420,
1.0005,0.0067832838,
1.00075,0.0111055179,
1.001,0.0166524891,
1.00125,0.0152267786,
1.0015,0.0080905445,
1.00175,0.0065837339,
1.002,0.0112061305,
1.00225,0.0048370617,
1.0025,-0.0038530980,
1.00275,-0.0013753382,
1.003,0.0075029577,
1.00325,0.0075983675,
1.0035,0.0034895372,
1.00375,0.0006592327,
1.004,0.0057896231,
1.00425,0.0158963334,
1.0045,0.0134315677,
1.00475,0.0090397503,
1.005,0.0111885704,
1.00525,0.0146006960,
1.0055,0.0108239502,
1.00575,0.0018189213,
1.006,0.0032253349,
1.00625,0.0092728874,
1.0065,0.0038934827,
1.00675,-0.0075594233,
1.007,-0.0043074139,
1.00725,0.0048831250,
1.0075,0.0098579284,
1.00775,0.0050776731,
1.008,0.0015939206,
1.00825,0.0105898269,
1.0085,0.0123317186,
1.00875,0.0095645785,
1.009,0.0048279376,
1.00925,0.0058421120,
1.0095,0.0050020721,
1.00975,0.0011898610,
1.01,-0.0014093764,
1.01025,-0.0015565809,
1.0105,0.0064557847,
1.01075,-0.0001913797,
1.011,-0.0087572485,
1.01125,-0.0084430939,
1.0115,-0.0021631694,
1.01175,0.0002675714,
1.012,-0.0074347393,
1.01225,-0.0150737269,
1.0125,-0.0117194848,
1.01275,-0.0058172480,
1.013,-0.0062638056,
1.01325,-0.0072247749,
1.0135,-0.0019121740,
1.01375,0.0013471475,
1.014,-0.0023020988,
1.01425,-0.0036950191,
1.0145,0.0021745246,
1.01475,0.0094108693,
1.015,0.0036180925,
1.01525,-0.0064912494,
1.0155,-0.0083070733,
1.01575,-0.0026136497,
1.016,-0.0038836165,
1.01625,-0.0128272939,
1.0165,-0.0165817048,
1.01675,-0.0134922797,
1.017,-0.0081820702,
1.01725,-0.0149753140,
1.0175,-0.0144481203,
1.01775,-0.0046475655,
1.018,-0.0036876451,
1.01825,-0.0065408871,
1.0185,-0.0107571539,
1.01875,0.0011992034,
1.019,0.0077219731,
1.01925,0.0016313383,
1.0195,-0.0070691044,
1.01975,0.0000363169,
1.02,0.0022082920,
1.02025,-0.0015647851,
1.0205,-0.0031918571,
1.02075,-0.0067785983,
1.021,-0.0055777319,
1.02125,-0.0052635791,
1.0215,-0.0115296999,
1.02175,-0.0110685322,
1.022,-0.0054158689,
1.02225,-0.0074697658,
1.0225,-0.0095244348,
1.02275,-0.0145389792,
1.023,-0.0088565396,
1.02325,0.0005329043,
1.0235,-0.0015084511,
1.02375,-0.0054455008,
1.024,0.0006350659,
1.02425,0.0098151518,
1.0245,0.0064015365,
1.02475,0.0008895263,
1.025,0.0053902986,
1.02525,0.0065736542,
1.0255,0.0017664251,
1.02575,-0.0089966143,
1.026,-0.0083886562,
1.02625,-0.0012352575,
1.0265,-0.0059519084,
1.02675,-0.0120513840,
1.027,-0.0117566977,
1.02725,-0.0074663949,
1.0275,-0.0012742679,
1.02775,-0.0037221219,
1.028,-0.0065302579,
1.02825,0.0003921204,
1.0285,0.0063920319,
1.02875,0.0067485631,
1.029,0.0028673699,
1.02925,0.0028024081,
1.0295,0.0100048063,
1.02975,0.0094025927,
1.03,-0.0009349542,
1.03025,-0.0018023984,
1.0305,0.0057952385,
1.03075,0.0052531241,
1.031,-0.0031322711,
1.03125,-0.0048124199,
1.0315,0.0014371217,
1.03175,0.0042715580,
1.032,0.0004205656,
1.03225,-0.0050861151,
1.0325,0.0022893206,
1.03275,0.0063672857,
1.033,0.0007282006,
1.03325,0.0004731369,
1.0335,0.0055775689,
1.03375,0.0134538095,
1.034,0.0095173987,
1.03425,0.0051945765,
1.0345,0.0095195873,
1.03475,0.0176464356,
1.035,0.0169575997,
1.03525,0.0078445310,
1.0355,0.0064413850,
1.03575,0.0115358979,
1.036,0.0074586696,
1.03625,-0.0023381363,
1.0365,-0.0053235651,
1.03675,-0.0005626202,
1.037,0.0039956262,
1.03725,-0.0024027270,
1.0375,-0.0069573848,
1.03775,0.0014251923,
1.038,0.0129356235,
1.03825,0.0110110901,
1.0385,0.0083099967,
1.03875,0.0124476859,
1.039,0.0154603980,
1.03925,0.0140166422,
1.0395,0.0021293056,
1.03975,0.0036612940,
1.04,0.0079601947,
1.04025,0.0018369696,
1.0405,-0.0071245367,
1.04075,-0.0080858339,
1.041,-0.0024414649,
1.04125,-0.0002364556,
1.0415,-0.0067724432,
1.04175,-0.0052614859,
1.042,0.0055501238,
1.04225,0.0087662265,
1.0425,0.0062487046,
1.04275,0.0045655384,
1.043,0.0086874878,
1.04325,0.0103586959,
1.0435,0.0014361356,
1.04375,-0.0010800810,
1.044,0.0044175871,
1.04425,0.0063097673,
1.0445,0.0009499676,
1.04475,-0.0066494658,
1.045,-0.0028206483,
1.04525,0.0007551500,
1.0455,0.0034407361,
1.04575,-0.0033194411,
1.046,-0.0107525755,
1.04625,-0.0036377835,
1.0465,-0.0035573866,
1.04675,-0.0072588162,
1.047,-0.0097802747,
1.04725,-0.0041600252,
1.0475,0.0013786253,
1.04775,-0.0031165024,
1.048,-0.0019798190,
1.04825,0.0047780313,
1.0485,0.0121398875,
1.04875,0.0075821253,
1.049,-0.0015569367,
1.04925,0.0005960431,
1.0495,0.0036887270,
1.04975,0.0020830948,
1.05,-0.0089751594,
1.05025,-0.0113651734,
1.0505,-0.0073835431,
1.05075,-0.0099554714,
1.051,-0.0154785458,
1.05125,-0.0177616123,
1.0515,-0.0096113207,
1.05175,-0.0043532876,
1.052,-0.0077423132,
1.05225,-0.0057575176,
1.0525,0.0036725381,
1.05275,0.0070032571,
1.053,0.0013588573,
1.05325,-0.0053961896,
1.0535,-0.0021478347,
1.05375,0.0065860390,
1.054,0.0045038192,
1.05425,-0.0029512565,
1.0545,-0.0095238611,
1.05475,-0.0075266901,
1.055,-0.0062434105,
1.05525,-0.0126933977,
1.0555,-0.0064921840,
1.05575,-0.0035372409,
1.056,-0.0007207249,
1.05625,-0.0119263977,
1.0565,-0.0159633122,
1.05675,-0.0076695369,
1.057,0.0023075896,
1.05725,-0.0004421166,
1.0575,-0.0090933591,
1.05775,-0.0053633261,
1.058,0.0022606561,
1.05825,0.0017608529,
1.0585,-0.0035650888,
1.05875,-0.0024658989,
1.059,0.0062599145,
1.05925,0.0045194835,
1.0595,-0.0017435341,
1.05975,-0.0024298306,
1.06,0.0035384805,
1.06025,-0.0026784521,
1.0605,-0.0119571351,
1.06075,-0.0084561883,
1.061,0.0022097887,
1.06125,0.0012554249,
1.0615,-0.0064944793,
1.06175,-0.0089181904,
1.062,-0.0044121505,
1.06225,-0.0005460816,
1.0625,0.0029892696,
1.06275,0.0000072797,
1.063,0.0046513444,
1.06325,0.0071834186,
1.0635,0.0046125734,
1.06375,0.0029403148,
1.064,0.0021444988,
1.06425,0.0099912696,
1.0645,0.0032795500,
1.06475,-0.0059448201,
1.065,-0.0076588690,
1.06525,-0.0005364571,
1.0655,0.0036536148,
1.06575,-0.0074035046,
1.066,-0.0070185615,
1.06625,0.0020859602,
1.0665,0.0073128468,
1.06675,0.0035095660,
1.067,0.0007519323,
1.06725,0.0071742404,
1.0675,0.0066648475,
1.06775,0.0042826338,
1.068,-0.0003975818,
1.06825,0.0049555413,
1.0685,0.0099462261,
1.06875,0.0024897864,
1.069,0.0001720111,
1.06925,0.0044753766,
1.0695,0.0087806107,
1.06975,0.0088568199,
1.07,0.0009463396,
1.07025,-0.0015701050,
1.0705,0.0025454075,
1.07075,0.0056702821,
1.071,0.0009765568,
1.07125,-0.0016047707,
1.0715,0.0026283623,
1.07175,0.0076797833,
1.072,0.0041157338,
1.07225,0.0007796822,
1.0725,0.0109573910,
1.07275,0.0185084268,
1.073,0.0121120224,
1.07325,0.0042034709,
1.0735,0.0060742074,
1.07375,0.0122043779,
1.074,0.0065314788,
1.07425,-0.0026584694,
1.0745,-0.0013915858,
1.07475,0.0027730791,
1.075,0.0006345136,
1.07525,-0.0047088386,
1.0755,-0.0019241123,
1.07575,0.0015898203,
1.076,0.0073491554,
1.07625,0.0064338557,
1.0765,0.0081730988,
1.07675,0.0122611327,
1.077,0.0176655017,
1.07725,0.0123228263,
1.0775,0.0037652515,
1.07775,0.0066341879,
1.078,0.0123020727,
1.07825,0.0075956425,
1.0785,-0.0025347376,
1.07875,-0.0077770348,
1.079,-0.0040266751,
1.07925,-0.0037089477,
1.0795,-0.0086593945,
1.07975,-0.0072009638,
1.08,-0.0031453483,
1.08025,-0.0061743343,
1.0805,-0.0108560603,
1.08075,-0.0093418481,
1.081,-0.0007168903,
1.08125,0.0027090828,
1.0815,-0.0033181240,
1.08175,-0.0046795681,
1.082,-0.0002417312,
1.08225,0.0073658563,
1.0825,0.0065659350,
1.08275,0.0016804480,
1.083,0.0031361124,
1.08325,0.0121466164,
1.0835,0.0066228472,
1.08375,-0.0044435496,
1.084,-0.0054659033,
1.08425,-0.0040034712,
1.0845,-0.0082557062,
1.08475,-0.0154928816,
1.085,-0.0163805634,
1.08525,-0.0071442891,
1.0855,-0.0112384539,
1.08575,-0.0190879870,
1.086,-0.0161944721,
1.08625,-0.0053518573,
1.0865,-0.0012517113,
1.08675,-0.0030237092,
1.087,-0.0021471423,
1.08725,-0.0008450745,
1.0875,0.0040672468,
1.08775,0.0034204216,
1.088,-0.0010968498,
1.08825,-0.0007901974,
1.0885,-0.0013798235,
1.08875,-0.0056415116,
1.089,-0.0114078429,
1.08925,-0.0125072999,
1.0895,-0.0076190643,
1.08975,-0.0097579341,
1.09,-0.0146834552,
1.09025,-0.0180520378,
1.0905,-0.0034393696,
1.09075,-0.0020672167,
1.091,-0.0065161875,
1.09125,-0.0098689282,
1.0915,-0.0022572684,
1.09175,0.0032250930,
1.092,-0.0016682609,
1.09225,-0.0063336575,
1.0925,0.0005401969,
1.09275,0.0046060998,
1.093,0.0020241942,
1.09325,-0.0024111958,
1.0935,0.0018696906,
1.09375,0.0041754772,
1.094,0.0028912143,
1.09425,-0.0055602849,
1.0945,-0.0028411574,
1.09475,0.0021614311,
1.095,0.0008970782,
1.09525,-0.0042273318,
1.0955,-0.0064966427,
1.09575,-0.0046663657,
1.096,0.0023476116,
1.09625,-0.0006623404,
1.0965,-0.0040429095,
1.09675,0.0027866485,
1.097,0.0076295948,
1.09725,0.0062516048,
1.0975,0.0015133419,
1.09775,0.0055162609,
1.098,0.0089939032,
1.09825,0.0079049375,
1.0985,-0.0020907957,
1.09875,-0.0034707994,
1.099,0.0037571790,
1.09925,0.0023217495,
1.0995,-0.0040534036,
1.09975,-0.0060929302,
1.1,0.0007476265,
1.10025,0.0034258198,
1.1005,-0.0029583054,
1.10075,-0.0041374881,
1.101,0.0028279293,
1.10125,0.0073732110,
1.1015,0.0023918464,
1.10175,0.0006411340,
1.102,0.0063359523,
1.10225,0.0114795519,
1.1025,0.0065905736,
1.10275,-0.0007755521,
1.103,0.0027446039,
1.10325,0.0085598445,
1.1035,0.0058961422,
1.10375,0.0019142488,
1.104,-0.0004824243,
1.10425,0.0039889691,
1.1045,0.0055522448,
1.10475,-0.0011555520,
1.105,0.0003590989,
1.10525,0.0039820853,
1.1055,0.0092941541,
1.10575,0.0022343881,
1.106,0.0023472819,
1.10625,0.0119060697,
1.1065,0.0154070072,
1.10675,0.0131469416,
1.107,0.0093391007,
1.10725,0.0141640417,
1.1075,0.0190168843,
1.10775,0.0115860440,
1.108,0.0016457691,
1.10825,0.0032369446,
1.1085,0.0033339032,
1.10875,0.0007493671,
1.109,-0.0048417957,
1.10925,-0.0053691678,
1.1095,-0.0012395796,
1.10975,0.0010732015,
1.11,-0.0022630326,
1.11025,0.0014200141,
1.1105,0.0148754213,
1.11075,0.0117048305,
1.111,0.0075061079,
1.11125,0.0070089530,
1.1115,0.0133668361,
1.11175,0.0145852854,
1.112,0.0071062893,
1.11225,-0.0012510595,
1.1125,-0.0041575669,
1.11275,0.0015828839,
1.113,0.0005916823,
1.11325,-0.0042373622,
1.1135,-0.0070223510,
1.11375,-0.0046772943,
1.114,-0.0064240452,
1.11425,-0.0119053219,
1.1145,-0.0097720427,
1.11475,-0.0005214793,
1.115,-0.0016580703,
1.11525,-0.0098132789,
1.1155,-0.0091813356,
1.11575,0.0000200245,
1.116,0.0058492851,
1.11625,0.0003567346,
1.1165,-0.0046036104,
1.11675,0.0012088779,
1.117,0.0065370593,
1.11725,0.0060706190,
1.1175,-0.0016796576,
1.11775,-0.0018507242,
1.118,-0.0002231382,
1.11825,-0.0052708597,
1.1185,-0.0145255504,
1.11875,-0.0122768441,
1.119,-0.0097095799,
1.11925,-0.0117754610,
1.1195,-0.0210561249,
1.11975,-0.0207961947,
1.12,-0.0070014154,
1.12025,-0.0053608986,
1.1205,-0.0014617117,
1.12075,-0.0093273325,
1.121,-0.0044450797,
1.12125,0.0041759708,
1.1215,0.0018014187,
1.12175,0.0011039079,
1.122,0.0026382897,
1.12225,0.0024157986,
1.1225,-0.0030293290,
1.12275,-0.0143076954,
1.123,-0.0146501875,
1.12325,-0.0049108835,
1.1235,-0.0031465511,
1.12375,-0.0119340234,
1.124,-0.0095433863,
1.12425,-0.0010108643,
1.1245,0.0008674377,
1.12475,-0.0014299370,
1.125,-0.0016556154,
1.12525,0.0032146266,
1.1255,0.0067625986,
1.12575,-0.0026424506,
1.126,-0.0050971843,
1.12625,-0.0009251991,
1.1265,0.0010020898,
1.12675,-0.0011775224,
1.127,-0.0083522229,
1.12725,0.0007226283,
1.1275,0.0088457400,
1.12775,0.0009019130,
1.128,-0.0071302708,
1.12825,-0.0035613584,
1.1285,0.0014798094,
1.12875,0.0033132508,
1.129,-0.0007935145,
1.12925,-0.0006710215,
1.1295,0.0007116512,
1.12975,-0.0013345863,
1.13,-0.0057090623,
1.13025,-0.0031205546,
1.1305,0.0006643414,
1.13075,0.0046407077,
1.131,-0.0008408464,
1.13125,-0.0043506152,
1.1315,0.0010884310,
1.13175,0.0100490488,
1.132,0.0053516724,
1.13225,-0.0004908857,
1.1325,-0.0010549554,
1.13275,0.0028513749,
1.133,0.0009524453,
1.13325,-0.0072013345,
1.1335,-0.0064799571,
1.13375,-0.0009140209,
1.134,-0.0007508306,
1.13425,-0.0049662460,
1.1345,-0.0021552802,
1.13475,0.0063954815,
1.135,0.0088781295,
1.13525,0.0009073938,
1.1355,0.0008207915,
1.13575,0.0088776452,
1.136,0.0120230289,
1.13625,0.0046358923,
1.1365,-0.0005301205,
1.13675,0.0039600483,
1.137,0.0057178228,
1.13725,0.0051045995,
1.1375,-0.0029116988,
1.13775,-0.0051513910,
1.138,0.0048154504,
1.13825,0.0031160933,
1.1385,-0.0011395067,
1.13875,-0.0033559080,
1.139,0.0053728833,
1.13925,0.0090397215,
1.1395,0.0020539132,
1.13975,0.0018427131,
1.14,0.0088783689,
1.14025,0.0119256591,
1.1405,0.0057583274,
1.14075,0.0037695635,
1.141,0.0127212126,
1.14125,0.0168493595,
1.1415,0.0131479148,
1.14175,0.0065903254,
1.142,0.0081762895,
1.14225,0.0113181993,
1.1425,0.0075212349,
1.14275,0.0009028530,
1.143,-0.0024667843,
1.14325,0.0035561244,
1.1435,0.0014776142,
1.14375,-0.0027060371,
1.144,-0.0032257976,
1.14425,0.0024515213,
1.1445,0.0078897607,
1.14475,0.0043530390,
1.145,0.0025970407,
1.14525,0.0092788367,
1.1455,0.0126847103,
1.14575,0.0064931288,
1.146,-0.0001664688,
1.14625,0.0016128209,
1.1465,0.0070483349,
1.14675,0.0028672898,
1.147,-0.0090895146,
1.14725,-0.0062967422,
1.1475,0.0018579053,
1.14775,0.0011139307,
1.148,-0.0063674971,
1.14825,-0.0063145026,
1.1485,-0.0020808738,
1.14875,0.0000610870,
1.149,-0.0061091930,
1.14925,-0.0070159691,
1.1495,0.0015966205,
1.14975,0.0025564521,
1.15,-0.0057236920,
1.15025,-0.0088144625,
1.1505,-0.0019714732,
1.15075,0.0001640742,
1.151,-0.0010600745,
1.15125,-0.0077891136,
1.1515,-0.0002492450,
1.15175,0.0056074411,
1.152,-0.0033179240,
1.15225,-0.0086063212,
1.1525,-0.0023861104,
1.15275,0.0015999511,
1.153,-0.0033192369,
1.15325,-0.0091440007,
1.1535,-0.0081663355,
1.15375,-0.0042689503,
1.154,-0.0035720400,
1.15425,-0.0091150049,
1.1545,-0.0082059093,
1.15475,-0.0040725623,
1.155,0.0021381387,
1.15525,-0.0017239987,
1.1555,-0.0038100968,
1.15575,0.0008098437,
1.156,0.0044792155,
1.15625,-0.0048320997,
1.1565,-0.0122635392,
1.15675,-0.0093648899,
1.157,-0.0046330211,
1.15725,-0.0083603514,
1.1575,-0.0156104974,
1.15775,-0.0171711370,
1.158,-0.0043491269,
1.15825,0.0004908799,
1.1585,-0.0023244785,
1.15875,-0.0018570521,
1.159,0.0027754365,
1.15925,0.0063142665,
1.1595,0.0040209619,
1.15975,-0.0001015469,
1.16,0.0028054698,
1.16025,0.0044427533,
1.1605,-0.0055806898,
1.16075,-0.0090349251,
1.161,-0.0018189357,
1.16125,-0.0008054997,
1.1615,-0.0041410788,
1.16175,-0.0107901935,
1.162,-0.0126971779,
1.16225,-0.0012155648,
1.1625,0.0018126911,
1.16275,-0.0028424924,
1.163,-0.0040289564,
1.16325,-0.0006148577,
1.1635,0.0029372331,
1.16375,-0.0020638746,
1.164,-0.0048436346,
1.16425,0.0010662690,
1.1645,0.0047381413,
1.16475,-0.0004393418,
1.165,-0.0050833998,
1.16525,-0.0005613483,
1.1655,0.0075010881,
1.16575,0.0039417655,
1.166,-0.0049284450,
1.16625,-0.0034849101,
1.1665,0.0051767747,
1.16675,0.0058240481,
1.167,-0.0047892183,
1.16725,-0.0077574467,
1.1675,-0.0026346296,
1.16775,-0.0028240895,
1.168,-0.0095324367,
1.16825,-0.0107704299,
1.1685,-0.0007176485,
1.16875,0.0029802890,
1.169,-0.0030458777,
1.16925,-0.0010049082,
1.1695,0.0132234506,
1.16975,0.0172952954,
1.17,0.0113891903,
1.17025,0.0096511301,
1.1705,0.0089609632,
1.17075,0.0112579223,
1.171,0.0089740716,
1.17125,0.0012028397,
1.1715,0.0024677734,
1.17175,0.0024032069,
1.172,-0.0001802152,
1.17225,-0.0058665108,
1.1725,-0.0065287743,
1.17275,0.0020173811,
1.173,0.0055477405,
1.17325,-0.0012564710,
1.1735,-0.0048368867,
1.17375,0.0070603127,
1.174,0.0121740019,
1.17425,0.0071352059,
1.1745,0.0051025134,
1.17475,0.0102433367,
1.175,0.0156083778,
1.17525,0.0125292791,
1.1755,0.0073183188,
1.17575,0.0157758296,
1.176,0.0154423891,
1.17625,0.0110857431,
1.1765,0.0027046341,
1.17675,0.0054266714,
1.177,0.0066532185,
1.17725,0.0011883634,
1.1775,-0.0052862000,
1.17775,-0.0071960324,
1.178,0.0020231381,
1.17825,0.0030292347,
1.1785,0.0016151797,
1.17875,-0.0026125223,
1.179,0.0010580823,
1.17925,0.0078852465,
1.1795,0.0048430618,
1.17975,0.0028074442,
1.18,0.0020974916,
1.18025,0.0062335753,
1.1805,-0.0007511436,
1.18075,-0.0084750997,
1.181,0.0005634195,
1.18125,0.0057388423,
1.1815,0.0025281757,
1.18175,-0.0045940424,
1.182,-0.0069636153,
1.18225,0.0026094655,
1.1825,0.0070337295,
1.18275,0.0001204987,
1.183,-0.0016065513,
1.18325,0.0018990772,
1.1835,0.0043788091,
1.18375,-0.0011874234,
1.184,-0.0059796330,
1.18425,-0.0044635041,
1.1845,0.0004922762,
1.18475,-0.0072537400,
1.185,-0.0131165525,
1.18525,-0.0066052694,
1.1855,0.0004264439,
1.18575,-0.0004309740,
1.186,-0.0086713964,
1.18625,-0.0078665353,
1.1865,0.0037153901,
1.18675,-0.0012080533,
1.187,-0.0027759953,
1.18725,-0.0090405289,
1.1875,-0.0040129321,
1.18775,-0.0015984511,
1.188,-0.0044823405,
1.18825,-0.0044020615,
1.1885,-0.0016730379,
1.18875,0.0012710276,
1.189,-0.0039049881,
1.18925,-0.0089731291,
1.1895,-0.0026039621,
1.18975,0.0032794806,
1.19,0.0009177593,
1.19025,-0.0103688482,
1.1905,-0.0139192408,
1.19075,-0.0084018670,
1.191,-0.0110841729,
1.19125,-0.0193246119,
1.1915,-0.0177916083,
1.19175,-0.0071312645,
1.192,-0.0060773725,
1.19225,-0.0134517262,
1.1925,-0.0068520824,
1.19275,0.0036834632,
1.193,0.0076217018,
1.19325,0.0027678255,
1.1935,-0.0001510479,
1.19375,0.0080001745,
1.194,0.0068679014,
1.19425,-0.0022104294,
1.1945,-0.0080215475,
1.19475,-0.0069944700,
1.195,-0.0083183376,
1.19525,-0.0091233235,
1.1955,-0.0128127653,
1.19575,-0.0123450449,
1.196,-0.0072609708,
1.19625,-0.0037255986,
1.1965,-0.0116191665,
1.19675,-0.0077592330,
1.197,-0.0000719093,
1.19725,0.0062853633,
1.1975,0.0011140843,
1.19775,-0.0003491612,
1.198,0.0049259611,
1.19825,0.0086065186,
1.1985,0.0040537124,
1.19875,0.0025082766,
1.199,0.0082289912,
1.19925,0.0108996229,
1.1995,0.0077728652,
1.19975,0.0001995672,
1.2,0.0024559943,
1.20025,0.0076583144,
1.2005,0.0007019641,
1.20075,-0.0066643208,
1.201,-0.0091230469,
1.20125,-0.0019096981,
1.2015,-0.0051002810,
1.20175,-0.0127169061,
1.202,-0.0123809893,
1.20225,-0.0007668838,
1.2025,0.0028266371,
1.20275,-0.0023799981,
1.203,0.0014423914,
1.20325,0.0103529859,
1.2035,0.0151453149,
1.20375,0.0152958734,
1.204,0.0082940711,
1.20425,0.0114584602,
1.2045,0.0175301768,
1.20475,0.0094698584,
1.205,0.0032917233,
1.20525,0.0006478950,
1.2055,0.0032585298,
1.20575,0.0023361363,
1.206,-0.0062396312,
1.20625,-0.0061772298,
1.2065,0.0002607136,
1.20675,0.0033082603,
1.207,-0.0011277989,
1.20725,0.0010650347,
1.2075,0.0110695055,
1.20775,0.0133781638,
1.208,0.0097253295,
1.20825,0.0049426854,
1.2085,0.0126352981,
1.20875,0.0167479403,
1.209,0.0111255934,
1.20925,0.0023970909,
1.2095,0.0089013902,
1.20975,0.0115861688,
1.21,0.0088240597,
1.21025,0.0053180526,
1.2105,0.0077213608,
1.21075,0.0099307485,
1.211,0.0032853512,
1.21125,-0.0051197018,
1.2115,-0.0061541358,
1.21175,-0.0009106973,
1.212,-0.0002777723,
1.21225,-0.0012943858,
1.2125,-0.0058521675,
1.21275,-0.0019884431,
1.213,0.0113237500,
1.21325,0.0057029659,
1.2135,0.0032363674,
1.21375,0.0076227393,
1.214,0.0103524989,
1.21425,0.0083894311,
1.2145,-0.0000781034,
1.21475,0.0004806411,
1.215,0.0059378012,
1.21525,0.0032507293,
1.2155,-0.0078984741,
1.21575,-0.0055297464,
1.216,0.0007476457,
1.21625,-0.0014461740,
1.2165,-0.0066677369,
1.21675,-0.0062762834,
1.217,0.0008965727,
1.21725,0.0053944201,
1.2175,-0.0013792706,
1.21775,-0.0038241583,
1.218,0.0047022337,
1.21825,0.0043208925,
1.2185,-0.0014807438,
1.21875,-0.0037831489,
1.219,-0.0008030256,
1.21925,0.0017958077,
1.2195,-0.0064468207,
1.21975,-0.0132875256,
1.22,-0.0080427667,
1.22025,-0.0011289790,
1.2205,-0.0043552569,
1.22075,-0.0091250744,
1.221,-0.0112329992,
1.22125,-0.0035151611,
1.2215,-0.0010855661,
1.22175,-0.0076321447,
1.222,-0.0085178660,
1.22225,-0.0038012525,
1.2225,-0.0024022001,
1.22275,-0.0106737996,
1.223,-0.0113342796,
1.22325,-0.0086299432,
1.2235,-0.0002583262,
1.22375,-0.0032027487,
1.224,-0.0115606859,
1.22425,-0.0054341839,
1.2245,-0.0035582385,
1.22475,-0.0048667663,
1.225,-0.0120292846,
1.22525,-0.0118974727,
1.2255,-0.0101033049,
1.22575,-0.0097666010,
1.226,-0.0133436192,
1.22625,-0.0119622750,
1.2265,-0.0004763760,
1.22675,0.0016077847,
1.227,-0.0034158975,
1.22725,-0.0002259636,
1.2275,0.0073782546,
1.22775,0.0087291962,
1.228,0.0041499720,
1.22825,-0.0039379396,
1.2285,-0.0035365808,
1.22875,0.0043618297,
1.229,0.0007071515,
1.22925,-0.0099799922,
1.2295,-0.0091284700,
1.22975,-0.0051439512,
1.23,-0.0015345602,
1.23025,-0.0045663426,
1.2305,-0.0010126909,
1.23075,0.0044650538,
1.231,0.0015428778,
1.23125,-0.0049512591,
1.2315,-0.0043352316,
1.23175,0.0044465698,
1.232,0.0094402600,
1.23225,0.0040397006,
1.2325,-0.0034634883,
1.23275,-0.0023370443,
1.233,0.0096105775,
1.23325,0.0059262691,
1.2335,-0.0032731625,
1.23375,0.0018013507,
1.234,0.0038585211,
1.23425,0.0024187625,
1.2345,-0.0038539504,
1.23475,-0.0004848384,
1.235,0.0033726532,
1.23525,-0.0018532267,
1.2355,-0.0103020407,
1.23575,-0.0039144657,
1.236,0.0050342474,
1.23625,0.0014380818,
1.2365,-0.0055785249,
1.23675,-0.0046192864,
1.237,0.0007079273,
1.23725,0.0121872984,
1.2375,0.0087710274,
1.23775,0.0072694374,
1.238,0.0128187612,
1.23825,0.0132727893,
1.2385,0.0079029510,
1.23875,0.0047643813,
1.239,0.0040467549,
1.23925,0.0069631087,
1.2395,0.0016239940,
1.23975,-0.0079910215,
1.24,-0.0080601946,
1.24025,-0.0002166710,
1.2405,-0.0005372830,
1.24075,-0.0060097454,
1.241,-0.0007616231,
1.24125,0.0114506120,
1.2415,0.0120142186,
1.24175,0.0072531337,
1.242,0.0061338586,
1.24225,0.0125639532,
1.2425,0.0135762198,
1.24275,0.0083012935,
1.243,0.0071820077,
1.24325,0.0104418313,
1.2435,0.0105160056,
1.24375,0.0027981380,
1.244,0.0006586367,
1.24425,0.0039391164,
1.2445,0.0075523374,
1.24475,0.0071529876,
1.245,0.0018002243,
1.24525,-0.0016802484,
1.2455,0.0006223284,
1.24575,0.0023320648,
1.246,0.0004799859,
1.24625,-0.0026595185,
1.2465,0.0042722146,
1.24675,0.0070390068,
1.247,0.0007416565,
1.24725,-0.0045344820,
1.2475,0.0074969828,
1.24775,0.0153777115,
1.248,0.0072496478,
1.24825,-0.0012051357,
1.2485,0.0019977377,
1.24875,0.0066499547,
1.249,0.0038059321,
1.24925,-0.0029031793,
1.2495,-0.0013754745,
1.24975,0.0012877153,
1.25,-0.0012508275,
1.25025,-0.0073887678,
1.2505,-0.0063344361,
1.25075,-0.0027532969,
1.251,0.0008924230,
1.25125,-0.0011539269,
1.2515,-0.0000219130,
1.25175,0.0078227781,
1.252,0.0130528249,
1.25225,0.0029854591,
1.2525,-0.0046308814,
1.25275,-0.0004261465,
1.253,0.0044832542,
1.25325,-0.0004974033,
1.2535,-0.0096828593,
1.25375,-0.0108599141,
1.254,-0.0092614517,
1.25425,-0.0101630557,
1.2545,-0.0154263377,
1.25475,-0.0092196148,
1.255,-0.0022410625,
1.25525,-0.0040379171,
1.2555,-0.0088089528,
1.25575,-0.0057457769,
1.256,0.0003068791,
1.25625,0.0014298725,
1.2565,-0.0033230230,
1.25675,-0.0068739452,
1.257,-0.0047431448,
1.25725,0.0030686897,
1.2575,-0.0014435226,
1.25775,-0.0087346686,
1.258,-0.0041432446,
1.25825,0.0020717080,
1.2585,-0.0048909644,
1.25875,-0.0132613890,
1.259,-0.0104777748,
1.25925,-0.0057049277,
1.2595,-0.0119194258,
1.25975,-0.0184291061,
1.26,-0.0102879936,
1.26025,-0.0013026695,
1.2605,-0.0056969505,
1.26075,-0.0063914116,
1.261,-0.0031310697,
1.26125,0.0054032272,
1.2615,0.0063726576,
1.26175,0.0012505192,
1.262,0.0023818403,
1.26225,0.0016923193,
1.2625,0.0026744176,
1.26275,-0.0004677211,
1.263,-0.0041672424,
1.26325,-0.0071850503,
1.2635,-0.0044764625,
1.26375,-0.0048575038,
1.264,-0.0144162970,
1.26425,-0.0062844967,
1.2645,-0.0010917068,
1.26475,0.0013084669,
1.265,-0.0023975428,
1.26525,-0.0011113917,
1.2655,0.0089268722,
1.26575,0.0073297094,
1.266,-0.0028699927,
1.26625,-0.0047025811,
1.2665,0.0046343422,
1.26675,0.0047826348,
1.267,-0.0012833264,
1.26725,-0.0023222198,
1.2675,-0.0019107019,
1.26775,0.0028043576,
1.268,0.0025717132,
1.26825,-0.0018753202,
1.2685,0.0020006399,
1.26875,0.0073037087,
1.269,-0.0019338364,
1.26925,-0.0081455056,
1.2695,-0.0055704415,
1.26975,-0.0002014822,
1.27,0.0010870317,
1.27025,-0.0060913460,
1.2705,-0.0102007966,
1.27075,0.0012567117,
1.271,0.0051398058,
1.27125,0.0004834876,
1.2715,0.0001453012,
1.27175,0.0043932670,
1.272,0.0101823322,
1.27225,0.0096372273,
1.2725,0.0039402167,
1.27275,0.0091970442,
1.273,0.0111177200,
1.27325,0.0033221159,
1.2735,-0.0034069601,
1.27375,0.0005543090,
1.274,0.0025778045,
1.27425,0.0020603659,
1.2745,-0.0069156969,
1.27475,-0.0050833598,
1.275,0.0062096752,
1.27525,0.0090805804,
1.2755,0.0055667581,
1.27575,0.0070346911,
1.276,0.0143036852,
1.27625,0.0141637968,
1.2765,0.0088109095,
1.27675,0.0050361007,
1.277,0.0100288466,
1.27725,0.0103553711,
1.2775,0.0019290822,
1.27775,-0.0024975953,
1.278,0.0047955597,
1.27825,0.0091957394,
1.2785,0.0075324974,
1.27875,0.0061898474,
1.279,0.0013824144,
1.27925,0.0106110387,
1.2795,0.0133259259,
1.27975,0.0066894316,
1.28,0.0066737686,
1.28025,0.0067926468,
1.2805,0.0073060831,
1.28075,0.0012684545,
1.281,-0.0002079748,
1.28125,0.0044975230,
1.2815,0.0120299952,
1.28175,0.0046752729,
1.282,0.0002229768,
1.28225,0.0114039127,
1.2825,0.0150466440,
1.28275,0.0062876493,
1.283,-0.0004826770,
1.28325,-0.0017627333,
1.2835,0.0041697454,
1.28375,-0.0002153839,
1.284,-0.0069027906,
1.28425,-0.0031617475,
1.2845,-0.0010858719,
1.28475,-0.0040852237,
1.285,-0.0067797257,
1.28525,0.0000466662,
1.2855,0.0080862902,
1.28575,0.0097603714,
1.286,-0.0004091476,
1.28625,-0.0028489046,
1.2865,0.0047378293,
1.28675,0.0010027555,
1.287,-0.0030234153,
1.28725,-0.0124967750,
1.2875,-0.0149768423,
1.28775,-0.0113915848,
1.288,-0.0136060184,
1.28825,-0.0193543751,
1.2885,-0.0145449117,
1.28875,-0.0080755139,
1.289,-0.0095789805,
1.28925,-0.0082763685,
1.2895,-0.0054187980,
1.28975,0.0050763320,
1.29,0.0074853748,
1.29025,-0.0047764503,
1.2905,-0.0059261220,
1.29075,0.0017489843,
1.291,-0.0012382956,
1.29125,-0.0059031346,
1.2915,-0.0105043128,
1.29175,-0.0052885516,
1.292,-0.0011562802,
1.29225,-0.0044711712,
1.2925,-0.0100003611,
1.29275,-0.0054127229,
1.293,-0.0023685584,
1.29325,-0.0090440046,
1.2935,-0.0157053694,
1.29375,-0.0109013906,
1.294,-0.0043319617,
1.29425,-0.0021129150,
1.2945,-0.0095552998,
1.29475,-0.0098968036,
1.295,-0.0041499739,
1.29525,0.0000283925,
1.2955,0.0008613035,
1.29575,0.0007055743,
1.296,0.0030202959,
1.29625,0.0052159722,
1.2965,-0.0024683368,
1.29675,-0.0063735675,
1.297,-0.0050835609,
1.29725,0.0000097647,
1.2975,-0.0059842719,
1.29775,-0.0159209631,
1.298,-0.0116648488,
1.29825,-0.0048105298,
1.2985,-0.0015868875,
1.29875,-0.0066049742,
1.299,-0.0070251422,
1.29925,0.0027863630,
1.2995,0.0048547420,
1.29975,0.0011043835,
1.3,0.0031454312,
1.30025,0.0088991811,
1.3005,0.0081866225,
1.30075,-0.0002510376,
1.301,-0.0038569053,
1.30125,0.0027275081,
1.3015,0.0035628262,
1.30175,-0.0058218832,
1.302,-0.0108755939,
1.30225,-0.0026428415,
1.3025,0.0049369973,
1.30275,0.0022032720,
1.303,-0.0058410964,
1.30325,-0.0032571133,
1.3035,-0.0012352143,
1.30375,0.0009399683,
1.304,-0.0031320329,
1.30425,-0.0038705578,
1.3045,0.0041189222,
1.30475,0.0022584791,
1.305,-0.0027355361,
1.30525,-0.0012959104,
1.3055,0.0060384655,
1.30575,0.0108467396,
1.306,0.0040079853,
1.30625,0.0005775477,
1.3065,0.0075629023,
1.30675,0.0139359944,
1.307,0.0069577922,
1.30725,0.0014427542,
1.3075,0.0044518495,
1.30775,0.0068785530,
1.308,0.0015578851,
1.30825,-0.0059109060,
1.3085,-0.0015334949,
1.30875,0.0051507670,
1.309,0.0014783433,
1.30925,0.0020521702,
1.3095,0.0046009328,
1.30975,0.0142764188,
1.31,0.0147656994,
1.31025,0.0082708634,
1.3105,0.0092888083,
1.31075,0.0148018599,
1.311,0.0130685251,
1.31125,0.0045460723,
1.3115,-0.0000888910,
1.31175,0.0006614205,
1.312,0.0044627241,
1.31225,0.0038816046,
1.3125,-0.0045224447,
1.31275,-0.0010424579,
1.313,0.0091876779,
1.31325,0.0109766228,
1.3135,0.0061440258,
1.31375,0.0055211964,
1.314,0.0093018850,
1.31425,0.0153308278,
1.3145,0.0076860413,
1.31475,0.0043932679,
1.315,0.0085771149,
1.31525,0.0060583008,
1.3155,-0.0026354566,
1.31575,-0.0034975526,
1.316,0.0031242764,
1.31625,0.0079851616,
1.3165,0.0033378080,
1.31675,-0.0017972584,
1.317,0.0019645046,
1.31725,0.0018506375,
1.3175,0.0001560364,
1.31775,-0.0061932462,
1.318,-0.0040936153,
1.31825,0.0023706818,
1.3185,0.0044608228,
1.31875,-0.0011489227,
1.319,-0.0023819914,
1.31925,0.0046664225,
1.3195,0.0077443193,
1.31975,0.0026417067,
1.32,-0.0026929202,
1.32025,0.0041747782,
1.3205,0.0068385480,
1.32075,-0.0027365997,
1.321,-0.0087379450,
1.32125,-0.0093157068,
1.3215,-0.0027527020,
1.32175,-0.0113018472,
1.322,-0.0203290768,
1.32225,-0.0155841168,
1.3225,-0.0096208015,
1.32275,-0.0107973814,
1.323,-0.0142133888,
1.32325,-0.0099213216,
1.3235,-0.0013159519,
1.32375,0.0057184980,
1.324,-0.0013848651,
1.32425,-0.0028516175,
1.3245,0.0037135971,
1.32475,0.0068848953,
1.325,0.0019807513,
1.32525,-0.0043871976,
1.3255,-0.0026513720,
1.32575,0.0004041116,
1.326,-0.0095185312,
1.32625,-0.0142454002,
1.3265,-0.0096992999,
1.32675,-0.0025488278,
1.327,-0.0113035068,
1.32725,-0.0138436453,
1.3275,-0.0067635351,
1.32775,-0.0029734154,
1.328,-0.0064113233,
1.32825,-0.0108036781,
1.3285,-0.0068822019,
1.32875,0.0009016413,
1.329,0.0040982412,
1.32925,0.0030229473,
1.3295,-0.0007764498,
1.32975,0.0025486215,
1.33,0.0040859724,
1.33025,0.0015469049,
1.3305,-0.0020107499,
1.33075,0.0009962638,
1.331,0.0000986582,
1.33125,-0.0065984409,
1.3315,-0.0157482401,
1.33175,-0.0123650441,
1.332,-0.0008211037,
1.33225,-0.0011820764,
1.3325,-0.0109821102,
1.33275,-0.0082118940,
1.333,-0.0014311005,
1.33325,0.0018553594,
1.3335,-0.0045743738,
1.33375,-0.0030068359,
1.334,0.0010608352,
1.33425,0.0049231825,
1.3345,0.0017294883,
1.33475,-0.0006328716,
1.335,0.0080124028,
1.33525,0.0074132676,
1.3355,-0.0008000165,
1.33575,-0.0024799476,
1.336,0.0026982902,
1.33625,0.0102392854,
1.3365,0.0058510858,
1.33675,-0.0007917042,
1.337,-0.0078551946,
1.33725,0.0022507710,
1.3375,0.0007805284,
1.33775,-0.0028531677,
1.338,-0.0022362527,
1.33825,-0.0024628162,
1.3385,0.0019526584,
1.33875,-0.0051220595,
1.339,-0.0089958860,
1.33925,0.0059290947,
1.3395,0.0090986192,
1.33975,0.0029618195,
1.34,-0.0011948980,
1.34025,0.0068113371,
1.3405,0.0144597571,
1.34075,0.0134488670,
1.341,0.0031081694,
1.34125,0.0051183095,
1.3415,0.0093682008,
1.34175,0.0019847394,
1.342,-0.0026588584,
1.34225,-0.0001457561,
1.3425,0.0048514446,
1.34275,0.0039208736,
1.343,-0.0018810661,
1.34325,0.0000063268,
1.3435,0.0114134755,
1.34375,0.0141042043,
1.344,0.0047510942,
1.34425,0.0040713442,
1.3445,0.0125839747,
1.34475,0.0121895578,
1.345,0.0107071903,
1.34525,0.0033626202,
1.3455,-0.0015009526,
1.34575,0.0034590249,
1.346,-0.0004252113,
1.34625,-0.0033739931,
1.3465,0.0006957070,
1.34675,0.0030684655,
1.347,0.0023340553,
1.34725,-0.0023646515,
1.3475,0.0025195417,
1.34775,0.0136061683,
1.348,0.0141402716,
1.34825,0.0024168196,
1.3485,0.0001195434,
1.34875,0.0059120911,
1.349,0.0058562737,
1.34925,-0.0012916089,
1.3495,-0.0053383112,
1.34975,-0.0023022685,
1.35,0.0023122737,
1.35025,-0.0028346318,
1.3505,-0.0037427330,
1.35075,0.0003416372,
1.351,0.0034274608,
1.35125,0.0008716310,
1.3515,-0.0032964407,
1.35175,-0.0014206151,
1.352,0.0047244509,
1.35225,0.0023166675,
1.3525,-0.0074501801,
1.35275,-0.0026715086,
1.353,0.0066894516,
1.35325,0.0071157236,
1.3535,0.0031949286,
1.35375,0.0014343293,
1.354,0.0046840445,
1.35425,0.0105230054,
1.3545,0.0059449086,
1.35475,0.0008549567,
1.355,0.0039913887,
1.35525,0.0022169864,
1.3555,-0.0068603973,
1.35575,-0.0138364732,
1.356,-0.0166625362,
1.35625,-0.0114559559,
1.3565,-0.0143258916,
1.35675,-0.0188883450,
1.357,-0.0133437188,
1.35725,-0.0032860541,
1.3575,-0.0005078070,
1.35775,-0.0035683308,
1.358,-0.0030182300,
1.35825,0.0081709521,
1.3585,0.0142146228,
1.35875,0.0084589878,
1.359,0.0025808923,
1.35925,0.0073010530,
1.3595,0.0073227836,
1.35975,-0.0048296778,
1.36,-0.0125623019,
1.36025,-0.0108193904,
1.3605,-0.0055338023,
1.36075,-0.0102999918,
1.361,-0.0185023919,
1.36125,-0.0123506887,
1.3615,-0.0074589457,
1.36175,-0.0093624545,
1.362,-0.0099614216,
1.36225,-0.0090823285,
1.3625,-0.0053798584,
1.36275,-0.0012028574,
1.363,-0.0072098896,
1.36325,-0.0064714216,
1.3635,-0.0016676710,
1.36375,0.0053445939,
1.364,0.0034615016,
1.36425,-0.0005225271,
1.3645,0.0058536865,
1.36475,0.0070465133,
1.365,0.0043431409,
1.36525,-0.0068801641,
1.3655,-0.0081889508,
1.36575,-0.0011457456,
1.366,-0.0064714160,
1.36625,-0.0109622348,
1.3665,-0.0098055154,
1.36675,-0.0038370243,
1.367,-0.0059748865,
1.36725,-0.0126766833,
1.3675,-0.0087978523,
1.36775,0.0016444701,
1.368,0.0069265855,
1.36825,-0.0011294136,
1.3685,-0.0033750013,
1.36875,0.0074875024,
1.369,0.0072801160,
1.36925,0.0014019128,
1.3695,-0.0033061276,
1.36975,0.0011284050,
1.37,0.0039884741,
1.37025,-0.0003997657,
1.3705,-0.0027195672,
1.37075,-0.0031194997,
1.371,0.0025341045,
1.37125,0.0024776009,
1.3715,-0.0040398589,
1.37175,-0.0011296810,
1.372,0.0037014955,
1.37225,0.0034907768,
1.3725,-0.0046135793,
1.37275,-0.0080527067,
1.373,0.0006704680,
1.37325,0.0026695288,
1.3735,-0.0020355845,
1.37375,-0.0027246450,
1.374,0.0027129299,
1.37425,0.0049771625,
1.3745,-0.0003109255,
1.37475,-0.0026830682,
1.375,0.0056243697,
1.37525,0.0076717720,
1.3755,0.0040106364,
1.37575,-0.0014872393,
1.376,0.0045049470,
1.37625,0.0091500143,
1.3765,0.0050945575,
1.37675,-0.0010708508,
1.377,0.0020766186,
1.37725,0.0078898538,
1.3775,0.0073698252,
1.37775,0.0016849664,
1.378,0.0028613838,
1.37825,0.0082701761,
1.3785,0.0113306660,
1.37875,0.0091416081,
1.379,0.0007805301,
1.37925,0.0024466561,
1.3795,0.0048571480,
1.37975,0.0002591020,
1.38,-0.0067552575,
1.38025,-0.0058906479,
1.3805,0.0024647978,
1.38075,0.0049411459,
1.381,-0.0007782730,
1.38125,0.0081196651,
1.3815,0.0181282852,
1.38175,0.0190415252,
1.382,0.0127283912,
1.38225,0.0127748940,
1.3825,0.0189086646,
1.38275,0.0159570947,
1.383,0.0079072965,
1.38325,0.0047788867,
1.3835,0.0049429336,
1.38375,0.0037158141,
1.384,-0.0042490992,
1.38425,-0.0077711563,
1.3845,-0.0087249242,
1.38475,-0.0020032397,
1.385,-0.0027565872,
1.38525,-0.0072371080,
1.3855,-0.0019820677,
1.38575,0.0034156283,
1.386,0.0039509567,
1.38625,-0.0031594201,
1.3865,-0.0008015035,
1.38675,0.0098599847,
1.387,0.0093011372,
1.38725,0.0021156410,
1.3875,-0.0070268419,
1.38775,0.0034502703,
1.388,0.0077749388,
1.38825,0.0010814909,
1.3885,0.0002091510,
1.38875,0.0038406581,
1.389,0.0025140918,
1.38925,-0.0033935993,
1.3895,-0.0114056300,
1.38975,-0.0086239763,
1.39,-0.0051503973,
1.39025,-0.0095071327,
1.3905,-0.0156480037,
1.39075,-0.0117963329,
1.391,-0.0053388854,
1.39125,-0.0020778337,
1.3915,-0.0053691790,
1.39175,-0.0026746120,
1.392,0.0046689571,
1.39225,0.0086201765,
1.3925,0.0004586271,
1.39275,0.0001945788,
1.393,0.0068868049,
1.39325,0.0027058274,
1.3935,-0.0058716587,
1.39375,-0.0089407479,
1.394,-0.0000870020,
1.39425,-0.0022940177,
1.3945,-0.0118061397,
1.39475,-0.0157562103,
1.395,-0.0119196950,
1.39525,-0.0069912011,
1.3955,-0.0062032295,
1.39575,-0.0092872921,
1.396,-0.0077883364,
1.39625,-0.0060510207,
1.3965,-0.0059648021,
1.39675,-0.0117918458,
1.397,-0.0103688901,
1.39725,-0.0042956742,
1.3975,-0.0008232569,
1.39775,-0.0102631794,
1.398,-0.0102079511,
1.39825,-0.0030051698,
1.3985,0.0017716789,
1.39875,-0.0030456551,
1.399,-0.0068292376,
1.39925,-0.0016921356,
1.3995,0.0040489146,
1.39975,0.0009408906,
1.4,-0.0051852018,
1.40025,-0.0040524984,
1.4005,-0.0033652678,
1.40075,-0.0063983402,
1.401,-0.0076129991,
1.40125,-0.0022986238,
1.4015,0.0047972444,
1.40175,0.0024256383,
1.402,-0.0038004513,
1.40225,-0.0024715415,
1.4025,0.0063060112,
1.40275,0.0058766166,
1.403,0.0010642055,
1.40325,-0.0053284895,
1.4035,-0.0039632111,
1.40375,0.0021607839,
1.404,0.0003763313,
1.40425,-0.0060532950,
1.4045,-0.0032814846,
1.40475,0.0060291039,
1.405,0.0023108963,
1.40525,0.0003997097,
1.4055,0.0040313452,
1.40575,0.0116755487,
1.406,0.0075117582,
1.40625,-0.0009226488,
1.4065,0.0000776215,
1.40675,0.0058780322,
1.407,0.0066439901,
1.40725,-0.0024917142,
1.4075,-0.0059589949,
1.40775,-0.0028327901,
1.408,0.0019683980,
1.40825,-0.0016787853,
1.4085,-0.0056271907,
1.40875,0.0004835305,
1.409,0.0032755700,
1.40925,-0.0006605005,
1.4095,-0.0055084941,
1.40975,0.0035317719,
1.41,0.0114077982,
1.41025,0.0033904682,
1.4105,0.0000418472,
1.41075,0.0040361723,
1.411,0.0087159518,
1.41125,0.0083551966,
1.4115,0.0027578266,
1.41175,0.0044803075,
1.412,0.0055633015,
1.41225,0.0075346893,
1.4125,0.0067690019,
1.41275,0.0047494383,
1.413,0.0108142607,
1.41325,0.0130240060,
1.4135,0.0052294647,
1.41375,-0.0022826395,
1.414,0.0006241242,
1.41425,0.0067779403,
1.4145,-0.0008533389,
1.41475,-0.0064001228,
1.415,-0.0026059079,
1.41525,0.0059118867,
1.4155,0.0066438857,
1.41575,0.0038738872,
1.416,0.0108422944,
1.41625,0.0171806589,
1.4165,0.0118904449,
1.41675,0.0067644618,
1.417,0.0105687743,
1.41725,0.0124380980,
1.4175,0.0095730014,
1.41775,0.0008284335,
1.418,-0.0049020606,
1.41825,0.0040109502,
1.4185,0.0073237945,
1.41875,0.0009766399,
1.419,-0.0021286411,
1.41925,-0.0021775265,
1.4195,0.0020001424,
1.41975,0.0009719337,
1.42,-0.0061904266,
1.42025,-0.0022993991,
1.4205,0.0042024362,
1.42075,-0.0006749709,
1.421,-0.0067401547,
1.42125,-0.0025435339,
1.4215,0.0046361638,
1.42175,0.0034843045,
1.422,-0.0030259544,
1.42225,-0.0009668128,
1.4225,0.0102106677,
1.42275,0.0108169150,
1.423,0.0023420607,
1.42325,-0.0032043890,
1.4235,-0.0050345440,
1.42375,-0.0050324709,
1.424,-0.0059602712,
1.42425,-0.0127222007,
1.4245,-0.0131307151,
1.42475,-0.0069514480,
1.425,-0.0117485598,
1.42525,-0.0166883040,
1.4255,-0.0094304830,
1.42575,-0.0015946542,
1.426,0.0016841379,
1.42625,-0.0033660608,
1.4265,-0.0030003556,
1.42675,0.0092686517,
1.427,0.0100239199,
1.42725,-0.0047019478,
1.4275,-0.0045024273,
1.42775,-0.0016580423,
1.428,-0.0044072741,
1.42825,-0.0075455313,
1.4285,-0.0119276829,
1.42875,-0.0120582571,
1.429,-0.0082868030,
1.42925,-0.0106882164,
1.4295,-0.0103967525,
1.42975,-0.0059416434,
1.43,0.0003861930,
1.43025,0.0019616138,
1.4305,-0.0040187137,
1.43075,-0.0054636570,
1.431,-0.0017682916,
1.43125,0.0008046638,
1.4315,-0.0076380135,
1.43175,-0.0097267339,
1.432,-0.0017540134,
1.43225,0.0023356718,
1.4325,-0.0038375822,
1.43275,-0.0078928825,
1.433,0.0015147711,
1.43325,0.0073178895,
1.4335,0.0017163944,
1.43375,-0.0045647779,
1.434,0.0030052823,
1.43425,0.0058874246,
1.4345,-0.0006155940,
1.43475,-0.0034722730,
1.435,0.0013893417,
1.43525,0.0038678732,
1.4355,0.0003307416,
1.43575,-0.0042100712,
1.436,0.0002779104,
1.43625,0.0071867350,
1.4365,0.0060042497,
1.43675,0.0031873535,
1.437,-0.0004929681,
1.43725,0.0015764609,
1.4375,0.0065589305,
1.43775,0.0011064383,
1.438,-0.0046541276,
1.43825,-0.0007933955,
1.4385,0.0011389983,
1.43875,-0.0041839094,
1.439,-0.0067829131,
1.43925,0.0003362831,
1.4395,0.0078971628,
1.43975,0.0041697072,
1.44,-0.0010841894,
1.44025,0.0016507660,
1.4405,0.0090672188,
1.44075,0.0042413394,
1.441,-0.0009018726,
1.44125,-0.0000271419,
1.4415,0.0050410116,
1.44175,0.0035211504,
1.442,-0.0066669872,
1.44225,-0.0102809947,
1.4425,-0.0067069153,
1.44275,-0.0039926078,
1.443,-0.0051784040,
1.44325,-0.0059756879,
1.4435,0.0017025061,
1.44375,0.0053704246,
1.444,-0.0010047711,
1.44425,-0.0028845021,
1.4445,0.0069459067,
1.44475,0.0126744993,
1.445,0.0143922810,
1.44525,0.0060499897,
1.4455,0.0006403356,
1.44575,0.0065231039,
1.446,0.0085676126,
1.44625,0.0061453339,
1.4465,0.0069512473,
1.44675,0.0116432635,
1.447,0.0124365203,
1.44725,0.0055560879,
1.4475,0.0019118591,
1.44775,0.0071045202,
1.448,0.0101724323,
1.44825,-0.0011912002,
1.4485,-0.0088832621,
1.44875,-0.0001989841,
1.449,0.0054021236,
1.44925,0.0037769924,
1.4495,-0.0024974088,
1.44975,0.0019644010,
1.45,0.0116615603,
1.45025,0.0130507303,
1.4505,0.0119641470,
1.45075,0.0136772459,
1.451,0.0158747640,
1.45125,0.0130905034,
1.4515,0.0042745047,
1.45175,-0.0002964954,
1.452,0.0000729674,
1.45225,0.0019987023,
1.4525,-0.0035592108,
1.45275,-0.0108275805,
1.453,-0.0055729067,
1.45325,0.0012736232,
1.4535,-0.0007705959,
1.45375,-0.0040242551,
1.454,-0.0039658081,
1.45425,0.0062947394,
1.4545,0.0054867137,
1.45475,-0.0002570205,
1.455,0.0027788985,
1.45525,0.0048210062,
1.4555,0.0006676289,
1.45575,-0.0058433022,
1.456,-0.0037054836,
1.45625,0.0018866698,
1.4565,0.0020406405,
1.45675,-0.0013861024,
1.457,-0.0077173184,
1.45725,-0.0035265456,
1.4575,0.0016890100,
1.45775,-0.0040754937,
1.458,-0.0062038261,
1.45825,-0.0031423194,
1.4585,0.0022500604,
1.45875,-0.0034492651,
1.459,-0.0126183741,
1.45925,-0.0060261786,
1.4595,0.0031127613,
1.45975,-0.0000472724,
1.46,-0.0067292489,
1.46025,-0.0009475319,
1.4605,0.0062603252,
1.46075,0.0007056594,
1.461,-0.0060360827,
1.46125,-0.0030140718,
1.4615,-0.0007699709,
1.46175,-0.0046702921,
1.462,-0.0091847302,
1.46225,-0.0104485750,
1.4625,-0.0099916020,
1.46275,-0.0074188560,
1.463,-0.0074975700,
1.46325,-0.0095997639,
1.4635,-0.0053370595,
1.46375,0.0005314344,
1.464,0.0017078386,
1.46425,-0.0045821671,
1.4645,-0.0083640972,
1.46475,0.0017745221,
1.465,0.0050394214,
1.46525,-0.0055633853,
1.4655,-0.0067687538,
1.46575,-0.0022621634,
1.466,-0.0042850720,
1.46625,-0.0139227659,
1.4665,-0.0136962058,
1.46675,-0.0021286444,
1.467,0.0010177580,
1.46725,-0.0057831202,
1.4675,-0.0061548548,
1.46775,0.0025366514,
1.468,0.0047921580,
1.46825,0.0031219725,
1.4685,-0.0005809593,
1.46875,0.0002729369,
1.469,0.0052008396,
1.46925,0.0050813896,
1.4695,-0.0054709343,
1.46975,-0.0058790972,
1.47,-0.0022172518,
1.47025,0.0017271927,
1.4705,-0.0007207149,
1.47075,-0.0098317163,
1.471,-0.0004601789,
1.47125,0.0029128841,
1.4715,-0.0055168876,
1.47175,-0.0081890728,
1.472,-0.0006389524,
1.47225,0.0039973580,
1.4725,-0.0006195279,
1.47275,-0.0067157210,
1.473,-0.0027860552,
1.47325,0.0042840228,
1.4735,0.0005904778,
1.47375,-0.0062185661,
1.474,-0.0016391970,
1.47425,0.0028591671,
1.4745,0.0049336492,
1.47475,-0.0015972405,
1.475,-0.0026257301,
1.47525,0.0030967428,
1.4755,0.0058991788,
1.47575,-0.0032314220,
1.476,-0.0048180572,
1.47625,0.0022119232,
1.4765,0.0033369963,
1.47675,-0.0052273967,
1.477,-0.0084449295,
1.47725,0.0024433639,
1.4775,0.0054295822,
1.47775,-0.0023663666,
1.478,-0.0039281039,
1.47825,0.0035729925,
1.4785,0.0107038124,
1.47875,0.0083409557,
1.479,0.0041299644,
1.47925,0.0018375822,
1.4795,0.0071678818,
1.47975,0.0102152312,
1.48,0.0037105009,
1.48025,0.0046345647,
1.4805,0.0054055462,
1.48075,0.0077354116,
1.481,0.0034807282,
1.48125,0.0022562917,
1.4815,0.0119365565,
1.48175,0.0154193658,
1.482,0.0073408475,
1.48225,-0.0018998424,
1.4825,0.0056550065,
1.48275,0.0080897184,
1.483,0.0011910750,
1.48325,-0.0033717640,
1.4835,0.0025133786,
1.48375,0.0093434053,
1.484,0.0069185854,
1.48425,0.0059942259,
1.4845,0.0072486838,
1.48475,0.0093780225,
1.485,0.0101713324,
1.48525,0.0049418388,
1.4855,0.0091734510,
1.48575,0.0092590246,
1.486,0.0080377851,
1.48625,-0.0028971713,
1.4865,-0.0119803986,
1.48675,-0.0034864508,
1.487,0.0031863831,
1.48725,0.0008179722,
1.4875,-0.0096780267,
1.48775,-0.0041229627,
1.488,0.0052730222,
1.48825,0.0033428427,
1.4885,-0.0024314956,
1.48875,0.0004827350,
1.489,0.0064636180,
1.48925,0.0048943427,
1.4895,-0.0010908124,
1.48975,-0.0010431458,
1.49,0.0023082562,
1.49025,0.0048862495,
1.4905,-0.0010233223,
1.49075,-0.0035148035,
1.491,0.0016321244,
1.49125,0.0056167222,
1.4915,0.0006468118,
1.49175,-0.0079764677,
1.492,-0.0065996135,
1.49225,-0.0006028570,
1.4925,-0.0017434031,
1.49275,-0.0122791212,
1.493,-0.0097228726,
1.49325,-0.0026873830,
1.4935,-0.0041953912,
1.49375,-0.0111437533,
1.494,-0.0058985110,
1.49425,0.0052295723,
1.4945,0.0017575584,
1.49475,-0.0036203351,
1.495,-0.0000439822,
1.49525,0.0044451389,
1.4955,0.0058067446,
1.49575,-0.0029029287,
1.496,-0.0054921787,
1.49625,-0.0061291219,
1.4965,-0.0054068146,
1.49675,-0.0084104585,
1.497,-0.0163927507,
1.49725,-0.0138501646,
1.4975,-0.0076839114,
1.49775,-0.0067301560,
1.498,-0.0133209284,
1.49825,-0.0101281619,
1.4985,0.0019151976,
1.49875,0.0056079980,
1.499,-0.0021280700,
1.49925,-0.0062829670,
1.4995,0.0030565064,
1.49975,0.0052261027,
1.5,-0.0061690500,
1.50025,-0.0079035535,
1.5005,-0.0032754312,
1.50075,-0.0024222252,
1.501,-0.0095574772,
1.50125,-0.0111417789,
1.5015,-0.0013725385,
1.50175,0.0005644536,
1.502,-0.0066614347,
1.50225,-0.0070160232,
1.5025,0.0014133101,
1.50275,0.0024569682,
1.503,-0.0035301677,
1.50325,-0.0067795729,
1.5035,-0.0093736108,
1.50375,0.0000756195,
1.504,0.0011857903,
1.50425,-0.0026905742,
1.5045,-0.0033982263,
1.50475,0.0018034668,
1.505,0.0055163708,
1.50525,-0.0004439809,
1.5055,-0.0020617428,
1.50575,0.0026763044,
1.506,0.0039874734,
1.50625,-0.0076823537,
1.5065,-0.0111683533,
1.50675,-0.0058766915,
1.507,0.0000067794,
1.50725,-0.0034471932,
1.5075,-0.0076352181,
1.50775,-0.0012532102,
1.508,0.0086776745,
1.50825,0.0092650568,
1.5085,0.0083430912,
1.50875,0.0070477938,
1.509,0.0118696233,
1.50925,0.0117220972,
1.5095,0.0053211218,
1.50975,0.0027709336,
1.51,0.0094023896,
1.51025,0.0046932558,
1.5105,-0.0054898350,
1.51075,-0.0112397820,
1.511,-0.0066181202,
1.51125,-0.0023792884,
1.5115,-0.0057248957,
1.51175,-0.0072208750,
1.512,-0.0030879898,
1.51225,0.0043562381,
1.5125,0.0072997855,
1.51275,0.0052025164,
1.513,0.0095560774,
1.51325,0.0119443890,
1.5135,0.0103595536,
1.51375,0.0046342034,
1.514,0.0037396115,
1.51425,0.0128710456,
1.5145,0.0143295759,
1.51475,0.0038025856,
1.515,-0.0034327118,
1.51525,0.0065696705,
1.5155,0.0126092862,
1.51575,0.0078490926,
1.516,0.0012766097,
1.51625,0.0045265602,
1.5165,0.0063137761,
1.51675,-0.0005254898,
1.517,-0.0036038039,
1.51725,0.0031553772,
1.5175,0.0046477187,
1.51775,0.0034516193,
1.518,-0.0001245583,
1.51825,0.0049298387,
1.5185,0.0130693978,
1.51875,0.0162794646,
1.519,0.0091065774,
1.51925,0.0087937322,
1.5195,0.0137552116,
1.51975,0.0151283378,
1.52,0.0071306764,
1.52025,-0.0023588110,
1.5205,-0.0047988994,
1.52075,-0.0022151335,
1.521,-0.0061781569,
1.52125,-0.0090880003,
1.5215,-0.0042604646,
1.52175,0.0000094515,
1.522,-0.0045003034,
1.52225,-0.0080656577,
1.5225,0.0012263609,
1.52275,0.0089029269,
1.523,0.0067259981,
1.52325,-0.0012700033,
1.5235,-0.0036076731,
1.52375,0.0007629392,
1.524,0.0069880830,
1.52425,-0.0016788988,
1.5245,-0.0037405137,
1.52475,-0.0002115904,
1.525,0.0017853313,
1.52525,-0.0037925555,
1.5255,-0.0068783844,
1.52575,-0.0027753517,
1.526,0.0014032790,
1.52625,-0.0053590308,
1.5265,-0.0128228553,
1.52675,-0.0017025300,
1.527,0.0044274321,
1.52725,-0.0045585488,
1.5275,-0.0088330563,
1.52775,-0.0058617331,
1.528,-0.0003801734,
1.52825,-0.0033671902,
1.5285,-0.0080054551,
1.52875,-0.0045926226,
1.529,-0.0023883975,
1.52925,-0.0014059632,
1.5295,-0.0014870231,
1.52975,-0.0057633948,
1.53,-0.0031665710,
1.53025,-0.0008992555,
1.5305,-0.0083449669,
1.53075,-0.0139095122,
1.531,-0.0135754794,
1.53125,-0.0067750639,
1.5315,-0.0090088593,
1.53175,-0.0177447386,
1.532,-0.0111376224,
1.53225,-0.0001390937,
1.5325,-0.0003368994,
1.53275,-0.0080656931,
1.533,-0.0034309828,
1.53325,0.0043714186,
1.5335,0.0016660081,
1.53375,-0.0057046297,
1.534,-0.0090325028,
1.53425,-0.0031312481,
1.5345,-0.0042040162,
1.53475,-0.0083043603,
1.535,-0.0091706989,
1.53525,-0.0039946367,
1.5355,-0.0001158741,
1.53575,-0.0016255151,
1.536,-0.0029384836,
1.53625,0.0044455472,
1.5365,0.0084722126,
1.53675,0.0096209366,
1.537,0.0035313924,
1.53725,-0.0020633477,
1.5375,0.0059842416,
1.53775,0.0054045958,
1.538,-0.0039968044,
1.53825,-0.0075896406,
1.5385,-0.0017760672,
1.53875,-0.0002538535,
1.539,-0.0074826488,
1.53925,-0.0101565206,
1.5395,-0.0029069935,
1.53975,0.0005454629,
1.54,-0.0052345358,
1.54025,-0.0076716244,
1.5405,-0.0022276777,
1.54075,0.0012966630,
1.541,-0.0007877866,
1.54125,-0.0041579744,
1.5415,-0.0005925527,
1.54175,0.0079960339,
1.542,0.0076022395,
1.54225,0.0028230262,
1.5425,0.0057633631,
1.54275,0.0108111883,
1.543,0.0111949211,
1.54325,0.0027978574,
1.5435,0.0031161169,
1.54375,0.0122856144,
1.544,0.0079522450,
1.54425,-0.0030701992,
1.5445,-0.0040814495,
1.54475,-0.0000599168,
1.545,-0.0014250339,
1.54525,-0.0084288577,
1.5455,-0.0099388128,
1.54575,-0.0053113885,
1.546,0.0037980424,
1.54625,0.0039823395,
1.5465,0.0036018821,
1.54675,0.0074077444,
1.547,0.0095308898,
1.54725,0.0110690398,
1.5475,0.0080822976,
1.54775,0.0092667183,
1.548,0.0146575551,
1.54825,0.0112717263,
1.5485,0.0013547116,
1.54875,-0.0003845927,
1.549,0.0099284630,
1.54925,0.0095409248,
1.5495,0.0008851510,
1.54975,-0.0033194758,
1.55,0.0030465203,
1.55025,0.0058674030,
1.5505,0.0026373221,
1.55075,-0.0017657999,
1.551,0.0027015691,
1.55125,0.0011567606,
1.5515,-0.0033905499,
1.55175,-0.0012628639,
1.552,0.0038318406,
1.55225,0.0070803137,
1.5525,0.0050660344,
1.55275,-0.0008291912,
1.553,0.0064339889,
1.55325,0.0143783065,
1.5535,0.0158230364,
1.55375,0.0100808572,
1.554,0.0014226673,
1.55425,0.0047081122,
1.5545,0.0107098334,
1.55475,0.0055429433,
1.555,-0.0030519338,
1.55525,0.0007610378,
1.5555,0.0027714157,
1.55575,-0.0042055068,
1.556,-0.0044635618,
1.55625,-0.0017295284,
1.5565,0.0054983785,
1.55675,0.0014295941,
1.557,-0.0058008339,
1.55725,0.0011531760,
1.5575,0.0070460746,
1.55775,0.0068238880,
1.558,-0.0008964859,
1.55825,-0.0039350232,
1.5585,0.0008482019,
1.55875,0.0055373716,
1.559,0.0023257746,
1.55925,-0.0038389717,
1.5595,0.0002417938,
1.55975,0.0031684723,
1.56,-0.0025156881,
1.56025,-0.0071896096,
1.5605,0.0007316797,
1.56075,0.0049703778,
1.561,-0.0036030242,
1.56125,-0.0095507260,
1.5615,-0.0082437173,
1.56175,-0.0038009225,
1.562,-0.0064488882,
1.56225,-0.0141340913,
1.5625,-0.0119480034,
1.56275,-0.0045852172,
1.563,-0.0035184750,
1.56325,-0.0051956568,
1.5635,-0.0039844885,
1.56375,-0.0003641873,
1.564,0.0046306807,
1.56425,-0.0025931557,
1.5645,-0.0088520050,
1.56475,-0.0030581946,
1.565,-0.0025237841,
1.56525,-0.0066745272,
1.5655,-0.0142561747,
1.56575,-0.0118772946,
1.566,-0.0064199055,
1.56625,-0.0064833979,
1.5665,-0.0125618512,
1.56675,-0.0047065262,
1.567,0.0014853635,
1.56725,-0.0039080116,
1.5675,-0.0106206713,
1.56775,-0.0048284568,
1.568,0.0012542987,
1.56825,-0.0002315110,
1.5685,-0.0100083379,
1.56875,-0.0082404939,
1.569,-0.0032800515,
1.56925,-0.0027136391,
1.5695,-0.0047604823,
1.56975,-0.0051734094,
1.57,-0.0000877606,
1.57025,0.0029761156,
1.5705,0.0044148653,
1.57075,0.0012076519,
1.571,0.0015132978,
1.57125,0.0086873714,
1.5715,0.0009656380,
1.57175,-0.0044679167,
1.572,-0.0036168031,
1.57225,0.0038448607,
1.5725,-0.0009007353,
1.57275,-0.0129561080,
1.573,-0.0115850465,
1.57325,-0.0058095632,
1.5735,-0.0002036554,
1.57375,-0.0049167117,
1.574,-0.0031466919,
1.57425,0.0006999367,
1.5745,0.0005876004,
1.57475,-0.0036777281,
1.575,-0.0021470406,
1.57525,0.0012408710,
1.5755,0.0051618083,
1.57575,0.0033479312,
1.576,-0.0046499376,
1.57625,-0.0003983018,
1.5765,0.0073364666,
1.57675,0.0058146608,
1.577,0.0008745568,
1.57725,0.0041147540,
1.5775,0.0103468029,
1.57775,0.0055967439,
1.578,-0.0013046667,
1.57825,-0.0044601951,
1.5785,-0.0002782489,
1.57875,0.0002648747,
1.579,-0.0068300585,
1.57925,-0.0098661743,
1.5795,-0.0053206151,
1.57975,0.0001599086,
1.58,-0.0014324842,
1.58025,-0.0069096331,
1.5805,-0.0006821022,
1.58075,0.0111363791,
1.581,0.0111843999,
1.58125,0.0031395317,
1.5815,0.0061640744,
1.58175,0.0122056250,
1.582,0.0103481635,
1.58225,0.0046978323,
1.5825,0.0057291249,
1.58275,0.0121894274,
1.583,0.0120688407,
1.58325,0.0011769296,
1.5835,0.0037138546,
1.58375,0.0098656872,
1.584,0.0092932498,
1.58425,0.0069967806,
1.5845,0.0045927758,
1.58475,0.0092704035,
1.585,0.0109446226,
1.58525,0.0037906284,
1.5855,-0.0019979358,
1.58575,-0.0001236623,
1.586,0.0035463003,
1.58625,0.0026968936,
1.5865,-0.0005835994,
1.58675,0.0011637014,
1.587,0.0094233844,
1.58725,0.0100261178,
1.5875,0.0072574141,
1.58775,0.0082901008,
1.588,0.0178161506,
1.58825,0.0174536835,
1.5885,0.0055187708,
1.58875,0.0000651913,
1.589,0.0035807672,
1.58925,0.0028408719,
1.5895,-0.0019369163,
1.58975,-0.0061249668,
1.59,-0.0007302367,
1.59025,0.0013730215,
1.5905,-0.0009175047,
1.59075,-0.0022029774,
1.591,0.0025063581,
1.59125,0.0117069036,
1.5915,0.0109371496,
1.59175,0.0041299881,
1.592,0.0019404383,
1.59225,0.0059390529,
1.5925,0.0026389267,
1.59275,-0.0060720220,
1.593,-0.0065259910,
1.59325,0.0017135371,
1.5935,-0.0000197832,
1.59375,-0.0121374596,
1.594,-0.0095570115,
1.59425,0.0012343375,
1.5945,0.0033617087,
1.59475,-0.0023394187,
1.595,-0.0048741247,
1.59525,-0.0024156789,
1.5955,0.0002298988,
1.59575,-0.0048805135,
1.596,-0.0088582914,
1.59625,-0.0092678582,
1.5965,-0.0092895422,
1.59675,-0.0081849108,
1.597,-0.0130764432,
1.59725,-0.0111025013,
1.5975,-0.0033923378,
1.59775,-0.0028267135,
1.598,-0.0075704628,
1.59825,-0.0068466216,
1.5985,-0.0004462881,
1.59875,0.0082878750,
1.599,-0.0027644241,
1.59925,-0.0101469643,
1.5995,-0.0057322225,
1.59975,-0.0009590931,
1.6,-0.0073896404,
1.60025,-0.0109964795,
1.6005,-0.0101877861,
1.60075,-0.0046451003,
1.601,-0.0046838219,
1.60125,-0.0100732110,
1.6015,-0.0070860032,
1.60175,0.0000191948,
1.602,-0.0027544016,
1.60225,-0.0076822788,
1.6025,-0.0080729509,
1.60275,-0.0017766932,
1.603,-0.0026515685,
1.60325,-0.0062367786,
1.6035,-0.0111029157,
1.60375,-0.0058948719,
1.604,0.0038558745,
1.60425,0.0008628840,
1.6045,-0.0019754001,
1.60475,0.0009025945,
1.605,0.0072788205,
1.60525,0.0057878606,
1.6055,-0.0019628284,
1.60575,0.0010923094,
1.606,0.0056870356,
1.60625,0.0023585055,
1.6065,-0.0089151338,
1.60675,-0.0075444644,
1.607,-0.0031155865,
1.60725,-0.0058971783,
1.6075,-0.0087836115,
1.60775,-0.0122143291,
1.608,-0.0027471948,
1.60825,0.0017126927,
1.6085,-0.0037944063,
1.60875,-0.0048228377,
1.609,-0.0001338336,
1.60925,0.0056295320,
1.6095,-0.0005176662,
1.60975,-0.0046402211,
1.61,0.0014622130,
1.61025,0.0095022367,
1.6105,0.0048979721,
1.61075,-0.0012621896,
1.611,0.0069130161,
1.61125,0.0105899610,
1.6115,0.0054198294,
1.61175,0.0044646240,
1.612,0.0008769989,
1.61225,0.0065138182,
1.6125,0.0065523428,
1.61275,-0.0022751940,
1.613,-0.0056207404,
1.61325,-0.0044066701,
1.6135,-0.0036560050,
1.61375,-0.0099041406,
1.614,-0.0102760885,
1.61425,0.0000804284,
1.6145,0.0047034123,
1.61475,0.0019351720,
1.615,-0.0043100580,
1.61525,0.0066032754,
1.6155,0.0150983259,
1.61575,0.0149934003,
1.616,0.0095702372,
1.61625,0.0127331633,
1.6165,0.0160404555,
1.61675,0.0102113467,
1.617,0.0029476262,
1.61725,0.0023544407,
1.6175,0.0092584928,
1.61775,0.0080658020,
1.618,0.0040697390,
1.61825,0.0039652237,
1.6185,0.0061272965,
1.61875,0.0074939034,
1.619,0.0034020222,
1.61925,0.0002725028,
1.6195,0.0052296948,
1.61975,0.0140119456,
1.62,0.0095269661,
1.62025,0.0007312250,
1.6205,-0.0027311614,
1.62075,0.0044319369,
1.621,0.0097068409,
1.62125,0.0053489213,
1.6215,0.0073064398,
1.62175,0.0134011563,
1.622,0.0126416683,
1.62225,0.0026978946,
1.6225,0.0042718239,
1.62275,0.0098832380,
1.623,0.0076913717,
1.62325,-0.0003611464,
1.6235,-0.0088879783,
1.62375,-0.0041611372,
1.624,-0.0005486517,
1.62425,-0.0035273675,
1.6245,-0.0073917238,
1.62475,-0.0034102171,
1.625,0.0060216375,
1.62525,0.0083071534,
1.6255,0.0016605702,
1.62575,0.0000440194,
1.626,0.0054443013,
1.62625,0.0071699549,
1.6265,-0.0021934430,
1.62675,-0.0022524695,
1.627,0.0033489321,
1.62725,0.0028501870,
1.6275,-0.0086496472,
1.62775,-0.0114679225,
1.628,-0.0016240553,
1.62825,0.0001022193,
1.6285,-0.0030664396,
1.62875,-0.0058670989,
1.629,-0.0083976435,
1.62925,-0.0003281879,
1.6295,-0.0042636166,
1.62975,-0.0058477586,
1.63,-0.0033182655,
1.63025,-0.0021080321,
1.6305,-0.0036732687,
1.63075,-0.0099841263,
1.631,-0.0119369123,
1.63125,-0.0056184544,
1.6315,-0.0020420416,
1.63175,-0.0106149483,
1.632,-0.0087367538,
1.63225,-0.0007811064,
1.6325,0.0042116996,
1.63275,-0.0011357794,
1.633,-0.0068111988,
1.63325,0.0008137166,
1.6335,0.0047041238,
1.63375,-0.0039522266,
1.634,-0.0130575262,
1.63425,-0.0051344763,
1.6345,-0.0021409900,
1.63475,-0.0067376248,
1.635,-0.0109464573,
1.63525,-0.0080533577,
1.6355,-0.0037717642,
1.63575,-0.0067611835,
1.636,-0.0122463480,
1.63625,-0.0070974724,
1.6365,-0.0033121554,
1.63675,-0.0030116113,
1.637,-0.0048049823,
1.63725,-0.0089317765,
1.6375,-0.0058722426,
1.63775,-0.0004062401,
1.638,-0.0030750218,
1.63825,-0.0065080724,
1.6385,0.0005991321,
1.63875,0.0058528306,
1.639,0.0032301724,
1.63925,-0.0045632236,
1.6395,-0.0027725142,
1.63975,0.0028561135,
1.64,0.0011604257,
1.64025,-0.0042455858,
1.6405,-0.0037072601,
1.64075,0.0000509567,
1.641,-0.0053046737,
1.64125,-0.0134629989,
1.6415,-0.0112090278,
1.64175,-0.0014088782,
1.642,0.0025327615,
1.64225,-0.0023007116,
1.6425,-0.0061305566,
1.64275,-0.0017771922,
1.643,0.0058023268,
1.64325,0.0012445287,
1.6435,-0.0035123904,
1.64375,0.0050170161,
1.644,0.0087444875,
1.64425,0.0022553380,
1.6445,-0.0060655447,
1.64475,-0.0013678930,
1.645,0.0043982076,
1.64525,0.0058796238,
1.6455,0.0038232144,
1.64575,0.0006555084,
1.646,0.0090598604,
1.64625,0.0093647297,
1.6465,-0.0004179083,
1.64675,-0.0027430775,
1.647,-0.0028451495,
1.64725,0.0014665728,
1.6475,-0.0032601184,
1.64775,-0.0083436407,
1.648,-0.0049325302,
1.64825,-0.0019357930,
1.6485,-0.0046691620,
1.64875,-0.0084955320,
1.649,0.0055348519,
1.64925,0.0147816353,
1.6495,0.0117297182,
1.64975,0.0074584712,
1.65,0.0097732712,
1.65025,0.0161878094,
1.6505,0.0146304769,
1.65075,0.0044238060,
1.651,0.0016921648,
1.65125,0.0067708506,
1.6515,0.0048465650,
1.65175,-0.0010655446,
1.652,-0.0016975263,
1.65225,0.0039380644,
1.6525,0.0084583284,
1.65275,0.0025098631,
1.653,0.0005343388,
1.65325,0.0075478083,
1.6535,0.0125408191,
1.65375,0.0076404689,
1.654,-0.0017279314,
1.65425,0.0004371243,
1.6545,0.0069191917,
1.65475,0.0069457209,
1.655,-0.0001294920,
1.65525,0.0013739392,
1.6555,0.0093151946,
1.65575,0.0075175716,
1.656,0.0035207814,
1.65625,0.0046278555,
1.6565,0.0113616772,
1.65675,0.0110929441,
1.657,0.0042097811,
1.65725,0.0000396917,
1.6575,0.0031096437,
1.65775,0.0070819515,
1.658,0.0001560822,
1.65825,-0.0065081529,
1.6585,-0.0039603706,
1.65875,-0.0019546563,
1.659,-0.0021031683,
1.65925,-0.0060350751,
1.6595,-0.0016990857,
1.65975,0.0088508669,
1.66,0.0043394319,
1.66025,-0.0010136836,
1.6605,0.0033554132,
1.66075,0.0095429104,
1.661,0.0051109316,
1.66125,-0.0031497679,
1.6615,-0.0063373293,
1.66175,-0.0006706228,
1.662,0.0027860892,
1.66225,-0.0015128566,
1.6625,-0.0060963281,
1.66275,0.0005687152,
1.663,0.0006775901,
1.66325,-0.0002277950,
1.6635,-0.0047350647,
1.66375,-0.0029569012,
1.664,0.0004901798,
1.66425,-0.0029659742,
1.6645,-0.0129317576,
1.66475,-0.0117442748,
1.665,-0.0063063307,
1.66525,-0.0030672061,
1.6655,-0.0106197540,
1.66575,-0.0135613410,
1.666,-0.0040069181,
1.66625,0.0046450356,
1.6665,0.0014574010,
1.66675,-0.0006072106,
1.667,0.0044884728,
1.66725,0.0078563197,
1.6675,0.0047216266,
1.66775,-0.0020831553,
1.668,0.0015004359,
1.66825,0.0011384647,
1.6685,-0.0063720597,
1.66875,-0.0108030308,
1.669,-0.0079492591,
1.66925,-0.0025722536,
1.6695,-0.0069796271,
1.66975,-0.0136105530,
1.67,-0.0142799895,
1.67025,-0.0071570273,
1.6705,0.0011692480,
1.67075,-0.0045363051,
1.671,-0.0111843329,
1.67125,-0.0073540108,
1.6715,-0.0010117290,
1.67175,-0.0047054007,
1.672,-0.0064248489,
1.67225,0.0015146479,
1.6725,0.0051112422,
1.67275,-0.0013457993,
1.673,-0.0046772528,
1.67325,0.0007844005,
1.6735,0.0084176855,
1.67375,0.0041854004,
1.674,-0.0025210581,
1.67425,-0.0019387499,
1.6745,0.0014972617,
1.67475,0.0012989143,
1.675,-0.0106297610,
1.67525,-0.0144930575,
1.6755,-0.0121591622,
1.67575,-0.0078365281,
1.676,-0.0102309547,
1.67625,-0.0115415175,
1.6765,0.0014522553,
1.67675,0.0039185681,
1.677,-0.0019789157,
1.67725,0.0004577885,
1.6775,0.0096380590,
1.67775,0.0132525656,
1.678,0.0027885251,
1.67825,-0.0022039344,
1.6785,0.0010002546,
1.67875,0.0043701991,
1.679,0.0029939914,
1.67925,-0.0003116543,
1.6795,-0.0026772409,
1.67975,0.0014537098,
1.68,0.0020148568,
1.68025,-0.0010723057,
1.6805,-0.0022285443,
1.68075,0.0025949676,
1.681,0.0048634927,
1.68125,-0.0032756859,
1.6815,-0.0080017708,
1.68175,-0.0038472633,
1.682,0.0029858965,
1.68225,-0.0055514751,
1.6825,-0.0115072913,
1.68275,-0.0003435491,
1.683,0.0068239593,
1.68325,0.0050335536,
1.6835,0.0026966806,
1.68375,0.0103161596,
1.684,0.0119981896,
1.68425,0.0107717086,
1.6845,0.0064331130,
1.68475,0.0078388611,
1.685,0.0124218697,
1.68525,0.0058842162,
1.6855,-0.0012878795,
1.68575,-0.0042141662,
1.686,-0.0006132800,
1.68625,0.0062915687,
1.6865,0.0035579600,
1.68675,-0.0029866346,
1.687,-0.0027673845,
1.68725,0.0048163612,
1.6875,0.0053851218,
1.68775,0.0050643152,
1.688,0.0089537278,
1.68825,0.0156478416,
1.6885,0.0086921882,
1.68875,-0.0013251620,
1.689,0.0057066157,
1.68925,0.0128316302,
1.6895,0.0110126706,
1.68975,0.0032948728,
1.69,0.0005335212,
1.69025,0.0090401638,
1.6905,0.0119028706,
1.69075,0.0088342605,
1.691,0.0025144517,
1.69125,0.0056389896,
1.6915,0.0084801028,
1.69175,0.0022198213,
1.692,-0.0024360828,
1.69225,-0.0063430686,
1.6925,0.0005543990,
1.69275,-0.0042750677,
1.693,-0.0113586579,
1.69325,-0.0002856439,
1.6935,0.0067520090,
1.69375,0.0062210308,
1.694,-0.0035960199,
1.69425,0.0001321789,
1.6945,0.0107076773,
1.69475,0.0090641705,
1.695,0.0056838114,
1.69525,0.0002050856,
1.6955,0.0014785881,
1.69575,-0.0020431415,
1.696,-0.0047590816,
1.69625,-0.0020064854,
1.6965,-0.0022743943,
1.69675,0.0012112876,
1.697,-0.0038361396,
1.69725,-0.0067316513,
1.6975,-0.0006806460,
1.69775,0.0024660842,
1.698,0.0022018319,
1.69825,-0.0045378660,
1.6985,-0.0079088872,
1.69875,0.0014136727,
1.699,0.0001728305,
1.69925,-0.0108645596,
1.6995,-0.0136626270,
1.69975,-0.0022484602,
1.7,-0.0034077312,
1.70025,-0.0099654738,
1.7005,-0.0067886799,
1.70075,0.0011739334,
1.701,0.0036926393,
1.70125,-0.0017588164,
1.7015,-0.0050297030,
1.70175,0.0035442626,
1.702,0.0038978029,
1.70225,-0.0053762509,
1.7025,-0.0055448469,
1.70275,-0.0039453148,
1.703,-0.0073843598,
1.70325,-0.0086579947,
1.7035,-0.0151895862,
1.70375,-0.0121909194,
1.704,-0.0038115794,
1.70425,-0.0041453037,
1.7045,-0.0088131186,
1.70475,-0.0106394980,
1.705,-0.0041303094,
1.70525,-0.0011076204,
1.7055,-0.0045334245,
1.70575,-0.0093288142,
1.706,-0.0020598408,
1.70625,0.0011490714,
1.7065,-0.0055044312,
1.70675,-0.0044748625,
1.707,0.0026174451,
1.70725,0.0055698156,
1.7075,0.0039483425,
1.70775,-0.0009272089,
1.708,0.0024736514,
1.70825,0.0061367913,
1.7085,-0.0009251309,
1.70875,-0.0086681489,
1.709,-0.0128634963,
1.70925,-0.0069591119,
1.7095,-0.0047683744,
1.70975,-0.0111659393,
1.71,-0.0118972212,
1.71025,-0.0066203894,
1.7105,0.0006512398,
1.71075,-0.0060749752,
1.711,-0.0008891340,
1.71125,0.0122329602,
1.7115,0.0137859415,
1.71175,0.0102329059,
1.712,0.0019090760,
1.71225,0.0040710205,
1.7125,0.0097106108,
1.71275,0.0091486583,
1.713,0.0025038749,
1.71325,0.0023030308,
1.7135,0.0052871443,
1.71375,0.0022052345,
1.714,-0.0048479768,
1.71425,-0.0034414469,
1.7145,-0.0004683099,
1.71475,0.0036213920,
1.715,-0.0052866503,
1.71525,-0.0093584871,
1.7155,0.0012325809,
1.71575,0.0030231962,
1.716,-0.0045024226,
1.71625,-0.0084292796,
1.7165,-0.0033367786,
1.71675,0.0035094013,
1.717,0.0019567718,
1.71725,-0.0004282503,
1.7175,0.0041517657,
1.71775,0.0122935809,
1.718,0.0049130567,
1.71825,0.0069109625,
1.7185,0.0096963104,
1.71875,0.0136997551,
1.719,0.0113498839,
1.71925,-0.0001500881,
1.7195,-0.0000908978,
1.71975,0.0056665535,
1.72,0.0068539963,
1.72025,0.0008674530,
1.7205,-0.0023155196,
1.72075,-0.0005196361,
1.721,0.0074532563,
1.72125,0.0033682464,
1.7215,0.0005805143,
1.72175,0.0070295716,
1.722,0.0090394039,
1.72225,0.0044796341,
1.7225,0.0003152032,
1.72275,0.0052564009,
1.723,0.0121045746,
1.72325,0.0045727221,
1.7235,-0.0030106339,
1.72375,-0.0005477800,
1.724,0.0076796180,
1.72425,0.0091401935,
1.7245,0.0041088918,
1.72475,0.0060322238,
1.725,0.0106256725,
1.72525,0.0113717131,
1.7255,0.0063895644,
1.72575,0.0034429710,
1.726,0.0058219773,
1.72625,0.0039322730,
1.7265,-0.0035495283,
1.72675,-0.0082731107,
1.727,-0.0035650074,
1.72725,0.0001914323,
1.7275,-0.0064437925,
1.72775,-0.0106549654,
1.728,-0.0021738266,
1.72825,0.0059054303,
1.7285,0.0077499989,
1.72875,0.0030192290,
1.729,-0.0003895980,
1.72925,0.0030494223,
1.7295,0.0016228962,
1.72975,0.0001299718,
1.73,0.0009397590,
1.73025,0.0020217742,
1.7305,0.0012900734,
1.73075,-0.0073871068,
1.731,-0.0107333791,
1.73125,-0.0042591128,
1.7315,0.0039408766,
1.73175,0.0030063326,
1.732,-0.0058226357,
1.73225,-0.0044514635,
1.7325,-0.0007815523,
1.73275,-0.0041744118,
1.733,-0.0115069356,
1.73325,-0.0104220593,
1.7335,-0.0053895116,
1.73375,-0.0084136445,
1.734,-0.0131242089,
1.73425,-0.0110020563,
1.7345,-0.0013739726,
1.73475,0.0011082338,
1.735,-0.0036903077,
1.73525,-0.0017936109,
1.7355,0.0054932749,
1.73575,0.0095687509,
1.736,0.0017701664,
1.73625,-0.0071535255,
1.7365,-0.0072587370,
1.73675,-0.0028784168,
1.737,-0.0064935866,
1.73725,-0.0130779389,
1.7375,-0.0143827042,
1.73775,-0.0124998782,
1.738,-0.0134551525,
1.73825,-0.0183178037,
1.7385,-0.0109479334,
1.73875,0.0021186725,
1.739,0.0031903544,
1.73925,-0.0032527461,
1.7395,-0.0057930588,
1.73975,0.0012574936,
1.74,0.0059490241,
1.74025,0.0012553637,
1.7405,-0.0013136015,
1.74075,0.0007871227,
1.741,0.0052591106,
1.74125,0.0011323469,
1.7415,-0.0030841762,
1.74175,0.0054552909,
1.742,0.0075938418,
1.74225,0.0049317637,
1.7425,-0.0035831477,
1.74275,0.0015313998,
1.743,0.0046635540,
1.74325,-0.0014362081,
1.7435,-0.0116081014,
1.74375,-0.0077245254,
1.744,-0.0015290766,
1.74425,-0.0036981781,
1.7445,-0.0092181843,
1.74475,-0.0055723153,
1.745,-0.0012478977,
1.74525,0.0016941054,
1.7455,0.0021308535,
1.74575,-0.0006788466,
1.746,0.0058235116,
1.74625,0.0100687519,
1.7465,0.0045201513,
1.74675,0.0017159411,
1.747,-0.0004185511,
1.74725,0.0053070206,
1.7475,0.0044660089,
1.74775,-0.0064504156,
1.748,-0.0010605726,
1.74825,0.0042751655,
1.7485,0.0014313421,
1.74875,-0.0046772957,
1.749,-0.0013224932,
1.74925,0.0051576947,
1.7495,0.0030542049,
1.74975,-0.0082010236,
1.75,-0.0081936652,
1.75025,-0.0029021390,
1.7505,-0.0033198567,
1.75075,-0.0057062926,
1.751,-0.0067580263,
1.75125,-0.0032354947,
1.7515,0.0044147545,
1.75175,0.0031572371,
1.752,0.0032053280,
1.75225,0.0091816830,
1.7525,0.0135677047,
1.75275,0.0139325075,
1.753,0.0101534445,
1.75325,0.0079896869,
1.7535,0.0150382314,
1.75375,0.0163975321,
1.754,0.0032977448,
1.75425,-0.0020021661,
1.7545,0.0026803932,
1.75475,0.0077697989,
1.755,-0.0016747479,
1.75525,-0.0076819053,
1.7555,0.0015611328,
1.75575,0.0068503241,
1.756,0.0029883313,
1.75625,0.0015031827,
1.7565,0.0026263183,
1.75675,0.0087130424,
1.757,0.0065732370,
1.75725,0.0013819383,
1.7575,0.0040914807,
1.75775,0.0096097644,
1.758,0.0073121157,
1.75825,0.0028059667,
1.7585,0.0018044256,
1.75875,0.0076333843,
1.759,0.0118089300,
1.75925,0.0039312472,
1.7595,0.0007347239,
1.75975,0.0096008452,
1.76,0.0101361014,
1.76025,0.0038716299,
1.7605,-0.0029950677,
1.76075,0.0033843271,
1.761,0.0054626940,
1.76125,-0.0025940882,
1.7615,-0.0078094164,
1.76175,-0.0050771213,
1.762,-0.0001377452,
1.76225,-0.0013433391,
1.7625,-0.0036911182,
1.76275,0.0008441440,
1.763,0.0030206668,
1.76325,0.0048679109,
1.7635,-0.0033599166,
1.76375,-0.0017618940,
1.764,0.0008250567,
1.76425,0.0024940986,
1.7645,-0.0035583877,
1.76475,-0.0087054139,
1.765,-0.0015762676,
1.76525,0.0073799752,
1.7655,0.0033570328,
1.76575,-0.0043343743,
1.766,-0.0002179419,
1.76625,0.0095900195,
1.7665,0.0045920559,
1.76675,-0.0017483241,
1.767,-0.0038131557,
1.76725,-0.0005499800,
1.7675,-0.0041193808,
1.76775,-0.0134810982,
1.768,-0.0074739452,
1.76825,-0.0043762969,
1.7685,-0.0093076555,
1.76875,-0.0173798539,
1.769,-0.0097587397,
1.76925,-0.0022733822,
1.7695,-0.0007173996,
1.76975,-0.0024972924,
1.77,-0.0063806684,
1.77025,0.0021246544,
1.7705,0.0082461154,
1.77075,0.0023469781,
1.771,-0.0001373445,
1.77125,-0.0061423248,
1.7715,-0.0036154576,
1.77175,-0.0055027734,
1.772,-0.0128870169,
1.77225,-0.0109217502,
1.7725,-0.0065486906,
1.77275,-0.0118187815,
1.773,-0.0174601208,
1.77325,-0.0141407559,
1.7735,-0.0053949915,
1.77375,-0.0007366212,
1.774,-0.0048414664,
1.77425,-0.0123447217,
1.7745,-0.0015432886,
1.77475,0.0032625857,
1.775,-0.0006874755,
1.77525,-0.0021328842,
1.7755,0.0009106762,
1.77575,0.0087845372,
1.776,0.0102433935,
1.77625,0.0046028052,
1.7765,0.0066054384,
1.77675,0.0117140925,
1.777,0.0045801988,
1.77725,-0.0069845957,
1.7775,-0.0058375020,
1.77775,-0.0006071898,
1.778,-0.0032058323,
1.77825,-0.0117102182,
1.7785,-0.0199503712,
1.77875,-0.0135325650,
1.779,-0.0091573959,
1.77925,-0.0096086375,
1.7795,-0.0048359917,
1.77975,0.0012038975,
1.78,0.0065894220,
1.78025,0.0046602795,
1.7805,-0.0018743477,
1.78075,0.0053748544,
1.781,0.0111060133,
1.78125,0.0077638053,
1.7815,-0.0016447890,
1.78175,-0.0006212492,
1.782,0.0027161110,
1.78225,0.0059640971,
1.7825,-0.0013987888,
1.78275,-0.0057992274,
1.783,0.0043460024,
1.78325,0.0049854694,
1.7835,-0.0034858244,
1.78375,-0.0049133338,
1.784,-0.0003710620,
1.78425,-0.0032328928,
1.7845,-0.0083865710,
1.78475,-0.0112183560,
1.785,-0.0045317081,
1.78525,0.0030895029,
1.7855,-0.0005349614,
1.78575,-0.0045843963,
1.786,0.0048829010,
1.78625,0.0117884101,
1.7865,0.0107759871,
1.78675,0.0102008581,
1.787,0.0031538066,
1.78725,0.0098863468,
1.7875,0.0116635934,
1.78775,0.0023562456,
1.788,0.0017701047,
1.78825,0.0059348978,
1.7885,0.0052625043,
1.78875,-0.0012765533,
1.789,-0.0014129399,
1.78925,0.0053357529,
1.7895,0.0109212650,
1.78975,0.0048940191,
1.79,-0.0027446086,
1.79025,0.0093624229,
1.7905,0.0143534364,
1.79075,0.0125047695,
1.791,0.0048982864,
1.79125,0.0064959521,
1.7915,0.0104366997,
1.79175,0.0066935481,
1.792,-0.0021541156,
1.79225,-0.0022188607,
1.7925,0.0031197967,
1.79275,0.0054241950,
1.793,0.0005139125,
1.79325,0.0036383267,
1.7935,0.0103138899,
1.79375,0.0118956678,
1.794,0.0008759855,
1.79425,0.0000127835,
1.7945,0.0073420531,
1.79475,0.0066273790,
1.795,0.0023934625,
1.79525,-0.0052768667,
1.7955,-0.0047999979,
1.79575,0.0005987749,
1.796,0.0018776685,
1.79625,0.0002104168,
1.7965,-0.0016121095,
1.79675,0.0056004096,
1.797,0.0054781535,
1.79725,-0.0009928219,
1.7975,-0.0004734793,
1.79775,0.0030334420,
1.798,0.0054104272,
1.79825,-0.0052728360,
1.7985,-0.0084867533,
1.79875,-0.0033785845,
1.799,0.0018827197,
1.79925,-0.0043395380,
1.7995,-0.0110721793,
1.79975,-0.0022826451,
1.8,0.0061363792,
1.80025,0.0020009254,
1.8005,-0.0024791937,
1.80075,-0.0013883889,
1.801,0.0043870355,
1.80125,0.0005974182,
1.8015,-0.0100491671,
1.80175,-0.0078972997,
1.802,-0.0045139547,
1.80225,-0.0043803528,
1.8025,-0.0098568676,
1.80275,-0.0134156905,
1.803,-0.0070034526,
1.80325,-0.0038997948,
1.8035,-0.0033840525,
1.80375,-0.0071857842,
1.804,-0.0058514783,
1.80425,0.0034064134,
1.8045,0.0003266293,
1.80475,-0.0050021000,
1.805,0.0002517376,
1.80525,0.0062958705,
1.8055,0.0002688745,
1.80575,-0.0115695652,
1.806,-0.0131382253,
1.80625,-0.0060463552,
1.8065,-0.0073338356,
1.80675,-0.0101802610,
1.807,-0.0096525634,
1.80725,-0.0019800172,
1.8075,-0.0016782964,
1.80775,-0.0055025569,
1.808,-0.0042866822,
1.80825,0.0006212456,
1.8085,0.0019009081,
1.80875,-0.0051527647,
1.809,-0.0106395613,
1.80925,-0.0025923166,
1.8095,0.0032589673,
1.80975,-0.0034647735,
1.81,-0.0085184397,
1.81025,0.0006019640,
1.8105,0.0101191830,
1.81075,0.0059148604,
1.811,-0.0010579586,
1.81125,0.0022469342,
1.8115,0.0037100164,
1.81175,0.0002903878,
1.812,-0.0071950811,
1.81225,-0.0077603720,
1.8125,-0.0059163473,
1.81275,-0.0060174661,
1.813,-0.0065180077,
1.81325,-0.0125598582,
1.8135,-0.0070916978,
1.81375,0.0003051216,
1.814,-0.0006442789,
1.81425,-0.0024244208,
1.8145,0.0010057342,
1.81475,0.0090781972,
1.815,0.0049398793,
1.81525,-0.0025837615,
1.8155,0.0015144080,
1.81575,0.0073247910,
1.816,0.0039936854,
1.81625,-0.0063381679,
1.8165,0.0000692747,
1.81675,0.0024893316,
1.817,0.0025806702,
1.81725,-0.0004086573,
1.8175,-0.0001443744,
1.81775,0.0054673860,
1.818,0.0029007792,
1.81825,0.0007789327,
1.8185,-0.0024444102,
1.81875,0.0020147646,
1.819,0.0044686780,
1.81925,0.0008519184,
1.8195,-0.0047601135,
1.81975,-0.0018732733,
1.82,0.0078730825,
1.82025,0.0122577222,
1.8205,0.0069744708,
1.82075,0.0027289581,
1.821,0.0130494889,
1.82125,0.0180534888,
1.8215,0.0082570398,
1.82175,0.0070891832,
1.822,0.0108966418,
1.82225,0.0110314051,
1.8225,0.0014963710,
1.82275,-0.0023479157,
1.823,0.0045333612,
1.82325,0.0048529115,
1.8235,-0.0014858478,
1.82375,-0.0039533251,
1.824,0.0030216160,
1.82425,0.0107185766,
1.8245,0.0084769903,
1.82475,0.0061561516,
1.825,0.0077876193,
1.82525,0.0157875624,
1.8255,0.0155758811,
1.82575,0.0042136069,
1.826,0.0010438144,
1.82625,0.0044952198,
1.8265,0.0038173727,
1.82675,-0.0046728216,
1.827,-0.0033363304,
1.82725,0.0066274004,
1.8275,0.0060077347,
1.82775,-0.0030882449,
1.828,-0.0052699703,
1.82825,0.0044410937,
1.8285,0.0087279957,
1.82875,0.0066408990,
1.829,0.0010173353,
1.82925,0.0000107539,
1.8295,0.0044924403,
1.82975,0.0002809059,
1.83,-0.0035798126,
1.83025,-0.0006315680,
1.8305,0.0016114936,
1.83075,0.0013494908,
1.831,-0.0047444119,
1.83125,-0.0053410972,
1.8315,0.0014994621,
1.83175,0.0067294007,
1.832,-0.0009208730,
1.83225,-0.0064606937,
1.8325,0.0002902432,
1.83275,0.0009447969,
1.833,-0.0042792340,
1.83325,-0.0082582254,
1.8335,-0.0029746746,
1.83375,0.0016969545,
1.834,-0.0027722467,
1.83425,-0.0047959927,
1.8345,0.0045681694,
1.83475,0.0093987556,
1.835,0.0025004181,
1.83525,-0.0032945056,
1.8355,0.0013229770,
1.83575,0.0020371869,
1.836,-0.0008600070,
1.83625,-0.0115822311,
1.8365,-0.0181114729,
1.83675,-0.0134938248,
1.837,-0.0106368316,
1.83725,-0.0116178803,
1.8375,-0.0144963022,
1.83775,-0.0107261352,
1.838,-0.0063773007,
1.83825,-0.0085262051,
1.8385,-0.0091833100,
1.83875,-0.0012882735,
1.839,0.0063948045,
1.83925,-0.0006214903,
1.8395,-0.0084494464,
1.83975,-0.0037854526,
1.84,0.0010505376,
1.84025,-0.0016070341,
1.8405,-0.0099123362,
1.84075,-0.0130876517,
1.841,-0.0068289349,
1.84125,0.0001176402,
1.8415,-0.0060136141,
1.84175,-0.0071539283,
1.842,-0.0037281748,
1.84225,-0.0033108434,
1.8425,-0.0018715586,
1.84275,-0.0075031631,
1.843,0.0002198208,
1.84325,0.0042528571,
1.8435,-0.0027755986,
1.84375,-0.0096797450,
1.844,0.0006069915,
1.84425,0.0053888285,
1.8445,0.0024114065,
1.84475,0.0001794621,
1.845,-0.0003970140,
1.84525,0.0060063964,
1.8455,0.0079888199,
1.84575,-0.0022085600,
1.846,-0.0043526432,
1.84625,-0.0046302681,
1.8465,-0.0039891317,
1.84675,-0.0081038838,
1.847,-0.0117630772,
1.84725,-0.0056017609,
1.8475,0.0001998896,
1.84775,-0.0064437641,
1.848,-0.0073740175,
1.84825,-0.0008743058,
1.8485,0.0091876006,
1.84875,0.0058623860,
1.849,-0.0001595662,
1.84925,0.0058527594,
1.8495,0.0137494029,
1.84975,0.0078224558,
1.85,-0.0026864593,
1.85025,-0.0017514579,
1.8505,0.0010294698,
1.85075,0.0029052868,
1.851,-0.0035771797,
1.85125,0.0001091153,
1.8515,0.0060608983,
1.85175,0.0020232196,
1.852,0.0002154007,
1.85225,-0.0015953567,
1.8525,0.0036253070,
1.85275,0.0044401297,
1.853,0.0006162135,
1.85325,-0.0039889514,
1.8535,-0.0040373611,
1.85375,0.0043656034,
1.854,-0.0002064661,
1.85425,0.0004387283,
1.8545,0.0012255700,
1.85475,0.0110103237,
1.855,0.0086517045,
1.85525,0.0003440127,
1.8555,0.0036554285,
1.85575,0.0113772657,
1.856,0.0104433484,
1.85625,0.0035291191,
1.8565,0.0016180146,
1.85675,0.0077829650,
1.857,0.0023318145,
1.85725,-0.0004442679,
1.8575,-0.0029466986,
1.85775,0.0032733448,
1.858,0.0105691887,
1.85825,0.0043561305,
1.8585,0.0030888335,
1.85875,0.0096226167,
1.859,0.0153502412,
1.85925,0.0135121997,
1.8595,0.0043913089,
1.85975,0.0039519561,
1.86,0.0133574065,
1.86025,0.0084792906,
1.8605,-0.0044077914,
1.86075,-0.0015365635,
1.861,0.0021582562,
1.86125,0.0005154336,
1.8615,0.0018421758,
1.86175,-0.0013731171,
1.862,0.0071895691,
1.86225,0.0066878758,
1.8625,0.0030829380,
1.86275,0.0036760429,
1.863,0.0064804964,
1.86325,0.0087399343,
1.8635,0.0043972717,
1.86375,-0.0027405932,
1.864,-0.0018118398,
1.86425,0.0064304215,
1.8645,0.0041972678,
1.86475,-0.0050599398,
1.865,-0.0032473684,
1.86525,0.0028866208,
1.8655,0.0084793465,
1.86575,0.0009904818,
1.866,-0.0039412444,
1.86625,0.0033058212,
1.8665,0.0026492381,
1.86675,-0.0071428875,
1.867,-0.0082370136,
1.86725,-0.0039232965,
1.8675,0.0015948155,
1.86775,-0.0046804869,
1.868,-0.0059442106,
1.86825,-0.0018460675,
1.8685,0.0061213402,
1.86875,0.0040957737,
1.869,-0.0025067853,
1.86925,0.0014475199,
1.8695,0.0029218127,
1.86975,0.0016244545,
1.87,-0.0036234616,
1.87025,-0.0104766879,
1.8705,-0.0082315570,
1.87075,-0.0072624958,
1.871,-0.0133186430,
1.87125,-0.0150124282,
1.8715,-0.0085917739,
1.87175,-0.0052001020,
1.872,-0.0095484937,
1.87225,-0.0126600228,
1.8725,-0.0018566278,
1.87275,0.0018502532,
1.873,0.0001864743,
1.87325,-0.0062302449,
1.8735,-0.0018206059,
1.87375,0.0022007087,
1.874,-0.0035109823,
1.87425,-0.0102708405,
1.8745,-0.0102464911,
1.87475,-0.0030812037,
1.875,-0.0027169336,
1.87525,-0.0092509352,
1.8755,-0.0096866721,
1.87575,-0.0028224117,
1.876,-0.0008807069,
1.87625,-0.0062043318,
1.8765,-0.0055261375,
1.87675,0.0031023591,
1.877,0.0030565369,
1.87725,-0.0086176507,
1.8775,-0.0093771005,
1.87775,-0.0001027498,
1.878,0.0003265761,
1.87825,-0.0039461772,
1.8785,-0.0072401930,
1.87875,-0.0026291320,
1.879,0.0021667613,
1.87925,0.0019358124,
1.8795,0.0007488529,
1.87975,0.0006418006,
1.88,0.0035788836,
1.88025,0.0019756909,
1.8805,-0.0027956979,
1.88075,-0.0046012569,
1.881,-0.0029446615,
1.88125,-0.0017116047,
1.8815,-0.0113922814,
1.88175,-0.0118467622,
1.882,-0.0031188703,
1.88225,0.0021722252,
1.8825,-0.0043315692,
1.88275,-0.0111439163,
1.883,-0.0009601161,
1.88325,0.0062605124,
1.8835,0.0056489883,
1.88375,0.0018506126,
1.884,0.0027386793,
1.88425,0.0067853113,
1.8845,0.0009263656,
1.88475,-0.0009290338,
1.885,0.0008527740,
1.88525,0.0058037252,
1.8855,0.0030261297,
1.88575,-0.0034751822,
1.886,-0.0021736652,
1.88625,0.0038580243,
1.8865,0.0063639469,
1.88675,0.0028486764,
1.887,-0.0059100455,
1.88725,-0.0068169096,
1.8875,0.0028085820,
1.88775,0.0028556939,
1.888,-0.0028676968,
1.88825,0.0009514650,
1.8885,0.0059475489,
1.88875,0.0067730057,
1.889,-0.0010311579,
1.88925,0.0060392399,
1.8895,0.0129882134,
1.88975,0.0101428768,
1.89,0.0023842258,
1.89025,0.0029414042,
1.8905,0.0108703002,
1.89075,0.0117306877,
1.891,0.0036123125,
1.89125,-0.0027616837,
1.8915,0.0020689312,
1.89175,0.0069767032,
1.892,0.0031845076,
1.89225,0.0018802831,
1.8925,0.0041676881,
1.89275,0.0083675040,
1.893,0.0061548725,
1.89325,0.0022083155,
1.8935,0.0119363349,
1.89375,0.0169859119,
1.894,0.0128476620,
1.89425,0.0022117142,
1.8945,0.0039744582,
1.89475,0.0092788599,
1.895,0.0061045708,
1.89525,-0.0021488536,
1.8955,-0.0019819159,
1.89575,0.0032376368,
1.896,0.0076877004,
1.89625,0.0039535789,
1.8965,0.0043879338,
1.89675,0.0082103200,
1.897,0.0116593372,
1.89725,0.0052756034,
1.8975,0.0067407647,
1.89775,0.0077587962,
1.898,0.0087828999,
1.89825,0.0023711396,
1.8985,-0.0057999436,
1.89875,-0.0039101075,
1.899,0.0044786646,
1.89925,0.0050458387,
1.8995,-0.0054542869,
1.89975,-0.0044122613,
1.9,0.0039149742,
1.90025,0.0033668154,
1.9005,-0.0022493347,
1.90075,-0.0074505438,
1.901,0.0015858962,
1.90125,-0.0005883004,
1.9015,-0.0066624908,
1.90175,-0.0071191983,
1.902,-0.0021872965,
1.90225,0.0011130080,
1.9025,-0.0052593052,
1.90275,-0.0035999836,
1.903,0.0013301924,
1.90325,0.0013641061,
1.9035,0.0007666599,
1.90375,-0.0052771876,
1.904,-0.0078226048,
1.90425,-0.0029847547,
1.9045,-0.0033116946,
1.90475,-0.0132758124,
1.905,-0.0140079530,
1.90525,-0.0122044850,
1.9055,-0.0078351870,
1.90575,-0.0157046244,
1.906,-0.0171349756,
1.90625,-0.0055419710,
1.9065,-0.0011807045,
1.90675,-0.0032916823,
1.907,-0.0040268833,
1.90725,0.0029852460,
1.9075,0.0055486173,
1.90775,0.0027001977,
1.908,-0.0013087167,
1.90825,-0.0031172298,
1.9085,-0.0002877957,
1.90875,-0.0035992579,
1.909,-0.0132146897,
1.90925,-0.0120593086,
1.9095,-0.0063601425,
1.90975,-0.0037621753,
1.91,-0.0086187897,
1.91025,-0.0126279369,
1.9105,-0.0006230749,
1.91075,0.0007912584,
1.911,-0.0061793216,
1.91125,-0.0088335890,
1.9115,-0.0025365879,
1.91175,0.0002222703,
1.912,-0.0034511425,
1.91225,-0.0070480253,
1.9125,-0.0061852294,
1.91275,0.0037875953,
1.913,0.0018866000,
1.91325,-0.0015373540,
1.9135,0.0025359453,
1.91375,0.0056471266,
1.914,0.0049118344,
1.91425,-0.0006859838,
1.9145,-0.0045016971,
1.91475,-0.0020046448,
1.915,0.0011164639,
1.91525,-0.0080202883,
1.9155,-0.0112633035,
1.91575,-0.0028626393,
1.916,0.0001450908,
1.91625,-0.0057250066,
1.9165,-0.0092356429,
1.91675,-0.0009764926,
1.917,0.0036739069,
1.91725,-0.0000976861,
1.9175,-0.0042175651,
1.91775,0.0047576977,
1.918,0.0116602629,
1.91825,0.0023728767,
1.9185,-0.0016299560,
1.91875,0.0012892230,
1.919,0.0029926328,
1.91925,0.0024488233,
1.9195,-0.0012892227,
1.91975,-0.0011999613,
1.92,0.0057613174,
1.92025,0.0088427328,
1.9205,0.0044568949,
1.92075,0.0004730123,
1.921,0.0033489047,
1.92125,0.0093553988,
1.9215,0.0064622890,
1.92175,-0.0016060676,
1.922,0.0022067744,
1.92225,0.0063985931,
1.9225,-0.0003324127,
1.92275,-0.0067450209,
1.923,0.0004969902,
1.92325,0.0078980187,
1.9235,0.0042255218,
1.92375,-0.0019110589,
1.924,0.0024015524,
1.92425,0.0083657624,
1.9245,0.0094060190,
1.92475,0.0034613663,
1.925,0.0057148580,
1.92525,0.0078442525,
1.9255,0.0104190027,
1.92575,0.0061267666,
1.926,0.0024758137,
1.92625,0.0060123838,
1.9265,0.0117877070,
1.92675,0.0088810641,
1.927,0.0046178238,
1.92725,0.0093099680,
1.9275,0.0143274395,
1.92775,0.0078230565,
1.928,0.0012674776,
1.92825,0.0035162421,
1.9285,0.0109149758,
1.92875,0.0090586096,
1.929,-0.0022396820,
1.92925,-0.0051595904,
1.9295,-0.0002308766,
1.92975,0.0066877645,
1.93,0.0020413618,
1.93025,0.0023854389,
1.9305,0.0071509420,
1.93075,0.0097265150,
1.931,0.0086952196,
1.93125,0.0030205809,
1.9315,0.0089458972,
1.93175,0.0139807798,
1.932,0.0098885559,
1.93225,-0.0012258289,
1.9325,-0.0039835796,
1.93275,0.0020557689,
1.933,0.0009799761,
1.93325,-0.0087000495,
1.9335,-0.0086359046,
1.93375,-0.0014797009,
1.934,0.0007704372,
1.93425,-0.0069660093,
1.9345,-0.0080535002,
1.93475,-0.0018922180,
1.935,0.0005606273,
1.93525,-0.0042756186,
1.9355,-0.0044372934,
1.93575,0.0046061543,
1.936,0.0029417945,
1.93625,-0.0010881175,
1.9365,-0.0050477078,
1.93675,-0.0017825527,
1.937,0.0062395902,
1.93725,0.0048003001,
1.9375,-0.0020055778,
1.93775,-0.0032585938,
1.938,-0.0016397254,
1.93825,-0.0002787628,
1.9385,-0.0097818626,
1.93875,-0.0107461410,
1.939,-0.0073915608,
1.93925,-0.0094145890,
1.9395,-0.0176084731,
1.93975,-0.0192871671,
1.94,-0.0092066741,
1.94025,-0.0051821931,
1.9405,-0.0083718067,
1.94075,-0.0112152053,
1.941,-0.0029512709,
1.94125,0.0084494138,
1.9415,0.0046443623,
1.94175,-0.0007377151,
1.942,0.0007980518,
1.94225,0.0041343728,
1.9425,0.0043800478,
1.94275,-0.0044757961,
1.943,-0.0043953718,
1.94325,-0.0003689963,
1.9435,-0.0067726783,
1.94375,-0.0140449367,
1.944,-0.0094033768,
1.94425,0.0011929685,
1.9445,-0.0022031423,
1.94475,-0.0096671991,
1.945,-0.0131720034,
1.94525,-0.0075790100,
1.9455,-0.0028149853,
1.94575,-0.0059404778,
1.946,-0.0104153715,
1.94625,-0.0094885509,
1.9465,-0.0032588586,
1.94675,-0.0028945105,
1.947,-0.0036970319,
1.94725,0.0015122907,
1.9475,0.0072390516,
1.94775,0.0072269929,
1.948,-0.0018403656,
1.94825,-0.0012349747,
1.9485,0.0071644858,
1.94875,0.0087237628,
1.949,-0.0033415626,
1.94925,-0.0081851995,
1.9495,-0.0019209578,
1.94975,-0.0009942892,
1.95,-0.0064262068,
1.95025,-0.0099152792,
1.9505,-0.0047776806,
1.95075,-0.0000005086,
1.951,-0.0025619399,
1.95125,-0.0024186091,
1.9515,0.0014676292,
1.95175,0.0069323434,
1.952,0.0014591308,
1.95225,-0.0054819155,
1.9525,-0.0048076878,
1.95275,0.0024974379,
1.953,0.0034349286,
1.95325,-0.0029227373,
1.9535,-0.0096098743,
1.95375,-0.0039963722,
1.954,0.0017990724,
1.95425,0.0032152303,
1.9545,0.0026559539,
1.95475,0.0058692023,
1.955,0.0139605999,
1.95525,0.0043730945,
1.9555,0.0004548334,
1.95575,0.0083016902,
1.956,0.0123080695,
1.95625,0.0044267615,
1.9565,-0.0052466062,
1.95675,-0.0032623322,
1.957,0.0040159477,
1.95725,0.0074367486,
1.9575,-0.0005541908,
1.95775,-0.0001243517,
1.958,0.0066693937,
1.95825,0.0046362891,
1.9585,0.0026228158,
1.95875,0.0022134217,
1.959,0.0069369329,
1.95925,0.0098187551,
1.9595,0.0029789689,
1.95975,-0.0040607536,
1.96,0.0054020919,
1.96025,0.0104016773,
1.9605,0.0054469290,
1.96075,0.0011259546,
1.961,0.0081516737,
1.96125,0.0135338260,
1.9615,0.0124726929,
1.96175,0.0061411061,
1.962,0.0068483585,
1.96225,0.0105353268,
1.9625,0.0063248090,
1.96275,0.0018266102,
1.963,0.0019847858,
1.96325,0.0024748486,
1.9635,-0.0001402448,
1.96375,-0.0077641569,
1.964,-0.0083522489,
1.96425,-0.0007446721,
1.9645,0.0051411153,
1.96475,0.0030167340,
1.965,0.0018608385,
1.96525,0.0059314044,
1.9655,0.0137802046,
1.96575,0.0128032323,
1.966,0.0044263927,
1.96625,0.0075106923,
1.9665,0.0116700362,
1.96675,0.0051716971,
1.967,-0.0035742798,
1.96725,-0.0058613182,
1.9675,0.0042042388,
1.96775,-0.0022050471,
1.968,-0.0078350976,
1.96825,-0.0093579721,
1.9685,-0.0016834422,
1.96875,0.0003354446,
1.969,-0.0096393488,
1.96925,-0.0063525457,
1.9695,-0.0007720172,
1.96975,-0.0010605571,
1.97,0.0000411526,
1.97025,-0.0030791156,
1.9705,0.0003581241,
1.97075,0.0028317072,
1.971,0.0023479692,
1.97125,-0.0012769591,
1.9715,0.0000993137,
1.97175,0.0076534576,
1.972,0.0068387408,
1.97225,-0.0003045445,
1.9725,-0.0043795495,
1.97275,0.0007157914,
1.973,0.0024885472,
1.97325,-0.0090887742,
1.9735,-0.0124877114,
1.97375,-0.0071350653,
1.974,-0.0072592688,
1.97425,-0.0136945629,
1.9745,-0.0180830173,
1.97475,-0.0097586717,
1.975,-0.0029403204,
1.97525,-0.0035489113,
1.9755,-0.0034225150,
1.97575,0.0031904634,
1.976,0.0100374883,
1.97625,0.0078944173,
1.9765,0.0004326480,
1.97675,-0.0025933201,
1.977,0.0051670717,
1.97725,0.0045614676,
1.9775,-0.0078084995,
1.97775,-0.0122300293,
1.978,-0.0082280384,
1.97825,-0.0070918221,
1.9785,-0.0105688274,
1.97875,-0.0129144005,
1.979,-0.0072232382,
1.97925,-0.0013703315,
1.9795,-0.0062525729,
1.97975,-0.0094430689,
1.98,-0.0072895223,
1.98025,-0.0030370969,
1.9805,-0.0048541259,
1.98075,-0.0104336534,
1.981,-0.0077013527,
1.98125,0.0004781707,
1.9815,-0.0007379708,
1.98175,-0.0042769574,
1.982,-0.0003539191,
1.98225,0.0073190271,
1.9825,0.0097913845,
1.98275,-0.0008983094,
1.983,0.0003199477,
1.98325,0.0067325146,
1.9835,0.0071349973,
1.98375,-0.0005233900,
1.984,-0.0082673542,
1.98425,-0.0025140294,
1.9845,-0.0022547697,
1.98475,-0.0085190143,
1.985,-0.0068380525,
1.98525,-0.0015968428,
1.9855,0.0014766357,
1.98575,-0.0028996982,
1.986,-0.0070222612,
1.98625,-0.0004146878,
1.9865,0.0043854294,
1.98675,0.0030121985,
1.987,-0.0033424981,
1.98725,-0.0086317761,
1.9875,-0.0005502211,
1.98775,0.0042503956,
1.988,-0.0006453699,
1.98825,-0.0065428619,
1.9885,-0.0005873172,
1.98875,0.0052967598,
1.989,0.0019834074,
1.98925,0.0004197833,
1.9895,0.0067325057,
1.98975,0.0098507553,
1.99,0.0026949730,
1.99025,-0.0033887005,
1.9905,0.0036678868,
1.99075,0.0086125080,
1.991,0.0002541094,
1.99125,-0.0049024764,
1.9915,-0.0046371431,
1.99175,0.0023325884,
1.992,0.0037724418,
1.99225,0.0001393696,
1.9925,0.0005861677,
1.99275,0.0015655193,
1.993,0.0035103227,
1.99325,0.0004370019,
1.9935,0.0014908902,
1.99375,0.0078794593,
1.994,0.0134710493,
1.99425,0.0065085855,
1.9945,0.0008532166,
1.99475,0.0093406271,
1.995,0.0145954415,
1.99525,0.0144990729,
1.9955,0.0064468859,
1.99575,0.0072764521,
1.996,0.0153513812,
1.99625,0.0146057773,
1.9965,0.0050569209,
1.99675,0.0035899836,
1.997,0.0065775551,
1.99725,0.0051692510,
1.9975,-0.0006955878,
1.99775,-0.0044974457,
1.998,-0.0010181412,
1.99825,0.0026500106,
1.9985,-0.0026007439,
1.99875,-0.0067147734,
1.999,-0.0004624380,
1.99925,0.0093495520,
1.9995,0.0080511142,
1.99975,0.0021671662,
2,0.0069343271,
2.00025,0.0098971557,
2.0005,0.0070856041,
2.00075,-0.0005013929,
2.001,-0.0012787336,
2.00125,0.0090724742,
2.0015,0.0019436688,
2.00175,-0.0061768675,
2.002,-0.0037271751,
2.00225,0.0019221187,
2.0025,0.0012050188,
2.00275,-0.0055919625,
2.003,-0.0064881044,
2.00325,-0.0012253820,
2.0035,0.0027237178,
2.00375,0.0011831286,
2.004,-0.0024497411,
2.00425,0.0007841435,
2.0045,0.0001845302,
2.00475,-0.0008900573,
2.005,-0.0050955852,
2.00525,-0.0020687932,
2.0055,0.0090095066,
2.00575,0.0061941715,
2.006,-0.0056555979,
2.00625,-0.0031612851,
2.0065,0.0030576857,
2.00675,0.0055072834,
2.007,-0.0027315959,
2.00725,-0.0082583996,
2.0075,-0.0043814182,
2.00775,-0.0028400212,
2.008,-0.0121130655,
2.00825,-0.0114165107,
2.0085,-0.0088522108,
2.00875,-0.0111542344,
2.009,-0.0132653974,
2.00925,-0.0145666990,
2.0095,-0.0031971964,
2.00975,0.0026023979,
2.01,-0.0008852010,
2.01025,-0.0060865032,
2.0105,0.0021708335,
2.01075,0.0057698674,
2.011,0.0015188388,
2.01125,-0.0046015596,
2.0115,-0.0087182857,
2.01175,-0.0079276823,
2.012,-0.0063209059,
2.01225,-0.0115271360,
2.0125,-0.0128324423,
2.01275,-0.0063565443,
2.013,-0.0042067626,
2.01325,-0.0073201400,
2.0135,-0.0070438297,
2.01375,-0.0040735779,
2.014,0.0013933143,
2.01425,-0.0045138071,
2.0145,-0.0136190057,
2.01475,-0.0080302767,
2.015,-0.0012265460,
2.01525,-0.0040165191,
2.0155,-0.0080755483,
2.01575,-0.0083196769,
2.016,0.0018599483,
2.01625,0.0041513192,
2.0165,-0.0023437357,
2.01675,0.0024338900,
2.017,0.0058052167,
2.01725,0.0048932601,
2.0175,0.0000909106,
2.01775,-0.0018703629,
2.018,0.0050724805,
2.01825,0.0061413050,
2.0185,-0.0004007859,
2.01875,-0.0058066649,
2.019,-0.0000855029,
2.01925,0.0018672969,
2.0195,-0.0002371667,
2.01975,-0.0043510948,
2.02,-0.0024249675,
2.02025,0.0034974937,
2.0205,0.0022328461,
2.02075,-0.0029080645,
2.021,-0.0065511973,
2.02125,0.0000512762,
2.0215,-0.0003748830,
2.02175,-0.0075527495,
2.022,-0.0085924231,
2.02225,0.0009419937,
2.0225,0.0080347965,
2.02275,0.0015176856,
2.023,-0.0012302714,
2.02325,0.0043919003,
2.0235,0.0097190309,
2.02375,0.0066604954,
2.024,0.0015949586,
2.02425,0.0085403901,
2.0245,0.0079447720,
2.02475,0.0030069677,
2.025,-0.0013449212,
2.02525,-0.0015651645,
2.0255,0.0033541415,
2.02575,0.0010703948,
2.026,-0.0055169384,
2.02625,-0.0029574940,
2.0265,0.0040000728,
2.02675,0.0021798681,
2.027,-0.0050409483,
2.02725,-0.0038053293,
2.0275,0.0048082685,
2.02775,0.0081111249,
2.028,0.0023453715,
2.02825,-0.0007814600,
2.0285,0.0053043775,
2.02875,0.0098805306,
2.029,0.0061510252,
2.02925,0.0082140183,
2.0295,0.0128860250,
2.02975,0.0178407859,
2.03,0.0151190944,
2.03025,0.0070482027,
2.0305,0.0112657808,
2.03075,0.0154226590,
2.031,0.0084596798,
2.03125,0.0025859186,
2.0315,-0.0030167382,
2.03175,-0.0002513224,
2.032,0.0015358120,
2.03225,-0.0057677254,
2.0325,-0.0070919055,
2.03275,0.0009213179,
2.033,0.0076047010,
2.03325,0.0041356385,
2.0335,0.0018178112,
2.03375,0.0086471420,
2.034,0.0133338803,
2.03425,0.0112406313,
2.0345,0.0057008062,
2.03475,0.0100283623,
2.035,0.0123659382,
2.03525,0.0004346061,
2.0355,-0.0058877184,
2.03575,-0.0028511677,
2.036,-0.0007624301,
2.03625,-0.0018485665,
2.0365,-0.0098192589,
2.03675,-0.0093097258,
2.037,-0.0030129049,
2.03725,0.0002238520,
2.0375,-0.0037564589,
2.03775,-0.0064200116,
2.038,-0.0037947146,
2.03825,0.0028259601,
2.0385,0.0016523111,
2.03875,-0.0040166867,
2.039,-0.0017752810,
2.03925,0.0025717870,
2.0395,0.0022990650,
2.03975,-0.0046332842,
2.04,0.0024208177,
2.04025,0.0057571991,
2.0405,0.0050912490,
2.04075,-0.0055785156,
2.041,-0.0086665610,
2.04125,0.0035009882,
2.0415,0.0010959512,
2.04175,-0.0068051545,
2.042,-0.0098083168,
2.04225,-0.0099486820,
2.0425,-0.0109451404,
2.04275,-0.0171561241,
2.043,-0.0185918137,
2.04325,-0.0133245671,
2.0435,-0.0029382999,
2.04375,-0.0048243329,
2.044,-0.0062228641,
2.04425,0.0019788397,
2.0445,0.0054658088,
2.04475,0.0045977631,
2.045,0.0005395883,
2.04525,-0.0028270609,
2.0455,0.0044647157,
2.04575,0.0027923668,
2.046,-0.0070900479,
2.04625,-0.0071087787,
2.0465,-0.0052977400,
2.04675,-0.0033880060,
2.047,-0.0094493460,
2.04725,-0.0105922911,
2.0475,-0.0029266477,
2.04775,-0.0007801419,
2.048,-0.0057913652,
2.04825,-0.0087128822,
2.0485,-0.0050070034,
2.04875,0.0011049970,
2.049,-0.0019930173,
2.04925,-0.0071162488,
2.0495,-0.0043032789,
2.04975,0.0020888380,
2.05,-0.0002742751,
2.05025,-0.0038511176,
2.0505,0.0006532765,
2.05075,0.0103525305,
2.051,0.0110545345,
2.05125,0.0031992081,
2.0515,0.0042784787,
2.05175,0.0111254193,
2.052,0.0056055347,
2.05225,-0.0030588424,
2.0525,-0.0052596238,
2.05275,-0.0001991345,
2.053,-0.0014384208,
2.05325,-0.0041838982,
2.0535,-0.0107104890,
2.05375,-0.0069031795,
2.054,-0.0014504497,
2.05425,0.0018245280,
2.0545,-0.0007074890,
2.05475,0.0002579924,
2.055,0.0048970892,
2.05525,-0.0008541007,
2.0555,-0.0081383754,
2.05575,-0.0063956161,
2.056,0.0000612116,
2.05625,-0.0000224870,
2.0565,-0.0120871514,
2.05675,-0.0096654324,
2.057,-0.0013350369,
2.05725,0.0027908452,
2.0575,0.0020206228,
2.05775,0.0002759984,
2.058,0.0113366190,
2.05825,0.0114640407,
2.0585,0.0093674213,
2.05875,0.0044787610,
2.059,0.0056896289,
2.05925,0.0082124500,
2.0595,0.0042285915,
2.05975,0.0010557384,
2.06,-0.0010194572,
2.06025,0.0033133428,
2.0605,0.0027877102,
2.06075,-0.0075462232,
2.061,-0.0050946735,
2.06125,0.0025608698,
2.0615,0.0093009491,
2.06175,0.0059505408,
2.062,-0.0002502284,
2.06225,0.0034240736,
2.0625,0.0098618101,
2.06275,0.0078684194,
2.063,0.0016508036,
2.06325,0.0083576823,
2.0635,0.0104906280,
2.06375,0.0063484404,
2.064,0.0021822448,
2.06425,0.0080231801,
2.0645,0.0142460819,
2.06475,0.0131714167,
2.065,0.0047501260,
2.06525,0.0010144141,
2.0655,0.0068215504,
2.06575,0.0072443276,
2.066,-0.0014827985,
2.06625,-0.0061065992,
2.0665,-0.0015413399,
2.06675,0.0051616486,
2.067,-0.0029695523,
2.06725,-0.0063688327,
2.0675,0.0041017490,
2.06775,0.0120101320,
2.068,0.0062636374,
2.06825,0.0014437846,
2.0685,0.0096291518,
2.06875,0.0151676461,
2.069,0.0059798802,
2.06925,0.0016807849,
2.0695,0.0009287976,
2.06975,0.0057080765,
2.07,-0.0009873011,
2.07025,-0.0027029975,
2.0705,-0.0063501322,
2.07075,-0.0055347951,
2.071,-0.0010700307,
2.07125,-0.0063588447,
2.0715,-0.0064084269,
2.07175,-0.0027391156,
2.072,0.0023826610,
2.07225,-0.0020535039,
2.0725,-0.0060805744,
2.07275,0.0002336669,
2.073,0.0086498531,
2.07325,0.0045911637,
2.0735,-0.0011051133,
2.07375,0.0034809653,
2.074,0.0079047978,
2.07425,0.0048454520,
2.0745,-0.0049949200,
2.07475,-0.0014649271,
2.075,0.0035921526,
2.07525,0.0002724889,
2.0755,-0.0061959932,
2.07575,-0.0070489175,
2.076,-0.0019681326,
2.07625,-0.0062091686,
2.0765,-0.0144337192,
2.07675,-0.0147330593,
2.077,-0.0073919380,
2.07725,-0.0070066885,
2.0775,-0.0127595654,
2.07775,-0.0156722460,
2.078,-0.0081573613,
2.07825,-0.0019244254,
2.0785,0.0039781556,
2.07875,0.0003483548,
2.079,-0.0011505359,
2.07925,0.0047729462,
2.0795,0.0039531747,
2.07975,-0.0009938183,
2.08,-0.0043522837,
2.08025,0.0007933578,
2.0805,0.0000157776,
2.08075,-0.0095635820,
2.081,-0.0113438163,
2.08125,-0.0054105506,
2.0815,0.0005933426,
2.08175,-0.0084090400,
2.082,-0.0078636985,
2.08225,-0.0037061910,
2.0825,0.0023482158,
2.08275,-0.0031071086,
2.083,-0.0102541167,
2.08325,-0.0073602651,
2.0835,-0.0016117729,
2.08375,-0.0017622332,
2.084,-0.0061230417,
2.08425,-0.0040327245,
2.0845,0.0037646454,
2.08475,0.0029618652,
2.085,-0.0010144673,
2.08525,-0.0001387289,
2.0855,0.0101847211,
2.08575,0.0100244209,
2.086,-0.0003370293,
2.08625,-0.0024475493,
2.0865,0.0012470210,
2.08675,0.0058218972,
2.087,0.0018661929,
2.08725,-0.0082897795,
2.0875,-0.0074619409,
2.08775,-0.0003863594,
2.088,-0.0039529377,
2.08825,-0.0097995624,
2.0885,-0.0070306095,
2.08875,-0.0005320212,
2.089,0.0003567367,
2.08925,-0.0066861175,
2.0895,-0.0058010556,
2.08975,0.0008044238,
2.09,-0.0009985560,
2.09025,-0.0103877299,
2.0905,-0.0082218293,
2.09075,0.0019985614,
2.091,0.0034137222,
2.09125,0.0008837963,
2.0915,-0.0016319552,
2.09175,0.0050403061,
2.092,0.0087952316,
2.09225,0.0048125479,
2.0925,0.0019256379,
2.09275,0.0071272971,
2.093,0.0108935256,
2.09325,0.0072413357,
2.0935,-0.0012806756,
2.09375,0.0025856546,
2.094,0.0048585748,
2.09425,0.0016965672,
2.0945,-0.0050211512,
2.09475,-0.0028211777,
2.095,0.0045546661,
2.09525,0.0069901682,
2.0955,0.0001653146,
2.09575,0.0019947204,
2.096,0.0097947940,
2.09625,0.0161116980,
2.0965,0.0097596478,
2.09675,0.0057654497,
2.097,0.0075326399,
2.09725,0.0096512008,
2.0975,0.0064281789,
2.09775,0.0005305622,
2.098,0.0056521436,
2.09825,0.0111242067,
2.0985,0.0082292370,
2.09875,0.0021678410,
2.099,0.0017897034,
2.09925,0.0091350693,
2.0995,0.0096463719,
2.09975,0.0029723193,
2.1,0.0007286097,
2.10025,0.0053631244,
2.1005,0.0058921119,
2.10075,0.0017735788,
2.101,-0.0028736421,
2.10125,0.0077487412,
2.1015,0.0105561521,
2.10175,0.0042833416,
2.102,0.0008850800,
2.10225,0.0083514582,
2.1025,0.0118363975,
2.10275,0.0040306938,
2.103,-0.0032126380,
2.10325,-0.0026297588,
2.1035,0.0015158046,
2.10375,0.0016961237,
2.104,-0.0057308488,
2.10425,-0.0092589781,
2.1045,-0.0045564794,
2.10475,-0.0003071370,
2.105,-0.0035735057,
2.10525,-0.0004495239,
2.1055,0.0047022668,
2.10575,0.0068761921,
2.106,0.0002410216,
2.10625,-0.0029576984,
2.1065,0.0054840376,
2.10675,0.0127941649,
2.107,0.0084071057,
2.10725,-0.0063497755,
2.1075,-0.0079538878,
2.10775,-0.0019045208,
2.108,-0.0007625675,
2.10825,-0.0086380169,
2.1085,-0.0089598875,
2.10875,-0.0051145274,
2.109,-0.0052513732,
2.10925,-0.0103760455,
2.1095,-0.0086815953,
2.10975,0.0011376766,
2.11,0.0005016200,
2.11025,-0.0054033436,
2.1105,-0.0040290309,
2.11075,0.0022623395,
2.111,0.0019116224,
2.11125,-0.0046832203,
2.1115,-0.0139295598,
2.11175,-0.0124883885,
2.112,-0.0020080816,
2.11225,-0.0028921193,
2.1125,-0.0059915204,
2.11275,-0.0079961577,
2.113,-0.0034537576,
2.11325,0.0006756827,
2.1135,-0.0060608163,
2.11375,-0.0062688631,
2.114,-0.0003319289,
2.11425,-0.0055395928,
2.1145,-0.0138526736,
2.11475,-0.0135574481,
2.115,-0.0070247771,
2.11525,0.0029755407,
2.1155,-0.0039217761,
2.11575,-0.0073203659,
2.116,0.0017809601,
2.11625,0.0084602758,
2.1165,-0.0002615264,
2.11675,-0.0035741641,
2.117,-0.0028593210,
2.11725,-0.0017723462,
2.1175,-0.0024383774,
2.11775,-0.0116505604,
2.118,-0.0089321053,
2.11825,-0.0021830699,
2.1185,-0.0125385262,
2.11875,-0.0140170092,
2.119,-0.0062851375,
2.11925,0.0030847103,
2.1195,0.0044119847,
2.11975,0.0008100540,
2.12,-0.0041745431,
2.12025,0.0033790185,
2.1205,0.0064546764,
2.12075,0.0049512666,
2.121,-0.0007625180,
2.12125,-0.0001585045,
2.1215,0.0031780393,
2.12175,-0.0063148132,
2.122,-0.0133348536,
2.12225,-0.0088751866,
2.1225,0.0045306380,
2.12275,0.0005915690,
2.123,-0.0080825035,
2.12325,-0.0046487008,
2.1235,0.0006651259,
2.12375,0.0018040054,
2.124,-0.0068741450,
2.12425,-0.0051173661,
2.1245,0.0026413067,
2.12475,-0.0002986994,
2.125,-0.0030822468,
2.12525,-0.0007735516,
2.1255,0.0039053778,
2.12575,0.0054691210,
2.126,0.0055608968,
2.12625,0.0080281319,
2.1265,0.0100140348,
2.12675,0.0167757254,
2.127,0.0123122605,
2.12725,0.0025120771,
2.1275,0.0046635191,
2.12775,0.0089863529,
2.128,0.0121558411,
2.12825,0.0054951590,
2.1285,-0.0039065313,
2.12875,0.0009586277,
2.129,0.0014744519,
2.12925,-0.0033272570,
2.1295,-0.0018571991,
2.12975,0.0056284671,
2.13,0.0096656578,
2.13025,0.0038553393,
2.1305,0.0030801187,
2.13075,0.0094814980,
2.131,0.0141809732,
2.13125,0.0089705205,
2.1315,0.0015539944,
2.13175,0.0022562037,
2.132,0.0080570355,
2.13225,0.0099167833,
2.1325,0.0052914019,
2.13275,0.0019365189,
2.133,0.0093702208,
2.13325,0.0091520380,
2.1335,0.0022358997,
2.13375,0.0000349108,
2.134,0.0055617788,
2.13425,0.0075790295,
2.1345,-0.0017631003,
2.13475,-0.0064988290,
2.135,0.0025213629,
2.13525,0.0065474967,
2.1355,-0.0006353288,
2.13575,-0.0049142069,
2.136,0.0035319137,
2.13625,0.0089128222,
2.1365,0.0046439697,
2.13675,0.0050365636,
2.137,0.0055252230,
2.13725,0.0079877842,
2.1375,0.0056653237,
2.13775,0.0000576353,
2.138,0.0008708736,
2.13825,0.0032348023,
2.1385,0.0039551910,
2.13875,-0.0046777870,
2.139,-0.0075456342,
2.13925,-0.0039222469,
2.1395,0.0021071038,
2.13975,-0.0020381166,
2.14,-0.0060089994,
2.14025,0.0019096604,
2.1405,0.0068542385,
2.14075,0.0004246127,
2.141,-0.0069538089,
2.14125,0.0009273795,
2.1415,0.0047362479,
2.14175,0.0002780692,
2.142,-0.0080127185,
2.14225,-0.0061418153,
2.1425,0.0009033700,
2.14275,-0.0029624507,
2.143,-0.0086110421,
2.14325,-0.0055792513,
2.1435,-0.0003177217,
2.14375,0.0004372555,
2.144,-0.0059812241,
2.14425,-0.0058606304,
2.1445,-0.0014726922,
2.14475,-0.0016767900,
2.145,-0.0065818331,
2.14525,-0.0116600115,
2.1455,-0.0092253378,
2.14575,-0.0060645202,
2.146,-0.0070398077,
2.14625,-0.0129506653,
2.1465,-0.0111479610,
2.14675,-0.0026480071,
2.147,-0.0041559068,
2.14725,-0.0075098975,
2.1475,-0.0069620218,
2.14775,-0.0020853991,
2.148,-0.0021688798,
2.14825,-0.0103117097,
2.1485,-0.0112187210,
2.14875,-0.0016351520,
2.149,0.0019553264,
2.14925,-0.0064067254,
2.1495,-0.0068017291,
2.14975,0.0007084217,
2.15,0.0069915028,
2.15025,0.0037777261,
2.1505,0.0002169437,
2.15075,0.0028531011,
2.151,0.0064404937,
2.15125,0.0011861690,
2.1515,-0.0082285898,
2.15175,-0.0086664958,
2.152,-0.0056146556,
2.15225,-0.0051142517,
2.1525,-0.0139572825,
2.15275,-0.0149538377,
2.153,-0.0020983568,
2.15325,-0.0011983830,
2.1535,-0.0034264829,
2.15375,-0.0078930128,
2.154,0.0022505783,
2.15425,0.0087355394,
2.1545,0.0051218010,
2.15475,0.0020676511,
2.155,0.0038567199,
2.15525,0.0066913669,
2.1555,0.0005751343,
2.15575,-0.0035837435,
2.156,0.0016315281,
2.15625,0.0061776312,
2.1565,-0.0000709627,
2.15675,-0.0087572830,
2.157,-0.0043648523,
2.15725,0.0036363781,
2.1575,0.0034962744,
2.15775,-0.0052004410,
2.158,-0.0061310553,
2.15825,0.0014914834,
2.1585,-0.0018731754,
2.15875,-0.0045059486,
2.159,-0.0034136306,
2.15925,0.0025207293,
2.1595,0.0030657318,
2.15975,-0.0010766382,
2.16,0.0021133570,
2.16025,0.0079132207,
2.1605,0.0107053937,
2.16075,0.0050621782,
2.161,0.0023190659,
2.16125,0.0087121334,
2.1615,0.0110741947,
2.16175,0.0101063568,
2.162,-0.0000145380,
2.16225,-0.0049228212,
2.1625,0.0002638221,
2.16275,0.0027288557,
2.163,-0.0034733417,
2.16325,-0.0025943036,
2.1635,0.0016551447,
2.16375,0.0024786042,
2.164,-0.0016532715,
2.16425,0.0013589730,
2.1645,0.0073467293,
2.16475,0.0138044804,
2.165,0.0092588700,
2.16525,0.0034063919,
2.1655,0.0068023317,
2.16575,0.0124792084,
2.166,0.0070877397,
2.16625,0.0005121457,
2.1665,0.0028448538,
2.16675,0.0078320857,
2.167,0.0091683734,
2.16725,0.0022281767,
2.1675,0.0023420516,
2.16775,0.0108675025,
2.168,0.0068809190,
2.16825,0.0023237502,
2.1685,0.0022430976,
2.16875,0.0076797954,
2.169,0.0087971948,
2.16925,0.0024601955,
2.1695,-0.0035293940,
2.16975,0.0002981887,
2.17,0.0066435318,
2.17025,0.0020711133,
2.1705,0.0001826725,
2.17075,0.0017431680,
2.171,0.0064655021,
2.17125,0.0040580546,
2.1715,-0.0030826593,
2.17175,-0.0015276455,
2.172,0.0070649362,
2.17225,0.0058943378,
2.1725,-0.0037519622,
2.17275,-0.0046925042,
2.173,0.0033237189,
2.17325,0.0061915419,
2.1735,0.0021616973,
2.17375,-0.0039587044,
2.174,0.0028564280,
2.17425,0.0083790654,
2.1745,0.0053228759,
2.17475,-0.0000860395,
2.175,0.0038314702,
2.17525,0.0017805703,
2.1755,-0.0047919760,
2.17575,-0.0096851690,
2.176,-0.0081913378,
2.17625,-0.0058575668,
2.1765,-0.0118363742,
2.17675,-0.0195650291,
2.177,-0.0116892857,
2.17725,-0.0019358795,
2.1775,0.0005610929,
2.17775,-0.0026054748,
2.178,-0.0018969371,
2.17825,0.0018282866,
2.1785,0.0046599167,
2.17875,0.0058605634,
2.179,-0.0029211864,
2.17925,0.0010771387,
2.1795,0.0001064691,
2.17975,-0.0106709711,
2.18,-0.0115715703,
2.18025,-0.0090949573,
2.1805,-0.0057837996,
2.18075,-0.0120371291,
2.181,-0.0210556295,
2.18125,-0.0167301502,
2.1815,-0.0071517616,
2.18175,-0.0064251577,
2.182,-0.0105491262,
2.18225,-0.0101431096,
2.1825,-0.0049932059,
2.18275,-0.0010626863,
2.183,-0.0061476715,
2.18325,-0.0063328794,
2.1835,0.0020203684,
2.18375,0.0029388745,
2.184,-0.0003212446,
2.18425,0.0019805864,
2.1845,0.0091566416,
2.18475,0.0131199900,
2.185,0.0021360372,
2.18525,-0.0026388378,
2.1855,0.0013198868,
2.18575,-0.0001235433,
2.186,-0.0065244571,
2.18625,-0.0166617855,
2.1865,-0.0177579895,
2.18675,-0.0124261845,
2.187,-0.0090197157,
2.18725,-0.0129739894,
2.1875,-0.0092421491,
2.18775,-0.0023267958,
2.188,0.0038840275,
2.18825,0.0013801492,
2.1885,-0.0006529764,
2.18875,0.0122219250,
2.189,0.0125662871,
2.18925,0.0035746587,
2.1895,0.0005249036,
2.18975,0.0044435537,
2.19,0.0085380701,
2.19025,-0.0005920363,
2.1905,-0.0078170560,
2.19075,-0.0027484971,
2.191,0.0011951870,
2.19125,-0.0026746383,
2.1915,-0.0056917351,
2.19175,-0.0014278167,
2.192,-0.0041997759,
2.19225,-0.0024534282,
2.1925,-0.0089954371,
2.19275,-0.0095926067,
2.193,-0.0006251733,
2.19325,0.0015156191,
2.1935,-0.0000650616,
2.19375,-0.0013136105,
2.194,0.0028107045,
2.19425,0.0094552580,
2.1945,0.0075474130,
2.19475,0.0046396866,
2.195,0.0083608069,
2.19525,0.0142762791,
2.1955,0.0084629944,
2.19575,0.0042132866,
2.196,0.0044033742,
2.19625,0.0054239081,
2.1965,0.0058465609,
2.19675,-0.0041342480,
2.197,-0.0042287488,
2.19725,0.0029548875,
2.1975,0.0040628100,
2.19775,-0.0011450653,
2.198,-0.0022457030,
2.19825,0.0051309541,
2.1985,0.0126221729,
2.19875,0.0128142172,
2.199,0.0044243205,
2.19925,0.0064674062,
2.1995,0.0128314663,
2.19975,0.0058485623,
2.2,-0.0000434976,
2.20025,0.0036476201,
2.2005,0.0073948111,
2.20075,0.0041181832,
2.201,-0.0030132395,
2.20125,0.0017910325,
2.2015,0.0104653230,
2.20175,0.0091282474,
2.202,0.0010956042,
2.20225,0.0064270273,
2.2025,0.0160824899,
2.20275,0.0115026925,
2.203,0.0089855846,
2.20325,0.0058510648,
2.2035,0.0098930355,
2.20375,0.0135516087,
2.204,0.0063251308,
2.20425,0.0021119546,
2.2045,0.0040400084,
2.20475,0.0048707770,
2.205,0.0024048614,
2.20525,-0.0018143397,
2.2055,0.0018308011,
2.20575,0.0069067804,
2.206,0.0023510274,
2.20625,-0.0067604119,
2.2065,-0.0036491349,
2.20675,0.0034626890,
2.207,0.0070529380,
2.20725,-0.0038321866,
2.2075,-0.0039589647,
2.20775,0.0049278969,
2.208,0.0072829043,
2.20825,0.0019680799,
2.2085,-0.0023885455,
2.20875,0.0028636095,
2.209,0.0035299547,
2.20925,0.0001086980,
2.2095,-0.0034788977,
2.20975,-0.0002421532,
2.21,-0.0016717366,
2.21025,-0.0140312761,
2.2105,-0.0167894010,
2.21075,-0.0134340161,
2.211,-0.0106754052,
2.21125,-0.0110794250,
2.2115,-0.0168137830,
2.21175,-0.0150429476,
2.212,-0.0041519096,
2.21225,0.0024035512,
2.2125,0.0036424224,
2.21275,0.0018876952,
2.213,0.0050113588,
2.21325,0.0094831651,
2.2135,0.0026838086,
2.21375,-0.0034964345,
2.214,0.0001605024,
2.21425,-0.0013506804,
2.2145,-0.0078966292,
2.21475,-0.0142624099,
2.215,-0.0122540779,
2.21525,-0.0062541272,
2.2155,-0.0074050268,
2.21575,-0.0175556820,
2.216,-0.0153582506,
2.21625,-0.0088296682,
2.2165,-0.0082557639,
2.21675,-0.0131635694,
2.217,-0.0148777030,
2.21725,-0.0067521119,
2.2175,0.0004863762,
2.21775,-0.0024023086,
2.218,-0.0018184176,
2.21825,0.0063835345,
2.2185,0.0113909263,
2.21875,0.0035088763,
2.219,-0.0001203267,
2.21925,0.0063790744,
2.2195,0.0105938334,
2.21975,0.0054357010,
2.22,-0.0037217280,
2.22025,-0.0094481371,
2.2205,-0.0050034877,
2.22075,-0.0068611521,
2.221,-0.0125390347,
2.22125,-0.0142443134,
2.2215,-0.0092553142,
2.22175,-0.0075110476,
2.222,-0.0100902189,
2.22225,-0.0104740039,
2.2225,0.0024389508,
2.22275,0.0068861768,
2.223,0.0000659976,
2.22325,-0.0046934090,
2.2235,0.0029508909,
2.22375,0.0068917349,
2.224,0.0023813148,
2.22425,-0.0029671888,
2.2245,0.0020189956,
2.22475,0.0068225749,
2.225,0.0026694743,
2.22525,-0.0014303379,
2.2255,0.0029556211,
2.22575,0.0049750083,
2.226,0.0014947108,
2.22625,-0.0048907558,
2.2265,-0.0045896429,
2.22675,0.0027613947,
2.227,-0.0009521982,
2.22725,-0.0084570497,
2.2275,-0.0050599119,
2.22775,0.0028959536,
2.228,0.0066054324,
2.22825,0.0038899025,
2.2285,-0.0001621191,
2.22875,0.0002541024,
2.229,0.0057818652,
2.22925,0.0054542078,
2.2295,0.0013390800,
2.22975,0.0055358382,
2.23,0.0076869684,
2.23025,0.0054050428,
2.2305,-0.0049615409,
2.23075,-0.0012083012,
2.231,0.0072076675,
2.23125,0.0048040142,
2.2315,-0.0005259810,
2.23175,0.0000434235,
2.232,0.0112417955,
2.23225,0.0154868504,
2.2325,0.0091200378,
2.23275,0.0062872404,
2.233,0.0136479177,
2.23325,0.0147071071,
2.2335,0.0110478792,
2.23375,0.0055196648,
2.234,0.0043022712,
2.23425,0.0083103431,
2.2345,0.0028884283,
2.23475,-0.0038323151,
2.235,0.0023167026,
2.23525,0.0092628952,
2.2355,0.0077487524,
2.23575,-0.0013982544,
2.236,0.0010957116,
2.23625,0.0109317796,
2.2365,0.0119614284,
2.23675,0.0124377767,
2.237,0.0094199963,
2.23725,0.0112581206,
2.2375,0.0129784010,
2.23775,0.0045670690,
2.238,0.0034096241,
2.23825,0.0011353029,
2.2385,0.0055723828,
2.23875,-0.0013224608,
2.239,-0.0078853536,
2.23925,-0.0059789284,
2.2395,0.0005694596,
2.23975,0.0046156892,
2.24,-0.0077678114,
2.24025,-0.0038690995,
2.2405,0.0018045026,
2.24075,0.0049462221,
2.241,-0.0011082856,
2.24125,0.0003989454,
2.2415,0.0098927561,
2.24175,0.0105361184,
2.242,0.0035843779,
2.24225,0.0011969239,
2.2425,0.0101317726,
2.24275,0.0098829949,
2.243,0.0022522516,
2.24325,-0.0050890651,
2.2435,-0.0022552649,
2.24375,0.0025897678,
2.244,-0.0050816243,
2.24425,-0.0125702703,
2.2445,-0.0136820683,
2.24475,-0.0130604077,
2.245,-0.0161457788,
2.24525,-0.0197366085,
2.2455,-0.0169356130,
2.24575,-0.0083125569,
2.246,-0.0049717394,
2.24625,-0.0062662503,
2.2465,-0.0017170494,
2.24675,0.0082363244,
2.247,0.0155579876,
2.24725,0.0124597317,
2.2475,0.0073841424,
2.24775,0.0094270557,
2.248,0.0106412861,
2.24825,0.0011635870,
2.2485,-0.0055706738,
2.24875,-0.0072651161,
2.249,-0.0018340320,
2.24925,-0.0092957104,
2.2495,-0.0177270770,
2.24975,-0.0154730380,
2.25,-0.0099827675,
2.25025,-0.0127613312,
2.2505,-0.0202846341,
2.25075,-0.0178183261,
2.251,-0.0091256397,
2.25125,-0.0044264682,
2.2515,-0.0100201443,
2.25175,-0.0081943143,
2.252,0.0037908582,
2.25225,0.0051340559,
2.2525,0.0009221423,
2.25275,0.0029851987,
2.253,0.0065518594,
2.25325,0.0087961387,
2.2535,0.0050217123,
2.25375,-0.0029465079,
2.254,-0.0046165264,
2.25425,0.0021488112,
2.2545,-0.0017241027,
2.25475,-0.0106373848,
2.255,-0.0145287020,
2.25525,-0.0083450489,
2.2555,-0.0064397813,
2.25575,-0.0141680809,
2.256,-0.0134283481,
2.25625,-0.0018349423,
2.2565,0.0005291339,
2.25675,-0.0048123556,
2.257,-0.0034379237,
2.25725,0.0075450586,
2.2575,0.0084953289,
2.25775,0.0006191455,
2.258,-0.0036939818,
2.25825,0.0031153844,
2.2585,0.0053011533,
2.25875,0.0047133886,
2.259,-0.0016233921,
2.25925,-0.0006946509,
2.2595,0.0023593586,
2.25975,0.0018738525,
2.26,-0.0001090550,
2.26025,-0.0005393407,
2.2605,0.0033466211,
2.26075,0.0042025875,
2.261,-0.0030425864,
2.26125,-0.0058841873,
2.2615,0.0010593637,
2.26175,0.0028119448,
2.262,-0.0009364882,
2.26225,-0.0080338549,
2.2625,-0.0041344496,
2.26275,0.0041885693,
2.263,0.0002038924,
2.26325,-0.0057777492,
2.2635,-0.0019111619,
2.26375,0.0050820652,
2.264,0.0064163744,
2.26425,-0.0000130037,
2.2645,0.0064087943,
2.26475,0.0090440959,
2.265,0.0079786824,
2.26525,-0.0001199874,
2.2655,0.0000708571,
2.26575,0.0089597041,
2.266,0.0112981256,
2.26625,0.0068790908,
2.2665,0.0058113886,
2.26675,0.0100381300,
2.267,0.0110981930,
2.26725,0.0052004131,
2.2675,-0.0018566707,
2.26775,0.0024890499,
2.268,0.0075696921,
2.26825,-0.0021119937,
2.2685,-0.0067671859,
2.26875,-0.0045128069,
2.269,0.0030152558,
2.26925,-0.0016689508,
2.2695,-0.0047594532,
2.26975,-0.0026550270,
2.27,0.0090254452,
2.27025,0.0129582537,
2.2705,0.0130526805,
2.27075,0.0155407293,
2.271,0.0235328730,
2.27125,0.0243221223,
2.2715,0.0171405971,
2.27175,0.0100030806,
2.272,0.0101540629,
2.27225,0.0085064406,
2.2725,-0.0018843195,
2.27275,-0.0134752262,
2.273,-0.0121286688,
2.27325,-0.0071704313,
2.2735,-0.0076680793,
2.27375,-0.0137293171,
2.274,-0.0122738341,
2.27425,-0.0037223005,
2.2745,0.0013530260,
2.27475,-0.0019138498,
2.275,0.0021494962,
2.27525,0.0070264870,
2.2755,0.0069396468,
2.27575,0.0054423586,
2.276,0.0070601306,
2.27625,0.0154800946,
2.2765,0.0168782268,
2.27675,0.0055033392,
2.277,0.0031576082,
2.27725,0.0103534479,
2.2775,0.0083282618,
2.27775,-0.0002348023,
2.278,-0.0117532713,
2.27825,-0.0152444644,
2.2785,-0.0141701708,
2.27875,-0.0119602038,
2.279,-0.0181254689,
2.27925,-0.0218667686,
2.2795,-0.0152500104,
2.27975,-0.0148297455,
2.28,-0.0158258956,
2.28025,-0.0082826354,
2.2805,0.0046417485,
2.28075,0.0129193822,
2.281,0.0076338174,
2.28125,0.0091104964,
2.2815,0.0150978556,
2.28175,0.0237355717,
2.282,0.0169549342,
2.28225,0.0038891109,
2.2825,0.0018012079,
2.28275,0.0027421159,
2.283,-0.0019482670,
2.28325,-0.0122689679,
2.2835,-0.0162523836,
2.28375,-0.0157271065,
2.284,-0.0140677290,
2.28425,-0.0218819156,
2.2845,-0.0173493773,
2.28475,-0.0071349437,
2.285,-0.0071082646,
2.28525,-0.0158716068,
2.2855,-0.0121128643,
2.28575,-0.0012519729,
2.286,0.0036260565,
2.28625,0.0022277252,
2.2865,-0.0019993139,
2.28675,-0.0002363156,
2.287,0.0073325057,
2.28725,0.0032739309,
2.2875,0.0016483966,
2.28775,0.0014534487,
2.288,0.0050683497,
2.28825,0.0009191027,
2.2885,-0.0080980100,
2.28875,-0.0099779852,
2.289,-0.0021575789,
2.28925,-0.0042924816,
2.2895,-0.0161531661,
2.28975,-0.0180687606,
2.29,-0.0102964528,
2.29025,-0.0062580276,
2.2905,-0.0105149858,
2.29075,-0.0105648190,
2.291,-0.0016652053,
2.29125,0.0047362256,
2.2915,-0.0013407454,
2.29175,-0.0008373407,
2.292,0.0056761093,
2.29225,0.0063910522,
2.2925,0.0043340446,
2.29275,0.0010129843,
2.293,0.0036236525,
2.29325,0.0098727662,
2.2935,0.0037100613,
2.29375,-0.0033153077,
2.294,0.0009738177,
2.29425,0.0024653198,
2.2945,0.0024715844,
2.29475,-0.0027943351,
2.295,-0.0072614565,
2.29525,-0.0035351468,
2.2955,-0.0003178644,
2.29575,-0.0046282220,
2.296,-0.0042254785,
2.29625,0.0012104255,
2.2965,0.0014803514,
2.29675,-0.0050694672,
2.297,-0.0100056771,
2.29725,-0.0053335372,
2.2975,0.0072765704,
2.29775,0.0015205764,
2.298,-0.0033753389,
2.29825,-0.0008726913,
2.2985,0.0047865524,
2.29875,0.0059982114,
2.299,0.0001303010,
2.29925,0.0017949258,
2.2995,0.0109765967,
2.29975,0.0111358128,
2.3,0.0072535109,
2.30025,0.0035035741,
2.3005,0.0063199061,
2.30075,0.0088005364,
2.301,0.0054844497,
2.30125,0.0024254206,
2.3015,0.0062326314,
2.30175,0.0126652094,
2.302,0.0032526746,
2.30225,-0.0057061594,
2.3025,-0.0013783055,
2.30275,0.0038184449,
2.303,0.0037694671,
2.30325,-0.0018413099,
2.3035,-0.0010992318,
2.30375,0.0048662112,
2.304,0.0056291390,
2.30425,0.0062408135,
2.3045,0.0084177367,
2.30475,0.0172401387,
2.305,0.0212477371,
2.30525,0.0154569698,
2.3055,0.0122418907,
2.30575,0.0129389213,
2.306,0.0144962119,
2.30625,0.0078881057,
2.3065,-0.0026668420,
2.30675,-0.0026937970,
2.307,-0.0013749511,
2.30725,-0.0034188880,
2.3075,-0.0138732605,
2.30775,-0.0112776561,
2.308,-0.0013197534,
2.30825,-0.0021983122,
2.3085,-0.0076435050,
2.30875,-0.0056418441,
2.309,0.0066259420,
2.30925,0.0067368168,
2.3095,0.0031128055,
2.30975,0.0040697055,
2.31,0.0138719082,
2.31025,0.0169543941,
2.3105,0.0128583442,
2.31075,0.0096540544,
2.311,0.0123902615,
2.31125,0.0112113925,
2.3115,0.0060268962,
2.31175,-0.0022683514,
2.312,-0.0048767249,
2.31225,-0.0034489448,
2.3125,-0.0095345480,
2.31275,-0.0192281026,
2.313,-0.0180817414,
2.31325,-0.0149623686,
2.3135,-0.0170611423,
2.31375,-0.0221711863,
2.314,-0.0167827513,
2.31425,-0.0058377609,
2.3145,0.0006298283,
2.31475,-0.0002362811,
2.315,0.0020976323,
2.31525,0.0106454752,
2.3155,0.0149175394,
2.31575,0.0114292195,
2.316,0.0068654492,
2.31625,0.0118991546,
2.3165,0.0118843140,
2.31675,-0.0004977678,
2.317,-0.0108485073,
2.31725,-0.0112313721,
2.3175,-0.0093469601,
2.31775,-0.0151316673,
2.318,-0.0229133088,
2.31825,-0.0218473598,
2.3185,-0.0150522999,
2.31875,-0.0174742006,
2.319,-0.0207358580,
2.31925,-0.0134128686,
2.3195,-0.0062009268,
2.31975,-0.0019710725,
2.32,-0.0038788330,
2.32025,-0.0093411710,
2.3205,-0.0014222446,
2.32075,0.0059247897,
2.321,0.0048362319,
2.32125,0.0027123494,
2.3215,0.0049157832,
2.32175,0.0089566028,
2.322,0.0053419713,
2.32225,-0.0030567390,
2.3225,-0.0003772791,
2.32275,0.0026017884,
2.323,-0.0039387951,
2.32325,-0.0131103210,
2.3235,-0.0104862712,
2.32375,-0.0049232575,
2.324,-0.0045787012,
2.32425,-0.0107308496,
2.3245,-0.0119570270,
2.32475,-0.0009961302,
2.325,0.0013399852,
2.32525,0.0001269589,
2.3255,-0.0000840368,
2.32575,0.0015489798,
2.326,0.0073213084,
2.32625,0.0015539124,
2.3265,-0.0004942889,
2.32675,0.0038985801,
2.327,0.0092901252,
2.32725,0.0039176475,
2.3275,-0.0014317860,
2.32775,-0.0012452207,
2.328,0.0062093949,
2.32825,0.0059709391,
2.3285,-0.0002476865,
2.32875,-0.0047529223,
2.329,-0.0021242867,
2.32925,0.0048121628,
2.3295,-0.0031708628,
2.32975,-0.0073253219,
2.33,-0.0012751006,
2.33025,0.0003835564,
2.3305,-0.0065548560,
2.33075,-0.0094264131,
2.331,-0.0027376879,
2.33125,-0.0014877202,
2.3315,-0.0056809490,
2.33175,-0.0099005969,
2.332,-0.0007876444,
2.33225,0.0093505569,
2.3325,0.0081480909,
2.33275,0.0016382078,
2.333,0.0033212688,
2.33325,0.0097796433,
2.3335,0.0130079295,
2.33375,0.0081916815,
2.334,0.0082337474,
2.33425,0.0138021279,
2.3345,0.0113722598,
2.33475,0.0037451880,
2.335,0.0030909679,
2.33525,0.0127491960,
2.3355,0.0112605877,
2.33575,0.0033483128,
2.336,-0.0026681852,
2.33625,0.0003845530,
2.3365,0.0013860224,
2.33675,-0.0017888206,
2.337,-0.0058016730,
2.33725,-0.0059536356,
2.3375,0.0010758041,
2.33775,0.0017831612,
2.338,0.0008001493,
2.33825,0.0064587030,
2.3385,0.0143766142,
2.33875,0.0177661758,
2.339,0.0131138004,
2.33925,0.0126702758,
2.3395,0.0206032991,
2.33975,0.0231365114,
2.34,0.0116991289,
2.34025,0.0057206517,
2.3405,0.0072167679,
2.34075,0.0055373996,
2.341,-0.0009219373,
2.34125,-0.0082838675,
2.3415,-0.0044509033,
2.34175,-0.0031674304,
2.342,-0.0092814676,
2.34225,-0.0137829594,
2.3425,-0.0098380120,
2.34275,-0.0023813117,
2.343,-0.0002765557,
2.34325,-0.0053261942,
2.3435,0.0007474143,
2.34375,0.0105101978,
2.344,0.0132808760,
2.34425,0.0073992806,
2.3445,0.0079066874,
2.34475,0.0100120064,
2.345,0.0123874051,
2.34525,0.0084221242,
2.3455,0.0027384800,
2.34575,0.0019660175,
2.346,0.0023245395,
2.34625,-0.0030669346,
2.3465,-0.0115774199,
2.34675,-0.0092252493,
2.347,-0.0055046752,
2.34725,-0.0112708975,
2.3475,-0.0217909962,
2.34775,-0.0220868643,
2.348,-0.0143102100,
2.34825,-0.0091995904,
2.3485,-0.0105403820,
2.34875,-0.0098146070,
2.349,0.0013208280,
2.34925,0.0094798673,
2.3495,0.0059526814,
2.34975,0.0065657794,
2.35,0.0105846124,
2.35025,0.0148302540,
2.3505,0.0059226928,
2.35075,-0.0000313539,
2.351,0.0048274701,
2.35125,0.0047453176,
2.3515,-0.0056940289,
2.35175,-0.0145824356,
2.352,-0.0124319457,
2.35225,-0.0097996481,
2.3525,-0.0145517653,
2.35275,-0.0182186086,
2.353,-0.0181085449,
2.35325,-0.0102991192,
2.3535,-0.0057466044,
2.35375,-0.0065770089,
2.354,-0.0092789410,
2.35425,-0.0025408806,
2.3545,-0.0004330171,
2.35475,-0.0025553596,
2.355,-0.0048124418,
2.35525,0.0028095394,
2.3555,0.0078999782,
2.35575,0.0032543063,
2.356,-0.0031355987,
2.35625,0.0044864407,
2.3565,0.0097502498,
2.35675,0.0066489810,
2.357,-0.0009576769,
2.35725,-0.0002288783,
2.3575,0.0051170918,
2.35775,-0.0012894039,
2.358,-0.0087420139,
2.35825,-0.0062551601,
2.3585,-0.0053309929,
2.35875,-0.0050069112,
2.359,-0.0077848751,
2.35925,-0.0067377919,
2.3595,-0.0003850696,
2.35975,0.0041123675,
2.36,-0.0024585123,
2.36025,-0.0040889122,
2.3605,0.0034438982,
2.36075,0.0029509326,
2.361,0.0023865395,
2.36125,-0.0041277455,
2.3615,0.0004586307,
2.36175,0.0057407739,
2.362,0.0038702146,
2.36225,-0.0035835893,
2.3625,-0.0024091287,
2.36275,0.0044973050,
2.363,0.0032457467,
2.36325,-0.0008790580,
2.3635,-0.0011400710,
2.36375,0.0016891317,
2.364,0.0031928846,
2.36425,-0.0075671198,
2.3645,-0.0079217199,
2.36475,-0.0051258276,
2.365,-0.0039078291,
2.36525,-0.0072674477,
2.3655,-0.0141705126,
2.36575,-0.0072172331,
2.366,-0.0004555096,
2.36625,-0.0009686976,
2.3665,-0.0041635842,
2.36675,0.0013079357,
2.367,0.0104624033,
2.36725,0.0110724298,
2.3675,0.0085697230,
2.36775,0.0099351890,
2.368,0.0213772468,
2.36825,0.0215511546,
2.3685,0.0125292931,
2.36875,0.0131194256,
2.369,0.0146635082,
2.36925,0.0142783588,
2.3695,0.0054894057,
2.36975,-0.0017684989,
2.37,0.0005356128,
2.37025,0.0046316423,
2.3705,-0.0002435548,
2.37075,-0.0057514566,
2.371,-0.0081060063,
2.37125,-0.0017838911,
2.3715,-0.0037912950,
2.37175,-0.0072345580,
2.372,-0.0026141685,
2.37225,0.0065477220,
2.3725,0.0076868734,
2.37275,0.0036766827,
2.373,0.0077147037,
2.37325,0.0185818635,
2.3735,0.0240630433,
2.37375,0.0187307280,
2.374,0.0095241601,
2.37425,0.0120195858,
2.3745,0.0147763724,
2.37475,0.0070453389,
2.375,-0.0005679072,
2.37525,0.0003314290,
2.3755,0.0034172488,
2.37575,-0.0043572970,
2.376,-0.0117950719,
2.37625,-0.0087432954,
2.3765,-0.0035502706,
2.37675,-0.0071404711,
2.377,-0.0103110000,
2.37725,-0.0021064249,
2.3775,0.0067689586,
2.37775,0.0050401678,
2.378,0.0007001036,
2.37825,0.0021318526,
2.3785,0.0087461676,
2.37875,0.0139817428,
2.379,0.0101874629,
2.37925,0.0033341825,
2.3795,0.0044239387,
2.37975,0.0062666405,
2.38,0.0030230978,
2.38025,0.0003769494,
2.3805,0.0017477684,
2.38075,0.0022492453,
2.381,-0.0059728161,
2.38125,-0.0132029606,
2.3815,-0.0139177069,
2.38175,-0.0063102362,
2.382,-0.0073204977,
2.38225,-0.0163688622,
2.3825,-0.0150938723,
2.38275,-0.0054680407,
2.383,-0.0014011761,
2.38325,-0.0056075961,
2.3835,-0.0071122362,
2.38375,0.0025909240,
2.384,0.0068414081,
2.38425,0.0048277969,
2.3845,0.0012793078,
2.38475,0.0067999610,
2.385,0.0060186824,
2.38525,-0.0077521969,
2.3855,-0.0080749728,
2.38575,-0.0022673749,
2.386,-0.0011300341,
2.38625,-0.0055553582,
2.3865,-0.0155490227,
2.38675,-0.0152893318,
2.387,-0.0070617166,
2.38725,-0.0044773836,
2.3875,-0.0065043238,
2.38775,-0.0093854293,
2.388,-0.0052561820,
2.38825,-0.0030580095,
2.3885,-0.0072605680,
2.38875,-0.0131317340,
2.389,-0.0017303175,
2.38925,0.0036541815,
2.3895,-0.0057550198,
2.38975,-0.0075396346,
2.39,-0.0020908420,
2.39025,0.0028046411,
2.3905,0.0029053215,
2.39075,-0.0059004072,
2.391,0.0010406040,
2.39125,0.0080446834,
2.3915,0.0036848171,
2.39175,-0.0010246760,
2.392,-0.0007090276,
2.39225,-0.0005857042,
2.3925,0.0021625988,
2.39275,-0.0045236554,
2.393,-0.0086324532,
2.39325,-0.0056487299,
2.3935,-0.0021545412,
2.39375,-0.0114894044,
2.394,-0.0135236839,
2.39425,-0.0069164643,
2.3945,-0.0009336558,
2.39475,-0.0008252473,
2.395,-0.0058082063,
2.39525,-0.0067186868,
2.3955,0.0011945275,
2.39575,-0.0002769307,
2.396,-0.0031727089,
2.39625,-0.0014935413,
2.3965,0.0068617435,
2.39675,0.0078234486,
2.397,-0.0002937970,
2.39725,0.0018994039,
2.3975,0.0087490920,
2.39775,0.0089876493,
2.398,-0.0008536158,
2.39825,-0.0078927744,
2.3985,-0.0013452217,
2.39875,-0.0010707502,
2.399,-0.0067155273,
2.39925,-0.0129099144,
2.3995,-0.0080941804,
2.39975,-0.0028306211,
2.4,-0.0063822987,
2.40025,-0.0092907492,
2.4005,-0.0036598886,
2.40075,0.0065877931,
2.401,0.0046498287,
2.40125,0.0013797223,
2.4015,0.0060761096,
2.40175,0.0194565691,
2.402,0.0174572635,
2.40225,0.0111120082,
2.4025,0.0125183677,
2.40275,0.0184336100,
2.403,0.0138649577,
2.40325,0.0081732860,
2.4035,0.0040966687,
2.40375,0.0040925224,
2.404,0.0046279225,
2.40425,0.0024887403,
2.4045,-0.0026035213,
2.40475,0.0016154464,
2.405,0.0000976184,
2.40525,-0.0023415387,
2.4055,-0.0069212560,
2.40575,-0.0062585133,
2.406,0.0041640112,
2.40625,0.0082310326,
2.4065,0.0004409256,
2.40675,0.0036474140,
2.407,0.0118980184,
2.40725,0.0176391155,
2.4075,0.0093652802,
2.40775,0.0120004499,
2.408,0.0186807364,
2.40825,0.0181136094,
2.4085,0.0083408747,
2.40875,0.0009940115,
2.409,0.0050555533,
2.40925,0.0069048121,
2.4095,0.0015575300,
2.40975,-0.0041221278,
2.41,-0.0043963832,
2.41025,-0.0008501520,
2.4105,-0.0048185517,
2.41075,-0.0096868360,
2.411,-0.0046806275,
2.41125,0.0017447462,
2.4115,0.0043011056,
2.41175,0.0020837344,
2.412,-0.0023994567,
2.41225,0.0037523683,
2.4125,0.0059742252,
2.41275,0.0027627880,
2.413,0.0009672164,
2.41325,0.0040459414,
2.4135,0.0095118927,
2.41375,0.0041373158,
2.414,-0.0048413808,
2.41425,-0.0005534859,
2.4145,0.0046706880,
2.41475,0.0010922855,
2.415,-0.0041210456,
2.41525,-0.0064834883,
2.4155,-0.0017762082,
2.41575,-0.0057200063,
2.416,-0.0127453264,
2.41625,-0.0126622301,
2.4165,-0.0033353721,
2.41675,-0.0015680898,
2.417,-0.0106386459,
2.41725,-0.0136186751,
2.4175,-0.0062074927,
2.41775,0.0011160503,
2.418,-0.0029284027,
2.41825,-0.0056462572,
2.4185,0.0042640110,
2.41875,0.0082757371,
2.419,0.0007121671,
2.41925,-0.0064786617,
2.4195,-0.0042078500,
2.41975,0.0000757736,
2.42,-0.0043377778,
2.42025,-0.0103443973,
2.4205,-0.0114615681,
2.42075,-0.0038131136,
2.421,-0.0055545643,
2.42125,-0.0116675943,
2.4215,-0.0090542138,
2.42175,-0.0020522312,
2.422,0.0009289640,
2.42225,-0.0056669237,
2.4225,-0.0073469365,
2.42275,-0.0053756805,
2.423,-0.0054193735,
2.42325,-0.0097201699,
2.4235,-0.0130635705,
2.42375,-0.0037573904,
2.424,0.0006077602,
2.42425,-0.0011940075,
2.4245,-0.0061737457,
2.42475,-0.0009813705,
2.425,0.0060059498,
2.42525,0.0065047899,
2.4255,0.0016478081,
2.42575,0.0040244269,
2.426,0.0080898236,
2.42625,0.0025092133,
2.4265,-0.0048346547,
2.42675,-0.0053608753,
2.427,-0.0031291894,
2.42725,-0.0044795973,
2.4275,-0.0132258842,
2.42775,-0.0151463365,
2.428,-0.0078357365,
2.42825,-0.0038164947,
2.4285,-0.0059689167,
2.42875,-0.0115531543,
2.429,-0.0092620151,
2.42925,0.0019357109,
2.4295,0.0015110605,
2.42975,-0.0034599071,
2.43,-0.0020949207,
2.43025,0.0042329850,
2.4305,0.0046531213,
2.43075,0.0018888090,
2.431,0.0035462135,
2.43125,0.0109382905,
2.4315,0.0101441136,
2.43175,0.0036918647,
2.432,0.0020931489,
2.43225,0.0098053375,
2.4325,0.0108433384,
2.43275,0.0007698478,
2.433,-0.0072965026,
2.43325,-0.0015776225,
2.4335,-0.0016427448,
2.43375,-0.0037188816,
2.434,-0.0103443963,
2.43425,-0.0112353172,
2.4345,-0.0041055810,
2.43475,-0.0028917447,
2.435,-0.0040497240,
2.43525,0.0071907667,
2.4355,0.0184944272,
2.43575,0.0178519562,
2.436,0.0147829261,
2.43625,0.0129007353,
2.4365,0.0211604349,
2.43675,0.0250744224,
2.437,0.0132102240,
2.43725,0.0063194027,
2.4375,0.0081923492,
2.43775,0.0098577896,
2.438,0.0038439808,
2.43825,-0.0036878884,
2.4385,-0.0034267050,
2.43875,0.0011014525,
2.439,-0.0032700724,
2.43925,-0.0103003327,
2.4395,-0.0056526251,
2.43975,-0.0016041823,
2.44,0.0007724441,
2.44025,-0.0045763743,
2.4405,-0.0019989712,
2.44075,0.0068005971,
2.441,0.0112982104,
2.44125,0.0083099967,
2.4415,0.0089587336,
2.44175,0.0127752852,
2.442,0.0172393564,
2.44225,0.0106677702,
2.4425,0.0070891166,
2.44275,0.0120351929,
2.443,0.0118062375,
2.44325,0.0028364076,
2.4435,-0.0047269827,
2.44375,0.0028717143,
2.444,0.0032227256,
2.44425,-0.0040447712,
2.4445,-0.0102188895,
2.44475,-0.0088949893,
2.445,-0.0046528480,
2.44525,0.0002166650,
2.4455,-0.0020706244,
2.44575,-0.0033300021,
2.446,0.0045591136,
2.44625,0.0077312533,
2.4465,0.0015172573,
2.44675,0.0041951290,
2.447,0.0046043610,
2.44725,0.0105161015,
2.4475,0.0020758859,
2.44775,-0.0062741940,
2.448,0.0019326293,
2.44825,0.0076465365,
2.4485,0.0014175884,
2.44875,-0.0062675211,
2.449,-0.0065090996,
2.44925,-0.0014618782,
2.4495,-0.0015650213,
2.44975,-0.0074419705,
2.45,-0.0058989828,
2.45025,0.0000425812,
2.4505,-0.0039853966,
2.45075,-0.0065860162,
2.451,-0.0079996157,
2.45125,-0.0030606918,
2.4515,-0.0009531507,
2.45175,-0.0117005166,
2.452,-0.0111732539,
2.45225,-0.0008470634,
2.4525,-0.0008521789,
2.45275,-0.0067435885,
2.453,-0.0116730947,
2.45325,-0.0090614045,
2.4535,-0.0041958336,
2.45375,-0.0037772267,
2.454,-0.0125130443,
2.45425,-0.0102233309,
2.4545,-0.0039425604,
2.45475,-0.0045254515,
2.455,-0.0068285963,
2.45525,-0.0082058217,
2.4555,0.0011438051,
2.45575,0.0047417870,
2.456,-0.0069240127,
2.45625,-0.0065451418,
2.4565,-0.0005731697,
2.45675,0.0023391456,
2.457,-0.0054864143,
2.45725,-0.0109203169,
2.4575,-0.0064184880,
2.45775,-0.0020079473,
2.458,-0.0052605197,
2.45825,-0.0082174791,
2.4585,-0.0029410822,
2.45875,0.0025427239,
2.459,0.0035241127,
2.45925,0.0006758512,
2.4595,0.0029733372,
2.45975,0.0076684998,
2.46,0.0070212847,
2.46025,-0.0010956662,
2.4605,-0.0032373429,
2.46075,0.0033050543,
2.461,0.0027764658,
2.46125,-0.0034487855,
2.4615,-0.0106878569,
2.46175,-0.0095410105,
2.462,-0.0067863148,
2.46225,-0.0076541351,
2.4625,-0.0091473563,
2.46275,-0.0056734402,
2.463,0.0012951428,
2.46325,-0.0009119478,
2.4635,-0.0092403349,
2.46375,-0.0037295043,
2.464,0.0055647404,
2.46425,0.0062125623,
2.4645,0.0012309699,
2.46475,0.0008931378,
2.465,0.0074632955,
2.46525,0.0095527442,
2.4655,0.0023720486,
2.46575,0.0019410242,
2.466,0.0112263383,
2.46625,0.0100788744,
2.4665,0.0031360625,
2.46675,-0.0018712447,
2.467,0.0006499932,
2.46725,0.0012994925,
2.4675,-0.0069979555,
2.46775,-0.0133826118,
2.468,-0.0061360663,
2.46825,-0.0009995538,
2.4685,-0.0066308910,
2.46875,-0.0115518169,
2.469,-0.0024475432,
2.46925,0.0076537794,
2.4695,0.0087716701,
2.46975,0.0050165718,
2.47,0.0096431645,
2.47025,0.0158825628,
2.4705,0.0154255880,
2.47075,0.0114973504,
2.471,0.0084777633,
2.47125,0.0130599700,
2.4715,0.0092139738,
2.47175,0.0029854630,
2.472,-0.0003616972,
2.47225,0.0036163684,
2.4725,0.0057748882,
2.47275,0.0008184364,
2.473,-0.0032900099,
2.47325,-0.0038564107,
2.4735,0.0047511351,
2.47375,0.0050955550,
2.474,-0.0036288649,
2.47425,0.0028008600,
2.4745,0.0121285450,
2.47475,0.0130056161,
2.475,0.0043071932,
2.47525,0.0044953027,
2.4755,0.0107224733,
2.47575,0.0133734997,
2.476,0.0087660067,
2.47625,0.0056257793,
2.4765,0.0116834464,
2.47675,0.0134434514,
2.477,0.0024155001,
2.47725,0.0004800066,
2.4775,0.0050938390,
2.47775,0.0066045863,
2.478,0.0039871708,
2.47825,0.0002122030,
2.4785,-0.0025110983,
2.47875,0.0058630086,
2.479,0.0046271593,
2.47925,0.0006680031,
2.4795,0.0022240335,
2.47975,0.0053368211,
2.48,0.0099640377,
2.48025,0.0016914445,
2.4805,-0.0019282696,
2.48075,0.0018683334,
2.481,0.0025354300,
2.48125,-0.0057509467,
2.4815,-0.0097704791,
2.48175,-0.0036806515,
2.482,-0.0015354484,
2.48225,-0.0052208430,
2.4825,-0.0120868720,
2.48275,-0.0064774374,
2.483,0.0050010132,
2.48325,-0.0014109641,
2.4835,-0.0033633339,
2.48375,-0.0027959086,
2.484,0.0046149450,
2.48425,0.0035465877,
2.4845,-0.0052504707,
2.48475,-0.0036850339,
2.485,0.0022983064,
2.48525,0.0008063784,
2.4855,-0.0108723706,
2.48575,-0.0121670254,
2.486,-0.0071453326,
2.48625,-0.0055438788,
2.4865,-0.0092367036,
2.48675,-0.0119754942,
2.487,-0.0066517014,
2.48725,0.0007226774,
2.4875,-0.0026746783,
2.48775,-0.0081305848,
2.488,-0.0053444877,
2.48825,-0.0030391649,
2.4885,-0.0048236819,
2.48875,-0.0072100461,
2.489,-0.0061482154,
2.48925,0.0030107722,
2.4895,0.0000591269,
2.48975,-0.0065651415,
2.49,-0.0035836534,
2.49025,0.0014116478,
2.4905,0.0015036820,
2.49075,-0.0069783907,
2.491,-0.0093214447,
2.49125,-0.0056308554,
2.4915,-0.0059745903,
2.49175,-0.0118304743,
2.492,-0.0142616276,
2.49225,-0.0077779153,
2.4925,-0.0068233884,
2.49275,-0.0075158472,
2.493,-0.0094005866,
2.49325,-0.0009472779,
2.4935,0.0074831978,
2.49375,0.0033296018,
2.494,0.0004828943,
2.49425,0.0050574094,
2.4945,0.0095337629,
2.49475,0.0069129504,
2.495,0.0009086793,
2.49525,-0.0093369270,
2.4955,-0.0071916175,
2.49575,-0.0023420630,
2.496,-0.0076049943,
2.49625,-0.0103628533,
2.4965,-0.0103039192,
2.49675,-0.0047696144,
2.497,-0.0093400553,
2.49725,-0.0092944484,
2.4975,-0.0015240082,
2.49775,0.0055876449,
2.498,-0.0020337659,
2.49825,-0.0084318090,
2.4985,0.0005699628,
2.49875,0.0088525759,
2.499,0.0107451603,
2.49925,0.0057047168,
2.4995,0.0030016061,
2.49975,0.0083610471,
2.5,0.0092394091,
2.50025,0.0063086357,
2.5005,0.0033462401,
2.50075,0.0050118631,
2.501,0.0038539879,
2.50125,-0.0020638122,
2.5015,-0.0087194890,
2.50175,-0.0028550613,
2.502,-0.0006150003,
2.50225,-0.0066187596,
2.5025,-0.0160015151,
2.50275,-0.0077806702,
2.503,0.0024146533,
2.50325,0.0027720705,
2.5035,0.0013485563,
2.50375,-0.0008512202,
2.504,0.0088969721,
2.50425,0.0131802801,
2.5045,0.0102146752,
2.50475,0.0130744018,
2.505,0.0140092857,
2.50525,0.0133249247,
2.5055,0.0048224390,
2.50575,0.0030336571,
2.506,0.0090172030,
2.50625,0.0100748325,
2.5065,0.0035645957,
2.50675,-0.0043319296,
2.507,-0.0005853013,
2.50725,0.0049688225,
2.5075,0.0033274943,
2.50775,-0.0026565515,
2.508,0.0054501737,
2.50825,0.0126813482,
2.5085,0.0129137672,
2.50875,0.0055126389,
2.509,0.0059742620,
2.50925,0.0108962022,
2.5095,0.0093200505,
2.50975,0.0009123974,
2.51,0.0051880600,
2.51025,0.0141838416,
2.5105,0.0112427603,
2.51075,0.0033422769,
2.511,0.0030452663,
2.51125,0.0051891827,
2.5115,0.0079529928,
2.51175,0.0063529280,
2.512,0.0035665836,
2.51225,0.0031192773,
2.5125,0.0057303756,
2.51275,0.0039963834,
2.513,0.0020070539,
2.51325,0.0032488974,
2.5135,0.0079972753,
2.51375,0.0101297395,
2.514,0.0016160700,
2.51425,-0.0004669647,
2.5145,0.0063226051,
2.51475,0.0036992130,
2.515,-0.0044700927,
2.51525,-0.0064674318,
2.5155,-0.0025938426,
2.51575,-0.0008522334,
2.516,-0.0083734877,
2.51625,-0.0107203070,
2.5165,-0.0062363944,
2.51675,-0.0020649370,
2.517,-0.0095386142,
2.51725,-0.0114737740,
2.5175,-0.0031575083,
2.51775,0.0034710621,
2.518,0.0050343522,
2.51825,-0.0028926253,
2.5185,-0.0002119783,
2.51875,0.0083299996,
2.519,0.0034532296,
2.51925,-0.0053421147,
2.5195,-0.0080279801,
2.51975,-0.0047840793,
2.52,-0.0057460824,
2.52025,-0.0100166444,
2.5205,-0.0179887228,
2.52075,-0.0125259990,
2.521,-0.0041070245,
2.52125,-0.0113491490,
2.5215,-0.0128741432,
2.52175,-0.0078711463,
2.522,-0.0031113834,
2.52225,-0.0000223567,
2.5225,-0.0059673367,
2.52275,-0.0011499540,
2.523,0.0047529433,
2.52325,0.0040855529,
2.5235,-0.0049395952,
2.52375,-0.0022703256,
2.524,0.0043396857,
2.52425,0.0040475703,
2.5245,-0.0032501444,
2.52475,-0.0061779823,
2.525,-0.0029397896,
2.52525,-0.0014969974,
2.5255,-0.0114845252,
2.52575,-0.0146801127,
2.526,-0.0112799555,
2.52625,-0.0073519484,
2.5265,-0.0116680888,
2.52675,-0.0138489939,
2.527,-0.0062698303,
2.52725,-0.0010904784,
2.5275,-0.0012521371,
2.52775,-0.0026867418,
2.528,0.0020506377,
2.52825,0.0113302227,
2.5285,0.0082275597,
2.52875,0.0029604849,
2.529,-0.0016916702,
2.52925,0.0020516573,
2.5295,0.0025155093,
2.52975,-0.0052254014,
2.53,-0.0106645450,
2.53025,-0.0123535981,
2.5305,-0.0062637767,
2.53075,-0.0113289487,
2.531,-0.0139337862,
2.53125,-0.0073181977,
2.5315,-0.0034200554,
2.53175,-0.0061091613,
2.532,-0.0100860782,
2.53225,-0.0030744171,
2.5325,0.0107616726,
2.53275,0.0082936781,
2.533,0.0022170735,
2.53325,0.0063905455,
2.5335,0.0125115141,
2.53375,0.0112224882,
2.534,0.0049080430,
2.53425,0.0053438693,
2.5345,0.0114236977,
2.53475,0.0091218092,
2.535,0.0019573318,
2.53525,-0.0036357353,
2.5355,0.0005854880,
2.53575,0.0001404521,
2.536,-0.0093212854,
2.53625,-0.0107703321,
2.5365,-0.0048076366,
2.53675,0.0019675703,
2.537,0.0010134542,
2.53725,-0.0064944359,
2.5375,-0.0014515766,
2.53775,0.0113124810,
2.538,0.0091317585,
2.53825,0.0062686321,
2.5385,0.0093871802,
2.53875,0.0113183493,
2.539,0.0094153369,
2.53925,0.0011403007,
2.5395,0.0019556023,
2.53975,0.0067672404,
2.54,0.0123782549,
2.54025,0.0024313717,
2.5405,-0.0008150641,
2.54075,0.0015134534,
2.541,0.0074945865,
2.54125,0.0093449941,
2.5415,0.0017428555,
2.54175,0.0057244264,
2.542,0.0113690943,
2.54225,0.0113434196,
2.5425,0.0057307351,
2.54275,0.0061440379,
2.543,0.0134722460,
2.54325,0.0091323471,
2.5435,0.0022704140,
2.54375,0.0026790863,
2.544,0.0072848564,
2.54425,0.0045235110,
2.5445,-0.0007211765,
2.54475,-0.0038835793,
2.545,0.0036416957,
2.54525,0.0072981422,
2.5455,0.0047882823,
2.54575,-0.0009691389,
2.546,-0.0018144932,
2.54625,0.0047599762,
2.5465,0.0070739975,
2.54675,0.0028110764,
2.547,0.0063411323,
2.54725,0.0105655622,
2.5475,0.0077102049,
2.54775,-0.0012577218,
2.548,-0.0000382361,
2.54825,0.0063563129,
2.5485,0.0109207388,
2.54875,0.0012945205,
2.549,-0.0074439980,
2.54925,-0.0010023708,
2.5495,0.0007995817,
2.54975,-0.0091822101,
2.55,-0.0109706167,
2.55025,-0.0072780177,
2.5505,-0.0030862528,
2.55075,-0.0041978951,
2.551,-0.0123434011,
2.55125,-0.0057831267,
2.5515,0.0030012105,
2.55175,-0.0004220568,
2.552,-0.0020445026,
2.55225,0.0072769355,
2.5525,0.0125227943,
2.55275,0.0103197265,
2.553,0.0014059584,
2.55325,-0.0051879296,
2.5535,-0.0002749058,
2.55375,-0.0010518018,
2.554,-0.0097651575,
2.55425,-0.0132178236,
2.5545,-0.0121468063,
2.55475,-0.0098040290,
2.555,-0.0134752914,
2.55525,-0.0159254894,
2.5555,-0.0092610754,
2.55575,-0.0006969581,
2.556,-0.0092681935,
2.55625,-0.0122092590,
2.5565,-0.0067520021,
2.55675,0.0028325163,
2.557,0.0034324061,
2.55725,-0.0042349398,
2.5575,-0.0013228819,
2.55775,0.0054745888,
2.558,0.0048592994,
2.55825,-0.0039806161,
2.5585,-0.0030133380,
2.55875,-0.0007276487,
2.559,-0.0019256347,
2.55925,-0.0058478904,
2.5595,-0.0109592034,
2.55975,-0.0056761294,
2.56,-0.0067267357,
2.56025,-0.0180555861,
2.5605,-0.0210769828,
2.56075,-0.0129667073,
2.561,-0.0057627289,
2.56125,-0.0043600639,
2.5615,-0.0053717969,
2.56175,-0.0057569258,
2.562,0.0041788309,
2.56225,0.0100238957,
2.5625,0.0078157857,
2.56275,0.0089727724,
2.563,0.0097829765,
2.56325,0.0073593147,
2.5635,-0.0032005683,
2.56375,-0.0055004009,
2.564,-0.0013725868,
2.56425,-0.0007929676,
2.5645,-0.0124394763,
2.56475,-0.0198655315,
2.565,-0.0122390930,
2.56525,-0.0034709321,
2.5655,-0.0072706249,
2.56575,-0.0101312418,
2.566,-0.0068816361,
2.56625,0.0028789653,
2.5665,0.0028028367,
2.56675,0.0006563676,
2.567,0.0011180004,
2.56725,0.0059100650,
2.5675,0.0048965923,
2.56775,0.0028810226,
2.568,0.0022176853,
2.56825,0.0069316393,
2.5685,0.0088333236,
2.56875,0.0000102634,
2.569,-0.0069447998,
2.56925,0.0032186229,
2.5695,0.0064214291,
2.56975,0.0009674145,
2.57,-0.0078516807,
2.57025,-0.0082869530,
2.5705,0.0001135565,
2.57075,-0.0037231408,
2.571,-0.0045336485,
2.57125,0.0011187232,
2.5715,0.0065097678,
2.57175,0.0059645767,
2.572,0.0035697916,
2.57225,0.0029451821,
2.5725,0.0124294115,
2.57275,0.0115815913,
2.573,0.0054827034,
2.57325,0.0007364055,
2.5735,0.0070895818,
2.57375,0.0110219624,
2.574,0.0038026969,
2.57425,-0.0062900884,
2.5745,0.0005583474,
2.57475,0.0053278492,
2.575,0.0021365541,
2.57525,-0.0056819874,
2.5755,0.0058901124,
2.57575,0.0109469378,
2.576,0.0117922463,
2.57625,0.0058058342,
2.5765,0.0140331173,
2.57675,0.0186671391,
2.577,0.0135837309,
2.57725,0.0070680887,
2.5775,0.0091605699,
2.57775,0.0100457212,
2.578,0.0078900959,
2.57825,0.0015177064,
2.5785,0.0002489761,
2.57875,0.0014117621,
2.579,0.0017524583,
2.57925,-0.0011930520,
2.5795,-0.0067548240,
2.57975,-0.0035358504,
2.58,0.0031209502,
2.58025,-0.0001495016,
2.5805,-0.0029608738,
2.58075,0.0012069634,
2.581,0.0074350601,
2.58125,0.0107305199,
2.5815,0.0024842154,
2.58175,0.0045923558,
2.582,0.0128942458,
2.58225,0.0096527562,
2.5825,-0.0004690274,
2.58275,-0.0020029158,
2.583,0.0074093761,
2.58325,0.0030466157,
2.5835,-0.0043677995,
2.58375,-0.0097329961,
2.584,-0.0054131052,
2.58425,-0.0021967941,
2.5845,-0.0084071774,
2.58475,-0.0106751593,
2.585,-0.0089475354,
2.58525,-0.0016141119,
2.5855,0.0022279434,
2.58575,-0.0019891290,
2.586,0.0024574720,
2.58625,0.0107316012,
2.5865,0.0127110435,
2.58675,0.0058692857,
2.587,0.0035792617,
2.58725,0.0100945383,
2.5875,0.0093561010,
2.58775,-0.0019933425,
2.588,-0.0080518536,
2.58825,-0.0081935609,
2.5885,-0.0079671489,
2.58875,-0.0157634504,
2.589,-0.0213253591,
2.58925,-0.0130758518,
2.5895,-0.0084625427,
2.58975,-0.0109973252,
2.59,-0.0107923951,
2.59025,-0.0048884293,
2.5905,0.0035621831,
2.59075,0.0052708331,
2.591,-0.0023293342,
2.59125,0.0010641832,
2.5915,0.0076899333,
2.59175,0.0057791783,
2.592,0.0004187760,
2.59225,-0.0033257455,
2.5925,0.0016930285,
2.59275,0.0023881537,
2.593,-0.0068981685,
2.59325,-0.0142698716,
2.5935,-0.0081614507,
2.59375,-0.0058153202,
2.594,-0.0172907561,
2.59425,-0.0188272279,
2.5945,-0.0133147659,
2.59475,-0.0068697333,
2.595,-0.0054312460,
2.59525,-0.0094493348,
2.5955,-0.0066483603,
2.59575,0.0008573066,
2.596,0.0022768164,
2.59625,0.0009938377,
2.5965,0.0034494095,
2.59675,0.0065477258,
2.597,0.0071594622,
2.59725,0.0023743932,
2.5975,-0.0003170668,
2.59775,0.0045005665,
2.598,0.0033531666,
2.59825,-0.0070219445,
2.5985,-0.0121770632,
2.59875,-0.0078674695,
2.599,-0.0015800842,
2.59925,-0.0056497967,
2.5995,-0.0121850250,
2.59975,-0.0074721491,
2.6,0.0010525223,
2.60025,-0.0004398569,
2.6005,-0.0021683692,
2.60075,0.0024287910,
2.601,0.0054836874,
2.60125,0.0030326329,
2.6015,-0.0030790893,
2.60175,0.0007446792,
2.602,0.0070171636,
2.60225,0.0034467927,
2.6025,-0.0032874991,
2.60275,-0.0076434272,
2.603,0.0017243774,
2.60325,0.0027222882,
2.6035,-0.0015824665,
2.60375,-0.0080292616,
2.604,-0.0079855528,
2.60425,0.0030419645,
2.6045,-0.0020520166,
2.60475,-0.0070557566,
2.605,-0.0004509360,
2.60525,0.0035693890,
2.6055,0.0064100688,
2.60575,-0.0005330017,
2.606,0.0052333102,
2.60625,0.0088234311,
2.6065,0.0120154954,
2.60675,0.0016520484,
2.607,-0.0001400224,
2.60725,0.0050914981,
2.6075,0.0050561624,
2.60775,0.0007073887,
2.608,-0.0030264400,
2.60825,0.0032904926,
2.6085,0.0086227050,
2.60875,0.0046505677,
2.609,0.0010961138,
2.60925,0.0062214308,
2.6095,0.0163525455,
2.60975,0.0115641970,
2.61,0.0087512601,
2.61025,0.0153261339,
2.6105,0.0218394194,
2.61075,0.0193915162,
2.611,0.0092941625,
2.61125,0.0083910171,
2.6115,0.0111400336,
2.61175,0.0092590163,
2.612,0.0037967213,
2.61225,-0.0029875939,
2.6125,-0.0007060443,
2.61275,0.0004398623,
2.613,-0.0040836334,
2.61325,-0.0082411095,
2.6135,-0.0029647003,
2.61375,0.0046934104,
2.614,0.0016922260,
2.61425,-0.0037941760,
2.6145,0.0007345314,
2.61475,0.0102304444,
2.615,0.0139158685,
2.61525,0.0069546690,
2.6155,0.0078721102,
2.61575,0.0142929666,
2.616,0.0144917192,
2.61625,0.0073021958,
2.6165,0.0039381017,
2.61675,0.0076537924,
2.617,0.0048281774,
2.61725,-0.0033386559,
2.6175,-0.0081524588,
2.61775,-0.0026259932,
2.618,-0.0041269041,
2.61825,-0.0128988568,
2.6185,-0.0165145732,
2.61875,-0.0042090234,
2.619,0.0004714213,
2.61925,-0.0016042006,
2.6195,-0.0048608994,
2.61975,-0.0004108976,
2.62,0.0077134063,
2.62025,0.0105543770,
2.6205,0.0058522224,
2.62075,0.0068127876,
2.621,0.0119833183,
2.62125,0.0067572161,
2.6215,-0.0014459214,
2.62175,-0.0059130313,
2.622,-0.0018705523,
2.62225,-0.0022828253,
2.6225,-0.0129852490,
2.62275,-0.0185745228,
2.623,-0.0145852463,
2.62325,-0.0110277962,
2.6235,-0.0151502201,
2.62375,-0.0184334274,
2.624,-0.0096308710,
2.62425,-0.0018751246,
2.6245,-0.0020735932,
2.62475,-0.0051634163,
2.625,0.0018109863,
2.62525,0.0063113407,
2.6255,0.0034483657,
2.62575,-0.0017434011,
2.626,-0.0021379432,
2.62625,0.0037727663,
2.6265,-0.0005455951,
2.62675,-0.0093771555,
2.627,-0.0075215669,
2.62725,-0.0065328460,
2.6275,-0.0064926730,
2.62775,-0.0112338383,
2.628,-0.0133975409,
2.62825,-0.0097976113,
2.6285,-0.0072589200,
2.62875,-0.0088919085,
2.629,-0.0150832199,
2.62925,-0.0095800338,
2.6295,-0.0030316783,
2.62975,-0.0033756346,
2.63,-0.0068200128,
2.63025,-0.0075262091,
2.6305,0.0064265411,
2.63075,0.0099680377,
2.631,0.0012396813,
2.63125,0.0013069179,
2.6315,0.0050705387,
2.63175,0.0058483062,
2.632,-0.0005634616,
2.63225,-0.0037755494,
2.6325,0.0024616001,
2.63275,0.0003412838,
2.633,-0.0057556042,
2.63325,-0.0090476023,
2.6335,-0.0017844980,
2.63375,-0.0022943483,
2.634,-0.0039432747,
2.63425,-0.0086410455,
2.6345,-0.0063590733,
2.63475,-0.0000196381,
2.635,0.0047103423,
2.63525,-0.0027569267,
2.6355,-0.0013557920,
2.63575,0.0047815093,
2.636,0.0066814828,
2.63625,0.0027179327,
2.6365,-0.0019633060,
2.63675,0.0008115559,
2.637,0.0044940696,
2.63725,-0.0068052355,
2.6375,-0.0074982452,
2.63775,-0.0024960078,
2.638,0.0032668293,
2.63825,-0.0075816358,
2.6385,-0.0095786396,
2.63875,-0.0002250083,
2.639,0.0075895106,
2.63925,0.0043963678,
2.6395,0.0018173853,
2.63975,0.0033410038,
2.64,0.0097361393,
2.64025,0.0097596887,
2.6405,0.0080860043,
2.64075,0.0047499179,
2.641,0.0123089449,
2.64125,0.0114931054,
2.6415,0.0033923343,
2.64175,-0.0029233387,
2.642,0.0001466466,
2.64225,0.0026842977,
2.6425,-0.0078445906,
2.64275,-0.0110245179,
2.643,0.0007501704,
2.64325,0.0071241837,
2.6435,0.0001384891,
2.64375,0.0029659253,
2.644,0.0123432092,
2.64425,0.0180967152,
2.6445,0.0152198933,
2.64475,0.0126839411,
2.645,0.0158797354,
2.64525,0.0193922091,
2.6455,0.0186351072,
2.64575,0.0133971227,
2.646,0.0069496706,
2.64625,0.0068981615,
2.6465,0.0048048603,
2.64675,-0.0010663072,
2.647,-0.0037580356,
2.64725,-0.0027088756,
2.6475,-0.0023626997,
2.64775,-0.0103466045,
2.648,-0.0127739171,
2.64825,-0.0072781560,
2.6485,0.0060622180,
2.64875,0.0042818408,
2.649,0.0002496250,
2.64925,0.0075383224,
2.6495,0.0170347951,
2.64975,0.0132164862,
2.65,0.0067180200,
2.65025,0.0054023284,
2.6505,0.0104053821,
2.65075,0.0103647811,
2.651,0.0045341533,
2.65125,0.0005405299,
2.6515,0.0037035556,
2.65175,-0.0010205888,
2.652,-0.0089014629,
2.65225,-0.0102112591,
2.6525,-0.0053575030,
2.65275,-0.0048111733,
2.653,-0.0091044120,
2.65325,-0.0149320150,
2.6535,-0.0129988883,
2.65375,-0.0015169707,
2.654,0.0011044603,
2.65425,0.0015250696,
2.6545,0.0034646289,
2.65475,0.0097128432,
2.655,0.0147641487,
2.65525,0.0040848134,
2.6555,0.0053808675,
2.65575,0.0078082923,
2.656,0.0060051163,
2.65625,-0.0058269273,
2.6565,-0.0116515867,
2.65675,-0.0071902894,
2.657,-0.0094678793,
2.65725,-0.0166594088,
2.6575,-0.0221962091,
2.65775,-0.0182691626,
2.658,-0.0092639672,
2.65825,-0.0113422237,
2.6585,-0.0123525858,
2.65875,-0.0060939766,
2.659,0.0013181285,
2.65925,0.0029764534,
2.6595,-0.0038655961,
2.65975,0.0022128394,
2.66,0.0124252597,
2.66025,0.0065808315,
2.6605,-0.0028613568,
2.66075,-0.0012751964,
2.661,0.0028188340,
2.66125,-0.0004773811,
2.6615,-0.0070740720,
2.66175,-0.0122637535,
2.662,-0.0104473392,
2.66225,-0.0069928896,
2.6625,-0.0083208270,
2.66275,-0.0094596222,
2.663,-0.0066578230,
2.66325,-0.0048675272,
2.6635,-0.0053568641,
2.66375,-0.0109240701,
2.664,-0.0065727560,
2.66425,0.0027922180,
2.6645,0.0007179941,
2.66475,-0.0056246268,
2.665,-0.0017434915,
2.66525,0.0046436246,
2.6655,0.0082089417,
2.66575,-0.0024162361,
2.666,-0.0019683370,
2.66625,0.0018435424,
2.6665,0.0007044993,
2.66675,-0.0043517961,
2.667,-0.0054613217,
2.66725,-0.0028587368,
2.6675,0.0004798911,
2.66775,-0.0032916514,
2.668,-0.0034251946,
2.66825,0.0003005663,
2.6685,0.0045316773,
2.66875,-0.0000914038,
2.669,-0.0071328902,
2.66925,-0.0013880411,
2.6695,0.0048510493,
2.66975,0.0045441841,
2.67,-0.0045843828,
2.67025,-0.0098177586,
2.6705,-0.0016950192,
2.67075,-0.0005220164,
2.671,-0.0028706263,
2.67125,-0.0043130978,
2.6715,0.0009760545,
2.67175,-0.0007942909,
2.672,-0.0059275231,
2.67225,-0.0080494760,
2.6725,0.0002308168,
2.67275,0.0069703553,
2.673,0.0034795664,
2.67325,0.0036738217,
2.6735,0.0090407496,
2.67375,0.0150789171,
2.674,0.0150535582,
2.67425,0.0038376674,
2.6745,0.0025504807,
2.67475,0.0076345769,
2.675,0.0062715393,
2.67525,-0.0032320048,
2.6755,-0.0075633689,
2.67575,-0.0014516334,
2.676,0.0001435221,
2.67625,-0.0045214323,
2.6765,-0.0078231283,
2.67675,0.0028191681,
2.677,0.0082765464,
2.67725,0.0011960132,
2.6775,-0.0004318224,
2.67775,0.0080643846,
2.678,0.0118226483,
2.67825,0.0135008544,
2.6785,0.0109268576,
2.67875,0.0112660751,
2.679,0.0165465679,
2.67925,0.0144699700,
2.6795,0.0076620355,
2.67975,0.0053757001,
2.68,0.0059879567,
2.68025,0.0064054737,
2.6805,-0.0006084426,
2.68075,-0.0074582193,
2.681,-0.0023527110,
2.68125,0.0034110895,
2.6815,-0.0042962586,
2.68175,-0.0076163458,
2.682,0.0007115342,
2.68225,0.0068124020,
2.6825,0.0063343244,
2.68275,0.0027882203,
2.683,0.0110433530,
2.68325,0.0173864830,
2.6835,0.0117221680,
2.68375,0.0029696855,
2.684,0.0084575899,
2.68425,0.0112968693,
2.6845,0.0057550822,
2.68475,-0.0019650925,
2.685,-0.0037308407,
2.68525,-0.0003047644,
2.6855,0.0001665212,
2.68575,-0.0065495488,
2.686,-0.0097026099,
2.68625,-0.0045944531,
2.6865,-0.0020496163,
2.68675,-0.0039252555,
2.687,-0.0042456863,
2.68725,-0.0006739297,
2.6875,0.0088760620,
2.68775,0.0052302261,
2.688,0.0000538724,
2.68825,0.0046472270,
2.6885,0.0100543266,
2.68875,0.0075738090,
2.689,-0.0003884491,
2.68925,0.0012665859,
2.6895,0.0045276452,
2.68975,0.0018930411,
2.69,-0.0062027066,
2.69025,-0.0101434384,
2.6905,-0.0043613873,
2.69075,-0.0089753140,
2.691,-0.0160738230,
2.69125,-0.0176167637,
2.6915,-0.0134316999,
2.69175,-0.0060821623,
2.692,-0.0121751511,
2.69225,-0.0146579575,
2.6925,-0.0068000988,
2.69275,0.0003641227,
2.693,-0.0014121049,
2.69325,-0.0056590280,
2.6935,0.0025570113,
2.69375,0.0078688925,
2.694,0.0030169322,
2.69425,-0.0063953898,
2.6945,-0.0017130652,
2.69475,-0.0002852826,
2.695,0.0003480187,
2.69525,-0.0059843441,
2.6955,-0.0151233673,
2.69575,-0.0084598893,
2.696,-0.0038113326,
2.69625,-0.0082843639,
2.6965,-0.0117838979,
2.69675,-0.0082611963,
2.697,-0.0019563658,
2.69725,-0.0041588652,
2.6975,-0.0058785197,
2.69775,-0.0006730796,
2.698,0.0075452197,
2.69825,0.0010915207,
2.6985,-0.0045904992,
2.69875,-0.0003829782,
2.699,0.0078503191,
2.69925,0.0063840584,
2.6995,-0.0011569633,
2.69975,-0.0013532627,
2.7,0.0025395458,
2.70025,-0.0005258363,
2.7005,-0.0072160480,
2.70075,-0.0125067458,
2.701,-0.0075841509,
2.70125,-0.0037297956,
2.7015,-0.0067398529,
2.70175,-0.0080562737,
2.702,-0.0012122075,
2.70225,0.0010412650,
2.7025,0.0014859409,
2.70275,-0.0037524579,
2.703,0.0000951452,
2.70325,0.0097484784,
2.7035,0.0063061956,
2.70375,-0.0033522141,
2.704,-0.0066077844,
2.70425,-0.0007127930,
2.7045,0.0028346875,
2.70475,-0.0070621511,
2.705,-0.0067060045,
2.70525,-0.0019873301,
2.7055,-0.0009460986,
2.70575,-0.0078164330,
2.706,-0.0106835840,
2.70625,-0.0038943058,
2.7065,0.0001267079,
2.70675,0.0010592425,
2.707,-0.0018545390,
2.70725,0.0018998485,
2.7075,0.0093416199,
2.70775,0.0107204551,
2.708,0.0057524517,
2.70825,0.0097261546,
2.7085,0.0130829643,
2.70875,0.0164338890,
2.709,0.0037808274,
2.70925,0.0025225370,
2.7095,0.0107934326,
2.70975,0.0065724114,
2.71,-0.0059768632,
2.71025,-0.0035361478,
2.7105,0.0054369625,
2.71075,0.0024640318,
2.711,-0.0060080709,
2.71125,-0.0055064168,
2.7115,0.0002041769,
2.71175,0.0054701408,
2.712,0.0047121458,
2.71225,0.0053094849,
2.7125,0.0091488063,
2.71275,0.0138026327,
2.713,0.0152783887,
2.71325,0.0129406145,
2.7135,0.0114532914,
2.71375,0.0176573452,
2.714,0.0151779866,
2.71425,0.0033842830,
2.7145,0.0001249914,
2.71475,0.0054318290,
2.715,0.0096581960,
2.71525,-0.0027495991,
2.7155,-0.0090645729,
2.71575,-0.0035714475,
2.716,0.0009251753,
2.71625,0.0005794036,
2.7165,-0.0047071921,
2.71675,0.0021469863,
2.717,0.0076958146,
2.71725,0.0057725413,
2.7175,0.0068665976,
2.71775,0.0097971270,
2.718,0.0154921636,
2.71825,0.0098070549,
2.7185,0.0010309158,
2.71875,0.0043182592,
2.719,0.0075202752,
2.71925,0.0059683318,
2.7195,-0.0015798258,
2.71975,-0.0080290241,
2.72,-0.0029131761,
2.72025,0.0027999533,
2.7205,-0.0016831921,
2.72075,-0.0111967465,
2.721,-0.0081094084,
2.72125,-0.0005327305,
2.7215,-0.0031150039,
2.72175,-0.0061284266,
2.722,-0.0006068755,
2.72225,0.0044237250,
2.7225,-0.0002631238,
2.72275,-0.0061736191,
2.723,-0.0019940764,
2.72325,0.0083491690,
2.7235,0.0069134128,
2.72375,0.0005512125,
2.724,-0.0044034496,
2.72425,-0.0000435460,
2.7245,0.0021978081,
2.72475,-0.0076001678,
2.725,-0.0144806644,
2.72525,-0.0112978267,
2.7255,-0.0085340431,
2.72575,-0.0135704866,
2.726,-0.0176962297,
2.72625,-0.0102610253,
2.7265,-0.0048737442,
2.72675,-0.0092693223,
2.727,-0.0119677940,
2.72725,0.0010530466,
2.7275,0.0090569807,
2.72775,0.0040505957,
2.728,-0.0003460261,
2.72825,-0.0058402549,
2.7285,-0.0027698413,
2.72875,-0.0038440400,
2.729,-0.0078744963,
2.72925,-0.0111281741,
2.7295,-0.0092463391,
2.72975,-0.0103335679,
2.73,-0.0126732010,
2.73025,-0.0175884143,
2.7305,-0.0061510694,
2.73075,0.0035012048,
2.731,-0.0015211131,
2.73125,-0.0072681908,
2.7315,-0.0028592066,
2.73175,0.0061047175,
2.732,0.0023333703,
2.73225,-0.0065614944,
2.7325,-0.0001646847,
2.73275,0.0034680183,
2.733,-0.0009383951,
2.73325,-0.0054561603,
2.7335,-0.0020662607,
2.73375,-0.0009855335,
2.734,-0.0066585019,
2.73425,-0.0079737920,
2.7345,-0.0085882107,
2.73475,-0.0026814288,
2.735,-0.0009598079,
2.73525,-0.0057016145,
2.7355,-0.0091909179,
2.73575,-0.0037880247,
2.736,0.0044001234,
2.73625,0.0043897685,
2.7365,-0.0026754565,
2.73675,-0.0031328918,
2.737,0.0053285975,
2.73725,0.0071108192,
2.7375,0.0011496856,
2.73775,0.0020022399,
2.738,0.0070720157,
2.73825,0.0009199082,
2.7385,-0.0083836410,
2.73875,-0.0041693482,
2.739,0.0028868753,
2.73925,0.0027870873,
2.7395,-0.0061838836,
2.73975,-0.0104775783,
2.74,-0.0062117116,
2.74025,-0.0008039360,
2.7405,0.0018480006,
2.74075,-0.0024858746,
2.741,-0.0015123021,
2.74125,0.0062739798,
2.7415,0.0071301358,
2.74175,0.0064435313,
2.742,0.0059735533,
2.74225,0.0175343845,
2.7425,0.0173942726,
2.74275,0.0073505640,
2.743,0.0073515465,
2.74325,0.0136707854,
2.7435,0.0124286674,
2.74375,-0.0016659477,
2.744,-0.0042204424,
2.74425,0.0035141381,
2.7445,0.0028606206,
2.74475,-0.0030563753,
2.745,-0.0051212916,
2.74525,0.0005388447,
2.7455,0.0060722912,
2.74575,0.0051904791,
2.746,0.0064665359,
2.74625,0.0068119811,
2.7465,0.0120804729,
2.74675,0.0106915664,
2.747,0.0065797265,
2.74725,0.0079366984,
2.7475,0.0141147915,
2.74775,0.0137164928,
2.748,0.0051045604,
2.74825,0.0009631755,
2.7485,0.0047417837,
2.74875,0.0090668825,
2.749,0.0020277742,
2.74925,-0.0033890577,
2.7495,0.0030561048,
2.74975,0.0078662448,
2.75,-0.0010583649,
2.75025,-0.0066682668,
2.7505,0.0036397236,
2.75075,0.0116336029,
2.751,0.0055533652,
2.75125,0.0027842494,
2.7515,0.0059080962,
2.75175,0.0132532604,
2.752,0.0051625296,
2.75225,0.0018932978,
2.7525,0.0061553251,
2.75275,0.0044181482,
2.753,0.0028511644,
2.75325,0.0009081907,
2.7535,-0.0048380750,
2.75375,-0.0010120623,
2.754,0.0029905583,
2.75425,-0.0017861567,
2.7545,-0.0084644202,
2.75475,-0.0028304844,
2.755,0.0011800204,
2.75525,-0.0021027669,
2.7555,-0.0071145697,
2.75575,-0.0049089198,
2.756,0.0057053757,
2.75625,-0.0011622136,
2.7565,-0.0053221425,
2.75675,-0.0015653276,
2.757,0.0003099639,
2.75725,-0.0011108685,
2.7575,-0.0076071247,
2.75775,-0.0036842017,
2.758,0.0000906277,
2.75825,0.0008272566,
2.7585,-0.0081990901,
2.75875,-0.0117767360,
2.759,-0.0056359535,
2.75925,-0.0054703522,
2.7595,-0.0092543056,
2.75975,-0.0146539304,
2.76,-0.0062449533,
2.76025,-0.0020734300,
2.7605,-0.0078662382,
2.76075,-0.0114130583,
2.761,-0.0042854561,
2.76125,0.0056300908,
2.7615,0.0036859051,
2.76175,-0.0004697053,
2.762,-0.0042932453,
2.76225,-0.0020885912,
2.7625,0.0021291920,
2.76275,-0.0068306634,
2.763,-0.0105505437,
2.76325,-0.0081815626,
2.7635,-0.0054356549,
2.76375,-0.0105833150,
2.764,-0.0143128019,
2.76425,-0.0046583619,
2.7645,0.0008679475,
2.76475,-0.0041452334,
2.765,-0.0076919240,
2.76525,0.0008662351,
2.7655,0.0099061197,
2.76575,0.0028553936,
2.766,-0.0050009405,
2.76625,-0.0020168354,
2.7665,0.0021683988,
2.76675,-0.0007251272,
2.767,-0.0059610596,
2.76725,-0.0064593628,
2.7675,-0.0026468826,
2.76775,-0.0061574653,
2.768,-0.0123256501,
2.76825,-0.0070473133,
2.7685,-0.0040820027,
2.76875,0.0002721515,
2.769,-0.0062575480,
2.76925,-0.0112345144,
2.7695,-0.0031000972,
2.76975,0.0030237602,
2.77,0.0042632492,
2.77025,-0.0043388773,
2.7705,-0.0044441666,
2.77075,0.0088627050,
2.771,0.0089738192,
2.77125,0.0039626029,
2.7715,0.0048501957,
2.77175,0.0075065251,
2.772,0.0021827430,
2.77225,-0.0044434187,
2.7725,-0.0021136578,
2.77275,0.0016564397,
2.773,-0.0004567445,
2.77325,-0.0094987210,
2.7735,-0.0113759432,
2.77375,-0.0037146374,
2.774,0.0021782403,
2.77425,0.0010927038,
2.7745,-0.0045072655,
2.77475,-0.0002960930,
2.775,0.0040943008,
2.77525,0.0040075006,
2.7755,-0.0001865110,
2.77575,0.0051213033,
2.776,0.0118402382,
2.77625,0.0086699314,
2.7765,0.0000026627,
2.77675,0.0058829039,
2.777,0.0131868925,
2.77725,0.0095137246,
2.7775,-0.0005815424,
2.77775,-0.0010181243,
2.778,0.0052179731,
2.77825,0.0059958482,
2.7785,-0.0026131216,
2.77875,-0.0031307247,
2.779,0.0005636052,
2.77925,0.0030995174,
2.7795,0.0048317071,
2.77975,0.0046451660,
2.78,0.0080963569,
2.78025,0.0152182691,
2.7805,0.0107357055,
2.78075,0.0077349944,
2.781,0.0085807899,
2.78125,0.0173929762,
2.7815,0.0168167446,
2.78175,0.0082730139,
2.782,0.0069268346,
2.78225,0.0122678075,
2.7825,0.0115410564,
2.78275,-0.0000564140,
2.783,-0.0004810530,
2.78325,0.0053615179,
2.7835,0.0014048037,
2.78375,-0.0022790697,
2.784,-0.0062223426,
2.78425,0.0038186945,
2.7845,0.0064836480,
2.78475,0.0021130689,
2.785,0.0001556180,
2.78525,0.0067624599,
2.7855,0.0118974671,
2.78575,0.0107075460,
2.786,0.0024197653,
2.78625,0.0008108921,
2.7865,0.0067832582,
2.78675,0.0089639751,
2.787,0.0037038610,
2.78725,-0.0031211167,
2.7875,0.0023083449,
2.78775,0.0034628371,
2.788,-0.0053615384,
2.78825,-0.0054527284,
2.7885,-0.0011602704,
2.78875,0.0026486749,
2.789,-0.0037481729,
2.78925,-0.0084995115,
2.7895,0.0005726733,
2.78975,0.0059635332,
2.79,0.0015862689,
2.79025,-0.0033322587,
2.7905,-0.0049257241,
2.79075,0.0008190342,
2.791,-0.0004432883,
2.79125,-0.0070172311,
2.7915,-0.0056362767,
2.79175,0.0000427187,
2.792,-0.0013007976,
2.79225,-0.0087384079,
2.7925,-0.0072277216,
2.79275,-0.0020194575,
2.793,-0.0004024992,
2.79325,-0.0094822636,
2.7935,-0.0100600673,
2.79375,0.0012979993,
2.794,0.0005511715,
2.79425,-0.0085331406,
2.7945,-0.0082787145,
2.79475,-0.0058325031,
2.795,-0.0012813595,
2.79525,-0.0013901677,
2.7955,-0.0088535920,
2.79575,-0.0054440005,
2.796,-0.0005311451,
2.79625,-0.0040562786,
2.7965,-0.0064758114,
2.79675,-0.0088160429,
2.797,-0.0068977354,
2.79725,-0.0067129820,
2.7975,-0.0136848949,
2.79775,-0.0164027084,
2.798,-0.0074317022,
2.79825,-0.0041421801,
2.7985,-0.0093243793,
2.79875,-0.0069809780,
2.799,0.0019084249,
2.79925,0.0072102258,
2.7995,0.0020626611,
2.79975,-0.0027873325,
2.8,0.0048161717,
2.80025,0.0052461377,
2.8005,-0.0020884639,
2.80075,-0.0072684195,
2.801,-0.0059864768,
2.80125,-0.0025440566,
2.8015,-0.0077752075,
2.80175,-0.0123754125,
2.802,-0.0100345491,
2.80225,-0.0073560691,
2.8025,-0.0048709186,
2.80275,-0.0095661301,
2.803,-0.0098664947,
2.80325,-0.0007038491,
2.8035,0.0013862331,
2.80375,0.0025526080,
2.804,-0.0030837313,
2.80425,0.0018631886,
2.8045,0.0100438893,
2.80475,0.0028887053,
2.805,-0.0028962232,
2.80525,0.0024799488,
2.8055,0.0092359651,
2.80575,0.0049611079,
2.806,-0.0015824172,
2.80625,-0.0023549029,
2.8065,-0.0009555999,
2.80675,0.0009843251,
2.807,-0.0070818425,
2.80725,-0.0081133433,
2.8075,-0.0027390649,
2.80775,-0.0003214296,
2.808,-0.0035754791,
2.80825,-0.0035446815,
2.8085,-0.0006774578,
2.80875,0.0066379830,
2.809,0.0044386187,
2.80925,-0.0015411610,
2.8095,0.0067725210,
2.80975,0.0160437245,
2.81,0.0127124991,
2.81025,0.0033102739,
2.8105,0.0087795146,
2.81075,0.0122630335,
2.811,0.0080793146,
2.81125,0.0019092809,
2.8115,-0.0003988155,
2.81175,0.0047583529,
2.812,0.0012945528,
2.81225,-0.0053400798,
2.8125,-0.0050080004,
2.81275,-0.0049372022,
2.813,-0.0013216137,
2.81325,-0.0011038545,
2.8135,0.0008414380,
2.81375,0.0074249231,
2.814,0.0120665841,
2.81425,0.0104713431,
2.8145,0.0028619468,
2.81475,0.0066195033,
2.815,0.0149673000,
2.81525,0.0137207247,
2.8155,0.0029138681,
2.81575,0.0033265767,
2.816,0.0138093177,
2.81625,0.0146344509,
2.8165,0.0032316777,
2.81675,0.0058099292,
2.817,0.0101136845,
2.81725,0.0107447002,
2.8175,0.0047775470,
2.81775,0.0035635740,
2.818,0.0113089886,
2.81825,0.0081220185,
2.8185,-0.0008084298,
2.81875,0.0026484067,
2.819,0.0080596684,
2.81925,0.0079493960,
2.8195,0.0032781831,
2.81975,-0.0028246366,
2.82,-0.0015807095,
2.82025,0.0053337188,
2.8205,0.0065315561,
2.82075,0.0011493032,
2.821,0.0002153728,
2.82125,0.0039343871,
2.8215,0.0053400584,
2.82175,0.0003796717,
2.822,-0.0014366150,
2.82225,0.0035453422,
2.8225,0.0023111117,
2.82275,-0.0043151723,
2.823,-0.0049285144,
2.82325,0.0023467466,
2.8235,0.0045432216,
2.82375,-0.0010661790,
2.824,-0.0087581212,
2.82425,-0.0026479422,
2.8245,0.0032317452,
2.82475,-0.0020584024,
2.825,-0.0066537405,
2.82525,-0.0101153702,
2.8255,-0.0064471420,
2.82575,-0.0056175054,
2.826,-0.0105035221,
2.82625,-0.0094144912,
2.8265,-0.0026722520,
2.82675,-0.0010392328,
2.827,-0.0109698698,
2.82725,-0.0069551785,
2.8275,0.0038080174,
2.82775,0.0054122186,
2.828,0.0055631641,
2.82825,-0.0055502006,
2.8285,0.0003896779,
2.82875,0.0005860513,
2.829,-0.0037470271,
2.82925,-0.0058471928,
2.8295,-0.0076868287,
2.82975,-0.0038937468,
2.83,-0.0069805365,
2.83025,-0.0128786908,
2.8305,-0.0137517145,
2.83075,-0.0076185688,
2.831,-0.0086310701,
2.83125,-0.0195343960,
2.8315,-0.0188485626,
2.83175,-0.0091229230,
2.832,-0.0019928182,
2.83225,-0.0069778231,
2.8325,-0.0088126333,
2.83275,0.0000148980,
2.833,0.0045403647,
2.83325,0.0032194583,
2.8335,-0.0003195696,
2.83375,0.0075414591,
2.834,0.0062928097,
2.83425,-0.0007789771,
2.8345,-0.0067506223,
2.83475,-0.0060262387,
2.835,-0.0025850860,
2.83525,-0.0042242580,
2.8355,-0.0139869824,
2.83575,-0.0135146230,
2.836,-0.0070225094,
2.83625,-0.0053140307,
2.8365,-0.0095599778,
2.83675,-0.0125220232,
2.837,-0.0088514332,
2.83725,-0.0006448738,
2.8375,-0.0052213278,
2.83775,-0.0055372431,
2.838,0.0014977916,
2.83825,0.0056659225,
2.8385,0.0012311526,
2.83875,0.0015440464,
2.839,0.0062694410,
2.83925,0.0112406453,
2.8395,0.0053716786,
2.83975,-0.0052340566,
2.84,-0.0039342316,
2.84025,0.0043253433,
2.8405,0.0024180803,
2.84075,-0.0040303268,
2.841,-0.0073519992,
2.84125,-0.0013962946,
2.8415,-0.0009213836,
2.84175,-0.0050129443,
2.842,-0.0065859593,
2.84225,0.0011831380,
2.8425,0.0026372890,
2.84275,-0.0015010084,
2.843,-0.0031340797,
2.84325,0.0057174833,
2.8435,0.0110330814,
2.84375,0.0048436001,
2.844,0.0007754010,
2.84425,0.0066667609,
2.8445,0.0104292026,
2.84475,0.0051046479,
2.845,0.0015243328,
2.84525,0.0010744280,
2.8455,0.0037940382,
2.84575,0.0045442916,
2.846,0.0001365786,
2.84625,-0.0011267461,
2.8465,0.0020305575,
2.84675,0.0041176341,
2.847,-0.0009296783,
2.84725,-0.0000081676,
2.8475,0.0058091776,
2.84775,0.0134240426,
2.848,0.0111702085,
2.84825,0.0049283514,
2.8485,0.0095049581,
2.84875,0.0152946748,
2.849,0.0084729223,
2.84925,0.0005941499,
2.8495,0.0035204086,
2.84975,0.0105216624,
2.85,0.0085530253,
2.85025,-0.0010075739,
2.8505,0.0006577364,
2.85075,0.0090963719,
2.851,0.0084839799,
2.85125,0.0051310286,
2.8515,0.0038935775,
2.85175,0.0094329249,
2.852,0.0128724137,
2.85225,0.0098805260,
2.8525,0.0034934629,
2.85275,0.0079892837,
2.853,0.0098279193,
2.85325,0.0096038692,
2.8535,0.0025575962,
2.85375,0.0022941767,
2.854,0.0084908083,
2.85425,0.0040070084,
2.8545,-0.0038238163,
2.85475,-0.0049970876,
2.855,0.0043078209,
2.85525,0.0028603522,
2.8555,-0.0074009895,
2.85575,-0.0090689361,
2.856,-0.0017833984,
2.85625,0.0031795166,
2.8565,-0.0007820843,
2.85675,-0.0012898846,
2.857,0.0060249544,
2.85725,0.0102698691,
2.8575,0.0045488644,
2.85775,-0.0000573022,
2.858,0.0059404867,
2.85825,0.0086244373,
2.8585,0.0016642883,
2.85875,-0.0067862896,
2.859,-0.0063593034,
2.85925,-0.0023868312,
2.8595,-0.0070318948,
2.85975,-0.0150908660,
2.86,-0.0131109171,
2.86025,-0.0045762961,
2.8605,-0.0062842192,
2.86075,-0.0140190227,
2.861,-0.0104653938,
2.86125,-0.0042355685,
2.8615,0.0004507206,
2.86175,-0.0003723779,
2.862,-0.0041028881,
2.86225,0.0033311720,
2.8625,0.0097441468,
2.86275,0.0035538138,
2.863,-0.0017482875,
2.86325,0.0007504150,
2.8635,0.0003523703,
2.86375,0.0009775510,
2.864,-0.0084576365,
2.86425,-0.0091208462,
2.8645,-0.0022222404,
2.86475,-0.0121890716,
2.865,-0.0207987446,
2.86525,-0.0194251128,
2.8655,-0.0131593402,
2.86575,-0.0097536920,
2.866,-0.0189132839,
2.86625,-0.0168537144,
2.8665,-0.0055462820,
2.86675,-0.0012876851,
2.867,-0.0027332196,
2.86725,-0.0002357972,
2.8675,0.0049512652,
2.86775,0.0065420475,
2.868,0.0026170686,
2.86825,0.0014294605,
2.8685,0.0012590117,
2.86875,0.0040872237,
2.869,-0.0025450257,
2.86925,-0.0100895157,
2.8695,-0.0105286278,
2.86975,-0.0033973306,
2.87,-0.0012185853,
2.87025,-0.0097416015,
2.8705,-0.0159530286,
2.87075,-0.0053501213,
2.871,0.0018724645,
2.87125,-0.0041260603,
2.8715,-0.0085405950,
2.87175,-0.0005484308,
2.872,0.0027600690,
2.87225,-0.0011164813,
2.8725,-0.0033529131,
2.87275,0.0048142960,
2.873,0.0051319296,
2.87325,0.0038608420,
2.8735,-0.0044860886,
2.87375,0.0004256433,
2.874,0.0043425728,
2.87425,0.0049261753,
2.8745,-0.0027885276,
2.87475,-0.0035866997,
2.875,0.0010948741,
2.87525,0.0028001785,
2.8755,-0.0029742755,
2.87575,-0.0072127432,
2.876,-0.0008560801,
2.87625,0.0035239300,
2.8765,-0.0032783994,
2.87675,-0.0055053062,
2.877,0.0048145461,
2.87725,0.0058812001,
2.8775,-0.0000781053,
2.87775,-0.0052716341,
2.878,0.0012781117,
2.87825,0.0076317927,
2.8785,0.0046770331,
2.87875,0.0005336399,
2.879,0.0002881807,
2.87925,0.0075441347,
2.8795,0.0050549703,
2.87975,0.0008551687,
2.88,0.0025626540,
2.88025,0.0046008313,
2.8805,0.0086687105,
2.88075,0.0015110872,
2.881,-0.0021980009,
2.88125,0.0044136383,
2.8815,0.0146255009,
2.88175,0.0111994660,
2.882,0.0051883007,
2.88225,0.0079824897,
2.8825,0.0126869557,
2.88275,0.0098601189,
2.883,0.0012100976,
2.88325,0.0032788760,
2.8835,0.0069353180,
2.88375,0.0035725287,
2.884,-0.0005886281,
2.88425,0.0032776012,
2.8845,0.0110043716,
2.88475,0.0060235374,
2.885,0.0013716164,
2.88525,0.0052093742,
2.8855,0.0170020312,
2.88575,0.0177380405,
2.886,0.0115578948,
2.88625,0.0080561647,
2.8865,0.0089235362,
2.88675,0.0137442760,
2.887,0.0081642075,
2.88725,0.0012844474,
2.8875,0.0037040333,
2.88775,0.0054688682,
2.888,0.0027586748,
2.88825,-0.0044544269,
2.8885,-0.0024177085,
2.88875,0.0017239847,
2.889,-0.0040286914,
2.88925,-0.0113991089,
2.8895,-0.0079098539,
2.88975,-0.0000280778,
2.89,0.0019224684,
2.89025,-0.0013453180,
2.8905,-0.0055405269,
2.89075,0.0028604879,
2.891,0.0104678711,
2.89125,0.0071740053,
2.8915,0.0051707514,
2.89175,0.0062271911,
2.892,0.0098517407,
2.89225,0.0063109002,
2.8925,0.0003578754,
2.89275,0.0026305164,
2.893,0.0060707917,
2.89325,-0.0048123840,
2.8935,-0.0117986333,
2.89375,-0.0083888136,
2.894,-0.0067125820,
2.89425,-0.0110548884,
2.8945,-0.0162219126,
2.89475,-0.0184457172,
2.895,-0.0116628129,
2.89525,-0.0033689288,
2.8955,-0.0051741488,
2.89575,-0.0053134649,
2.896,0.0011478477,
2.89625,0.0063167475,
2.8965,0.0064662434,
2.89675,0.0013945204,
2.897,0.0056599658,
2.89725,0.0135945175,
2.8975,0.0055390615,
2.89775,-0.0046296408,
2.898,-0.0070036510,
2.89825,0.0006123937,
2.8985,-0.0017345427,
2.89875,-0.0084703239,
2.899,-0.0122071039,
2.89925,-0.0060852114,
2.8995,-0.0097805038,
2.89975,-0.0183876008,
2.9,-0.0158785414,
2.90025,-0.0107262600,
2.9005,-0.0074319257,
2.90075,-0.0073197046,
2.901,-0.0091248974,
2.90125,0.0000157567,
2.9015,0.0018011640,
2.90175,0.0012040526,
2.902,-0.0036595860,
2.90225,0.0005225681,
2.9025,0.0077042300,
2.90275,0.0054606609,
2.903,-0.0016679459,
2.90325,-0.0083722323,
2.9035,-0.0036445821,
2.90375,-0.0032649841,
2.904,-0.0095591797,
2.90425,-0.0092325192,
2.9045,-0.0038198065,
2.90475,-0.0040433989,
2.905,-0.0164874922,
2.90525,-0.0156680141,
2.9055,-0.0046950988,
2.90575,-0.0000805734,
2.906,-0.0045072883,
2.90625,-0.0072180191,
2.9065,-0.0024393937,
2.90675,0.0017426547,
2.907,0.0013122410,
2.90725,-0.0006566809,
2.9075,0.0012456202,
2.90775,0.0081939986,
2.908,0.0061294734,
2.90825,-0.0004083608,
2.9085,0.0005041015,
2.90875,0.0021000449,
2.909,0.0017596973,
2.90925,-0.0063344035,
2.9095,-0.0081385309,
2.90975,0.0018793304,
2.91,0.0024683713,
2.91025,-0.0099913795,
2.9105,-0.0090257432,
2.91075,0.0000268253,
2.911,0.0007660548,
2.91125,0.0040703798,
2.9115,-0.0018602762,
2.91175,0.0003183467,
2.912,0.0044021923,
2.91225,-0.0002213113,
2.9125,0.0003726643,
2.91275,-0.0030177529,
2.913,0.0053102155,
2.91325,0.0026816363,
2.9135,-0.0028677932,
2.91375,-0.0045715347,
2.914,0.0035186266,
2.91425,0.0088672871,
2.9145,-0.0013330716,
2.91475,0.0021495672,
2.915,0.0071572894,
2.91525,0.0134510268,
2.9155,0.0120031908,
2.91575,0.0039674207,
2.916,0.0128340200,
2.91625,0.0182009786,
2.9165,0.0125640957,
2.91675,0.0063972678,
2.917,0.0072244415,
2.91725,0.0107850675,
2.9175,0.0081776949,
2.91775,0.0008779154,
2.918,0.0011776874,
2.91825,0.0074249064,
2.9185,0.0065120431,
2.91875,-0.0028200201,
2.919,-0.0029641823,
2.91925,0.0036391513,
2.9195,0.0082429107,
2.91975,0.0082482938,
2.92,0.0038052667,
2.92025,0.0072567719,
2.9205,0.0175068174,
2.92075,0.0157746002,
2.921,0.0092714755,
2.92125,0.0122560002,
2.9215,0.0147696259,
2.92175,0.0093704853,
2.922,-0.0010138932,
2.92225,-0.0010861175,
2.9225,0.0057912292,
2.92275,0.0013577165,
2.923,-0.0104605276,
2.92325,-0.0091280974,
2.9235,-0.0049703857,
2.92375,-0.0037358785,
2.924,-0.0089509310,
2.92425,-0.0076933228,
2.9245,-0.0015113993,
2.92475,0.0047898907,
2.925,0.0001458766,
2.92525,0.0034890499,
2.9255,0.0108210854,
2.92575,0.0162657369,
2.926,0.0120754875,
2.92625,0.0049015973,
2.9265,0.0114606190,
2.92675,0.0145419827,
2.927,0.0061263237,
2.92725,-0.0050317124,
2.9275,-0.0016256002,
2.92775,0.0006977424,
2.928,-0.0074788537,
2.92825,-0.0145723801,
2.9285,-0.0202906542,
2.92875,-0.0152610391,
2.929,-0.0146039445,
2.92925,-0.0140519459,
2.9295,-0.0127506182,
2.92975,-0.0078161228,
2.93,-0.0014710990,
2.93025,-0.0028896437,
2.9305,-0.0020392295,
2.93075,0.0045231921,
2.931,0.0108398460,
2.93125,0.0026541229,
2.9315,-0.0061849919,
2.93175,0.0004173013,
2.932,0.0058091590,
2.93225,0.0024210375,
2.9325,-0.0074331625,
2.93275,-0.0084993960,
2.933,-0.0048986352,
2.93325,-0.0095397467,
2.9335,-0.0148794129,
2.93375,-0.0159661230,
2.934,-0.0124129001,
2.93425,-0.0130471159,
2.9345,-0.0145308198,
2.93475,-0.0142817367,
2.935,-0.0062261685,
2.93525,-0.0021807444,
2.9355,-0.0067221676,
2.93575,-0.0084677329,
2.936,0.0016477620,
2.93625,0.0095173325,
2.9365,0.0070503908,
2.93675,-0.0010737877,
2.937,-0.0062777195,
2.93725,0.0022457689,
2.9375,0.0070359642,
2.93775,-0.0018670496,
2.938,-0.0030073754,
2.93825,-0.0006935362,
2.9385,-0.0026514253,
2.93875,-0.0123164672,
2.939,-0.0089988001,
2.93925,-0.0027825078,
2.9395,0.0005736469,
2.93975,-0.0080871433,
2.94,-0.0104008857,
2.94025,-0.0021096123,
2.9405,-0.0009922541,
2.94075,-0.0020593628,
2.941,-0.0089535620,
2.94125,-0.0050030625,
2.9415,0.0013336242,
2.94175,0.0020795842,
2.942,-0.0042750635,
2.94225,-0.0042748712,
2.9425,0.0033308323,
2.94275,0.0017227723,
2.943,-0.0007890953,
2.94325,0.0001740524,
2.9435,0.0096432380,
2.94375,0.0066508357,
2.944,-0.0040468625,
2.94425,-0.0035395238,
2.9445,0.0043985359,
2.94475,0.0053093745,
2.945,0.0028716740,
2.94525,-0.0024861787,
2.9455,-0.0011905775,
2.94575,0.0051501114,
2.946,0.0012224757,
2.94625,-0.0004379106,
2.9465,0.0008089257,
2.94675,0.0019578878,
2.947,0.0015754771,
2.94725,-0.0072957738,
2.9475,-0.0056517655,
2.94775,0.0023802468,
2.948,0.0048964331,
2.94825,0.0004368873,
2.9485,0.0013236492,
2.94875,0.0100374520,
2.949,0.0131995436,
2.94925,0.0061403289,
2.9495,0.0050843838,
2.94975,0.0146551253,
2.95,0.0194784272,
2.95025,0.0115127964,
2.9505,0.0075434735,
2.95075,0.0112975193,
2.951,0.0104325358,
2.95125,0.0032691550,
2.9515,-0.0009266678,
2.95175,0.0024329920,
2.952,0.0063531427,
2.95225,0.0001576314,
2.9525,-0.0051782681,
2.95275,-0.0031308574,
2.953,-0.0001993109,
2.95325,0.0048870053,
2.9535,0.0054009007,
2.95375,0.0038125201,
2.954,0.0111506302,
2.95425,0.0145078655,
2.9545,0.0094742132,
2.95475,0.0066491859,
2.955,0.0138884177,
2.95525,0.0177645497,
2.9555,0.0068038572,
2.95575,-0.0024312614,
2.956,-0.0016862719,
2.95625,0.0039516771,
2.9565,0.0006712077,
2.95675,-0.0045313435,
2.957,-0.0005057996,
2.95725,-0.0005632254,
2.9575,0.0006038224,
2.95775,-0.0038092386,
2.958,-0.0025521417,
2.95825,0.0044806683,
2.9585,0.0041448059,
2.95875,-0.0021220187,
2.959,-0.0033006051,
2.95925,0.0038604925,
2.9595,0.0080797570,
2.95975,0.0032026169,
2.96,0.0010554217,
2.96025,0.0074827466,
2.9605,0.0132596213,
2.96075,0.0037529229,
2.961,-0.0019435586,
2.96125,0.0005558790,
2.9615,0.0032724172,
2.96175,0.0014984352,
2.962,-0.0052701784,
2.96225,-0.0100162737,
2.9625,-0.0068962811,
2.96275,-0.0073533710,
2.963,-0.0164514873,
2.96325,-0.0126273073,
2.9635,-0.0068356912,
2.96375,-0.0006189432,
2.964,-0.0032853193,
2.96425,-0.0070240200,
2.9645,0.0013349648,
2.96475,0.0060688192,
2.965,0.0025393018,
2.96525,-0.0029812451,
2.9655,0.0016856118,
2.96575,0.0048036226,
2.966,-0.0032878902,
2.96625,-0.0098621016,
2.9665,-0.0087407771,
2.96675,-0.0058888895,
2.967,-0.0074004112,
2.96725,-0.0162509680,
2.9675,-0.0125098452,
2.96775,-0.0047717672,
2.968,-0.0082867350,
2.96825,-0.0118122632,
2.9685,-0.0118116578,
2.96875,-0.0064340257,
2.969,-0.0024605733,
2.96925,-0.0065402016,
2.9695,-0.0057427082,
2.96975,-0.0017389420,
2.97,0.0043198587,
2.97025,-0.0006228692,
2.9705,-0.0069276355,
2.97075,-0.0048104115,
2.971,0.0013043160,
2.97125,-0.0005530154,
2.9715,-0.0099249575,
2.97175,-0.0047069713,
2.972,0.0027243563,
2.97225,-0.0015007928,
2.9725,-0.0068637612,
2.97275,-0.0052832435,
2.973,0.0018591948,
2.97325,0.0021511386,
2.9735,-0.0052736937,
2.97375,-0.0035407124,
2.974,0.0007206784,
2.97425,0.0061880900,
2.9745,0.0014191709,
2.97475,-0.0025848579,
2.975,0.0018066495,
2.97525,0.0001288970,
2.9755,-0.0026436374,
2.97575,-0.0105235353,
2.976,-0.0069339671,
2.97625,0.0013971933,
2.9765,-0.0027412148,
2.97675,-0.0092916414,
2.977,-0.0016525853,
2.97725,0.0025214327,
2.9775,-0.0005201132,
2.97775,-0.0072287857,
2.978,-0.0050927363,
2.97825,0.0009877319,
2.9785,0.0037748893,
2.97875,0.0020569414,
2.979,0.0001347314,
2.97925,0.0045615789,
2.9795,0.0057344306,
2.97975,0.0043841116,
2.98,0.0020201099,
2.98025,0.0024008304,
2.9805,0.0075935507,
2.98075,0.0014880330,
2.981,-0.0075106854,
2.98125,-0.0081281839,
2.9815,-0.0001706953,
2.98175,0.0003512936,
2.982,-0.0075754249,
2.98225,-0.0094987443,
2.9825,0.0005481843,
2.98275,0.0068108113,
2.983,0.0018990266,
2.98325,0.0067725070,
2.9835,0.0123333009,
2.98375,0.0184203200,
2.984,0.0149228722,
2.98425,0.0113327475,
2.9845,0.0171855912,
2.98475,0.0146851605,
2.985,0.0100771701,
2.98525,0.0009512634,
2.9855,0.0062579261,
2.98575,0.0087994104,
2.986,0.0062884334,
2.98625,0.0002693647,
2.9865,-0.0073481821,
2.98675,0.0004517450,
2.987,0.0001413987,
2.98725,-0.0057411548,
2.9875,-0.0061666621,
2.98775,-0.0008569419,
2.988,0.0097040972,
2.98825,0.0037084315,
2.9885,0.0061609987,
2.98875,0.0148688862,
2.989,0.0168840047,
2.98925,0.0131918248,
2.9895,0.0053626038,
2.98975,0.0109968428,
2.99,0.0144338505,
2.99025,0.0101789627,
2.9905,0.0007639141,
2.99075,-0.0008912807,
2.991,0.0046644658,
2.99125,0.0004344722,
2.9915,-0.0059113987,
2.99175,-0.0085292198,
2.992,-0.0028146952,
2.99225,-0.0020024856,
2.9925,-0.0060187178,
2.99275,-0.0046439990,
2.993,0.0081418101,
2.99325,0.0056465119,
2.9935,-0.0020028937,
2.99375,0.0022295197,
2.994,0.0127647743,
2.99425,0.0154318139,
2.9945,0.0065790094,
2.99475,0.0033341160,
2.995,0.0028802955,
2.99525,0.0057121608,
2.9955,0.0048308959,
2.99575,-0.0008169506,
2.996,-0.0032817866,
2.99625,-0.0056543108,
2.9965,-0.0078766327,
2.99675,-0.0140802283,
2.997,-0.0139856227,
2.99725,-0.0055198022,
2.9975,-0.0032699285,
2.99775,-0.0105548408,
2.998,-0.0139594860,
2.99825,-0.0031715496,
2.9985,0.0041540479,
2.99875,-0.0042383252,
2.999,-0.0076301852,
2.99925,0.0004280501,
2.9995,0.0031643691,
2.99975,-0.0037112497,