Date,2020-12-01 14:40:04
Filename,STFMK-20201105-LW15-2055_20201201_144004_004.dat
Data Label,축정렬불량
Label_No,03
Motor Spec,L-DSF-01, 1730,2.2, 8.6,
Period,3SEC
Sample Rate,4000
RMS,0.006368,
Data Length,12000,
0,0.0077770553,
0.00025,0.0014806743,
0.0005,0.0006753358,
0.00075,0.0028739811,
0.001,-0.0046493956,
0.00125,-0.0022974089,
0.0015,0.0051243166,
0.00175,-0.0040491913,
0.002,-0.0096755400,
0.00225,-0.0078774896,
0.0025,-0.0160031598,
0.00275,-0.0156877004,
0.003,-0.0054667108,
0.00325,-0.0036657993,
0.0035,-0.0047696102,
0.00375,0.0019715005,
0.004,-0.0020091287,
0.00425,-0.0042100279,
0.0045,-0.0085899085,
0.00475,-0.0101859234,
0.005,-0.0037530505,
0.00525,0.0006910893,
0.0055,-0.0027242796,
0.00575,0.0089964727,
0.006,0.0112942373,
0.00625,-0.0030970033,
0.0065,-0.0016524608,
0.00675,-0.0027567663,
0.007,-0.0086667230,
0.00725,-0.0082169166,
0.0075,-0.0036759223,
0.00775,0.0028640267,
0.008,0.0000225296,
0.00825,-0.0019700574,
0.0085,-0.0001947147,
0.00875,-0.0021595007,
0.009,-0.0016367652,
0.00925,-0.0024120205,
0.0095,0.0015215257,
0.00975,0.0039831735,
0.01,-0.0021286509,
0.01025,-0.0025835847,
0.0105,0.0029073041,
0.01075,-0.0025297909,
0.011,-0.0062429137,
0.01125,-0.0033686752,
0.0115,0.0033050063,
0.01175,-0.0003314335,
0.012,-0.0007945290,
0.01225,0.0012935953,
0.0125,-0.0034229029,
0.01275,-0.0089699859,
0.013,-0.0160198901,
0.01325,-0.0089232754,
0.0135,0.0025752455,
0.01375,-0.0024128542,
0.014,0.0032808241,
0.01425,0.0120874867,
0.0145,0.0032060700,
0.01475,-0.0042945896,
0.015,0.0038862228,
0.01525,0.0026116522,
0.0155,-0.0080604265,
0.01575,0.0009599496,
0.016,0.0087504126,
0.01625,0.0054326151,
0.0165,0.0008316654,
0.01675,0.0062381793,
0.017,0.0054866080,
0.01725,-0.0052334485,
0.0175,-0.0024513127,
0.01775,0.0068002371,
0.018,0.0005187508,
0.01825,-0.0056692953,
0.0185,-0.0040143593,
0.01875,0.0018054923,
0.019,-0.0081280097,
0.01925,-0.0084865782,
0.0195,-0.0033897560,
0.01975,-0.0007121115,
0.02,-0.0045762216,
0.02025,-0.0013292707,
0.0205,0.0006169270,
0.02075,-0.0026885872,
0.021,-0.0101222433,
0.02125,-0.0079980344,
0.0215,-0.0060188421,
0.02175,-0.0069889701,
0.022,-0.0021554634,
0.02225,0.0028896085,
0.0225,0.0023875621,
0.02275,0.0023592652,
0.023,-0.0035433490,
0.02325,-0.0033130951,
0.0235,0.0026421377,
0.02375,-0.0027078530,
0.024,-0.0014766813,
0.02425,0.0103974678,
0.0245,0.0085492264,
0.02475,0.0049063675,
0.025,0.0121302204,
0.02525,0.0095677888,
0.0255,-0.0000214122,
0.02575,0.0021771328,
0.026,0.0108103510,
0.02625,0.0064262338,
0.0265,0.0027437871,
0.02675,0.0079350332,
0.027,0.0044020652,
0.02725,-0.0041265571,
0.0275,-0.0069418061,
0.02775,0.0040284395,
0.028,0.0043720831,
0.02825,-0.0037973539,
0.0285,0.0088725314,
0.02875,0.0143134408,
0.029,-0.0016219098,
0.02925,-0.0036849203,
0.0295,0.0024574287,
0.02975,-0.0030641526,
0.03,-0.0115599707,
0.03025,0.0018837866,
0.0305,0.0090968180,
0.03075,0.0019252221,
0.031,-0.0026262202,
0.03125,0.0102094552,
0.0315,0.0049676280,
0.03175,-0.0076205470,
0.032,0.0028195498,
0.03225,0.0057367072,
0.0325,-0.0038898971,
0.03275,0.0027920597,
0.033,0.0098351343,
0.03325,0.0076964414,
0.0335,0.0010096648,
0.03375,0.0066738180,
0.034,-0.0094664358,
0.03425,-0.0160404276,
0.0345,-0.0063626254,
0.03475,-0.0013950531,
0.035,0.0007911962,
0.03525,-0.0022460022,
0.0355,-0.0071354462,
0.03575,-0.0011362633,
0.036,-0.0009735025,
0.03625,-0.0041221404,
0.0365,0.0015283814,
0.03675,0.0040250495,
0.037,0.0000702080,
0.03725,-0.0011557121,
0.0375,-0.0020733611,
0.03775,-0.0097971596,
0.038,-0.0073526232,
0.03825,-0.0115171084,
0.0385,-0.0068281749,
0.03875,0.0011879451,
0.039,0.0002421010,
0.03925,-0.0033270449,
0.0395,0.0032680333,
0.03975,0.0001502687,
0.04,-0.0110470243,
0.04025,-0.0015573722,
0.0405,0.0043896176,
0.04075,-0.0029691136,
0.041,0.0022432816,
0.04125,0.0052952748,
0.0415,0.0027682944,
0.04175,0.0002391097,
0.042,-0.0004241185,
0.04225,-0.0002652048,
0.0425,0.0041265702,
0.04275,-0.0000566785,
0.043,0.0000132740,
0.04325,0.0103158951,
0.0435,0.0012330981,
0.04375,-0.0099266125,
0.044,0.0005799560,
0.04425,-0.0025132925,
0.0445,-0.0052117482,
0.04475,0.0018199562,
0.045,0.0058087669,
0.04525,0.0065999450,
0.0455,-0.0025327159,
0.04575,-0.0018425821,
0.046,-0.0018369581,
0.04625,-0.0064632711,
0.0465,-0.0093050208,
0.04675,-0.0043942095,
0.047,0.0062786918,
0.04725,0.0015983912,
0.0475,0.0032348270,
0.04775,0.0052472195,
0.048,0.0036842856,
0.04825,-0.0036589152,
0.0485,-0.0014605834,
0.04875,0.0084762014,
0.049,0.0043633459,
0.04925,-0.0004694812,
0.0495,0.0149553530,
0.04975,0.0116221085,
0.05,0.0019141946,
0.05025,0.0047850548,
0.0505,0.0116587384,
0.05075,0.0006685653,
0.051,-0.0004339558,
0.05125,0.0071736104,
0.0515,0.0098125488,
0.05175,0.0044324319,
0.052,-0.0008904780,
0.05225,0.0042093890,
0.0525,0.0027232156,
0.05275,-0.0064783264,
0.053,0.0002338298,
0.05325,0.0028784501,
0.0535,-0.0016121739,
0.05375,-0.0035319224,
0.054,-0.0016899034,
0.05425,-0.0093379822,
0.0545,-0.0156178083,
0.05475,-0.0140703153,
0.055,-0.0114598144,
0.05525,-0.0067605181,
0.0555,-0.0068539246,
0.05575,-0.0001537595,
0.056,-0.0023927414,
0.05625,-0.0036333594,
0.0565,-0.0035158261,
0.05675,-0.0084475484,
0.057,-0.0034812649,
0.05725,0.0011297269,
0.0575,-0.0016755202,
0.05775,0.0048223920,
0.058,0.0094519546,
0.05825,0.0021037571,
0.0585,0.0005351855,
0.05875,0.0114659462,
0.059,0.0006991919,
0.05925,0.0002681642,
0.0595,0.0085166395,
0.05975,0.0039068325,
0.06,0.0032249033,
0.06025,0.0038462672,
0.0605,0.0007904536,
0.06075,-0.0005863387,
0.061,-0.0037166870,
0.06125,0.0017253063,
0.0615,0.0127699487,
0.06175,0.0036009795,
0.062,0.0046591247,
0.06225,0.0146759525,
0.0625,0.0008226585,
0.06275,-0.0102447942,
0.063,0.0021900851,
0.06325,0.0028497491,
0.0635,-0.0057069818,
0.06375,0.0057018665,
0.064,0.0108630955,
0.06425,0.0094281919,
0.0645,0.0014084937,
0.06475,0.0002643020,
0.065,0.0074106222,
0.06525,-0.0039906334,
0.0655,-0.0045539211,
0.06575,0.0106544383,
0.066,0.0055345935,
0.06625,-0.0005962368,
0.0665,0.0117154382,
0.06675,0.0058126505,
0.067,-0.0094734766,
0.06725,-0.0020355422,
0.0675,0.0046544741,
0.06775,0.0016326930,
0.068,-0.0003825441,
0.06825,-0.0061747804,
0.0685,0.0026128483,
0.06875,-0.0020218967,
0.069,-0.0133619588,
0.06925,-0.0021241063,
0.0695,-0.0020997822,
0.06975,-0.0061885752,
0.07,-0.0046318648,
0.07025,0.0030351770,
0.0705,0.0000389886,
0.07075,-0.0044591893,
0.071,-0.0087434324,
0.07125,-0.0105567612,
0.0715,-0.0079293959,
0.07175,-0.0103199901,
0.072,-0.0087902583,
0.07225,0.0015330277,
0.0725,-0.0012697327,
0.07275,-0.0052278438,
0.073,-0.0030150476,
0.07325,0.0008767581,
0.0735,-0.0086223558,
0.07375,-0.0129896328,
0.074,-0.0015222640,
0.07425,0.0023690376,
0.0745,-0.0061489716,
0.07475,0.0015410427,
0.075,0.0077677122,
0.07525,-0.0030904319,
0.0755,-0.0010173408,
0.07575,0.0042718025,
0.076,0.0051118177,
0.07625,0.0024940434,
0.0765,-0.0011348752,
0.07675,0.0033809892,
0.077,0.0055068475,
0.07725,-0.0038635687,
0.0775,-0.0052481047,
0.07775,0.0030477506,
0.078,0.0005318128,
0.07825,-0.0023357496,
0.0785,0.0081682187,
0.07875,0.0050067902,
0.079,-0.0016757702,
0.07925,-0.0039974209,
0.0795,-0.0064246100,
0.07975,-0.0098554324,
0.08,-0.0066623641,
0.08025,-0.0113508468,
0.0805,-0.0005648854,
0.08075,0.0058571245,
0.081,-0.0019419948,
0.08125,-0.0022254165,
0.0815,0.0023014343,
0.08175,-0.0040804744,
0.082,-0.0059933895,
0.08225,0.0035262096,
0.0825,0.0048569329,
0.08275,0.0031510929,
0.083,0.0048591788,
0.08325,0.0132890623,
0.0835,0.0044561471,
0.08375,-0.0019494066,
0.084,0.0072658667,
0.08425,0.0090645412,
0.0845,-0.0012921642,
0.08475,0.0029164483,
0.085,0.0094978167,
0.08525,-0.0010987625,
0.0855,-0.0084842732,
0.08575,-0.0017215388,
0.086,0.0000215727,
0.08625,-0.0091109695,
0.0865,-0.0029449605,
0.08675,0.0019834971,
0.087,0.0012300934,
0.08725,-0.0076400200,
0.0875,-0.0046290392,
0.08775,-0.0001672783,
0.088,-0.0125854034,
0.08825,-0.0123847192,
0.0885,-0.0017345445,
0.08875,-0.0057325875,
0.089,-0.0061548385,
0.08925,0.0002790041,
0.0895,-0.0015616500,
0.08975,-0.0070711626,
0.09,-0.0036436133,
0.09025,-0.0075056818,
0.0905,-0.0068760985,
0.09075,-0.0004378477,
0.091,0.0005866804,
0.09125,0.0022302864,
0.0915,0.0055259112,
0.09175,0.0038815048,
0.092,0.0001282325,
0.09225,0.0032777011,
0.0925,0.0037929134,
0.09275,0.0026969328,
0.093,0.0039861999,
0.09325,0.0085248128,
0.0935,0.0047568879,
0.09375,0.0003043591,
0.094,0.0037580091,
0.09425,0.0018566500,
0.0945,-0.0003085271,
0.09475,0.0015877780,
0.095,0.0086412309,
0.09525,0.0089906324,
0.0955,0.0012669787,
0.09575,0.0082164966,
0.096,0.0045960406,
0.09625,-0.0069820201,
0.0965,-0.0077419654,
0.09675,0.0034330043,
0.097,0.0018175817,
0.09725,-0.0038204479,
0.0975,0.0093637854,
0.09775,0.0105178598,
0.098,-0.0025348985,
0.09825,0.0004071067,
0.0985,0.0057747606,
0.09875,0.0007499787,
0.099,-0.0047499738,
0.09925,0.0077476176,
0.0995,0.0114736045,
0.09975,0.0027527059,
0.1,0.0083001303,
0.10025,0.0162694901,
0.1005,0.0037554572,
0.10075,0.0001085728,
0.101,0.0112331696,
0.10125,0.0074354988,
0.1015,0.0026561008,
0.10175,0.0026610442,
0.102,0.0056249760,
0.10225,0.0029178858,
0.1025,-0.0065113083,
0.10275,-0.0013267384,
0.103,0.0049542286,
0.10325,-0.0030310415,
0.1035,-0.0049957866,
0.10375,0.0060681803,
0.104,0.0031288036,
0.10425,-0.0080332002,
0.1045,-0.0055312878,
0.10475,-0.0084649958,
0.105,-0.0100923507,
0.10525,-0.0073929159,
0.1055,-0.0065753008,
0.10575,-0.0039104735,
0.106,0.0020541577,
0.10625,-0.0069092843,
0.1065,-0.0155745531,
0.10675,-0.0050672162,
0.107,-0.0071755210,
0.10725,-0.0141175035,
0.1075,-0.0047130459,
0.10775,0.0061162123,
0.108,0.0026206963,
0.10825,0.0037491140,
0.1085,0.0076716077,
0.10875,0.0049709454,
0.109,-0.0006255639,
0.10925,-0.0006710412,
0.1095,0.0034806926,
0.10975,0.0038791322,
0.11,-0.0012550586,
0.11025,-0.0034689785,
0.1105,0.0069565517,
0.11075,0.0026776132,
0.111,-0.0092344927,
0.11125,0.0033173067,
0.1115,0.0020437697,
0.11175,-0.0026540831,
0.112,-0.0011761932,
0.11225,0.0037254367,
0.1125,-0.0033478229,
0.11275,-0.0117813796,
0.113,-0.0083717378,
0.11325,-0.0117491968,
0.1135,-0.0093620112,
0.11375,-0.0037536966,
0.114,-0.0026585360,
0.11425,0.0084018232,
0.1145,0.0038533271,
0.11475,-0.0043936679,
0.115,0.0040469719,
0.11525,-0.0030329484,
0.1155,-0.0103719076,
0.11575,-0.0028845316,
0.116,0.0057408335,
0.11625,0.0020067203,
0.1165,0.0043620886,
0.11675,0.0130616855,
0.117,0.0035826764,
0.11725,-0.0039392030,
0.1175,0.0027835229,
0.11775,0.0093123708,
0.118,0.0023471073,
0.11825,0.0014205148,
0.1185,0.0099839130,
0.11875,0.0069673732,
0.119,-0.0050056889,
0.11925,0.0021169882,
0.1195,0.0065090465,
0.11975,-0.0040320493,
0.12,-0.0006611802,
0.12025,0.0065386784,
0.1205,0.0059249550,
0.12075,0.0001455104,
0.121,-0.0029475163,
0.12125,0.0003899180,
0.1215,-0.0084706210,
0.12175,-0.0121845948,
0.122,-0.0046227458,
0.12225,-0.0036051576,
0.1225,-0.0036865592,
0.12275,0.0014336572,
0.123,0.0026068606,
0.12325,-0.0093589555,
0.1235,-0.0049660401,
0.12375,-0.0022919427,
0.124,-0.0102043245,
0.12425,0.0024042618,
0.1245,0.0037350666,
0.12475,0.0029930810,
0.125,0.0095741795,
0.12525,0.0094610881,
0.1255,0.0034794237,
0.12575,0.0052561681,
0.126,0.0078319861,
0.12625,0.0071194717,
0.1265,0.0048173005,
0.12675,0.0095375618,
0.127,0.0062870160,
0.12725,0.0042540529,
0.1275,-0.0001012634,
0.12775,0.0081848828,
0.128,-0.0078915013,
0.12825,-0.0189993698,
0.1285,0.0086888075,
0.12875,0.0005944840,
0.129,-0.0045410823,
0.12925,0.0001244990,
0.1295,-0.0009270496,
0.12975,-0.0112432167,
0.13,-0.0106254593,
0.13025,-0.0023546584,
0.1305,0.0050487071,
0.13075,-0.0083050197,
0.131,0.0035766778,
0.13125,0.0099217938,
0.1315,-0.0064332592,
0.13175,-0.0105332341,
0.132,-0.0025589867,
0.13225,0.0008239187,
0.1325,-0.0100368531,
0.13275,0.0069079637,
0.133,0.0164126027,
0.13325,0.0048809149,
0.1335,0.0029280046,
0.13375,0.0131075839,
0.134,0.0031658669,
0.13425,-0.0032467828,
0.1345,0.0039556008,
0.13475,0.0108116381,
0.135,0.0108209625,
0.13525,-0.0011887295,
0.1355,0.0044462401,
0.13575,0.0058668125,
0.136,-0.0062501342,
0.13625,-0.0093742935,
0.1365,0.0047005746,
0.13675,0.0078746220,
0.137,-0.0066174744,
0.13725,0.0005017319,
0.1375,0.0058677397,
0.13775,-0.0086391289,
0.138,-0.0113623105,
0.13825,-0.0100231301,
0.1385,-0.0031564457,
0.13875,-0.0020376216,
0.139,-0.0037582500,
0.13925,-0.0022470849,
0.1395,0.0049125426,
0.13975,-0.0049846503,
0.14,-0.0163087957,
0.14025,-0.0032423455,
0.1405,-0.0044285171,
0.14075,-0.0157153085,
0.141,-0.0029819401,
0.14125,0.0053914306,
0.1415,0.0012036051,
0.14175,-0.0018241431,
0.142,0.0030553099,
0.14225,0.0049303402,
0.1425,-0.0011669715,
0.14275,0.0027884245,
0.143,0.0050495733,
0.14325,0.0059184954,
0.1435,0.0008425469,
0.14375,-0.0007491405,
0.144,0.0066864416,
0.14425,0.0020293654,
0.1445,-0.0031985822,
0.14475,0.0040392294,
0.145,0.0049527129,
0.14525,0.0017568495,
0.1455,0.0013246118,
0.14575,0.0029325439,
0.146,-0.0029179535,
0.14625,-0.0065630740,
0.1465,-0.0059064152,
0.14675,-0.0104151117,
0.147,-0.0003583248,
0.14725,0.0033704918,
0.1475,0.0007185215,
0.14775,0.0013158454,
0.148,0.0013560799,
0.14825,-0.0063931253,
0.1485,-0.0091373548,
0.14875,-0.0033504008,
0.149,-0.0015302560,
0.14925,-0.0001684586,
0.1495,0.0066068559,
0.14975,0.0067538763,
0.15,0.0061770994,
0.15025,0.0089573693,
0.1505,0.0082871057,
0.15075,0.0028923866,
0.151,0.0018063043,
0.15125,0.0089550149,
0.1515,0.0052835206,
0.15175,0.0021193584,
0.152,0.0053721229,
0.15225,0.0049557979,
0.1525,-0.0054731457,
0.15275,-0.0050641447,
0.153,0.0021996158,
0.15325,-0.0014200528,
0.1535,-0.0029557792,
0.15375,0.0018171327,
0.154,0.0039526853,
0.15425,-0.0058988556,
0.1545,-0.0179551207,
0.15475,-0.0055786041,
0.155,-0.0071090432,
0.15525,-0.0148759335,
0.1555,-0.0031475266,
0.15575,0.0093793506,
0.156,-0.0000416896,
0.15625,-0.0042116265,
0.1565,0.0020668197,
0.15675,-0.0079381354,
0.157,-0.0121157002,
0.15725,-0.0056936117,
0.1575,-0.0026897190,
0.15775,0.0025319473,
0.158,0.0055470760,
0.15825,0.0061901188,
0.1585,0.0056022694,
0.15875,0.0044741556,
0.159,-0.0039655580,
0.15925,0.0003770135,
0.1595,0.0036420822,
0.15975,0.0004107946,
0.16,0.0054015992,
0.16025,0.0063118767,
0.1605,-0.0009231459,
0.16075,-0.0009413408,
0.161,0.0008637244,
0.16125,0.0041408744,
0.1615,0.0051824292,
0.16175,0.0044743032,
0.162,0.0108049605,
0.16225,0.0158153400,
0.1625,0.0009183707,
0.16275,-0.0023189858,
0.163,0.0022756043,
0.16325,-0.0056392616,
0.1635,-0.0120660998,
0.16375,0.0000333579,
0.164,0.0083277114,
0.16425,-0.0019264708,
0.1645,-0.0006110549,
0.16475,0.0053530834,
0.165,-0.0023161694,
0.16525,-0.0146794599,
0.1655,-0.0019135678,
0.16575,0.0024070155,
0.166,-0.0068827975,
0.16625,-0.0010273666,
0.1665,0.0161048230,
0.16675,0.0108891344,
0.167,-0.0025287704,
0.16725,0.0052830554,
0.1675,0.0115751866,
0.16775,-0.0017835665,
0.168,-0.0016654098,
0.16825,0.0079900948,
0.1685,0.0103034489,
0.16875,-0.0086603099,
0.169,-0.0131376507,
0.16925,0.0048498469,
0.1695,-0.0101475958,
0.16975,-0.0085979747,
0.17,-0.0038988027,
0.17025,0.0100461841,
0.1705,0.0008936472,
0.17075,-0.0066901348,
0.171,-0.0014831480,
0.17125,-0.0030509960,
0.1715,-0.0195331965,
0.17175,-0.0111870039,
0.172,-0.0022492935,
0.17225,0.0007418107,
0.1725,0.0037219278,
0.17275,-0.0009442704,
0.173,-0.0011596521,
0.17325,0.0018064724,
0.1735,-0.0129026826,
0.17375,-0.0081458306,
0.174,0.0035929224,
0.17425,-0.0034911870,
0.1745,-0.0032337799,
0.17475,0.0075249812,
0.175,0.0073146615,
0.17525,-0.0023853998,
0.1755,0.0006424211,
0.17575,0.0022282379,
0.176,0.0017878413,
0.17625,-0.0010438820,
0.1765,-0.0026803552,
0.17675,0.0069490192,
0.177,0.0037639411,
0.17725,-0.0086783785,
0.1775,-0.0029587836,
0.17775,-0.0010712137,
0.178,-0.0062201261,
0.17825,-0.0030342953,
0.1785,0.0081103370,
0.17875,0.0046985773,
0.179,0.0021333275,
0.17925,-0.0053607076,
0.1795,-0.0057029766,
0.17975,-0.0068738540,
0.18,-0.0065808701,
0.18025,-0.0050832569,
0.1805,-0.0003169333,
0.18075,0.0013706462,
0.181,0.0056389095,
0.18125,-0.0013150440,
0.1815,-0.0025620884,
0.18175,-0.0019866750,
0.182,-0.0073585478,
0.18225,-0.0076349960,
0.1825,0.0013885435,
0.18275,0.0056556030,
0.183,0.0056538619,
0.18325,0.0036029776,
0.1835,0.0027462882,
0.18375,0.0001938711,
0.184,-0.0028058067,
0.18425,-0.0026965062,
0.1845,0.0003904937,
0.18475,0.0069648726,
0.185,0.0015921774,
0.18525,-0.0008982681,
0.1855,0.0014825652,
0.18575,0.0003173939,
0.186,-0.0069402168,
0.18625,-0.0085174143,
0.1865,0.0023549683,
0.18675,0.0051413318,
0.187,-0.0021041257,
0.18725,-0.0011674811,
0.1875,0.0011541334,
0.18775,-0.0058787838,
0.188,-0.0175883416,
0.18825,-0.0051264935,
0.1885,0.0024021771,
0.18875,-0.0024453644,
0.189,-0.0031278511,
0.18925,0.0084274281,
0.1895,0.0067806155,
0.18975,-0.0051245317,
0.19,-0.0028018863,
0.19025,0.0003538135,
0.1905,-0.0061823935,
0.19075,-0.0024583410,
0.191,0.0078063533,
0.19125,0.0046547777,
0.1915,0.0044119875,
0.19175,0.0035890474,
0.192,-0.0039653997,
0.19225,-0.0003128802,
0.1925,-0.0009403682,
0.19275,-0.0018298887,
0.193,0.0078239376,
0.19325,0.0027078388,
0.1935,0.0034805392,
0.19375,0.0035617154,
0.194,0.0010535180,
0.19425,-0.0031384944,
0.1945,0.0024686446,
0.19475,0.0074051903,
0.195,0.0100923060,
0.19525,0.0139039252,
0.1955,0.0101707960,
0.19575,0.0132055636,
0.196,0.0036731237,
0.19625,-0.0084623424,
0.1965,0.0007333721,
0.19675,0.0046136323,
0.197,0.0005432641,
0.19725,0.0066696843,
0.1975,0.0189806093,
0.19775,0.0081293778,
0.198,-0.0056099147,
0.19825,-0.0005286873,
0.1985,0.0007589159,
0.19875,-0.0072060344,
0.199,-0.0091433041,
0.19925,0.0112147499,
0.1995,0.0098519940,
0.19975,-0.0072401897,
0.2,0.0059597939,
0.20025,0.0142236482,
0.2005,-0.0039632358,
0.20075,-0.0066883154,
0.201,0.0127098141,
0.20125,0.0074461005,
0.2015,-0.0030555136,
0.20175,-0.0012667308,
0.202,0.0084532825,
0.20225,-0.0042053484,
0.2025,-0.0248028245,
0.20275,-0.0034184780,
0.203,0.0036617038,
0.20325,-0.0090584271,
0.2035,-0.0017382310,
0.20375,0.0100362301,
0.204,0.0030437019,
0.20425,-0.0110820914,
0.2045,-0.0086907130,
0.20475,-0.0029117209,
0.205,-0.0076054139,
0.20525,-0.0047866935,
0.2055,0.0045525744,
0.20575,0.0051826611,
0.206,0.0002019788,
0.20625,-0.0018645381,
0.2065,-0.0066135125,
0.20675,-0.0113289887,
0.207,-0.0093348892,
0.20725,-0.0163783543,
0.2075,-0.0071170740,
0.20775,0.0021578553,
0.208,-0.0037717083,
0.20825,-0.0046766479,
0.2085,0.0085143344,
0.20875,-0.0005198079,
0.209,-0.0094807912,
0.20925,0.0003216356,
0.2095,0.0042126034,
0.20975,0.0071627484,
0.21,0.0026240917,
0.21025,-0.0011048540,
0.2105,0.0076547661,
0.21075,0.0009111210,
0.211,-0.0096543115,
0.21125,0.0074968725,
0.2115,0.0123633184,
0.21175,0.0003118839,
0.212,0.0078845797,
0.21225,0.0118068289,
0.2125,-0.0020280334,
0.21275,-0.0033948761,
0.213,-0.0065009245,
0.21325,-0.0082034469,
0.2135,-0.0008644676,
0.21375,0.0008144878,
0.214,-0.0023586731,
0.21425,0.0057629314,
0.2145,0.0007382887,
0.21475,-0.0057352707,
0.215,-0.0072566178,
0.21525,-0.0045238631,
0.2155,-0.0028351694,
0.21575,-0.0034363477,
0.216,-0.0024301989,
0.21625,0.0082588587,
0.2165,0.0084900446,
0.21675,0.0022790201,
0.217,0.0023640376,
0.21725,0.0031042497,
0.2175,0.0029366887,
0.21775,0.0040197475,
0.218,0.0024852473,
0.21825,0.0037411116,
0.2185,0.0061006183,
0.21875,-0.0080421539,
0.219,-0.0039799097,
0.21925,0.0012699316,
0.2195,-0.0013591569,
0.21975,-0.0069875433,
0.22,0.0028142275,
0.22025,0.0109668486,
0.2205,0.0033010717,
0.22075,-0.0002117195,
0.221,0.0006795176,
0.22125,0.0017763284,
0.2215,-0.0052819448,
0.22175,-0.0114411004,
0.222,0.0069119278,
0.22225,0.0098999403,
0.2225,-0.0059048804,
0.22275,-0.0010851420,
0.223,0.0069802818,
0.22325,-0.0087792752,
0.2235,-0.0159066748,
0.22375,-0.0079575628,
0.224,-0.0037424008,
0.22425,-0.0081090201,
0.2245,-0.0043438403,
0.22475,0.0019401792,
0.225,0.0012332386,
0.22525,-0.0027668604,
0.2255,-0.0026417747,
0.22575,0.0030885066,
0.226,0.0021508869,
0.22625,-0.0006393935,
0.2265,0.0056769797,
0.22675,0.0126232402,
0.227,0.0014321518,
0.22725,0.0010585807,
0.2275,0.0044826656,
0.22775,0.0034398604,
0.228,0.0005957669,
0.22825,0.0110008083,
0.2285,0.0106535843,
0.22875,0.0094472859,
0.229,0.0040668668,
0.22925,0.0063160756,
0.2295,0.0046939906,
0.22975,0.0002659356,
0.23,0.0001004766,
0.23025,0.0060863569,
0.2305,0.0084208613,
0.23075,-0.0002593139,
0.231,0.0089265900,
0.23125,0.0103082862,
0.2315,-0.0080382014,
0.23175,-0.0073237484,
0.232,0.0049142828,
0.23225,-0.0049958220,
0.2325,-0.0071527623,
0.23275,0.0037806160,
0.233,0.0159286931,
0.23325,0.0000369054,
0.2335,-0.0036363185,
0.23375,0.0117243221,
0.234,0.0058533992,
0.23425,-0.0101634348,
0.2345,0.0013043756,
0.23475,0.0210940298,
0.235,0.0007240877,
0.23525,-0.0027969724,
0.2355,-0.0118360501,
0.23575,-0.0322323777,
0.236,-0.0287360288,
0.23625,-0.0305103213,
0.2365,0.0019520592,
0.23675,0.0122637488,
0.237,-0.0054958379,
0.23725,0.0056213168,
0.2375,0.0173946843,
0.23775,-0.0080911331,
0.238,-0.0100289118,
0.23825,0.0010916545,
0.2385,0.0007568763,
0.23875,-0.0057439487,
0.239,-0.0006217186,
0.23925,0.0041907858,
0.2395,-0.0015495787,
0.23975,-0.0092723668,
0.24,-0.0157165881,
0.24025,-0.0099741481,
0.2405,-0.0112250922,
0.24075,-0.0172180086,
0.241,-0.0060565714,
0.24125,0.0011753310,
0.2415,-0.0019549488,
0.24175,-0.0051104752,
0.242,-0.0009004915,
0.24225,0.0040389858,
0.2425,-0.0051108338,
0.24275,-0.0013689934,
0.243,0.0022654727,
0.24325,0.0047905208,
0.2435,0.0014296481,
0.24375,-0.0014225453,
0.244,0.0028869801,
0.24425,0.0015238500,
0.2445,-0.0031248457,
0.24475,0.0015038258,
0.245,0.0084922425,
0.24525,0.0072379503,
0.2455,0.0008626480,
0.24575,0.0011605221,
0.246,0.0001478826,
0.24625,-0.0078483354,
0.2465,-0.0029758783,
0.24675,-0.0031064942,
0.247,-0.0021514401,
0.24725,0.0055434480,
0.2475,0.0059334985,
0.24775,-0.0012791365,
0.248,0.0035779933,
0.24825,0.0001024654,
0.2485,-0.0075497054,
0.24875,-0.0053937151,
0.249,0.0013851509,
0.24925,0.0034083272,
0.2495,0.0012125458,
0.24975,-0.0003025106,
0.25,0.0078457473,
0.25025,0.0044825827,
0.2505,-0.0001030547,
0.25075,0.0027119452,
0.251,0.0089521147,
0.25125,0.0026232377,
0.2515,-0.0028374267,
0.25175,0.0003176549,
0.252,0.0047603427,
0.25225,-0.0035094549,
0.2525,-0.0116544012,
0.25275,-0.0004682891,
0.253,0.0096498858,
0.25325,-0.0030270068,
0.2535,-0.0078749964,
0.25375,0.0131792948,
0.254,0.0024702577,
0.25425,-0.0073659229,
0.2545,-0.0118953632,
0.25475,-0.0006264801,
0.255,-0.0059663495,
0.25525,-0.0157442875,
0.2555,-0.0050477316,
0.25575,0.0092587443,
0.256,-0.0044408105,
0.25625,-0.0154906195,
0.2565,0.0003913832,
0.25675,-0.0018421202,
0.257,-0.0228609256,
0.25725,-0.0072331773,
0.2575,0.0000671387,
0.25775,-0.0058238371,
0.258,-0.0070774080,
0.25825,-0.0009274607,
0.2585,0.0002095083,
0.25875,-0.0032242159,
0.259,-0.0035071271,
0.25925,0.0020075894,
0.2595,0.0072293039,
0.25975,-0.0000338513,
0.26,0.0042039454,
0.26025,0.0084126936,
0.2605,0.0000330410,
0.26075,-0.0023242242,
0.261,0.0046011982,
0.26125,0.0033483130,
0.2615,0.0061442265,
0.26175,0.0104601625,
0.262,0.0107830279,
0.26225,0.0110610472,
0.2625,0.0095008416,
0.26275,0.0018839296,
0.263,0.0080464147,
0.26325,0.0008296286,
0.2635,0.0005248795,
0.26375,0.0085259527,
0.264,0.0121635385,
0.26425,0.0032501190,
0.2645,0.0005993674,
0.26475,0.0046666902,
0.265,-0.0025912034,
0.26525,-0.0113948975,
0.2655,-0.0018886027,
0.26575,0.0037188181,
0.266,-0.0036541328,
0.26625,-0.0055177677,
0.2665,0.0128422119,
0.26675,0.0065156557,
0.267,-0.0078289229,
0.26725,0.0033595378,
0.2675,0.0121567678,
0.26775,0.0031389098,
0.268,-0.0022537734,
0.26825,0.0166658368,
0.2685,0.0173713658,
0.26875,-0.0014241284,
0.269,0.0025611955,
0.26925,0.0137346759,
0.2695,0.0004381614,
0.26975,-0.0090117948,
0.27,0.0098297317,
0.27025,0.0134452349,
0.2705,0.0021439737,
0.27075,-0.0036225910,
0.271,0.0006617366,
0.27125,-0.0020303493,
0.2715,-0.0182728432,
0.27175,-0.0113636348,
0.272,0.0034967805,
0.27225,-0.0049618194,
0.2725,-0.0090001635,
0.27275,0.0021344933,
0.273,-0.0023096080,
0.27325,-0.0084555233,
0.2735,-0.0126950387,
0.27375,-0.0116497856,
0.274,-0.0071517820,
0.27425,-0.0080865631,
0.2745,-0.0114136152,
0.27475,-0.0015569293,
0.275,-0.0000419855,
0.27525,-0.0106312521,
0.2755,-0.0093965223,
0.27575,0.0016769299,
0.276,-0.0063882857,
0.27625,-0.0044534556,
0.2765,0.0018419744,
0.27675,0.0008155571,
0.277,0.0029231005,
0.27725,-0.0003154502,
0.2775,0.0012116546,
0.27775,0.0043785009,
0.278,-0.0018041560,
0.27825,0.0003305575,
0.2785,0.0102441851,
0.27875,0.0064892317,
0.279,0.0029912186,
0.27925,0.0043224632,
0.2795,0.0000150286,
0.27975,-0.0048260293,
0.28,-0.0010995012,
0.28025,0.0017375418,
0.2805,0.0000349795,
0.28075,0.0054104486,
0.281,0.0064598904,
0.28125,0.0007766456,
0.2815,-0.0011744262,
0.28175,-0.0006691735,
0.282,-0.0051398929,
0.28225,-0.0128368745,
0.2825,-0.0032015075,
0.28275,0.0059145680,
0.283,-0.0021422955,
0.28325,0.0031432952,
0.2835,0.0057064872,
0.28375,-0.0007509831,
0.284,-0.0007782263,
0.28425,-0.0002041286,
0.2845,0.0066449256,
0.28475,0.0071143052,
0.285,0.0003874487,
0.28525,0.0003373415,
0.2855,0.0053012231,
0.28575,0.0006403570,
0.286,-0.0063784695,
0.28625,0.0063069602,
0.2865,0.0094547402,
0.28675,0.0070851315,
0.287,0.0047511249,
0.28725,0.0106372302,
0.2875,0.0097673098,
0.28775,-0.0028484382,
0.288,-0.0080522504,
0.28825,-0.0036099062,
0.2885,0.0027099776,
0.28875,-0.0056744795,
0.289,-0.0034451853,
0.28925,0.0110706687,
0.2895,0.0051512406,
0.28975,-0.0149098029,
0.29,-0.0059090182,
0.29025,-0.0021014577,
0.2905,-0.0179813653,
0.29075,-0.0164438207,
0.291,0.0022205331,
0.29125,0.0009776910,
0.2915,-0.0082951505,
0.29175,0.0004028156,
0.292,0.0051911417,
0.29225,-0.0017370142,
0.2925,-0.0022952955,
0.29275,0.0018938374,
0.293,0.0071619842,
0.29325,0.0020400796,
0.2935,-0.0006404208,
0.29375,0.0074194679,
0.294,0.0046293410,
0.29425,-0.0035793192,
0.2945,0.0030155620,
0.29475,0.0101235025,
0.295,0.0068674665,
0.29525,0.0135705350,
0.2955,0.0152601115,
0.29575,0.0120630777,
0.296,0.0064040325,
0.29625,0.0000533485,
0.2965,0.0031295561,
0.29675,0.0030510502,
0.297,0.0035920190,
0.29725,0.0054479134,
0.2975,0.0140835736,
0.29775,0.0051167868,
0.298,-0.0045872880,
0.29825,0.0008934049,
0.2985,-0.0041314922,
0.29875,-0.0104496349,
0.299,-0.0073326109,
0.29925,0.0032640540,
0.2995,0.0047205905,
0.29975,-0.0044852048,
0.3,0.0074049169,
0.30025,0.0153486915,
0.3005,-0.0084580975,
0.30075,-0.0037240644,
0.301,0.0130012520,
0.30125,0.0078411326,
0.3015,-0.0028447537,
0.30175,0.0117053557,
0.302,0.0144039094,
0.30225,-0.0030683032,
0.3025,-0.0076652672,
0.30275,-0.0057806205,
0.303,-0.0041004755,
0.30325,-0.0135079166,
0.3035,-0.0014822442,
0.30375,0.0170943998,
0.304,0.0075538270,
0.30425,-0.0065669492,
0.3045,-0.0003383658,
0.30475,0.0014310023,
0.305,-0.0120016336,
0.30525,-0.0113945417,
0.3055,0.0085436869,
0.30575,0.0028867694,
0.306,-0.0034420379,
0.30625,0.0034199115,
0.3065,-0.0024537719,
0.30675,-0.0077075232,
0.307,-0.0105411364,
0.30725,-0.0104616126,
0.3075,-0.0043816403,
0.30775,-0.0051247026,
0.308,-0.0064485781,
0.30825,-0.0018052572,
0.3085,0.0010052792,
0.30875,-0.0107016396,
0.309,-0.0062513049,
0.30925,0.0050089797,
0.3095,-0.0029614174,
0.30975,-0.0035103608,
0.31,0.0069389311,
0.31025,-0.0003642748,
0.3105,0.0005295687,
0.31075,-0.0007795581,
0.311,0.0017899008,
0.31125,0.0049891798,
0.3115,0.0017802005,
0.31175,0.0038849877,
0.312,0.0086988714,
0.31225,0.0037248512,
0.3125,0.0008018425,
0.31275,0.0010517254,
0.313,-0.0031210920,
0.31325,-0.0075258901,
0.3135,0.0004640797,
0.31375,0.0055114017,
0.314,0.0011743773,
0.31425,0.0052731959,
0.3145,0.0064844731,
0.31475,-0.0012203302,
0.315,-0.0081787463,
0.31525,-0.0047141784,
0.3155,-0.0010868384,
0.31575,-0.0107513592,
0.316,-0.0050962856,
0.31625,0.0060013519,
0.3165,0.0033491314,
0.31675,-0.0018168993,
0.317,0.0013755907,
0.31725,0.0018654448,
0.3175,-0.0034305193,
0.31775,-0.0002509689,
0.318,0.0019379195,
0.31825,0.0095097590,
0.3185,0.0059187035,
0.31875,-0.0002106292,
0.319,0.0030099039,
0.31925,0.0066751619,
0.3195,-0.0034066206,
0.31975,-0.0024266590,
0.32,0.0129036084,
0.32025,0.0094483234,
0.3205,0.0018521881,
0.32075,0.0052232472,
0.321,0.0054565277,
0.32125,-0.0034638182,
0.3215,-0.0127524827,
0.32175,-0.0077244155,
0.322,0.0072257966,
0.32225,-0.0019833928,
0.3225,-0.0082247527,
0.32275,0.0056357263,
0.323,0.0055496311,
0.32325,-0.0189058352,
0.3235,-0.0147923548,
0.32375,0.0008817639,
0.324,-0.0120813921,
0.32425,-0.0162107069,
0.3245,0.0008633045,
0.32475,0.0100545473,
0.325,-0.0073399716,
0.32525,-0.0060542710,
0.3255,0.0072326097,
0.32575,-0.0018679698,
0.326,-0.0119912997,
0.32625,0.0009594724,
0.3265,0.0094595412,
0.32675,0.0012025175,
0.327,-0.0043725194,
0.32725,0.0074476898,
0.3275,0.0044031246,
0.32775,-0.0069750058,
0.328,-0.0015057609,
0.32825,0.0128731411,
0.3285,0.0063465680,
0.32875,0.0061310707,
0.329,0.0138761112,
0.32925,0.0104020275,
0.3295,0.0007259006,
0.32975,-0.0005360480,
0.33,0.0036167551,
0.33025,0.0044912463,
0.3305,0.0055511268,
0.33075,-0.0011834542,
0.331,0.0086093778,
0.33125,0.0046956697,
0.3315,-0.0087054549,
0.33175,-0.0049253223,
0.332,0.0019026862,
0.33225,-0.0063986201,
0.3325,-0.0048826900,
0.33275,0.0053501697,
0.333,0.0067596692,
0.33325,-0.0000354713,
0.3335,0.0023889227,
0.33375,0.0107717421,
0.334,0.0014766051,
0.33425,-0.0030693938,
0.3345,0.0075293127,
0.33475,0.0139085278,
0.335,-0.0047753677,
0.33525,-0.0001189109,
0.3355,0.0085979626,
0.33575,-0.0008897341,
0.336,-0.0026782732,
0.33625,0.0037241001,
0.3365,0.0123112947,
0.33675,0.0017537600,
0.337,0.0030793960,
0.33725,0.0093787173,
0.3375,0.0078501953,
0.33775,-0.0127658304,
0.338,-0.0086509008,
0.33825,0.0014106792,
0.3385,-0.0080403509,
0.33875,-0.0083447173,
0.339,0.0093133533,
0.33925,0.0071927910,
0.3395,-0.0140759051,
0.33975,-0.0166167114,
0.34,-0.0088210320,
0.34025,-0.0140045760,
0.3405,-0.0127730509,
0.34075,-0.0111715542,
0.341,-0.0031505618,
0.34125,-0.0051711337,
0.3415,-0.0079537164,
0.34175,-0.0048470479,
0.342,-0.0006122014,
0.34225,-0.0047549587,
0.3425,-0.0101279356,
0.34275,0.0038616140,
0.343,0.0025933324,
0.34325,-0.0012727384,
0.3435,0.0043105562,
0.34375,-0.0012636273,
0.344,-0.0053433329,
0.34425,-0.0065787281,
0.3445,-0.0050901040,
0.34475,0.0024408798,
0.345,0.0040602265,
0.34525,0.0045512761,
0.3455,0.0067892466,
0.34575,0.0071698548,
0.346,-0.0003175066,
0.34625,-0.0021487011,
0.3465,0.0046670162,
0.34675,-0.0061405655,
0.347,-0.0008645687,
0.34725,0.0088105593,
0.3475,0.0071950904,
0.34775,0.0006668005,
0.348,0.0006755454,
0.34825,-0.0033064699,
0.3485,-0.0099973949,
0.34875,-0.0108336713,
0.349,-0.0019912357,
0.34925,-0.0036187447,
0.3495,-0.0020783069,
0.34975,-0.0005780753,
0.35,0.0030879504,
0.35025,-0.0049977382,
0.3505,-0.0070167799,
0.35075,-0.0001712227,
0.351,-0.0003765898,
0.35125,-0.0038013610,
0.3515,0.0039808806,
0.35175,0.0066706687,
0.352,0.0045980825,
0.35225,-0.0055123330,
0.3525,-0.0052116616,
0.35275,0.0022550598,
0.353,-0.0001566623,
0.35325,-0.0044503650,
0.3535,0.0084635420,
0.35375,0.0142496545,
0.354,0.0017297433,
0.35425,-0.0004470806,
0.3545,0.0025849584,
0.35475,-0.0007129454,
0.355,-0.0088481521,
0.35525,-0.0083665578,
0.3555,0.0042097061,
0.35575,0.0094314022,
0.356,-0.0059428276,
0.35625,-0.0020057524,
0.3565,0.0114217019,
0.35675,-0.0081751756,
0.357,-0.0196195468,
0.35725,0.0019261910,
0.3575,0.0007539722,
0.35775,-0.0094024967,
0.358,-0.0034993093,
0.35825,0.0080109583,
0.3585,-0.0019939702,
0.35875,-0.0092887152,
0.359,-0.0013917771,
0.35925,0.0056994660,
0.3595,-0.0003599701,
0.35975,-0.0041217874,
0.36,0.0106113171,
0.36025,0.0100175031,
0.3605,-0.0040340945,
0.36075,-0.0013122708,
0.361,0.0052464749,
0.36125,0.0005395676,
0.3615,0.0002539697,
0.36175,0.0107555203,
0.362,0.0118549578,
0.36225,0.0060784603,
0.3625,0.0016543230,
0.36275,0.0007154280,
0.363,0.0040316563,
0.36325,-0.0014575246,
0.3635,0.0010454534,
0.36375,0.0114625581,
0.364,0.0115938494,
0.36425,0.0046421620,
0.3645,0.0063076504,
0.36475,0.0084970128,
0.365,-0.0029544290,
0.36525,-0.0112276450,
0.3655,0.0046336274,
0.36575,0.0044044699,
0.366,-0.0020259991,
0.36625,0.0018756443,
0.3665,0.0114935087,
0.36675,0.0001337988,
0.367,-0.0111619551,
0.36725,0.0034303688,
0.3675,0.0012774579,
0.36775,-0.0024989608,
0.368,0.0014095986,
0.36825,0.0131923063,
0.3685,0.0070237825,
0.36875,-0.0094107492,
0.369,0.0014916665,
0.36925,0.0068569705,
0.3695,-0.0047927019,
0.36975,-0.0011506163,
0.37,0.0120385382,
0.37025,0.0091404328,
0.3705,-0.0050080745,
0.37075,0.0001365388,
0.371,-0.0001382690,
0.37125,-0.0128512746,
0.3715,-0.0156528372,
0.37175,0.0033906107,
0.372,0.0068318928,
0.37225,-0.0068025179,
0.3725,0.0033987141,
0.37275,0.0138582746,
0.373,-0.0051025297,
0.37325,-0.0103394771,
0.3735,-0.0037424837,
0.37375,-0.0088773165,
0.374,-0.0113531165,
0.37425,-0.0107239150,
0.3745,0.0011180646,
0.37475,-0.0022426287,
0.375,-0.0082251858,
0.37525,-0.0089773238,
0.3755,-0.0012980972,
0.37575,-0.0043853726,
0.376,-0.0085613038,
0.37625,-0.0009141699,
0.3765,-0.0016663164,
0.37675,-0.0102916602,
0.377,-0.0041331225,
0.37725,-0.0047419863,
0.3775,-0.0067750881,
0.37775,-0.0079246750,
0.378,-0.0021254010,
0.37825,0.0021011764,
0.3785,0.0048345914,
0.37875,0.0066967905,
0.379,0.0016391976,
0.37925,0.0022256721,
0.3795,-0.0040487191,
0.37975,-0.0065179393,
0.38,0.0010789935,
0.38025,0.0089168875,
0.3805,0.0047283764,
0.38075,0.0089615723,
0.381,0.0131679606,
0.38125,0.0035573717,
0.3815,-0.0042293253,
0.38175,0.0013081913,
0.382,-0.0005158932,
0.38225,-0.0063024107,
0.3825,-0.0015313044,
0.38275,0.0065495311,
0.383,0.0046108537,
0.38325,-0.0032920958,
0.3835,-0.0003441359,
0.38375,-0.0001251348,
0.384,-0.0069555650,
0.38425,-0.0026430564,
0.3845,0.0083419848,
0.38475,0.0055016759,
0.385,-0.0059678042,
0.38525,0.0002100942,
0.3855,0.0031574960,
0.38575,-0.0050602579,
0.386,-0.0096682487,
0.38625,0.0010278691,
0.3865,0.0086114109,
0.38675,0.0008485140,
0.387,0.0043530278,
0.38725,0.0146609908,
0.3875,0.0070581110,
0.38775,-0.0090490058,
0.388,-0.0043853740,
0.38825,0.0003685799,
0.3885,-0.0003007008,
0.38875,-0.0004564905,
0.389,0.0040459540,
0.38925,0.0125431288,
0.3895,0.0053341826,
0.38975,-0.0092738131,
0.39,-0.0018920772,
0.39025,0.0042423005,
0.3905,-0.0162399188,
0.39075,-0.0120887449,
0.391,0.0080905873,
0.39125,-0.0037978732,
0.3915,-0.0131373852,
0.39175,-0.0026673768,
0.392,-0.0028304891,
0.39225,-0.0144984564,
0.3925,-0.0102394652,
0.39275,-0.0007767135,
0.393,0.0047044880,
0.39325,-0.0022148017,
0.3935,-0.0041314131,
0.39375,0.0075570145,
0.394,-0.0013551464,
0.39425,-0.0111648180,
0.3945,0.0040151244,
0.39475,0.0104626138,
0.395,0.0012688159,
0.39525,0.0105270147,
0.3955,0.0140918894,
0.39575,0.0098751243,
0.396,0.0008444433,
0.39625,0.0014592642,
0.3965,0.0037367642,
0.39675,0.0033081062,
0.397,0.0056908163,
0.39725,0.0149804763,
0.3975,0.0131661454,
0.39775,0.0102503700,
0.398,0.0032454152,
0.39825,0.0054611894,
0.3985,0.0000888599,
0.39875,-0.0017302227,
0.399,-0.0017534678,
0.39925,0.0055791787,
0.3995,0.0064549600,
0.39975,-0.0019713570,
0.4,0.0042782687,
0.40025,0.0044121589,
0.4005,-0.0065422840,
0.40075,-0.0043637827,
0.401,0.0068537481,
0.40125,0.0037025446,
0.4015,-0.0007039792,
0.40175,0.0071224412,
0.402,0.0089317076,
0.40225,-0.0037668170,
0.4025,-0.0050351145,
0.40275,0.0051359655,
0.403,0.0058719912,
0.40325,-0.0022165680,
0.4035,0.0081403954,
0.40375,0.0139682833,
0.404,0.0028791670,
0.40425,-0.0081220288,
0.4045,0.0021209593,
0.40475,-0.0007637393,
0.405,-0.0098429518,
0.40525,-0.0151957767,
0.4055,-0.0077682389,
0.40575,-0.0089431806,
0.406,-0.0148847960,
0.40625,0.0092016617,
0.4065,0.0044036629,
0.40675,-0.0173804760,
0.407,-0.0083168214,
0.40725,0.0029315546,
0.4075,-0.0125183621,
0.40775,-0.0084065292,
0.408,-0.0022962093,
0.40825,0.0021286351,
0.4085,-0.0021510792,
0.40875,-0.0114448750,
0.409,-0.0070986496,
0.40925,-0.0040021176,
0.4095,-0.0157179032,
0.40975,-0.0110845929,
0.41,0.0048732953,
0.41025,-0.0077468092,
0.4105,-0.0110363923,
0.41075,-0.0020701934,
0.411,-0.0037659593,
0.41125,-0.0017526589,
0.4115,0.0022927010,
0.41175,0.0042680101,
0.412,0.0071121491,
0.41225,0.0023551073,
0.4125,0.0025371206,
0.41275,0.0046405853,
0.413,-0.0020211777,
0.41325,-0.0092726862,
0.4135,0.0019195902,
0.41375,0.0106241256,
0.414,0.0055608135,
0.41425,0.0046812994,
0.4145,0.0045579830,
0.41475,0.0025484883,
0.415,-0.0066364813,
0.41525,-0.0111460444,
0.4155,-0.0007200392,
0.41575,-0.0071110651,
0.416,-0.0104255313,
0.41625,0.0001512304,
0.4165,0.0041416818,
0.41675,-0.0051428182,
0.417,-0.0016714807,
0.41725,0.0025769856,
0.4175,-0.0032686072,
0.41775,-0.0027109897,
0.418,0.0024831702,
0.41825,0.0052758660,
0.4185,0.0006508679,
0.41875,-0.0053370888,
0.419,0.0010781664,
0.41925,0.0071884589,
0.4195,-0.0045633451,
0.41975,-0.0004549292,
0.42,0.0129225608,
0.42025,0.0095908791,
0.4205,0.0000030095,
0.42075,0.0080841072,
0.421,0.0076952255,
0.42125,-0.0015142779,
0.4215,-0.0036306668,
0.42175,0.0007924357,
0.422,0.0080227964,
0.42225,0.0050147846,
0.4225,0.0036889254,
0.42275,0.0107781552,
0.423,0.0099937748,
0.42325,-0.0090221632,
0.4235,-0.0123464968,
0.42375,0.0004362081,
0.424,-0.0069744745,
0.42425,-0.0194008462,
0.4245,-0.0054148985,
0.42475,-0.0014523080,
0.425,-0.0123980818,
0.42525,-0.0131371338,
0.4255,-0.0036697069,
0.42575,-0.0073233331,
0.426,-0.0126911337,
0.42625,-0.0067433831,
0.4265,-0.0007494852,
0.42675,0.0017226676,
0.427,-0.0061545731,
0.42725,-0.0016991555,
0.4275,0.0048920494,
0.42775,-0.0077141221,
0.428,-0.0027314110,
0.42825,0.0117862169,
0.4285,0.0067955824,
0.42875,0.0047492860,
0.429,0.0112888133,
0.42925,0.0067121098,
0.4295,0.0001124795,
0.42975,0.0001464246,
0.43,-0.0001490879,
0.43025,0.0033807121,
0.4305,0.0054522348,
0.43075,0.0047452217,
0.431,0.0110310335,
0.43125,0.0075834747,
0.4315,0.0020902073,
0.43175,0.0008382870,
0.432,0.0032431234,
0.43225,-0.0011017984,
0.4325,-0.0002914400,
0.43275,0.0025889007,
0.433,0.0039630053,
0.43325,0.0000645819,
0.4335,-0.0018599129,
0.43375,-0.0049633998,
0.434,-0.0000795314,
0.43425,-0.0039347149,
0.4345,0.0065185740,
0.43475,0.0108643360,
0.435,-0.0005890080,
0.43525,0.0033461850,
0.4355,0.0067316266,
0.43575,0.0022238698,
0.436,-0.0005049597,
0.43625,0.0061970674,
0.4365,0.0099371830,
0.43675,0.0097535513,
0.437,0.0078541711,
0.43725,0.0122091724,
0.4375,0.0114318496,
0.43775,-0.0025026582,
0.438,-0.0025495361,
0.43825,0.0064432612,
0.4385,-0.0043898616,
0.43875,-0.0058331364,
0.439,0.0104325311,
0.43925,0.0087247044,
0.4395,-0.0060525672,
0.43975,-0.0016519938,
0.44,0.0003141877,
0.44025,-0.0093463408,
0.4405,-0.0170800611,
0.44075,-0.0032800534,
0.441,-0.0030645696,
0.44125,-0.0096126869,
0.4415,-0.0044896076,
0.44175,-0.0031466638,
0.442,-0.0055965623,
0.44225,-0.0095526278,
0.4425,-0.0133887436,
0.44275,-0.0061477041,
0.443,-0.0038510663,
0.44325,-0.0106035359,
0.4435,-0.0014914924,
0.44375,-0.0018315954,
0.444,-0.0112474058,
0.44425,-0.0076274080,
0.4445,0.0001428585,
0.44475,-0.0033906591,
0.445,0.0028342493,
0.44525,0.0078931861,
0.4455,0.0076740650,
0.44575,0.0077408575,
0.446,0.0027436330,
0.44625,-0.0023005444,
0.4465,0.0055128434,
0.44675,0.0005962489,
0.447,-0.0037586340,
0.44725,0.0103921853,
0.4475,0.0129963774,
0.44775,0.0033008356,
0.448,0.0015405890,
0.44825,0.0039720107,
0.4485,-0.0029232488,
0.44875,-0.0086556105,
0.449,-0.0031917617,
0.44925,0.0032738715,
0.4495,0.0005423327,
0.44975,-0.0079178046,
0.45,0.0052406546,
0.45025,0.0019462913,
0.4505,-0.0098427190,
0.45075,-0.0018481001,
0.451,0.0003657087,
0.45125,-0.0012878688,
0.4515,-0.0019248733,
0.45175,0.0009299434,
0.452,0.0051415828,
0.45225,-0.0038478691,
0.4525,-0.0019359005,
0.45275,0.0077291038,
0.453,0.0073718447,
0.45325,0.0013446721,
0.4535,0.0098029841,
0.45375,0.0128531102,
0.454,-0.0021234546,
0.45425,-0.0011424972,
0.4545,0.0019710576,
0.45475,0.0015950826,
0.455,-0.0025236874,
0.45525,0.0002516521,
0.4555,0.0053128949,
0.45575,0.0089523606,
0.456,0.0006053452,
0.45625,0.0005854815,
0.4565,0.0049712514,
0.45675,-0.0018296019,
0.457,-0.0155947311,
0.45725,-0.0064969254,
0.4575,0.0008575713,
0.45775,-0.0099487146,
0.458,-0.0103404522,
0.45825,0.0046095466,
0.4585,-0.0009565554,
0.45875,-0.0152839301,
0.459,-0.0059708543,
0.45925,0.0015237568,
0.4595,-0.0066714082,
0.45975,-0.0109663466,
0.46,0.0014076526,
0.46025,0.0014952377,
0.4605,-0.0084230974,
0.46075,-0.0076443027,
0.461,0.0017535198,
0.46125,0.0015441226,
0.4615,-0.0078503704,
0.46175,0.0083832117,
0.462,0.0175119117,
0.46225,0.0021251100,
0.4625,0.0058382722,
0.46275,0.0080246115,
0.463,-0.0013160564,
0.46325,-0.0033378645,
0.4635,0.0020315156,
0.46375,0.0079609593,
0.464,0.0063848030,
0.46425,0.0114068165,
0.4645,0.0097476933,
0.46475,0.0100880722,
0.465,0.0039378805,
0.46525,-0.0039392775,
0.4655,0.0026410853,
0.46575,0.0021432999,
0.466,-0.0003699173,
0.46625,0.0067266356,
0.4665,0.0026062469,
0.46675,0.0040993788,
0.467,0.0010311113,
0.46725,-0.0030226153,
0.4675,0.0049826913,
0.46775,0.0022715712,
0.468,0.0023677249,
0.46825,0.0051765698,
0.4685,0.0042573847,
0.46875,-0.0008395488,
0.469,0.0020031191,
0.46925,0.0059229741,
0.4695,-0.0009888554,
0.46975,0.0043998370,
0.47,0.0120318541,
0.47025,0.0113081839,
0.4705,0.0090540051,
0.47075,0.0120945973,
0.471,0.0113215316,
0.47125,0.0055398392,
0.4715,-0.0050130170,
0.47175,0.0051207324,
0.472,0.0082359379,
0.47225,-0.0039629936,
0.4725,0.0091284709,
0.47275,0.0166106615,
0.473,-0.0027281221,
0.47325,-0.0113645215,
0.4735,0.0017544952,
0.47375,-0.0071782125,
0.474,-0.0168024879,
0.47425,-0.0082096951,
0.4745,-0.0039620111,
0.47475,-0.0093558887,
0.475,-0.0054312474,
0.47525,-0.0063744094,
0.4755,-0.0046620555,
0.47575,-0.0092545236,
0.476,-0.0088426312,
0.47625,0.0001800410,
0.4765,0.0009547421,
0.47675,-0.0047342726,
0.477,-0.0009347396,
0.47725,0.0028079171,
0.4775,-0.0049073659,
0.47775,-0.0065858550,
0.478,0.0017161351,
0.47825,0.0013251492,
0.4785,0.0021974270,
0.47875,0.0050987341,
0.479,0.0042455313,
0.47925,0.0061002914,
0.4795,-0.0027774577,
0.47975,-0.0087459516,
0.48,-0.0019191612,
0.48025,0.0047907443,
0.4805,-0.0005435613,
0.48075,0.0038883837,
0.481,0.0104466975,
0.48125,0.0055806204,
0.4815,-0.0040258681,
0.48175,-0.0016943935,
0.482,-0.0015793741,
0.48225,-0.0089491326,
0.4825,-0.0065555978,
0.48275,0.0041510761,
0.483,0.0039402219,
0.48325,-0.0076053618,
0.4835,-0.0005891699,
0.48375,0.0038643482,
0.484,-0.0129089914,
0.48425,-0.0064862235,
0.4845,0.0041379882,
0.48475,0.0003311831,
0.485,0.0012351754,
0.48525,0.0049275258,
0.4855,0.0089948168,
0.48575,-0.0006802866,
0.486,-0.0013580204,
0.48625,0.0018045580,
0.4865,0.0071873339,
0.48675,0.0038191210,
0.487,0.0023160768,
0.48725,0.0123718604,
0.4875,0.0098659061,
0.48775,-0.0073890737,
0.488,-0.0005760156,
0.48825,0.0002963994,
0.4885,-0.0040295119,
0.48875,0.0019697235,
0.489,0.0064148447,
0.48925,0.0079056555,
0.4895,0.0047719544,
0.48975,-0.0041885185,
0.49,0.0018991833,
0.49025,0.0016449561,
0.4905,-0.0122613506,
0.49075,-0.0077276044,
0.491,0.0117749022,
0.49125,-0.0020184377,
0.4915,-0.0084335627,
0.49175,0.0074140364,
0.492,0.0007943087,
0.49225,-0.0121034868,
0.4925,-0.0051663518,
0.49275,0.0031833935,
0.493,-0.0029001830,
0.49325,-0.0067830747,
0.4935,-0.0017587892,
0.49375,0.0031640576,
0.494,-0.0070019541,
0.49425,-0.0098661389,
0.4945,0.0052587017,
0.49475,0.0066283229,
0.495,-0.0033434574,
0.49525,0.0113389902,
0.4955,0.0175051559,
0.49575,0.0063082920,
0.496,0.0039133602,
0.49625,0.0067104870,
0.4965,0.0020873412,
0.49675,-0.0027989829,
0.497,0.0046621012,
0.49725,0.0122906175,
0.4975,0.0078410506,
0.49775,0.0051997318,
0.498,0.0077945227,
0.49825,0.0000338106,
0.4985,-0.0039120167,
0.49875,-0.0080542909,
0.499,-0.0041221464,
0.49925,-0.0024271715,
0.4995,0.0000389689,
0.49975,0.0030556261,
0.5,0.0037722804,
0.50025,0.0025844891,
0.5005,0.0001378002,
0.50075,-0.0037065449,
0.501,0.0011876619,
0.50125,0.0009349327,
0.5015,0.0018904089,
0.50175,0.0060286191,
0.502,0.0031853397,
0.50225,0.0004754991,
0.5025,-0.0004980364,
0.50275,0.0034082644,
0.503,0.0001628017,
0.50325,0.0025269254,
0.5035,0.0142270830,
0.50375,0.0084287729,
0.504,0.0085805384,
0.50425,0.0072448864,
0.5045,0.0040889066,
0.50475,0.0025900509,
0.505,-0.0017963041,
0.50525,0.0043670665,
0.5055,0.0121254455,
0.50575,0.0019428316,
0.506,0.0031079161,
0.50625,0.0146797970,
0.5065,0.0016063189,
0.50675,-0.0158561617,
0.507,-0.0022748874,
0.50725,-0.0038319963,
0.5075,-0.0193119589,
0.50775,-0.0090993177,
0.508,0.0007603669,
0.50825,-0.0085524991,
0.5085,-0.0098448899,
0.50875,-0.0088712908,
0.509,-0.0073270751,
0.50925,-0.0070316955,
0.5095,-0.0095500629,
0.50975,-0.0020718188,
0.51,0.0028036376,
0.51025,-0.0049668420,
0.5105,-0.0091487290,
0.51075,0.0017333999,
0.511,-0.0038934364,
0.51125,-0.0067228982,
0.5115,0.0018136074,
0.51175,0.0038708495,
0.512,0.0039255861,
0.51225,0.0000183066,
0.5125,-0.0003279298,
0.51275,0.0020608697,
0.513,-0.0045898710,
0.51325,-0.0125461714,
0.5135,-0.0056058965,
0.51375,0.0073553706,
0.514,0.0021818341,
0.51425,0.0010714737,
0.5145,0.0108094001,
0.51475,0.0088994959,
0.515,-0.0037491615,
0.51525,-0.0047469619,
0.5155,0.0056755468,
0.51575,-0.0061846455,
0.516,-0.0089136111,
0.51625,-0.0048219408,
0.5165,0.0050284476,
0.51675,-0.0057553137,
0.517,-0.0061006043,
0.51725,-0.0002627460,
0.5175,-0.0061887726,
0.51775,-0.0091933850,
0.518,-0.0044249888,
0.51825,0.0010303770,
0.5185,-0.0016987872,
0.51875,-0.0076507041,
0.519,-0.0034774307,
0.51925,-0.0030953647,
0.5195,-0.0046257693,
0.51975,-0.0018604136,
0.52,0.0055530919,
0.52025,0.0089796977,
0.5205,0.0012231348,
0.52075,0.0084013529,
0.521,0.0095827607,
0.52125,-0.0032819810,
0.5215,-0.0011437234,
0.52175,0.0005073053,
0.522,0.0016370099,
0.52225,0.0002273227,
0.5225,0.0028010109,
0.52275,0.0047293534,
0.523,0.0046924786,
0.52325,-0.0040839789,
0.5235,-0.0089082830,
0.52375,0.0029854989,
0.524,-0.0053369864,
0.52425,-0.0126423417,
0.5245,0.0015430175,
0.52475,0.0000097427,
0.525,-0.0121850101,
0.52525,-0.0039681401,
0.5255,-0.0011368755,
0.52575,-0.0104886740,
0.526,-0.0110041713,
0.52625,-0.0019100065,
0.5265,-0.0001691462,
0.52675,-0.0024345247,
0.527,-0.0076733772,
0.52725,0.0007124774,
0.5275,-0.0003284903,
0.52775,-0.0119965747,
0.528,0.0008009156,
0.52825,0.0153838787,
0.5285,0.0018228721,
0.52875,0.0033839166,
0.529,0.0157558862,
0.52925,0.0055168699,
0.5295,-0.0056324629,
0.52975,0.0022141854,
0.53,0.0064875958,
0.53025,0.0012222670,
0.5305,0.0046144431,
0.53075,0.0140670771,
0.531,0.0149046155,
0.53125,0.0025788837,
0.5315,0.0055075157,
0.53175,0.0081308298,
0.532,-0.0014289700,
0.53225,-0.0036142324,
0.5325,0.0046994826,
0.53275,0.0022085924,
0.533,-0.0024521812,
0.53325,0.0007215491,
0.5335,-0.0001429014,
0.53375,-0.0058052433,
0.534,-0.0043697599,
0.53425,-0.0064012017,
0.5345,0.0013846038,
0.53475,0.0019468839,
0.535,-0.0021074149,
0.53525,0.0056763128,
0.5355,-0.0005968183,
0.53575,-0.0024235777,
0.536,0.0002462854,
0.53625,0.0023675235,
0.5365,-0.0031503662,
0.53675,0.0027126668,
0.537,0.0081644114,
0.53725,0.0068948227,
0.5375,0.0024427983,
0.53775,0.0004535379,
0.538,-0.0053996406,
0.53825,-0.0074185934,
0.5385,-0.0100907600,
0.53875,-0.0024045999,
0.539,0.0067112506,
0.53925,0.0041621034,
0.5395,-0.0024736880,
0.53975,0.0014730014,
0.54,0.0011240847,
0.54025,-0.0157229193,
0.5405,-0.0117809316,
0.54075,0.0026439680,
0.541,-0.0040333504,
0.54125,-0.0030118905,
0.5415,0.0044161463,
0.54175,-0.0001245662,
0.542,-0.0069087064,
0.54225,-0.0029008547,
0.5425,-0.0018678550,
0.54275,-0.0023439797,
0.543,-0.0031512221,
0.54325,-0.0036024721,
0.5435,0.0028306202,
0.54375,-0.0011872455,
0.544,-0.0101034921,
0.54425,-0.0016467464,
0.5445,-0.0006693697,
0.54475,-0.0068251952,
0.545,0.0021052205,
0.54525,0.0063479599,
0.5455,0.0017063181,
0.54575,0.0038814121,
0.546,-0.0051411847,
0.54625,-0.0077118399,
0.5465,-0.0002390262,
0.54675,-0.0080057932,
0.547,-0.0030484844,
0.54725,0.0112238936,
0.5475,0.0113900155,
0.54775,0.0008324441,
0.548,0.0005145337,
0.54825,0.0042091277,
0.5485,-0.0025695388,
0.54875,-0.0135827763,
0.549,-0.0043153102,
0.54925,0.0038476472,
0.5495,-0.0061080167,
0.54975,-0.0087926341,
0.55,0.0033999635,
0.55025,-0.0008936237,
0.5505,-0.0149242952,
0.55075,-0.0050583994,
0.551,0.0012434125,
0.55125,-0.0038648236,
0.5515,-0.0016824481,
0.55175,0.0019547031,
0.552,0.0050946167,
0.55225,-0.0030308974,
0.5525,-0.0067707933,
0.55275,0.0015984605,
0.553,0.0056410078,
0.55325,0.0007923038,
0.5535,0.0086136032,
0.55375,0.0148326522,
0.554,0.0041379682,
0.55425,-0.0005920197,
0.5545,0.0014298829,
0.55475,-0.0072967536,
0.555,-0.0042181215,
0.55525,-0.0006572037,
0.5555,0.0021960181,
0.55575,0.0086033102,
0.556,0.0081893913,
0.55625,0.0016025347,
0.5565,0.0042556138,
0.55675,-0.0017746831,
0.557,-0.0111221857,
0.55725,-0.0064401412,
0.5575,-0.0000747627,
0.55775,-0.0017565689,
0.558,-0.0008477406,
0.55825,0.0051514669,
0.5585,-0.0027248543,
0.55875,-0.0094483010,
0.559,-0.0051065804,
0.55925,-0.0019788623,
0.5595,-0.0055426480,
0.55975,-0.0025645748,
0.56,0.0033725894,
0.56025,0.0009172634,
0.5605,-0.0100233508,
0.56075,-0.0049017202,
0.561,0.0001277355,
0.56125,-0.0052354168,
0.5615,-0.0037154844,
0.56175,0.0124576725,
0.562,0.0140805691,
0.56225,0.0012217852,
0.5625,0.0054445327,
0.56275,0.0057069063,
0.563,-0.0073340354,
0.56325,-0.0053441329,
0.5635,0.0056468928,
0.56375,0.0069159660,
0.564,0.0031592087,
0.56425,0.0092102671,
0.5645,0.0112364609,
0.56475,0.0040472369,
0.565,-0.0026469773,
0.56525,0.0031291333,
0.5655,0.0002969470,
0.56575,-0.0016833855,
0.566,0.0035117078,
0.56625,0.0073549934,
0.5665,0.0033951392,
0.56675,0.0039791390,
0.567,0.0019486742,
0.56725,-0.0036957858,
0.5675,0.0043083173,
0.56775,0.0046072393,
0.568,0.0018072968,
0.56825,0.0071152276,
0.5685,0.0033804406,
0.56875,-0.0016047212,
0.569,-0.0007678923,
0.56925,-0.0016017947,
0.5695,-0.0022277525,
0.56975,0.0030330804,
0.57,0.0101048267,
0.57025,0.0096278386,
0.5705,0.0167341679,
0.57075,0.0107064461,
0.571,0.0027018441,
0.57125,0.0006486661,
0.5715,-0.0033218209,
0.57175,-0.0014241111,
0.572,0.0061644078,
0.57225,0.0000386817,
0.5725,-0.0019558396,
0.57275,0.0052041523,
0.573,-0.0031136174,
0.57325,-0.0152021842,
0.5735,0.0009743561,
0.57375,-0.0054943538,
0.574,-0.0163546093,
0.57425,0.0008304510,
0.5745,0.0041807247,
0.57475,-0.0054775453,
0.575,-0.0008030454,
0.57525,0.0017071645,
0.5755,-0.0052486076,
0.57575,-0.0116902320,
0.576,-0.0076423027,
0.57625,-0.0023683584,
0.5765,-0.0023683582,
0.57675,-0.0097047575,
0.577,-0.0082451422,
0.57725,-0.0016695582,
0.5775,-0.0111839324,
0.57775,-0.0112369834,
0.578,0.0021764860,
0.57825,0.0021525370,
0.5785,-0.0007635984,
0.57875,0.0061118100,
0.579,0.0023273153,
0.57925,0.0028029142,
0.5795,-0.0039856522,
0.57975,-0.0067303991,
0.58,0.0017541300,
0.58025,0.0080474615,
0.5805,0.0020932010,
0.58075,0.0073983688,
0.581,0.0169674847,
0.58125,0.0065599782,
0.5815,-0.0051462362,
0.58175,0.0012789953,
0.582,0.0043224208,
0.58225,-0.0038776104,
0.5825,-0.0082168933,
0.58275,0.0065902546,
0.583,0.0105345109,
0.58325,-0.0062760869,
0.5835,-0.0044218241,
0.58375,0.0049422262,
0.584,-0.0130664418,
0.58425,-0.0234136451,
0.5845,-0.0010382002,
0.58475,-0.0032317261,
0.585,-0.0056290864,
0.58525,-0.0080799740,
0.5855,-0.0003790449,
0.58575,-0.0014019058,
0.586,-0.0099425912,
0.58625,-0.0010204527,
0.5865,0.0121171940,
0.58675,0.0043291827,
0.587,0.0026717321,
0.58725,0.0104268063,
0.5875,0.0078002624,
0.58775,-0.0069933543,
0.588,-0.0001617489,
0.58825,-0.0001136065,
0.5885,-0.0031600767,
0.58875,0.0066510891,
0.589,0.0076078200,
0.58925,0.0036524846,
0.5895,0.0064893211,
0.58975,-0.0017067754,
0.59,-0.0035906499,
0.59025,0.0022961078,
0.5905,-0.0045588054,
0.59075,-0.0063148523,
0.591,0.0023706183,
0.59125,-0.0013589532,
0.5915,0.0003947763,
0.59175,0.0054633319,
0.592,0.0011596521,
0.59225,-0.0072085690,
0.5925,-0.0042539039,
0.59275,0.0003753675,
0.593,-0.0043521766,
0.59325,-0.0034466337,
0.5935,-0.0046128463,
0.59375,-0.0027553351,
0.594,-0.0094514117,
0.59425,-0.0127751548,
0.5945,-0.0009832230,
0.59475,-0.0008155552,
0.595,-0.0062972466,
0.59525,0.0018719361,
0.5955,0.0094546340,
0.59575,0.0028982656,
0.596,-0.0041864319,
0.59625,0.0007202867,
0.5965,0.0029113311,
0.59675,-0.0025767225,
0.597,0.0017662125,
0.59725,0.0141182458,
0.5975,0.0125272488,
0.59775,0.0051581040,
0.598,0.0094337165,
0.59825,0.0116348406,
0.5985,0.0002357445,
0.59875,0.0012727825,
0.599,0.0031888811,
0.59925,0.0023206933,
0.5995,0.0020537742,
0.59975,0.0025058878,
0.6,0.0040996303,
0.60025,-0.0008215683,
0.6005,-0.0029665139,
0.60075,-0.0056655752,
0.601,-0.0014277023,
0.60125,0.0002897183,
0.6015,-0.0031728682,
0.60175,-0.0026913146,
0.602,-0.0042497646,
0.60225,-0.0041162986,
0.6025,-0.0189286470,
0.60275,-0.0139281806,
0.603,0.0005124083,
0.60325,0.0033127097,
0.6035,0.0105405543,
0.60375,0.0097232116,
0.604,0.0093072327,
0.60425,0.0094714025,
0.6045,0.0002726253,
0.60475,-0.0001837247,
0.605,0.0003879016,
0.60525,-0.0002153252,
0.6055,0.0103409952,
0.60575,0.0088947210,
0.606,0.0029389819,
0.60625,0.0138882268,
0.6065,0.0072459509,
0.60675,-0.0062120943,
0.607,0.0045783413,
0.60725,0.0075233891,
0.6075,-0.0057540643,
0.60775,0.0005051641,
0.608,0.0069015920,
0.60825,-0.0011371288,
0.6085,-0.0055745794,
0.60875,-0.0007440199,
0.609,-0.0021851254,
0.60925,-0.0072997082,
0.6095,-0.0113993939,
0.60975,-0.0080455188,
0.61,-0.0026843592,
0.61025,-0.0131068053,
0.6105,-0.0172329582,
0.61075,-0.0100146681,
0.611,-0.0088339970,
0.61125,-0.0215635989,
0.6115,-0.0144886831,
0.61175,0.0016272272,
0.612,-0.0016375873,
0.61225,-0.0005469091,
0.6125,-0.0036514788,
0.61275,0.0002960819,
0.613,-0.0014651692,
0.61325,-0.0070122657,
0.6135,-0.0022105519,
0.61375,0.0108752903,
0.614,0.0093733026,
0.61425,0.0041874573,
0.6145,0.0086155981,
0.61475,0.0117411073,
0.615,-0.0021650337,
0.61525,-0.0069792038,
0.6155,0.0056780637,
0.61575,0.0042760503,
0.616,-0.0056878943,
0.61625,-0.0002666324,
0.6165,0.0094558503,
0.61675,0.0006891384,
0.617,-0.0084886812,
0.61725,0.0009555347,
0.6175,0.0017426047,
0.61775,-0.0085155964,
0.618,-0.0066432771,
0.61825,0.0005730152,
0.6185,0.0032602488,
0.61875,-0.0091431085,
0.619,-0.0069550681,
0.61925,-0.0002205329,
0.6195,-0.0022093912,
0.61975,-0.0034457163,
0.62,0.0035839786,
0.62025,0.0076568807,
0.6205,0.0005923201,
0.62075,0.0003509922,
0.621,0.0070853415,
0.62125,0.0000857606,
0.6215,-0.0006065458,
0.62175,0.0002595714,
0.622,0.0030310359,
0.62225,0.0086168936,
0.6225,0.0106073273,
0.62275,0.0069184061,
0.623,0.0035893007,
0.62325,0.0050531439,
0.6235,-0.0068422677,
0.62375,-0.0059894654,
0.624,-0.0012850142,
0.62425,-0.0052392678,
0.6245,-0.0009058564,
0.62475,0.0022675116,
0.625,-0.0022907006,
0.62525,-0.0034408204,
0.6255,-0.0030693919,
0.62575,-0.0053132903,
0.626,-0.0095759341,
0.62625,-0.0054571200,
0.6265,-0.0059944419,
0.62675,-0.0077562751,
0.627,-0.0138220210,
0.62725,-0.0091232648,
0.6275,-0.0049265916,
0.62775,-0.0154866762,
0.628,-0.0062319301,
0.62825,0.0039595524,
0.6285,-0.0026527143,
0.62875,-0.0000107643,
0.629,0.0086280070,
0.62925,0.0055085961,
0.6295,-0.0055539804,
0.62975,-0.0020347130,
0.63,0.0098360134,
0.63025,0.0035374514,
0.6305,0.0029432508,
0.63075,0.0146050137,
0.631,0.0189111549,
0.63125,0.0044198795,
0.6315,0.0071715326,
0.63175,0.0114972070,
0.632,0.0004517854,
0.63225,-0.0022214584,
0.6325,0.0079467567,
0.63275,0.0085558426,
0.633,0.0068913158,
0.63325,0.0096693067,
0.6335,0.0076226047,
0.63375,0.0060659396,
0.634,0.0051379176,
0.63425,0.0004586909,
0.6345,0.0037908833,
0.63475,0.0025776241,
0.635,-0.0001951033,
0.63525,0.0012722333,
0.6355,-0.0001323522,
0.63575,-0.0038166982,
0.636,-0.0043574437,
0.63625,-0.0037778071,
0.6365,0.0014789420,
0.63675,0.0036311741,
0.637,0.0087347170,
0.63725,0.0088137919,
0.6375,0.0050381031,
0.63775,0.0002502270,
0.638,-0.0003432446,
0.63825,0.0029095341,
0.6385,0.0027215176,
0.63875,0.0036767586,
0.639,0.0149711221,
0.63925,0.0181327723,
0.6395,0.0092318458,
0.63975,0.0090524498,
0.64,0.0104153389,
0.64025,-0.0059919595,
0.6405,-0.0083109457,
0.64075,0.0036499670,
0.641,-0.0022507368,
0.64125,-0.0082799569,
0.6415,0.0049052485,
0.64175,0.0057269982,
0.642,-0.0083263172,
0.64225,-0.0092643425,
0.6425,-0.0077422331,
0.64275,-0.0083474480,
0.643,-0.0144585911,
0.64325,-0.0094675720,
0.6435,-0.0025867606,
0.64375,-0.0054137646,
0.644,-0.0168102328,
0.64425,-0.0075098835,
0.6445,-0.0030097323,
0.64475,-0.0121611413,
0.645,-0.0039722156,
0.64525,0.0040809666,
0.6455,-0.0015263144,
0.64575,0.0039194208,
0.646,-0.0009204377,
0.64625,-0.0027580231,
0.6465,0.0001257369,
0.64675,-0.0033973774,
0.647,-0.0034683184,
0.64725,0.0076129269,
0.6475,0.0132376608,
0.64775,0.0077898852,
0.648,0.0046346271,
0.64825,0.0095488122,
0.6485,0.0022527135,
0.64875,-0.0052035218,
0.649,-0.0013582439,
0.64925,0.0104264831,
0.6495,0.0052607362,
0.64975,-0.0058213365,
0.65,0.0071217325,
0.65025,0.0028551579,
0.6505,-0.0123515036,
0.65075,-0.0089089889,
0.651,0.0027202282,
0.65125,-0.0066476976,
0.6515,-0.0114127621,
0.65175,-0.0010914485,
0.652,-0.0007908750,
0.65225,-0.0079702223,
0.6525,-0.0109264152,
0.65275,0.0003613340,
0.653,0.0007789981,
0.65325,-0.0047270437,
0.6535,0.0068257940,
0.65375,0.0192562379,
0.654,0.0102362325,
0.65425,0.0053177588,
0.6545,0.0110473670,
0.65475,0.0068111648,
0.655,-0.0023973607,
0.65525,0.0059820712,
0.6555,0.0069155963,
0.65575,0.0074975383,
0.656,0.0130227683,
0.65625,0.0077933935,
0.6565,0.0038596757,
0.65675,0.0034913388,
0.657,-0.0011697465,
0.65725,-0.0054171910,
0.6575,0.0023129357,
0.65775,0.0025973574,
0.658,-0.0021843172,
0.65825,0.0026799841,
0.6585,0.0016035519,
0.65875,-0.0080373110,
0.659,-0.0020077543,
0.65925,-0.0053445594,
0.6595,-0.0076556574,
0.65975,-0.0049419133,
0.66,-0.0021227731,
0.66025,-0.0059612212,
0.6605,-0.0077685984,
0.66075,-0.0096133444,
0.661,-0.0061269761,
0.66125,-0.0103807878,
0.6615,-0.0087089064,
0.66175,0.0021532702,
0.662,0.0060191425,
0.66225,-0.0001245528,
0.6625,0.0069801770,
0.66275,0.0080953222,
0.663,-0.0023735701,
0.66325,-0.0009566317,
0.6635,0.0076422300,
0.66375,0.0119686108,
0.664,0.0065185865,
0.66425,0.0114594400,
0.6645,0.0173637234,
0.66475,0.0112220831,
0.665,0.0005154727,
0.66525,0.0069959937,
0.6655,0.0037136942,
0.66575,-0.0028203488,
0.666,-0.0010751795,
0.66625,0.0072348872,
0.6665,0.0017951508,
0.66675,0.0040820502,
0.667,-0.0025778098,
0.66725,-0.0045067873,
0.6675,-0.0054539172,
0.66775,-0.0052496330,
0.668,-0.0066116778,
0.66825,0.0017582251,
0.6685,-0.0065639843,
0.66875,-0.0050466973,
0.669,-0.0028004455,
0.66925,-0.0035860278,
0.6695,-0.0032237263,
0.66975,0.0003410753,
0.67,0.0049687154,
0.67025,0.0082995128,
0.6705,0.0090679480,
0.67075,0.0089845359,
0.671,0.0094572194,
0.67125,0.0009012248,
0.6715,-0.0004813398,
0.67175,0.0055392431,
0.672,0.0065286485,
0.67225,0.0030646753,
0.6725,0.0080430591,
0.67275,0.0116400057,
0.673,0.0004407921,
0.67325,0.0015060276,
0.6735,0.0023775359,
0.67375,-0.0034630555,
0.674,-0.0101378663,
0.67425,-0.0022582687,
0.6745,0.0043450096,
0.67475,-0.0074972007,
0.675,-0.0029534381,
0.67525,0.0062379874,
0.6755,-0.0061977925,
0.67575,-0.0138343917,
0.676,-0.0045723408,
0.67625,-0.0099724540,
0.6765,-0.0139583945,
0.67675,-0.0098799122,
0.677,-0.0064897854,
0.67725,-0.0044199601,
0.6775,-0.0128728636,
0.67775,-0.0093849394,
0.678,-0.0001627805,
0.67825,-0.0009591179,
0.6785,-0.0039142938,
0.67875,0.0071261609,
0.679,0.0041061463,
0.67925,0.0034558494,
0.6795,-0.0002911304,
0.67975,-0.0018607671,
0.68,-0.0021713302,
0.68025,0.0008150795,
0.6805,0.0005431615,
0.68075,0.0082760062,
0.681,0.0125754923,
0.68125,0.0088266199,
0.6815,0.0014788279,
0.68175,0.0013760764,
0.682,0.0014378401,
0.68225,-0.0071903532,
0.6825,-0.0092719998,
0.68275,0.0028860208,
0.683,0.0013618950,
0.68325,-0.0060758227,
0.6835,0.0008009497,
0.68375,0.0072211963,
0.684,-0.0117547112,
0.68425,-0.0123056853,
0.6845,0.0027241986,
0.68475,-0.0040851850,
0.685,-0.0117006917,
0.68525,-0.0059919902,
0.6855,-0.0026600237,
0.68575,-0.0040800376,
0.686,-0.0076115094,
0.68625,-0.0045101615,
0.6865,0.0036957576,
0.68675,-0.0011030667,
0.687,0.0003274908,
0.68725,0.0083695594,
0.6875,0.0087820655,
0.68775,-0.0019333570,
0.688,0.0027460651,
0.68825,0.0017297523,
0.6885,-0.0026477792,
0.68875,0.0073808348,
0.689,0.0073605198,
0.68925,0.0073248250,
0.6895,0.0124844722,
0.68975,0.0076536583,
0.69,-0.0006123736,
0.69025,0.0009958773,
0.6905,-0.0015161100,
0.69075,-0.0093972664,
0.691,-0.0023173853,
0.69125,0.0015570314,
0.6915,-0.0010582085,
0.69175,-0.0015695953,
0.692,-0.0029818018,
0.69225,-0.0058325171,
0.6925,-0.0101085464,
0.69275,-0.0038819006,
0.693,-0.0056693219,
0.69325,-0.0064889896,
0.6935,-0.0049106637,
0.69375,-0.0079156701,
0.694,-0.0095953429,
0.69425,-0.0097879907,
0.6945,-0.0063301409,
0.69475,-0.0063482840,
0.695,-0.0065024500,
0.69525,0.0044459011,
0.6955,0.0076912642,
0.69575,0.0033575750,
0.696,0.0008683111,
0.69625,0.0046177926,
0.6965,0.0003855301,
0.69675,-0.0085308980,
0.697,0.0016441104,
0.69725,0.0150302164,
0.6975,0.0022899054,
0.69775,0.0033283001,
0.698,0.0144780325,
0.69825,0.0066035623,
0.6985,-0.0072941147,
0.69875,0.0033759922,
0.699,0.0064609428,
0.69925,-0.0016304372,
0.6995,0.0020808855,
0.69975,0.0114199333,
0.7,0.0103474213,
0.70025,0.0020603756,
0.7005,0.0048848917,
0.70075,0.0044898819,
0.701,-0.0001123791,
0.70125,-0.0009320018,
0.7015,0.0006523139,
0.70175,0.0064360211,
0.702,0.0020611747,
0.70225,-0.0018779116,
0.7025,0.0019959032,
0.70275,-0.0000585769,
0.703,-0.0051614484,
0.70325,-0.0021618388,
0.7035,0.0057378476,
0.70375,0.0052501704,
0.704,0.0027892089,
0.70425,0.0059188665,
0.7045,0.0044156816,
0.70475,0.0004549355,
0.705,-0.0041481699,
0.70525,-0.0078333179,
0.7055,-0.0179536473,
0.70575,-0.0060462947,
0.706,0.0042924676,
0.70625,0.0101844184,
0.7065,0.0070557538,
0.70675,-0.0104221720,
0.707,0.0002583280,
0.70725,-0.0005364626,
0.7075,-0.0124661587,
0.70775,-0.0057061305,
0.708,0.0039550499,
0.70825,0.0004327329,
0.7085,-0.0015772989,
0.70875,0.0031231085,
0.709,-0.0023012366,
0.70925,-0.0107305143,
0.7095,-0.0048652263,
0.70975,-0.0034738474,
0.71,-0.0030462933,
0.71025,-0.0046556178,
0.7105,-0.0104525611,
0.71075,-0.0047636828,
0.711,-0.0122903287,
0.71125,-0.0087549929,
0.7115,-0.0043539521,
0.71175,-0.0004676108,
0.712,-0.0026841077,
0.71225,0.0012186823,
0.7125,0.0024965908,
0.71275,-0.0045902883,
0.713,-0.0050254888,
0.71325,-0.0021387425,
0.7135,-0.0054308828,
0.71375,0.0053689214,
0.714,0.0028397022,
0.71425,0.0028491321,
0.7145,0.0046418207,
0.71475,0.0017536914,
0.715,-0.0070629804,
0.71525,-0.0070821391,
0.7155,-0.0005636537,
0.71575,-0.0030680115,
0.716,-0.0049296748,
0.71625,0.0008173736,
0.7165,0.0109140594,
0.71675,-0.0003769770,
0.717,-0.0010978165,
0.71725,0.0085857902,
0.7175,0.0017445784,
0.71775,-0.0105682714,
0.718,0.0029866721,
0.71825,0.0040884591,
0.7185,-0.0026185743,
0.71875,-0.0071825362,
0.719,-0.0033721868,
0.71925,-0.0034252263,
0.7195,-0.0073105339,
0.71975,-0.0070957206,
0.72,0.0059241178,
0.72025,0.0053224065,
0.7205,-0.0013393459,
0.72075,0.0031607794,
0.721,0.0081099840,
0.72125,-0.0070204427,
0.7215,-0.0062726401,
0.72175,0.0013749553,
0.722,-0.0023160367,
0.72225,0.0046940506,
0.7225,0.0072710165,
0.72275,0.0030130383,
0.723,0.0054575503,
0.72325,-0.0042696912,
0.7235,-0.0114665423,
0.72375,-0.0069038281,
0.724,-0.0058280146,
0.72425,-0.0044792141,
0.7245,-0.0002121175,
0.72475,0.0036737439,
0.725,0.0032248420,
0.72525,0.0010244376,
0.7255,0.0017310595,
0.72575,0.0001913408,
0.726,-0.0024030956,
0.72625,0.0008241393,
0.7265,-0.0027628462,
0.72675,0.0009041967,
0.727,0.0008365250,
0.72725,-0.0043818639,
0.7275,-0.0042889724,
0.72775,-0.0093296561,
0.728,-0.0024740326,
0.72825,-0.0027526028,
0.7285,-0.0005009696,
0.72875,0.0063909730,
0.729,0.0055613648,
0.72925,-0.0024098509,
0.7295,-0.0033330289,
0.72975,-0.0024670558,
0.73,0.0011678076,
0.73025,-0.0020127881,
0.7305,0.0046623601,
0.73075,0.0146083487,
0.731,0.0111057200,
0.73125,-0.0002997195,
0.7315,0.0113766417,
0.73175,0.0099371700,
0.732,-0.0070793862,
0.73225,0.0038177755,
0.7325,0.0124107944,
0.73275,0.0079906872,
0.733,0.0010771925,
0.73325,0.0071858056,
0.7335,0.0113637280,
0.73375,0.0007254135,
0.734,-0.0052536987,
0.73425,0.0058312407,
0.7345,0.0068801055,
0.73475,-0.0002003638,
0.735,-0.0026986098,
0.73525,0.0059669772,
0.7355,-0.0003584564,
0.73575,-0.0089808209,
0.736,-0.0037086499,
0.73625,0.0044507389,
0.7365,0.0029139125,
0.73675,0.0055480334,
0.737,0.0117197735,
0.73725,0.0145106381,
0.7375,0.0039336067,
0.73775,-0.0010260644,
0.738,0.0048407791,
0.73825,0.0028418468,
0.7385,0.0015671005,
0.73875,0.0030207492,
0.739,0.0099346060,
0.73925,0.0117619988,
0.7395,0.0027142363,
0.73975,0.0032193665,
0.74,0.0076665222,
0.74025,-0.0059828400,
0.7405,-0.0059609385,
0.74075,0.0024763546,
0.741,0.0052216304,
0.74125,-0.0030857816,
0.7415,-0.0007103424,
0.74175,0.0027494882,
0.742,-0.0054398552,
0.74225,-0.0079925368,
0.7425,-0.0016448221,
0.74275,0.0021091392,
0.743,0.0002557996,
0.74325,-0.0007550440,
0.7435,-0.0009034992,
0.74375,-0.0069880635,
0.744,-0.0107697574,
0.74425,-0.0131520685,
0.7445,-0.0095276423,
0.74475,-0.0050992281,
0.745,-0.0036347900,
0.74525,0.0018766704,
0.7455,0.0012039864,
0.74575,-0.0008600892,
0.746,-0.0033893820,
0.74625,-0.0061068898,
0.7465,-0.0078505594,
0.74675,-0.0043951757,
0.747,0.0023944015,
0.74725,0.0036497531,
0.7475,0.0071792668,
0.74775,0.0078607118,
0.748,-0.0002937530,
0.74825,0.0019128701,
0.7485,0.0006601919,
0.74875,-0.0078855306,
0.749,-0.0003768492,
0.74925,0.0065189283,
0.7495,0.0026425011,
0.74975,0.0023807946,
0.75,0.0088356519,
0.75025,0.0017882567,
0.7505,-0.0050270469,
0.75075,0.0034403945,
0.751,0.0059374678,
0.75125,-0.0031668434,
0.7515,-0.0084432876,
0.75175,-0.0009340274,
0.752,0.0013611843,
0.75225,-0.0055825161,
0.7525,-0.0083139827,
0.75275,0.0026247650,
0.753,-0.0002910754,
0.75325,-0.0050252159,
0.7535,0.0042460607,
0.75375,0.0051288223,
0.754,-0.0040352447,
0.75425,-0.0029623434,
0.7545,-0.0005122804,
0.75475,-0.0026750765,
0.755,-0.0066531501,
0.75525,0.0054101450,
0.7555,0.0107520716,
0.75575,0.0052204346,
0.756,0.0070998836,
0.75625,0.0076765129,
0.7565,0.0011318645,
0.75675,-0.0015534221,
0.757,-0.0000827963,
0.75725,-0.0022769305,
0.7575,-0.0013571170,
0.75775,0.0049937125,
0.758,0.0032703148,
0.75825,-0.0006772414,
0.7585,0.0023034874,
0.75875,-0.0034360320,
0.759,-0.0069431672,
0.75925,-0.0018888076,
0.7595,-0.0029505792,
0.75975,-0.0026059179,
0.76,-0.0018885626,
0.76025,-0.0055112941,
0.7605,-0.0068867258,
0.76075,-0.0102790035,
0.761,-0.0115647130,
0.76125,-0.0095367376,
0.7615,-0.0056683263,
0.76175,-0.0023662229,
0.762,-0.0025895480,
0.76225,-0.0005035640,
0.7625,-0.0023041058,
0.76275,-0.0043338714,
0.763,-0.0099219196,
0.76325,-0.0071567576,
0.7635,0.0023131650,
0.76375,0.0068756714,
0.764,0.0035770391,
0.76425,0.0106873102,
0.7645,0.0161794554,
0.76475,0.0023237169,
0.765,-0.0019635125,
0.76525,0.0098811081,
0.7655,0.0042975312,
0.76575,-0.0033832099,
0.766,0.0093331970,
0.76625,0.0190754868,
0.7665,0.0062729223,
0.76675,0.0027778866,
0.767,0.0115259932,
0.76725,0.0060821287,
0.7675,-0.0033054175,
0.76775,0.0037359735,
0.768,0.0091255736,
0.76825,0.0066012740,
0.7685,-0.0037348419,
0.76875,-0.0043469379,
0.769,0.0042061680,
0.76925,-0.0101297637,
0.7695,-0.0120848529,
0.76975,0.0002317215,
0.77,0.0016926813,
0.77025,-0.0032541098,
0.7705,0.0059234467,
0.77075,0.0019520875,
0.771,-0.0075077955,
0.77125,-0.0074900966,
0.7715,-0.0064701168,
0.77175,0.0036424983,
0.772,0.0029639807,
0.77225,0.0059249215,
0.7725,0.0105130970,
0.77275,0.0140466020,
0.773,0.0071807993,
0.77325,0.0007471964,
0.7735,0.0021145379,
0.77375,0.0023726451,
0.774,-0.0046948651,
0.77425,-0.0051470282,
0.7745,0.0038659661,
0.77475,-0.0009448058,
0.775,-0.0060860864,
0.77525,0.0011185519,
0.7755,-0.0018367209,
0.77575,-0.0057246070,
0.776,-0.0024046034,
0.77625,-0.0014982831,
0.7765,-0.0011507985,
0.77675,0.0014062352,
0.777,-0.0063067693,
0.77725,-0.0076462696,
0.7775,-0.0053917188,
0.77775,-0.0083794687,
0.778,-0.0079933470,
0.77825,-0.0057307887,
0.7785,-0.0032313750,
0.77875,-0.0022895078,
0.779,-0.0004883607,
0.77925,-0.0040953984,
0.7795,-0.0048016189,
0.77975,-0.0077164830,
0.78,-0.0133379186,
0.78025,-0.0027284867,
0.7805,0.0002957188,
0.78075,0.0009859171,
0.781,0.0031144391,
0.78125,0.0048286035,
0.7815,-0.0000609125,
0.78175,-0.0089162383,
0.782,0.0007697217,
0.78225,-0.0024401885,
0.7825,-0.0057755406,
0.78275,0.0032079893,
0.783,0.0091656782,
0.78325,0.0033115884,
0.7835,0.0031441592,
0.78375,0.0079719769,
0.784,-0.0014083879,
0.78425,-0.0062289611,
0.7845,0.0056933980,
0.78475,0.0025549638,
0.785,-0.0003814407,
0.78525,-0.0021046295,
0.7855,-0.0000553376,
0.78575,-0.0045698243,
0.786,-0.0128835645,
0.78625,-0.0086220335,
0.7865,0.0000744890,
0.78675,-0.0145751983,
0.787,-0.0106349420,
0.78725,0.0060846009,
0.7875,0.0001814048,
0.78775,-0.0071010501,
0.788,0.0005270659,
0.78825,0.0072792275,
0.7885,-0.0046539521,
0.78875,-0.0021627143,
0.789,0.0123245530,
0.78925,0.0076173041,
0.7895,0.0044480716,
0.78975,0.0052185403,
0.79,0.0044948142,
0.79025,-0.0014348524,
0.7905,-0.0001345804,
0.79075,0.0018735097,
0.791,0.0004462455,
0.79125,0.0050970502,
0.7915,0.0064885868,
0.79175,0.0072434535,
0.792,0.0005106662,
0.79225,0.0055531999,
0.7925,-0.0015907937,
0.79275,-0.0002484992,
0.793,-0.0006260572,
0.79325,-0.0020789695,
0.7935,-0.0016783270,
0.79375,-0.0061842119,
0.794,-0.0091205696,
0.79425,-0.0076087913,
0.7945,-0.0099610686,
0.79475,-0.0086433087,
0.795,-0.0085083265,
0.79525,-0.0033372268,
0.7955,-0.0058641415,
0.79575,-0.0046022120,
0.796,-0.0030481454,
0.79625,-0.0070658354,
0.7965,-0.0035506163,
0.79675,-0.0077284258,
0.797,-0.0035064998,
0.79725,0.0079269977,
0.7975,0.0014661122,
0.79775,0.0015715787,
0.798,0.0106141828,
0.79825,0.0084198937,
0.7985,-0.0042396402,
0.79875,0.0047382689,
0.799,0.0127962185,
0.79925,0.0046188403,
0.7995,0.0019690252,
0.79975,0.0134786479,
0.8,0.0134843728,
0.80025,0.0012950214,
0.8005,0.0023585532,
0.80075,0.0110839829,
0.801,0.0061338819,
0.80125,-0.0032138424,
0.8015,0.0032302437,
0.80175,0.0113461465,
0.802,0.0012059761,
0.80225,-0.0055202628,
0.8025,0.0009898822,
0.80275,0.0033223904,
0.803,-0.0055919690,
0.80325,0.0005499275,
0.8035,0.0115940496,
0.80375,0.0091810925,
0.804,0.0039171558,
0.80425,0.0042629847,
0.8045,0.0062149940,
0.80475,0.0051345145,
0.805,0.0004354194,
0.80525,0.0062333019,
0.8055,0.0129286367,
0.80575,0.0134917237,
0.806,0.0052388422,
0.80625,0.0093972301,
0.8065,0.0115511771,
0.80675,-0.0031562219,
0.807,-0.0080064405,
0.80725,0.0044973656,
0.8075,-0.0019567709,
0.80775,-0.0040200483,
0.808,-0.0027664660,
0.80825,0.0078385063,
0.8085,-0.0021717858,
0.80875,-0.0044139070,
0.809,0.0050002541,
0.80925,0.0020162044,
0.8095,-0.0024170191,
0.80975,-0.0016357632,
0.81,-0.0028820713,
0.81025,-0.0022258111,
0.8105,-0.0090316609,
0.81075,-0.0083499262,
0.811,-0.0067681596,
0.81125,-0.0072226357,
0.8115,-0.0079797609,
0.81175,-0.0049383328,
0.812,0.0007614680,
0.81225,-0.0054138615,
0.8125,-0.0057767620,
0.81275,-0.0058817915,
0.813,-0.0084864590,
0.81325,-0.0074537788,
0.8135,-0.0083692260,
0.81375,-0.0060156761,
0.814,0.0029220870,
0.81425,0.0017735396,
0.8145,0.0013384861,
0.81475,0.0025014179,
0.815,0.0042671026,
0.81525,-0.0054174028,
0.8155,0.0012876653,
0.81575,0.0056175003,
0.816,0.0024527146,
0.81625,0.0046862317,
0.8165,0.0108066332,
0.81675,0.0073052095,
0.817,0.0006245925,
0.81725,0.0048845904,
0.8175,0.0065738172,
0.81775,-0.0007849167,
0.818,0.0028403811,
0.81825,0.0047791558,
0.8185,0.0000200695,
0.81875,-0.0054417788,
0.819,-0.0047417274,
0.81925,-0.0038093007,
0.8195,-0.0059644869,
0.81975,-0.0060887141,
0.82,0.0008237861,
0.82025,0.0053789597,
0.8205,-0.0011253421,
0.82075,0.0010216052,
0.821,0.0013779923,
0.82125,-0.0068552555,
0.8215,-0.0100121079,
0.82175,0.0031070553,
0.822,0.0036912856,
0.82225,-0.0017612287,
0.8225,0.0097711924,
0.82275,0.0132333338,
0.823,0.0037303921,
0.82325,0.0040978706,
0.8235,0.0038036457,
0.82375,0.0009996560,
0.824,-0.0000949656,
0.82425,0.0041050538,
0.8245,0.0040882784,
0.82475,0.0029088724,
0.825,0.0070523913,
0.82525,0.0023103212,
0.8255,-0.0015342493,
0.82575,0.0001748702,
0.826,-0.0016568864,
0.82625,-0.0019400094,
0.8265,-0.0005827515,
0.82675,-0.0031058611,
0.827,-0.0017267785,
0.82725,-0.0088565694,
0.8275,-0.0090650562,
0.82775,-0.0095349848,
0.828,-0.0082421135,
0.82825,-0.0063563515,
0.8285,-0.0057963850,
0.82875,-0.0009079975,
0.829,-0.0034701228,
0.82925,-0.0066464795,
0.8295,-0.0072689960,
0.82975,-0.0079208137,
0.83,-0.0032738757,
0.83025,-0.0026696948,
0.8305,-0.0037754965,
0.83075,0.0065453909,
0.831,0.0080467630,
0.83125,-0.0023344615,
0.8315,0.0029929257,
0.83175,0.0093079209,
0.832,-0.0048998566,
0.83225,-0.0049370574,
0.8325,0.0100482581,
0.83275,0.0090239001,
0.833,0.0013346343,
0.83325,0.0057490584,
0.8335,0.0139601026,
0.83375,0.0024269198,
0.834,-0.0060264445,
0.83425,0.0117509980,
0.8345,0.0136902500,
0.83475,0.0011989508,
0.835,0.0008676396,
0.83525,0.0141671747,
0.8355,0.0056876913,
0.83575,-0.0073329071,
0.836,0.0000700773,
0.83625,0.0076924632,
0.8365,-0.0033744609,
0.83675,-0.0071802759,
0.837,0.0065162061,
0.83725,0.0045854282,
0.8375,-0.0018380419,
0.83775,-0.0011809843,
0.838,0.0029360389,
0.83825,-0.0025405150,
0.8385,-0.0059258603,
0.83875,0.0060604103,
0.839,0.0118911490,
0.83925,0.0123258764,
0.8395,0.0100613674,
0.83975,0.0074375561,
0.84,0.0101648634,
0.84025,0.0019185619,
0.8405,-0.0014917804,
0.84075,0.0047015375,
0.841,0.0079718111,
0.84125,0.0040292353,
0.8415,0.0043446701,
0.84175,0.0087595722,
0.842,0.0031001179,
0.84225,-0.0070804395,
0.8425,-0.0000958929,
0.84275,0.0009787986,
0.843,-0.0033566379,
0.84325,-0.0136845373,
0.8435,-0.0067472383,
0.84375,-0.0103462879,
0.844,-0.0107842460,
0.84425,-0.0143175889,
0.8445,-0.0079366677,
0.84475,-0.0077142450,
0.845,-0.0074933926,
0.84525,-0.0085269958,
0.8455,0.0002924732,
0.84575,-0.0061460789,
0.846,-0.0093294876,
0.84625,-0.0086593283,
0.8465,-0.0113844424,
0.84675,-0.0054924940,
0.847,-0.0020574853,
0.84725,-0.0001769233,
0.8475,0.0045059822,
0.84775,0.0096446937,
0.848,0.0034688176,
0.84825,0.0018970022,
0.8485,0.0036308218,
0.84875,0.0001551825,
0.849,-0.0010754655,
0.84925,0.0066361586,
0.8495,0.0037009546,
0.84975,0.0054850820,
0.85,0.0060209627,
0.85025,0.0078737978,
0.8505,-0.0004469283,
0.85075,0.0001527570,
0.851,0.0027668583,
0.85125,-0.0029668116,
0.8515,-0.0049566268,
0.85175,0.0016000285,
0.852,-0.0032289252,
0.85225,-0.0083969450,
0.8525,-0.0080988975,
0.85275,-0.0039960267,
0.853,-0.0057965275,
0.85325,-0.0053971144,
0.8535,-0.0007369788,
0.85375,0.0039320048,
0.854,-0.0032734447,
0.85425,-0.0033175375,
0.8545,0.0003249049,
0.85475,-0.0037101428,
0.855,-0.0102690374,
0.85525,0.0030569946,
0.8555,0.0097529637,
0.85575,0.0034082807,
0.856,0.0127400719,
0.85625,0.0157186761,
0.8565,0.0029694126,
0.85675,0.0017782347,
0.857,0.0029536921,
0.85725,-0.0023797858,
0.8575,-0.0042056828,
0.85775,0.0033092392,
0.858,0.0030305844,
0.85825,0.0018264964,
0.8585,0.0059198132,
0.85875,0.0034018983,
0.859,-0.0010690941,
0.85925,-0.0030867627,
0.8595,0.0009921796,
0.85975,-0.0020835353,
0.86,-0.0007057724,
0.86025,-0.0014776447,
0.8605,-0.0062787328,
0.86075,-0.0092002675,
0.861,-0.0074033760,
0.86125,-0.0135899466,
0.8615,-0.0112486593,
0.86175,-0.0077146171,
0.862,-0.0059047253,
0.86225,-0.0055271690,
0.8625,-0.0008934233,
0.86275,-0.0069537591,
0.863,-0.0112335701,
0.86325,-0.0085411798,
0.8635,-0.0060381033,
0.86375,-0.0001407101,
0.864,0.0013019268,
0.86425,0.0063645416,
0.8645,0.0162237175,
0.86475,0.0029915618,
0.865,-0.0024226818,
0.86525,0.0124727394,
0.8655,0.0040070331,
0.86575,-0.0081413453,
0.866,0.0077057020,
0.86625,0.0136080123,
0.8665,-0.0008227229,
0.86675,0.0005438242,
0.867,0.0122246966,
0.86725,0.0044099167,
0.8675,-0.0057872543,
0.86775,0.0018924539,
0.868,0.0097345617,
0.86825,0.0027917800,
0.8685,-0.0041787913,
0.86875,0.0044859601,
0.869,0.0042875474,
0.86925,-0.0124121653,
0.8695,-0.0088967625,
0.86975,0.0022555706,
0.87,-0.0022493636,
0.87025,-0.0028402326,
0.8705,0.0052249474,
0.87075,0.0080426484,
0.871,0.0011999820,
0.87125,-0.0043976186,
0.8715,0.0019740623,
0.87175,0.0024155490,
0.872,-0.0011584514,
0.87225,0.0088303629,
0.8725,0.0128461691,
0.87275,0.0107341092,
0.873,0.0102748396,
0.87325,0.0059463931,
0.8735,0.0050170198,
0.87375,0.0065236189,
0.874,-0.0021931166,
0.87425,-0.0017531519,
0.8745,0.0099565573,
0.87475,0.0051734196,
0.875,0.0001682475,
0.87525,0.0084145265,
0.8755,0.0016607322,
0.87575,-0.0081003606,
0.876,-0.0076344977,
0.87625,-0.0027259523,
0.8765,-0.0049392721,
0.87675,-0.0065951613,
0.877,-0.0076890877,
0.87725,-0.0063160332,
0.8775,-0.0073622800,
0.87775,-0.0132966489,
0.878,-0.0105488095,
0.87825,-0.0057618711,
0.8785,-0.0048345025,
0.87875,-0.0058496692,
0.879,0.0000165278,
0.87925,-0.0018914252,
0.8795,-0.0061299494,
0.87975,-0.0068172477,
0.88,-0.0086301202,
0.88025,-0.0042273938,
0.8805,0.0042170063,
0.88075,0.0015431434,
0.881,0.0033690063,
0.88125,0.0080158180,
0.8815,0.0018826514,
0.88175,-0.0053069498,
0.882,0.0006123161,
0.88225,-0.0021661813,
0.8825,-0.0083270799,
0.88275,0.0007026637,
0.883,0.0027775746,
0.88325,0.0007890498,
0.8835,-0.0005651891,
0.88375,0.0008977666,
0.884,-0.0025894162,
0.88425,-0.0050478219,
0.8845,-0.0012959306,
0.88475,-0.0075708097,
0.885,-0.0071599637,
0.88525,-0.0069969660,
0.8855,-0.0052083354,
0.88575,-0.0042672786,
0.886,-0.0076757111,
0.88625,-0.0061794640,
0.8865,-0.0079174275,
0.88675,-0.0045730239,
0.887,-0.0006791506,
0.88725,0.0059529822,
0.8875,0.0012944562,
0.88775,-0.0012828609,
0.888,-0.0013078965,
0.88825,0.0006907008,
0.8885,-0.0035086379,
0.88875,0.0013777725,
0.889,0.0125675462,
0.88925,0.0090585258,
0.8895,0.0061196378,
0.88975,0.0099526048,
0.89,0.0064561586,
0.89025,-0.0074153552,
0.8905,-0.0004965350,
0.89075,0.0010085915,
0.891,-0.0024219761,
0.89125,0.0003295723,
0.8915,0.0082517536,
0.89175,0.0042664530,
0.892,0.0042164517,
0.89225,-0.0005180500,
0.8925,-0.0068143578,
0.89275,-0.0038110511,
0.893,-0.0050920132,
0.89325,-0.0058037532,
0.8935,0.0024999771,
0.89375,-0.0014929504,
0.894,-0.0045335777,
0.89425,-0.0000534967,
0.8945,-0.0038021242,
0.89475,-0.0043175668,
0.895,-0.0015448087,
0.89525,0.0014127837,
0.8955,0.0007472328,
0.89575,0.0019227033,
0.896,-0.0013677432,
0.89625,-0.0027170195,
0.8965,-0.0040371027,
0.89675,-0.0077564693,
0.897,-0.0026595611,
0.89725,0.0085191056,
0.8975,-0.0005036597,
0.89775,0.0036208997,
0.898,0.0104301330,
0.89825,0.0047664903,
0.8985,-0.0048947958,
0.89875,0.0038271504,
0.899,0.0057007652,
0.89925,-0.0043370957,
0.8995,-0.0025159467,
0.89975,0.0117002157,
0.9,0.0077879233,
0.90025,-0.0033719167,
0.9005,0.0084067862,
0.90075,0.0100055803,
0.901,-0.0009391498,
0.90125,-0.0006755673,
0.9015,0.0109092807,
0.90175,0.0133108394,
0.902,-0.0006468343,
0.90225,-0.0035336851,
0.9025,0.0087322369,
0.90275,-0.0001223373,
0.903,-0.0062299129,
0.90325,0.0056832726,
0.9035,0.0122564789,
0.90375,-0.0001753314,
0.904,0.0025387341,
0.90425,0.0071522691,
0.9045,-0.0000192862,
0.90475,-0.0043739569,
0.905,-0.0021857785,
0.90525,0.0029063262,
0.9055,0.0078183450,
0.90575,0.0042090365,
0.906,0.0132255834,
0.90625,0.0112969261,
0.9065,0.0059194090,
0.90675,0.0006865389,
0.907,0.0025390359,
0.90725,0.0061244518,
0.9075,0.0016021141,
0.90775,0.0011769384,
0.908,0.0022397847,
0.90825,0.0065762135,
0.9085,-0.0036884118,
0.90875,-0.0051324982,
0.909,-0.0002357327,
0.90925,-0.0059487913,
0.9095,-0.0070291655,
0.90975,-0.0005438302,
0.91,-0.0041094599,
0.91025,-0.0019690422,
0.9105,-0.0035386137,
0.91075,-0.0096286731,
0.911,-0.0027887635,
0.91125,-0.0046905726,
0.9115,-0.0065356242,
0.91175,0.0024577510,
0.912,0.0076857619,
0.91225,0.0024570336,
0.9125,0.0046756309,
0.91275,-0.0017640381,
0.913,-0.0075721205,
0.91325,-0.0040214746,
0.9135,-0.0047612800,
0.91375,-0.0032451595,
0.914,0.0073855175,
0.91425,0.0089127952,
0.9145,0.0018891081,
0.91475,0.0013713115,
0.915,-0.0001896366,
0.91525,-0.0060375528,
0.9155,-0.0057851849,
0.91575,-0.0015094905,
0.916,-0.0005889263,
0.91625,0.0008837300,
0.9165,0.0012674119,
0.91675,0.0032777039,
0.917,-0.0024824555,
0.91725,-0.0007075171,
0.9175,-0.0019118309,
0.91775,-0.0015682208,
0.918,0.0041947560,
0.91825,-0.0008778991,
0.9185,-0.0016323796,
0.91875,0.0013119932,
0.919,-0.0055721952,
0.91925,-0.0068910462,
0.9195,-0.0076052183,
0.91975,-0.0014885473,
0.92,0.0000835602,
0.92025,0.0046512969,
0.9205,0.0005105692,
0.92075,0.0038869460,
0.921,0.0001881663,
0.92125,-0.0116510494,
0.9215,-0.0022789934,
0.92175,0.0059524942,
0.922,-0.0028371159,
0.92225,0.0005259230,
0.9225,0.0088891163,
0.92275,0.0094203437,
0.923,-0.0004294876,
0.92325,0.0032222949,
0.9235,0.0024728556,
0.92375,-0.0045599584,
0.924,-0.0046429499,
0.92425,0.0035682893,
0.9245,0.0079650879,
0.92475,0.0018567691,
0.925,0.0044150841,
0.92525,0.0047668857,
0.9255,-0.0018371802,
0.92575,-0.0008621376,
0.926,0.0010769351,
0.92625,0.0025466196,
0.9265,0.0053983377,
0.92675,0.0022029257,
0.927,0.0003269526,
0.92725,-0.0009359866,
0.9275,-0.0045792134,
0.92775,-0.0069750031,
0.928,-0.0023322790,
0.92825,0.0000476839,
0.9285,-0.0010304691,
0.92875,-0.0003156109,
0.929,-0.0021026654,
0.92925,-0.0058977329,
0.9295,-0.0077404901,
0.92975,-0.0115155755,
0.93,-0.0067037302,
0.93025,-0.0037171084,
0.9305,-0.0040466236,
0.93075,0.0083918851,
0.931,0.0075027673,
0.93125,-0.0043198494,
0.9315,-0.0012410631,
0.93175,0.0029436895,
0.932,-0.0068844743,
0.93225,-0.0048729884,
0.9325,0.0066507054,
0.93275,0.0064483979,
0.933,-0.0015892308,
0.93325,0.0035026271,
0.9335,0.0100872740,
0.93375,-0.0030235786,
0.934,-0.0056029339,
0.93425,0.0078863222,
0.9345,0.0112759154,
0.93475,0.0021110538,
0.935,0.0055938819,
0.93525,0.0148468325,
0.9355,0.0052927453,
0.93575,-0.0039005883,
0.936,0.0030710620,
0.93625,0.0098178443,
0.9365,0.0010056667,
0.93675,-0.0005059166,
0.937,0.0136577329,
0.93725,0.0103556328,
0.9375,-0.0032300726,
0.93775,-0.0036526613,
0.938,-0.0004985703,
0.93825,-0.0057096276,
0.9385,-0.0061148596,
0.93875,0.0046973731,
0.939,0.0081642587,
0.93925,0.0054006018,
0.9395,0.0066718902,
0.93975,0.0064516384,
0.94,0.0061478009,
0.94025,-0.0002821878,
0.9405,-0.0017523298,
0.94075,0.0004402596,
0.941,0.0033426206,
0.94125,0.0036351485,
0.9415,0.0020353927,
0.94175,0.0039839288,
0.942,0.0039861780,
0.94225,-0.0042565563,
0.9425,0.0014461648,
0.94275,0.0015403640,
0.943,-0.0012213265,
0.94325,0.0005345545,
0.9435,-0.0008722846,
0.94375,-0.0053099561,
0.944,-0.0032337590,
0.94425,-0.0076373336,
0.9445,-0.0065897410,
0.94475,0.0003875542,
0.945,0.0007617477,
0.94525,-0.0001514467,
0.9455,0.0024565763,
0.94575,0.0012764572,
0.946,-0.0053684674,
0.94625,-0.0103167212,
0.9465,-0.0140796844,
0.94675,-0.0116862869,
0.947,-0.0068175117,
0.94725,-0.0103640724,
0.9475,-0.0079751406,
0.94775,0.0022024005,
0.948,-0.0051883487,
0.94825,-0.0096829990,
0.9485,-0.0121629890,
0.94875,-0.0071518337,
0.949,-0.0124329505,
0.94925,-0.0052596121,
0.9495,0.0040431633,
0.94975,0.0055788048,
0.95,0.0039113713,
0.95025,0.0034022755,
0.9505,-0.0000790897,
0.95075,0.0002633416,
0.951,0.0029791882,
0.95125,0.0053509241,
0.9515,0.0069149402,
0.95175,0.0058890441,
0.952,-0.0003092356,
0.95225,-0.0013473625,
0.9525,-0.0016187804,
0.95275,-0.0031155134,
0.953,-0.0048383796,
0.95325,0.0002416180,
0.9535,0.0020776954,
0.95375,0.0006153737,
0.954,-0.0058523407,
0.95425,-0.0070761722,
0.9545,-0.0055515622,
0.95475,-0.0112851411,
0.955,-0.0153615521,
0.95525,-0.0024292986,
0.9555,0.0042642076,
0.95575,-0.0027390409,
0.956,0.0036888896,
0.95625,0.0135039538,
0.9565,-0.0012017183,
0.95675,-0.0053039296,
0.957,0.0063867895,
0.95725,0.0052120546,
0.9575,-0.0038855060,
0.95775,0.0031824666,
0.958,0.0109356064,
0.95825,0.0013050421,
0.9585,-0.0003030984,
0.95875,0.0067665335,
0.959,0.0041327607,
0.95925,-0.0028984305,
0.9595,-0.0022738795,
0.95975,0.0029945245,
0.96,0.0014404708,
0.96025,-0.0054902947,
0.9605,-0.0044646473,
0.96075,-0.0010817732,
0.961,-0.0080656614,
0.96125,-0.0109734116,
0.9615,-0.0035253225,
0.96175,-0.0017935047,
0.962,-0.0005822263,
0.96225,-0.0033210390,
0.9625,-0.0020315803,
0.96275,-0.0103579788,
0.963,-0.0171022061,
0.96325,-0.0076745097,
0.9635,-0.0095828976,
0.96375,-0.0004287854,
0.964,-0.0009793964,
0.96425,-0.0013321065,
0.9645,0.0046745040,
0.96475,-0.0016567373,
0.965,-0.0058467528,
0.96525,-0.0008239451,
0.9655,-0.0023352825,
0.96575,-0.0087849470,
0.966,-0.0025384645,
0.96625,0.0061543123,
0.9665,-0.0002541122,
0.96675,0.0001451804,
0.967,0.0078478307,
0.96725,0.0027780472,
0.9675,-0.0060550775,
0.96775,0.0018413898,
0.968,0.0087109869,
0.96825,0.0070068724,
0.9685,0.0019651118,
0.96875,0.0072202315,
0.969,0.0094463453,
0.96925,-0.0038130372,
0.9695,-0.0058619697,
0.96975,0.0057414430,
0.97,0.0038375021,
0.97025,-0.0006208694,
0.9705,0.0031431110,
0.97075,0.0084643736,
0.971,-0.0013848073,
0.97125,-0.0088040037,
0.9715,-0.0048760357,
0.97175,-0.0041843709,
0.972,-0.0069520674,
0.97225,-0.0010350193,
0.9725,0.0087451302,
0.97275,0.0078569129,
0.973,0.0062046917,
0.97325,0.0049214629,
0.9735,0.0034644273,
0.97375,0.0036786029,
0.974,0.0015465607,
0.97425,0.0033691684,
0.9745,0.0076522422,
0.97475,0.0126004489,
0.975,0.0058947527,
0.97525,0.0034441133,
0.9755,0.0052632629,
0.97575,-0.0026292435,
0.976,-0.0039267316,
0.97625,0.0056864917,
0.9765,-0.0001568462,
0.97675,0.0021220450,
0.977,-0.0052554864,
0.97725,-0.0046929936,
0.9775,-0.0053351391,
0.97775,-0.0032096545,
0.978,-0.0048370170,
0.97825,0.0001735185,
0.9785,0.0034016978,
0.97875,-0.0025613697,
0.979,-0.0004105687,
0.97925,0.0004611324,
0.9795,-0.0101932399,
0.97975,-0.0109287445,
0.98,-0.0129987951,
0.98025,-0.0172777940,
0.9805,-0.0056873960,
0.98075,-0.0051253824,
0.981,-0.0044921194,
0.98125,-0.0004747496,
0.9815,-0.0000495946,
0.98175,-0.0112697473,
0.982,-0.0092316475,
0.98225,-0.0032045874,
0.9825,-0.0034426162,
0.98275,-0.0012729055,
0.983,0.0031041722,
0.98325,0.0061404612,
0.9835,0.0101263616,
0.98375,0.0064838389,
0.984,0.0051894551,
0.98425,0.0051085567,
0.9845,0.0033836125,
0.98475,-0.0032969392,
0.985,-0.0020726039,
0.98525,0.0014133505,
0.9855,-0.0069094021,
0.98575,-0.0048974059,
0.986,-0.0062829359,
0.98625,-0.0031213369,
0.9865,-0.0054357927,
0.98675,-0.0029657793,
0.987,-0.0002763894,
0.98725,-0.0031737376,
0.9875,-0.0112644350,
0.98775,-0.0100672599,
0.988,-0.0048660440,
0.98825,-0.0053981505,
0.9885,-0.0068967929,
0.98875,0.0043951562,
0.989,0.0132420473,
0.98925,0.0097004427,
0.9895,0.0039623263,
0.98975,0.0112461904,
0.99,0.0077006780,
0.99025,-0.0100769382,
0.9905,-0.0002185024,
0.99075,0.0070006782,
0.991,-0.0072141131,
0.99125,0.0011019330,
0.9915,0.0095673641,
0.99175,0.0090797795,
0.992,-0.0040182155,
0.99225,0.0001641585,
0.9925,0.0051702377,
0.99275,0.0008144953,
0.993,-0.0041439133,
0.99325,0.0025503486,
0.9935,0.0084061539,
0.99375,-0.0006102416,
0.994,-0.0067840004,
0.99425,0.0012990575,
0.9945,-0.0014406944,
0.99475,-0.0058623352,
0.995,0.0001389318,
0.99525,0.0004211156,
0.9955,-0.0026871825,
0.99575,-0.0077473116,
0.996,-0.0049382364,
0.99625,-0.0078195157,
0.9965,-0.0107735060,
0.99675,-0.0085494136,
0.997,-0.0065972647,
0.99725,-0.0019975218,
0.9975,0.0040229694,
0.99775,0.0021039110,
0.998,0.0044003106,
0.99825,0.0060639558,
0.9985,-0.0018680048,
0.99875,-0.0045384369,
0.999,0.0068808943,
0.99925,0.0038410686,
0.9995,-0.0005551691,
0.99975,0.0107877869,
1,0.0103239631,
1.00025,-0.0029406778,
1.0005,0.0045766151,
1.00075,0.0071187248,
1.001,0.0015406518,
1.00125,0.0010001262,
1.0015,0.0052317176,
1.00175,0.0092907352,
1.002,0.0015949034,
1.00225,-0.0039206063,
1.0025,0.0069951476,
1.00275,0.0005923351,
1.003,-0.0098335966,
1.00325,0.0041530062,
1.0035,0.0124606164,
1.00375,0.0033087821,
1.004,0.0039223060,
1.00425,0.0130937267,
1.0045,0.0029465351,
1.00475,-0.0049471585,
1.005,-0.0006987323,
1.00525,0.0039460487,
1.0055,0.0002582165,
1.00575,0.0004793595,
1.006,0.0126475114,
1.00625,0.0098145856,
1.0065,0.0001663777,
1.00675,0.0054500783,
1.007,0.0048438944,
1.00725,0.0023355579,
1.0075,0.0018090655,
1.00775,0.0084695583,
1.008,0.0068285367,
1.00825,0.0068769879,
1.0085,0.0087542906,
1.00875,0.0059300344,
1.009,0.0055190916,
1.00925,0.0018711230,
1.0095,-0.0020009903,
1.00975,0.0042580152,
1.01,0.0001274155,
1.01025,0.0010219017,
1.0105,0.0023736916,
1.01075,-0.0048800311,
1.011,-0.0057327026,
1.01125,-0.0041492842,
1.0115,-0.0040576281,
1.01175,-0.0026497459,
1.012,0.0024830345,
1.01225,-0.0054535647,
1.0125,-0.0064014359,
1.01275,-0.0070644477,
1.013,-0.0090904143,
1.01325,-0.0119287418,
1.0135,-0.0142290648,
1.01375,-0.0043768827,
1.014,-0.0060653551,
1.01425,0.0019531548,
1.0145,-0.0000568576,
1.01475,-0.0056348611,
1.015,-0.0037650154,
1.01525,-0.0063434015,
1.0155,-0.0148179792,
1.01575,-0.0101464717,
1.016,0.0007116297,
1.01625,-0.0023595565,
1.0165,-0.0009741567,
1.01675,0.0051518972,
1.017,0.0020058902,
1.01725,0.0025452827,
1.0175,0.0021835028,
1.01775,-0.0016926379,
1.018,0.0063275364,
1.01825,0.0019421789,
1.0185,-0.0052210810,
1.01875,0.0041727028,
1.019,-0.0001625805,
1.01925,-0.0060326988,
1.0195,-0.0032848143,
1.01975,0.0023567961,
1.02,-0.0040033553,
1.02025,-0.0001160663,
1.0205,0.0024993280,
1.02075,0.0019353301,
1.021,-0.0016674121,
1.02125,-0.0083503406,
1.0215,-0.0066804402,
1.02175,-0.0000516860,
1.022,-0.0076682214,
1.02225,-0.0049122702,
1.0225,0.0114155579,
1.02275,0.0096622817,
1.023,-0.0006623237,
1.02325,0.0042011342,
1.0235,0.0055856653,
1.02375,-0.0082079889,
1.024,-0.0067323567,
1.02425,0.0088252351,
1.0245,0.0061423141,
1.02475,-0.0009423625,
1.025,0.0099272514,
1.02525,0.0117660351,
1.0255,-0.0003354799,
1.02575,0.0006774950,
1.026,0.0081679625,
1.02625,0.0049602408,
1.0265,-0.0022871504,
1.02675,0.0013460643,
1.027,0.0068397815,
1.02725,-0.0002269915,
1.0275,-0.0062556472,
1.02775,-0.0010625718,
1.028,0.0044231401,
1.02825,-0.0045568850,
1.0285,-0.0037969286,
1.02875,0.0040718019,
1.029,-0.0021754142,
1.02925,-0.0067690602,
1.0295,-0.0089304848,
1.02975,-0.0099238642,
1.03,-0.0130440108,
1.03025,-0.0116863856,
1.0305,-0.0070907357,
1.03075,-0.0024623785,
1.031,0.0009345875,
1.03125,-0.0023164393,
1.0315,-0.0010913159,
1.03175,0.0035064407,
1.032,-0.0043026144,
1.03225,-0.0038757715,
1.0325,0.0050838753,
1.03275,0.0058056023,
1.033,0.0010022399,
1.03325,0.0074439319,
1.0335,0.0114799645,
1.03375,0.0013276981,
1.034,-0.0009444475,
1.03425,0.0078843618,
1.0345,0.0030646983,
1.03475,-0.0038616327,
1.035,0.0026256400,
1.03525,0.0063561201,
1.0355,-0.0012490485,
1.03575,-0.0053297970,
1.036,0.0026066727,
1.03625,0.0036604200,
1.0365,-0.0016782887,
1.03675,0.0039515882,
1.037,0.0135729313,
1.03725,0.0073225973,
1.0375,0.0013095384,
1.03775,0.0056790658,
1.038,0.0033563306,
1.03825,-0.0047145314,
1.0385,-0.0044204276,
1.03875,0.0007382434,
1.039,0.0011407089,
1.03925,0.0011437978,
1.0395,0.0040817605,
1.03975,0.0063669188,
1.04,-0.0000737928,
1.04025,-0.0029796257,
1.0405,0.0016659016,
1.04075,0.0012088950,
1.041,0.0010610158,
1.04125,0.0060771992,
1.0415,0.0075561688,
1.04175,0.0074609704,
1.042,0.0058510383,
1.04225,0.0014985206,
1.0425,-0.0004662023,
1.04275,0.0050030551,
1.043,-0.0026789559,
1.04325,0.0042131972,
1.0435,0.0047133039,
1.04375,-0.0047888262,
1.044,-0.0043520783,
1.04425,-0.0060224608,
1.0445,-0.0055062426,
1.04475,-0.0081107682,
1.045,-0.0021798182,
1.04525,-0.0026513427,
1.0455,-0.0003144564,
1.04575,-0.0017999205,
1.046,0.0014338838,
1.04625,-0.0069529731,
1.0465,-0.0115498910,
1.04675,-0.0115436241,
1.047,-0.0031658986,
1.04725,-0.0018009245,
1.0475,-0.0010386952,
1.04775,0.0095983911,
1.048,0.0064476789,
1.04825,-0.0049990397,
1.0485,-0.0040497971,
1.04875,0.0003704910,
1.049,-0.0063901902,
1.04925,-0.0107890889,
1.0495,0.0058697932,
1.04975,0.0028924393,
1.05,-0.0029918274,
1.05025,0.0047094463,
1.0505,0.0039248765,
1.05075,-0.0017976277,
1.051,0.0008505615,
1.05125,-0.0001570578,
1.0515,0.0028675427,
1.05175,0.0024949049,
1.052,-0.0026149300,
1.05225,-0.0024869912,
1.0525,0.0028930721,
1.05275,-0.0064230105,
1.053,-0.0044948249,
1.05325,0.0022456513,
1.0535,-0.0012755778,
1.05375,-0.0104317646,
1.054,-0.0048695384,
1.05425,-0.0124314763,
1.0545,-0.0077598281,
1.05475,-0.0146805793,
1.055,-0.0134016285,
1.05525,-0.0054202611,
1.0555,0.0012940264,
1.05575,-0.0055299099,
1.056,0.0047196066,
1.05625,0.0077140117,
1.0565,-0.0020681410,
1.05675,-0.0044847215,
1.057,0.0056383042,
1.05725,-0.0018097144,
1.0575,-0.0070468523,
1.05775,0.0067351097,
1.058,0.0111599183,
1.05825,0.0032586369,
1.0585,0.0024201567,
1.05875,0.0103792408,
1.059,0.0008656922,
1.05925,-0.0105135869,
1.0595,0.0018243957,
1.05975,0.0039884471,
1.06,-0.0002797941,
1.06025,0.0002524955,
1.0605,0.0037664406,
1.06075,0.0036184941,
1.061,-0.0066064401,
1.06125,-0.0043798778,
1.0615,0.0017608863,
1.06175,0.0000306664,
1.062,-0.0017670575,
1.06225,0.0041038957,
1.0625,0.0045493641,
1.06275,-0.0063598151,
1.063,-0.0089578824,
1.06325,-0.0055275382,
1.0635,-0.0104762409,
1.06375,-0.0033473060,
1.064,0.0003158944,
1.06425,0.0020490023,
1.0645,0.0046091499,
1.06475,0.0033941094,
1.065,-0.0043480960,
1.06525,-0.0055062724,
1.0655,-0.0032893664,
1.06575,-0.0073822597,
1.066,-0.0051972526,
1.06625,0.0075522093,
1.0665,0.0055571827,
1.06675,0.0043532057,
1.067,0.0070420839,
1.06725,0.0031981706,
1.0675,-0.0034348012,
1.06775,0.0011445262,
1.068,0.0090801604,
1.06825,0.0013348799,
1.0685,0.0005033553,
1.06875,0.0096836668,
1.069,0.0057009393,
1.06925,-0.0008117605,
1.0695,0.0020849046,
1.06975,0.0093927067,
1.07,0.0036163796,
1.07025,0.0060050930,
1.0705,0.0152202174,
1.07075,0.0099893427,
1.071,0.0016465585,
1.07125,-0.0006606225,
1.0715,0.0021896181,
1.07175,-0.0075318101,
1.072,-0.0102924127,
1.07225,0.0076483381,
1.0725,0.0066745938,
1.07275,0.0000212545,
1.073,0.0056200679,
1.07325,0.0073502604,
1.0735,-0.0039818995,
1.07375,-0.0063534202,
1.074,0.0035289351,
1.07425,0.0017083464,
1.0745,0.0017702481,
1.07475,0.0052569779,
1.075,0.0115187317,
1.07525,-0.0088942340,
1.0755,-0.0072224168,
1.07575,0.0030638063,
1.076,-0.0073383385,
1.07625,0.0051090838,
1.0765,-0.0005252104,
1.07675,0.0056378255,
1.077,0.0046720421,
1.07725,-0.0071142837,
1.0775,-0.0019711426,
1.07775,-0.0008070307,
1.078,-0.0065884832,
1.07825,-0.0085937399,
1.0785,0.0030941444,
1.07875,0.0058440110,
1.079,-0.0016788216,
1.07925,-0.0001546415,
1.0795,-0.0033299066,
1.07975,-0.0052213455,
1.08,-0.0122184623,
1.08025,-0.0098901568,
1.0805,0.0004659945,
1.08075,0.0019881062,
1.081,-0.0033433684,
1.08125,-0.0020233581,
1.0815,0.0010513372,
1.08175,-0.0080707101,
1.082,-0.0135025205,
1.08225,0.0005684474,
1.0825,-0.0049688974,
1.08275,-0.0075196251,
1.083,0.0005597220,
1.08325,0.0054256478,
1.0835,0.0021727444,
1.08375,0.0010757266,
1.084,0.0053818664,
1.08425,0.0035397517,
1.0845,0.0012488664,
1.08475,0.0009136531,
1.085,0.0040586689,
1.08525,0.0049217087,
1.0855,-0.0048523620,
1.08575,-0.0059871655,
1.086,0.0016952626,
1.08625,-0.0009962202,
1.0865,-0.0010778843,
1.08675,0.0052038981,
1.087,0.0109244529,
1.08725,0.0041072248,
1.0875,0.0010131667,
1.08775,-0.0002005919,
1.088,-0.0047431369,
1.08825,-0.0051700836,
1.0885,-0.0107113728,
1.08875,-0.0062771495,
1.089,0.0053368653,
1.08925,-0.0007118309,
1.0895,-0.0015048047,
1.08975,0.0050720735,
1.09,-0.0039112438,
1.09025,-0.0119721405,
1.0905,-0.0018365649,
1.09075,0.0017589255,
1.091,-0.0047164913,
1.09125,0.0009941331,
1.0915,0.0102364887,
1.09175,0.0032516511,
1.092,-0.0031099536,
1.09225,0.0042784889,
1.0925,0.0052642794,
1.09275,-0.0019878752,
1.093,0.0014618639,
1.09325,0.0100005511,
1.0935,0.0059133926,
1.09375,-0.0054965280,
1.094,-0.0035839470,
1.09425,0.0012920189,
1.0945,-0.0075573837,
1.09475,-0.0032541275,
1.095,0.0042254520,
1.09525,0.0035275305,
1.0955,0.0006911132,
1.09575,-0.0007185224,
1.096,0.0002178024,
1.09625,-0.0069232183,
1.0965,-0.0116683738,
1.09675,-0.0048552556,
1.097,-0.0023278038,
1.09725,-0.0039938455,
1.0975,0.0053600753,
1.09775,0.0041502942,
1.098,-0.0025682971,
1.09825,0.0012582643,
1.0985,-0.0059095891,
1.09875,-0.0088467831,
1.099,0.0052269590,
1.09925,-0.0008872196,
1.0995,0.0016748905,
1.09975,0.0074939169,
1.1,0.0067284340,
1.10025,-0.0025075893,
1.1005,0.0062930519,
1.10075,0.0051612989,
1.101,0.0020559465,
1.10125,0.0051301494,
1.1015,0.0081836190,
1.10175,0.0065552033,
1.102,0.0063592289,
1.10225,0.0030113396,
1.1025,0.0055778567,
1.10275,-0.0001085501,
1.103,-0.0035046493,
1.10325,0.0098994449,
1.1035,0.0092058983,
1.10375,-0.0019299507,
1.104,0.0077662375,
1.10425,0.0059470199,
1.1045,-0.0083926078,
1.10475,-0.0045808121,
1.105,0.0003753320,
1.10525,-0.0009841166,
1.1055,-0.0018443762,
1.10575,0.0030938224,
1.106,0.0085476888,
1.10625,0.0038583567,
1.1065,-0.0073361825,
1.10675,0.0032455847,
1.107,0.0015715612,
1.10725,-0.0123268347,
1.1075,-0.0035227581,
1.10775,0.0107817128,
1.108,0.0025333441,
1.10825,0.0055637308,
1.1085,0.0101990849,
1.10875,0.0057239896,
1.109,-0.0019495925,
1.10925,0.0038714728,
1.1095,0.0017012679,
1.10975,0.0070092925,
1.11,-0.0033743819,
1.11025,-0.0024557787,
1.1105,0.0034032075,
1.11075,-0.0070261722,
1.111,-0.0113968598,
1.11125,0.0009662903,
1.1115,0.0030783154,
1.11175,-0.0034281102,
1.112,0.0015073583,
1.11225,0.0052196528,
1.1125,-0.0035868536,
1.11275,-0.0109264767,
1.113,-0.0102854650,
1.11325,-0.0060463562,
1.1135,-0.0075219795,
1.11375,-0.0078704525,
1.114,-0.0036344221,
1.11425,0.0044123963,
1.1145,-0.0019367642,
1.11475,-0.0141732078,
1.115,-0.0124703571,
1.11525,-0.0117077976,
1.1155,-0.0152220409,
1.11575,-0.0102252774,
1.116,0.0020666728,
1.11625,-0.0027731489,
1.1165,-0.0001970107,
1.11675,0.0039184173,
1.117,-0.0014308244,
1.11725,-0.0024233544,
1.1175,-0.0027972208,
1.11775,-0.0001552655,
1.118,0.0043995329,
1.11825,-0.0016616741,
1.1185,-0.0041475296,
1.11875,-0.0003364687,
1.119,-0.0025746482,
1.11925,-0.0087585570,
1.1195,-0.0013927654,
1.11975,0.0036691735,
1.12,0.0014287345,
1.12025,0.0042661172,
1.1205,0.0073833466,
1.12075,0.0059362105,
1.121,-0.0000865826,
1.12125,-0.0060268138,
1.1215,-0.0069198594,
1.12175,-0.0028426058,
1.122,0.0003427734,
1.12225,-0.0011663381,
1.1225,0.0042076181,
1.12275,0.0069614407,
1.123,-0.0022541594,
1.12325,-0.0001222016,
1.1235,0.0003334748,
1.12375,-0.0036058899,
1.124,-0.0054266355,
1.12425,0.0026952021,
1.1245,0.0059536416,
1.12475,0.0004606738,
1.125,0.0022880265,
1.12525,0.0077699311,
1.1255,-0.0008224404,
1.12575,-0.0034589018,
1.126,0.0029258432,
1.12625,-0.0024309477,
1.1265,-0.0051422003,
1.12675,-0.0020833276,
1.127,-0.0015172774,
1.12725,-0.0071063447,
1.1275,-0.0087159509,
1.12775,-0.0021241526,
1.128,-0.0016630045,
1.12825,-0.0050406968,
1.1285,-0.0000590245,
1.12875,0.0098044127,
1.129,0.0021786974,
1.12925,-0.0054885219,
1.1295,-0.0019037012,
1.12975,-0.0024312111,
1.13,-0.0097580338,
1.13025,-0.0073002721,
1.1305,0.0053145033,
1.13075,0.0009461157,
1.131,-0.0044049788,
1.13125,0.0011080443,
1.1315,-0.0030120045,
1.13175,-0.0085879080,
1.132,-0.0112963514,
1.13225,-0.0090361405,
1.1325,-0.0105519071,
1.13275,-0.0069389120,
1.133,-0.0040759374,
1.13325,-0.0000681585,
1.1335,-0.0001304329,
1.13375,-0.0017781819,
1.134,-0.0048005432,
1.13425,0.0029223231,
1.1345,0.0028441616,
1.13475,0.0004199184,
1.135,0.0078167263,
1.13525,0.0110352766,
1.1355,0.0048811338,
1.13575,0.0046272180,
1.136,0.0043125064,
1.13625,0.0039161621,
1.1365,0.0028156911,
1.13675,0.0053724516,
1.137,0.0159374177,
1.13725,0.0059950687,
1.1375,0.0044255685,
1.13775,0.0086289318,
1.138,0.0011902733,
1.13825,-0.0070676715,
1.1385,-0.0010157297,
1.13875,0.0078820428,
1.139,0.0006729056,
1.13925,0.0000708145,
1.1395,0.0112711461,
1.13975,0.0056626950,
1.14,-0.0100165932,
1.14025,-0.0084536718,
1.1405,0.0069293641,
1.14075,-0.0089222947,
1.141,-0.0092801712,
1.14125,0.0093210097,
1.1415,0.0032625929,
1.14175,-0.0032090037,
1.142,0.0042081634,
1.14225,0.0075701606,
1.1425,-0.0003217080,
1.14275,-0.0010682949,
1.143,0.0060884524,
1.14325,0.0025727535,
1.1435,0.0018180686,
1.14375,-0.0059144502,
1.144,0.0033645583,
1.14425,-0.0007340037,
1.1445,-0.0101123452,
1.14475,-0.0011298377,
1.145,0.0046403622,
1.14525,-0.0003488585,
1.1455,-0.0036340281,
1.14575,0.0043117865,
1.146,0.0006822478,
1.14625,-0.0047306330,
1.1465,-0.0149717480,
1.14675,-0.0133274328,
1.147,-0.0040049385,
1.14725,-0.0028812154,
1.1475,-0.0020686174,
1.14775,0.0030331775,
1.148,0.0044812439,
1.14825,-0.0069732643,
1.1485,-0.0118880076,
1.14875,-0.0028041778,
1.149,-0.0042394893,
1.14925,-0.0107587297,
1.1495,-0.0025179759,
1.14975,0.0061629703,
1.15,-0.0004780016,
1.15025,-0.0025290898,
1.1505,0.0026536142,
1.15075,-0.0043893117,
1.151,-0.0037472802,
1.15125,-0.0076914690,
1.1515,-0.0012977498,
1.15175,0.0057641533,
1.152,-0.0079338551,
1.15225,-0.0078093871,
1.1525,0.0044135107,
1.15275,-0.0045937900,
1.153,-0.0062118350,
1.15325,0.0062451530,
1.1535,0.0084613645,
1.15375,0.0037301965,
1.154,0.0037980434,
1.15425,0.0050495928,
1.1545,0.0026916498,
1.15475,-0.0051848176,
1.155,-0.0111698834,
1.15525,-0.0066650454,
1.1555,0.0030493648,
1.15575,-0.0009354368,
1.156,0.0054292260,
1.15625,0.0069603128,
1.1565,-0.0066970065,
1.15675,-0.0109431036,
1.157,-0.0078513622,
1.15725,-0.0092543736,
1.1575,-0.0087778606,
1.15775,-0.0009280805,
1.158,0.0058380766,
1.15825,0.0014212478,
1.1585,0.0031198363,
1.15875,0.0050545009,
1.159,-0.0003628515,
1.15925,-0.0073682899,
1.1595,0.0040304447,
1.15975,0.0102944449,
1.16,-0.0027509104,
1.16025,0.0050541065,
1.1605,0.0064791217,
1.16075,0.0002438370,
1.161,-0.0033204423,
1.16125,0.0013434410,
1.1615,0.0062745200,
1.16175,0.0022483214,
1.162,0.0050321785,
1.16225,0.0123634106,
1.1625,0.0098041529,
1.16275,-0.0001561521,
1.163,-0.0037908580,
1.16325,0.0034522177,
1.1635,-0.0076024523,
1.16375,-0.0074921707,
1.164,0.0039428598,
1.16425,0.0034618003,
1.1645,-0.0042911242,
1.16475,-0.0011474623,
1.165,-0.0036930232,
1.16525,-0.0132320765,
1.1655,-0.0109497253,
1.16575,-0.0100098560,
1.166,-0.0092226509,
1.16625,-0.0011471730,
1.1665,0.0008985895,
1.16675,-0.0005149663,
1.167,0.0029365267,
1.16725,0.0028353245,
1.1675,-0.0036835589,
1.16775,0.0037115095,
1.168,0.0072020497,
1.16825,0.0055319536,
1.1685,0.0086539192,
1.16875,0.0129324188,
1.169,0.0084317774,
1.16925,0.0018375232,
1.1695,0.0082225520,
1.16975,0.0070784539,
1.17,0.0082234778,
1.17025,0.0084579745,
1.1705,0.0144937392,
1.17075,0.0115453871,
1.171,-0.0016920832,
1.17125,-0.0014477606,
1.1715,0.0039309375,
1.17175,-0.0057423464,
1.172,-0.0056232042,
1.17225,0.0124240648,
1.1725,0.0099272383,
1.17275,0.0000139427,
1.173,0.0086060809,
1.17325,0.0117020542,
1.1735,-0.0037320075,
1.17375,-0.0060434695,
1.174,0.0107006123,
1.17425,0.0080976952,
1.1745,-0.0024474834,
1.17475,0.0068597272,
1.175,0.0159387458,
1.17525,0.0048111412,
1.1755,-0.0050868974,
1.17575,0.0130026303,
1.176,0.0108640036,
1.17625,-0.0014463975,
1.1765,0.0015655721,
1.17675,0.0145889372,
1.177,0.0081430264,
1.17725,-0.0110147428,
1.1775,-0.0032027659,
1.17775,0.0049396968,
1.178,-0.0069560362,
1.17825,-0.0052559366,
1.1785,0.0112667512,
1.17875,0.0120003484,
1.179,-0.0030894936,
1.17925,0.0007069869,
1.1795,0.0063127442,
1.17975,-0.0078582969,
1.18,-0.0188417733,
1.18025,-0.0074282149,
1.1805,0.0021632328,
1.18075,-0.0027159285,
1.181,-0.0044330289,
1.18125,-0.0036241931,
1.1815,-0.0034399582,
1.18175,-0.0126648657,
1.182,-0.0188907776,
1.18225,-0.0091418494,
1.1825,-0.0050716246,
1.18275,-0.0101638269,
1.183,-0.0042720679,
1.18325,0.0027417089,
1.1835,-0.0027035936,
1.18375,-0.0114149963,
1.184,-0.0003542794,
1.18425,0.0015879724,
1.1845,0.0012004720,
1.18475,0.0034097244,
1.185,0.0031279754,
1.18525,0.0084645618,
1.1855,0.0041250759,
1.18575,-0.0026690273,
1.186,0.0051931762,
1.18625,0.0057837693,
1.1865,0.0023763692,
1.18675,0.0072233356,
1.187,0.0139115294,
1.18725,0.0079640858,
1.1875,0.0051900251,
1.18775,0.0041908892,
1.188,-0.0019211053,
1.18825,-0.0035741790,
1.1885,0.0001807041,
1.18875,-0.0016434492,
1.189,0.0067790784,
1.18925,0.0101070954,
1.1895,0.0033476120,
1.18975,-0.0002938024,
1.19,-0.0015196071,
1.19025,-0.0103470394,
1.1905,-0.0106798839,
1.19075,-0.0122286528,
1.191,-0.0028693269,
1.19125,0.0014682862,
1.1915,-0.0069814948,
1.19175,0.0029996503,
1.192,0.0022689868,
1.19225,0.0035955093,
1.1925,0.0032264900,
1.19275,0.0022541028,
1.193,0.0028570327,
1.19325,0.0088943942,
1.1935,0.0054948889,
1.19375,0.0030635982,
1.194,0.0061820270,
1.19425,0.0041201953,
1.1945,-0.0032272723,
1.19475,0.0013861591,
1.195,0.0102998652,
1.19525,0.0081587909,
1.1955,0.0039118486,
1.19575,0.0012188174,
1.196,0.0049858326,
1.19625,-0.0042408109,
1.1965,-0.0165332817,
1.19675,-0.0020210797,
1.197,0.0007622570,
1.19725,-0.0101164356,
1.1975,-0.0051031820,
1.19775,0.0056683738,
1.198,-0.0069734226,
1.19825,-0.0112847481,
1.1985,-0.0056565357,
1.19875,-0.0116415890,
1.199,-0.0127758309,
1.19925,-0.0110376487,
1.1995,-0.0023262314,
1.19975,0.0026085805,
1.2,-0.0005806077,
1.20025,-0.0016165988,
1.2005,0.0017533239,
1.20075,-0.0003326824,
1.201,-0.0018834887,
1.20125,0.0027172850,
1.2015,0.0082159340,
1.20175,0.0013110186,
1.202,0.0049552233,
1.20225,0.0047027804,
1.2025,0.0033780513,
1.20275,0.0000675812,
1.203,0.0039217533,
1.20325,0.0080549847,
1.2035,0.0087145753,
1.20375,0.0077395071,
1.204,0.0103144022,
1.20425,0.0104202572,
1.2045,0.0003629920,
1.20475,-0.0003828738,
1.205,0.0003805955,
1.20525,-0.0004782270,
1.2055,-0.0058317767,
1.20575,0.0046376521,
1.206,0.0132475691,
1.20625,0.0011710492,
1.2065,-0.0017707621,
1.20675,0.0084715299,
1.207,-0.0020588681,
1.20725,-0.0122114439,
1.2075,-0.0010201276,
1.20775,0.0101426439,
1.208,-0.0002180443,
1.20825,-0.0014732125,
1.2085,0.0077552386,
1.20875,0.0061333547,
1.209,-0.0074242991,
1.20925,0.0020488657,
1.2095,0.0148838721,
1.20975,-0.0010637367,
1.21,-0.0023689000,
1.21025,0.0130027570,
1.2105,0.0082076052,
1.21075,-0.0085328072,
1.211,-0.0055993064,
1.21125,0.0027437187,
1.2115,0.0008626955,
1.21175,-0.0090036551,
1.212,0.0063231075,
1.21225,0.0157857724,
1.2125,0.0017769695,
1.21275,-0.0100646559,
1.213,0.0032636963,
1.21325,-0.0062170387,
1.2135,-0.0152101563,
1.21375,-0.0062381476,
1.214,0.0018284848,
1.21425,-0.0002138492,
1.2145,-0.0003979742,
1.21475,-0.0064375773,
1.215,-0.0001313063,
1.21525,-0.0063825208,
1.2155,-0.0164006650,
1.21575,-0.0117803691,
1.216,-0.0043059345,
1.21625,-0.0075910822,
1.2165,-0.0079118395,
1.21675,0.0035014912,
1.217,0.0009393771,
1.21725,-0.0045772255,
1.2175,0.0000640694,
1.21775,0.0025917529,
1.218,0.0005382085,
1.21825,0.0023733361,
1.2185,0.0027439245,
1.21875,0.0076721329,
1.219,0.0028014020,
1.21925,0.0002597090,
1.2195,-0.0028873272,
1.21975,-0.0008603811,
1.22,-0.0040358338,
1.22025,-0.0022374666,
1.2205,0.0061920793,
1.22075,0.0050655529,
1.221,-0.0010492301,
1.22125,-0.0073584504,
1.2215,-0.0052628694,
1.22175,-0.0086968914,
1.222,-0.0018704114,
1.22225,-0.0033372967,
1.2225,-0.0008228093,
1.22275,0.0070041465,
1.223,0.0017332220,
1.22325,-0.0075377529,
1.2235,-0.0019269835,
1.22375,-0.0037334242,
1.224,-0.0120851602,
1.22425,-0.0065751355,
1.2245,0.0023521220,
1.22475,0.0015912128,
1.225,0.0026797093,
1.22525,0.0032381245,
1.2255,0.0016089566,
1.22575,0.0022585858,
1.226,0.0012933160,
1.22625,0.0014197092,
1.2265,0.0041903332,
1.22675,0.0068576816,
1.227,0.0062113851,
1.22725,-0.0010934690,
1.2275,0.0003300886,
1.22775,0.0006048047,
1.228,-0.0051886495,
1.22825,-0.0069487989,
1.2285,0.0077589964,
1.22875,0.0063396934,
1.229,-0.0015261454,
1.22925,-0.0036311392,
1.2295,-0.0015787745,
1.22975,-0.0086978124,
1.23,-0.0167916827,
1.23025,-0.0105938129,
1.2305,0.0025758194,
1.23075,-0.0057918304,
1.231,-0.0073225186,
1.23125,0.0067420779,
1.2315,0.0037351323,
1.23175,-0.0131738605,
1.232,-0.0016159948,
1.23225,0.0002296553,
1.2325,-0.0107377497,
1.23275,0.0001098998,
1.233,0.0066671390,
1.23325,0.0057293545,
1.2335,0.0049084513,
1.23375,0.0029750939,
1.234,0.0001420743,
1.23425,0.0022868691,
1.2345,-0.0014103625,
1.23475,0.0008492133,
1.235,0.0076974505,
1.23525,0.0012176457,
1.2355,0.0005933447,
1.23575,0.0057248422,
1.236,-0.0010107337,
1.23625,-0.0005818399,
1.2365,0.0026399367,
1.23675,0.0050118761,
1.237,0.0123457685,
1.23725,0.0080034807,
1.2375,0.0076218266,
1.23775,0.0111696776,
1.238,-0.0034319432,
1.23825,-0.0041102576,
1.2385,0.0017452087,
1.23875,0.0059671379,
1.239,0.0007014160,
1.23925,0.0068989675,
1.2395,0.0136941867,
1.23975,0.0012880345,
1.24,-0.0054944158,
1.24025,0.0009389801,
1.2405,0.0046797041,
1.24075,-0.0097615290,
1.241,-0.0034705275,
1.24125,0.0164556429,
1.2415,0.0043475120,
1.24175,-0.0087059084,
1.242,0.0118347853,
1.24225,0.0106040798,
1.2425,-0.0069539752,
1.24275,-0.0006773000,
1.243,0.0124598537,
1.24325,0.0081936307,
1.2435,-0.0041664001,
1.24375,0.0048056669,
1.244,-0.0221934058,
1.24425,-0.0228025094,
1.2445,-0.0247077066,
1.24475,-0.0042587300,
1.245,0.0070528854,
1.24525,-0.0058136610,
1.2455,0.0040459163,
1.24575,0.0103822760,
1.246,0.0012989750,
1.24625,-0.0093903560,
1.2465,-0.0074986280,
1.24675,-0.0050366162,
1.247,-0.0065600909,
1.24725,-0.0056623118,
1.2475,0.0058138040,
1.24775,0.0053893365,
1.248,0.0007357657,
1.24825,-0.0070650559,
1.2485,-0.0033238370,
1.24875,-0.0070146709,
1.249,-0.0148116909,
1.24925,-0.0126462840,
1.2495,0.0011086559,
1.24975,0.0021441311,
1.25,-0.0056061940,
1.25025,-0.0033385234,
1.2505,0.0067596002,
1.25075,-0.0057907244,
1.251,-0.0079015149,
1.25125,0.0038831125,
1.2515,0.0016685016,
1.25175,0.0020426384,
1.252,-0.0035498771,
1.25225,-0.0016376337,
1.2525,0.0009142310,
1.25275,-0.0097712418,
1.253,-0.0027739392,
1.25325,0.0037189750,
1.2535,0.0031942553,
1.25375,-0.0003213774,
1.254,0.0068933791,
1.25425,0.0062872008,
1.2545,-0.0031742570,
1.25475,-0.0008095094,
1.255,-0.0033855233,
1.25525,-0.0047954526,
1.2555,0.0083935903,
1.25575,0.0075041391,
1.256,0.0064293472,
1.25625,0.0084062023,
1.2565,0.0062613953,
1.25675,-0.0032704792,
1.257,-0.0087337997,
1.25725,-0.0027793674,
1.2575,-0.0048646536,
1.25775,-0.0057211025,
1.258,0.0015137747,
1.25825,0.0038107184,
1.2585,0.0039255447,
1.25875,-0.0016408218,
1.259,0.0030822903,
1.25925,0.0014657062,
1.2595,0.0012411353,
1.25975,-0.0025778688,
1.26,0.0024102363,
1.26025,0.0081131579,
1.2605,0.0004014940,
1.26075,-0.0072399015,
1.261,0.0009852664,
1.26125,0.0013735167,
1.2615,-0.0028095385,
1.26175,-0.0046523688,
1.262,0.0080845337,
1.26225,0.0088774590,
1.2625,0.0004693537,
1.26275,-0.0040761000,
1.263,-0.0028909743,
1.26325,-0.0032325489,
1.2635,-0.0148552228,
1.26375,-0.0070893904,
1.264,0.0095003648,
1.26425,0.0069885533,
1.2645,-0.0069666305,
1.26475,0.0048272843,
1.265,0.0061626644,
1.26525,-0.0130009446,
1.2655,-0.0066264714,
1.26575,0.0024311822,
1.266,-0.0023375989,
1.26625,-0.0052556978,
1.2665,-0.0001968962,
1.26675,0.0033823915,
1.267,-0.0024214312,
1.26725,-0.0060049500,
1.2675,-0.0045271898,
1.26775,0.0023715184,
1.268,-0.0017433942,
1.26825,0.0002351971,
1.2685,0.0128832003,
1.26875,0.0044456548,
1.269,-0.0009151458,
1.26925,0.0012109441,
1.2695,0.0013110251,
1.26975,-0.0013539951,
1.27,0.0025848597,
1.27025,0.0079356004,
1.2705,0.0095778499,
1.27075,0.0066791568,
1.271,0.0034918278,
1.27125,0.0067215618,
1.2715,0.0052207406,
1.27175,-0.0039495747,
1.272,0.0064362073,
1.27225,0.0125439195,
1.2725,0.0062435330,
1.27275,0.0058289310,
1.273,0.0154036051,
1.27325,0.0046510794,
1.2735,-0.0078585716,
1.27375,-0.0001860491,
1.274,0.0063482551,
1.27425,-0.0013635769,
1.2745,-0.0049984944,
1.27475,0.0093393531,
1.275,0.0103377793,
1.27525,-0.0073876879,
1.2755,-0.0040561091,
1.27575,0.0126376897,
1.276,-0.0029006882,
1.27625,-0.0108276447,
1.2765,0.0122404993,
1.27675,0.0122444425,
1.277,-0.0072475495,
1.27725,-0.0037789743,
1.2775,0.0050155986,
1.27775,-0.0012819999,
1.278,-0.0136652114,
1.27825,-0.0022372862,
1.2785,0.0124245426,
1.27875,0.0013421485,
1.279,-0.0062289871,
1.27925,0.0039879633,
1.2795,0.0002165534,
1.27975,-0.0152320331,
1.28,-0.0113254460,
1.28025,0.0013637181,
1.2805,-0.0030796318,
1.28075,-0.0029563103,
1.281,0.0076943631,
1.28125,0.0069927396,
1.2815,0.0009535212,
1.28175,-0.0080803493,
1.282,-0.0087896744,
1.28225,-0.0061756163,
1.2825,-0.0068933056,
1.28275,-0.0094078854,
1.283,0.0019541262,
1.28325,0.0058743102,
1.2835,-0.0037134020,
1.28375,-0.0091781477,
1.284,0.0014453966,
1.28425,-0.0024978528,
1.2845,-0.0086231818,
1.28475,0.0010121072,
1.285,0.0015556345,
1.28525,0.0027462819,
1.2855,-0.0044949264,
1.28575,-0.0020374516,
1.286,-0.0008704570,
1.28625,-0.0043488266,
1.2865,-0.0027830272,
1.28675,0.0039071962,
1.287,0.0083790412,
1.28725,0.0045851949,
1.2875,0.0052098213,
1.28775,0.0011837920,
1.288,-0.0051842434,
1.28825,-0.0039541265,
1.2885,-0.0018285962,
1.28875,-0.0020128042,
1.289,0.0051408941,
1.28925,0.0114192022,
1.2895,0.0058285710,
1.28975,0.0011756688,
1.29,0.0007881341,
1.29025,-0.0012984140,
1.2905,-0.0120257363,
1.29075,-0.0076757614,
1.291,0.0013058120,
1.29125,0.0022616286,
1.2915,-0.0059108622,
1.29175,0.0001319825,
1.292,0.0026127349,
1.29225,-0.0067263613,
1.2925,-0.0084913876,
1.29275,-0.0002401236,
1.293,0.0056669097,
1.29325,-0.0025325282,
1.2935,-0.0038242342,
1.29375,0.0021890579,
1.294,0.0051273494,
1.29425,-0.0073119020,
1.2945,-0.0059694741,
1.29475,0.0062095756,
1.295,0.0059110341,
1.29525,-0.0051572444,
1.2955,0.0055233436,
1.29575,0.0114473375,
1.296,0.0000794707,
1.29625,-0.0112337051,
1.2965,-0.0080143716,
1.29675,0.0025713721,
1.297,-0.0035016164,
1.29725,-0.0110042235,
1.2975,0.0058164564,
1.29775,0.0100028794,
1.298,-0.0110299736,
1.29825,-0.0123274615,
1.2985,0.0056949095,
1.29875,-0.0087207211,
1.299,-0.0169776417,
1.29925,-0.0036414680,
1.2995,0.0066605480,
1.29975,-0.0044956752,
1.3,-0.0070322328,
1.30025,0.0020600562,
1.3005,-0.0013445864,
1.30075,-0.0065216878,
1.301,-0.0052874424,
1.30125,0.0059094187,
1.3015,0.0034211332,
1.30175,-0.0067454833,
1.302,0.0005816498,
1.30225,0.0019476637,
1.3025,-0.0083693499,
1.30275,-0.0064716600,
1.303,0.0025343732,
1.30325,0.0005688458,
1.3035,0.0030728683,
1.30375,0.0093266349,
1.304,0.0086448006,
1.30425,0.0051029241,
1.3045,-0.0019643651,
1.30475,0.0002028526,
1.305,0.0044430336,
1.30525,-0.0010382569,
1.3055,0.0068678344,
1.30575,0.0133469794,
1.306,0.0122321406,
1.30625,0.0023510074,
1.3065,0.0024413769,
1.30675,0.0058987997,
1.307,-0.0086033773,
1.30725,-0.0059626712,
1.3075,0.0051200660,
1.30775,0.0065358868,
1.308,-0.0053532147,
1.30825,0.0020162398,
1.3085,0.0129070356,
1.30875,0.0009406697,
1.309,-0.0108661912,
1.30925,0.0044747400,
1.3095,0.0132849151,
1.30975,-0.0032062978,
1.31,0.0003521506,
1.31025,0.0164189339,
1.3105,0.0052253334,
1.31075,-0.0108792270,
1.311,0.0002062452,
1.31125,0.0069921520,
1.3115,-0.0020558815,
1.31175,-0.0046028532,
1.312,0.0079426179,
1.31225,0.0066249920,
1.3125,-0.0047407812,
1.31275,-0.0133689083,
1.313,0.0045977496,
1.31325,-0.0045180935,
1.3135,-0.0148596242,
1.31375,0.0048132204,
1.314,0.0129477112,
1.31425,-0.0050980253,
1.3145,-0.0005493240,
1.31475,0.0046671075,
1.315,-0.0027755559,
1.31525,-0.0086233849,
1.3155,-0.0093839234,
1.31575,-0.0191496890,
1.316,-0.0081768529,
1.31625,-0.0091325967,
1.3165,-0.0082198111,
1.31675,-0.0006099601,
1.317,-0.0036777530,
1.31725,-0.0149684688,
1.3175,-0.0067956774,
1.31775,-0.0031689412,
1.318,-0.0064378744,
1.31825,-0.0031543986,
1.3185,-0.0031654192,
1.31875,-0.0042924057,
1.319,-0.0004805849,
1.31925,-0.0042929929,
1.3195,-0.0002675629,
1.31975,0.0027967568,
1.32,0.0026670392,
1.32025,0.0015451617,
1.3205,0.0115489420,
1.32075,0.0075410539,
1.321,0.0020325074,
1.32125,0.0021875883,
1.3215,0.0044254130,
1.32175,-0.0017467620,
1.322,0.0079783527,
1.32225,0.0044124532,
1.3225,0.0092398124,
1.32275,-0.0229659081,
1.323,-0.0234839991,
1.32325,-0.0011473757,
1.3235,-0.0070057665,
1.32375,-0.0019670725,
1.324,-0.0056062369,
1.32425,-0.0055249576,
1.3245,-0.0016143672,
1.32475,0.0035891831,
1.325,-0.0040231850,
1.32525,-0.0042085713,
1.3255,-0.0012896665,
1.32575,-0.0036699725,
1.326,-0.0080827400,
1.32625,0.0018472851,
1.3265,0.0046461164,
1.32675,0.0032656845,
1.327,-0.0053460393,
1.32725,-0.0020845691,
1.3275,0.0084666591,
1.32775,0.0034235306,
1.328,-0.0048166751,
1.32825,0.0039678575,
1.3285,0.0137609206,
1.32875,0.0022458043,
1.329,-0.0028151367,
1.32925,0.0100330738,
1.3295,0.0026908591,
1.32975,-0.0078299697,
1.33,-0.0079586189,
1.33025,0.0021155600,
1.3305,0.0081159184,
1.33075,-0.0017507536,
1.331,-0.0006937027,
1.33125,0.0147627629,
1.3315,0.0014253652,
1.33175,-0.0137824118,
1.332,0.0000750062,
1.33225,0.0034636932,
1.3325,-0.0118225450,
1.33275,-0.0087021580,
1.333,0.0019974001,
1.33325,0.0023286515,
1.3335,-0.0047830124,
1.33375,-0.0031119983,
1.334,0.0006444387,
1.33425,-0.0015587361,
1.3345,-0.0087996218,
1.33475,-0.0023105917,
1.335,0.0059975660,
1.33525,-0.0006219925,
1.3355,-0.0054009976,
1.33575,0.0035515658,
1.336,0.0012575764,
1.33625,-0.0024950351,
1.3365,0.0019988299,
1.33675,0.0106175141,
1.337,0.0108906720,
1.33725,0.0086493995,
1.3375,0.0094568860,
1.33775,0.0117886122,
1.338,0.0030338280,
1.33825,0.0008002227,
1.3385,0.0082814842,
1.33875,0.0113119045,
1.339,0.0092231389,
1.33925,0.0088894237,
1.3395,0.0147837913,
1.33975,0.0065122009,
1.34,-0.0065180236,
1.34025,0.0034455433,
1.3405,0.0061221882,
1.34075,-0.0082511865,
1.341,-0.0034073875,
1.34125,0.0120518375,
1.3415,0.0030784216,
1.34175,-0.0066573992,
1.342,0.0039090430,
1.34225,0.0090075983,
1.3425,-0.0055114673,
1.34275,-0.0054021389,
1.343,0.0155701786,
1.34325,0.0108314212,
1.3435,-0.0057988423,
1.34375,0.0049288920,
1.344,0.0125200935,
1.34425,-0.0055756699,
1.3445,-0.0096173976,
1.34475,0.0094598923,
1.345,0.0085337246,
1.34525,-0.0084594944,
1.3455,0.0016305527,
1.34575,0.0129294265,
1.346,0.0039981459,
1.34625,-0.0094668930,
1.3465,0.0003367168,
1.34675,0.0093343752,
1.347,-0.0083227791,
1.34725,0.0005062338,
1.3475,0.0201486982,
1.34775,0.0079782829,
1.348,-0.0006853425,
1.34825,-0.0000519441,
1.3485,-0.0013886124,
1.34875,-0.0075058062,
1.349,-0.0094885882,
1.34925,-0.0095433863,
1.3495,-0.0040674089,
1.34975,-0.0080556618,
1.35,-0.0106083769,
1.35025,-0.0070967339,
1.3505,-0.0071579320,
1.35075,-0.0182263013,
1.351,-0.0082507068,
1.35125,-0.0036600749,
1.3515,-0.0075164116,
1.35175,-0.0035507996,
1.352,-0.0032440922,
1.35225,-0.0061811404,
1.3525,-0.0015634905,
1.35275,-0.0071450598,
1.353,0.0002798862,
1.35325,0.0055763354,
1.3535,0.0070930808,
1.35375,0.0059132050,
1.354,0.0086486265,
1.35425,0.0051756115,
1.3545,-0.0010998612,
1.35475,-0.0015772197,
1.355,0.0018037090,
1.35525,-0.0016252893,
1.3555,0.0036476166,
1.35575,0.0061565405,
1.356,0.0076881284,
1.35625,0.0019807117,
1.3565,0.0002673733,
1.35675,-0.0020023983,
1.357,-0.0090245092,
1.35725,-0.0023373766,
1.3575,0.0034229178,
1.35775,0.0010383364,
1.358,-0.0017774169,
1.35825,0.0025353616,
1.3585,0.0012917183,
1.35875,-0.0053077331,
1.359,-0.0020828762,
1.35925,0.0054634321,
1.3595,-0.0014178810,
1.35975,0.0002040102,
1.36,-0.0007026529,
1.36025,0.0109315021,
1.3605,-0.0000326103,
1.36075,-0.0076311990,
1.361,0.0006717277,
1.36125,0.0060196193,
1.3615,0.0050070370,
1.36175,0.0027729745,
1.362,0.0182148870,
1.36225,0.0143961888,
1.3625,-0.0037205240,
1.36275,0.0025415914,
1.363,0.0055935280,
1.36325,-0.0019813979,
1.3635,-0.0050682337,
1.36375,-0.0009990622,
1.364,0.0108844023,
1.36425,0.0070712240,
1.3645,-0.0058362815,
1.36475,-0.0001312784,
1.365,0.0078428127,
1.36525,-0.0174956806,
1.3655,-0.0194560159,
1.36575,0.0048175524,
1.366,-0.0062173810,
1.36625,-0.0158460233,
1.3665,-0.0048579061,
1.36675,-0.0002202075,
1.367,-0.0128732957,
1.36725,-0.0134375412,
1.3675,-0.0054527815,
1.36775,-0.0002323786,
1.368,-0.0044261767,
1.36825,-0.0075254124,
1.3685,0.0054786280,
1.36875,0.0026420052,
1.369,-0.0075048576,
1.36925,0.0016616326,
1.3695,0.0062277471,
1.36975,-0.0019338173,
1.37,0.0060795918,
1.37025,0.0141507583,
1.3705,0.0106393173,
1.37075,0.0096211405,
1.371,0.0070010293,
1.37125,0.0049395440,
1.3715,0.0072339317,
1.37175,0.0002194459,
1.372,0.0062205107,
1.37225,0.0110453106,
1.3725,0.0081503019,
1.37275,0.0069190194,
1.373,0.0069959844,
1.37325,0.0065406803,
1.3735,-0.0034061982,
1.37375,-0.0035120544,
1.374,0.0021066829,
1.37425,0.0012028371,
1.3745,0.0001425447,
1.37475,0.0045317779,
1.375,0.0115924571,
1.37525,-0.0022068019,
1.3755,-0.0033948412,
1.37575,0.0095695220,
1.376,0.0021654696,
1.37625,-0.0024715355,
1.3765,0.0045921691,
1.37675,0.0121511975,
1.377,0.0005521282,
1.37725,-0.0086964145,
1.3775,0.0077424217,
1.37775,0.0045441776,
1.378,-0.0066794031,
1.37825,0.0005585158,
1.3785,0.0161949955,
1.37875,0.0058042235,
1.379,-0.0008379525,
1.37925,0.0088105807,
1.3795,0.0088246642,
1.37975,-0.0097563602,
1.38,-0.0069967187,
1.38025,0.0049831723,
1.3805,0.0056545306,
1.38075,-0.0070131528,
1.381,0.0078421058,
1.38125,0.0128134061,
1.3815,-0.0065612723,
1.38175,-0.0097335465,
1.382,-0.0036680945,
1.38225,-0.0117335645,
1.3825,-0.0143147931,
1.38275,-0.0111069456,
1.383,-0.0027769268,
1.38325,-0.0027223243,
1.3835,-0.0114028975,
1.38375,-0.0088120764,
1.384,-0.0008318920,
1.38425,-0.0078016464,
1.3845,-0.0114699723,
1.38475,0.0024126384,
1.385,-0.0012961840,
1.38525,-0.0074672694,
1.3855,0.0018290990,
1.38575,-0.0048368550,
1.386,-0.0038112628,
1.38625,-0.0038763313,
1.3865,-0.0036426536,
1.38675,0.0061207954,
1.387,0.0046553197,
1.38725,0.0014074440,
1.3875,0.0068100132,
1.38775,0.0004203468,
1.388,-0.0093997624,
1.38825,-0.0069483300,
1.3885,-0.0036322121,
1.38875,-0.0087536229,
1.389,-0.0062046209,
1.38925,0.0060780803,
1.3895,0.0021050964,
1.38975,-0.0029915990,
1.39,-0.0039939322,
1.39025,0.0018799626,
1.3905,-0.0073973350,
1.39075,-0.0169894397,
1.391,-0.0038246294,
1.39125,0.0071101519,
1.3915,-0.0077392701,
1.39175,0.0024207016,
1.392,0.0044414219,
1.39225,-0.0084458329,
1.3925,-0.0071912021,
1.39275,0.0000686655,
1.393,0.0021280902,
1.39325,0.0013649066,
1.3935,0.0021160934,
1.39375,0.0029218681,
1.394,0.0054277596,
1.39425,-0.0082665710,
1.3945,-0.0048879096,
1.39475,0.0079104034,
1.395,0.0020440205,
1.39525,-0.0016025654,
1.3955,0.0098374598,
1.39575,0.0128176762,
1.396,0.0023409552,
1.39625,-0.0025687846,
1.3965,-0.0006533443,
1.39675,0.0019698204,
1.397,-0.0041456199,
1.39725,-0.0077023217,
1.3975,0.0036600672,
1.39775,0.0093508670,
1.398,-0.0044848826,
1.39825,-0.0039254171,
1.3985,0.0058681769,
1.39875,-0.0098193856,
1.399,-0.0207921453,
1.39925,-0.0009052245,
1.3995,0.0027843271,
1.39975,-0.0146005303,
1.4,-0.0071502919,
1.40025,0.0072863973,
1.4005,-0.0072502433,
1.40075,-0.0108851753,
1.401,-0.0016212499,
1.40125,0.0016797867,
1.4015,-0.0028878544,
1.40175,-0.0055164285,
1.402,0.0011499214,
1.40225,0.0059248637,
1.4025,-0.0063057076,
1.40275,-0.0062603313,
1.403,0.0060066339,
1.40325,-0.0004383947,
1.4035,-0.0013272942,
1.40375,0.0119400024,
1.404,0.0089642648,
1.40425,0.0047383741,
1.4045,0.0037141654,
1.40475,-0.0023093217,
1.405,0.0053168875,
1.40525,0.0029303702,
1.4055,-0.0012879348,
1.40575,0.0102343205,
1.406,0.0129315490,
1.40625,0.0018549223,
1.4065,0.0064372430,
1.40675,0.0078472300,
1.407,-0.0048156078,
1.40725,-0.0059220279,
1.4075,0.0000908930,
1.40775,0.0007256752,
1.408,0.0010900124,
1.40825,-0.0039061185,
1.4085,0.0104668960,
1.40875,0.0033388804,
1.409,-0.0114705460,
1.40925,0.0006829036,
1.4095,0.0084853489,
1.40975,-0.0072321715,
1.41,0.0034402716,
1.41025,0.0056662709,
1.4105,-0.0061854296,
1.41075,-0.0075681210,
1.411,0.0004299456,
1.41125,0.0075078532,
1.4115,0.0000034944,
1.41175,-0.0016950764,
1.412,0.0130377105,
1.41225,0.0079887761,
1.4125,-0.0145877143,
1.41275,-0.0027812342,
1.413,0.0030106062,
1.41325,-0.0114568705,
1.4135,-0.0144194635,
1.41375,0.0080211619,
1.414,0.0064573400,
1.41425,-0.0049447091,
1.4145,0.0046483492,
1.41475,0.0119599840,
1.415,-0.0055194423,
1.41525,-0.0103438264,
1.4155,0.0014852494,
1.41575,-0.0047840164,
1.416,-0.0118656838,
1.41625,0.0008484330,
1.4165,0.0049943249,
1.41675,-0.0012117737,
1.417,-0.0055538556,
1.41725,-0.0033922438,
1.4175,-0.0019282135,
1.41775,-0.0033682634,
1.418,-0.0059370068,
1.41825,-0.0006831131,
1.4185,0.0023472491,
1.41875,-0.0090744710,
1.419,-0.0045585451,
1.41925,0.0023225390,
1.4195,-0.0063414341,
1.41975,0.0007311096,
1.42,0.0031749122,
1.42025,0.0012324880,
1.4205,0.0032485272,
1.42075,0.0029216709,
1.421,-0.0009386266,
1.42125,0.0016634241,
1.4215,-0.0040295599,
1.42175,-0.0085937222,
1.422,0.0063456590,
1.42225,0.0047098803,
1.4225,-0.0001773484,
1.42275,0.0105935503,
1.423,0.0073244986,
1.42325,0.0000291367,
1.4235,-0.0026345884,
1.42375,0.0009190515,
1.424,-0.0029016586,
1.42425,-0.0061866743,
1.4245,-0.0025330456,
1.42475,0.0058245119,
1.425,0.0005224440,
1.42525,-0.0026497736,
1.4255,0.0019661761,
1.42575,-0.0019491372,
1.426,-0.0120986961,
1.42625,-0.0059857946,
1.4265,0.0032578819,
1.42675,0.0008879360,
1.427,-0.0062725437,
1.42725,-0.0006990148,
1.4275,0.0060182009,
1.42775,-0.0002327784,
1.428,-0.0060269278,
1.42825,0.0063639479,
1.4285,0.0105260592,
1.42875,-0.0008628506,
1.429,0.0044128713,
1.42925,0.0110704461,
1.4295,0.0011917194,
1.42975,-0.0065524648,
1.43,0.0006175578,
1.43025,0.0022896568,
1.4305,0.0019489634,
1.43075,0.0009716330,
1.431,0.0072510405,
1.43125,0.0107891476,
1.4315,0.0004336927,
1.43175,-0.0097274762,
1.432,0.0007310972,
1.43225,-0.0023679107,
1.4325,-0.0184633918,
1.43275,-0.0039003552,
1.433,0.0080747958,
1.43325,-0.0004691292,
1.4335,-0.0077836658,
1.43375,0.0002562577,
1.434,-0.0003249992,
1.43425,-0.0123640997,
1.4345,-0.0029737032,
1.43475,0.0060022874,
1.435,0.0036265594,
1.43525,-0.0017559847,
1.4355,-0.0003126952,
1.43575,0.0050079771,
1.436,-0.0066377129,
1.43625,-0.0066707395,
1.4365,0.0046430249,
1.43675,0.0074990820,
1.437,0.0028010237,
1.43725,0.0089140125,
1.4375,0.0104652848,
1.43775,0.0037197918,
1.438,-0.0018395559,
1.43825,0.0021719947,
1.4385,-0.0004523214,
1.43875,0.0014648037,
1.439,0.0052301325,
1.43925,0.0090517299,
1.4395,0.0113801863,
1.43975,0.0075248610,
1.44,0.0001651489,
1.44025,0.0048298230,
1.4405,0.0041715074,
1.44075,-0.0043179421,
1.441,0.0004779124,
1.44125,0.0099673327,
1.4415,0.0040823459,
1.44175,0.0028637098,
1.442,0.0045961388,
1.44225,0.0027826182,
1.4425,-0.0052223732,
1.44275,-0.0027829679,
1.443,0.0077099204,
1.44325,0.0038582750,
1.4435,0.0017349824,
1.44375,0.0101532508,
1.444,0.0065753753,
1.44425,-0.0055782711,
1.4445,0.0019201002,
1.44475,0.0105911912,
1.445,0.0024211323,
1.44525,0.0042839260,
1.4455,0.0136542544,
1.44575,0.0126293618,
1.446,0.0009692219,
1.44625,-0.0024731788,
1.4465,0.0036259436,
1.44675,-0.0015197125,
1.447,-0.0144755226,
1.44725,0.0036995739,
1.4475,0.0162291005,
1.44775,-0.0000002793,
1.448,-0.0003846143,
1.44825,0.0087210443,
1.4485,-0.0093889209,
1.44875,-0.0157538410,
1.449,-0.0025537724,
1.44925,0.0004320914,
1.4495,-0.0023457615,
1.44975,-0.0003751219,
1.45,0.0038203269,
1.45025,0.0007373025,
1.4505,-0.0082868114,
1.45075,-0.0109465439,
1.451,-0.0017053215,
1.45125,-0.0048106592,
1.4515,-0.0107960692,
1.45175,-0.0023460665,
1.452,-0.0005760504,
1.45225,-0.0116362739,
1.4525,-0.0098999348,
1.45275,-0.0029383567,
1.453,-0.0001560402,
1.45325,-0.0006681356,
1.4535,0.0046473965,
1.45375,0.0101948567,
1.454,0.0052616671,
1.45425,-0.0057791146,
1.4545,-0.0042985836,
1.45475,0.0010032471,
1.455,-0.0033838484,
1.45525,-0.0090162996,
1.4555,0.0005229372,
1.45575,0.0064330101,
1.456,0.0029474073,
1.45625,-0.0033188823,
1.4565,0.0008206238,
1.45675,-0.0040109437,
1.457,-0.0098719504,
1.45725,-0.0037842409,
1.4575,0.0051814727,
1.45775,0.0002006108,
1.458,-0.0017872315,
1.45825,0.0049467394,
1.4585,0.0075316709,
1.45875,-0.0050341170,
1.459,-0.0010764307,
1.45925,0.0047909934,
1.4595,-0.0031195695,
1.45975,-0.0060959039,
1.46,-0.0009129796,
1.46025,0.0056664841,
1.4605,-0.0057835281,
1.46075,-0.0085355816,
1.461,0.0021873014,
1.46125,0.0002707399,
1.4615,-0.0119654424,
1.46175,-0.0021195784,
1.462,0.0063506197,
1.46225,0.0032847000,
1.4625,-0.0081462804,
1.46275,0.0061269826,
1.463,0.0025956146,
1.46325,-0.0054531782,
1.4635,-0.0080965608,
1.46375,0.0012308594,
1.464,0.0039886329,
1.46425,0.0015107843,
1.4645,0.0005270808,
1.46475,0.0080581717,
1.465,0.0034177774,
1.46525,-0.0126448926,
1.4655,-0.0099134343,
1.46575,0.0046779979,
1.466,-0.0091469362,
1.46625,-0.0098597463,
1.4665,0.0109405806,
1.46675,0.0021358859,
1.467,-0.0108948620,
1.46725,-0.0032795225,
1.4675,0.0040745023,
1.46775,-0.0057331398,
1.468,-0.0067242095,
1.46825,0.0013540827,
1.4685,0.0091842348,
1.46875,-0.0029290549,
1.469,-0.0046008504,
1.46925,0.0016457965,
1.4695,0.0001417522,
1.46975,-0.0096963784,
1.47,0.0040815012,
1.47025,0.0143959932,
1.4705,0.0026079146,
1.47075,0.0064124423,
1.471,0.0111142490,
1.47125,0.0017071289,
1.4715,-0.0037981379,
1.47175,-0.0005526393,
1.472,0.0046516275,
1.47225,0.0074916026,
1.4725,0.0061681936,
1.47275,0.0139918420,
1.473,0.0107152779,
1.47325,0.0044425153,
1.4735,0.0005115781,
1.47375,0.0035359617,
1.474,0.0011774540,
1.47425,-0.0046388237,
1.4745,0.0010977330,
1.47475,0.0065878788,
1.475,-0.0018146015,
1.47525,-0.0024132817,
1.4755,-0.0058035310,
1.47575,0.0018245971,
1.476,-0.0083655119,
1.47625,-0.0056764241,
1.4765,0.0017470974,
1.47675,0.0017652430,
1.477,-0.0025259622,
1.47725,-0.0020112980,
1.4775,0.0011906341,
1.47775,-0.0040034549,
1.478,-0.0054629976,
1.47825,0.0060996530,
1.4785,0.0072634695,
1.47875,0.0061671943,
1.479,0.0063609234,
1.47925,0.0076641510,
1.4795,0.0055483906,
1.47975,-0.0064455648,
1.48,0.0008079030,
1.48025,0.0060593593,
1.4805,0.0004380395,
1.48075,-0.0017015871,
1.481,0.0138684064,
1.48125,0.0093182251,
1.4815,-0.0089946203,
1.48175,-0.0002123048,
1.482,0.0045306594,
1.48225,-0.0127670541,
1.4825,-0.0093337027,
1.48275,0.0011061669,
1.483,-0.0020543435,
1.48325,-0.0052170595,
1.4835,-0.0053267004,
1.48375,-0.0028118037,
1.484,-0.0025554141,
1.48425,-0.0114893271,
1.4845,-0.0036472883,
1.48475,0.0021700170,
1.485,-0.0052572573,
1.48525,-0.0093109934,
1.4855,0.0030283465,
1.48575,-0.0042833406,
1.486,-0.0118493866,
1.48625,-0.0030428346,
1.4865,-0.0027813772,
1.48675,-0.0031210016,
1.487,0.0010442886,
1.48725,0.0043571638,
1.4875,0.0055717872,
1.48775,-0.0004182860,
1.488,-0.0065455935,
1.48825,-0.0036405260,
1.4885,0.0038227926,
1.48875,0.0021343685,
1.489,0.0020157504,
1.48925,0.0143959690,
1.4895,0.0104125086,
1.48975,0.0007783149,
1.49,-0.0005619181,
1.49025,0.0023235772,
1.4905,-0.0026103158,
1.49075,-0.0077129207,
1.491,0.0004574691,
1.49125,0.0090225413,
1.4915,-0.0008272382,
1.49175,-0.0024829851,
1.492,0.0040578800,
1.49225,-0.0031320972,
1.4925,-0.0091409124,
1.49275,-0.0024919333,
1.493,0.0002708737,
1.49325,-0.0032626160,
1.4935,-0.0043377988,
1.49375,0.0011755478,
1.494,0.0003963782,
1.49425,-0.0052902061,
1.4945,-0.0049023074,
1.49475,0.0028452235,
1.495,0.0034491336,
1.49525,-0.0000138014,
1.4955,0.0102181621,
1.49575,0.0133996969,
1.496,-0.0024166408,
1.49625,-0.0047799884,
1.4965,0.0020781341,
1.49675,0.0001869778,
1.497,-0.0030443016,
1.49725,0.0052365763,
1.4975,0.0091636842,
1.49775,0.0101056742,
1.498,0.0020271705,
1.49825,0.0019963526,
1.4985,0.0040622624,
1.49875,-0.0033001646,
1.499,-0.0127868773,
1.49925,-0.0016422599,
1.4995,0.0057997042,
1.49975,-0.0065159793,
1.5,-0.0029426313,
1.50025,0.0061099865,
1.5005,-0.0105579272,
1.50075,-0.0141116232,
1.501,-0.0056155743,
1.50125,-0.0020447348,
1.5015,-0.0079309037,
1.50175,-0.0070840260,
1.502,-0.0023608587,
1.50225,-0.0012997836,
1.5025,-0.0116047114,
1.50275,-0.0129661048,
1.503,0.0015835857,
1.50325,-0.0040451353,
1.5035,-0.0052334443,
1.50375,0.0133234244,
1.504,0.0104875732,
1.50425,0.0032738317,
1.5045,0.0033734625,
1.50475,0.0047474392,
1.505,0.0010934799,
1.50525,0.0001812204,
1.5055,0.0114863226,
1.50575,0.0174619313,
1.506,0.0164894313,
1.50625,0.0161901210,
1.5065,0.0139768589,
1.50675,0.0099357963,
1.507,0.0023601970,
1.50725,0.0012470533,
1.5075,0.0061005354,
1.50775,0.0051347725,
1.508,0.0062387995,
1.50825,0.0037859951,
1.5085,0.0017347171,
1.50875,-0.0014900950,
1.509,-0.0067504346,
1.50925,-0.0044157477,
1.5095,0.0009914458,
1.50975,-0.0045884177,
1.51,0.0005992546,
1.51025,0.0037511995,
1.5105,-0.0037594950,
1.51075,-0.0064833108,
1.511,-0.0010892636,
1.51125,-0.0021306274,
1.5115,-0.0039064866,
1.51175,0.0029591396,
1.512,0.0101068150,
1.51225,0.0076310178,
1.5125,0.0059373956,
1.51275,0.0061185835,
1.513,0.0052510640,
1.51325,-0.0042282823,
1.5135,-0.0069819456,
1.51375,0.0060801664,
1.514,0.0076072086,
1.51425,0.0011147909,
1.5145,0.0090266690,
1.51475,0.0146708069,
1.515,-0.0048101428,
1.51525,-0.0088529512,
1.5155,0.0053426288,
1.51575,-0.0042274846,
1.516,-0.0108397715,
1.51625,0.0044614137,
1.5165,0.0024003703,
1.51675,-0.0042324038,
1.517,-0.0030137785,
1.51725,-0.0032095064,
1.5175,-0.0045474148,
1.51775,-0.0083703045,
1.518,-0.0127559453,
1.51825,-0.0037216260,
1.5185,-0.0026057526,
1.51875,-0.0156009756,
1.519,-0.0109960623,
1.51925,-0.0022476772,
1.5195,-0.0125498408,
1.51975,-0.0067503164,
1.52,-0.0025515642,
1.52025,0.0027659056,
1.5205,0.0053770524,
1.52075,0.0014886039,
1.521,0.0022612726,
1.52125,0.0064318092,
1.5215,-0.0031758749,
1.52175,-0.0069696605,
1.522,0.0063144746,
1.52225,0.0122285765,
1.5225,0.0042523565,
1.52275,0.0097491862,
1.523,0.0128975213,
1.52325,0.0049274936,
1.5235,-0.0061871158,
1.52375,-0.0065425951,
1.524,0.0034512437,
1.52425,-0.0073201191,
1.5245,-0.0067494875,
1.52475,0.0056713829,
1.525,0.0051845312,
1.52525,-0.0112382127,
1.5255,-0.0010321357,
1.52575,-0.0004857877,
1.526,-0.0128288483,
1.52625,-0.0048080767,
1.5265,0.0016559357,
1.52675,-0.0028584085,
1.527,-0.0053383512,
1.52725,-0.0083038863,
1.5275,-0.0011629994,
1.52775,-0.0012476201,
1.528,-0.0069192746,
1.52825,0.0025060708,
1.5285,0.0091717383,
1.52875,0.0046850187,
1.529,0.0046433113,
1.52925,0.0134544810,
1.5295,0.0068289046,
1.52975,-0.0020243428,
1.53,0.0037121491,
1.53025,0.0016822712,
1.5305,0.0060932608,
1.53075,0.0076922616,
1.531,0.0059799375,
1.53125,0.0121646672,
1.5315,0.0054346747,
1.53175,-0.0062644463,
1.532,0.0019366599,
1.53225,0.0044330126,
1.5325,-0.0074893720,
1.53275,0.0001330382,
1.533,0.0131771890,
1.53325,0.0037933965,
1.5335,-0.0032542448,
1.53375,0.0035489704,
1.534,-0.0010386890,
1.53425,-0.0134070031,
1.5345,-0.0091076996,
1.53475,-0.0026992850,
1.535,-0.0052533867,
1.53525,-0.0097020958,
1.5355,-0.0084118657,
1.53575,-0.0041089952,
1.536,-0.0132008446,
1.53625,-0.0166631993,
1.5365,-0.0005596784,
1.53675,0.0016984567,
1.537,-0.0026237031,
1.53725,0.0071884925,
1.5375,0.0113304704,
1.53775,0.0016813893,
1.538,-0.0014632521,
1.53825,0.0063247276,
1.5385,0.0039107148,
1.53875,0.0027949447,
1.539,0.0123959603,
1.53925,0.0173225030,
1.5395,0.0144705642,
1.53975,0.0085019013,
1.54,0.0073958458,
1.54025,0.0015045573,
1.5405,-0.0000274925,
1.54075,-0.0026359931,
1.541,-0.0015015220,
1.54125,0.0017573538,
1.5415,-0.0014659015,
1.54175,0.0023033475,
1.542,-0.0018935362,
1.54225,-0.0012969831,
1.5425,-0.0021496010,
1.54275,-0.0062468024,
1.543,-0.0008506082,
1.54325,0.0018343364,
1.5435,0.0003960190,
1.54375,0.0013775784,
1.544,0.0027662327,
1.54425,0.0012882536,
1.5445,0.0011671141,
1.54475,0.0078035211,
1.545,0.0068011237,
1.54525,0.0128763532,
1.5455,0.0159059111,
1.54575,0.0115234517,
1.546,0.0101399831,
1.54625,0.0017345791,
1.5465,0.0023208121,
1.54675,0.0039043091,
1.547,-0.0044356002,
1.54725,0.0037104944,
1.5475,0.0125045069,
1.54775,0.0033429977,
1.548,-0.0034729708,
1.54825,0.0065358048,
1.5485,-0.0030663039,
1.54875,-0.0163372476,
1.549,-0.0031584918,
1.54925,0.0002583342,
1.5495,-0.0073690624,
1.54975,-0.0048345416,
1.55,0.0003378696,
1.55025,-0.0034698811,
1.5505,-0.0094737252,
1.55075,-0.0080050845,
1.551,-0.0054480792,
1.55125,-0.0060590273,
1.5515,-0.0109214447,
1.55175,-0.0103626512,
1.552,0.0013770659,
1.55225,-0.0143438336,
1.5525,-0.0173701383,
1.55275,-0.0019172265,
1.553,-0.0039040763,
1.55325,-0.0095675355,
1.5535,0.0037128327,
1.55375,0.0072500473,
1.554,0.0040448019,
1.55425,0.0015277636,
1.5545,0.0002296495,
1.55475,0.0024410833,
1.555,-0.0008988708,
1.55525,-0.0083001945,
1.5555,0.0036534774,
1.55575,0.0122795813,
1.556,0.0044283452,
1.55625,0.0049478104,
1.5565,0.0102045750,
1.55675,0.0023752155,
1.557,-0.0109926052,
1.55725,-0.0106111709,
1.5575,-0.0033527662,
1.55775,-0.0014151697,
1.558,-0.0078292526,
1.55825,-0.0065228771,
1.5585,0.0002257150,
1.55875,-0.0069806678,
1.559,-0.0085741319,
1.55925,0.0030072466,
1.5595,-0.0043599829,
1.55975,-0.0032496373,
1.56,-0.0002550978,
1.56025,0.0030316657,
1.5605,0.0003019206,
1.56075,-0.0040424578,
1.561,-0.0054175872,
1.56125,-0.0004215783,
1.5615,-0.0003320966,
1.56175,-0.0021827654,
1.562,0.0100603364,
1.56225,0.0074086441,
1.5625,-0.0022574472,
1.56275,0.0046605174,
1.563,0.0011054738,
1.56325,-0.0062370026,
1.5635,-0.0006152897,
1.56375,0.0021966056,
1.564,0.0049525248,
1.56425,0.0080668852,
1.5645,0.0042821346,
1.56475,0.0023148935,
1.565,0.0057049538,
1.56525,-0.0070341146,
1.5655,-0.0076286034,
1.56575,0.0029894505,
1.566,-0.0038666893,
1.56625,-0.0074668089,
1.5665,0.0032079418,
1.56675,0.0004909256,
1.567,-0.0116897225,
1.56725,-0.0071543013,
1.5675,-0.0027835025,
1.56775,-0.0092798062,
1.568,-0.0124935945,
1.56825,-0.0035501888,
1.5685,0.0007166478,
1.56875,-0.0071922559,
1.569,-0.0093003763,
1.56925,-0.0003875082,
1.5695,-0.0054474585,
1.56975,-0.0099727679,
1.57,0.0011219184,
1.57025,0.0120724160,
1.5705,0.0047073904,
1.57075,0.0040421812,
1.571,0.0098125450,
1.57125,0.0044971919,
1.5715,-0.0062447325,
1.57175,-0.0000052255,
1.572,0.0078014387,
1.57225,0.0012252007,
1.5725,0.0022415002,
1.57275,0.0118098613,
1.573,0.0071925530,
1.57325,-0.0007079859,
1.5735,0.0018862311,
1.57375,0.0007544906,
1.574,-0.0019182852,
1.57425,-0.0012326107,
1.5745,0.0023959889,
1.57475,0.0053500966,
1.575,0.0031666197,
1.57525,0.0043803090,
1.5755,0.0020893372,
1.57575,-0.0011058445,
1.576,0.0003642248,
1.57625,0.0006273452,
1.5765,-0.0027860745,
1.57675,-0.0011284791,
1.577,-0.0013788226,
1.57725,-0.0009961281,
1.5775,-0.0009164499,
1.57775,-0.0019283206,
1.578,-0.0032585082,
1.57825,0.0014675240,
1.5785,0.0048552910,
1.57875,0.0048523475,
1.579,0.0115953684,
1.57925,0.0058688042,
1.5795,0.0052894843,
1.57975,0.0008935647,
1.58,-0.0048210551,
1.58025,-0.0034566256,
1.5805,0.0008811409,
1.58075,-0.0001603761,
1.581,0.0096182451,
1.58125,0.0103892572,
1.5815,-0.0032634661,
1.58175,0.0031897763,
1.582,0.0053770281,
1.58225,-0.0137017770,
1.5825,-0.0048989402,
1.58275,0.0038942250,
1.583,-0.0035143315,
1.58325,-0.0021545419,
1.5835,0.0037052482,
1.58375,0.0003955930,
1.584,-0.0035614329,
1.58425,-0.0036996002,
1.5845,-0.0037731794,
1.58475,-0.0017689925,
1.585,-0.0082316445,
1.58525,-0.0095070973,
1.5855,0.0015096560,
1.58575,-0.0021377010,
1.586,-0.0108557660,
1.58625,-0.0037054124,
1.5865,-0.0038730553,
1.58675,-0.0056001367,
1.587,-0.0019983277,
1.58725,0.0006391526,
1.5875,0.0040380605,
1.58775,-0.0007442390,
1.588,-0.0086598229,
1.58825,-0.0035692281,
1.5885,-0.0032252257,
1.58875,-0.0027305607,
1.589,-0.0032294244,
1.58925,0.0103565827,
1.5895,0.0097172726,
1.58975,-0.0003692876,
1.59,0.0016839122,
1.59025,0.0053593358,
1.5905,-0.0021318095,
1.59075,-0.0110004703,
1.591,0.0017879666,
1.59125,0.0129472176,
1.5915,-0.0009954910,
1.59175,0.0027050315,
1.592,0.0119566349,
1.59225,0.0024139488,
1.5925,-0.0092606219,
1.59275,-0.0017159978,
1.593,0.0025677108,
1.59325,-0.0054555568,
1.5935,-0.0018055430,
1.59375,-0.0001786614,
1.594,0.0015372747,
1.59425,-0.0074534239,
1.5945,-0.0092578195,
1.59475,-0.0012909269,
1.595,-0.0023117682,
1.59525,-0.0053047258,
1.5955,0.0065831449,
1.59575,0.0065871337,
1.596,0.0022174474,
1.59625,-0.0037337779,
1.5965,0.0012853765,
1.59675,-0.0049739005,
1.597,0.0025228267,
1.59725,0.0020266762,
1.5975,0.0049693268,
1.59775,0.0088860821,
1.598,0.0072504994,
1.59825,-0.0000403858,
1.5985,0.0024310320,
1.59875,0.0003341886,
1.599,-0.0097196829,
1.59925,-0.0023424162,
1.5995,0.0046999212,
1.59975,-0.0019955679,
1.6,-0.0029437931,
1.60025,0.0060449815,
1.6005,-0.0066641620,
1.60075,-0.0080203116,
1.601,-0.0042097829,
1.60125,0.0001792175,
1.6015,-0.0052092178,
1.60175,-0.0001517417,
1.602,0.0027511707,
1.60225,0.0032032863,
1.6025,-0.0091370419,
1.60275,-0.0023283018,
1.603,0.0037373351,
1.60325,-0.0059836973,
1.6035,-0.0028828999,
1.60375,0.0129137104,
1.604,0.0047391122,
1.60425,0.0003376293,
1.6045,0.0053020036,
1.60475,0.0040429821,
1.605,-0.0034168274,
1.60525,-0.0039723553,
1.6055,0.0100335758,
1.60575,0.0089485105,
1.606,0.0053519499,
1.60625,0.0136350133,
1.6065,0.0155561846,
1.60675,0.0012190266,
1.607,0.0035959554,
1.60725,0.0102918670,
1.6075,0.0023622909,
1.60775,0.0028388584,
1.608,0.0113521507,
1.60825,0.0073667876,
1.6085,0.0053266315,
1.60875,0.0076204794,
1.609,0.0037297690,
1.60925,-0.0005958840,
1.6095,0.0033554216,
1.60975,0.0001006378,
1.61,0.0002643968,
1.61025,0.0026378538,
1.6105,-0.0020607307,
1.61075,-0.0008605267,
1.611,-0.0027040590,
1.61125,-0.0046190047,
1.6115,-0.0010576420,
1.61175,0.0040100929,
1.612,0.0047423649,
1.61225,0.0087085376,
1.6125,0.0095482040,
1.61275,0.0063001039,
1.613,0.0010967649,
1.61325,-0.0029123703,
1.6135,-0.0042953491,
1.61375,0.0006630265,
1.614,0.0050833304,
1.61425,0.0035467849,
1.6145,0.0057153711,
1.61475,0.0097093824,
1.615,-0.0083314311,
1.61525,-0.0052751857,
1.6155,0.0057935454,
1.61575,-0.0168525390,
1.616,-0.0079828864,
1.61625,0.0078834286,
1.6165,0.0009569270,
1.61675,-0.0047637387,
1.617,0.0036395607,
1.61725,0.0014152435,
1.6175,-0.0058195433,
1.61775,-0.0026399354,
1.618,-0.0018494686,
1.61825,0.0020900655,
1.6185,0.0011141656,
1.61875,-0.0114507684,
1.619,-0.0012109919,
1.61925,-0.0024523239,
1.6195,-0.0166427288,
1.61975,-0.0071520042,
1.62,0.0009738569,
1.62025,-0.0038709939,
1.6205,-0.0029861275,
1.62075,-0.0017482964,
1.621,-0.0000403164,
1.62125,-0.0035324357,
1.6215,-0.0093422001,
1.62175,-0.0078290151,
1.622,0.0046703750,
1.62225,0.0010113677,
1.6225,-0.0002999373,
1.62275,0.0133230826,
1.623,0.0153898932,
1.62325,0.0014499679,
1.6235,-0.0019290689,
1.62375,0.0024002320,
1.624,0.0044060196,
1.62425,-0.0096381539,
1.6245,-0.0003510437,
1.62475,0.0146586122,
1.625,0.0046068574,
1.62525,-0.0040604756,
1.6255,0.0064621582,
1.62575,0.0030186635,
1.626,-0.0118574919,
1.62625,-0.0028418219,
1.6265,0.0017157167,
1.62675,-0.0004572452,
1.627,-0.0042394772,
1.62725,-0.0078225387,
1.6275,0.0003095322,
1.62775,-0.0044878586,
1.628,-0.0102576809,
1.62825,0.0006235091,
1.6285,0.0039240248,
1.62875,-0.0022198337,
1.629,0.0020003114,
1.62925,0.0078918617,
1.6295,0.0015574147,
1.62975,-0.0019853713,
1.63,0.0003888688,
1.63025,-0.0026328778,
1.6305,0.0033619842,
1.63075,0.0091653671,
1.631,0.0073440005,
1.63125,0.0106775258,
1.6315,0.0067110257,
1.63175,0.0016302407,
1.632,0.0002104731,
1.63225,0.0010816879,
1.6325,-0.0053241607,
1.63275,-0.0002287658,
1.633,0.0011357261,
1.63325,-0.0005839799,
1.6335,-0.0026446150,
1.63375,0.0009456705,
1.634,-0.0029266593,
1.63425,-0.0111483280,
1.6345,-0.0056352587,
1.63475,-0.0011142461,
1.635,-0.0076210117,
1.63525,-0.0059499340,
1.6355,-0.0014507475,
1.63575,-0.0040025087,
1.636,-0.0139505826,
1.63625,-0.0109443069,
1.6365,-0.0028936411,
1.63675,-0.0041713282,
1.637,-0.0021159579,
1.63725,0.0052731386,
1.6375,0.0078439023,
1.63775,-0.0027810328,
1.638,-0.0026095174,
1.63825,0.0051883492,
1.6385,-0.0005402371,
1.63875,-0.0036708883,
1.639,0.0105929933,
1.63925,0.0192347113,
1.6395,0.0107728494,
1.63975,0.0089496411,
1.64,0.0120449616,
1.64025,0.0031759592,
1.6405,-0.0035936923,
1.64075,0.0037153638,
1.641,0.0040970994,
1.64125,0.0035657946,
1.6415,0.0026866605,
1.64175,0.0078314738,
1.642,0.0046319752,
1.64225,0.0056246133,
1.6425,0.0011562952,
1.64275,-0.0002639077,
1.643,0.0009091108,
1.64325,0.0022727025,
1.6435,-0.0040710056,
1.64375,-0.0023089675,
1.644,-0.0050459113,
1.64425,-0.0089913914,
1.6445,-0.0050066011,
1.64475,-0.0070320005,
1.645,-0.0074327090,
1.64525,0.0010807756,
1.6455,0.0046933508,
1.64575,0.0024708270,
1.646,0.0059217126,
1.64625,0.0003521296,
1.6465,-0.0040553692,
1.64675,-0.0050803283,
1.647,-0.0080089560,
1.64725,0.0010855320,
1.6475,0.0077662719,
1.64775,0.0064849351,
1.648,0.0041873851,
1.64825,0.0106988829,
1.6485,-0.0023451499,
1.64875,-0.0132574616,
1.649,-0.0008378251,
1.64925,-0.0053640013,
1.6495,-0.0094306730,
1.64975,-0.0014294625,
1.65,0.0012090836,
1.65025,-0.0093238642,
1.6505,-0.0080454722,
1.65075,-0.0018978680,
1.651,-0.0062900479,
1.65125,-0.0051763193,
1.6515,-0.0059244065,
1.65175,-0.0008435952,
1.652,0.0009103702,
1.65225,-0.0132395281,
1.6525,-0.0096758669,
1.65275,-0.0033160993,
1.653,-0.0082027726,
1.65325,-0.0103172436,
1.6535,0.0016832025,
1.65375,0.0049918187,
1.654,0.0052893041,
1.65425,-0.0031936383,
1.6545,-0.0053649438,
1.65475,0.0009355092,
1.655,-0.0015841438,
1.65525,-0.0098554771,
1.6555,0.0019533716,
1.65575,0.0108381193,
1.656,0.0053708493,
1.65625,0.0060302806,
1.6565,0.0111224689,
1.65675,0.0063237217,
1.657,-0.0071816240,
1.65725,-0.0027297155,
1.6575,0.0068099685,
1.65775,0.0009950607,
1.658,-0.0066350559,
1.65825,0.0068676700,
1.6585,0.0106376354,
1.65875,-0.0058472697,
1.659,-0.0079026930,
1.65925,0.0069227079,
1.6595,-0.0075326599,
1.65975,-0.0118403751,
1.66,-0.0020794459,
1.66025,-0.0008506813,
1.6605,-0.0025140506,
1.66075,-0.0134617416,
1.661,-0.0085482318,
1.66125,-0.0014032326,
1.6615,-0.0093332380,
1.66175,-0.0076500615,
1.662,0.0060372511,
1.66225,0.0043677166,
1.6625,-0.0048497254,
1.66275,-0.0015368862,
1.663,-0.0017137796,
1.66325,-0.0041163228,
1.6635,0.0008765396,
1.66375,-0.0009662452,
1.664,0.0014773640,
1.66425,0.0111059798,
1.6645,0.0088565713,
1.66475,0.0031269176,
1.665,0.0056047477,
1.66525,-0.0013978027,
1.6655,-0.0073902542,
1.66575,-0.0018616660,
1.666,-0.0008824358,
1.66625,0.0019671822,
1.6665,0.0030663083,
1.66675,0.0023476179,
1.667,0.0007811090,
1.66725,-0.0043178545,
1.6675,-0.0029854905,
1.66775,-0.0050904211,
1.668,-0.0086203786,
1.66825,-0.0056494586,
1.6685,-0.0045647323,
1.66875,-0.0094489343,
1.669,-0.0123644862,
1.66925,-0.0093324035,
1.6695,-0.0118227508,
1.66975,-0.0145823266,
1.67,-0.0014244171,
1.67025,0.0024413783,
1.6705,-0.0000624720,
1.67075,-0.0016299635,
1.671,0.0032826178,
1.67125,0.0013443164,
1.6715,-0.0053148665,
1.67175,0.0002945709,
1.672,0.0094562788,
1.67225,0.0020770340,
1.6725,-0.0005668704,
1.67275,0.0156757161,
1.673,0.0100255432,
1.67325,-0.0022130182,
1.6735,0.0029219138,
1.67375,0.0043079816,
1.674,-0.0024208031,
1.67425,-0.0019905681,
1.6745,0.0059444075,
1.67475,0.0094381226,
1.675,0.0054290774,
1.67525,0.0060654823,
1.6755,0.0069349939,
1.67575,0.0053750882,
1.676,0.0041095861,
1.67625,0.0063672997,
1.6765,0.0099904872,
1.67675,0.0061451187,
1.677,0.0006890281,
1.67725,0.0036930840,
1.6775,0.0034200212,
1.67775,-0.0021888621,
1.678,-0.0015138926,
1.67825,0.0063181208,
1.6785,0.0048941001,
1.67875,0.0066390103,
1.679,0.0104944259,
1.67925,0.0062656817,
1.6795,-0.0019601171,
1.67975,-0.0067806486,
1.68,-0.0043854853,
1.68025,0.0000109151,
1.6805,0.0019302105,
1.68075,0.0020708393,
1.681,0.0096522188,
1.68125,0.0050228033,
1.6815,-0.0023752579,
1.68175,0.0000783658,
1.682,-0.0001156514,
1.68225,-0.0125774853,
1.6825,-0.0087450342,
1.68275,0.0032424228,
1.683,-0.0078301160,
1.68325,-0.0035821423,
1.6835,0.0076535102,
1.68375,-0.0018034194,
1.684,-0.0049348669,
1.68425,-0.0006860410,
1.6845,0.0023956115,
1.68475,-0.0049655470,
1.685,-0.0084396005,
1.68525,-0.0053112577,
1.6855,-0.0045844344,
1.68575,-0.0067512570,
1.686,-0.0137761710,
1.68625,-0.0061361426,
1.6865,-0.0051805442,
1.68675,-0.0043465178,
1.687,-0.0008962380,
1.68725,0.0009557573,
1.6875,-0.0032147784,
1.68775,-0.0067232545,
1.688,-0.0150102992,
1.68825,-0.0116728917,
1.6885,-0.0077705262,
1.68875,-0.0044434480,
1.689,-0.0025063478,
1.68925,0.0072877100,
1.6895,0.0116821462,
1.68975,0.0012199068,
1.69,-0.0005938994,
1.69025,0.0071450691,
1.6905,0.0010856395,
1.69075,-0.0044655437,
1.691,0.0054461630,
1.69125,0.0183614120,
1.6915,0.0043825060,
1.69175,0.0026948173,
1.692,0.0108281001,
1.69225,0.0045995163,
1.6925,-0.0109925857,
1.69275,0.0004815092,
1.693,0.0071372399,
1.69325,-0.0040140427,
1.6935,-0.0061122682,
1.69375,-0.0015028359,
1.694,-0.0022416280,
1.69425,-0.0102907997,
1.6945,-0.0117965499,
1.69475,-0.0017743041,
1.695,0.0022337828,
1.69525,-0.0035419932,
1.6955,0.0065141302,
1.69575,0.0114147644,
1.696,0.0018613059,
1.69625,-0.0058458336,
1.6965,0.0005349916,
1.69675,-0.0044091544,
1.697,-0.0064355144,
1.69725,0.0034861071,
1.6975,0.0010597734,
1.69775,0.0062093190,
1.698,0.0064283907,
1.69825,-0.0014256641,
1.6985,-0.0029526595,
1.69875,-0.0022532316,
1.699,-0.0101115759,
1.69925,-0.0053523486,
1.6995,0.0043300595,
1.69975,0.0017254149,
1.7,0.0043446347,
1.70025,0.0026175296,
1.7005,-0.0010339511,
1.70075,-0.0006171633,
1.701,-0.0011578430,
1.70125,0.0013417715,
1.7015,0.0014678973,
1.70175,0.0028879866,
1.702,0.0006196669,
1.70225,-0.0055017364,
1.7025,-0.0068973047,
1.70275,-0.0054455786,
1.703,-0.0084554944,
1.70325,-0.0109120188,
1.7035,-0.0016606746,
1.70375,0.0055340538,
1.704,0.0006344391,
1.70425,-0.0029113092,
1.7045,0.0022380888,
1.70475,-0.0023915551,
1.705,-0.0064455806,
1.70525,-0.0072982353,
1.7055,0.0082885176,
1.70575,0.0088726310,
1.706,-0.0011305313,
1.70625,0.0090977391,
1.7065,0.0109102167,
1.70675,-0.0017256186,
1.707,-0.0039515365,
1.70725,0.0082730418,
1.7075,0.0023722155,
1.70775,-0.0016087885,
1.708,0.0080552297,
1.70825,0.0137245478,
1.7085,0.0069238646,
1.70875,0.0030070050,
1.709,0.0033137563,
1.70925,0.0028820555,
1.7095,0.0022087598,
1.70975,0.0008883377,
1.71,0.0087271249,
1.71025,0.0090339947,
1.7105,-0.0018024098,
1.71075,-0.0004805473,
1.711,0.0000521870,
1.71125,-0.0041349693,
1.7115,-0.0046785786,
1.71175,0.0012241721,
1.712,0.0051389909,
1.71225,0.0051359083,
1.7125,0.0050516515,
1.71275,0.0037103710,
1.713,-0.0013047409,
1.71325,-0.0052348021,
1.7135,-0.0043068356,
1.71375,0.0025830281,
1.714,0.0125313364,
1.71425,0.0069038705,
1.7145,0.0110987723,
1.71475,0.0074549583,
1.715,-0.0071925721,
1.71525,-0.0087896511,
1.7155,0.0029923324,
1.71575,-0.0025452001,
1.716,-0.0064819357,
1.71625,0.0067317085,
1.7165,0.0077239242,
1.71675,-0.0009132989,
1.717,0.0002126034,
1.71725,0.0024775022,
1.7175,-0.0028224001,
1.71775,-0.0043740356,
1.718,0.0020509106,
1.71825,0.0029470820,
1.7185,-0.0006925850,
1.71875,-0.0069244881,
1.719,-0.0066837454,
1.71925,-0.0075962422,
1.7195,-0.0146272816,
1.71975,-0.0099679120,
1.72,-0.0041654781,
1.72025,-0.0033480136,
1.7205,-0.0049287309,
1.72075,-0.0041954461,
1.721,-0.0055262921,
1.72125,-0.0107680969,
1.7215,-0.0113060586,
1.72175,-0.0090370430,
1.722,-0.0043232837,
1.72225,0.0027322697,
1.7225,0.0078050974,
1.72275,0.0092599504,
1.723,0.0082470020,
1.72325,0.0066690724,
1.7235,-0.0019601281,
1.72375,0.0017711499,
1.724,0.0083312541,
1.72425,-0.0003211165,
1.7245,0.0035392654,
1.72475,0.0141877774,
1.725,0.0084882425,
1.72525,-0.0018011839,
1.7255,0.0037899171,
1.72575,-0.0019523846,
1.726,-0.0123974076,
1.72625,-0.0090258531,
1.7265,-0.0005425548,
1.72675,-0.0031928055,
1.727,-0.0082934378,
1.72725,-0.0096109677,
1.7275,-0.0022106133,
1.72775,-0.0056659831,
1.728,-0.0164487697,
1.72825,-0.0013663489,
1.7285,0.0042687063,
1.72875,0.0004152209,
1.729,-0.0011543110,
1.72925,0.0052830195,
1.7295,0.0035738023,
1.72975,-0.0062689143,
1.73,0.0000144164,
1.73025,0.0045130551,
1.7305,-0.0004313428,
1.73075,0.0086499052,
1.731,0.0113574173,
1.73125,0.0099066729,
1.7315,0.0075551253,
1.73175,0.0044116490,
1.732,-0.0034423580,
1.73225,0.0000599740,
1.7325,0.0000281426,
1.73275,-0.0026722380,
1.733,0.0020049228,
1.73325,0.0044916915,
1.7335,0.0015022868,
1.73375,0.0013961563,
1.734,-0.0001903517,
1.73425,-0.0021930146,
1.7345,-0.0035725397,
1.73475,-0.0071389005,
1.735,-0.0056186458,
1.73525,-0.0021763546,
1.7355,-0.0094301160,
1.73575,-0.0126559837,
1.736,-0.0106260031,
1.73625,-0.0128093082,
1.7365,-0.0088681849,
1.73675,-0.0098654032,
1.737,-0.0079953773,
1.73725,-0.0000955033,
1.7375,-0.0011585075,
1.73775,-0.0068984642,
1.738,-0.0028814352,
1.73825,0.0010028306,
1.7385,-0.0036535945,
1.73875,-0.0018357334,
1.739,0.0049018762,
1.73925,0.0116466368,
1.7395,0.0058232765,
1.73975,0.0003744783,
1.74,0.0113232853,
1.74025,0.0038387186,
1.7405,-0.0077246591,
1.74075,0.0047217654,
1.741,0.0092958361,
1.74125,0.0005726910,
1.7415,0.0039730612,
1.74175,0.0109279444,
1.742,0.0060701901,
1.74225,0.0014403980,
1.7425,0.0037058205,
1.74275,0.0059630726,
1.743,0.0112388283,
1.74325,0.0011260278,
1.7435,0.0059183598,
1.74375,0.0123189278,
1.744,-0.0018240471,
1.74425,-0.0049878284,
1.7445,0.0027862415,
1.74475,-0.0005071791,
1.745,-0.0029227505,
1.74525,0.0020343079,
1.7455,0.0073833955,
1.74575,0.0076255011,
1.746,-0.0008628683,
1.74625,-0.0066443486,
1.7465,-0.0072979592,
1.74675,-0.0036219121,
1.747,-0.0139887873,
1.74725,0.0043824790,
1.7475,0.0030489641,
1.74775,0.0125871990,
1.748,-0.0102689788,
1.74825,-0.0076920576,
1.7485,0.0021068198,
1.74875,-0.0128473518,
1.749,-0.0045859362,
1.74925,0.0025392883,
1.7495,0.0034519762,
1.74975,0.0022233303,
1.75,0.0082439855,
1.75025,0.0023183443,
1.7505,-0.0048234002,
1.75075,-0.0002052196,
1.751,-0.0033894277,
1.75125,-0.0082293497,
1.7515,-0.0032204711,
1.75175,-0.0059737614,
1.752,-0.0057102698,
1.75225,-0.0045699063,
1.7525,-0.0133664627,
1.75275,-0.0132695828,
1.753,-0.0097556962,
1.75325,-0.0095244925,
1.7535,-0.0027573891,
1.75375,0.0007475636,
1.754,-0.0000891361,
1.75425,0.0013793176,
1.7545,-0.0030139801,
1.75475,-0.0062296893,
1.755,-0.0016953447,
1.75525,-0.0053294883,
1.7555,-0.0023143364,
1.75575,0.0060603865,
1.756,0.0044805785,
1.75625,0.0019979593,
1.7565,0.0008948940,
1.75675,0.0024457995,
1.757,-0.0062115490,
1.75725,-0.0088383798,
1.7575,0.0000807476,
1.75775,0.0028165940,
1.758,-0.0024674083,
1.75825,0.0048470413,
1.7585,0.0130143808,
1.75875,-0.0025799905,
1.759,-0.0055658519,
1.75925,0.0074646068,
1.7595,-0.0010910407,
1.75975,-0.0074576824,
1.76,0.0024251435,
1.76025,0.0039121620,
1.7605,-0.0047392990,
1.76075,-0.0125758704,
1.761,-0.0061900085,
1.76125,-0.0023677994,
1.7615,-0.0077204499,
1.76175,-0.0058807018,
1.762,0.0098986570,
1.76225,0.0043016598,
1.7625,-0.0026951402,
1.76275,0.0044745784,
1.763,0.0065648793,
1.76325,-0.0092376638,
1.7635,-0.0030210160,
1.76375,0.0103249867,
1.764,0.0022045819,
1.76425,0.0090426104,
1.7645,0.0121565312,
1.76475,0.0100308117,
1.765,0.0076473453,
1.76525,0.0019447500,
1.7655,-0.0054161227,
1.76575,-0.0037418925,
1.766,0.0001290048,
1.76625,-0.0008102960,
1.7665,-0.0042400141,
1.76675,0.0065390435,
1.767,0.0011711353,
1.76725,-0.0070476681,
1.7675,-0.0060450616,
1.76775,-0.0017381337,
1.768,-0.0035982151,
1.76825,-0.0039462466,
1.7685,0.0004430161,
1.76875,0.0022323374,
1.769,-0.0029821016,
1.76925,-0.0045237555,
1.7695,-0.0063280365,
1.76975,-0.0081625367,
1.77,-0.0055545573,
1.77025,0.0015607453,
1.7705,-0.0010926876,
1.77075,0.0038717631,
1.771,0.0008208814,
1.77125,-0.0053836429,
1.7715,-0.0071815057,
1.77175,-0.0050781174,
1.772,-0.0030429300,
1.77225,-0.0006219018,
1.7725,0.0013830382,
1.77275,0.0168159995,
1.773,0.0090049654,
1.77325,-0.0010544781,
1.7735,0.0101347594,
1.77375,0.0091022616,
1.774,-0.0034826251,
1.77425,0.0028691720,
1.7745,0.0181430150,
1.77475,0.0109961927,
1.775,0.0007469765,
1.77525,0.0124406582,
1.7755,0.0078240428,
1.77575,-0.0063989968,
1.776,-0.0037871778,
1.77625,0.0046265069,
1.7765,0.0042944956,
1.77675,-0.0003822117,
1.777,0.0021604109,
1.77725,0.0047067562,
1.7775,-0.0019095762,
1.77775,-0.0081806481,
1.778,0.0008005454,
1.77825,0.0048309723,
1.7785,0.0005372982,
1.77875,0.0077168429,
1.779,0.0127333421,
1.77925,0.0092156809,
1.7795,0.0024716684,
1.77975,-0.0004002214,
1.78,0.0011960857,
1.78025,0.0016167482,
1.7805,0.0046696607,
1.78075,0.0078614540,
1.781,0.0131657338,
1.78125,0.0141470088,
1.7815,0.0050989678,
1.78175,0.0032441898,
1.782,0.0038730535,
1.78225,-0.0047074649,
1.7825,-0.0095889885,
1.78275,0.0017815194,
1.783,0.0062203733,
1.78325,-0.0062228744,
1.7835,-0.0013819347,
1.78375,-0.0016168661,
1.784,-0.0087731555,
1.78425,-0.0066876556,
1.7845,0.0006362560,
1.78475,-0.0009286375,
1.785,-0.0032371362,
1.78525,-0.0021926095,
1.7855,-0.0065683709,
1.78575,-0.0066097118,
1.786,-0.0128468731,
1.78625,-0.0118740974,
1.7865,-0.0037657483,
1.78675,-0.0053393403,
1.787,-0.0053860731,
1.78725,0.0025835808,
1.7875,-0.0013024095,
1.78775,-0.0018237531,
1.788,-0.0034817702,
1.78825,-0.0045569264,
1.7885,-0.0036302125,
1.78875,0.0014481761,
1.789,0.0027750328,
1.78925,0.0075122640,
1.7895,0.0121891033,
1.78975,0.0050308281,
1.79,0.0022195701,
1.79025,0.0048620040,
1.7905,-0.0015749411,
1.79075,-0.0053043114,
1.791,0.0006323256,
1.79125,0.0075135310,
1.7915,0.0002073228,
1.79175,0.0007630273,
1.792,0.0102131367,
1.79225,0.0006595994,
1.7925,-0.0075423159,
1.79275,0.0031006639,
1.793,0.0032629096,
1.79325,-0.0080384165,
1.7935,-0.0022384329,
1.79375,0.0046086507,
1.794,-0.0025621071,
1.79425,-0.0068002050,
1.7945,-0.0042272070,
1.79475,-0.0007958267,
1.795,-0.0020752293,
1.79525,-0.0032338039,
1.7955,0.0076116114,
1.79575,0.0070369327,
1.796,-0.0027939586,
1.79625,-0.0009243540,
1.7965,0.0038149380,
1.79675,-0.0061361468,
1.797,-0.0036486026,
1.79725,0.0144118741,
1.7975,0.0051620300,
1.79775,0.0060216966,
1.798,0.0102752531,
1.79825,0.0041603493,
1.7985,-0.0043631638,
1.79875,-0.0022139086,
1.799,-0.0060900478,
1.79925,-0.0133395586,
1.7995,-0.0031251346,
1.79975,0.0017334229,
1.8,0.0019451107,
1.80025,0.0002736301,
1.8005,-0.0030203336,
1.80075,-0.0031649363,
1.801,-0.0050483570,
1.80125,0.0016843145,
1.8015,0.0005756773,
1.80175,0.0043698745,
1.802,0.0010817200,
1.80225,-0.0017776957,
1.8025,-0.0030032441,
1.80275,-0.0061690221,
1.803,-0.0091688400,
1.80325,-0.0057907794,
1.8035,-0.0001540323,
1.80375,-0.0005546389,
1.804,-0.0013303610,
1.80425,0.0007243791,
1.8045,-0.0052755955,
1.80475,-0.0092706932,
1.805,-0.0089751435,
1.80525,-0.0066837864,
1.8055,0.0036588332,
1.80575,0.0054972689,
1.806,-0.0005523755,
1.80625,0.0116670886,
1.8065,0.0100665363,
1.80675,-0.0079695871,
1.807,-0.0024336674,
1.80725,0.0110528199,
1.8075,-0.0028186503,
1.80775,-0.0010775261,
1.808,0.0121353138,
1.80825,0.0105429348,
1.8085,0.0005906385,
1.80875,0.0016874353,
1.809,0.0083869016,
1.80925,0.0007127997,
1.8095,-0.0043089888,
1.80975,0.0057564005,
1.81,0.0129661616,
1.81025,0.0042331689,
1.8105,-0.0041486667,
1.81075,0.0069420128,
1.811,0.0018584811,
1.81125,-0.0064297495,
1.8115,-0.0092916116,
1.81175,0.0041050399,
1.812,0.0040576234,
1.81225,-0.0039023319,
1.8125,0.0043044840,
1.81275,0.0029965895,
1.813,-0.0036807735,
1.81325,-0.0047435286,
1.8135,-0.0018479533,
1.81375,-0.0017190793,
1.814,0.0049457536,
1.81425,0.0065062237,
1.8145,0.0078394692,
1.81475,0.0099158045,
1.815,0.0016269661,
1.81525,-0.0053834571,
1.8155,0.0034856652,
1.81575,-0.0012770911,
1.816,-0.0064890035,
1.81625,0.0043428745,
1.8165,0.0091730934,
1.81675,0.0004824534,
1.817,0.0051990943,
1.81725,0.0054323794,
1.8175,0.0018098752,
1.81775,-0.0028258380,
1.818,0.0028397427,
1.81825,-0.0017954147,
1.8185,-0.0041826633,
1.81875,-0.0055422550,
1.819,-0.0071316361,
1.81925,-0.0079346634,
1.8195,-0.0098686181,
1.81975,-0.0074664829,
1.82,-0.0070151025,
1.82025,-0.0053147431,
1.8205,0.0000374346,
1.82075,-0.0016727806,
1.821,-0.0028451148,
1.82125,-0.0060695875,
1.8215,-0.0032286993,
1.82175,-0.0107865240,
1.822,-0.0108592948,
1.82225,0.0003387658,
1.8225,0.0030204549,
1.82275,-0.0002968509,
1.823,0.0038782661,
1.82325,0.0050921091,
1.8235,-0.0087142745,
1.82375,-0.0051931129,
1.824,0.0009738773,
1.82425,-0.0052718357,
1.8245,-0.0010418610,
1.82475,0.0076877512,
1.825,0.0086078774,
1.82525,-0.0024949375,
1.8255,0.0004466852,
1.82575,0.0043840487,
1.826,-0.0065363529,
1.82625,-0.0012091552,
1.8265,0.0033046268,
1.82675,0.0026868330,
1.827,-0.0028645468,
1.82725,0.0002568664,
1.8275,0.0006796090,
1.82775,-0.0051202397,
1.828,-0.0062084720,
1.82825,0.0049905004,
1.8285,-0.0000331192,
1.82875,-0.0037507529,
1.829,0.0008995801,
1.82925,-0.0002705523,
1.8295,-0.0101421382,
1.82975,-0.0092779370,
1.83,-0.0069425050,
1.83025,-0.0087563340,
1.8305,-0.0122404611,
1.83075,0.0047748387,
1.831,0.0014197534,
1.83125,-0.0013416638,
1.8315,-0.0017550377,
1.83175,0.0010767508,
1.832,-0.0059960978,
1.83225,-0.0024797160,
1.8325,0.0012240553,
1.83275,0.0003026311,
1.833,0.0032539780,
1.83325,0.0066276742,
1.8335,0.0050785481,
1.83375,0.0010242553,
1.834,0.0006607643,
1.83425,-0.0040885606,
1.8345,-0.0064388700,
1.83475,-0.0026665933,
1.835,-0.0014009203,
1.83525,-0.0016689650,
1.8355,-0.0036522236,
1.83575,-0.0065269191,
1.836,-0.0086824512,
1.83625,-0.0114918277,
1.8365,-0.0061984072,
1.83675,-0.0076958314,
1.837,-0.0003660175,
1.83725,0.0058272160,
1.8375,0.0037552740,
1.83775,-0.0011170635,
1.838,-0.0034545241,
1.83825,-0.0047898330,
1.8385,-0.0066048321,
1.83875,-0.0079039074,
1.839,0.0034027870,
1.83925,0.0086855870,
1.8395,-0.0003180688,
1.83975,-0.0016312192,
1.84,0.0126926731,
1.84025,-0.0033030133,
1.8405,-0.0108880140,
1.84075,0.0077557992,
1.841,0.0080816261,
1.84125,-0.0017494722,
1.8415,0.0070805610,
1.84175,0.0179832205,
1.842,0.0070247622,
1.84225,-0.0025461302,
1.8425,0.0081158308,
1.84275,0.0117748836,
1.843,0.0043359171,
1.84325,-0.0001510108,
1.8435,0.0142607642,
1.84375,0.0125420829,
1.844,-0.0062123323,
1.84425,-0.0012213115,
1.8445,0.0048443321,
1.84475,-0.0047959397,
1.845,-0.0070936508,
1.84525,0.0043752496,
1.8455,0.0078619942,
1.84575,0.0007119254,
1.846,-0.0050950865,
1.84625,-0.0025984538,
1.8465,-0.0037154229,
1.84675,-0.0062363548,
1.847,-0.0037992175,
1.84725,0.0082527772,
1.8475,0.0090095708,
1.84775,0.0062831631,
1.848,0.0089574959,
1.84825,0.0110355783,
1.8485,0.0045297910,
1.84875,-0.0054754065,
1.849,-0.0037150993,
1.84925,0.0069631971,
1.8495,-0.0013458587,
1.84975,0.0008458748,
1.85,0.0105534410,
1.85025,0.0043732179,
1.8505,-0.0050036134,
1.85075,-0.0003637826,
1.851,0.0012995936,
1.85125,-0.0047760219,
1.8515,-0.0046200044,
1.85175,0.0009759550,
1.852,0.0006931654,
1.85225,0.0019514986,
1.8525,-0.0095958244,
1.85275,-0.0027774982,
1.853,-0.0048031374,
1.85325,-0.0071704392,
1.8535,-0.0029415649,
1.85375,0.0006963422,
1.854,0.0004578808,
1.85425,-0.0012063620,
1.8545,-0.0051659509,
1.85475,-0.0074869352,
1.855,-0.0103866234,
1.85525,-0.0062797633,
1.8555,-0.0070220381,
1.85575,-0.0029087169,
1.856,0.0047986191,
1.85625,0.0042856159,
1.8565,-0.0022997090,
1.85675,0.0024604751,
1.857,-0.0053196708,
1.85725,-0.0113328220,
1.8575,-0.0030011833,
1.85775,0.0006246789,
1.858,-0.0001662909,
1.85825,0.0044494849,
1.8585,0.0106368903,
1.85875,0.0023341575,
1.859,0.0003923162,
1.85925,0.0073869713,
1.8595,0.0010566876,
1.85975,-0.0003883853,
1.86,0.0009315914,
1.86025,0.0032662277,
1.8605,-0.0006556603,
1.86075,-0.0046935608,
1.861,-0.0021745530,
1.86125,-0.0029013301,
1.8615,-0.0045584347,
1.86175,-0.0013820082,
1.862,0.0086027486,
1.86225,0.0028895489,
1.8625,-0.0011358605,
1.86275,0.0029264728,
1.863,-0.0025392652,
1.86325,-0.0070386352,
1.8635,0.0000183072,
1.86375,0.0069426536,
1.864,0.0028087546,
1.86425,0.0068962020,
1.8645,0.0125500513,
1.86475,0.0067252908,
1.865,-0.0010428540,
1.86525,-0.0000933137,
1.8655,-0.0000598974,
1.86575,-0.0037535373,
1.866,0.0002660437,
1.86625,0.0060129534,
1.8665,0.0002125845,
1.86675,0.0027921461,
1.867,0.0010702206,
1.86725,0.0004092876,
1.8675,-0.0034357642,
1.86775,0.0003364008,
1.868,-0.0097850356,
1.86825,-0.0064902613,
1.8685,0.0012813734,
1.86875,-0.0030042678,
1.869,0.0000020387,
1.86925,-0.0053499211,
1.8695,-0.0095619503,
1.86975,-0.0054634591,
1.87,-0.0116279460,
1.87025,-0.0062186997,
1.8705,0.0034498302,
1.87075,0.0028214306,
1.871,-0.0027671561,
1.87125,-0.0102160601,
1.8715,-0.0100660622,
1.87175,-0.0076667774,
1.872,-0.0047843605,
1.87225,-0.0024798531,
1.8725,0.0009024020,
1.87275,0.0069241226,
1.873,-0.0012566264,
1.87325,-0.0064152181,
1.8735,-0.0000156846,
1.87375,0.0016189115,
1.874,-0.0056883418,
1.87425,-0.0002677441,
1.8745,0.0138000678,
1.87475,0.0108792214,
1.875,0.0033920100,
1.87525,0.0100197680,
1.8755,0.0125663253,
1.87575,-0.0010691617,
1.876,0.0021771663,
1.87625,0.0143166520,
1.8765,0.0121772662,
1.87675,0.0014797726,
1.877,0.0033251322,
1.87725,0.0110586435,
1.8775,-0.0003981065,
1.87775,-0.0115216440,
1.878,0.0035834238,
1.87825,0.0059833447,
1.8785,-0.0025515757,
1.87875,0.0003039023,
1.879,0.0115077551,
1.87925,0.0056342217,
1.8795,-0.0026594670,
1.87975,-0.0053255586,
1.88,0.0034463205,
1.88025,-0.0036173025,
1.8805,-0.0032687071,
1.88075,0.0087058302,
1.881,0.0133658051,
1.88125,0.0058750245,
1.8815,0.0026434595,
1.88175,0.0040820348,
1.882,0.0036492143,
1.88225,-0.0001345694,
1.8825,-0.0034400746,
1.88275,0.0062404433,
1.883,0.0080708889,
1.88325,0.0007595646,
1.8835,0.0041003893,
1.88375,0.0057231579,
1.884,-0.0052387775,
1.88425,-0.0012117596,
1.8845,0.0046418412,
1.88475,0.0007087319,
1.885,0.0001575858,
1.88525,0.0012595523,
1.8855,-0.0066804402,
1.88575,-0.0065341024,
1.886,-0.0053615328,
1.88625,-0.0046123127,
1.8865,-0.0017023366,
1.88675,0.0002714669,
1.887,-0.0022801692,
1.88725,-0.0039720885,
1.8875,-0.0081702825,
1.88775,-0.0101766074,
1.888,-0.0119773652,
1.88825,-0.0157585815,
1.8885,-0.0123908203,
1.88875,-0.0023676236,
1.889,0.0049202600,
1.88925,0.0002947375,
1.8895,0.0045781261,
1.88975,0.0039840555,
1.89,-0.0058547324,
1.89025,-0.0105661824,
1.8905,0.0029640039,
1.89075,-0.0018776035,
1.891,-0.0038561414,
1.89125,0.0048580095,
1.8915,0.0091512818,
1.89175,0.0042752884,
1.892,0.0058096601,
1.89225,0.0026556661,
1.8925,-0.0055732909,
1.89275,0.0033858065,
1.893,0.0034160563,
1.89325,0.0004324169,
1.8935,0.0041244477,
1.89375,-0.0021415495,
1.894,-0.0054353522,
1.89425,-0.0084999213,
1.8945,-0.0083236033,
1.89475,-0.0069150929,
1.895,-0.0061722286,
1.89525,-0.0015809520,
1.8955,0.0023515050,
1.89575,0.0053958781,
1.896,-0.0090563148,
1.89625,-0.0049198796,
1.8965,-0.0029121367,
1.89675,-0.0099114589,
1.897,-0.0096020056,
1.89725,0.0063046943,
1.8975,0.0079491138,
1.89775,0.0015662638,
1.898,0.0060907588,
1.89825,0.0081418473,
1.8985,-0.0039725425,
1.89875,-0.0069973473,
1.899,0.0053800698,
1.89925,0.0027855739,
1.8995,0.0027347191,
1.89975,0.0081853066,
1.9,0.0111852875,
1.90025,0.0047510779,
1.9005,0.0032868488,
1.90075,0.0018687436,
1.901,0.0002289232,
1.90125,0.0012582471,
1.9015,0.0023223781,
1.90175,0.0020632811,
1.902,0.0017391834,
1.90225,-0.0064818533,
1.9025,-0.0034663151,
1.90275,-0.0050990279,
1.903,-0.0051836818,
1.90325,-0.0009593094,
1.9035,-0.0000136118,
1.90375,0.0008771811,
1.904,-0.0010623665,
1.90425,-0.0006119499,
1.9045,-0.0040017548,
1.90475,-0.0089823483,
1.905,-0.0079053510,
1.90525,-0.0121923145,
1.9055,-0.0015029707,
1.90575,0.0038254396,
1.906,-0.0017808885,
1.90625,0.0007433496,
1.9065,0.0039926055,
1.90675,-0.0072418330,
1.907,-0.0097922133,
1.90725,0.0052912170,
1.9075,0.0010376978,
1.90775,-0.0057168286,
1.908,0.0043045399,
1.90825,0.0109859630,
1.9085,0.0027698884,
1.90875,-0.0006171918,
1.909,0.0050891675,
1.90925,0.0043439372,
1.9095,-0.0029308191,
1.90975,0.0041793678,
1.91,0.0153098609,
1.91025,0.0096368100,
1.9105,-0.0025312528,
1.91075,0.0027097641,
1.911,0.0044622570,
1.91125,-0.0056912820,
1.9115,-0.0050792666,
1.91175,0.0096076522,
1.912,0.0085043693,
1.91225,-0.0003520582,
1.9125,0.0024212957,
1.91275,0.0048186914,
1.913,-0.0059179831,
1.91325,-0.0090623209,
1.9135,-0.0053044339,
1.91375,0.0017263463,
1.914,-0.0022692692,
1.91425,-0.0012644125,
1.9145,0.0019856237,
1.91475,0.0085273748,
1.915,0.0024342285,
1.91525,-0.0035723811,
1.9155,0.0049691228,
1.91575,0.0070299697,
1.916,0.0019247575,
1.91625,0.0055388757,
1.9165,0.0082355095,
1.91675,0.0078085950,
1.917,-0.0016879002,
1.91725,-0.0001134536,
1.9175,0.0059078732,
1.91775,-0.0077637304,
1.918,-0.0015179125,
1.91825,0.0007972578,
1.9185,0.0011217104,
1.91875,-0.0023364392,
1.919,-0.0110265557,
1.91925,-0.0069904649,
1.9195,-0.0063095978,
1.91975,-0.0101323612,
1.92,-0.0056995084,
1.92025,0.0006675558,
1.9205,-0.0018626556,
1.92075,-0.0069222171,
1.921,-0.0027771154,
1.92125,-0.0069948216,
1.9215,-0.0124722999,
1.92175,-0.0101493476,
1.922,-0.0102043701,
1.92225,-0.0079730963,
1.9225,0.0017326225,
1.92275,0.0007493439,
1.923,-0.0043110484,
1.92325,-0.0002734009,
1.9235,-0.0042960723,
1.92375,-0.0081678787,
1.924,-0.0007140980,
1.92425,-0.0015373447,
1.9245,-0.0008575695,
1.92475,0.0041811699,
1.925,0.0011883583,
1.92525,0.0027117711,
1.9255,0.0005262033,
1.92575,0.0031371436,
1.926,-0.0003148085,
1.92625,0.0024409117,
1.9265,0.0068167313,
1.92675,-0.0001898785,
1.927,0.0006609224,
1.92725,0.0011760126,
1.9275,-0.0010690053,
1.92775,-0.0045532030,
1.928,-0.0038861190,
1.92825,0.0023229918,
1.9285,-0.0007495884,
1.92875,-0.0023471871,
1.929,0.0012972344,
1.92925,0.0035044737,
1.9295,-0.0048343739,
1.92975,-0.0109887552,
1.93,-0.0000844358,
1.93025,-0.0007420976,
1.9305,-0.0050738216,
1.93075,0.0038906129,
1.931,0.0151733859,
1.93125,0.0068358029,
1.9315,0.0023278701,
1.93175,0.0099208672,
1.932,0.0035148817,
1.93225,-0.0062218131,
1.9325,0.0005064784,
1.93275,0.0066476529,
1.933,0.0045047440,
1.93325,0.0034961496,
1.9335,0.0071813255,
1.93375,0.0034366930,
1.934,-0.0004082017,
1.93425,-0.0014953942,
1.9345,0.0001082881,
1.93475,-0.0000460440,
1.935,-0.0009404377,
1.93525,0.0015404155,
1.9355,0.0025317899,
1.93575,-0.0031387783,
1.936,-0.0073854234,
1.93625,-0.0045369472,
1.9365,-0.0045035835,
1.93675,-0.0037358643,
1.937,-0.0042063599,
1.93725,0.0011065006,
1.9375,-0.0027364877,
1.93775,-0.0050520455,
1.938,-0.0061537656,
1.93825,-0.0098405303,
1.9385,-0.0078322161,
1.93875,-0.0068015363,
1.939,-0.0007527021,
1.93925,0.0065693283,
1.9395,0.0039981254,
1.93975,0.0002173139,
1.94,0.0049386462,
1.94025,0.0021546013,
1.9405,-0.0080806194,
1.94075,0.0036720340,
1.941,0.0069580576,
1.94125,-0.0003352156,
1.9415,0.0031914352,
1.94175,0.0121028330,
1.942,0.0042158221,
1.94225,-0.0007791768,
1.9425,0.0047348221,
1.94275,0.0082431436,
1.943,0.0033902458,
1.94325,-0.0010857811,
1.9435,0.0066640647,
1.94375,0.0084507447,
1.944,-0.0059682354,
1.94425,-0.0043730866,
1.9445,0.0048878165,
1.94475,0.0007034410,
1.945,-0.0020438174,
1.94525,0.0061097499,
1.9455,0.0111538088,
1.94575,0.0041082785,
1.946,0.0023898748,
1.94625,0.0012927199,
1.9465,0.0005105686,
1.94675,-0.0039190836,
1.947,-0.0032424219,
1.94725,0.0069221826,
1.9475,0.0080403751,
1.94775,0.0084635178,
1.948,0.0069343848,
1.94825,0.0061540171,
1.9485,0.0026946506,
1.94875,-0.0008797378,
1.949,-0.0014709908,
1.94925,0.0040520206,
1.9495,0.0065869838,
1.94975,0.0039161169,
1.95,0.0110398661,
1.95025,0.0129045565,
1.9505,0.0006959719,
1.95075,0.0014264310,
1.951,0.0104233054,
1.95125,0.0016327819,
1.9515,0.0020664521,
1.95175,0.0022186690,
1.952,0.0021206760,
1.95225,-0.0020569540,
1.9525,-0.0064492570,
1.95275,-0.0064406083,
1.953,-0.0046069352,
1.95325,-0.0064212088,
1.9535,-0.0021438503,
1.95375,0.0028629908,
1.954,-0.0008637174,
1.95425,-0.0052153617,
1.9545,-0.0068566417,
1.95475,-0.0123853618,
1.955,-0.0156475119,
1.95525,-0.0074291364,
1.9555,-0.0023343116,
1.95575,-0.0007003676,
1.956,0.0075047226,
1.95625,0.0107958838,
1.9565,-0.0034184442,
1.95675,0.0009012291,
1.957,0.0002332333,
1.95725,-0.0073675578,
1.9575,-0.0045133494,
1.95775,0.0054701613,
1.958,0.0053687040,
1.95825,0.0006447506,
1.9585,0.0046622884,
1.95875,0.0034930755,
1.959,-0.0008766917,
1.95925,0.0016767833,
1.9595,0.0032466862,
1.95975,0.0021785216,
1.96,0.0040467265,
1.96025,0.0011638254,
1.9605,0.0027914774,
1.96075,-0.0025858511,
1.961,-0.0040734601,
1.96125,-0.0047178962,
1.9615,-0.0064493320,
1.96175,-0.0056334981,
1.962,0.0035828564,
1.96225,0.0011761400,
1.9625,-0.0027732691,
1.96275,0.0020444810,
1.963,-0.0025532194,
1.96325,-0.0116982795,
1.9635,-0.0046299733,
1.96375,0.0050706859,
1.964,0.0025193777,
1.96425,-0.0011099508,
1.9645,0.0136412196,
1.96475,0.0141949430,
1.965,-0.0023852859,
1.96525,0.0025669660,
1.9655,0.0065478487,
1.96575,-0.0037669893,
1.966,-0.0048591532,
1.96625,0.0112715559,
1.9665,0.0081971539,
1.96675,-0.0011751174,
1.967,0.0056185760,
1.96725,0.0061244359,
1.9675,-0.0033960000,
1.96775,-0.0019022531,
1.968,0.0021377627,
1.96825,0.0034351216,
1.9685,-0.0011482748,
1.96875,-0.0010326522,
1.969,-0.0000895033,
1.96925,-0.0105604101,
1.9695,-0.0222046748,
1.96975,-0.0066276677,
1.97,-0.0022665339,
1.97025,-0.0050260900,
1.9705,-0.0020529309,
1.97075,0.0031629466,
1.971,-0.0018734233,
1.97125,-0.0083416086,
1.9715,-0.0073213121,
1.97175,-0.0069000269,
1.972,-0.0061962632,
1.97225,0.0016460818,
1.9725,0.0015637933,
1.97275,0.0075574135,
1.973,0.0069457600,
1.97325,-0.0021010130,
1.9735,-0.0007031215,
1.97375,0.0036213200,
1.974,-0.0042192475,
1.97425,-0.0025340160,
1.9745,0.0122688506,
1.97475,0.0074368692,
1.975,-0.0007317244,
1.97525,0.0110252034,
1.9755,0.0090849530,
1.97575,-0.0032273149,
1.976,-0.0003101701,
1.97625,0.0081661837,
1.9765,0.0050108843,
1.97675,-0.0007789647,
1.977,0.0008721288,
1.97725,0.0080320649,
1.9775,-0.0001028593,
1.97775,-0.0098007377,
1.978,0.0021571713,
1.97825,0.0056205606,
1.9785,-0.0062945136,
1.97875,0.0010061907,
1.979,0.0093550207,
1.97925,0.0028856150,
1.9795,-0.0051288889,
1.97975,-0.0071842694,
1.98,-0.0014280337,
1.98025,-0.0014592733,
1.9805,-0.0020330623,
1.98075,0.0054044500,
1.981,0.0003740108,
1.98125,0.0023867302,
1.9815,-0.0001889070,
1.98175,0.0010575727,
1.982,0.0032396917,
1.98225,0.0027161373,
1.9825,-0.0006259119,
1.98275,0.0034763492,
1.983,0.0021215121,
1.98325,-0.0016956432,
1.9835,-0.0023623295,
1.98375,0.0036427286,
1.984,0.0027511010,
1.98425,-0.0092060054,
1.9845,-0.0000380616,
1.98475,-0.0030406523,
1.985,-0.0043011741,
1.98525,-0.0033466090,
1.9855,-0.0030433785,
1.98575,-0.0027791457,
1.986,-0.0039277007,
1.98625,-0.0063208542,
1.9865,-0.0004509974,
1.98675,0.0021993630,
1.987,-0.0005644159,
1.98725,-0.0004005243,
1.9875,0.0019619050,
1.98775,-0.0040072547,
1.988,-0.0085314885,
1.98825,-0.0080317166,
1.9885,-0.0120486086,
1.98875,-0.0056898510,
1.989,0.0039084135,
1.98925,-0.0007720483,
1.9895,0.0019083417,
1.98975,-0.0014418238,
1.99,-0.0066387774,
1.99025,-0.0174056981,
1.9905,-0.0085957246,
1.99075,-0.0063648243,
1.991,-0.0116051277,
1.99125,-0.0011606665,
1.9915,0.0057463469,
1.99175,0.0036273277,
1.992,0.0037421545,
1.99225,0.0026440525,
1.9925,0.0007149706,
1.99275,-0.0003986855,
1.993,0.0009085217,
1.99325,-0.0017691212,
1.9935,0.0036295431,
1.99375,-0.0019962776,
1.994,-0.0088697635,
1.99425,-0.0051240432,
1.9945,-0.0053345403,
1.99475,-0.0087189944,
1.995,-0.0039422917,
1.99525,0.0013302609,
1.9955,0.0043625147,
1.99575,0.0004695143,
1.996,0.0001792127,
1.99625,0.0000225875,
1.9965,-0.0024813556,
1.99675,-0.0080016889,
1.997,-0.0057655363,
1.99725,0.0078140441,
1.9975,0.0054179169,
1.99775,-0.0026602459,
1.998,0.0033230230,
1.99825,0.0063844030,
1.9985,-0.0112749739,
1.99875,-0.0093541369,
1.999,0.0033948827,
1.99925,-0.0026918144,
1.9995,-0.0063639935,
1.99975,0.0054529123,
2,0.0100334408,
2.00025,-0.0018003139,
2.0005,0.0012145686,
2.00075,0.0044653323,
2.001,0.0002987611,
2.00125,0.0003685811,
2.0015,0.0003124345,
2.00175,0.0048088245,
2.002,0.0056293942,
2.00225,-0.0040147929,
2.0025,0.0005555538,
2.00275,0.0014134548,
2.003,-0.0084334612,
2.00325,-0.0054177218,
2.0035,0.0031462745,
2.00375,0.0016694394,
2.004,-0.0000026925,
2.00425,-0.0003738804,
2.0045,-0.0016571222,
2.00475,-0.0066272458,
2.005,-0.0053024529,
2.00525,-0.0089701181,
2.0055,-0.0016836374,
2.00575,0.0020543612,
2.006,-0.0038029160,
2.00625,0.0038434474,
2.0065,0.0015974046,
2.00675,-0.0052629635,
2.007,-0.0098676290,
2.00725,0.0031809716,
2.0075,-0.0027796987,
2.00775,-0.0080836406,
2.008,0.0046761255,
2.00825,0.0065132566,
2.0085,-0.0020471488,
2.00875,-0.0000130283,
2.009,0.0066667008,
2.00925,0.0008974381,
2.0095,-0.0036917706,
2.00975,0.0097057140,
2.01,0.0132549042,
2.01025,0.0070410990,
2.0105,0.0058930591,
2.01075,0.0101458654,
2.011,0.0065988274,
2.01125,-0.0029437365,
2.0115,0.0026383610,
2.01175,0.0127617875,
2.012,0.0050645159,
2.01225,0.0056607504,
2.0125,0.0125856651,
2.01275,0.0076145870,
2.013,-0.0039640763,
2.01325,-0.0026504486,
2.0135,-0.0035108589,
2.01375,-0.0011872210,
2.014,0.0030286147,
2.01425,0.0061743986,
2.0145,0.0058193435,
2.01475,0.0034539264,
2.015,-0.0012779993,
2.01525,-0.0027917074,
2.0155,-0.0042600739,
2.01575,-0.0026476036,
2.016,0.0002040908,
2.01625,0.0030357067,
2.0165,0.0055090482,
2.01675,0.0064749569,
2.017,-0.0018796853,
2.01725,-0.0006228311,
2.0175,0.0033424320,
2.01775,-0.0072260383,
2.018,-0.0021577647,
2.01825,0.0018245053,
2.0185,-0.0042204228,
2.01875,-0.0062308563,
2.019,-0.0026698685,
2.01925,-0.0046146638,
2.0195,-0.0052793506,
2.01975,-0.0041488083,
2.02,0.0002405653,
2.02025,0.0013819574,
2.0205,0.0030315293,
2.02075,0.0006482417,
2.021,0.0042263884,
2.02125,-0.0078631584,
2.0215,-0.0129603958,
2.02175,-0.0037787107,
2.022,-0.0084164310,
2.02225,-0.0068520247,
2.0225,0.0054341247,
2.02275,0.0069248658,
2.023,-0.0044305678,
2.02325,-0.0005861281,
2.0235,0.0004945807,
2.02375,-0.0113411956,
2.024,-0.0106949825,
2.02425,0.0022561462,
2.0245,0.0010801038,
2.02475,-0.0013832070,
2.025,0.0040791281,
2.02525,0.0063299965,
2.0255,-0.0013163229,
2.02575,0.0005005714,
2.026,-0.0020685873,
2.02625,0.0011160900,
2.0265,0.0020898990,
2.02675,0.0018511346,
2.027,0.0069141951,
2.02725,0.0085643521,
2.0275,-0.0062996652,
2.02775,0.0013625394,
2.028,0.0041938820,
2.02825,0.0034057733,
2.0285,0.0034282953,
2.02875,0.0102646751,
2.029,0.0041128085,
2.02925,0.0038453504,
2.0295,-0.0012389449,
2.02975,-0.0085555846,
2.03,-0.0041946811,
2.03025,-0.0046986029,
2.0305,-0.0097147478,
2.03075,0.0031238960,
2.031,0.0067204540,
2.03125,-0.0044663465,
2.0315,-0.0056002750,
2.03175,0.0024160398,
2.032,-0.0100744320,
2.03225,-0.0134683680,
2.0325,-0.0026361169,
2.03275,0.0027617055,
2.033,-0.0013471728,
2.03325,0.0004052763,
2.0335,0.0117557039,
2.03375,0.0066061299,
2.034,-0.0056425799,
2.03425,-0.0005482061,
2.0345,0.0083662216,
2.03475,0.0014372636,
2.035,0.0013887546,
2.03525,0.0093399910,
2.0355,0.0085717114,
2.03575,-0.0034767354,
2.036,-0.0068069790,
2.03625,0.0007374805,
2.0365,-0.0015245127,
2.03675,-0.0054063927,
2.037,0.0008103995,
2.03725,0.0081538530,
2.0375,-0.0019842691,
2.03775,-0.0059131724,
2.038,-0.0049652322,
2.03825,-0.0072824508,
2.0385,-0.0119074481,
2.03875,-0.0061452226,
2.039,-0.0019607977,
2.03925,0.0030011835,
2.0395,0.0025027059,
2.03975,-0.0002446217,
2.04,0.0020580152,
2.04025,-0.0022900742,
2.0405,-0.0115051484,
2.04075,-0.0028502152,
2.041,0.0000579770,
2.04125,-0.0026198456,
2.0415,0.0030428674,
2.04175,0.0112195881,
2.042,0.0025641567,
2.04225,-0.0008381763,
2.0425,0.0029734452,
2.04275,0.0063664718,
2.043,0.0033842055,
2.04325,0.0054103723,
2.0435,0.0124302702,
2.04375,0.0108250454,
2.044,0.0037367344,
2.04425,0.0045181653,
2.0445,0.0075807814,
2.04475,0.0024981585,
2.045,-0.0011325083,
2.04525,0.0109147746,
2.0455,0.0113300756,
2.04575,0.0039766207,
2.046,0.0030401438,
2.04625,0.0021418517,
2.0465,-0.0069743870,
2.04675,-0.0140465237,
2.047,-0.0048514274,
2.04725,0.0022856630,
2.0475,0.0016090071,
2.04775,0.0052157966,
2.048,0.0097338334,
2.04825,0.0059477594,
2.0485,-0.0114648081,
2.04875,-0.0119550284,
2.049,-0.0094872946,
2.04925,-0.0052604387,
2.0495,0.0001083771,
2.04975,0.0046666660,
2.05,0.0038730374,
2.05025,0.0015229947,
2.0505,0.0030385805,
2.05075,0.0018997852,
2.051,0.0052325688,
2.05125,-0.0002334944,
2.0515,0.0004365979,
2.05175,0.0041799443,
2.052,-0.0029354531,
2.05225,-0.0060724239,
2.0525,-0.0020935182,
2.05275,-0.0043188962,
2.053,-0.0070044934,
2.05325,0.0014563987,
2.0535,0.0048414022,
2.05375,0.0043290490,
2.054,0.0031576722,
2.05425,0.0012926711,
2.0545,-0.0033113924,
2.05475,-0.0071716895,
2.055,-0.0138893053,
2.05525,-0.0068719084,
2.0555,0.0032709436,
2.05575,-0.0066900682,
2.056,-0.0015536321,
2.05625,0.0019502686,
2.0565,-0.0048846048,
2.05675,-0.0155051472,
2.057,-0.0108179264,
2.05725,-0.0075143715,
2.0575,-0.0205937922,
2.05775,-0.0113867447,
2.058,0.0009731319,
2.05825,-0.0012497889,
2.0585,0.0016267970,
2.05875,0.0016419652,
2.059,0.0055216537,
2.05925,0.0008663001,
2.0595,-0.0003116387,
2.05975,0.0076694856,
2.06,0.0116421804,
2.06025,0.0052306503,
2.0605,0.0008493317,
2.06075,0.0070506576,
2.061,0.0039270674,
2.06125,-0.0038931740,
2.0615,0.0022243001,
2.06175,0.0065090489,
2.062,0.0004665073,
2.06225,-0.0001028279,
2.0625,0.0029539722,
2.06275,-0.0007846995,
2.063,-0.0074326918,
2.06325,-0.0156659782,
2.0635,-0.0100435987,
2.06375,-0.0019873066,
2.064,-0.0019334779,
2.06425,-0.0004779078,
2.0645,0.0101390369,
2.06475,0.0052307164,
2.065,-0.0086527541,
2.06525,0.0014829603,
2.0655,0.0021642782,
2.06575,-0.0113712391,
2.066,-0.0041136057,
2.06625,0.0123245586,
2.0665,0.0021301284,
2.06675,-0.0022053421,
2.067,0.0040616188,
2.06725,0.0061846250,
2.0675,-0.0052149454,
2.06775,-0.0025510211,
2.068,0.0091435518,
2.06825,0.0058109462,
2.0685,-0.0015713577,
2.06875,0.0004867809,
2.069,0.0049135247,
2.06925,-0.0049578948,
2.0695,-0.0096064601,
2.06975,0.0019730451,
2.07,0.0019147892,
2.07025,-0.0024454223,
2.0705,0.0001678603,
2.07075,0.0015747601,
2.071,-0.0026040312,
2.07125,-0.0113237910,
2.0715,-0.0111137200,
2.07175,-0.0110882949,
2.072,-0.0107808840,
2.07225,-0.0028432768,
2.0725,0.0005756564,
2.07275,0.0011082262,
2.073,0.0029353956,
2.07325,-0.0033809366,
2.0735,-0.0077940580,
2.07375,-0.0011584358,
2.074,-0.0006033991,
2.07425,-0.0040003266,
2.0745,0.0063484935,
2.07475,0.0094347307,
2.075,0.0021228169,
2.07525,0.0088941269,
2.0755,0.0086550731,
2.07575,0.0001244289,
2.076,-0.0007860369,
2.07625,0.0057695769,
2.0765,0.0079461131,
2.07675,0.0042886767,
2.077,0.0033602291,
2.07725,0.0059195217,
2.0775,-0.0021520341,
2.07775,-0.0067414306,
2.078,0.0041097607,
2.07825,0.0098005030,
2.0785,-0.0007571098,
2.07875,0.0108543318,
2.079,0.0137354899,
2.07925,0.0022218560,
2.0795,-0.0030493157,
2.07975,-0.0003664226,
2.08,-0.0020281323,
2.08025,-0.0052708378,
2.0805,-0.0013791012,
2.08075,0.0125370361,
2.081,0.0082202917,
2.08125,-0.0013562915,
2.0815,0.0046908208,
2.08175,0.0046181022,
2.082,-0.0095592216,
2.08225,-0.0029671995,
2.0825,0.0044876542,
2.08275,0.0009002999,
2.083,0.0012965094,
2.08325,0.0091571463,
2.0835,0.0010237020,
2.08375,0.0013103930,
2.084,-0.0001148438,
2.08425,-0.0080406591,
2.0845,-0.0156379007,
2.08475,-0.0033711351,
2.085,-0.0185986515,
2.08525,-0.0059704338,
2.0855,-0.0036383369,
2.08575,-0.0213452205,
2.086,-0.0038454030,
2.08625,-0.0057277074,
2.0865,-0.0074930498,
2.08675,-0.0037775377,
2.087,0.0084761865,
2.08725,0.0037847487,
2.0875,-0.0020476838,
2.08775,-0.0011204386,
2.088,-0.0096433014,
2.08825,-0.0084938183,
2.0885,-0.0110076098,
2.08875,-0.0071828947,
2.089,0.0029312852,
2.08925,0.0044336850,
2.0895,0.0024009331,
2.08975,0.0050093867,
2.09,0.0057070833,
2.09025,-0.0131899193,
2.0905,-0.0111360475,
2.09075,-0.0001078706,
2.091,-0.0057143085,
2.09125,-0.0090602050,
2.0915,0.0014434744,
2.09175,0.0006973703,
2.092,-0.0025790569,
2.09225,-0.0013423797,
2.0925,0.0023046541,
2.09275,0.0007811585,
2.093,-0.0018530190,
2.09325,-0.0031166265,
2.0935,0.0060448321,
2.09375,0.0042660432,
2.094,-0.0067661908,
2.09425,-0.0002261771,
2.0945,-0.0005169113,
2.09475,-0.0042618252,
2.095,0.0013197490,
2.09525,0.0039482666,
2.0955,0.0065627671,
2.09575,0.0028349112,
2.096,-0.0031870638,
2.09625,-0.0044839052,
2.0965,-0.0052610249,
2.09675,-0.0071006133,
2.097,-0.0072193025,
2.09725,0.0032603634,
2.0975,0.0053085350,
2.09775,0.0032104193,
2.098,0.0035643815,
2.09825,0.0041204696,
2.0985,0.0010458085,
2.09875,-0.0057727355,
2.099,0.0025639441,
2.09925,0.0037118751,
2.0995,0.0000483317,
2.09975,0.0063410094,
2.1,0.0133031039,
2.10025,0.0051849564,
2.1005,-0.0036428981,
2.10075,0.0046087913,
2.101,0.0028434864,
2.10125,-0.0041112341,
2.1015,0.0045926417,
2.10175,0.0035522620,
2.102,0.0051156301,
2.10225,-0.0052743638,
2.1025,-0.0035186387,
2.10275,0.0016080090,
2.103,-0.0059445533,
2.10325,-0.0065279277,
2.1035,0.0035323678,
2.10375,0.0012283917,
2.104,-0.0096731493,
2.10425,-0.0070658457,
2.1045,-0.0035078928,
2.10475,-0.0112751219,
2.105,-0.0103314919,
2.10525,-0.0067254445,
2.1055,-0.0029815822,
2.10575,-0.0026577350,
2.106,0.0011080316,
2.10625,0.0077473782,
2.1065,0.0012883160,
2.10675,-0.0021206548,
2.107,-0.0091076326,
2.10725,-0.0032472655,
2.1075,-0.0044552274,
2.10775,-0.0088574961,
2.108,0.0029696154,
2.10825,0.0057158484,
2.1085,0.0010622066,
2.10875,0.0000020550,
2.109,0.0061449916,
2.10925,-0.0008418786,
2.1095,-0.0048444471,
2.10975,0.0064800028,
2.11,0.0061708679,
2.11025,0.0017470716,
2.1105,0.0033442841,
2.11075,0.0024260229,
2.111,-0.0007540819,
2.11125,-0.0016096020,
2.1115,0.0031034963,
2.11175,0.0129049877,
2.112,0.0077643986,
2.11225,0.0046492526,
2.1125,0.0136706326,
2.11275,0.0077581890,
2.113,-0.0049584797,
2.11325,0.0000400041,
2.1135,0.0080530010,
2.11375,-0.0011882606,
2.114,0.0057965983,
2.11425,0.0138412714,
2.1145,0.0131675284,
2.11475,0.0038309214,
2.115,0.0023938934,
2.11525,0.0036876404,
2.1155,-0.0008161314,
2.11575,-0.0075305263,
2.116,0.0074748141,
2.11625,0.0060915160,
2.1165,0.0014546070,
2.11675,0.0088009909,
2.117,0.0104417689,
2.11725,0.0019446237,
2.1175,0.0025763223,
2.11775,0.0044369237,
2.118,0.0023093354,
2.11825,0.0009500884,
2.1185,-0.0014742521,
2.11875,0.0009837027,
2.119,0.0024515474,
2.11925,-0.0083643831,
2.1195,-0.0047115618,
2.11975,0.0008212178,
2.12,0.0006160520,
2.12025,0.0006585072,
2.1205,0.0056984765,
2.12075,0.0047634766,
2.121,-0.0001214541,
2.12125,-0.0058908323,
2.1215,-0.0053163599,
2.12175,-0.0039282078,
2.122,-0.0036155104,
2.12225,-0.0111776786,
2.1225,-0.0017425250,
2.12275,0.0078307195,
2.123,-0.0046584392,
2.12325,-0.0077258060,
2.1235,-0.0067212479,
2.12375,-0.0084155621,
2.124,-0.0170271732,
2.12425,-0.0046226005,
2.1245,0.0021873899,
2.12475,-0.0048088906,
2.125,-0.0006885593,
2.12525,0.0062519982,
2.1255,-0.0023753152,
2.12575,-0.0042671929,
2.126,-0.0008853817,
2.12625,-0.0015714108,
2.1265,0.0028159623,
2.12675,-0.0012899628,
2.127,-0.0027218051,
2.12725,0.0035754982,
2.1275,-0.0033001471,
2.12775,-0.0129845534,
2.128,-0.0009174311,
2.12825,0.0003079115,
2.1285,-0.0002240295,
2.12875,0.0065189437,
2.129,0.0084705725,
2.12925,0.0021430035,
2.1295,0.0007506514,
2.12975,-0.0063573052,
2.13,-0.0069813756,
2.13025,0.0002802515,
2.1305,-0.0031637491,
2.13075,-0.0008967431,
2.131,0.0114631755,
2.13125,0.0061008451,
2.1315,0.0004597257,
2.13175,0.0087753767,
2.132,0.0007785103,
2.13225,-0.0061709778,
2.1325,-0.0023561551,
2.13275,0.0058741979,
2.133,0.0002753054,
2.13325,-0.0014148018,
2.1335,0.0100998534,
2.13375,0.0053447881,
2.134,-0.0059212330,
2.13425,0.0032851587,
2.1345,0.0104504004,
2.13475,-0.0006883345,
2.135,-0.0008162914,
2.13525,0.0089157876,
2.1355,0.0026267408,
2.13575,-0.0058792410,
2.136,-0.0020734787,
2.13625,0.0034459545,
2.1365,-0.0027390011,
2.13675,-0.0033340813,
2.137,0.0069623492,
2.13725,0.0097532859,
2.1375,-0.0008233379,
2.13775,0.0005294733,
2.138,0.0028277612,
2.13825,-0.0055532255,
2.1385,-0.0096039493,
2.13875,-0.0004971506,
2.139,0.0008917429,
2.13925,-0.0000712595,
2.1395,0.0039441213,
2.13975,0.0034699866,
2.14,-0.0020981287,
2.14025,-0.0032270956,
2.1405,-0.0046685752,
2.14075,-0.0064348290,
2.141,-0.0001192703,
2.14125,0.0035027959,
2.1415,0.0017926598,
2.14175,0.0035825584,
2.142,0.0063671414,
2.14225,-0.0006783585,
2.1425,-0.0020222317,
2.14275,0.0035781041,
2.143,0.0025374442,
2.14325,0.0013184405,
2.1435,0.0095243324,
2.14375,0.0070679914,
2.144,0.0018079841,
2.14425,0.0071805418,
2.1445,0.0033985919,
2.14475,0.0023312592,
2.145,0.0023639153,
2.14525,0.0113735544,
2.1455,0.0149749145,
2.14575,0.0059136706,
2.146,0.0091406247,
2.14625,0.0095021343,
2.1465,-0.0026678073,
2.14675,-0.0087999487,
2.147,0.0050191665,
2.14725,0.0071416278,
2.1475,-0.0040345169,
2.14775,0.0087536154,
2.148,0.0113095576,
2.14825,0.0019455875,
2.1485,-0.0066274027,
2.14875,0.0039646546,
2.149,-0.0004525674,
2.14925,-0.0101915691,
2.1495,-0.0004646148,
2.14975,0.0125565799,
2.15,-0.0026617250,
2.15025,0.0031947671,
2.1505,-0.0110061569,
2.15075,-0.0040193754,
2.151,-0.0077076145,
2.15125,-0.0067452951,
2.1515,0.0068860040,
2.15175,0.0009192111,
2.152,-0.0028619841,
2.15225,-0.0001301005,
2.1525,0.0049225842,
2.15275,-0.0091453250,
2.153,-0.0087874094,
2.15325,0.0035009591,
2.1535,0.0029011562,
2.15375,-0.0063840165,
2.154,0.0027798973,
2.15425,0.0083074309,
2.1545,-0.0001262290,
2.15475,-0.0085062366,
2.155,-0.0052600284,
2.15525,-0.0054008868,
2.1555,-0.0035451464,
2.15575,-0.0075931270,
2.156,0.0003035445,
2.15625,0.0039229454,
2.1565,-0.0036645825,
2.15675,-0.0117187221,
2.157,-0.0035749350,
2.15725,-0.0077552870,
2.1575,-0.0181169920,
2.15775,-0.0099296719,
2.158,0.0028242981,
2.15825,-0.0014549843,
2.1585,-0.0010948165,
2.15875,0.0057422724,
2.159,0.0045796731,
2.15925,-0.0072026430,
2.1595,-0.0014312095,
2.15975,0.0018060403,
2.16,0.0034430199,
2.16025,0.0002612139,
2.1605,0.0034619318,
2.16075,0.0077365437,
2.161,0.0035480885,
2.16125,-0.0056838938,
2.1615,0.0037784078,
2.16175,0.0035322458,
2.162,0.0006681840,
2.16225,0.0047375327,
2.1625,0.0080104647,
2.16275,0.0016875943,
2.163,-0.0049581258,
2.16325,-0.0063123624,
2.1635,-0.0105165085,
2.16375,-0.0038872496,
2.164,0.0014541681,
2.16425,-0.0039524068,
2.1645,0.0010266521,
2.16475,0.0091263596,
2.165,-0.0014759991,
2.16525,-0.0040049730,
2.1655,-0.0016914851,
2.16575,-0.0067749405,
2.166,-0.0069950763,
2.16625,0.0013349717,
2.1665,-0.0008755752,
2.16675,0.0024874965,
2.167,0.0038674981,
2.16725,0.0069732973,
2.1675,-0.0026186132,
2.16775,-0.0014951221,
2.168,0.0029769996,
2.16825,-0.0022366315,
2.1685,-0.0023366539,
2.16875,0.0051185656,
2.169,0.0025501028,
2.16925,-0.0026172996,
2.1695,-0.0030944755,
2.16975,0.0036268497,
2.17,-0.0014793618,
2.17025,-0.0012853909,
2.1705,0.0046120915,
2.17075,0.0071403729,
2.171,0.0015691759,
2.17125,-0.0078459326,
2.1715,-0.0008549999,
2.17175,-0.0034049260,
2.172,-0.0145863425,
2.17225,-0.0063758246,
2.1725,0.0014197212,
2.17275,-0.0008427878,
2.173,-0.0011045005,
2.17325,0.0018587562,
2.1735,-0.0056053782,
2.17375,-0.0066907248,
2.174,-0.0070805028,
2.17425,-0.0099653490,
2.1745,-0.0032009606,
2.17475,-0.0010229724,
2.175,-0.0026690997,
2.17525,0.0041416832,
2.1755,0.0039409949,
2.17575,-0.0070941085,
2.176,-0.0018943438,
2.17625,0.0029258183,
2.1765,0.0016201560,
2.17675,0.0004937744,
2.177,0.0059223832,
2.17725,0.0037320622,
2.1775,-0.0002182214,
2.17775,-0.0018870197,
2.178,0.0035760880,
2.17825,0.0014598516,
2.1785,0.0008928794,
2.17875,0.0108027142,
2.179,0.0137707423,
2.17925,0.0065239817,
2.1795,0.0085765738,
2.17975,0.0061771409,
2.18,0.0007517996,
2.18025,-0.0063081710,
2.1805,0.0053165872,
2.18075,0.0115808733,
2.181,0.0014266209,
2.18125,0.0049807830,
2.1815,0.0138662979,
2.18175,0.0012998790,
2.182,-0.0095226113,
2.18225,0.0000429573,
2.1825,0.0031728512,
2.18275,-0.0117857698,
2.183,0.0010684271,
2.18325,0.0092348820,
2.1835,0.0017075783,
2.18375,-0.0023688464,
2.184,0.0068187229,
2.18425,0.0081817973,
2.1845,-0.0007057106,
2.18475,0.0042456393,
2.185,0.0103231426,
2.18525,0.0075253863,
2.1855,-0.0022355246,
2.18575,-0.0009608619,
2.186,0.0045484235,
2.18625,-0.0047059441,
2.1865,-0.0074159536,
2.18675,-0.0004252722,
2.187,0.0032179963,
2.18725,-0.0064981347,
2.1875,-0.0120976483,
2.18775,0.0010645037,
2.188,-0.0057355985,
2.18825,-0.0121865943,
2.1885,-0.0088344282,
2.18875,-0.0034450595,
2.189,0.0040602698,
2.18925,0.0009245272,
2.1895,-0.0002926096,
2.18975,0.0032221116,
2.19,-0.0011076436,
2.19025,-0.0149403429,
2.1905,-0.0077788206,
2.19075,0.0037019639,
2.191,-0.0078598754,
2.19125,-0.0082264114,
2.1915,0.0020346316,
2.19175,0.0022657707,
2.192,-0.0073675066,
2.19225,-0.0046764892,
2.1925,0.0005030549,
2.19275,-0.0039570169,
2.193,-0.0046723550,
2.19325,-0.0019991735,
2.1935,0.0071341288,
2.19375,0.0030740527,
2.194,-0.0053234496,
2.19425,0.0022514653,
2.1945,0.0031360779,
2.19475,-0.0003810929,
2.195,0.0020481972,
2.19525,0.0126704248,
2.1955,0.0095494054,
2.19575,0.0045310282,
2.196,-0.0052499212,
2.19625,-0.0053912033,
2.1965,-0.0047085299,
2.19675,-0.0038636480,
2.197,-0.0063432492,
2.19725,0.0000228853,
2.1975,0.0058342349,
2.19775,0.0014400330,
2.198,0.0021655122,
2.19825,0.0024915885,
2.1985,-0.0032886353,
2.19875,-0.0082061086,
2.199,-0.0013139228,
2.19925,-0.0029501757,
2.1995,-0.0012314320,
2.19975,0.0013376138,
2.2,0.0026658922,
2.20025,0.0021164911,
2.2005,0.0022385190,
2.20075,0.0011277103,
2.201,0.0018475291,
2.20125,0.0015674406,
2.2015,0.0087963426,
2.20175,0.0036740010,
2.202,-0.0000132688,
2.20225,-0.0013232942,
2.2025,-0.0002557189,
2.20275,-0.0059539755,
2.203,-0.0046942919,
2.20325,0.0085212560,
2.2035,0.0030049740,
2.20375,-0.0004993057,
2.204,0.0016116344,
2.20425,0.0016793553,
2.2045,-0.0021541144,
2.20475,-0.0135129550,
2.205,-0.0049208873,
2.20525,-0.0010917730,
2.2055,-0.0104550254,
2.20575,-0.0052815075,
2.206,0.0086693382,
2.20625,0.0005976054,
2.2065,-0.0070405081,
2.20675,0.0023512191,
2.207,-0.0055504926,
2.20725,-0.0079888199,
2.2075,0.0018569676,
2.20775,0.0004345334,
2.208,0.0042250468,
2.20825,0.0046045491,
2.2085,0.0033995006,
2.20875,0.0032871754,
2.209,0.0063498919,
2.20925,-0.0018280793,
2.2095,0.0025603129,
2.20975,0.0053191809,
2.21,-0.0007323811,
2.21025,0.0018574214,
2.2105,0.0050386311,
2.21075,0.0003427241,
2.211,0.0005524571,
2.21125,0.0033346736,
2.2115,0.0066059809,
2.21175,0.0146076167,
2.212,0.0126285069,
2.21225,0.0125358589,
2.2125,0.0194839388,
2.21275,0.0057427404,
2.213,-0.0013223337,
2.21325,0.0047778976,
2.2135,0.0027522552,
2.21375,-0.0030960210,
2.214,0.0075261272,
2.21425,0.0143974163,
2.2145,0.0048726341,
2.21475,-0.0022653639,
2.215,0.0005008936,
2.21525,-0.0000363477,
2.2155,-0.0112562897,
2.21575,-0.0096976580,
2.216,0.0072777085,
2.21625,-0.0024211353,
2.2165,-0.0072458852,
2.21675,0.0072687659,
2.217,0.0059070326,
2.21725,-0.0035318863,
2.2175,-0.0037033216,
2.21775,0.0142280534,
2.218,0.0044590994,
2.21825,-0.0029906163,
2.2185,0.0072072521,
2.21875,0.0105312765,
2.219,-0.0006375265,
2.21925,-0.0123279719,
2.2195,0.0047624386,
2.21975,0.0050310702,
2.22,-0.0056832307,
2.22025,0.0021487414,
2.2205,0.0149657447,
2.22075,0.0056417501,
2.221,-0.0117557030,
2.22125,-0.0057605770,
2.2215,-0.0010799852,
2.22175,-0.0112826740,
2.222,-0.0129235769,
2.22225,0.0017394066,
2.2225,0.0009017089,
2.22275,-0.0026081302,
2.223,-0.0013098739,
2.22325,-0.0073760087,
2.2235,-0.0077162236,
2.22375,-0.0140821105,
2.224,-0.0160059072,
2.22425,-0.0030785617,
2.2245,0.0000274504,
2.22475,-0.0096587334,
2.225,-0.0022207727,
2.22525,0.0060715689,
2.2255,-0.0092236474,
2.22575,-0.0086917086,
2.226,-0.0008479829,
2.22625,-0.0024715776,
2.2265,0.0019643230,
2.22675,-0.0013790864,
2.227,-0.0001262074,
2.22725,0.0047618593,
2.2275,-0.0072686463,
2.22775,-0.0073792525,
2.228,0.0039573703,
2.22825,-0.0001082873,
2.2285,-0.0003689399,
2.22875,0.0087616118,
2.229,0.0071507809,
2.22925,0.0033045027,
2.2295,0.0001046753,
2.22975,-0.0032373932,
2.23,-0.0043709246,
2.23025,-0.0020911144,
2.2305,-0.0002100897,
2.23075,0.0022914321,
2.231,0.0077401279,
2.23125,0.0055736657,
2.2315,0.0027914061,
2.23175,-0.0011720266,
2.232,-0.0039442317,
2.23225,-0.0037275509,
2.2325,-0.0069927284,
2.23275,-0.0034008848,
2.233,0.0062236139,
2.23325,0.0048649581,
2.2335,0.0030908212,
2.23375,-0.0014208809,
2.234,0.0003215307,
2.23425,0.0039906437,
2.2345,0.0008249647,
2.23475,-0.0006690910,
2.235,0.0067400211,
2.23525,0.0062973034,
2.2355,-0.0041710464,
2.23575,0.0039640078,
2.236,0.0038157268,
2.23625,-0.0022085586,
2.2365,-0.0086982651,
2.23675,-0.0008776274,
2.237,0.0083520953,
2.23725,0.0022060976,
2.2375,-0.0036374205,
2.23775,0.0008312142,
2.238,-0.0002256815,
2.23825,-0.0138903949,
2.2385,-0.0081276596,
2.23875,0.0062408280,
2.239,0.0022978503,
2.23925,-0.0061891368,
2.2395,0.0030337067,
2.23975,0.0062391385,
2.24,-0.0067767221,
2.24025,-0.0093041351,
2.2405,-0.0027917253,
2.24075,-0.0041166274,
2.241,-0.0124005619,
2.24125,-0.0030177166,
2.2415,0.0025785430,
2.24175,0.0000631660,
2.242,-0.0033836155,
2.24225,-0.0052870810,
2.2425,-0.0049527036,
2.24275,-0.0011960065,
2.243,-0.0046287053,
2.24325,0.0039658993,
2.2435,0.0060267979,
2.24375,-0.0003477777,
2.244,-0.0017119058,
2.24425,0.0035539716,
2.2445,-0.0020496147,
2.24475,0.0013698091,
2.245,0.0092935674,
2.24525,0.0087751672,
2.2455,0.0114620943,
2.24575,0.0088343853,
2.246,0.0101374788,
2.24625,0.0064980090,
2.2465,-0.0063662762,
2.24675,0.0018163096,
2.247,0.0066238018,
2.24725,0.0054676291,
2.2475,0.0014568435,
2.24775,0.0162677672,
2.248,0.0111074457,
2.24825,-0.0049716891,
2.2485,0.0005526590,
2.24875,0.0067544659,
2.249,-0.0026685817,
2.24925,-0.0083799679,
2.2495,0.0104357870,
2.24975,0.0130379256,
2.25,-0.0077805393,
2.25025,0.0011911754,
2.2505,0.0112744505,
2.25075,-0.0026010647,
2.251,-0.0106792655,
2.25125,0.0101304576,
2.2515,0.0143377278,
2.25175,-0.0070088962,
2.252,-0.0080107376,
2.25225,0.0014037520,
2.2525,-0.0018467456,
2.25275,-0.0165560152,
2.253,-0.0053369906,
2.25325,0.0081804805,
2.2535,-0.0004801081,
2.25375,-0.0027716784,
2.254,0.0087786634,
2.25425,0.0079550631,
2.2545,-0.0078183375,
2.25475,-0.0133286519,
2.255,-0.0051113153,
2.25525,-0.0084696654,
2.2555,-0.0088201314,
2.25575,-0.0010638924,
2.256,0.0060571800,
2.25625,0.0018631076,
2.2565,-0.0017364557,
2.25675,-0.0072437823,
2.257,-0.0081619471,
2.25725,-0.0062987208,
2.2575,-0.0104272701,
2.25775,-0.0092484783,
2.258,-0.0002892812,
2.25825,-0.0030652189,
2.2585,-0.0064366786,
2.25875,0.0031350029,
2.259,0.0007388856,
2.25925,-0.0074087824,
2.2595,0.0005190411,
2.25975,0.0015382462,
2.26,0.0018109703,
2.26025,0.0040554702,
2.2605,-0.0045159417,
2.26075,-0.0022917576,
2.261,0.0001215062,
2.26125,-0.0088196211,
2.2615,-0.0013209005,
2.26175,0.0075089009,
2.262,0.0003531560,
2.26225,-0.0007967765,
2.2625,0.0004799789,
2.26275,-0.0021624574,
2.263,-0.0050643124,
2.26325,-0.0047820490,
2.2635,-0.0084416382,
2.26375,0.0028208352,
2.264,-0.0213914942,
2.26425,-0.0185124036,
2.2645,0.0001042234,
2.26475,0.0024211078,
2.265,-0.0058254609,
2.26525,-0.0079798289,
2.2655,-0.0033105221,
2.26575,-0.0007360057,
2.266,0.0006445579,
2.26625,-0.0027919756,
2.2665,0.0046131676,
2.26675,0.0082882233,
2.267,0.0007330885,
2.26725,-0.0024914374,
2.2675,0.0010039794,
2.26775,-0.0006101858,
2.268,0.0016839365,
2.26825,-0.0024541768,
2.2685,0.0006663211,
2.26875,0.0077467104,
2.269,-0.0020203020,
2.26925,-0.0080875754,
2.2695,0.0021298695,
2.26975,0.0044543939,
2.27,-0.0052267155,
2.27025,0.0021601331,
2.2705,0.0136124855,
2.27075,0.0065549826,
2.271,-0.0002466278,
2.27125,-0.0045775976,
2.2715,0.0019011716,
2.27175,-0.0044965572,
2.272,-0.0171726849,
2.27225,0.0053424379,
2.2725,0.0132871503,
2.27275,-0.0013597478,
2.273,-0.0048832078,
2.27325,0.0120709930,
2.2735,-0.0053709028,
2.27375,-0.0178405344,
2.274,-0.0022671830,
2.27425,0.0012807730,
2.2745,-0.0061818170,
2.27475,-0.0028832315,
2.275,0.0021830078,
2.27525,-0.0002871497,
2.2755,-0.0064923079,
2.27575,-0.0048953993,
2.276,-0.0039908695,
2.27625,-0.0007680559,
2.2765,-0.0052301125,
2.27675,-0.0022567208,
2.277,0.0018846761,
2.27725,-0.0025961669,
2.2775,-0.0030749522,
2.27775,0.0004794607,
2.278,-0.0014870905,
2.27825,0.0007715138,
2.2785,0.0044670217,
2.27875,0.0040507633,
2.279,0.0056206132,
2.27925,0.0050557414,
2.2795,0.0031741171,
2.27975,0.0027923277,
2.28,-0.0009799057,
2.28025,0.0014470778,
2.2805,0.0066439579,
2.28075,0.0091439011,
2.281,0.0040328987,
2.28125,0.0032095031,
2.2815,0.0102037294,
2.28175,-0.0022787754,
2.282,-0.0078688180,
2.28225,0.0016658503,
2.2825,0.0035801302,
2.28275,-0.0055314344,
2.283,0.0017022239,
2.28325,0.0100086955,
2.2835,0.0032644535,
2.28375,-0.0059981360,
2.284,0.0086972080,
2.28425,0.0131429527,
2.2845,-0.0029843333,
2.28475,-0.0004103511,
2.285,0.0152600836,
2.28525,0.0104530472,
2.2855,-0.0032165451,
2.28575,0.0054494329,
2.286,0.0122977933,
2.28625,0.0000491530,
2.2865,-0.0047683353,
2.28675,0.0129885990,
2.287,0.0128119700,
2.28725,-0.0015139510,
2.2875,-0.0021946125,
2.28775,0.0112911817,
2.288,0.0011334706,
2.28825,-0.0128804371,
2.2885,-0.0036377823,
2.28875,0.0031472251,
2.289,-0.0041203541,
2.28925,-0.0016224750,
2.2895,0.0075143296,
2.28975,0.0036830141,
2.29,-0.0039507486,
2.29025,-0.0114199007,
2.2905,-0.0094313687,
2.29075,-0.0049199965,
2.291,-0.0107646175,
2.29125,-0.0141301118,
2.2915,0.0020279810,
2.29175,-0.0076383883,
2.292,-0.0090179350,
2.29225,-0.0098368358,
2.2925,-0.0030534915,
2.29275,-0.0129585424,
2.293,-0.0068905195,
2.29325,-0.0020038080,
2.2935,-0.0032177363,
2.29375,-0.0017328694,
2.294,-0.0062643713,
2.29425,-0.0042959256,
2.2945,0.0028551163,
2.29475,-0.0022289013,
2.295,0.0015823991,
2.29525,0.0097252177,
2.2955,0.0098403059,
2.29575,0.0036170757,
2.296,0.0064885104,
2.29625,0.0010302458,
2.2965,-0.0016117946,
2.29675,-0.0007226969,
2.297,-0.0036008130,
2.29725,0.0010957953,
2.2975,0.0071172612,
2.29775,0.0064992853,
2.298,0.0016617338,
2.29825,0.0008785933,
2.2985,-0.0022409004,
2.29875,-0.0071188812,
2.299,-0.0081344908,
2.29925,-0.0008440419,
2.2995,0.0021354740,
2.29975,0.0000240607,
2.3,0.0036922581,
2.30025,0.0085283322,
2.3005,0.0050212606,
2.30075,-0.0004459791,
2.301,0.0029899438,
2.30125,0.0071969414,
2.3015,0.0060444726,
2.30175,0.0019467901,
2.302,0.0006110058,
2.30225,0.0078765573,
2.3025,0.0029531845,
2.30275,-0.0086912401,
2.303,0.0015153559,
2.30325,0.0088441959,
2.3035,-0.0023893325,
2.30375,0.0007095700,
2.304,0.0115787722,
2.30425,0.0080775041,
2.3045,-0.0016534191,
2.30475,-0.0049581490,
2.305,0.0039141309,
2.30525,0.0044589574,
2.3055,-0.0092248991,
2.30575,-0.0008179114,
2.306,0.0173792578,
2.30625,0.0045214496,
2.3065,-0.0132412268,
2.30675,0.0059429985,
2.307,-0.0011154343,
2.30725,-0.0179015826,
2.3075,-0.0095580127,
2.30775,-0.0001195892,
2.308,-0.0016131432,
2.30825,-0.0095803216,
2.3085,-0.0027613696,
2.30875,-0.0005863709,
2.309,-0.0066210236,
2.30925,-0.0083535742,
2.3095,-0.0019165275,
2.30975,0.0049643349,
2.31,-0.0007592799,
2.31025,0.0024929931,
2.3105,0.0106181102,
2.31075,0.0023414551,
2.311,0.0007279241,
2.31125,0.0025765679,
2.3115,0.0061348695,
2.31175,0.0051311767,
2.312,0.0081700189,
2.31225,0.0100580985,
2.3125,0.0112887705,
2.31275,0.0025845473,
2.313,-0.0017048537,
2.31325,0.0034889791,
2.3135,-0.0004678672,
2.31375,-0.0005902429,
2.314,0.0032362714,
2.31425,0.0108415028,
2.3145,0.0045550512,
2.31475,-0.0013220160,
2.315,0.0077313925,
2.31525,0.0028038167,
2.3155,-0.0120690642,
2.31575,-0.0041188970,
2.316,0.0079334714,
2.31625,0.0006535109,
2.3165,-0.0052241045,
2.31675,0.0144959670,
2.317,0.0108019160,
2.31725,-0.0089831334,
2.3175,-0.0016401132,
2.31775,0.0130681079,
2.318,0.0029672147,
2.31825,-0.0090538738,
2.3185,0.0120517854,
2.31875,0.0159764998,
2.319,-0.0073822858,
2.31925,-0.0042969184,
2.3195,0.0118534565,
2.31975,0.0045422772,
2.32,-0.0072550052,
2.32025,0.0064650141,
2.3205,0.0177821741,
2.32075,0.0011801359,
2.321,-0.0054001948,
2.32125,0.0068372535,
2.3215,0.0077958750,
2.32175,-0.0122310016,
2.322,-0.0064405818,
2.32225,0.0122913234,
2.3225,0.0024098172,
2.32275,-0.0023085948,
2.323,0.0085784597,
2.32325,0.0031508086,
2.3235,-0.0080002397,
2.32375,-0.0072501553,
2.324,-0.0061648712,
2.32425,-0.0059334254,
2.3245,-0.0033193813,
2.32475,-0.0082701072,
2.325,0.0006925251,
2.32525,0.0022699721,
2.3255,-0.0104917819,
2.32575,-0.0063578440,
2.326,0.0024863258,
2.32625,-0.0062704021,
2.3265,-0.0052974913,
2.32675,-0.0001780329,
2.327,-0.0035281386,
2.32725,-0.0026495447,
2.3275,-0.0035295798,
2.32775,-0.0037290682,
2.328,0.0043462040,
2.32825,-0.0020769569,
2.3285,-0.0001453514,
2.32875,0.0094961636,
2.329,0.0073687509,
2.32925,0.0011788108,
2.3295,0.0034999601,
2.32975,-0.0025541997,
2.33,-0.0050488422,
2.33025,-0.0023982830,
2.3305,0.0054985820,
2.33075,0.0002116877,
2.331,0.0050052539,
2.33125,0.0074195815,
2.3315,-0.0014973177,
2.33175,-0.0063941423,
2.332,-0.0026371784,
2.33225,-0.0043969522,
2.3325,-0.0125454450,
2.33275,-0.0114824018,
2.333,-0.0030642459,
2.33325,-0.0046006646,
2.3335,-0.0109548317,
2.33375,0.0010752188,
2.334,0.0010918458,
2.33425,-0.0030142437,
2.3345,-0.0057059908,
2.33475,0.0030962639,
2.335,0.0045075319,
2.33525,-0.0010666266,
2.3355,-0.0051431633,
2.33575,0.0017887045,
2.336,0.0002371165,
2.33625,-0.0043964256,
2.3365,-0.0024624798,
2.33675,0.0100574605,
2.337,0.0065352572,
2.33725,-0.0028103148,
2.3375,0.0054770871,
2.33775,0.0103297262,
2.338,-0.0035226543,
2.33825,-0.0098381862,
2.3385,-0.0029000535,
2.33875,0.0034750449,
2.339,-0.0060448605,
2.33925,-0.0057213898,
2.3395,0.0115023535,
2.33975,0.0046991101,
2.34,-0.0145556200,
2.34025,-0.0056620343,
2.3405,0.0022667570,
2.34075,-0.0152139794,
2.341,-0.0171121936,
2.34125,0.0033257576,
2.3415,0.0019123119,
2.34175,-0.0098622125,
2.342,0.0010498153,
2.34225,0.0044931523,
2.3425,-0.0059148106,
2.34275,-0.0055614072,
2.343,0.0034363046,
2.34325,0.0037051202,
2.3435,0.0004947666,
2.34375,-0.0013955715,
2.344,0.0068925563,
2.34425,0.0018952850,
2.3445,-0.0052120909,
2.34475,-0.0026402739,
2.345,0.0040779626,
2.34525,0.0012894596,
2.3455,0.0067461724,
2.34575,0.0110292826,
2.346,0.0071652103,
2.34625,0.0013445416,
2.3465,-0.0010269800,
2.34675,0.0003377377,
2.347,0.0008183028,
2.34725,0.0032430417,
2.3475,0.0044422033,
2.34775,0.0103810914,
2.348,0.0085605904,
2.34825,0.0023188728,
2.3485,0.0063463403,
2.34875,0.0049194000,
2.349,-0.0033071570,
2.34925,-0.0030462735,
2.3495,0.0083104633,
2.34975,0.0057114651,
2.35,-0.0031252610,
2.35025,0.0044644834,
2.3505,0.0092149060,
2.35075,-0.0064994805,
2.351,-0.0089468276,
2.35125,0.0062330440,
2.3515,0.0039554909,
2.35175,-0.0066301622,
2.352,0.0018638833,
2.35225,0.0099045113,
2.3525,0.0010777755,
2.35275,-0.0084916772,
2.353,0.0036460781,
2.35325,0.0097132986,
2.3535,-0.0015848213,
2.35375,0.0052205897,
2.354,0.0168998558,
2.35425,0.0043656207,
2.3545,-0.0058414238,
2.35475,-0.0032703369,
2.355,0.0039939135,
2.35525,-0.0096526928,
2.3555,-0.0069457013,
2.35575,0.0058146631,
2.356,0.0015257642,
2.35625,-0.0051576039,
2.3565,-0.0002204994,
2.35675,0.0027610487,
2.357,-0.0043593259,
2.35725,-0.0091831498,
2.3575,-0.0083748512,
2.35775,-0.0035031838,
2.358,-0.0030782700,
2.35825,-0.0072411252,
2.3585,0.0026160583,
2.35875,0.0074351151,
2.359,-0.0075701210,
2.35925,-0.0085039148,
2.3595,-0.0000338912,
2.35975,-0.0063080452,
2.36,-0.0072705643,
2.36025,0.0023815290,
2.3605,-0.0066300179,
2.36075,-0.0063092862,
2.361,-0.0064987550,
2.36125,-0.0067578508,
2.3615,-0.0017116836,
2.36175,-0.0032820858,
2.362,-0.0028043548,
2.36225,0.0054444368,
2.3625,0.0030445508,
2.36275,-0.0001677028,
2.363,0.0027862613,
2.36325,-0.0007559997,
2.3635,-0.0068383855,
2.36375,-0.0014189432,
2.364,0.0056083454,
2.36425,0.0034752893,
2.3645,0.0040970580,
2.36475,0.0031926250,
2.365,0.0014526653,
2.36525,-0.0054875058,
2.3655,-0.0087633934,
2.36575,-0.0008217821,
2.366,-0.0077233668,
2.36625,-0.0051133139,
2.3665,0.0020417981,
2.36675,0.0032678833,
2.367,-0.0032214632,
2.36725,0.0005375296,
2.3675,0.0012597733,
2.36775,-0.0039162203,
2.368,-0.0011042783,
2.36825,-0.0019252484,
2.3685,0.0053273542,
2.36875,0.0039359638,
2.369,-0.0053000320,
2.36925,0.0036442841,
2.3695,0.0072511700,
2.36975,-0.0012225755,
2.37,-0.0016982947,
2.37025,0.0107144229,
2.3705,0.0117560830,
2.37075,0.0005569073,
2.371,0.0014312887,
2.37125,0.0050942544,
2.3715,-0.0022894605,
2.37175,-0.0138215823,
2.372,-0.0090488866,
2.37225,0.0088076033,
2.3725,0.0054078205,
2.37275,-0.0024201882,
2.373,0.0091648307,
2.37325,0.0145751573,
2.3735,-0.0071093943,
2.37375,-0.0108509939,
2.374,0.0058871899,
2.37425,-0.0029288949,
2.3745,-0.0141934259,
2.37475,-0.0009491312,
2.375,0.0100481007,
2.37525,-0.0023510891,
2.3755,-0.0050841477,
2.37575,0.0048870337,
2.376,-0.0020307600,
2.37625,-0.0075059761,
2.3765,-0.0059268894,
2.37675,0.0016068707,
2.377,0.0016063766,
2.37725,-0.0065178908,
2.3775,-0.0030681812,
2.37775,0.0036707362,
2.378,-0.0059943250,
2.37825,-0.0044393800,
2.3785,0.0092156157,
2.37875,0.0098174959,
2.379,0.0068854261,
2.37925,0.0100836009,
2.3795,0.0086229304,
2.37975,0.0061058570,
2.38,0.0032280898,
2.38025,0.0025669553,
2.3805,0.0110990647,
2.38075,0.0147232739,
2.381,0.0077294926,
2.38125,0.0125223016,
2.3815,0.0158800893,
2.38175,-0.0021605613,
2.382,-0.0048850579,
2.38225,0.0025721248,
2.3825,-0.0036200157,
2.38275,-0.0059106341,
2.383,0.0017432357,
2.38325,0.0057093757,
2.3835,0.0016533165,
2.38375,-0.0093514798,
2.384,0.0000451310,
2.38425,0.0036777810,
2.3845,-0.0101241618,
2.38475,0.0004196583,
2.385,0.0159918591,
2.38525,0.0017893589,
2.3855,-0.0039200615,
2.38575,0.0081479466,
2.386,-0.0018008319,
2.38625,-0.0089863949,
2.3865,-0.0028676142,
2.38675,0.0106768608,
2.387,0.0061874967,
2.38725,-0.0012751478,
2.3875,0.0082221543,
2.38775,0.0142691452,
2.388,-0.0062984051,
2.38825,-0.0093769394,
2.3885,0.0063295937,
2.38875,-0.0024419082,
2.389,-0.0098103555,
2.38925,0.0067843129,
2.3895,0.0109036993,
2.38975,-0.0061198873,
2.39,-0.0038453713,
2.39025,-0.0025376938,
2.3905,-0.0099635636,
2.39075,-0.0116850622,
2.391,-0.0079741087,
2.39125,-0.0008491260,
2.3915,-0.0041783378,
2.39175,-0.0109670581,
2.392,-0.0083768005,
2.39225,-0.0033304864,
2.3925,-0.0050609717,
2.39275,-0.0066884840,
2.393,0.0023155690,
2.39325,0.0044823107,
2.3935,-0.0010092455,
2.39375,0.0042888904,
2.394,0.0008192289,
2.39425,-0.0066558309,
2.3945,-0.0088265250,
2.39475,-0.0056997696,
2.395,-0.0033938072,
2.39525,0.0027006245,
2.3955,0.0043882774,
2.39575,0.0032011138,
2.396,0.0076317885,
2.39625,-0.0023126360,
2.3965,-0.0063140853,
2.39675,0.0040643681,
2.397,0.0026029041,
2.39725,0.0014782420,
2.3975,0.0127623649,
2.39775,0.0106828641,
2.398,0.0043723616,
2.39825,0.0005300636,
2.3985,0.0019984264,
2.39875,-0.0028790841,
2.399,-0.0070003136,
2.39925,-0.0033334454,
2.3995,0.0050797937,
2.39975,-0.0022503962,
2.4,-0.0038365272,
2.40025,0.0042212349,
2.4005,-0.0028098086,
2.40075,-0.0109335911,
2.401,-0.0036360614,
2.40125,-0.0008942108,
2.4015,-0.0044089966,
2.40175,-0.0008581824,
2.402,0.0001203493,
2.40225,0.0067729079,
2.4025,-0.0047616651,
2.40275,-0.0105903437,
2.403,0.0049507548,
2.40325,0.0087835407,
2.4035,-0.0028625329,
2.40375,0.0097128823,
2.404,0.0167277101,
2.40425,0.0030186668,
2.4045,-0.0061545079,
2.40475,-0.0017746923,
2.405,0.0007776515,
2.40525,-0.0044580689,
2.4055,-0.0025558332,
2.40575,0.0031533493,
2.406,0.0117490645,
2.40625,-0.0002157701,
2.4065,-0.0097520323,
2.40675,0.0062387828,
2.407,-0.0044593238,
2.40725,-0.0201525725,
2.4075,-0.0020561523,
2.40775,0.0060277707,
2.408,-0.0023397475,
2.40825,-0.0048874235,
2.4085,0.0021074992,
2.40875,0.0009419892,
2.409,-0.0115867136,
2.40925,-0.0091934958,
2.4095,0.0018063014,
2.40975,0.0053237481,
2.41,-0.0058676465,
2.41025,-0.0029284146,
2.4105,0.0056725852,
2.41075,-0.0070391777,
2.411,-0.0113883428,
2.41125,0.0001487181,
2.4115,0.0031583146,
2.41175,0.0030060404,
2.412,0.0093640182,
2.41225,0.0155330682,
2.4125,0.0095089618,
2.41275,0.0000217787,
2.413,0.0002688809,
2.41325,0.0019231382,
2.4135,0.0006298198,
2.41375,0.0028204522,
2.414,0.0106731150,
2.41425,0.0118724406,
2.4145,0.0055525256,
2.41475,0.0000104555,
2.415,0.0040061129,
2.41525,-0.0022162956,
2.4155,-0.0115827145,
2.41575,-0.0021159733,
2.416,0.0048709013,
2.41625,-0.0000338725,
2.4165,0.0010006352,
2.41675,0.0090289908,
2.417,0.0034379489,
2.41725,-0.0049108397,
2.4175,0.0018841785,
2.41775,0.0123640243,
2.418,0.0058483914,
2.41825,-0.0005202351,
2.4185,0.0125975367,
2.41875,0.0129925162,
2.419,-0.0060960390,
2.41925,0.0008381904,
2.4195,0.0090536159,
2.41975,-0.0012725667,
2.42,-0.0251613464,
2.42025,-0.0186739620,
2.4205,0.0085543040,
2.42075,-0.0018438535,
2.421,-0.0026157573,
2.42125,0.0001479459,
2.4215,-0.0015281071,
2.42175,-0.0165874232,
2.422,-0.0027356213,
2.42225,0.0139072202,
2.4225,-0.0029140320,
2.42275,-0.0036667637,
2.423,0.0114345439,
2.42325,0.0028916008,
2.4235,-0.0122715551,
2.42375,-0.0046991748,
2.424,-0.0027261034,
2.42425,-0.0075752432,
2.4245,-0.0082828309,
2.42475,-0.0056438334,
2.425,0.0025715083,
2.42525,-0.0080752075,
2.4255,-0.0108399484,
2.42575,-0.0016266622,
2.426,-0.0013453471,
2.42625,-0.0106263794,
2.4265,-0.0009824461,
2.42675,0.0029698827,
2.427,-0.0058211721,
2.42725,-0.0100775892,
2.4275,-0.0014839332,
2.42775,-0.0047539063,
2.428,-0.0038198822,
2.42825,-0.0027665601,
2.4285,0.0059276912,
2.42875,0.0031884026,
2.429,-0.0014585095,
2.42925,0.0006135185,
2.4295,-0.0025825214,
2.42975,-0.0088798935,
2.43,-0.0092950752,
2.43025,-0.0035729727,
2.4305,0.0074032373,
2.43075,0.0019856493,
2.431,-0.0010411835,
2.43125,0.0101862419,
2.4315,0.0038407631,
2.43175,-0.0038828186,
2.432,0.0031302602,
2.43225,0.0042635952,
2.4325,-0.0042843451,
2.43275,-0.0022617336,
2.433,0.0070923525,
2.43325,0.0022936782,
2.4335,-0.0029574563,
2.43375,-0.0009343773,
2.434,0.0001908441,
2.43425,-0.0054452522,
2.4345,-0.0045524570,
2.43475,0.0045431368,
2.435,0.0054927086,
2.43525,-0.0043737581,
2.4355,-0.0050505465,
2.43575,0.0034292517,
2.436,-0.0030041337,
2.43625,-0.0099864956,
2.4365,-0.0002441017,
2.43675,0.0070772641,
2.437,0.0029734992,
2.43725,-0.0018809026,
2.4375,0.0097788274,
2.43775,0.0084934970,
2.438,-0.0070514204,
2.43825,-0.0087257475,
2.4385,0.0034333882,
2.43875,-0.0017090866,
2.439,-0.0025388051,
2.43925,-0.0021649667,
2.4395,0.0069336873,
2.43975,-0.0007623552,
2.44,-0.0129063567,
2.44025,-0.0129185906,
2.4405,0.0012698795,
2.44075,-0.0178693030,
2.441,-0.0154975476,
2.44125,-0.0013171235,
2.4415,0.0002036025,
2.44175,-0.0138108116,
2.442,-0.0064420206,
2.44225,0.0021468634,
2.4425,-0.0071045365,
2.44275,-0.0070283911,
2.443,-0.0004855948,
2.44325,0.0041687991,
2.4435,-0.0000847254,
2.44375,-0.0062371315,
2.444,0.0032262912,
2.44425,0.0062945383,
2.4445,-0.0082221897,
2.44475,0.0020281016,
2.445,0.0105211781,
2.44525,0.0047470606,
2.4455,0.0030693416,
2.44575,0.0063697929,
2.446,0.0040574381,
2.44625,0.0011488227,
2.4465,-0.0008879846,
2.44675,0.0026144588,
2.447,0.0054493030,
2.44725,0.0030965656,
2.4475,0.0030525587,
2.44775,0.0072073434,
2.448,0.0020900981,
2.44825,-0.0027659873,
2.4485,0.0008565891,
2.44875,0.0014035845,
2.449,-0.0019536067,
2.44925,-0.0018988606,
2.4495,-0.0008286440,
2.44975,0.0045854361,
2.45,-0.0012155101,
2.45025,0.0005850463,
2.4505,0.0053380621,
2.45075,0.0001710078,
2.451,-0.0051806313,
2.45125,0.0069555729,
2.4515,0.0094104195,
2.45175,-0.0001038462,
2.452,0.0062612938,
2.45225,0.0070285569,
2.4525,-0.0022294438,
2.45275,-0.0064827465,
2.453,0.0021531601,
2.45325,0.0049050795,
2.4535,0.0011764430,
2.45375,0.0023425482,
2.454,0.0105936900,
2.45425,0.0054366821,
2.4545,-0.0039875559,
2.45475,-0.0011010787,
2.455,0.0045806402,
2.45525,-0.0047485996,
2.4555,-0.0066308333,
2.45575,0.0135799535,
2.456,0.0136760343,
2.45625,-0.0054288032,
2.4565,0.0059912419,
2.45675,0.0080102365,
2.457,-0.0109622423,
2.45725,-0.0052089021,
2.4575,0.0029030149,
2.45775,-0.0059090052,
2.458,-0.0081663150,
2.45825,-0.0026565462,
2.4585,0.0009628620,
2.45875,0.0025465316,
2.459,-0.0051337695,
2.45925,-0.0050578369,
2.4595,0.0036675143,
2.45975,-0.0027645263,
2.46,-0.0085389428,
2.46025,0.0053922855,
2.4605,-0.0054866904,
2.46075,-0.0138403382,
2.461,-0.0005660658,
2.46125,-0.0124966642,
2.4615,-0.0045820056,
2.46175,0.0009402638,
2.462,-0.0033185494,
2.46225,0.0013295675,
2.4625,0.0014639441,
2.46275,-0.0079153944,
2.463,-0.0032200583,
2.46325,0.0009266464,
2.4635,-0.0042912872,
2.46375,-0.0035543083,
2.464,0.0129023287,
2.46425,0.0099040344,
2.4645,0.0103754224,
2.46475,0.0053774426,
2.465,0.0061418698,
2.46525,0.0034956550,
2.4655,-0.0065986142,
2.46575,-0.0002998250,
2.466,0.0077015450,
2.46625,-0.0036246029,
2.4665,-0.0036379495,
2.46675,0.0053358707,
2.467,-0.0064750384,
2.46725,-0.0107524777,
2.4675,-0.0009355081,
2.46775,-0.0024746347,
2.468,-0.0033885671,
2.46825,-0.0055363607,
2.4685,0.0015104164,
2.46875,0.0046153297,
2.469,-0.0068645123,
2.46925,-0.0055030943,
2.4695,0.0055446522,
2.46975,0.0019907220,
2.47,-0.0024710349,
2.47025,0.0130915502,
2.4705,0.0151022850,
2.47075,0.0039435406,
2.471,0.0072964821,
2.47125,0.0123644257,
2.4715,0.0017763122,
2.47175,-0.0035928376,
2.472,0.0033853122,
2.47225,0.0098378025,
2.4725,0.0107724592,
2.47275,0.0044269478,
2.473,0.0078007481,
2.47325,0.0089722965,
2.4735,-0.0054140156,
2.47375,-0.0175444186,
2.474,-0.0029779989,
2.47425,0.0008522568,
2.4745,-0.0128306355,
2.47475,-0.0065799016,
2.475,0.0058926060,
2.47525,-0.0016737918,
2.4755,-0.0136448890,
2.47575,-0.0014053298,
2.476,-0.0013902343,
2.47625,-0.0086226175,
2.4765,-0.0030694315,
2.47675,0.0027072006,
2.477,0.0025741013,
2.47725,-0.0089427885,
2.4775,-0.0088299448,
2.47775,0.0001227053,
2.478,-0.0066178795,
2.47825,-0.0083913617,
2.4785,0.0074088471,
2.47875,0.0115247853,
2.479,0.0055388119,
2.47925,0.0090313479,
2.4795,0.0132103879,
2.47975,0.0000456657,
2.48,0.0017168864,
2.48025,0.0048522968,
2.4805,0.0074263783,
2.48075,0.0116693834,
2.481,0.0088963946,
2.48125,0.0100422259,
2.4815,0.0108179245,
2.48175,-0.0005086212,
2.482,-0.0013187418,
2.48225,0.0022154942,
2.4825,-0.0012072355,
2.48275,-0.0031233686,
2.483,0.0047693145,
2.48325,0.0032200688,
2.4835,-0.0005740182,
2.48375,-0.0009753956,
2.484,0.0008752563,
2.48425,0.0020778370,
2.4845,-0.0032238038,
2.48475,0.0000270343,
2.485,0.0098721664,
2.48525,0.0042360630,
2.4855,-0.0005874707,
2.48575,0.0084729884,
2.486,0.0061739073,
2.48625,-0.0084457118,
2.4865,0.0009387423,
2.48675,0.0079655303,
2.487,0.0025296281,
2.48725,0.0059589241,
2.4875,0.0114391940,
2.48775,0.0111887902,
2.488,-0.0018773800,
2.48825,-0.0064753368,
2.4885,0.0062501393,
2.48875,-0.0003799755,
2.489,-0.0078413328,
2.48925,0.0085313916,
2.4895,0.0169401523,
2.48975,-0.0004253648,
2.49,-0.0033759046,
2.49025,0.0069045275,
2.4905,-0.0053622103,
2.49075,-0.0081669111,
2.491,0.0002916207,
2.49125,0.0058041718,
2.4915,-0.0024331259,
2.49175,-0.0027225278,
2.492,0.0003380715,
2.49225,-0.0028986689,
2.4925,-0.0084239068,
2.49275,-0.0086780600,
2.493,-0.0061762556,
2.49325,-0.0029761512,
2.4935,-0.0118988045,
2.49375,-0.0053666108,
2.494,-0.0004955712,
2.49425,-0.0120013785,
2.4945,-0.0103367446,
2.49475,-0.0056375870,
2.495,-0.0040989718,
2.49525,0.0017830537,
2.4955,0.0017919831,
2.49575,0.0053111278,
2.496,0.0087685259,
2.49625,-0.0002002653,
2.4965,-0.0063821045,
2.49675,0.0019536235,
2.497,0.0011427030,
2.49725,-0.0039081206,
2.4975,0.0036279135,
2.49775,0.0099727614,
2.498,0.0005887063,
2.49825,-0.0019240432,
2.4985,0.0002623043,
2.49875,-0.0034261614,
2.499,-0.0107435938,
2.49925,-0.0086369161,
2.4995,0.0021839491,
2.49975,-0.0012787490,
2.5,-0.0053712921,
2.50025,0.0031051752,
2.5005,0.0006330223,
2.50075,-0.0090840980,
2.501,-0.0047879498,
2.50125,0.0016898056,
2.5015,-0.0076258136,
2.50175,-0.0093613854,
2.502,-0.0012183401,
2.50225,0.0010050047,
2.5025,-0.0059647318,
2.50275,-0.0029711579,
2.503,0.0019859963,
2.50325,0.0085051460,
2.5035,-0.0010617462,
2.50375,0.0055761845,
2.504,0.0132463509,
2.50425,0.0050915289,
2.5045,-0.0009034602,
2.50475,0.0026527462,
2.505,0.0032027182,
2.50525,-0.0017095050,
2.5055,-0.0038763674,
2.50575,0.0049667363,
2.506,0.0092560900,
2.50625,0.0053498051,
2.5065,-0.0006058807,
2.50675,0.0040389970,
2.507,0.0000731106,
2.50725,-0.0165416561,
2.5075,-0.0069839489,
2.50775,0.0038458896,
2.508,-0.0062417435,
2.50825,-0.0104301665,
2.5085,0.0077840677,
2.50875,0.0036314668,
2.509,-0.0151947662,
2.50925,-0.0043488466,
2.5095,0.0083593009,
2.50975,-0.0055119488,
2.51,-0.0061268304,
2.51025,0.0013085721,
2.5105,0.0045359274,
2.51075,-0.0063337199,
2.511,-0.0061247721,
2.51125,0.0053699943,
2.5115,0.0048947334,
2.51175,-0.0112537155,
2.512,0.0059383260,
2.51225,0.0118636284,
2.5125,-0.0052387570,
2.51275,-0.0027864545,
2.513,0.0067224149,
2.51325,-0.0080065364,
2.5135,-0.0047379807,
2.51375,0.0059491168,
2.514,0.0073204115,
2.51425,0.0055258712,
2.5145,0.0104502868,
2.51475,0.0094540128,
2.515,0.0091891624,
2.51525,0.0010291152,
2.5155,-0.0014815909,
2.51575,0.0017450203,
2.516,-0.0047701150,
2.51625,-0.0019107236,
2.5165,0.0025028654,
2.51675,-0.0024443581,
2.517,-0.0017470426,
2.51725,-0.0005720934,
2.5175,-0.0038533241,
2.51775,0.0033792704,
2.518,0.0028305475,
2.51825,0.0004807204,
2.5185,0.0074332743,
2.51875,0.0077897394,
2.519,-0.0001149874,
2.51925,0.0033061211,
2.5195,0.0022210048,
2.51975,-0.0021446506,
2.52,0.0051275212,
2.52025,0.0089457482,
2.5205,0.0093975561,
2.52075,0.0076873861,
2.521,0.0023663356,
2.52125,0.0023627551,
2.5215,-0.0029631555,
2.52175,-0.0087611368,
2.522,-0.0026624240,
2.52225,0.0049256841,
2.5225,-0.0070629548,
2.52275,-0.0029696603,
2.523,0.0134953745,
2.52325,-0.0021012619,
2.5235,-0.0099804709,
2.52375,0.0002444293,
2.524,-0.0050541530,
2.52425,-0.0168350656,
2.5245,-0.0059154280,
2.52475,0.0026772832,
2.525,0.0003134618,
2.52525,-0.0032030339,
2.5255,-0.0023562924,
2.52575,-0.0026689582,
2.526,-0.0104717594,
2.52625,-0.0108483071,
2.5265,-0.0030100506,
2.52675,-0.0010486586,
2.527,-0.0091097169,
2.52725,-0.0072430843,
2.5275,0.0023310548,
2.52775,-0.0058384463,
2.528,-0.0090607386,
2.52825,0.0002428052,
2.5285,0.0035311203,
2.52875,0.0024317580,
2.529,0.0047341217,
2.52925,0.0059539271,
2.5295,0.0037535108,
2.52975,-0.0019145500,
2.53,-0.0078265881,
2.53025,-0.0030538198,
2.5305,0.0068947957,
2.53075,0.0006115407,
2.531,0.0035943859,
2.53125,0.0157004427,
2.5315,0.0026587192,
2.53175,-0.0042486503,
2.532,-0.0010580056,
2.53225,0.0004051793,
2.5325,-0.0054564243,
2.53275,-0.0033475750,
2.533,0.0068594604,
2.53325,0.0072362376,
2.5335,-0.0008749142,
2.53375,0.0014776466,
2.534,0.0053862431,
2.53425,-0.0040515354,
2.5345,-0.0054691983,
2.53475,0.0064679617,
2.535,0.0031724514,
2.53525,-0.0038074031,
2.5355,-0.0012273884,
2.53575,0.0013032858,
2.536,-0.0025045830,
2.53625,-0.0056109969,
2.5365,-0.0056843790,
2.53675,0.0018170506,
2.537,0.0014386498,
2.53725,-0.0025813023,
2.5375,0.0069671222,
2.53775,0.0063253245,
2.538,-0.0077819633,
2.53825,-0.0029164890,
2.5385,0.0001882259,
2.53875,-0.0056530400,
2.539,0.0041567562,
2.53925,0.0064330380,
2.5395,0.0075884466,
2.53975,0.0074865040,
2.54,-0.0053550098,
2.54025,-0.0078550950,
2.5405,0.0047646202,
2.54075,-0.0123746423,
2.541,-0.0114188604,
2.54125,0.0066456152,
2.5415,0.0032248499,
2.54175,-0.0077902530,
2.542,0.0048738103,
2.54225,0.0046532974,
2.5425,-0.0082077654,
2.54275,-0.0071479548,
2.543,0.0012856581,
2.54325,0.0005425301,
2.5435,-0.0039363047,
2.54375,-0.0032034712,
2.544,0.0052621262,
2.54425,-0.0016975470,
2.5445,-0.0129505135,
2.54475,0.0022103437,
2.545,0.0048809131,
2.54525,-0.0061132940,
2.5455,0.0051190248,
2.54575,0.0124584977,
2.546,0.0029545752,
2.54625,-0.0024943484,
2.5465,-0.0005118372,
2.54675,0.0017976669,
2.547,-0.0050252485,
2.54725,0.0015023293,
2.5475,0.0124321235,
2.54775,0.0094366623,
2.548,0.0046964372,
2.54825,0.0098309983,
2.5485,0.0052215280,
2.54875,-0.0000465164,
2.549,-0.0008363126,
2.54925,0.0001198003,
2.5495,0.0055416371,
2.54975,0.0095532564,
2.55,0.0071154726,
2.55025,0.0063641304,
2.5505,0.0046230331,
2.55075,0.0000081253,
2.551,-0.0013553910,
2.55125,0.0018820382,
2.5515,0.0023016362,
2.55175,0.0030191438,
2.552,0.0035016951,
2.55225,0.0015519781,
2.5525,0.0005599936,
2.55275,-0.0060877334,
2.553,-0.0009279827,
2.55325,-0.0004704771,
2.5535,-0.0016469965,
2.55375,0.0060526449,
2.554,0.0096282288,
2.55425,-0.0004337012,
2.5545,0.0035886252,
2.55475,0.0010425918,
2.555,-0.0019260398,
2.55525,-0.0049447664,
2.5555,-0.0008316777,
2.55575,0.0112662278,
2.556,0.0060636126,
2.55625,-0.0017452615,
2.5565,0.0149873514,
2.55675,0.0063527077,
2.557,-0.0114371125,
2.55725,0.0008355891,
2.5575,0.0049131508,
2.55775,-0.0115442425,
2.558,-0.0010768061,
2.55825,0.0036932470,
2.5585,-0.0019886955,
2.55875,-0.0012637060,
2.559,0.0004809869,
2.55925,-0.0011968982,
2.5595,-0.0048085107,
2.55975,-0.0085308831,
2.56,-0.0065514473,
2.56025,0.0019020329,
2.5605,-0.0101184677,
2.56075,-0.0093887383,
2.561,-0.0028988672,
2.56125,-0.0075543672,
2.5615,-0.0109125916,
2.56175,-0.0049017891,
2.562,-0.0056674792,
2.56225,0.0012410756,
2.5625,0.0000632038,
2.56275,-0.0035157115,
2.563,-0.0007273423,
2.56325,-0.0019542924,
2.5635,-0.0097010648,
2.56375,-0.0066476925,
2.564,0.0093820198,
2.56425,0.0073079364,
2.5645,-0.0000535997,
2.56475,0.0072420677,
2.565,0.0119575439,
2.56525,0.0015296014,
2.5655,-0.0066774562,
2.56575,0.0094089927,
2.566,0.0064008823,
2.56625,-0.0035136458,
2.5665,-0.0000365248,
2.56675,0.0128583573,
2.567,-0.0036504015,
2.56725,-0.0101679666,
2.5675,0.0029239070,
2.56775,-0.0026197473,
2.568,-0.0075103473,
2.56825,-0.0024116687,
2.5685,0.0059994627,
2.56875,0.0021658880,
2.569,-0.0081322128,
2.56925,-0.0015564044,
2.5695,-0.0002433379,
2.56975,-0.0033371327,
2.57,-0.0046215644,
2.57025,0.0039843000,
2.5705,0.0089439433,
2.57075,-0.0020186335,
2.571,0.0032104999,
2.57125,0.0072934623,
2.5715,-0.0072304662,
2.57175,-0.0085075591,
2.572,-0.0002295488,
2.57225,-0.0006871662,
2.5725,0.0008704987,
2.57275,0.0061917454,
2.573,0.0048574093,
2.57325,0.0042832196,
2.5735,-0.0009017364,
2.57375,-0.0113766380,
2.574,-0.0004837644,
2.57425,0.0005298827,
2.5745,-0.0095909275,
2.57475,0.0023516132,
2.575,0.0061108167,
2.57525,-0.0068166615,
2.5755,-0.0050288062,
2.57575,0.0022531187,
2.576,-0.0084798820,
2.57625,-0.0087781018,
2.5765,-0.0011796723,
2.57675,0.0000897109,
2.577,-0.0001229026,
2.57725,-0.0040847347,
2.5775,-0.0037280309,
2.57775,0.0037940228,
2.578,-0.0078159310,
2.57825,-0.0047409190,
2.5785,0.0126318466,
2.57875,0.0002492854,
2.579,-0.0009497592,
2.57925,0.0111357542,
2.5795,0.0060551744,
2.57975,-0.0031516002,
2.58,0.0017550202,
2.58025,0.0055189221,
2.5805,0.0052097905,
2.58075,0.0071527883,
2.581,0.0128230592,
2.58125,0.0176780242,
2.5815,0.0087818671,
2.58175,0.0064981878,
2.582,0.0103237526,
2.58225,0.0047916682,
2.5825,0.0024421089,
2.58275,0.0091262609,
2.583,0.0096324170,
2.58325,0.0070103304,
2.5835,0.0082499692,
2.58375,0.0035116919,
2.584,0.0016970322,
2.58425,-0.0002025712,
2.5845,-0.0058385823,
2.58475,-0.0044267597,
2.585,-0.0003373083,
2.58525,-0.0033420206,
2.5855,0.0001225390,
2.58575,-0.0012152742,
2.586,-0.0067907474,
2.58625,-0.0068665524,
2.5865,-0.0043472624,
2.58675,-0.0022201212,
2.587,0.0041784164,
2.58725,0.0097831190,
2.5875,0.0035561286,
2.58775,0.0024827069,
2.588,-0.0059522823,
2.58825,-0.0154256625,
2.5885,-0.0059499918,
2.58875,-0.0060870410,
2.589,0.0002122459,
2.58925,0.0103879860,
2.5895,0.0137294531,
2.58975,0.0018110883,
2.59,0.0011215913,
2.59025,0.0045080865,
2.5905,-0.0103897927,
2.59075,-0.0112761129,
2.591,0.0029994010,
2.59125,-0.0003467824,
2.5915,-0.0049719210,
2.59175,0.0032659527,
2.592,0.0016545418,
2.59225,-0.0088785980,
2.5925,-0.0098262075,
2.59275,-0.0109081641,
2.593,-0.0075127669,
2.59325,-0.0077499379,
2.5935,-0.0129900742,
2.59375,-0.0031688774,
2.594,-0.0009952692,
2.59425,-0.0153510217,
2.5945,-0.0112467781,
2.59475,-0.0007187508,
2.595,-0.0062775798,
2.59525,-0.0011608351,
2.5955,0.0050238417,
2.59575,0.0061320756,
2.596,0.0041308710,
2.59625,-0.0080150757,
2.5965,-0.0054713720,
2.59675,0.0031092530,
2.597,-0.0020602583,
2.59725,-0.0022228681,
2.5975,0.0115158828,
2.59775,0.0153261190,
2.598,0.0022421223,
2.59825,0.0011478926,
2.5985,0.0038318830,
2.59875,-0.0004809019,
2.599,-0.0130414125,
2.59925,-0.0059209634,
2.5995,0.0088063413,
2.59975,-0.0011037792,
2.6,-0.0081985286,
2.60025,0.0026596386,
2.6005,0.0001082924,
2.60075,-0.0145677999,
2.601,-0.0029131253,
2.60125,0.0031577516,
2.6015,-0.0019749734,
2.60175,-0.0019106721,
2.602,-0.0033894861,
2.60225,0.0013292168,
2.6025,-0.0038030765,
2.60275,-0.0095377760,
2.603,-0.0007242508,
2.60325,0.0054624700,
2.6035,-0.0010339234,
2.60375,0.0054110144,
2.604,0.0155171286,
2.60425,0.0046020458,
2.6045,-0.0005023632,
2.60475,0.0028062738,
2.605,-0.0058100307,
2.60525,-0.0041289404,
2.6055,0.0043635671,
2.60575,0.0081470236,
2.606,0.0130037852,
2.60625,0.0115407212,
2.6065,0.0034894701,
2.60675,0.0054940591,
2.607,-0.0024594325,
2.60725,-0.0153779499,
2.6075,-0.0100933891,
2.60775,-0.0035258722,
2.608,-0.0067615863,
2.60825,-0.0049136635,
2.6085,-0.0012056613,
2.60875,-0.0062318482,
2.609,-0.0129198991,
2.60925,-0.0106175626,
2.6095,-0.0006198825,
2.60975,-0.0098720528,
2.61,-0.0078931442,
2.61025,0.0019769617,
2.6105,0.0012196341,
2.61075,-0.0098545933,
2.611,-0.0069080861,
2.61125,0.0006791940,
2.6115,-0.0085050948,
2.61175,-0.0080265179,
2.612,0.0064708376,
2.61225,0.0117929336,
2.6125,0.0000496057,
2.61275,-0.0006940403,
2.613,0.0029424191,
2.61325,-0.0042979461,
2.6135,-0.0117510473,
2.61375,0.0006074737,
2.614,0.0064714747,
2.61425,0.0005944519,
2.6145,0.0044004298,
2.61475,0.0126468409,
2.615,0.0051319781,
2.61525,0.0017867193,
2.6155,0.0016576303,
2.61575,0.0062296214,
2.616,0.0016972160,
2.61625,0.0064213751,
2.6165,0.0106150201,
2.61675,0.0093770642,
2.617,0.0045532119,
2.61725,0.0053155748,
2.6175,-0.0016045324,
2.61775,0.0013717760,
2.618,0.0032458783,
2.61825,-0.0017491729,
2.6185,0.0033181785,
2.61875,0.0041212989,
2.619,-0.0035010381,
2.61925,-0.0002229672,
2.6195,-0.0017730943,
2.61975,-0.0055142557,
2.62,0.0039201388,
2.62025,0.0067874976,
2.6205,0.0021221933,
2.62075,0.0117467912,
2.621,0.0087621389,
2.62125,-0.0017858280,
2.6215,0.0055987295,
2.62175,-0.0002513758,
2.622,-0.0033738539,
2.62225,0.0076040435,
2.6225,0.0045307418,
2.62275,-0.0008582821,
2.623,0.0109837903,
2.62325,0.0009131163,
2.6235,-0.0076242518,
2.62375,0.0012042087,
2.624,-0.0056031956,
2.62425,-0.0160583816,
2.6245,-0.0032505577,
2.62475,0.0003513665,
2.625,-0.0074684378,
2.62525,0.0014307101,
2.6255,-0.0040583881,
2.62575,-0.0108342338,
2.626,-0.0072338753,
2.62625,-0.0083383145,
2.6265,-0.0032507570,
2.62675,-0.0045894673,
2.627,-0.0135432044,
2.62725,-0.0145247504,
2.6275,-0.0026565578,
2.62775,-0.0131065873,
2.628,-0.0120566497,
2.62825,-0.0030856405,
2.6285,-0.0012992306,
2.62875,-0.0015842553,
2.629,0.0033867816,
2.62925,-0.0045932545,
2.6295,-0.0006001002,
2.62975,0.0025666254,
2.63,-0.0072389292,
2.63025,0.0009151743,
2.6305,0.0093748085,
2.63075,0.0070799473,
2.631,0.0028487300,
2.63125,0.0158716720,
2.6315,0.0079747271,
2.63175,-0.0053796736,
2.632,-0.0057005985,
2.63225,0.0013407144,
2.6325,-0.0048953299,
2.63275,-0.0131064141,
2.633,-0.0041020811,
2.63325,0.0079173492,
2.6335,-0.0027326448,
2.63375,-0.0058512832,
2.634,0.0099797221,
2.63425,-0.0014415369,
2.6345,-0.0107554607,
2.63475,-0.0007606976,
2.635,0.0056302063,
2.63525,0.0010164436,
2.6355,-0.0044922559,
2.63575,0.0018965099,
2.636,0.0023347992,
2.63625,-0.0037825680,
2.6365,-0.0036210059,
2.63675,0.0072851335,
2.637,0.0088953115,
2.63725,-0.0010731847,
2.6375,0.0086822491,
2.63775,0.0108767729,
2.638,-0.0055617332,
2.63825,-0.0039854720,
2.6385,-0.0021323210,
2.63875,-0.0025919862,
2.639,0.0054705660,
2.63925,0.0060915602,
2.6395,0.0070141573,
2.63975,0.0080431420,
2.64,0.0027121336,
2.64025,-0.0043281810,
2.6405,0.0007633583,
2.64075,-0.0014956205,
2.641,-0.0104103377,
2.64125,0.0015338615,
2.6415,0.0016459990,
2.64175,-0.0013354404,
2.642,0.0035670318,
2.64225,0.0038057454,
2.6425,-0.0032903743,
2.64275,-0.0045251343,
2.643,-0.0004685277,
2.64325,0.0024425634,
2.6435,-0.0032098093,
2.64375,-0.0019640464,
2.644,0.0006034002,
2.64425,0.0008977576,
2.6445,-0.0064036576,
2.64475,0.0003028795,
2.645,0.0047558518,
2.64525,-0.0042586890,
2.6455,-0.0004627793,
2.64575,0.0079084039,
2.646,0.0022174511,
2.64625,-0.0053243665,
2.6465,-0.0036312323,
2.64675,-0.0030338974,
2.647,-0.0074523916,
2.64725,-0.0048628501,
2.6475,0.0098690912,
2.64775,0.0094672535,
2.648,0.0064740144,
2.64825,0.0102096610,
2.6485,0.0103966603,
2.64875,-0.0009953979,
2.649,0.0013903058,
2.64925,0.0056115082,
2.6495,0.0077704391,
2.64975,0.0070964498,
2.65,0.0099810474,
2.65025,0.0070229894,
2.6505,0.0062018996,
2.65075,0.0021938395,
2.651,-0.0011377129,
2.65125,-0.0007209336,
2.6515,0.0035687811,
2.65175,-0.0043050474,
2.652,0.0032794015,
2.65225,0.0026093782,
2.6525,-0.0009326891,
2.65275,-0.0043559922,
2.653,-0.0010862910,
2.65325,-0.0014318167,
2.6535,0.0027240675,
2.65375,0.0102939028,
2.654,0.0121793160,
2.65425,0.0092720222,
2.6545,0.0090566427,
2.65475,-0.0081792558,
2.655,-0.0034757601,
2.65525,-0.0146729862,
2.6555,-0.0049515106,
2.65575,0.0070653646,
2.656,0.0073868334,
2.65625,0.0030455557,
2.6565,0.0075531136,
2.65675,0.0058592437,
2.657,-0.0129299527,
2.65725,-0.0060043479,
2.6575,0.0013645232,
2.65775,-0.0055605820,
2.658,-0.0061556008,
2.65825,0.0050814967,
2.6585,0.0011055248,
2.65875,-0.0055546910,
2.659,-0.0033080813,
2.65925,-0.0013633186,
2.6595,-0.0093987882,
2.65975,-0.0061271749,
2.66,-0.0033361549,
2.66025,0.0025138156,
2.6605,-0.0035041561,
2.66075,-0.0122650694,
2.661,-0.0039693462,
2.66125,-0.0061745127,
2.6615,-0.0119088646,
2.66175,-0.0058391970,
2.662,0.0033477775,
2.66225,0.0026619711,
2.6625,-0.0008812067,
2.66275,-0.0019048867,
2.663,-0.0034052811,
2.66325,-0.0049841516,
2.6635,-0.0094074560,
2.66375,-0.0078760264,
2.664,0.0073309080,
2.66425,0.0090190070,
2.6645,0.0002634764,
2.66475,0.0071241790,
2.665,0.0109049203,
2.66525,-0.0046111909,
2.6655,-0.0097844517,
2.66575,0.0034123263,
2.666,0.0042715967,
2.66625,-0.0051178620,
2.6665,-0.0008254510,
2.66675,0.0116153443,
2.667,0.0026834067,
2.66725,-0.0063872808,
2.6675,0.0025433884,
2.66775,0.0049267914,
2.668,-0.0061517349,
2.66825,-0.0093130041,
2.6685,0.0075033950,
2.66875,0.0008473048,
2.669,-0.0037842444,
2.66925,-0.0041892352,
2.6695,0.0025519019,
2.66975,-0.0010649172,
2.67,-0.0020612874,
2.67025,0.0067421431,
2.6705,0.0123500824,
2.67075,0.0071805203,
2.671,0.0006084049,
2.67125,0.0060923407,
2.6715,-0.0065318393,
2.67175,-0.0059889792,
2.672,-0.0016795991,
2.67225,-0.0001875826,
2.6725,0.0055661756,
2.67275,0.0128360391,
2.673,0.0058540627,
2.67325,0.0029831685,
2.6735,-0.0001077356,
2.67375,-0.0079035684,
2.674,-0.0058847158,
2.67425,-0.0011772555,
2.6745,-0.0033740038,
2.67475,0.0022479645,
2.675,0.0052306028,
2.67525,0.0014734375,
2.6755,-0.0010240021,
2.67575,0.0035997469,
2.676,-0.0029557734,
2.67625,-0.0049178693,
2.6765,0.0024119120,
2.67675,0.0005276381,
2.677,-0.0015145068,
2.67725,-0.0035922979,
2.6775,-0.0022515699,
2.67775,-0.0022869708,
2.678,-0.0121446978,
2.67825,-0.0047470154,
2.6785,0.0052686497,
2.67875,-0.0000523052,
2.679,-0.0019807366,
2.67925,0.0045344215,
2.6795,0.0011969237,
2.67975,-0.0126544191,
2.68,-0.0066742767,
2.68025,0.0025723325,
2.6805,0.0028851670,
2.68075,-0.0031478563,
2.681,0.0079031214,
2.68125,0.0169333052,
2.6815,0.0045943083,
2.68175,0.0030456488,
2.682,0.0100232568,
2.68225,-0.0008196453,
2.6825,-0.0038839588,
2.68275,0.0027892892,
2.683,0.0062382538,
2.68325,0.0049331035,
2.6835,0.0043693441,
2.68375,0.0052300505,
2.684,0.0005352310,
2.68425,0.0017175074,
2.6845,-0.0042350655,
2.68475,0.0000547139,
2.685,-0.0001665551,
2.68525,0.0009652830,
2.6855,0.0005996622,
2.68575,0.0008487711,
2.686,-0.0024997722,
2.68625,-0.0015575228,
2.6865,0.0006614374,
2.68675,0.0032142189,
2.687,0.0056285802,
2.68725,0.0070561273,
2.6875,0.0072377576,
2.68775,0.0052745570,
2.688,0.0009796261,
2.68825,0.0001417637,
2.6885,-0.0008522015,
2.68875,0.0003335937,
2.689,-0.0001345104,
2.68925,0.0065829190,
2.6895,0.0104324808,
2.68975,0.0026704839,
2.69,0.0036908558,
2.69025,0.0089627299,
2.6905,-0.0048850933,
2.69075,-0.0105340732,
2.691,-0.0008867647,
2.69125,0.0001674118,
2.6915,-0.0094266003,
2.69175,0.0052023451,
2.692,0.0069163479,
2.69225,-0.0088537121,
2.6925,-0.0091558490,
2.69275,-0.0039557507,
2.693,-0.0059959856,
2.69325,-0.0067874044,
2.6935,-0.0133278966,
2.69375,0.0004188116,
2.694,-0.0091104805,
2.69425,-0.0150776878,
2.6945,-0.0074262787,
2.69475,-0.0026813312,
2.695,-0.0078696748,
2.69525,-0.0059939856,
2.6955,0.0020833346,
2.69575,-0.0018818099,
2.696,-0.0001397402,
2.69625,-0.0063473317,
2.6965,-0.0083297398,
2.69675,-0.0026943742,
2.697,-0.0062244143,
2.69725,-0.0068284380,
2.6975,0.0017558534,
2.69775,0.0076143560,
2.698,0.0040077819,
2.69825,0.0000431746,
2.6985,0.0062126620,
2.69875,0.0039385222,
2.699,-0.0043067588,
2.69925,-0.0043829791,
2.6995,0.0120971836,
2.69975,0.0068603461,
2.7,-0.0042017354,
2.70025,0.0117072780,
2.7005,0.0092624854,
2.70075,-0.0116342790,
2.701,-0.0039726538,
2.70125,0.0052970457,
2.7015,-0.0021239384,
2.70175,-0.0057890974,
2.702,-0.0015202551,
2.70225,0.0041626580,
2.7025,-0.0028000018,
2.70275,-0.0130965337,
2.703,-0.0027942646,
2.70325,0.0023714907,
2.7035,-0.0077761733,
2.70375,0.0000206555,
2.704,0.0121063013,
2.70425,0.0045723813,
2.7045,-0.0032547219,
2.70475,0.0024201339,
2.705,-0.0006924557,
2.70525,-0.0055321669,
2.7055,0.0007266254,
2.70575,0.0013451580,
2.706,0.0044616051,
2.70625,0.0042938692,
2.7065,0.0042782724,
2.70675,0.0038966166,
2.707,-0.0008212924,
2.70725,-0.0014537509,
2.7075,-0.0024238625,
2.70775,-0.0013736458,
2.708,0.0047425320,
2.70825,0.0012307301,
2.7085,0.0043041231,
2.70875,0.0011632614,
2.709,-0.0030048895,
2.70925,-0.0069578411,
2.7095,-0.0064044325,
2.70975,-0.0071784370,
2.71,-0.0056430874,
2.71025,-0.0041688043,
2.7105,-0.0054795551,
2.71075,-0.0084870579,
2.711,-0.0077797710,
2.71125,-0.0081183650,
2.7115,-0.0125946198,
2.71175,-0.0081330547,
2.712,0.0010937691,
2.71225,0.0028919589,
2.7125,-0.0013580762,
2.71275,0.0039597452,
2.713,0.0031928089,
2.71325,-0.0035988968,
2.7135,-0.0045761247,
2.71375,0.0018715798,
2.714,0.0096970685,
2.71425,0.0043841437,
2.7145,0.0076925140,
2.71475,0.0169163682,
2.715,0.0061389576,
2.71525,-0.0044832216,
2.7155,0.0067207823,
2.71575,0.0042568515,
2.716,-0.0045479117,
2.71625,0.0082472796,
2.7165,0.0132342661,
2.71675,0.0084655741,
2.717,0.0089094145,
2.71725,0.0073417397,
2.7175,0.0012228950,
2.71775,0.0062892837,
2.718,0.0021133651,
2.71825,0.0020970423,
2.7185,0.0099748559,
2.71875,-0.0055264179,
2.719,-0.0093065742,
2.71925,0.0054006092,
2.7195,-0.0052510202,
2.71975,-0.0032966910,
2.72,-0.0018403467,
2.72025,-0.0128459353,
2.7205,-0.0073219482,
2.72075,-0.0007841084,
2.721,0.0067473147,
2.72125,-0.0021647292,
2.7215,-0.0098986123,
2.72175,-0.0057088216,
2.722,-0.0030756993,
2.72225,0.0039886232,
2.7225,0.0026191385,
2.72275,0.0106858667,
2.723,0.0153910629,
2.72325,0.0072585004,
2.7235,0.0010424558,
2.72375,0.0053014983,
2.724,0.0031744291,
2.72425,-0.0089946706,
2.7245,-0.0034100520,
2.72475,0.0067915078,
2.725,-0.0020866226,
2.72525,0.0027626106,
2.7255,0.0065864371,
2.72575,-0.0020403224,
2.726,-0.0062292279,
2.72625,-0.0022960750,
2.7265,-0.0047835545,
2.72675,-0.0079763662,
2.727,-0.0043262336,
2.72725,-0.0098774675,
2.7275,-0.0057441811,
2.72775,-0.0088203717,
2.728,-0.0115884505,
2.72825,-0.0036026854,
2.7285,-0.0030354760,
2.72875,-0.0026817576,
2.729,0.0024051210,
2.72925,-0.0035542836,
2.7295,-0.0052693165,
2.72975,-0.0058902656,
2.73,-0.0134980772,
2.73025,-0.0077449232,
2.7305,0.0015862077,
2.73075,0.0015738762,
2.731,0.0034317132,
2.73125,0.0131995678,
2.7315,0.0087424172,
2.73175,-0.0011782083,
2.732,0.0004111795,
2.73225,0.0045055109,
2.7325,-0.0029586533,
2.73275,-0.0059248982,
2.733,0.0086578159,
2.73325,0.0128618116,
2.7335,-0.0028885019,
2.73375,0.0008445651,
2.734,0.0140268449,
2.73425,-0.0064667165,
2.7345,-0.0084273890,
2.73475,0.0068702647,
2.735,-0.0009316864,
2.73525,-0.0087182373,
2.7355,-0.0054421863,
2.73575,-0.0051137614,
2.736,-0.0041885693,
2.73625,-0.0118785482,
2.7365,-0.0012151438,
2.73675,0.0060587246,
2.737,0.0018430320,
2.73725,0.0000184139,
2.7375,0.0120563302,
2.73775,0.0081580877,
2.738,-0.0055146199,
2.73825,-0.0002082027,
2.7385,-0.0000904128,
2.73875,-0.0070367330,
2.739,0.0061247051,
2.73925,0.0052516116,
2.7395,0.0063920887,
2.73975,0.0108358115,
2.74,0.0067648985,
2.74025,-0.0022235238,
2.7405,0.0020033312,
2.74075,0.0038853753,
2.741,-0.0077208327,
2.74125,-0.0037657770,
2.7415,0.0009729764,
2.74175,0.0051983749,
2.742,0.0003835876,
2.74225,-0.0009766135,
2.7425,0.0001441328,
2.74275,-0.0077179130,
2.743,-0.0063006249,
2.74325,-0.0018534050,
2.7435,-0.0041873730,
2.74375,-0.0049925065,
2.744,-0.0065667564,
2.74425,-0.0078994930,
2.7445,-0.0082719894,
2.74475,-0.0042501073,
2.745,-0.0049788393,
2.74525,-0.0038699363,
2.7455,0.0025466480,
2.74575,0.0044148294,
2.746,0.0027150186,
2.74625,-0.0027472167,
2.7465,0.0005327549,
2.74675,0.0028612360,
2.747,-0.0056239585,
2.74725,0.0029146895,
2.7475,0.0178566221,
2.74775,0.0030350438,
2.748,-0.0015076213,
2.74825,0.0116413850,
2.7485,0.0065564644,
2.74875,-0.0081065344,
2.749,0.0023485317,
2.74925,0.0095911240,
2.7495,0.0028619755,
2.74975,0.0002505037,
2.75,0.0130410027,
2.75025,0.0123907300,
2.7505,0.0028713895,
2.75075,0.0019877111,
2.751,0.0102577880,
2.75125,0.0044176318,
2.7515,0.0018473529,
2.75175,0.0056259343,
2.752,0.0108636729,
2.75225,0.0000197531,
2.7525,-0.0063551641,
2.75275,-0.0043575540,
2.753,-0.0012187901,
2.75325,-0.0132943057,
2.7535,-0.0081690922,
2.75375,0.0002681494,
2.754,0.0043545906,
2.75425,-0.0000836118,
2.7545,0.0024517567,
2.75475,-0.0020081839,
2.755,-0.0046903822,
2.75525,0.0019387545,
2.7555,0.0008869339,
2.75575,0.0147128515,
2.756,0.0111702960,
2.75625,0.0076875086,
2.7565,0.0104778819,
2.75675,0.0084043685,
2.757,-0.0052219722,
2.75725,-0.0016220622,
2.7575,0.0022598442,
2.75775,0.0008105310,
2.758,-0.0028341180,
2.75825,0.0048493915,
2.7585,0.0004694339,
2.75875,-0.0084013417,
2.759,-0.0076632174,
2.75925,-0.0048603979,
2.7595,-0.0086476477,
2.75975,-0.0052365232,
2.76,-0.0053871544,
2.76025,0.0012538543,
2.7605,-0.0040952642,
2.76075,-0.0105063356,
2.761,-0.0078854663,
2.76125,-0.0119762495,
2.7615,-0.0125110103,
2.76175,-0.0036687315,
2.762,0.0035231411,
2.76225,0.0019919439,
2.7625,0.0003226717,
2.76275,0.0023803057,
2.763,-0.0066483570,
2.76325,-0.0042367079,
2.7635,-0.0044212728,
2.76375,-0.0052528000,
2.764,0.0054638204,
2.76425,0.0079264734,
2.7645,0.0104638888,
2.76475,0.0077288002,
2.765,0.0075110542,
2.76525,-0.0003308093,
2.7655,-0.0061550271,
2.76575,0.0009028797,
2.766,0.0016831632,
2.76625,0.0009878265,
2.7665,0.0057317354,
2.76675,0.0088999318,
2.767,0.0014985144,
2.76725,-0.0044724527,
2.7675,0.0079648467,
2.76775,0.0028726901,
2.768,-0.0088424599,
2.76825,-0.0033260484,
2.7685,0.0013160206,
2.76875,-0.0026834277,
2.769,-0.0090723541,
2.76925,-0.0074927327,
2.7695,-0.0024423713,
2.76975,-0.0058474350,
2.77,-0.0035624600,
2.77025,0.0091074584,
2.7705,0.0097345384,
2.77075,0.0024353033,
2.771,-0.0009288744,
2.77125,0.0059572053,
2.7715,-0.0066696471,
2.77175,-0.0090185469,
2.772,0.0025766976,
2.77225,0.0031306271,
2.7725,0.0036197747,
2.77275,0.0089389365,
2.773,0.0060064876,
2.77325,0.0032387823,
2.7735,-0.0012361987,
2.77375,-0.0032194164,
2.774,-0.0078168362,
2.77425,-0.0050194263,
2.7745,-0.0053475541,
2.77475,0.0000695432,
2.775,0.0040646405,
2.77525,-0.0005139918,
2.7755,-0.0003404493,
2.77575,0.0002130895,
2.776,-0.0023952513,
2.77625,-0.0027893493,
2.7765,0.0012358665,
2.77675,-0.0043144827,
2.777,-0.0068560792,
2.77725,-0.0044299951,
2.7775,-0.0086756088,
2.77775,-0.0140580637,
2.778,-0.0141063165,
2.77825,-0.0050935638,
2.7785,-0.0003775154,
2.77875,-0.0040119425,
2.779,0.0049678069,
2.77925,0.0037020985,
2.7795,-0.0024439569,
2.77975,-0.0063715614,
2.78,-0.0004059836,
2.78025,0.0028602169,
2.7805,0.0010712369,
2.78075,-0.0003174750,
2.781,0.0105801485,
2.78125,0.0108694285,
2.7815,-0.0057017733,
2.78175,0.0026209629,
2.782,0.0072061978,
2.78225,-0.0093919756,
2.7825,-0.0079859523,
2.78275,0.0076145814,
2.783,0.0092372401,
2.78325,-0.0013745206,
2.7835,0.0017145500,
2.78375,0.0058134040,
2.784,0.0008502140,
2.78425,-0.0026669730,
2.7845,0.0040466697,
2.78475,0.0121822385,
2.785,0.0047551179,
2.78525,-0.0015758274,
2.7855,0.0061321654,
2.78575,0.0014594789,
2.786,-0.0059389435,
2.78625,-0.0075507946,
2.7865,0.0013784857,
2.78675,-0.0028017638,
2.787,0.0009032117,
2.78725,0.0040281648,
2.7875,0.0080492394,
2.78775,0.0045707701,
2.788,-0.0053295102,
2.78825,-0.0003576075,
2.7885,0.0045640087,
2.78875,0.0018765038,
2.789,0.0074337847,
2.78925,0.0132366139,
2.7895,0.0146746505,
2.78975,0.0057808151,
2.79,-0.0029532476,
2.79025,0.0034741182,
2.7905,0.0003080802,
2.79075,-0.0066569084,
2.791,0.0030916329,
2.79125,0.0057860692,
2.7915,-0.0014674556,
2.79175,0.0004998163,
2.792,0.0020246967,
2.79225,-0.0077198581,
2.7925,-0.0078990096,
2.79275,-0.0044617113,
2.793,-0.0042965678,
2.79325,-0.0067480132,
2.7935,-0.0018355780,
2.79375,-0.0057713217,
2.794,-0.0062645231,
2.79425,-0.0052099703,
2.7945,-0.0085153654,
2.79475,-0.0095339585,
2.795,-0.0016032970,
2.79525,0.0014998694,
2.7955,0.0019508111,
2.79575,0.0016258236,
2.796,-0.0050637214,
2.79625,-0.0050204890,
2.7965,-0.0109267319,
2.79675,-0.0121541144,
2.797,-0.0050133602,
2.79725,-0.0028135357,
2.7975,-0.0065282136,
2.79775,-0.0012848811,
2.798,-0.0004782690,
2.79825,-0.0105213262,
2.7985,-0.0115756355,
2.79875,-0.0015651442,
2.799,-0.0095329490,
2.79925,-0.0077709556,
2.7995,0.0033777815,
2.79975,0.0073418580,
2.8,0.0004461326,
2.80025,0.0064695366,
2.8005,0.0098361960,
2.80075,-0.0011159773,
2.801,-0.0001406883,
2.80125,0.0052877660,
2.8015,0.0027817695,
2.80175,-0.0019694862,
2.802,0.0020828785,
2.80225,0.0054308716,
2.8025,-0.0012000987,
2.80275,-0.0075940778,
2.803,0.0008114593,
2.80325,0.0024421501,
2.8035,-0.0041697896,
2.80375,0.0031763313,
2.804,0.0114278868,
2.80425,0.0029558516,
2.8045,-0.0030628229,
2.80475,0.0005979109,
2.805,0.0027839141,
2.80525,-0.0068105389,
2.8055,0.0033427344,
2.80575,0.0105356527,
2.806,0.0047713802,
2.80625,0.0078061312,
2.8065,0.0076252636,
2.80675,0.0005382291,
2.807,-0.0038220466,
2.80725,-0.0004339490,
2.8075,-0.0074521927,
2.80775,-0.0076817889,
2.808,0.0016121571,
2.80825,0.0012870481,
2.8085,0.0015780766,
2.80875,0.0032140659,
2.809,0.0041299835,
2.80925,-0.0012864284,
2.8095,-0.0001936366,
2.80975,0.0025820313,
2.81,0.0007987080,
2.81025,0.0010144002,
2.8105,-0.0031634248,
2.81075,0.0009471876,
2.811,-0.0031929077,
2.81125,-0.0097921621,
2.8115,-0.0047164215,
2.81175,-0.0019000849,
2.812,-0.0031234729,
2.81225,-0.0002669252,
2.8125,-0.0027225411,
2.81275,-0.0019852004,
2.813,-0.0032167567,
2.81325,-0.0062131272,
2.8135,-0.0072808866,
2.81375,-0.0010927035,
2.814,0.0066516530,
2.81425,0.0016224129,
2.8145,0.0043466832,
2.81475,0.0124056218,
2.815,0.0052125063,
2.81525,-0.0047218576,
2.8155,0.0060405075,
2.81575,0.0090058316,
2.816,-0.0030462516,
2.81625,0.0000874157,
2.8165,0.0158953257,
2.81675,0.0099364221,
2.817,0.0014407260,
2.81725,0.0095203929,
2.8175,0.0110432710,
2.81775,0.0012150146,
2.818,-0.0033875622,
2.81825,0.0050342344,
2.8185,0.0079538003,
2.81875,-0.0028269493,
2.819,-0.0039323089,
2.81925,0.0072058728,
2.8195,0.0006088060,
2.81975,-0.0095539773,
2.82,0.0023760714,
2.82025,0.0096586039,
2.8205,0.0050713774,
2.82075,0.0056178942,
2.821,0.0087208152,
2.82125,0.0071428800,
2.8215,-0.0025908258,
2.82175,-0.0026812875,
2.822,0.0016801897,
2.82225,0.0060184430,
2.8225,0.0064420672,
2.82275,0.0073575480,
2.823,0.0155962687,
2.82325,0.0087645892,
2.8235,-0.0041487105,
2.82375,-0.0000244149,
2.824,0.0057638362,
2.82425,-0.0009803550,
2.8245,-0.0078572053,
2.82475,0.0066802800,
2.825,0.0067943614,
2.82525,-0.0016890484,
2.8255,0.0013376127,
2.82575,0.0028978130,
2.826,-0.0040636589,
2.82625,-0.0042256815,
2.8265,0.0002652448,
2.82675,0.0028236674,
2.827,-0.0013528402,
2.82725,-0.0055402666,
2.8275,-0.0053460374,
2.82775,-0.0001953767,
2.828,-0.0088751586,
2.82825,-0.0033666694,
2.8285,0.0005821800,
2.82875,0.0005280822,
2.829,-0.0005801462,
2.82925,0.0048264181,
2.8295,-0.0012659328,
2.82975,-0.0050433045,
2.83,-0.0080833696,
2.83025,-0.0097230161,
2.8305,-0.0047334149,
2.83075,0.0013882060,
2.831,0.0026338701,
2.83125,0.0015269156,
2.8315,0.0023092164,
2.83175,-0.0008746759,
2.832,-0.0077913352,
2.83225,-0.0041613905,
2.8325,-0.0006028009,
2.83275,-0.0056827674,
2.833,0.0004450334,
2.83325,0.0059129614,
2.8335,0.0030747859,
2.83375,-0.0013750754,
2.834,0.0063753868,
2.83425,-0.0019169210,
2.8345,-0.0038296613,
2.83475,0.0027241255,
2.835,0.0040109651,
2.83525,0.0004182840,
2.8355,-0.0005526111,
2.83575,-0.0018417425,
2.836,-0.0005284948,
2.83625,-0.0059784101,
2.8365,-0.0038320092,
2.83675,0.0036916290,
2.837,0.0010413819,
2.83725,-0.0025385106,
2.8375,0.0032165898,
2.83775,0.0045126681,
2.838,-0.0048074862,
2.83825,-0.0037758483,
2.8385,0.0023925009,
2.83875,0.0002146695,
2.839,0.0030120648,
2.83925,0.0131333014,
2.8395,0.0107958205,
2.83975,0.0043422040,
2.84,0.0011775895,
2.84025,0.0016197891,
2.8405,-0.0036201854,
2.84075,-0.0008292084,
2.841,0.0030499585,
2.84125,0.0061352020,
2.8415,0.0040366021,
2.84175,0.0065009343,
2.842,0.0047979429,
2.84225,0.0017265707,
2.8425,0.0014973725,
2.84275,-0.0021695618,
2.843,-0.0015304699,
2.84325,0.0012630882,
2.8435,-0.0061546564,
2.84375,0.0005796094,
2.844,-0.0040421453,
2.84425,-0.0084734960,
2.8445,-0.0059160320,
2.84475,-0.0052653579,
2.845,-0.0052171573,
2.84525,-0.0030460269,
2.8455,0.0039592483,
2.84575,-0.0001781788,
2.846,-0.0042263102,
2.84625,-0.0048280968,
2.8465,-0.0067458558,
2.84675,-0.0037486700,
2.847,-0.0075648399,
2.84725,0.0001589553,
2.8475,0.0097544603,
2.84775,0.0017672847,
2.848,-0.0042424104,
2.84825,0.0027906897,
2.8485,0.0036050307,
2.84875,-0.0135045955,
2.849,-0.0048284023,
2.84925,0.0105746835,
2.8495,0.0022067325,
2.84975,-0.0010085762,
2.85,0.0118030934,
2.85025,0.0130509362,
2.8505,-0.0018948836,
2.85075,0.0006647402,
2.851,0.0090213250,
2.85125,0.0059976429,
2.8515,-0.0022746236,
2.85175,0.0000236820,
2.852,0.0067636445,
2.85225,-0.0001318022,
2.8525,-0.0103003997,
2.85275,-0.0008662776,
2.853,0.0029514781,
2.85325,-0.0046758601,
2.8535,-0.0000667384,
2.85375,0.0111646401,
2.854,0.0039261417,
2.85425,0.0000598345,
2.8545,-0.0003218873,
2.85475,-0.0005175524,
2.855,0.0019961179,
2.85525,-0.0022356799,
2.8555,0.0056440593,
2.85575,0.0145645831,
2.856,0.0138899479,
2.85625,0.0119136637,
2.8565,0.0119823348,
2.85675,0.0114321290,
2.857,0.0024594832,
2.85725,-0.0023576063,
2.8575,0.0038512936,
2.85775,0.0073440284,
2.858,0.0020395138,
2.85825,0.0014966100,
2.8585,0.0027166586,
2.85875,-0.0042333910,
2.859,-0.0094930660,
2.85925,-0.0008154575,
2.8595,-0.0012482284,
2.85975,-0.0025906926,
2.86,0.0004908993,
2.86025,-0.0020576948,
2.8605,0.0001221598,
2.86075,-0.0033433025,
2.861,-0.0102766342,
2.86125,-0.0053424332,
2.8615,-0.0050876308,
2.86175,-0.0065049580,
2.862,0.0014471405,
2.86225,0.0035150521,
2.8625,-0.0006606166,
2.86275,-0.0035232401,
2.863,-0.0080589345,
2.86325,-0.0123154651,
2.8635,-0.0087123727,
2.86375,-0.0104054259,
2.864,-0.0053842780,
2.86425,0.0040682089,
2.8645,0.0017104786,
2.86475,-0.0022734553,
2.865,0.0026810749,
2.86525,-0.0013644036,
2.8655,-0.0057678334,
2.86575,-0.0048104171,
2.866,-0.0005593640,
2.86625,0.0004571554,
2.8665,-0.0020413017,
2.86675,0.0053744921,
2.867,0.0072735129,
2.86725,-0.0069101360,
2.8675,-0.0001493600,
2.86775,0.0041977763,
2.868,-0.0059293788,
2.86825,-0.0034142917,
2.8685,0.0042784456,
2.86875,-0.0031619268,
2.869,-0.0105655892,
2.86925,-0.0050852685,
2.8695,-0.0033849759,
2.86975,-0.0083934506,
2.87,-0.0079042008,
2.87025,-0.0004562890,
2.8705,0.0062258476,
2.87075,-0.0060601528,
2.871,-0.0015842002,
2.87125,0.0059689386,
2.8715,-0.0059067784,
2.87175,-0.0085221240,
2.872,0.0020689017,
2.87225,0.0022635881,
2.8725,-0.0055953157,
2.87275,0.0105426647,
2.873,0.0114947781,
2.87325,0.0022539289,
2.8735,0.0034643719,
2.87375,0.0024313934,
2.874,-0.0042567258,
2.87425,-0.0076426077,
2.8745,0.0004581026,
2.87475,0.0038554980,
2.875,0.0041207280,
2.87525,0.0062210942,
2.8755,0.0053184903,
2.87575,-0.0024901852,
2.876,-0.0006058712,
2.87625,-0.0010782086,
2.8765,-0.0017461268,
2.87675,-0.0015927136,
2.877,0.0006616694,
2.87725,-0.0020756924,
2.8775,-0.0055509573,
2.87775,-0.0051365444,
2.878,-0.0059883767,
2.87825,-0.0064952606,
2.8785,-0.0056919344,
2.87875,-0.0029732368,
2.879,0.0008870807,
2.87925,0.0019078373,
2.8795,0.0001155237,
2.87975,-0.0021155006,
2.88,-0.0029924538,
2.88025,-0.0044919490,
2.8805,-0.0002806098,
2.88075,-0.0008793771,
2.881,0.0068112276,
2.88125,0.0116216913,
2.8815,0.0023484884,
2.88175,0.0027486109,
2.882,0.0123374108,
2.88225,-0.0013541215,
2.8825,-0.0078047807,
2.88275,0.0066341888,
2.883,0.0099132126,
2.88325,-0.0041490351,
2.8835,0.0030107123,
2.88375,0.0110161724,
2.884,0.0003138228,
2.88425,-0.0070941951,
2.8845,0.0048529352,
2.88475,0.0104804672,
2.885,-0.0009674600,
2.88525,-0.0002387722,
2.8855,0.0101357969,
2.88575,0.0055677323,
2.886,-0.0075848266,
2.88625,-0.0028845724,
2.8865,0.0044570589,
2.88675,-0.0032018246,
2.887,-0.0058546406,
2.88725,0.0086810403,
2.8875,0.0081724245,
2.88775,0.0025993851,
2.888,-0.0033036575,
2.88825,0.0036994829,
2.8885,-0.0016497399,
2.88875,-0.0041680997,
2.889,0.0064768121,
2.88925,0.0111050457,
2.8895,0.0075453748,
2.88975,0.0058560125,
2.89,0.0016487326,
2.89025,0.0009651828,
2.8905,-0.0012245737,
2.89075,-0.0079639126,
2.891,-0.0013802506,
2.89125,0.0030927479,
2.8915,0.0013927737,
2.89175,-0.0016284302,
2.892,0.0087090293,
2.89225,0.0032756620,
2.8925,-0.0031491395,
2.89275,-0.0015038452,
2.893,-0.0014460792,
2.89325,-0.0031439019,
2.8935,-0.0032074901,
2.89375,-0.0028597047,
2.894,-0.0044260584,
2.89425,-0.0048589017,
2.8945,-0.0118842078,
2.89475,-0.0087885903,
2.895,-0.0003080924,
2.89525,-0.0037018214,
2.8955,-0.0039921124,
2.89575,0.0017045771,
2.896,-0.0019363621,
2.89625,-0.0085788025,
2.8965,-0.0079756035,
2.89675,-0.0091486657,
2.897,-0.0071246508,
2.89725,-0.0016987715,
2.8975,-0.0042142025,
2.89775,0.0045139519,
2.898,0.0079108579,
2.89825,-0.0005895904,
2.8985,-0.0004501146,
2.89875,0.0013791060,
2.899,-0.0040454152,
2.89925,-0.0052800747,
2.8995,0.0052766991,
2.89975,0.0061747343,
2.9,0.0006188570,
2.90025,0.0052224821,
2.9005,0.0100377901,
2.90075,-0.0015682349,
2.901,0.0011441486,
2.90125,0.0050089657,
2.9015,0.0001187081,
2.90175,-0.0052531012,
2.902,-0.0004124071,
2.90225,-0.0015115249,
2.9025,-0.0072158864,
2.90275,-0.0078403782,
2.903,-0.0009522744,
2.90325,-0.0018381691,
2.9035,-0.0031648625,
2.90375,0.0005390522,
2.904,0.0064999666,
2.90425,-0.0036631632,
2.9045,-0.0019850475,
2.90475,-0.0024811723,
2.905,-0.0012449734,
2.90525,-0.0100364946,
2.9055,0.0001834372,
2.90575,0.0093647353,
2.906,0.0035449283,
2.90625,0.0071829250,
2.9065,0.0133657809,
2.90675,0.0008627056,
2.907,-0.0039045461,
2.90725,-0.0001620830,
2.9075,-0.0009018015,
2.90775,-0.0051218034,
2.908,0.0043708500,
2.90825,0.0061859740,
2.9085,0.0065878783,
2.90875,0.0027306380,
2.909,0.0048264167,
2.90925,-0.0000211331,
2.9095,0.0008976422,
2.90975,-0.0037517364,
2.91,-0.0028866085,
2.91025,0.0001962776,
2.9105,-0.0054551843,
2.91075,-0.0053970898,
2.911,-0.0046042730,
2.91125,-0.0080037285,
2.9115,-0.0098003279,
2.91175,-0.0077973427,
2.912,-0.0031616029,
2.91225,-0.0028093862,
2.9125,-0.0047719381,
2.91275,0.0028338025,
2.913,-0.0054338947,
2.91325,-0.0085258260,
2.9135,-0.0077225128,
2.91375,0.0002670081,
2.914,0.0032539924,
2.91425,0.0019498984,
2.9145,0.0050100815,
2.91475,0.0155110247,
2.915,0.0030431296,
2.91525,-0.0054656155,
2.9155,0.0060912757,
2.91575,0.0057148212,
2.916,-0.0100968294,
2.91625,0.0046468331,
2.9165,0.0149051715,
2.91675,0.0022712469,
2.917,-0.0022200993,
2.91725,0.0081978543,
2.9175,0.0024466300,
2.91775,-0.0061184424,
2.918,-0.0013045873,
2.91825,0.0120925428,
2.9185,0.0036349704,
2.91875,-0.0053363312,
2.919,0.0041623469,
2.91925,0.0074567962,
2.9195,-0.0094368011,
2.91975,-0.0068010474,
2.92,0.0062977690,
2.92025,0.0017030550,
2.9205,-0.0011200622,
2.92075,0.0049713766,
2.921,0.0097624902,
2.92125,0.0014688661,
2.9215,-0.0035589952,
2.92175,0.0005881659,
2.922,0.0040185447,
2.92225,0.0006490339,
2.9225,0.0092165070,
2.92275,0.0127949901,
2.923,0.0127747785,
2.92325,0.0080593517,
2.9235,0.0043739290,
2.92375,-0.0010651608,
2.924,0.0052321106,
2.92425,-0.0015842543,
2.9245,-0.0014656229,
2.92475,0.0017149886,
2.925,0.0034340543,
2.92525,-0.0084829750,
2.9255,0.0022286281,
2.92575,0.0041458905,
2.926,-0.0092975851,
2.92625,-0.0016681759,
2.9265,0.0033785920,
2.92675,-0.0003949906,
2.927,-0.0002211585,
2.92725,-0.0047887824,
2.9275,-0.0038208547,
2.92775,0.0012022731,
2.928,-0.0064119133,
2.92825,-0.0040995008,
2.9285,0.0028560951,
2.92875,-0.0036612442,
2.929,-0.0029367707,
2.92925,0.0047607939,
2.9295,-0.0035201886,
2.92975,-0.0076263417,
2.93,-0.0069709537,
2.93025,-0.0094883600,
2.9305,-0.0117221493,
2.93075,0.0020375261,
2.931,0.0028140286,
2.93125,0.0012763417,
2.9315,0.0034148614,
2.93175,0.0038610599,
2.932,-0.0076612090,
2.93225,-0.0030137182,
2.9325,-0.0026201725,
2.93275,-0.0020648530,
2.933,-0.0022633902,
2.93325,0.0036810965,
2.9335,0.0063936557,
2.93375,0.0058719339,
2.934,0.0052114106,
2.93425,0.0004809945,
2.9345,-0.0007212830,
2.93475,0.0010746724,
2.935,-0.0027556457,
2.93525,0.0017421601,
2.9355,0.0000475788,
2.93575,-0.0017504683,
2.936,-0.0007964660,
2.93625,-0.0042805029,
2.9365,-0.0039885794,
2.93675,0.0003053238,
2.937,-0.0034057407,
2.93725,-0.0012298180,
2.9375,0.0019137526,
2.93775,-0.0020889998,
2.938,-0.0107785212,
2.93825,-0.0036467700,
2.9385,-0.0020467199,
2.93875,-0.0075228349,
2.939,0.0001876532,
2.93925,0.0135584846,
2.9395,0.0107809911,
2.93975,0.0039312663,
2.94,0.0079443250,
2.94025,0.0070498483,
2.9405,-0.0070062866,
2.94075,-0.0014796439,
2.941,0.0039600320,
2.94125,0.0001091064,
2.9415,-0.0011203998,
2.94175,0.0073232804,
2.942,0.0018964009,
2.94225,-0.0030803843,
2.9425,0.0010469458,
2.94275,-0.0024563372,
2.943,-0.0033848642,
2.94325,-0.0021488494,
2.9435,-0.0037829939,
2.94375,0.0002220847,
2.944,-0.0060507474,
2.94425,-0.0102052884,
2.9445,-0.0061051631,
2.94475,-0.0083988393,
2.945,-0.0083339419,
2.94525,-0.0048030186,
2.9455,-0.0012288148,
2.94575,-0.0020714623,
2.946,-0.0035067413,
2.94625,-0.0024586669,
2.9465,-0.0060971640,
2.94675,-0.0081680398,
2.947,-0.0062199938,
2.94725,-0.0039593452,
2.9475,0.0086352797,
2.94775,0.0073607545,
2.948,0.0057563540,
2.94825,0.0105131743,
2.9485,0.0091887861,
2.94875,-0.0055273534,
2.949,-0.0003971379,
2.94925,0.0057406323,
2.9495,-0.0003848085,
2.94975,-0.0010654258,
2.95,0.0106168203,
2.95025,0.0098752081,
2.9505,-0.0005208523,
2.95075,-0.0008275992,
2.951,0.0074907062,
2.95125,0.0021291506,
2.9515,-0.0022076599,
2.95175,0.0052406304,
2.952,0.0122665884,
2.95225,0.0037274258,
2.9525,-0.0041627716,
2.95275,0.0032489784,
2.953,0.0022220982,
2.95325,-0.0072090928,
2.9535,0.0032086014,
2.95375,0.0125702433,
2.954,0.0052996399,
2.95425,0.0013003190,
2.9545,0.0011094040,
2.95475,-0.0011116593,
2.955,-0.0060590315,
2.95525,-0.0078592096,
2.9555,-0.0009353584,
2.95575,0.0059760436,
2.956,0.0017382826,
2.95625,0.0066557070,
2.9565,0.0070580626,
2.95675,0.0048764301,
2.957,-0.0013979953,
2.95725,-0.0018104665,
2.9575,0.0040544751,
2.95775,0.0013295828,
2.958,-0.0024993254,
2.95825,0.0018411495,
2.9585,0.0048438720,
2.95875,-0.0018146915,
2.959,-0.0111499233,
2.95925,0.0024347457,
2.9595,-0.0041209315,
2.95975,-0.0070660459,
2.96,-0.0004537894,
2.96025,-0.0011054262,
2.9605,-0.0013177269,
2.96075,-0.0042214878,
2.961,-0.0092366561,
2.96125,-0.0079963766,
2.9615,-0.0081167240,
2.96175,-0.0055849729,
2.962,-0.0014481357,
2.96225,0.0019841150,
2.9625,-0.0043356800,
2.96275,-0.0080356486,
2.963,-0.0058217533,
2.96325,-0.0096196579,
2.9635,-0.0040905578,
2.96375,-0.0014777670,
2.964,-0.0024658770,
2.96425,0.0048875455,
2.9645,0.0060613365,
2.96475,0.0001985620,
2.965,-0.0030696997,
2.96525,-0.0035048304,
2.9655,-0.0071977410,
2.96575,-0.0064529763,
2.966,-0.0018555652,
2.96625,0.0029278782,
2.9665,0.0016401911,
2.96675,-0.0005225862,
2.967,-0.0019082677,
2.96725,-0.0015435660,
2.9675,-0.0002153846,
2.96775,0.0010325037,
2.968,-0.0015753303,
2.96825,0.0047536166,
2.9685,0.0041090888,
2.96875,-0.0044098306,
2.969,-0.0020518035,
2.96925,-0.0003065612,
2.9695,-0.0052359602,
2.96975,-0.0032872462,
2.97,-0.0004116109,
2.97025,0.0026075453,
2.9705,0.0024842597,
2.97075,0.0003595670,
2.971,0.0006969646,
2.97125,0.0017634691,
2.9715,-0.0093182726,
2.97175,-0.0061989455,
2.972,0.0032829146,
2.97225,0.0008398116,
2.9725,0.0009837998,
2.97275,0.0088870535,
2.973,0.0108292140,
2.97325,-0.0013921775,
2.9735,-0.0001720060,
2.97375,0.0032220823,
2.974,0.0002604688,
2.97425,-0.0034958422,
2.9745,0.0045937491,
2.97475,0.0106468350,
2.975,0.0002829527,
2.97525,0.0008041176,
2.9755,0.0048229359,
2.97575,-0.0011806053,
2.976,-0.0047775060,
2.97625,-0.0022952661,
2.9765,0.0008359661,
2.97675,-0.0001219670,
2.977,-0.0037621881,
2.97725,-0.0070549413,
2.9775,-0.0024501837,
2.97775,-0.0065273750,
2.978,-0.0105671976,
2.97825,-0.0003835246,
2.9785,0.0003886335,
2.97875,-0.0020465320,
2.979,0.0036798299,
2.97925,0.0020149122,
2.9795,-0.0053801583,
2.97975,-0.0062138010,
2.98,-0.0068524648,
2.98025,-0.0048704813,
2.9805,0.0015035394,
2.98075,0.0009707623,
2.981,0.0046205558,
2.98125,0.0102506056,
2.9815,-0.0018520489,
2.98175,-0.0038055910,
2.982,0.0028228010,
2.98225,-0.0063346820,
2.9825,-0.0094088800,
2.98275,0.0019495843,
2.983,0.0049206065,
2.98325,-0.0031797546,
2.9835,-0.0008593860,
2.98375,0.0053179888,
2.984,-0.0006360503,
2.98425,-0.0081213834,
2.9845,0.0022941458,
2.98475,0.0097861327,
2.985,-0.0011179450,
2.98525,0.0010866487,
2.9855,0.0083679995,
2.98575,0.0064212247,
2.986,-0.0063262768,
2.98625,-0.0002103917,
2.9865,0.0089989845,
2.98675,0.0068554883,
2.987,0.0015710681,
2.98725,0.0132495249,
2.9875,0.0158453714,
2.98775,0.0034604080,
2.988,0.0008896011,
2.98825,0.0052288272,
2.9885,0.0002732434,
2.98875,-0.0041143331,
2.989,0.0056438292,
2.98925,0.0077639977,
2.9895,0.0081490716,
2.98975,0.0080506904,
2.99,0.0044669998,
2.99025,0.0033251368,
2.9905,0.0017041741,
2.99075,-0.0037016599,
2.991,-0.0005240100,
2.99125,0.0046821120,
2.9915,0.0049413331,
2.99175,0.0006084636,
2.992,0.0031703876,
2.99225,0.0035206534,
2.9925,-0.0037408345,
2.99275,-0.0029071020,
2.993,0.0022613003,
2.99325,-0.0023346024,
2.9935,-0.0028825430,
2.99375,-0.0037625139,
2.994,-0.0023820065,
2.99425,-0.0051673241,
2.9945,-0.0066194381,
2.99475,-0.0067181746,
2.995,-0.0028018574,
2.99525,-0.0032153155,
2.9955,-0.0047595063,
2.99575,0.0059537087,
2.996,0.0023113012,
2.99625,-0.0063355854,
2.9965,-0.0136240795,
2.99675,-0.0101158433,
2.997,-0.0114211580,
2.99725,-0.0018144201,
2.9975,0.0015018790,
2.99775,-0.0004381956,
2.998,0.0044569629,
2.99825,0.0043752044,
2.9985,-0.0057993508,
2.99875,-0.0059934091,
2.999,-0.0031006555,
2.99925,-0.0068629910,
2.9995,-0.0079274187,
2.99975,0.0003381053,