Date,2020-11-25 14:34:09
Filename,STFMK-20201105-LW17-8125_20201125_143409_004.dat
Data Label,정상
Label_No,00
Motor Spec,L-EF-04, 1760,2.2, 4.7,
Period,3SEC
Sample Rate,4000
RMS,0.005506,
Data Length,12000,
0,0.0037053425,
0.00025,0.0134107340,
0.0005,0.0031195488,
0.00075,-0.0012917175,
0.001,0.0026903679,
0.00125,0.0146254450,
0.0015,0.0066925874,
0.00175,-0.0071661319,
0.002,0.0031145029,
0.00225,0.0122074150,
0.0025,0.0025336733,
0.00275,0.0039584301,
0.003,0.0037498472,
0.00325,0.0076222974,
0.0035,0.0085781105,
0.00375,-0.0033621285,
0.004,0.0030490083,
0.00425,0.0115059055,
0.0045,0.0008471772,
0.00475,0.0013572350,
0.005,-0.0010304551,
0.00525,0.0008323985,
0.0055,0.0066140625,
0.00575,0.0054667979,
0.006,0.0005708889,
0.00625,0.0008305019,
0.0065,0.0022128755,
0.00675,0.0012170521,
0.007,-0.0000551704,
0.00725,-0.0028668691,
0.0075,0.0056350692,
0.00775,0.0051564844,
0.008,-0.0017432960,
0.00825,-0.0063531213,
0.0085,0.0028257838,
0.00875,0.0060781506,
0.009,-0.0035175984,
0.00925,-0.0052183811,
0.0095,0.0012056916,
0.00975,0.0067997519,
0.01,-0.0068420786,
0.01025,-0.0097295567,
0.0105,0.0026561455,
0.01075,0.0040218425,
0.011,-0.0012551203,
0.01125,-0.0051337387,
0.0115,0.0021735840,
0.01175,-0.0003520025,
0.012,-0.0033735894,
0.01225,-0.0024295950,
0.0125,0.0031877926,
0.01275,0.0091250557,
0.013,0.0049021086,
0.01325,-0.0028989073,
0.0135,-0.0022680913,
0.01375,0.0030334981,
0.014,0.0006033712,
0.01425,0.0054099644,
0.0145,-0.0054718782,
0.01475,-0.0046546045,
0.015,0.0091521181,
0.01525,-0.0048175929,
0.0155,-0.0037099058,
0.01575,0.0012036047,
0.016,-0.0019009525,
0.01625,0.0040757335,
0.0165,-0.0015444409,
0.01675,-0.0046201758,
0.017,0.0060484428,
0.01725,0.0005790428,
0.0175,-0.0104215229,
0.01775,-0.0071844999,
0.018,0.0014678682,
0.01825,0.0008887036,
0.0185,-0.0028382605,
0.01875,-0.0093332343,
0.019,-0.0027642571,
0.01925,0.0004174527,
0.0195,-0.0125913089,
0.01975,-0.0086730048,
0.02,-0.0000787636,
0.02025,0.0013608438,
0.0205,-0.0120371282,
0.02075,-0.0105619943,
0.021,-0.0076905964,
0.02125,-0.0048631248,
0.0215,-0.0070274686,
0.02175,-0.0110119153,
0.022,-0.0077295792,
0.02225,-0.0093422048,
0.0225,-0.0083229840,
0.02275,-0.0061763907,
0.023,-0.0105542783,
0.02325,-0.0041343933,
0.0235,-0.0027515381,
0.02375,-0.0065201707,
0.024,-0.0075223665,
0.02425,-0.0022666156,
0.0245,0.0030651770,
0.02475,-0.0032852974,
0.025,-0.0093321484,
0.02525,-0.0029376780,
0.0255,0.0107358526,
0.02575,-0.0007767134,
0.026,-0.0106323399,
0.02625,0.0002945754,
0.0265,0.0099389236,
0.02675,0.0052220048,
0.027,-0.0027694644,
0.02725,0.0018984476,
0.0275,0.0067088571,
0.02775,-0.0030714972,
0.028,-0.0073336782,
0.02825,0.0016979789,
0.0285,0.0067662774,
0.02875,0.0037694657,
0.029,-0.0045793131,
0.02925,-0.0007794765,
0.0295,0.0024084370,
0.02975,-0.0019862731,
0.03,-0.0030108942,
0.03025,-0.0049233721,
0.0305,-0.0020589747,
0.03075,-0.0008093240,
0.031,-0.0007791946,
0.03125,-0.0076569286,
0.0315,-0.0086020743,
0.03175,-0.0017096185,
0.032,-0.0010181363,
0.03225,-0.0053117611,
0.0325,-0.0051968596,
0.03275,0.0001262150,
0.033,-0.0039826697,
0.03325,-0.0107969670,
0.0335,-0.0097383233,
0.03375,0.0024525565,
0.034,0.0062164250,
0.03425,-0.0069931401,
0.0345,-0.0111135282,
0.03475,0.0050750147,
0.035,0.0008215781,
0.03525,-0.0062004128,
0.0355,-0.0051506096,
0.03575,-0.0001886737,
0.036,0.0060563991,
0.03625,-0.0073737269,
0.0365,-0.0095892809,
0.03675,0.0003199262,
0.037,0.0026182556,
0.03725,-0.0025424929,
0.0375,-0.0013265098,
0.03775,0.0014484380,
0.038,0.0014507939,
0.03825,0.0022700138,
0.0385,-0.0051117530,
0.03875,-0.0013902215,
0.039,0.0028909461,
0.03925,0.0020265083,
0.0395,-0.0005167933,
0.03975,-0.0042496459,
0.04,-0.0011646106,
0.04025,0.0038054632,
0.0405,0.0002858180,
0.04075,-0.0022170371,
0.041,0.0032570760,
0.04125,0.0013226767,
0.0415,0.0025028638,
0.04175,-0.0034826705,
0.042,-0.0027521322,
0.04225,0.0109321401,
0.0425,-0.0005801900,
0.04275,-0.0072455332,
0.043,-0.0018555911,
0.04325,0.0045559420,
0.0435,0.0031990556,
0.04375,0.0006188249,
0.044,0.0005327864,
0.04425,0.0009528750,
0.0445,0.0050114710,
0.04475,-0.0069601885,
0.045,-0.0046451301,
0.04525,0.0049182102,
0.0455,-0.0004307950,
0.04575,-0.0000970935,
0.046,-0.0026424844,
0.04625,-0.0016184234,
0.0465,0.0029510767,
0.04675,-0.0011914233,
0.047,-0.0026433149,
0.04725,-0.0016585474,
0.0475,0.0069622970,
0.04775,0.0038641677,
0.048,-0.0012674258,
0.04825,0.0011632695,
0.0485,0.0026376524,
0.04875,0.0027422174,
0.049,-0.0022561052,
0.04925,0.0008629052,
0.0495,0.0052796993,
0.04975,0.0071620326,
0.05,-0.0004245688,
0.05025,-0.0022027236,
0.0505,0.0037584859,
0.05075,0.0036114934,
0.051,0.0047915191,
0.05125,-0.0042413529,
0.0515,-0.0000714610,
0.05175,0.0119607393,
0.052,-0.0009931365,
0.05225,-0.0046685250,
0.0525,-0.0014063483,
0.05275,0.0008581125,
0.053,0.0019224591,
0.05325,-0.0077776378,
0.0535,-0.0047289878,
0.05375,0.0098205619,
0.054,0.0024798594,
0.05425,-0.0056113536,
0.0545,-0.0012008894,
0.05475,-0.0008335044,
0.055,-0.0016182034,
0.05525,-0.0023519897,
0.0555,-0.0060272967,
0.05575,-0.0011566058,
0.056,-0.0000847527,
0.05625,-0.0022090760,
0.0565,-0.0033611166,
0.05675,-0.0042705461,
0.057,0.0016142927,
0.05725,0.0075983899,
0.0575,-0.0008736557,
0.05775,0.0005022135,
0.058,0.0053809825,
0.05825,0.0059241438,
0.0585,0.0012190215,
0.05875,-0.0052804258,
0.059,0.0109149627,
0.05925,0.0159488507,
0.0595,-0.0017471721,
0.05975,-0.0034442788,
0.06,0.0124043329,
0.06025,0.0098704221,
0.0605,-0.0005775131,
0.06075,0.0014857581,
0.061,0.0050854543,
0.06125,0.0123502966,
0.0615,0.0013190948,
0.06175,-0.0035204268,
0.062,0.0103958528,
0.06225,0.0045124819,
0.0625,0.0003665526,
0.06275,0.0052564596,
0.063,0.0026406555,
0.06325,0.0040070475,
0.0635,0.0066589103,
0.06375,0.0032939338,
0.064,0.0008128863,
0.06425,0.0042543821,
0.0645,0.0038118521,
0.06475,0.0001445169,
0.065,-0.0046947105,
0.06525,-0.0020590115,
0.0655,-0.0011589464,
0.06575,-0.0012270946,
0.066,-0.0088550393,
0.06625,-0.0038044923,
0.0665,0.0098574860,
0.06675,-0.0010312217,
0.067,-0.0060649104,
0.06725,-0.0005145620,
0.0675,0.0038960362,
0.06775,0.0003230985,
0.068,-0.0089283753,
0.06825,-0.0131037971,
0.0685,0.0064646550,
0.06875,0.0029241459,
0.069,-0.0130719766,
0.06925,-0.0018211254,
0.0695,0.0019744942,
0.06975,-0.0003390533,
0.07,0.0013707688,
0.07025,-0.0057242364,
0.0705,0.0053426111,
0.07075,0.0071080327,
0.071,-0.0098927934,
0.07125,-0.0053614047,
0.0715,0.0017554079,
0.07175,-0.0014371774,
0.072,0.0003808238,
0.07225,-0.0011504136,
0.0725,-0.0062637036,
0.07275,0.0022597795,
0.073,0.0014254563,
0.07325,-0.0074746553,
0.0735,-0.0001901553,
0.07375,0.0003001305,
0.074,-0.0004334100,
0.07425,0.0001641045,
0.0745,-0.0095810462,
0.07475,0.0027897265,
0.075,0.0065088696,
0.07525,-0.0030693735,
0.0755,-0.0052420259,
0.07575,0.0017658126,
0.076,0.0059559266,
0.07625,-0.0005166784,
0.0765,-0.0077576730,
0.07675,-0.0024181663,
0.077,0.0085094068,
0.07725,-0.0007009527,
0.0775,-0.0108436225,
0.07775,-0.0049992222,
0.078,0.0008075037,
0.07825,0.0001964122,
0.0785,-0.0032459039,
0.07875,-0.0031422267,
0.079,0.0016877085,
0.07925,0.0017253412,
0.0795,-0.0089467028,
0.07975,-0.0058389967,
0.08,0.0024751318,
0.08025,-0.0008142615,
0.0805,0.0014952017,
0.08075,-0.0072831777,
0.081,-0.0052143913,
0.08125,-0.0025415011,
0.0815,-0.0031455401,
0.08175,-0.0039977282,
0.082,-0.0074432082,
0.08225,0.0015559514,
0.0825,-0.0040233759,
0.08275,-0.0093605192,
0.083,-0.0033197002,
0.08325,-0.0040293555,
0.0835,0.0044761635,
0.08375,-0.0060937637,
0.084,-0.0145827280,
0.08425,-0.0003674914,
0.0845,0.0022388764,
0.08475,-0.0074848672,
0.085,-0.0097863041,
0.08525,0.0007559306,
0.0855,0.0024055871,
0.08575,-0.0027381391,
0.086,-0.0106417276,
0.08625,-0.0039789923,
0.0865,0.0086907912,
0.08675,-0.0054759760,
0.087,-0.0037065698,
0.08725,-0.0009769786,
0.0875,0.0025059506,
0.08775,0.0037733880,
0.088,-0.0075229960,
0.08825,-0.0039161546,
0.0885,0.0024928791,
0.08875,-0.0007924770,
0.089,-0.0030383449,
0.08925,0.0017211480,
0.0895,-0.0023611772,
0.08975,0.0022389938,
0.09,0.0055059050,
0.09025,-0.0081541128,
0.0905,0.0015413326,
0.09075,0.0080970135,
0.091,0.0016745129,
0.09125,0.0007885506,
0.0915,-0.0046693613,
0.09175,0.0017019361,
0.092,0.0093322974,
0.09225,-0.0088727763,
0.0925,-0.0103182234,
0.09275,0.0076462491,
0.093,0.0021991916,
0.09325,-0.0126221068,
0.0935,-0.0118888710,
0.09375,0.0041158455,
0.094,0.0051043597,
0.09425,-0.0115716541,
0.0945,-0.0093240794,
0.09475,0.0029895357,
0.095,0.0036169575,
0.09525,-0.0050731618,
0.0955,-0.0039172848,
0.09575,0.0059711169,
0.096,0.0045035612,
0.09625,0.0002482128,
0.0965,-0.0044145808,
0.09675,-0.0043614735,
0.097,-0.0019172236,
0.09725,0.0011413040,
0.0975,0.0046935906,
0.09775,-0.0038894147,
0.098,-0.0034637211,
0.09825,0.0040879939,
0.0985,0.0000899854,
0.09875,-0.0065354267,
0.099,0.0046865148,
0.09925,0.0061791306,
0.0995,0.0031162943,
0.09975,-0.0007200693,
0.1,-0.0026180516,
0.10025,0.0147827724,
0.1005,0.0061834222,
0.10075,-0.0067041465,
0.101,0.0004702500,
0.10125,0.0095796278,
0.1015,0.0076365713,
0.10175,-0.0076377848,
0.102,0.0008910482,
0.10225,0.0069356295,
0.1025,0.0039273798,
0.10275,-0.0037166339,
0.103,-0.0074876361,
0.10325,0.0095138187,
0.1035,0.0048434203,
0.10375,-0.0016113163,
0.104,0.0029374051,
0.10425,0.0064618569,
0.1045,0.0085510854,
0.10475,-0.0023758993,
0.105,-0.0019362476,
0.10525,0.0008532410,
0.1055,0.0020407883,
0.10575,0.0040409896,
0.106,-0.0026480458,
0.10625,0.0023152400,
0.1065,0.0021242539,
0.10675,0.0091113513,
0.107,0.0038662984,
0.10725,-0.0013659052,
0.1075,0.0102233198,
0.10775,0.0069145812,
0.108,0.0009034944,
0.10825,-0.0018638802,
0.1085,0.0056168027,
0.10875,0.0094243316,
0.109,0.0057469895,
0.10925,-0.0052534412,
0.1095,0.0017189293,
0.10975,0.0166846141,
0.11,0.0018247833,
0.11025,0.0009244291,
0.1105,0.0089679118,
0.11075,0.0050334814,
0.111,0.0076530366,
0.11125,-0.0019399707,
0.1115,0.0008815941,
0.11175,0.0129153803,
0.112,0.0075829932,
0.11225,-0.0030595711,
0.1125,0.0033443028,
0.11275,0.0078205857,
0.113,0.0072194780,
0.11325,0.0013748310,
0.1135,-0.0039604916,
0.11375,0.0015935494,
0.114,0.0045258468,
0.11425,0.0014033027,
0.1145,-0.0002294869,
0.11475,0.0017114207,
0.115,0.0038171085,
0.11525,0.0015835813,
0.1155,-0.0051321192,
0.11575,0.0018043788,
0.116,0.0035756954,
0.11625,0.0090013826,
0.1165,0.0043695262,
0.11675,-0.0041188141,
0.117,0.0028721136,
0.11725,0.0053660567,
0.1175,0.0004558560,
0.11775,-0.0043487819,
0.118,0.0053084181,
0.11825,0.0087305754,
0.1185,-0.0008725974,
0.11875,-0.0066055958,
0.119,-0.0036352212,
0.11925,0.0075299898,
0.1195,0.0005476670,
0.11975,-0.0058087343,
0.12,0.0047659352,
0.12025,0.0082437824,
0.1205,0.0047835838,
0.12075,-0.0054410635,
0.121,0.0023722781,
0.12125,0.0076585007,
0.1215,0.0018672891,
0.12175,0.0005774064,
0.122,-0.0040981872,
0.12225,0.0023158255,
0.1225,0.0028090323,
0.12275,-0.0035656216,
0.123,0.0005843439,
0.12325,0.0016793335,
0.1235,0.0026002328,
0.12375,0.0035624350,
0.124,-0.0042908606,
0.12425,-0.0004065727,
0.1245,0.0063162628,
0.12475,0.0038973028,
0.125,-0.0011904507,
0.12525,-0.0005588416,
0.1255,0.0097200880,
0.12575,0.0145046925,
0.126,-0.0018775847,
0.12625,-0.0078269942,
0.1265,0.0104034459,
0.12675,0.0048038927,
0.127,-0.0056751492,
0.12725,-0.0007535820,
0.1275,0.0014750191,
0.12775,0.0040599294,
0.128,-0.0082261236,
0.12825,-0.0063047651,
0.1285,0.0054985173,
0.12875,0.0073506795,
0.129,-0.0065851212,
0.12925,-0.0002706925,
0.1295,0.0038100653,
0.12975,-0.0061532259,
0.13,-0.0005978800,
0.13025,-0.0072158193,
0.1305,-0.0045036664,
0.13075,0.0043302048,
0.131,-0.0014790902,
0.13125,-0.0044329586,
0.1315,-0.0076266211,
0.13175,-0.0081396187,
0.132,0.0006425731,
0.13225,-0.0019821436,
0.1325,-0.0096453894,
0.13275,0.0000739191,
0.133,0.0008184576,
0.13325,-0.0046305046,
0.1335,-0.0084331222,
0.13375,-0.0018505537,
0.134,0.0113351848,
0.13425,-0.0001951458,
0.1345,-0.0157516971,
0.13475,-0.0018817711,
0.135,0.0037412636,
0.13525,-0.0012201943,
0.1355,-0.0036083066,
0.13575,-0.0002272580,
0.136,0.0066118315,
0.13625,-0.0017884080,
0.1365,-0.0102494117,
0.13675,-0.0034671868,
0.137,0.0072639273,
0.13725,0.0028408819,
0.1375,0.0000645026,
0.13775,0.0022755386,
0.138,-0.0007437454,
0.13825,-0.0000173492,
0.1385,-0.0045583844,
0.13875,-0.0030123992,
0.139,0.0010387369,
0.13925,0.0031046844,
0.1395,0.0001984137,
0.13975,-0.0099590439,
0.14,-0.0101231728,
0.14025,0.0022530984,
0.1405,0.0021418654,
0.14075,-0.0005502612,
0.141,0.0035997943,
0.14125,0.0039424091,
0.1415,-0.0004861792,
0.14175,-0.0054290751,
0.142,-0.0092724096,
0.14225,0.0055998941,
0.1425,0.0069603501,
0.14275,-0.0060105948,
0.143,-0.0090778545,
0.14325,-0.0018152639,
0.1435,0.0059235571,
0.14375,-0.0011672385,
0.144,-0.0038706427,
0.14425,0.0009080146,
0.1445,-0.0013004725,
0.14475,-0.0028970700,
0.145,-0.0069314456,
0.14525,0.0010253944,
0.1455,0.0033585588,
0.14575,-0.0007018942,
0.146,-0.0064618276,
0.14625,-0.0040056007,
0.1465,0.0024849158,
0.14675,-0.0018015578,
0.147,-0.0027417613,
0.14725,-0.0039288858,
0.1475,-0.0004651519,
0.14775,0.0000594492,
0.148,-0.0047237496,
0.14825,-0.0066691535,
0.1485,0.0028203549,
0.14875,0.0043457611,
0.149,0.0013563770,
0.14925,0.0000984383,
0.1495,-0.0013693292,
0.14975,0.0037632778,
0.15,0.0027434726,
0.15025,0.0027201986,
0.1505,0.0010305711,
0.15075,0.0072455471,
0.151,0.0061203209,
0.15125,-0.0071416209,
0.1515,-0.0030235709,
0.15175,0.0059129288,
0.152,0.0111936396,
0.15225,-0.0015599082,
0.1525,-0.0027830608,
0.15275,0.0076682498,
0.153,0.0022327204,
0.15325,-0.0009060488,
0.1535,-0.0038544121,
0.15375,0.0075249309,
0.154,0.0082976408,
0.15425,-0.0083220992,
0.1545,-0.0044570835,
0.15475,-0.0007254123,
0.155,-0.0008309461,
0.15525,-0.0016720280,
0.1555,-0.0036157717,
0.15575,-0.0033101533,
0.156,-0.0028836473,
0.15625,0.0001584727,
0.1565,-0.0055029406,
0.15675,-0.0058283168,
0.157,-0.0011588768,
0.15725,-0.0001822723,
0.1575,0.0001681150,
0.15775,-0.0074504786,
0.158,0.0004507448,
0.15825,0.0079303160,
0.1585,-0.0020801208,
0.15875,-0.0045647947,
0.159,0.0001527942,
0.15925,0.0101123061,
0.1595,-0.0045576915,
0.15975,-0.0124800717,
0.16,-0.0009083223,
0.16025,0.0085132299,
0.1605,0.0019967644,
0.16075,-0.0108016711,
0.161,-0.0002630908,
0.16125,0.0084710987,
0.1615,-0.0016801795,
0.16175,0.0009509846,
0.162,0.0050800322,
0.16225,0.0092111789,
0.1625,0.0057672285,
0.16275,0.0008260142,
0.163,0.0072044879,
0.16325,0.0081518544,
0.1635,0.0037002666,
0.16375,0.0038684483,
0.164,0.0054527968,
0.16425,0.0029171829,
0.1645,0.0073023192,
0.16475,0.0094896900,
0.165,-0.0017769454,
0.16525,0.0032924127,
0.1655,0.0057019945,
0.16575,0.0076842313,
0.166,0.0040210695,
0.16625,0.0014609802,
0.1665,0.0102797477,
0.16675,0.0070927036,
0.167,-0.0024594727,
0.16725,-0.0052964403,
0.1675,0.0130276270,
0.16775,0.0083173765,
0.168,-0.0002933960,
0.16825,0.0015329637,
0.1685,0.0073882826,
0.16875,0.0119344564,
0.169,-0.0069663599,
0.16925,-0.0054574274,
0.1695,0.0041883965,
0.16975,-0.0002611262,
0.17,-0.0030074620,
0.17025,-0.0062268130,
0.1705,-0.0012625313,
0.17075,0.0016742897,
0.171,-0.0049651740,
0.17125,-0.0061016260,
0.1715,0.0019114385,
0.17175,0.0046248110,
0.172,0.0001861919,
0.17225,-0.0006966998,
0.1725,-0.0041089472,
0.17275,-0.0020805406,
0.173,0.0048892526,
0.17325,-0.0042604427,
0.1735,-0.0022663290,
0.17375,0.0023982183,
0.174,0.0004958304,
0.17425,0.0006764526,
0.1745,-0.0055474737,
0.17475,0.0004171095,
0.175,0.0064647342,
0.17525,0.0021485542,
0.1755,-0.0065611200,
0.17575,0.0031646958,
0.176,0.0075666877,
0.17625,-0.0000143000,
0.1765,-0.0050714510,
0.17675,-0.0013382279,
0.177,0.0132538201,
0.17725,0.0060235290,
0.1775,-0.0015367984,
0.17775,0.0031693175,
0.178,0.0044372948,
0.17825,0.0022947141,
0.1785,-0.0049992912,
0.17875,-0.0001426279,
0.179,0.0049728057,
0.17925,0.0019077044,
0.1795,-0.0043615997,
0.17975,-0.0017182564,
0.18,0.0001198766,
0.18025,0.0012349770,
0.1805,0.0027200186,
0.18075,-0.0030661831,
0.181,-0.0011377364,
0.18125,0.0009986104,
0.1815,-0.0000954522,
0.18175,-0.0022546381,
0.182,-0.0012508514,
0.18225,-0.0000815137,
0.1825,-0.0019969440,
0.18275,-0.0039504617,
0.183,-0.0071422551,
0.18325,0.0008035342,
0.1835,0.0034207208,
0.18375,-0.0034014201,
0.184,-0.0063756895,
0.18425,-0.0016352297,
0.1845,0.0016516671,
0.18475,-0.0055488450,
0.185,-0.0096249124,
0.18525,0.0010747439,
0.1855,0.0034976709,
0.18575,-0.0051840600,
0.186,-0.0092730094,
0.18625,-0.0059500011,
0.1865,0.0007985238,
0.18675,-0.0022793051,
0.187,-0.0050792932,
0.18725,0.0032356069,
0.1875,0.0045189457,
0.18775,-0.0018892668,
0.188,-0.0073249592,
0.18825,-0.0062986463,
0.1885,-0.0037529790,
0.18875,-0.0027855770,
0.189,-0.0010862289,
0.18925,-0.0089645982,
0.1895,-0.0064872755,
0.18975,-0.0028284339,
0.19,-0.0076868050,
0.19025,-0.0075905640,
0.1905,-0.0085577164,
0.19075,0.0001005758,
0.191,-0.0016894089,
0.19125,-0.0119606452,
0.1915,-0.0086942585,
0.19175,0.0012482968,
0.192,-0.0005024001,
0.19225,-0.0083144447,
0.1925,-0.0095926840,
0.19275,0.0032922388,
0.193,-0.0038055754,
0.19325,-0.0167840831,
0.1935,-0.0105349217,
0.19375,0.0040076668,
0.194,-0.0005092954,
0.19425,-0.0096528735,
0.1945,-0.0097118495,
0.19475,-0.0024115294,
0.195,0.0021855296,
0.19525,-0.0093882401,
0.1955,-0.0047307289,
0.19575,0.0046809632,
0.196,-0.0012277397,
0.19625,-0.0033841101,
0.1965,-0.0016149691,
0.19675,-0.0006348270,
0.197,0.0003529946,
0.19725,0.0023355635,
0.1975,-0.0005098246,
0.19775,-0.0034074294,
0.198,-0.0023065410,
0.19825,0.0017485947,
0.1985,0.0021780964,
0.19875,-0.0062076757,
0.199,-0.0013477997,
0.19925,0.0065663634,
0.1995,0.0028238576,
0.19975,-0.0052210446,
0.2,-0.0004508712,
0.20025,0.0083990311,
0.2005,0.0023815394,
0.20075,-0.0088157216,
0.201,-0.0014016356,
0.20125,0.0125506949,
0.2015,-0.0022640794,
0.20175,-0.0106074987,
0.202,0.0008744380,
0.20225,0.0053908033,
0.2025,0.0000173318,
0.20275,-0.0106038023,
0.203,-0.0056663575,
0.20325,0.0008178352,
0.2035,-0.0032782366,
0.20375,-0.0048174178,
0.204,-0.0033174483,
0.20425,0.0051523442,
0.2045,-0.0021926714,
0.20475,-0.0076652826,
0.205,-0.0036621089,
0.20525,-0.0055767130,
0.2055,-0.0002842700,
0.20575,-0.0006908833,
0.206,-0.0094618332,
0.20625,-0.0055222637,
0.2065,-0.0010206782,
0.20675,0.0010450224,
0.207,-0.0011846564,
0.20725,-0.0008612688,
0.2075,-0.0010304585,
0.20775,0.0037008463,
0.208,-0.0028660335,
0.20825,-0.0046825213,
0.2085,0.0087572765,
0.20875,0.0077047739,
0.209,-0.0034825306,
0.20925,-0.0103641935,
0.2095,-0.0000185251,
0.20975,0.0100585148,
0.21,-0.0021561356,
0.21025,-0.0037125601,
0.2105,0.0046359561,
0.21075,0.0061537195,
0.211,-0.0063870586,
0.21125,-0.0064667696,
0.2115,0.0034016897,
0.21175,0.0030600836,
0.212,0.0019481394,
0.21225,-0.0065588020,
0.2125,0.0006867885,
0.21275,0.0038805529,
0.213,-0.0026064846,
0.21325,-0.0005516351,
0.2135,-0.0026462874,
0.21375,0.0004426755,
0.214,0.0007056483,
0.21425,0.0007547684,
0.2145,-0.0030115130,
0.21475,0.0004164009,
0.215,0.0082741380,
0.21525,0.0007857123,
0.2155,-0.0016827669,
0.21575,-0.0005179134,
0.216,0.0005483961,
0.21625,0.0048347437,
0.2165,-0.0045632618,
0.21675,-0.0048817173,
0.217,0.0055488409,
0.21725,0.0013237398,
0.2175,-0.0013840604,
0.21775,-0.0044758753,
0.218,0.0076230010,
0.21825,0.0119100809,
0.2185,0.0019827608,
0.21875,-0.0008271143,
0.219,0.0037067013,
0.21925,0.0076998435,
0.2195,-0.0004232715,
0.21975,-0.0031274275,
0.22,0.0070157973,
0.22025,0.0039976705,
0.2205,0.0026649721,
0.22075,-0.0066398466,
0.221,0.0001840839,
0.22125,0.0075433599,
0.2215,-0.0012731724,
0.22175,-0.0025565955,
0.222,-0.0028704947,
0.22225,0.0013907457,
0.2225,0.0031917389,
0.22275,0.0018342746,
0.223,-0.0027540410,
0.22325,0.0000610885,
0.2235,0.0077537145,
0.22375,-0.0021666165,
0.224,-0.0042663771,
0.22425,0.0034243220,
0.2245,0.0052823303,
0.22475,0.0071591912,
0.225,-0.0051271776,
0.22525,0.0015642027,
0.2255,0.0112088481,
0.22575,0.0066894530,
0.226,-0.0042293789,
0.22625,-0.0039885468,
0.2265,0.0103074741,
0.22675,0.0055931783,
0.227,-0.0036573436,
0.22725,-0.0010718282,
0.2275,0.0071996190,
0.22775,0.0070471540,
0.228,-0.0008456567,
0.22825,0.0034388541,
0.2285,0.0095752804,
0.22875,0.0067016780,
0.229,0.0014826021,
0.22925,-0.0006017119,
0.2295,0.0052156458,
0.22975,0.0060352907,
0.23,-0.0015125903,
0.23025,-0.0003193706,
0.2305,0.0023775466,
0.23075,-0.0002177862,
0.231,0.0091172019,
0.23125,-0.0000227639,
0.2315,-0.0066497554,
0.23175,0.0055661281,
0.232,0.0030573080,
0.23225,0.0019462366,
0.2325,-0.0015022377,
0.23275,-0.0010107600,
0.233,0.0106795551,
0.23325,0.0017373211,
0.2335,-0.0075259190,
0.23375,0.0093256999,
0.234,0.0133929364,
0.23425,0.0021031508,
0.2345,-0.0060330778,
0.23475,-0.0040383842,
0.235,0.0105807474,
0.23525,0.0009658831,
0.2355,-0.0098352870,
0.23575,-0.0009364271,
0.236,0.0070632659,
0.23625,0.0014430755,
0.2365,-0.0055842809,
0.23675,-0.0016555492,
0.237,0.0037572396,
0.23725,0.0024902886,
0.2375,-0.0015473599,
0.23775,-0.0045053074,
0.238,0.0043044779,
0.23825,0.0020328143,
0.2385,-0.0072056279,
0.23875,-0.0045462437,
0.239,-0.0043271314,
0.23925,-0.0009593877,
0.2395,0.0031486070,
0.23975,-0.0055388706,
0.24,-0.0077620964,
0.24025,-0.0001877297,
0.2405,-0.0017488478,
0.24075,-0.0059048920,
0.241,-0.0010342478,
0.24125,0.0037297737,
0.2415,0.0056629004,
0.24175,-0.0015473245,
0.242,-0.0122804716,
0.24225,0.0027857702,
0.2425,0.0091393199,
0.24275,-0.0002261327,
0.243,-0.0103633814,
0.24325,0.0021120971,
0.2435,0.0041054813,
0.24375,-0.0045214463,
0.244,-0.0074918494,
0.24425,-0.0012310622,
0.2445,0.0132152950,
0.24475,0.0008610165,
0.245,-0.0071869846,
0.24525,0.0025817610,
0.2455,0.0035922846,
0.24575,0.0031397082,
0.246,-0.0036577778,
0.24625,0.0011247104,
0.2465,0.0037685800,
0.24675,-0.0011745663,
0.247,-0.0034042392,
0.24725,-0.0014214413,
0.2475,-0.0013239791,
0.24775,0.0001012356,
0.248,0.0021915426,
0.24825,-0.0106000975,
0.2485,-0.0006451438,
0.24875,0.0048808265,
0.249,0.0000227087,
0.24925,0.0023190852,
0.2495,-0.0049740011,
0.24975,0.0032416130,
0.25,0.0049238987,
0.25025,-0.0072929431,
0.2505,-0.0062443321,
0.25075,0.0053113769,
0.251,0.0036601564,
0.25125,-0.0071599656,
0.2515,-0.0069884905,
0.25175,-0.0001529075,
0.252,0.0046203770,
0.25225,-0.0058165193,
0.2525,-0.0124293985,
0.25275,0.0009104895,
0.253,0.0022195464,
0.25325,-0.0041250298,
0.2535,-0.0045561856,
0.25375,-0.0017325014,
0.254,0.0087839719,
0.25425,-0.0046974621,
0.2545,-0.0077182790,
0.25475,0.0010202001,
0.255,-0.0008757518,
0.25525,-0.0009361404,
0.2555,-0.0058584609,
0.25575,-0.0068190619,
0.256,-0.0033795063,
0.25625,0.0020624965,
0.2565,-0.0022633781,
0.25675,-0.0071146498,
0.257,0.0009812986,
0.25725,0.0001431352,
0.2575,0.0030321535,
0.25775,-0.0042693592,
0.258,-0.0038506445,
0.25825,0.0114171533,
0.2585,0.0013095890,
0.25875,-0.0068531763,
0.259,-0.0030090942,
0.25925,0.0108869644,
0.2595,0.0066193482,
0.25975,-0.0103824195,
0.26,-0.0018633471,
0.26025,0.0126914605,
0.2605,0.0034438528,
0.26075,-0.0077900407,
0.261,-0.0014042787,
0.26125,0.0062755505,
0.2615,0.0054156077,
0.26175,-0.0020820100,
0.262,-0.0019879800,
0.26225,0.0080922823,
0.2625,0.0019442750,
0.26275,-0.0033645807,
0.263,0.0056303684,
0.26325,0.0021083253,
0.2635,0.0062364801,
0.26375,0.0055060703,
0.264,-0.0014197319,
0.26425,0.0012319022,
0.2645,0.0036947525,
0.26475,0.0065451702,
0.265,-0.0004758904,
0.26525,-0.0081843399,
0.2655,0.0001207314,
0.26575,0.0050751888,
0.266,-0.0055407896,
0.26625,-0.0054590940,
0.2665,0.0063926582,
0.26675,0.0068953498,
0.267,0.0015961765,
0.26725,-0.0072611058,
0.2675,0.0033044626,
0.26775,0.0133248223,
0.268,-0.0034145967,
0.26825,-0.0077786548,
0.2685,0.0042807879,
0.26875,0.0044357083,
0.269,-0.0012059805,
0.26925,-0.0034225488,
0.2695,-0.0026131645,
0.26975,0.0073957350,
0.27,-0.0004665340,
0.27025,-0.0075823558,
0.2705,0.0049580466,
0.27075,0.0071570831,
0.271,0.0016763939,
0.27125,0.0023176165,
0.2715,-0.0008463049,
0.27175,0.0034758872,
0.272,0.0087225940,
0.27225,0.0023414672,
0.2725,-0.0016369183,
0.27275,0.0038963757,
0.273,0.0064425967,
0.27325,0.0038710292,
0.2735,0.0004374085,
0.27375,0.0009602303,
0.274,0.0077233445,
0.27425,0.0051607424,
0.2745,-0.0004286830,
0.27475,0.0049092006,
0.275,0.0101923663,
0.27525,0.0079041030,
0.2755,-0.0028622139,
0.27575,-0.0012213856,
0.276,0.0115915202,
0.27625,0.0120003382,
0.2765,-0.0006026080,
0.27675,-0.0008638463,
0.277,0.0091220476,
0.27725,0.0098635517,
0.2775,-0.0019138632,
0.27775,-0.0006125151,
0.278,0.0045023756,
0.27825,0.0073066191,
0.2785,-0.0043760934,
0.27875,-0.0041919253,
0.279,0.0071525620,
0.27925,0.0060960678,
0.2795,0.0032510224,
0.27975,-0.0013713212,
0.28,0.0034954543,
0.28025,0.0017574572,
0.2805,0.0017121830,
0.28075,0.0047970098,
0.281,-0.0038307747,
0.28125,0.0039624101,
0.2815,0.0050856536,
0.28175,0.0010462851,
0.282,-0.0016098297,
0.28225,0.0026676408,
0.2825,0.0074827364,
0.28275,0.0006934729,
0.283,-0.0024150552,
0.28325,0.0006144292,
0.2835,0.0070586358,
0.28375,0.0019694183,
0.284,-0.0061106705,
0.28425,0.0010581448,
0.2845,0.0077741728,
0.28475,-0.0020626697,
0.285,-0.0079384977,
0.28525,-0.0015698173,
0.2855,0.0029565911,
0.28575,0.0031217858,
0.286,-0.0036656824,
0.28625,0.0010800855,
0.2865,0.0065459120,
0.28675,0.0057835034,
0.287,0.0023821925,
0.28725,0.0010756755,
0.2875,0.0085008470,
0.28775,0.0047772536,
0.288,0.0009518801,
0.28825,-0.0004057162,
0.2885,-0.0003667409,
0.28875,0.0031989824,
0.289,-0.0003903357,
0.28925,-0.0018982753,
0.2895,-0.0003776461,
0.28975,0.0073588006,
0.29,0.0033996664,
0.29025,0.0017971080,
0.2905,-0.0019321574,
0.29075,0.0022586130,
0.291,0.0083515709,
0.29125,-0.0022646664,
0.2915,-0.0019212730,
0.29175,0.0044938941,
0.292,0.0064078150,
0.29225,-0.0015603927,
0.2925,-0.0090627205,
0.29275,0.0036923117,
0.293,0.0076552043,
0.29325,-0.0051867934,
0.2935,-0.0149195716,
0.29375,0.0006032699,
0.294,0.0000323579,
0.29425,-0.0107552214,
0.2945,-0.0131686386,
0.29475,-0.0030679703,
0.295,0.0015694433,
0.29525,-0.0087567456,
0.2955,-0.0081396643,
0.29575,-0.0012355542,
0.296,-0.0009656182,
0.29625,-0.0061062230,
0.2965,-0.0072176615,
0.29675,-0.0060812784,
0.297,-0.0076079192,
0.29725,-0.0073375460,
0.2975,-0.0025567841,
0.29775,-0.0082780365,
0.298,-0.0097183250,
0.29825,0.0002796341,
0.2985,-0.0011097472,
0.29875,-0.0072565121,
0.299,-0.0014966282,
0.29925,0.0027607870,
0.2995,0.0028600395,
0.29975,-0.0050593000,
0.3,-0.0089039290,
0.30025,0.0091061210,
0.3005,0.0019863383,
0.30075,-0.0075062448,
0.301,-0.0009058489,
0.30125,0.0105458740,
0.3015,0.0043497435,
0.30175,-0.0059844577,
0.302,-0.0015765587,
0.30225,0.0074634259,
0.3025,0.0063961139,
0.30275,-0.0040175319,
0.303,-0.0007581221,
0.30325,0.0001162424,
0.3035,0.0015815924,
0.30375,-0.0022757307,
0.304,-0.0065709227,
0.30425,0.0052062050,
0.3045,-0.0017457602,
0.30475,-0.0024997117,
0.305,-0.0071121235,
0.30525,-0.0079513639,
0.3055,0.0008394524,
0.30575,-0.0019338792,
0.306,-0.0091575989,
0.30625,-0.0112166982,
0.3065,-0.0065236539,
0.30675,-0.0070939520,
0.307,-0.0098104514,
0.30725,-0.0079219462,
0.3075,-0.0037651581,
0.30775,-0.0013487069,
0.308,-0.0105303600,
0.30825,-0.0147602465,
0.3085,-0.0033087889,
0.30875,-0.0031865705,
0.309,-0.0064153248,
0.30925,-0.0131693948,
0.3095,-0.0084526977,
0.30975,0.0008885373,
0.31,-0.0081779119,
0.31025,-0.0089933742,
0.3105,0.0013703881,
0.31075,0.0016959105,
0.311,-0.0001129785,
0.31125,-0.0074122199,
0.3115,-0.0055578835,
0.31175,0.0045857783,
0.312,-0.0035913440,
0.31225,-0.0053343289,
0.3125,0.0020407080,
0.31275,0.0021150252,
0.313,0.0007024390,
0.31325,-0.0010355907,
0.3135,-0.0010431916,
0.31375,0.0021033499,
0.314,0.0027739159,
0.31425,0.0005732236,
0.3145,-0.0021140219,
0.31475,-0.0012903608,
0.315,0.0061663515,
0.31525,0.0049581407,
0.3155,-0.0027986267,
0.31575,0.0064211683,
0.316,-0.0010954087,
0.31625,0.0020523157,
0.3165,0.0004312076,
0.31675,-0.0050234962,
0.317,0.0071925903,
0.31725,0.0023880354,
0.3175,-0.0054454948,
0.31775,-0.0051527955,
0.318,0.0034455790,
0.31825,0.0040966002,
0.3185,-0.0015325331,
0.31875,-0.0010097265,
0.319,-0.0015239627,
0.31925,0.0047253123,
0.3195,-0.0058706589,
0.31975,-0.0104973642,
0.32,0.0000771812,
0.32025,0.0021890118,
0.3205,0.0019623626,
0.32075,-0.0042065685,
0.321,-0.0020016108,
0.32125,0.0040977150,
0.3215,-0.0050981538,
0.32175,-0.0080277380,
0.322,-0.0031523798,
0.32225,-0.0004630849,
0.3225,0.0011581036,
0.32275,-0.0002935235,
0.323,-0.0052419794,
0.32325,0.0023160621,
0.3235,0.0031386528,
0.32375,-0.0016166049,
0.324,0.0005844496,
0.32425,0.0015405960,
0.3245,0.0012955087,
0.32475,0.0040603988,
0.325,-0.0064405920,
0.32525,-0.0025903373,
0.3255,0.0121255666,
0.32575,0.0035100984,
0.326,-0.0067956443,
0.32625,-0.0033094869,
0.3265,0.0067343866,
0.32675,0.0046461783,
0.327,-0.0014019401,
0.32725,-0.0007315055,
0.3275,0.0061499430,
0.32775,0.0030677367,
0.328,-0.0085662296,
0.32825,-0.0023861844,
0.3285,0.0081348950,
0.32875,-0.0002034817,
0.329,-0.0034724441,
0.32925,-0.0005367734,
0.3295,0.0004421916,
0.32975,-0.0009008936,
0.33,-0.0028561656,
0.33025,-0.0016088638,
0.3305,-0.0022066149,
0.33075,0.0008112300,
0.331,0.0014423134,
0.33125,0.0019514337,
0.3315,-0.0034394916,
0.33175,-0.0018992611,
0.332,0.0052002529,
0.33225,-0.0017175294,
0.3325,-0.0046168361,
0.33275,0.0046154829,
0.333,0.0060682008,
0.33325,0.0020451380,
0.3335,-0.0017282948,
0.33375,0.0061409660,
0.334,0.0152642950,
0.33425,0.0016540702,
0.3345,-0.0078708930,
0.33475,0.0050903475,
0.335,0.0112571679,
0.33525,0.0007360795,
0.3355,0.0008107814,
0.33575,0.0048837322,
0.336,0.0047435607,
0.33625,0.0059769768,
0.3365,-0.0034132618,
0.33675,0.0046339105,
0.337,0.0122568868,
0.33725,0.0075721503,
0.3375,0.0018913812,
0.33775,0.0019352058,
0.338,0.0051998910,
0.33825,0.0028849801,
0.3385,0.0037943220,
0.33875,-0.0019004024,
0.339,0.0032166825,
0.33925,0.0092930458,
0.3395,-0.0013622423,
0.33975,0.0015920193,
0.34,0.0012277928,
0.34025,0.0014384614,
0.3405,0.0031334884,
0.34075,-0.0036855203,
0.341,0.0011243293,
0.34125,0.0047414387,
0.3415,0.0031897519,
0.34175,-0.0021942458,
0.342,-0.0027487474,
0.34225,0.0075484943,
0.3425,0.0126600415,
0.34275,0.0004578101,
0.343,-0.0079015642,
0.34325,0.0078428360,
0.3435,0.0056780130,
0.34375,-0.0007969723,
0.344,-0.0013082123,
0.34425,0.0041448646,
0.3445,0.0077082086,
0.34475,-0.0033892328,
0.345,-0.0027684995,
0.34525,0.0029091795,
0.3455,0.0058960570,
0.34575,0.0014967620,
0.346,-0.0015554578,
0.34625,0.0031641198,
0.3465,0.0000408325,
0.34675,0.0002178141,
0.347,-0.0054206243,
0.34725,-0.0007705661,
0.3475,0.0012074682,
0.34775,0.0017579799,
0.348,-0.0008255809,
0.34825,-0.0083192913,
0.3485,0.0035723196,
0.34875,0.0020608283,
0.349,-0.0031874287,
0.34925,-0.0014292044,
0.3495,-0.0058603594,
0.34975,0.0010864519,
0.35,-0.0038253670,
0.35025,-0.0068155867,
0.3505,-0.0036662794,
0.35075,0.0035730368,
0.351,0.0018010259,
0.35125,-0.0068968292,
0.3515,-0.0070900349,
0.35175,0.0010353845,
0.352,0.0057612131,
0.35225,-0.0074160397,
0.3525,-0.0067345467,
0.35275,0.0011327561,
0.353,0.0007939615,
0.35325,-0.0059900768,
0.3535,-0.0075287186,
0.35375,0.0025254963,
0.354,0.0063537555,
0.35425,-0.0030063561,
0.3545,-0.0048005041,
0.35475,0.0036988708,
0.355,0.0005292642,
0.35525,-0.0033012214,
0.3555,-0.0033940005,
0.35575,-0.0063573611,
0.356,0.0011186469,
0.35625,-0.0003585583,
0.3565,-0.0074899597,
0.35675,-0.0015531175,
0.357,-0.0029481284,
0.35725,-0.0011343083,
0.3575,-0.0024257859,
0.35775,-0.0086750733,
0.358,-0.0039283992,
0.35825,0.0022490553,
0.3585,-0.0014080346,
0.35875,-0.0102551663,
0.359,-0.0018163073,
0.35925,0.0033688310,
0.3595,0.0010517017,
0.35975,-0.0132679092,
0.36,-0.0091347946,
0.36025,0.0110249408,
0.3605,-0.0018192492,
0.36075,-0.0127388034,
0.361,-0.0059746569,
0.36125,0.0022339290,
0.3615,-0.0026015879,
0.36175,-0.0104132211,
0.362,-0.0025985073,
0.36225,0.0051798015,
0.3625,-0.0000927309,
0.36275,-0.0105255665,
0.363,-0.0017342262,
0.36325,-0.0001901352,
0.3635,-0.0015389976,
0.36375,0.0032023645,
0.364,-0.0014564353,
0.36425,-0.0024240001,
0.3645,0.0020614448,
0.36475,0.0054910574,
0.365,-0.0012128638,
0.36525,-0.0015170348,
0.3655,0.0020470200,
0.36575,0.0061223633,
0.366,-0.0015052094,
0.36625,-0.0123495460,
0.3665,0.0074949022,
0.36675,0.0067842789,
0.367,-0.0065933876,
0.36725,-0.0063412581,
0.3675,0.0033924701,
0.36775,0.0081599569,
0.368,-0.0045189592,
0.36825,-0.0065063993,
0.3685,0.0023008958,
0.36875,0.0104551623,
0.369,-0.0053619803,
0.36925,-0.0111186709,
0.3695,0.0061647729,
0.36975,0.0006888661,
0.37,-0.0005107686,
0.37025,-0.0035828031,
0.3705,-0.0061551677,
0.37075,0.0048449258,
0.371,0.0022974545,
0.37125,-0.0117666982,
0.3715,0.0003793844,
0.37175,0.0009138689,
0.372,-0.0036250439,
0.37225,0.0037409726,
0.3725,-0.0062276279,
0.37275,-0.0045599318,
0.373,0.0055050952,
0.37325,-0.0035501034,
0.3735,-0.0016413244,
0.37375,0.0018227119,
0.374,0.0021013615,
0.37425,0.0044553848,
0.3745,-0.0013539919,
0.37475,-0.0033181822,
0.375,0.0077293068,
0.37525,0.0071791764,
0.3755,-0.0084154252,
0.37575,-0.0067224870,
0.376,0.0076432005,
0.37625,0.0025596968,
0.3765,-0.0063468120,
0.37675,-0.0103176888,
0.377,0.0028695464,
0.37725,0.0071758535,
0.3775,-0.0084041990,
0.37775,-0.0041448381,
0.378,0.0012812032,
0.37825,0.0063380487,
0.3785,-0.0033136087,
0.37875,-0.0062405230,
0.379,0.0052452809,
0.37925,0.0034171399,
0.3795,0.0015684578,
0.37975,-0.0021424473,
0.38,-0.0008241119,
0.38025,0.0024025110,
0.3805,0.0017605885,
0.38075,-0.0037352238,
0.381,-0.0037414096,
0.38125,-0.0003901539,
0.3815,0.0055955332,
0.38175,0.0052983239,
0.382,-0.0016660294,
0.38225,0.0043143304,
0.3825,0.0073662037,
0.38275,0.0052480814,
0.383,0.0011249514,
0.38325,0.0054950025,
0.3835,0.0110802818,
0.38375,0.0086488537,
0.384,-0.0037206193,
0.38425,-0.0027633829,
0.3845,0.0128451437,
0.38475,0.0064884275,
0.385,0.0026727449,
0.38525,0.0038769396,
0.3855,0.0106808152,
0.38575,0.0100916009,
0.386,-0.0057365252,
0.38625,-0.0017748247,
0.3865,0.0088445731,
0.38675,0.0066569676,
0.387,0.0013985981,
0.38725,-0.0012875784,
0.3875,0.0050086314,
0.38775,0.0102689872,
0.388,-0.0002231759,
0.38825,-0.0022524509,
0.3885,0.0042838668,
0.38875,0.0009641972,
0.389,0.0015549193,
0.38925,-0.0029890460,
0.3895,-0.0054569943,
0.38975,0.0019965698,
0.39,0.0036577440,
0.39025,-0.0013263513,
0.3905,0.0005641927,
0.39075,0.0011874139,
0.391,0.0043702768,
0.39125,0.0047688591,
0.3915,-0.0052065519,
0.39175,-0.0004765358,
0.392,0.0108304974,
0.39225,0.0044807983,
0.3925,-0.0098569319,
0.39275,0.0019394192,
0.393,0.0137283094,
0.39325,0.0011603140,
0.3935,-0.0065158745,
0.39375,0.0017532257,
0.394,0.0109260324,
0.39425,0.0037405225,
0.3945,-0.0074607530,
0.39475,0.0001537590,
0.395,0.0138410106,
0.39525,0.0029297778,
0.3955,-0.0069309375,
0.39575,0.0070642843,
0.396,0.0080320025,
0.39625,0.0030557157,
0.3965,0.0000114319,
0.39675,0.0005049534,
0.397,-0.0013325310,
0.39725,0.0001235094,
0.3975,0.0061841956,
0.39775,-0.0004573825,
0.398,0.0005876509,
0.39825,0.0064752814,
0.3985,0.0083825300,
0.39875,0.0009077506,
0.399,-0.0023071337,
0.39925,0.0062960624,
0.3995,0.0116728488,
0.39975,-0.0002998406,
0.4,-0.0030223697,
0.40025,0.0106904972,
0.4005,0.0116040409,
0.40075,-0.0014056910,
0.401,-0.0054946444,
0.40125,0.0104223471,
0.4015,0.0096231587,
0.40175,-0.0030507171,
0.402,-0.0019360497,
0.40225,0.0030688010,
0.4025,0.0079591488,
0.40275,-0.0029778159,
0.403,-0.0083592841,
0.40325,0.0043963050,
0.4035,0.0040017180,
0.40375,-0.0011110319,
0.404,-0.0014298357,
0.40425,0.0028332784,
0.4045,0.0053997105,
0.40475,0.0029598079,
0.405,-0.0068790857,
0.40525,-0.0049264608,
0.4055,-0.0009013050,
0.40575,0.0002816639,
0.406,-0.0014548448,
0.40625,-0.0089710671,
0.4065,-0.0034670644,
0.40675,0.0017144537,
0.407,-0.0082377736,
0.40725,-0.0059372010,
0.4075,-0.0000523412,
0.40775,0.0011377214,
0.408,0.0030440558,
0.40825,-0.0066644875,
0.4085,-0.0052424157,
0.40875,0.0080698151,
0.409,0.0011228500,
0.40925,-0.0090499073,
0.4095,-0.0026770881,
0.40975,0.0036938544,
0.41,0.0023279903,
0.41025,-0.0038689889,
0.4105,-0.0035618898,
0.41075,0.0051195128,
0.411,0.0054235174,
0.41125,-0.0056373123,
0.4115,-0.0063534686,
0.41175,0.0060660429,
0.412,0.0026451298,
0.41225,-0.0015179233,
0.4125,0.0009163361,
0.41275,0.0008639038,
0.413,0.0041488968,
0.41325,-0.0061873626,
0.4135,-0.0035736118,
0.41375,0.0032264264,
0.414,0.0016457103,
0.41425,0.0013753282,
0.4145,-0.0067468784,
0.41475,-0.0085532088,
0.415,-0.0049864622,
0.41525,0.0020820291,
0.4155,-0.0000256233,
0.41575,-0.0009725965,
0.416,0.0058499426,
0.41625,-0.0002531630,
0.4165,-0.0058248495,
0.41675,-0.0102176508,
0.417,-0.0067075007,
0.41725,0.0049163233,
0.4175,-0.0031954017,
0.41775,-0.0114544341,
0.418,-0.0027836522,
0.41825,-0.0028636856,
0.4185,-0.0068069524,
0.41875,-0.0077520935,
0.419,-0.0043177828,
0.41925,0.0028761756,
0.4195,-0.0023569062,
0.41975,-0.0107713556,
0.42,-0.0101678437,
0.42025,0.0042892531,
0.4205,-0.0040959604,
0.42075,-0.0054704072,
0.421,-0.0014092581,
0.42125,-0.0003562519,
0.4215,0.0016895842,
0.42175,-0.0092097102,
0.422,-0.0102782482,
0.42225,-0.0020322334,
0.4225,-0.0037404897,
0.42275,-0.0024846201,
0.423,-0.0032611303,
0.42325,-0.0062188087,
0.4235,-0.0009679753,
0.42375,0.0012714836,
0.424,-0.0029036044,
0.42425,0.0001893718,
0.4245,0.0079278098,
0.42475,0.0060286275,
0.425,-0.0019392695,
0.42525,-0.0027970602,
0.4255,0.0066578626,
0.42575,0.0152671710,
0.426,-0.0037089081,
0.42625,-0.0089082876,
0.4265,0.0114827231,
0.42675,0.0059385300,
0.427,-0.0013426584,
0.42725,-0.0015311730,
0.4275,0.0064240238,
0.42775,0.0042441236,
0.428,-0.0060078078,
0.42825,-0.0048473114,
0.4285,0.0057137208,
0.42875,0.0075265849,
0.429,-0.0023790468,
0.42925,0.0021901694,
0.4295,0.0016134533,
0.42975,-0.0015448697,
0.43,-0.0030819834,
0.43025,-0.0030635209,
0.4305,-0.0053619174,
0.43075,-0.0023502437,
0.431,0.0035404859,
0.43125,0.0027888832,
0.4315,-0.0059553138,
0.43175,-0.0045406870,
0.432,-0.0002329043,
0.43225,-0.0028733395,
0.4325,-0.0060546454,
0.43275,-0.0041018026,
0.433,0.0030650247,
0.43325,-0.0022847946,
0.4335,-0.0178754479,
0.43375,-0.0029711183,
0.434,0.0067248098,
0.43425,-0.0011706091,
0.4345,-0.0076818457,
0.43475,-0.0071530738,
0.435,0.0062135831,
0.43525,-0.0003017248,
0.4355,-0.0107670780,
0.43575,0.0021891037,
0.436,0.0061271410,
0.43625,-0.0001527339,
0.4365,-0.0006413185,
0.43675,0.0001758320,
0.437,0.0050666085,
0.43725,0.0072995969,
0.4375,-0.0007625500,
0.43775,-0.0008680910,
0.438,0.0067004100,
0.43825,0.0026580417,
0.4385,0.0046571204,
0.43875,0.0065110880,
0.439,0.0007306756,
0.43925,0.0137596894,
0.4395,0.0083677582,
0.43975,0.0009169569,
0.44,0.0069837952,
0.44025,0.0060342848,
0.4405,0.0087846145,
0.44075,0.0066498430,
0.441,0.0026775994,
0.44125,0.0089496784,
0.4415,0.0103548151,
0.44175,0.0006606305,
0.442,0.0017143320,
0.44225,0.0073733409,
0.4425,0.0105323251,
0.44275,0.0029481626,
0.443,-0.0101937409,
0.44325,0.0011551593,
0.4435,0.0071810097,
0.44375,-0.0031680358,
0.444,-0.0064993794,
0.44425,0.0043818192,
0.4445,0.0048546740,
0.44475,-0.0023966464,
0.445,-0.0060202903,
0.44525,-0.0054065981,
0.4455,0.0046729185,
0.44575,-0.0064233546,
0.446,-0.0085753938,
0.44625,0.0021993711,
0.4465,-0.0009972169,
0.44675,-0.0003764273,
0.447,-0.0038123983,
0.44725,-0.0030905146,
0.4475,-0.0034327870,
0.44775,0.0018631280,
0.448,-0.0027189360,
0.44825,-0.0054013710,
0.4485,0.0016837184,
0.44875,0.0001374798,
0.449,0.0018103119,
0.44925,-0.0004672245,
0.4495,0.0015987734,
0.44975,0.0081021860,
0.45,0.0045688576,
0.45025,-0.0000844692,
0.4505,-0.0009457648,
0.45075,0.0080776978,
0.451,0.0081892870,
0.45125,-0.0038844496,
0.4515,0.0027534114,
0.45175,0.0107828146,
0.452,0.0064435396,
0.45225,0.0051668943,
0.4525,0.0004412438,
0.45275,0.0065739634,
0.453,0.0077322549,
0.45325,-0.0028823384,
0.4535,0.0001330881,
0.45375,0.0073972722,
0.454,0.0072407927,
0.45425,0.0041425875,
0.4545,-0.0006428808,
0.45475,0.0017983170,
0.455,0.0064573642,
0.45525,-0.0008263104,
0.4555,0.0007253560,
0.45575,0.0013872304,
0.456,-0.0018798275,
0.45625,0.0063199634,
0.4565,-0.0029560120,
0.45675,-0.0024402589,
0.457,0.0054592495,
0.45725,-0.0034103035,
0.4575,0.0011979040,
0.45775,-0.0033804593,
0.458,-0.0042794026,
0.45825,0.0076169851,
0.4585,-0.0001063525,
0.45875,-0.0101856310,
0.459,0.0002061297,
0.45925,0.0030904484,
0.4595,-0.0012229012,
0.45975,-0.0082774330,
0.46,-0.0025389122,
0.46025,0.0099456441,
0.4605,-0.0010139653,
0.46075,-0.0149038387,
0.461,-0.0030729696,
0.46125,0.0029085923,
0.4615,-0.0040542139,
0.46175,-0.0027867411,
0.462,-0.0018774776,
0.46225,0.0016288462,
0.4625,0.0004319391,
0.46275,-0.0100959614,
0.463,-0.0017304934,
0.46325,0.0004224931,
0.4635,-0.0052353968,
0.46375,0.0011736737,
0.464,-0.0041858247,
0.46425,-0.0080364253,
0.4645,-0.0021826010,
0.46475,-0.0032482438,
0.465,-0.0103519242,
0.46525,-0.0035365855,
0.4655,0.0008607830,
0.46575,0.0005020658,
0.466,-0.0048739552,
0.46625,-0.0069846069,
0.4665,-0.0029656258,
0.46675,0.0023236421,
0.467,-0.0100967931,
0.46725,-0.0097954590,
0.4675,0.0048165363,
0.46775,-0.0000305033,
0.468,-0.0115220621,
0.46825,-0.0129052270,
0.4685,0.0010569722,
0.46875,0.0016339291,
0.469,-0.0079336921,
0.46925,-0.0081131589,
0.4695,-0.0014973921,
0.46975,0.0000145924,
0.47,-0.0080441069,
0.47025,-0.0059178355,
0.4705,0.0030690352,
0.47075,-0.0004219802,
0.471,-0.0045668539,
0.47125,-0.0034261958,
0.4715,-0.0070325732,
0.47175,-0.0036649005,
0.472,0.0020025163,
0.47225,-0.0026192041,
0.4725,-0.0040798453,
0.47275,-0.0028179595,
0.473,0.0002007446,
0.47325,-0.0009768415,
0.4735,-0.0067929160,
0.47375,-0.0005696946,
0.474,0.0036710165,
0.47425,-0.0002372627,
0.4745,-0.0071403328,
0.47475,-0.0009368287,
0.475,0.0032220483,
0.47525,0.0033975174,
0.4755,-0.0094409185,
0.47575,-0.0006077461,
0.476,0.0080425162,
0.47625,-0.0010639159,
0.4765,-0.0092247315,
0.47675,-0.0060628075,
0.477,0.0067431671,
0.47725,0.0038962683,
0.4775,-0.0078011486,
0.47775,-0.0034574757,
0.478,0.0026838740,
0.47825,-0.0019409502,
0.4785,-0.0053289537,
0.47875,-0.0041559762,
0.479,0.0041753147,
0.47925,0.0014841474,
0.4795,-0.0066889878,
0.47975,-0.0061811176,
0.48,-0.0032566905,
0.48025,-0.0026375430,
0.4805,-0.0017747883,
0.48075,-0.0016128086,
0.481,-0.0081232842,
0.48125,-0.0028643608,
0.4815,0.0027519399,
0.48175,-0.0047279010,
0.482,-0.0007557699,
0.48225,0.0005380357,
0.4825,0.0054022791,
0.48275,-0.0010057180,
0.483,-0.0078620324,
0.48325,0.0062117469,
0.4835,0.0038772952,
0.48375,-0.0027944192,
0.484,-0.0080764294,
0.48425,-0.0021857370,
0.4845,0.0067571597,
0.48475,-0.0031942665,
0.485,-0.0089651477,
0.48525,0.0004910215,
0.4855,0.0042731464,
0.48575,-0.0027487683,
0.486,-0.0080398945,
0.48625,-0.0014678123,
0.4865,0.0005464721,
0.48675,0.0011126172,
0.487,-0.0079467101,
0.48725,-0.0059428141,
0.4875,0.0052156295,
0.48775,-0.0044885818,
0.488,-0.0010366599,
0.48825,-0.0053934967,
0.4885,-0.0041375719,
0.48875,0.0032628819,
0.489,-0.0088573778,
0.48925,-0.0078520877,
0.4895,-0.0026774644,
0.48975,-0.0005627548,
0.49,0.0020050502,
0.49025,-0.0014716702,
0.4905,-0.0049628485,
0.49075,0.0006051233,
0.491,0.0038432318,
0.49125,-0.0040327497,
0.4915,-0.0033189249,
0.49175,0.0015724914,
0.492,0.0048337094,
0.49225,0.0027667847,
0.4925,-0.0116304904,
0.49275,0.0030029719,
0.493,0.0137778670,
0.49325,-0.0018532731,
0.4935,-0.0035794079,
0.49375,0.0094928732,
0.494,0.0070363213,
0.49425,-0.0003131647,
0.4945,-0.0079991808,
0.49475,0.0005059961,
0.495,0.0108527848,
0.49525,-0.0020398097,
0.4955,-0.0052561895,
0.49575,0.0071910843,
0.496,0.0035465660,
0.49625,0.0012766371,
0.4965,-0.0019858764,
0.49675,-0.0041493252,
0.497,0.0011472369,
0.49725,0.0032389432,
0.4975,0.0022559760,
0.49775,0.0003659769,
0.498,-0.0021435488,
0.49825,0.0012491390,
0.4985,0.0081899939,
0.49875,-0.0041888030,
0.499,-0.0004462581,
0.49925,0.0104125496,
0.4995,0.0016753832,
0.49975,-0.0038442472,
0.5,-0.0033927930,
0.50025,0.0061953776,
0.5005,0.0085583506,
0.50075,-0.0054581938,
0.501,-0.0048854649,
0.50125,0.0126755061,
0.5015,0.0081484253,
0.50175,-0.0020516007,
0.502,0.0015253092,
0.50225,0.0109404959,
0.5025,0.0085436124,
0.50275,0.0008261080,
0.503,-0.0006906633,
0.50325,0.0129263103,
0.5035,0.0131794345,
0.50375,-0.0006826115,
0.504,0.0024023401,
0.50425,0.0034985342,
0.5045,0.0066884691,
0.50475,0.0034035745,
0.505,-0.0040383679,
0.50525,0.0031646467,
0.5055,0.0017840352,
0.50575,0.0041247513,
0.506,0.0025814921,
0.50625,-0.0042775930,
0.5065,0.0039285850,
0.50675,0.0066997427,
0.507,0.0014217250,
0.50725,-0.0005120347,
0.5075,0.0029114131,
0.50775,0.0063715093,
0.508,0.0042215670,
0.50825,-0.0048512914,
0.5085,0.0011265617,
0.50875,0.0147723444,
0.509,0.0056551993,
0.50925,-0.0075330595,
0.5095,-0.0001955669,
0.50975,0.0049783625,
0.51,0.0040603080,
0.51025,-0.0029316670,
0.5105,-0.0010221427,
0.51075,0.0112481825,
0.511,0.0021137800,
0.51125,-0.0058918353,
0.5115,0.0000526315,
0.51175,0.0055364901,
0.512,0.0090127029,
0.51225,0.0036100526,
0.5125,0.0014816043,
0.51275,0.0035282455,
0.513,-0.0007132770,
0.51325,-0.0035847931,
0.5135,-0.0019192403,
0.51375,-0.0024207516,
0.514,0.0014594749,
0.51425,0.0043779672,
0.5145,-0.0052208677,
0.51475,-0.0051514665,
0.515,0.0027970499,
0.51525,0.0039903894,
0.5155,0.0031609063,
0.51575,-0.0015327077,
0.516,0.0037094909,
0.51625,0.0055187852,
0.5165,-0.0042125639,
0.51675,-0.0053863479,
0.517,0.0042006173,
0.51725,0.0092443740,
0.5175,-0.0014554553,
0.51775,-0.0067734541,
0.518,-0.0032541952,
0.51825,0.0059110494,
0.5185,0.0034467133,
0.51875,-0.0065952046,
0.519,0.0017594541,
0.51925,0.0050500683,
0.5195,-0.0041480861,
0.51975,-0.0016731026,
0.52,-0.0031021633,
0.52025,0.0066677006,
0.5205,0.0134523390,
0.52075,-0.0050434261,
0.521,-0.0021690237,
0.52125,0.0029508518,
0.5215,-0.0004530468,
0.52175,-0.0025209100,
0.522,-0.0008291025,
0.52225,0.0010616318,
0.5225,0.0025351949,
0.52275,-0.0010223254,
0.523,-0.0108262990,
0.52325,-0.0037105221,
0.5235,0.0041812449,
0.52375,0.0036510520,
0.524,0.0042305756,
0.52425,0.0004214811,
0.5245,0.0012138154,
0.52475,0.0007041683,
0.525,-0.0026271963,
0.52525,-0.0089184465,
0.5255,0.0062696221,
0.52575,0.0123762563,
0.526,-0.0050636330,
0.52625,-0.0076042265,
0.5265,-0.0033643793,
0.52675,0.0032752068,
0.527,-0.0027711983,
0.52725,-0.0115291327,
0.5275,-0.0013899511,
0.52775,0.0043898290,
0.528,-0.0061352933,
0.52825,-0.0096606445,
0.5285,-0.0005453877,
0.52875,0.0018860623,
0.529,-0.0009789327,
0.52925,-0.0034033847,
0.5295,-0.0030812235,
0.52975,0.0063523459,
0.53,-0.0053972574,
0.53025,-0.0056980653,
0.5305,-0.0031953468,
0.53075,-0.0081382459,
0.531,0.0033210006,
0.53125,-0.0001982017,
0.5315,-0.0102204783,
0.53175,-0.0041913874,
0.532,0.0016291223,
0.53225,-0.0001888597,
0.5325,-0.0073615182,
0.53275,-0.0044358117,
0.533,0.0047607026,
0.53325,0.0030375202,
0.5335,-0.0070244330,
0.53375,-0.0072943522,
0.534,0.0112552615,
0.53425,0.0057239546,
0.5345,-0.0085254563,
0.53475,-0.0013979339,
0.535,0.0097080655,
0.53525,0.0042844559,
0.5355,-0.0051354216,
0.53575,-0.0028845896,
0.536,0.0017494678,
0.53625,0.0078244209,
0.5365,-0.0015427383,
0.53675,-0.0025374782,
0.537,0.0073075988,
0.53725,0.0049568797,
0.5375,-0.0017808727,
0.53775,-0.0000885412,
0.538,0.0022813845,
0.53825,0.0053014392,
0.5385,0.0062153786,
0.53875,-0.0007299191,
0.539,0.0066900291,
0.53925,0.0051716873,
0.5395,0.0012933183,
0.53975,0.0045518405,
0.54,-0.0028400405,
0.54025,0.0022587245,
0.5405,0.0073770788,
0.54075,-0.0051815705,
0.541,-0.0015751400,
0.54125,-0.0010425746,
0.5415,0.0000240970,
0.54175,0.0071397554,
0.542,-0.0085817724,
0.54225,-0.0012140250,
0.5425,0.0145362560,
0.54275,-0.0004446955,
0.543,-0.0121834641,
0.54325,-0.0007532223,
0.5435,0.0089514311,
0.54375,-0.0005337241,
0.544,-0.0031963738,
0.54425,-0.0062885322,
0.5445,0.0061792014,
0.54475,-0.0024547705,
0.545,-0.0139716268,
0.54525,0.0012308370,
0.5455,0.0044294782,
0.54575,-0.0012752136,
0.546,-0.0020176468,
0.54625,-0.0031905437,
0.5465,-0.0001098845,
0.54675,0.0037481366,
0.547,-0.0015818507,
0.54725,0.0007204776,
0.5475,0.0023694895,
0.54775,-0.0007056012,
0.548,0.0009196228,
0.54825,-0.0028166133,
0.5485,-0.0028704109,
0.54875,0.0073010796,
0.549,0.0056059528,
0.54925,0.0023504328,
0.5495,0.0020009112,
0.54975,0.0074121738,
0.55,0.0101979803,
0.55025,0.0039266008,
0.5505,-0.0009908715,
0.55075,0.0086994860,
0.551,0.0101162959,
0.55125,-0.0009580342,
0.5515,-0.0008038909,
0.55175,0.0042573665,
0.552,0.0104318447,
0.55225,-0.0004270848,
0.5525,-0.0051706973,
0.55275,0.0064951051,
0.553,0.0067047426,
0.55325,0.0024583552,
0.5535,-0.0001911656,
0.55375,0.0029259059,
0.554,0.0055810581,
0.55425,0.0020143799,
0.5545,-0.0030645630,
0.55475,0.0016914979,
0.555,0.0049237376,
0.55525,0.0021040116,
0.5555,0.0002892452,
0.55575,-0.0062562516,
0.556,-0.0031085038,
0.55625,0.0027751192,
0.5565,-0.0038840526,
0.55675,-0.0033353250,
0.557,0.0039502028,
0.55725,-0.0018031781,
0.5575,-0.0020268753,
0.55775,-0.0042776237,
0.558,-0.0039113639,
0.55825,0.0093526347,
0.5585,0.0023227560,
0.55875,-0.0036289729,
0.559,-0.0015839015,
0.55925,0.0013606008,
0.5595,0.0061687520,
0.55975,-0.0055189705,
0.56,-0.0086653866,
0.56025,0.0062758466,
0.5605,0.0046650688,
0.56075,-0.0088272626,
0.561,-0.0010964007,
0.56125,0.0066514588,
0.5615,0.0096288631,
0.56175,0.0005937286,
0.562,-0.0024173413,
0.56225,0.0117725376,
0.5625,0.0079963030,
0.56275,0.0030048573,
0.563,0.0063822083,
0.56325,0.0038782973,
0.5635,0.0034080544,
0.56375,0.0008600054,
0.564,0.0017809325,
0.56425,0.0035975603,
0.5645,0.0085159037,
0.56475,0.0092630703,
0.565,0.0056098793,
0.56525,-0.0005320471,
0.5655,0.0014716993,
0.56575,0.0107484302,
0.566,0.0041889199,
0.56625,-0.0010953655,
0.5665,0.0093544526,
0.56675,0.0078788074,
0.567,-0.0019356468,
0.56725,-0.0053006485,
0.5675,0.0033972245,
0.56775,0.0111816768,
0.568,-0.0027011512,
0.56825,-0.0069231605,
0.5685,-0.0003114481,
0.56875,0.0022604631,
0.569,-0.0042760195,
0.56925,-0.0065989355,
0.5695,0.0003382710,
0.56975,0.0005776247,
0.57,-0.0055923946,
0.57025,-0.0102296583,
0.5705,-0.0032990864,
0.57075,-0.0009213255,
0.571,-0.0002745883,
0.57125,-0.0075091752,
0.5715,-0.0116525497,
0.57175,-0.0058048023,
0.572,-0.0062349201,
0.57225,-0.0071607986,
0.5725,-0.0096371779,
0.57275,-0.0089390622,
0.573,-0.0038544380,
0.57325,-0.0065886532,
0.5735,-0.0094006117,
0.57375,-0.0072868178,
0.574,0.0036963855,
0.57425,0.0017606628,
0.5745,-0.0042632744,
0.57475,-0.0026663360,
0.575,-0.0009961815,
0.57525,-0.0002671102,
0.5755,-0.0028474298,
0.57575,-0.0072742421,
0.576,0.0104194134,
0.57625,0.0105282608,
0.5765,-0.0062339641,
0.57675,-0.0013304146,
0.577,0.0088877259,
0.57725,0.0097376378,
0.5775,0.0057553537,
0.57775,0.0014706219,
0.578,0.0074467943,
0.57825,0.0032526464,
0.5785,-0.0076183258,
0.57875,-0.0052131410,
0.579,0.0076459949,
0.57925,0.0064136665,
0.5795,-0.0002458474,
0.57975,-0.0002282637,
0.58,-0.0051265722,
0.58025,-0.0034049549,
0.5805,0.0009315785,
0.58075,-0.0085880384,
0.581,-0.0056023686,
0.58125,-0.0058573950,
0.5815,-0.0041807867,
0.58175,-0.0063987034,
0.582,-0.0117986873,
0.58225,-0.0044498816,
0.5825,-0.0033355088,
0.58275,-0.0061085699,
0.583,-0.0160790570,
0.58325,-0.0059798411,
0.5835,-0.0048828628,
0.58375,-0.0096550640,
0.584,-0.0120449830,
0.58425,-0.0104542207,
0.5845,-0.0001733437,
0.58475,-0.0070310985,
0.585,-0.0130581334,
0.58525,-0.0081256833,
0.5855,0.0010488307,
0.58575,-0.0066739023,
0.586,-0.0107864151,
0.58625,-0.0035745008,
0.5865,-0.0035120246,
0.58675,0.0011973927,
0.587,-0.0078120665,
0.58725,-0.0056138826,
0.5875,0.0021888390,
0.58775,-0.0022439887,
0.588,-0.0050133816,
0.58825,-0.0060965489,
0.5885,0.0000484643,
0.58875,-0.0013938231,
0.589,-0.0011835981,
0.58925,-0.0073088035,
0.5895,-0.0046780263,
0.58975,0.0046510845,
0.59,0.0034987410,
0.59025,0.0005657272,
0.5905,0.0022261369,
0.59075,0.0016775846,
0.591,0.0037790155,
0.59125,0.0011564405,
0.5915,-0.0030391410,
0.59175,0.0054596555,
0.592,0.0065472964,
0.59225,-0.0031234187,
0.5925,-0.0077610281,
0.59275,0.0004867630,
0.593,0.0080797020,
0.59325,-0.0013381278,
0.5935,-0.0063957572,
0.59375,0.0007228839,
0.594,0.0059464616,
0.59425,-0.0052802381,
0.5945,-0.0107488781,
0.59475,-0.0005376555,
0.595,0.0016879754,
0.59525,-0.0038466994,
0.5955,-0.0065838662,
0.59575,0.0004552279,
0.596,0.0030681023,
0.59625,0.0001539412,
0.5965,-0.0047603869,
0.59675,-0.0006544149,
0.597,-0.0008018367,
0.59725,-0.0044716750,
0.5975,0.0038438658,
0.59775,-0.0043381290,
0.598,-0.0053315582,
0.59825,0.0039848257,
0.5985,-0.0005349258,
0.59875,-0.0068032364,
0.599,-0.0022607737,
0.59925,0.0012086665,
0.5995,0.0060385782,
0.59975,-0.0048672436,
0.6,-0.0040893825,
0.60025,0.0095831864,
0.6005,0.0072100414,
0.60075,-0.0082553793,
0.601,-0.0054272730,
0.60125,0.0139871612,
0.6015,0.0010079246,
0.60175,-0.0051118438,
0.602,0.0020569135,
0.60225,0.0047376351,
0.6025,0.0061368267,
0.60275,-0.0083368076,
0.603,-0.0058014765,
0.60325,0.0051704585,
0.6035,-0.0027158801,
0.60375,-0.0052027153,
0.604,-0.0013697552,
0.60425,-0.0009079562,
0.6045,-0.0002392094,
0.60475,-0.0019164273,
0.605,-0.0078701293,
0.60525,-0.0040269815,
0.6055,0.0029236991,
0.60575,0.0005307873,
0.606,-0.0029109195,
0.60625,-0.0027910406,
0.6065,-0.0006512101,
0.60675,0.0044996683,
0.607,-0.0021855272,
0.60725,-0.0038892915,
0.6075,0.0071357619,
0.60775,0.0022099586,
0.608,-0.0012082532,
0.60825,-0.0007673068,
0.6085,0.0008864727,
0.60875,0.0078837778,
0.609,0.0072377408,
0.60925,-0.0061725480,
0.6095,0.0048933327,
0.60975,0.0142607205,
0.61,0.0044294470,
0.61025,0.0017684151,
0.6105,0.0043276520,
0.61075,0.0094407648,
0.611,0.0085520465,
0.61125,-0.0037411861,
0.6115,-0.0015321025,
0.61175,0.0132041695,
0.612,0.0058430405,
0.61225,-0.0004676398,
0.6125,0.0062627573,
0.61275,0.0056088418,
0.613,0.0057085413,
0.61325,0.0021773933,
0.6135,0.0003542264,
0.61375,0.0054210294,
0.614,0.0035225828,
0.61425,0.0039195400,
0.6145,-0.0016955112,
0.61475,-0.0017728783,
0.615,0.0030511480,
0.61525,0.0039180843,
0.6155,-0.0012089078,
0.61575,-0.0019292673,
0.616,0.0057621440,
0.61625,0.0046269787,
0.6165,-0.0006159904,
0.61675,-0.0038542920,
0.617,0.0058500879,
0.61725,0.0086303819,
0.6175,-0.0032707490,
0.61775,-0.0030204658,
0.618,0.0026478474,
0.61825,0.0039711562,
0.6185,0.0012930174,
0.61875,-0.0011159973,
0.619,0.0022116788,
0.61925,0.0071247346,
0.6195,-0.0002711639,
0.61975,-0.0053434782,
0.62,0.0025129344,
0.62025,0.0052574202,
0.6205,0.0059126294,
0.62075,0.0015108451,
0.621,0.0011061369,
0.62125,0.0096395481,
0.6215,0.0054259733,
0.62175,-0.0049722590,
0.622,-0.0037815338,
0.62225,0.0041666580,
0.6225,0.0014993588,
0.62275,-0.0000384073,
0.623,-0.0013955153,
0.62325,-0.0028492997,
0.6235,0.0056201709,
0.62375,-0.0026936112,
0.624,-0.0050376346,
0.62425,0.0064300192,
0.6245,0.0023947861,
0.62475,0.0022905904,
0.625,-0.0040397160,
0.62525,-0.0108948443,
0.6255,0.0043019368,
0.62575,0.0090329470,
0.626,-0.0029339434,
0.62625,-0.0016905125,
0.6265,0.0047213733,
0.62675,0.0016660517,
0.627,-0.0038997177,
0.62725,-0.0077438303,
0.6275,0.0005830929,
0.62775,0.0068276930,
0.628,-0.0050708828,
0.62825,-0.0091689136,
0.6285,0.0022516421,
0.62875,0.0010725715,
0.629,-0.0007630056,
0.62925,-0.0017104781,
0.6295,-0.0004563810,
0.62975,0.0040456536,
0.63,-0.0032938705,
0.63025,-0.0027122619,
0.6305,-0.0031630355,
0.63075,0.0031629768,
0.631,0.0055177119,
0.63125,-0.0009395224,
0.6315,-0.0052666524,
0.63175,-0.0065651769,
0.632,0.0010336740,
0.63225,-0.0025612770,
0.6325,-0.0061016101,
0.63275,-0.0013630101,
0.633,0.0079406723,
0.63325,0.0016674119,
0.6335,-0.0139335115,
0.63375,-0.0047650570,
0.634,0.0076311948,
0.63425,0.0031755527,
0.6345,-0.0097586159,
0.63475,-0.0060507394,
0.635,0.0064070551,
0.63525,-0.0022035104,
0.6355,-0.0114922216,
0.63575,-0.0039153150,
0.636,0.0022875469,
0.63625,0.0014154484,
0.6365,-0.0073431656,
0.63675,-0.0048727309,
0.637,0.0004037850,
0.63725,-0.0005110598,
0.6375,-0.0049845092,
0.63775,-0.0042971964,
0.638,0.0011189312,
0.63825,0.0006762933,
0.6385,0.0007369469,
0.63875,-0.0064877635,
0.639,-0.0037559941,
0.63925,0.0037385079,
0.6395,0.0024660884,
0.63975,-0.0021756932,
0.64,-0.0038656387,
0.64025,0.0007396390,
0.6405,0.0014135831,
0.64075,-0.0004685195,
0.641,-0.0059679686,
0.64125,-0.0003132811,
0.6415,0.0055818353,
0.64175,-0.0030893807,
0.642,-0.0084366398,
0.64225,0.0001617921,
0.6425,0.0043625627,
0.64275,0.0034302687,
0.643,-0.0143122869,
0.64325,-0.0085902577,
0.6435,0.0114116631,
0.64375,-0.0035997652,
0.644,-0.0086462256,
0.64425,-0.0015534168,
0.6445,0.0028243943,
0.64475,-0.0011265324,
0.645,-0.0115927914,
0.64525,-0.0046499236,
0.6455,0.0071405456,
0.64575,0.0022770728,
0.646,-0.0082738670,
0.64625,-0.0001350333,
0.6465,-0.0012504505,
0.64675,-0.0007626610,
0.647,0.0034308485,
0.64725,-0.0018270467,
0.6475,-0.0002357152,
0.64775,0.0033812665,
0.648,0.0001758990,
0.64825,-0.0017232460,
0.6485,0.0006197351,
0.64875,0.0069024879,
0.649,0.0069854246,
0.64925,-0.0008990362,
0.6495,-0.0070469198,
0.64975,0.0082940459,
0.65,0.0066956915,
0.65025,-0.0014955393,
0.6505,-0.0014514558,
0.65075,0.0027157401,
0.651,0.0044420385,
0.65125,-0.0041051344,
0.6515,-0.0097809676,
0.65175,0.0030739256,
0.652,0.0126307085,
0.65225,0.0000519085,
0.6525,-0.0062758327,
0.65275,-0.0013984183,
0.653,0.0021468215,
0.65325,0.0022685605,
0.6535,-0.0026841681,
0.65375,0.0021492499,
0.654,0.0080461372,
0.65425,0.0007432484,
0.6545,-0.0096023027,
0.65475,-0.0040962305,
0.655,0.0021123721,
0.65525,0.0000892776,
0.6555,-0.0042205430,
0.65575,-0.0077499319,
0.656,-0.0049392497,
0.65625,0.0007327804,
0.6565,-0.0034687181,
0.65675,-0.0042304345,
0.657,0.0038114388,
0.65725,0.0024275575,
0.6575,0.0028577016,
0.65775,-0.0003043537,
0.658,-0.0002056015,
0.65825,0.0062215431,
0.6585,0.0066511943,
0.65875,-0.0007924414,
0.659,-0.0044150995,
0.65925,0.0050063250,
0.6595,0.0056554279,
0.65975,-0.0012163883,
0.66,-0.0076522632,
0.66025,0.0054130428,
0.6605,0.0119771920,
0.66075,-0.0045970343,
0.661,-0.0031438421,
0.66125,0.0073328223,
0.6615,0.0116552040,
0.66175,0.0023146891,
0.662,0.0016204582,
0.66225,0.0060684392,
0.6625,0.0124126486,
0.66275,0.0020233318,
0.663,-0.0028657038,
0.66325,0.0091893831,
0.6635,0.0041562603,
0.66375,0.0023984176,
0.664,0.0023900636,
0.66425,-0.0007178405,
0.6645,-0.0020010725,
0.66475,0.0060580354,
0.665,0.0011043918,
0.66525,-0.0053554163,
0.6655,-0.0006304983,
0.66575,0.0028646844,
0.666,0.0047946679,
0.66625,-0.0048179058,
0.6665,-0.0008649149,
0.66675,0.0129923597,
0.667,0.0026096017,
0.66725,-0.0069918679,
0.6675,0.0003561369,
0.66775,0.0118895564,
0.668,0.0019513387,
0.66825,-0.0119875735,
0.6685,-0.0041435072,
0.66875,0.0117620379,
0.669,-0.0007007166,
0.66925,-0.0064634588,
0.6695,0.0013608498,
0.66975,0.0038964881,
0.67,0.0040403781,
0.67025,-0.0040400000,
0.6705,0.0007307804,
0.67075,0.0104971221,
0.671,0.0011322219,
0.67125,0.0030967358,
0.6715,0.0030601616,
0.67175,-0.0010057596,
0.672,0.0032618712,
0.67225,0.0061737560,
0.6725,-0.0008813079,
0.67275,0.0023822079,
0.673,0.0084166080,
0.67325,0.0088209137,
0.6735,0.0043593580,
0.67375,-0.0027935132,
0.674,0.0080834776,
0.67425,0.0125291552,
0.6745,0.0042776363,
0.67475,0.0020009831,
0.675,0.0096007762,
0.67525,0.0135503616,
0.6755,0.0028855405,
0.67575,-0.0014491850,
0.676,0.0088197757,
0.67625,0.0154100638,
0.6765,0.0021614619,
0.67675,-0.0042162542,
0.677,0.0071569979,
0.67725,0.0115853138,
0.6775,0.0036395949,
0.67775,-0.0024817646,
0.678,0.0048046038,
0.67825,0.0057678465,
0.6785,0.0021842071,
0.67875,0.0000497495,
0.679,0.0030099449,
0.67925,0.0100448783,
0.6795,0.0029644556,
0.67975,-0.0048864773,
0.68,-0.0012586431,
0.68025,-0.0007254381,
0.6805,-0.0000205676,
0.68075,-0.0003543674,
0.681,-0.0081193317,
0.68125,-0.0071482547,
0.6815,0.0031480100,
0.68175,-0.0012384400,
0.682,-0.0060021272,
0.68225,0.0024167935,
0.6825,-0.0006157424,
0.68275,0.0037360433,
0.683,-0.0026333318,
0.68325,-0.0054415530,
0.6835,0.0064022969,
0.68375,-0.0021409965,
0.684,-0.0106832581,
0.68425,-0.0073785149,
0.6845,0.0062127253,
0.68475,0.0029778369,
0.685,-0.0073381718,
0.68525,-0.0018803227,
0.6855,-0.0005584614,
0.68575,0.0047633396,
0.686,-0.0037682410,
0.68625,-0.0053637037,
0.6865,0.0055601215,
0.68675,0.0037938184,
0.687,-0.0015847269,
0.68725,-0.0023499134,
0.6875,0.0033272861,
0.68775,0.0034561804,
0.688,-0.0000751839,
0.68825,-0.0053427126,
0.6885,-0.0022255660,
0.68875,0.0024136810,
0.689,-0.0030959994,
0.68925,-0.0049199415,
0.6895,-0.0083005764,
0.68975,0.0011006116,
0.69,0.0033758662,
0.69025,-0.0039726766,
0.6905,0.0004975224,
0.69075,-0.0004418000,
0.691,0.0010911819,
0.69125,0.0005287199,
0.6915,-0.0064704744,
0.69175,-0.0045900508,
0.692,0.0001705796,
0.69225,0.0005773233,
0.6925,-0.0118296109,
0.69275,-0.0061205048,
0.693,0.0056020445,
0.69325,-0.0028963501,
0.6935,-0.0104909912,
0.69375,-0.0072981790,
0.694,0.0012820326,
0.69425,0.0009546335,
0.6945,-0.0110482974,
0.69475,-0.0074984785,
0.695,0.0066038496,
0.69525,-0.0050950092,
0.6955,-0.0109548448,
0.69575,-0.0044810595,
0.696,0.0001437586,
0.69625,-0.0030390683,
0.6965,-0.0080250492,
0.69675,-0.0094602276,
0.697,-0.0082938047,
0.69725,-0.0082660699,
0.6975,-0.0053072213,
0.69775,-0.0031359475,
0.698,-0.0082996059,
0.69825,-0.0022961290,
0.6985,0.0040567168,
0.69875,-0.0044179601,
0.699,-0.0026089367,
0.69925,0.0032171898,
0.6995,0.0063455207,
0.69975,0.0020710230,
0.7,-0.0078462893,
0.70025,0.0045515811,
0.7005,0.0100836381,
0.70075,-0.0049071703,
0.701,-0.0083280988,
0.70125,0.0087312739,
0.7015,0.0082469434,
0.70175,-0.0017270929,
0.702,-0.0002191750,
0.70225,0.0079769967,
0.7025,0.0120776612,
0.70275,-0.0020171576,
0.703,-0.0066193850,
0.70325,0.0062551601,
0.7035,0.0057822270,
0.70375,0.0008047048,
0.704,0.0013354706,
0.70425,0.0047926470,
0.7045,0.0027870485,
0.70475,-0.0032787968,
0.705,-0.0059706075,
0.70525,-0.0037723116,
0.7055,-0.0009981388,
0.70575,0.0007603400,
0.706,0.0012964382,
0.70625,-0.0091334097,
0.7065,-0.0046834145,
0.70675,-0.0047304300,
0.707,-0.0049204370,
0.70725,-0.0019430212,
0.7075,-0.0035354195,
0.70775,-0.0006399609,
0.708,-0.0002472426,
0.70825,-0.0127559174,
0.7085,-0.0082062278,
0.70875,0.0050909375,
0.709,-0.0019208142,
0.70925,-0.0117548108,
0.7095,-0.0095043974,
0.70975,-0.0017250339,
0.71,-0.0011934552,
0.71025,-0.0078003206,
0.7105,-0.0074387477,
0.71075,0.0068023978,
0.711,0.0021047592,
0.71125,-0.0086306818,
0.7115,-0.0047240919,
0.71175,0.0034832242,
0.712,0.0024667338,
0.71225,-0.0026121351,
0.7125,-0.0012007909,
0.71275,0.0028465600,
0.713,0.0062838471,
0.71325,-0.0017751474,
0.7135,0.0013653060,
0.71375,0.0059043714,
0.714,0.0046053021,
0.71425,0.0102456277,
0.7145,0.0003108231,
0.71475,0.0033027192,
0.715,0.0104095601,
0.71525,0.0094430260,
0.7155,0.0081930654,
0.71575,0.0053286506,
0.716,0.0092067495,
0.71625,0.0060566487,
0.7165,0.0052919956,
0.71675,0.0003112130,
0.717,0.0081667965,
0.71725,0.0113005666,
0.7175,0.0015162833,
0.71775,-0.0041612121,
0.718,0.0018291728,
0.71825,0.0129957777,
0.7185,0.0041815448,
0.71875,0.0008911863,
0.719,0.0045255725,
0.71925,-0.0008913467,
0.7195,0.0012565588,
0.71975,-0.0064466661,
0.72,-0.0045157461,
0.72025,0.0090217665,
0.7205,0.0016709695,
0.72075,-0.0030321453,
0.721,-0.0023987161,
0.72125,-0.0013136929,
0.7215,-0.0027381608,
0.72175,-0.0035189060,
0.722,-0.0068998854,
0.72225,-0.0030852386,
0.7225,0.0009715419,
0.72275,-0.0087620104,
0.723,-0.0088202143,
0.72325,-0.0024177697,
0.7235,0.0009980527,
0.72375,-0.0009824308,
0.724,-0.0029232632,
0.72425,0.0004300230,
0.7245,0.0011305216,
0.72475,0.0014592858,
0.725,-0.0049862228,
0.72525,-0.0037872028,
0.7255,0.0046741432,
0.72575,0.0052685454,
0.726,-0.0002179556,
0.72625,-0.0046340665,
0.7265,0.0050695483,
0.72675,0.0038095489,
0.727,0.0007406989,
0.72725,-0.0032481598,
0.7275,0.0040973043,
0.72775,0.0089684958,
0.728,-0.0053222300,
0.72825,-0.0049431147,
0.7285,0.0036647213,
0.72875,0.0061501726,
0.729,0.0043801316,
0.72925,-0.0014400476,
0.7295,0.0057807975,
0.72975,0.0042548138,
0.73,-0.0021294591,
0.73025,0.0003165455,
0.7305,0.0040226108,
0.73075,0.0037327926,
0.731,0.0082841031,
0.73125,0.0029058706,
0.7315,-0.0047291266,
0.73175,-0.0003632628,
0.732,0.0026362780,
0.73225,0.0020226003,
0.7325,0.0001067546,
0.73275,0.0028649359,
0.733,0.0064888406,
0.73325,0.0001118538,
0.7335,-0.0104006557,
0.73375,-0.0006555485,
0.734,0.0128132999,
0.73425,0.0060927980,
0.7345,-0.0065911310,
0.73475,-0.0029279862,
0.735,0.0084624849,
0.73525,0.0013462832,
0.7355,-0.0070140236,
0.73575,0.0019136486,
0.736,0.0094856527,
0.73625,-0.0019424900,
0.7365,-0.0054450654,
0.73675,-0.0044334778,
0.737,-0.0022025758,
0.73725,0.0053827516,
0.7375,-0.0066054845,
0.73775,-0.0013472382,
0.738,0.0046588788,
0.73825,-0.0083277309,
0.7385,-0.0007884669,
0.73875,-0.0020744072,
0.739,-0.0045394697,
0.73925,0.0017665037,
0.7395,-0.0009744435,
0.73975,-0.0081529180,
0.74,-0.0073380065,
0.74025,-0.0049423762,
0.7405,-0.0064056236,
0.74075,-0.0042086295,
0.741,-0.0058165221,
0.74125,0.0012977994,
0.7415,0.0064865034,
0.74175,-0.0086708888,
0.742,-0.0114049120,
0.74225,-0.0022495976,
0.7425,0.0001008666,
0.74275,-0.0054716067,
0.743,-0.0144285243,
0.74325,-0.0026605735,
0.7435,0.0042270459,
0.74375,-0.0062191384,
0.744,-0.0094268946,
0.74425,0.0024195611,
0.7445,0.0031463834,
0.74475,-0.0022359674,
0.745,-0.0076520452,
0.74525,-0.0029128604,
0.7455,0.0057915486,
0.74575,-0.0031893610,
0.746,-0.0059319702,
0.74625,0.0004078163,
0.7465,0.0026088767,
0.74675,0.0010812086,
0.747,-0.0008283701,
0.74725,-0.0008153777,
0.7475,-0.0019473511,
0.74775,0.0025694156,
0.748,-0.0048293667,
0.74825,-0.0069688186,
0.7485,-0.0012142570,
0.74875,0.0008802259,
0.749,0.0027050688,
0.74925,-0.0016234496,
0.7495,-0.0000874850,
0.74975,0.0006577434,
0.75,0.0000018396,
0.75025,-0.0076385778,
0.7505,-0.0052781631,
0.75075,0.0054549016,
0.751,0.0009601068,
0.75125,-0.0069387304,
0.7515,-0.0093985517,
0.75175,0.0001633135,
0.752,0.0026649740,
0.75225,-0.0078990702,
0.7525,-0.0071428828,
0.75275,-0.0037373188,
0.753,-0.0010703272,
0.75325,-0.0080279727,
0.7535,-0.0115257604,
0.75375,0.0000034676,
0.754,-0.0003284798,
0.75425,-0.0051151500,
0.7545,-0.0081024952,
0.75475,-0.0061353850,
0.755,-0.0029664370,
0.75525,-0.0067760572,
0.7555,-0.0072988067,
0.75575,-0.0076246308,
0.756,-0.0039754128,
0.75625,-0.0036396692,
0.7565,-0.0058413018,
0.75675,-0.0047427537,
0.757,-0.0001183526,
0.75725,0.0049165986,
0.7575,-0.0033621234,
0.75775,-0.0033509722,
0.758,-0.0015634352,
0.75825,0.0019061510,
0.7585,0.0021601673,
0.75875,-0.0085180867,
0.759,-0.0025905049,
0.75925,0.0026114988,
0.7595,0.0010723884,
0.75975,-0.0076284967,
0.76,-0.0053054262,
0.76025,0.0059256172,
0.7605,0.0010208007,
0.76075,-0.0053565269,
0.761,-0.0066624884,
0.76125,0.0061355135,
0.7615,0.0033667032,
0.76175,-0.0059677353,
0.762,-0.0044382722,
0.76225,-0.0004251407,
0.7625,0.0014445572,
0.76275,-0.0053153029,
0.763,-0.0011058855,
0.76325,0.0000018374,
0.7635,-0.0008218781,
0.76375,-0.0034042187,
0.764,-0.0073336307,
0.76425,0.0004954993,
0.7645,0.0003486660,
0.76475,0.0033435228,
0.765,0.0024320367,
0.76525,-0.0058066137,
0.7655,0.0000371072,
0.76575,0.0057889912,
0.766,-0.0035071650,
0.76625,-0.0043509263,
0.7665,0.0032516043,
0.76675,0.0091086989,
0.767,-0.0014913136,
0.76725,-0.0100723663,
0.7675,0.0018909316,
0.76775,0.0102278534,
0.768,0.0005961522,
0.76825,-0.0093940683,
0.7685,0.0091285435,
0.76875,0.0117845656,
0.769,-0.0024317831,
0.76925,-0.0070539205,
0.7695,-0.0003057664,
0.76975,0.0093554948,
0.77,0.0021472636,
0.77025,-0.0028042458,
0.7705,0.0030389915,
0.77075,0.0044301143,
0.771,-0.0020258434,
0.77125,-0.0011346439,
0.7715,-0.0006783314,
0.77175,0.0002296466,
0.772,0.0037380937,
0.77225,0.0019797022,
0.7725,0.0000882231,
0.77275,-0.0023673829,
0.773,0.0014991201,
0.77325,0.0054206741,
0.7735,-0.0045454986,
0.77375,-0.0005179293,
0.774,0.0066451035,
0.77425,0.0052303672,
0.7745,-0.0018507030,
0.77475,-0.0069934363,
0.775,0.0076353881,
0.77525,0.0106445756,
0.7755,-0.0030555581,
0.77575,-0.0027044443,
0.776,0.0096340207,
0.77625,0.0120206187,
0.7765,-0.0026855911,
0.77675,-0.0053541064,
0.777,0.0122427093,
0.77725,0.0137171997,
0.7775,0.0030810514,
0.77775,-0.0039490084,
0.778,0.0055985991,
0.77825,0.0093847131,
0.7785,-0.0015947034,
0.77875,0.0013921735,
0.779,0.0058350684,
0.77925,0.0074252929,
0.7795,0.0034183790,
0.77975,-0.0022765601,
0.78,0.0011093636,
0.78025,0.0049759005,
0.7805,0.0035054027,
0.78075,0.0011712457,
0.781,-0.0030202419,
0.78125,-0.0013551267,
0.7815,0.0063362536,
0.78175,0.0037760672,
0.782,0.0010728304,
0.78225,0.0052213580,
0.7825,0.0072772284,
0.78275,0.0052822474,
0.783,-0.0004295082,
0.78325,0.0023958706,
0.7835,0.0127944257,
0.78375,0.0087463530,
0.784,-0.0025439686,
0.78425,-0.0025378652,
0.7845,0.0112668574,
0.78475,0.0062871515,
0.785,-0.0028014570,
0.78525,-0.0002390639,
0.7855,0.0088985562,
0.78575,0.0102798650,
0.786,-0.0020270757,
0.78625,-0.0006093499,
0.7865,0.0095233405,
0.78675,0.0080328705,
0.787,0.0023823606,
0.78725,0.0032707702,
0.7875,0.0088972235,
0.78775,0.0114300046,
0.788,0.0025002295,
0.78825,0.0003776941,
0.7885,-0.0018041821,
0.78875,0.0009700667,
0.789,0.0007438294,
0.78925,-0.0019250002,
0.7895,-0.0021060912,
0.78975,0.0021405667,
0.79,0.0041568642,
0.79025,0.0022345521,
0.7905,-0.0034715598,
0.79075,0.0017171991,
0.791,0.0088397255,
0.79125,0.0045836670,
0.7915,-0.0025237431,
0.79175,0.0026198928,
0.792,0.0042698607,
0.79225,0.0019888789,
0.7925,-0.0073616495,
0.79275,-0.0086521907,
0.793,0.0146035058,
0.79325,0.0022596887,
0.7935,-0.0090030599,
0.79375,0.0030016128,
0.794,0.0005093362,
0.79425,0.0006974941,
0.7945,-0.0082042934,
0.79475,-0.0082014836,
0.795,0.0077219610,
0.79525,0.0045041828,
0.7955,-0.0059889727,
0.79575,-0.0021995716,
0.796,0.0070323800,
0.79625,0.0013693632,
0.7965,0.0003920146,
0.79675,-0.0036710165,
0.797,-0.0077809170,
0.79725,0.0049069421,
0.7975,0.0004224084,
0.79775,-0.0035220669,
0.798,-0.0012220141,
0.79825,-0.0013270513,
0.7985,0.0047599766,
0.79875,0.0010207192,
0.799,-0.0029555466,
0.79925,0.0077044657,
0.7995,0.0049646995,
0.79975,-0.0020794752,
0.8,-0.0082165161,
0.80025,0.0046701953,
0.8005,0.0131328776,
0.80075,0.0036483379,
0.801,-0.0070995516,
0.80125,0.0002868843,
0.8015,0.0069633941,
0.80175,-0.0052483464,
0.802,-0.0076938644,
0.80225,0.0015005490,
0.8025,0.0075953677,
0.80275,-0.0037440078,
0.803,-0.0075867581,
0.80325,0.0005896949,
0.8035,0.0046338215,
0.80375,0.0000796995,
0.804,-0.0046671270,
0.80425,0.0010521417,
0.8045,0.0004381023,
0.80475,-0.0057839081,
0.805,-0.0072853961,
0.80525,-0.0083192848,
0.8055,-0.0043455740,
0.80575,-0.0014126722,
0.806,-0.0008860941,
0.80625,-0.0065068626,
0.8065,-0.0086672157,
0.80675,-0.0011275898,
0.807,-0.0023303819,
0.80725,-0.0049976357,
0.8075,-0.0045537036,
0.80775,0.0029872973,
0.808,0.0025637308,
0.80825,-0.0074838004,
0.8085,-0.0070390990,
0.80875,0.0054132743,
0.809,0.0036056740,
0.80925,-0.0098081445,
0.8095,-0.0103004035,
0.80975,0.0051115411,
0.81,0.0063187163,
0.81025,-0.0004524841,
0.8105,-0.0024951319,
0.81075,0.0072473218,
0.811,0.0068572154,
0.81125,-0.0076706945,
0.8115,-0.0020320448,
0.81175,0.0041283839,
0.812,0.0053861877,
0.81225,0.0046171243,
0.8125,-0.0010954062,
0.81275,0.0049534156,
0.813,0.0096148234,
0.81325,-0.0001123576,
0.8135,0.0022152611,
0.81375,0.0033995728,
0.814,0.0025489170,
0.81425,0.0086698420,
0.8145,0.0014909285,
0.81475,-0.0092618940,
0.815,0.0012037294,
0.81525,0.0045782779,
0.8155,-0.0035341608,
0.81575,0.0014822613,
0.816,0.0030053691,
0.81625,0.0044961339,
0.8165,0.0045840610,
0.81675,-0.0110639315,
0.817,0.0003685529,
0.81725,0.0108859027,
0.8175,-0.0013303638,
0.81775,-0.0093045533,
0.818,-0.0026526686,
0.81825,0.0023036685,
0.8185,0.0020687613,
0.81875,-0.0032250653,
0.819,-0.0054210890,
0.81925,0.0036726927,
0.8195,-0.0023475578,
0.81975,-0.0096442169,
0.82,-0.0035049729,
0.82025,-0.0003772758,
0.8205,0.0003412113,
0.82075,-0.0039778445,
0.821,-0.0100833159,
0.82125,0.0016745615,
0.8215,0.0008570536,
0.82175,-0.0008830178,
0.822,-0.0006647207,
0.82225,-0.0049651996,
0.8225,0.0002797834,
0.82275,-0.0006551358,
0.823,-0.0101458896,
0.82325,0.0004538360,
0.8235,0.0035964234,
0.82375,-0.0011744855,
0.824,0.0015310103,
0.82425,-0.0052416446,
0.8245,0.0030042655,
0.82475,0.0085319225,
0.825,-0.0007118979,
0.82525,0.0003146005,
0.8255,0.0047983550,
0.82575,0.0098421201,
0.826,0.0041114208,
0.82625,-0.0035145110,
0.8265,0.0031587135,
0.82675,0.0084595336,
0.827,0.0031429927,
0.82725,-0.0019335637,
0.8275,0.0015175352,
0.82775,0.0056845690,
0.828,0.0031612255,
0.82825,-0.0018712129,
0.8285,0.0035427208,
0.82875,0.0119637242,
0.829,0.0044754874,
0.82925,-0.0010573784,
0.8295,0.0027060427,
0.82975,0.0048523727,
0.83,0.0036284232,
0.83025,0.0003824315,
0.8305,-0.0027805872,
0.83075,0.0046137231,
0.831,0.0062460331,
0.83125,0.0036580816,
0.8315,0.0010434060,
0.83175,-0.0001981234,
0.832,0.0041114311,
0.83225,0.0012266956,
0.8325,-0.0051759966,
0.83275,-0.0014822874,
0.833,0.0070067709,
0.83325,0.0037600196,
0.8335,-0.0012047682,
0.83375,-0.0045349798,
0.834,0.0085100383,
0.83425,0.0097864121,
0.8345,-0.0081282686,
0.83475,-0.0057650162,
0.835,0.0057866415,
0.83525,0.0032239463,
0.8355,-0.0053296029,
0.83575,-0.0051795356,
0.836,0.0047814711,
0.83625,0.0068610245,
0.8365,-0.0023795832,
0.83675,0.0001276695,
0.837,0.0118702650,
0.83725,0.0095995115,
0.8375,0.0031876639,
0.83775,0.0033835692,
0.838,0.0057132677,
0.83825,0.0033134427,
0.8385,0.0005187427,
0.83875,0.0032212955,
0.839,0.0050153094,
0.83925,0.0050950665,
0.8395,0.0098224469,
0.83975,0.0054129101,
0.84,0.0000269858,
0.84025,0.0052816253,
0.8405,0.0072977841,
0.84075,0.0072500948,
0.841,0.0017567531,
0.84125,0.0065238206,
0.8415,0.0108615346,
0.84175,0.0038196263,
0.842,-0.0063959467,
0.84225,0.0026626587,
0.8425,0.0144784721,
0.84275,-0.0036638253,
0.843,-0.0050420063,
0.84325,-0.0005045925,
0.8435,0.0042772260,
0.84375,0.0042418065,
0.844,-0.0119614964,
0.84425,0.0013074817,
0.8445,0.0046972679,
0.84475,-0.0039547137,
0.845,-0.0020703305,
0.84525,-0.0027891293,
0.8455,0.0028635901,
0.84575,-0.0021391963,
0.846,-0.0071443408,
0.84625,-0.0089715179,
0.8465,-0.0020698244,
0.84675,-0.0009474286,
0.847,-0.0081616277,
0.84725,-0.0077223480,
0.8475,-0.0081643146,
0.84775,-0.0029730436,
0.848,-0.0038477371,
0.84825,-0.0102549978,
0.8485,-0.0040994813,
0.84875,0.0013230748,
0.849,0.0000884395,
0.84925,-0.0024205276,
0.8495,0.0011135704,
0.84975,0.0042440845,
0.85,0.0052242707,
0.85025,-0.0006105531,
0.8505,-0.0036595215,
0.85075,0.0063068792,
0.851,0.0067511993,
0.85125,-0.0026979703,
0.8515,-0.0025874162,
0.85175,0.0068690339,
0.852,0.0070923707,
0.85225,-0.0008392620,
0.8525,-0.0010084679,
0.85275,0.0058141975,
0.853,0.0062186308,
0.85325,0.0010625757,
0.8535,-0.0026795003,
0.85375,0.0053391950,
0.854,0.0102174515,
0.85425,0.0003306119,
0.8545,0.0002648459,
0.85475,0.0014486345,
0.855,0.0002020397,
0.85525,0.0019143581,
0.8555,-0.0044672438,
0.85575,-0.0036933227,
0.856,-0.0007753437,
0.85625,-0.0022858542,
0.8565,-0.0049380222,
0.85675,-0.0099613154,
0.857,-0.0043547973,
0.85725,-0.0045762709,
0.8575,-0.0047009345,
0.85775,-0.0109650856,
0.858,-0.0068456940,
0.85825,-0.0035698558,
0.8585,-0.0093354080,
0.85875,-0.0090470258,
0.859,-0.0092452196,
0.85925,-0.0009713485,
0.8595,-0.0018124855,
0.85975,-0.0151362177,
0.86,-0.0108683445,
0.86025,0.0003936634,
0.8605,-0.0071764933,
0.86075,-0.0134180943,
0.861,-0.0099195438,
0.86125,-0.0108525995,
0.8615,-0.0029900644,
0.86175,-0.0134725878,
0.862,-0.0106148850,
0.86225,0.0004638896,
0.8625,-0.0060853222,
0.86275,-0.0066457107,
0.863,-0.0110831708,
0.86325,-0.0064808158,
0.8635,-0.0043460671,
0.86375,-0.0031041994,
0.864,-0.0052493336,
0.86425,-0.0046348781,
0.8645,-0.0003710543,
0.86475,-0.0000978419,
0.865,-0.0076562976,
0.86525,-0.0062754615,
0.8655,0.0002628454,
0.86575,0.0016639223,
0.866,-0.0051952549,
0.86625,-0.0067316745,
0.8665,-0.0004546267,
0.86675,-0.0007364892,
0.867,-0.0019150360,
0.86725,-0.0088860849,
0.8675,0.0004995214,
0.86775,0.0077197659,
0.868,-0.0063162628,
0.86825,-0.0091568483,
0.8685,0.0054688887,
0.86875,0.0078122220,
0.869,-0.0040933113,
0.86925,-0.0071428344,
0.8695,-0.0034258999,
0.86975,0.0022434855,
0.87,0.0012752677,
0.87025,-0.0068365606,
0.8705,0.0013965045,
0.87075,0.0061080167,
0.871,-0.0056677815,
0.87125,-0.0065709176,
0.8715,-0.0005365556,
0.87175,-0.0034775916,
0.872,-0.0015660289,
0.87225,-0.0002740199,
0.8725,-0.0071888608,
0.87275,-0.0038765115,
0.873,0.0058995821,
0.87325,0.0003614156,
0.8735,-0.0011240984,
0.87375,0.0008580949,
0.874,-0.0039818906,
0.87425,0.0054691751,
0.8745,-0.0063277511,
0.87475,-0.0032204627,
0.875,0.0115598254,
0.87525,0.0008524569,
0.8755,-0.0051057208,
0.87575,-0.0063772365,
0.876,0.0045166709,
0.87625,0.0035968411,
0.8765,-0.0080314204,
0.87675,-0.0072882604,
0.877,0.0040400601,
0.87725,0.0010134891,
0.8775,-0.0075469362,
0.87775,-0.0083803954,
0.878,0.0002953539,
0.87825,0.0019331879,
0.8785,-0.0075756125,
0.87875,-0.0048536020,
0.879,0.0030667055,
0.87925,-0.0002210579,
0.8795,-0.0056564067,
0.87975,-0.0085788062,
0.88,-0.0038634506,
0.88025,0.0040665786,
0.8805,0.0002600962,
0.88075,-0.0021790701,
0.881,-0.0029040675,
0.88125,-0.0059574740,
0.8815,-0.0006799701,
0.88175,-0.0020438659,
0.882,-0.0053412365,
0.88225,0.0015420197,
0.8825,0.0021006817,
0.88275,0.0026695160,
0.883,0.0005739859,
0.88325,0.0043771220,
0.8835,0.0115770809,
0.88375,0.0038464507,
0.884,-0.0070889890,
0.88425,0.0062920009,
0.8845,0.0121358363,
0.88475,0.0056537921,
0.885,0.0001731939,
0.88525,0.0026985789,
0.8855,0.0123738945,
0.88575,0.0045670890,
0.886,-0.0016899932,
0.88625,0.0049819034,
0.8865,0.0110359769,
0.88675,0.0029675255,
0.887,0.0007690118,
0.88725,0.0040759919,
0.8875,0.0064520454,
0.88775,0.0068693887,
0.888,0.0022048873,
0.88825,0.0030688776,
0.8885,0.0048103505,
0.88875,0.0007187212,
0.889,0.0043099052,
0.88925,-0.0052403850,
0.8895,-0.0063838135,
0.88975,0.0035512289,
0.89,0.0006578668,
0.89025,-0.0044188253,
0.8905,0.0030005760,
0.89075,-0.0000029473,
0.891,0.0011530342,
0.89125,0.0026944545,
0.8915,-0.0089310221,
0.89175,0.0053362912,
0.892,0.0059146145,
0.89225,-0.0078530209,
0.8925,-0.0024884348,
0.89275,-0.0011979885,
0.893,0.0053360686,
0.89325,-0.0000903700,
0.8935,-0.0073238933,
0.89375,0.0039612958,
0.894,0.0068329317,
0.89425,0.0003931499,
0.8945,-0.0054320316,
0.89475,0.0001670030,
0.895,0.0058239540,
0.89525,0.0042144624,
0.8955,-0.0006357724,
0.89575,0.0046848259,
0.896,0.0115989000,
0.89625,0.0037355023,
0.8965,0.0002056597,
0.89675,-0.0021500974,
0.897,-0.0003606545,
0.89725,0.0066441698,
0.8975,-0.0001925764,
0.89775,-0.0023403547,
0.898,0.0012250799,
0.89825,0.0019675584,
0.8985,-0.0003257761,
0.89875,-0.0010295388,
0.899,-0.0001344296,
0.89925,0.0070540998,
0.8995,0.0077497917,
0.89975,-0.0034581344,
0.9,0.0027510612,
0.90025,0.0094099976,
0.9005,0.0058742883,
0.90075,-0.0001177088,
0.901,-0.0067220954,
0.90125,0.0072151665,
0.9015,0.0106855705,
0.90175,-0.0026664138,
0.902,0.0010396367,
0.90225,0.0063302852,
0.9025,0.0051195398,
0.90275,-0.0034626890,
0.903,-0.0070579769,
0.90325,0.0052557425,
0.9035,0.0087260501,
0.90375,0.0006963828,
0.904,-0.0010673002,
0.90425,0.0036540250,
0.9045,0.0010739024,
0.90475,-0.0024190373,
0.905,-0.0028317876,
0.90525,0.0010387471,
0.9055,0.0045840074,
0.90575,0.0040199598,
0.906,0.0053754188,
0.90625,-0.0044436897,
0.9065,-0.0067568943,
0.90675,0.0047969269,
0.907,-0.0047742217,
0.90725,-0.0052240128,
0.9075,0.0015674462,
0.90775,-0.0000374149,
0.908,-0.0016026701,
0.90825,-0.0136012416,
0.9085,-0.0069132047,
0.90875,0.0048662899,
0.909,0.0043923585,
0.90925,-0.0132924523,
0.9095,-0.0065570232,
0.90975,0.0059068766,
0.91,-0.0113601573,
0.91025,-0.0058047231,
0.9105,-0.0047714487,
0.91075,0.0000684422,
0.911,0.0096558277,
0.91125,-0.0109482352,
0.9115,-0.0039070025,
0.91175,0.0049904417,
0.912,-0.0001182480,
0.91225,-0.0007222733,
0.9125,-0.0049977247,
0.91275,-0.0018122618,
0.913,0.0002161388,
0.91325,-0.0053859991,
0.9135,-0.0073863748,
0.91375,0.0008839621,
0.914,0.0054438207,
0.91425,0.0026032939,
0.9145,0.0010477508,
0.91475,-0.0064452719,
0.915,0.0003106766,
0.91525,0.0059468811,
0.9155,-0.0026294971,
0.91575,0.0035130936,
0.916,0.0031203593,
0.91625,0.0040613986,
0.9165,-0.0015340367,
0.91675,-0.0088927038,
0.917,-0.0010129878,
0.91725,0.0092658987,
0.9175,-0.0013891920,
0.91775,-0.0124380179,
0.918,-0.0012122707,
0.91825,0.0014713204,
0.9185,-0.0054603210,
0.91875,-0.0045143426,
0.919,-0.0042550317,
0.91925,0.0071528889,
0.9195,-0.0025809035,
0.91975,-0.0114232572,
0.92,-0.0050885966,
0.92025,0.0019016648,
0.9205,0.0044285445,
0.92075,-0.0041053044,
0.921,-0.0029943441,
0.92125,0.0010942364,
0.9215,-0.0015474402,
0.92175,-0.0066853408,
0.922,-0.0026206365,
0.92225,-0.0014431513,
0.9225,0.0025147460,
0.92275,-0.0000925657,
0.923,-0.0091891391,
0.92325,-0.0016519404,
0.9235,0.0004372063,
0.92375,0.0018049304,
0.924,0.0016529491,
0.92425,-0.0024132666,
0.9245,0.0014062411,
0.92475,0.0020991676,
0.925,-0.0002401462,
0.92525,-0.0057642697,
0.9255,0.0054898397,
0.92575,0.0055194385,
0.926,0.0008261115,
0.92625,-0.0112491231,
0.9265,-0.0055562416,
0.92675,0.0106000891,
0.927,-0.0033862502,
0.92725,-0.0040925005,
0.9275,0.0010842779,
0.92775,0.0018841407,
0.928,-0.0003324248,
0.92825,-0.0083966404,
0.9285,-0.0027582643,
0.92875,0.0087195272,
0.929,0.0022044987,
0.92925,-0.0111540500,
0.9295,-0.0025821449,
0.92975,-0.0020778135,
0.93,-0.0042848149,
0.93025,-0.0014343566,
0.9305,-0.0083011165,
0.93075,0.0040517403,
0.931,-0.0002011050,
0.93125,-0.0033609299,
0.9315,-0.0026309416,
0.93175,-0.0030314734,
0.932,0.0049528736,
0.93225,0.0042023128,
0.9325,-0.0035081147,
0.93275,-0.0053767804,
0.933,0.0010850945,
0.93325,0.0026695780,
0.9335,-0.0041817320,
0.93375,-0.0024360719,
0.934,0.0067738220,
0.93425,0.0080532180,
0.9345,-0.0070327315,
0.93475,-0.0124134440,
0.935,0.0114074582,
0.93525,0.0092868526,
0.9355,-0.0038241651,
0.93575,-0.0027964662,
0.936,0.0067764344,
0.93625,0.0062952805,
0.9365,-0.0028773455,
0.93675,0.0012366762,
0.937,0.0100376476,
0.93725,0.0107452571,
0.9375,-0.0009494585,
0.93775,-0.0005565087,
0.938,0.0018335755,
0.93825,-0.0010480500,
0.9385,0.0036911434,
0.93875,0.0006081997,
0.939,-0.0010397094,
0.93925,0.0020562441,
0.9395,0.0039748922,
0.93975,0.0026464751,
0.94,-0.0026098392,
0.94025,0.0026093086,
0.9405,0.0100147426,
0.94075,0.0022795170,
0.941,-0.0054124380,
0.94125,0.0038817923,
0.9415,0.0087171709,
0.94175,0.0028207432,
0.942,-0.0017538341,
0.94225,0.0057450030,
0.9425,0.0096888747,
0.94275,0.0057088826,
0.943,-0.0083427336,
0.94325,-0.0067720003,
0.9435,0.0123605970,
0.94375,0.0019203726,
0.944,-0.0023173683,
0.94425,0.0022033560,
0.9445,0.0008943072,
0.94475,0.0081288088,
0.945,-0.0018665363,
0.94525,-0.0038941947,
0.9455,0.0142206708,
0.94575,0.0053109424,
0.946,-0.0049157436,
0.94625,-0.0012946753,
0.9465,0.0007264706,
0.94675,0.0052288035,
0.947,0.0037756281,
0.94725,-0.0011914228,
0.9475,0.0037972964,
0.94775,0.0056676962,
0.948,0.0048594931,
0.94825,0.0039520059,
0.9485,0.0034503806,
0.94875,0.0100735836,
0.949,0.0093157273,
0.94925,0.0050441483,
0.9495,0.0028900092,
0.94975,0.0105990386,
0.95,0.0152749708,
0.95025,0.0076327124,
0.9505,0.0037268465,
0.95075,0.0088880826,
0.951,0.0139336046,
0.95125,0.0055770553,
0.9515,-0.0028433176,
0.95175,0.0117292916,
0.952,0.0147622256,
0.95225,0.0048556272,
0.9525,0.0007671874,
0.95275,0.0052511697,
0.953,0.0120388614,
0.95325,0.0033445787,
0.9535,0.0001067000,
0.95375,0.0065666838,
0.954,0.0119165424,
0.95425,0.0041888314,
0.9545,-0.0029300223,
0.95475,-0.0000595137,
0.955,0.0021258371,
0.95525,-0.0007228390,
0.9555,-0.0011128355,
0.95575,-0.0013482918,
0.956,-0.0015875557,
0.95625,0.0020808731,
0.9565,0.0000091537,
0.95675,-0.0051907706,
0.957,-0.0013683876,
0.95725,-0.0011782909,
0.9575,0.0043202997,
0.95775,-0.0037346689,
0.958,-0.0046497439,
0.95825,0.0045074169,
0.9585,0.0010248248,
0.95875,-0.0065792054,
0.959,-0.0058302446,
0.95925,0.0066344901,
0.9595,0.0035440545,
0.95975,-0.0066082887,
0.96,-0.0086206859,
0.96025,0.0002208512,
0.9605,0.0072007980,
0.96075,-0.0071204603,
0.961,-0.0015369558,
0.96125,0.0076319491,
0.9615,0.0013192536,
0.96175,0.0034812049,
0.962,-0.0073266658,
0.96225,0.0034425762,
0.9625,0.0100389943,
0.96275,-0.0037264195,
0.963,-0.0004397055,
0.96325,-0.0025949962,
0.9635,-0.0016235275,
0.96375,0.0000564803,
0.964,-0.0037793175,
0.96425,-0.0053568808,
0.9645,0.0038293190,
0.96475,0.0042196475,
0.965,-0.0009597709,
0.96525,0.0009044189,
0.9655,-0.0008063146,
0.96575,0.0043825898,
0.966,0.0047830171,
0.96625,-0.0062941005,
0.9665,-0.0011221076,
0.96675,0.0071637714,
0.967,-0.0036451486,
0.96725,-0.0105687873,
0.9675,-0.0010305429,
0.96775,0.0072850659,
0.968,0.0035524420,
0.96825,-0.0110169798,
0.9685,-0.0026362971,
0.96875,0.0103185978,
0.969,-0.0026912754,
0.96925,-0.0095960349,
0.9695,0.0006937281,
0.96975,0.0029774853,
0.97,-0.0042367536,
0.97025,-0.0088996477,
0.9705,-0.0080465786,
0.97075,0.0039354195,
0.971,-0.0044805217,
0.97125,-0.0096342964,
0.9715,-0.0018174399,
0.97175,-0.0088195130,
0.972,-0.0094801802,
0.97225,-0.0047788816,
0.9725,-0.0114866635,
0.97275,-0.0077089611,
0.973,0.0001155944,
0.97325,-0.0000100435,
0.9735,-0.0004414306,
0.97375,-0.0051617939,
0.974,-0.0023812177,
0.97425,0.0079152677,
0.9745,-0.0035094065,
0.97475,-0.0053389226,
0.975,0.0072232094,
0.97525,0.0019878550,
0.9755,-0.0077827037,
0.97575,-0.0108630946,
0.976,0.0033539752,
0.97625,0.0074796453,
0.9765,-0.0033989768,
0.97675,-0.0072658882,
0.977,0.0088413982,
0.97725,0.0088815624,
0.9775,-0.0029381772,
0.97775,-0.0007539364,
0.978,0.0027137692,
0.97825,0.0053268787,
0.9785,-0.0002915931,
0.97875,-0.0067692413,
0.979,0.0036204713,
0.97925,0.0050211484,
0.9795,-0.0014778383,
0.97975,-0.0068713035,
0.98,-0.0074955970,
0.98025,-0.0034486670,
0.9805,-0.0021985702,
0.98075,-0.0056496924,
0.981,-0.0063151177,
0.98125,-0.0051973411,
0.9815,-0.0018871453,
0.98175,-0.0084780334,
0.982,-0.0080494499,
0.98225,-0.0003965917,
0.9825,0.0016020302,
0.98275,-0.0026791110,
0.983,-0.0055393395,
0.98325,-0.0067396937,
0.9835,-0.0018700683,
0.98375,0.0006654479,
0.984,-0.0132624200,
0.98425,-0.0090430919,
0.9845,0.0013507316,
0.98475,-0.0058103651,
0.985,-0.0149318241,
0.98525,-0.0068156444,
0.9855,0.0015988243,
0.98575,0.0024533002,
0.986,-0.0047971467,
0.98625,-0.0057979887,
0.9865,0.0048570945,
0.98675,0.0010251880,
0.987,-0.0060100630,
0.98725,0.0036141986,
0.9875,0.0059982431,
0.98775,0.0073204911,
0.988,0.0020488431,
0.98825,-0.0003823749,
0.9885,0.0064869779,
0.98875,0.0049861385,
0.989,0.0063023893,
0.98925,0.0048007453,
0.9895,-0.0019724439,
0.98975,0.0046249265,
0.99,0.0058196224,
0.99025,-0.0025953793,
0.9905,0.0030856708,
0.99075,0.0035979021,
0.991,0.0036212511,
0.99125,0.0044060550,
0.9915,-0.0011887527,
0.99175,0.0052843587,
0.992,0.0078921430,
0.99225,-0.0002570163,
0.9925,-0.0068675349,
0.99275,0.0004979026,
0.993,0.0058971699,
0.99325,-0.0021459043,
0.9935,-0.0010654269,
0.99375,-0.0007183237,
0.994,0.0028863735,
0.99425,-0.0015945175,
0.9945,-0.0140874078,
0.99475,-0.0044355504,
0.995,0.0024275177,
0.99525,-0.0051751807,
0.9955,-0.0033757312,
0.99575,-0.0044725677,
0.996,0.0016900802,
0.99625,-0.0007846756,
0.9965,-0.0070035327,
0.99675,-0.0004845793,
0.997,-0.0012439888,
0.99725,-0.0009555108,
0.9975,-0.0023747897,
0.99775,-0.0074131419,
0.998,-0.0060433010,
0.99825,0.0022851299,
0.9985,-0.0003817418,
0.99875,-0.0016015300,
0.999,0.0031197655,
0.99925,0.0012479166,
0.9995,0.0081116427,
0.99975,-0.0071801431,
1,-0.0044841315,
1.00025,0.0073212953,
1.0005,0.0052882102,
1.00075,-0.0047370773,
1.001,-0.0079718437,
1.00125,0.0089784358,
1.0015,0.0062368736,
1.00175,-0.0043164175,
1.002,0.0002601873,
1.00225,0.0088426005,
1.0025,0.0057025156,
1.00275,-0.0052839243,
1.003,-0.0033236262,
1.00325,0.0083762780,
1.0035,0.0062906640,
1.00375,-0.0018555233,
1.004,0.0031734523,
1.00425,0.0083222259,
1.0045,0.0047217133,
1.00475,0.0012437777,
1.005,0.0055752881,
1.00525,0.0005378380,
1.0055,-0.0020543449,
1.00575,0.0056065735,
1.006,0.0022322182,
1.00625,-0.0036012270,
1.0065,0.0003423891,
1.00675,0.0057159932,
1.007,0.0059519969,
1.00725,-0.0037207538,
1.0075,0.0008376573,
1.00775,0.0113450550,
1.008,0.0041486211,
1.00825,-0.0051202257,
1.0085,0.0031065233,
1.00875,0.0124970153,
1.009,0.0025787959,
1.00925,-0.0079002194,
1.0095,0.0018378883,
1.00975,0.0109461034,
1.01,0.0005784062,
1.01025,-0.0035883046,
1.0105,0.0093095275,
1.01075,0.0050317049,
1.011,0.0000007594,
1.01125,-0.0025490723,
1.0115,-0.0051607448,
1.01175,0.0096513815,
1.012,0.0015535622,
1.01225,-0.0026265252,
1.0125,0.0086489785,
1.01275,-0.0006706742,
1.013,0.0009643691,
1.01325,0.0037282726,
1.0135,-0.0090067787,
1.01375,0.0003770451,
1.014,0.0065382477,
1.01425,-0.0031267079,
1.0145,-0.0020353948,
1.01475,-0.0047047446,
1.015,-0.0039688605,
1.01525,0.0044157295,
1.0155,-0.0110863037,
1.01575,-0.0031685086,
1.016,0.0079174088,
1.01625,-0.0046821656,
1.0165,-0.0023960816,
1.01675,-0.0059881350,
1.017,-0.0025214148,
1.01725,0.0056151869,
1.0175,-0.0071673254,
1.01775,-0.0143145537,
1.018,0.0031198072,
1.01825,0.0011104542,
1.0185,-0.0089645796,
1.01875,-0.0044722520,
1.019,-0.0025659990,
1.01925,0.0026398804,
1.0195,0.0010808078,
1.01975,-0.0094363289,
1.02,0.0043892176,
1.02025,0.0053622643,
1.0205,-0.0060092034,
1.02075,-0.0013022928,
1.021,-0.0004423676,
1.02125,0.0019492807,
1.0215,-0.0003190767,
1.02175,-0.0048157182,
1.022,-0.0028803165,
1.02225,0.0030711354,
1.0225,0.0008637144,
1.02275,0.0009802234,
1.023,-0.0009989591,
1.02325,-0.0029453747,
1.0235,0.0060494421,
1.02375,-0.0020791809,
1.024,-0.0010291077,
1.02425,0.0023571544,
1.0245,-0.0006809420,
1.02475,0.0053745420,
1.025,-0.0052777627,
1.02525,-0.0040824977,
1.0255,0.0066238265,
1.02575,0.0024546180,
1.026,-0.0043818397,
1.02625,-0.0070301676,
1.0265,-0.0023590475,
1.02675,0.0011840747,
1.027,-0.0061239093,
1.02725,-0.0105849393,
1.0275,0.0009580134,
1.02775,-0.0022711535,
1.028,-0.0107170027,
1.02825,-0.0085066501,
1.0285,-0.0055516530,
1.02875,-0.0009378922,
1.029,-0.0062634572,
1.02925,-0.0109990053,
1.0295,-0.0017674511,
1.02975,0.0000597741,
1.03,-0.0107299238,
1.03025,-0.0049049682,
1.0305,-0.0118873585,
1.03075,-0.0064035682,
1.031,0.0007509670,
1.03125,-0.0088719660,
1.0315,-0.0040288819,
1.03175,-0.0013742272,
1.032,-0.0014156702,
1.03225,-0.0048425263,
1.0325,-0.0047806655,
1.03275,-0.0025753330,
1.033,0.0051958198,
1.03325,-0.0005155624,
1.0335,-0.0105217397,
1.03375,0.0001755913,
1.034,0.0042797155,
1.03425,-0.0012694219,
1.0345,-0.0087698754,
1.03475,-0.0042933063,
1.035,0.0087376572,
1.03525,0.0030751652,
1.0355,-0.0084570926,
1.03575,-0.0012259306,
1.036,0.0057977438,
1.03625,-0.0016733715,
1.0365,-0.0039169327,
1.03675,-0.0003106454,
1.037,0.0047966950,
1.03725,0.0004258638,
1.0375,-0.0043975706,
1.03775,-0.0028068898,
1.038,0.0013801107,
1.03825,-0.0018448598,
1.0385,-0.0014091498,
1.03875,0.0013460615,
1.039,-0.0035798142,
1.03925,0.0033889755,
1.0395,0.0026439119,
1.03975,-0.0053705713,
1.04,-0.0035104319,
1.04025,0.0029349262,
1.0405,0.0044554840,
1.04075,-0.0023649877,
1.041,-0.0050116340,
1.04125,0.0021843589,
1.0415,0.0050500529,
1.04175,-0.0038411412,
1.042,-0.0073898491,
1.04225,0.0025990698,
1.0425,0.0071306052,
1.04275,-0.0034137452,
1.043,-0.0104635153,
1.04325,0.0013449767,
1.0435,0.0042308811,
1.04375,0.0004890701,
1.044,-0.0062785787,
1.04425,-0.0017065003,
1.0445,0.0080042854,
1.04475,-0.0033916240,
1.045,-0.0048211506,
1.04525,0.0005959339,
1.0455,0.0027505783,
1.04575,-0.0000732848,
1.046,-0.0101206694,
1.04625,-0.0058739735,
1.0465,-0.0004346365,
1.04675,-0.0005186783,
1.047,-0.0030067831,
1.04725,-0.0045239609,
1.0475,-0.0031501050,
1.04775,0.0002988474,
1.048,0.0014106706,
1.04825,-0.0036065876,
1.0485,0.0021336055,
1.04875,0.0070807687,
1.049,-0.0000121977,
1.04925,-0.0018279999,
1.0495,-0.0043693306,
1.04975,0.0066227531,
1.05,0.0090646967,
1.05025,-0.0018112235,
1.0505,0.0024579754,
1.05075,0.0094265006,
1.051,0.0078086648,
1.05125,-0.0045298655,
1.0515,-0.0039880616,
1.05175,0.0110695092,
1.052,0.0132731758,
1.05225,0.0007220459,
1.0525,-0.0043309252,
1.05275,0.0086269202,
1.053,0.0044075381,
1.05325,-0.0003857349,
1.0535,0.0033838432,
1.05375,0.0089550139,
1.054,0.0095417853,
1.05425,0.0014438191,
1.0545,-0.0013707804,
1.05475,0.0015961609,
1.055,0.0062149647,
1.05525,0.0032654665,
1.0555,0.0020527057,
1.05575,-0.0003593566,
1.056,-0.0045627351,
1.05625,0.0041384324,
1.0565,-0.0015080697,
1.05675,-0.0035619431,
1.057,0.0023195306,
1.05725,0.0078047551,
1.0575,0.0001761435,
1.05775,-0.0026902205,
1.058,0.0049390732,
1.05825,0.0092403647,
1.0585,0.0081301602,
1.05875,-0.0040482813,
1.059,0.0030670259,
1.05925,0.0102723707,
1.0595,0.0034098681,
1.05975,-0.0060099373,
1.06,-0.0022791096,
1.06025,0.0121920761,
1.0605,0.0037718676,
1.06075,-0.0002502174,
1.061,-0.0002461105,
1.06125,0.0047310172,
1.0615,0.0096627204,
1.06175,0.0004624195,
1.062,-0.0007743947,
1.06225,0.0082081733,
1.0625,0.0089873802,
1.06275,-0.0021633955,
1.063,-0.0000447108,
1.06325,-0.0002141984,
1.0635,0.0038316802,
1.06375,0.0031601326,
1.064,-0.0044032456,
1.06425,0.0001865193,
1.0645,0.0009806589,
1.06475,0.0022619818,
1.065,-0.0007311723,
1.06525,-0.0010104936,
1.0655,0.0048315097,
1.06575,0.0079572042,
1.066,0.0035065694,
1.06625,-0.0022421989,
1.0665,0.0023982783,
1.06675,0.0059513450,
1.067,0.0053056702,
1.06725,-0.0086539229,
1.0675,-0.0004245572,
1.06775,0.0136539098,
1.068,-0.0013230632,
1.06825,-0.0089991922,
1.0685,-0.0000341946,
1.06875,0.0094767008,
1.069,0.0038193776,
1.06925,-0.0061724712,
1.0695,0.0019511429,
1.06975,0.0140489433,
1.07,0.0006823972,
1.07025,-0.0060080010,
1.0705,0.0033216882,
1.07075,0.0063321809,
1.071,0.0040135216,
1.07125,0.0028659485,
1.0715,-0.0035173157,
1.07175,0.0017779634,
1.072,-0.0002013486,
1.07225,-0.0032845424,
1.0725,0.0035385173,
1.07275,-0.0035913056,
1.073,0.0025615045,
1.07325,0.0114089204,
1.0735,-0.0044876435,
1.07375,-0.0038175948,
1.074,0.0075166170,
1.07425,0.0049766670,
1.0745,0.0008664094,
1.07475,-0.0002521079,
1.075,0.0041028149,
1.07525,0.0079743462,
1.0755,-0.0041721081,
1.07575,-0.0095852613,
1.076,0.0069813714,
1.07625,0.0098702451,
1.0765,-0.0077877562,
1.07675,-0.0090511907,
1.077,0.0069454988,
1.07725,0.0021143295,
1.0775,-0.0039960248,
1.07775,-0.0069264178,
1.078,-0.0013184246,
1.07825,0.0055670459,
1.0785,-0.0049362849,
1.07875,-0.0058279773,
1.079,0.0031673494,
1.07925,0.0069185062,
1.0795,-0.0023083459,
1.07975,-0.0047881017,
1.08,-0.0057561928,
1.08025,-0.0060588196,
1.0805,-0.0002233915,
1.08075,-0.0043001655,
1.081,-0.0084904470,
1.08125,-0.0001249874,
1.0815,0.0026927514,
1.08175,-0.0041085389,
1.082,-0.0043032630,
1.08225,-0.0033161647,
1.0825,0.0019601102,
1.08275,0.0011510669,
1.083,-0.0087057017,
1.08325,-0.0002840303,
1.0835,0.0059334934,
1.08375,-0.0010465161,
1.084,-0.0044606607,
1.08425,-0.0077183982,
1.0845,0.0072723208,
1.08475,0.0070693465,
1.085,-0.0081867017,
1.08525,-0.0005031410,
1.0855,0.0051823780,
1.08575,0.0046139667,
1.086,0.0007131117,
1.08625,-0.0045543946,
1.0865,0.0084753186,
1.08675,0.0058778869,
1.087,-0.0024489923,
1.08725,-0.0016108131,
1.0875,0.0083736153,
1.08775,0.0044237594,
1.088,-0.0006959985,
1.08825,0.0007227552,
1.0885,-0.0025262868,
1.08875,0.0079423171,
1.089,0.0035491278,
1.08925,-0.0013644308,
1.0895,-0.0059807277,
1.08975,-0.0020696381,
1.09,0.0036038950,
1.09025,-0.0025382743,
1.0905,-0.0017837791,
1.09075,-0.0016681973,
1.091,0.0056791021,
1.09125,-0.0052376692,
1.0915,-0.0082753124,
1.09175,0.0030406865,
1.092,0.0015960906,
1.09225,0.0013098693,
1.0925,-0.0111525282,
1.09275,-0.0000978172,
1.093,0.0037934596,
1.09325,-0.0062123323,
1.0935,-0.0050226953,
1.09375,-0.0029722499,
1.094,0.0011238229,
1.09425,-0.0009427271,
1.0945,-0.0099074701,
1.09475,-0.0055242614,
1.095,0.0013187669,
1.09525,-0.0038647293,
1.0955,-0.0066148355,
1.09575,-0.0066181174,
1.096,0.0009629335,
1.09625,0.0025467575,
1.0965,-0.0029692301,
1.09675,-0.0031638895,
1.097,0.0040914752,
1.09725,0.0017126298,
1.0975,-0.0018001904,
1.09775,-0.0022122646,
1.098,-0.0049517122,
1.09825,0.0070581003,
1.0985,-0.0000549213,
1.09875,-0.0031521642,
1.099,0.0022977651,
1.09925,-0.0009836589,
1.0995,0.0072397804,
1.09975,0.0009321144,
1.1,-0.0041962089,
1.10025,0.0063727302,
1.1005,0.0112553770,
1.10075,-0.0031236003,
1.101,-0.0068886410,
1.10125,0.0057309149,
1.1015,0.0078689903,
1.10175,-0.0009270613,
1.102,-0.0037957709,
1.10225,0.0073231123,
1.1025,0.0101769604,
1.10275,-0.0043896264,
1.103,-0.0085302638,
1.10325,0.0046210717,
1.1035,0.0064097163,
1.10375,-0.0013502736,
1.104,-0.0021341492,
1.10425,0.0046040695,
1.1045,0.0033469184,
1.10475,-0.0039865673,
1.105,-0.0015171277,
1.10525,-0.0019730187,
1.1055,0.0017826083,
1.10575,0.0020660302,
1.106,0.0035154251,
1.10625,-0.0023277854,
1.1065,-0.0012335323,
1.10675,0.0033246994,
1.107,0.0025431500,
1.10725,-0.0022035479,
1.1075,-0.0030086914,
1.10775,0.0085454099,
1.108,0.0060189171,
1.10825,-0.0081775170,
1.1085,-0.0023216046,
1.10875,0.0101511702,
1.109,0.0024000120,
1.10925,-0.0090020234,
1.1095,-0.0017502441,
1.10975,0.0063675931,
1.11,0.0035067368,
1.11025,-0.0075653037,
1.1105,0.0038444344,
1.11075,0.0102629429,
1.111,-0.0003772298,
1.11125,-0.0020565987,
1.1115,0.0015296123,
1.11175,0.0099909967,
1.112,0.0099600563,
1.11225,0.0070124348,
1.1125,0.0037502199,
1.11275,0.0072773667,
1.113,0.0034626345,
1.11325,-0.0019680248,
1.1135,0.0046163746,
1.11375,-0.0036621857,
1.114,0.0105335545,
1.11425,0.0073202346,
1.1145,-0.0049363431,
1.11475,0.0041112462,
1.115,0.0034439960,
1.11525,0.0075014285,
1.1155,0.0045257607,
1.11575,0.0051907455,
1.116,0.0120296814,
1.11625,0.0083498228,
1.1165,0.0000313116,
1.11675,-0.0028579314,
1.117,0.0060021235,
1.11725,0.0096595604,
1.1175,0.0009332701,
1.11775,-0.0040510129,
1.118,0.0033626226,
1.11825,0.0080114212,
1.1185,-0.0010652952,
1.11875,-0.0049871816,
1.119,0.0023162421,
1.11925,0.0039588641,
1.1195,0.0024669352,
1.11975,-0.0080900490,
1.12,-0.0028710696,
1.12025,0.0050634374,
1.1205,-0.0039973073,
1.12075,-0.0040176399,
1.121,-0.0005120799,
1.12125,0.0014193377,
1.1215,0.0003905486,
1.12175,-0.0069858558,
1.122,-0.0074190809,
1.12225,-0.0021878816,
1.1225,-0.0028656938,
1.12275,-0.0029027720,
1.123,-0.0026331777,
1.12325,-0.0021783314,
1.1235,0.0049842158,
1.12375,-0.0025640978,
1.124,0.0006221937,
1.12425,0.0033015476,
1.1245,0.0047629587,
1.12475,0.0024590630,
1.125,0.0000096488,
1.12525,-0.0000270576,
1.1255,0.0063605448,
1.12575,0.0129220299,
1.126,-0.0028368458,
1.12625,0.0002117433,
1.1265,0.0071744360,
1.12675,0.0055394596,
1.127,0.0039209845,
1.12725,0.0001034206,
1.1275,0.0064873220,
1.12775,0.0070218872,
1.128,0.0005558388,
1.12825,-0.0027788426,
1.1285,0.0041350536,
1.12875,0.0096195154,
1.129,0.0001910133,
1.12925,-0.0019605176,
1.1295,-0.0013960728,
1.12975,0.0035979659,
1.13,-0.0046658446,
1.13025,-0.0069531836,
1.1305,-0.0032192131,
1.13075,-0.0023694783,
1.131,0.0009441479,
1.13125,-0.0088960249,
1.1315,-0.0075652520,
1.13175,-0.0044657961,
1.132,-0.0064166617,
1.13225,-0.0069401343,
1.1325,-0.0074446769,
1.13275,-0.0069299862,
1.133,-0.0043472182,
1.13325,-0.0045735803,
1.1335,-0.0124987829,
1.13375,-0.0092406776,
1.134,0.0031497078,
1.13425,-0.0051191952,
1.1345,-0.0143264271,
1.13475,-0.0066965437,
1.135,0.0033865394,
1.13525,-0.0033663223,
1.1355,-0.0083277300,
1.13575,-0.0092894034,
1.136,0.0012456155,
1.13625,-0.0046497360,
1.1365,-0.0172797069,
1.13675,0.0004732181,
1.137,0.0039085648,
1.13725,-0.0043674391,
1.1375,-0.0066801086,
1.13775,-0.0064982716,
1.138,-0.0034118292,
1.13825,-0.0039898301,
1.1385,-0.0019057633,
1.13875,-0.0020439541,
1.139,-0.0015328305,
1.13925,-0.0046959105,
1.1395,-0.0034236794,
1.13975,-0.0049535837,
1.14,-0.0101625957,
1.14025,0.0037462362,
1.1405,0.0031734952,
1.14075,-0.0033466732,
1.141,-0.0025655441,
1.14125,-0.0013002285,
1.1415,0.0022181149,
1.14175,-0.0072083864,
1.142,-0.0071436591,
1.14225,0.0059216712,
1.1425,0.0096008657,
1.14275,-0.0077753020,
1.143,-0.0113973208,
1.14325,0.0003036800,
1.1435,0.0013200309,
1.14375,-0.0025286453,
1.144,-0.0063692434,
1.14425,0.0014001501,
1.1445,0.0012900759,
1.14475,-0.0056638364,
1.145,-0.0079634991,
1.14525,-0.0005925099,
1.1455,0.0028798287,
1.14575,-0.0028262474,
1.146,-0.0032854793,
1.14625,-0.0047269328,
1.1465,-0.0019445551,
1.14675,-0.0003920371,
1.147,-0.0031845386,
1.14725,-0.0014299538,
1.1475,-0.0002442283,
1.14775,0.0028216587,
1.148,-0.0019164023,
1.14825,-0.0091218110,
1.1485,-0.0003194675,
1.14875,0.0035146808,
1.149,-0.0016036748,
1.14925,-0.0020771627,
1.1495,0.0001060518,
1.14975,0.0048214379,
1.15,0.0005672131,
1.15025,-0.0025296919,
1.1505,-0.0027627577,
1.15075,0.0061923563,
1.151,0.0018704992,
1.15125,-0.0107151447,
1.1515,-0.0030673756,
1.15175,0.0043397620,
1.152,0.0001196696,
1.15225,-0.0074022627,
1.1525,-0.0048670517,
1.15275,-0.0028010309,
1.153,-0.0012792555,
1.15325,-0.0083998600,
1.1535,-0.0088341637,
1.15375,0.0053745112,
1.154,-0.0002362312,
1.15425,-0.0073567759,
1.1545,-0.0076510287,
1.15475,-0.0031291088,
1.155,-0.0028129350,
1.15525,-0.0031029209,
1.1555,-0.0036447765,
1.15575,-0.0067449664,
1.156,-0.0005572087,
1.15625,-0.0055597825,
1.1565,-0.0058774790,
1.15675,-0.0030494053,
1.157,0.0012206683,
1.15725,-0.0006980543,
1.1575,-0.0020776256,
1.15775,-0.0035370551,
1.158,-0.0000032047,
1.15825,0.0083527630,
1.1585,0.0016755838,
1.15875,0.0015210970,
1.159,0.0057332776,
1.15925,0.0091356486,
1.1595,0.0025823130,
1.15975,-0.0066302619,
1.16,0.0020379173,
1.16025,0.0080804722,
1.1605,0.0026083966,
1.16075,-0.0053401287,
1.161,-0.0011402996,
1.16125,0.0035885861,
1.1615,0.0021987306,
1.16175,-0.0021413930,
1.162,-0.0003142719,
1.16225,0.0103083625,
1.1625,0.0049418285,
1.16275,-0.0015589643,
1.163,0.0026857369,
1.16325,0.0039319694,
1.1635,0.0051071970,
1.16375,-0.0008637760,
1.164,-0.0044716867,
1.16425,0.0024262369,
1.1645,-0.0009553247,
1.16475,-0.0028186869,
1.165,-0.0012510498,
1.16525,-0.0020118239,
1.1655,-0.0005955205,
1.16575,0.0001703979,
1.166,-0.0034529278,
1.16625,-0.0060913637,
1.1665,0.0076047136,
1.16675,0.0047288248,
1.167,0.0002425991,
1.16725,-0.0007628738,
1.1675,-0.0041075395,
1.16775,0.0115241874,
1.168,-0.0044860933,
1.16825,-0.0093428241,
1.1685,0.0116998721,
1.16875,0.0105554713,
1.169,-0.0025508634,
1.16925,-0.0014486095,
1.1695,0.0042317566,
1.16975,0.0081666550,
1.17,0.0038903810,
1.17025,-0.0054266071,
1.1705,0.0103118280,
1.17075,0.0071749724,
1.171,-0.0045995698,
1.17125,0.0003566456,
1.1715,0.0011097501,
1.17175,0.0010665813,
1.172,0.0022859804,
1.17225,0.0032891659,
1.1725,-0.0024076987,
1.17275,0.0034700739,
1.173,0.0014719875,
1.17325,0.0028200271,
1.1735,0.0002935489,
1.17375,-0.0028941836,
1.174,0.0082384041,
1.17425,0.0064463057,
1.1745,-0.0020946255,
1.17475,0.0007912553,
1.175,0.0101781040,
1.17525,0.0017156563,
1.1755,-0.0061850161,
1.17575,-0.0021058545,
1.176,0.0099522118,
1.17625,0.0067040557,
1.1765,-0.0097257961,
1.17675,-0.0024803926,
1.177,0.0082136607,
1.17725,0.0031126442,
1.1775,-0.0042173006,
1.17775,-0.0005519980,
1.178,0.0096170045,
1.17825,0.0068621482,
1.1785,0.0021570113,
1.17875,0.0021484625,
1.179,0.0065165218,
1.17925,0.0080602420,
1.1795,0.0005266072,
1.17975,0.0023470847,
1.18,0.0058541801,
1.18025,0.0016464875,
1.1805,0.0033434641,
1.18075,0.0000599022,
1.181,-0.0062327273,
1.18125,0.0039947308,
1.1815,0.0041403491,
1.18175,-0.0033012317,
1.182,0.0000259838,
1.18225,-0.0014381855,
1.1825,0.0008199840,
1.18275,0.0017033011,
1.183,-0.0104007982,
1.18325,0.0022135673,
1.1835,0.0073871706,
1.18375,-0.0047422415,
1.184,-0.0071255583,
1.18425,-0.0022312209,
1.1845,0.0078622084,
1.18475,-0.0012838551,
1.185,-0.0120739136,
1.18525,-0.0054136990,
1.1855,0.0039422540,
1.18575,-0.0034371763,
1.186,-0.0124824056,
1.18625,0.0027746523,
1.1865,0.0001048852,
1.18675,-0.0018599993,
1.187,-0.0021079865,
1.18725,-0.0068192394,
1.1875,0.0091702333,
1.18775,0.0031371447,
1.188,-0.0014796231,
1.18825,0.0008371163,
1.1885,-0.0019653600,
1.18875,0.0018931808,
1.189,0.0025157663,
1.18925,-0.0019991717,
1.1895,-0.0011378209,
1.18975,0.0081515945,
1.19,0.0054614986,
1.19025,-0.0018568618,
1.1905,0.0008007472,
1.19075,0.0039215637,
1.191,0.0016310927,
1.19125,-0.0029220548,
1.1915,-0.0050214250,
1.19175,0.0047107209,
1.192,0.0055595068,
1.19225,-0.0010028451,
1.1925,-0.0106249284,
1.19275,-0.0028881123,
1.193,0.0044438457,
1.19325,-0.0077231876,
1.1935,-0.0075822603,
1.19375,0.0035253030,
1.194,0.0017095436,
1.19425,-0.0044576027,
1.1945,-0.0116996337,
1.19475,-0.0071466663,
1.195,0.0046797884,
1.19525,0.0015377570,
1.1955,-0.0105849616,
1.19575,0.0001025705,
1.196,0.0025375162,
1.19625,-0.0058776382,
1.1965,-0.0061233127,
1.19675,-0.0070186816,
1.197,-0.0002633970,
1.19725,-0.0027882259,
1.1975,-0.0027765799,
1.19775,0.0008470506,
1.198,-0.0009918030,
1.19825,-0.0017836574,
1.1985,-0.0006637421,
1.19875,-0.0035450424,
1.199,-0.0026028042,
1.19925,0.0068437359,
1.1995,0.0029364242,
1.19975,0.0005323685,
1.2,-0.0102558378,
1.20025,-0.0031812582,
1.2005,0.0071412553,
1.20075,-0.0047978158,
1.201,-0.0081550544,
1.20125,0.0105588092,
1.2015,0.0069363257,
1.20175,-0.0100885276,
1.202,-0.0069493097,
1.20225,-0.0019188686,
1.2025,0.0077831056,
1.20275,-0.0041085556,
1.203,-0.0091428226,
1.20325,0.0098861605,
1.2035,0.0022919257,
1.20375,-0.0044518332,
1.204,-0.0022309327,
1.20425,0.0027546417,
1.2045,0.0020778934,
1.20475,-0.0034796491,
1.205,-0.0078539411,
1.20525,-0.0070202500,
1.2055,-0.0012946201,
1.20575,0.0004044406,
1.206,0.0072134426,
1.20625,-0.0037213974,
1.2065,-0.0048563364,
1.20675,0.0084600635,
1.207,-0.0008370094,
1.20725,-0.0042137089,
1.2075,0.0056985808,
1.20775,0.0062900479,
1.208,0.0011803535,
1.20825,-0.0079526836,
1.2085,-0.0049226154,
1.20875,0.0125565380,
1.209,0.0071682949,
1.20925,-0.0081948983,
1.2095,0.0008832774,
1.20975,0.0102674607,
1.21,-0.0011563062,
1.21025,-0.0017523000,
1.2105,0.0025786690,
1.21075,0.0092688184,
1.211,0.0108383326,
1.21125,-0.0047659599,
1.2115,0.0001567329,
1.21175,0.0099091614,
1.212,0.0060772453,
1.21225,0.0004105016,
1.2125,-0.0032997285,
1.21275,0.0043942123,
1.213,0.0037577427,
1.21325,-0.0039498932,
1.2135,-0.0024179702,
1.21375,-0.0028166643,
1.214,0.0037096953,
1.21425,0.0015202945,
1.2145,-0.0037663176,
1.21475,-0.0040752748,
1.215,0.0009504986,
1.21525,0.0023291451,
1.2155,-0.0002734876,
1.21575,0.0008774709,
1.216,0.0013995420,
1.21625,0.0065129278,
1.2165,0.0000769337,
1.21675,-0.0086819017,
1.217,0.0038515567,
1.21725,0.0077098468,
1.2175,-0.0016613001,
1.21775,-0.0116052032,
1.218,-0.0022613658,
1.21825,0.0104803741,
1.2185,0.0020310245,
1.21875,-0.0039879638,
1.219,0.0047492092,
1.21925,0.0079511190,
1.2195,0.0000711493,
1.21975,-0.0058327946,
1.22,0.0019199814,
1.22025,0.0107764443,
1.2205,0.0065361778,
1.22075,0.0002640235,
1.221,0.0066973483,
1.22125,0.0056327628,
1.2215,0.0039728656,
1.22175,0.0023579840,
1.222,-0.0004299615,
1.22225,0.0067628836,
1.2225,0.0049571423,
1.22275,0.0031514941,
1.223,0.0004439290,
1.22325,0.0006425422,
1.2235,0.0074910461,
1.22375,0.0083017871,
1.224,0.0053371079,
1.22425,0.0025034677,
1.2245,0.0139788520,
1.22475,0.0080621755,
1.225,0.0016953745,
1.22525,0.0017122589,
1.2255,0.0069432706,
1.22575,0.0140860286,
1.226,-0.0005611641,
1.22625,0.0012248512,
1.2265,0.0099629350,
1.22675,0.0058024419,
1.227,0.0037574826,
1.22725,-0.0026040885,
1.2275,0.0039641615,
1.22775,0.0080389939,
1.228,0.0001018120,
1.22825,-0.0021287752,
1.2285,0.0032019860,
1.22875,0.0046220049,
1.229,0.0031246408,
1.22925,-0.0025527216,
1.2295,-0.0008444007,
1.22975,0.0084794443,
1.23,0.0020222634,
1.23025,-0.0056385067,
1.2305,-0.0023584380,
1.23075,0.0008359585,
1.231,0.0045985295,
1.23125,-0.0001640701,
1.2315,-0.0017505276,
1.23175,0.0033416785,
1.232,-0.0005287412,
1.23225,-0.0020178063,
1.2325,-0.0018230382,
1.23275,-0.0007419348,
1.233,0.0046570175,
1.23325,0.0025847531,
1.2335,-0.0048484122,
1.23375,-0.0028495912,
1.234,0.0071834037,
1.23425,0.0066988664,
1.2345,-0.0044514714,
1.23475,-0.0004637838,
1.235,0.0104508139,
1.23525,0.0107076485,
1.2355,-0.0071165841,
1.23575,0.0019165515,
1.236,0.0095812604,
1.23625,0.0066003613,
1.2365,0.0011665625,
1.23675,-0.0004748624,
1.237,0.0137634100,
1.23725,0.0022639083,
1.2375,-0.0039124172,
1.23775,0.0012707670,
1.238,-0.0006635453,
1.23825,-0.0018925105,
1.2385,0.0005122786,
1.23875,-0.0028881335,
1.239,-0.0028083019,
1.23925,0.0013718039,
1.2395,0.0018108740,
1.23975,0.0008464755,
1.24,-0.0014120494,
1.24025,0.0025358326,
1.2405,0.0081706848,
1.24075,-0.0035770554,
1.241,-0.0087652830,
1.24125,0.0030643421,
1.2415,0.0027635600,
1.24175,-0.0074193282,
1.242,-0.0074461126,
1.24225,-0.0037423526,
1.2425,0.0066256169,
1.24275,-0.0076445849,
1.243,-0.0176534206,
1.24325,0.0003186795,
1.2435,0.0035648034,
1.24375,-0.0044726925,
1.244,-0.0076454757,
1.24425,-0.0013424155,
1.2445,-0.0009401194,
1.24475,-0.0041288026,
1.245,-0.0120902164,
1.24525,0.0004758857,
1.2455,0.0063827913,
1.24575,-0.0041692350,
1.246,-0.0042472319,
1.24625,-0.0065994379,
1.2465,-0.0049295705,
1.24675,-0.0059850542,
1.247,-0.0066702785,
1.24725,-0.0070233764,
1.2475,-0.0023937032,
1.24775,-0.0027077454,
1.248,-0.0012453047,
1.24825,-0.0040646894,
1.2485,-0.0055555357,
1.24875,0.0051827217,
1.249,0.0019621905,
1.24925,-0.0003955626,
1.2495,0.0052296221,
1.24975,0.0030508835,
1.25,0.0065908716,
1.25025,-0.0075926497,
1.2505,-0.0060328324,
1.25075,0.0105592832,
1.251,0.0033423386,
1.25125,-0.0062485384,
1.2515,-0.0046075522,
1.25175,0.0071626026,
1.252,0.0064473702,
1.25225,-0.0037180309,
1.2525,-0.0021441034,
1.25275,0.0055018323,
1.253,0.0039474624,
1.25325,-0.0089759976,
1.2535,-0.0040319115,
1.25375,0.0047301971,
1.254,0.0025725858,
1.25425,-0.0060029654,
1.2545,-0.0080609955,
1.25475,-0.0000135689,
1.255,-0.0066299522,
1.25525,-0.0006538615,
1.2555,-0.0034535816,
1.25575,-0.0091294590,
1.256,-0.0047476403,
1.25625,-0.0070429845,
1.2565,-0.0088599734,
1.25675,-0.0073599447,
1.257,-0.0022380038,
1.25725,-0.0015040790,
1.2575,-0.0032190941,
1.25775,-0.0118354075,
1.258,-0.0052213068,
1.25825,0.0026830975,
1.2585,-0.0088687995,
1.25875,-0.0079616271,
1.259,-0.0041352827,
1.25925,-0.0029324149,
1.2595,-0.0051998375,
1.25975,-0.0133455964,
1.26,-0.0061910176,
1.26025,0.0068342499,
1.2605,-0.0021272323,
1.26075,-0.0072663883,
1.261,0.0020754749,
1.26125,-0.0022314505,
1.2615,0.0018887297,
1.26175,0.0004607104,
1.262,-0.0041295304,
1.26225,0.0093938159,
1.2625,0.0075698867,
1.26275,-0.0075121960,
1.263,0.0026384101,
1.26325,0.0062308875,
1.2635,0.0046215472,
1.26375,0.0058008237,
1.264,-0.0022594805,
1.26425,0.0002628578,
1.2645,0.0063938154,
1.26475,-0.0014586776,
1.265,-0.0008416427,
1.26525,0.0060265753,
1.2655,0.0012868528,
1.26575,0.0037660198,
1.266,0.0002566131,
1.26625,-0.0033022135,
1.2665,0.0055287331,
1.26675,0.0040373188,
1.267,0.0026156192,
1.26725,-0.0042751352,
1.2675,0.0037814931,
1.26775,0.0066917334,
1.268,-0.0067443657,
1.26825,-0.0100516807,
1.2685,0.0021378680,
1.26875,0.0030956017,
1.269,-0.0091802441,
1.26925,-0.0112696039,
1.2695,-0.0045253341,
1.26975,0.0004214698,
1.27,-0.0089343842,
1.27025,-0.0083394479,
1.2705,0.0008524874,
1.27075,-0.0013429146,
1.271,-0.0070601320,
1.27125,-0.0051391455,
1.2715,-0.0033716988,
1.27175,-0.0048448867,
1.272,-0.0013355676,
1.27225,-0.0030675372,
1.2725,-0.0048314850,
1.27275,-0.0027850249,
1.273,0.0015458860,
1.27325,0.0023941752,
1.2735,-0.0086373715,
1.27375,-0.0026777061,
1.274,0.0057133548,
1.27425,-0.0015622017,
1.2745,-0.0045528505,
1.27475,0.0001035529,
1.275,0.0091530122,
1.27525,0.0043018823,
1.2755,-0.0055439733,
1.27575,0.0013895002,
1.276,0.0150840506,
1.27625,0.0045025293,
1.2765,-0.0050592590,
1.27675,0.0042085713,
1.277,0.0090209786,
1.27725,0.0066878162,
1.2775,-0.0016531367,
1.27775,0.0044492008,
1.278,0.0120939258,
1.27825,0.0018979748,
1.2785,0.0038915840,
1.27875,0.0014827491,
1.279,0.0061725546,
1.27925,0.0065436047,
1.2795,0.0014013984,
1.27975,0.0016466220,
1.28,0.0032129802,
1.28025,0.0049217176,
1.2805,0.0021435975,
1.28075,0.0021389369,
1.281,-0.0033331988,
1.28125,0.0040334724,
1.2815,0.0077106785,
1.28175,-0.0060058762,
1.282,0.0013798784,
1.28225,0.0076213204,
1.2825,0.0040064948,
1.28275,0.0052872212,
1.283,0.0007959430,
1.28325,0.0074948235,
1.2835,0.0092967981,
1.28375,-0.0007238273,
1.284,-0.0049737603,
1.28425,0.0046439660,
1.2845,0.0099055106,
1.28475,-0.0034774991,
1.285,-0.0035585917,
1.28525,0.0040128175,
1.2855,0.0082898317,
1.28575,0.0007489171,
1.286,-0.0041847276,
1.28625,0.0056436947,
1.2865,0.0089511974,
1.28675,0.0018575832,
1.287,-0.0033167452,
1.28725,0.0062812064,
1.2875,0.0071189087,
1.28775,0.0016370954,
1.288,0.0021068458,
1.28825,0.0014289347,
1.2885,0.0038116646,
1.28875,-0.0014260475,
1.289,-0.0009852416,
1.28925,-0.0065351715,
1.2895,-0.0053719198,
1.28975,0.0015004707,
1.29,-0.0001621378,
1.29025,-0.0028601883,
1.2905,-0.0029234353,
1.29075,0.0034566119,
1.291,0.0018435384,
1.29125,-0.0058103069,
1.2915,-0.0052203918,
1.29175,0.0075394935,
1.292,0.0018439426,
1.29225,-0.0059868372,
1.2925,-0.0047838474,
1.29275,0.0045517012,
1.293,0.0017761255,
1.29325,-0.0111365421,
1.2935,-0.0027867663,
1.29375,0.0020469595,
1.294,0.0027108956,
1.29425,-0.0055238740,
1.2945,-0.0101312976,
1.29475,0.0014254468,
1.295,-0.0004023701,
1.29525,-0.0035546040,
1.2955,0.0011505124,
1.29575,0.0053910902,
1.296,0.0062816492,
1.29625,0.0003742082,
1.2965,-0.0051954524,
1.29675,-0.0044921730,
1.297,0.0023059547,
1.29725,-0.0030429859,
1.2975,-0.0009282726,
1.29775,-0.0037674815,
1.298,-0.0000627341,
1.29825,0.0024833791,
1.2985,-0.0027135019,
1.29875,-0.0021427860,
1.299,0.0014410513,
1.29925,0.0031077398,
1.2995,-0.0010548286,
1.29975,-0.0038683070,
1.3,-0.0046562059,
1.30025,0.0022845273,
1.3005,0.0008227464,
1.30075,-0.0105573190,
1.301,-0.0049295486,
1.30125,0.0069280164,
1.3015,-0.0020442007,
1.30175,-0.0062572067,
1.302,-0.0006491021,
1.30225,0.0020790701,
1.3025,0.0013382316,
1.30275,-0.0137210460,
1.303,-0.0085935425,
1.30325,0.0033809999,
1.3035,-0.0024631694,
1.30375,-0.0055293599,
1.304,-0.0044930377,
1.30425,0.0023695980,
1.3045,-0.0048660366,
1.30475,-0.0089235604,
1.305,-0.0065823970,
1.30525,-0.0099654663,
1.3055,-0.0016138009,
1.30575,-0.0017080759,
1.306,-0.0048977081,
1.30625,-0.0036218786,
1.3065,-0.0033839056,
1.30675,-0.0009086959,
1.307,-0.0021359015,
1.30725,-0.0095734512,
1.3075,0.0014001847,
1.30775,0.0049764896,
1.308,-0.0079759359,
1.30825,-0.0112499939,
1.3085,0.0016508573,
1.30875,0.0030752216,
1.309,-0.0067877718,
1.30925,-0.0118385823,
1.3095,-0.0012992898,
1.30975,0.0066976831,
1.31,-0.0108310534,
1.31025,-0.0091422098,
1.3105,0.0013098087,
1.31075,-0.0021604858,
1.311,-0.0059235757,
1.31125,-0.0076041119,
1.3115,-0.0005896686,
1.31175,0.0041075926,
1.312,-0.0009210237,
1.31225,-0.0062735491,
1.3125,-0.0007824632,
1.31275,-0.0015855206,
1.313,-0.0028389029,
1.31325,-0.0019283949,
1.3135,-0.0068280543,
1.31375,0.0010829146,
1.314,0.0048016845,
1.31425,-0.0028046467,
1.3145,-0.0051561138,
1.31475,-0.0033527589,
1.315,0.0015000743,
1.31525,0.0058859661,
1.3155,-0.0003354492,
1.31575,0.0002640362,
1.316,0.0077761449,
1.31625,-0.0008082673,
1.3165,-0.0043495446,
1.31675,-0.0003279926,
1.317,0.0044010384,
1.31725,0.0105990600,
1.3175,-0.0025904314,
1.31775,-0.0109527577,
1.318,0.0058080582,
1.31825,0.0026851683,
1.3185,-0.0026257723,
1.31875,0.0002785625,
1.319,0.0056888647,
1.31925,0.0038279034,
1.3195,-0.0064542107,
1.31975,-0.0080173844,
1.32,-0.0028567549,
1.32025,0.0041123661,
1.3205,-0.0024241847,
1.32075,-0.0070800516,
1.321,0.0015134655,
1.32125,-0.0035284129,
1.3215,-0.0036977106,
1.32175,-0.0028241808,
1.322,-0.0034378725,
1.32225,0.0005965803,
1.3225,0.0011080191,
1.32275,-0.0032859105,
1.323,-0.0136317629,
1.32325,-0.0033491328,
1.3235,0.0030113466,
1.32375,-0.0028633522,
1.324,0.0000603970,
1.32425,0.0011931881,
1.3245,0.0027875837,
1.32475,0.0017901077,
1.325,-0.0064599365,
1.32525,0.0004996152,
1.3255,0.0135139180,
1.32575,0.0057748198,
1.326,-0.0048948294,
1.32625,0.0010363306,
1.3265,0.0054396992,
1.32675,0.0064959475,
1.327,0.0015250563,
1.32725,-0.0007175812,
1.3275,0.0072328285,
1.32775,0.0019356447,
1.328,-0.0032489605,
1.32825,-0.0013045666,
1.3285,0.0035028723,
1.32875,0.0084123518,
1.329,0.0038207637,
1.32925,-0.0004766938,
1.3295,0.0021700370,
1.32975,0.0059824092,
1.33,-0.0014881649,
1.33025,-0.0046744910,
1.3305,-0.0011949112,
1.33075,0.0014240335,
1.331,0.0051532146,
1.33125,-0.0077383295,
1.3315,-0.0052859257,
1.33175,0.0036501563,
1.332,0.0003229329,
1.33225,0.0012059720,
1.3325,0.0003363185,
1.33275,0.0034419622,
1.333,0.0058509270,
1.33325,-0.0001462404,
1.3335,-0.0042613363,
1.33375,0.0034144777,
1.334,0.0080946013,
1.33425,0.0069908816,
1.3345,-0.0033115386,
1.33475,-0.0030153000,
1.335,0.0107069723,
1.33525,0.0048769061,
1.3355,-0.0067303884,
1.33575,-0.0001941930,
1.336,0.0061924248,
1.33625,0.0039374493,
1.3365,-0.0006674345,
1.33675,0.0005355600,
1.337,0.0114812506,
1.33725,0.0096728541,
1.3375,-0.0048122099,
1.33775,-0.0020780868,
1.338,0.0044593941,
1.33825,0.0018866947,
1.3385,0.0013486411,
1.33875,0.0049317647,
1.339,-0.0018293285,
1.33925,0.0036960235,
1.3395,0.0050509139,
1.33975,-0.0027022939,
1.34,0.0017211100,
1.34025,0.0065360656,
1.3405,0.0100605758,
1.34075,0.0026173794,
1.341,-0.0045849057,
1.34125,0.0049232496,
1.3415,0.0092025027,
1.34175,-0.0015602685,
1.342,-0.0061965380,
1.34225,0.0110482564,
1.3425,0.0117142182,
1.34275,-0.0030855464,
1.343,-0.0087231593,
1.34325,0.0051937914,
1.3435,0.0142755816,
1.34375,0.0017669792,
1.344,-0.0020468319,
1.34425,0.0080480706,
1.3445,0.0090319654,
1.34475,0.0033291776,
1.345,0.0001355758,
1.34525,0.0091329180,
1.3455,0.0089288345,
1.34575,0.0046101264,
1.346,0.0001518672,
1.34625,-0.0007594921,
1.3465,0.0049659791,
1.34675,0.0041614934,
1.347,0.0038460458,
1.34725,-0.0011442907,
1.3475,0.0025002207,
1.34775,0.0087651778,
1.348,0.0021526790,
1.34825,0.0038100830,
1.3485,0.0032472331,
1.34875,0.0072522191,
1.349,0.0065174513,
1.34925,-0.0021132510,
1.3495,0.0039920695,
1.34975,0.0102237808,
1.35,0.0048572225,
1.35025,-0.0026649782,
1.3505,-0.0026945595,
1.35075,0.0089856256,
1.351,0.0061272606,
1.35125,-0.0045867618,
1.3515,-0.0087511716,
1.35175,0.0045227371,
1.352,0.0055316417,
1.35225,-0.0094355932,
1.3525,-0.0061109480,
1.35275,0.0026258852,
1.353,0.0052011907,
1.35325,-0.0045446204,
1.3535,-0.0070470949,
1.35375,0.0033529154,
1.354,0.0016236848,
1.35425,-0.0021082172,
1.3545,-0.0067167589,
1.35475,-0.0030477918,
1.355,0.0014290654,
1.35525,-0.0058843186,
1.3555,-0.0057089371,
1.35575,-0.0037180865,
1.356,-0.0032627305,
1.35625,0.0014181964,
1.3565,-0.0036567207,
1.35675,-0.0099118557,
1.357,-0.0027969175,
1.35725,-0.0005521202,
1.3575,-0.0010749961,
1.35775,-0.0012072031,
1.358,0.0025229659,
1.35825,0.0032690356,
1.3585,-0.0004025981,
1.35875,-0.0084268497,
1.359,-0.0027184663,
1.35925,0.0112599963,
1.3595,0.0021706799,
1.35975,-0.0011006503,
1.36,0.0016685009,
1.36025,0.0047936873,
1.3605,0.0052728178,
1.36075,-0.0094589097,
1.361,-0.0014643384,
1.36125,0.0050538643,
1.3615,0.0033803380,
1.36175,0.0001951227,
1.362,-0.0038473476,
1.36225,0.0034916825,
1.3625,0.0043293475,
1.36275,0.0001393032,
1.363,-0.0028072752,
1.36325,0.0063459259,
1.3635,0.0062107178,
1.36375,-0.0025982605,
1.364,-0.0026838887,
1.36425,-0.0052740769,
1.3645,0.0030148614,
1.36475,-0.0002578475,
1.365,-0.0078055966,
1.36525,0.0044776448,
1.3655,-0.0015002576,
1.36575,-0.0027320792,
1.366,-0.0026998501,
1.36625,-0.0068279365,
1.3665,-0.0011509545,
1.36675,0.0043809097,
1.367,-0.0046315286,
1.36725,-0.0083872527,
1.3675,0.0028921422,
1.36775,-0.0007693905,
1.368,0.0006077550,
1.36825,-0.0101313032,
1.3685,-0.0038358162,
1.36875,0.0090880655,
1.369,-0.0084683076,
1.36925,-0.0106607582,
1.3695,-0.0008601750,
1.36975,0.0034750085,
1.37,-0.0010284863,
1.37025,-0.0050591961,
1.3705,-0.0000731586,
1.37075,0.0053404835,
1.371,-0.0014831893,
1.37125,-0.0030835504,
1.3715,-0.0007990031,
1.37175,0.0004254331,
1.372,0.0013994357,
1.37225,-0.0003001569,
1.3725,-0.0030925099,
1.37275,-0.0015322869,
1.373,0.0079949582,
1.37325,0.0054280953,
1.3735,0.0020009330,
1.37375,0.0010682935,
1.374,0.0066990573,
1.37425,0.0060923537,
1.3745,-0.0053720940,
1.37475,0.0003490426,
1.375,0.0084614074,
1.37525,0.0064745704,
1.3755,-0.0038605721,
1.37575,-0.0033029963,
1.376,0.0097416863,
1.37625,0.0070735253,
1.3765,-0.0081854053,
1.37675,-0.0045082802,
1.377,0.0090822252,
1.37725,0.0006117352,
1.3775,-0.0059392820,
1.37775,-0.0027340455,
1.378,0.0021326500,
1.37825,0.0060561635,
1.3785,-0.0064564003,
1.37875,-0.0046937237,
1.379,0.0062727807,
1.37925,-0.0045188093,
1.3795,-0.0018013413,
1.37975,-0.0032260050,
1.38,-0.0078569083,
1.38025,0.0013688062,
1.3805,-0.0013814017,
1.38075,-0.0039108908,
1.381,-0.0030297018,
1.38125,-0.0027383526,
1.3815,0.0007756094,
1.38175,-0.0036593585,
1.382,-0.0078488123,
1.38225,-0.0022585348,
1.3825,0.0043808506,
1.38275,-0.0021408547,
1.383,-0.0036490781,
1.38325,0.0051230956,
1.3835,0.0041744113,
1.38375,-0.0002672402,
1.384,-0.0059574330,
1.38425,-0.0027057449,
1.3845,0.0105869919,
1.38475,-0.0010993427,
1.385,-0.0074484101,
1.38525,0.0053125294,
1.3855,0.0090726204,
1.38575,0.0070950659,
1.386,0.0010826922,
1.38625,0.0050246739,
1.3865,0.0155226048,
1.38675,0.0050793779,
1.387,0.0015640428,
1.38725,0.0089345891,
1.3875,0.0109563107,
1.38775,0.0054176692,
1.388,0.0001291944,
1.38825,0.0068715941,
1.3885,0.0071487324,
1.38875,0.0079318378,
1.389,0.0056189140,
1.38925,-0.0002460203,
1.3895,0.0012261784,
1.38975,0.0061608842,
1.39,0.0085503645,
1.39025,0.0058897529,
1.3905,0.0033593134,
1.39075,0.0077768322,
1.391,0.0049269097,
1.39125,-0.0002678820,
1.3915,0.0001853437,
1.39175,0.0047091874,
1.392,0.0043086670,
1.39225,-0.0060404208,
1.3925,-0.0068737129,
1.39275,0.0046713729,
1.393,0.0050955988,
1.39325,-0.0083119087,
1.3935,-0.0049407892,
1.39375,0.0044564395,
1.394,-0.0001828058,
1.39425,-0.0023592105,
1.3945,-0.0063686981,
1.39475,0.0008270997,
1.395,0.0012339548,
1.39525,-0.0051145675,
1.3955,-0.0085651902,
1.39575,-0.0022231350,
1.396,0.0040343981,
1.39625,-0.0057320660,
1.3965,-0.0027102120,
1.39675,-0.0036646286,
1.397,0.0009683839,
1.39725,0.0000873275,
1.3975,-0.0038181427,
1.39775,-0.0027754628,
1.398,-0.0023500556,
1.39825,0.0057998202,
1.3985,-0.0000475909,
1.39875,0.0012343025,
1.399,0.0049860515,
1.39925,0.0022961043,
1.3995,0.0053492100,
1.39975,-0.0007746255,
1.4,0.0020194037,
1.40025,0.0092118317,
1.4005,0.0092261368,
1.40075,0.0028955201,
1.401,0.0028948276,
1.40125,0.0139132896,
1.4015,0.0094257211,
1.40175,0.0007222756,
1.402,0.0047798716,
1.40225,0.0084371436,
1.4025,0.0077443360,
1.40275,-0.0032704812,
1.403,-0.0046385252,
1.40325,0.0087087806,
1.4035,0.0044100042,
1.40375,-0.0032416461,
1.404,0.0040985467,
1.40425,0.0053504519,
1.4045,0.0025406387,
1.40475,-0.0029493475,
1.405,-0.0034235530,
1.40525,-0.0022254712,
1.4055,-0.0043541528,
1.40575,-0.0056802435,
1.406,-0.0034636497,
1.40625,-0.0060714013,
1.4065,-0.0023451643,
1.40675,0.0008579537,
1.407,-0.0068792850,
1.40725,-0.0068512009,
1.4075,-0.0036264425,
1.40775,-0.0009845152,
1.408,-0.0071046310,
1.40825,-0.0181834195,
1.4085,-0.0056664059,
1.40875,0.0009101186,
1.409,-0.0123216324,
1.40925,-0.0131040709,
1.4095,0.0001402771,
1.40975,0.0041668126,
1.41,-0.0099966601,
1.41025,-0.0116074868,
1.4105,-0.0003737755,
1.41075,0.0017856137,
1.411,-0.0062479968,
1.41125,-0.0107849119,
1.4115,0.0018182953,
1.41175,-0.0002681146,
1.412,-0.0066060945,
1.41225,-0.0060907621,
1.4125,-0.0010469058,
1.41275,0.0016082774,
1.413,0.0019621025,
1.41325,-0.0016932779,
1.4135,-0.0034350548,
1.41375,-0.0025879759,
1.414,-0.0037952652,
1.41425,0.0021072472,
1.4145,-0.0061513530,
1.41475,-0.0039681224,
1.415,0.0051342980,
1.41525,-0.0054006474,
1.4155,-0.0025953169,
1.41575,0.0003911937,
1.416,0.0020181485,
1.41625,0.0057527805,
1.4165,-0.0055393600,
1.41675,-0.0050644148,
1.417,0.0044552851,
1.41725,0.0023122805,
1.4175,-0.0083425026,
1.41775,-0.0073130364,
1.418,0.0035453474,
1.41825,0.0002226658,
1.4185,-0.0070471219,
1.41875,-0.0083360849,
1.419,-0.0001344692,
1.41925,0.0009528499,
1.4195,-0.0079977941,
1.41975,-0.0064480063,
1.42,-0.0013160728,
1.42025,0.0001200943,
1.4205,-0.0085309502,
1.42075,-0.0069802436,
1.421,0.0016018784,
1.42125,-0.0021807961,
1.4215,-0.0067395400,
1.42175,-0.0075680227,
1.422,-0.0030368557,
1.42225,0.0001519283,
1.4225,-0.0001098340,
1.42275,-0.0058877305,
1.423,-0.0082327928,
1.42325,-0.0023886336,
1.4235,-0.0044184630,
1.42375,-0.0045763212,
1.424,-0.0026727910,
1.42425,-0.0033616463,
1.4245,0.0023498959,
1.42475,-0.0073073767,
1.425,-0.0091814911,
1.42525,0.0019727633,
1.4255,0.0052229678,
1.42575,0.0003121823,
1.426,-0.0078003975,
1.42625,-0.0052462267,
1.4265,0.0018005529,
1.42675,-0.0023469275,
1.427,-0.0066053458,
1.42725,-0.0022740588,
1.4275,0.0021074146,
1.42775,-0.0048866225,
1.428,-0.0120529914,
1.42825,-0.0046316604,
1.4285,-0.0019306025,
1.42875,-0.0032924693,
1.429,-0.0073298817,
1.42925,-0.0104747266,
1.4295,0.0015261231,
1.42975,-0.0016281096,
1.43,-0.0082519548,
1.43025,-0.0060567916,
1.4305,-0.0052246405,
1.43075,-0.0034677670,
1.431,-0.0032511961,
1.43125,-0.0060504396,
1.4315,-0.0078412592,
1.43175,0.0019080059,
1.432,-0.0018974310,
1.43225,-0.0069762394,
1.4325,0.0017300728,
1.43275,0.0001719394,
1.433,0.0023669710,
1.43325,-0.0002569879,
1.4335,-0.0062457528,
1.43375,0.0024622022,
1.434,0.0084335674,
1.43425,-0.0028652975,
1.4345,-0.0061999704,
1.43475,0.0061928127,
1.435,0.0058885808,
1.43525,0.0049026180,
1.4355,-0.0042625465,
1.43575,-0.0001497467,
1.436,0.0081271874,
1.43625,-0.0020586427,
1.4365,-0.0084471945,
1.43675,0.0043219756,
1.437,0.0060448423,
1.43725,0.0046447390,
1.4375,0.0025148862,
1.43775,0.0023041822,
1.438,0.0069938861,
1.43825,-0.0024221134,
1.4385,-0.0020561777,
1.43875,-0.0011998117,
1.439,0.0024040062,
1.43925,-0.0007079754,
1.4395,-0.0013247507,
1.43975,-0.0035052444,
1.44,-0.0079195816,
1.44025,0.0046939626,
1.4405,0.0001594446,
1.44075,-0.0045989309,
1.441,-0.0039189258,
1.44125,0.0033961234,
1.4415,0.0028010760,
1.44175,-0.0074266247,
1.442,-0.0010414341,
1.44225,0.0085378950,
1.4425,0.0088846423,
1.44275,-0.0106019564,
1.443,-0.0038383759,
1.44325,0.0106266811,
1.4435,0.0044780234,
1.44375,-0.0018905777,
1.444,-0.0034928159,
1.44425,0.0078381589,
1.4445,0.0034203129,
1.44475,-0.0039203647,
1.445,0.0022008258,
1.44525,0.0087605268,
1.4455,0.0056575560,
1.44575,0.0000047402,
1.446,0.0019364003,
1.44625,0.0020455564,
1.4465,0.0010683306,
1.44675,0.0042842119,
1.447,-0.0014576223,
1.44725,0.0021836720,
1.4475,0.0050503784,
1.44775,0.0007446270,
1.448,0.0016395486,
1.44825,-0.0054539233,
1.4485,0.0030158984,
1.44875,0.0078393035,
1.449,0.0021243519,
1.44925,-0.0009355145,
1.4495,0.0036462813,
1.44975,0.0065491898,
1.45,0.0000099119,
1.45025,-0.0020045629,
1.4505,0.0004396172,
1.45075,0.0093816584,
1.451,0.0067900484,
1.45125,-0.0076721166,
1.4515,0.0001915077,
1.45175,0.0145611176,
1.452,0.0029039560,
1.45225,-0.0049318997,
1.4525,0.0018783890,
1.45275,0.0073966812,
1.453,0.0073786359,
1.45325,-0.0002074580,
1.4535,-0.0014438982,
1.45375,0.0117416903,
1.454,0.0052514323,
1.45425,-0.0027030725,
1.4545,0.0057662795,
1.45475,0.0055284677,
1.455,0.0087055676,
1.45525,0.0023783785,
1.4555,-0.0004733913,
1.45575,0.0028609917,
1.456,0.0050368067,
1.45625,0.0061112996,
1.4565,0.0011333706,
1.45675,0.0003636545,
1.457,0.0027286520,
1.45725,0.0036568134,
1.4575,-0.0033307357,
1.45775,-0.0014416409,
1.458,0.0057490240,
1.45825,0.0046577482,
1.4585,0.0005623415,
1.45875,-0.0059818868,
1.459,0.0018421746,
1.45925,0.0097383764,
1.4595,-0.0023719883,
1.45975,-0.0101228170,
1.46,-0.0024630958,
1.46025,0.0043147523,
1.4605,-0.0016610476,
1.46075,-0.0044057807,
1.461,-0.0007620355,
1.46125,0.0031861444,
1.4615,0.0011222978,
1.46175,-0.0126151126,
1.462,0.0003285840,
1.46225,0.0068321275,
1.4625,-0.0004103162,
1.46275,0.0018503880,
1.463,-0.0038666141,
1.46325,0.0029349569,
1.4635,0.0014124163,
1.46375,-0.0033892922,
1.464,-0.0012623601,
1.46425,0.0026342003,
1.4645,0.0032106321,
1.46475,0.0008892088,
1.465,-0.0050605857,
1.46525,-0.0019094337,
1.4655,0.0020510787,
1.46575,0.0033999304,
1.466,-0.0027729289,
1.46625,-0.0027365123,
1.4665,0.0057560708,
1.46675,0.0008243555,
1.467,-0.0072674267,
1.46725,-0.0088294335,
1.4675,-0.0014340105,
1.46775,0.0051639886,
1.468,-0.0038890811,
1.46825,-0.0093939807,
1.4685,0.0076687094,
1.46875,0.0079502547,
1.469,-0.0090893963,
1.46925,-0.0082343426,
1.4695,-0.0027795588,
1.46975,0.0016119763,
1.47,-0.0000176945,
1.47025,-0.0099586602,
1.4705,-0.0002372224,
1.47075,0.0062594698,
1.471,-0.0080448426,
1.47125,-0.0074500493,
1.4715,0.0003778125,
1.47175,-0.0059088413,
1.472,0.0004127669,
1.47225,-0.0027659927,
1.4725,-0.0085210800,
1.47275,-0.0003086243,
1.473,0.0035888979,
1.47325,0.0000576817,
1.4735,-0.0029661427,
1.47375,-0.0023200691,
1.474,0.0021700575,
1.47425,0.0055757626,
1.4745,-0.0106937569,
1.47475,-0.0048120148,
1.475,0.0067878049,
1.47525,-0.0006383840,
1.4755,-0.0108868275,
1.47575,-0.0095674479,
1.476,0.0089133047,
1.47625,0.0027317440,
1.4765,-0.0129496967,
1.47675,-0.0061542778,
1.477,0.0098325824,
1.47725,0.0034393535,
1.4775,-0.0108643211,
1.47775,-0.0042177131,
1.478,0.0034811173,
1.47825,0.0054854504,
1.4785,-0.0052181846,
1.47875,-0.0043130633,
1.479,0.0053046825,
1.47925,-0.0013510915,
1.4795,-0.0054392614,
1.47975,-0.0040443814,
1.48,-0.0021119406,
1.48025,-0.0031239374,
1.4805,-0.0012854788,
1.48075,-0.0034762665,
1.481,-0.0087742750,
1.48125,0.0014706221,
1.4815,0.0047056787,
1.48175,0.0036735146,
1.482,-0.0034117810,
1.48225,0.0004390132,
1.4825,0.0076358817,
1.48275,0.0014130261,
1.483,-0.0051592099,
1.48325,0.0014934686,
1.4835,0.0140075805,
1.48375,0.0030965221,
1.484,-0.0099778268,
1.48425,0.0030853278,
1.4845,0.0140868584,
1.48475,0.0036780720,
1.485,-0.0087755695,
1.48525,0.0068072556,
1.4855,0.0108435974,
1.48575,0.0023695186,
1.486,-0.0053330832,
1.48625,0.0016532550,
1.4865,0.0123335384,
1.48675,0.0014424461,
1.487,0.0008499491,
1.48725,0.0021134303,
1.4875,0.0079863993,
1.48775,0.0044148983,
1.488,-0.0053700577,
1.48825,-0.0018357020,
1.4885,0.0000899870,
1.48875,-0.0001322630,
1.489,0.0053791427,
1.48925,-0.0046338551,
1.4895,-0.0035724500,
1.48975,0.0008583261,
1.49,-0.0001394911,
1.49025,-0.0047003827,
1.4905,-0.0032918632,
1.49075,0.0021047192,
1.491,-0.0023756830,
1.49125,-0.0047001527,
1.4915,-0.0070712790,
1.49175,0.0003390770,
1.492,0.0060384609,
1.49225,-0.0089648198,
1.4925,-0.0120188594,
1.49275,0.0022133258,
1.493,0.0034331947,
1.49325,-0.0048990026,
1.4935,-0.0045173937,
1.49375,0.0017486791,
1.494,0.0060287071,
1.49425,-0.0013407030,
1.4945,-0.0113697108,
1.49475,0.0024611831,
1.495,0.0050511979,
1.49525,-0.0038494682,
1.4955,-0.0032241212,
1.49575,0.0045193550,
1.496,0.0046372153,
1.49625,0.0056366920,
1.4965,-0.0005204959,
1.49675,-0.0008530362,
1.497,0.0095226718,
1.49725,0.0042868196,
1.4975,0.0064046732,
1.49775,0.0013154645,
1.498,0.0007363139,
1.49825,0.0097615998,
1.4985,0.0051820204,
1.49875,0.0040996103,
1.499,0.0104333702,
1.49925,0.0107777212,
1.4995,0.0117112938,
1.49975,0.0053113508,
1.5,-0.0014960050,
1.50025,0.0112092588,
1.5005,0.0077184746,
1.50075,-0.0025956740,
1.501,0.0040944782,
1.50125,0.0065479423,
1.5015,0.0099117067,
1.50175,0.0018661970,
1.502,-0.0008626563,
1.50225,0.0098269470,
1.5025,0.0110004283,
1.50275,-0.0028313755,
1.503,-0.0030216593,
1.50325,0.0077224192,
1.5035,0.0027096896,
1.50375,0.0026633732,
1.504,-0.0027055785,
1.50425,0.0032348824,
1.5045,0.0070399838,
1.50475,-0.0054910844,
1.505,-0.0034754691,
1.50525,-0.0019892834,
1.5055,0.0001077728,
1.50575,0.0057435147,
1.506,0.0010680869,
1.50625,-0.0045029009,
1.5065,0.0007017781,
1.50675,0.0016674246,
1.507,-0.0001471939,
1.50725,0.0017002022,
1.5075,0.0045053726,
1.50775,0.0092355395,
1.508,0.0024222487,
1.50825,-0.0093845511,
1.5085,0.0022302151,
1.50875,0.0125775188,
1.509,0.0029837920,
1.50925,-0.0022350103,
1.5095,0.0012221247,
1.50975,0.0150136352,
1.51,0.0015517381,
1.51025,-0.0026634061,
1.5105,0.0112584252,
1.51075,0.0105394321,
1.511,0.0083793644,
1.51125,-0.0047748177,
1.5115,0.0032492378,
1.51175,0.0127178095,
1.512,0.0003885078,
1.51225,0.0007174479,
1.5125,0.0080170762,
1.51275,0.0052302219,
1.513,0.0035242420,
1.51325,0.0019473066,
1.5135,-0.0027308331,
1.51375,-0.0012097922,
1.514,0.0046120672,
1.51425,0.0039955066,
1.5145,0.0019757433,
1.51475,0.0004547032,
1.515,0.0022495012,
1.51525,0.0071987100,
1.5155,-0.0021594067,
1.51575,-0.0067793056,
1.516,0.0077454615,
1.51625,0.0025471472,
1.5165,-0.0041046208,
1.51675,-0.0082165115,
1.517,0.0016341356,
1.51725,0.0058303513,
1.5175,-0.0095416633,
1.51775,-0.0101205930,
1.518,0.0048904656,
1.51825,0.0054285116,
1.5185,-0.0015573889,
1.51875,-0.0057751741,
1.519,0.0019846805,
1.51925,0.0033527401,
1.5195,-0.0078463014,
1.51975,-0.0084758094,
1.52,0.0011931101,
1.52025,-0.0001649272,
1.5205,-0.0073834015,
1.52075,-0.0027329731,
1.521,-0.0039700726,
1.52125,-0.0001380374,
1.5215,-0.0017768370,
1.52175,-0.0055139610,
1.522,-0.0023274529,
1.52225,0.0000467091,
1.5225,0.0018406614,
1.52275,-0.0014833483,
1.523,-0.0051025529,
1.52325,-0.0023737808,
1.5235,0.0064562242,
1.52375,0.0012469186,
1.524,-0.0013736056,
1.52425,0.0090394625,
1.5245,0.0064599775,
1.52475,0.0038804559,
1.525,-0.0022243646,
1.52525,-0.0004740249,
1.5255,0.0113229817,
1.52575,0.0021777039,
1.526,-0.0097955195,
1.52625,-0.0029779156,
1.5265,0.0083031785,
1.52675,0.0025729483,
1.527,0.0051755812,
1.52725,0.0053722179,
1.5275,0.0049337922,
1.52775,0.0018687928,
1.528,-0.0083368933,
1.52825,-0.0051319571,
1.5285,0.0042422200,
1.52875,0.0002354434,
1.529,-0.0058408892,
1.52925,-0.0046588578,
1.5295,-0.0054842541,
1.52975,-0.0064750938,
1.53,-0.0039068591,
1.53025,-0.0095559908,
1.5305,-0.0065980530,
1.53075,-0.0007630562,
1.531,-0.0086708479,
1.53125,-0.0108714979,
1.5315,-0.0122949183,
1.53175,-0.0067776307,
1.532,-0.0032986305,
1.53225,-0.0122455340,
1.5325,-0.0077528465,
1.53275,-0.0058069844,
1.533,-0.0105271991,
1.53325,-0.0109635005,
1.5335,-0.0167426653,
1.53375,-0.0097279884,
1.534,-0.0011156113,
1.53425,-0.0098743699,
1.5345,-0.0134715382,
1.53475,-0.0054961927,
1.535,0.0011230886,
1.53525,-0.0048310040,
1.5355,-0.0040404913,
1.53575,-0.0036702799,
1.536,0.0025559417,
1.53625,-0.0005698293,
1.5365,-0.0107908957,
1.53675,0.0018372143,
1.537,0.0069509549,
1.53725,0.0032092349,
1.5375,-0.0029548632,
1.53775,-0.0004170416,
1.538,0.0029752101,
1.53825,0.0031915787,
1.5385,0.0012487122,
1.53875,-0.0020843151,
1.539,0.0026459745,
1.53925,0.0041633970,
1.5395,0.0024218662,
1.53975,-0.0014405797,
1.54,0.0002713397,
1.54025,0.0059062112,
1.5405,0.0057305866,
1.54075,0.0001143452,
1.541,0.0020499928,
1.54125,0.0057774950,
1.5415,0.0014673462,
1.54175,-0.0059225634,
1.542,-0.0030609830,
1.54225,0.0068316427,
1.5425,0.0045605949,
1.54275,-0.0091526667,
1.543,-0.0128909480,
1.54325,-0.0017059585,
1.5435,-0.0008750466,
1.54375,-0.0069876919,
1.544,-0.0088584330,
1.54425,-0.0007339600,
1.5445,-0.0022646226,
1.54475,-0.0078914044,
1.545,-0.0078453813,
1.54525,0.0007067989,
1.5455,0.0050949682,
1.54575,-0.0092236903,
1.546,-0.0062987879,
1.54625,-0.0036919243,
1.5465,-0.0045133983,
1.54675,-0.0064024380,
1.547,-0.0055213836,
1.54725,-0.0035984539,
1.5475,-0.0061164168,
1.54775,-0.0015496090,
1.548,-0.0060339244,
1.54825,-0.0082273977,
1.5485,-0.0012425344,
1.54875,-0.0023220244,
1.549,0.0009388304,
1.54925,-0.0025049187,
1.5495,-0.0012420571,
1.54975,0.0103289401,
1.55,0.0010166429,
1.55025,-0.0021016251,
1.5505,0.0075465217,
1.55075,0.0106858825,
1.551,0.0045160400,
1.55125,-0.0072595146,
1.5515,-0.0012730738,
1.55175,0.0125045534,
1.552,0.0032763591,
1.55225,-0.0047550523,
1.5525,0.0068502738,
1.55275,0.0035655363,
1.553,0.0035411238,
1.55325,0.0019140787,
1.5535,-0.0002658177,
1.55375,0.0143438205,
1.554,0.0082775541,
1.55425,-0.0041758576,
1.5545,0.0062661124,
1.55475,0.0049327714,
1.555,0.0044112247,
1.55525,0.0091993539,
1.5555,-0.0000391048,
1.55575,0.0024843621,
1.556,0.0090878028,
1.55625,-0.0005724535,
1.5565,-0.0015643145,
1.55675,0.0023132791,
1.557,-0.0013635227,
1.55725,0.0077387746,
1.5575,-0.0001667686,
1.55775,-0.0021369183,
1.558,0.0114395581,
1.55825,0.0052122655,
1.5585,-0.0033049393,
1.55875,0.0002368940,
1.559,0.0053055612,
1.55925,0.0103990277,
1.5595,0.0022296004,
1.55975,-0.0066998717,
1.56,0.0066723265,
1.56025,0.0060232240,
1.5605,-0.0043547400,
1.56075,-0.0024940069,
1.561,0.0038040658,
1.56125,0.0040654028,
1.5615,0.0018610444,
1.56175,-0.0028996067,
1.562,0.0031227386,
1.56225,0.0064295186,
1.5625,0.0000363676,
1.56275,-0.0013502454,
1.563,0.0000899188,
1.56325,-0.0019238449,
1.5635,0.0014282570,
1.56375,-0.0072920886,
1.564,-0.0037657735,
1.56425,-0.0007556638,
1.5645,0.0013268868,
1.56475,-0.0007720935,
1.565,-0.0071797315,
1.56525,0.0033515049,
1.5655,0.0016220356,
1.56575,0.0001431521,
1.566,-0.0009195034,
1.56625,-0.0043337289,
1.5665,0.0036109593,
1.56675,-0.0009814529,
1.567,-0.0071450425,
1.56725,-0.0028463055,
1.5675,0.0068386062,
1.56775,0.0020973480,
1.568,-0.0032479889,
1.56825,-0.0014392182,
1.5685,0.0038151592,
1.56875,0.0087253442,
1.569,-0.0059275273,
1.56925,-0.0008426901,
1.5695,0.0090525970,
1.56975,0.0026910033,
1.57,0.0019946282,
1.57025,-0.0012523872,
1.5705,0.0066068117,
1.57075,0.0104417447,
1.571,0.0026548239,
1.57125,-0.0013955575,
1.5715,0.0042333603,
1.57175,0.0032951850,
1.572,-0.0014717113,
1.57225,0.0010375832,
1.5725,-0.0045521073,
1.57275,0.0028371457,
1.573,0.0079795392,
1.57325,-0.0029880041,
1.5735,0.0014470629,
1.57375,0.0041475608,
1.574,0.0043005114,
1.57425,0.0019902897,
1.5745,-0.0038708705,
1.57475,0.0038528019,
1.575,0.0085098995,
1.57525,-0.0010667102,
1.5755,-0.0091484962,
1.57575,-0.0018274003,
1.576,0.0032958272,
1.57625,-0.0038034315,
1.5765,-0.0117083192,
1.57675,-0.0055942424,
1.577,0.0091024898,
1.57725,-0.0052253297,
1.5775,-0.0138091939,
1.57775,-0.0043530441,
1.578,-0.0002048926,
1.57825,0.0008267528,
1.5785,-0.0076539535,
1.57875,-0.0019878326,
1.579,0.0036895960,
1.57925,-0.0073222020,
1.5795,-0.0099911746,
1.57975,-0.0059315441,
1.58,-0.0005363717,
1.58025,-0.0011330275,
1.5805,-0.0029855990,
1.58075,-0.0070550614,
1.581,-0.0074766707,
1.58125,-0.0013450752,
1.5815,0.0015224285,
1.58175,-0.0034817066,
1.582,-0.0037145624,
1.58225,0.0009530887,
1.5825,0.0017759120,
1.58275,-0.0050104740,
1.583,-0.0061319391,
1.58325,0.0070780185,
1.5835,0.0032890690,
1.58375,-0.0084729735,
1.584,-0.0113491733,
1.58425,-0.0015906773,
1.5845,0.0050887112,
1.58475,-0.0078730118,
1.585,-0.0080267694,
1.58525,0.0025225233,
1.5855,0.0034549460,
1.58575,-0.0065183127,
1.586,-0.0096915374,
1.58625,-0.0034166931,
1.5865,0.0040683737,
1.58675,-0.0039992747,
1.587,-0.0072502759,
1.58725,0.0013721093,
1.5875,0.0021828848,
1.58775,-0.0042122728,
1.588,-0.0078407247,
1.58825,-0.0056869001,
1.5885,0.0040829838,
1.58875,0.0016162464,
1.589,-0.0048106327,
1.58925,-0.0050733173,
1.5895,-0.0055100885,
1.58975,-0.0005244644,
1.59,0.0004567946,
1.59025,-0.0018934930,
1.5905,0.0012433529,
1.59075,0.0036886381,
1.591,0.0001765115,
1.59125,-0.0065806685,
1.5915,-0.0038346830,
1.59175,0.0044964463,
1.592,0.0063814605,
1.59225,-0.0078002638,
1.5925,-0.0078279190,
1.59275,0.0106633417,
1.593,0.0017809633,
1.59325,-0.0074109146,
1.5935,-0.0030537560,
1.59375,0.0053844843,
1.594,0.0049154693,
1.59425,-0.0075462782,
1.5945,-0.0108667631,
1.59475,-0.0016878707,
1.595,0.0017466936,
1.59525,-0.0099422233,
1.5955,-0.0016812970,
1.59575,0.0011431143,
1.596,-0.0020722880,
1.59625,0.0038197378,
1.5965,-0.0121248187,
1.59675,-0.0033176083,
1.597,0.0001493686,
1.59725,-0.0038802673,
1.5975,-0.0027522075,
1.59775,-0.0086089019,
1.598,-0.0021807591,
1.59825,-0.0011720887,
1.5985,-0.0003773470,
1.59875,-0.0055568428,
1.599,0.0023436106,
1.59925,0.0032190713,
1.5995,-0.0067018680,
1.59975,-0.0038806475,
1.6,-0.0019382595,
1.60025,0.0042546745,
1.6005,0.0063586710,
1.60075,-0.0049114861,
1.601,-0.0063170497,
1.60125,0.0091034090,
1.6015,0.0020483695,
1.60175,-0.0056014745,
1.602,0.0027752374,
1.60225,0.0054583522,
1.6025,0.0051925676,
1.60275,-0.0033272163,
1.603,-0.0081585515,
1.60325,0.0041982215,
1.6035,0.0065997620,
1.60375,-0.0051209107,
1.604,-0.0045263562,
1.60425,0.0065973531,
1.6045,-0.0009471658,
1.60475,-0.0040242113,
1.605,-0.0062230118,
1.60525,-0.0087513439,
1.6055,0.0034689510,
1.60575,0.0030962608,
1.606,-0.0059713372,
1.60625,0.0001337601,
1.6065,-0.0018983958,
1.60675,-0.0015760066,
1.607,0.0017578712,
1.60725,-0.0061408668,
1.6075,0.0095077613,
1.60775,0.0107781403,
1.608,-0.0046343678,
1.60825,-0.0014372140,
1.6085,0.0006536674,
1.60875,0.0071924976,
1.609,0.0090358024,
1.60925,-0.0094994325,
1.6095,0.0012956709,
1.60975,0.0142762251,
1.61,-0.0078730481,
1.61025,-0.0040693562,
1.6105,0.0033461172,
1.61075,0.0051407148,
1.611,0.0047818073,
1.61125,-0.0033349532,
1.6115,0.0028077518,
1.61175,0.0143193444,
1.612,0.0054872506,
1.61225,-0.0026750693,
1.6125,0.0063971113,
1.61275,0.0056694397,
1.613,0.0026550516,
1.61325,0.0021054298,
1.6135,-0.0053004958,
1.61375,-0.0011643079,
1.614,0.0059297285,
1.61425,0.0032944344,
1.6145,-0.0000553919,
1.61475,-0.0030296212,
1.615,0.0035201823,
1.61525,0.0075540687,
1.6155,-0.0014746101,
1.61575,0.0029797619,
1.616,0.0122393277,
1.61625,0.0070158876,
1.6165,-0.0020752326,
1.61675,-0.0045774314,
1.617,0.0084717711,
1.61725,0.0136308428,
1.6175,-0.0024023009,
1.61775,-0.0031368192,
1.618,0.0059960810,
1.61825,0.0094038798,
1.6185,0.0041077114,
1.61875,-0.0021772010,
1.619,0.0063492777,
1.61925,0.0120075587,
1.6195,0.0016933912,
1.61975,-0.0015548738,
1.62,0.0062246462,
1.62025,0.0098033417,
1.6205,0.0077817445,
1.62075,-0.0021146140,
1.621,0.0032819589,
1.62125,0.0147435609,
1.6215,0.0025887613,
1.62175,0.0033021756,
1.622,0.0038791671,
1.62225,0.0012543080,
1.6225,0.0107809398,
1.62275,0.0032812306,
1.623,0.0011139411,
1.62325,0.0094874566,
1.6235,0.0075408630,
1.62375,0.0037233736,
1.624,0.0026459242,
1.62425,0.0028900197,
1.6245,0.0071555073,
1.62475,0.0114837755,
1.625,-0.0042993240,
1.62525,-0.0016902959,
1.6255,0.0136846192,
1.62575,-0.0000014760,
1.626,-0.0022073300,
1.62625,-0.0047629680,
1.6265,0.0077605462,
1.62675,0.0120248171,
1.627,-0.0038221481,
1.62725,-0.0028069166,
1.6275,0.0015262007,
1.62775,-0.0012950909,
1.628,-0.0090146633,
1.62825,-0.0033271790,
1.6285,0.0038834168,
1.62875,0.0035430000,
1.629,-0.0020776230,
1.62925,-0.0093291663,
1.6295,0.0016314256,
1.62975,-0.0008861430,
1.63,-0.0031672351,
1.63025,-0.0018604766,
1.6305,-0.0068438090,
1.63075,-0.0001051531,
1.631,-0.0022634929,
1.63125,-0.0094284937,
1.6315,-0.0074864225,
1.63175,-0.0002135235,
1.632,-0.0038381687,
1.63225,-0.0001611488,
1.6325,-0.0039232108,
1.63275,-0.0036369755,
1.633,0.0034100502,
1.63325,-0.0050749020,
1.6335,-0.0030451077,
1.63375,-0.0014398346,
1.634,0.0071516009,
1.63425,0.0040533026,
1.6345,-0.0067613097,
1.63475,-0.0003491511,
1.635,0.0076319301,
1.63525,0.0085584922,
1.6355,-0.0027662679,
1.63575,-0.0016137894,
1.636,0.0066532311,
1.63625,0.0057012024,
1.6365,-0.0049614981,
1.63675,0.0024236252,
1.637,0.0071135079,
1.63725,0.0074749170,
1.6375,-0.0037993477,
1.63775,-0.0064767981,
1.638,0.0065406822,
1.63825,0.0051471335,
1.6385,0.0012096637,
1.63875,0.0025574006,
1.639,0.0007447956,
1.63925,0.0024202778,
1.6395,0.0000828355,
1.63975,-0.0051770709,
1.64,-0.0010740805,
1.64025,0.0025181072,
1.6405,0.0014148589,
1.64075,-0.0029223231,
1.641,-0.0078687407,
1.64125,-0.0034238715,
1.6415,0.0039371843,
1.64175,-0.0066454448,
1.642,-0.0103612989,
1.64225,0.0038563008,
1.6425,0.0050758501,
1.64275,-0.0070474898,
1.643,-0.0125276949,
1.64325,-0.0038468973,
1.6435,0.0080394289,
1.64375,-0.0075231404,
1.644,-0.0124167642,
1.64425,-0.0013967174,
1.6445,-0.0019058649,
1.64475,-0.0084379027,
1.645,-0.0078144288,
1.64525,0.0000895216,
1.6455,0.0036735868,
1.64575,-0.0001592131,
1.646,-0.0074610445,
1.64625,0.0002142518,
1.6465,-0.0023426546,
1.64675,-0.0052673053,
1.647,0.0011237933,
1.64725,-0.0030303975,
1.6475,0.0003840688,
1.64775,0.0043558972,
1.648,0.0004600099,
1.64825,-0.0032635799,
1.6485,-0.0011358656,
1.64875,0.0052806647,
1.649,0.0059467917,
1.64925,-0.0010640969,
1.6495,0.0011652026,
1.64975,0.0072172992,
1.65,0.0032057844,
1.65025,-0.0034984662,
1.6505,-0.0042264671,
1.65075,0.0126655400,
1.651,0.0042992686,
1.65125,-0.0085225692,
1.6515,-0.0001097599,
1.65175,0.0073386361,
1.652,0.0070664603,
1.65225,-0.0054900562,
1.6525,-0.0022044946,
1.65275,0.0011492500,
1.653,0.0022901923,
1.65325,-0.0052926233,
1.6535,-0.0086237527,
1.65375,0.0065396056,
1.654,0.0006970469,
1.65425,-0.0042711543,
1.6545,0.0000190328,
1.65475,-0.0066532795,
1.655,0.0028245079,
1.65525,-0.0002594897,
1.6555,-0.0098731630,
1.65575,0.0030940990,
1.656,-0.0023575167,
1.65625,-0.0021317247,
1.6565,-0.0052656163,
1.65675,-0.0075726532,
1.657,-0.0003174833,
1.65725,0.0012093318,
1.6575,-0.0043658954,
1.65775,-0.0025859438,
1.658,0.0003845816,
1.65825,-0.0007711253,
1.6585,0.0000328506,
1.65875,-0.0097092465,
1.659,0.0007884922,
1.65925,0.0125279613,
1.6595,-0.0047256523,
1.65975,-0.0067819282,
1.66,-0.0031098882,
1.66025,0.0068702637,
1.6605,0.0036290428,
1.66075,-0.0037905246,
1.661,0.0043588746,
1.66125,0.0101452619,
1.6615,0.0018487298,
1.66175,-0.0031522992,
1.662,0.0073209852,
1.66225,0.0084854495,
1.6625,0.0063617760,
1.66275,0.0031431732,
1.663,0.0007514284,
1.66325,0.0081364540,
1.6635,0.0048231063,
1.66375,0.0008159504,
1.664,0.0054541994,
1.66425,0.0029717414,
1.6645,0.0121539561,
1.66475,0.0081243627,
1.665,-0.0008917628,
1.66525,0.0063379249,
1.6655,0.0059172702,
1.66575,0.0051754406,
1.666,0.0018438977,
1.66625,0.0023222021,
1.6665,0.0048371824,
1.66675,0.0013866345,
1.667,-0.0026491885,
1.66725,-0.0041511627,
1.6675,0.0046289288,
1.66775,0.0059822397,
1.668,-0.0019762707,
1.66825,-0.0043078763,
1.6685,0.0021077008,
1.66875,0.0042815986,
1.669,-0.0048295734,
1.66925,-0.0039934502,
1.6695,-0.0009890391,
1.66975,0.0015781034,
1.67,-0.0029700759,
1.67025,-0.0131332921,
1.6705,-0.0027633444,
1.67075,0.0038461585,
1.671,-0.0106467325,
1.67125,-0.0083457259,
1.6715,-0.0067730998,
1.67175,-0.0067244899,
1.672,-0.0029417188,
1.67225,-0.0059572533,
1.6725,-0.0057348041,
1.67275,0.0020960672,
1.673,0.0036721076,
1.67325,-0.0000156682,
1.6735,0.0018609101,
1.67375,-0.0002479712,
1.674,0.0050547346,
1.67425,0.0035139667,
1.6745,-0.0018707021,
1.67475,0.0036543589,
1.675,0.0113923997,
1.67525,0.0062502669,
1.6755,-0.0030009560,
1.67575,0.0038480873,
1.676,0.0170292668,
1.67625,0.0090058651,
1.6765,-0.0021896835,
1.67675,0.0046353764,
1.677,0.0163048021,
1.67725,0.0086901626,
1.6775,-0.0032862590,
1.67775,0.0050400505,
1.678,0.0118634608,
1.67825,0.0061432738,
1.6785,0.0007767976,
1.67875,0.0025499342,
1.679,0.0097840782,
1.67925,0.0050837277,
1.6795,0.0001569303,
1.67975,0.0051074498,
1.68,0.0052075190,
1.68025,-0.0008209632,
1.6805,0.0000058626,
1.68075,-0.0016318512,
1.681,-0.0052248454,
1.68125,-0.0019488824,
1.6815,0.0021820366,
1.68175,-0.0036062673,
1.682,-0.0098426919,
1.68225,-0.0003961647,
1.6825,-0.0004801463,
1.68275,-0.0065647443,
1.683,-0.0071272431,
1.68325,-0.0026363810,
1.6835,0.0043484266,
1.68375,-0.0072575267,
1.684,-0.0119003970,
1.68425,0.0019735771,
1.6845,0.0020266259,
1.68475,-0.0112194801,
1.685,-0.0091073466,
1.68525,0.0043841321,
1.6855,0.0006652641,
1.68575,-0.0058279634,
1.686,-0.0086604683,
1.68625,-0.0051700142,
1.6865,0.0013739149,
1.68675,-0.0060673468,
1.687,-0.0074021867,
1.68725,0.0033727204,
1.6875,0.0014236186,
1.68775,-0.0002268801,
1.688,-0.0048984680,
1.68825,-0.0042665666,
1.6885,0.0023640874,
1.68875,0.0023746137,
1.689,-0.0005632242,
1.68925,-0.0028763688,
1.6895,-0.0023624366,
1.68975,0.0036525691,
1.69,-0.0000351515,
1.69025,-0.0034523595,
1.6905,0.0026263914,
1.69075,0.0050370325,
1.691,0.0014903476,
1.69125,-0.0005159995,
1.6915,-0.0008932925,
1.69175,0.0075815222,
1.692,0.0038498465,
1.69225,-0.0043650912,
1.6925,-0.0019823750,
1.69275,0.0070040869,
1.693,0.0028536846,
1.69325,-0.0090673324,
1.6935,-0.0042211688,
1.69375,0.0052617728,
1.694,0.0021542076,
1.69425,-0.0061888481,
1.6945,-0.0063781370,
1.69475,-0.0016891358,
1.695,-0.0010610187,
1.69525,-0.0094154347,
1.6955,-0.0048327404,
1.69575,0.0061930087,
1.696,-0.0022700557,
1.69625,-0.0049849018,
1.6965,-0.0071680732,
1.69675,-0.0054057818,
1.697,-0.0003064844,
1.69725,-0.0017031642,
1.6975,-0.0051423451,
1.69775,-0.0100533860,
1.698,-0.0040272176,
1.69825,-0.0082473578,
1.6985,-0.0071664159,
1.69875,-0.0063010594,
1.699,-0.0040964214,
1.69925,0.0002632275,
1.6995,-0.0045830566,
1.69975,-0.0122583555,
1.7,-0.0049406379,
1.70025,-0.0007081648,
1.7005,-0.0070470381,
1.70075,-0.0064902743,
1.701,-0.0052856607,
1.70125,0.0008633981,
1.7015,-0.0038969261,
1.70175,-0.0130131952,
1.702,-0.0025921364,
1.70225,-0.0007006915,
1.7025,-0.0067775790,
1.70275,-0.0104326215,
1.703,-0.0126834903,
1.70325,-0.0021299080,
1.7035,-0.0060053850,
1.70375,-0.0094759446,
1.704,-0.0036836916,
1.70425,0.0004063963,
1.7045,-0.0013838633,
1.70475,-0.0059847604,
1.705,-0.0092016244,
1.70525,-0.0016860045,
1.7055,0.0005089857,
1.70575,-0.0003395247,
1.706,-0.0025809761,
1.70625,-0.0039017063,
1.7065,0.0026865418,
1.70675,0.0015479038,
1.707,-0.0054410389,
1.70725,0.0007685344,
1.7075,0.0022697309,
1.70775,0.0041844612,
1.708,-0.0000114937,
1.70825,-0.0063624829,
1.7085,0.0040335469,
1.70875,0.0112201851,
1.709,-0.0045740958,
1.70925,-0.0066580479,
1.7095,0.0070630661,
1.70975,0.0057992321,
1.71,-0.0024112433,
1.71025,-0.0022286950,
1.7105,0.0044017141,
1.71075,0.0074673295,
1.711,-0.0023000876,
1.71125,-0.0093700942,
1.7115,0.0069897533,
1.71175,0.0048845443,
1.712,-0.0044843247,
1.71225,-0.0000819747,
1.7125,0.0012937682,
1.71275,0.0010513623,
1.713,-0.0028138866,
1.71325,-0.0064725494,
1.7135,-0.0044629253,
1.71375,-0.0027226328,
1.714,-0.0005920688,
1.71425,0.0001661360,
1.7145,-0.0072664679,
1.71475,-0.0063247113,
1.715,-0.0012816525,
1.71525,-0.0009591093,
1.7155,-0.0092228279,
1.71575,-0.0020611426,
1.716,0.0056467769,
1.71625,-0.0011335347,
1.7165,-0.0074182041,
1.71675,-0.0051156580,
1.717,0.0050093597,
1.71725,0.0039568134,
1.7175,-0.0089026596,
1.71775,-0.0073412098,
1.718,0.0092079025,
1.71825,-0.0002028267,
1.7185,-0.0047413972,
1.71875,-0.0011924066,
1.719,0.0030250589,
1.71925,0.0071703033,
1.7195,-0.0055062342,
1.71975,-0.0008226356,
1.72,0.0083788959,
1.72025,0.0043486282,
1.7205,0.0017157970,
1.72075,-0.0007131530,
1.721,0.0049138190,
1.72125,0.0064707645,
1.7215,0.0000059692,
1.72175,-0.0023071766,
1.722,0.0005074563,
1.72225,0.0062203105,
1.7225,0.0028176021,
1.72275,0.0009594447,
1.723,-0.0018586006,
1.72325,0.0009389569,
1.7235,0.0074532866,
1.72375,-0.0015411749,
1.724,-0.0006152738,
1.72425,0.0062456587,
1.7245,0.0035235051,
1.72475,0.0040008305,
1.725,-0.0050596753,
1.72525,0.0033481210,
1.7255,0.0123902280,
1.72575,0.0032424438,
1.726,-0.0073894374,
1.72625,0.0016213650,
1.7265,0.0116750114,
1.72675,0.0036631480,
1.727,0.0036616814,
1.72725,0.0025326374,
1.7275,0.0071951365,
1.72775,0.0041016466,
1.728,-0.0061227148,
1.72825,0.0008715881,
1.7285,0.0075432751,
1.72875,0.0029310863,
1.729,0.0010623951,
1.72925,-0.0001309631,
1.7295,0.0064535770,
1.72975,0.0063990760,
1.73,0.0028675767,
1.73025,0.0008888750,
1.7305,0.0050303424,
1.73075,0.0050307740,
1.731,0.0021809964,
1.73125,0.0010597780,
1.7315,-0.0039966130,
1.73175,0.0070600277,
1.732,0.0016908773,
1.73225,-0.0022252181,
1.7325,0.0035585952,
1.73275,-0.0016962572,
1.733,0.0028178729,
1.73325,-0.0025521789,
1.7335,-0.0070545822,
1.73375,0.0029005981,
1.734,0.0065959664,
1.73425,-0.0008428957,
1.7345,-0.0107856654,
1.73475,-0.0028973767,
1.735,0.0058544287,
1.73525,0.0033374098,
1.7355,-0.0039821439,
1.73575,0.0025482194,
1.736,0.0099102836,
1.73625,-0.0012980427,
1.7365,-0.0075817737,
1.73675,0.0010738960,
1.737,0.0073967855,
1.73725,0.0054483716,
1.7375,-0.0024856066,
1.73775,-0.0030143373,
1.738,0.0047971345,
1.73825,-0.0011641718,
1.7385,-0.0031805586,
1.73875,0.0021462408,
1.739,0.0031437261,
1.73925,0.0021171246,
1.7395,0.0007313326,
1.73975,-0.0063671414,
1.74,-0.0032437406,
1.74025,0.0066242483,
1.7405,0.0043672398,
1.74075,-0.0008131466,
1.741,-0.0003554336,
1.74125,0.0004064736,
1.7415,0.0032011445,
1.74175,-0.0042617787,
1.742,-0.0103059579,
1.74225,0.0068823458,
1.7425,0.0101028653,
1.74275,-0.0110053476,
1.743,-0.0161735546,
1.74325,-0.0017319769,
1.7435,0.0053311279,
1.74375,-0.0049372669,
1.744,-0.0051084911,
1.74425,0.0050396803,
1.7445,0.0045438339,
1.74475,-0.0077359518,
1.745,-0.0104313344,
1.74525,0.0058418489,
1.7455,0.0066217622,
1.74575,-0.0022265112,
1.746,0.0011666805,
1.74625,-0.0025693122,
1.7465,-0.0030102956,
1.74675,-0.0008956760,
1.747,-0.0005538745,
1.74725,0.0032627813,
1.7475,0.0013255026,
1.74775,0.0051312000,
1.748,0.0047954386,
1.74825,-0.0091868564,
1.7485,-0.0019802544,
1.74875,0.0049397903,
1.749,-0.0002032549,
1.74925,-0.0066528982,
1.7495,-0.0020909871,
1.74975,0.0080537386,
1.75,-0.0016672363,
1.75025,-0.0047979094,
1.7505,-0.0032087837,
1.75075,0.0091564376,
1.751,0.0049113194,
1.75125,-0.0134309027,
1.7515,-0.0038771986,
1.75175,0.0058067534,
1.752,-0.0015766025,
1.75225,-0.0059307343,
1.7525,-0.0045439685,
1.75275,0.0017533381,
1.753,0.0051761977,
1.75325,-0.0066784201,
1.7535,-0.0104174558,
1.75375,0.0040942105,
1.754,-0.0011198836,
1.75425,-0.0071750209,
1.7545,-0.0054061417,
1.75475,-0.0060374755,
1.755,0.0001328338,
1.75525,-0.0029351204,
1.7555,-0.0070826993,
1.75575,-0.0032984270,
1.756,0.0041867755,
1.75625,0.0009543925,
1.7565,-0.0011740939,
1.75675,-0.0014952368,
1.757,-0.0020805695,
1.75725,0.0073011369,
1.7575,0.0009749603,
1.75775,-0.0051893438,
1.758,0.0107128154,
1.75825,0.0053903498,
1.7585,-0.0011550732,
1.75875,-0.0027094265,
1.759,-0.0014978608,
1.75925,0.0135508552,
1.7595,0.0047747465,
1.75975,-0.0080266511,
1.76,0.0035255384,
1.76025,0.0130190840,
1.7605,0.0025395621,
1.76075,-0.0022963020,
1.761,0.0050580543,
1.76125,0.0075670835,
1.7615,0.0105178803,
1.76175,-0.0060526561,
1.762,-0.0007006825,
1.76225,0.0081296926,
1.7625,0.0026754106,
1.76275,-0.0030562654,
1.763,-0.0000014860,
1.76325,0.0041165352,
1.7635,0.0023382481,
1.76375,0.0016145710,
1.764,-0.0058839405,
1.76425,-0.0031868820,
1.7645,0.0016017947,
1.76475,-0.0043673962,
1.765,-0.0026886365,
1.76525,-0.0045448407,
1.7655,-0.0004305553,
1.76575,-0.0006542663,
1.766,-0.0064040730,
1.76625,-0.0052393437,
1.7665,-0.0017888671,
1.76675,0.0041428413,
1.767,-0.0055505233,
1.76725,-0.0117994677,
1.7675,0.0014899137,
1.76775,0.0018042804,
1.768,-0.0088169044,
1.76825,-0.0044373469,
1.7685,0.0024735392,
1.76875,0.0045207799,
1.769,-0.0023312026,
1.76925,-0.0126726255,
1.7695,0.0000020056,
1.76975,0.0056195781,
1.77,-0.0046612150,
1.77025,-0.0061822711,
1.7705,-0.0027573570,
1.77075,0.0026141689,
1.771,0.0005481195,
1.77125,-0.0017474082,
1.7715,0.0028059611,
1.77175,0.0066899327,
1.772,0.0035099522,
1.77225,0.0004046380,
1.7725,0.0007737235,
1.77275,0.0020573116,
1.773,0.0121480962,
1.77325,0.0081664063,
1.7735,0.0026245040,
1.77375,0.0062326305,
1.774,0.0039563673,
1.77425,0.0083485413,
1.7745,0.0019858985,
1.77475,-0.0008687271,
1.775,0.0144932894,
1.77525,0.0091166757,
1.7755,-0.0037553464,
1.77575,-0.0005376590,
1.776,0.0133606270,
1.77625,0.0115011120,
1.7765,0.0012462155,
1.77675,-0.0008654639,
1.777,0.0143816229,
1.77725,0.0123923663,
1.7775,-0.0107158776,
1.77775,-0.0003661579,
1.778,0.0113337897,
1.77825,0.0056972150,
1.7785,0.0022875560,
1.77875,-0.0020366858,
1.779,0.0084186802,
1.77925,0.0020932285,
1.7795,-0.0057887519,
1.77975,0.0013358839,
1.78,0.0024807267,
1.78025,-0.0040251864,
1.7805,0.0007728233,
1.78075,-0.0011162661,
1.781,-0.0075040008,
1.78125,0.0008772303,
1.7815,0.0048036231,
1.78175,0.0002533004,
1.782,-0.0047596120,
1.78225,-0.0035353331,
1.7825,0.0059604151,
1.78275,0.0019210695,
1.783,-0.0112988111,
1.78325,0.0051407474,
1.7835,0.0097405054,
1.78375,-0.0039483244,
1.784,-0.0013143214,
1.78425,0.0027527604,
1.7845,0.0163530447,
1.78475,0.0026421794,
1.785,-0.0070365164,
1.78525,0.0106753334,
1.7855,0.0106204003,
1.78575,0.0014588425,
1.786,0.0036129844,
1.78625,0.0041362387,
1.7865,0.0091870436,
1.78675,0.0074617495,
1.787,-0.0020145439,
1.78725,0.0051920805,
1.7875,0.0121418489,
1.78775,0.0020465723,
1.788,0.0047743246,
1.78825,0.0017937426,
1.7885,0.0026464290,
1.78875,0.0104944874,
1.789,0.0034062527,
1.78925,-0.0016898963,
1.7895,0.0048616924,
1.78975,0.0063037323,
1.79,0.0063196514,
1.79025,0.0016160355,
1.7905,-0.0001695612,
1.79075,0.0042491872,
1.791,0.0022793785,
1.79125,-0.0015598244,
1.7915,-0.0009524509,
1.79175,0.0071183331,
1.792,0.0049602129,
1.79225,-0.0053232750,
1.7925,-0.0079564676,
1.79275,0.0069334144,
1.793,0.0060816766,
1.79325,-0.0023802773,
1.7935,-0.0044189231,
1.79375,0.0023158947,
1.794,0.0040719728,
1.79425,-0.0057984651,
1.7945,-0.0076329643,
1.79475,-0.0005296237,
1.795,0.0000725128,
1.79525,-0.0071113734,
1.7955,-0.0086302767,
1.79575,-0.0014475924,
1.796,0.0017602573,
1.79625,-0.0013364586,
1.7965,-0.0094770100,
1.79675,-0.0013137327,
1.797,0.0012764550,
1.79725,-0.0024244888,
1.7975,0.0031537130,
1.79775,-0.0040209163,
1.798,0.0013606000,
1.79825,0.0036696834,
1.7985,-0.0020526671,
1.79875,-0.0019668813,
1.799,0.0033205766,
1.79925,0.0043595028,
1.7995,0.0031420947,
1.79975,0.0002657452,
1.8,-0.0029395486,
1.80025,0.0054491125,
1.8005,0.0016148719,
1.80075,-0.0073303380,
1.801,0.0005161113,
1.80125,0.0091140727,
1.8015,0.0042047496,
1.80175,-0.0017280385,
1.802,0.0004436951,
1.80225,0.0065912935,
1.8025,0.0044470783,
1.80275,-0.0014423161,
1.803,-0.0017735916,
1.80325,0.0033551496,
1.8035,-0.0012330740,
1.80375,-0.0071888785,
1.804,-0.0069363462,
1.80425,-0.0021449851,
1.8045,0.0019850598,
1.80475,-0.0077117835,
1.805,-0.0054800087,
1.80525,-0.0043270476,
1.8055,-0.0075587481,
1.80575,-0.0047156769,
1.806,-0.0133730983,
1.80625,-0.0131525956,
1.8065,-0.0025608586,
1.80675,-0.0065305680,
1.807,-0.0084690861,
1.80725,-0.0084719146,
1.8075,-0.0082290834,
1.80775,-0.0056712353,
1.808,-0.0095635178,
1.80825,-0.0196714178,
1.8085,-0.0082214186,
1.80875,-0.0016122716,
1.809,-0.0114017436,
1.80925,-0.0151197221,
1.8095,-0.0056882119,
1.80975,0.0024356684,
1.81,-0.0109367250,
1.81025,-0.0112141008,
1.8105,-0.0023005081,
1.81075,0.0051628728,
1.811,-0.0063095139,
1.81125,-0.0129138120,
1.8115,-0.0009873465,
1.81175,0.0026894924,
1.812,-0.0025377676,
1.81225,-0.0012161175,
1.8125,0.0057643102,
1.81275,0.0057472950,
1.813,0.0040419861,
1.81325,-0.0013806809,
1.8135,-0.0009591688,
1.81375,0.0004595293,
1.814,0.0016273842,
1.81425,0.0073701139,
1.8145,0.0029118578,
1.81475,-0.0023852272,
1.815,0.0046770410,
1.81525,0.0051200893,
1.8155,-0.0057735965,
1.81575,0.0010228691,
1.816,0.0086647626,
1.81625,0.0033243434,
1.8165,-0.0017054147,
1.81675,-0.0072187334,
1.817,0.0083922418,
1.81725,0.0038795976,
1.8175,-0.0110287033,
1.81775,-0.0059744488,
1.818,0.0089158686,
1.81825,0.0004600048,
1.8185,-0.0108737573,
1.81875,-0.0022297802,
1.819,0.0006377747,
1.81925,-0.0009059662,
1.8195,-0.0108079482,
1.81975,-0.0076339012,
1.82,-0.0004424760,
1.82025,-0.0070443405,
1.8205,-0.0075526494,
1.82075,-0.0042425613,
1.821,-0.0026710739,
1.82125,-0.0020787800,
1.8215,-0.0035481015,
1.82175,-0.0056167371,
1.822,-0.0109568788,
1.82225,-0.0025411139,
1.8225,0.0013353316,
1.82275,-0.0073880744,
1.823,-0.0104129734,
1.82325,-0.0020244764,
1.8235,-0.0017913156,
1.82375,-0.0079369685,
1.824,-0.0024063466,
1.82425,0.0031157820,
1.8245,0.0068511888,
1.82475,0.0007656787,
1.825,-0.0065489719,
1.82525,0.0052566775,
1.8255,0.0065487940,
1.82575,-0.0019826812,
1.826,-0.0062688994,
1.82625,-0.0017863971,
1.8265,0.0086628785,
1.82675,-0.0008510716,
1.827,-0.0031152819,
1.82725,-0.0002054696,
1.8275,0.0064482093,
1.82775,0.0033784423,
1.828,-0.0037737116,
1.82825,0.0035523409,
1.8285,0.0064879647,
1.82875,0.0051298384,
1.829,-0.0017408454,
1.82925,0.0026349183,
1.8295,0.0074888738,
1.82975,0.0039025384,
1.83,0.0038077366,
1.83025,0.0003354538,
1.8305,0.0011674662,
1.83075,0.0038965906,
1.831,0.0031010166,
1.83125,-0.0008412342,
1.8315,0.0007592405,
1.83175,0.0055349031,
1.832,0.0029972456,
1.83225,0.0006579067,
1.8325,0.0006716229,
1.83275,0.0061622970,
1.833,0.0053308737,
1.83325,-0.0026115633,
1.8335,0.0004475546,
1.83375,0.0044877334,
1.834,0.0072091254,
1.83425,0.0003416424,
1.8345,-0.0046595503,
1.83475,0.0048667477,
1.835,0.0083168419,
1.83525,0.0023368208,
1.8355,0.0006504336,
1.83575,0.0008464877,
1.836,0.0028828753,
1.83625,-0.0009150195,
1.8365,-0.0095767649,
1.83675,0.0005944436,
1.837,0.0066547161,
1.83725,-0.0008741958,
1.8375,-0.0042575626,
1.83775,-0.0010295118,
1.838,0.0025521074,
1.83825,-0.0014090237,
1.8385,-0.0050001144,
1.83875,-0.0035225111,
1.839,0.0001433109,
1.83925,-0.0027696402,
1.8395,-0.0016813328,
1.83975,-0.0037891106,
1.84,0.0001618252,
1.84025,0.0027210547,
1.8405,-0.0012468786,
1.84075,-0.0013570588,
1.841,-0.0049778176,
1.84125,-0.0003195241,
1.8415,0.0045436891,
1.84175,-0.0071419245,
1.842,-0.0038201548,
1.84225,0.0103942733,
1.8425,0.0042105643,
1.84275,-0.0084660966,
1.843,-0.0051096790,
1.84325,0.0069169956,
1.8435,0.0084687034,
1.84375,0.0009496365,
1.844,-0.0054689539,
1.84425,0.0082889441,
1.8445,0.0059891655,
1.84475,-0.0049581872,
1.845,0.0063569937,
1.84525,0.0115875565,
1.8455,0.0111727798,
1.84575,0.0036213805,
1.846,-0.0008733253,
1.84625,0.0038837816,
1.8465,0.0029889820,
1.84675,0.0022698308,
1.847,0.0044759591,
1.84725,0.0042136009,
1.8475,0.0059437803,
1.84775,0.0059469924,
1.848,-0.0009478570,
1.84825,-0.0007931757,
1.8485,0.0021812310,
1.84875,0.0069729663,
1.849,0.0057539232,
1.84925,-0.0029355215,
1.8495,0.0008537347,
1.84975,0.0072060344,
1.85,-0.0010640064,
1.85025,-0.0067785424,
1.8505,0.0034093622,
1.85075,0.0088366922,
1.851,-0.0024669706,
1.85125,-0.0114556635,
1.8515,-0.0064813793,
1.85175,0.0105955303,
1.852,-0.0036613969,
1.85225,-0.0125178611,
1.8525,0.0002961690,
1.85275,-0.0013615290,
1.853,-0.0040662354,
1.85325,-0.0065255659,
1.8535,-0.0056647230,
1.85375,-0.0013108674,
1.854,-0.0046405382,
1.85425,-0.0094374930,
1.8545,-0.0037962291,
1.85475,-0.0014999759,
1.855,-0.0045366054,
1.85525,0.0015765330,
1.8555,-0.0061297594,
1.85575,-0.0067395931,
1.856,0.0046409918,
1.85625,-0.0033873296,
1.8565,-0.0063821538,
1.85675,-0.0029043655,
1.857,0.0009140288,
1.85725,0.0004697126,
1.8575,-0.0064206952,
1.85775,-0.0062485742,
1.858,0.0036402601,
1.85825,0.0035415881,
1.8585,-0.0065949466,
1.85875,-0.0037324512,
1.859,0.0036620593,
1.85925,0.0044522956,
1.8595,-0.0005469373,
1.85975,-0.0123271765,
1.86,0.0027888187,
1.86025,0.0057781837,
1.8605,-0.0049859867,
1.86075,-0.0020027768,
1.861,0.0007543439,
1.86125,0.0049373838,
1.8615,-0.0038082581,
1.86175,-0.0087493360,
1.862,-0.0049274033,
1.86225,0.0067125130,
1.8625,-0.0050250143,
1.86275,-0.0074821343,
1.863,0.0011522043,
1.86325,-0.0060674837,
1.8635,0.0023020764,
1.86375,-0.0019018782,
1.864,-0.0022187068,
1.86425,-0.0003684263,
1.8645,-0.0004671651,
1.86475,0.0007026582,
1.865,-0.0112960869,
1.86525,0.0018617313,
1.8655,0.0045966953,
1.86575,0.0008507802,
1.866,-0.0047807870,
1.86625,-0.0037994268,
1.8665,0.0043712663,
1.86675,-0.0000459294,
1.867,-0.0055330163,
1.86725,-0.0047744806,
1.8675,0.0072283582,
1.86775,-0.0012947455,
1.868,-0.0106982272,
1.86825,-0.0053773103,
1.8685,0.0025451942,
1.86875,0.0041254396,
1.869,-0.0026910491,
1.86925,-0.0096574714,
1.8695,-0.0017193245,
1.86975,0.0004099102,
1.87,-0.0090120807,
1.87025,-0.0055841212,
1.8705,0.0002019409,
1.87075,-0.0000846593,
1.871,-0.0017023925,
1.87125,-0.0129942764,
1.8715,-0.0034964415,
1.87175,0.0024199106,
1.872,-0.0061355270,
1.87225,-0.0044324412,
1.8725,-0.0042856038,
1.87275,-0.0064205080,
1.873,-0.0009709856,
1.87325,-0.0006024418,
1.8735,-0.0046296553,
1.87375,0.0027202826,
1.874,0.0003912601,
1.87425,0.0002824143,
1.8745,-0.0020094304,
1.87475,-0.0019300233,
1.875,0.0117338691,
1.87525,0.0080194566,
1.8755,-0.0078151384,
1.87575,-0.0034100739,
1.876,0.0091100242,
1.87625,0.0033034161,
1.8765,-0.0073064533,
1.87675,-0.0046264469,
1.877,0.0106396917,
1.87725,0.0029072629,
1.8775,-0.0085689854,
1.87775,-0.0050084013,
1.878,0.0066119106,
1.87825,0.0043838960,
1.8785,-0.0030762304,
1.87875,0.0004351528,
1.879,0.0038138074,
1.87925,0.0006115049,
1.8795,-0.0059427782,
1.87975,-0.0029692240,
1.88,-0.0002016461,
1.88025,-0.0006323648,
1.8805,-0.0006858338,
1.88075,-0.0063578244,
1.881,-0.0056287944,
1.88125,-0.0028212429,
1.8815,0.0032713288,
1.88175,0.0013626695,
1.882,-0.0051418124,
1.88225,0.0022817687,
1.8825,0.0029056284,
1.88275,-0.0026316540,
1.883,-0.0047670589,
1.88325,0.0047600069,
1.8835,0.0123149659,
1.88375,0.0044448664,
1.884,-0.0066260034,
1.88425,0.0030656541,
1.8845,0.0128790494,
1.88475,-0.0016685810,
1.885,-0.0044154860,
1.88525,0.0058413711,
1.8855,0.0105302697,
1.88575,0.0021234059,
1.886,-0.0079688942,
1.88625,-0.0015269603,
1.8865,0.0094226990,
1.88675,0.0052387593,
1.887,-0.0005713781,
1.88725,0.0064825411,
1.8875,0.0088384729,
1.88775,0.0032359390,
1.888,-0.0004330801,
1.88825,-0.0039391383,
1.8885,0.0016949752,
1.88875,0.0025694249,
1.889,-0.0009787865,
1.88925,-0.0009971166,
1.8895,-0.0044796490,
1.88975,0.0013607648,
1.89,0.0054362817,
1.89025,-0.0032962048,
1.8905,0.0014043376,
1.89075,0.0046309768,
1.891,0.0040755458,
1.89125,-0.0010023545,
1.8915,-0.0048902142,
1.89175,0.0051751179,
1.892,0.0086707249,
1.89225,-0.0010500028,
1.8925,-0.0105480207,
1.89275,0.0081769796,
1.893,0.0106312763,
1.89325,-0.0026370713,
1.8935,-0.0021999755,
1.89375,0.0075436761,
1.894,0.0099826334,
1.89425,0.0004906933,
1.8945,-0.0030628205,
1.89475,0.0058321906,
1.895,0.0104671204,
1.89525,0.0025685993,
1.8955,0.0017701584,
1.89575,0.0092151128,
1.896,0.0088155391,
1.89625,0.0082018618,
1.8965,0.0016656129,
1.89675,0.0041779680,
1.897,0.0067932601,
1.89725,0.0093103629,
1.8975,0.0089514945,
1.89775,0.0016019265,
1.898,0.0068177008,
1.89825,0.0110288560,
1.8985,0.0070191687,
1.89875,0.0013796117,
1.899,0.0069153560,
1.89925,0.0099024456,
1.8995,0.0071314229,
1.89975,0.0009442479,
1.9,0.0021664551,
1.90025,0.0092947036,
1.9005,0.0061662872,
1.90075,-0.0052551758,
1.901,-0.0013429521,
1.90125,0.0084066289,
1.9015,0.0028547510,
1.90175,-0.0011233896,
1.902,0.0022858726,
1.90225,0.0014247106,
1.9025,0.0064773951,
1.90275,-0.0046022730,
1.903,-0.0081554158,
1.90325,0.0035744980,
1.9035,0.0035934802,
1.90375,-0.0027272638,
1.904,-0.0075738225,
1.90425,0.0001463600,
1.9045,-0.0000268847,
1.90475,-0.0027256981,
1.905,-0.0072443299,
1.90525,-0.0089775128,
1.9055,0.0026557231,
1.90575,-0.0030586557,
1.906,-0.0061491653,
1.90625,-0.0026392895,
1.9065,-0.0015541732,
1.90675,0.0013355189,
1.907,-0.0044970219,
1.90725,-0.0037974839,
1.9075,-0.0010161626,
1.90775,0.0036600861,
1.908,-0.0007226693,
1.90825,-0.0028823153,
1.9085,0.0016680618,
1.90875,0.0073787295,
1.909,0.0075581362,
1.90925,-0.0094168121,
1.9095,-0.0044885799,
1.90975,0.0138442917,
1.91,0.0019780141,
1.91025,0.0002084842,
1.9105,0.0022315395,
1.91075,0.0045306180,
1.911,0.0036456916,
1.91125,-0.0079618189,
1.9115,-0.0025099008,
1.91175,0.0138864936,
1.912,0.0092501715,
1.91225,-0.0013815518,
1.9125,0.0062818010,
1.91275,0.0022178269,
1.913,-0.0011624336,
1.91325,0.0028319887,
1.9135,-0.0008914203,
1.91375,0.0012251448,
1.914,0.0065668742,
1.91425,0.0022917879,
1.9145,-0.0026647828,
1.91475,-0.0069909682,
1.915,-0.0025311185,
1.91525,0.0044765011,
1.9155,-0.0033601103,
1.91575,-0.0069642570,
1.916,0.0003903481,
1.91625,0.0011146929,
1.9165,-0.0119022597,
1.91675,-0.0109449271,
1.917,0.0046238163,
1.91725,0.0058549247,
1.9175,-0.0052751563,
1.91775,-0.0112884212,
1.918,-0.0000080312,
1.91825,0.0020666670,
1.9185,-0.0089386096,
1.91875,-0.0089541096,
1.919,0.0005212289,
1.91925,-0.0029261361,
1.9195,-0.0085409628,
1.91975,-0.0117662493,
1.92,-0.0051175654,
1.92025,0.0022811627,
1.9205,-0.0049728965,
1.92075,-0.0071243807,
1.921,0.0002320296,
1.92125,0.0017441586,
1.9215,0.0023635454,
1.92175,-0.0023572571,
1.922,-0.0027287623,
1.92225,0.0006511205,
1.9225,0.0035206249,
1.92275,0.0039589400,
1.923,-0.0016221835,
1.92325,0.0013970893,
1.9235,0.0014752473,
1.92375,-0.0012094905,
1.924,-0.0014161860,
1.92425,-0.0002894374,
1.9245,0.0056619542,
1.92475,0.0053962432,
1.925,-0.0065749008,
1.92525,-0.0027971154,
1.9255,0.0086002182,
1.92575,0.0035649720,
1.926,-0.0063331006,
1.92625,-0.0040676175,
1.9265,0.0080535403,
1.92675,0.0074110576,
1.927,-0.0047423220,
1.92725,-0.0038603379,
1.9275,0.0095725348,
1.92775,0.0024943033,
1.928,-0.0083653145,
1.92825,-0.0052605085,
1.9285,-0.0033652901,
1.92875,0.0010802995,
1.929,-0.0059712892,
1.92925,-0.0048834141,
1.9295,-0.0010295268,
1.92975,-0.0003582929,
1.93,-0.0051547354,
1.93025,-0.0039735092,
1.9305,-0.0017096543,
1.93075,-0.0024812927,
1.931,0.0041857203,
1.93125,-0.0061796149,
1.9315,-0.0090533700,
1.93175,-0.0023934690,
1.932,-0.0021769668,
1.93225,-0.0046746102,
1.9325,-0.0024891286,
1.93275,0.0013399066,
1.933,0.0018940195,
1.93325,-0.0008564714,
1.9335,-0.0087697934,
1.93375,-0.0007431924,
1.934,0.0046784496,
1.93425,-0.0028512881,
1.9345,-0.0064735934,
1.93475,-0.0023661617,
1.935,0.0065345452,
1.93525,0.0019916953,
1.9355,-0.0029732939,
1.93575,0.0001141821,
1.936,0.0049200929,
1.93625,0.0044727963,
1.9365,-0.0010670300,
1.93675,0.0002829062,
1.937,0.0087403329,
1.93725,0.0065601100,
1.9375,-0.0031374334,
1.93775,-0.0013439176,
1.938,0.0043226215,
1.93825,0.0031729210,
1.9385,-0.0003694010,
1.93875,-0.0024998412,
1.939,0.0005184453,
1.93925,0.0052750995,
1.9395,-0.0011670080,
1.93975,-0.0027886620,
1.94,0.0062638959,
1.94025,0.0005308322,
1.9405,0.0043759439,
1.94075,0.0015943910,
1.941,-0.0032116796,
1.94125,0.0021183435,
1.9415,-0.0007698587,
1.94175,-0.0023593339,
1.942,-0.0051810034,
1.94225,0.0022512798,
1.9425,0.0089539401,
1.94275,-0.0050179497,
1.943,-0.0097320359,
1.94325,0.0026924140,
1.9435,0.0068707881,
1.94375,-0.0015456825,
1.944,-0.0093768891,
1.94425,0.0025425947,
1.9445,0.0027699186,
1.94475,-0.0071806139,
1.945,-0.0089561092,
1.94525,0.0028670591,
1.9455,0.0041808891,
1.94575,-0.0050694738,
1.946,-0.0063230367,
1.94625,-0.0012812961,
1.9465,0.0007430150,
1.94675,-0.0017655462,
1.947,0.0016016008,
1.94725,-0.0002228694,
1.9475,-0.0017515661,
1.94775,0.0039232555,
1.948,0.0024083923,
1.94825,-0.0017681367,
1.9485,0.0013686304,
1.94875,0.0116226124,
1.949,0.0045067328,
1.94925,-0.0011502899,
1.9495,0.0012348292,
1.94975,0.0113965627,
1.95,0.0084852558,
1.95025,-0.0045250151,
1.9505,0.0074814390,
1.95075,0.0149643458,
1.951,0.0079648122,
1.95125,-0.0034155694,
1.9515,0.0016768080,
1.95175,0.0152303139,
1.952,0.0099415286,
1.95225,-0.0006635337,
1.9525,0.0063465913,
1.95275,0.0124530792,
1.953,0.0011686923,
1.95325,0.0035507686,
1.9535,0.0034917640,
1.95375,0.0054873209,
1.954,0.0121011017,
1.95425,-0.0010559610,
1.9545,0.0000747377,
1.95475,0.0052667549,
1.955,-0.0011276653,
1.95525,0.0023623365,
1.9555,-0.0011818921,
1.95575,-0.0037306093,
1.956,0.0037114965,
1.95625,0.0039966954,
1.9565,-0.0076705921,
1.95675,-0.0038609256,
1.957,0.0004662552,
1.95725,-0.0053645056,
1.9575,-0.0012243572,
1.95775,-0.0019068620,
1.958,-0.0028345278,
1.95825,0.0075639528,
1.9585,-0.0084811132,
1.95875,-0.0139283119,
1.959,0.0044381483,
1.95925,0.0042254417,
1.9595,-0.0012177149,
1.95975,-0.0094161332,
1.96,-0.0037529920,
1.96025,0.0075486694,
1.9605,-0.0034924662,
1.96075,-0.0102208741,
1.961,0.0038165972,
1.96125,0.0024838541,
1.9615,-0.0065142107,
1.96175,-0.0075627798,
1.962,-0.0010005919,
1.96225,0.0056529604,
1.9625,-0.0012083089,
1.96275,-0.0041749324,
1.963,0.0004894218,
1.96325,-0.0013555185,
1.9635,0.0009497037,
1.96375,0.0009205753,
1.964,0.0000635020,
1.96425,0.0022078664,
1.9645,0.0040689316,
1.96475,-0.0001928295,
1.965,-0.0039805826,
1.96525,0.0005789518,
1.9655,0.0024875181,
1.96575,0.0060452246,
1.966,-0.0043724263,
1.96625,-0.0017119471,
1.9665,0.0041957027,
1.96675,-0.0026296107,
1.967,-0.0020482086,
1.96725,-0.0014867503,
1.9675,0.0050400845,
1.96775,0.0065433583,
1.968,-0.0068739844,
1.96825,-0.0075030634,
1.9685,0.0056763245,
1.96875,0.0023908608,
1.969,-0.0046724807,
1.96925,-0.0008021399,
1.9695,-0.0011504234,
1.96975,0.0037487491,
1.97,-0.0061147595,
1.97025,-0.0099518821,
1.9705,0.0046777590,
1.97075,0.0027523842,
1.971,-0.0044476958,
1.97125,-0.0063728844,
1.9715,-0.0064794924,
1.97175,-0.0032765949,
1.972,-0.0047115488,
1.97225,-0.0076478655,
1.9725,-0.0071878191,
1.97275,-0.0026084641,
1.973,-0.0057871961,
1.97325,-0.0046214219,
1.9735,-0.0073099770,
1.97375,-0.0036039532,
1.974,-0.0010404104,
1.97425,-0.0062196292,
1.9745,-0.0076761618,
1.97475,-0.0074454108,
1.975,-0.0013189276,
1.97525,-0.0013932027,
1.9755,-0.0120919775,
1.97575,-0.0077901706,
1.976,0.0014898739,
1.97625,-0.0061377538,
1.9765,-0.0167165808,
1.97675,-0.0073742121,
1.977,0.0019015092,
1.97725,-0.0033854633,
1.9775,-0.0149349570,
1.97775,-0.0141622731,
1.978,0.0027625370,
1.97825,-0.0090643670,
1.9785,-0.0125141954,
1.97875,-0.0017597341,
1.979,0.0013969289,
1.97925,-0.0017807325,
1.9795,-0.0086390357,
1.97975,-0.0035828408,
1.98,-0.0032753483,
1.98025,-0.0051880511,
1.9805,-0.0030365079,
1.98075,-0.0009643021,
1.981,-0.0062277876,
1.98125,-0.0022951514,
1.9815,0.0031893584,
1.98175,-0.0050596092,
1.982,-0.0065102922,
1.98225,0.0031024844,
1.9825,0.0069841640,
1.98275,-0.0001785351,
1.983,-0.0039800527,
1.98325,0.0068623200,
1.9835,0.0095217517,
1.98375,-0.0006463263,
1.984,-0.0086160917,
1.98425,0.0107589178,
1.9845,0.0096674552,
1.98475,-0.0035724023,
1.985,-0.0036088340,
1.98525,0.0056499215,
1.9855,0.0077368598,
1.98575,-0.0055654543,
1.986,-0.0056058345,
1.98625,0.0005930834,
1.9865,0.0033051046,
1.98675,-0.0024308469,
1.987,-0.0078368615,
1.98725,0.0000458514,
1.9875,0.0038996623,
1.98775,-0.0005749321,
1.988,-0.0029896954,
1.98825,-0.0026489419,
1.9885,-0.0022675702,
1.98875,0.0013054174,
1.989,-0.0023812405,
1.98925,-0.0051711574,
1.9895,-0.0042122048,
1.98975,-0.0026690364,
1.99,-0.0016022394,
1.99025,-0.0086357081,
1.9905,-0.0072246892,
1.99075,-0.0037852966,
1.991,-0.0016155567,
1.99125,-0.0062796543,
1.9915,-0.0063301101,
1.99175,0.0075225644,
1.992,0.0010380592,
1.99225,-0.0075300778,
1.9925,-0.0095597301,
1.99275,0.0082449671,
1.993,0.0060082874,
1.99325,-0.0056133694,
1.9935,-0.0022596391,
1.99375,0.0066474727,
1.994,0.0096816132,
1.99425,-0.0051064491,
1.9945,-0.0036271859,
1.99475,0.0077607287,
1.995,0.0031003677,
1.99525,-0.0030267404,
1.9955,0.0013550428,
1.99575,0.0042231479,
1.996,0.0042798948,
1.99625,-0.0017576411,
1.9965,-0.0034537327,
1.99675,-0.0011787371,
1.997,0.0026833734,
1.99725,0.0044992096,
1.9975,0.0010910298,
1.99775,-0.0013016113,
1.998,0.0001767928,
1.99825,0.0092114052,
1.9985,0.0026333202,
1.99875,0.0009921936,
1.999,0.0069975485,
1.99925,0.0045269956,
1.9995,0.0026205177,
1.99975,-0.0068032918,
2,0.0004441481,
2.00025,0.0078205988,
2.0005,0.0017410946,
2.00075,-0.0051280325,
2.001,0.0009483940,
2.00125,0.0102570653,
2.0015,0.0035271703,
2.00175,0.0000965706,
2.002,0.0010043017,
2.00225,0.0111484509,
2.0025,0.0056203315,
2.00275,-0.0019025181,
2.003,0.0022680806,
2.00325,0.0029412250,
2.0035,0.0047780504,
2.00375,-0.0008273305,
2.004,-0.0052969279,
2.00425,0.0069172084,
2.0045,0.0078458097,
2.00475,-0.0032819002,
2.005,-0.0032235309,
2.00525,-0.0004408047,
2.0055,0.0029131246,
2.00575,0.0048587257,
2.006,0.0016149152,
2.00625,0.0003537475,
2.0065,0.0056689740,
2.00675,-0.0005599777,
2.007,-0.0059137102,
2.00725,0.0024818119,
2.0075,0.0009444720,
2.00775,0.0040523261,
2.008,0.0022584244,
2.00825,-0.0096827969,
2.0085,0.0002740803,
2.00875,0.0050844769,
2.009,0.0042048162,
2.00925,-0.0045661144,
2.0095,-0.0012773131,
2.00975,0.0063747331,
2.01,0.0028858867,
2.01025,-0.0073895645,
2.0105,-0.0011764683,
2.01075,0.0119938906,
2.011,0.0002646097,
2.01125,-0.0052024312,
2.0115,0.0003413623,
2.01175,0.0069836192,
2.012,0.0080353403,
2.01225,-0.0040018940,
2.0125,0.0025270612,
2.01275,0.0084162876,
2.013,-0.0030330284,
2.01325,-0.0025225719,
2.0135,0.0004980355,
2.01375,-0.0005293681,
2.014,0.0072587831,
2.01425,0.0079140235,
2.0145,0.0002254806,
2.01475,0.0002064994,
2.015,0.0051719062,
2.01525,0.0075857779,
2.0155,0.0009733035,
2.01575,-0.0025189398,
2.016,0.0059709982,
2.01625,0.0095894570,
2.0165,-0.0035180687,
2.01675,-0.0055320514,
2.017,0.0091018416,
2.01725,0.0146162994,
2.0175,-0.0013493060,
2.01775,-0.0075282454,
2.018,0.0051271636,
2.01825,0.0070374627,
2.0185,-0.0019889050,
2.01875,-0.0060756961,
2.019,0.0055466602,
2.01925,0.0059682927,
2.0195,-0.0036918928,
2.01975,-0.0040324451,
2.02,0.0060222335,
2.02025,0.0085999817,
2.0205,-0.0001383652,
2.02075,-0.0000828190,
2.021,-0.0007743333,
2.02125,0.0012657964,
2.0215,0.0016599846,
2.02175,-0.0071257143,
2.022,-0.0001745248,
2.02225,-0.0003252942,
2.0225,-0.0021435393,
2.02275,0.0020725662,
2.023,-0.0083568124,
2.02325,-0.0044705025,
2.0235,0.0053764461,
2.02375,-0.0009608718,
2.024,-0.0062847286,
2.02425,-0.0003821786,
2.0245,-0.0001477795,
2.02475,-0.0014052219,
2.025,-0.0054461760,
2.02525,-0.0074654669,
2.0255,0.0062008407,
2.02575,0.0081836507,
2.026,-0.0114602055,
2.02625,-0.0121039748,
2.0265,0.0064284452,
2.02675,0.0002102127,
2.027,-0.0020007421,
2.02725,-0.0086640390,
2.0275,-0.0001494350,
2.02775,0.0048191538,
2.028,-0.0095083667,
2.02825,-0.0086906524,
2.0285,0.0024505495,
2.02875,-0.0001157416,
2.029,-0.0058871172,
2.02925,-0.0071506407,
2.0295,-0.0045731952,
2.02975,0.0029241540,
2.03,-0.0030055924,
2.03025,-0.0050295372,
2.0305,0.0006729257,
2.03075,-0.0012421594,
2.031,0.0036940339,
2.03125,-0.0001361151,
2.0315,-0.0063318508,
2.03175,0.0036667648,
2.032,0.0054118624,
2.03225,0.0011946742,
2.0325,0.0007569949,
2.03275,0.0038099380,
2.033,0.0064500654,
2.03325,0.0041733622,
2.0335,-0.0087033035,
2.03375,-0.0030395992,
2.034,0.0125122853,
2.03425,0.0023763606,
2.0345,-0.0066050049,
2.03475,0.0000330521,
2.035,0.0038853595,
2.03525,0.0093451254,
2.0355,0.0000243619,
2.03575,0.0003085893,
2.036,0.0130638182,
2.03625,0.0040997695,
2.0365,-0.0053180931,
2.03675,-0.0029094054,
2.037,0.0041384092,
2.03725,0.0056499774,
2.0375,-0.0006073167,
2.03775,-0.0057342388,
2.038,-0.0034362043,
2.03825,-0.0019288824,
2.0385,-0.0089423787,
2.03875,-0.0055186260,
2.039,-0.0016656885,
2.03925,0.0000117277,
2.0395,0.0012467486,
2.03975,-0.0080178650,
2.04,-0.0046696588,
2.04025,-0.0007759155,
2.0405,0.0012128543,
2.04075,-0.0031602238,
2.041,-0.0065302989,
2.04125,-0.0013182939,
2.0415,-0.0021415155,
2.04175,-0.0063759452,
2.042,-0.0086110691,
2.04225,-0.0024472866,
2.0425,0.0068247477,
2.04275,-0.0023397803,
2.043,-0.0147968018,
2.04325,-0.0016607571,
2.0435,0.0070453053,
2.04375,-0.0026500253,
2.044,-0.0081452681,
2.04425,0.0000773447,
2.0445,0.0021221405,
2.04475,-0.0009274823,
2.045,-0.0072896816,
2.04525,-0.0030445901,
2.0455,0.0133521715,
2.04575,0.0013443234,
2.046,0.0005038913,
2.04625,0.0038249474,
2.0465,-0.0024343110,
2.04675,0.0041948929,
2.047,0.0017308842,
2.04725,0.0023331153,
2.0475,0.0057011303,
2.04775,0.0082094856,
2.048,0.0056729973,
2.04825,-0.0016897758,
2.0485,-0.0033517643,
2.04875,0.0043461020,
2.049,0.0078765899,
2.04925,-0.0025791072,
2.0495,-0.0016775612,
2.04975,0.0074659958,
2.05,0.0054069040,
2.05025,-0.0037564761,
2.0505,-0.0016639538,
2.05075,0.0126260649,
2.051,0.0115690362,
2.05125,-0.0052597099,
2.0515,-0.0078614894,
2.05175,0.0124703525,
2.052,0.0068728356,
2.05225,-0.0033255529,
2.0525,-0.0014929340,
2.05275,0.0014148976,
2.053,0.0033777952,
2.05325,-0.0033024675,
2.0535,-0.0051501491,
2.05375,0.0037682168,
2.054,0.0069035720,
2.05425,-0.0040462683,
2.0545,-0.0001171033,
2.05475,0.0014955045,
2.055,0.0025042507,
2.05525,0.0067663756,
2.0555,-0.0000484203,
2.05575,-0.0003806470,
2.056,0.0026436502,
2.05625,0.0041661505,
2.0565,0.0020892078,
2.05675,-0.0018733257,
2.057,0.0012198957,
2.05725,0.0052620885,
2.0575,0.0020558410,
2.05775,-0.0036258714,
2.058,0.0018692983,
2.05825,0.0088946689,
2.0585,0.0035217698,
2.05875,-0.0013228848,
2.059,-0.0003929939,
2.05925,0.0136867687,
2.0595,0.0079763178,
2.05975,-0.0066015301,
2.06,0.0044019129,
2.06025,0.0151956361,
2.0605,0.0092734713,
2.06075,-0.0007105150,
2.061,0.0037824744,
2.06125,0.0111802127,
2.0615,0.0051975930,
2.06175,-0.0032276637,
2.062,0.0015301234,
2.06225,0.0106623564,
2.0625,0.0026939381,
2.06275,-0.0004613128,
2.063,0.0012773508,
2.06325,0.0044428641,
2.0635,0.0089703118,
2.06375,0.0010220417,
2.064,0.0046064532,
2.06425,0.0004040850,
2.0645,0.0044077034,
2.06475,0.0103347469,
2.065,0.0044232835,
2.06525,0.0040399251,
2.0655,0.0033023825,
2.06575,0.0063320738,
2.066,-0.0053985463,
2.06625,-0.0006356087,
2.0665,0.0045035961,
2.06675,0.0059473040,
2.067,0.0025977050,
2.06725,-0.0068805506,
2.0675,0.0045859986,
2.06775,0.0099911494,
2.068,-0.0003721412,
2.06825,-0.0034565837,
2.0685,0.0064811669,
2.06875,0.0090576028,
2.069,-0.0017838241,
2.06925,-0.0056797983,
2.0695,-0.0012093722,
2.06975,0.0034735170,
2.07,-0.0055660475,
2.07025,-0.0031917172,
2.0705,0.0002383066,
2.07075,0.0055853175,
2.071,0.0037672622,
2.07125,-0.0060395496,
2.0715,-0.0011537677,
2.07175,-0.0009610897,
2.072,-0.0001369486,
2.07225,0.0021666575,
2.0725,-0.0032749260,
2.07275,-0.0003503936,
2.073,0.0047533209,
2.07325,-0.0019869809,
2.0735,-0.0015008179,
2.07375,0.0002484783,
2.074,0.0065960279,
2.07425,0.0047112275,
2.0745,-0.0053372090,
2.07475,-0.0015752035,
2.075,0.0010369562,
2.07525,-0.0001035429,
2.0755,-0.0019835592,
2.07575,-0.0013589938,
2.076,0.0062076142,
2.07625,0.0059121591,
2.0765,-0.0049194172,
2.07675,-0.0074076159,
2.077,0.0085417069,
2.07725,0.0033557473,
2.0775,-0.0054907603,
2.07775,-0.0029521873,
2.078,-0.0031405813,
2.07825,0.0010051382,
2.0785,-0.0039751721,
2.07875,-0.0080366228,
2.079,0.0036157344,
2.07925,0.0021138738,
2.0795,-0.0107602067,
2.07975,-0.0051034205,
2.08,-0.0053769811,
2.08025,-0.0076313107,
2.0805,-0.0031860103,
2.08075,-0.0047462755,
2.081,-0.0108134560,
2.08125,-0.0035385578,
2.0815,-0.0011008459,
2.08175,-0.0068041459,
2.082,-0.0060411771,
2.08225,-0.0067064241,
2.0825,0.0004110641,
2.08275,-0.0038708905,
2.083,-0.0167914331,
2.08325,-0.0073340400,
2.0835,0.0039136172,
2.08375,-0.0071122521,
2.084,-0.0131459963,
2.08425,-0.0021121716,
2.0845,0.0026502763,
2.08475,-0.0068074036,
2.085,-0.0136866756,
2.08525,-0.0030894885,
2.0855,0.0066276370,
2.08575,-0.0013416283,
2.086,-0.0076992367,
2.08625,-0.0015163701,
2.0865,0.0019157003,
2.08675,-0.0030732835,
2.087,-0.0053993966,
2.08725,-0.0012280036,
2.0875,0.0033183089,
2.08775,0.0008563584,
2.088,-0.0032114855,
2.08825,-0.0014675048,
2.0885,-0.0015616517,
2.08875,0.0025564092,
2.089,-0.0003180846,
2.08925,-0.0048289550,
2.0895,-0.0041054753,
2.08975,0.0002093255,
2.09,0.0025008414,
2.09025,-0.0051611285,
2.0905,-0.0053660581,
2.09075,-0.0019079678,
2.091,-0.0003915396,
2.09125,-0.0044187070,
2.0915,-0.0065609841,
2.09175,0.0068408712,
2.092,0.0026037123,
2.09225,-0.0085538356,
2.0925,-0.0114043010,
2.09275,-0.0007120242,
2.093,0.0058082142,
2.09325,-0.0104208607,
2.0935,-0.0063283471,
2.09375,0.0013535655,
2.094,-0.0027939046,
2.09425,-0.0077664265,
2.0945,-0.0146405082,
2.09475,-0.0019809350,
2.095,-0.0026239876,
2.09525,-0.0103711430,
2.0955,-0.0080193030,
2.09575,-0.0028688784,
2.096,-0.0014896460,
2.09625,-0.0055318335,
2.0965,-0.0064399485,
2.09675,-0.0080101453,
2.097,0.0016656015,
2.09725,-0.0027976921,
2.0975,-0.0060400004,
2.09775,-0.0056162337,
2.098,-0.0097728577,
2.09825,0.0015695074,
2.0985,-0.0044578011,
2.09875,-0.0044511920,
2.099,0.0025768334,
2.09925,0.0020948364,
2.0995,0.0020460826,
2.09975,-0.0047512474,
2.1,-0.0008286845,
2.10025,0.0035148025,
2.1005,0.0025364126,
2.10075,-0.0075395778,
2.101,-0.0045992662,
2.10125,0.0108414851,
2.1015,0.0001990101,
2.10175,-0.0017092642,
2.102,0.0016822859,
2.10225,0.0052267322,
2.1025,0.0070466883,
2.10275,-0.0044299648,
2.103,0.0012237034,
2.10325,0.0084077772,
2.1035,0.0007773725,
2.10375,-0.0016911253,
2.104,0.0001725833,
2.10425,0.0026505734,
2.1045,0.0024219507,
2.10475,0.0011963503,
2.105,-0.0055367271,
2.10525,-0.0026971849,
2.1055,0.0000997655,
2.10575,-0.0010921310,
2.106,-0.0019467162,
2.10625,-0.0056963977,
2.1065,0.0042696409,
2.10675,0.0024445562,
2.107,-0.0032014269,
2.10725,0.0022991728,
2.1075,0.0037036878,
2.10775,0.0049532605,
2.108,-0.0004270959,
2.10825,-0.0043285741,
2.1085,0.0014417806,
2.10875,0.0067332895,
2.109,-0.0006443457,
2.10925,-0.0051793149,
2.1095,0.0004790732,
2.10975,0.0055115740,
2.11,-0.0004755564,
2.11025,-0.0029983521,
2.1105,-0.0011917718,
2.11075,0.0047762501,
2.111,0.0012842391,
2.11125,-0.0105019528,
2.1115,0.0029464155,
2.11175,0.0092692655,
2.112,0.0005179467,
2.11225,0.0020800414,
2.1125,-0.0002161305,
2.11275,0.0056351032,
2.113,0.0007762352,
2.11325,-0.0047483710,
2.1135,-0.0028259777,
2.11375,-0.0010040433,
2.114,0.0021338235,
2.11425,0.0022548987,
2.1145,-0.0013838924,
2.11475,-0.0056195450,
2.115,0.0020517004,
2.11525,0.0028620395,
2.1155,-0.0043978747,
2.11575,-0.0016011788,
2.116,0.0036625355,
2.11625,0.0055237729,
2.1165,-0.0058945245,
2.11675,-0.0055221929,
2.117,0.0096293399,
2.11725,0.0080851950,
2.1175,-0.0044986401,
2.11775,-0.0078488905,
2.118,0.0070571071,
2.11825,0.0060443110,
2.1185,-0.0003950815,
2.11875,0.0045604678,
2.119,0.0081960056,
2.11925,0.0087429862,
2.1195,-0.0006728591,
2.11975,0.0011158190,
2.12,0.0073094452,
2.12025,0.0081906905,
2.1205,0.0037979651,
2.12075,-0.0028626840,
2.121,0.0039964141,
2.12125,0.0011927621,
2.1215,0.0015481618,
2.12175,0.0043259533,
2.122,-0.0013489049,
2.12225,0.0085582267,
2.1225,0.0073016547,
2.12275,0.0021529794,
2.123,-0.0001756827,
2.12325,0.0005115506,
2.1235,0.0070749666,
2.12375,0.0030707160,
2.124,-0.0025738291,
2.12425,0.0021948356,
2.1245,0.0042477688,
2.12475,-0.0007326679,
2.125,-0.0031133438,
2.12525,0.0027951130,
2.1255,0.0075192754,
2.12575,0.0066873762,
2.126,-0.0059261676,
2.12625,-0.0058660521,
2.1265,0.0096917227,
2.12675,0.0041537783,
2.127,-0.0032773488,
2.12725,0.0011103053,
2.1275,0.0012116764,
2.12775,0.0044862228,
2.128,-0.0027346597,
2.12825,-0.0084043844,
2.1285,0.0082288450,
2.12875,0.0053813048,
2.129,-0.0054035825,
2.12925,-0.0002088617,
2.1295,0.0005182921,
2.12975,0.0012673641,
2.13,0.0002577081,
2.13025,-0.0065147001,
2.1305,0.0013143609,
2.13075,0.0053881677,
2.131,-0.0023918077,
2.13125,0.0004968592,
2.1315,-0.0010930493,
2.13175,0.0014480040,
2.132,0.0057813181,
2.13225,-0.0037223264,
2.1325,-0.0030818323,
2.13275,0.0013681946,
2.133,0.0005655368,
2.13325,-0.0035681427,
2.1335,-0.0068308059,
2.13375,-0.0033830563,
2.134,0.0027399459,
2.13425,-0.0009672327,
2.1345,-0.0110153612,
2.13475,0.0001974756,
2.135,0.0111096306,
2.13525,-0.0003453390,
2.1355,-0.0042103520,
2.13575,-0.0027161110,
2.136,-0.0018545672,
2.13625,-0.0001385568,
2.1365,-0.0064736516,
2.13675,-0.0067246780,
2.137,0.0032523484,
2.13725,-0.0028480203,
2.1375,-0.0062652007,
2.13775,-0.0046823961,
2.138,0.0013199641,
2.13825,0.0044029220,
2.1385,-0.0036377055,
2.13875,-0.0025775228,
2.139,-0.0049006091,
2.13925,0.0005296713,
2.1395,0.0052344678,
2.13975,-0.0078282068,
2.14,0.0067901840,
2.14025,0.0046726530,
2.1405,-0.0041319341,
2.14075,0.0001377875,
2.141,-0.0084282616,
2.14125,-0.0013574953,
2.1415,0.0062353113,
2.14175,-0.0071979612,
2.142,-0.0047330498,
2.14225,0.0023323179,
2.1425,-0.0003055345,
2.14275,-0.0017823944,
2.143,-0.0120182410,
2.14325,-0.0047863643,
2.1435,0.0083072372,
2.14375,-0.0094709974,
2.144,-0.0139590893,
2.14425,-0.0034636194,
2.1445,-0.0007370039,
2.14475,-0.0033470909,
2.145,-0.0087623140,
2.14525,-0.0065831356,
2.1455,0.0012568942,
2.14575,-0.0061262827,
2.146,-0.0129397381,
2.14625,-0.0037924959,
2.1465,-0.0020669568,
2.14675,-0.0069897603,
2.147,-0.0060258396,
2.14725,-0.0093852608,
2.1475,-0.0066906828,
2.14775,0.0009251317,
2.148,-0.0015714585,
2.14825,-0.0051516551,
2.1485,-0.0004324730,
2.14875,-0.0003171504,
2.149,-0.0002237701,
2.14925,-0.0067650224,
2.1495,-0.0034892317,
2.14975,0.0091365408,
2.15,0.0087611768,
2.15025,-0.0042333710,
2.1505,-0.0064610876,
2.15075,0.0069531975,
2.151,0.0056159822,
2.15125,-0.0060362974,
2.1515,-0.0052096946,
2.15175,0.0117327385,
2.152,0.0087533044,
2.15225,-0.0102428552,
2.1525,-0.0055509079,
2.15275,0.0051127509,
2.153,0.0076624914,
2.15325,0.0005461830,
2.1535,0.0009457854,
2.15375,0.0094515951,
2.154,0.0058688507,
2.15425,-0.0032471761,
2.1545,-0.0030617740,
2.15475,0.0030579926,
2.155,0.0010909191,
2.15525,0.0010181030,
2.1555,-0.0015827916,
2.15575,-0.0077026803,
2.156,-0.0052255457,
2.15625,0.0055207456,
2.1565,-0.0013671805,
2.15675,-0.0047316565,
2.157,0.0005124167,
2.15725,0.0022119316,
2.1575,0.0011194509,
2.15775,-0.0099944929,
2.158,0.0022662161,
2.15825,0.0104449913,
2.1585,0.0042553293,
2.15875,-0.0090248557,
2.159,-0.0055708019,
2.15925,0.0108097158,
2.1595,-0.0000122633,
2.15975,-0.0097613679,
2.16,-0.0006325732,
2.16025,0.0068161516,
2.1605,0.0017190152,
2.16075,-0.0111832581,
2.161,-0.0073582456,
2.16125,0.0049478193,
2.1615,0.0016894182,
2.16175,-0.0053114281,
2.162,-0.0017108740,
2.16225,0.0052058343,
2.1625,0.0019068106,
2.16275,-0.0041617178,
2.163,-0.0027651857,
2.16325,-0.0010368405,
2.1635,0.0054860166,
2.16375,-0.0004324214,
2.164,-0.0054696067,
2.16425,-0.0060913954,
2.1645,-0.0010899836,
2.16475,0.0022666105,
2.165,0.0003554697,
2.16525,0.0023684432,
2.1655,0.0056671863,
2.16575,0.0065350155,
2.166,-0.0027233663,
2.16625,-0.0027787895,
2.1665,0.0059880875,
2.16675,0.0104731964,
2.167,0.0009501867,
2.16725,-0.0096149165,
2.1675,0.0015513058,
2.16775,0.0069151139,
2.168,0.0024648986,
2.16825,0.0022415447,
2.1685,0.0047654989,
2.16875,0.0145046217,
2.169,0.0042252378,
2.16925,-0.0033514539,
2.1695,0.0049074804,
2.16975,0.0117202653,
2.17,0.0102283452,
2.17025,0.0016146617,
2.1705,0.0051763654,
2.17075,0.0087566143,
2.171,0.0074614780,
2.17125,0.0018052432,
2.1715,-0.0000372095,
2.17175,0.0079940241,
2.172,0.0037360147,
2.17225,0.0009740528,
2.1725,-0.0027720351,
2.17275,-0.0001949730,
2.173,0.0098540261,
2.17325,0.0070674419,
2.1735,0.0048494022,
2.17375,0.0070847319,
2.174,0.0084425826,
2.17425,0.0057274820,
2.1745,0.0022126359,
2.17475,-0.0007896484,
2.175,0.0039409045,
2.17525,0.0104572298,
2.1755,-0.0010909998,
2.17575,-0.0074963686,
2.176,0.0070149302,
2.17625,0.0083619766,
2.1765,-0.0007339416,
2.17675,-0.0015836514,
2.177,0.0050477674,
2.17725,0.0091215763,
2.1775,-0.0010880879,
2.17775,-0.0105547830,
2.178,-0.0033306344,
2.17825,0.0064454945,
2.1785,-0.0012966712,
2.17875,-0.0047625154,
2.179,0.0067092893,
2.17925,0.0027799488,
2.1795,0.0016492119,
2.17975,-0.0056870133,
2.18,-0.0057955324,
2.18025,0.0052419817,
2.1805,0.0010225058,
2.18075,-0.0005391277,
2.181,0.0021716249,
2.18125,-0.0024276073,
2.1815,0.0026029302,
2.18175,0.0001307802,
2.182,-0.0062355241,
2.18225,0.0027673328,
2.1825,0.0073317429,
2.18275,0.0022631534,
2.183,-0.0006996283,
2.18325,-0.0027701957,
2.1835,0.0053258706,
2.18375,0.0119915660,
2.184,-0.0053879088,
2.18425,-0.0026701223,
2.1845,0.0152266808,
2.18475,0.0059815799,
2.185,-0.0048495936,
2.18525,0.0014732738,
2.1855,0.0097474754,
2.18575,0.0106714861,
2.186,-0.0025630491,
2.18625,-0.0076564066,
2.1865,0.0115111452,
2.18675,0.0059902989,
2.187,-0.0033182967,
2.18725,0.0069739814,
2.1875,0.0060593439,
2.18775,0.0051530446,
2.188,-0.0014228957,
2.18825,-0.0033053195,
2.1885,-0.0004435603,
2.18875,-0.0009871031,
2.189,0.0055323211,
2.18925,-0.0004869222,
2.1895,-0.0032597722,
2.18975,-0.0018289719,
2.19,0.0003883648,
2.19025,-0.0011231848,
2.1905,-0.0074528893,
2.19075,0.0000525920,
2.191,0.0019611509,
2.19125,-0.0051534139,
2.1915,-0.0134609900,
2.19175,-0.0000514297,
2.192,0.0059340885,
2.19225,-0.0056673307,
2.1925,-0.0092730988,
2.19275,-0.0044431239,
2.193,0.0080093704,
2.19325,-0.0030141303,
2.1935,-0.0140019646,
2.19375,0.0013770984,
2.194,0.0021647387,
2.19425,-0.0035665496,
2.1945,-0.0080675120,
2.19475,-0.0036880518,
2.195,0.0004610500,
2.19525,0.0003030286,
2.1955,-0.0088733789,
2.19575,-0.0000705127,
2.196,0.0105672795,
2.19625,-0.0023909085,
2.1965,0.0000592987,
2.19675,-0.0016081285,
2.197,-0.0047540283,
2.19725,0.0096385917,
2.1975,0.0002790279,
2.19775,-0.0037660855,
2.198,0.0016017047,
2.19825,-0.0025222346,
2.1985,0.0023576359,
2.19875,-0.0032347846,
2.199,-0.0019053719,
2.19925,0.0067430693,
2.1995,0.0026696445,
2.19975,-0.0071746786,
2.2,0.0004595331,
2.20025,0.0033688829,
2.2005,0.0040254323,
2.20075,-0.0020378367,
2.201,-0.0114497645,
2.20125,0.0059288186,
2.2015,0.0035418055,
2.20175,-0.0050972188,
2.202,-0.0004976413,
2.20225,0.0007730460,
2.2025,0.0035768198,
2.20275,-0.0024404698,
2.203,-0.0100730602,
2.20325,-0.0026549953,
2.2035,0.0011279408,
2.20375,-0.0080484776,
2.204,-0.0038407994,
2.20425,-0.0021191491,
2.2045,-0.0032151369,
2.20475,-0.0010241756,
2.205,-0.0092747007,
2.20525,-0.0069823852,
2.2055,0.0017197862,
2.20575,-0.0033071509,
2.206,-0.0050352607,
2.20625,-0.0005826343,
2.2065,-0.0077915746,
2.20675,-0.0017944769,
2.207,0.0022630086,
2.20725,-0.0098728556,
2.2075,0.0030896973,
2.20775,-0.0000512973,
2.208,-0.0078545939,
2.20825,-0.0042002667,
2.2085,-0.0069511817,
2.20875,0.0036789805,
2.209,0.0020801635,
2.20925,-0.0070806304,
2.2095,-0.0074606808,
2.20975,0.0066075278,
2.21,0.0036294181,
2.21025,-0.0027699866,
2.2105,0.0029192932,
2.21075,0.0050822208,
2.211,0.0038014958,
2.21125,-0.0051626358,
2.2115,-0.0046170102,
2.21175,0.0093301516,
2.212,0.0057058698,
2.21225,-0.0008157913,
2.2125,-0.0044895085,
2.21275,0.0020587302,
2.213,0.0016249043,
2.21325,-0.0058311555,
2.2135,0.0008962781,
2.21375,-0.0008460671,
2.214,0.0009099058,
2.21425,0.0051526437,
2.2145,-0.0022855508,
2.21475,-0.0011960628,
2.215,0.0045507769,
2.21525,0.0021173598,
2.2155,-0.0006520071,
2.21575,-0.0002358336,
2.216,-0.0032247545,
2.21625,0.0043975171,
2.2165,-0.0035232704,
2.21675,-0.0121063972,
2.217,0.0063015735,
2.21725,0.0066003739,
2.2175,-0.0045417035,
2.21775,-0.0109246047,
2.218,-0.0023855204,
2.21825,0.0047420273,
2.2185,-0.0008025152,
2.21875,-0.0092671383,
2.219,0.0029643287,
2.21925,0.0040751654,
2.2195,-0.0091595547,
2.21975,-0.0052087884,
2.22,-0.0017384674,
2.22025,0.0059250067,
2.2205,-0.0010788536,
2.22075,-0.0067025386,
2.221,-0.0020285870,
2.22125,0.0007119446,
2.2215,-0.0002582578,
2.22175,-0.0019545075,
2.222,0.0030496959,
2.22225,0.0004701131,
2.2225,0.0047047962,
2.22275,0.0065358225,
2.223,-0.0024620665,
2.22325,0.0043956838,
2.2235,0.0053724921,
2.22375,0.0040757339,
2.224,0.0063154744,
2.22425,0.0005996906,
2.2245,0.0082972758,
2.22475,0.0110753020,
2.225,-0.0029800532,
2.22525,0.0058827791,
2.2255,0.0132687893,
2.22575,0.0115937907,
2.226,0.0003937807,
2.22625,-0.0051484560,
2.2265,0.0105679650,
2.22675,0.0124305906,
2.227,0.0079431143,
2.22725,0.0055168713,
2.2275,0.0119493287,
2.22775,0.0081152180,
2.228,-0.0036107586,
2.22825,-0.0028009079,
2.2285,0.0080041150,
2.22875,0.0067893593,
2.229,-0.0011613836,
2.22925,-0.0040300274,
2.2295,-0.0027675647,
2.22975,0.0023229751,
2.23,-0.0011315107,
2.23025,0.0027728565,
2.2305,-0.0000788692,
2.23075,0.0038718351,
2.231,0.0001594213,
2.23125,-0.0056795478,
2.2315,-0.0044242637,
2.23175,-0.0005967255,
2.232,0.0017453397,
2.23225,-0.0016348208,
2.2325,-0.0009643504,
2.23275,-0.0005628149,
2.233,0.0027371622,
2.23325,-0.0062455372,
2.2335,-0.0086727710,
2.23375,0.0003264004,
2.234,0.0038489341,
2.23425,-0.0032344405,
2.2345,-0.0084279040,
2.23475,0.0016046695,
2.235,0.0056077717,
2.23525,0.0030927814,
2.2355,-0.0020288718,
2.23575,-0.0005669317,
2.236,0.0068443669,
2.23625,-0.0000639461,
2.2365,-0.0019679288,
2.23675,0.0007424612,
2.237,0.0071687615,
2.23725,0.0057647820,
2.2375,-0.0028120170,
2.23775,0.0010595286,
2.238,0.0037112357,
2.23825,0.0021625427,
2.2385,0.0008649484,
2.23875,-0.0017643392,
2.239,0.0013995123,
2.23925,0.0048611653,
2.2395,0.0013247216,
2.23975,-0.0002465278,
2.24,0.0027240172,
2.24025,0.0030951044,
2.2405,0.0027465466,
2.24075,0.0008232719,
2.241,-0.0028129532,
2.24125,0.0046006669,
2.2415,0.0014241413,
2.24175,-0.0045738965,
2.242,-0.0053801984,
2.24225,0.0008268013,
2.2425,0.0077423006,
2.24275,-0.0009480268,
2.243,-0.0069253822,
2.24325,0.0028466035,
2.2435,0.0043110359,
2.24375,-0.0058765747,
2.244,-0.0102797970,
2.24425,-0.0032067993,
2.2445,-0.0012502434,
2.24475,-0.0059449598,
2.245,-0.0093189916,
2.24525,-0.0014665923,
2.2455,0.0011611645,
2.24575,-0.0042144740,
2.246,-0.0056688259,
2.24625,-0.0034724255,
2.2465,0.0004050909,
2.24675,-0.0008979445,
2.247,-0.0059022638,
2.24725,-0.0037036450,
2.2475,-0.0027462328,
2.24775,-0.0004944895,
2.248,-0.0021084654,
2.24825,-0.0091159670,
2.2485,-0.0004746703,
2.24875,0.0000892479,
2.249,-0.0047031548,
2.24925,-0.0047221929,
2.2495,-0.0047837906,
2.24975,0.0041816365,
2.25,0.0022728792,
2.25025,-0.0079203593,
2.2505,-0.0056259688,
2.25075,0.0081664398,
2.251,-0.0034015023,
2.25125,-0.0144806746,
2.2515,-0.0017451569,
2.25175,0.0032305589,
2.252,0.0015559050,
2.25225,-0.0130204856,
2.2525,-0.0109611377,
2.25275,0.0003709518,
2.253,-0.0038227625,
2.25325,-0.0097391512,
2.2535,-0.0024621862,
2.25375,0.0051733009,
2.254,-0.0084756892,
2.25425,-0.0087809041,
2.2545,-0.0061491178,
2.25475,-0.0074106660,
2.255,-0.0020163069,
2.25525,-0.0032381015,
2.2555,-0.0038932748,
2.25575,-0.0064476719,
2.256,-0.0056306971,
2.25625,-0.0015449708,
2.2565,-0.0052303392,
2.25675,-0.0048727803,
2.257,-0.0003354423,
2.25725,0.0025827016,
2.2575,-0.0035587531,
2.25775,-0.0099321352,
2.258,-0.0004843814,
2.25825,0.0047308602,
2.2585,-0.0009958134,
2.25875,-0.0062893219,
2.259,0.0036222083,
2.25925,0.0059341504,
2.2595,-0.0026657351,
2.25975,-0.0074180872,
2.26,-0.0049108630,
2.26025,0.0095912460,
2.2605,-0.0008923250,
2.26075,-0.0122171193,
2.261,0.0016850987,
2.26125,0.0029183177,
2.2615,-0.0057905316,
2.26175,-0.0049689002,
2.262,-0.0033454252,
2.26225,0.0068455199,
2.2625,0.0019441512,
2.26275,-0.0069071916,
2.263,-0.0006112893,
2.26325,0.0059914850,
2.2635,-0.0024580073,
2.26375,0.0006213597,
2.264,0.0010153421,
2.26425,-0.0082987556,
2.2645,0.0019182214,
2.26475,-0.0033768152,
2.265,-0.0089116776,
2.26525,-0.0006819686,
2.2655,-0.0058895200,
2.26575,0.0010974091,
2.266,-0.0057666167,
2.26625,-0.0067525534,
2.2665,0.0044144643,
2.26675,0.0028436035,
2.267,-0.0049595698,
2.26725,-0.0065638116,
2.2675,0.0059439596,
2.26775,0.0034778134,
2.268,-0.0046913121,
2.26825,-0.0078828828,
2.2685,0.0067557483,
2.26875,0.0081237750,
2.269,-0.0069702901,
2.26925,-0.0032658267,
2.2695,-0.0010906932,
2.26975,0.0029849403,
2.27,-0.0018512087,
2.27025,-0.0059875743,
2.2705,0.0037356431,
2.27075,0.0040739099,
2.271,-0.0036768240,
2.27125,-0.0072466657,
2.2715,-0.0000968329,
2.27175,-0.0024885370,
2.272,0.0013585527,
2.27225,-0.0004073719,
2.2725,-0.0076133944,
2.27275,0.0032824287,
2.273,-0.0043389406,
2.27325,-0.0036265540,
2.2735,0.0028278148,
2.27375,-0.0036892991,
2.274,0.0030707030,
2.27425,0.0048663858,
2.2745,-0.0087190336,
2.27475,-0.0011527406,
2.275,0.0042760749,
2.27525,-0.0006254063,
2.2755,-0.0042758072,
2.27575,-0.0060805487,
2.276,0.0047978847,
2.27625,0.0089818127,
2.2765,-0.0064542196,
2.27675,-0.0051442278,
2.277,0.0124400500,
2.27725,0.0073349332,
2.2775,-0.0032465186,
2.27775,-0.0024589193,
2.278,0.0053912764,
2.27825,0.0070836977,
2.2785,-0.0033281583,
2.27875,-0.0009350950,
2.279,0.0075544231,
2.27925,0.0089476602,
2.2795,-0.0018768692,
2.27975,-0.0020366507,
2.28,0.0025426724,
2.28025,0.0040924912,
2.2805,0.0065776845,
2.28075,0.0002986319,
2.281,0.0010675519,
2.28125,-0.0002267960,
2.2815,0.0006948792,
2.28175,0.0006728252,
2.282,-0.0057517625,
2.28225,0.0020143567,
2.2825,0.0081794951,
2.28275,-0.0023597016,
2.283,-0.0083598569,
2.28325,-0.0016570480,
2.2835,0.0052322131,
2.28375,0.0062518883,
2.284,-0.0057943440,
2.28425,0.0001991587,
2.2845,0.0150234830,
2.28475,-0.0020132586,
2.285,-0.0133944359,
2.28525,0.0023554249,
2.2855,0.0092568370,
2.28575,0.0019217627,
2.286,-0.0063029514,
2.28625,-0.0020722235,
2.2865,0.0048884028,
2.28675,0.0006949049,
2.287,-0.0025755167,
2.28725,0.0055078277,
2.2875,0.0123189120,
2.28775,0.0033179987,
2.288,0.0003893611,
2.28825,0.0004697469,
2.2885,-0.0036364626,
2.28875,0.0074790083,
2.289,0.0089825792,
2.28925,0.0049367961,
2.2895,0.0016087010,
2.28975,0.0044422899,
2.29,0.0107537406,
2.29025,-0.0030996883,
2.2905,0.0023856130,
2.29075,0.0129830390,
2.291,0.0078801550,
2.29125,0.0026936778,
2.2915,-0.0066714198,
2.29175,0.0055392734,
2.292,0.0136698727,
2.29225,-0.0007537227,
2.2925,-0.0071841469,
2.29275,0.0072146854,
2.293,0.0106803132,
2.29325,0.0019854729,
2.2935,0.0009694989,
2.29375,0.0056216610,
2.294,0.0091193784,
2.29425,0.0008012864,
2.2945,-0.0074979300,
2.29475,0.0040241014,
2.295,0.0129111344,
2.29525,-0.0003494198,
2.2955,-0.0032204771,
2.29575,0.0001438398,
2.296,0.0034084849,
2.29625,0.0036953471,
2.2965,-0.0038177066,
2.29675,-0.0021030507,
2.297,0.0030793590,
2.29725,-0.0002125495,
2.2975,-0.0028627319,
2.29775,-0.0054869293,
2.298,-0.0037346759,
2.29825,0.0036924081,
2.2985,0.0023551784,
2.29875,-0.0049391082,
2.299,-0.0032975650,
2.29925,0.0037096757,
2.2995,0.0037063963,
2.29975,-0.0043782685,
2.3,-0.0048487703,
2.30025,0.0022628366,
2.3005,0.0014411426,
2.30075,-0.0111542586,
2.301,-0.0117459372,
2.30125,0.0032561526,
2.3015,0.0056137568,
2.30175,-0.0050008334,
2.302,-0.0076212017,
2.30225,0.0038500084,
2.3025,0.0029947376,
2.30275,-0.0036693886,
2.303,-0.0045843883,
2.30325,0.0037197568,
2.3035,0.0066402690,
2.30375,-0.0040714019,
2.304,-0.0047480823,
2.30425,-0.0013937256,
2.3045,0.0047172890,
2.30475,0.0001938423,
2.305,-0.0027012583,
2.30525,0.0021339697,
2.3055,-0.0032868315,
2.30575,0.0007479013,
2.306,-0.0020017733,
2.30625,-0.0088627730,
2.3065,0.0015850791,
2.30675,0.0044444683,
2.307,0.0008781306,
2.30725,0.0032099136,
2.3075,0.0009007915,
2.30775,0.0027125459,
2.308,0.0041361134,
2.30825,-0.0079838419,
2.3085,-0.0045701857,
2.30875,0.0126217827,
2.309,0.0041114418,
2.30925,-0.0061186310,
2.3095,-0.0034713331,
2.30975,0.0003125763,
2.31,0.0068571456,
2.31025,-0.0009454931,
2.3105,-0.0032426566,
2.31075,0.0044511338,
2.311,0.0036480897,
2.31125,-0.0075777182,
2.3115,-0.0066723470,
2.31175,0.0059262626,
2.312,0.0048457440,
2.31225,0.0008954840,
2.3125,-0.0076723383,
2.31275,-0.0052477820,
2.313,0.0025318279,
2.31325,-0.0091442959,
2.3135,-0.0052380580,
2.31375,-0.0015957498,
2.314,0.0007600978,
2.31425,-0.0005228329,
2.3145,-0.0057432242,
2.31475,-0.0096177291,
2.315,-0.0000964410,
2.31525,0.0012328587,
2.3155,-0.0042844741,
2.31575,-0.0033326675,
2.316,-0.0051511056,
2.31625,0.0024454251,
2.3165,-0.0047318898,
2.31675,-0.0113722160,
2.317,0.0022950675,
2.31725,0.0118825231,
2.3175,0.0014412019,
2.31775,-0.0164057706,
2.318,-0.0016383925,
2.31825,0.0083047729,
2.3185,-0.0007694308,
2.31875,-0.0038146656,
2.319,-0.0012561366,
2.31925,0.0047639268,
2.3195,-0.0043890178,
2.31975,-0.0081198970,
2.32,0.0005455381,
2.32025,0.0084620537,
2.3205,0.0046892585,
2.32075,-0.0018308652,
2.321,-0.0001975951,
2.32125,-0.0009716829,
2.3215,0.0023772665,
2.32175,0.0027203511,
2.322,0.0038229711,
2.32225,0.0020325670,
2.3225,0.0064507588,
2.32275,0.0055224355,
2.323,-0.0032317510,
2.32325,-0.0045335256,
2.3235,0.0057309428,
2.32375,0.0056436844,
2.324,-0.0013241402,
2.32425,0.0012738092,
2.3245,0.0042031147,
2.32475,0.0054244762,
2.325,-0.0006728178,
2.32525,-0.0061762165,
2.3255,0.0114301825,
2.32575,0.0129154269,
2.326,-0.0058877612,
2.32625,-0.0053209029,
2.3265,0.0052336128,
2.32675,0.0076579759,
2.327,0.0000608018,
2.32725,-0.0050512427,
2.3275,-0.0018312437,
2.32775,0.0046766824,
2.328,-0.0064424574,
2.32825,-0.0087161120,
2.3285,0.0016578564,
2.32875,0.0029165763,
2.329,-0.0017251454,
2.32925,-0.0040811598,
2.3295,-0.0030625658,
2.32975,-0.0001594016,
2.33,0.0034057561,
2.33025,-0.0026806430,
2.3305,-0.0036857303,
2.33075,0.0037378350,
2.331,0.0008140971,
2.33125,0.0004790831,
2.3315,-0.0047602691,
2.33175,-0.0005165443,
2.332,0.0101509262,
2.33225,-0.0013143523,
2.3325,0.0006472683,
2.33275,0.0027732509,
2.333,0.0055730268,
2.33325,0.0044414210,
2.3335,-0.0023308888,
2.33375,0.0075558452,
2.334,0.0137936454,
2.33425,0.0079441415,
2.3345,-0.0024196391,
2.33475,0.0012239324,
2.335,0.0162612759,
2.33525,0.0103323124,
2.3355,0.0067181969,
2.33575,0.0053942688,
2.336,0.0128464410,
2.33625,0.0070470441,
2.3365,-0.0003708029,
2.33675,0.0029630172,
2.337,0.0088275634,
2.33725,0.0078792013,
2.3375,-0.0006719958,
2.33775,0.0012390413,
2.338,0.0012265617,
2.33825,0.0040772422,
2.3385,0.0014730036,
2.33875,-0.0013592748,
2.339,0.0022255061,
2.33925,0.0005744365,
2.3395,0.0040251310,
2.33975,-0.0020229183,
2.34,-0.0040541496,
2.34025,0.0051631643,
2.3405,0.0036484958,
2.34075,-0.0001688914,
2.341,-0.0007114487,
2.34125,0.0037069537,
2.3415,0.0048910864,
2.34175,-0.0030195855,
2.342,-0.0060641156,
2.34225,0.0017471571,
2.3425,0.0065083294,
2.34275,-0.0006381996,
2.343,-0.0045841453,
2.34325,0.0014926004,
2.3435,0.0066101453,
2.34375,0.0002533188,
2.344,-0.0038619849,
2.34425,-0.0003058437,
2.3445,0.0057107778,
2.34475,0.0034865991,
2.345,-0.0025943003,
2.34525,-0.0015671800,
2.3455,0.0074565811,
2.34575,0.0066870917,
2.346,0.0007131512,
2.34625,0.0012959098,
2.3465,0.0019711049,
2.34675,0.0039844825,
2.347,0.0001429549,
2.34725,-0.0030889548,
2.3475,0.0042751892,
2.34775,0.0076884981,
2.348,0.0024570876,
2.34825,0.0031088877,
2.3485,-0.0005465635,
2.34875,0.0028965671,
2.349,0.0083594453,
2.34925,-0.0015824388,
2.3495,0.0021184748,
2.34975,0.0110582374,
2.35,0.0033323201,
2.35025,-0.0027762328,
2.3505,0.0010379390,
2.35075,0.0089488067,
2.351,0.0125265550,
2.35125,-0.0029357963,
2.3515,-0.0068733888,
2.35175,0.0134958550,
2.352,0.0040863119,
2.35225,-0.0097876592,
2.3525,-0.0016907003,
2.35275,0.0037665642,
2.353,0.0005903133,
2.35325,-0.0051402105,
2.3535,-0.0062465239,
2.35375,0.0033987723,
2.354,0.0006862965,
2.35425,-0.0072513619,
2.3545,0.0004796190,
2.35475,-0.0021884372,
2.355,-0.0037496705,
2.35525,-0.0021488215,
2.3555,-0.0033845506,
2.35575,-0.0070778672,
2.356,-0.0061012967,
2.35625,-0.0011983191,
2.3565,-0.0047170608,
2.35675,-0.0090612713,
2.357,-0.0091438470,
2.35725,0.0031269193,
2.3575,-0.0062634978,
2.35775,-0.0137085132,
2.358,-0.0027936369,
2.35825,-0.0040050847,
2.3585,-0.0021590663,
2.35875,-0.0124963326,
2.359,-0.0082538379,
2.35925,0.0103984848,
2.3595,-0.0090382462,
2.35975,-0.0124362484,
2.36,0.0002786770,
2.36025,0.0046410016,
2.3605,0.0010614444,
2.36075,-0.0069903135,
2.361,-0.0010623370,
2.36125,0.0051908963,
2.3615,0.0012240168,
2.36175,-0.0072004655,
2.362,0.0029503496,
2.36225,0.0052672401,
2.3625,0.0013900492,
2.36275,0.0021569114,
2.363,-0.0065124286,
2.36325,0.0000810566,
2.3635,0.0031802426,
2.36375,-0.0027534228,
2.364,0.0021693558,
2.36425,-0.0009831003,
2.3645,0.0060199331,
2.36475,0.0053333589,
2.365,-0.0046660309,
2.36525,-0.0022154064,
2.3655,0.0006442520,
2.36575,0.0013095840,
2.366,-0.0040151104,
2.36625,-0.0005701584,
2.3665,0.0008744090,
2.36675,0.0007923676,
2.367,-0.0080206981,
2.36725,-0.0107313972,
2.3675,0.0014950081,
2.36775,-0.0019184775,
2.368,-0.0096951723,
2.36825,-0.0152989812,
2.3685,-0.0060110912,
2.36875,-0.0011080696,
2.369,-0.0114716487,
2.36925,-0.0134402215,
2.3695,-0.0019295648,
2.36975,-0.0028249165,
2.37,-0.0119190197,
2.37025,-0.0092554754,
2.3705,-0.0036321336,
2.37075,-0.0003620649,
2.371,-0.0065907836,
2.37125,-0.0109479278,
2.3715,-0.0054440051,
2.37175,-0.0027475781,
2.372,-0.0048276633,
2.37225,-0.0031618336,
2.3725,-0.0056144786,
2.37275,-0.0091606574,
2.373,0.0002196720,
2.37325,-0.0046763513,
2.3735,-0.0049326457,
2.37375,0.0031598143,
2.374,0.0006401199,
2.37425,0.0036270674,
2.3745,-0.0047969390,
2.37475,-0.0014877198,
2.375,0.0089006536,
2.37525,0.0008550537,
2.3755,-0.0027755941,
2.37575,0.0025714212,
2.376,0.0039362898,
2.37625,0.0026202137,
2.3765,-0.0074636075,
2.37675,-0.0036027445,
2.377,0.0092258165,
2.37725,0.0005328954,
2.3775,-0.0047644386,
2.37775,0.0001030076,
2.378,0.0001698055,
2.37825,0.0036518583,
2.3785,-0.0018714420,
2.37875,-0.0065448047,
2.379,0.0072878976,
2.37925,0.0002832756,
2.3795,-0.0046594031,
2.37975,-0.0032143875,
2.38,-0.0061429250,
2.38025,-0.0012902626,
2.3805,-0.0012903467,
2.38075,-0.0059115514,
2.381,-0.0051003397,
2.38125,0.0017984946,
2.3815,-0.0016869169,
2.38175,-0.0045132353,
2.382,-0.0035473444,
2.38225,-0.0022670764,
2.3825,0.0083390353,
2.38275,-0.0017242895,
2.383,-0.0077004014,
2.38325,0.0017954111,
2.3835,0.0010483665,
2.38375,-0.0046755038,
2.384,-0.0083936993,
2.38425,0.0001968416,
2.3845,0.0079240203,
2.38475,-0.0059582749,
2.385,-0.0086922022,
2.38525,0.0054145241,
2.3855,0.0035996372,
2.38575,0.0003458559,
2.386,-0.0059355944,
2.38625,-0.0011619657,
2.3865,0.0092047844,
2.38675,-0.0029478902,
2.387,-0.0010098106,
2.38725,0.0073596956,
2.3875,0.0024623217,
2.38775,0.0028764401,
2.388,0.0009927622,
2.38825,-0.0036465265,
2.3885,0.0007381419,
2.38875,0.0012655482,
2.389,0.0020725203,
2.38925,-0.0030796477,
2.3895,-0.0042379475,
2.38975,0.0017789252,
2.39,0.0013634482,
2.39025,-0.0017560350,
2.3905,0.0016788876,
2.39075,0.0063821683,
2.391,0.0042228764,
2.39125,-0.0065885810,
2.3915,-0.0051716878,
2.39175,0.0037363449,
2.392,0.0065335021,
2.39225,-0.0054950910,
2.3925,-0.0041154665,
2.39275,0.0099372063,
2.393,0.0036989306,
2.39325,-0.0024731113,
2.3935,-0.0001037324,
2.39375,0.0072325491,
2.394,0.0065395706,
2.39425,-0.0031691671,
2.3945,-0.0022033900,
2.39475,0.0065537672,
2.395,0.0043650102,
2.39525,0.0001292887,
2.3955,0.0002886508,
2.39575,0.0052303676,
2.396,0.0062507531,
2.39625,-0.0006723395,
2.3965,-0.0019065684,
2.39675,-0.0000933145,
2.397,0.0039430656,
2.39725,0.0071607651,
2.3975,0.0017675107,
2.39775,-0.0010595010,
2.398,0.0064660539,
2.39825,0.0059195394,
2.3985,0.0035879165,
2.39875,-0.0004373198,
2.399,0.0047920262,
2.39925,0.0084426049,
2.3995,0.0002296960,
2.39975,-0.0012722897,
2.4,-0.0011466617,
2.40025,0.0057500349,
2.4005,0.0039479001,
2.40075,-0.0094641037,
2.401,-0.0023491951,
2.40125,0.0114859063,
2.4015,0.0059027802,
2.40175,-0.0005840751,
2.402,0.0038483858,
2.40225,0.0076706391,
2.4025,0.0026593416,
2.40275,-0.0018683298,
2.403,-0.0043878569,
2.40325,0.0107500907,
2.4035,0.0007587817,
2.40375,-0.0053510065,
2.404,0.0021780063,
2.40425,0.0021181693,
2.4045,0.0038386094,
2.40475,0.0010151675,
2.405,-0.0019742204,
2.40525,-0.0003662445,
2.4055,0.0031009687,
2.40575,0.0000344477,
2.406,-0.0002146771,
2.40625,-0.0005231336,
2.4065,-0.0003211843,
2.40675,0.0071254922,
2.407,-0.0058174124,
2.40725,-0.0026919618,
2.4075,0.0068867910,
2.40775,-0.0004347939,
2.408,0.0000851765,
2.40825,-0.0062673138,
2.4085,-0.0061917976,
2.40875,0.0019678033,
2.409,-0.0052317772,
2.40925,-0.0102571752,
2.4095,0.0018676147,
2.40975,0.0040441328,
2.41,-0.0013248636,
2.41025,-0.0024472072,
2.4105,-0.0052053668,
2.41075,0.0022030962,
2.411,-0.0008922510,
2.41125,-0.0099782832,
2.4115,-0.0048262184,
2.41175,0.0009025323,
2.412,-0.0029127086,
2.41225,-0.0078840200,
2.4125,-0.0064630974,
2.41275,0.0029027299,
2.413,0.0002391799,
2.41325,-0.0061830315,
2.4135,-0.0028870511,
2.41375,-0.0004340649,
2.414,0.0035380325,
2.41425,0.0008833682,
2.4145,-0.0053645233,
2.41475,-0.0032860527,
2.415,0.0020532599,
2.41525,-0.0000577537,
2.4155,-0.0040281676,
2.41575,0.0021780906,
2.416,0.0017079326,
2.41625,0.0049907174,
2.4165,-0.0044975867,
2.41675,-0.0073762243,
2.417,0.0052600256,
2.41725,0.0070530148,
2.4175,-0.0009554706,
2.41775,-0.0069613713,
2.418,0.0012225213,
2.41825,0.0087308753,
2.4185,-0.0015589251,
2.41875,-0.0095634777,
2.419,0.0004873222,
2.41925,0.0024171995,
2.4195,-0.0107353926,
2.41975,-0.0089295758,
2.42,-0.0054895086,
2.42025,0.0033743721,
2.4205,-0.0027254820,
2.42075,-0.0117001114,
2.421,-0.0012181288,
2.42125,-0.0026363858,
2.4215,-0.0098939994,
2.42175,-0.0051258774,
2.422,-0.0071279476,
2.42225,-0.0054975371,
2.4225,-0.0008814480,
2.42275,-0.0043065897,
2.423,-0.0091455607,
2.42325,-0.0041256836,
2.4235,-0.0005329562,
2.42375,-0.0000530810,
2.424,-0.0054355706,
2.42425,-0.0089988261,
2.4245,0.0054407581,
2.42475,0.0027388670,
2.425,-0.0133192586,
2.42525,0.0026874687,
2.4255,0.0082083931,
2.42575,0.0048191114,
2.426,-0.0018675887,
2.42625,-0.0122514106,
2.4265,0.0101824747,
2.42675,0.0051366980,
2.427,-0.0068163695,
2.42725,0.0020328469,
2.4275,0.0027176926,
2.42775,0.0079468088,
2.428,0.0029828784,
2.42825,-0.0024697534,
2.4285,0.0052514002,
2.42875,0.0085775666,
2.429,-0.0027300538,
2.42925,-0.0045351381,
2.4295,-0.0000889668,
2.42975,0.0006941680,
2.43,0.0033972750,
2.43025,-0.0054730847,
2.4305,-0.0024888387,
2.43075,0.0079991221,
2.431,-0.0008486308,
2.43125,-0.0018406763,
2.4315,-0.0018051727,
2.43175,-0.0015297557,
2.432,0.0051500932,
2.43225,-0.0011282288,
2.4325,-0.0040359935,
2.43275,0.0066069472,
2.433,0.0068886289,
2.43325,-0.0002958851,
2.4335,-0.0036219917,
2.43375,-0.0025867606,
2.434,0.0046616741,
2.43425,0.0078978995,
2.4345,-0.0132049704,
2.43475,-0.0022327674,
2.435,0.0121665280,
2.43525,-0.0059817676,
2.4355,-0.0054822126,
2.43575,-0.0030209352,
2.436,0.0029790492,
2.43625,0.0063912296,
2.4365,-0.0059876414,
2.43675,-0.0043982780,
2.437,0.0078530293,
2.43725,0.0011125072,
2.4375,-0.0051536509,
2.43775,-0.0023127175,
2.438,-0.0004309158,
2.43825,-0.0007094908,
2.4385,-0.0024496824,
2.43875,-0.0030800947,
2.439,-0.0072989403,
2.43925,0.0015678187,
2.4395,0.0003480094,
2.43975,-0.0072114351,
2.44,-0.0009672277,
2.44025,0.0020261770,
2.4405,0.0047282027,
2.44075,-0.0021176671,
2.441,-0.0004082222,
2.44125,0.0014354124,
2.4415,0.0059716552,
2.44175,0.0007408477,
2.442,-0.0087422915,
2.44225,0.0077488860,
2.4425,0.0062662605,
2.44275,-0.0009531439,
2.443,-0.0021201768,
2.44325,-0.0021623056,
2.4435,0.0105893165,
2.44375,0.0066731470,
2.444,-0.0068106870,
2.44425,0.0059130155,
2.4445,0.0150435306,
2.44475,0.0053829891,
2.445,-0.0013634650,
2.44525,-0.0019509480,
2.4455,0.0072395527,
2.44575,0.0087064300,
2.446,-0.0020592145,
2.44625,0.0010952665,
2.4465,0.0099901119,
2.44675,-0.0014241887,
2.447,-0.0002006778,
2.44725,0.0053050816,
2.4475,0.0027794926,
2.44775,0.0109899333,
2.448,0.0062708026,
2.44825,-0.0003802395,
2.4485,0.0038096935,
2.44875,0.0041508889,
2.449,0.0090017254,
2.44925,0.0070618070,
2.4495,-0.0011071399,
2.44975,0.0042046425,
2.45,0.0082545131,
2.45025,-0.0059366035,
2.4505,-0.0040824907,
2.45075,0.0077129891,
2.451,0.0111234644,
2.45125,-0.0012168986,
2.4515,-0.0098523730,
2.45175,0.0101160826,
2.452,0.0122625716,
2.45225,-0.0059032342,
2.4525,-0.0058909557,
2.45275,0.0055073919,
2.453,0.0054051373,
2.45325,-0.0017061211,
2.4535,-0.0042699412,
2.45375,0.0039311959,
2.454,0.0083110705,
2.45425,-0.0068329251,
2.4545,-0.0016643013,
2.45475,0.0044108983,
2.455,-0.0009374155,
2.45525,0.0036730405,
2.4555,0.0025737146,
2.45575,-0.0026262575,
2.456,-0.0023472095,
2.45625,0.0044660801,
2.4565,0.0038355663,
2.45675,-0.0045781471,
2.457,0.0024425769,
2.45725,0.0078733135,
2.4575,0.0056378213,
2.45775,-0.0039485726,
2.458,-0.0007835223,
2.45825,0.0144660249,
2.4585,0.0067326520,
2.45875,-0.0042194440,
2.459,0.0048678052,
2.45925,0.0172137488,
2.4595,0.0071348320,
2.45975,-0.0046517099,
2.46,0.0050225384,
2.46025,0.0143341050,
2.4605,0.0075518200,
2.46075,0.0010591294,
2.461,0.0015655601,
2.46125,0.0061241873,
2.4615,0.0086361822,
2.46175,-0.0002051605,
2.462,0.0011192868,
2.46225,0.0105031524,
2.4625,0.0074928249,
2.46275,0.0012251782,
2.463,-0.0001976784,
2.46325,0.0000974464,
2.4635,0.0088985944,
2.46375,0.0052595139,
2.464,-0.0036380799,
2.46425,0.0011250402,
2.4645,0.0049040238,
2.46475,-0.0003018398,
2.465,-0.0024707222,
2.46525,-0.0014285606,
2.4655,0.0008133974,
2.46575,0.0035105278,
2.466,-0.0040201652,
2.46625,-0.0054600714,
2.4665,0.0000899245,
2.46675,0.0020470519,
2.467,-0.0033073509,
2.46725,-0.0092206234,
2.4675,-0.0010464729,
2.46775,0.0079561686,
2.468,-0.0040966212,
2.46825,-0.0114890113,
2.4685,-0.0016369090,
2.46875,0.0026872796,
2.469,-0.0021920947,
2.46925,-0.0099561466,
2.4695,-0.0008004275,
2.46975,0.0035551451,
2.47,-0.0051010540,
2.47025,-0.0075976765,
2.4705,-0.0032532718,
2.47075,0.0091341939,
2.471,0.0005767390,
2.47125,-0.0028567500,
2.4715,-0.0008276695,
2.47175,0.0011707003,
2.472,0.0022449747,
2.47225,-0.0013796166,
2.4725,0.0057709538,
2.47275,-0.0021591706,
2.473,0.0038301493,
2.47325,0.0018413700,
2.4735,-0.0106400978,
2.47375,0.0023010294,
2.474,0.0030635521,
2.47425,0.0036422820,
2.4745,0.0013816382,
2.47475,-0.0039453539,
2.475,0.0019893851,
2.47525,-0.0000357076,
2.4755,-0.0063216733,
2.47575,-0.0080549233,
2.476,0.0100246957,
2.47625,0.0020224943,
2.4765,-0.0104019335,
2.47675,-0.0050110770,
2.477,-0.0025354731,
2.47725,0.0007190675,
2.4775,-0.0048236419,
2.47775,-0.0107521340,
2.478,0.0010099822,
2.47825,-0.0017617287,
2.4785,-0.0094341123,
2.47875,-0.0066011911,
2.479,-0.0053204880,
2.47925,-0.0008496925,
2.4795,-0.0062862616,
2.47975,-0.0101134349,
2.48,-0.0053239455,
2.48025,-0.0012894166,
2.4805,-0.0047602551,
2.48075,-0.0083337622,
2.481,-0.0068818755,
2.48125,-0.0065860124,
2.4815,-0.0020368453,
2.48175,-0.0045932680,
2.482,-0.0080695599,
2.48225,-0.0010135686,
2.4825,-0.0036133677,
2.48275,-0.0006740846,
2.483,-0.0099988319,
2.48325,-0.0064780684,
2.4835,0.0063814078,
2.48375,0.0018876737,
2.484,-0.0074407952,
2.48425,-0.0024737963,
2.4845,0.0129366051,
2.48475,0.0016498483,
2.485,-0.0069168704,
2.48525,0.0027694209,
2.4855,0.0091690077,
2.48575,0.0039843358,
2.486,-0.0099725639,
2.48625,0.0002633460,
2.4865,0.0117107723,
2.48675,-0.0012854759,
2.487,-0.0011033347,
2.48725,0.0054578488,
2.4875,0.0060724323,
2.48775,0.0017853006,
2.488,-0.0008204346,
2.48825,0.0007526773,
2.4885,0.0009438833,
2.48875,0.0002186217,
2.489,0.0035323258,
2.48925,0.0007959103,
2.4895,-0.0040243776,
2.48975,0.0012760498,
2.49,0.0040808930,
2.49025,0.0003858382,
2.4905,-0.0045782677,
2.49075,0.0021898206,
2.491,0.0037950848,
2.49125,-0.0053705797,
2.4915,-0.0071911737,
2.49175,-0.0021990789,
2.492,0.0034599248,
2.49225,-0.0092244837,
2.4925,-0.0135824382,
2.49275,0.0036145318,
2.493,0.0029455805,
2.49325,-0.0089333849,
2.4935,-0.0088010887,
2.49375,0.0037160676,
2.494,0.0018135976,
2.49425,-0.0081258807,
2.4945,-0.0102840010,
2.49475,-0.0049085449,
2.495,-0.0017832357,
2.49525,-0.0092587005,
2.4955,-0.0064018737,
2.49575,-0.0012763061,
2.496,-0.0000330008,
2.49625,-0.0082312282,
2.4965,-0.0058628200,
2.49675,-0.0050940202,
2.497,-0.0042421063,
2.49725,0.0048852763,
2.4975,-0.0017301961,
2.49775,-0.0055375886,
2.498,0.0003685964,
2.49825,0.0035616448,
2.4985,0.0045200898,
2.49875,0.0018131408,
2.499,0.0038204775,
2.49925,0.0121751353,
2.4995,0.0063320473,
2.49975,-0.0012162075,
2.5,0.0063342741,
2.50025,0.0110439565,
2.5005,0.0081068948,
2.50075,-0.0002646875,
2.501,0.0008442173,
2.50125,0.0130650736,
2.5015,0.0099648712,
2.50175,0.0025729288,
2.502,0.0079243649,
2.50225,0.0139686503,
2.5025,0.0092661204,
2.50275,0.0012233702,
2.503,0.0017421155,
2.50325,0.0116230287,
2.5035,0.0091635855,
2.50375,0.0010158778,
2.504,0.0016661059,
2.50425,0.0055495761,
2.5045,0.0009557499,
2.50475,-0.0021829179,
2.505,-0.0017773708,
2.50525,0.0010070159,
2.5055,0.0032223510,
2.50575,0.0007370281,
2.506,-0.0026582028,
2.50625,-0.0063688047,
2.5065,0.0012302904,
2.50675,-0.0012276968,
2.507,-0.0043184739,
2.50725,-0.0020838350,
2.5075,-0.0015804336,
2.50775,-0.0007830077,
2.508,-0.0046450463,
2.50825,-0.0085801948,
2.5085,-0.0017657072,
2.50875,0.0047484888,
2.509,-0.0055398317,
2.50925,-0.0062555959,
2.5095,0.0011212905,
2.50975,0.0025822411,
2.51,-0.0014161639,
2.51025,-0.0052338229,
2.5105,0.0015736847,
2.51075,0.0050417399,
2.511,0.0046456335,
2.51125,-0.0028563614,
2.5115,-0.0010078367,
2.51175,0.0074615926,
2.512,0.0008773112,
2.51225,-0.0010492175,
2.5125,0.0035451797,
2.51275,0.0055822516,
2.513,0.0057660891,
2.51325,-0.0012994655,
2.5135,-0.0040248525,
2.51375,0.0041153766,
2.514,0.0043737907,
2.51425,0.0051891999,
2.5145,0.0040425356,
2.51475,0.0043621594,
2.515,0.0067302044,
2.51525,0.0042054849,
2.5155,0.0031455052,
2.51575,0.0051668715,
2.516,0.0058588334,
2.51625,0.0066237664,
2.5165,-0.0023610822,
2.51675,-0.0047588870,
2.517,0.0061947992,
2.51725,0.0126937293,
2.5175,-0.0027050322,
2.51775,-0.0055130553,
2.518,0.0069283908,
2.51825,0.0048459736,
2.5185,-0.0021974493,
2.51875,-0.0022894358,
2.519,0.0045956033,
2.51925,0.0076615945,
2.5195,-0.0085395863,
2.51975,-0.0103345411,
2.52,0.0064168060,
2.52025,0.0006123891,
2.5205,-0.0037759342,
2.52075,0.0020098523,
2.521,0.0011794047,
2.52125,-0.0017385393,
2.5215,-0.0053559127,
2.52175,-0.0056650918,
2.522,-0.0030983952,
2.52225,0.0002641024,
2.5225,0.0025753467,
2.52275,0.0005047676,
2.523,-0.0084220190,
2.52325,-0.0083555859,
2.5235,-0.0021395490,
2.52375,-0.0038270655,
2.524,-0.0066186907,
2.52425,-0.0005126743,
2.5245,0.0046410072,
2.52475,-0.0026309052,
2.525,-0.0105703678,
2.52525,-0.0044581261,
2.5255,0.0097417263,
2.52575,0.0001017001,
2.526,-0.0118821487,
2.52625,-0.0021148087,
2.5265,0.0044777058,
2.52675,-0.0014864233,
2.527,-0.0104809385,
2.52725,-0.0018821545,
2.5275,0.0029168911,
2.52775,-0.0057153269,
2.528,-0.0078103729,
2.52825,-0.0065820985,
2.5285,0.0009086399,
2.52875,-0.0033126245,
2.529,-0.0062861159,
2.52925,-0.0025298302,
2.5295,-0.0020092116,
2.52975,-0.0025188779,
2.53,-0.0055375281,
2.53025,-0.0006853912,
2.5305,-0.0096685821,
2.53075,-0.0000410234,
2.531,0.0011852777,
2.53125,-0.0121417176,
2.5315,-0.0028810413,
2.53175,0.0000736636,
2.532,-0.0000639710,
2.53225,-0.0022974350,
2.5325,-0.0053248620,
2.53275,0.0022026829,
2.533,0.0033001325,
2.53325,-0.0063159415,
2.5335,-0.0094732717,
2.53375,0.0051720226,
2.534,0.0034297453,
2.53425,-0.0044959732,
2.5345,-0.0053747995,
2.53475,-0.0016014480,
2.535,0.0074262116,
2.53525,-0.0047193980,
2.5355,-0.0088644158,
2.53575,0.0006944968,
2.536,0.0011062198,
2.53625,-0.0009231901,
2.5365,-0.0076008732,
2.53675,-0.0017373158,
2.537,0.0024617086,
2.53725,-0.0007822508,
2.5375,-0.0039184089,
2.53775,-0.0022248954,
2.538,0.0044008675,
2.53825,-0.0030993382,
2.5385,-0.0046341950,
2.53875,-0.0050213160,
2.539,-0.0038353074,
2.53925,0.0000443333,
2.5395,-0.0045919204,
2.53975,-0.0066942065,
2.54,-0.0071226158,
2.54025,0.0017151840,
2.5405,-0.0007737990,
2.54075,-0.0041985130,
2.541,-0.0026421275,
2.54125,-0.0025048521,
2.5415,0.0023690909,
2.54175,-0.0053214417,
2.542,-0.0057084598,
2.54225,0.0058196113,
2.5425,0.0044485442,
2.54275,-0.0063795475,
2.543,-0.0072471867,
2.54325,0.0057181437,
2.5435,0.0022314976,
2.54375,-0.0044135181,
2.544,-0.0087989867,
2.54425,-0.0020214552,
2.5445,0.0043271161,
2.54475,-0.0077292207,
2.545,-0.0078745810,
2.54525,0.0020758952,
2.5455,-0.0020300839,
2.54575,-0.0034302687,
2.546,-0.0067925947,
2.54625,-0.0059782364,
2.5465,0.0021310789,
2.54675,-0.0023760733,
2.547,-0.0033911946,
2.54725,-0.0007031186,
2.5475,-0.0028260881,
2.54775,0.0025682980,
2.548,-0.0029794625,
2.54825,-0.0052086199,
2.5485,0.0001063485,
2.54875,-0.0002368911,
2.549,-0.0000472140,
2.54925,-0.0075905584,
2.5495,-0.0014803314,
2.54975,0.0023758088,
2.55,0.0010316139,
2.55025,-0.0041976781,
2.5505,-0.0060186321,
2.55075,0.0109750582,
2.551,0.0052707060,
2.55125,-0.0057290196,
2.5515,-0.0022443042,
2.55175,0.0128992610,
2.552,0.0071429573,
2.55225,-0.0048618400,
2.5525,0.0007657639,
2.55275,0.0072415210,
2.553,0.0073384745,
2.55325,-0.0012120286,
2.5535,-0.0047787679,
2.55375,0.0079006283,
2.554,0.0004745477,
2.55425,-0.0051124720,
2.5545,-0.0006775752,
2.55475,0.0012840994,
2.555,0.0023302468,
2.55525,0.0043529193,
2.5555,0.0012214107,
2.55575,-0.0021285992,
2.556,0.0040712552,
2.55625,0.0023329849,
2.5565,-0.0028877771,
2.55675,-0.0036082263,
2.557,0.0012240135,
2.55725,0.0072171409,
2.5575,-0.0016262927,
2.55775,-0.0086915884,
2.558,0.0021445518,
2.55825,0.0062633036,
2.5585,-0.0057774782,
2.55875,-0.0079872189,
2.559,0.0001392031,
2.55925,0.0090022050,
2.5595,0.0016860251,
2.55975,-0.0120588252,
2.56,0.0027673990,
2.56025,0.0080127539,
2.5605,-0.0017000069,
2.56075,-0.0033637509,
2.561,-0.0020646097,
2.56125,0.0105364202,
2.5615,0.0017481640,
2.56175,-0.0070094462,
2.562,0.0017964807,
2.56225,0.0082931351,
2.5625,0.0038339701,
2.56275,0.0020163325,
2.563,0.0007008478,
2.56325,0.0038197110,
2.5635,0.0067321355,
2.56375,-0.0011217282,
2.564,0.0014024267,
2.56425,0.0028139155,
2.5645,0.0016468589,
2.56475,0.0096666813,
2.565,0.0032412752,
2.56525,0.0006142030,
2.5655,0.0117283491,
2.56575,0.0074705966,
2.566,0.0018619082,
2.56625,0.0011874801,
2.5665,0.0092921564,
2.56675,0.0120670022,
2.567,0.0006479477,
2.56725,-0.0072966185,
2.5675,0.0074609225,
2.56775,0.0138751343,
2.568,-0.0045103771,
2.56825,-0.0032490827,
2.5685,0.0116232838,
2.56875,0.0056042434,
2.569,0.0023901716,
2.56925,-0.0017989996,
2.5695,0.0024139702,
2.56975,0.0090802517,
2.57,0.0019758192,
2.57025,-0.0036664093,
2.5705,0.0075462777,
2.57075,0.0098854844,
2.571,0.0000077152,
2.57125,0.0051838136,
2.5715,0.0003086457,
2.57175,0.0026893870,
2.572,0.0079331342,
2.57225,0.0005781129,
2.5725,-0.0062477626,
2.57275,0.0027752840,
2.573,0.0027008303,
2.57325,-0.0005323143,
2.5735,0.0006117459,
2.57375,-0.0027814587,
2.574,0.0066017862,
2.57425,0.0067646345,
2.5745,-0.0036366084,
2.57475,-0.0000963605,
2.575,0.0062515629,
2.57525,0.0016851701,
2.5755,-0.0082354322,
2.57575,-0.0088051083,
2.576,0.0052283569,
2.57625,0.0061342986,
2.5765,-0.0088152727,
2.57675,-0.0056337933,
2.577,0.0044995486,
2.57725,0.0022492991,
2.5775,-0.0035403767,
2.57775,-0.0083353296,
2.578,0.0029792604,
2.57825,0.0002044449,
2.5785,-0.0077712582,
2.57875,-0.0067078071,
2.579,0.0011526000,
2.57925,0.0055765398,
2.5795,-0.0031840657,
2.57975,-0.0069745495,
2.58,-0.0009492019,
2.58025,-0.0040130150,
2.5805,-0.0012526861,
2.58075,-0.0001975452,
2.581,-0.0080244076,
2.58125,0.0056536533,
2.5815,0.0019239691,
2.58175,-0.0002588266,
2.582,0.0030861900,
2.58225,-0.0045376904,
2.5825,0.0058005536,
2.58275,0.0050527956,
2.583,-0.0053265505,
2.58325,0.0005365171,
2.5835,0.0106234485,
2.58375,0.0035540317,
2.584,-0.0057478393,
2.58425,-0.0056724721,
2.5845,0.0085503645,
2.58475,0.0060808724,
2.585,-0.0091752773,
2.58525,0.0033030787,
2.5855,0.0115743205,
2.58575,0.0025665988,
2.586,-0.0051640496,
2.58625,-0.0039674556,
2.5865,0.0057924907,
2.58675,0.0058390042,
2.587,-0.0034940783,
2.58725,-0.0015643919,
2.5875,0.0045304624,
2.58775,-0.0072177919,
2.588,-0.0048070978,
2.58825,-0.0025825817,
2.5885,-0.0068407217,
2.58875,0.0046700127,
2.589,0.0007704052,
2.58925,-0.0049687638,
2.5895,-0.0105932746,
2.58975,-0.0048341518,
2.59,0.0007295388,
2.59025,-0.0075571788,
2.5905,-0.0076907547,
2.59075,-0.0006228824,
2.591,0.0015058786,
2.59125,-0.0079206182,
2.5915,-0.0106238797,
2.59175,-0.0019384762,
2.592,0.0094786445,
2.59225,-0.0062203938,
2.5925,-0.0122801820,
2.59275,-0.0001043893,
2.593,0.0015545941,
2.59325,-0.0053621633,
2.5935,-0.0069711842,
2.59375,0.0014914051,
2.594,0.0055677355,
2.59425,-0.0035645277,
2.5945,-0.0100923032,
2.59475,0.0015806250,
2.595,0.0055227699,
2.59525,-0.0010100402,
2.5955,-0.0011035239,
2.59575,-0.0000111967,
2.596,0.0069487332,
2.59625,0.0022715472,
2.5965,-0.0026413030,
2.59675,0.0028269293,
2.597,0.0017247237,
2.59725,0.0068324041,
2.5975,0.0071429550,
2.59775,-0.0009169267,
2.598,0.0009088394,
2.59825,0.0096831806,
2.5985,0.0047389297,
2.59875,0.0022122764,
2.599,0.0070429360,
2.59925,0.0056671998,
2.5995,0.0102454573,
2.59975,-0.0003604832,
2.6,-0.0051300339,
2.60025,0.0093505355,
2.6005,0.0072759199,
2.60075,-0.0082797566,
2.601,-0.0015930454,
2.60125,0.0068144696,
2.6015,0.0076977564,
2.60175,0.0020107664,
2.602,-0.0044732396,
2.60225,0.0049764207,
2.6025,0.0078243790,
2.60275,-0.0077433437,
2.603,-0.0044477438,
2.60325,0.0009247969,
2.6035,-0.0010669923,
2.60375,-0.0025101507,
2.604,-0.0058380985,
2.60425,0.0037529557,
2.6045,0.0039951792,
2.60475,-0.0045021940,
2.605,-0.0032555091,
2.60525,-0.0032010619,
2.6055,-0.0039820056,
2.60575,0.0001435242,
2.606,-0.0051396270,
2.60625,-0.0089776171,
2.6065,-0.0014530572,
2.60675,-0.0009107536,
2.607,-0.0050533214,
2.60725,-0.0031623002,
2.6075,-0.0022880719,
2.60775,0.0037610738,
2.608,0.0005529312,
2.60825,-0.0061067101,
2.6085,0.0060460162,
2.60875,0.0081701828,
2.609,0.0044568665,
2.60925,-0.0059714559,
2.6095,-0.0014801965,
2.60975,0.0112590184,
2.61,0.0039509409,
2.61025,0.0041519022,
2.6105,0.0048422976,
2.61075,0.0049364711,
2.611,0.0047082589,
2.61125,-0.0039739143,
2.6115,-0.0014361718,
2.61175,0.0106356805,
2.612,0.0114298593,
2.61225,0.0021003876,
2.6125,0.0013288003,
2.61275,0.0031149483,
2.613,0.0060212305,
2.61325,0.0018976666,
2.6135,-0.0035673128,
2.61375,0.0079292385,
2.614,0.0096410038,
2.61425,0.0021018239,
2.6145,0.0050663957,
2.61475,0.0002267860,
2.615,0.0028091311,
2.61525,0.0045083039,
2.6155,-0.0034054872,
2.61575,0.0001120014,
2.616,0.0016883807,
2.61625,0.0002046356,
2.6165,-0.0006577616,
2.61675,-0.0076332409,
2.617,-0.0021054973,
2.61725,0.0090109380,
2.6175,0.0018401984,
2.61775,-0.0085177533,
2.618,0.0065314868,
2.61825,0.0081088338,
2.6185,-0.0016607622,
2.61875,-0.0058246800,
2.619,-0.0021226101,
2.61925,0.0088766115,
2.6195,-0.0029026694,
2.61975,-0.0050444803,
2.62,0.0046539824,
2.62025,0.0045110709,
2.6205,-0.0009485226,
2.62075,-0.0033360498,
2.621,0.0006765214,
2.62125,0.0044150371,
2.6215,0.0014129264,
2.62175,-0.0005146428,
2.622,0.0032960288,
2.62225,0.0044426452,
2.6225,0.0077148057,
2.62275,0.0098819565,
2.623,0.0016910316,
2.62325,0.0029115104,
2.6235,0.0114040365,
2.62375,0.0048239892,
2.624,0.0017535785,
2.62425,0.0070284503,
2.6245,0.0093467794,
2.62475,0.0088322107,
2.625,-0.0016781652,
2.62525,-0.0002160336,
2.6255,0.0167752150,
2.62575,0.0083182119,
2.626,-0.0055987458,
2.62625,0.0035728128,
2.6265,0.0102528324,
2.62675,0.0084419940,
2.627,-0.0007902525,
2.62725,0.0022553899,
2.6275,0.0104421973,
2.62775,0.0039709662,
2.628,-0.0015729781,
2.62825,-0.0020055519,
2.6285,0.0051354892,
2.62875,-0.0006914473,
2.629,-0.0023246033,
2.62925,-0.0031808917,
2.6295,-0.0037180304,
2.62975,0.0019983216,
2.63,-0.0035271021,
2.63025,-0.0037690278,
2.6305,-0.0081478897,
2.63075,-0.0029606258,
2.631,-0.0000552605,
2.63125,-0.0075102486,
2.6315,-0.0068910029,
2.63175,-0.0036499775,
2.632,-0.0041874582,
2.63225,-0.0108932899,
2.6325,-0.0095743388,
2.63275,-0.0012029397,
2.633,0.0004394350,
2.63325,-0.0032754038,
2.6335,-0.0105159767,
2.63375,-0.0036912260,
2.634,0.0013628735,
2.63425,-0.0082996804,
2.6345,-0.0079339258,
2.63475,-0.0044282726,
2.635,0.0091584250,
2.63525,-0.0003993982,
2.6355,-0.0105667990,
2.63575,0.0010277281,
2.636,0.0034869011,
2.63625,0.0034945880,
2.6365,-0.0050947438,
2.63675,0.0016852694,
2.637,0.0102622267,
2.63725,0.0007645105,
2.6375,-0.0011631483,
2.63775,0.0014651344,
2.638,0.0032680437,
2.63825,0.0006572657,
2.6385,0.0022371756,
2.63875,0.0005333535,
2.639,0.0050771805,
2.63925,0.0052431622,
2.6395,0.0013771147,
2.63975,0.0004166635,
2.64,-0.0041089552,
2.64025,0.0028822320,
2.6405,0.0045907395,
2.64075,-0.0026647695,
2.641,-0.0017049122,
2.64125,0.0047740280,
2.6415,-0.0014589091,
2.64175,-0.0064766007,
2.642,-0.0056411070,
2.64225,-0.0000775280,
2.6425,0.0047529549,
2.64275,-0.0103898067,
2.643,-0.0096779484,
2.64325,-0.0010466169,
2.6435,-0.0039919293,
2.64375,-0.0093950639,
2.644,-0.0083309365,
2.64425,-0.0081157619,
2.6445,-0.0078818332,
2.64475,-0.0064691999,
2.645,-0.0221015345,
2.64525,-0.0035578939,
2.6455,-0.0011260038,
2.64575,-0.0099672694,
2.646,-0.0057211947,
2.64625,-0.0142183173,
2.6465,-0.0048408839,
2.64675,-0.0078493822,
2.647,-0.0172832906,
2.64725,-0.0072099492,
2.6475,-0.0059694257,
2.64775,-0.0064792521,
2.648,-0.0098491982,
2.64825,-0.0096486928,
2.6485,-0.0041989740,
2.64875,-0.0036745446,
2.649,-0.0028139178,
2.64925,-0.0035915873,
2.6495,-0.0020838340,
2.64975,-0.0020904476,
2.65,-0.0020450673,
2.65025,-0.0070568505,
2.6505,-0.0057152230,
2.65075,0.0094597405,
2.651,0.0028504673,
2.65125,-0.0073315967,
2.6515,-0.0035672798,
2.65175,0.0081598656,
2.652,0.0055638701,
2.65225,-0.0078725172,
2.6525,-0.0003691197,
2.65275,0.0054760207,
2.653,0.0034361172,
2.65325,-0.0052258456,
2.6535,-0.0031572625,
2.65375,0.0068289675,
2.654,0.0004931941,
2.65425,-0.0015832959,
2.6545,-0.0030176593,
2.65475,-0.0003108638,
2.655,-0.0009621371,
2.65525,0.0000116167,
2.6555,0.0008510529,
2.65575,-0.0055011027,
2.656,0.0029433933,
2.65625,-0.0009946759,
2.6565,-0.0060325358,
2.65675,-0.0036265277,
2.657,-0.0029684664,
2.65725,0.0029536374,
2.6575,-0.0050857840,
2.65775,-0.0091877868,
2.658,0.0007974153,
2.65825,0.0037996406,
2.6585,-0.0033590957,
2.65875,-0.0053204885,
2.659,0.0025768215,
2.65925,0.0078973994,
2.6595,-0.0063063488,
2.65975,-0.0100477394,
2.66,0.0034547555,
2.66025,0.0071727727,
2.6605,-0.0023212014,
2.66075,-0.0091284597,
2.661,0.0029591427,
2.66125,0.0043031126,
2.6615,-0.0029699039,
2.66175,-0.0046822750,
2.662,0.0018784937,
2.66225,0.0051317140,
2.6625,-0.0029998380,
2.66275,-0.0060311523,
2.663,-0.0024811113,
2.66325,-0.0009130454,
2.6635,-0.0004334632,
2.66375,0.0014535956,
2.664,-0.0045665801,
2.66425,-0.0040782206,
2.6645,0.0035719820,
2.66475,-0.0011469430,
2.665,-0.0033931562,
2.66525,0.0023894813,
2.6655,0.0042672101,
2.66575,0.0053872187,
2.666,-0.0039851288,
2.66625,-0.0019697447,
2.6665,0.0063343532,
2.66675,-0.0002694384,
2.667,-0.0070479931,
2.66725,-0.0017259216,
2.6675,0.0067173643,
2.66775,0.0029860195,
2.668,-0.0069607245,
2.66825,-0.0017639670,
2.6685,0.0111265490,
2.66875,0.0135493753,
2.669,-0.0011108989,
2.66925,0.0005248246,
2.6695,0.0053787581,
2.66975,0.0027095787,
2.67,0.0020565304,
2.67025,0.0005831881,
2.6705,0.0092507983,
2.67075,0.0101152016,
2.671,-0.0005909980,
2.67125,-0.0018621811,
2.6715,0.0046173516,
2.67175,0.0031716893,
2.672,0.0048323805,
2.67225,0.0058575021,
2.6725,-0.0040689674,
2.67275,0.0005613154,
2.673,0.0048910165,
2.67325,0.0023369710,
2.6735,0.0000630407,
2.67375,0.0046313466,
2.674,0.0089955721,
2.67425,0.0019860836,
2.6745,-0.0022871133,
2.67475,0.0014991874,
2.675,0.0073354687,
2.67525,0.0018228567,
2.6755,-0.0081453705,
2.67575,0.0025373243,
2.676,0.0093951514,
2.67625,0.0031983058,
2.6765,-0.0053327805,
2.67675,0.0031126081,
2.677,0.0054299524,
2.67725,-0.0039242543,
2.6775,-0.0062816609,
2.67775,-0.0057201092,
2.678,0.0036419216,
2.67825,0.0021802376,
2.6785,-0.0055750594,
2.67875,-0.0020594790,
2.679,0.0012714497,
2.67925,0.0043095052,
2.6795,-0.0017292663,
2.67975,-0.0012123017,
2.68,0.0044332510,
2.68025,0.0052513983,
2.6805,-0.0021076689,
2.68075,-0.0028839228,
2.681,-0.0003218395,
2.68125,0.0034730290,
2.6815,0.0053150067,
2.68175,0.0001393275,
2.682,0.0028761299,
2.68225,0.0024460237,
2.6825,0.0009558733,
2.68275,0.0025962701,
2.683,-0.0025033187,
2.68325,0.0000915724,
2.6835,0.0081779435,
2.68375,0.0008192476,
2.684,-0.0088234991,
2.68425,0.0029025157,
2.6845,0.0124451127,
2.68475,0.0040688138,
2.685,-0.0027586028,
2.68525,0.0045458209,
2.6855,0.0121763954,
2.68575,0.0008203755,
2.686,-0.0098360972,
2.68625,0.0015148104,
2.6865,0.0073324880,
2.68675,-0.0030555122,
2.687,-0.0067190835,
2.68725,-0.0004166416,
2.6875,0.0037663828,
2.68775,0.0023363018,
2.688,-0.0008179374,
2.68825,0.0009821123,
2.6885,0.0030861318,
2.68875,0.0024798254,
2.689,0.0040421998,
2.68925,0.0021744077,
2.6895,-0.0016049378,
2.68975,0.0053781411,
2.69,0.0053264257,
2.69025,-0.0047125961,
2.6905,-0.0058568306,
2.69075,0.0031110384,
2.691,0.0029326731,
2.69125,-0.0064699771,
2.6915,-0.0048198067,
2.69175,0.0077651599,
2.692,0.0091319727,
2.69225,-0.0038996306,
2.6925,-0.0099000093,
2.69275,0.0038430679,
2.693,0.0063595185,
2.69325,-0.0082108881,
2.6935,-0.0040187323,
2.69375,0.0049327370,
2.694,-0.0024694474,
2.69425,-0.0083309412,
2.6945,-0.0135265775,
2.69475,0.0010901925,
2.695,0.0039784661,
2.69525,-0.0061091846,
2.6955,-0.0057339347,
2.69575,-0.0015221199,
2.696,-0.0048180097,
2.69625,-0.0081687449,
2.6965,-0.0121230874,
2.69675,-0.0063387081,
2.697,0.0017801535,
2.69725,0.0023488153,
2.6975,-0.0023790305,
2.69775,-0.0088671930,
2.698,-0.0082186460,
2.69825,-0.0025841808,
2.6985,-0.0011917661,
2.69875,-0.0073334193,
2.699,0.0014787524,
2.69925,0.0027208894,
2.6995,-0.0020123308,
2.69975,-0.0038959184,
2.7,-0.0060369642,
2.70025,0.0047105346,
2.7005,0.0057926290,
2.70075,-0.0109838406,
2.701,-0.0083888108,
2.70125,0.0085827233,
2.7015,0.0004850448,
2.70175,-0.0026911395,
2.702,0.0004671409,
2.70225,0.0026408467,
2.7025,0.0086834086,
2.70275,-0.0056592347,
2.703,-0.0073055993,
2.70325,0.0089048240,
2.7035,0.0010725416,
2.70375,-0.0027448183,
2.704,-0.0019316515,
2.70425,0.0028845677,
2.7045,-0.0002049882,
2.70475,-0.0032298276,
2.705,-0.0064585190,
2.70525,-0.0059062173,
2.7055,0.0047760517,
2.70575,-0.0020765550,
2.706,-0.0029483482,
2.70625,-0.0062201540,
2.7065,-0.0023194628,
2.70675,0.0068158116,
2.707,-0.0000785685,
2.70725,0.0002278249,
2.7075,0.0050734407,
2.70775,0.0098588672,
2.708,-0.0030390567,
2.70825,-0.0044498271,
2.7085,0.0040719924,
2.70875,0.0072489856,
2.709,0.0031646513,
2.70925,-0.0086154686,
2.7095,-0.0035624113,
2.70975,0.0036284353,
2.71,-0.0004817846,
2.71025,-0.0030723147,
2.7105,0.0001604525,
2.71075,0.0046040453,
2.711,0.0017668277,
2.71125,-0.0038671212,
2.7115,-0.0035878811,
2.71175,0.0039411280,
2.712,0.0083770286,
2.71225,-0.0025744908,
2.7125,-0.0058138114,
2.71275,0.0044200006,
2.713,-0.0030118788,
2.71325,-0.0047210096,
2.7135,-0.0041383263,
2.71375,-0.0036434550,
2.714,0.0060610995,
2.71425,-0.0068604816,
2.7145,-0.0112482822,
2.71475,-0.0019013688,
2.715,-0.0010531441,
2.71525,0.0005965721,
2.7155,0.0008568389,
2.71575,-0.0043120263,
2.716,-0.0029846116,
2.71625,-0.0011152404,
2.7165,-0.0056181485,
2.71675,-0.0049652448,
2.717,0.0021415690,
2.71725,0.0070731766,
2.7175,0.0035488454,
2.71775,-0.0109264404,
2.718,-0.0047371485,
2.71825,0.0074025523,
2.7185,0.0011243941,
2.71875,-0.0052758702,
2.719,0.0055927485,
2.71925,0.0075413119,
2.7195,0.0017068211,
2.71975,-0.0052259807,
2.72,-0.0012787107,
2.72025,0.0134318434,
2.7205,0.0042883041,
2.72075,-0.0012771854,
2.721,0.0050649997,
2.72125,0.0017643073,
2.7215,-0.0014241867,
2.72175,0.0047857547,
2.722,0.0004861632,
2.72225,0.0042050476,
2.7225,0.0138058569,
2.72275,0.0050387019,
2.723,0.0047886958,
2.72325,0.0038740463,
2.7235,0.0056605162,
2.72375,0.0126061691,
2.724,-0.0000669219,
2.72425,-0.0033428057,
2.7245,0.0110176075,
2.72475,0.0046932427,
2.725,-0.0085405568,
2.72525,-0.0015862671,
2.7255,0.0094163958,
2.72575,0.0095368810,
2.726,-0.0053374334,
2.72625,-0.0061776885,
2.7265,0.0099335182,
2.72675,0.0081326198,
2.727,-0.0038942648,
2.72725,-0.0013827643,
2.7275,0.0049578613,
2.72775,0.0024938644,
2.728,-0.0036535021,
2.72825,-0.0040648310,
2.7285,0.0028699175,
2.72875,0.0004656372,
2.729,-0.0022918591,
2.72925,-0.0056203804,
2.7295,-0.0065852604,
2.72975,0.0013270543,
2.73,0.0021207263,
2.73025,-0.0036142941,
2.7305,0.0004781086,
2.73075,0.0035258508,
2.731,-0.0019918226,
2.73125,0.0031751413,
2.7315,-0.0044376538,
2.73175,0.0043248688,
2.732,0.0107444189,
2.73225,-0.0027234408,
2.7325,0.0029719421,
2.73275,0.0065258979,
2.733,0.0061735576,
2.73325,0.0116986092,
2.7335,0.0007780372,
2.73375,0.0025346410,
2.734,0.0181709565,
2.73425,0.0084977187,
2.7345,-0.0016084377,
2.73475,0.0037147840,
2.735,0.0158747490,
2.73525,0.0162416920,
2.7355,0.0001051165,
2.73575,0.0052657155,
2.736,0.0144742979,
2.73625,0.0105626639,
2.7365,0.0020805341,
2.73675,0.0049409899,
2.737,0.0135251796,
2.73725,0.0073498725,
2.7375,-0.0002531053,
2.73775,0.0014206121,
2.738,0.0104079843,
2.73825,0.0086495308,
2.7385,0.0046619955,
2.73875,0.0038322785,
2.739,-0.0031700791,
2.73925,0.0004462706,
2.7395,0.0061794133,
2.73975,-0.0026742565,
2.74,0.0012772484,
2.74025,0.0031344357,
2.7405,-0.0040443772,
2.74075,-0.0019283209,
2.741,-0.0087734880,
2.74125,0.0031038385,
2.7415,0.0081815887,
2.74175,-0.0050152862,
2.742,-0.0025237612,
2.74225,-0.0038018576,
2.7425,0.0017442107,
2.74275,-0.0056203464,
2.743,-0.0105173374,
2.74325,-0.0012878568,
2.7435,0.0055532763,
2.74375,-0.0021537235,
2.744,-0.0146145225,
2.74425,0.0006152540,
2.7445,0.0001755562,
2.74475,-0.0035002760,
2.745,-0.0057693161,
2.74525,-0.0085591488,
2.7455,0.0054054186,
2.74575,-0.0024171921,
2.746,-0.0066485419,
2.74625,0.0011505615,
2.7465,0.0029575899,
2.74675,0.0021670780,
2.747,-0.0021613704,
2.74725,0.0002582645,
2.7475,0.0010119127,
2.74775,0.0042358050,
2.748,-0.0010773333,
2.74825,-0.0039117495,
2.7485,0.0024637857,
2.74875,0.0000113840,
2.749,-0.0018835152,
2.74925,-0.0019971470,
2.7495,0.0002687246,
2.74975,0.0047491151,
2.75,0.0043064477,
2.75025,-0.0027928941,
2.7505,-0.0057714731,
2.75075,0.0088999588,
2.751,0.0055383537,
2.75125,-0.0046461122,
2.7515,-0.0034255772,
2.75175,0.0026103477,
2.752,0.0051648580,
2.75225,-0.0074421545,
2.7525,-0.0094785457,
2.75275,0.0023028878,
2.753,0.0022371977,
2.75325,-0.0059456569,
2.7535,-0.0059986729,
2.75375,-0.0014988742,
2.754,-0.0023107287,
2.75425,-0.0086847050,
2.7545,-0.0081965216,
2.75475,-0.0019716597,
2.755,-0.0053691091,
2.75525,-0.0062623061,
2.7555,-0.0044971928,
2.75575,-0.0101093519,
2.756,-0.0040236409,
2.75625,-0.0008119729,
2.7565,-0.0048771296,
2.75675,-0.0078816693,
2.757,-0.0038735364,
2.75725,-0.0016595935,
2.7575,-0.0050915475,
2.75775,-0.0123439878,
2.758,-0.0067890645,
2.75825,0.0059563112,
2.7585,-0.0069115488,
2.75875,-0.0115852430,
2.759,0.0029008256,
2.75925,0.0066341702,
2.7595,-0.0014596101,
2.75975,-0.0095618581,
2.76,0.0007124364,
2.76025,0.0113116130,
2.7605,-0.0009344253,
2.76075,-0.0051855952,
2.761,0.0044461507,
2.76125,0.0052520209,
2.7615,-0.0027075547,
2.76175,-0.0028314299,
2.762,0.0008342736,
2.76225,0.0059023621,
2.7625,0.0033386808,
2.76275,-0.0012791718,
2.763,-0.0030992008,
2.76325,0.0026522172,
2.7635,-0.0001477248,
2.76375,0.0020341852,
2.764,-0.0001062861,
2.76425,-0.0014610781,
2.7645,0.0050827065,
2.76475,0.0034761014,
2.765,-0.0015647955,
2.76525,-0.0025585247,
2.7655,0.0033374433,
2.76575,-0.0024131904,
2.766,-0.0053957636,
2.76625,-0.0019499484,
2.7665,-0.0011810869,
2.76675,-0.0005371280,
2.767,-0.0081053376,
2.76725,-0.0126763787,
2.7675,0.0027566098,
2.76775,0.0032463819,
2.768,-0.0152113773,
2.76825,-0.0069542206,
2.7685,0.0023298070,
2.76875,-0.0010309441,
2.769,-0.0013494096,
2.76925,-0.0069410922,
2.7695,-0.0024823281,
2.76975,0.0047250455,
2.77,-0.0130910370,
2.77025,-0.0107543729,
2.7705,0.0020872923,
2.77075,-0.0049817115,
2.771,-0.0078876317,
2.77125,-0.0064848168,
2.7715,-0.0090282960,
2.77175,-0.0002608096,
2.772,0.0005789040,
2.77225,-0.0023800023,
2.7725,-0.0007261327,
2.77275,0.0004847317,
2.773,0.0015782821,
2.77325,0.0023103638,
2.7735,0.0007965972,
2.77375,0.0034640238,
2.774,0.0139371948,
2.77425,0.0030819767,
2.7745,0.0006734851,
2.77475,0.0034758984,
2.775,0.0064232764,
2.77525,0.0052175210,
2.7755,-0.0045579784,
2.77575,0.0029251727,
2.776,0.0098944036,
2.77625,0.0067169126,
2.7765,-0.0009659649,
2.77675,0.0070429090,
2.777,0.0126837520,
2.77725,0.0087101059,
2.7775,0.0021040190,
2.77775,0.0014010640,
2.778,0.0095464559,
2.77825,0.0027284296,
2.7785,-0.0000129534,
2.77875,0.0015904400,
2.779,0.0107500143,
2.77925,0.0088908207,
2.7795,0.0003807041,
2.77975,-0.0011392792,
2.78,0.0031521320,
2.78025,0.0032285976,
2.7805,0.0001038070,
2.78075,0.0010953620,
2.781,-0.0057866648,
2.78125,0.0036740932,
2.7815,-0.0011446597,
2.78175,-0.0050541642,
2.782,0.0032253715,
2.78225,-0.0029214134,
2.7825,0.0025332556,
2.78275,0.0006396984,
2.783,-0.0083388472,
2.78325,-0.0002420936,
2.7835,-0.0001366386,
2.78375,-0.0042994195,
2.784,-0.0069718948,
2.78425,-0.0003382629,
2.7845,0.0070118741,
2.78475,-0.0047193328,
2.785,-0.0105058951,
2.78525,0.0019478588,
2.7855,0.0047375793,
2.78575,-0.0040446343,
2.786,-0.0083370944,
2.78625,-0.0004800409,
2.7865,0.0030962666,
2.78675,0.0002819285,
2.787,-0.0055680592,
2.78725,0.0052581686,
2.7875,0.0073312786,
2.78775,-0.0061993310,
2.788,0.0003285773,
2.78825,0.0012511010,
2.7885,-0.0001078873,
2.78875,0.0042296639,
2.789,0.0059255855,
2.78925,-0.0003289761,
2.7895,0.0022210397,
2.78975,0.0100490833,
2.79,0.0089173596,
2.79025,0.0037657714,
2.7905,0.0006606749,
2.79075,0.0066081127,
2.791,0.0061139325,
2.79125,-0.0044372575,
2.7915,-0.0021914821,
2.79175,0.0135057773,
2.792,0.0116493981,
2.79225,-0.0056891311,
2.7925,-0.0033438604,
2.79275,0.0146779884,
2.793,0.0064966916,
2.79325,-0.0065936521,
2.7935,0.0074605714,
2.79375,0.0074395016,
2.794,0.0063995966,
2.79425,-0.0053921742,
2.7945,-0.0053603835,
2.79475,0.0113164019,
2.795,0.0024058074,
2.79525,-0.0013750413,
2.7955,0.0016089077,
2.79575,0.0052250056,
2.796,-0.0026608722,
2.79625,0.0022082666,
2.7965,0.0004014980,
2.79675,-0.0073436024,
2.797,0.0073510827,
2.79725,-0.0021639988,
2.7975,-0.0023191625,
2.79775,-0.0022254903,
2.798,-0.0070671067,
2.79825,0.0068637026,
2.7985,-0.0017243880,
2.79875,-0.0073501309,
2.799,0.0034284210,
2.79925,0.0018029298,
2.7995,-0.0031761208,
2.79975,-0.0031322786,
2.8,0.0021542315,
2.80025,0.0037662773,
2.8005,0.0005800732,
2.80075,-0.0137697821,
2.801,-0.0058666193,
2.80125,0.0062172045,
2.8015,-0.0089817997,
2.80175,-0.0059017902,
2.802,-0.0035190838,
2.80225,-0.0006472907,
2.8025,0.0001669139,
2.80275,-0.0115268771,
2.803,-0.0035296129,
2.80325,0.0039018043,
2.8035,-0.0003809187,
2.80375,-0.0076447451,
2.804,-0.0045445058,
2.80425,0.0037853690,
2.8045,-0.0022258405,
2.80475,-0.0033515072,
2.805,-0.0042312690,
2.80525,-0.0018056093,
2.8055,-0.0002456945,
2.80575,-0.0010833964,
2.806,-0.0033257687,
2.80625,-0.0043596248,
2.8065,0.0039326064,
2.80675,-0.0017633585,
2.807,-0.0026134469,
2.80725,0.0032828457,
2.8075,0.0005870626,
2.80775,0.0061022541,
2.808,-0.0039668651,
2.80825,-0.0073872209,
2.8085,0.0077051623,
2.80875,0.0035842063,
2.809,-0.0037249175,
2.80925,-0.0053946138,
2.8095,-0.0019548810,
2.80975,0.0038446365,
2.81,-0.0035267137,
2.81025,-0.0047339574,
2.8105,0.0024931319,
2.81075,0.0010749277,
2.811,-0.0051963702,
2.81125,-0.0133106848,
2.8115,-0.0029181484,
2.81175,-0.0045132246,
2.812,-0.0018534334,
2.81225,-0.0047845719,
2.8125,-0.0075092334,
2.81275,0.0036362819,
2.813,-0.0084441658,
2.81325,-0.0110709704,
2.8135,-0.0069135325,
2.81375,-0.0040943930,
2.814,0.0002337370,
2.81425,-0.0085240714,
2.8145,-0.0130494386,
2.81475,-0.0114954496,
2.815,-0.0036900346,
2.81525,-0.0061292290,
2.8155,-0.0053498158,
2.81575,-0.0012679109,
2.816,-0.0020210766,
2.81625,-0.0036622612,
2.8165,-0.0125638777,
2.81675,-0.0060339626,
2.817,0.0024235225,
2.81725,0.0019859425,
2.8175,-0.0039846539,
2.81775,-0.0116780885,
2.818,0.0027430851,
2.81825,-0.0001298615,
2.8185,-0.0056471978,
2.81875,-0.0010348184,
2.819,0.0015725221,
2.81925,0.0051166061,
2.8195,-0.0060596373,
2.81975,-0.0052994541,
2.82,0.0037414406,
2.82025,0.0061407201,
2.8205,-0.0018302386,
2.82075,-0.0064407797,
2.821,-0.0004899914,
2.82125,-0.0003617150,
2.8215,-0.0052706786,
2.82175,-0.0024636551,
2.822,0.0009826607,
2.82225,0.0020435699,
2.8225,0.0032578383,
2.82275,-0.0010685998,
2.823,-0.0067030899,
2.82325,-0.0009225886,
2.8235,0.0034972657,
2.82375,0.0013546948,
2.824,-0.0041718483,
2.82425,-0.0045281728,
2.8245,0.0009515759,
2.82475,-0.0029919415,
2.825,-0.0090574771,
2.82525,0.0006068011,
2.8255,0.0137267970,
2.82575,0.0058360789,
2.826,-0.0100219585,
2.82625,-0.0021322542,
2.8265,0.0083512589,
2.82675,0.0027508368,
2.827,-0.0039112517,
2.82725,0.0010464988,
2.8275,0.0116343563,
2.82775,0.0004458021,
2.828,-0.0075945905,
2.82825,0.0000516733,
2.8285,0.0033274917,
2.82875,0.0005134417,
2.829,-0.0015185581,
2.82925,-0.0013043766,
2.8295,-0.0002230886,
2.82975,-0.0012728462,
2.83,-0.0031617023,
2.83025,-0.0004944719,
2.8305,0.0013219607,
2.83075,0.0040049460,
2.831,0.0046267863,
2.83125,-0.0017159606,
2.8315,-0.0067590401,
2.83175,0.0007859106,
2.832,0.0017526344,
2.83225,-0.0049625174,
2.8325,-0.0091763837,
2.83275,-0.0003682715,
2.833,0.0050785574,
2.83325,-0.0065216725,
2.8335,-0.0077612116,
2.83375,-0.0017791165,
2.834,0.0076037012,
2.83425,-0.0031615393,
2.8345,-0.0130182272,
2.83475,0.0018434313,
2.835,0.0105128055,
2.83525,0.0003743048,
2.8355,-0.0065177656,
2.83575,0.0028372344,
2.836,0.0083661601,
2.83625,0.0000581605,
2.8365,-0.0017473066,
2.83675,0.0032703090,
2.837,0.0098637845,
2.83725,0.0023656208,
2.8375,-0.0044281823,
2.83775,0.0030734255,
2.838,0.0013290917,
2.83825,0.0065120393,
2.8385,0.0021071492,
2.83875,0.0002999082,
2.839,0.0054343301,
2.83925,0.0027774153,
2.8395,0.0049799257,
2.83975,0.0016106748,
2.84,0.0024397217,
2.84025,0.0128585482,
2.8405,0.0063975295,
2.84075,0.0027566650,
2.841,0.0023368984,
2.84125,0.0089132078,
2.8415,0.0092189237,
2.84175,0.0002938884,
2.842,-0.0015579542,
2.84225,0.0053712637,
2.8425,0.0115604280,
2.84275,-0.0036065930,
2.843,-0.0020073396,
2.84325,0.0092004696,
2.8435,0.0109527390,
2.84375,0.0024992218,
2.844,-0.0043662982,
2.84425,0.0063001094,
2.8445,0.0093370918,
2.84475,0.0051502408,
2.845,-0.0007656396,
2.84525,0.0065303105,
2.8455,0.0102660563,
2.84575,-0.0013039757,
2.846,0.0009420765,
2.84625,0.0032540201,
2.8465,0.0075937193,
2.84675,0.0076673059,
2.847,-0.0007708511,
2.84725,0.0011634466,
2.8475,0.0000197951,
2.84775,0.0029652691,
2.848,0.0039083119,
2.84825,-0.0029852593,
2.8485,0.0047905329,
2.84875,0.0065644095,
2.849,-0.0031217586,
2.84925,-0.0008814903,
2.8495,-0.0001583160,
2.84975,0.0068144961,
2.85,0.0065246755,
2.85025,-0.0032985797,
2.8505,-0.0003329359,
2.85075,0.0099347355,
2.851,0.0023694360,
2.85125,-0.0043832008,
2.8515,-0.0049879733,
2.85175,0.0047783167,
2.852,0.0074045593,
2.85225,-0.0041965274,
2.8525,-0.0064738197,
2.85275,0.0054748161,
2.853,0.0062505770,
2.85325,-0.0040525040,
2.8535,-0.0043356786,
2.85375,0.0036559117,
2.854,0.0018073561,
2.85425,-0.0029608516,
2.8545,-0.0079197949,
2.85475,-0.0040168623,
2.855,0.0023823120,
2.85525,-0.0043657119,
2.8555,0.0016495312,
2.85575,-0.0006276713,
2.856,0.0011194713,
2.85625,0.0062652919,
2.8565,0.0011451448,
2.85675,-0.0042339885,
2.857,0.0046593919,
2.85725,0.0080658766,
2.8575,-0.0010933897,
2.85775,-0.0053240126,
2.858,-0.0024633720,
2.85825,0.0101914033,
2.8585,0.0033981195,
2.85875,-0.0078961011,
2.859,-0.0002832045,
2.85925,0.0119153336,
2.8595,0.0013823690,
2.85975,-0.0096332645,
2.86,0.0082186153,
2.86025,0.0162856244,
2.8605,0.0059355167,
2.86075,-0.0036605040,
2.861,-0.0018255389,
2.86125,0.0035881926,
2.8615,0.0048743826,
2.86175,-0.0034529029,
2.862,0.0038039880,
2.86225,0.0109170983,
2.8625,-0.0042601922,
2.86275,-0.0037335979,
2.863,-0.0051633613,
2.86325,-0.0035529463,
2.8635,-0.0001092269,
2.86375,0.0016041844,
2.864,-0.0030825078,
2.86425,-0.0077944221,
2.8645,-0.0021646819,
2.86475,-0.0053105429,
2.865,-0.0025307382,
2.86525,-0.0070050680,
2.8655,-0.0034902396,
2.86575,0.0057185981,
2.866,-0.0109803956,
2.86625,-0.0089024212,
2.8665,0.0022979986,
2.86675,0.0019212457,
2.867,-0.0074057677,
2.86725,-0.0101661114,
2.8675,0.0015743978,
2.86775,0.0067374650,
2.868,-0.0121066915,
2.86825,-0.0143063981,
2.8685,0.0054513840,
2.86875,0.0028001971,
2.869,-0.0048256265,
2.86925,-0.0028311112,
2.8695,-0.0000150515,
2.86975,0.0063112932,
2.87,-0.0034895956,
2.87025,-0.0059930054,
2.8705,0.0051110368,
2.87075,0.0044401116,
2.871,0.0009369544,
2.87125,0.0026659304,
2.8715,-0.0000058390,
2.87175,0.0045184819,
2.872,0.0085149761,
2.87225,0.0015212027,
2.8725,-0.0020156447,
2.87275,0.0065895352,
2.873,0.0038096888,
2.87325,0.0045266482,
2.8735,0.0019006603,
2.87375,-0.0020146938,
2.874,0.0108286133,
2.87425,0.0023185087,
2.8745,-0.0030687097,
2.87475,0.0038656127,
2.875,0.0065620844,
2.87525,0.0061275698,
2.8755,-0.0033231115,
2.87575,-0.0051989867,
2.876,0.0104641272,
2.87625,0.0071022846,
2.8765,-0.0079806075,
2.87675,-0.0036567035,
2.877,0.0047388780,
2.87725,0.0020542303,
2.8775,-0.0060194987,
2.87775,-0.0067489687,
2.878,0.0029103514,
2.87825,0.0002512986,
2.8785,-0.0091271056,
2.87875,-0.0067792051,
2.879,0.0025520914,
2.87925,-0.0020067352,
2.8795,-0.0021501037,
2.87975,-0.0063516335,
2.88,-0.0078993626,
2.88025,-0.0035937382,
2.8805,-0.0060872776,
2.88075,-0.0042278087,
2.881,-0.0078641269,
2.88125,-0.0019691496,
2.8815,0.0017603387,
2.88175,-0.0042451257,
2.882,-0.0055692513,
2.88225,0.0005662050,
2.8825,0.0014424280,
2.88275,0.0016726253,
2.883,-0.0046654195,
2.88325,-0.0005033677,
2.8835,0.0043982496,
2.88375,0.0010235030,
2.884,-0.0047893128,
2.88425,0.0030489531,
2.8845,0.0110919774,
2.88475,0.0015367159,
2.885,-0.0036315685,
2.88525,0.0032384270,
2.8855,0.0073752482,
2.88575,0.0035511074,
2.886,-0.0041482430,
2.88625,0.0015554624,
2.8865,0.0047083716,
2.88675,0.0020794652,
2.887,-0.0048059635,
2.88725,0.0014292479,
2.8875,0.0090991855,
2.88775,0.0056678979,
2.888,0.0018091716,
2.88825,0.0001066049,
2.8885,-0.0020076330,
2.88875,-0.0004526053,
2.889,0.0039358293,
2.88925,-0.0027195669,
2.8895,0.0009525139,
2.88975,0.0060986453,
2.89,0.0014714211,
2.89025,-0.0015804206,
2.8905,0.0013854062,
2.89075,0.0058660200,
2.891,0.0083276900,
2.89125,-0.0021715967,
2.8915,-0.0081731239,
2.89175,0.0083257426,
2.892,0.0044848160,
2.89225,-0.0070107095,
2.8925,-0.0007406896,
2.89275,0.0045951242,
2.893,0.0099159079,
2.89325,-0.0028852918,
2.8935,-0.0032784559,
2.89375,0.0086650103,
2.894,0.0067275576,
2.89425,-0.0039610136,
2.8945,-0.0070698997,
2.89475,0.0043214057,
2.895,0.0016092798,
2.89525,-0.0016364480,
2.8955,-0.0028649513,
2.89575,0.0033484292,
2.896,0.0072570704,
2.89625,-0.0007361060,
2.8965,-0.0003349640,
2.89675,0.0009836840,
2.897,0.0015736131,
2.89725,0.0058403350,
2.8975,0.0056641405,
2.89775,-0.0017486239,
2.898,0.0038499110,
2.89825,0.0088925287,
2.8985,0.0023240715,
2.89875,0.0058790836,
2.899,0.0032027480,
2.89925,0.0085152611,
2.8995,0.0062149316,
2.89975,-0.0057291705,
2.9,0.0036697602,
2.90025,0.0095169535,
2.9005,0.0050773094,
2.90075,-0.0022284656,
2.901,-0.0002695355,
2.90125,0.0159627236,
2.9015,0.0043033031,
2.90175,-0.0014132325,
2.902,0.0079433322,
2.90225,0.0072916732,
2.9025,0.0068436116,
2.90275,-0.0038182698,
2.903,-0.0004760939,
2.90325,0.0084700920,
2.9035,0.0006521694,
2.90375,-0.0008349521,
2.904,0.0007292113,
2.90425,0.0044747088,
2.9045,0.0029702636,
2.90475,-0.0015985991,
2.905,-0.0030378976,
2.90525,-0.0018355285,
2.9055,-0.0007783025,
2.90575,-0.0026485554,
2.906,-0.0081391586,
2.90625,-0.0050004316,
2.9065,-0.0004519958,
2.90675,-0.0005332379,
2.907,-0.0043089511,
2.90725,-0.0041127899,
2.9075,0.0009327654,
2.90775,-0.0042165029,
2.908,-0.0031139655,
2.90825,-0.0089539476,
2.9085,0.0018209079,
2.90875,0.0037163044,
2.909,-0.0101514710,
2.90925,-0.0084218252,
2.9095,-0.0033010903,
2.90975,0.0038669643,
2.91,-0.0036982857,
2.91025,-0.0037395696,
2.9105,0.0026150891,
2.91075,0.0049174000,
2.911,0.0005704846,
2.91125,-0.0068098651,
2.9115,0.0068265237,
2.91175,0.0034595970,
2.912,0.0015896102,
2.91225,0.0013547443,
2.9125,-0.0011865519,
2.91275,0.0072779716,
2.913,0.0021040470,
2.91325,0.0011980750,
2.9135,-0.0007107096,
2.91375,0.0004618459,
2.914,0.0055153081,
2.91425,0.0019032038,
2.9145,0.0016086856,
2.91475,0.0018441819,
2.915,0.0070023299,
2.91525,0.0006309395,
2.9155,-0.0049283719,
2.91575,0.0018526254,
2.916,0.0028123881,
2.91625,0.0001805264,
2.9165,-0.0032213307,
2.91675,-0.0091597699,
2.917,0.0023655654,
2.91725,0.0015451473,
2.9175,-0.0092483927,
2.91775,-0.0028511670,
2.918,0.0003869713,
2.91825,-0.0001610917,
2.9185,-0.0065904865,
2.91875,-0.0097043030,
2.919,-0.0035403990,
2.91925,-0.0033751584,
2.9195,-0.0133608393,
2.91975,-0.0135259004,
2.92,-0.0035177381,
2.92025,-0.0050220089,
2.9205,-0.0088365888,
2.92075,-0.0103038587,
2.921,-0.0078629348,
2.92125,-0.0062383879,
2.9215,-0.0080755325,
2.92175,-0.0112620555,
2.922,-0.0095675131,
2.92225,-0.0036238898,
2.9225,-0.0065811956,
2.92275,-0.0061075790,
2.923,-0.0113153383,
2.92325,-0.0051688813,
2.9235,-0.0021302539,
2.92375,-0.0053540384,
2.924,-0.0046342886,
2.92425,-0.0001064469,
2.9245,0.0005215917,
2.92475,-0.0083609410,
2.925,-0.0132224662,
2.92525,-0.0050650775,
2.9255,0.0069207428,
2.92575,-0.0030204724,
2.926,-0.0127836838,
2.92625,-0.0018754555,
2.9265,0.0022926719,
2.92675,-0.0031247654,
2.927,-0.0025495095,
2.92725,0.0013766608,
2.9275,0.0077050151,
2.92775,0.0004983018,
2.928,-0.0085508702,
2.92825,-0.0008835896,
2.9285,0.0046246401,
2.92875,-0.0028803577,
2.929,-0.0029114103,
2.92925,-0.0003685997,
2.9295,-0.0022341150,
2.92975,-0.0017223563,
2.93,-0.0033217454,
2.93025,-0.0059471102,
2.9305,0.0004908223,
2.93075,0.0000970871,
2.931,0.0003444616,
2.93125,-0.0017403059,
2.9315,-0.0083726067,
2.93175,0.0041106446,
2.932,-0.0000431019,
2.93225,-0.0047192741,
2.9325,-0.0004584751,
2.93275,0.0023316762,
2.933,0.0042307638,
2.93325,-0.0061222143,
2.9335,-0.0048914468,
2.93375,0.0043906956,
2.934,0.0062160171,
2.93425,-0.0074800709,
2.9345,-0.0081908125,
2.93475,0.0021836893,
2.935,0.0062389430,
2.93525,-0.0047864718,
2.9355,-0.0050829360,
2.93575,0.0016904566,
2.936,-0.0007204456,
2.93625,-0.0015595742,
2.9365,-0.0082386546,
2.93675,-0.0011450074,
2.937,0.0088952454,
2.93725,-0.0064593740,
2.9375,-0.0041711992,
2.93775,0.0034822137,
2.938,-0.0024381874,
2.93825,0.0019114045,
2.9385,-0.0026218870,
2.93875,-0.0055412059,
2.939,0.0011495546,
2.93925,-0.0002874762,
2.9395,-0.0055794627,
2.93975,-0.0077588386,
2.94,0.0008584317,
2.94025,-0.0044459067,
2.9405,0.0022902249,
2.94075,-0.0060952315,
2.941,-0.0055122515,
2.94125,0.0086609079,
2.9415,-0.0044064019,
2.94175,-0.0037787613,
2.942,0.0018033449,
2.94225,0.0079687219,
2.9425,0.0021996663,
2.94275,-0.0073633692,
2.943,-0.0024616197,
2.94325,0.0070402119,
2.9435,0.0077736261,
2.94375,-0.0009667302,
2.944,0.0021269277,
2.94425,0.0095451381,
2.9445,0.0008329147,
2.94475,-0.0015612225,
2.945,0.0006118742,
2.94525,0.0043694749,
2.9455,0.0068431348,
2.94575,-0.0001742500,
2.946,-0.0011265699,
2.94625,0.0035606571,
2.9465,0.0040270323,
2.94675,0.0019798875,
2.947,0.0002148822,
2.94725,0.0027789220,
2.9475,0.0068799146,
2.94775,0.0026082718,
2.948,-0.0006242574,
2.94825,-0.0006123246,
2.9485,0.0005942720,
2.94875,0.0046159634,
2.949,-0.0014083198,
2.94925,-0.0029133344,
2.9495,0.0069643133,
2.94975,-0.0020133054,
2.95,0.0002963569,
2.95025,-0.0045333765,
2.9505,-0.0024713657,
2.95075,0.0102047026,
2.951,-0.0011935611,
2.95125,-0.0063542863,
2.9515,-0.0009672099,
2.95175,0.0073323394,
2.952,-0.0008111934,
2.95225,-0.0077445488,
2.9525,-0.0045347195,
2.95275,0.0053966879,
2.953,0.0028520452,
2.95325,-0.0081178006,
2.9535,0.0022783289,
2.95375,0.0022618531,
2.954,0.0023340846,
2.95425,-0.0028436380,
2.9545,-0.0024845223,
2.95475,0.0077395909,
2.955,0.0067990455,
2.95525,0.0000049445,
2.9555,0.0015476102,
2.95575,0.0017876854,
2.956,0.0015058455,
2.95625,0.0035984791,
2.9565,-0.0039138813,
2.95675,-0.0003539382,
2.957,0.0062727979,
2.95725,0.0011116122,
2.9575,-0.0017759994,
2.95775,-0.0030157752,
2.958,0.0014004625,
2.95825,0.0088720787,
2.9585,-0.0019308340,
2.95875,-0.0040425197,
2.959,0.0120013198,
2.95925,0.0079980604,
2.9595,-0.0031823711,
2.95975,-0.0049089026,
2.96,0.0047675669,
2.96025,0.0140185878,
2.9605,-0.0041715414,
2.96075,-0.0065223807,
2.961,0.0076822313,
2.96125,0.0048105991,
2.9615,-0.0015876319,
2.96175,-0.0019090563,
2.962,0.0034574114,
2.96225,0.0076604723,
2.9625,0.0001299626,
2.96275,0.0011818134,
2.963,0.0056351484,
2.96325,0.0028837703,
2.9635,0.0028980025,
2.96375,0.0057079084,
2.964,0.0015677285,
2.96425,0.0033976894,
2.9645,0.0099171512,
2.96475,0.0065173726,
2.965,0.0006908795,
2.96525,0.0027542324,
2.9655,0.0041389354,
2.96575,0.0038505089,
2.966,-0.0032127476,
2.96625,-0.0027653340,
2.9665,0.0141139245,
2.96675,0.0033410403,
2.967,-0.0084000165,
2.96725,0.0025144280,
2.9675,0.0029323418,
2.96775,0.0060873427,
2.968,-0.0046587596,
2.96825,-0.0111427335,
2.9685,0.0102844648,
2.96875,-0.0000548590,
2.969,-0.0164863113,
2.96925,-0.0045273774,
2.9695,-0.0041755750,
2.96975,-0.0040863222,
2.97,-0.0032567789,
2.97025,-0.0094002010,
2.9705,0.0018973898,
2.97075,0.0023112090,
2.971,-0.0084829088,
2.97125,-0.0106721930,
2.9715,-0.0011835594,
2.97175,-0.0043752985,
2.972,-0.0049781697,
2.97225,-0.0059712501,
2.9725,-0.0125472825,
2.97275,-0.0027327267,
2.973,0.0012061526,
2.97325,-0.0045848847,
2.9735,-0.0027910206,
2.97375,0.0022743305,
2.974,0.0033157771,
2.97425,0.0014149206,
2.9745,-0.0065975916,
2.97475,0.0024255423,
2.975,0.0069910809,
2.97525,0.0017688364,
2.9755,-0.0094691534,
2.97575,-0.0025358694,
2.976,0.0121441493,
2.97625,-0.0000415326,
2.9765,-0.0060113803,
2.97675,0.0015909474,
2.977,0.0066050799,
2.97725,0.0031084942,
2.9775,-0.0056079151,
2.97775,-0.0000422633,
2.978,0.0082939602,
2.97825,0.0056570680,
2.9785,-0.0072468328,
2.97875,-0.0034222794,
2.979,0.0072494783,
2.97925,0.0006565090,
2.9795,-0.0004180858,
2.97975,-0.0056760078,
2.98,-0.0016744464,
2.98025,0.0012489108,
2.9805,-0.0025386887,
2.98075,-0.0026242549,
2.981,-0.0042955549,
2.98125,0.0016365898,
2.9815,-0.0011019565,
2.98175,-0.0045906920,
2.982,-0.0024341322,
2.98225,-0.0001531864,
2.9825,0.0022385884,
2.98275,0.0013351458,
2.983,-0.0059087155,
2.98325,-0.0007617064,
2.9835,0.0048812665,
2.98375,-0.0033544356,
2.984,-0.0087370398,
2.98425,0.0007322680,
2.9845,0.0069112480,
2.98475,-0.0006493452,
2.985,-0.0067722104,
2.98525,-0.0022759447,
2.9855,0.0048507419,
2.98575,0.0004036996,
2.986,-0.0135690793,
2.98625,-0.0013355694,
2.9865,0.0075342185,
2.98675,-0.0033738129,
2.987,-0.0039956584,
2.98725,-0.0028418801,
2.9875,0.0032053725,
2.98775,0.0012334866,
2.988,-0.0087891510,
2.98825,-0.0093280440,
2.9885,-0.0002905614,
2.98875,-0.0023522661,
2.989,-0.0013555192,
2.98925,-0.0001886094,
2.9895,-0.0022945947,
2.98975,0.0042543253,
2.99,0.0009824549,
2.99025,-0.0041546603,
2.9905,0.0005436313,
2.99075,0.0064619905,
2.991,0.0014387919,
2.99125,-0.0036151945,
2.9915,-0.0117747094,
2.99175,0.0003907690,
2.992,0.0099888546,
2.99225,-0.0066528106,
2.9925,-0.0107905781,
2.99275,0.0079063242,
2.993,0.0064542429,
2.99325,-0.0048650475,
2.9935,-0.0006412741,
2.99375,0.0061278255,
2.994,0.0103428820,
2.99425,-0.0013260762,
2.9945,-0.0074476707,
2.99475,0.0096914191,
2.995,0.0090315649,
2.99525,0.0002383065,
2.9955,0.0012995137,
2.99575,0.0050266767,
2.996,0.0036123747,
2.99625,-0.0024079450,
2.9965,-0.0042132060,
2.99675,0.0001351355,
2.997,0.0010562255,
2.99725,0.0092475042,
2.9975,0.0065899040,
2.99775,-0.0032821647,
2.998,0.0060374718,
2.99825,0.0072540147,
2.9985,0.0074955076,
2.99875,0.0006501872,
2.999,0.0035941061,
2.99925,0.0158012174,
2.9995,0.0023163112,
2.99975,-0.0056382762,