Date,2020-11-25 14:17:54
Filename,STFMK-20201105-LW17-8125_20201125_141754_004.dat
Data Label,정상
Label_No,00
Motor Spec,L-EF-04, 1760,2.2, 4.7,
Period,3SEC
Sample Rate,4000
RMS,0.005704,
Data Length,12000,
0,0.0078606848,
0.00025,0.0037352918,
0.0005,0.0011978154,
0.00075,-0.0053688129,
0.001,0.0020127539,
0.00125,0.0078631379,
0.0015,0.0007670951,
0.00175,-0.0062952824,
0.002,0.0023093859,
0.00225,0.0060291444,
0.0025,0.0018611284,
0.00275,0.0065729097,
0.003,-0.0038415389,
0.00325,0.0023311989,
0.0035,0.0075597642,
0.00375,0.0017751754,
0.004,0.0009806021,
0.00425,0.0051026195,
0.0045,0.0048201582,
0.00475,0.0054542902,
0.005,-0.0006026610,
0.00525,0.0031189809,
0.0055,0.0147140631,
0.00575,0.0068783462,
0.006,0.0000093495,
0.00625,0.0049048178,
0.0065,0.0091773970,
0.00675,0.0113521274,
0.007,0.0030862303,
0.00725,-0.0005689546,
0.0075,0.0126969684,
0.00775,0.0124586150,
0.008,-0.0010242611,
0.00825,0.0008355561,
0.0085,0.0047356938,
0.00875,0.0079633873,
0.009,0.0035480943,
0.00925,-0.0066148620,
0.0095,0.0027344341,
0.00975,0.0099000903,
0.01,0.0007482711,
0.01025,-0.0026061810,
0.0105,0.0048952429,
0.01075,0.0069803922,
0.011,0.0014040417,
0.01125,-0.0051262793,
0.0115,-0.0025373879,
0.01175,0.0002798737,
0.012,0.0033224931,
0.01225,-0.0006662553,
0.0125,-0.0042659151,
0.01275,0.0038024865,
0.013,-0.0032511677,
0.01325,0.0012353348,
0.0135,-0.0032615128,
0.01375,-0.0035770515,
0.014,0.0078754304,
0.01425,-0.0003702701,
0.0145,-0.0071438653,
0.01475,-0.0060893744,
0.015,0.0108660748,
0.01525,0.0034961037,
0.0155,-0.0092256544,
0.01575,-0.0003085467,
0.016,0.0119931446,
0.01625,0.0037501417,
0.0165,-0.0133329723,
0.01675,0.0001189518,
0.017,0.0096991174,
0.01725,0.0033495098,
0.0175,-0.0007294483,
0.01775,0.0006479944,
0.018,0.0111642536,
0.01825,0.0033350624,
0.0185,-0.0057341945,
0.01875,0.0060877036,
0.019,0.0062346067,
0.01925,0.0004009177,
0.0195,0.0046178489,
0.01975,0.0013929234,
0.02,-0.0033233569,
0.02025,0.0021273575,
0.0205,0.0041020773,
0.02075,-0.0014583117,
0.021,-0.0009539152,
0.02125,0.0019097846,
0.0215,0.0081834123,
0.02175,0.0034774472,
0.022,-0.0078916047,
0.02225,0.0061869407,
0.0225,0.0068465807,
0.02275,-0.0039875340,
0.023,-0.0060255956,
0.02325,0.0067823664,
0.0235,0.0072497996,
0.02375,-0.0080575710,
0.024,-0.0102990884,
0.02425,-0.0001338383,
0.0245,0.0084808562,
0.02475,-0.0072222441,
0.025,-0.0076565873,
0.02525,0.0019101909,
0.0255,0.0005341860,
0.02575,-0.0056669884,
0.026,-0.0101114539,
0.02625,-0.0020417133,
0.0265,0.0014688992,
0.02675,-0.0027492698,
0.027,-0.0066349776,
0.02725,-0.0036870684,
0.0275,-0.0022563180,
0.02775,-0.0039166682,
0.028,-0.0074784392,
0.02825,-0.0079502482,
0.0285,-0.0049674786,
0.02875,-0.0013704218,
0.029,-0.0039573074,
0.02925,-0.0085293325,
0.0295,-0.0028658388,
0.02975,-0.0014095694,
0.03,-0.0029382410,
0.03025,-0.0017961579,
0.0305,-0.0001488285,
0.03075,0.0059817955,
0.031,0.0036256888,
0.03125,-0.0075903218,
0.0315,-0.0014614563,
0.03175,0.0092252269,
0.032,0.0019276921,
0.03225,-0.0080017531,
0.0325,-0.0052933246,
0.03275,0.0041464167,
0.033,0.0021525696,
0.03325,-0.0042693606,
0.0335,-0.0044993223,
0.03375,0.0064642597,
0.034,0.0018658822,
0.03425,-0.0086326841,
0.0345,-0.0004041621,
0.03475,0.0030683195,
0.035,0.0049793273,
0.03525,-0.0019835802,
0.0355,-0.0058907433,
0.03575,0.0012344553,
0.036,-0.0021189030,
0.03625,-0.0029688771,
0.0365,-0.0042403005,
0.03675,-0.0062473565,
0.037,0.0018009088,
0.03725,0.0011958007,
0.0375,-0.0033873776,
0.03775,-0.0009377402,
0.038,-0.0019615444,
0.03825,-0.0005358437,
0.0385,-0.0002799254,
0.03875,-0.0044165961,
0.039,0.0001973629,
0.03925,0.0045124120,
0.0395,-0.0056792144,
0.03975,-0.0100119328,
0.04,-0.0017462326,
0.04025,0.0016462984,
0.0405,-0.0015664257,
0.04075,-0.0062608556,
0.041,-0.0011022100,
0.04125,0.0024299594,
0.0415,-0.0052107382,
0.04175,-0.0122116841,
0.042,-0.0012216028,
0.04225,0.0008559151,
0.0425,-0.0040481701,
0.04275,-0.0048876880,
0.043,-0.0075788414,
0.04325,-0.0000040070,
0.0435,0.0011676063,
0.04375,-0.0067886813,
0.044,-0.0006766399,
0.04425,-0.0001567966,
0.0445,-0.0047365758,
0.04475,-0.0046931957,
0.045,-0.0084741339,
0.04525,-0.0049621323,
0.0455,0.0007832602,
0.04575,-0.0033762781,
0.046,-0.0040911939,
0.04625,-0.0020482994,
0.0465,-0.0000623932,
0.04675,0.0032784208,
0.047,-0.0066312188,
0.04725,-0.0016235739,
0.0475,0.0015346813,
0.04775,0.0030077649,
0.048,-0.0064655319,
0.04825,-0.0086587016,
0.0485,0.0079950886,
0.04875,0.0105148628,
0.049,-0.0081834840,
0.04925,-0.0010759226,
0.0495,0.0114779873,
0.04975,0.0005529632,
0.05,-0.0029913334,
0.05025,-0.0035254753,
0.0505,0.0058880998,
0.05075,0.0080988705,
0.051,-0.0088820523,
0.05125,0.0017996111,
0.0515,0.0111246565,
0.05175,-0.0018530845,
0.052,0.0004826732,
0.05225,0.0069293105,
0.0525,0.0000365512,
0.05275,0.0007184363,
0.053,0.0030325351,
0.05325,-0.0042198272,
0.0535,-0.0020957785,
0.05375,0.0002810523,
0.054,0.0054402342,
0.05425,0.0060526123,
0.0545,-0.0054274830,
0.05475,-0.0008162186,
0.055,0.0076272856,
0.05525,-0.0037905762,
0.0555,-0.0097199827,
0.05575,0.0012340344,
0.056,0.0047230977,
0.05625,-0.0040292321,
0.0565,-0.0097495066,
0.05675,-0.0002597186,
0.057,0.0082417103,
0.05725,-0.0045474079,
0.0575,-0.0092059700,
0.05775,0.0034561465,
0.058,0.0043371897,
0.05825,-0.0024417825,
0.0585,-0.0097557632,
0.05875,-0.0007843249,
0.059,0.0008812787,
0.05925,-0.0045326473,
0.0595,-0.0024279072,
0.05975,0.0023994967,
0.06,0.0044844467,
0.06025,0.0023376502,
0.0605,-0.0017896092,
0.06075,-0.0034007290,
0.061,0.0042066807,
0.06125,0.0023808684,
0.0615,0.0030179042,
0.06175,0.0015728526,
0.062,-0.0060607428,
0.06225,0.0061097480,
0.0625,0.0056541851,
0.06275,-0.0030779452,
0.063,0.0049745641,
0.06325,0.0072050719,
0.0635,0.0063302591,
0.06375,0.0026885185,
0.064,0.0015933202,
0.06425,0.0078309653,
0.0645,0.0111402059,
0.06475,-0.0011165476,
0.065,-0.0006776286,
0.06525,0.0119139422,
0.0655,0.0045686006,
0.06575,-0.0026650177,
0.066,-0.0028445851,
0.06625,0.0042243646,
0.0665,0.0065675015,
0.06675,-0.0056019914,
0.067,-0.0030827953,
0.06725,0.0042131548,
0.0675,0.0025539191,
0.06775,-0.0013825221,
0.068,-0.0061607519,
0.06825,0.0065468303,
0.0685,0.0029818760,
0.06875,-0.0055621369,
0.069,-0.0025742678,
0.06925,-0.0032265354,
0.0695,-0.0036165447,
0.06975,-0.0002877979,
0.07,-0.0033459740,
0.07025,-0.0061664353,
0.0705,-0.0017767916,
0.07075,-0.0028804401,
0.071,-0.0035647771,
0.07125,0.0016867894,
0.0715,-0.0023666879,
0.07175,0.0013245516,
0.072,0.0018226128,
0.07225,-0.0133573394,
0.0725,-0.0030757790,
0.07275,0.0057355529,
0.073,-0.0004882035,
0.07325,-0.0025083008,
0.0735,-0.0031067699,
0.07375,0.0060849255,
0.074,0.0032325208,
0.07425,-0.0080078617,
0.0745,0.0004883690,
0.07475,0.0055498350,
0.075,0.0001496773,
0.07525,-0.0057824655,
0.0755,-0.0063285744,
0.07575,-0.0002796291,
0.076,-0.0019343612,
0.07625,-0.0047984486,
0.0765,-0.0014565751,
0.07675,0.0044972072,
0.077,0.0023775329,
0.07725,-0.0030411689,
0.0775,-0.0039636595,
0.07775,-0.0018931122,
0.078,0.0001398115,
0.07825,0.0034297127,
0.0785,-0.0041938964,
0.07875,-0.0040242462,
0.079,-0.0015822203,
0.07925,-0.0014135975,
0.0795,-0.0026107754,
0.07975,-0.0020414155,
0.08,0.0007945396,
0.08025,0.0055803782,
0.0805,-0.0025505850,
0.08075,-0.0099219941,
0.081,-0.0054161912,
0.08125,0.0011599314,
0.0815,-0.0024349901,
0.08175,-0.0144495303,
0.082,-0.0028194040,
0.08225,0.0050798617,
0.0825,-0.0059555881,
0.08275,-0.0089259660,
0.083,-0.0069824234,
0.08325,0.0049101068,
0.0835,-0.0058488492,
0.08375,-0.0127777727,
0.084,-0.0017632393,
0.08425,-0.0008826287,
0.0845,-0.0049935416,
0.08475,-0.0087745162,
0.085,-0.0038003989,
0.08525,0.0004510307,
0.0855,-0.0058083991,
0.08575,-0.0095839277,
0.086,-0.0057315738,
0.08625,-0.0056966273,
0.0865,-0.0034067188,
0.08675,0.0017326005,
0.087,-0.0066992710,
0.08725,-0.0066186464,
0.0875,0.0004516571,
0.08775,-0.0011808329,
0.088,-0.0062690699,
0.08825,-0.0010355292,
0.0885,-0.0007152559,
0.08875,0.0028787279,
0.089,-0.0069186417,
0.08925,-0.0112191876,
0.0895,0.0062646465,
0.08975,0.0083770901,
0.09,-0.0079206992,
0.09025,-0.0082489327,
0.0905,0.0051558036,
0.09075,0.0020309137,
0.091,-0.0031058136,
0.09125,-0.0038760789,
0.0915,0.0012030619,
0.09175,0.0076751681,
0.092,-0.0053575705,
0.09225,-0.0073055015,
0.0925,0.0079568494,
0.09275,0.0032678824,
0.093,-0.0033817044,
0.09325,0.0009971374,
0.0935,-0.0030677374,
0.09375,0.0033197671,
0.094,0.0025214537,
0.09425,-0.0049782302,
0.0945,0.0014835927,
0.09475,-0.0001059162,
0.095,-0.0000781080,
0.09525,0.0011632278,
0.0955,-0.0087315040,
0.09575,-0.0039753499,
0.096,0.0092125339,
0.09625,-0.0015919394,
0.0965,-0.0066890083,
0.09675,-0.0003929987,
0.097,-0.0026370327,
0.09725,-0.0010180085,
0.0975,-0.0090875896,
0.09775,-0.0055129612,
0.098,0.0095870122,
0.09825,0.0036943806,
0.0985,-0.0114038764,
0.09875,-0.0078245373,
0.099,0.0046735383,
0.09925,0.0039914884,
0.0995,0.0038010322,
0.09975,-0.0028684488,
0.1,0.0030612506,
0.10025,0.0045777257,
0.1005,-0.0097860061,
0.10075,-0.0032821246,
0.101,0.0046293712,
0.10125,0.0084369071,
0.1015,0.0001011066,
0.10175,-0.0020680530,
0.102,-0.0001869594,
0.10225,0.0026863834,
0.1025,0.0022450914,
0.10275,-0.0044889515,
0.103,0.0001461929,
0.10325,0.0010465209,
0.1035,-0.0012218206,
0.10375,-0.0032129001,
0.104,-0.0040810062,
0.10425,0.0030746916,
0.1045,0.0078046946,
0.10475,0.0032084980,
0.105,-0.0038308997,
0.10525,0.0008619702,
0.1055,0.0049638394,
0.10575,0.0003689585,
0.106,-0.0027625242,
0.10625,-0.0002954947,
0.1065,0.0086621176,
0.10675,0.0045307204,
0.107,-0.0081493631,
0.10725,-0.0014193401,
0.1075,0.0087569263,
0.10775,0.0042834873,
0.108,-0.0001359625,
0.10825,-0.0054617715,
0.1085,0.0036657832,
0.10875,0.0060260245,
0.109,-0.0061115930,
0.10925,-0.0045993268,
0.1095,0.0053308886,
0.10975,0.0044487994,
0.11,-0.0037515874,
0.11025,-0.0031709485,
0.1105,-0.0016049690,
0.11075,0.0056229876,
0.111,-0.0012092812,
0.11125,-0.0030727850,
0.1115,0.0053173918,
0.11175,0.0007625297,
0.112,0.0012715451,
0.11225,-0.0032393613,
0.1125,-0.0057129334,
0.11275,0.0013248624,
0.113,0.0027766512,
0.11325,-0.0003667996,
0.1135,-0.0029239794,
0.11375,-0.0000109919,
0.114,0.0058443854,
0.11425,0.0056785368,
0.1145,-0.0066003557,
0.11475,0.0029528022,
0.115,0.0138683701,
0.11525,0.0077286623,
0.1155,-0.0055118036,
0.11575,-0.0029657001,
0.116,0.0168503858,
0.11625,0.0053434409,
0.1165,-0.0062914076,
0.11675,0.0052992669,
0.117,0.0117475521,
0.11725,0.0109964665,
0.1175,-0.0020091650,
0.11775,0.0017396130,
0.118,0.0128192930,
0.11825,0.0085028550,
0.1185,0.0012429053,
0.11875,0.0096947998,
0.119,0.0070514944,
0.11925,0.0079986444,
0.1195,0.0080410289,
0.11975,0.0013739179,
0.12,0.0021216339,
0.12025,0.0048102699,
0.1205,0.0104349460,
0.12075,0.0022291052,
0.121,0.0006159322,
0.12125,0.0060367929,
0.1215,0.0085009309,
0.12175,0.0018905879,
0.122,-0.0066025546,
0.12225,0.0059349751,
0.1225,0.0103837447,
0.12275,-0.0010649005,
0.123,-0.0078497157,
0.12325,0.0021167516,
0.1235,0.0100655332,
0.12375,-0.0050473376,
0.124,-0.0165310856,
0.12425,0.0007497250,
0.1245,0.0103169316,
0.12475,-0.0040827896,
0.125,-0.0085965525,
0.12525,-0.0030536875,
0.1255,0.0040139267,
0.12575,-0.0021037171,
0.126,-0.0139945112,
0.12625,0.0014509341,
0.1265,0.0066726306,
0.12675,-0.0046857777,
0.127,-0.0020740386,
0.12725,-0.0036595250,
0.1275,-0.0024642472,
0.12775,0.0066003688,
0.128,-0.0008561227,
0.12825,0.0014579194,
0.1285,0.0019286438,
0.12875,-0.0001993271,
0.129,0.0059848754,
0.12925,-0.0031884396,
0.1295,0.0002734736,
0.12975,0.0087786457,
0.13,0.0086125191,
0.13025,0.0015700498,
0.1305,0.0023365845,
0.13075,0.0144189522,
0.131,0.0074971896,
0.13125,-0.0002608735,
0.1315,-0.0044175461,
0.13175,0.0092825163,
0.132,0.0158319119,
0.13225,-0.0013030494,
0.1325,-0.0051991125,
0.13275,0.0122825131,
0.133,0.0071952278,
0.13325,0.0014417493,
0.1335,-0.0038722579,
0.13375,0.0027887106,
0.134,0.0091082919,
0.13425,-0.0020472202,
0.1345,-0.0056779198,
0.13475,0.0022128627,
0.135,0.0057010576,
0.13525,0.0006126811,
0.1355,-0.0039949776,
0.13575,-0.0023070821,
0.136,-0.0013051308,
0.13625,0.0020112381,
0.1365,-0.0024821623,
0.13675,-0.0078396769,
0.137,-0.0023351824,
0.13725,-0.0006354662,
0.1375,-0.0006487317,
0.13775,-0.0084876725,
0.138,-0.0036723507,
0.13825,0.0050840997,
0.1385,-0.0009612484,
0.13875,-0.0083269691,
0.139,-0.0033532795,
0.13925,0.0022955732,
0.1395,0.0034464905,
0.13975,-0.0038608338,
0.14,-0.0071544596,
0.14025,0.0103121391,
0.1405,0.0048797200,
0.14075,-0.0075348932,
0.141,-0.0041744974,
0.14125,0.0052240891,
0.1415,0.0048753102,
0.14175,-0.0018424372,
0.142,-0.0041990331,
0.14225,0.0045798565,
0.1425,0.0094953002,
0.14275,-0.0010579999,
0.143,-0.0061090286,
0.14325,0.0038381827,
0.1435,0.0044087623,
0.14375,-0.0014474198,
0.144,-0.0042695221,
0.14425,0.0018608391,
0.1445,0.0008746515,
0.14475,0.0020619626,
0.145,-0.0022252128,
0.14525,-0.0060430821,
0.1455,0.0045888545,
0.14575,0.0035310294,
0.146,0.0013712561,
0.14625,0.0004609604,
0.1465,-0.0025717143,
0.14675,-0.0013942573,
0.147,0.0012530270,
0.14725,-0.0083586220,
0.1475,-0.0041132849,
0.14775,0.0115587646,
0.148,-0.0009618398,
0.14825,-0.0104411514,
0.1485,-0.0027563651,
0.14875,0.0061359936,
0.149,-0.0005882767,
0.14925,-0.0073912004,
0.1495,-0.0026859075,
0.14975,0.0087487549,
0.15,0.0003800835,
0.15025,-0.0150618516,
0.1505,-0.0052025346,
0.15075,0.0029051842,
0.151,0.0005769358,
0.15125,-0.0047569266,
0.1515,-0.0019486964,
0.15175,0.0035472799,
0.152,-0.0045102318,
0.15225,-0.0008461344,
0.1525,-0.0061622187,
0.15275,0.0014000462,
0.153,0.0020553970,
0.15325,0.0019043107,
0.1535,0.0021420184,
0.15375,-0.0067910375,
0.154,0.0039604264,
0.15425,0.0085296612,
0.1545,-0.0014507719,
0.15475,-0.0022878558,
0.155,0.0065597119,
0.15525,0.0082084872,
0.1555,-0.0031202012,
0.15575,-0.0044574421,
0.156,0.0082694627,
0.15625,0.0124236383,
0.1565,0.0013987892,
0.15675,-0.0059370371,
0.157,0.0083842184,
0.15725,0.0146442764,
0.1575,-0.0058024931,
0.15775,0.0002486814,
0.158,0.0117348144,
0.15825,0.0063323299,
0.1585,0.0027108330,
0.15875,-0.0064425748,
0.159,0.0022927553,
0.15925,0.0078398017,
0.1595,-0.0001344750,
0.15975,-0.0038261281,
0.16,0.0051705190,
0.16025,0.0043419539,
0.1605,-0.0049381056,
0.16075,0.0016243315,
0.161,-0.0067336867,
0.16125,0.0000647268,
0.1615,0.0069632805,
0.16175,-0.0029199931,
0.162,-0.0017925666,
0.16225,-0.0017491928,
0.1625,0.0038028802,
0.16275,0.0062337308,
0.163,0.0005089566,
0.16325,0.0009972636,
0.1635,0.0067342622,
0.16375,0.0038066120,
0.164,-0.0097528882,
0.16425,-0.0034306189,
0.1645,0.0053578047,
0.16475,0.0033168732,
0.165,-0.0051608253,
0.16525,-0.0067625698,
0.1655,0.0108700618,
0.16575,0.0031557388,
0.166,-0.0060141822,
0.16625,0.0021304588,
0.1665,0.0059172674,
0.16675,0.0066698673,
0.167,-0.0063414769,
0.16725,-0.0025045038,
0.1675,0.0092772506,
0.16775,0.0062793284,
0.168,0.0014835545,
0.16825,0.0061944034,
0.1685,0.0082928818,
0.16875,0.0057835318,
0.169,0.0047573312,
0.16925,0.0002540112,
0.1695,0.0030717333,
0.16975,0.0045834291,
0.17,0.0036090496,
0.17025,0.0009634038,
0.1705,-0.0027724763,
0.17075,0.0025212069,
0.171,0.0053871358,
0.17125,-0.0002177105,
0.1715,0.0029875194,
0.17175,0.0044557182,
0.172,0.0055103609,
0.17225,0.0061290115,
0.1725,-0.0039027249,
0.17275,0.0084417835,
0.173,0.0148491468,
0.17325,0.0006187817,
0.1735,0.0001504176,
0.17375,0.0012870565,
0.174,0.0050628656,
0.17425,0.0008572105,
0.1745,-0.0030729289,
0.17475,0.0015030222,
0.175,0.0059029185,
0.17525,0.0006833121,
0.1755,-0.0088087823,
0.17575,0.0018524866,
0.176,-0.0016607444,
0.17625,0.0052213804,
0.1765,0.0033852654,
0.17675,-0.0049525802,
0.177,0.0084747206,
0.17725,0.0012439890,
0.1775,-0.0059517822,
0.17775,0.0010507981,
0.178,-0.0004711062,
0.17825,0.0065041152,
0.1785,0.0012418095,
0.17875,-0.0095625762,
0.179,-0.0030899500,
0.17925,0.0036976950,
0.1795,-0.0048849597,
0.17975,-0.0005822607,
0.18,0.0032270318,
0.18025,-0.0030271828,
0.1805,0.0028332924,
0.18075,-0.0070105456,
0.181,-0.0088523906,
0.18125,0.0039430158,
0.1815,0.0035859400,
0.18175,-0.0023255828,
0.182,-0.0049463804,
0.18225,0.0018221849,
0.1825,0.0064831157,
0.18275,-0.0013666854,
0.183,-0.0087608229,
0.18325,0.0043186317,
0.1835,0.0029632079,
0.18375,-0.0076406072,
0.184,-0.0100501729,
0.18425,-0.0012261256,
0.1845,0.0051422464,
0.18475,-0.0058016093,
0.185,-0.0026912144,
0.18525,0.0049481723,
0.1855,0.0013661914,
0.18575,-0.0003712467,
0.186,-0.0007960363,
0.18625,-0.0021110564,
0.1865,-0.0017003400,
0.18675,0.0019286009,
0.187,-0.0037483526,
0.18725,-0.0025854912,
0.1875,-0.0034715189,
0.18775,0.0015748611,
0.188,0.0056345412,
0.18825,-0.0036120382,
0.1885,0.0036853240,
0.18875,0.0090650646,
0.189,-0.0006214636,
0.18925,-0.0076689301,
0.1895,-0.0025294137,
0.18975,0.0062744576,
0.19,-0.0027632327,
0.19025,-0.0122004878,
0.1905,-0.0045688152,
0.19075,0.0047440026,
0.191,-0.0046050390,
0.19125,-0.0074715023,
0.1915,-0.0014988675,
0.19175,0.0039242250,
0.192,0.0002806537,
0.19225,-0.0107533624,
0.1925,-0.0073017878,
0.19275,-0.0033553375,
0.193,-0.0101567796,
0.19325,-0.0086017158,
0.1935,-0.0064078649,
0.19375,-0.0040089730,
0.194,-0.0039335582,
0.19425,-0.0103635257,
0.1945,-0.0144502847,
0.19475,-0.0080831833,
0.195,-0.0085564414,
0.19525,-0.0055387663,
0.1955,-0.0074759759,
0.19575,-0.0133361565,
0.196,-0.0000695633,
0.19625,-0.0056709740,
0.1965,-0.0111760255,
0.19675,-0.0047448426,
0.197,-0.0047933017,
0.19725,0.0006707649,
0.1975,-0.0095467120,
0.19775,-0.0115262857,
0.198,-0.0003589183,
0.19825,0.0037857895,
0.1985,-0.0064855423,
0.19875,-0.0099199358,
0.199,0.0033425898,
0.19925,0.0008326792,
0.1995,-0.0053755315,
0.19975,-0.0061587594,
0.2,0.0019332381,
0.20025,0.0066779470,
0.2005,-0.0023764521,
0.20075,-0.0072987000,
0.201,0.0012359238,
0.20125,0.0018911522,
0.2015,-0.0054039992,
0.20175,-0.0035560275,
0.202,-0.0017228887,
0.20225,-0.0024757020,
0.2025,-0.0023452719,
0.20275,-0.0043409113,
0.203,-0.0047488734,
0.20325,-0.0042332187,
0.2035,-0.0016043679,
0.20375,-0.0064115170,
0.204,-0.0081562828,
0.20425,-0.0033636279,
0.2045,-0.0034426250,
0.20475,-0.0030885369,
0.205,-0.0074208174,
0.20525,-0.0059290295,
0.2055,-0.0021129847,
0.20575,-0.0068314644,
0.206,-0.0099780215,
0.20625,-0.0061402339,
0.2065,-0.0000588346,
0.20675,-0.0023024727,
0.207,-0.0116517106,
0.20725,-0.0091211097,
0.2075,-0.0007794139,
0.20775,-0.0004445531,
0.208,-0.0045686797,
0.20825,-0.0043963995,
0.2085,-0.0031747180,
0.20875,-0.0011673648,
0.209,-0.0083530312,
0.20925,-0.0083923535,
0.2095,0.0041524046,
0.20975,0.0030904226,
0.21,-0.0039608991,
0.21025,-0.0048799347,
0.2105,-0.0000975987,
0.21075,0.0017387513,
0.211,-0.0015589078,
0.21125,-0.0023039074,
0.2115,-0.0015494907,
0.21175,0.0025515563,
0.212,-0.0004746600,
0.21225,-0.0029679136,
0.2125,0.0023552300,
0.21275,0.0001876602,
0.213,0.0013276096,
0.21325,0.0008478370,
0.2135,-0.0018525833,
0.21375,0.0035597170,
0.214,0.0046290467,
0.21425,-0.0009323168,
0.2145,-0.0019020103,
0.21475,-0.0036590341,
0.215,0.0105124200,
0.21525,0.0022231441,
0.2155,-0.0051589925,
0.21575,0.0032616542,
0.216,0.0092216497,
0.21625,0.0046685566,
0.2165,-0.0080798063,
0.21675,-0.0011255093,
0.217,0.0075084739,
0.21725,0.0024918339,
0.2175,-0.0047728815,
0.21775,-0.0015824497,
0.218,0.0061464771,
0.21825,0.0002385499,
0.2185,-0.0071557658,
0.21875,-0.0000990674,
0.219,0.0035350239,
0.21925,-0.0008479049,
0.2195,0.0004870764,
0.21975,0.0002712841,
0.22,-0.0018116806,
0.22025,0.0023771499,
0.2205,0.0023938806,
0.22075,-0.0046442803,
0.221,-0.0055852165,
0.22125,-0.0009565983,
0.2215,0.0013821074,
0.22175,-0.0012576834,
0.222,-0.0044202525,
0.22225,0.0042610993,
0.2225,0.0092097502,
0.22275,-0.0057488130,
0.223,-0.0056651160,
0.22325,0.0078068557,
0.2235,0.0086098919,
0.22375,-0.0029622228,
0.224,-0.0052263942,
0.22425,0.0039674616,
0.2245,0.0076139867,
0.22475,-0.0005067966,
0.225,-0.0040154341,
0.22525,0.0055357264,
0.2255,0.0082719307,
0.22575,0.0011525690,
0.226,-0.0005573672,
0.22625,0.0020374379,
0.2265,0.0062982640,
0.22675,0.0011807058,
0.227,-0.0042554904,
0.22725,0.0034444293,
0.2275,0.0039282301,
0.22775,0.0026367374,
0.228,0.0008704459,
0.22825,-0.0027420293,
0.2285,0.0043725818,
0.22875,0.0041612140,
0.229,-0.0006695391,
0.22925,0.0021593880,
0.2295,0.0035694842,
0.22975,0.0039001363,
0.23,0.0074908566,
0.23025,-0.0001243772,
0.2305,0.0000595640,
0.23075,0.0096412133,
0.231,0.0042304471,
0.23125,-0.0022536262,
0.2315,-0.0005430335,
0.23175,0.0064689247,
0.232,0.0092043690,
0.23225,-0.0077504641,
0.2325,-0.0075947954,
0.23275,0.0133703081,
0.233,0.0079235537,
0.23325,-0.0037428136,
0.2335,0.0006114219,
0.23375,0.0037585592,
0.234,0.0031232340,
0.23425,-0.0041106599,
0.2345,-0.0064524175,
0.23475,0.0071701529,
0.235,0.0072480105,
0.23525,-0.0026657148,
0.2355,0.0038295470,
0.23575,0.0004578696,
0.236,0.0009480956,
0.23625,0.0043289294,
0.2365,-0.0008534637,
0.23675,-0.0005403430,
0.237,0.0028585480,
0.23725,0.0047184997,
0.2375,-0.0018808094,
0.23775,-0.0045840191,
0.238,0.0031680556,
0.23825,0.0086848270,
0.2385,0.0046390044,
0.23875,-0.0025859498,
0.239,0.0010429564,
0.23925,0.0050740992,
0.2395,0.0025355627,
0.23975,-0.0084051937,
0.24,-0.0008085975,
0.24025,0.0114635574,
0.2405,0.0029791228,
0.24075,-0.0042779376,
0.241,-0.0045647915,
0.24125,0.0048126769,
0.2415,0.0056096003,
0.24175,-0.0068094116,
0.242,-0.0079937018,
0.24225,0.0031545055,
0.2425,0.0011310736,
0.24275,-0.0109190820,
0.243,-0.0040922621,
0.24325,0.0008751448,
0.2435,0.0026412481,
0.24375,-0.0002257662,
0.244,-0.0090397513,
0.24425,-0.0016311789,
0.2445,0.0033571569,
0.24475,-0.0055709197,
0.245,-0.0023704446,
0.24525,-0.0026645451,
0.2455,-0.0015223481,
0.24575,0.0006560254,
0.246,-0.0043005431,
0.24625,-0.0031682169,
0.2465,0.0012527714,
0.24675,-0.0019981901,
0.247,-0.0038662518,
0.24725,-0.0092362519,
0.2475,-0.0088969115,
0.24775,0.0017706836,
0.248,-0.0016198751,
0.24825,-0.0113067729,
0.2485,-0.0025174222,
0.24875,0.0059862966,
0.249,-0.0002058322,
0.24925,-0.0075760111,
0.2495,-0.0070935027,
0.24975,0.0091189593,
0.25,-0.0022250952,
0.25025,-0.0146589512,
0.2505,-0.0063592987,
0.25075,0.0059595541,
0.251,-0.0014212064,
0.25125,-0.0082517480,
0.2515,-0.0048320666,
0.25175,0.0033691872,
0.252,0.0036574204,
0.25225,-0.0048377030,
0.2525,-0.0047077639,
0.25275,0.0005462224,
0.253,-0.0013128323,
0.25325,0.0024144144,
0.2535,0.0023880606,
0.25375,-0.0036923760,
0.254,0.0018647497,
0.25425,0.0073873140,
0.2545,-0.0012925098,
0.25475,-0.0022871401,
0.255,0.0055580814,
0.25525,0.0068563665,
0.2555,0.0015050458,
0.25575,-0.0066200313,
0.256,0.0037296116,
0.25625,0.0141728213,
0.2565,0.0010401693,
0.25675,-0.0093785850,
0.257,0.0053369324,
0.25725,0.0122065758,
0.2575,-0.0017338709,
0.25775,-0.0069414615,
0.258,0.0079573048,
0.25825,0.0075979442,
0.2585,-0.0007932137,
0.25875,-0.0079762703,
0.259,-0.0043664924,
0.25925,0.0087153139,
0.2595,-0.0033216090,
0.25975,-0.0056765932,
0.26,0.0000971567,
0.26025,0.0013636547,
0.2605,0.0010394051,
0.26075,-0.0103786606,
0.261,-0.0084821302,
0.26125,-0.0036439039,
0.2615,-0.0005555981,
0.26175,0.0029563482,
0.262,-0.0088380016,
0.26225,-0.0024017303,
0.2625,-0.0029650549,
0.26275,-0.0046241730,
0.263,-0.0053402265,
0.26325,-0.0035102228,
0.2635,0.0040098145,
0.26375,0.0035269558,
0.264,-0.0044738301,
0.26425,-0.0109489718,
0.2645,0.0003808596,
0.26475,0.0078478586,
0.265,-0.0023213401,
0.26525,-0.0052650766,
0.2655,0.0064708125,
0.26575,0.0113629447,
0.266,0.0011771639,
0.26625,-0.0052509466,
0.2665,0.0064358423,
0.26675,0.0128097590,
0.267,0.0021018642,
0.26725,-0.0047613438,
0.2675,0.0043968898,
0.26775,0.0096356133,
0.268,0.0000687717,
0.26825,-0.0033399677,
0.2685,0.0069202133,
0.26875,0.0077243154,
0.269,0.0033157375,
0.26925,0.0028483451,
0.2695,-0.0010019722,
0.26975,0.0060227443,
0.27,0.0106035154,
0.27025,0.0015311043,
0.2705,0.0007122366,
0.27075,-0.0011335210,
0.271,0.0033141498,
0.27125,0.0091888560,
0.2715,-0.0055729104,
0.27175,-0.0002044730,
0.272,0.0088432292,
0.27225,-0.0007484513,
0.2725,-0.0041886168,
0.27275,-0.0021344651,
0.273,0.0032442843,
0.27325,0.0076798676,
0.2735,-0.0029604326,
0.27375,-0.0088308826,
0.274,0.0085648652,
0.27425,0.0041533043,
0.2745,-0.0036189754,
0.27475,0.0006878978,
0.275,-0.0010289151,
0.27525,0.0022860288,
0.2755,-0.0001631530,
0.27575,-0.0067164227,
0.276,0.0038755564,
0.27625,0.0119364895,
0.2765,0.0010247091,
0.27675,-0.0054286523,
0.277,0.0029084682,
0.27725,0.0061620637,
0.2775,0.0055252854,
0.27775,-0.0010052253,
0.278,-0.0023946944,
0.27825,0.0115852021,
0.2785,0.0027455888,
0.27875,0.0010067394,
0.279,0.0044176197,
0.27925,0.0063387491,
0.2795,0.0106980139,
0.27975,0.0049731545,
0.28,0.0028117085,
0.28025,0.0064570401,
0.2805,0.0047233701,
0.28075,0.0055109886,
0.281,0.0037022983,
0.28125,-0.0017553050,
0.2815,0.0155729521,
0.28175,0.0128794257,
0.282,-0.0037505100,
0.28225,0.0028932164,
0.2825,0.0074635725,
0.28275,0.0134680532,
0.283,-0.0029252002,
0.28325,-0.0013284733,
0.2835,0.0101456251,
0.28375,0.0045954399,
0.284,-0.0026471913,
0.28425,-0.0070275981,
0.2845,0.0127674248,
0.28475,0.0081960438,
0.285,-0.0015963678,
0.28525,0.0046635987,
0.2855,0.0037525396,
0.28575,0.0004130685,
0.286,0.0008335750,
0.28625,0.0009281369,
0.2865,0.0039073061,
0.28675,0.0051935473,
0.287,0.0072494107,
0.28725,0.0003172703,
0.2875,-0.0048526437,
0.28775,-0.0039668693,
0.288,0.0084633222,
0.28825,0.0004194708,
0.2885,-0.0049202386,
0.28875,0.0077631539,
0.289,0.0052265003,
0.28925,-0.0005896857,
0.2895,-0.0081896046,
0.28975,0.0009379594,
0.29,0.0180800781,
0.29025,0.0017632996,
0.2905,-0.0110351564,
0.29075,0.0107010901,
0.291,0.0117666228,
0.29125,-0.0002151661,
0.2915,-0.0032374817,
0.29175,0.0035156137,
0.292,0.0108301835,
0.29225,0.0029041674,
0.2925,-0.0020690924,
0.29275,0.0075651081,
0.293,0.0101309586,
0.29325,0.0012893979,
0.2935,0.0006752743,
0.29375,0.0046187788,
0.294,0.0035611608,
0.29425,0.0075675147,
0.2945,0.0046109483,
0.29475,0.0002179106,
0.295,0.0029612940,
0.29525,0.0009623944,
0.2955,0.0031115501,
0.29575,-0.0038724695,
0.296,-0.0009408587,
0.29625,0.0072497637,
0.2965,0.0036502974,
0.29675,-0.0004513359,
0.297,-0.0003758527,
0.29725,0.0088859834,
0.2975,0.0047902688,
0.29775,-0.0039463756,
0.298,-0.0048759454,
0.29825,0.0026544346,
0.2985,0.0058525987,
0.29875,-0.0117620286,
0.299,-0.0116662756,
0.29925,0.0013637166,
0.2995,0.0023318075,
0.29975,-0.0050476659,
0.3,-0.0060336194,
0.30025,0.0024628264,
0.3005,0.0031725685,
0.30075,-0.0061409911,
0.301,-0.0099456217,
0.30125,0.0021425057,
0.3015,0.0051731979,
0.30175,-0.0061899307,
0.302,-0.0081396559,
0.30225,0.0012612403,
0.3025,-0.0020764207,
0.30275,-0.0025797202,
0.303,-0.0019402773,
0.30325,-0.0033391744,
0.3035,-0.0021808918,
0.30375,-0.0005871980,
0.304,-0.0070043677,
0.30425,-0.0034617269,
0.3045,-0.0004037949,
0.30475,0.0005828870,
0.305,0.0063307127,
0.30525,-0.0034934939,
0.3055,0.0002031763,
0.30575,0.0093702003,
0.306,-0.0003936113,
0.30625,-0.0043519242,
0.3065,0.0022700028,
0.30675,0.0052698287,
0.307,0.0019789969,
0.30725,-0.0065687015,
0.3075,-0.0030871383,
0.30775,0.0090127131,
0.308,0.0030996241,
0.30825,-0.0057952111,
0.3085,-0.0021496674,
0.30875,-0.0009135024,
0.309,-0.0020958751,
0.30925,-0.0071956166,
0.3095,-0.0063219476,
0.30975,0.0049462402,
0.31,0.0028770701,
0.31025,-0.0085598752,
0.3105,-0.0054909429,
0.31075,-0.0038184111,
0.311,-0.0041482118,
0.31125,-0.0032869631,
0.3115,-0.0067947661,
0.31175,-0.0020382171,
0.312,-0.0005917542,
0.31225,-0.0071325442,
0.3125,-0.0081870854,
0.31275,-0.0060378849,
0.313,-0.0049284259,
0.31325,-0.0023256943,
0.3135,-0.0028512313,
0.31375,-0.0066861222,
0.314,-0.0045519988,
0.31425,-0.0018871487,
0.3145,-0.0101826023,
0.31475,-0.0112261791,
0.315,-0.0010186882,
0.31525,0.0028774131,
0.3155,-0.0070036352,
0.31575,-0.0138913058,
0.316,0.0006452668,
0.31625,0.0023165715,
0.3165,-0.0049044220,
0.31675,-0.0093370164,
0.317,0.0001334095,
0.31725,0.0023151462,
0.3175,-0.0064719142,
0.31775,-0.0094972737,
0.318,-0.0006123513,
0.31825,0.0032943855,
0.3185,-0.0069412128,
0.31875,-0.0029593464,
0.319,-0.0022526938,
0.31925,-0.0072172475,
0.3195,-0.0018978951,
0.31975,-0.0052197827,
0.32,-0.0043155607,
0.32025,-0.0007153044,
0.3205,0.0031666562,
0.32075,0.0011744726,
0.321,-0.0040662559,
0.32125,-0.0035602506,
0.3215,0.0036021355,
0.32175,0.0034104532,
0.322,-0.0082380455,
0.32225,-0.0018284551,
0.3225,0.0052499054,
0.32275,0.0002653240,
0.323,-0.0089026475,
0.32325,-0.0019880044,
0.3235,0.0094193025,
0.32375,0.0026829841,
0.324,-0.0091064759,
0.32425,-0.0030152595,
0.3245,0.0088020433,
0.32475,0.0023808032,
0.325,-0.0085074082,
0.32525,0.0008708127,
0.3255,0.0065326570,
0.32575,-0.0002487936,
0.326,-0.0016896859,
0.32625,-0.0009590033,
0.3265,0.0033402587,
0.32675,0.0025785766,
0.327,-0.0066707777,
0.32725,-0.0010648225,
0.3275,0.0004371634,
0.32775,-0.0008715741,
0.328,0.0009630586,
0.32825,0.0003221574,
0.3285,-0.0066307811,
0.32875,-0.0023763424,
0.329,0.0036516378,
0.32925,-0.0092702648,
0.3295,-0.0043486496,
0.32975,-0.0011548244,
0.33,-0.0033136178,
0.33025,-0.0038414225,
0.3305,-0.0067844223,
0.33075,0.0039768391,
0.331,0.0063382550,
0.33125,-0.0042292983,
0.3315,-0.0068765823,
0.33175,0.0043832613,
0.332,0.0063889632,
0.33225,-0.0046341824,
0.3325,-0.0100707114,
0.33275,0.0051176059,
0.333,0.0073670633,
0.33325,-0.0008388392,
0.3335,-0.0006661594,
0.33375,0.0035557293,
0.334,0.0072739609,
0.33425,-0.0003456100,
0.3345,-0.0027282138,
0.33475,0.0039158417,
0.335,0.0089596882,
0.33525,0.0004171921,
0.3355,0.0018887997,
0.33575,0.0026976988,
0.336,0.0057104160,
0.33625,0.0049819546,
0.3365,0.0053948313,
0.33675,0.0016030024,
0.337,0.0014249547,
0.33725,0.0056184498,
0.3375,0.0027065678,
0.33775,0.0029000822,
0.338,0.0035271994,
0.33825,0.0065336879,
0.3385,0.0074996706,
0.33875,-0.0032552788,
0.339,0.0019335726,
0.33925,0.0080971150,
0.3395,0.0042321049,
0.33975,-0.0010038980,
0.34,-0.0034132362,
0.34025,0.0102706887,
0.3405,0.0049586631,
0.34075,-0.0070206942,
0.341,-0.0025832469,
0.34125,0.0059672743,
0.3415,0.0032480226,
0.34175,-0.0055740243,
0.342,-0.0015684323,
0.34225,0.0003295228,
0.3425,0.0010795454,
0.34275,-0.0068396274,
0.343,-0.0058379378,
0.34325,0.0037277085,
0.3435,0.0008765106,
0.34375,-0.0004911213,
0.344,-0.0034211432,
0.34425,-0.0030936687,
0.3445,-0.0012108975,
0.34475,-0.0018093057,
0.345,-0.0051540807,
0.34525,-0.0080989869,
0.3455,0.0001832616,
0.34575,0.0005329003,
0.346,-0.0052582417,
0.34625,-0.0046721930,
0.3465,0.0018231452,
0.34675,0.0047551012,
0.347,-0.0000916472,
0.34725,0.0019491548,
0.3475,0.0067850500,
0.34775,0.0032608213,
0.348,0.0039700647,
0.34825,-0.0061485101,
0.3485,0.0026156371,
0.34875,0.0098093972,
0.349,0.0004998169,
0.34925,-0.0003264033,
0.3495,0.0027956711,
0.34975,0.0098332474,
0.35,0.0038817637,
0.35025,-0.0057515185,
0.3505,0.0010215442,
0.35075,0.0057622464,
0.351,0.0033033988,
0.35125,-0.0056794537,
0.3515,-0.0000629074,
0.35175,0.0062814360,
0.352,0.0010849864,
0.35225,-0.0015593120,
0.3525,0.0018036937,
0.35275,0.0023843944,
0.353,0.0007579962,
0.35325,0.0013431932,
0.3535,0.0019277091,
0.35375,-0.0038248708,
0.354,0.0013092400,
0.35425,0.0042950781,
0.3545,-0.0059553655,
0.35475,-0.0056635598,
0.355,-0.0009193300,
0.35525,0.0024174687,
0.3555,-0.0027776049,
0.35575,-0.0112726782,
0.356,-0.0012558880,
0.35625,0.0043378449,
0.3565,-0.0069675064,
0.35675,-0.0123099713,
0.357,0.0046948865,
0.35725,0.0045872293,
0.3575,-0.0101874014,
0.35775,-0.0091263549,
0.358,0.0000991470,
0.35825,0.0035698777,
0.3585,-0.0068785208,
0.35875,-0.0096260430,
0.359,-0.0008145703,
0.35925,0.0014510442,
0.3595,-0.0058199251,
0.35975,-0.0087511130,
0.36,-0.0012312807,
0.36025,-0.0009108729,
0.3605,-0.0080764825,
0.36075,-0.0083046732,
0.361,-0.0066453866,
0.36125,-0.0077617890,
0.3615,-0.0002606867,
0.36175,-0.0032963417,
0.362,-0.0059147421,
0.36225,-0.0040473179,
0.3625,-0.0044652652,
0.36275,-0.0006577507,
0.363,-0.0069303396,
0.36325,-0.0062988983,
0.3635,0.0016615127,
0.36375,0.0020017996,
0.364,-0.0107950568,
0.36425,-0.0048883045,
0.3645,0.0052863276,
0.36475,-0.0015129757,
0.365,-0.0069714691,
0.36525,-0.0098216720,
0.3655,0.0035568352,
0.36575,0.0040804478,
0.366,-0.0116901295,
0.36625,-0.0028406249,
0.3665,0.0072815451,
0.36675,0.0022695002,
0.367,-0.0066746455,
0.36725,-0.0044240905,
0.3675,-0.0029005504,
0.36775,-0.0003130792,
0.368,-0.0023946511,
0.36825,-0.0053661829,
0.3685,0.0055024936,
0.36875,0.0010415023,
0.369,-0.0033239371,
0.36925,-0.0033555650,
0.3695,-0.0052061779,
0.36975,0.0022945679,
0.37,0.0034721124,
0.37025,-0.0035731201,
0.3705,-0.0044009653,
0.37075,-0.0037378049,
0.371,-0.0001266271,
0.37125,-0.0043150843,
0.3715,-0.0068891183,
0.37175,-0.0022348743,
0.372,0.0007158755,
0.37225,-0.0014274352,
0.3725,-0.0116429143,
0.37275,0.0000988223,
0.373,0.0061758701,
0.37325,0.0027233823,
0.3735,-0.0069554825,
0.37375,-0.0034165217,
0.374,0.0071095778,
0.37425,0.0036650223,
0.3745,-0.0043786857,
0.37475,0.0020202170,
0.375,0.0049788998,
0.37525,0.0005174910,
0.3755,-0.0035745322,
0.37575,-0.0043572308,
0.376,0.0039089508,
0.37625,0.0027254119,
0.3765,-0.0056224037,
0.37675,-0.0024655992,
0.377,-0.0013672992,
0.37725,0.0034665051,
0.3775,-0.0008913561,
0.37775,-0.0065798736,
0.378,0.0000511955,
0.37825,0.0034202863,
0.3785,0.0054011564,
0.37875,-0.0016244802,
0.379,-0.0048215846,
0.37925,0.0052901446,
0.3795,0.0018242472,
0.37975,-0.0033265133,
0.38,-0.0013172997,
0.38025,-0.0004375102,
0.3805,-0.0000172294,
0.38075,-0.0022043977,
0.381,-0.0092756338,
0.38125,-0.0028823796,
0.3815,0.0059118606,
0.38175,0.0010092459,
0.382,-0.0071059568,
0.38225,-0.0004598249,
0.3825,0.0060661370,
0.38275,0.0051159477,
0.383,-0.0052860603,
0.38325,-0.0060420767,
0.3835,0.0072017773,
0.38375,0.0000966733,
0.384,-0.0081732236,
0.38425,-0.0037092939,
0.3845,0.0066435332,
0.38475,0.0033643015,
0.385,-0.0073152380,
0.38525,-0.0049964488,
0.3855,-0.0009031426,
0.38575,-0.0017007273,
0.386,-0.0066705765,
0.38625,-0.0015401600,
0.3865,-0.0005394190,
0.38675,0.0025794471,
0.387,0.0051927920,
0.38725,-0.0035700938,
0.3875,-0.0054983599,
0.38775,0.0039701276,
0.388,0.0063830800,
0.38825,0.0002615073,
0.3885,-0.0033946889,
0.38875,0.0000968869,
0.389,0.0052877464,
0.38925,0.0006987096,
0.3895,-0.0096534118,
0.38975,0.0129463524,
0.39,0.0190909803,
0.39025,0.0028055718,
0.3905,-0.0042795092,
0.39075,0.0015741271,
0.391,0.0105769727,
0.39125,0.0043132450,
0.3915,-0.0069392491,
0.39175,0.0035624371,
0.392,0.0149681317,
0.39225,0.0036056770,
0.3925,-0.0003496517,
0.39275,0.0072033731,
0.393,0.0107550845,
0.39325,0.0075286031,
0.3935,0.0043571345,
0.39375,0.0064448174,
0.394,0.0087749492,
0.39425,0.0063902661,
0.3945,0.0028625515,
0.39475,0.0044869361,
0.395,0.0073326016,
0.39525,0.0099450704,
0.3955,0.0080045285,
0.39575,-0.0006731704,
0.396,0.0000683777,
0.39625,0.0077341334,
0.3965,0.0071510016,
0.39675,-0.0005953141,
0.397,-0.0007647515,
0.39725,0.0071191038,
0.3975,0.0061175227,
0.39775,0.0036895867,
0.398,-0.0050503016,
0.39825,0.0096473945,
0.3985,0.0139071904,
0.39875,-0.0075342744,
0.399,-0.0059394403,
0.39925,0.0012148393,
0.3995,0.0090536047,
0.39975,0.0009211577,
0.4,-0.0128199616,
0.40025,0.0001487484,
0.4005,0.0059146564,
0.40075,-0.0050068297,
0.401,-0.0080424258,
0.40125,0.0014953155,
0.4015,0.0065828059,
0.40175,-0.0002213945,
0.402,-0.0031291381,
0.40225,-0.0021916335,
0.4025,0.0091082249,
0.40275,0.0048918994,
0.403,-0.0021555978,
0.40325,0.0060124858,
0.4035,0.0014454536,
0.40375,0.0066463971,
0.404,0.0073064808,
0.40425,-0.0046986346,
0.4045,0.0043401415,
0.40475,0.0086876284,
0.405,0.0016325893,
0.40525,0.0034038511,
0.4055,0.0042672777,
0.40575,0.0084259817,
0.406,0.0145177776,
0.40625,-0.0032154985,
0.4065,-0.0025092270,
0.40675,0.0138957258,
0.407,0.0061593042,
0.40725,0.0031601894,
0.4075,-0.0018719307,
0.40775,0.0058526359,
0.408,0.0133732511,
0.40825,-0.0034526528,
0.4085,-0.0046387296,
0.40875,0.0055296328,
0.409,0.0054600891,
0.40925,-0.0012592967,
0.4095,-0.0030808989,
0.40975,-0.0038255285,
0.41,0.0059731547,
0.41025,-0.0012473050,
0.4105,-0.0096374229,
0.41075,-0.0013484579,
0.411,-0.0010641771,
0.41125,-0.0041447282,
0.4115,-0.0027210629,
0.41175,-0.0060734735,
0.412,-0.0013831037,
0.41225,0.0001202475,
0.4125,-0.0081556132,
0.41275,-0.0088530742,
0.413,-0.0002489909,
0.41325,-0.0018981667,
0.4135,-0.0009675164,
0.41375,-0.0076422771,
0.414,-0.0066099055,
0.41425,0.0045029339,
0.4145,-0.0046359892,
0.41475,-0.0075139706,
0.415,-0.0017001815,
0.41525,0.0056769801,
0.4155,0.0063277027,
0.41575,-0.0034607493,
0.416,-0.0077076191,
0.41625,0.0109997168,
0.4165,0.0024959724,
0.41675,-0.0055628866,
0.417,-0.0000838206,
0.41725,0.0032082596,
0.4175,0.0082147084,
0.41775,0.0001059987,
0.418,-0.0052513061,
0.41825,0.0071199676,
0.4185,0.0091815749,
0.41875,-0.0004017179,
0.419,-0.0004057565,
0.41925,0.0031398460,
0.4195,0.0026836663,
0.41975,0.0019323314,
0.42,-0.0041113733,
0.42025,0.0001609313,
0.4205,0.0046559004,
0.42075,0.0049138824,
0.421,0.0007525625,
0.42125,-0.0050383406,
0.4215,0.0004185955,
0.42175,0.0030424036,
0.422,-0.0039696596,
0.42225,-0.0051228493,
0.4225,0.0026148756,
0.42275,0.0026215864,
0.423,0.0008241562,
0.42325,-0.0145253595,
0.4235,-0.0046353452,
0.42375,0.0112856179,
0.424,-0.0036001194,
0.42425,-0.0157626662,
0.4245,0.0017902094,
0.42475,0.0073927576,
0.425,-0.0052719470,
0.42525,-0.0101343673,
0.4255,-0.0042194254,
0.42575,0.0059536602,
0.426,-0.0016385012,
0.42625,-0.0077131768,
0.4265,-0.0006436926,
0.42675,0.0019417712,
0.427,-0.0036682105,
0.42725,-0.0054610618,
0.4275,-0.0004745534,
0.42775,0.0003204861,
0.428,-0.0000071362,
0.42825,0.0023623493,
0.4285,-0.0027842866,
0.42875,-0.0063600815,
0.429,0.0027176659,
0.42925,0.0040923920,
0.4295,-0.0028149134,
0.42975,-0.0008168621,
0.43,0.0077829063,
0.43025,0.0044414839,
0.4305,0.0010523166,
0.43075,0.0015446648,
0.431,0.0091560194,
0.43125,0.0130360769,
0.4315,-0.0028676398,
0.43175,-0.0069622472,
0.432,0.0101892101,
0.43225,0.0096252104,
0.4325,-0.0052532577,
0.43275,-0.0002942766,
0.433,0.0060334420,
0.43325,0.0068904078,
0.4335,0.0011136739,
0.43375,-0.0093547152,
0.434,0.0086219069,
0.43425,0.0041665388,
0.4345,-0.0058753826,
0.43475,-0.0018412769,
0.435,0.0020539064,
0.43525,0.0050308602,
0.4355,-0.0004063365,
0.43575,-0.0008150609,
0.436,-0.0018124962,
0.43625,0.0037943758,
0.4365,0.0002697730,
0.43675,-0.0017986832,
0.437,-0.0046353377,
0.43725,-0.0074922484,
0.4375,0.0041492572,
0.43775,-0.0052919886,
0.438,-0.0048623118,
0.43825,0.0005066541,
0.4385,0.0016000485,
0.43875,0.0009751259,
0.439,-0.0099799642,
0.43925,0.0013668987,
0.4395,0.0043919329,
0.43975,0.0003455860,
0.44,-0.0043482967,
0.44025,-0.0024647219,
0.4405,0.0066113234,
0.44075,0.0021874006,
0.441,-0.0049245236,
0.44125,0.0017952528,
0.4415,0.0120881237,
0.44175,0.0017720216,
0.442,-0.0017637943,
0.44225,-0.0010835818,
0.4425,0.0020920821,
0.44275,0.0036623436,
0.443,0.0011177689,
0.44325,0.0013189183,
0.4435,0.0117231365,
0.44375,0.0094474293,
0.444,-0.0010189742,
0.44425,0.0045672520,
0.4445,0.0041032415,
0.44475,0.0061476622,
0.445,0.0091775004,
0.44525,-0.0010028770,
0.4455,0.0014360258,
0.44575,0.0058985804,
0.446,0.0011620517,
0.44625,0.0008506864,
0.4465,0.0065386742,
0.44675,0.0053699808,
0.447,0.0093148379,
0.44725,0.0012715772,
0.4475,-0.0052634575,
0.44775,0.0028388523,
0.448,0.0022378254,
0.44825,-0.0009180693,
0.4485,0.0007356813,
0.44875,0.0031729154,
0.449,0.0101760542,
0.44925,0.0011035673,
0.4495,-0.0057441182,
0.44975,0.0058385264,
0.45,0.0044272565,
0.45025,0.0026733710,
0.4505,-0.0062042759,
0.45075,-0.0033297415,
0.451,0.0061559258,
0.45125,-0.0019705640,
0.4515,-0.0019827972,
0.45175,0.0039421460,
0.452,0.0070530898,
0.45225,0.0023256186,
0.4525,-0.0026752052,
0.45275,-0.0024686612,
0.453,0.0010298211,
0.45325,-0.0003089762,
0.4535,-0.0052417191,
0.45375,-0.0022719423,
0.454,-0.0039896239,
0.45425,0.0026897711,
0.4545,0.0038994791,
0.45475,-0.0025768843,
0.455,0.0003793424,
0.45525,0.0031511057,
0.4555,0.0056781196,
0.45575,-0.0032799733,
0.456,-0.0025625792,
0.45625,0.0057637058,
0.4565,0.0058891946,
0.45675,-0.0061684097,
0.457,-0.0055284984,
0.45725,0.0067557935,
0.4575,0.0058068605,
0.45775,-0.0073299562,
0.458,-0.0018467348,
0.45825,0.0101927118,
0.4585,0.0035144526,
0.45875,-0.0058530858,
0.459,-0.0041138423,
0.45925,0.0076611531,
0.4595,0.0027856822,
0.45975,-0.0044122506,
0.46,0.0013970128,
0.46025,0.0064409040,
0.4605,0.0025814832,
0.46075,-0.0017022362,
0.461,0.0011952450,
0.46125,0.0033229152,
0.4615,0.0002601026,
0.46175,0.0017534352,
0.462,0.0006807014,
0.46225,-0.0068734144,
0.4625,-0.0004617076,
0.46275,0.0070777396,
0.463,-0.0018928933,
0.46325,-0.0000108412,
0.4635,0.0026586617,
0.46375,0.0052209827,
0.464,0.0044147549,
0.46425,-0.0031282711,
0.4645,0.0040941313,
0.46475,0.0098897368,
0.465,-0.0029055290,
0.46525,-0.0129122548,
0.4655,0.0015520784,
0.46575,0.0020177183,
0.466,-0.0107778087,
0.46625,-0.0063823350,
0.4665,-0.0036378736,
0.46675,0.0034169506,
0.467,0.0004209334,
0.46725,-0.0103925690,
0.4675,0.0008682638,
0.46775,-0.0011425135,
0.468,-0.0088835908,
0.46825,-0.0066231540,
0.4685,-0.0062114564,
0.46875,-0.0014859660,
0.469,-0.0038198959,
0.46925,-0.0102865687,
0.4695,-0.0110990545,
0.46975,-0.0035184799,
0.47,-0.0019637283,
0.47025,-0.0020177681,
0.4705,-0.0051707430,
0.47075,-0.0087536173,
0.471,0.0005070441,
0.47125,-0.0074412618,
0.4715,-0.0102521162,
0.47175,0.0017796357,
0.472,-0.0006238355,
0.47225,0.0016507356,
0.4725,-0.0035540834,
0.47275,-0.0071149589,
0.473,0.0060092709,
0.47325,0.0034142470,
0.4735,-0.0087046213,
0.47375,-0.0035205402,
0.474,0.0028745518,
0.47425,-0.0008589015,
0.4745,-0.0041039549,
0.47475,-0.0056149662,
0.475,0.0023912245,
0.47525,0.0023638401,
0.4755,-0.0062905764,
0.47575,-0.0055190269,
0.476,-0.0019639446,
0.47625,-0.0026984452,
0.4765,-0.0043121860,
0.47675,-0.0098597612,
0.477,-0.0050834715,
0.47725,0.0019427391,
0.4775,-0.0068854028,
0.47775,-0.0059559108,
0.478,-0.0045955000,
0.47825,-0.0079587772,
0.4785,-0.0028953324,
0.47875,-0.0118095474,
0.479,-0.0136816790,
0.47925,-0.0041426467,
0.4795,-0.0070208954,
0.47975,-0.0116170347,
0.48,-0.0073839393,
0.48025,-0.0072621140,
0.4805,-0.0074392576,
0.48075,-0.0053315992,
0.481,-0.0156147182,
0.48125,-0.0118555771,
0.4815,-0.0050785071,
0.48175,-0.0109158251,
0.482,-0.0159054063,
0.48225,-0.0072790217,
0.4825,0.0002170922,
0.48275,-0.0029202702,
0.483,-0.0050588646,
0.48325,-0.0098537281,
0.4835,0.0000007300,
0.48375,-0.0017380529,
0.484,-0.0146717159,
0.48425,-0.0046764910,
0.4845,0.0029136050,
0.48475,-0.0046277540,
0.485,-0.0056956057,
0.48525,-0.0039701704,
0.4855,0.0014281240,
0.48575,0.0037714115,
0.486,-0.0045177531,
0.48625,-0.0022408962,
0.4865,0.0017263454,
0.48675,0.0005429824,
0.487,0.0037233094,
0.48725,0.0024833838,
0.4875,0.0006402634,
0.48775,0.0046063475,
0.488,0.0041720690,
0.48825,-0.0028144186,
0.4885,-0.0035588974,
0.48875,0.0018344356,
0.489,0.0050298758,
0.48925,-0.0004607252,
0.4895,-0.0056737252,
0.48975,0.0029579911,
0.49,0.0121520320,
0.49025,-0.0021013427,
0.4905,-0.0093689952,
0.49075,0.0062373392,
0.491,0.0098521113,
0.49125,-0.0003351860,
0.4915,-0.0047120349,
0.49175,0.0006803592,
0.492,0.0030387330,
0.49225,-0.0042652334,
0.4925,-0.0088895541,
0.49275,0.0031346257,
0.493,0.0084434431,
0.49325,-0.0030922636,
0.4935,-0.0037651942,
0.49375,-0.0013961561,
0.494,-0.0030382231,
0.49425,-0.0034038052,
0.4945,-0.0029586607,
0.49475,-0.0014216953,
0.495,0.0006520398,
0.49525,0.0008116832,
0.4955,-0.0004982941,
0.49575,-0.0036603869,
0.496,-0.0073457761,
0.49625,0.0032244492,
0.4965,-0.0001494009,
0.49675,-0.0053353468,
0.497,-0.0017523160,
0.49725,0.0003376801,
0.4975,0.0016472699,
0.49775,-0.0030185052,
0.498,-0.0029799249,
0.49825,0.0098736938,
0.4985,0.0101909507,
0.49875,-0.0070005325,
0.499,-0.0072373780,
0.49925,0.0054921396,
0.4995,0.0057631163,
0.49975,-0.0036952663,
0.5,-0.0006975463,
0.50025,0.0008073833,
0.5005,0.0065017967,
0.50075,-0.0016082021,
0.501,-0.0093428455,
0.50125,0.0095708175,
0.5015,0.0069357245,
0.50175,-0.0015323849,
0.502,0.0011860128,
0.50225,0.0020845425,
0.5025,0.0062050493,
0.50275,0.0023915104,
0.503,0.0016568414,
0.50325,0.0044801566,
0.5035,0.0075434092,
0.50375,0.0052307146,
0.504,0.0008219201,
0.50425,-0.0005356360,
0.5045,0.0015814166,
0.50475,0.0053424565,
0.505,0.0015743262,
0.50525,-0.0037616892,
0.5055,0.0017495446,
0.50575,0.0089049907,
0.506,0.0058662216,
0.50625,-0.0020363806,
0.5065,0.0055222842,
0.50675,0.0097509073,
0.507,0.0064837206,
0.50725,-0.0029748969,
0.5075,-0.0034187813,
0.50775,0.0107916621,
0.508,0.0096122976,
0.50825,-0.0010206604,
0.5085,-0.0013104595,
0.50875,0.0067096148,
0.509,-0.0007279892,
0.50925,-0.0040095039,
0.5095,-0.0051361271,
0.50975,0.0041128611,
0.51,0.0042151129,
0.51025,-0.0001903655,
0.5105,-0.0034272843,
0.51075,0.0011055135,
0.511,0.0075988681,
0.51125,-0.0003624835,
0.5115,0.0030356166,
0.51175,0.0024933768,
0.512,0.0043721525,
0.51225,0.0074987481,
0.5125,-0.0035731983,
0.51275,-0.0005793769,
0.513,0.0038007805,
0.51325,0.0043699956,
0.5135,0.0028788960,
0.51375,-0.0004169531,
0.514,0.0037777622,
0.51425,0.0059116301,
0.5145,0.0011717145,
0.51475,-0.0065329573,
0.515,0.0039484100,
0.51525,0.0088625811,
0.5155,0.0064500878,
0.51575,-0.0045874240,
0.516,-0.0052899122,
0.51625,0.0129878055,
0.5165,0.0060962839,
0.51675,-0.0057101594,
0.517,0.0018005660,
0.51725,0.0042871749,
0.5175,0.0058621266,
0.51775,-0.0041335165,
0.518,-0.0076501807,
0.51825,0.0072496333,
0.5185,0.0018340333,
0.51875,-0.0069749271,
0.519,-0.0018439775,
0.51925,0.0033365954,
0.5195,0.0018377778,
0.51975,0.0009320644,
0.52,0.0002064616,
0.52025,-0.0041141668,
0.5205,0.0057411776,
0.52075,0.0008291128,
0.521,-0.0050678006,
0.52125,-0.0010228311,
0.5215,-0.0061821919,
0.52175,0.0029333693,
0.522,-0.0035698228,
0.52225,-0.0122954939,
0.5225,0.0027159918,
0.52275,0.0047757970,
0.523,-0.0086006308,
0.52325,-0.0098146610,
0.5235,-0.0010186337,
0.52375,0.0077111637,
0.524,0.0014995672,
0.52425,-0.0154554239,
0.5245,-0.0006086000,
0.52475,0.0116975661,
0.525,-0.0070384964,
0.52525,-0.0130194472,
0.5255,-0.0019365505,
0.52575,0.0019153882,
0.526,-0.0028736026,
0.52625,-0.0096499035,
0.5265,-0.0039950302,
0.52675,0.0083480272,
0.527,-0.0013064002,
0.52725,-0.0032607641,
0.5275,0.0026383763,
0.52775,-0.0002442881,
0.528,-0.0011499824,
0.52825,-0.0034292948,
0.5285,-0.0018509566,
0.52875,-0.0008976835,
0.529,0.0061088651,
0.52925,0.0074221976,
0.5295,0.0023759687,
0.52975,-0.0032804892,
0.53,0.0029893341,
0.53025,0.0095723979,
0.5305,-0.0042886669,
0.53075,-0.0023380797,
0.531,0.0110868076,
0.53125,0.0102782110,
0.5315,-0.0010839665,
0.53175,-0.0099638198,
0.532,0.0071118660,
0.53225,0.0156961307,
0.5325,-0.0012151060,
0.53275,-0.0080675371,
0.533,0.0120368404,
0.53325,0.0111712711,
0.5335,-0.0043915659,
0.53375,-0.0077779246,
0.534,-0.0008242967,
0.53425,0.0117868325,
0.5345,-0.0009565151,
0.53475,-0.0076170615,
0.535,0.0028563908,
0.53525,0.0002015390,
0.5355,-0.0020266571,
0.53575,-0.0066247606,
0.536,-0.0045886482,
0.53625,0.0014497950,
0.5365,-0.0035275475,
0.53675,-0.0050499747,
0.537,-0.0057778880,
0.53725,-0.0096635493,
0.5375,-0.0032404170,
0.53775,-0.0027003367,
0.538,-0.0101907961,
0.53825,-0.0070017879,
0.5385,0.0030823192,
0.53875,-0.0031171013,
0.539,-0.0071110493,
0.53925,-0.0044770720,
0.5395,-0.0000972315,
0.53975,0.0088289343,
0.54,-0.0092797512,
0.54025,-0.0051713651,
0.5405,0.0111650042,
0.54075,0.0070540286,
0.541,-0.0023642541,
0.54125,-0.0046537523,
0.5415,0.0094204405,
0.54175,0.0084215552,
0.542,-0.0041202349,
0.54225,-0.0039951866,
0.5425,0.0065279519,
0.54275,0.0065704384,
0.543,0.0026555653,
0.54325,0.0012064148,
0.5435,0.0050316770,
0.54375,0.0121451616,
0.544,0.0027658748,
0.54425,-0.0008669553,
0.5445,0.0058904379,
0.54475,0.0044693816,
0.545,0.0041255481,
0.54525,0.0024049939,
0.5455,-0.0048582843,
0.54575,-0.0003651587,
0.546,0.0061258930,
0.54625,-0.0012731034,
0.5465,-0.0021815645,
0.54675,0.0021164769,
0.547,-0.0022161913,
0.54725,0.0018588855,
0.5475,-0.0042033796,
0.54775,-0.0087010572,
0.548,0.0083641354,
0.54825,0.0003822203,
0.5485,-0.0107112769,
0.54875,-0.0046774452,
0.549,0.0004177448,
0.54925,0.0031423543,
0.5495,-0.0051367860,
0.54975,-0.0072429059,
0.55,0.0049812305,
0.55025,0.0042286431,
0.5505,-0.0103880093,
0.55075,-0.0116623510,
0.551,0.0034201622,
0.55125,0.0014539163,
0.5515,-0.0020866133,
0.55175,-0.0066112066,
0.552,0.0068364656,
0.55225,0.0093701649,
0.5525,-0.0055574263,
0.55275,-0.0057480754,
0.553,-0.0036026139,
0.55325,0.0038502261,
0.5535,0.0070661656,
0.55375,0.0070926845,
0.554,0.0005656557,
0.55425,0.0035379978,
0.5545,0.0043644817,
0.55475,0.0039420770,
0.555,0.0044261692,
0.55525,0.0116521176,
0.5555,0.0123758884,
0.55575,0.0077432836,
0.556,-0.0040553119,
0.55625,-0.0005725862,
0.5565,0.0186404809,
0.55675,0.0095824935,
0.557,-0.0051390636,
0.55725,0.0081925243,
0.5575,0.0161988642,
0.55775,0.0061412975,
0.558,-0.0033522691,
0.55825,0.0081743402,
0.5585,0.0102322493,
0.55875,0.0027562804,
0.559,-0.0054986030,
0.55925,0.0012247887,
0.5595,0.0155607807,
0.55975,0.0016848887,
0.56,0.0046289572,
0.56025,0.0073846839,
0.5605,0.0056571513,
0.56075,0.0037372976,
0.561,-0.0018731669,
0.56125,-0.0001110214,
0.5615,-0.0006451443,
0.56175,0.0010475651,
0.562,0.0061128568,
0.56225,-0.0036714948,
0.5625,-0.0096793436,
0.56275,0.0025171728,
0.563,0.0037364520,
0.56325,-0.0017081448,
0.5635,-0.0005261696,
0.56375,0.0058328388,
0.564,0.0079412097,
0.56425,-0.0045370287,
0.5645,-0.0079738069,
0.56475,0.0092020947,
0.565,0.0120339720,
0.56525,-0.0006195183,
0.5655,-0.0046727797,
0.56575,0.0071635526,
0.566,0.0072605000,
0.56625,-0.0003013542,
0.5665,-0.0031574960,
0.56675,0.0085517010,
0.567,0.0116649931,
0.56725,0.0022171610,
0.5675,-0.0010136063,
0.56775,0.0050181989,
0.568,0.0098317778,
0.56825,0.0052726828,
0.5685,0.0028197048,
0.56875,0.0078836698,
0.569,0.0126422923,
0.56925,0.0052595232,
0.5695,0.0038742633,
0.56975,0.0026116602,
0.57,0.0056329733,
0.57025,0.0103452411,
0.5705,0.0064954152,
0.57075,-0.0003143433,
0.571,0.0031835935,
0.57125,0.0034235977,
0.5715,0.0007160882,
0.57175,0.0034239306,
0.572,0.0029293480,
0.57225,0.0098092249,
0.5725,0.0041705011,
0.57275,-0.0042732474,
0.573,-0.0010353290,
0.57325,0.0087585701,
0.5735,0.0052087014,
0.57375,-0.0099417465,
0.574,-0.0034544291,
0.57425,0.0030678608,
0.5745,-0.0008393374,
0.57475,-0.0061043240,
0.575,-0.0045626163,
0.57525,0.0047542518,
0.5755,-0.0005772419,
0.57575,-0.0056155855,
0.576,-0.0086363107,
0.57625,0.0017192077,
0.5765,0.0004289659,
0.57675,-0.0073451847,
0.577,-0.0059776511,
0.57725,-0.0010077083,
0.5775,-0.0009560417,
0.57775,-0.0058663241,
0.578,-0.0069250655,
0.57825,-0.0062426575,
0.5785,-0.0014999724,
0.57875,-0.0020510217,
0.579,-0.0033543401,
0.57925,-0.0044129901,
0.5795,-0.0019098597,
0.57975,0.0011965797,
0.58,-0.0032635084,
0.58025,0.0024153499,
0.5805,0.0035297892,
0.58075,0.0045162989,
0.581,0.0060780412,
0.58125,-0.0056344271,
0.5815,-0.0012194446,
0.58175,0.0116572715,
0.582,0.0001005354,
0.58225,-0.0073193549,
0.5825,0.0040247049,
0.58275,0.0027689033,
0.583,0.0039576115,
0.58325,-0.0045933453,
0.5835,-0.0023172284,
0.58375,0.0076865079,
0.584,-0.0022382350,
0.58425,-0.0066872775,
0.5845,0.0030852137,
0.58475,0.0049291123,
0.585,-0.0053943386,
0.58525,-0.0046763658,
0.5855,-0.0065754456,
0.58575,-0.0022357786,
0.586,0.0036650975,
0.58625,-0.0028858571,
0.5865,-0.0060274098,
0.58675,-0.0025503859,
0.587,-0.0069622700,
0.58725,-0.0039452617,
0.5875,-0.0074972762,
0.58775,-0.0094203446,
0.588,0.0040163645,
0.58825,-0.0062983227,
0.5885,-0.0072559593,
0.58875,-0.0054103178,
0.589,-0.0031892164,
0.58925,-0.0002891498,
0.5895,-0.0120757148,
0.58975,-0.0092739230,
0.59,0.0018653424,
0.59025,0.0019667882,
0.5905,-0.0150038963,
0.59075,-0.0104473168,
0.591,0.0014938528,
0.59125,0.0008351167,
0.5915,-0.0055423668,
0.59175,-0.0096717887,
0.592,0.0020830666,
0.59225,-0.0008936939,
0.5925,-0.0135937100,
0.59275,-0.0080773244,
0.593,0.0005295268,
0.59325,-0.0041592112,
0.5935,-0.0065226895,
0.59375,-0.0071492307,
0.594,-0.0038399221,
0.59425,-0.0048606675,
0.5945,-0.0049371300,
0.59475,-0.0002167533,
0.595,-0.0042943265,
0.59525,0.0006211354,
0.5955,0.0015804204,
0.59575,0.0003757373,
0.596,-0.0069365581,
0.59625,-0.0011429471,
0.5965,0.0059972946,
0.59675,-0.0044696992,
0.597,-0.0032332032,
0.59725,0.0000915761,
0.5975,0.0043860404,
0.59775,-0.0009936845,
0.598,-0.0069228862,
0.59825,0.0041650790,
0.5985,0.0083614616,
0.59875,0.0020294720,
0.599,-0.0117986565,
0.59925,-0.0021543954,
0.5995,0.0034051484,
0.59975,-0.0020084393,
0.6,-0.0008245230,
0.60025,0.0010922120,
0.6005,0.0031674504,
0.60075,0.0029063816,
0.601,-0.0057448950,
0.60125,-0.0012979044,
0.6015,0.0095297154,
0.60175,0.0018095836,
0.602,-0.0049047307,
0.60225,-0.0014890789,
0.6025,-0.0062667956,
0.60275,0.0002711423,
0.603,-0.0064317072,
0.60325,-0.0093061002,
0.6035,0.0027314490,
0.60375,-0.0020865549,
0.604,-0.0032146913,
0.60425,-0.0030191503,
0.6045,-0.0047983476,
0.60475,-0.0021742880,
0.605,-0.0005744105,
0.60525,-0.0072888406,
0.6055,-0.0059698634,
0.60575,0.0038161057,
0.606,-0.0026021735,
0.60625,-0.0024388493,
0.6065,-0.0024135709,
0.60675,0.0003786356,
0.607,0.0103880567,
0.60725,-0.0109354211,
0.6075,-0.0088291643,
0.60775,0.0040926780,
0.608,0.0026312144,
0.60825,-0.0039366335,
0.6085,-0.0064521190,
0.60875,0.0009245768,
0.609,-0.0013975252,
0.60925,-0.0039403378,
0.6095,-0.0060650548,
0.60975,0.0062010819,
0.61,0.0085840831,
0.61025,0.0021587191,
0.6105,0.0008016650,
0.61075,0.0044399737,
0.611,0.0078248158,
0.61125,0.0021439532,
0.6115,0.0029708969,
0.61175,0.0018547375,
0.612,0.0008093615,
0.61225,0.0052545215,
0.6125,-0.0018823614,
0.61275,-0.0033156145,
0.613,0.0054160133,
0.61325,0.0032501603,
0.6135,-0.0015544714,
0.61375,0.0056492775,
0.614,0.0004103203,
0.61425,0.0067060650,
0.6145,0.0059968950,
0.61475,-0.0018635346,
0.615,0.0003037246,
0.61525,0.0096941795,
0.6155,0.0013290949,
0.61575,-0.0057929982,
0.616,-0.0040780162,
0.61625,0.0008718316,
0.6165,0.0058992151,
0.61675,-0.0072540957,
0.617,-0.0016614152,
0.61725,0.0039296737,
0.6175,-0.0052691139,
0.61775,-0.0044160769,
0.618,-0.0069134636,
0.61825,-0.0008828060,
0.6185,0.0041541401,
0.61875,-0.0061271945,
0.619,-0.0062745726,
0.61925,-0.0019400158,
0.6195,-0.0072580408,
0.61975,-0.0026932417,
0.62,-0.0043048086,
0.62025,-0.0091766035,
0.6205,0.0008464159,
0.62075,0.0024016979,
0.621,-0.0068350136,
0.62125,0.0010946449,
0.6215,0.0009642782,
0.62175,0.0020273102,
0.622,0.0028028947,
0.62225,-0.0067420979,
0.6225,0.0064848014,
0.62275,0.0062137092,
0.623,-0.0048732581,
0.62325,-0.0015191203,
0.6235,0.0059289495,
0.62375,0.0126776295,
0.624,0.0006298191,
0.62425,-0.0046759467,
0.6245,0.0049240440,
0.62475,0.0144039262,
0.625,0.0013674831,
0.62525,-0.0027058320,
0.6255,0.0081619080,
0.62575,0.0047952081,
0.626,0.0034820964,
0.62625,-0.0032179351,
0.6265,0.0070647039,
0.62675,0.0122040408,
0.627,0.0004435364,
0.62725,0.0030960098,
0.6275,0.0014770157,
0.62775,0.0040356210,
0.628,0.0031726889,
0.62825,0.0044656107,
0.6285,0.0029358352,
0.62875,-0.0009720367,
0.629,0.0044171135,
0.62925,0.0033168178,
0.6295,-0.0026481575,
0.62975,-0.0015785369,
0.63,0.0032419639,
0.63025,0.0016314765,
0.6305,-0.0064600529,
0.63075,-0.0053411205,
0.631,0.0031839879,
0.63125,0.0027713818,
0.6315,-0.0077610654,
0.63175,-0.0089410590,
0.632,0.0050722067,
0.63225,0.0026110602,
0.6325,-0.0095881140,
0.63275,-0.0093837976,
0.633,0.0027760395,
0.63325,-0.0000558211,
0.6335,-0.0090363603,
0.63375,-0.0040663984,
0.634,-0.0059256582,
0.63425,-0.0006922357,
0.6345,-0.0047491272,
0.63475,-0.0114933411,
0.635,0.0015407278,
0.63525,-0.0000325492,
0.6355,-0.0072013102,
0.63575,-0.0072208936,
0.636,-0.0073078736,
0.63625,-0.0002145592,
0.6365,-0.0003788337,
0.63675,-0.0053432612,
0.637,-0.0079522617,
0.63725,-0.0011387594,
0.6375,0.0012511491,
0.63775,-0.0046002609,
0.638,-0.0029160907,
0.63825,0.0006190354,
0.6385,-0.0026347998,
0.63875,-0.0008191339,
0.639,-0.0082282387,
0.63925,-0.0022984082,
0.6395,0.0052928068,
0.63975,0.0009164076,
0.64,-0.0050585642,
0.64025,-0.0071362103,
0.6405,0.0078144204,
0.64075,0.0014498408,
0.641,-0.0100924131,
0.64125,-0.0023412905,
0.6415,0.0062781386,
0.64175,0.0072471779,
0.642,-0.0085051805,
0.64225,-0.0079113767,
0.6425,0.0066415854,
0.64275,-0.0020792640,
0.643,-0.0056138127,
0.64325,-0.0022252821,
0.6435,0.0017562358,
0.64375,-0.0000005966,
0.644,-0.0030011586,
0.64425,-0.0074770716,
0.6445,-0.0009866529,
0.64475,0.0047316616,
0.645,-0.0042742114,
0.64525,-0.0002621073,
0.6455,-0.0082651898,
0.64575,-0.0063121980,
0.646,-0.0004738503,
0.64625,-0.0077615282,
0.6465,-0.0071153971,
0.64675,-0.0007480513,
0.647,-0.0028079734,
0.64725,-0.0084242532,
0.6475,-0.0090879304,
0.64775,-0.0030993167,
0.648,0.0007367420,
0.64825,0.0016411359,
0.6485,-0.0094167590,
0.64875,-0.0042895405,
0.649,0.0075787217,
0.64925,-0.0029574512,
0.6495,-0.0071487157,
0.64975,-0.0011507048,
0.65,0.0048273294,
0.65025,0.0035448968,
0.6505,-0.0090210643,
0.65075,-0.0091326926,
0.651,0.0062643825,
0.65125,0.0009166322,
0.6515,-0.0045686304,
0.65175,-0.0008080545,
0.652,0.0064380011,
0.65225,0.0056989258,
0.6525,-0.0020801178,
0.65275,-0.0054874104,
0.653,-0.0016307042,
0.65325,0.0047588749,
0.6535,0.0021179346,
0.65375,0.0017176186,
0.654,-0.0003041646,
0.65425,0.0002499551,
0.6545,0.0038653947,
0.65475,-0.0021265957,
0.655,-0.0052648755,
0.65525,0.0077696289,
0.6555,0.0032489097,
0.65575,-0.0070090662,
0.656,-0.0066348659,
0.65625,-0.0043240320,
0.6565,0.0086245649,
0.65675,0.0038170740,
0.657,-0.0091177616,
0.65725,0.0075530722,
0.6575,0.0108337635,
0.65775,-0.0040520811,
0.658,-0.0068023377,
0.65825,0.0006032126,
0.6585,0.0059465715,
0.65875,-0.0008678411,
0.659,-0.0123203276,
0.65925,-0.0050089117,
0.6595,0.0084658284,
0.65975,-0.0047251391,
0.66,-0.0091560828,
0.66025,-0.0017861737,
0.6605,0.0001277492,
0.66075,-0.0017322998,
0.661,-0.0053560017,
0.66125,-0.0070345001,
0.6615,-0.0015778928,
0.66175,0.0010006037,
0.662,0.0022120448,
0.66225,-0.0034542640,
0.6625,-0.0066013006,
0.66275,-0.0021510452,
0.663,0.0009958540,
0.66325,-0.0032983832,
0.6635,-0.0064236573,
0.66375,0.0039545069,
0.664,0.0055736704,
0.66425,-0.0095762145,
0.6645,-0.0059631458,
0.66475,0.0101767806,
0.665,0.0125231463,
0.66525,0.0038433471,
0.6655,-0.0056367079,
0.66575,0.0058301394,
0.666,0.0119468365,
0.66625,-0.0006729760,
0.6665,-0.0020854578,
0.66675,0.0115736965,
0.667,0.0119556244,
0.66725,-0.0002778502,
0.6675,0.0008893054,
0.66775,0.0035748561,
0.668,0.0120955575,
0.66825,0.0143508418,
0.6685,0.0011655539,
0.66875,0.0088233892,
0.669,0.0176603831,
0.66925,0.0042452062,
0.6695,0.0068708220,
0.66975,0.0040011583,
0.67,0.0062941145,
0.67025,0.0154804122,
0.6705,0.0022671502,
0.67075,-0.0024915021,
0.671,0.0056494633,
0.67125,0.0031840624,
0.6715,0.0032417537,
0.67175,0.0021895752,
0.672,0.0012788905,
0.67225,0.0089683915,
0.6725,0.0040827245,
0.67275,-0.0029860102,
0.673,-0.0032105502,
0.67325,0.0080680558,
0.6735,0.0098011652,
0.67375,-0.0025759775,
0.674,-0.0055494746,
0.67425,0.0037164195,
0.6745,0.0089528859,
0.67475,-0.0048958482,
0.675,-0.0068840357,
0.67525,0.0026416099,
0.6755,0.0002419279,
0.67575,-0.0045534228,
0.676,-0.0095592840,
0.67625,-0.0002883940,
0.6765,0.0068514561,
0.67675,-0.0011923726,
0.677,-0.0043352516,
0.67725,0.0062176771,
0.6775,0.0087798936,
0.67775,0.0041191564,
0.678,0.0045747478,
0.67825,-0.0004757132,
0.6785,0.0072171921,
0.67875,0.0091987140,
0.679,0.0022815536,
0.67925,0.0027307686,
0.6795,0.0046371650,
0.67975,0.0084155975,
0.68,0.0075218724,
0.68025,0.0015034981,
0.6805,0.0079350043,
0.68075,0.0123684648,
0.681,0.0060015875,
0.68125,0.0008467402,
0.6815,0.0027042250,
0.68175,0.0152394781,
0.682,0.0116362507,
0.68225,0.0059721628,
0.6825,0.0009455805,
0.68275,0.0107459016,
0.683,0.0133852484,
0.68325,-0.0033248779,
0.6835,0.0034708353,
0.68375,0.0027844724,
0.684,0.0060666613,
0.68425,0.0012105661,
0.6845,-0.0083949715,
0.68475,0.0052415342,
0.685,0.0069467928,
0.68525,-0.0021493896,
0.6855,-0.0063758041,
0.68575,0.0014354722,
0.686,-0.0010023725,
0.68625,-0.0027093673,
0.6865,-0.0062012249,
0.68675,-0.0065117320,
0.687,0.0025170946,
0.68725,-0.0029942088,
0.6875,-0.0039295247,
0.68775,-0.0040692668,
0.688,-0.0005107513,
0.68825,0.0026722313,
0.6885,-0.0023081384,
0.68875,-0.0085365567,
0.689,-0.0037811454,
0.68925,0.0018032377,
0.6895,-0.0001398091,
0.68975,-0.0054481602,
0.69,-0.0027751350,
0.69025,0.0097669326,
0.6905,0.0034614988,
0.69075,-0.0130558778,
0.691,-0.0023612794,
0.69125,0.0133204293,
0.6915,0.0035588378,
0.69175,-0.0039713029,
0.692,-0.0021546960,
0.69225,0.0058393888,
0.6925,0.0066451398,
0.69275,-0.0059340890,
0.693,0.0003961455,
0.69325,0.0115918778,
0.6935,0.0058947327,
0.69375,-0.0006498997,
0.694,-0.0003583139,
0.69425,0.0045909332,
0.6945,0.0020739778,
0.69475,0.0048594186,
0.695,0.0025888926,
0.69525,0.0037261238,
0.6955,0.0036415481,
0.69575,0.0041905143,
0.696,-0.0045655193,
0.69625,-0.0046823816,
0.6965,0.0041880812,
0.69675,0.0020528364,
0.697,0.0006713283,
0.69725,-0.0059356932,
0.6975,0.0018377400,
0.69775,0.0085712895,
0.698,-0.0036786823,
0.69825,-0.0058368025,
0.6985,0.0050594741,
0.69875,0.0054750503,
0.699,-0.0073225326,
0.69925,-0.0109590422,
0.6995,-0.0029338184,
0.69975,0.0088235838,
0.7,-0.0049117580,
0.70025,-0.0135650998,
0.7005,0.0006142218,
0.70075,-0.0000757027,
0.701,-0.0083210403,
0.70125,-0.0066586696,
0.7015,-0.0061192270,
0.70175,0.0025498576,
0.702,0.0001465956,
0.70225,-0.0134301977,
0.7025,-0.0014512413,
0.70275,0.0016226140,
0.703,-0.0059400368,
0.70325,0.0045440989,
0.7035,-0.0046742233,
0.70375,-0.0034040385,
0.704,0.0070805824,
0.70425,-0.0052366806,
0.7045,-0.0052285106,
0.70475,0.0024240660,
0.705,-0.0012437855,
0.70525,0.0042324844,
0.7055,0.0001927124,
0.70575,-0.0013362020,
0.706,0.0099425251,
0.70625,0.0052099247,
0.7065,-0.0046524531,
0.70675,0.0025996917,
0.707,0.0125222243,
0.70725,0.0067034215,
0.7075,-0.0006626454,
0.70775,-0.0071342252,
0.708,0.0085272891,
0.70825,0.0110724187,
0.7085,-0.0055436455,
0.70875,0.0050514936,
0.709,0.0048488844,
0.70925,0.0020702737,
0.7095,-0.0016314869,
0.70975,-0.0064211413,
0.71,0.0078774421,
0.71025,0.0068743965,
0.7105,-0.0030261739,
0.71075,-0.0037135442,
0.711,0.0008825490,
0.71125,-0.0016431387,
0.7115,-0.0020453245,
0.71175,-0.0037924249,
0.712,-0.0065059005,
0.71225,0.0007456869,
0.7125,-0.0024282176,
0.71275,-0.0032433383,
0.713,-0.0008838863,
0.71325,-0.0007375152,
0.7135,0.0015305413,
0.71375,-0.0024118929,
0.714,-0.0067788893,
0.71425,-0.0004755727,
0.7145,0.0028122268,
0.71475,-0.0029030538,
0.715,-0.0070293229,
0.71525,-0.0019790626,
0.7155,0.0043122838,
0.71575,-0.0024488508,
0.716,-0.0094459234,
0.71625,0.0005909620,
0.7165,0.0057900841,
0.71675,-0.0005947802,
0.717,-0.0068600886,
0.71725,-0.0037274752,
0.7175,0.0035235770,
0.71775,0.0012225108,
0.718,-0.0034937211,
0.71825,0.0009287726,
0.7185,0.0080823535,
0.71875,0.0026980916,
0.719,-0.0019812551,
0.71925,-0.0030448120,
0.7195,0.0037172828,
0.71975,0.0110585382,
0.72,-0.0005056046,
0.72025,0.0048173750,
0.7205,0.0033422376,
0.72075,0.0003134047,
0.721,0.0037651546,
0.72125,-0.0024982649,
0.7215,0.0031862806,
0.72175,0.0066119349,
0.722,0.0052209813,
0.72225,0.0018261338,
0.7225,-0.0010492814,
0.72275,0.0034138691,
0.723,0.0102457665,
0.72325,0.0051823137,
0.7235,-0.0026888647,
0.72375,0.0094356816,
0.724,0.0118217608,
0.72425,-0.0062902123,
0.7245,-0.0068356073,
0.72475,0.0081982119,
0.725,0.0126414923,
0.72525,-0.0026704127,
0.7255,-0.0045364262,
0.72575,0.0082520684,
0.726,0.0065316125,
0.72625,-0.0066646095,
0.7265,-0.0012593518,
0.72675,0.0094282934,
0.727,0.0025170031,
0.72725,-0.0055911723,
0.7275,-0.0011178290,
0.72775,0.0025462823,
0.728,-0.0003322428,
0.72825,-0.0004877782,
0.7285,0.0028507966,
0.72875,-0.0011841484,
0.729,-0.0044560870,
0.72925,0.0036897687,
0.7295,0.0013935817,
0.72975,-0.0039350605,
0.73,-0.0013956042,
0.73025,0.0017359792,
0.7305,0.0025287950,
0.73075,-0.0063053640,
0.731,-0.0037873276,
0.73125,0.0101252077,
0.7315,-0.0013385462,
0.73175,-0.0060332143,
0.732,0.0034744469,
0.73225,0.0083921580,
0.7325,0.0032943778,
0.73275,-0.0080695860,
0.733,0.0017632325,
0.73325,0.0104258684,
0.7335,0.0014202497,
0.73375,-0.0047662761,
0.734,0.0016570771,
0.73425,0.0033307516,
0.7345,0.0020954749,
0.73475,-0.0015379187,
0.735,0.0003037869,
0.73525,0.0079449741,
0.7355,0.0044910801,
0.73575,0.0012634351,
0.736,0.0022456348,
0.73625,0.0030304282,
0.7365,0.0057822242,
0.73675,0.0014230405,
0.737,-0.0018994884,
0.73725,-0.0007103535,
0.7375,0.0053559169,
0.73775,0.0048048492,
0.738,-0.0007051244,
0.73825,0.0017180326,
0.7385,0.0037354752,
0.73875,0.0059544062,
0.739,-0.0039945724,
0.73925,0.0013851454,
0.7395,0.0103760613,
0.73975,0.0015279769,
0.74,0.0005997909,
0.74025,-0.0090476144,
0.7405,0.0016779411,
0.74075,0.0075333868,
0.741,-0.0107502565,
0.74125,-0.0009592383,
0.7415,0.0026250686,
0.74175,0.0023174495,
0.742,-0.0035943941,
0.74225,-0.0092938514,
0.7425,-0.0021868176,
0.74275,0.0002874877,
0.743,-0.0052324771,
0.74325,-0.0093067782,
0.7435,-0.0003017429,
0.74375,-0.0009101725,
0.744,-0.0095830709,
0.74425,-0.0101872301,
0.7445,-0.0078908671,
0.74475,-0.0014255407,
0.745,-0.0037215771,
0.74525,-0.0077507291,
0.7455,-0.0075568957,
0.74575,-0.0082648834,
0.746,-0.0028297571,
0.74625,-0.0049242233,
0.7465,-0.0031783737,
0.74675,-0.0002462879,
0.747,-0.0015354771,
0.74725,-0.0033087286,
0.7475,-0.0078795254,
0.74775,-0.0060130833,
0.748,0.0001980014,
0.74825,0.0009783923,
0.7485,-0.0055114604,
0.74875,-0.0038057049,
0.749,0.0048699193,
0.74925,0.0012883272,
0.7495,-0.0077454187,
0.74975,-0.0004287281,
0.75,0.0043394412,
0.75025,0.0011876456,
0.7505,-0.0027867933,
0.75075,-0.0052464632,
0.751,0.0017203910,
0.75125,0.0036240134,
0.7515,-0.0064015100,
0.75175,-0.0021369630,
0.752,0.0012442138,
0.75225,-0.0039872001,
0.7525,-0.0069628069,
0.75275,-0.0073734056,
0.753,-0.0084161703,
0.75325,0.0000945082,
0.7535,-0.0061144982,
0.75375,-0.0086460980,
0.754,-0.0077489433,
0.75425,-0.0080871247,
0.7545,-0.0042959210,
0.75475,-0.0107857380,
0.755,-0.0123533439,
0.75525,-0.0066021578,
0.7555,-0.0052874326,
0.75575,-0.0102279503,
0.756,-0.0115507748,
0.75625,-0.0084671741,
0.7565,-0.0035918383,
0.75675,-0.0075328113,
0.757,-0.0212409887,
0.75725,-0.0066425316,
0.7575,0.0042943992,
0.75775,-0.0131898923,
0.758,-0.0156375822,
0.75825,-0.0036925729,
0.7585,0.0002417743,
0.75875,-0.0084586293,
0.759,-0.0122233033,
0.75925,-0.0049406923,
0.7595,0.0027078418,
0.75975,-0.0083960956,
0.76,-0.0106361499,
0.76025,0.0058409516,
0.7605,0.0033467566,
0.76075,-0.0028408519,
0.761,-0.0019391591,
0.76125,-0.0017598800,
0.7615,-0.0025497447,
0.76175,-0.0026148360,
0.762,0.0044413586,
0.76225,-0.0001908938,
0.7625,-0.0042180442,
0.76275,0.0042812051,
0.763,0.0029113363,
0.76325,-0.0047860183,
0.7635,-0.0049302243,
0.76375,0.0033751072,
0.764,0.0070796954,
0.76425,-0.0017665968,
0.7645,-0.0057917046,
0.76475,0.0094382577,
0.765,0.0054117381,
0.76525,-0.0086558945,
0.7655,0.0007308836,
0.76575,0.0099901063,
0.766,0.0065869046,
0.76625,-0.0037125011,
0.7665,-0.0035863793,
0.76675,0.0054960698,
0.767,0.0053253397,
0.76725,-0.0071489043,
0.7675,-0.0099804662,
0.76775,0.0039772335,
0.768,-0.0033049590,
0.76825,-0.0052097957,
0.7685,-0.0016415564,
0.76875,-0.0045222887,
0.769,0.0055777105,
0.76925,-0.0045116050,
0.7695,-0.0078112530,
0.76975,0.0004471766,
0.77,-0.0047774226,
0.77025,0.0014382200,
0.7705,-0.0005073760,
0.77075,-0.0111413244,
0.771,-0.0040701367,
0.77125,-0.0012832460,
0.7715,-0.0096094338,
0.77175,-0.0007038956,
0.772,-0.0005525468,
0.77225,-0.0010828445,
0.7725,0.0027320404,
0.77275,-0.0129959630,
0.773,-0.0039149970,
0.77325,0.0096512334,
0.7735,-0.0009414017,
0.77375,-0.0060847267,
0.774,-0.0030585772,
0.77425,0.0031831942,
0.7745,0.0059356592,
0.77475,-0.0039012756,
0.775,-0.0012303859,
0.77525,0.0097973160,
0.7755,0.0024969424,
0.77575,-0.0082848594,
0.776,-0.0023491757,
0.77625,0.0016327805,
0.7765,0.0009415200,
0.77675,0.0021946870,
0.777,-0.0013218563,
0.77725,0.0091917850,
0.7775,0.0089414036,
0.77775,-0.0038415049,
0.778,0.0012910471,
0.77825,-0.0005521766,
0.7785,0.0038582566,
0.77875,0.0064749960,
0.779,-0.0004296843,
0.77925,-0.0006240753,
0.7795,0.0045122029,
0.77975,0.0046092523,
0.78,-0.0007852409,
0.78025,0.0040513701,
0.7805,0.0032036833,
0.78075,0.0083727753,
0.781,0.0027567067,
0.78125,-0.0056479848,
0.7815,0.0046423958,
0.78175,0.0071051433,
0.782,0.0062581752,
0.78225,-0.0014744624,
0.7825,0.0040536597,
0.78275,0.0105358707,
0.783,0.0026905877,
0.78325,-0.0024841863,
0.7835,-0.0048299707,
0.78375,0.0035430354,
0.784,0.0000605604,
0.78425,-0.0076840715,
0.7845,-0.0048666196,
0.78475,0.0036286674,
0.785,0.0030667009,
0.78525,-0.0040197088,
0.7855,-0.0029568132,
0.78575,0.0038319652,
0.786,0.0037764888,
0.78625,-0.0004750782,
0.7865,-0.0017330102,
0.78675,-0.0007317167,
0.787,0.0063306186,
0.78725,0.0004200539,
0.7875,-0.0041707526,
0.78775,0.0002711737,
0.788,0.0001765334,
0.78825,0.0070195640,
0.7885,-0.0007484361,
0.78875,-0.0005231802,
0.789,0.0041278191,
0.78925,0.0010302592,
0.7895,0.0008491781,
0.78975,-0.0063857082,
0.79,0.0049543935,
0.79025,0.0146920132,
0.7905,0.0064663738,
0.79075,-0.0063825250,
0.791,0.0010744871,
0.79125,0.0115297185,
0.7915,0.0026354755,
0.79175,-0.0057788584,
0.792,0.0030726299,
0.79225,0.0116367247,
0.7925,0.0044400450,
0.79275,-0.0066341842,
0.793,0.0015448784,
0.79325,0.0106843337,
0.7935,0.0004571104,
0.79375,-0.0002508714,
0.794,0.0032524331,
0.79425,0.0049398756,
0.7945,0.0060742623,
0.79475,-0.0019130780,
0.795,0.0024635140,
0.79525,0.0035516059,
0.7955,0.0018024842,
0.79575,0.0056126644,
0.796,-0.0013549753,
0.79625,-0.0052944529,
0.7965,0.0047103087,
0.79675,0.0050818250,
0.797,-0.0115419934,
0.79725,-0.0078006140,
0.7975,0.0030753550,
0.79775,0.0040922877,
0.798,-0.0042736703,
0.79825,-0.0102547286,
0.7985,0.0095718484,
0.79875,0.0095655946,
0.799,-0.0099855429,
0.79925,-0.0089549934,
0.7995,0.0019554007,
0.79975,0.0073601473,
0.8,-0.0076180976,
0.80025,-0.0120530929,
0.8005,0.0017445673,
0.80075,0.0001185274,
0.801,-0.0078759147,
0.80125,-0.0099001694,
0.8015,-0.0012332440,
0.80175,0.0040156031,
0.802,-0.0018080267,
0.80225,-0.0007232841,
0.8025,-0.0011030687,
0.80275,0.0042946688,
0.803,0.0026049037,
0.80325,-0.0007198098,
0.8035,0.0018752752,
0.80375,0.0002464155,
0.804,0.0071691447,
0.80425,0.0055799237,
0.8045,-0.0069382824,
0.80475,-0.0007053551,
0.805,0.0074732527,
0.80525,0.0068450142,
0.8055,0.0022771498,
0.80575,0.0065605361,
0.806,0.0101451874,
0.80625,0.0092391139,
0.8065,-0.0054081967,
0.80675,-0.0050310846,
0.807,0.0159292780,
0.80725,0.0104510961,
0.8075,0.0025546071,
0.80775,-0.0013920546,
0.808,0.0097515881,
0.80825,0.0108894343,
0.8085,-0.0042351666,
0.80875,-0.0019257856,
0.809,0.0015651083,
0.80925,0.0050987676,
0.8095,-0.0072342600,
0.80975,-0.0109258099,
0.81,0.0005385758,
0.81025,-0.0002970689,
0.8105,-0.0048877136,
0.81075,-0.0050715660,
0.811,-0.0076504732,
0.81125,0.0008041331,
0.8115,-0.0015860961,
0.81175,-0.0092489375,
0.812,-0.0082283104,
0.81225,-0.0052445428,
0.8125,-0.0049080518,
0.81275,-0.0049940799,
0.813,-0.0099467961,
0.81325,-0.0056383256,
0.8135,0.0009064722,
0.81375,-0.0076141348,
0.814,-0.0137805566,
0.81425,-0.0004695279,
0.8145,0.0021200313,
0.81475,0.0003437152,
0.815,-0.0051995651,
0.81525,-0.0074513168,
0.8155,0.0058715818,
0.81575,0.0059168162,
0.816,-0.0086417673,
0.81625,-0.0051851361,
0.8165,0.0118291145,
0.81675,0.0048680925,
0.817,-0.0030133070,
0.81725,0.0019308099,
0.8175,0.0052306098,
0.81775,0.0113835745,
0.818,0.0011887329,
0.81825,-0.0060707061,
0.8185,0.0101819802,
0.81875,0.0093725407,
0.819,-0.0023228854,
0.81925,0.0016013930,
0.8195,0.0060606347,
0.81975,0.0046802219,
0.82,0.0043269405,
0.82025,-0.0012235676,
0.8205,0.0000923606,
0.82075,0.0050710472,
0.821,0.0029205370,
0.82125,0.0021929129,
0.8215,0.0009257171,
0.82175,-0.0018778276,
0.822,0.0043245712,
0.82225,0.0040938891,
0.8225,-0.0079751629,
0.82275,0.0007186342,
0.823,0.0051734140,
0.82325,0.0025775984,
0.8235,-0.0085813394,
0.82375,-0.0082171429,
0.824,0.0109551232,
0.82425,0.0016007335,
0.8245,-0.0169140957,
0.82475,-0.0052186996,
0.825,0.0078772157,
0.82525,-0.0044551091,
0.8255,-0.0112589821,
0.82575,-0.0056442362,
0.826,0.0014794343,
0.82625,0.0041076364,
0.8265,-0.0088674985,
0.82675,-0.0040753828,
0.827,0.0115082422,
0.82725,0.0010788937,
0.8275,-0.0016822473,
0.82775,0.0010766210,
0.828,-0.0029812253,
0.82825,0.0002505109,
0.8285,0.0030242675,
0.82875,-0.0036248635,
0.829,-0.0019789401,
0.82925,0.0048532346,
0.8295,0.0077987951,
0.82975,0.0042886771,
0.83,-0.0026004533,
0.83025,0.0049324469,
0.8305,0.0105652716,
0.83075,0.0025727877,
0.831,0.0003504812,
0.83125,0.0112172235,
0.8315,0.0158670023,
0.83175,0.0030221404,
0.832,-0.0038991151,
0.83225,0.0086465115,
0.8325,0.0193087477,
0.83275,0.0042231912,
0.833,-0.0027601933,
0.83325,0.0111654699,
0.8335,0.0112284198,
0.83375,0.0005987012,
0.834,-0.0059357220,
0.83425,0.0072446875,
0.8345,0.0089309858,
0.83475,0.0032461199,
0.835,0.0013364104,
0.83525,0.0046177646,
0.8355,0.0101551590,
0.83575,0.0003930426,
0.836,0.0001016585,
0.83625,0.0035485148,
0.8365,0.0027117950,
0.83675,0.0060356925,
0.837,0.0008399671,
0.83725,-0.0034660790,
0.8375,-0.0033155093,
0.83775,0.0032568120,
0.838,0.0027876585,
0.83825,-0.0069967099,
0.8385,-0.0001041714,
0.83875,0.0045836428,
0.839,0.0018219037,
0.83925,-0.0043204529,
0.8395,-0.0032929217,
0.83975,0.0078527369,
0.84,0.0077390061,
0.84025,-0.0054678535,
0.8405,-0.0064129378,
0.84075,0.0122209378,
0.841,0.0064160665,
0.84125,-0.0061015189,
0.8415,0.0033038578,
0.84175,0.0086456481,
0.842,0.0092818113,
0.84225,-0.0005064999,
0.8425,0.0006466303,
0.84275,0.0116590243,
0.843,0.0098672118,
0.84325,0.0017939080,
0.8435,0.0038873930,
0.84375,0.0096467044,
0.844,0.0114200218,
0.84425,0.0076881526,
0.8445,0.0068161497,
0.84475,0.0068673776,
0.845,0.0090238117,
0.84525,0.0105712432,
0.8455,0.0039735064,
0.84575,0.0012702080,
0.846,0.0091088852,
0.84625,0.0099793635,
0.8465,0.0077239480,
0.84675,0.0035897756,
0.847,0.0049282261,
0.84725,0.0105092395,
0.8475,0.0022925243,
0.84775,-0.0015286151,
0.848,0.0039658332,
0.84825,0.0090367673,
0.8485,0.0022802076,
0.84875,-0.0038255397,
0.849,0.0010448080,
0.84925,0.0059685814,
0.8495,0.0013645610,
0.84975,-0.0056983549,
0.85,0.0034218458,
0.85025,0.0063567692,
0.8505,0.0022453794,
0.85075,-0.0050170622,
0.851,-0.0056587877,
0.85125,0.0023471233,
0.8515,-0.0038433368,
0.85175,-0.0045988802,
0.852,-0.0044892654,
0.85225,0.0017830242,
0.8525,0.0008463740,
0.85275,-0.0076115699,
0.853,-0.0080253379,
0.85325,-0.0051553263,
0.8535,-0.0012768740,
0.85375,-0.0040483917,
0.854,-0.0037698103,
0.85425,-0.0039600423,
0.8545,-0.0005339638,
0.85475,0.0018344668,
0.855,-0.0052096737,
0.85525,0.0031159597,
0.8555,0.0031965959,
0.85575,0.0013800443,
0.856,-0.0018775421,
0.85625,-0.0094314953,
0.8565,-0.0001621641,
0.85675,0.0065732701,
0.857,0.0002087563,
0.85725,-0.0085120946,
0.8575,0.0053629843,
0.85775,0.0051697600,
0.858,-0.0068694148,
0.85825,-0.0053105508,
0.8585,0.0034969451,
0.85875,0.0091015678,
0.859,-0.0035144100,
0.85925,-0.0081094168,
0.8595,0.0033141621,
0.85975,0.0008437970,
0.86,0.0009409677,
0.86025,-0.0014777693,
0.8605,0.0067480458,
0.86075,0.0049770135,
0.861,-0.0042953272,
0.86125,-0.0020233735,
0.8615,0.0002016878,
0.86175,-0.0031225532,
0.862,-0.0003185485,
0.86225,0.0012205943,
0.8625,-0.0105169564,
0.86275,-0.0018208548,
0.863,0.0011461966,
0.86325,-0.0073443949,
0.8635,0.0005847746,
0.86375,-0.0102909012,
0.864,0.0017651810,
0.86425,0.0018387148,
0.8645,-0.0129345246,
0.86475,-0.0007217680,
0.865,0.0064997850,
0.86525,-0.0012347263,
0.8655,-0.0082281558,
0.86575,-0.0062799286,
0.866,0.0016468548,
0.86625,-0.0021039913,
0.8665,-0.0118770646,
0.86675,-0.0075634359,
0.867,0.0018662185,
0.86725,-0.0038175024,
0.8675,-0.0146477837,
0.86775,-0.0068423729,
0.868,-0.0035599305,
0.86825,-0.0087779602,
0.8685,-0.0069113034,
0.86875,-0.0088261832,
0.869,-0.0022087684,
0.86925,-0.0028069969,
0.8695,-0.0073449910,
0.86975,-0.0038742395,
0.87,-0.0040239403,
0.87025,-0.0057036891,
0.8705,-0.0003492789,
0.87075,-0.0052156374,
0.871,-0.0100396797,
0.87125,-0.0004427179,
0.8715,-0.0021337650,
0.87175,-0.0116652446,
0.872,-0.0056119361,
0.87225,-0.0053653838,
0.8725,-0.0011710725,
0.87275,-0.0038620338,
0.873,-0.0078991437,
0.87325,0.0037828451,
0.8735,0.0072848285,
0.87375,-0.0054059280,
0.874,-0.0080614612,
0.87425,0.0055235932,
0.8745,0.0030954673,
0.87475,0.0011417009,
0.875,-0.0009273767,
0.87525,-0.0009856333,
0.8755,0.0078213811,
0.87575,-0.0050139083,
0.876,-0.0083940681,
0.87625,0.0065148021,
0.8765,0.0023451163,
0.87675,-0.0029951385,
0.877,-0.0017020856,
0.87725,-0.0003348683,
0.8775,0.0029990268,
0.87775,0.0013227428,
0.878,-0.0063609257,
0.87825,-0.0010392040,
0.8785,-0.0011774687,
0.87875,-0.0076109595,
0.879,-0.0019838663,
0.87925,-0.0082887523,
0.8795,-0.0050688121,
0.87975,0.0047271284,
0.88,-0.0043990365,
0.88025,-0.0067874785,
0.8805,0.0005105935,
0.88075,-0.0021157262,
0.881,-0.0017086208,
0.88125,-0.0087066386,
0.8815,-0.0110273799,
0.88175,0.0018680322,
0.882,-0.0038781464,
0.88225,-0.0137786642,
0.8825,-0.0024705075,
0.88275,0.0004425971,
0.883,-0.0021133614,
0.88325,-0.0036009133,
0.8835,-0.0059076892,
0.88375,-0.0021310679,
0.884,0.0002182020,
0.88425,-0.0054311776,
0.8845,-0.0072140237,
0.88475,0.0001756988,
0.885,0.0041274200,
0.88525,0.0004622838,
0.8855,0.0011766751,
0.88575,0.0029899729,
0.886,0.0086591868,
0.88625,0.0020781485,
0.8865,-0.0064339312,
0.88675,-0.0046361410,
0.887,0.0015361197,
0.88725,0.0023354893,
0.8875,-0.0011115515,
0.88775,0.0030884158,
0.888,0.0049714567,
0.88825,-0.0003466507,
0.8885,0.0012074736,
0.88875,0.0002230131,
0.889,0.0059851515,
0.88925,0.0086966548,
0.8895,0.0014082559,
0.88975,-0.0002008252,
0.89,0.0036574330,
0.89025,0.0089133661,
0.8905,0.0083759679,
0.89075,-0.0029855652,
0.891,-0.0007550082,
0.89125,0.0102658737,
0.8915,-0.0011962906,
0.89175,-0.0065191668,
0.892,-0.0017638945,
0.89225,0.0009826438,
0.8925,-0.0017195435,
0.89275,-0.0064801774,
0.893,-0.0041677766,
0.89325,0.0086526908,
0.8935,0.0012810702,
0.89375,-0.0043778243,
0.894,0.0040288218,
0.89425,-0.0006113660,
0.8945,-0.0045487224,
0.89475,-0.0021865286,
0.895,-0.0071569737,
0.89525,-0.0027613440,
0.8955,0.0005977089,
0.89575,-0.0027269637,
0.896,-0.0013699533,
0.89625,-0.0061657834,
0.8965,0.0016127295,
0.89675,0.0030900636,
0.897,-0.0032136240,
0.89725,0.0023325058,
0.8975,0.0078710057,
0.89775,0.0045757513,
0.898,-0.0022608729,
0.89825,-0.0074896887,
0.8985,0.0096451258,
0.89875,0.0119896084,
0.899,-0.0070560100,
0.89925,-0.0013739236,
0.8995,0.0105675068,
0.89975,0.0055714007,
0.9,0.0035122414,
0.90025,0.0003358126,
0.9005,0.0058710845,
0.90075,0.0100206537,
0.901,-0.0031803427,
0.90125,-0.0041717682,
0.9015,0.0103960764,
0.90175,0.0047219801,
0.902,0.0012291507,
0.90225,0.0045708758,
0.9025,0.0005765225,
0.90275,0.0075874296,
0.903,0.0052364534,
0.90325,-0.0003923658,
0.9035,0.0045172130,
0.90375,0.0024688335,
0.904,0.0044676159,
0.90425,0.0039924392,
0.9045,-0.0031095089,
0.90475,0.0027119319,
0.905,0.0078644743,
0.90525,-0.0001496485,
0.9055,0.0007740480,
0.90575,-0.0009599817,
0.906,0.0037103784,
0.90625,0.0041134846,
0.9065,-0.0052634398,
0.90675,-0.0016966525,
0.907,0.0102135083,
0.90725,0.0021507842,
0.9075,-0.0075554340,
0.90775,-0.0069928654,
0.908,0.0037125549,
0.90825,0.0032766964,
0.9085,-0.0090033785,
0.90875,-0.0038582648,
0.909,0.0021384466,
0.90925,0.0002151502,
0.9095,-0.0075040082,
0.90975,-0.0075922417,
0.91,-0.0002860279,
0.91025,0.0017997109,
0.9105,-0.0054367511,
0.91075,-0.0046664001,
0.911,0.0009198227,
0.91125,-0.0021575114,
0.9115,-0.0063528223,
0.91175,-0.0049326289,
0.912,-0.0050943065,
0.91225,-0.0011393232,
0.9125,0.0017562822,
0.91275,-0.0059000817,
0.913,-0.0030931197,
0.91325,-0.0008694759,
0.9135,-0.0006699724,
0.91375,-0.0000377833,
0.914,-0.0050811833,
0.91425,0.0006512210,
0.9145,0.0070962869,
0.91475,-0.0051254733,
0.915,-0.0070632938,
0.91525,-0.0007369545,
0.9155,0.0044333162,
0.91575,0.0044555664,
0.916,-0.0052704997,
0.91625,-0.0013123844,
0.9165,0.0136011709,
0.91675,0.0007529246,
0.917,-0.0041550035,
0.91725,0.0020063771,
0.9175,0.0000502103,
0.91775,0.0004513195,
0.918,-0.0065265605,
0.91825,-0.0080104358,
0.9185,0.0057761008,
0.91875,0.0026406839,
0.919,-0.0075186118,
0.91925,-0.0037722080,
0.9195,-0.0006532237,
0.91975,-0.0050273910,
0.92,-0.0024899773,
0.92025,-0.0073496108,
0.9205,-0.0048827203,
0.92075,0.0044464483,
0.921,-0.0094675981,
0.92125,-0.0065930542,
0.9215,-0.0027947086,
0.92175,-0.0087539600,
0.922,-0.0030127540,
0.92225,-0.0072687208,
0.9225,-0.0113425022,
0.92275,-0.0033893387,
0.923,-0.0011817656,
0.92325,-0.0069856090,
0.9235,-0.0128655732,
0.92375,-0.0027009901,
0.924,0.0064025884,
0.92425,-0.0018199480,
0.9245,-0.0136602502,
0.92475,-0.0056678085,
0.925,0.0089073665,
0.92525,-0.0028283084,
0.9255,-0.0136550991,
0.92575,0.0000146936,
0.926,0.0056523499,
0.92625,-0.0030719959,
0.9265,-0.0081061646,
0.92675,-0.0007295355,
0.927,0.0039967354,
0.92725,0.0005987833,
0.9275,-0.0037040892,
0.92775,-0.0034111915,
0.928,0.0030336757,
0.92825,-0.0010161200,
0.9285,0.0008218333,
0.92875,-0.0013481879,
0.929,-0.0065941596,
0.92925,0.0033888542,
0.9295,0.0034029637,
0.92975,-0.0026209056,
0.93,-0.0008715185,
0.93025,0.0076379180,
0.9305,0.0056778272,
0.93075,-0.0058135530,
0.931,-0.0043761916,
0.93125,0.0081845652,
0.9315,0.0105094239,
0.93175,-0.0041736774,
0.932,-0.0025727502,
0.93225,0.0102658179,
0.9325,0.0065138955,
0.93275,-0.0025257515,
0.933,-0.0078383675,
0.93325,0.0075864112,
0.9335,0.0098560303,
0.93375,-0.0077691786,
0.934,-0.0109376190,
0.93425,-0.0028408440,
0.9345,-0.0005859880,
0.93475,-0.0053757140,
0.935,-0.0067492253,
0.93525,-0.0014303310,
0.9355,0.0025581708,
0.93575,-0.0026245785,
0.936,-0.0084938938,
0.93625,-0.0017835640,
0.9365,0.0035040923,
0.93675,-0.0022070382,
0.937,-0.0024743741,
0.93725,-0.0069321343,
0.9375,-0.0060123904,
0.93775,0.0000508887,
0.938,-0.0037842079,
0.93825,-0.0084000286,
0.9385,-0.0039273272,
0.93875,0.0013458751,
0.939,-0.0030888673,
0.93925,-0.0042523425,
0.9395,-0.0033587555,
0.93975,0.0034225998,
0.94,0.0123164728,
0.94025,-0.0081962850,
0.9405,-0.0078258980,
0.94075,0.0135408202,
0.941,0.0076605827,
0.94125,-0.0032293373,
0.9415,-0.0024706433,
0.94175,0.0115805231,
0.942,0.0104502859,
0.94225,-0.0006714812,
0.9425,-0.0058331294,
0.94275,0.0108973496,
0.943,0.0111829285,
0.94325,-0.0034119580,
0.9435,0.0028801505,
0.94375,0.0056047267,
0.944,0.0093725305,
0.94425,0.0045375451,
0.9445,0.0028345340,
0.94475,0.0083005484,
0.945,0.0079261409,
0.94525,0.0100143896,
0.9455,0.0044323760,
0.94575,0.0006515704,
0.946,0.0039760950,
0.94625,0.0078559080,
0.9465,0.0070046219,
0.94675,-0.0058392626,
0.947,0.0040602055,
0.94725,0.0059767747,
0.9475,0.0030611779,
0.94775,-0.0017142936,
0.948,-0.0012452878,
0.94825,0.0094150510,
0.9485,0.0014367105,
0.94875,-0.0079155676,
0.949,-0.0015854265,
0.94925,0.0084005697,
0.9495,0.0026569050,
0.94975,-0.0075658034,
0.95,-0.0057585742,
0.95025,0.0008951572,
0.9505,0.0011317485,
0.95075,-0.0110871475,
0.951,-0.0077272505,
0.95125,0.0031559304,
0.9515,0.0017823152,
0.95175,-0.0008799803,
0.952,-0.0065426650,
0.95225,0.0024221870,
0.9525,0.0063718180,
0.95275,-0.0004869823,
0.953,-0.0042293170,
0.95325,0.0019975742,
0.9535,0.0071120001,
0.95375,0.0026668636,
0.954,0.0049064923,
0.95425,0.0009388870,
0.9545,0.0065252879,
0.95475,0.0095347548,
0.955,0.0017076663,
0.95525,0.0065580169,
0.9555,0.0111817289,
0.95575,0.0080672475,
0.956,0.0079204617,
0.95625,0.0009785836,
0.9565,0.0010198241,
0.95675,0.0183581859,
0.957,0.0124307461,
0.95725,-0.0008527358,
0.9575,0.0076771206,
0.95775,0.0123136211,
0.958,0.0111371893,
0.95825,0.0016925699,
0.9585,0.0022484481,
0.95875,0.0131737366,
0.959,0.0080432547,
0.95925,-0.0056026811,
0.9595,-0.0009418691,
0.95975,0.0110384151,
0.96,0.0053182505,
0.96025,-0.0038652057,
0.9605,-0.0020356693,
0.96075,0.0069342363,
0.961,0.0048758537,
0.96125,-0.0036048675,
0.9615,-0.0013638809,
0.96175,-0.0022776667,
0.962,-0.0008071890,
0.96225,0.0059420737,
0.9625,-0.0032611438,
0.96275,-0.0043806680,
0.963,0.0011382959,
0.96325,-0.0018968773,
0.9635,-0.0034709463,
0.96375,-0.0055775950,
0.964,-0.0007846915,
0.96425,0.0060978271,
0.9645,-0.0025247755,
0.96475,-0.0113516636,
0.965,0.0042303563,
0.96525,0.0118852397,
0.9655,-0.0030179713,
0.96575,-0.0112028131,
0.966,0.0027233327,
0.96625,0.0097994301,
0.9665,-0.0003329810,
0.96675,-0.0050341431,
0.967,0.0016892662,
0.96725,0.0103433160,
0.9675,-0.0005085951,
0.96775,-0.0060864985,
0.968,0.0100364247,
0.96825,0.0082135396,
0.9685,0.0026585932,
0.96875,-0.0006907554,
0.969,-0.0017834968,
0.96925,0.0049866335,
0.9695,0.0061972411,
0.96975,0.0032952419,
0.97,0.0026831639,
0.97025,0.0045255763,
0.9705,0.0046387785,
0.97075,0.0043648155,
0.971,-0.0022016647,
0.97125,-0.0036748543,
0.9715,0.0047078817,
0.97175,-0.0005037247,
0.972,-0.0052737696,
0.97225,-0.0010559137,
0.9725,0.0062367627,
0.97275,0.0048444504,
0.973,-0.0019034314,
0.97325,-0.0027833353,
0.9735,0.0030173208,
0.97375,0.0085350210,
0.974,-0.0106575107,
0.97425,-0.0113708545,
0.9745,0.0057477341,
0.97475,0.0023241739,
0.975,-0.0033984007,
0.97525,-0.0076915957,
0.9755,-0.0026783491,
0.97575,0.0027888748,
0.976,-0.0095994547,
0.97625,-0.0100631118,
0.9765,0.0016900203,
0.97675,0.0007116270,
0.977,-0.0089206714,
0.97725,-0.0061751073,
0.9775,0.0001559458,
0.97775,-0.0002734160,
0.978,0.0010911735,
0.97825,-0.0025549764,
0.9785,-0.0037287420,
0.97875,0.0037240633,
0.979,0.0006472842,
0.97925,-0.0007413238,
0.9795,-0.0018320960,
0.97975,-0.0012705298,
0.98,0.0087818801,
0.98025,-0.0002260013,
0.9805,-0.0041486579,
0.98075,0.0042899926,
0.981,0.0026458707,
0.98125,-0.0007486719,
0.9815,-0.0025538052,
0.98175,0.0023459066,
0.982,0.0122124422,
0.98225,0.0047833407,
0.9825,-0.0058968449,
0.98275,0.0036487009,
0.983,0.0086354716,
0.98325,0.0036766229,
0.9835,0.0022393835,
0.98375,-0.0017146212,
0.984,0.0039658677,
0.98425,0.0043654363,
0.9845,-0.0084693339,
0.98475,-0.0014734054,
0.985,0.0064829355,
0.98525,0.0026088927,
0.9855,-0.0020935668,
0.98575,-0.0076768100,
0.986,-0.0016455683,
0.98625,0.0028729972,
0.9865,-0.0048155291,
0.98675,-0.0084064575,
0.987,-0.0019667330,
0.98725,-0.0009039431,
0.9875,-0.0046003060,
0.98775,-0.0015546287,
0.988,-0.0081760604,
0.98825,0.0024889233,
0.9885,-0.0003736277,
0.98875,-0.0097292177,
0.989,0.0007970416,
0.98925,-0.0050517432,
0.9895,-0.0005223417,
0.98975,-0.0032422694,
0.99,-0.0085138176,
0.99025,-0.0009987383,
0.9905,0.0050490238,
0.99075,-0.0062114005,
0.991,-0.0125454292,
0.99125,-0.0011229820,
0.9915,0.0026580221,
0.99175,-0.0014135764,
0.992,-0.0096494677,
0.99225,-0.0009618797,
0.9925,0.0054826355,
0.99275,-0.0007087053,
0.993,-0.0068445802,
0.99325,0.0011379421,
0.9935,0.0100761736,
0.99375,-0.0008950016,
0.994,-0.0032757544,
0.99425,0.0040618451,
0.9945,0.0011934993,
0.99475,0.0010860807,
0.995,0.0008030978,
0.99525,0.0005798842,
0.9955,-0.0009426282,
0.99575,0.0033325604,
0.996,0.0013889263,
0.99625,0.0012146543,
0.9965,-0.0009781439,
0.99675,0.0021012037,
0.997,0.0056436351,
0.99725,-0.0048515857,
0.9975,-0.0030535692,
0.99775,0.0111367889,
0.998,0.0069238255,
0.99825,-0.0053441715,
0.9985,0.0036761977,
0.99875,0.0143433120,
0.999,0.0101947524,
0.99925,-0.0030891844,
0.9995,0.0017422502,
0.99975,0.0152120236,
1,0.0059386743,
1.00025,-0.0056330203,
1.0005,0.0006033858,
1.00075,0.0091866506,
1.001,0.0025134254,
1.00125,-0.0031981894,
1.0015,0.0051623210,
1.00175,0.0062710829,
1.002,0.0055148425,
1.00225,-0.0020110959,
1.0025,0.0019488891,
1.00275,0.0037526395,
1.003,0.0017210071,
1.00325,0.0047103683,
1.0035,0.0006644099,
1.00375,0.0005556488,
1.004,0.0015146780,
1.00425,0.0027753075,
1.0045,-0.0009037883,
1.00475,-0.0018942168,
1.005,0.0003832574,
1.00525,0.0020528296,
1.0055,-0.0014605018,
1.00575,-0.0061664502,
1.006,0.0009941182,
1.00625,0.0034784577,
1.0065,-0.0053122481,
1.00675,-0.0050814208,
1.007,-0.0002883884,
1.00725,0.0097574946,
1.0075,0.0001806556,
1.00775,-0.0097771157,
1.008,0.0057165828,
1.00825,0.0091744158,
1.0085,0.0003413731,
1.00875,-0.0038446321,
1.009,0.0042601670,
1.00925,0.0060639065,
1.0095,0.0023696988,
1.00975,-0.0036860942,
1.01,0.0023095501,
1.01025,0.0080716787,
1.0105,-0.0011579039,
1.01075,-0.0008750840,
1.011,0.0044086403,
1.01125,0.0052310452,
1.0115,0.0060410961,
1.01175,0.0018786537,
1.012,-0.0017382323,
1.01225,0.0024485865,
1.0125,0.0073170993,
1.01275,0.0055283597,
1.013,0.0025385241,
1.01325,0.0071819983,
1.0135,0.0030198819,
1.01375,0.0042543518,
1.014,0.0024650781,
1.01425,0.0029722685,
1.0145,0.0111362701,
1.01475,0.0051881569,
1.015,-0.0032699951,
1.01525,-0.0014606887,
1.0155,0.0068389946,
1.01575,0.0017101282,
1.016,-0.0012738176,
1.01625,-0.0029034195,
1.0165,0.0031063240,
1.01675,0.0067382068,
1.017,-0.0061921119,
1.01725,-0.0022876139,
1.0175,0.0017871724,
1.01775,-0.0007825660,
1.018,-0.0037711659,
1.01825,-0.0059950184,
1.0185,-0.0016999156,
1.01875,-0.0002172292,
1.019,-0.0058750827,
1.01925,-0.0080313403,
1.0195,0.0000637522,
1.01975,-0.0046804496,
1.02,-0.0065029208,
1.02025,-0.0079473155,
1.0205,-0.0144408774,
1.02075,-0.0012287589,
1.021,-0.0002475444,
1.02125,-0.0082365498,
1.0215,-0.0002774204,
1.02175,-0.0027865656,
1.022,-0.0034605372,
1.02225,-0.0022304961,
1.0225,-0.0089586349,
1.02275,0.0020765064,
1.023,0.0043707700,
1.02325,-0.0043188743,
1.0235,-0.0050220075,
1.02375,-0.0041435943,
1.024,0.0014303253,
1.02425,0.0007662363,
1.0245,-0.0058413628,
1.02475,-0.0014198057,
1.025,0.0136695523,
1.02525,-0.0023840254,
1.0255,-0.0077704936,
1.02575,0.0007203568,
1.026,-0.0028815910,
1.02625,0.0043743216,
1.0265,-0.0066519054,
1.02675,-0.0025085299,
1.027,0.0083862357,
1.02725,-0.0034756048,
1.0275,-0.0073791924,
1.02775,-0.0028036828,
1.028,-0.0007963181,
1.02825,-0.0000777639,
1.0285,-0.0007467944,
1.02875,-0.0037927518,
1.029,-0.0070016002,
1.02925,-0.0040336382,
1.0295,-0.0014074980,
1.02975,-0.0072473846,
1.03,-0.0076671140,
1.03025,-0.0013752531,
1.0305,-0.0044639795,
1.03075,-0.0122092161,
1.031,-0.0114289187,
1.03125,-0.0055694217,
1.0315,0.0009833281,
1.03175,-0.0096067395,
1.032,-0.0167009905,
1.03225,0.0026780900,
1.0325,-0.0058970563,
1.03275,-0.0158670861,
1.033,-0.0101805711,
1.03325,-0.0001966572,
1.0335,-0.0002013095,
1.03375,-0.0101567768,
1.034,-0.0138355698,
1.03425,-0.0056141936,
1.0345,-0.0014800177,
1.03475,-0.0129657164,
1.035,-0.0067890272,
1.03525,0.0018290223,
1.0355,-0.0049710479,
1.03575,-0.0038756966,
1.036,-0.0069920700,
1.03625,-0.0035161497,
1.0365,0.0025313629,
1.03675,-0.0017967435,
1.037,-0.0024448903,
1.03725,-0.0017662910,
1.0375,-0.0076711387,
1.03775,-0.0017423388,
1.038,-0.0012953889,
1.03825,-0.0093431287,
1.0385,-0.0010908302,
1.03875,0.0026356378,
1.039,-0.0011699434,
1.03925,-0.0053394935,
1.0395,-0.0028520029,
1.03975,0.0046940725,
1.04,0.0030130306,
1.04025,-0.0038255174,
1.0405,-0.0019659658,
1.04075,0.0151100531,
1.041,0.0043888991,
1.04125,-0.0094889533,
1.0415,0.0014606516,
1.04175,0.0055350731,
1.042,0.0042727739,
1.04225,-0.0067101959,
1.0425,-0.0066377576,
1.04275,0.0056374162,
1.043,-0.0024832715,
1.04325,-0.0090061165,
1.0435,-0.0022492260,
1.04375,0.0031579451,
1.044,0.0022234188,
1.04425,-0.0019672613,
1.0445,-0.0045624133,
1.04475,-0.0017278851,
1.045,0.0002091033,
1.04525,-0.0034999349,
1.0455,-0.0044681402,
1.04575,-0.0053150635,
1.046,-0.0067796325,
1.04625,-0.0023239993,
1.0465,-0.0049815392,
1.04675,-0.0034500498,
1.047,-0.0001558231,
1.04725,0.0025085052,
1.0475,-0.0051788217,
1.04775,-0.0086166393,
1.048,-0.0022427749,
1.04825,0.0005607682,
1.0485,-0.0028902451,
1.04875,-0.0096680298,
1.049,-0.0040980200,
1.04925,0.0081332475,
1.0495,-0.0017430235,
1.04975,-0.0091791134,
1.05,0.0012498631,
1.05025,0.0072267130,
1.0505,-0.0000575336,
1.05075,-0.0057100994,
1.051,-0.0037908512,
1.05125,0.0038248240,
1.0515,-0.0018938828,
1.05175,-0.0069773053,
1.052,0.0003748913,
1.05225,0.0047231494,
1.0525,0.0042243344,
1.05275,-0.0011097924,
1.053,-0.0027013614,
1.05325,-0.0000907014,
1.0535,0.0016620341,
1.05375,0.0016942564,
1.054,-0.0024921303,
1.05425,0.0025987797,
1.0545,0.0038323328,
1.05475,0.0000210059,
1.055,0.0000515938,
1.05525,-0.0005492938,
1.0555,0.0058807675,
1.05575,0.0080265207,
1.056,-0.0011334585,
1.05625,-0.0007765506,
1.0565,0.0032286476,
1.05675,0.0083873523,
1.057,0.0018939235,
1.05725,-0.0029627872,
1.0575,0.0063691325,
1.05775,0.0093477909,
1.058,0.0002373390,
1.05825,-0.0090192351,
1.0585,0.0032595387,
1.05875,0.0040062056,
1.059,-0.0046978467,
1.05925,-0.0102425516,
1.0595,-0.0038077771,
1.05975,0.0060671913,
1.06,-0.0021602232,
1.06025,-0.0026834055,
1.0605,0.0023003598,
1.06075,0.0080324793,
1.061,0.0016982821,
1.06125,-0.0036671436,
1.0615,-0.0021274965,
1.06175,-0.0009501798,
1.062,0.0043000299,
1.06225,0.0030530079,
1.0625,-0.0007276028,
1.06275,-0.0026794854,
1.063,-0.0008825751,
1.06325,0.0053287074,
1.0635,-0.0043866998,
1.06375,0.0003596274,
1.064,0.0101052858,
1.06425,0.0038846098,
1.0645,-0.0043843728,
1.06475,-0.0044392324,
1.065,0.0098984772,
1.06525,0.0143529158,
1.0655,0.0000188142,
1.06575,-0.0017466694,
1.066,0.0142569020,
1.06625,0.0097322538,
1.0665,-0.0019633698,
1.06675,-0.0011858256,
1.067,0.0099765547,
1.06725,0.0132858288,
1.0675,0.0005760606,
1.06775,0.0000188921,
1.068,0.0064373882,
1.06825,0.0034450241,
1.0685,0.0015395680,
1.06875,-0.0019494307,
1.069,0.0071250130,
1.06925,0.0090864701,
1.0695,0.0044483962,
1.06975,0.0046734605,
1.07,0.0032997120,
1.07025,0.0059731686,
1.0705,0.0112654343,
1.07075,0.0015272888,
1.071,-0.0051192883,
1.07125,0.0035750808,
1.0715,0.0016920143,
1.07175,0.0032490650,
1.072,-0.0038385685,
1.07225,-0.0047202315,
1.0725,0.0060193725,
1.07275,0.0007748696,
1.073,-0.0090138996,
1.07325,-0.0004070624,
1.0735,0.0091798184,
1.07375,0.0012721487,
1.074,-0.0078440234,
1.07425,-0.0085234586,
1.0745,0.0043360707,
1.07475,0.0091649592,
1.075,-0.0101375394,
1.07525,-0.0076765446,
1.0755,0.0055609411,
1.07575,-0.0056528957,
1.076,-0.0047466299,
1.07625,-0.0070217769,
1.0765,-0.0006257670,
1.07675,0.0078399815,
1.077,-0.0038008955,
1.07725,-0.0050296923,
1.0775,0.0076710614,
1.07775,0.0007149790,
1.078,0.0002085994,
1.07825,0.0018949744,
1.0785,-0.0033811028,
1.07875,0.0076572266,
1.079,0.0059597124,
1.07925,-0.0042588068,
1.0795,-0.0004761680,
1.07975,0.0006363881,
1.08,0.0059433696,
1.08025,0.0026182286,
1.0805,-0.0012981432,
1.08075,0.0067588920,
1.081,0.0102490447,
1.08125,0.0062575787,
1.0815,-0.0015961168,
1.08175,0.0068014516,
1.082,0.0131200235,
1.08225,0.0078335889,
1.0825,-0.0026307963,
1.08275,-0.0054603145,
1.083,0.0113598863,
1.08325,0.0045870780,
1.0835,-0.0036893818,
1.08375,0.0018993231,
1.084,0.0033745195,
1.08425,0.0038863202,
1.0845,-0.0074187815,
1.08475,-0.0079145953,
1.085,0.0044011376,
1.08525,0.0019990115,
1.0855,-0.0045304922,
1.08575,-0.0067724166,
1.086,-0.0037120720,
1.08625,-0.0020315649,
1.0865,-0.0060184514,
1.08675,-0.0085003143,
1.087,-0.0039062616,
1.08725,-0.0044819284,
1.0875,-0.0077329897,
1.08775,-0.0137293944,
1.088,-0.0164335426,
1.08825,-0.0030087701,
1.0885,-0.0033354652,
1.08875,-0.0070418948,
1.089,-0.0058532171,
1.08925,-0.0091597419,
1.0895,-0.0023740423,
1.08975,-0.0038550091,
1.09,-0.0141007220,
1.09025,0.0035226499,
1.0905,0.0093470495,
1.09075,0.0022776807,
1.091,-0.0056985319,
1.09125,-0.0048869923,
1.0915,0.0084101725,
1.09175,0.0062790336,
1.092,-0.0050181122,
1.09225,-0.0022817822,
1.0925,0.0131395375,
1.09275,0.0033321846,
1.093,-0.0066914922,
1.09325,0.0030182125,
1.0935,0.0075971126,
1.09375,0.0101746703,
1.094,0.0010476420,
1.09425,-0.0004055313,
1.0945,0.0092267133,
1.09475,0.0036193754,
1.095,0.0019432046,
1.09525,0.0027277642,
1.0955,0.0024660318,
1.09575,0.0042112214,
1.096,0.0071494998,
1.09625,-0.0041292873,
1.0965,-0.0025746692,
1.09675,0.0044554481,
1.097,0.0026357342,
1.09725,0.0014128849,
1.0975,-0.0054804799,
1.09775,0.0030754809,
1.098,0.0077719190,
1.09825,-0.0039611459,
1.0985,-0.0111561408,
1.09875,0.0036176948,
1.099,0.0077045592,
1.09925,-0.0062495680,
1.0995,-0.0140191345,
1.09975,-0.0013058130,
1.1,0.0094025051,
1.10025,-0.0078164134,
1.1005,-0.0108170826,
1.10075,0.0003197544,
1.101,0.0028696402,
1.10125,-0.0024528953,
1.1015,-0.0069659618,
1.10175,0.0022301804,
1.102,0.0056153284,
1.10225,-0.0023092842,
1.1025,-0.0051407563,
1.10275,-0.0004522600,
1.103,-0.0007405893,
1.10325,-0.0010367101,
1.1035,0.0039472007,
1.10375,-0.0021904917,
1.104,-0.0009723187,
1.10425,0.0058740145,
1.1045,0.0026337930,
1.10475,-0.0009095040,
1.105,0.0013379797,
1.10525,0.0086828219,
1.1055,0.0068753157,
1.10575,-0.0021180212,
1.106,0.0003273002,
1.10625,0.0098497141,
1.1065,0.0053735399,
1.10675,-0.0031329296,
1.107,0.0013322575,
1.10725,0.0138262734,
1.1075,0.0104966471,
1.10775,-0.0020672411,
1.108,-0.0042486959,
1.10825,0.0087147001,
1.1085,0.0072159311,
1.10875,-0.0040965602,
1.109,-0.0035891531,
1.10925,0.0022769459,
1.1095,0.0060917232,
1.10975,0.0011803084,
1.11,-0.0057525393,
1.11025,0.0091374516,
1.1105,0.0101009374,
1.11075,-0.0026354562,
1.111,-0.0010357182,
1.11125,0.0001274519,
1.1115,0.0023426437,
1.11175,0.0041024252,
1.112,-0.0074107070,
1.11225,-0.0010739932,
1.1125,0.0018264942,
1.11275,0.0018029001,
1.113,0.0000984440,
1.11325,-0.0027354099,
1.1135,0.0033188695,
1.11375,0.0067754351,
1.114,0.0009499156,
1.11425,-0.0035113967,
1.1145,0.0060072560,
1.11475,0.0057322402,
1.115,0.0022521070,
1.11525,-0.0022930752,
1.1155,-0.0006077843,
1.11575,0.0119265169,
1.116,0.0037129475,
1.11625,-0.0043600160,
1.1165,0.0049279961,
1.11675,0.0099345483,
1.117,0.0080548590,
1.11725,0.0031216037,
1.1175,0.0039694798,
1.11775,0.0142980879,
1.118,0.0092548970,
1.11825,0.0013431056,
1.1185,0.0045354161,
1.11875,0.0083792787,
1.119,0.0083333403,
1.11925,0.0035770366,
1.1195,0.0002042360,
1.11975,0.0058585200,
1.12,0.0087522753,
1.12025,-0.0010846925,
1.1205,0.0035300211,
1.12075,0.0040165242,
1.121,0.0044894381,
1.12125,0.0109627601,
1.1215,-0.0020387918,
1.12175,0.0015582052,
1.122,0.0076994337,
1.12225,0.0038584014,
1.1225,0.0020664493,
1.12275,0.0046279612,
1.123,0.0060447566,
1.12325,0.0081685940,
1.1235,0.0006539261,
1.12375,-0.0075767539,
1.124,0.0061984491,
1.12425,0.0082249492,
1.1245,-0.0024110745,
1.12475,-0.0027823416,
1.125,0.0016869239,
1.12525,0.0063907863,
1.1255,-0.0027294843,
1.12575,-0.0091503849,
1.126,-0.0005278988,
1.12625,0.0077070650,
1.1265,-0.0013567378,
1.12675,-0.0030640024,
1.127,-0.0011755702,
1.12725,0.0042895828,
1.1275,-0.0011688900,
1.12775,-0.0046412884,
1.128,-0.0001013578,
1.12825,0.0027224720,
1.1285,0.0003117356,
1.12875,-0.0037942175,
1.129,-0.0039876946,
1.12925,-0.0046818620,
1.1295,0.0027755776,
1.12975,0.0024226154,
1.13,-0.0014331986,
1.13025,0.0021312383,
1.1305,0.0007051131,
1.13075,0.0043670465,
1.131,-0.0029820742,
1.13125,-0.0021873156,
1.1315,0.0092794960,
1.13175,0.0070239673,
1.132,-0.0050335871,
1.13225,-0.0027534061,
1.1325,0.0103177549,
1.13275,0.0059656482,
1.133,-0.0071661528,
1.13325,-0.0000166065,
1.1335,0.0133059453,
1.13375,0.0061372099,
1.134,-0.0071405643,
1.13425,-0.0037484746,
1.1345,0.0084317848,
1.13475,0.0013443675,
1.135,-0.0077893939,
1.13525,0.0016326066,
1.1355,0.0080739465,
1.13575,-0.0021706140,
1.136,-0.0049421592,
1.13625,0.0008689971,
1.1365,0.0006669370,
1.13675,0.0019167090,
1.137,0.0008467665,
1.13725,0.0010260752,
1.1375,-0.0061423732,
1.13775,-0.0035843817,
1.138,0.0032960628,
1.13825,-0.0000518265,
1.1385,-0.0052953237,
1.13875,-0.0012178612,
1.139,0.0082082041,
1.13925,-0.0053507038,
1.1395,-0.0073778857,
1.13975,0.0063611642,
1.14,0.0010416581,
1.14025,0.0002312423,
1.1405,-0.0108148446,
1.14075,-0.0024051948,
1.141,0.0095213484,
1.14125,-0.0131078437,
1.1415,-0.0102132084,
1.14175,0.0038501949,
1.142,-0.0005672837,
1.14225,-0.0009333172,
1.1425,-0.0066803079,
1.14275,-0.0021677648,
1.143,-0.0043114331,
1.14325,-0.0080079101,
1.1435,-0.0127099687,
1.14375,-0.0032660789,
1.144,0.0021225570,
1.14425,-0.0087177875,
1.1445,-0.0068354867,
1.14475,-0.0090199234,
1.145,-0.0029081525,
1.14525,0.0003248773,
1.1455,-0.0066662850,
1.14575,-0.0064809332,
1.146,-0.0067235362,
1.14625,-0.0020939023,
1.1465,-0.0036729858,
1.14675,-0.0059876153,
1.147,-0.0059510162,
1.14725,-0.0005322418,
1.1475,-0.0026931427,
1.14775,-0.0108261975,
1.148,-0.0021310414,
1.14825,0.0016468879,
1.1485,0.0010369783,
1.14875,-0.0066463579,
1.149,-0.0064199846,
1.14925,0.0042782500,
1.1495,-0.0025496799,
1.14975,-0.0081443284,
1.15,-0.0001001428,
1.15025,0.0034189895,
1.1505,-0.0004921125,
1.15075,-0.0024570522,
1.151,-0.0050793081,
1.15125,0.0032514594,
1.1515,0.0004005003,
1.15175,-0.0059823105,
1.152,-0.0017122774,
1.15225,-0.0030197869,
1.1525,-0.0014155422,
1.15275,-0.0021921387,
1.153,-0.0094895698,
1.15325,-0.0067023840,
1.1535,-0.0004358648,
1.15375,-0.0064431205,
1.154,-0.0110770054,
1.15425,-0.0072527174,
1.1545,-0.0047826408,
1.15475,-0.0002703097,
1.155,-0.0080993362,
1.15525,-0.0065447106,
1.1555,-0.0028093187,
1.15575,-0.0083627524,
1.156,-0.0068898527,
1.15625,-0.0096908687,
1.1565,-0.0049198894,
1.15675,-0.0033421712,
1.157,-0.0075788102,
1.15725,-0.0095778629,
1.1575,-0.0067194644,
1.15775,-0.0005542517,
1.158,-0.0032465439,
1.15825,-0.0115809115,
1.1585,-0.0042707222,
1.15875,0.0041989475,
1.159,-0.0059585837,
1.15925,-0.0068680481,
1.1595,-0.0041343905,
1.15975,-0.0004657672,
1.16,0.0031763173,
1.16025,-0.0078186803,
1.1605,0.0014694433,
1.16075,0.0076996586,
1.161,0.0005312958,
1.16125,-0.0005584269,
1.1615,-0.0002816515,
1.16175,0.0013082058,
1.162,0.0015081572,
1.16225,0.0026647013,
1.1625,-0.0059535112,
1.16275,0.0006062287,
1.163,0.0039026774,
1.16325,0.0006857659,
1.1635,0.0035351999,
1.16375,-0.0005773475,
1.164,0.0037983996,
1.16425,0.0091750873,
1.1645,-0.0009355593,
1.16475,-0.0030272640,
1.165,0.0070925243,
1.16525,0.0077961171,
1.1655,-0.0042333887,
1.16575,-0.0059986403,
1.166,0.0068775918,
1.16625,0.0046523795,
1.1665,-0.0063526183,
1.16675,-0.0059711244,
1.167,0.0029110245,
1.16725,0.0057158563,
1.1675,-0.0079648495,
1.16775,-0.0108305346,
1.168,0.0049419971,
1.16825,0.0012762772,
1.1685,-0.0089849895,
1.16875,-0.0002830648,
1.169,0.0034205164,
1.16925,-0.0009680170,
1.1695,-0.0029468958,
1.16975,-0.0036736573,
1.17,-0.0022163671,
1.17025,-0.0010761296,
1.1705,-0.0019884955,
1.17075,0.0044600330,
1.171,-0.0028052109,
1.17125,-0.0025648440,
1.1715,0.0051985709,
1.17175,-0.0037715258,
1.172,-0.0033217112,
1.17225,0.0028558075,
1.1725,0.0067947786,
1.17275,0.0082240151,
1.173,-0.0075483406,
1.17325,0.0022714413,
1.1735,0.0112507381,
1.17375,0.0003419854,
1.174,-0.0036994289,
1.17425,0.0061774915,
1.1745,0.0156429000,
1.17475,0.0076089930,
1.175,-0.0028975706,
1.17525,0.0012957510,
1.1755,0.0079324888,
1.17575,0.0033764178,
1.176,-0.0016512764,
1.17625,0.0048874761,
1.1765,0.0053423028,
1.17675,0.0013577448,
1.177,-0.0023574054,
1.17725,-0.0004800227,
1.1775,0.0102567226,
1.17775,0.0079556005,
1.178,0.0033272055,
1.17825,0.0040017422,
1.1785,0.0012152204,
1.17875,0.0031980583,
1.179,0.0070007835,
1.17925,-0.0013545728,
1.1795,0.0005459686,
1.17975,0.0051286574,
1.18,0.0031354548,
1.18025,0.0019343145,
1.1805,0.0018190022,
1.18075,0.0045758300,
1.181,0.0076093203,
1.18125,-0.0018599231,
1.1815,-0.0046108100,
1.18175,0.0035591316,
1.182,0.0050510215,
1.18225,-0.0015412371,
1.1825,-0.0084505342,
1.18275,0.0039168415,
1.183,0.0064959526,
1.18325,0.0016759913,
1.1835,-0.0011810468,
1.18375,0.0057737618,
1.184,0.0050894422,
1.18425,-0.0017133738,
1.1845,-0.0050029457,
1.18475,-0.0013924362,
1.185,0.0051758508,
1.18525,0.0005726345,
1.1855,-0.0014215666,
1.18575,-0.0012571840,
1.186,-0.0004226872,
1.18625,0.0005812605,
1.1865,-0.0062079052,
1.18675,-0.0062309159,
1.187,-0.0007868487,
1.18725,0.0002648700,
1.1875,-0.0056871856,
1.18775,-0.0039329277,
1.188,-0.0053541334,
1.18825,0.0025604977,
1.1885,0.0039849561,
1.18875,-0.0047431062,
1.189,0.0052053505,
1.18925,0.0017588905,
1.1895,-0.0026571585,
1.18975,-0.0018250567,
1.19,-0.0066271527,
1.19025,0.0028727807,
1.1905,0.0090700425,
1.19075,-0.0035924166,
1.191,-0.0068828515,
1.19125,0.0020915866,
1.1915,0.0023414332,
1.19175,0.0013406662,
1.192,-0.0028802210,
1.19225,-0.0011425839,
1.1925,0.0049316064,
1.19275,-0.0051586088,
1.193,-0.0117962724,
1.19325,0.0039470089,
1.1935,0.0078870989,
1.19375,0.0011174158,
1.194,-0.0006649537,
1.19425,-0.0032527815,
1.1945,0.0051717269,
1.19475,-0.0034804738,
1.195,-0.0064283116,
1.19525,0.0016476840,
1.1955,0.0020460682,
1.19575,-0.0008077029,
1.196,-0.0027754854,
1.19625,-0.0127800927,
1.1965,-0.0109446468,
1.19675,0.0008605301,
1.197,-0.0078803096,
1.19725,-0.0070757763,
1.1975,-0.0018168666,
1.19775,-0.0072842878,
1.198,-0.0007310087,
1.19825,-0.0115516558,
1.1985,-0.0090568205,
1.19875,0.0099166911,
1.199,0.0075860252,
1.19925,-0.0076614330,
1.1995,-0.0060273511,
1.19975,0.0025574618,
1.2,-0.0008232338,
1.20025,-0.0091534471,
1.2005,-0.0101676248,
1.20075,0.0017298392,
1.201,0.0054008928,
1.20125,-0.0065389453,
1.2015,-0.0084941294,
1.20175,0.0017882510,
1.202,0.0023309749,
1.20225,-0.0050567882,
1.2025,-0.0020662379,
1.20275,0.0048073134,
1.203,0.0020680272,
1.20325,0.0008663416,
1.2035,-0.0017486663,
1.20375,-0.0028256830,
1.204,0.0026775324,
1.20425,0.0032858562,
1.2045,-0.0008072381,
1.20475,-0.0015068715,
1.205,-0.0018899649,
1.20525,0.0020903654,
1.2055,0.0016376899,
1.20575,-0.0077831023,
1.206,-0.0042098002,
1.20625,0.0089835813,
1.2065,0.0013272886,
1.20675,-0.0073163258,
1.207,0.0067155338,
1.20725,0.0077904831,
1.2075,0.0054084812,
1.20775,-0.0082231713,
1.208,-0.0100396182,
1.20825,0.0154413665,
1.2085,0.0021752426,
1.20875,-0.0085412795,
1.209,-0.0002104663,
1.20925,-0.0000947167,
1.2095,-0.0019921924,
1.20975,-0.0088755619,
1.21,-0.0084761465,
1.21025,0.0028992621,
1.2105,0.0040667984,
1.21075,-0.0106473090,
1.211,-0.0059835562,
1.21125,0.0012960129,
1.2115,-0.0028533698,
1.21175,0.0018191494,
1.212,-0.0048645325,
1.21225,-0.0043855687,
1.2125,0.0036544921,
1.21275,-0.0072632399,
1.213,-0.0065723117,
1.21325,-0.0059376378,
1.2135,-0.0024848771,
1.21375,0.0049839858,
1.214,-0.0040801861,
1.21425,-0.0088351090,
1.2145,0.0045582759,
1.21475,0.0062679430,
1.215,-0.0007132128,
1.21525,-0.0020778696,
1.2155,0.0018181631,
1.21575,0.0091669187,
1.216,0.0028216490,
1.21625,-0.0097400444,
1.2165,0.0038181217,
1.21675,0.0193380583,
1.217,0.0002875408,
1.21725,-0.0016352396,
1.2175,0.0023103745,
1.21775,0.0042432779,
1.218,0.0072897230,
1.21825,-0.0035809800,
1.2185,0.0002714383,
1.21875,0.0132652018,
1.219,0.0037534777,
1.21925,-0.0005597594,
1.2195,0.0064916043,
1.21975,0.0029064200,
1.22,0.0073977690,
1.22025,0.0065001082,
1.2205,-0.0040839920,
1.22075,0.0011150776,
1.221,0.0042778449,
1.22125,0.0016523876,
1.2215,-0.0013719447,
1.22175,-0.0030463529,
1.222,-0.0004413242,
1.22225,0.0037195219,
1.2225,-0.0042853705,
1.22275,-0.0043260315,
1.223,0.0069562122,
1.22325,0.0043936963,
1.2235,-0.0025429158,
1.22375,-0.0102583515,
1.224,-0.0020623901,
1.22425,0.0092041465,
1.2245,-0.0026586303,
1.22475,-0.0109079406,
1.225,-0.0015935614,
1.22525,0.0038700253,
1.2255,-0.0067731952,
1.22575,-0.0134026958,
1.226,-0.0044785584,
1.22625,0.0084239580,
1.2265,0.0012046648,
1.22675,-0.0094459979,
1.227,0.0029823917,
1.22725,0.0054873177,
1.2275,0.0007558435,
1.22775,-0.0025048461,
1.228,0.0011156526,
1.22825,0.0084270677,
1.2285,0.0044696340,
1.22875,0.0039918339,
1.229,-0.0006128314,
1.22925,0.0011369793,
1.2295,0.0087144896,
1.22975,0.0102590546,
1.23,0.0042638048,
1.23025,0.0027720106,
1.2305,0.0047895932,
1.23075,0.0091653140,
1.231,0.0005424274,
1.23125,0.0035606769,
1.2315,0.0161152594,
1.23175,0.0173995197,
1.232,0.0018921575,
1.23225,0.0020158517,
1.2325,0.0162253380,
1.23275,0.0184545238,
1.233,0.0033260928,
1.23325,-0.0033493973,
1.2335,0.0166870914,
1.23375,0.0108102746,
1.234,-0.0054321694,
1.23425,-0.0008722671,
1.2345,0.0072216671,
1.23475,0.0110325553,
1.235,0.0028560213,
1.23525,-0.0050276243,
1.2355,0.0081987530,
1.23575,0.0073369648,
1.236,-0.0041064192,
1.23625,0.0016505737,
1.2365,0.0021393807,
1.23675,0.0007638859,
1.237,0.0040517859,
1.23725,0.0025317091,
1.2375,-0.0057232445,
1.23775,-0.0013355149,
1.238,0.0027030534,
1.23825,-0.0001358515,
1.2385,-0.0036705320,
1.23875,-0.0073606931,
1.239,0.0049648392,
1.23925,0.0037749007,
1.2395,-0.0104286168,
1.23975,0.0000763214,
1.24,0.0083746593,
1.24025,0.0047900272,
1.2405,-0.0071651046,
1.24075,-0.0028983904,
1.241,0.0122223562,
1.24125,0.0068229386,
1.2415,-0.0067841122,
1.24175,-0.0004132625,
1.242,0.0128989089,
1.24225,0.0082818475,
1.2425,-0.0015886638,
1.24275,-0.0021204182,
1.243,0.0046324441,
1.24325,0.0040602274,
1.2435,-0.0040862192,
1.24375,-0.0013174362,
1.244,0.0118087716,
1.24425,0.0065650120,
1.2445,0.0001229507,
1.24475,0.0002080612,
1.245,0.0024508303,
1.24525,0.0057762638,
1.2455,0.0079427417,
1.24575,-0.0012261397,
1.246,-0.0011522704,
1.24625,0.0013074091,
1.2465,-0.0019399052,
1.24675,0.0013066859,
1.247,-0.0028217491,
1.24725,0.0023825367,
1.2475,0.0097725736,
1.24775,-0.0014320228,
1.248,-0.0058187614,
1.24825,0.0008687970,
1.2485,0.0052615092,
1.24875,-0.0022194632,
1.249,-0.0106550604,
1.24925,-0.0006505630,
1.2495,0.0050833533,
1.24975,-0.0030090567,
1.25,-0.0118344547,
1.25025,-0.0002769909,
1.2505,0.0036111139,
1.25075,-0.0031110230,
1.251,-0.0100210793,
1.25125,-0.0019330449,
1.2515,0.0030396716,
1.25175,-0.0027989331,
1.252,-0.0043376964,
1.25225,-0.0053337384,
1.2525,0.0054825237,
1.25275,0.0011523403,
1.253,-0.0099102743,
1.25325,-0.0004674905,
1.2535,-0.0017439642,
1.25375,-0.0014734305,
1.254,-0.0018842582,
1.25425,-0.0045200335,
1.2545,-0.0021195700,
1.25475,0.0026442097,
1.255,0.0039892942,
1.25525,-0.0022896500,
1.2555,0.0014453136,
1.25575,0.0024199411,
1.256,0.0036221908,
1.25625,0.0039384537,
1.2565,-0.0041989409,
1.25675,0.0048862980,
1.257,0.0093620047,
1.25725,-0.0043908264,
1.2575,-0.0067388257,
1.25775,0.0054690698,
1.258,0.0092353141,
1.25825,-0.0028141579,
1.2585,-0.0037803696,
1.25875,0.0012018102,
1.259,0.0022363367,
1.25925,-0.0069892164,
1.2595,-0.0094431685,
1.25975,0.0024745353,
1.26,0.0028539174,
1.26025,-0.0029190991,
1.2605,-0.0047223819,
1.26075,-0.0014520617,
1.261,0.0028796357,
1.26125,-0.0015116063,
1.2615,-0.0069073439,
1.26175,-0.0071075051,
1.262,-0.0020227784,
1.26225,-0.0062751481,
1.2625,-0.0017465117,
1.26275,-0.0094327778,
1.263,-0.0047982861,
1.26325,0.0059104795,
1.2635,-0.0077090161,
1.26375,-0.0037430045,
1.264,-0.0025196325,
1.26425,0.0006171258,
1.2645,0.0007221903,
1.26475,-0.0134641258,
1.265,-0.0087905591,
1.26525,0.0045550899,
1.2655,0.0000305606,
1.26575,-0.0106291184,
1.266,-0.0030528130,
1.26625,0.0106290122,
1.2665,-0.0015830529,
1.26675,-0.0080845915,
1.267,-0.0010034151,
1.26725,0.0062270178,
1.2675,0.0025995248,
1.26775,-0.0116457846,
1.268,-0.0007394713,
1.26825,0.0081110308,
1.2685,-0.0059859864,
1.26875,0.0004271164,
1.269,0.0006740788,
1.26925,0.0039788773,
1.2695,0.0017997331,
1.26975,-0.0027944446,
1.27,0.0019244022,
1.27025,-0.0013229110,
1.2705,0.0023020376,
1.27075,0.0049841315,
1.271,0.0016592990,
1.27125,-0.0059106010,
1.2715,0.0014012610,
1.27175,0.0033905217,
1.272,-0.0050860411,
1.27225,0.0016685303,
1.2725,0.0022072999,
1.27275,0.0044975588,
1.273,-0.0004838461,
1.27325,-0.0051559359,
1.2735,0.0080055632,
1.27375,0.0099325459,
1.274,-0.0034913332,
1.27425,-0.0065041631,
1.2745,0.0069255917,
1.27475,0.0063978955,
1.275,-0.0021298733,
1.27525,-0.0012680959,
1.2755,-0.0002508710,
1.27575,0.0081940880,
1.276,0.0000627259,
1.27625,-0.0049405009,
1.2765,0.0048131966,
1.27675,0.0021649275,
1.277,-0.0021243955,
1.27725,-0.0035389096,
1.2775,0.0034188116,
1.27775,0.0062377327,
1.278,0.0007239315,
1.27825,0.0002287439,
1.2785,-0.0031053037,
1.27875,0.0033652973,
1.279,0.0024712665,
1.27925,0.0002960550,
1.2795,-0.0010155255,
1.27975,0.0000635923,
1.28,0.0043794340,
1.28025,-0.0054501602,
1.2805,-0.0050911736,
1.28075,-0.0010315366,
1.281,0.0047193505,
1.28125,0.0019804048,
1.2815,-0.0048923045,
1.28175,-0.0032916032,
1.282,0.0063057756,
1.28225,0.0015534995,
1.2825,-0.0059301262,
1.28275,0.0023379202,
1.283,0.0109988041,
1.28325,0.0085761109,
1.2835,-0.0001515864,
1.28375,-0.0018779158,
1.284,0.0034615183,
1.28425,0.0055345451,
1.2845,-0.0021923946,
1.28475,-0.0024017654,
1.285,0.0098524066,
1.28525,-0.0001354291,
1.2855,-0.0042173760,
1.28575,0.0023352567,
1.286,0.0045914701,
1.28625,0.0077878959,
1.2865,0.0015323700,
1.28675,-0.0006621081,
1.287,0.0041746018,
1.28725,0.0027285053,
1.2875,0.0007813505,
1.28775,0.0040830849,
1.288,0.0019084347,
1.28825,0.0042614415,
1.2885,0.0056682993,
1.28875,0.0031391813,
1.289,0.0041680960,
1.28925,0.0053050700,
1.2895,0.0027641412,
1.28975,0.0018160373,
1.29,-0.0054832287,
1.29025,-0.0008109561,
1.2905,0.0053719361,
1.29075,-0.0024689944,
1.291,-0.0097561339,
1.29125,-0.0002461300,
1.2915,0.0050100102,
1.29175,-0.0010074591,
1.292,0.0009810387,
1.29225,0.0007466607,
1.2925,0.0040265275,
1.29275,-0.0023869500,
1.293,-0.0122254025,
1.29325,-0.0025790834,
1.2935,0.0019264793,
1.29375,-0.0029072040,
1.294,-0.0045258794,
1.29425,-0.0046591721,
1.2945,-0.0006683531,
1.29475,0.0001218027,
1.295,-0.0050700130,
1.29525,-0.0052897753,
1.2955,-0.0019302664,
1.29575,-0.0017885055,
1.296,-0.0024482799,
1.29625,-0.0042451504,
1.2965,-0.0018597769,
1.29675,0.0029416706,
1.297,0.0012737322,
1.29725,-0.0021172788,
1.2975,0.0021139807,
1.29775,0.0060833236,
1.298,0.0046687992,
1.29825,-0.0024272492,
1.2985,-0.0038258859,
1.29875,0.0092578037,
1.299,0.0084393593,
1.29925,-0.0071444572,
1.2995,-0.0046256506,
1.29975,0.0076363860,
1.3,0.0071059149,
1.30025,-0.0015569035,
1.3005,-0.0014712893,
1.30075,0.0055391481,
1.301,0.0021299541,
1.30125,-0.0069277124,
1.3015,-0.0052970718,
1.30175,0.0086587723,
1.302,0.0032730396,
1.30225,-0.0053355801,
1.3025,0.0021298437,
1.30275,-0.0034175022,
1.303,-0.0043225391,
1.30325,-0.0000523044,
1.3035,-0.0050818687,
1.30375,-0.0028349860,
1.304,-0.0007949899,
1.30425,-0.0010776750,
1.3045,-0.0037218516,
1.30475,-0.0109500606,
1.305,-0.0087137036,
1.30525,-0.0028348174,
1.3055,-0.0078438353,
1.30575,-0.0125538651,
1.306,-0.0050508766,
1.30625,-0.0013045254,
1.3065,-0.0091915838,
1.30675,-0.0125495708,
1.307,-0.0030256133,
1.30725,0.0017766393,
1.3075,-0.0045237872,
1.30775,-0.0135925580,
1.308,-0.0062593594,
1.30825,0.0006048183,
1.3085,-0.0037345435,
1.30875,-0.0114209531,
1.309,-0.0003117104,
1.30925,-0.0002432556,
1.3095,-0.0074256649,
1.30975,-0.0064589242,
1.31,-0.0071909633,
1.31025,-0.0010836152,
1.3105,-0.0003110331,
1.31075,-0.0081666615,
1.311,-0.0053969342,
1.31125,0.0022803801,
1.3115,-0.0014412921,
1.31175,-0.0016603952,
1.312,-0.0006028333,
1.31225,-0.0076915119,
1.3125,0.0031570634,
1.31275,-0.0008036393,
1.313,-0.0124105150,
1.31325,0.0014019972,
1.3135,-0.0016484107,
1.31375,-0.0033387144,
1.314,-0.0020762302,
1.31425,-0.0053686281,
1.3145,0.0051810546,
1.31475,0.0042777075,
1.315,-0.0040644608,
1.31525,-0.0019839869,
1.3155,0.0044317194,
1.31575,0.0046526371,
1.316,-0.0059653828,
1.31625,-0.0076820683,
1.3165,0.0007149275,
1.31675,0.0084040631,
1.317,-0.0021637536,
1.31725,-0.0046879197,
1.3175,0.0030725740,
1.31775,-0.0004809815,
1.318,-0.0010637841,
1.31825,-0.0093484996,
1.3185,-0.0024182096,
1.31875,0.0032349559,
1.319,-0.0065788138,
1.31925,-0.0069646863,
1.3195,0.0000560513,
1.31975,-0.0019428823,
1.32,-0.0025612453,
1.32025,-0.0042805173,
1.3205,-0.0089581180,
1.32075,-0.0043432107,
1.321,-0.0030379221,
1.32125,-0.0085716927,
1.3215,-0.0072361501,
1.32175,-0.0064010355,
1.322,-0.0028093806,
1.32225,-0.0004413813,
1.3225,-0.0093237814,
1.32275,-0.0029506688,
1.323,0.0031416924,
1.32325,-0.0038663838,
1.3235,-0.0042127063,
1.32375,-0.0064798547,
1.324,0.0008851283,
1.32425,0.0052064070,
1.3245,-0.0075587789,
1.32475,-0.0062757782,
1.325,0.0029173729,
1.32525,0.0001252238,
1.3255,-0.0046219523,
1.32575,-0.0084868986,
1.326,-0.0007680124,
1.32625,0.0035395960,
1.3265,-0.0032479197,
1.32675,-0.0055971881,
1.327,0.0042948178,
1.32725,0.0046483423,
1.3275,0.0018443610,
1.32775,-0.0033360696,
1.328,-0.0016652364,
1.32825,0.0042425417,
1.3285,-0.0029953432,
1.32875,-0.0028762626,
1.329,0.0008762342,
1.32925,-0.0004247284,
1.3295,0.0044397539,
1.32975,-0.0013514380,
1.33,-0.0076521444,
1.33025,0.0012573815,
1.3305,0.0038279032,
1.33075,-0.0037232558,
1.331,0.0014448261,
1.33125,0.0001853253,
1.3315,0.0030134027,
1.33175,0.0065672328,
1.332,-0.0104339737,
1.33225,0.0011297881,
1.3325,0.0143064819,
1.33275,0.0035686926,
1.333,-0.0067407731,
1.33325,-0.0012299898,
1.3335,0.0064153858,
1.33375,-0.0007958810,
1.334,-0.0104209082,
1.33425,-0.0078403475,
1.3345,0.0073942458,
1.33475,0.0027068458,
1.335,-0.0062207803,
1.33525,0.0016237068,
1.3355,0.0038505695,
1.33575,0.0020888138,
1.336,-0.0016536147,
1.33625,-0.0017415115,
1.3365,0.0058812518,
1.33675,0.0017976994,
1.337,0.0023819201,
1.33725,0.0030345004,
1.3375,-0.0052885618,
1.33775,0.0021711860,
1.338,0.0063196439,
1.33825,-0.0012242857,
1.3385,-0.0008712483,
1.33875,0.0043276716,
1.339,0.0051060915,
1.33925,0.0008785482,
1.3395,-0.0059169894,
1.33975,0.0023605844,
1.34,0.0182774644,
1.34025,0.0043800250,
1.3405,-0.0075656818,
1.34075,0.0100280484,
1.341,0.0089893248,
1.34125,0.0001207957,
1.3415,-0.0028553128,
1.34175,0.0037813128,
1.342,0.0155161135,
1.34225,0.0027281858,
1.3425,-0.0078349188,
1.34275,0.0036357911,
1.343,0.0096623031,
1.34325,0.0030901944,
1.3435,0.0031020464,
1.34375,0.0050607733,
1.344,0.0079450579,
1.34425,0.0094319237,
1.3445,-0.0033926836,
1.34475,0.0014663879,
1.345,0.0076168329,
1.34525,0.0065767323,
1.3455,0.0071652755,
1.34575,0.0002815940,
1.346,-0.0010095712,
1.34625,0.0061808201,
1.3465,0.0030403037,
1.34675,-0.0034159722,
1.347,-0.0013084998,
1.34725,0.0044076331,
1.3475,0.0007780844,
1.34775,-0.0013770767,
1.348,-0.0023596238,
1.34825,0.0045475136,
1.3485,0.0086542871,
1.34875,-0.0037236779,
1.349,-0.0085827252,
1.34925,0.0053355801,
1.3495,0.0106588518,
1.34975,-0.0043862052,
1.35,-0.0063923253,
1.35025,0.0027267584,
1.3505,0.0074141501,
1.35075,-0.0032460017,
1.351,-0.0061491365,
1.35125,0.0010355237,
1.3515,0.0059251674,
1.35175,-0.0008979712,
1.352,-0.0070118108,
1.35225,0.0084244702,
1.3525,0.0077186553,
1.35275,0.0019090192,
1.353,0.0041611562,
1.35325,-0.0026145577,
1.3535,0.0046718968,
1.35375,0.0058411439,
1.354,0.0024511376,
1.35425,0.0009456059,
1.3545,-0.0007577092,
1.35475,0.0057221665,
1.355,0.0036918290,
1.35525,0.0017288543,
1.3555,0.0027843989,
1.35575,0.0128378794,
1.356,0.0062227082,
1.35625,0.0003692686,
1.3565,0.0013808501,
1.35675,0.0095348414,
1.357,0.0108456882,
1.35725,-0.0018627173,
1.3575,-0.0023534100,
1.35775,0.0088622905,
1.358,0.0093608145,
1.35825,-0.0022278968,
1.3585,-0.0050538816,
1.35875,0.0036378156,
1.359,0.0019641588,
1.35925,-0.0044005234,
1.3595,-0.0120622981,
1.35975,-0.0008178593,
1.36,0.0087977229,
1.36025,-0.0049488991,
1.3605,-0.0061368099,
1.36075,-0.0008348807,
1.361,0.0011593733,
1.36125,-0.0018962017,
1.3615,-0.0108110635,
1.36175,-0.0087408498,
1.362,-0.0044064880,
1.36225,-0.0043619242,
1.3625,-0.0067826444,
1.36275,-0.0100010578,
1.363,-0.0074635795,
1.36325,-0.0034880978,
1.3635,-0.0021417490,
1.36375,-0.0099003119,
1.364,-0.0046919528,
1.36425,0.0006467740,
1.3645,-0.0010106554,
1.36475,-0.0097496603,
1.365,-0.0048246798,
1.36525,0.0084351841,
1.3655,0.0075362166,
1.36575,-0.0019297936,
1.366,-0.0049996432,
1.36625,0.0123035945,
1.3665,0.0092188669,
1.36675,-0.0049210992,
1.367,0.0009671386,
1.36725,0.0073250011,
1.3675,0.0060349470,
1.36775,-0.0067070541,
1.368,-0.0049573202,
1.36825,0.0074459896,
1.3685,0.0102895852,
1.36875,0.0016913691,
1.369,0.0006530813,
1.36925,0.0105062276,
1.3695,0.0064651971,
1.36975,0.0007947539,
1.37,0.0011222458,
1.37025,-0.0002472243,
1.3705,0.0051378594,
1.37075,0.0057312092,
1.371,0.0008776487,
1.37125,-0.0025343131,
1.3715,-0.0010752889,
1.37175,0.0024923088,
1.372,0.0005212981,
1.37225,-0.0034183960,
1.3725,-0.0007545095,
1.37275,0.0063753482,
1.373,-0.0035588283,
1.37325,-0.0126381023,
1.3735,-0.0016738621,
1.37375,0.0061410568,
1.374,0.0027590289,
1.37425,-0.0150532424,
1.3745,-0.0062628607,
1.37475,0.0071411580,
1.375,-0.0022478180,
1.37525,-0.0057548559,
1.3755,-0.0024652856,
1.37575,0.0028565535,
1.376,-0.0000919085,
1.37625,-0.0105966153,
1.3765,-0.0070074783,
1.37675,0.0053100912,
1.377,0.0025219275,
1.37725,-0.0039742710,
1.3775,-0.0045879800,
1.37775,-0.0000815095,
1.378,0.0017431844,
1.37825,-0.0023132525,
1.3785,-0.0040103770,
1.37875,0.0006644481,
1.379,0.0096583609,
1.37925,0.0007007456,
1.3795,-0.0023354546,
1.37975,0.0012206299,
1.38,0.0029012510,
1.38025,0.0097265374,
1.3805,0.0004639276,
1.38075,0.0028101113,
1.381,0.0096707735,
1.38125,0.0061693978,
1.3815,0.0055353874,
1.38175,-0.0030891506,
1.382,0.0085315462,
1.38225,0.0114068240,
1.3825,-0.0014269208,
1.38275,-0.0088772047,
1.383,0.0003993747,
1.38325,0.0118185105,
1.3835,0.0008553616,
1.38375,-0.0023820610,
1.384,0.0030431603,
1.38425,0.0034075878,
1.3845,0.0033585825,
1.38475,-0.0054356265,
1.385,0.0046596727,
1.38525,0.0089474637,
1.3855,0.0016417850,
1.38575,-0.0061727525,
1.386,-0.0030565993,
1.38625,0.0063294964,
1.3865,-0.0005280600,
1.38675,-0.0014885091,
1.387,-0.0059770858,
1.38725,-0.0059338775,
1.3875,0.0000413780,
1.38775,-0.0074296761,
1.388,-0.0065843016,
1.38825,-0.0011361270,
1.3885,0.0043079196,
1.38875,-0.0010891985,
1.389,-0.0029050955,
1.38925,-0.0020048968,
1.3895,0.0017951044,
1.38975,0.0063279038,
1.39,-0.0042379657,
1.39025,0.0001070107,
1.3905,0.0072878888,
1.39075,0.0050041596,
1.391,-0.0006601837,
1.39125,-0.0033991984,
1.3915,0.0088730082,
1.39175,0.0135507416,
1.392,0.0056390287,
1.39225,0.0016603197,
1.3925,0.0086286487,
1.39275,0.0036912365,
1.393,0.0025855931,
1.39325,0.0000982959,
1.3935,0.0057977084,
1.39375,0.0178117398,
1.394,0.0035991506,
1.39425,0.0014310890,
1.3945,0.0056281132,
1.39475,0.0075845961,
1.395,0.0054082577,
1.39525,0.0026173210,
1.3955,0.0015481660,
1.39575,0.0072347056,
1.396,0.0078815864,
1.39625,-0.0005871693,
1.3965,0.0024373149,
1.39675,0.0058235298,
1.397,0.0059163133,
1.39725,0.0044854311,
1.3975,0.0007625926,
1.39775,0.0007118786,
1.398,0.0060659139,
1.39825,0.0006312019,
1.3985,-0.0095617995,
1.39875,-0.0011804429,
1.399,0.0083158966,
1.39925,0.0056014489,
1.3995,-0.0071456265,
1.39975,-0.0056439103,
1.4,0.0171834584,
1.40025,0.0021449116,
1.4005,-0.0060401601,
1.40075,0.0045857043,
1.401,0.0050306153,
1.40125,0.0012556042,
1.4015,-0.0068843393,
1.40175,-0.0034332403,
1.402,0.0117576392,
1.40225,-0.0012574363,
1.4025,-0.0074332864,
1.40275,0.0023772891,
1.403,-0.0020092209,
1.40325,-0.0044861990,
1.4035,0.0001945523,
1.40375,0.0005512171,
1.404,0.0018817267,
1.40425,0.0038939989,
1.4045,0.0038831078,
1.40475,0.0012831048,
1.405,-0.0045841327,
1.40525,0.0020197735,
1.4055,0.0080906032,
1.40575,0.0012699100,
1.406,-0.0019547190,
1.40625,0.0100923944,
1.4065,0.0070237690,
1.40675,-0.0013847211,
1.407,-0.0028593375,
1.40725,0.0080225281,
1.4075,0.0135219898,
1.40775,-0.0014749775,
1.408,-0.0046126842,
1.40825,0.0072907088,
1.4085,0.0082949353,
1.40875,-0.0029598726,
1.409,-0.0017229661,
1.40925,0.0072582895,
1.4095,0.0075977752,
1.40975,0.0007007677,
1.41,-0.0032451744,
1.41025,0.0025940295,
1.4105,0.0032476685,
1.41075,0.0000217067,
1.411,-0.0021394161,
1.41125,0.0010226669,
1.4115,0.0073433612,
1.41175,0.0003139201,
1.412,0.0015081743,
1.41225,-0.0007295990,
1.4125,-0.0012789865,
1.41275,0.0066413335,
1.413,-0.0048026731,
1.41325,-0.0060493760,
1.4135,0.0012130919,
1.41375,-0.0064714816,
1.414,-0.0014771213,
1.41425,-0.0029286535,
1.4145,-0.0016853818,
1.41475,0.0045653409,
1.415,-0.0004161732,
1.41525,-0.0074480698,
1.4155,-0.0023755901,
1.41575,0.0076683769,
1.416,-0.0040781284,
1.41625,-0.0090169422,
1.4165,-0.0063393922,
1.41675,0.0013607590,
1.417,0.0051341667,
1.41725,-0.0098226825,
1.4175,-0.0057628509,
1.41775,0.0059867026,
1.418,-0.0068434756,
1.41825,-0.0077612735,
1.4185,-0.0023660162,
1.41875,0.0006248868,
1.419,0.0030369472,
1.41925,-0.0100581078,
1.4195,-0.0079741850,
1.41975,-0.0003710200,
1.42,-0.0029339166,
1.42025,-0.0009671764,
1.4205,-0.0029511461,
1.42075,-0.0032475502,
1.421,-0.0018155681,
1.42125,-0.0026257357,
1.4215,-0.0068907165,
1.42175,-0.0041576177,
1.422,-0.0022054401,
1.42225,-0.0055034040,
1.4225,-0.0014971982,
1.42275,-0.0057165599,
1.423,0.0005306095,
1.42325,0.0023018406,
1.4235,-0.0076177241,
1.42375,-0.0061205542,
1.424,-0.0029270826,
1.42425,0.0034081624,
1.4245,-0.0015138302,
1.42475,-0.0090021184,
1.425,-0.0010342926,
1.42525,0.0026510537,
1.4255,-0.0030595143,
1.42575,-0.0106077287,
1.426,-0.0016580174,
1.42625,-0.0015764211,
1.4265,-0.0049008545,
1.42675,-0.0080097578,
1.427,-0.0068802638,
1.42725,0.0035970169,
1.4275,-0.0055004256,
1.42775,-0.0084430119,
1.428,-0.0042714230,
1.42825,-0.0053410670,
1.4285,-0.0044283662,
1.42875,-0.0102530178,
1.429,-0.0078021684,
1.42925,-0.0088716988,
1.4295,-0.0027861777,
1.42975,-0.0088652018,
1.43,-0.0109266816,
1.43025,-0.0072945878,
1.4305,-0.0080041979,
1.43075,-0.0056043146,
1.431,-0.0129259136,
1.43125,-0.0078027039,
1.4315,-0.0029795822,
1.43175,-0.0038180603,
1.432,-0.0112143895,
1.43225,-0.0117262462,
1.4325,0.0047445069,
1.43275,-0.0031524992,
1.433,-0.0133469161,
1.43325,-0.0072492827,
1.4335,0.0028256257,
1.43375,0.0014489865,
1.434,-0.0110982340,
1.43425,-0.0077400850,
1.4345,0.0029832113,
1.43475,-0.0004005912,
1.435,-0.0108823171,
1.43525,-0.0010141656,
1.4355,0.0073048640,
1.43575,-0.0018797460,
1.436,-0.0024752920,
1.43625,-0.0001211020,
1.4365,-0.0028527912,
1.43675,0.0016516615,
1.437,0.0001546462,
1.43725,-0.0003305502,
1.4375,0.0013005920,
1.43775,-0.0014734234,
1.438,0.0053242822,
1.43825,0.0032680952,
1.4385,-0.0053479844,
1.43875,-0.0002141530,
1.439,0.0058249566,
1.43925,-0.0039646705,
1.4395,-0.0072654942,
1.43975,0.0032807048,
1.44,0.0037426194,
1.44025,-0.0017513037,
1.4405,-0.0082743801,
1.44075,0.0000428260,
1.441,0.0103090191,
1.44125,-0.0072113536,
1.4415,-0.0103183193,
1.44175,0.0018940992,
1.442,0.0043530124,
1.44225,-0.0048683565,
1.4425,-0.0093791457,
1.44275,-0.0024348204,
1.443,-0.0011403011,
1.44325,-0.0029304093,
1.4435,-0.0063327812,
1.44375,0.0005750525,
1.444,0.0008528163,
1.44425,-0.0049721878,
1.4445,-0.0065107462,
1.44475,-0.0096188448,
1.445,-0.0017435580,
1.44525,-0.0025368505,
1.4455,-0.0013837783,
1.44575,-0.0062025008,
1.446,-0.0068265954,
1.44625,0.0038362881,
1.4465,-0.0016663444,
1.44675,-0.0028561198,
1.447,0.0035631321,
1.44725,0.0049862633,
1.4475,0.0040691625,
1.44775,-0.0011848467,
1.448,0.0014007800,
1.44825,0.0056886184,
1.4485,0.0045828582,
1.44875,-0.0018000735,
1.449,0.0028051136,
1.44925,0.0118103763,
1.4495,0.0087232133,
1.44975,-0.0014067622,
1.45,-0.0043078531,
1.45025,0.0064128805,
1.4505,0.0084379027,
1.45075,0.0011469835,
1.451,0.0037649823,
1.45125,0.0059217080,
1.4515,0.0071913698,
1.45175,0.0011435611,
1.452,-0.0015412995,
1.45225,0.0143692289,
1.4525,0.0110628977,
1.45275,0.0033453384,
1.453,0.0035277114,
1.45325,0.0039970558,
1.4535,0.0027043493,
1.45375,0.0065575358,
1.454,0.0035161222,
1.45425,0.0004522677,
1.4545,0.0050519896,
1.45475,-0.0011580568,
1.455,-0.0002568754,
1.45525,0.0028432989,
1.4555,-0.0019000355,
1.45575,0.0082301218,
1.456,0.0028320192,
1.45625,-0.0064231185,
1.4565,0.0005797711,
1.45675,0.0026957663,
1.457,0.0007910730,
1.45725,-0.0036501165,
1.4575,-0.0019273113,
1.45775,0.0058674822,
1.458,0.0033943197,
1.45825,-0.0105478317,
1.4585,-0.0038828983,
1.45875,0.0079256212,
1.459,0.0030283302,
1.45925,-0.0028021031,
1.4595,-0.0053066118,
1.45975,0.0001640663,
1.46,-0.0008424025,
1.46025,-0.0084813237,
1.4605,-0.0073878132,
1.46075,0.0047629597,
1.461,0.0022361407,
1.46125,-0.0058897031,
1.4615,-0.0014829758,
1.46175,-0.0023876273,
1.462,0.0015536337,
1.46225,0.0020384185,
1.4625,0.0000018004,
1.46275,0.0048409160,
1.463,0.0003993228,
1.46325,0.0025604176,
1.4635,-0.0004041466,
1.46375,-0.0041857897,
1.464,0.0037644608,
1.46425,0.0085981116,
1.4645,0.0015373335,
1.46475,-0.0030802402,
1.465,-0.0015378722,
1.46525,0.0063206512,
1.4655,0.0056053912,
1.46575,-0.0087672705,
1.466,0.0034899190,
1.46625,0.0148851462,
1.4665,-0.0019155650,
1.46675,-0.0062035955,
1.467,0.0056611355,
1.46725,0.0090732956,
1.4675,0.0010768487,
1.46775,-0.0045010978,
1.468,-0.0029126881,
1.46825,0.0095302463,
1.4685,0.0004261310,
1.46875,-0.0070832288,
1.469,0.0058901738,
1.46925,0.0040629418,
1.4695,-0.0016398402,
1.46975,-0.0032875245,
1.47,-0.0028402233,
1.47025,-0.0023581455,
1.4705,-0.0013660397,
1.47075,0.0036051238,
1.471,-0.0057485979,
1.47125,-0.0058043282,
1.4715,-0.0023469774,
1.47175,-0.0035630341,
1.472,-0.0058516590,
1.47225,-0.0066137742,
1.4725,0.0007736881,
1.47275,0.0052265027,
1.473,-0.0068232780,
1.47325,-0.0138090942,
1.4735,0.0034741582,
1.47375,0.0102103231,
1.474,-0.0060062441,
1.47425,-0.0045677847,
1.4745,0.0033390520,
1.47475,0.0039512645,
1.475,-0.0070199235,
1.47525,-0.0109728519,
1.4755,0.0043481020,
1.47575,0.0059632952,
1.476,-0.0058825351,
1.47625,-0.0069975862,
1.4765,-0.0017229373,
1.47675,-0.0013006020,
1.477,-0.0022446681,
1.47725,-0.0029695923,
1.4775,0.0018413424,
1.47775,0.0055387751,
1.478,-0.0008139798,
1.47825,-0.0049535036,
1.4785,-0.0047365976,
1.47875,0.0013588197,
1.479,0.0053396472,
1.47925,0.0021030912,
1.4795,-0.0056749680,
1.47975,-0.0059010731,
1.48,0.0047727423,
1.48025,-0.0022996848,
1.4805,-0.0033443705,
1.48075,0.0021413683,
1.481,0.0014833164,
1.48125,0.0024951736,
1.4815,-0.0045744278,
1.48175,-0.0006863829,
1.482,0.0105956998,
1.48225,0.0093216281,
1.4825,-0.0040404918,
1.48275,-0.0085029453,
1.483,0.0070761219,
1.48325,0.0010077689,
1.4835,-0.0008809618,
1.48375,-0.0065297629,
1.484,0.0004303716,
1.48425,0.0051374137,
1.4845,-0.0131384712,
1.48475,-0.0066197943,
1.485,0.0008719028,
1.48525,0.0034557297,
1.4855,-0.0019650701,
1.48575,-0.0054865140,
1.486,-0.0022949972,
1.48625,0.0005082832,
1.4865,-0.0052221538,
1.48675,-0.0078388406,
1.487,-0.0038957926,
1.48725,-0.0052146744,
1.4875,-0.0010281508,
1.48775,-0.0062850346,
1.488,-0.0120817441,
1.48825,-0.0037432741,
1.4885,0.0019534414,
1.48875,-0.0020131650,
1.489,-0.0050526634,
1.48925,0.0000685339,
1.4895,0.0048625856,
1.48975,0.0038745264,
1.49,-0.0037037632,
1.49025,0.0007250300,
1.4905,0.0124325231,
1.49075,0.0038900371,
1.491,-0.0030249741,
1.49125,-0.0028054917,
1.4915,0.0052666645,
1.49175,0.0051781153,
1.492,-0.0011730802,
1.49225,-0.0039774268,
1.4925,0.0044769971,
1.49275,0.0070532686,
1.493,-0.0014833864,
1.49325,-0.0019926899,
1.4935,0.0061944155,
1.49375,0.0111474702,
1.494,0.0047126040,
1.49425,0.0018819203,
1.4945,0.0035210280,
1.49475,0.0084714890,
1.495,0.0027156549,
1.49525,-0.0028381017,
1.4955,0.0053218380,
1.49575,0.0043735495,
1.496,0.0023351461,
1.49625,-0.0021685942,
1.4965,-0.0085920952,
1.49675,-0.0042126379,
1.497,0.0017034495,
1.49725,-0.0010871303,
1.4975,-0.0044879667,
1.49775,-0.0014868609,
1.498,-0.0004429461,
1.49825,0.0003522062,
1.4985,-0.0076457881,
1.49875,-0.0050588581,
1.499,0.0120205516,
1.49925,0.0022316240,
1.4995,-0.0120358225,
1.49975,-0.0098120561,
1.5,0.0035349654,
1.50025,0.0031825290,
1.5005,-0.0133534633,
1.50075,-0.0058718068,
1.501,0.0037689158,
1.50125,0.0006196589,
1.5015,-0.0096440902,
1.50175,-0.0040577510,
1.502,0.0072059352,
1.50225,0.0064635444,
1.5025,0.0007143428,
1.50275,0.0008361026,
1.503,0.0066947760,
1.50325,0.0062547978,
1.5035,0.0007741029,
1.50375,0.0032457311,
1.504,0.0069942349,
1.50425,0.0058793924,
1.5045,0.0096237781,
1.50475,0.0019215728,
1.505,-0.0012073717,
1.50525,0.0087669119,
1.5055,0.0124202147,
1.50575,0.0085760308,
1.506,0.0020771364,
1.50625,0.0073024314,
1.5065,0.0154419728,
1.50675,0.0051299827,
1.507,-0.0019624601,
1.50725,0.0109287184,
1.5075,0.0202007052,
1.50775,0.0066440776,
1.508,-0.0074421377,
1.50825,0.0043232860,
1.5085,0.0134170186,
1.50875,0.0034382790,
1.509,-0.0031207274,
1.50925,0.0054478981,
1.5095,0.0126572102,
1.50975,0.0037011539,
1.51,-0.0073423693,
1.51025,0.0017383343,
1.5105,0.0075019961,
1.51075,0.0049073626,
1.511,0.0022188518,
1.51125,-0.0000328241,
1.5115,0.0003614380,
1.51175,0.0004959372,
1.512,-0.0029920845,
1.51225,-0.0025436310,
1.5125,0.0002138182,
1.51275,0.0054983394,
1.513,0.0043428708,
1.51325,-0.0022789547,
1.5135,-0.0041468325,
1.51375,0.0022857632,
1.514,0.0055000773,
1.51425,-0.0036122259,
1.5145,0.0024676290,
1.51475,0.0102660256,
1.515,0.0042443778,
1.51525,0.0000268826,
1.5155,-0.0043232809,
1.51575,0.0084195398,
1.516,0.0152487578,
1.51625,0.0016679526,
1.5165,-0.0043413588,
1.51675,0.0105449334,
1.517,0.0103963204,
1.51725,0.0020830012,
1.5175,0.0011212622,
1.51775,0.0064078905,
1.518,0.0136782788,
1.51825,0.0016773458,
1.5185,-0.0011862559,
1.51875,0.0098336665,
1.519,0.0114148399,
1.51925,0.0083392607,
1.5195,0.0010404699,
1.51975,0.0034863173,
1.52,0.0074509457,
1.52025,0.0037608088,
1.5205,0.0014921853,
1.52075,0.0016876416,
1.521,-0.0024476959,
1.52125,0.0025370177,
1.5215,0.0000144304,
1.52175,-0.0087273549,
1.522,0.0030326461,
1.52225,0.0069847452,
1.5225,0.0001368034,
1.52275,-0.0041631502,
1.523,-0.0008682620,
1.52325,0.0024922062,
1.5235,0.0041368306,
1.52375,-0.0098043950,
1.524,-0.0040929839,
1.52425,0.0074478048,
1.5245,-0.0049897991,
1.52475,-0.0108053358,
1.525,-0.0082769450,
1.52525,-0.0009341399,
1.5255,0.0021891198,
1.52575,-0.0070707863,
1.526,-0.0068052947,
1.52625,-0.0009863810,
1.5265,-0.0019831152,
1.52675,-0.0065732216,
1.527,-0.0075070816,
1.52725,0.0029153249,
1.5275,0.0050747609,
1.52775,-0.0015484323,
1.528,-0.0051672123,
1.52825,-0.0010422382,
1.5285,0.0036855000,
1.52875,0.0016105121,
1.529,-0.0033075027,
1.52925,-0.0018201243,
1.5295,0.0058228439,
1.52975,0.0009208579,
1.53,-0.0005384471,
1.53025,0.0022020892,
1.5305,0.0010209522,
1.53075,0.0069895806,
1.531,0.0019153878,
1.53125,-0.0039072656,
1.5315,0.0043177190,
1.53175,0.0070873746,
1.532,0.0000573502,
1.53225,-0.0025423518,
1.5325,0.0020362774,
1.53275,0.0091850078,
1.533,0.0059065763,
1.53325,-0.0104069971,
1.5335,0.0022318929,
1.53375,0.0119866943,
1.534,-0.0027194177,
1.53425,-0.0068379482,
1.5345,-0.0039357222,
1.53475,0.0046614632,
1.535,0.0009497630,
1.53525,-0.0097256294,
1.5355,-0.0031773243,
1.53575,0.0054148827,
1.536,-0.0067261616,
1.53625,-0.0072429976,
1.5365,-0.0034527772,
1.53675,-0.0045639179,
1.537,-0.0018142916,
1.53725,-0.0035460049,
1.5375,-0.0060723918,
1.53775,-0.0061434451,
1.538,-0.0003678164,
1.53825,-0.0023141385,
1.5385,-0.0055070119,
1.53875,-0.0086692683,
1.539,-0.0040825140,
1.53925,0.0031945293,
1.5395,-0.0112102283,
1.53975,-0.0049186870,
1.54,0.0032922113,
1.54025,-0.0003435102,
1.5405,-0.0065446482,
1.54075,-0.0138807679,
1.541,0.0035324325,
1.54125,0.0058474336,
1.5415,-0.0120519884,
1.54175,-0.0045422427,
1.542,0.0096026454,
1.54225,0.0023381615,
1.5425,-0.0045518712,
1.54275,-0.0022005511,
1.543,-0.0000432536,
1.54325,0.0047974922,
1.5435,-0.0065520541,
1.54375,-0.0067973253,
1.544,0.0090092123,
1.54425,0.0005034275,
1.5445,-0.0035582110,
1.54475,0.0009068570,
1.545,-0.0014977132,
1.54525,0.0069530224,
1.5455,0.0053991289,
1.54575,-0.0010954100,
1.546,-0.0025520478,
1.54625,0.0010432001,
1.5465,0.0020363862,
1.54675,0.0014958796,
1.547,-0.0035810969,
1.54725,0.0003733915,
1.5475,0.0056363335,
1.54775,-0.0024883568,
1.548,-0.0032769172,
1.54825,-0.0000688626,
1.5485,0.0088483170,
1.54875,0.0020969172,
1.549,-0.0078143049,
1.54925,0.0006672940,
1.5495,0.0093931230,
1.54975,-0.0009274917,
1.55,-0.0080554737,
1.55025,0.0046602208,
1.5505,0.0057256850,
1.55075,0.0007437677,
1.551,-0.0061683105,
1.55125,-0.0012287728,
1.5515,0.0079522878,
1.55175,-0.0015203435,
1.552,-0.0005708676,
1.55225,0.0002343000,
1.5525,0.0047483048,
1.55275,0.0013089908,
1.553,-0.0035935801,
1.55325,-0.0020042108,
1.5535,-0.0038352734,
1.55375,0.0021294975,
1.554,-0.0017431047,
1.55425,-0.0036847624,
1.5545,-0.0037403959,
1.55475,-0.0000651947,
1.555,-0.0000426804,
1.55525,-0.0048928373,
1.5555,-0.0001674467,
1.55575,0.0017733749,
1.556,0.0045516444,
1.55625,-0.0040295348,
1.5565,-0.0066170511,
1.55675,0.0050493702,
1.557,0.0002378108,
1.55725,-0.0016314250,
1.5575,-0.0008732896,
1.55775,0.0032091415,
1.558,0.0056103505,
1.55825,0.0003926290,
1.5585,-0.0061546182,
1.55875,0.0050099408,
1.559,0.0058985287,
1.55925,-0.0069715856,
1.5595,-0.0016034606,
1.55975,0.0024570173,
1.56,-0.0010379099,
1.56025,0.0040759058,
1.5605,-0.0032545794,
1.56075,0.0011395232,
1.561,0.0098362006,
1.56125,0.0016634157,
1.5615,0.0012101975,
1.56175,0.0027796335,
1.562,0.0034205532,
1.56225,0.0050879866,
1.5625,0.0010521440,
1.56275,-0.0028882946,
1.563,0.0055624959,
1.56325,0.0053088451,
1.5635,-0.0000855246,
1.56375,0.0003823600,
1.564,-0.0007842985,
1.56425,0.0044249282,
1.5645,0.0003795820,
1.56475,0.0004667721,
1.565,0.0046599158,
1.56525,0.0039776890,
1.5655,0.0035718116,
1.56575,-0.0082885912,
1.566,-0.0043643480,
1.56625,0.0077923806,
1.5665,0.0048910175,
1.56675,-0.0052023907,
1.567,-0.0022546321,
1.56725,0.0034894836,
1.5675,0.0026951462,
1.56775,-0.0104064420,
1.568,-0.0043024970,
1.56825,0.0045416527,
1.5685,-0.0029777270,
1.56875,-0.0087892022,
1.569,-0.0083189839,
1.56925,0.0038320934,
1.5695,-0.0043969955,
1.56975,-0.0056172963,
1.57,-0.0007954261,
1.57025,-0.0037791049,
1.5705,-0.0033185477,
1.57075,-0.0030073449,
1.571,-0.0020231351,
1.57125,-0.0037237606,
1.5715,0.0033262311,
1.57175,0.0068098549,
1.572,-0.0023938059,
1.57225,-0.0024726850,
1.5725,-0.0006680930,
1.57275,0.0063902610,
1.573,0.0024032728,
1.57325,-0.0045352071,
1.5735,0.0078765750,
1.57375,0.0096948929,
1.574,-0.0049151289,
1.57425,-0.0046551777,
1.5745,0.0066729188,
1.57475,0.0091672093,
1.575,0.0012500834,
1.57525,-0.0022923518,
1.5755,0.0057647140,
1.57575,0.0070078527,
1.576,-0.0000073220,
1.57625,-0.0083510941,
1.5765,0.0032417723,
1.57675,0.0039222715,
1.577,-0.0015763915,
1.57725,0.0004573312,
1.5775,-0.0022285522,
1.57775,0.0025576949,
1.578,-0.0011690143,
1.57825,-0.0070551308,
1.5785,-0.0002845485,
1.57875,0.0007932066,
1.579,-0.0022104417,
1.57925,-0.0007382253,
1.5795,-0.0061817411,
1.57975,-0.0116335321,
1.58,-0.0012677188,
1.58025,-0.0059657795,
1.5805,-0.0106726158,
1.58075,-0.0018201084,
1.581,-0.0043823728,
1.58125,-0.0033148541,
1.5815,-0.0085029956,
1.58175,-0.0107664559,
1.582,0.0014547477,
1.58225,0.0043339236,
1.5825,-0.0154558979,
1.58275,-0.0085533820,
1.583,0.0029964254,
1.58325,-0.0039230734,
1.5835,-0.0083029009,
1.58375,-0.0059485990,
1.584,0.0028154228,
1.58425,0.0037947737,
1.5845,-0.0115356231,
1.58475,-0.0069051101,
1.585,0.0049369591,
1.58525,-0.0031740619,
1.5855,-0.0044564791,
1.58575,-0.0008120475,
1.586,0.0017895882,
1.58625,0.0032753376,
1.5865,-0.0034672904,
1.58675,-0.0020610271,
1.587,-0.0011023117,
1.58725,-0.0033558535,
1.5875,0.0000965419,
1.58775,-0.0024199295,
1.588,-0.0043111807,
1.58825,-0.0021751064,
1.5885,0.0005949048,
1.58875,-0.0049917581,
1.589,-0.0019474369,
1.58925,0.0016182155,
1.5895,0.0070584933,
1.58975,0.0013430170,
1.59,-0.0072167618,
1.59025,0.0015775941,
1.5905,0.0033462537,
1.59075,0.0002347420,
1.591,-0.0064900443,
1.59125,-0.0020508594,
1.5915,0.0065136044,
1.59175,-0.0033660212,
1.592,-0.0081196576,
1.59225,-0.0027526747,
1.5925,-0.0048889597,
1.59275,-0.0026584407,
1.593,-0.0090660527,
1.59325,-0.0065628956,
1.5935,0.0022711430,
1.59375,-0.0026658832,
1.594,-0.0072112633,
1.59425,-0.0070820381,
1.5945,-0.0012818294,
1.59475,-0.0019944380,
1.595,-0.0054334737,
1.59525,-0.0126606701,
1.5955,-0.0077361511,
1.59575,-0.0013018250,
1.596,-0.0071568843,
1.59625,-0.0058911806,
1.5965,-0.0063931984,
1.59675,-0.0050200988,
1.597,-0.0067118974,
1.59725,-0.0106245317,
1.5975,-0.0071093901,
1.59775,-0.0005727144,
1.598,-0.0039129276,
1.59825,-0.0047201184,
1.5985,-0.0052364031,
1.59875,-0.0058977986,
1.599,0.0078549702,
1.59925,0.0000101401,
1.5995,-0.0111031262,
1.59975,0.0022261895,
1.6,0.0024087597,
1.60025,-0.0012277872,
1.6005,-0.0063950997,
1.60075,-0.0038134358,
1.601,0.0056790430,
1.60125,-0.0025748494,
1.6015,-0.0094175627,
1.60175,0.0023160581,
1.602,0.0102007352,
1.60225,0.0012185383,
1.6025,-0.0009095917,
1.60275,0.0020942774,
1.603,0.0040391195,
1.60325,-0.0009032755,
1.6035,-0.0014086027,
1.60375,0.0009507628,
1.604,-0.0003029424,
1.60425,0.0034406972,
1.6045,0.0019316642,
1.60475,-0.0058479928,
1.605,-0.0024681804,
1.60525,0.0020610872,
1.6055,0.0021158229,
1.60575,-0.0004294510,
1.606,-0.0035489022,
1.60625,0.0035945363,
1.6065,0.0054936954,
1.60675,-0.0079564136,
1.607,-0.0008311733,
1.60725,0.0102545433,
1.6075,0.0080659408,
1.60775,-0.0057299715,
1.608,-0.0080963746,
1.60825,0.0017909273,
1.6085,0.0018657479,
1.60875,-0.0052675377,
1.609,-0.0094867069,
1.60925,0.0025690417,
1.6095,0.0021779558,
1.60975,-0.0074235015,
1.61,-0.0052626301,
1.61025,-0.0008806319,
1.6105,0.0060020722,
1.61075,0.0014482208,
1.611,-0.0034750123,
1.61125,0.0028258355,
1.6115,0.0044266093,
1.61175,-0.0015148404,
1.612,-0.0001043269,
1.61225,-0.0030161501,
1.6125,0.0029346638,
1.61275,0.0052930759,
1.613,-0.0019113853,
1.61325,-0.0002921138,
1.6135,0.0022811783,
1.61375,0.0050021615,
1.614,0.0071033640,
1.61425,-0.0007748671,
1.6145,0.0023416388,
1.61475,0.0101568131,
1.615,0.0040018787,
1.61525,-0.0024664002,
1.6155,0.0021708743,
1.61575,0.0082832528,
1.616,0.0091000637,
1.61625,-0.0036494599,
1.6165,-0.0030911113,
1.61675,0.0144441221,
1.617,0.0128901303,
1.61725,-0.0031997308,
1.6175,0.0027446563,
1.61775,0.0078351581,
1.618,0.0037431926,
1.61825,0.0028603026,
1.6185,-0.0023765648,
1.61875,0.0098508401,
1.619,0.0127456812,
1.61925,0.0000691719,
1.6195,0.0078054527,
1.61975,0.0061700186,
1.62,0.0066597532,
1.62025,0.0040270938,
1.6205,-0.0017413170,
1.62075,0.0002677503,
1.621,0.0017581362,
1.62125,0.0041857441,
1.6215,0.0009877685,
1.62175,-0.0034616762,
1.622,0.0057140593,
1.62225,0.0062805978,
1.6225,0.0010953604,
1.62275,-0.0014366212,
1.623,0.0024119900,
1.62325,0.0087104859,
1.6235,0.0014453694,
1.62375,-0.0042628562,
1.624,0.0023997996,
1.62425,0.0089285700,
1.6245,-0.0010135212,
1.62475,-0.0050828513,
1.625,-0.0032106880,
1.62525,0.0038559129,
1.6255,0.0058999467,
1.62575,-0.0107843373,
1.626,-0.0069117760,
1.62625,0.0052264985,
1.6265,0.0035100777,
1.62675,-0.0022427370,
1.627,0.0002544146,
1.62725,0.0068600625,
1.6275,0.0067769852,
1.62775,0.0006095137,
1.628,-0.0045611896,
1.62825,0.0073881079,
1.6285,0.0104781184,
1.62875,0.0002032222,
1.629,0.0040696887,
1.62925,0.0047371425,
1.6295,0.0047594327,
1.62975,0.0045096842,
1.63,0.0014167440,
1.63025,0.0026370198,
1.6305,0.0103569292,
1.63075,0.0053993277,
1.631,0.0067299642,
1.63125,0.0023202787,
1.6315,0.0012216596,
1.63175,0.0158800483,
1.632,0.0069400012,
1.63225,-0.0001139642,
1.6325,0.0075828885,
1.63275,0.0125205722,
1.633,0.0081870165,
1.63325,-0.0087650390,
1.6335,-0.0050235870,
1.63375,0.0153154451,
1.634,0.0011702739,
1.63425,-0.0109201027,
1.6345,0.0032138384,
1.63475,0.0062614656,
1.635,-0.0012371915,
1.63525,-0.0057987478,
1.6355,-0.0055479649,
1.63575,0.0037394569,
1.636,-0.0011304078,
1.63625,-0.0100308461,
1.6365,-0.0052346806,
1.63675,-0.0015128370,
1.637,-0.0106184818,
1.63725,-0.0044082208,
1.6375,-0.0040517650,
1.63775,-0.0149371549,
1.638,0.0002095868,
1.63825,-0.0014235382,
1.6385,-0.0098059876,
1.63875,-0.0063491957,
1.639,-0.0036231268,
1.63925,0.0029698492,
1.6395,-0.0059730532,
1.63975,-0.0103587154,
1.64,0.0040372466,
1.64025,0.0094565852,
1.6405,-0.0030148281,
1.64075,-0.0072469930,
1.641,0.0101295616,
1.64125,0.0134120742,
1.6415,-0.0027303253,
1.64175,-0.0062613580,
1.642,0.0095048267,
1.64225,0.0148795731,
1.6425,-0.0026480858,
1.64275,-0.0036622027,
1.643,0.0039300332,
1.64325,0.0091389390,
1.6435,0.0017459532,
1.64375,-0.0035893074,
1.644,0.0100384373,
1.64425,0.0135103520,
1.6445,0.0029146490,
1.64475,0.0011075843,
1.645,0.0028507346,
1.64525,0.0023685670,
1.6455,0.0034082192,
1.64575,0.0004877708,
1.646,-0.0041069477,
1.64625,0.0010338052,
1.6465,-0.0002846333,
1.64675,0.0004376815,
1.647,-0.0041806535,
1.64725,-0.0045141387,
1.6475,0.0038212899,
1.64775,0.0030854600,
1.648,-0.0024924106,
1.64825,-0.0039038898,
1.6485,0.0012924061,
1.64875,0.0013693597,
1.649,-0.0101186717,
1.64925,-0.0144856852,
1.6495,0.0046341997,
1.64975,0.0050730808,
1.65,-0.0133739896,
1.65025,-0.0074423449,
1.6505,0.0019220466,
1.65075,0.0071532088,
1.651,-0.0050801556,
1.65125,-0.0116710970,
1.6515,0.0056623928,
1.65175,0.0014014225,
1.652,-0.0067687593,
1.65225,-0.0053102067,
1.6525,0.0053775636,
1.65275,0.0026560528,
1.653,-0.0019103978,
1.65325,-0.0010960196,
1.6535,-0.0048080785,
1.65375,0.0059080799,
1.654,0.0020136831,
1.65425,0.0028952535,
1.6545,0.0007275896,
1.65475,-0.0045186691,
1.655,0.0092492849,
1.65525,0.0030181254,
1.6555,-0.0049803103,
1.65575,0.0086396476,
1.656,0.0083973594,
1.65625,0.0034846999,
1.6565,0.0003634777,
1.65675,-0.0010040206,
1.657,0.0093779918,
1.65725,0.0074189035,
1.6575,-0.0089569036,
1.65775,0.0034860098,
1.658,0.0110327192,
1.65825,-0.0009914275,
1.6585,-0.0042531127,
1.65875,-0.0036824537,
1.659,0.0041553881,
1.65925,0.0068368381,
1.6595,-0.0063733198,
1.65975,-0.0031330623,
1.66,0.0058475547,
1.66025,-0.0013984238,
1.6605,-0.0043165637,
1.66075,-0.0070809568,
1.661,0.0019570519,
1.66125,0.0037648503,
1.6615,-0.0053692395,
1.66175,-0.0092564151,
1.662,-0.0045013679,
1.66225,-0.0068886513,
1.6625,-0.0061617442,
1.66275,-0.0054249917,
1.663,-0.0106846113,
1.66325,0.0041061062,
1.6635,-0.0013318534,
1.66375,-0.0076704612,
1.664,-0.0021763314,
1.66425,-0.0037801350,
1.6645,0.0003864610,
1.66475,0.0031661154,
1.665,-0.0078588044,
1.66525,-0.0005726237,
1.6655,0.0072392705,
1.66575,-0.0058589466,
1.666,-0.0067636203,
1.66625,0.0023583593,
1.6665,0.0082058441,
1.66675,0.0057468009,
1.667,-0.0048204712,
1.66725,0.0075006257,
1.6675,0.0131038390,
1.66775,0.0037827985,
1.668,-0.0026917397,
1.66825,0.0054204841,
1.6685,0.0159574095,
1.66875,0.0027354292,
1.669,0.0018153642,
1.66925,0.0075519267,
1.6695,0.0100047085,
1.66975,0.0058612404,
1.67,0.0045355167,
1.67025,0.0066064028,
1.6705,0.0045528086,
1.67075,0.0045284275,
1.671,0.0071105156,
1.67125,0.0038994402,
1.6715,0.0016044134,
1.67175,0.0085209701,
1.672,0.0077468115,
1.67225,-0.0050243400,
1.6725,-0.0030438297,
1.67275,0.0079869665,
1.673,0.0072068465,
1.67325,-0.0012485727,
1.6735,-0.0026706276,
1.67375,0.0073465826,
1.674,0.0087861009,
1.67425,-0.0100029362,
1.6745,-0.0087416060,
1.67475,0.0130834905,
1.675,0.0041313143,
1.67525,-0.0088157142,
1.6755,0.0010760740,
1.67575,0.0051998915,
1.676,0.0018804095,
1.67625,-0.0030616194,
1.6765,-0.0096216230,
1.67675,0.0068690991,
1.677,0.0026065202,
1.67725,-0.0087543167,
1.6775,-0.0009471956,
1.67775,-0.0018296287,
1.678,-0.0014759245,
1.67825,0.0011585059,
1.6785,-0.0026524458,
1.67875,0.0023177490,
1.679,0.0033419919,
1.67925,0.0000665127,
1.6795,0.0006606486,
1.67975,-0.0036434957,
1.68,0.0007586784,
1.68025,0.0096205324,
1.6805,0.0043436475,
1.68075,0.0016341942,
1.681,0.0055787191,
1.68125,0.0066138967,
1.6815,0.0059741493,
1.68175,-0.0048599048,
1.682,0.0039119828,
1.68225,0.0145912711,
1.6825,0.0051282975,
1.68275,-0.0038209101,
1.683,0.0029591569,
1.68325,0.0125369132,
1.6835,0.0016857993,
1.68375,-0.0013923438,
1.684,0.0057531758,
1.68425,0.0101822745,
1.6845,0.0072379708,
1.68475,-0.0081306230,
1.685,0.0033654934,
1.68525,0.0088879773,
1.6855,-0.0008651705,
1.68575,0.0027052518,
1.686,0.0044272612,
1.68625,0.0075214258,
1.6865,0.0042998935,
1.68675,-0.0024081769,
1.687,-0.0003363023,
1.68725,0.0022658189,
1.6875,0.0034293721,
1.68775,-0.0013744556,
1.688,-0.0023631838,
1.68825,-0.0039468138,
1.6885,-0.0022094301,
1.68875,0.0053549274,
1.689,-0.0050257538,
1.68925,-0.0030672073,
1.6895,0.0032018926,
1.68975,-0.0017022984,
1.69,-0.0048601623,
1.69025,-0.0021276926,
1.6905,0.0021406887,
1.69075,0.0058923448,
1.691,-0.0058019911,
1.69125,-0.0140366377,
1.6915,0.0047647106,
1.69175,0.0012753201,
1.692,-0.0094470698,
1.69225,-0.0009181681,
1.6925,-0.0070599336,
1.69275,-0.0021435039,
1.693,-0.0099178609,
1.69325,-0.0163856689,
1.6935,-0.0037302333,
1.69375,-0.0017677097,
1.694,-0.0080344975,
1.69425,-0.0035777627,
1.6945,-0.0032660295,
1.69475,-0.0006459383,
1.695,0.0005994371,
1.69525,-0.0069283042,
1.6955,-0.0043111006,
1.69575,-0.0014540908,
1.696,-0.0027574247,
1.69625,-0.0039531887,
1.6965,-0.0053731808,
1.69675,-0.0005728729,
1.697,-0.0004557829,
1.69725,-0.0048194197,
1.6975,-0.0045583183,
1.69775,0.0005087055,
1.698,0.0019707510,
1.69825,0.0005865226,
1.6985,-0.0050180517,
1.69875,-0.0034603372,
1.699,0.0038488139,
1.69925,0.0003245765,
1.6995,-0.0065192389,
1.69975,-0.0026236535,
1.7,0.0050748093,
1.70025,0.0042207069,
1.7005,-0.0083001759,
1.70075,-0.0038558713,
1.701,0.0064144628,
1.70125,-0.0010559019,
1.7015,-0.0061343606,
1.70175,-0.0062114489,
1.702,0.0029330277,
1.70225,-0.0043007666,
1.7025,-0.0092683220,
1.70275,-0.0038397752,
1.703,-0.0061697541,
1.70325,-0.0049119312,
1.7035,-0.0111232270,
1.70375,-0.0072825626,
1.704,-0.0083241044,
1.70425,-0.0088968836,
1.7045,-0.0023932653,
1.70475,-0.0092963055,
1.705,-0.0085436683,
1.70525,-0.0055170208,
1.7055,-0.0043839011,
1.70575,-0.0110321417,
1.706,-0.0128090521,
1.70625,-0.0052810251,
1.7065,-0.0020717029,
1.70675,-0.0102342740,
1.707,-0.0146140326,
1.70725,-0.0014181561,
1.7075,0.0005468935,
1.70775,-0.0117456913,
1.708,-0.0156352837,
1.70825,-0.0048123142,
1.7085,0.0007625494,
1.70875,-0.0105298329,
1.709,-0.0092770644,
1.70925,0.0029541508,
1.7095,-0.0002993562,
1.70975,-0.0056736534,
1.71,-0.0062949234,
1.71025,0.0006981758,
1.7105,0.0068678483,
1.71075,-0.0022554970,
1.711,-0.0014900382,
1.71125,0.0027261376,
1.7115,0.0007470446,
1.71175,-0.0008445875,
1.712,0.0000450079,
1.71225,-0.0007190072,
1.7125,-0.0044427863,
1.71275,0.0048883343,
1.713,-0.0013093151,
1.71325,-0.0083295098,
1.7135,0.0001458013,
1.71375,0.0021068563,
1.714,0.0003098178,
1.71425,-0.0015249648,
1.7145,0.0002007128,
1.71475,0.0079020159,
1.715,0.0016424711,
1.71525,-0.0081421640,
1.7155,-0.0032047965,
1.71575,0.0064959000,
1.716,0.0000930244,
1.71625,-0.0103820208,
1.7165,-0.0039040428,
1.71675,0.0015652042,
1.717,0.0009170372,
1.71725,-0.0072523784,
1.7175,-0.0085994806,
1.71775,0.0023408192,
1.718,0.0005283788,
1.71825,-0.0074283481,
1.7185,-0.0071163224,
1.71875,0.0005917471,
1.719,-0.0040776152,
1.71925,-0.0073527610,
1.7195,-0.0049908920,
1.71975,-0.0017643359,
1.72,0.0009449089,
1.72025,-0.0039284159,
1.7205,-0.0071031502,
1.72075,-0.0020982781,
1.721,-0.0025030526,
1.72125,-0.0004690879,
1.7215,0.0011498226,
1.72175,-0.0019115384,
1.722,0.0016070175,
1.72225,0.0023098406,
1.7225,0.0017920318,
1.72275,0.0004403820,
1.723,0.0040059509,
1.72325,0.0080715418,
1.7235,0.0001314675,
1.72375,-0.0058106985,
1.724,0.0039700810,
1.72425,0.0093506379,
1.7245,-0.0006175038,
1.72475,-0.0036231768,
1.725,0.0045486190,
1.72525,0.0058416654,
1.7255,0.0056591164,
1.72575,-0.0023391922,
1.726,0.0026887443,
1.72625,0.0089326650,
1.7265,0.0005701719,
1.72675,-0.0003851852,
1.727,0.0059076096,
1.72725,0.0063335984,
1.7275,0.0080820816,
1.72775,0.0032054982,
1.728,-0.0015383123,
1.72825,0.0077008614,
1.7285,0.0038452412,
1.72875,-0.0018111763,
1.729,0.0002024932,
1.72925,0.0000898002,
1.7295,0.0064520403,
1.72975,0.0040053842,
1.73,-0.0029026880,
1.73025,0.0022923974,
1.7305,0.0062702838,
1.73075,-0.0015717873,
1.731,0.0012278568,
1.73125,0.0024696817,
1.7315,-0.0002271205,
1.73175,0.0046107071,
1.732,-0.0026678722,
1.73225,-0.0044390792,
1.7325,0.0044487491,
1.73275,0.0074488814,
1.733,-0.0023324969,
1.73325,-0.0056353440,
1.7335,0.0010341067,
1.73375,0.0074211769,
1.734,-0.0008814166,
1.73425,-0.0069382638,
1.7345,0.0011713462,
1.73475,0.0057789544,
1.735,-0.0035156987,
1.73525,-0.0053910557,
1.7355,0.0017857961,
1.73575,0.0065293694,
1.736,0.0010053465,
1.73625,-0.0041977507,
1.7365,-0.0009838110,
1.73675,-0.0034416982,
1.737,0.0010979642,
1.73725,0.0000890444,
1.7375,0.0034131191,
1.73775,0.0035062328,
1.738,0.0042911135,
1.73825,0.0019071769,
1.7385,-0.0062368433,
1.73875,0.0003560411,
1.739,0.0069948263,
1.73925,0.0064293253,
1.7395,0.0002570877,
1.73975,-0.0026323253,
1.74,0.0052955337,
1.74025,0.0036896304,
1.7405,-0.0047287140,
1.74075,0.0049607363,
1.741,0.0180828217,
1.74125,0.0097136637,
1.7415,-0.0006618649,
1.74175,-0.0021450296,
1.742,0.0069302418,
1.74225,0.0118855340,
1.7425,-0.0019851760,
1.74275,0.0020150277,
1.743,0.0099973008,
1.74325,0.0017488956,
1.7435,-0.0010091763,
1.74375,-0.0001862769,
1.744,0.0068300492,
1.74425,0.0111619150,
1.7445,0.0026183331,
1.74475,-0.0008146610,
1.745,0.0002737668,
1.74525,-0.0017130894,
1.7455,-0.0027020960,
1.74575,-0.0037481855,
1.746,-0.0048540859,
1.74625,0.0002909648,
1.7465,0.0008291809,
1.74675,-0.0054134149,
1.747,-0.0072635114,
1.74725,-0.0031799846,
1.7475,0.0036868704,
1.74775,-0.0019553648,
1.748,-0.0060112686,
1.74825,-0.0014320923,
1.7485,0.0020570250,
1.74875,-0.0029556304,
1.749,-0.0086265355,
1.74925,-0.0026930522,
1.7495,0.0062925741,
1.74975,0.0009233662,
1.75,-0.0135712465,
1.75025,-0.0075652800,
1.7505,0.0108510051,
1.75075,0.0007065246,
1.751,-0.0054726047,
1.75125,-0.0008066416,
1.7515,-0.0003509782,
1.75175,0.0073410803,
1.752,-0.0074959085,
1.75225,-0.0019626268,
1.7525,0.0136640258,
1.75275,0.0010492349,
1.753,0.0012274201,
1.75325,-0.0006249774,
1.7535,-0.0002261273,
1.75375,0.0027355226,
1.754,-0.0004862486,
1.75425,-0.0028029203,
1.7545,-0.0018568046,
1.75475,0.0017924390,
1.755,0.0007056110,
1.75525,-0.0018946766,
1.7555,-0.0063832542,
1.75575,-0.0001275181,
1.756,0.0080362922,
1.75625,-0.0014679878,
1.7565,-0.0015204195,
1.75675,0.0066629662,
1.757,0.0066226982,
1.75725,-0.0004578047,
1.7575,-0.0103147570,
1.75775,-0.0006289205,
1.758,0.0085268468,
1.75825,-0.0020445343,
1.7585,-0.0101325465,
1.75875,-0.0010191816,
1.759,0.0024584171,
1.75925,-0.0056712832,
1.7595,-0.0107072163,
1.75975,-0.0083918553,
1.76,0.0025635269,
1.76025,-0.0042983759,
1.7605,-0.0108253732,
1.76075,-0.0041320971,
1.761,-0.0006696946,
1.76125,-0.0009762644,
1.7615,-0.0062010139,
1.76175,-0.0092239948,
1.762,-0.0048345737,
1.76225,-0.0020524466,
1.7625,-0.0085050436,
1.76275,-0.0061917258,
1.763,-0.0061364230,
1.76325,-0.0010083569,
1.7635,0.0011326347,
1.76375,-0.0053761019,
1.764,-0.0013080420,
1.76425,0.0035688886,
1.7645,0.0038807990,
1.76475,-0.0013601710,
1.765,-0.0055769449,
1.76525,0.0026390560,
1.7655,0.0057920711,
1.76575,0.0007296239,
1.766,-0.0056127696,
1.76625,0.0083129648,
1.7665,0.0121780597,
1.76675,0.0017455190,
1.767,-0.0041025551,
1.76725,0.0054217246,
1.7675,0.0144205093,
1.76775,0.0011017295,
1.768,-0.0027522519,
1.76825,0.0070234849,
1.7685,0.0109088151,
1.76875,0.0083996449,
1.769,-0.0000555525,
1.76925,0.0041295127,
1.7695,0.0125118326,
1.76975,0.0044006445,
1.77,-0.0022551552,
1.77025,-0.0012580050,
1.7705,-0.0014624977,
1.77075,-0.0027155133,
1.771,0.0011836113,
1.77125,-0.0052537881,
1.7715,-0.0029708729,
1.77175,0.0021803435,
1.772,0.0008195406,
1.77225,-0.0019060341,
1.7725,-0.0049935440,
1.77275,0.0030000356,
1.773,0.0046327007,
1.77325,-0.0106774792,
1.7735,-0.0105324779,
1.77375,0.0054730657,
1.774,0.0045537106,
1.77425,-0.0105296252,
1.7745,-0.0161017384,
1.77475,-0.0004732939,
1.775,0.0025488632,
1.77525,-0.0156723857,
1.7755,-0.0130243171,
1.77575,0.0034856296,
1.776,-0.0023663852,
1.77625,-0.0106569575,
1.7765,-0.0075651663,
1.77675,0.0028727446,
1.777,0.0065614302,
1.77725,-0.0014501041,
1.7775,-0.0032969180,
1.77775,0.0050614425,
1.778,0.0062436471,
1.77825,0.0000244535,
1.7785,0.0019750816,
1.77875,0.0027679219,
1.779,0.0037802977,
1.77925,0.0127267977,
1.7795,0.0021283973,
1.77975,-0.0042178165,
1.78,0.0038121268,
1.78025,0.0058928248,
1.7805,0.0076032858,
1.78075,0.0034902107,
1.781,0.0043196734,
1.78125,0.0129089765,
1.7815,0.0108003346,
1.78175,0.0038670993,
1.782,0.0104147950,
1.78225,0.0193162579,
1.7825,0.0107260840,
1.78275,-0.0000119888,
1.783,-0.0042431648,
1.78325,0.0080164196,
1.7835,0.0133531000,
1.78375,-0.0007375330,
1.784,0.0020735192,
1.78425,0.0150370151,
1.7845,0.0071650725,
1.78475,-0.0013469839,
1.785,0.0001003988,
1.78525,0.0060810056,
1.7855,0.0071734153,
1.78575,0.0007752987,
1.786,-0.0058418326,
1.78625,0.0042648390,
1.7865,0.0043420712,
1.78675,-0.0068063964,
1.787,-0.0004010634,
1.78725,-0.0046843896,
1.7875,0.0029014505,
1.78775,0.0050694924,
1.788,-0.0041315658,
1.78825,-0.0057382267,
1.7885,0.0019393768,
1.78875,0.0031151099,
1.789,-0.0011413475,
1.78925,0.0004532241,
1.7895,0.0068544899,
1.78975,0.0084514478,
1.79,0.0016616391,
1.79025,-0.0038154542,
1.7905,0.0016964907,
1.79075,0.0111567331,
1.791,0.0068491600,
1.79125,-0.0015463850,
1.7915,0.0078481324,
1.79175,0.0123236701,
1.792,0.0072988058,
1.79225,0.0052006124,
1.7925,0.0027830382,
1.79275,0.0114516411,
1.793,0.0082928352,
1.79325,0.0020252271,
1.7935,0.0004636345,
1.79375,0.0121541414,
1.794,0.0112479692,
1.79425,0.0039507579,
1.7945,0.0049434062,
1.79475,0.0075547351,
1.795,0.0101341624,
1.79525,0.0012475805,
1.7955,-0.0030121836,
1.79575,0.0032371979,
1.796,0.0064355880,
1.79625,0.0019699121,
1.7965,-0.0045319074,
1.79675,-0.0003482301,
1.797,0.0048618321,
1.79725,0.0027429720,
1.7975,-0.0000730200,
1.79775,0.0009905680,
1.798,-0.0005785564,
1.79825,0.0031717424,
1.7985,-0.0047156448,
1.79875,-0.0099182483,
1.799,0.0026091039,
1.79925,-0.0011570984,
1.7995,-0.0017089820,
1.79975,-0.0092016989,
1.8,-0.0065322667,
1.80025,0.0057481034,
1.8005,-0.0036713765,
1.80075,-0.0132683646,
1.801,-0.0009031341,
1.80125,0.0029706885,
1.8015,-0.0037750893,
1.80175,-0.0083524976,
1.802,-0.0049340143,
1.80225,0.0082814898,
1.8025,0.0001705160,
1.80275,-0.0066167209,
1.803,-0.0003108362,
1.80325,0.0019332701,
1.8035,-0.0020225877,
1.80375,-0.0037439514,
1.804,-0.0023442295,
1.80425,0.0010041239,
1.8045,0.0076230327,
1.80475,0.0004223418,
1.805,0.0008594057,
1.80525,0.0007374242,
1.8055,0.0033347167,
1.80575,0.0071073389,
1.806,-0.0013787545,
1.80625,0.0006862928,
1.8065,0.0081550879,
1.80675,0.0062322393,
1.807,-0.0051015341,
1.80725,-0.0031546832,
1.8075,0.0099388966,
1.80775,0.0117884036,
1.808,-0.0062506301,
1.80825,-0.0047030034,
1.8085,0.0125615895,
1.80875,0.0036996971,
1.809,-0.0026649879,
1.80925,-0.0023473615,
1.8095,0.0062290011,
1.80975,0.0044164173,
1.81,-0.0090915421,
1.81025,-0.0057158368,
1.8105,0.0040954305,
1.81075,-0.0022712150,
1.811,-0.0056090187,
1.81125,-0.0037533832,
1.8115,-0.0033904007,
1.81175,-0.0049100090,
1.812,-0.0073367148,
1.81225,-0.0041063838,
1.8125,-0.0053840550,
1.81275,-0.0008120635,
1.813,0.0028764168,
1.81325,-0.0074287970,
1.8135,-0.0103829904,
1.81375,-0.0059348196,
1.814,-0.0046797981,
1.81425,-0.0056167110,
1.8145,-0.0082387673,
1.81475,-0.0026527522,
1.815,0.0026154311,
1.81525,-0.0072266841,
1.8155,-0.0124569405,
1.81575,-0.0014719635,
1.816,0.0051585268,
1.81625,-0.0060627605,
1.8165,-0.0112610776,
1.81675,-0.0070829308,
1.817,0.0004556281,
1.81725,-0.0001809082,
1.8175,-0.0114362985,
1.81775,0.0000463673,
1.818,0.0089441482,
1.81825,-0.0024726477,
1.8185,-0.0060757427,
1.81875,-0.0023651312,
1.819,0.0046994598,
1.81925,0.0050381995,
1.8195,-0.0044875415,
1.81975,0.0009634054,
1.82,0.0059997598,
1.82025,0.0023529967,
1.8205,-0.0014109444,
1.82075,-0.0030559641,
1.821,0.0004208323,
1.82125,0.0007976202,
1.8215,0.0030378157,
1.82175,-0.0033122718,
1.822,-0.0033684676,
1.82225,0.0017702488,
1.8225,-0.0025320603,
1.82275,0.0007392094,
1.823,0.0023882457,
1.82325,0.0075482484,
1.8235,0.0056575397,
1.82375,-0.0024096787,
1.824,-0.0020538778,
1.82425,0.0031202585,
1.8245,0.0092096590,
1.82475,-0.0058811712,
1.825,-0.0040985779,
1.82525,0.0039311950,
1.8255,-0.0003114605,
1.82575,-0.0025565573,
1.826,-0.0065296553,
1.82625,0.0010505817,
1.8265,0.0031569265,
1.82675,-0.0052774237,
1.827,-0.0086159650,
1.82725,-0.0032467982,
1.8275,0.0005676902,
1.82775,-0.0079697669,
1.828,-0.0059241247,
1.82825,-0.0003167672,
1.8285,0.0014291580,
1.82875,-0.0026639919,
1.829,-0.0053961929,
1.82925,-0.0058157500,
1.8295,-0.0017576218,
1.82975,-0.0010069082,
1.83,-0.0045883209,
1.83025,-0.0055212812,
1.8305,-0.0044201077,
1.83075,-0.0053897295,
1.831,-0.0091741364,
1.83125,-0.0071205013,
1.8315,-0.0041158618,
1.83175,-0.0016236963,
1.832,-0.0014189424,
1.83225,-0.0088758562,
1.8325,-0.0024241747,
1.83275,0.0063422206,
1.833,0.0009654415,
1.83325,-0.0074079679,
1.8335,0.0019253343,
1.83375,0.0081446003,
1.834,0.0034292915,
1.83425,-0.0039374162,
1.8345,-0.0073049213,
1.83475,0.0058013638,
1.835,0.0026609155,
1.83525,-0.0072575477,
1.8355,0.0060922652,
1.83575,0.0075253360,
1.836,0.0045462903,
1.83625,-0.0001424880,
1.8365,-0.0016552943,
1.83675,0.0058185593,
1.837,0.0031899982,
1.83725,0.0014539912,
1.8375,0.0014730972,
1.83775,0.0039390419,
1.838,0.0012624480,
1.83825,0.0091550881,
1.8385,0.0036749518,
1.83875,0.0024400125,
1.839,0.0092871264,
1.83925,0.0065959329,
1.8395,0.0026862870,
1.83975,-0.0017886808,
1.84,0.0032081716,
1.84025,0.0067998096,
1.8405,-0.0027146144,
1.84075,-0.0059199473,
1.841,0.0067828121,
1.84125,0.0106834844,
1.8415,-0.0080325659,
1.84175,-0.0090335701,
1.842,0.0052409573,
1.84225,0.0076262057,
1.8425,-0.0071989512,
1.84275,-0.0058138957,
1.843,0.0021020442,
1.84325,-0.0025020426,
1.8435,-0.0028433604,
1.84375,-0.0091891000,
1.844,0.0034984727,
1.84425,0.0025020691,
1.8445,-0.0107255960,
1.84475,-0.0056463992,
1.845,-0.0031422230,
1.84525,-0.0041534849,
1.8455,-0.0012417147,
1.84575,0.0015196971,
1.846,-0.0031433289,
1.84625,-0.0009591230,
1.8465,0.0048572030,
1.84675,-0.0036838292,
1.847,-0.0012431948,
1.84725,0.0006624709,
1.8475,0.0054173009,
1.84775,0.0094645917,
1.848,-0.0031766770,
1.84825,0.0019106116,
1.8485,0.0085141053,
1.84875,0.0002605074,
1.849,-0.0020281912,
1.84925,0.0021348714,
1.8495,0.0136170648,
1.84975,0.0097188363,
1.85,-0.0091856793,
1.85025,-0.0007395369,
1.8505,0.0140089095,
1.85075,0.0039070710,
1.851,0.0028835251,
1.85125,0.0071956981,
1.8515,0.0034673747,
1.85175,0.0039175814,
1.852,-0.0072332420,
1.85225,-0.0033100625,
1.8525,0.0138688106,
1.85275,0.0032181931,
1.853,-0.0007512586,
1.85325,-0.0003948988,
1.8535,-0.0037571960,
1.85375,0.0029354477,
1.854,0.0029882435,
1.85425,-0.0046577742,
1.8545,-0.0014910167,
1.85475,-0.0025565040,
1.855,-0.0055183559,
1.85525,-0.0038236193,
1.8555,-0.0066630398,
1.85575,-0.0025216944,
1.856,0.0020864245,
1.85625,-0.0091910064,
1.8565,-0.0073663816,
1.85675,0.0038773534,
1.857,-0.0028715797,
1.85725,-0.0028270963,
1.8575,-0.0066035371,
1.85775,-0.0038316448,
1.858,0.0064245146,
1.85825,-0.0079898629,
1.8585,-0.0103043905,
1.85875,0.0006711914,
1.859,0.0024672796,
1.85925,-0.0048243236,
1.8595,-0.0081623187,
1.85975,-0.0021975555,
1.86,0.0000055602,
1.86025,-0.0022802474,
1.8605,-0.0077329278,
1.86075,0.0000520427,
1.861,0.0049426872,
1.86125,-0.0042680884,
1.8615,-0.0012347549,
1.86175,-0.0041378406,
1.862,0.0028623692,
1.86225,-0.0007739278,
1.8625,-0.0042202803,
1.86275,-0.0060247839,
1.863,-0.0063535543,
1.86325,0.0004605480,
1.8635,-0.0035862180,
1.86375,-0.0029477326,
1.864,-0.0007735953,
1.86425,0.0014386694,
1.8645,0.0017592895,
1.86475,-0.0046650418,
1.865,0.0022116906,
1.86525,0.0041730804,
1.8655,0.0045296559,
1.86575,-0.0032766578,
1.866,-0.0054251133,
1.86625,0.0041695181,
1.8665,0.0039755790,
1.86675,-0.0030274922,
1.867,-0.0046900990,
1.86725,0.0030233134,
1.8675,0.0033085991,
1.86775,-0.0079855062,
1.868,-0.0100734327,
1.86825,-0.0010286646,
1.8685,0.0008276816,
1.86875,-0.0055622607,
1.869,-0.0069641857,
1.86925,-0.0016755606,
1.8695,0.0011039756,
1.86975,-0.0080780890,
1.87,-0.0108441859,
1.87025,-0.0037892251,
1.8705,-0.0042546443,
1.87075,-0.0080566313,
1.871,-0.0067278557,
1.87125,-0.0116132889,
1.8715,-0.0070486921,
1.87175,-0.0020260261,
1.872,-0.0052690720,
1.87225,-0.0073909778,
1.8725,-0.0068033142,
1.87275,-0.0018339510,
1.873,-0.0021608439,
1.87325,-0.0100149019,
1.8735,-0.0119353868,
1.87375,0.0039520548,
1.874,-0.0037107801,
1.87425,-0.0155064827,
1.8745,-0.0012118600,
1.87475,0.0061530801,
1.875,0.0023952357,
1.87525,-0.0101613123,
1.8755,-0.0062698163,
1.87575,0.0089732800,
1.876,0.0002221765,
1.87625,-0.0107221399,
1.8765,0.0001266610,
1.87675,0.0086036138,
1.877,0.0004333248,
1.87725,-0.0028956821,
1.8775,0.0011540261,
1.87775,0.0060625058,
1.878,0.0017825222,
1.87825,-0.0020724474,
1.8785,0.0013770431,
1.87875,0.0011108997,
1.879,-0.0024264986,
1.87925,0.0005528177,
1.8795,-0.0002624842,
1.87975,-0.0054317289,
1.88,0.0016020074,
1.88025,0.0028724684,
1.8805,0.0002474938,
1.88075,-0.0026739687,
1.881,-0.0004473381,
1.88125,0.0098551530,
1.8815,0.0002502947,
1.88175,-0.0055132858,
1.882,0.0047274288,
1.88225,0.0091340421,
1.8825,-0.0020335449,
1.88275,-0.0138535621,
1.883,-0.0026381128,
1.88325,0.0059104920,
1.8835,-0.0066609709,
1.88375,-0.0124423448,
1.884,-0.0020905745,
1.88425,0.0044318931,
1.8845,-0.0069959327,
1.88475,-0.0082081417,
1.885,-0.0027782286,
1.88525,0.0012551995,
1.8855,0.0023625894,
1.88575,-0.0057642842,
1.886,0.0038050283,
1.88625,0.0058880611,
1.8865,-0.0027426039,
1.88675,-0.0016443081,
1.887,-0.0052059572,
1.88725,-0.0032368188,
1.8875,0.0057506817,
1.88775,0.0010721356,
1.888,-0.0065163197,
1.88825,-0.0022024533,
1.8885,-0.0023089184,
1.88875,0.0015219320,
1.889,-0.0023282724,
1.88925,-0.0005668659,
1.8895,0.0111690909,
1.88975,0.0052053276,
1.89,-0.0003342915,
1.89025,0.0004718590,
1.8905,0.0053319577,
1.89075,0.0127222240,
1.891,0.0003785672,
1.89125,-0.0037153093,
1.8915,0.0055594905,
1.89175,0.0071924375,
1.892,-0.0021151497,
1.89225,0.0029731547,
1.8925,0.0070172846,
1.89275,0.0078506554,
1.893,0.0030982220,
1.89325,-0.0084945075,
1.8935,0.0042771818,
1.89375,0.0112598352,
1.894,0.0022921993,
1.89425,0.0043032919,
1.8945,0.0046180161,
1.89475,0.0044503566,
1.895,0.0051588328,
1.89525,-0.0040297052,
1.8955,-0.0009577256,
1.89575,0.0080921333,
1.896,0.0044417959,
1.89625,0.0020930739,
1.8965,-0.0014400546,
1.89675,-0.0055133961,
1.897,0.0024016926,
1.89725,0.0014924530,
1.8975,-0.0036134124,
1.89775,0.0052180560,
1.898,0.0033472925,
1.89825,-0.0009788568,
1.8985,-0.0063544041,
1.89875,-0.0092294654,
1.899,0.0024621889,
1.89925,0.0073088752,
1.8995,-0.0036519426,
1.89975,-0.0092834206,
1.9,0.0074764616,
1.90025,0.0057198787,
1.9005,-0.0020453855,
1.90075,-0.0031714127,
1.901,0.0011217328,
1.90125,0.0081868842,
1.9015,-0.0027820629,
1.90175,-0.0055578267,
1.902,0.0067841718,
1.90225,0.0113873072,
1.9025,0.0046180850,
1.90275,-0.0012377228,
1.903,0.0074191866,
1.90325,0.0082186405,
1.9035,0.0059215543,
1.90375,0.0038404944,
1.904,0.0031673219,
1.90425,0.0082274508,
1.9045,0.0046081487,
1.90475,0.0075060716,
1.905,0.0012236380,
1.90525,0.0050292634,
1.9055,0.0166421272,
1.90575,0.0095982533,
1.906,0.0014024535,
1.90625,0.0059403344,
1.9065,0.0136899622,
1.90675,0.0078515941,
1.907,0.0050270557,
1.90725,0.0054986798,
1.9075,0.0140779223,
1.90775,0.0145768654,
1.908,-0.0078694373,
1.90825,-0.0057380926,
1.9085,0.0144294761,
1.90875,0.0043283151,
1.909,-0.0027540140,
1.90925,0.0004278873,
1.9095,0.0033652051,
1.90975,0.0046139196,
1.91,-0.0030552996,
1.91025,-0.0033244023,
1.9105,0.0060335565,
1.91075,0.0017392365,
1.911,-0.0095381085,
1.91125,-0.0083794976,
1.9115,-0.0033255047,
1.91175,-0.0052822726,
1.912,-0.0063837324,
1.91225,-0.0083555533,
1.9125,-0.0080720261,
1.91275,-0.0026667989,
1.913,-0.0009043239,
1.91325,-0.0048980541,
1.9135,-0.0081275562,
1.91375,-0.0008286143,
1.914,0.0019971726,
1.91425,-0.0036838157,
1.9145,-0.0072124181,
1.91475,-0.0020269598,
1.915,0.0052947383,
1.91525,0.0032710228,
1.9155,-0.0057937140,
1.91575,0.0026879774,
1.916,0.0149819730,
1.91625,0.0009159524,
1.9165,-0.0072543300,
1.91675,-0.0019814866,
1.917,0.0150137488,
1.91725,0.0093345186,
1.9175,-0.0039681159,
1.91775,0.0034145836,
1.918,0.0114705525,
1.91825,0.0086956769,
1.9185,0.0028705220,
1.91875,0.0031568301,
1.919,0.0154358670,
1.91925,0.0117761344,
1.9195,-0.0021460487,
1.91975,0.0026855476,
1.92,0.0059902454,
1.92025,0.0028955061,
1.9205,0.0025978014,
1.92075,-0.0010427564,
1.921,0.0009264526,
1.92125,0.0043315599,
1.9215,0.0031063848,
1.92175,-0.0013945198,
1.922,-0.0040042116,
1.92225,0.0029108839,
1.9225,0.0028599098,
1.92275,-0.0034441995,
1.923,-0.0046956548,
1.92325,0.0017418789,
1.9235,0.0043447572,
1.92375,-0.0038351587,
1.924,-0.0120701529,
1.92425,-0.0017107842,
1.9245,0.0045884512,
1.92475,-0.0071664900,
1.925,-0.0102834785,
1.92525,-0.0028460361,
1.9255,0.0035168917,
1.92575,-0.0049792677,
1.926,-0.0128225069,
1.92625,-0.0036871117,
1.9265,0.0034781138,
1.92675,0.0038520715,
1.927,-0.0041309008,
1.92725,-0.0025455805,
1.9275,0.0068203430,
1.92775,-0.0024381832,
1.928,-0.0055813021,
1.92825,0.0010772616,
1.9285,0.0060308673,
1.92875,0.0040136771,
1.929,0.0030003118,
1.92925,-0.0058311308,
1.9295,0.0012330490,
1.92975,0.0052987873,
1.93,-0.0008752233,
1.93025,0.0055911886,
1.9305,0.0013349198,
1.93075,0.0031305954,
1.931,0.0060935346,
1.93125,-0.0028901985,
1.9315,-0.0019149838,
1.93175,0.0099448031,
1.932,0.0071977414,
1.93225,-0.0015028735,
1.9325,-0.0030393428,
1.93275,0.0021643690,
1.933,0.0062420303,
1.93325,-0.0011907540,
1.9335,-0.0074589667,
1.93375,0.0088549387,
1.934,0.0104435366,
1.93425,-0.0078673763,
1.9345,-0.0036175447,
1.93475,-0.0027266378,
1.935,0.0027854596,
1.93525,0.0003045546,
1.9355,-0.0102627845,
1.93575,0.0000824401,
1.936,0.0007426000,
1.93625,-0.0092085898,
1.9365,-0.0077861850,
1.93675,-0.0082678106,
1.937,-0.0029623508,
1.93725,0.0006299886,
1.9375,-0.0076461392,
1.93775,-0.0077252188,
1.938,-0.0005697518,
1.93825,-0.0013022945,
1.9385,-0.0025887799,
1.93875,-0.0032808920,
1.939,-0.0030855604,
1.93925,0.0039635156,
1.9395,-0.0015223662,
1.93975,-0.0107945520,
1.94,0.0002025201,
1.94025,0.0043711299,
1.9405,-0.0020682893,
1.94075,-0.0061593829,
1.941,-0.0073840930,
1.94125,0.0116590792,
1.9415,0.0092612449,
1.94175,-0.0098395078,
1.942,0.0041685654,
1.94225,0.0151344147,
1.9425,0.0053943237,
1.94275,-0.0009343289,
1.943,0.0023274613,
1.94325,0.0110757463,
1.9435,0.0094993776,
1.94375,-0.0027767550,
1.944,0.0032762566,
1.94425,0.0130609563,
1.9445,0.0036524483,
1.94475,0.0005744028,
1.945,0.0028179786,
1.94525,-0.0002055203,
1.9455,0.0028842646,
1.94575,0.0039586616,
1.946,0.0030149603,
1.94625,0.0023495154,
1.9465,0.0072652823,
1.94675,0.0070389984,
1.947,0.0011473796,
1.94725,-0.0038443787,
1.9475,0.0033700697,
1.94775,0.0061871381,
1.948,0.0014325266,
1.94825,-0.0027328252,
1.9485,0.0027737571,
1.94875,0.0098156091,
1.949,-0.0045774803,
1.94925,-0.0047081695,
1.9495,0.0094533907,
1.94975,0.0098087974,
1.95,0.0014065985,
1.95025,-0.0063222186,
1.9505,0.0002854942,
1.95075,0.0091629233,
1.951,-0.0018722191,
1.95125,-0.0096791014,
1.9515,0.0076566255,
1.95175,0.0037904421,
1.952,-0.0052717277,
1.95225,-0.0020545449,
1.9525,-0.0006372572,
1.95275,0.0052192099,
1.953,0.0024414517,
1.95325,-0.0064483834,
1.9535,0.0005952152,
1.95375,0.0026459256,
1.954,0.0004984998,
1.95425,0.0056727719,
1.9545,-0.0000898891,
1.95475,-0.0029095151,
1.955,0.0097168153,
1.95525,-0.0004733065,
1.9555,-0.0045797746,
1.95575,0.0051933117,
1.956,0.0025182720,
1.95625,0.0081094997,
1.9565,-0.0010239730,
1.95675,0.0004327359,
1.957,0.0125770690,
1.95725,0.0024497244,
1.9575,-0.0005420664,
1.95775,0.0044080163,
1.958,0.0128978156,
1.95825,0.0102841966,
1.9585,-0.0039726514,
1.95875,0.0023536808,
1.959,0.0139865139,
1.95925,0.0091421790,
1.9595,0.0002753700,
1.95975,0.0048829764,
1.96,0.0021524858,
1.96025,0.0047724573,
1.9605,0.0003335345,
1.96075,-0.0025738147,
1.961,0.0120240031,
1.96125,0.0086889025,
1.9615,-0.0000662831,
1.96175,0.0037775820,
1.962,0.0048664487,
1.96225,0.0040800935,
1.9625,0.0047048191,
1.96275,0.0002851745,
1.963,-0.0045576710,
1.96325,0.0024169693,
1.9635,0.0003275694,
1.96375,-0.0027102684,
1.964,0.0025824516,
1.96425,0.0009553909,
1.9645,0.0011795959,
1.96475,-0.0010732065,
1.965,-0.0070848730,
1.96525,-0.0012281348,
1.9655,0.0034875199,
1.96575,-0.0024695192,
1.966,-0.0064685494,
1.96625,-0.0040278882,
1.9665,0.0039126817,
1.96675,-0.0053227292,
1.967,-0.0081338929,
1.96725,-0.0017558254,
1.9675,-0.0001596228,
1.96775,-0.0045295609,
1.968,-0.0143722109,
1.96825,-0.0083356686,
1.9685,-0.0017982938,
1.96875,-0.0052016517,
1.969,-0.0080170510,
1.96925,-0.0034431193,
1.9695,0.0025730133,
1.96975,-0.0007047323,
1.97,-0.0044116089,
1.97025,-0.0059825699,
1.9705,-0.0003171810,
1.97075,-0.0019504046,
1.971,-0.0048166639,
1.97125,-0.0069732005,
1.9715,-0.0070338715,
1.97175,0.0005091685,
1.972,-0.0003107235,
1.97225,-0.0082825068,
1.9725,-0.0015605701,
1.97275,0.0009607104,
1.973,0.0011285165,
1.97325,0.0011342841,
1.9735,-0.0046005887,
1.97375,0.0058298367,
1.974,0.0065996172,
1.97425,-0.0068361163,
1.9745,-0.0039629326,
1.97475,0.0084929364,
1.975,0.0073145861,
1.97525,-0.0032530560,
1.9755,-0.0031389471,
1.97575,0.0082225548,
1.976,0.0058694514,
1.97625,-0.0064119203,
1.9765,-0.0042259656,
1.97675,0.0062020174,
1.977,0.0011072604,
1.97725,-0.0053225858,
1.9775,-0.0047690067,
1.97775,0.0007698662,
1.978,-0.0001329282,
1.97825,-0.0086156735,
1.9785,-0.0061005065,
1.97875,-0.0015483225,
1.979,-0.0079491911,
1.97925,-0.0057535004,
1.9795,-0.0041612713,
1.97975,-0.0142699946,
1.98,-0.0076594260,
1.98025,-0.0005909346,
1.9805,-0.0096203554,
1.98075,-0.0113548115,
1.981,-0.0101062236,
1.98125,-0.0073720785,
1.9815,-0.0080928868,
1.98175,-0.0148310475,
1.982,-0.0067277923,
1.98225,0.0035569526,
1.9825,-0.0132115800,
1.98275,-0.0199771784,
1.983,-0.0082199220,
1.98325,-0.0028002425,
1.9835,-0.0069611156,
1.98375,-0.0107377125,
1.984,-0.0034032518,
1.98425,-0.0001851311,
1.9845,-0.0043657832,
1.98475,-0.0100143813,
1.985,-0.0033669930,
1.98525,0.0042708665,
1.9855,-0.0023635782,
1.98575,-0.0012102701,
1.986,-0.0032402938,
1.98625,0.0015511604,
1.9865,0.0022015998,
1.98675,-0.0070560724,
1.987,-0.0042475401,
1.98725,-0.0010909939,
1.9875,0.0000841859,
1.98775,-0.0032426864,
1.988,-0.0086008692,
1.98825,-0.0038278992,
1.9885,0.0012134312,
1.98875,0.0011479553,
1.989,-0.0025900393,
1.98925,-0.0004808081,
1.9895,0.0005720395,
1.98975,0.0035946625,
1.99,-0.0032149043,
1.99025,-0.0056826593,
1.9905,0.0055103023,
1.99075,-0.0009154191,
1.991,-0.0060102148,
1.99125,-0.0142717082,
1.9915,-0.0020920462,
1.99175,0.0033209075,
1.992,-0.0120827891,
1.99225,-0.0069398917,
1.9925,-0.0000492161,
1.99275,-0.0027255027,
1.993,-0.0073092221,
1.99325,-0.0101251658,
1.9935,-0.0018471903,
1.99375,-0.0009564203,
1.994,-0.0089733200,
1.99425,-0.0063728094,
1.9945,0.0008922890,
1.99475,-0.0036375362,
1.995,-0.0069605117,
1.99525,-0.0060253874,
1.9955,-0.0086658653,
1.99575,0.0005153042,
1.996,-0.0007375775,
1.99625,-0.0045297625,
1.9965,-0.0067350063,
1.99675,-0.0035003750,
1.997,-0.0020772240,
1.99725,-0.0019123474,
1.9975,-0.0014449510,
1.99775,0.0012960618,
1.998,0.0035598699,
1.99825,-0.0021167239,
1.9985,-0.0052979887,
1.99875,-0.0020452072,
1.999,0.0026915327,
1.99925,0.0051231990,
1.9995,-0.0024329969,
1.99975,-0.0046470617,
2,0.0074858759,
2.00025,0.0031999149,
2.0005,-0.0047040107,
2.00075,0.0025494359,
2.001,0.0076044607,
2.00125,0.0078374790,
2.0015,-0.0003961143,
2.00175,-0.0052536167,
2.002,0.0064511467,
2.00225,0.0057832310,
2.0025,-0.0033875969,
2.00275,0.0020211437,
2.003,0.0062318943,
2.00325,0.0054520559,
2.0035,0.0004573473,
2.00375,-0.0007597402,
2.004,-0.0040333816,
2.00425,0.0061561936,
2.0045,0.0047094207,
2.00475,0.0014247675,
2.005,0.0048829243,
2.00525,0.0007751212,
2.0055,0.0029740212,
2.00575,0.0014307513,
2.006,-0.0044555161,
2.00625,0.0059018303,
2.0065,0.0067821727,
2.00675,-0.0034431785,
2.007,-0.0066563608,
2.00725,-0.0032085967,
2.0075,0.0042171180,
2.00775,0.0050239852,
2.008,-0.0080361189,
2.00825,0.0010367534,
2.0085,0.0103991842,
2.00875,-0.0015082735,
2.009,-0.0040100971,
2.00925,-0.0032519395,
2.0095,0.0055593830,
2.00975,0.0010558181,
2.01,-0.0064170216,
2.01025,-0.0011571066,
2.0105,0.0063841054,
2.01075,0.0032064863,
2.011,-0.0039490131,
2.01125,0.0017445255,
2.0115,0.0023450963,
2.01175,-0.0003340573,
2.012,-0.0018348730,
2.01225,0.0001084574,
2.0125,0.0025953867,
2.01275,0.0035209625,
2.013,0.0028075222,
2.01325,-0.0008669746,
2.0135,-0.0025680377,
2.01375,0.0033831664,
2.014,0.0071776402,
2.01425,0.0020629801,
2.0145,0.0018906826,
2.01475,0.0057756454,
2.015,0.0059832237,
2.01525,-0.0006688154,
2.0155,-0.0026038198,
2.01575,0.0070795249,
2.016,0.0148196425,
2.01625,0.0003013579,
2.0165,-0.0051310915,
2.01675,0.0070859189,
2.017,0.0093519678,
2.01725,0.0038395540,
2.0175,-0.0007549960,
2.01775,0.0052792793,
2.018,0.0078862291,
2.01825,-0.0001819960,
2.0185,-0.0051455316,
2.01875,0.0015168206,
2.019,0.0108590908,
2.01925,0.0058667427,
2.0195,-0.0012289901,
2.01975,0.0027392351,
2.02,0.0045317123,
2.02025,0.0044747903,
2.0205,-0.0041720099,
2.02075,0.0000971891,
2.021,0.0009065819,
2.02125,0.0005284246,
2.0215,-0.0021004216,
2.02175,-0.0095102936,
2.022,-0.0020285477,
2.02225,0.0053157089,
2.0225,-0.0004661801,
2.02275,-0.0004333491,
2.023,-0.0009280600,
2.02325,0.0009303096,
2.0235,0.0058782734,
2.02375,-0.0078354394,
2.024,-0.0037136276,
2.02425,0.0081766406,
2.0245,0.0037341034,
2.02475,-0.0035960076,
2.025,-0.0089092916,
2.02525,0.0040301336,
2.0255,0.0117082819,
2.02575,-0.0018211449,
2.026,-0.0024059142,
2.02625,0.0021295624,
2.0265,0.0034948380,
2.02675,-0.0025049564,
2.027,-0.0042763469,
2.02725,0.0017809893,
2.0275,0.0057237218,
2.02775,0.0029537617,
2.028,-0.0043542488,
2.02825,0.0018901657,
2.0285,0.0028061389,
2.02875,-0.0001401345,
2.029,-0.0023582301,
2.02925,-0.0044942885,
2.0295,0.0018013895,
2.02975,0.0060493243,
2.03,-0.0040520532,
2.03025,-0.0066050114,
2.0305,0.0027084877,
2.03075,-0.0014060510,
2.031,0.0019695382,
2.03125,0.0029599532,
2.0315,0.0029753370,
2.03175,0.0103740133,
2.032,0.0021197596,
2.03225,-0.0077084256,
2.0325,-0.0033222931,
2.03275,-0.0010918280,
2.033,0.0002047353,
2.03325,-0.0052865543,
2.0335,-0.0128474636,
2.03375,0.0023094101,
2.034,0.0031116391,
2.03425,-0.0122736711,
2.0345,-0.0085273087,
2.03475,-0.0040372871,
2.035,0.0026813059,
2.03525,-0.0075179199,
2.0355,-0.0097833406,
2.03575,-0.0011052688,
2.036,0.0028685951,
2.03625,-0.0079158079,
2.0365,-0.0148966825,
2.03675,-0.0023593013,
2.037,-0.0032420373,
2.03725,-0.0051366566,
2.0375,-0.0046207169,
2.03775,-0.0107072722,
2.038,-0.0030915320,
2.03825,0.0003528202,
2.0385,-0.0061981520,
2.03875,-0.0023874620,
2.039,0.0038831811,
2.03925,0.0028351196,
2.0395,0.0033717507,
2.03975,-0.0040048026,
2.04,-0.0035637710,
2.04025,0.0114804283,
2.0405,0.0076782890,
2.04075,-0.0063968776,
2.041,0.0024644956,
2.04125,0.0119937658,
2.0415,0.0050914064,
2.04175,-0.0048524509,
2.042,-0.0004959446,
2.04225,0.0160274170,
2.0425,0.0133330515,
2.04275,-0.0090668313,
2.043,-0.0015095524,
2.04325,0.0126485266,
2.0435,0.0070760753,
2.04375,0.0005536997,
2.044,0.0025530122,
2.04425,0.0100727752,
2.0445,0.0052635698,
2.04475,-0.0025406592,
2.045,0.0021637096,
2.04525,0.0035537572,
2.0455,0.0027035396,
2.04575,0.0006764074,
2.046,-0.0013373801,
2.04625,-0.0037445412,
2.0465,-0.0042993473,
2.04675,0.0028327010,
2.047,-0.0014607875,
2.04725,-0.0087400237,
2.0475,-0.0012988510,
2.04775,0.0055738683,
2.048,-0.0044314791,
2.04825,-0.0114937117,
2.0485,-0.0004466664,
2.04875,0.0024852180,
2.049,-0.0037382313,
2.04925,-0.0146557819,
2.0495,-0.0058794189,
2.04975,0.0098853484,
2.05,-0.0086862789,
2.05025,-0.0187936164,
2.0505,-0.0045843152,
2.05075,0.0027970951,
2.051,-0.0006295468,
2.05125,-0.0090462519,
2.0515,-0.0028413010,
2.05175,0.0081044538,
2.052,-0.0007152365,
2.05225,-0.0074266731,
2.0525,0.0026949102,
2.05275,0.0098342989,
2.053,0.0076827030,
2.05325,0.0026124814,
2.0535,-0.0025175391,
2.05375,0.0040851473,
2.054,0.0043039089,
2.05425,-0.0047750752,
2.0545,0.0037042366,
2.05475,0.0012841902,
2.055,0.0032881433,
2.05525,0.0113443453,
2.0555,-0.0029572924,
2.05575,-0.0008272303,
2.056,0.0116155837,
2.05625,0.0084317960,
2.0565,0.0070895324,
2.05675,0.0075280135,
2.057,0.0057255235,
2.05725,0.0117828194,
2.0575,0.0008058898,
2.05775,-0.0103968512,
2.058,0.0095659643,
2.05825,0.0152584147,
2.0585,-0.0002901243,
2.05875,-0.0024473562,
2.059,0.0019906648,
2.05925,0.0094427681,
2.0595,0.0035936418,
2.05975,-0.0062347231,
2.06,0.0045691710,
2.06025,0.0114832921,
2.0605,-0.0026534812,
2.06075,-0.0054266192,
2.061,0.0004273747,
2.06125,0.0058058114,
2.0615,0.0013583909,
2.06175,-0.0046618124,
2.062,-0.0021074517,
2.06225,0.0037219645,
2.0625,0.0019705875,
2.06275,0.0007840897,
2.063,-0.0013978174,
2.06325,-0.0009743257,
2.0635,0.0013427109,
2.06375,0.0015703583,
2.064,-0.0006865020,
2.06425,0.0020877393,
2.0645,0.0053208070,
2.06475,0.0050719851,
2.065,0.0009723180,
2.06525,-0.0037572032,
2.0655,0.0120885875,
2.06575,0.0115595777,
2.066,-0.0024754039,
2.06625,0.0014093553,
2.0665,0.0063643837,
2.06675,0.0110401856,
2.067,0.0037904491,
2.06725,0.0001544800,
2.0675,0.0139028961,
2.06775,0.0128594246,
2.068,0.0023948057,
2.06825,0.0009274404,
2.0685,0.0092499582,
2.06875,0.0109388204,
2.069,0.0055038286,
2.06925,0.0011552480,
2.0695,0.0066580120,
2.06975,0.0116865486,
2.07,-0.0003545977,
2.07025,0.0003211777,
2.0705,0.0011020245,
2.07075,0.0053654001,
2.071,0.0068258815,
2.07125,0.0001407930,
2.0715,-0.0005227869,
2.07175,0.0014946143,
2.072,0.0035593640,
2.07225,0.0034269982,
2.0725,-0.0000129363,
2.07275,0.0039236345,
2.073,0.0082634827,
2.07325,0.0061436174,
2.0735,-0.0102370037,
2.07375,-0.0048272973,
2.074,0.0035365014,
2.07425,0.0022452660,
2.0745,-0.0085991211,
2.07475,-0.0086476896,
2.075,0.0115562677,
2.07525,-0.0000762033,
2.0755,-0.0153533500,
2.07575,0.0016083975,
2.076,0.0094438540,
2.07625,0.0031778242,
2.0765,-0.0041374494,
2.07675,-0.0056003784,
2.077,0.0096261771,
2.07725,0.0007551756,
2.0775,-0.0074230577,
2.07775,0.0059461398,
2.078,0.0045468211,
2.07825,-0.0003198946,
2.0785,0.0040918780,
2.07875,0.0003633873,
2.079,-0.0002241592,
2.07925,0.0046128659,
2.0795,0.0056163687,
2.07975,0.0036710922,
2.08,-0.0012493890,
2.08025,0.0013123655,
2.0805,0.0097850021,
2.08075,0.0001055331,
2.081,-0.0047070691,
2.08125,0.0091850758,
2.0815,0.0087979538,
2.08175,0.0034943386,
2.082,-0.0038540112,
2.08225,0.0043295799,
2.0825,0.0098550916,
2.08275,-0.0049820952,
2.083,-0.0083332928,
2.08325,0.0070012864,
2.0835,0.0073682428,
2.08375,-0.0036892714,
2.084,-0.0019799601,
2.08425,0.0003038254,
2.0845,0.0069551403,
2.08475,0.0011253709,
2.085,-0.0141126364,
2.08525,0.0038385848,
2.0855,0.0024111781,
2.08575,-0.0081873145,
2.086,-0.0021876041,
2.08625,-0.0077610807,
2.0865,0.0020334779,
2.08675,0.0003302175,
2.087,-0.0071453582,
2.08725,-0.0021136755,
2.0875,0.0008056962,
2.08775,0.0004325471,
2.088,-0.0047049280,
2.08825,-0.0095782299,
2.0885,-0.0058309617,
2.08875,-0.0004937418,
2.089,-0.0011046805,
2.08925,-0.0075949188,
2.0895,-0.0055190804,
2.08975,-0.0004789864,
2.09,-0.0051656077,
2.09025,-0.0103652179,
2.0905,-0.0066939881,
2.09075,0.0030972066,
2.091,0.0022573390,
2.09125,-0.0091872243,
2.0915,-0.0090223840,
2.09175,0.0048870477,
2.092,0.0027274888,
2.09225,-0.0036799563,
2.0925,-0.0014489079,
2.09275,0.0034604329,
2.093,0.0020469641,
2.09325,-0.0047306195,
2.0935,-0.0044787708,
2.09375,0.0043316539,
2.094,0.0050740135,
2.09425,-0.0069143409,
2.0945,-0.0036555331,
2.09475,0.0046403082,
2.095,-0.0004172271,
2.09525,-0.0023379191,
2.0955,-0.0022727370,
2.09575,-0.0002685557,
2.096,0.0005863444,
2.09625,0.0023707820,
2.0965,0.0001479962,
2.09675,-0.0027355563,
2.097,0.0000221442,
2.09725,0.0014096175,
2.0975,-0.0008114803,
2.09775,0.0025445421,
2.098,-0.0004302409,
2.09825,0.0033039239,
2.0985,0.0019025349,
2.09875,-0.0076931971,
2.099,-0.0000321744,
2.09925,0.0072167432,
2.0995,-0.0017289279,
2.09975,-0.0072633987,
2.1,-0.0006060053,
2.10025,0.0038818861,
2.1005,-0.0020347084,
2.10075,-0.0090852063,
2.101,-0.0026215799,
2.10125,0.0044972952,
2.1015,-0.0032454263,
2.10175,-0.0079374164,
2.102,-0.0052508004,
2.10225,-0.0002428990,
2.1025,-0.0019591344,
2.10275,-0.0056856377,
2.103,-0.0021333294,
2.10325,-0.0007644997,
2.1035,-0.0027339100,
2.10375,-0.0076344609,
2.104,-0.0059766825,
2.10425,-0.0066095106,
2.1045,-0.0056272252,
2.10475,-0.0029453556,
2.105,-0.0077026142,
2.10525,-0.0047327457,
2.1055,0.0000055933,
2.10575,-0.0082964338,
2.106,-0.0063821445,
2.10625,-0.0063428772,
2.1065,-0.0032977927,
2.10675,0.0036216297,
2.107,-0.0075526433,
2.10725,-0.0117661748,
2.1075,0.0063486886,
2.10775,0.0076234480,
2.108,-0.0039288444,
2.10825,-0.0067377817,
2.1085,0.0045128921,
2.10875,0.0076429751,
2.109,-0.0069144648,
2.10925,-0.0075813448,
2.1095,0.0070946286,
2.10975,0.0033456923,
2.11,-0.0089570545,
2.11025,-0.0012549217,
2.1105,0.0030906321,
2.11075,0.0045617186,
2.111,-0.0030771282,
2.11125,-0.0030141964,
2.1115,0.0101356357,
2.11175,0.0025692726,
2.112,-0.0018278860,
2.11225,0.0045730839,
2.1125,0.0001911825,
2.11275,-0.0025347245,
2.113,0.0102313515,
2.11325,0.0051348195,
2.1135,-0.0003168728,
2.11375,0.0054502110,
2.114,0.0027905279,
2.11425,0.0032599855,
2.1145,-0.0021228965,
2.11475,-0.0012898287,
2.115,0.0099621955,
2.11525,0.0032558888,
2.1155,-0.0053057242,
2.11575,-0.0007015012,
2.116,0.0071710097,
2.11625,-0.0024520352,
2.1165,-0.0101051712,
2.11675,0.0005560657,
2.117,0.0097647160,
2.11725,0.0018966228,
2.1175,-0.0062897140,
2.11775,-0.0038129466,
2.118,-0.0014920216,
2.11825,-0.0001170661,
2.1185,-0.0080995969,
2.11875,-0.0022446562,
2.119,0.0075711217,
2.11925,-0.0051394925,
2.1195,-0.0051215552,
2.11975,-0.0035996221,
2.12,-0.0039881058,
2.12025,0.0033552898,
2.1205,-0.0030429177,
2.12075,-0.0023217734,
2.121,0.0001446206,
2.12125,-0.0001089704,
2.1215,-0.0004573498,
2.12175,-0.0005546106,
2.122,-0.0016052626,
2.12225,0.0077238809,
2.1225,0.0062080263,
2.12275,-0.0014716607,
2.123,0.0055027530,
2.12325,0.0062733446,
2.1235,0.0037895564,
2.12375,0.0018504814,
2.124,-0.0016099298,
2.12425,0.0103420168,
2.1245,0.0139345899,
2.12475,-0.0041527413,
2.125,-0.0008865344,
2.12525,0.0059973681,
2.1255,0.0068616914,
2.12575,0.0051335054,
2.126,0.0012485968,
2.12625,0.0044423984,
2.1265,0.0109943002,
2.12675,-0.0026913930,
2.127,-0.0061643878,
2.12725,0.0047843838,
2.1275,0.0005302474,
2.12775,-0.0003757137,
2.128,-0.0021810574,
2.12825,-0.0044829478,
2.1285,0.0056146216,
2.12875,-0.0010100006,
2.129,-0.0044578784,
2.12925,0.0009432877,
2.1295,-0.0018777897,
2.12975,0.0009234778,
2.13,-0.0019479559,
2.13025,-0.0073371264,
2.1305,-0.0007818397,
2.13075,0.0016097091,
2.131,-0.0066415849,
2.13125,-0.0007871860,
2.1315,-0.0040696366,
2.13175,-0.0020809544,
2.132,0.0021929657,
2.13225,-0.0099921916,
2.1325,-0.0053632623,
2.13275,0.0059117167,
2.133,-0.0022401526,
2.13325,-0.0040751682,
2.1335,-0.0014774268,
2.13375,0.0007137998,
2.134,0.0062388359,
2.13425,-0.0044082166,
2.1345,-0.0052831704,
2.13475,0.0072074607,
2.135,-0.0006381658,
2.13525,-0.0032707546,
2.1355,-0.0066534150,
2.13575,-0.0013452211,
2.136,0.0040285047,
2.13625,-0.0003125805,
2.1365,-0.0028141611,
2.13675,0.0009977857,
2.137,-0.0012672807,
2.13725,-0.0071577951,
2.1375,-0.0062119318,
2.13775,-0.0062791887,
2.138,0.0022033341,
2.13825,0.0014481774,
2.1385,-0.0045267749,
2.13875,-0.0017241887,
2.139,-0.0030495177,
2.13925,0.0001693297,
2.1395,-0.0010845035,
2.13975,-0.0039049489,
2.14,0.0050563249,
2.14025,0.0049382569,
2.1405,-0.0020422533,
2.14075,-0.0055772960,
2.141,-0.0014680881,
2.14125,0.0079833772,
2.1415,0.0044204653,
2.14175,-0.0128232976,
2.142,-0.0035782778,
2.14225,0.0095334295,
2.1425,-0.0067641907,
2.14275,-0.0121385837,
2.143,-0.0018638475,
2.14325,0.0037537215,
2.1435,0.0009364567,
2.14375,-0.0068642674,
2.144,-0.0011156568,
2.14425,0.0043737944,
2.1445,-0.0059892433,
2.14475,-0.0072078239,
2.145,-0.0025057443,
2.14525,-0.0039972872,
2.1455,-0.0041124769,
2.14575,-0.0053586666,
2.146,-0.0061805123,
2.14625,-0.0065643461,
2.1465,-0.0061491788,
2.14675,-0.0016521460,
2.147,-0.0072959214,
2.14725,-0.0126829818,
2.1475,-0.0004900118,
2.14775,0.0016006083,
2.148,-0.0084210243,
2.14825,-0.0056890235,
2.1485,-0.0022066170,
2.14875,-0.0030993875,
2.149,-0.0068545993,
2.14925,-0.0124466522,
2.1495,0.0035957294,
2.14975,0.0068160575,
2.15,-0.0101951230,
2.15025,-0.0117210131,
2.1505,0.0031511893,
2.15075,0.0035103965,
2.151,-0.0072670327,
2.15125,-0.0034683901,
2.1515,-0.0033248090,
2.15175,0.0039710873,
2.152,-0.0032164864,
2.15225,-0.0131052062,
2.1525,0.0045300620,
2.15275,0.0023498652,
2.153,-0.0007056326,
2.15325,0.0006796474,
2.1535,-0.0039839409,
2.15375,0.0012821106,
2.154,0.0021541871,
2.15425,-0.0031920969,
2.1545,-0.0049924124,
2.15475,0.0001113210,
2.155,-0.0022707016,
2.15525,-0.0020405129,
2.1555,-0.0041971155,
2.15575,-0.0055760057,
2.156,0.0055062999,
2.15625,0.0034202253,
2.1565,-0.0052060224,
2.15675,0.0041225608,
2.157,0.0044055800,
2.15725,0.0012832175,
2.1575,-0.0045283446,
2.15775,-0.0072578806,
2.158,0.0056081815,
2.15825,0.0050288886,
2.1585,-0.0090202074,
2.15875,-0.0123878662,
2.159,0.0027803304,
2.15925,0.0020192505,
2.1595,-0.0049101817,
2.15975,-0.0049045328,
2.16,0.0004465000,
2.16025,0.0045875921,
2.1605,-0.0057027298,
2.16075,-0.0079595819,
2.161,0.0036112904,
2.16125,0.0070710955,
2.1615,0.0000580069,
2.16175,-0.0029989411,
2.162,0.0007857952,
2.16225,0.0013746235,
2.1625,0.0011671063,
2.16275,-0.0010105728,
2.163,-0.0041882559,
2.16325,0.0007858745,
2.1635,0.0015997315,
2.16375,-0.0038457140,
2.164,-0.0031852338,
2.16425,0.0020858620,
2.1645,0.0051787486,
2.16475,0.0051534260,
2.165,-0.0055423151,
2.16525,-0.0015407344,
2.1655,0.0073404592,
2.16575,-0.0003538447,
2.166,-0.0060180505,
2.16625,-0.0027429450,
2.1665,0.0046472875,
2.16675,0.0038242624,
2.167,-0.0055062398,
2.16725,-0.0050787586,
2.1675,0.0093870461,
2.16775,0.0048751216,
2.168,-0.0069719860,
2.16825,-0.0040297611,
2.1685,0.0042660637,
2.16875,0.0077844299,
2.169,0.0016791340,
2.16925,-0.0020744216,
2.1695,0.0050245691,
2.16975,0.0067621511,
2.17,-0.0040800208,
2.17025,-0.0047725909,
2.1705,0.0014251706,
2.17075,-0.0009969644,
2.171,0.0031886993,
2.17125,-0.0014156009,
2.1715,-0.0072079990,
2.17175,0.0046831258,
2.172,0.0026470022,
2.17225,0.0011751896,
2.1725,-0.0017848560,
2.17275,0.0007367595,
2.173,0.0022461535,
2.17325,0.0018376973,
2.1735,-0.0079467064,
2.17375,-0.0054805162,
2.174,0.0123557625,
2.17425,0.0010099027,
2.1745,-0.0087183956,
2.17475,-0.0005226603,
2.175,0.0066291988,
2.17525,0.0040250919,
2.1755,-0.0090444703,
2.17575,-0.0017128681,
2.176,0.0151868295,
2.17625,0.0028960207,
2.1765,-0.0052611446,
2.17675,-0.0021798778,
2.177,0.0112555465,
2.17725,0.0090583116,
2.1775,-0.0006890133,
2.17775,0.0049658865,
2.178,0.0092160339,
2.17825,0.0065293186,
2.1785,0.0014503519,
2.17875,0.0007694344,
2.179,0.0065537477,
2.17925,0.0068389815,
2.1795,0.0097545339,
2.17975,0.0055869524,
2.18,0.0018331128,
2.18025,0.0081692077,
2.1805,0.0119955270,
2.18075,0.0090345535,
2.181,-0.0000229204,
2.18125,0.0144581739,
2.1815,0.0165573023,
2.18175,0.0067612557,
2.182,0.0006052807,
2.18225,0.0068183658,
2.1825,0.0195442401,
2.18275,0.0046536187,
2.183,-0.0063654184,
2.18325,0.0057419930,
2.1835,0.0130545152,
2.18375,-0.0009022334,
2.184,-0.0060050073,
2.18425,0.0057097385,
2.1845,0.0114697572,
2.18475,0.0003724535,
2.185,-0.0057116402,
2.18525,0.0009393046,
2.1855,0.0055018947,
2.18575,0.0020892653,
2.186,-0.0055839838,
2.18625,-0.0028688111,
2.1865,0.0053292583,
2.18675,-0.0026527236,
2.187,-0.0067750104,
2.18725,-0.0052659819,
2.1875,-0.0091797598,
2.18775,0.0042747613,
2.188,0.0030362278,
2.18825,-0.0100013856,
2.1885,-0.0036877997,
2.18875,-0.0004323728,
2.189,-0.0000005981,
2.18925,-0.0022198681,
2.1895,-0.0034002282,
2.18975,0.0054738955,
2.19,0.0077734105,
2.19025,-0.0033184211,
2.1905,-0.0014438706,
2.19075,0.0092174700,
2.191,0.0106836865,
2.19125,0.0011270369,
2.1915,-0.0060646944,
2.19175,0.0074715815,
2.192,0.0138267055,
2.19225,0.0034034029,
2.1925,0.0003642208,
2.19275,0.0095141456,
2.193,0.0117173316,
2.19325,0.0017577492,
2.1935,-0.0034910422,
2.19375,0.0041884147,
2.194,0.0119049735,
2.19425,0.0062592425,
2.1945,-0.0022776318,
2.19475,0.0048075309,
2.195,0.0054238341,
2.19525,0.0052878777,
2.1955,0.0006260252,
2.19575,-0.0019738332,
2.196,0.0017543274,
2.19625,0.0025105295,
2.1965,0.0022067714,
2.19675,-0.0043580905,
2.197,-0.0041618762,
2.19725,0.0051041245,
2.1975,0.0019454295,
2.19775,-0.0063184081,
2.198,-0.0014735286,
2.19825,0.0006739796,
2.1985,-0.0010640050,
2.19875,-0.0100516733,
2.199,-0.0123324580,
2.19925,0.0001628456,
2.1995,0.0018712477,
2.19975,-0.0106284404,
2.2,-0.0073423274,
2.20025,0.0027660052,
2.2005,0.0008347969,
2.20075,-0.0044546039,
2.201,-0.0038611258,
2.20125,-0.0020708747,
2.2015,0.0061012935,
2.20175,-0.0028325762,
2.202,-0.0080960207,
2.20225,0.0041034063,
2.2025,0.0017415015,
2.20275,0.0012928371,
2.203,-0.0020284457,
2.20325,-0.0023509746,
2.2035,0.0099260509,
2.20375,-0.0015760934,
2.204,-0.0057674078,
2.20425,-0.0035746796,
2.2045,0.0026148274,
2.20475,0.0076145008,
2.205,0.0027641398,
2.20525,-0.0015677990,
2.2055,0.0015753460,
2.20575,0.0083821816,
2.206,-0.0033408052,
2.20625,0.0034229732,
2.2065,0.0035151604,
2.20675,0.0031755730,
2.207,0.0092060138,
2.20725,-0.0091309994,
2.2075,-0.0043890160,
2.20775,0.0100810714,
2.208,0.0021193535,
2.20825,-0.0069415225,
2.2085,-0.0038329032,
2.20875,0.0017561808,
2.209,0.0034093908,
2.20925,-0.0055935020,
2.2095,-0.0111250207,
2.20975,0.0066439724,
2.21,0.0040127886,
2.21025,-0.0125053432,
2.2105,-0.0033564460,
2.21075,0.0021349711,
2.211,-0.0010746311,
2.21125,-0.0039790641,
2.2115,-0.0066483812,
2.21175,-0.0023287355,
2.212,-0.0011359290,
2.21225,-0.0072522038,
2.2125,-0.0083046667,
2.21275,-0.0021069162,
2.213,-0.0016770063,
2.21325,0.0035299766,
2.2135,-0.0028460077,
2.21375,-0.0079390574,
2.214,-0.0016846701,
2.21425,0.0029480238,
2.2145,-0.0013837698,
2.21475,-0.0050119748,
2.215,0.0028566942,
2.21525,0.0061058700,
2.2155,-0.0006940579,
2.21575,-0.0075910809,
2.216,0.0020258154,
2.21625,0.0183722675,
2.2165,0.0027507949,
2.21675,-0.0032529698,
2.217,0.0064986059,
2.21725,0.0144046862,
2.2175,0.0062293764,
2.21775,-0.0042632837,
2.218,0.0073146722,
2.21825,0.0085964156,
2.2185,-0.0010480861,
2.21875,-0.0005885566,
2.219,0.0009383046,
2.21925,0.0088947807,
2.2195,0.0029689339,
2.21975,-0.0037898826,
2.22,0.0025280574,
2.22025,0.0032414843,
2.2205,0.0023395945,
2.22075,0.0076672230,
2.221,0.0002094127,
2.22125,-0.0003090253,
2.2215,0.0066548437,
2.22175,-0.0026202179,
2.222,-0.0049705920,
2.22225,-0.0015937745,
2.2225,0.0018439087,
2.22275,0.0015855306,
2.223,-0.0064839153,
2.22325,-0.0061628148,
2.2235,0.0048929243,
2.22375,0.0029781037,
2.224,-0.0085127428,
2.22425,-0.0021453006,
2.2245,0.0042469166,
2.22475,0.0042194184,
2.225,-0.0045916876,
2.22525,-0.0076791691,
2.2255,0.0082515320,
2.22575,0.0053981058,
2.226,-0.0017446142,
2.22625,-0.0020227374,
2.2265,0.0007487440,
2.22675,0.0017948225,
2.227,-0.0024667354,
2.22725,-0.0051258095,
2.2275,0.0036614402,
2.22775,0.0095946640,
2.228,-0.0028020560,
2.22825,0.0010792532,
2.2285,0.0028087497,
2.22875,0.0029780725,
2.229,0.0082515748,
2.22925,0.0000056762,
2.2295,0.0045295395,
2.22975,0.0058691269,
2.23,0.0034919283,
2.23025,0.0035676504,
2.2305,-0.0009505849,
2.23075,0.0097751906,
2.231,0.0096518323,
2.23125,0.0043663005,
2.2315,0.0022702799,
2.23175,0.0074941367,
2.232,0.0067451387,
2.23225,0.0049124258,
2.2325,0.0010719630,
2.23275,0.0023217341,
2.233,0.0159918033,
2.23325,0.0047193528,
2.2335,-0.0036994801,
2.23375,0.0057248781,
2.234,0.0056953328,
2.23425,0.0059411852,
2.2345,0.0007885195,
2.23475,-0.0009617082,
2.235,0.0045311046,
2.23525,0.0028748855,
2.2355,-0.0047118291,
2.23575,0.0002182275,
2.236,0.0071667712,
2.23625,0.0047500050,
2.2365,0.0030397391,
2.23675,-0.0035212995,
2.237,0.0011401463,
2.23725,0.0069126650,
2.2375,-0.0023333342,
2.23775,0.0013955374,
2.238,0.0016657270,
2.23825,0.0028517495,
2.2385,0.0030177876,
2.23875,-0.0040048426,
2.239,-0.0007417134,
2.23925,0.0004907821,
2.2395,0.0009207684,
2.23975,-0.0019452547,
2.24,0.0001119063,
2.24025,0.0008864910,
2.2405,0.0009243818,
2.24075,-0.0008383291,
2.241,-0.0097455019,
2.24125,0.0013773608,
2.2415,0.0106126387,
2.24175,-0.0064611346,
2.242,-0.0082524158,
2.24225,0.0015357775,
2.2425,0.0054151448,
2.24275,-0.0036930405,
2.243,-0.0120314667,
2.24325,-0.0019152877,
2.2435,0.0033790991,
2.24375,-0.0036626577,
2.244,-0.0083423005,
2.24425,0.0036323860,
2.2445,0.0065304344,
2.24475,-0.0051086005,
2.245,-0.0041595791,
2.24525,0.0021337117,
2.2455,-0.0027929014,
2.24575,-0.0012756314,
2.246,-0.0016725401,
2.24625,-0.0049264384,
2.2465,-0.0046122810,
2.24675,0.0002316326,
2.247,-0.0000532165,
2.24725,-0.0023027335,
2.2475,-0.0013455423,
2.24775,0.0016579888,
2.248,0.0046264152,
2.24825,-0.0049906573,
2.2485,0.0011463745,
2.24875,0.0085627045,
2.249,0.0008726556,
2.24925,-0.0033481536,
2.2495,-0.0037374231,
2.24975,0.0082278056,
2.25,0.0028659089,
2.25025,-0.0108603928,
2.2505,-0.0015306438,
2.25075,0.0094418554,
2.251,-0.0017573840,
2.25125,-0.0050762105,
2.2515,-0.0031607277,
2.25175,0.0015120450,
2.252,0.0033058785,
2.25225,-0.0070569562,
2.2525,-0.0048782905,
2.25275,0.0048712650,
2.253,-0.0038398940,
2.25325,-0.0099158902,
2.2535,-0.0028652593,
2.25375,-0.0060409820,
2.254,0.0018504785,
2.25425,0.0010408552,
2.2545,-0.0080609191,
2.25475,-0.0070902938,
2.255,-0.0062403879,
2.25525,-0.0093850791,
2.2555,-0.0068748025,
2.25575,-0.0092903357,
2.256,-0.0071280794,
2.25625,0.0011412271,
2.2565,-0.0103820134,
2.25675,-0.0085812910,
2.257,-0.0013148692,
2.25725,-0.0059744734,
2.2575,-0.0083790896,
2.25775,-0.0109650893,
2.258,-0.0062185428,
2.25825,0.0073201931,
2.2585,-0.0065049110,
2.25875,-0.0129312603,
2.259,0.0028642686,
2.25925,0.0020982584,
2.2595,-0.0075428658,
2.25975,-0.0092031471,
2.26,-0.0048281858,
2.26025,0.0022402143,
2.2605,-0.0049749692,
2.26075,-0.0106199570,
2.261,-0.0022661877,
2.26125,0.0024681143,
2.2615,-0.0027107638,
2.26175,-0.0041061104,
2.262,-0.0035728207,
2.26225,-0.0035192929,
2.2625,-0.0014726043,
2.26275,-0.0048516444,
2.263,-0.0023563500,
2.26325,-0.0033813743,
2.2635,0.0001299000,
2.26375,-0.0006130394,
2.264,-0.0083368849,
2.26425,-0.0004632017,
2.2645,-0.0017905933,
2.26475,-0.0019685524,
2.265,-0.0069852318,
2.26525,-0.0058850646,
2.2655,-0.0006202391,
2.26575,-0.0046864785,
2.266,-0.0108945593,
2.26625,-0.0119119398,
2.2665,0.0021898423,
2.26675,-0.0056605497,
2.267,-0.0092865601,
2.26725,-0.0070314799,
2.2675,-0.0046112719,
2.26775,0.0013726578,
2.268,-0.0092510525,
2.26825,-0.0068527465,
2.2685,0.0017568779,
2.26875,-0.0028452543,
2.269,-0.0073065171,
2.26925,-0.0094881970,
2.2695,-0.0044183703,
2.26975,-0.0013079087,
2.27,-0.0086632641,
2.27025,-0.0115954466,
2.2705,-0.0050109429,
2.27075,-0.0041810232,
2.271,-0.0052496251,
2.27125,-0.0046498138,
2.2715,-0.0084654372,
2.27175,0.0010510823,
2.272,0.0007462435,
2.27225,-0.0023777361,
2.2725,-0.0024010811,
2.27275,-0.0034709855,
2.273,0.0010977027,
2.27325,-0.0027146728,
2.2735,-0.0040388964,
2.27375,0.0000818392,
2.274,0.0047912989,
2.27425,0.0011882141,
2.2745,-0.0095656803,
2.27475,-0.0023349430,
2.275,0.0063911690,
2.27525,-0.0000451076,
2.2755,-0.0092030196,
2.27575,-0.0002823083,
2.276,0.0077412147,
2.27625,-0.0010050051,
2.2765,-0.0062443549,
2.27675,-0.0025158257,
2.277,0.0100111179,
2.27725,0.0052301888,
2.2775,-0.0049208943,
2.27775,0.0052551175,
2.278,0.0057033468,
2.27825,0.0013578770,
2.2785,0.0014009110,
2.27875,-0.0030897106,
2.279,0.0026593984,
2.27925,0.0017962047,
2.2795,-0.0014326267,
2.27975,0.0026954869,
2.28,-0.0027744113,
2.28025,-0.0004633069,
2.2805,0.0073740589,
2.28075,-0.0017986698,
2.281,-0.0025498881,
2.28125,0.0016957468,
2.2815,0.0021691460,
2.28175,-0.0032524208,
2.282,-0.0047373655,
2.28225,-0.0021109479,
2.2825,0.0101504652,
2.28275,-0.0019460230,
2.283,-0.0105959745,
2.28325,0.0073992372,
2.2835,0.0092168218,
2.28375,-0.0031592022,
2.284,-0.0032804396,
2.28425,0.0043719145,
2.2845,0.0087670032,
2.28475,0.0013856462,
2.285,-0.0083776983,
2.28525,0.0026931500,
2.2855,0.0077313120,
2.28575,-0.0056885020,
2.286,-0.0013667915,
2.28625,0.0035513155,
2.2865,0.0047773346,
2.28675,0.0060922299,
2.287,-0.0045935903,
2.28725,0.0008288827,
2.2875,0.0020242366,
2.28775,0.0020686325,
2.288,0.0062821666,
2.28825,-0.0006131309,
2.2885,0.0011804565,
2.28875,0.0029597336,
2.289,0.0009161438,
2.28925,0.0000860478,
2.2895,0.0012903601,
2.28975,0.0081577180,
2.29,0.0076081036,
2.29025,-0.0008123223,
2.2905,-0.0004878126,
2.29075,0.0082742339,
2.291,0.0069486853,
2.29125,-0.0015919864,
2.2915,-0.0027476230,
2.29175,0.0080324505,
2.292,0.0085144117,
2.29225,-0.0062751677,
2.2925,-0.0044833422,
2.29275,0.0104209557,
2.293,0.0091337934,
2.29325,-0.0012746793,
2.2935,-0.0018324762,
2.29375,0.0044210032,
2.294,0.0078204684,
2.29425,0.0013236017,
2.2945,-0.0013416135,
2.29475,0.0065129548,
2.295,0.0083986437,
2.29525,-0.0016113155,
2.2955,-0.0000476316,
2.29575,-0.0008184460,
2.296,-0.0006677952,
2.29625,0.0068803509,
2.2965,-0.0014246256,
2.29675,-0.0026128346,
2.297,0.0002346425,
2.29725,0.0029493799,
2.2975,0.0043722428,
2.29775,-0.0054820678,
2.298,0.0047402573,
2.29825,0.0075933528,
2.2985,0.0035366744,
2.29875,-0.0009205847,
2.299,0.0019672080,
2.29925,0.0078726280,
2.2995,0.0063828635,
2.29975,-0.0004488947,
2.3,-0.0038424665,
2.30025,0.0119431121,
2.3005,0.0063452316,
2.30075,-0.0014551928,
2.301,0.0028404510,
2.30125,-0.0012552319,
2.3015,0.0068390872,
2.30175,-0.0000722675,
2.302,-0.0059042145,
2.30225,0.0052944068,
2.3025,0.0068878517,
2.30275,-0.0027300359,
2.303,-0.0056524817,
2.30325,0.0041225287,
2.3035,0.0029581450,
2.30375,0.0021045557,
2.304,-0.0067730490,
2.30425,-0.0033844784,
2.3045,0.0083920695,
2.30475,-0.0039539677,
2.305,-0.0046547879,
2.30525,-0.0007056766,
2.3055,-0.0040267617,
2.30575,0.0010621416,
2.306,0.0006567993,
2.30625,-0.0032715886,
2.3065,0.0032600553,
2.30675,-0.0002020326,
2.307,-0.0009057235,
2.30725,-0.0063910428,
2.3075,-0.0079736197,
2.30775,0.0052032941,
2.308,0.0067566526,
2.30825,-0.0119335614,
2.3085,-0.0083664488,
2.30875,0.0050965087,
2.309,-0.0023011779,
2.30925,-0.0084361210,
2.3095,-0.0071645062,
2.30975,0.0023835860,
2.31,0.0074530556,
2.31025,-0.0105574541,
2.3105,-0.0067337211,
2.31075,0.0053999843,
2.311,-0.0010896546,
2.31125,-0.0086011235,
2.3115,-0.0073262118,
2.31175,-0.0031753141,
2.312,-0.0008791837,
2.31225,-0.0081999032,
2.3125,-0.0075838994,
2.31275,-0.0033953432,
2.313,-0.0033474888,
2.31325,0.0009616688,
2.3135,-0.0023699242,
2.31375,-0.0066099204,
2.314,0.0000967897,
2.31425,0.0080128331,
2.3145,-0.0022494087,
2.31475,-0.0039349017,
2.315,0.0046142456,
2.31525,0.0073262285,
2.3155,0.0039990987,
2.31575,-0.0089424793,
2.316,0.0039990842,
2.31625,0.0155648859,
2.3165,-0.0007568090,
2.31675,-0.0087991208,
2.317,0.0008535868,
2.31725,0.0133150993,
2.3175,0.0037810504,
2.31775,-0.0069733430,
2.318,0.0009075296,
2.31825,0.0088280505,
2.3185,0.0047065858,
2.31875,-0.0014336313,
2.319,0.0042656390,
2.31925,0.0089175478,
2.3195,0.0068122386,
2.31975,-0.0030389954,
2.32,-0.0025948056,
2.32025,0.0044062017,
2.3205,0.0005612301,
2.32075,-0.0019089857,
2.321,-0.0031195814,
2.32125,-0.0042078285,
2.3215,0.0028568758,
2.32175,-0.0002219213,
2.322,-0.0090635875,
2.32225,-0.0001835032,
2.3225,0.0012231665,
2.32275,-0.0008652958,
2.323,-0.0004807364,
2.32325,-0.0089507001,
2.3235,-0.0047338358,
2.32375,0.0067525692,
2.324,-0.0080717970,
2.32425,-0.0117307175,
2.3245,0.0018200827,
2.32475,0.0018603003,
2.325,-0.0032960987,
2.32525,-0.0148307234,
2.3255,-0.0046155937,
2.32575,0.0129997432,
2.326,-0.0000598323,
2.32625,-0.0117637347,
2.3265,0.0052806917,
2.32675,0.0042436766,
2.327,-0.0032444217,
2.32725,-0.0012888238,
2.3275,-0.0009165542,
2.32775,0.0120526170,
2.328,0.0024498133,
2.32825,-0.0060072429,
2.3285,0.0059368284,
2.32875,0.0013936122,
2.329,0.0044864938,
2.32925,0.0058878837,
2.3295,-0.0023067219,
2.32975,0.0036346070,
2.33,0.0058591245,
2.33025,0.0012517013,
2.3305,-0.0012615465,
2.33075,0.0036135630,
2.331,0.0076041603,
2.33125,0.0136715369,
2.3315,0.0026744662,
2.33175,0.0010894986,
2.332,0.0114831598,
2.33225,0.0026404308,
2.3325,-0.0033246391,
2.33275,0.0004076883,
2.333,0.0033502469,
2.33325,0.0075336522,
2.3335,-0.0005132955,
2.33375,-0.0130119808,
2.334,0.0036603161,
2.33425,0.0101038916,
2.3345,-0.0021672205,
2.33475,0.0001009686,
2.335,0.0014968590,
2.33525,0.0032478031,
2.3355,-0.0019715768,
2.33575,-0.0144992750,
2.336,-0.0018981053,
2.33625,0.0081491396,
2.3365,-0.0000484171,
2.33675,-0.0057862792,
2.337,-0.0029300272,
2.33725,0.0015815512,
2.3375,-0.0046771197,
2.33775,-0.0042781187,
2.338,-0.0012868056,
2.33825,0.0011735681,
2.3385,0.0052816896,
2.33875,0.0000990127,
2.339,-0.0011364686,
2.33925,0.0035141271,
2.3395,0.0070981407,
2.33975,0.0068561318,
2.34,0.0037565143,
2.34025,0.0003158760,
2.3405,0.0058538602,
2.34075,0.0117621645,
2.341,-0.0036591911,
2.34125,0.0009524007,
2.3415,0.0118000042,
2.34175,0.0153022110,
2.342,0.0035420670,
2.34225,-0.0038145275,
2.3425,0.0150599219,
2.34275,0.0140841948,
2.343,0.0005637017,
2.34325,-0.0011468532,
2.3435,0.0106411818,
2.34375,0.0123411277,
2.344,-0.0001854982,
2.34425,0.0008686549,
2.3445,0.0094011901,
2.34475,0.0107542509,
2.345,-0.0024678230,
2.34525,0.0020300350,
2.3455,0.0063682431,
2.34575,-0.0017969836,
2.346,0.0062203263,
2.34625,0.0041921656,
2.3465,-0.0013132505,
2.34675,0.0066773412,
2.347,0.0051695341,
2.34725,0.0035447055,
2.3475,-0.0002693993,
2.34775,-0.0014207208,
2.348,0.0114854947,
2.34825,0.0029373723,
2.3485,-0.0102367979,
2.34875,0.0006432667,
2.349,0.0092532681,
2.34925,-0.0000820594,
2.3495,-0.0072309701,
2.34975,0.0018962288,
2.35,0.0091771595,
2.35025,0.0002629948,
2.3505,-0.0137521187,
2.35075,0.0034834058,
2.351,0.0144615537,
2.35125,0.0004395267,
2.3515,-0.0020106409,
2.35175,0.0014137122,
2.352,0.0065342756,
2.35225,0.0018675845,
2.3525,-0.0007786174,
2.35275,0.0013443362,
2.353,0.0098334346,
2.35325,0.0068255537,
2.3535,-0.0035150982,
2.35375,0.0037006207,
2.354,0.0018115730,
2.35425,0.0046266043,
2.3545,0.0088833384,
2.35475,0.0032502394,
2.355,0.0019839960,
2.35525,0.0046531269,
2.3555,0.0061577493,
2.35575,-0.0027884692,
2.356,0.0033864612,
2.35625,0.0052007781,
2.3565,0.0061188545,
2.35675,0.0056108898,
2.357,-0.0052910680,
2.35725,0.0094043249,
2.3575,0.0118448222,
2.35775,-0.0055898894,
2.358,-0.0039825537,
2.35825,0.0048594805,
2.3585,0.0075639342,
2.35875,-0.0035718782,
2.359,-0.0113725420,
2.35925,0.0043338905,
2.3595,0.0070156832,
2.35975,-0.0072098412,
2.36,-0.0067748846,
2.36025,0.0010443373,
2.3605,0.0000175908,
2.36075,-0.0077537443,
2.361,-0.0077613792,
2.36125,-0.0029649348,
2.3615,0.0024755481,
2.36175,-0.0074267592,
2.362,-0.0071868831,
2.36225,-0.0026303991,
2.3625,-0.0046805805,
2.36275,0.0001253648,
2.363,-0.0021780191,
2.36325,-0.0089581339,
2.3635,-0.0051970538,
2.36375,0.0007891172,
2.364,-0.0049319388,
2.36425,-0.0083885081,
2.3645,-0.0067147370,
2.36475,-0.0021379897,
2.365,-0.0030567718,
2.36525,-0.0068375347,
2.3655,-0.0016557098,
2.36575,0.0046151048,
2.366,0.0037348119,
2.36625,-0.0075084437,
2.3665,-0.0021026840,
2.36675,0.0097899055,
2.367,0.0021996631,
2.36725,-0.0034032254,
2.3675,0.0011186873,
2.36775,0.0071546864,
2.368,0.0014915366,
2.36825,-0.0043307310,
2.3685,-0.0024114107,
2.36875,0.0032886374,
2.369,0.0007419380,
2.36925,-0.0032678144,
2.3695,-0.0013552273,
2.36975,0.0042708763,
2.37,0.0059851031,
2.37025,0.0012684253,
2.3705,-0.0014638832,
2.37075,-0.0011974933,
2.371,-0.0009316145,
2.37125,-0.0028913263,
2.3715,-0.0061683021,
2.37175,-0.0065298928,
2.372,0.0001201739,
2.37225,0.0033203259,
2.3725,-0.0088584293,
2.37275,-0.0035380316,
2.373,-0.0000303990,
2.37325,-0.0033369050,
2.3735,-0.0043334709,
2.37375,-0.0061711632,
2.374,-0.0053422628,
2.37425,0.0020208824,
2.3745,-0.0045988332,
2.37475,-0.0138783697,
2.375,0.0003241145,
2.37525,0.0010739221,
2.3755,-0.0074836425,
2.37575,-0.0098101348,
2.376,-0.0028555216,
2.37625,0.0032559303,
2.3765,-0.0024724202,
2.37675,-0.0159197208,
2.377,-0.0036334018,
2.37725,0.0023341072,
2.3775,-0.0095117874,
2.37775,-0.0056195790,
2.378,0.0002162151,
2.37825,-0.0030172032,
2.3785,-0.0053777192,
2.37875,-0.0079856329,
2.379,-0.0038194016,
2.37925,-0.0027929582,
2.3795,-0.0052074250,
2.37975,-0.0018803913,
2.38,-0.0062003313,
2.38025,-0.0114435274,
2.3805,0.0000831014,
2.38075,-0.0011486375,
2.381,-0.0075958474,
2.38125,-0.0066121020,
2.3815,0.0031075035,
2.38175,0.0007539626,
2.382,-0.0092180809,
2.38225,-0.0041896575,
2.3825,0.0049965745,
2.38275,0.0088286474,
2.383,-0.0051520839,
2.38325,-0.0047547841,
2.3835,0.0081530921,
2.38375,0.0010566895,
2.384,-0.0103917904,
2.38425,-0.0022321616,
2.3845,0.0047426168,
2.38475,-0.0007953577,
2.385,-0.0068283263,
2.38525,-0.0097891232,
2.3855,0.0030011376,
2.38575,0.0042704823,
2.386,-0.0026160267,
2.38625,0.0059386902,
2.3865,0.0056167981,
2.38675,0.0025768536,
2.387,-0.0021898111,
2.38725,-0.0020019107,
2.3875,0.0005899820,
2.38775,0.0009259827,
2.388,0.0043706927,
2.38825,0.0012544180,
2.3885,-0.0035960823,
2.38875,-0.0029767116,
2.389,0.0021854185,
2.38925,-0.0029408929,
2.3895,-0.0044343923,
2.38975,0.0032601727,
2.39,0.0018914888,
2.39025,-0.0038156998,
2.3905,-0.0078482786,
2.39075,-0.0031494317,
2.391,0.0079344679,
2.39125,-0.0011159083,
2.3915,-0.0111272391,
2.39175,0.0037577609,
2.392,0.0033822141,
2.39225,-0.0054346742,
2.3925,-0.0034447126,
2.39275,-0.0007611641,
2.393,0.0042733471,
2.39325,0.0017052246,
2.3935,-0.0109793246,
2.39375,-0.0004672672,
2.394,0.0025920710,
2.39425,-0.0058137067,
2.3945,-0.0046468219,
2.39475,-0.0021891631,
2.395,0.0022107135,
2.39525,0.0008798580,
2.3955,-0.0015960092,
2.39575,0.0025173521,
2.396,0.0067961821,
2.39625,0.0046404107,
2.3965,0.0040908256,
2.39675,-0.0003306578,
2.397,-0.0025567440,
2.39725,0.0058799046,
2.3975,0.0043477733,
2.39775,0.0035309696,
2.398,0.0055029388,
2.39825,0.0086677289,
2.3985,0.0093007572,
2.39875,-0.0006355743,
2.399,0.0010113819,
2.39925,0.0103481319,
2.3995,0.0097178444,
2.39975,-0.0016355948,
2.4,-0.0043386286,
2.40025,0.0045232615,
2.4005,0.0062833745,
2.40075,0.0020099452,
2.401,0.0017185173,
2.40125,0.0080578383,
2.4015,0.0049531544,
2.40175,-0.0013481780,
2.402,-0.0038135415,
2.40225,0.0004448188,
2.4025,0.0064182794,
2.40275,0.0006539818,
2.403,0.0000056280,
2.40325,-0.0003605193,
2.4035,0.0019652389,
2.40375,0.0003616233,
2.404,-0.0047393730,
2.40425,-0.0071189459,
2.4045,-0.0030014236,
2.40475,-0.0010241920,
2.405,-0.0067512789,
2.40525,-0.0045410856,
2.4055,0.0000472119,
2.40575,0.0008519880,
2.406,-0.0039474270,
2.40625,-0.0040965979,
2.4065,0.0014235089,
2.40675,0.0029297713,
2.407,-0.0002000890,
2.40725,-0.0044979937,
2.4075,-0.0018371228,
2.40775,0.0028204536,
2.408,0.0004188754,
2.40825,-0.0068094404,
2.4085,-0.0046700649,
2.40875,0.0094794752,
2.409,0.0029371167,
2.40925,-0.0042534815,
2.4095,0.0040862351,
2.40975,0.0040061176,
2.41,0.0022746124,
2.41025,-0.0007057466,
2.4105,-0.0055228788,
2.41075,0.0083103217,
2.411,0.0056302873,
2.41125,-0.0041615991,
2.4115,0.0033209866,
2.41175,0.0061232415,
2.412,-0.0012749257,
2.41225,0.0013289052,
2.4125,-0.0007299797,
2.41275,-0.0071712947,
2.413,0.0085070021,
2.41325,0.0028658682,
2.4135,-0.0016024592,
2.41375,0.0006183255,
2.414,-0.0026614044,
2.41425,0.0052244309,
2.4145,0.0014697759,
2.41475,-0.0025214662,
2.415,0.0061078463,
2.41525,0.0119086802,
2.4155,-0.0044382066,
2.41575,-0.0082595898,
2.416,0.0066905492,
2.41625,0.0071732625,
2.4165,0.0014040257,
2.41675,-0.0066940482,
2.417,0.0021715397,
2.41725,0.0068414258,
2.4175,-0.0042926772,
2.41775,-0.0104624210,
2.418,-0.0009554172,
2.41825,0.0030328196,
2.4185,-0.0036848541,
2.41875,-0.0051474753,
2.419,-0.0008379155,
2.41925,0.0027932385,
2.4195,-0.0004142647,
2.41975,-0.0024313496,
2.42,-0.0039692963,
2.42025,-0.0014427485,
2.4205,-0.0026206728,
2.42075,-0.0085492563,
2.421,-0.0047177458,
2.42125,-0.0062693674,
2.4215,-0.0009748492,
2.42175,-0.0010107247,
2.422,-0.0091419751,
2.42225,-0.0047515291,
2.4225,0.0027524701,
2.42275,-0.0037002037,
2.423,-0.0063339844,
2.42325,-0.0066035679,
2.4235,-0.0039372742,
2.42375,-0.0003662234,
2.424,-0.0028757881,
2.42425,-0.0079613840,
2.4245,0.0068636434,
2.42475,0.0009854776,
2.425,-0.0103913397,
2.42525,-0.0085423067,
2.4255,-0.0056226905,
2.42575,0.0087320674,
2.426,-0.0046884706,
2.42625,-0.0100405002,
2.4265,0.0026169422,
2.42675,-0.0003778386,
2.427,-0.0044238432,
2.42725,-0.0065114265,
2.4275,-0.0011759282,
2.42775,0.0032490387,
2.428,-0.0028138142,
2.42825,-0.0097545572,
2.4285,-0.0036875587,
2.42875,0.0070365146,
2.429,-0.0062080482,
2.42925,0.0007192348,
2.4295,-0.0011072700,
2.42975,-0.0067154197,
2.43,0.0032465984,
2.43025,-0.0078574773,
2.4305,-0.0063277939,
2.43075,0.0006142165,
2.431,0.0017651031,
2.43125,0.0002785374,
2.4315,-0.0026518956,
2.43175,-0.0046469020,
2.432,0.0036173917,
2.43225,0.0044567166,
2.4325,-0.0086752772,
2.43275,-0.0017002837,
2.433,0.0015684037,
2.43325,0.0007968275,
2.4335,-0.0079566389,
2.43375,-0.0122839771,
2.434,0.0059403153,
2.43425,0.0041850149,
2.4345,-0.0051192795,
2.43475,-0.0053789709,
2.435,0.0016390953,
2.43525,0.0015720215,
2.4355,-0.0031847940,
2.43575,-0.0067521380,
2.436,0.0020575593,
2.43625,0.0102758454,
2.4365,-0.0019158876,
2.43675,-0.0049800081,
2.437,-0.0024778068,
2.43725,0.0014381784,
2.4375,0.0025140895,
2.43775,-0.0021240283,
2.438,-0.0014791492,
2.43825,0.0056469161,
2.4385,-0.0006364757,
2.43875,-0.0044529666,
2.439,-0.0036159698,
2.43925,-0.0000699323,
2.4395,0.0055397870,
2.43975,0.0002184293,
2.44,-0.0017399096,
2.44025,0.0008990722,
2.4405,0.0022636163,
2.44075,0.0024156061,
2.441,-0.0056949677,
2.44125,-0.0042881118,
2.4415,0.0056844661,
2.44175,0.0073175775,
2.442,-0.0096147647,
2.44225,-0.0084743630,
2.4425,0.0081183640,
2.44275,0.0038261847,
2.443,-0.0071513038,
2.44325,-0.0054314504,
2.4435,0.0033288065,
2.44375,0.0077971807,
2.444,-0.0060851900,
2.44425,-0.0053222524,
2.4445,0.0070553715,
2.44475,0.0029948596,
2.445,-0.0074494975,
2.44525,-0.0023997277,
2.4455,-0.0020800557,
2.44575,-0.0033650850,
2.446,-0.0008973299,
2.44625,-0.0051202821,
2.4465,-0.0047021811,
2.44675,-0.0008696149,
2.447,0.0029602405,
2.44725,-0.0021536415,
2.4475,-0.0068501499,
2.44775,0.0024825428,
2.448,0.0046787509,
2.44825,-0.0032412866,
2.4485,-0.0098276902,
2.44875,-0.0017875938,
2.449,0.0060284929,
2.44925,-0.0016893647,
2.4495,-0.0114408322,
2.44975,0.0035462398,
2.45,0.0141990939,
2.45025,0.0034310052,
2.4505,-0.0114584267,
2.45075,0.0028152601,
2.451,0.0124668898,
2.45125,0.0007937616,
2.4515,-0.0038185394,
2.45175,-0.0020197504,
2.452,0.0071014534,
2.45225,0.0062860479,
2.4525,-0.0028964924,
2.45275,0.0047552930,
2.453,0.0099282879,
2.45325,0.0056631975,
2.4535,0.0017285098,
2.45375,0.0028658041,
2.454,0.0044317334,
2.45425,0.0095769009,
2.4545,0.0074043632,
2.45475,0.0001348953,
2.455,0.0056599686,
2.45525,0.0096242977,
2.4555,0.0104395719,
2.45575,0.0061226175,
2.456,0.0010225560,
2.45625,0.0104698967,
2.4565,0.0095228795,
2.45675,0.0030590203,
2.457,0.0019200532,
2.45725,0.0082342466,
2.4575,0.0121050999,
2.45775,0.0051225405,
2.458,-0.0061077485,
2.45825,0.0020149213,
2.4585,0.0181863867,
2.45875,0.0016207262,
2.459,-0.0082812812,
2.45925,0.0102322837,
2.4595,0.0097792074,
2.45975,0.0032546073,
2.46,-0.0008697865,
2.46025,-0.0036428138,
2.4605,0.0123656029,
2.46075,0.0035846364,
2.461,-0.0117195398,
2.46125,0.0033676729,
2.4615,0.0056085056,
2.46175,-0.0032929406,
2.462,-0.0031885323,
2.46225,-0.0043399418,
2.4625,-0.0007268345,
2.46275,0.0044303685,
2.463,-0.0018438059,
2.46325,-0.0026284603,
2.4635,-0.0018039020,
2.46375,0.0015123477,
2.464,0.0046037119,
2.46425,-0.0019264801,
2.4645,0.0043502506,
2.46475,0.0075196265,
2.465,0.0099659292,
2.46525,0.0032253144,
2.4655,-0.0010565541,
2.46575,0.0106156189,
2.466,0.0105186813,
2.46625,-0.0019284169,
2.4665,-0.0062208492,
2.46675,0.0105253495,
2.467,0.0117029902,
2.46725,0.0003070856,
2.4675,0.0004982325,
2.46775,0.0084680123,
2.468,0.0110656172,
2.46825,0.0047367504,
2.4685,-0.0013908627,
2.46875,0.0100559574,
2.469,0.0124910055,
2.46925,0.0041294890,
2.4695,-0.0022847289,
2.46975,0.0020897763,
2.47,0.0045283190,
2.47025,0.0016665192,
2.4705,0.0014465059,
2.47075,-0.0023167995,
2.471,0.0010300095,
2.47125,0.0023144416,
2.4715,-0.0039529232,
2.47175,-0.0052627567,
2.472,-0.0017948204,
2.47225,0.0010218576,
2.4725,-0.0027773799,
2.47275,-0.0074280491,
2.473,-0.0042066975,
2.47325,-0.0011336491,
2.4735,-0.0011140410,
2.47375,-0.0100323539,
2.474,-0.0072109057,
2.47425,-0.0009493262,
2.4745,-0.0033281157,
2.47475,-0.0088308388,
2.475,-0.0097941328,
2.47525,-0.0003631137,
2.4755,0.0069105527,
2.47575,-0.0072382535,
2.476,-0.0061159325,
2.47625,0.0061702710,
2.4765,0.0039180284,
2.47675,-0.0070142318,
2.477,-0.0091061760,
2.47725,0.0017476431,
2.4775,0.0064968923,
2.47775,-0.0020550445,
2.478,-0.0035978539,
2.47825,0.0051295427,
2.4785,0.0091144713,
2.47875,-0.0009518905,
2.479,-0.0041547953,
2.47925,0.0003110848,
2.4795,-0.0011374645,
2.47975,0.0053573726,
2.48,0.0030311022,
2.48025,0.0001404458,
2.4805,0.0020242422,
2.48075,0.0067953086,
2.481,0.0042830147,
2.48125,-0.0017903871,
2.4815,0.0017546803,
2.48175,0.0091599980,
2.482,0.0012475797,
2.48225,-0.0099123847,
2.4825,-0.0025534269,
2.48275,0.0091237836,
2.483,0.0042712186,
2.48325,-0.0114915278,
2.4835,-0.0027601745,
2.48375,0.0112940976,
2.484,-0.0025798895,
2.48425,-0.0074608596,
2.4845,0.0030532191,
2.48475,0.0062885433,
2.485,0.0013167305,
2.48525,-0.0107601611,
2.4855,-0.0082085049,
2.48575,0.0064556352,
2.486,-0.0032490031,
2.48625,-0.0098643405,
2.4865,0.0005938513,
2.48675,-0.0036189940,
2.487,-0.0062406720,
2.48725,-0.0028700244,
2.4875,-0.0085855220,
2.48775,-0.0031284897,
2.488,0.0017559890,
2.48825,0.0022427905,
2.4885,-0.0001115367,
2.48875,-0.0043615135,
2.489,-0.0034081237,
2.48925,0.0015196705,
2.4895,-0.0008983129,
2.48975,-0.0068076365,
2.49,0.0036844276,
2.49025,0.0063397600,
2.4905,-0.0067493534,
2.49075,-0.0028675883,
2.491,0.0059813615,
2.49125,0.0098980013,
2.4915,0.0011474829,
2.49175,-0.0081753116,
2.492,0.0049082823,
2.49225,0.0113439793,
2.4925,0.0002020594,
2.49275,-0.0019998504,
2.493,0.0095361220,
2.49325,0.0078109242,
2.4935,0.0020373918,
2.49375,-0.0016508460,
2.494,0.0014409502,
2.49425,0.0087202238,
2.4945,0.0010360740,
2.49475,-0.0028968893,
2.495,0.0008290326,
2.49525,0.0055757547,
2.4955,0.0027713270,
2.49575,-0.0042812056,
2.496,0.0027145157,
2.49625,-0.0004279980,
2.4965,0.0053105461,
2.49675,0.0019794032,
2.497,-0.0060627973,
2.49725,0.0020141162,
2.4975,0.0001545820,
2.49775,-0.0052111465,
2.498,-0.0046628765,
2.49825,-0.0015300694,
2.4985,-0.0007535003,
2.49875,0.0023421824,
2.499,-0.0101465527,
2.49925,-0.0061973180,
2.4995,0.0056129824,
2.49975,0.0007298546,
2.5,-0.0051051751,
2.50025,-0.0044068927,
2.5005,0.0034137331,
2.50075,0.0050013615,
2.501,-0.0035886664,
2.50125,-0.0035538103,
2.5015,0.0039232383,
2.50175,0.0016606074,
2.502,-0.0067777256,
2.50225,-0.0066407402,
2.5025,-0.0003115654,
2.50275,0.0039539412,
2.503,-0.0031721201,
2.50325,-0.0046621198,
2.5035,0.0010044042,
2.50375,0.0063207969,
2.504,0.0027942855,
2.50425,0.0007888008,
2.5045,0.0010463813,
2.50475,0.0046141171,
2.505,0.0045996970,
2.50525,-0.0020017051,
2.5055,0.0020240787,
2.50575,0.0068241246,
2.506,0.0083469385,
2.50625,0.0009356675,
2.5065,0.0029081418,
2.50675,0.0081260148,
2.507,0.0083751911,
2.50725,0.0067725200,
2.5075,0.0014608678,
2.50775,0.0044368212,
2.508,0.0076410868,
2.50825,0.0025642617,
2.5085,-0.0037853909,
2.50875,0.0020756957,
2.509,0.0131159648,
2.50925,0.0061512068,
2.5095,0.0023575020,
2.50975,-0.0015143125,
2.51,0.0064600753,
2.51025,0.0039035291,
2.5105,-0.0059425291,
2.51075,0.0012702278,
2.511,0.0096306540,
2.51125,0.0016461721,
2.5115,0.0002620894,
2.51175,0.0014780955,
2.512,0.0063395547,
2.51225,0.0070881722,
2.5125,-0.0045822323,
2.51275,0.0001843116,
2.513,-0.0006596781,
2.51325,-0.0023143287,
2.5135,0.0043170718,
2.51375,0.0003834706,
2.514,-0.0023859981,
2.51425,0.0040773074,
2.5145,-0.0009396342,
2.51475,-0.0062384754,
2.515,-0.0012223033,
2.51525,0.0047655874,
2.5155,0.0082552787,
2.51575,-0.0005801133,
2.516,-0.0096255718,
2.51625,0.0056604478,
2.5165,0.0081803724,
2.51675,-0.0080531100,
2.517,-0.0048939036,
2.51725,0.0088994438,
2.5175,0.0066452636,
2.51775,-0.0080622006,
2.518,-0.0115637574,
2.51825,0.0028697366,
2.5185,-0.0006528225,
2.51875,-0.0060962671,
2.519,0.0003799938,
2.51925,0.0037056576,
2.5195,0.0055524046,
2.51975,-0.0049676551,
2.52,-0.0019158371,
2.52025,0.0064260354,
2.5205,0.0037036040,
2.52075,0.0014539890,
2.521,0.0019206764,
2.52125,-0.0021751991,
2.5215,-0.0020991382,
2.52175,0.0053089014,
2.522,0.0016794050,
2.52225,-0.0015206465,
2.5225,0.0014287442,
2.52275,0.0001203028,
2.523,0.0002168270,
2.52325,-0.0009526926,
2.5235,0.0031460361,
2.52375,0.0122999791,
2.524,0.0041422709,
2.52425,-0.0068171350,
2.5245,0.0019329546,
2.52475,0.0081358897,
2.525,0.0031803148,
2.52525,-0.0052197352,
2.5255,0.0017036167,
2.52575,0.0105523113,
2.526,0.0012677491,
2.52625,-0.0062465952,
2.5265,-0.0013560047,
2.52675,0.0076987413,
2.527,0.0000060167,
2.52725,-0.0036200173,
2.5275,-0.0039899964,
2.52775,0.0004639730,
2.528,-0.0058484538,
2.52825,-0.0093708830,
2.5285,-0.0049337503,
2.52875,-0.0016623256,
2.529,-0.0020044742,
2.52925,-0.0041351845,
2.5295,-0.0086751487,
2.52975,-0.0071278657,
2.53,-0.0026755186,
2.53025,-0.0055588693,
2.5305,-0.0039574043,
2.53075,-0.0085990699,
2.531,-0.0013916581,
2.53125,-0.0054311655,
2.5315,-0.0120590292,
2.53175,-0.0043401406,
2.532,-0.0042745369,
2.53225,-0.0013846108,
2.5325,-0.0049599726,
2.53275,-0.0103888679,
2.533,0.0004959065,
2.53325,0.0023735263,
2.5335,-0.0083160810,
2.53375,-0.0080251824,
2.534,0.0032371017,
2.53425,0.0026388457,
2.5345,0.0000517535,
2.53475,-0.0046621859,
2.535,-0.0009689646,
2.53525,0.0076605678,
2.5355,-0.0044741719,
2.53575,-0.0065496275,
2.536,0.0026777058,
2.53625,0.0008107774,
2.5365,-0.0044824416,
2.53675,-0.0051268581,
2.537,-0.0057250424,
2.53725,0.0010694043,
2.5375,-0.0003278157,
2.53775,-0.0041387379,
2.538,-0.0058558886,
2.53825,-0.0045741606,
2.5385,-0.0028573191,
2.53875,-0.0056357505,
2.539,-0.0087081864,
2.53925,-0.0029260125,
2.5395,-0.0018770755,
2.53975,-0.0053630075,
2.54,-0.0068722442,
2.54025,-0.0066883359,
2.5405,-0.0021994386,
2.54075,-0.0078739868,
2.541,-0.0121452026,
2.54125,-0.0100821620,
2.5415,-0.0034417911,
2.54175,-0.0049214694,
2.542,-0.0132776871,
2.54225,-0.0126583399,
2.5425,-0.0035303251,
2.54275,0.0008564006,
2.543,-0.0113723343,
2.54325,-0.0131043121,
2.5435,-0.0052769054,
2.54375,-0.0052786320,
2.544,-0.0105146216,
2.54425,-0.0131629128,
2.5445,-0.0016732144,
2.54475,-0.0005199076,
2.545,-0.0123651940,
2.54525,-0.0113255521,
2.5455,-0.0072020898,
2.54575,-0.0077891350,
2.546,-0.0056193033,
2.54625,-0.0059836144,
2.5465,-0.0005965545,
2.54675,0.0025661350,
2.547,-0.0038831453,
2.54725,-0.0014977129,
2.5475,-0.0052000303,
2.54775,-0.0046427771,
2.548,0.0062791379,
2.54825,-0.0000099047,
2.5485,-0.0048167650,
2.54875,0.0024492615,
2.549,0.0020058739,
2.54925,-0.0008400914,
2.5495,-0.0088230427,
2.54975,-0.0009941233,
2.55,0.0111197298,
2.55025,0.0010879624,
2.5505,-0.0140903573,
2.55075,0.0021512825,
2.551,0.0107202902,
2.55125,-0.0046936953,
2.5515,-0.0040606461,
2.55175,0.0032864080,
2.552,0.0059450986,
2.55225,0.0061648670,
2.5525,-0.0065419311,
2.55275,-0.0004329387,
2.553,0.0109172296,
2.55325,-0.0031152484,
2.5535,-0.0014117528,
2.55375,0.0030102348,
2.554,-0.0037185228,
2.55425,0.0013709136,
2.5545,0.0010052687,
2.55475,-0.0038084704,
2.555,-0.0002995774,
2.55525,0.0017004093,
2.5555,0.0007944718,
2.55575,-0.0014422239,
2.556,-0.0031891954,
2.55625,-0.0007078884,
2.5565,0.0017872874,
2.55675,-0.0046635484,
2.557,-0.0082841525,
2.55725,0.0045245788,
2.5575,0.0045408811,
2.55775,-0.0054002362,
2.558,-0.0035127692,
2.55825,0.0043335762,
2.5585,0.0084454585,
2.55875,-0.0024413785,
2.559,-0.0096892389,
2.55925,0.0026781762,
2.5595,0.0114132380,
2.55975,-0.0066322046,
2.56,-0.0075387377,
2.56025,0.0037010957,
2.5605,-0.0002973797,
2.56075,-0.0004376679,
2.561,-0.0065701483,
2.56125,0.0028301755,
2.5615,0.0098329391,
2.56175,-0.0022720501,
2.562,-0.0020059531,
2.56225,-0.0024558327,
2.5625,0.0021911070,
2.56275,0.0023158088,
2.563,-0.0004221387,
2.56325,0.0008513532,
2.5635,0.0003755523,
2.56375,0.0083357748,
2.564,0.0002294013,
2.56425,-0.0022316335,
2.5645,0.0052174898,
2.56475,0.0048431326,
2.565,0.0045414595,
2.56525,-0.0032043157,
2.5655,0.0022308794,
2.56575,0.0070785587,
2.566,0.0059038047,
2.56625,-0.0034062676,
2.5665,-0.0019525846,
2.56675,0.0099578630,
2.567,0.0018270611,
2.56725,-0.0013270455,
2.5675,-0.0009499661,
2.56775,0.0115074543,
2.568,0.0097617470,
2.56825,-0.0014283817,
2.5685,-0.0012976752,
2.56875,0.0060295109,
2.569,0.0082207182,
2.56925,0.0017251422,
2.5695,0.0026687710,
2.56975,0.0065283827,
2.57,0.0067345230,
2.57025,-0.0011083847,
2.5705,-0.0070773633,
2.57075,0.0007265981,
2.571,0.0020135634,
2.57125,-0.0003034514,
2.5715,0.0025397581,
2.57175,-0.0047621988,
2.572,0.0023640732,
2.57225,0.0051352317,
2.5725,0.0008584312,
2.57275,0.0015288575,
2.573,0.0032125823,
2.57325,0.0065663126,
2.5735,0.0037916335,
2.57375,-0.0015107966,
2.574,0.0016036441,
2.57425,0.0082213860,
2.5745,0.0048299935,
2.57475,-0.0064680311,
2.575,-0.0028047320,
2.57525,0.0098470263,
2.5755,0.0064757564,
2.57575,-0.0046054814,
2.576,-0.0003353915,
2.57625,0.0079908948,
2.5765,0.0037330016,
2.57675,-0.0058411481,
2.577,-0.0018305088,
2.57725,0.0100497147,
2.5775,0.0095474059,
2.57775,0.0029505147,
2.578,-0.0018630399,
2.57825,0.0097458195,
2.5785,0.0046128426,
2.57875,-0.0013367109,
2.579,-0.0007270735,
2.57925,-0.0010518425,
2.5795,0.0050378963,
2.57975,0.0036408082,
2.58,0.0001653223,
2.58025,0.0008882340,
2.5805,0.0020897363,
2.58075,0.0043165362,
2.581,-0.0002797546,
2.58125,-0.0032550711,
2.5815,0.0026698234,
2.58175,0.0056727035,
2.582,0.0013755045,
2.58225,-0.0060112956,
2.5825,0.0001683366,
2.58275,0.0102077518,
2.583,0.0021553475,
2.58325,-0.0097575644,
2.5835,-0.0023618334,
2.58375,0.0067412569,
2.584,-0.0024849540,
2.58425,-0.0117270937,
2.5845,-0.0012303519,
2.58475,0.0086105429,
2.585,-0.0035410556,
2.58525,-0.0119972210,
2.5855,-0.0023058101,
2.58575,0.0039488361,
2.586,-0.0021363031,
2.58625,-0.0064329989,
2.5865,-0.0053048083,
2.58675,0.0024156955,
2.587,-0.0012036241,
2.58725,-0.0080102198,
2.5875,-0.0062869927,
2.58775,-0.0047770590,
2.588,-0.0013530448,
2.58825,0.0049907020,
2.5885,-0.0023777618,
2.58875,-0.0044493545,
2.589,0.0016274328,
2.58925,0.0042646704,
2.5895,-0.0028685168,
2.58975,-0.0002611234,
2.59,0.0052420422,
2.59025,0.0041108546,
2.5905,-0.0016253837,
2.59075,-0.0082181357,
2.591,0.0042752824,
2.59125,0.0127855111,
2.5915,-0.0005546104,
2.59175,-0.0050458582,
2.592,0.0052481941,
2.59225,0.0081564244,
2.5925,0.0047939927,
2.59275,-0.0052251741,
2.593,0.0051822350,
2.59325,0.0151334256,
2.5935,0.0034111496,
2.59375,-0.0047047846,
2.594,0.0027964383,
2.59425,0.0082168570,
2.5945,0.0026170630,
2.59475,0.0011123245,
2.595,-0.0011592624,
2.59525,0.0067311428,
2.5955,-0.0000038389,
2.59575,-0.0075325738,
2.596,-0.0006376638,
2.59625,-0.0003049871,
2.5965,0.0032040915,
2.59675,0.0020918013,
2.597,-0.0070147784,
2.59725,-0.0044219880,
2.5975,0.0016435137,
2.59775,-0.0017675193,
2.598,-0.0069297450,
2.59825,-0.0054119835,
2.5985,0.0020911824,
2.59875,0.0013794949,
2.599,-0.0076212883,
2.59925,-0.0077371579,
2.5995,0.0013879068,
2.59975,0.0005488027,
2.6,-0.0106133427,
2.60025,-0.0079659102,
2.6005,0.0011151562,
2.60075,0.0023764223,
2.601,-0.0022106692,
2.60125,-0.0079614921,
2.6015,-0.0014762707,
2.60175,0.0054576113,
2.602,-0.0011909625,
2.60225,-0.0041644233,
2.6025,0.0010210893,
2.60275,0.0080846353,
2.603,-0.0006474965,
2.60325,-0.0045584226,
2.6035,0.0043786955,
2.60375,0.0064898469,
2.604,0.0069210362,
2.60425,-0.0037453044,
2.6045,-0.0044701574,
2.60475,0.0053498219,
2.605,0.0025806564,
2.60525,0.0034262189,
2.6055,0.0029495431,
2.60575,0.0030403410,
2.606,0.0073756366,
2.60625,0.0054526133,
2.6065,-0.0010076023,
2.60675,0.0022316284,
2.607,0.0077057811,
2.60725,0.0007454465,
2.6075,-0.0017722098,
2.60775,-0.0050791716,
2.608,0.0034681300,
2.60825,0.0100606419,
2.6085,-0.0046654162,
2.60875,-0.0054710582,
2.609,0.0090321805,
2.60925,0.0064619626,
2.6095,-0.0038107694,
2.60975,-0.0065864045,
2.61,-0.0021035410,
2.61025,0.0040957229,
2.6105,-0.0031805479,
2.61075,-0.0145924455,
2.611,0.0026259164,
2.61125,0.0032602809,
2.6115,-0.0068454328,
2.61175,-0.0067273346,
2.612,-0.0083112009,
2.61225,-0.0004445302,
2.6125,-0.0019343296,
2.61275,-0.0075806463,
2.613,-0.0023091943,
2.61325,0.0025060282,
2.6135,0.0004354003,
2.61375,-0.0024088556,
2.614,-0.0072710873,
2.61425,0.0005731274,
2.6145,0.0050705201,
2.61475,0.0045249374,
2.615,0.0003131019,
2.61525,0.0007170655,
2.6155,0.0099013010,
2.61575,0.0020454396,
2.616,-0.0060753953,
2.61625,0.0024161481,
2.6165,0.0132530704,
2.61675,0.0088904444,
2.617,-0.0050980775,
2.61725,0.0001849416,
2.6175,0.0143155009,
2.61775,0.0108452989,
2.618,0.0002692868,
2.61825,0.0093650483,
2.6185,0.0162979513,
2.61875,0.0074270093,
2.619,0.0023933311,
2.61925,0.0022284433,
2.6195,0.0129546914,
2.61975,0.0062276293,
2.62,0.0001402256,
2.62025,0.0055921501,
2.6205,0.0035971566,
2.62075,0.0055808574,
2.621,0.0035296220,
2.62125,0.0019781215,
2.6215,0.0020494368,
2.62175,0.0045496174,
2.622,0.0061550308,
2.62225,-0.0003969920,
2.6225,-0.0037705265,
2.62275,0.0007786952,
2.623,0.0057862718,
2.62325,-0.0019368873,
2.6235,-0.0069946074,
2.62375,0.0043384479,
2.624,0.0033500367,
2.62425,-0.0032615098,
2.6245,-0.0084937913,
2.62475,0.0006825589,
2.625,0.0114152199,
2.62525,-0.0038445131,
2.6255,-0.0107264612,
2.62575,0.0045469319,
2.626,0.0125722978,
2.62625,-0.0004519513,
2.6265,-0.0053330907,
2.62675,0.0020713299,
2.627,0.0063888645,
2.62725,0.0027475015,
2.6275,-0.0056094774,
2.62775,0.0045273034,
2.628,0.0114114173,
2.62825,0.0027234049,
2.6285,0.0006569853,
2.62875,0.0038895824,
2.629,0.0074449908,
2.62925,0.0093968250,
2.6295,0.0064731133,
2.62975,0.0041148853,
2.63,0.0063829627,
2.63025,0.0084743919,
2.6305,0.0065894881,
2.63075,0.0024145304,
2.631,0.0059626475,
2.63125,0.0097952411,
2.6315,0.0080629028,
2.63175,0.0015888526,
2.632,0.0049978769,
2.63225,0.0115480749,
2.6325,0.0080654332,
2.63275,-0.0007121376,
2.633,-0.0024879184,
2.63325,0.0117402095,
2.6335,0.0047408873,
2.63375,-0.0024151793,
2.634,-0.0009384180,
2.63425,0.0073971483,
2.6345,0.0111793866,
2.63475,-0.0043602968,
2.635,-0.0035232841,
2.63525,0.0020435776,
2.6355,-0.0014311768,
2.63575,-0.0036094079,
2.636,-0.0059771463,
2.63625,0.0021075576,
2.6365,0.0016040329,
2.63675,-0.0072558224,
2.637,-0.0093673840,
2.63725,-0.0041843387,
2.6375,0.0008861113,
2.63775,-0.0028907813,
2.638,-0.0053561828,
2.63825,-0.0047182194,
2.6385,-0.0054006586,
2.63875,-0.0052819969,
2.639,-0.0059789028,
2.63925,-0.0048051630,
2.6395,0.0004726528,
2.63975,0.0009446096,
2.64,-0.0016055984,
2.64025,-0.0107831089,
2.6405,-0.0035108256,
2.64075,-0.0026331388,
2.641,-0.0042693322,
2.64125,-0.0010489718,
2.6415,-0.0062550413,
2.64175,0.0082855262,
2.642,0.0016854713,
2.64225,-0.0115291318,
2.6425,-0.0018849608,
2.64275,0.0068923160,
2.643,0.0016025780,
2.64325,-0.0020987676,
2.6435,-0.0005319481,
2.64375,0.0031420854,
2.644,0.0048574116,
2.64425,-0.0047551612,
2.6445,-0.0008387455,
2.64475,0.0120374104,
2.645,0.0043529170,
2.64525,-0.0049505825,
2.6455,0.0017611672,
2.64575,-0.0001834920,
2.646,0.0023722537,
2.64625,0.0026012145,
2.6465,-0.0029996149,
2.64675,0.0041461461,
2.647,0.0010407141,
2.64725,-0.0016110326,
2.6475,-0.0036614332,
2.64775,-0.0044995034,
2.648,-0.0035599396,
2.64825,0.0031202640,
2.6485,-0.0010504578,
2.64875,-0.0059103454,
2.649,0.0050761220,
2.64925,0.0020037170,
2.6495,-0.0062357052,
2.64975,-0.0088333720,
2.65,0.0017407141,
2.65025,0.0046887468,
2.6505,-0.0100229774,
2.65075,-0.0122745978,
2.651,0.0014552732,
2.65125,0.0030466334,
2.6515,-0.0111884456,
2.65175,-0.0119305458,
2.652,-0.0007637298,
2.65225,-0.0032088994,
2.6525,-0.0100381374,
2.65275,-0.0094993170,
2.653,-0.0013621689,
2.65325,0.0000099662,
2.6535,-0.0107092187,
2.65375,-0.0078746490,
2.654,-0.0039335350,
2.65425,-0.0067293500,
2.6545,-0.0069354698,
2.65475,-0.0047435635,
2.655,-0.0073313178,
2.65525,-0.0062347972,
2.6555,-0.0017756056,
2.65575,-0.0069429763,
2.656,-0.0106808310,
2.65625,-0.0109146722,
2.6565,-0.0027702674,
2.65675,0.0005986815,
2.657,-0.0094005354,
2.65725,0.0021349331,
2.6575,0.0053735469,
2.65775,0.0005866698,
2.658,-0.0085630342,
2.65825,-0.0052844398,
2.6585,0.0088592581,
2.65875,-0.0004947745,
2.659,-0.0088131437,
2.65925,-0.0022153647,
2.6595,0.0068877302,
2.65975,-0.0004268440,
2.66,-0.0066487393,
2.66025,0.0012822140,
2.6605,0.0040910258,
2.66075,-0.0006112884,
2.661,-0.0038224431,
2.66125,0.0000300045,
2.6615,0.0052308822,
2.66175,0.0047600330,
2.662,-0.0019052664,
2.66225,-0.0033334796,
2.6625,0.0040367111,
2.66275,0.0041843695,
2.663,-0.0008175420,
2.66325,-0.0006124603,
2.6635,-0.0075696851,
2.66375,-0.0002291265,
2.664,0.0009540625,
2.66425,-0.0069380626,
2.6645,0.0057876580,
2.66475,0.0006556621,
2.665,-0.0000032272,
2.66525,-0.0027625477,
2.6655,-0.0071918024,
2.66575,0.0001842016,
2.666,0.0017193144,
2.66625,-0.0073902812,
2.6665,-0.0081893066,
2.66675,0.0065115942,
2.667,0.0027277812,
2.66725,-0.0037774665,
2.6675,-0.0057781758,
2.66775,-0.0005387354,
2.668,0.0041037234,
2.66825,-0.0063306196,
2.6685,-0.0093182307,
2.66875,-0.0014052249,
2.669,-0.0025089770,
2.66925,-0.0101434113,
2.6695,-0.0058310567,
2.66975,0.0017668386,
2.67,0.0019741906,
2.67025,-0.0000064332,
2.6705,-0.0044665877,
2.67075,-0.0014694873,
2.671,0.0003443584,
2.67125,-0.0000773579,
2.6715,0.0010821859,
2.67175,-0.0006017295,
2.672,0.0006452622,
2.67225,0.0058725942,
2.6725,0.0028983695,
2.67275,-0.0002051110,
2.673,0.0044635506,
2.67325,0.0053565186,
2.6735,0.0041920035,
2.67375,0.0000476615,
2.674,-0.0007305923,
2.67425,0.0079933116,
2.6745,0.0064444328,
2.67475,-0.0017769054,
2.675,-0.0005218214,
2.67525,0.0075658699,
2.6755,0.0056442693,
2.67575,-0.0030502728,
2.676,-0.0013393419,
2.67625,0.0081087155,
2.6765,0.0067510558,
2.67675,-0.0016249431,
2.677,-0.0018170745,
2.67725,0.0075588333,
2.6775,0.0045096166,
2.67775,-0.0026660075,
2.678,-0.0017612568,
2.67825,0.0047788424,
2.6785,-0.0004530490,
2.67875,-0.0035011615,
2.679,-0.0046073836,
2.67925,-0.0047956924,
2.6795,-0.0009587645,
2.67975,-0.0027402574,
2.68,-0.0022000910,
2.68025,-0.0040384061,
2.6805,-0.0019438276,
2.68075,0.0026956857,
2.681,-0.0028266849,
2.68125,-0.0045830370,
2.6815,-0.0006159198,
2.68175,0.0030792109,
2.682,-0.0012400132,
2.68225,-0.0057408623,
2.6825,0.0008305565,
2.68275,0.0081606992,
2.683,-0.0029543019,
2.68325,-0.0135030234,
2.6835,0.0029245079,
2.68375,0.0064818179,
2.684,-0.0013270373,
2.68425,-0.0043902216,
2.6845,0.0035169607,
2.68475,0.0082690706,
2.685,-0.0011119827,
2.68525,-0.0053456053,
2.6855,0.0021259000,
2.68575,0.0132204685,
2.686,0.0037585653,
2.68625,-0.0010395506,
2.6865,0.0042058881,
2.68675,0.0047749262,
2.687,-0.0018074906,
2.68725,0.0032477754,
2.6875,0.0039449623,
2.68775,-0.0009214433,
2.688,0.0022429503,
2.68825,0.0017515379,
2.6885,-0.0022111130,
2.68875,0.0011988605,
2.689,0.0070580463,
2.68925,0.0095594013,
2.6895,0.0039027471,
2.68975,0.0008334589,
2.69,0.0045343013,
2.69025,0.0087847263,
2.6905,0.0000196873,
2.69075,-0.0023114025,
2.691,0.0112097291,
2.69125,0.0099961404,
2.6915,-0.0014975872,
2.69175,-0.0081850020,
2.692,0.0079814959,
2.69225,0.0097634764,
2.6925,-0.0035203556,
2.69275,0.0001972720,
2.693,0.0040137963,
2.69325,0.0067509515,
2.6935,-0.0018893830,
2.69375,-0.0095534660,
2.694,0.0038987813,
2.69425,0.0046260478,
2.6945,-0.0043338323,
2.69475,-0.0014803756,
2.695,-0.0016528403,
2.69525,-0.0005745853,
2.6955,0.0006604549,
2.69575,-0.0107928747,
2.696,-0.0051516206,
2.69625,-0.0013545165,
2.6965,-0.0065297396,
2.69675,-0.0020047447,
2.697,-0.0087606804,
2.69725,-0.0047713914,
2.6975,0.0014820464,
2.69775,-0.0043163812,
2.698,-0.0091159455,
2.69825,-0.0011643763,
2.6985,-0.0030851089,
2.69875,-0.0022070485,
2.699,-0.0073406119,
2.69925,-0.0092046279,
2.6995,0.0006798359,
2.69975,0.0008869194,
2.7,-0.0127251968,
2.70025,-0.0069524422,
2.7005,0.0073688808,
2.70075,0.0020911922,
2.701,-0.0030491778,
2.70125,-0.0042954851,
2.7015,0.0032510145,
2.70175,0.0027110386,
2.702,-0.0079207700,
2.70225,-0.0053756782,
2.7025,0.0054568215,
2.70275,0.0012834405,
2.703,-0.0072828503,
2.70325,-0.0023130858,
2.7035,0.0023262070,
2.70375,0.0031527807,
2.704,-0.0000759198,
2.70425,-0.0060105044,
2.7045,-0.0042721825,
2.70475,-0.0027796128,
2.705,-0.0023541285,
2.70525,-0.0055487733,
2.7055,-0.0033428306,
2.70575,-0.0026872882,
2.706,-0.0026264784,
2.70625,-0.0025141388,
2.7065,-0.0085384240,
2.70675,0.0003300242,
2.707,0.0007459573,
2.70725,-0.0032976081,
2.7075,-0.0111064268,
2.70775,-0.0048713232,
2.708,-0.0001231106,
2.70825,-0.0025641480,
2.7085,-0.0080285575,
2.70875,-0.0109948423,
2.709,0.0023256892,
2.70925,-0.0046937792,
2.7095,-0.0123622622,
2.70975,-0.0085488325,
2.71,-0.0012326452,
2.71025,-0.0024689315,
2.7105,-0.0074817389,
2.71075,-0.0083897272,
2.711,0.0008775988,
2.71125,0.0050950479,
2.7115,-0.0041566701,
2.71175,-0.0067541706,
2.712,0.0024044178,
2.71225,0.0000460525,
2.7125,-0.0026682185,
2.71275,-0.0052105812,
2.713,-0.0031665578,
2.71325,0.0059309965,
2.7135,0.0039211777,
2.71375,-0.0017997385,
2.714,-0.0014043449,
2.71425,0.0005000691,
2.7145,0.0062531661,
2.71475,-0.0031529295,
2.715,-0.0034284624,
2.71525,0.0031512089,
2.7155,0.0015696499,
2.71575,0.0019624911,
2.716,-0.0085255615,
2.71625,0.0070447372,
2.7165,0.0125069041,
2.71675,0.0034102669,
2.717,-0.0027167550,
2.71725,0.0006650469,
2.7175,0.0112915682,
2.71775,0.0022364522,
2.718,-0.0095430594,
2.71825,0.0005158124,
2.7185,0.0063232472,
2.71875,-0.0017443066,
2.719,-0.0060540508,
2.71925,-0.0012150024,
2.7195,0.0045761680,
2.71975,0.0028689564,
2.72,-0.0069301440,
2.72025,-0.0041999603,
2.7205,0.0005031246,
2.72075,-0.0045392830,
2.721,-0.0036520748,
2.72125,-0.0014213101,
2.7215,-0.0030873059,
2.72175,-0.0006033042,
2.722,-0.0005899693,
2.72225,-0.0112321889,
2.7225,-0.0064917216,
2.72275,-0.0014476404,
2.723,-0.0001041787,
2.72325,-0.0028073932,
2.7235,-0.0111092720,
2.72375,-0.0011740947,
2.724,0.0025591357,
2.72425,-0.0090121999,
2.7245,-0.0089169051,
2.72475,0.0028184461,
2.725,0.0053785574,
2.72525,-0.0059464974,
2.7255,-0.0116559714,
2.72575,0.0008050776,
2.726,0.0112398416,
2.72625,-0.0002580792,
2.7265,-0.0044859853,
2.72675,0.0039103562,
2.727,0.0103518460,
2.72725,0.0020139748,
2.7275,-0.0059033958,
2.72775,0.0022795084,
2.728,0.0083113592,
2.72825,0.0013064970,
2.7285,0.0025557154,
2.72875,0.0044207615,
2.729,0.0101168128,
2.72925,0.0091543943,
2.7295,-0.0003817493,
2.72975,0.0047188709,
2.73,0.0058499440,
2.73025,0.0069530350,
2.7305,0.0111397551,
2.73075,-0.0005763127,
2.731,0.0031891337,
2.73125,0.0088032875,
2.7315,0.0082224282,
2.73175,0.0037175482,
2.732,0.0050786790,
2.73225,0.0148742637,
2.7325,0.0100102108,
2.73275,0.0006353302,
2.733,-0.0050772252,
2.73325,0.0090519181,
2.7335,0.0146105969,
2.73375,0.0007720201,
2.734,-0.0040153535,
2.73425,0.0102789281,
2.7345,0.0105686504,
2.73475,-0.0022064501,
2.735,-0.0029261522,
2.73525,0.0040738462,
2.7355,0.0071571302,
2.73575,-0.0034880338,
2.736,-0.0108489022,
2.73625,0.0012691466,
2.7365,0.0052789971,
2.73675,-0.0004950215,
2.737,-0.0039488864,
2.73725,0.0004965332,
2.7375,0.0016395983,
2.73775,-0.0009945930,
2.738,-0.0018941886,
2.73825,-0.0027369242,
2.7385,-0.0017373067,
2.73875,0.0038590226,
2.739,0.0019432220,
2.73925,-0.0049676551,
2.7395,0.0048328680,
2.73975,0.0072398367,
2.74,0.0050740135,
2.74025,0.0030720201,
2.7405,-0.0019938962,
2.74075,0.0103753535,
2.741,0.0109178470,
2.74125,-0.0034500854,
2.7415,0.0033031432,
2.74175,0.0125754075,
2.742,0.0077205766,
2.74225,-0.0000402087,
2.7425,0.0010908782,
2.74275,0.0113375438,
2.743,0.0143068898,
2.74325,0.0058581531,
2.7435,-0.0007366333,
2.74375,0.0107383532,
2.744,0.0109877270,
2.74425,0.0027317598,
2.7445,0.0016029689,
2.74475,0.0069477358,
2.745,0.0126388380,
2.74525,0.0007970526,
2.7455,-0.0023782954,
2.74575,0.0000280256,
2.746,0.0036724652,
2.74625,0.0025438438,
2.7465,-0.0025042454,
2.74675,0.0006368197,
2.747,-0.0011562731,
2.74725,0.0060920082,
2.7475,-0.0019882801,
2.74775,-0.0035494494,
2.748,0.0021231824,
2.74825,0.0003966630,
2.7485,-0.0012071156,
2.74875,-0.0092509724,
2.749,-0.0072688283,
2.74925,0.0062862244,
2.7495,-0.0003727883,
2.74975,-0.0138567034,
2.75,-0.0029269322,
2.75025,0.0097865937,
2.7505,0.0024839989,
2.75075,-0.0099114617,
2.751,-0.0042396747,
2.75125,0.0099103255,
2.7515,0.0022558465,
2.75175,-0.0125301210,
2.752,-0.0023478474,
2.75225,0.0105100125,
2.7525,-0.0017125714,
2.75275,-0.0024937640,
2.753,-0.0016070252,
2.75325,0.0020465066,
2.7535,0.0047728112,
2.75375,-0.0032977306,
2.754,0.0014134687,
2.75425,0.0048727398,
2.7545,0.0010073364,
2.75475,0.0032412922,
2.755,0.0022855650,
2.75525,-0.0036094836,
2.7555,0.0076204427,
2.75575,0.0142368171,
2.756,-0.0000098071,
2.75625,-0.0005301867,
2.7565,0.0038294462,
2.75675,0.0052127037,
2.757,-0.0001298140,
2.75725,-0.0044431589,
2.7575,0.0071331928,
2.75775,0.0090005985,
2.758,-0.0035303510,
2.75825,-0.0133001842,
2.7585,-0.0004488029,
2.75875,0.0101649612,
2.759,-0.0066064242,
2.75925,-0.0045212908,
2.7595,0.0078347391,
2.75975,0.0058149491,
2.76,-0.0012863787,
2.76025,-0.0062684487,
2.7605,-0.0035744065,
2.76075,0.0054304851,
2.761,-0.0031399264,
2.76125,-0.0129257627,
2.7615,-0.0015163792,
2.76175,-0.0023047184,
2.762,-0.0079411538,
2.76225,-0.0023793415,
2.7625,-0.0096943816,
2.76275,-0.0003902906,
2.763,0.0076647643,
2.76325,-0.0081757233,
2.7635,-0.0051175947,
2.76375,-0.0022993879,
2.764,0.0002574569,
2.76425,0.0048730783,
2.7645,-0.0036357038,
2.76475,-0.0013349336,
2.765,0.0055203116,
2.76525,-0.0023085761,
2.7655,-0.0062001674,
2.76575,0.0031216918,
2.766,0.0061879950,
2.76625,0.0103691965,
2.7665,-0.0034414369,
2.76675,-0.0066050682,
2.767,0.0087319687,
2.76725,0.0050041289,
2.7675,-0.0014829241,
2.76775,0.0028070726,
2.768,0.0082798954,
2.76825,0.0099203363,
2.7685,-0.0011621530,
2.76875,-0.0039633610,
2.769,0.0093212081,
2.76925,0.0050979219,
2.7695,-0.0012565588,
2.76975,0.0040852530,
2.77,0.0020901966,
2.77025,0.0061922669,
2.7705,-0.0011801749,
2.77075,-0.0031593861,
2.771,0.0032243053,
2.77125,0.0033139929,
2.7715,0.0002012876,
2.77175,0.0000379968,
2.772,-0.0067951023,
2.77225,-0.0063104006,
2.7725,0.0039513176,
2.77275,-0.0045758160,
2.773,-0.0059210435,
2.77325,0.0020633405,
2.7735,-0.0019681435,
2.77375,-0.0017909056,
2.774,-0.0098730624,
2.77425,-0.0042287065,
2.7745,0.0046318169,
2.77475,-0.0014575676,
2.775,-0.0064020390,
2.77525,-0.0012147335,
2.7755,0.0062371586,
2.77575,-0.0015023315,
2.776,-0.0107428562,
2.77625,-0.0038667524,
2.7765,0.0020298064,
2.77675,-0.0052674124,
2.777,-0.0068036169,
2.77725,-0.0091238916,
2.7775,-0.0027051368,
2.77775,-0.0024471153,
2.778,-0.0072140344,
2.77825,-0.0019528482,
2.7785,0.0059161154,
2.77875,0.0010389128,
2.779,-0.0008978049,
2.77925,-0.0009850947,
2.7795,-0.0027592620,
2.77975,0.0053417105,
2.78,0.0024888280,
2.78025,-0.0035884273,
2.7805,-0.0010023743,
2.78075,0.0045522293,
2.781,0.0037472015,
2.78125,-0.0009792964,
2.7815,-0.0007409307,
2.78175,0.0020281442,
2.782,0.0103925485,
2.78225,-0.0001690806,
2.7825,0.0004517558,
2.78275,0.0098101385,
2.783,0.0079211453,
2.78325,0.0049161557,
2.7835,-0.0077681821,
2.78375,0.0105142239,
2.784,0.0122802872,
2.78425,-0.0026619644,
2.7845,-0.0010181665,
2.78475,0.0064134826,
2.785,0.0104105230,
2.78525,-0.0007370281,
2.7855,-0.0037478246,
2.78575,0.0113547212,
2.786,0.0064301123,
2.78625,0.0000681944,
2.7865,0.0020342481,
2.78675,0.0046482394,
2.787,0.0084367711,
2.78725,0.0004140476,
2.7875,0.0009557680,
2.78775,0.0063070650,
2.788,-0.0014990742,
2.78825,0.0030328329,
2.7885,0.0068752724,
2.78875,-0.0015818682,
2.789,-0.0004086914,
2.78925,0.0060928371,
2.7895,0.0001465462,
2.78975,-0.0059707002,
2.79,0.0004804542,
2.79025,0.0030762258,
2.7905,0.0049580066,
2.79075,-0.0056997323,
2.791,-0.0041342545,
2.79125,0.0086898375,
2.7915,-0.0006460433,
2.79175,-0.0106326109,
2.792,-0.0034923614,
2.79225,0.0088634267,
2.7925,-0.0025113767,
2.79275,-0.0111477030,
2.793,-0.0035935589,
2.79325,-0.0015018251,
2.7935,-0.0006016846,
2.79375,-0.0061192680,
2.794,-0.0049122600,
2.79425,0.0018885953,
2.7945,-0.0006107477,
2.79475,-0.0034400569,
2.795,0.0021076442,
2.79525,0.0073657841,
2.7955,0.0074661970,
2.79575,0.0032859321,
2.796,-0.0039388537,
2.79625,-0.0028375364,
2.7965,0.0044977455,
2.79675,-0.0002000277,
2.797,-0.0025984843,
2.79725,-0.0011345731,
2.7975,0.0025316356,
2.79775,0.0040540323,
2.798,0.0002678981,
2.79825,0.0060955659,
2.7985,0.0098204687,
2.79875,0.0083518317,
2.799,0.0005767587,
2.79925,-0.0035437339,
2.7995,0.0055381753,
2.79975,0.0081715938,
2.8,0.0056241076,
2.80025,-0.0015340645,
2.8005,0.0066066589,
2.80075,0.0079105226,
2.801,-0.0004721343,
2.80125,-0.0023058876,
2.8015,0.0072495583,
2.80175,0.0063085142,
2.802,0.0022325933,
2.80225,-0.0043415842,
2.8025,-0.0017508097,
2.80275,0.0011068127,
2.803,-0.0070544435,
2.80325,-0.0057840808,
2.8035,0.0000203474,
2.80375,0.0043181018,
2.804,-0.0039087115,
2.80425,-0.0053540017,
2.8045,-0.0022145507,
2.80475,-0.0067883097,
2.805,-0.0007220454,
2.80525,-0.0044298549,
2.8055,-0.0097875996,
2.80575,-0.0019587667,
2.806,-0.0052807112,
2.80625,-0.0113102924,
2.8065,-0.0082257092,
2.80675,-0.0064183529,
2.807,-0.0069766035,
2.80725,-0.0010720942,
2.8075,-0.0112462277,
2.80775,-0.0102735832,
2.808,0.0008757389,
2.80825,-0.0051711099,
2.8085,-0.0090081766,
2.80875,-0.0065036123,
2.809,0.0020315081,
2.80925,0.0016426634,
2.8095,-0.0051965606,
2.80975,-0.0050256490,
2.81,-0.0023730488,
2.81025,0.0014430606,
2.8105,-0.0032622286,
2.81075,-0.0052075204,
2.811,0.0038121669,
2.81125,0.0031567959,
2.8115,-0.0011321432,
2.81175,-0.0033103898,
2.812,0.0027401522,
2.81225,0.0052583353,
2.8125,-0.0035331815,
2.81275,-0.0018741995,
2.813,-0.0072099473,
2.81325,-0.0015373959,
2.8135,0.0030354548,
2.81375,-0.0029960140,
2.814,-0.0030032254,
2.81425,0.0011475685,
2.8145,-0.0004925092,
2.81475,-0.0069806082,
2.815,-0.0012950026,
2.81525,-0.0070242574,
2.8155,0.0006295596,
2.81575,-0.0016971894,
2.816,-0.0164433084,
2.81625,-0.0020179329,
2.8165,0.0040541859,
2.81675,-0.0064265113,
2.817,-0.0121324472,
2.81725,-0.0070237834,
2.8175,-0.0003065837,
2.81775,-0.0033334109,
2.818,-0.0144590661,
2.81825,-0.0070379539,
2.8185,0.0019670543,
2.81875,-0.0102738924,
2.819,-0.0153142493,
2.81925,-0.0051343935,
2.8195,-0.0024935026,
2.81975,-0.0121614235,
2.82,-0.0110314004,
2.82025,-0.0078378925,
2.8205,-0.0049330858,
2.82075,-0.0076649794,
2.821,-0.0064080115,
2.82125,-0.0014549309,
2.8215,-0.0070270849,
2.82175,-0.0045425105,
2.822,0.0017211621,
2.82225,-0.0080409963,
2.8225,-0.0088851228,
2.82275,0.0000867270,
2.823,-0.0030327057,
2.82325,-0.0058038635,
2.8235,-0.0055010659,
2.82375,-0.0015169341,
2.824,0.0019068283,
2.82425,-0.0104330387,
2.8245,-0.0105526028,
2.82475,0.0071200058,
2.825,0.0058085914,
2.82525,-0.0054267170,
2.8255,-0.0030625158,
2.82575,0.0042533982,
2.826,0.0047639986,
2.82625,0.0000241308,
2.8265,0.0005644903,
2.82675,0.0046382635,
2.827,0.0084376559,
2.82725,0.0004911568,
2.8275,-0.0051168948,
2.82775,0.0015020279,
2.828,0.0021802606,
2.82825,0.0027879258,
2.8285,-0.0024432284,
2.82875,-0.0006357697,
2.829,0.0035565435,
2.82925,0.0018846529,
2.8295,-0.0002379646,
2.82975,-0.0041114450,
2.83,0.0031203004,
2.83025,0.0037637877,
2.8305,-0.0041701915,
2.83075,-0.0000054599,
2.831,-0.0041384967,
2.83125,0.0022421353,
2.8315,0.0000751530,
2.83175,-0.0070279436,
2.832,0.0009488395,
2.83225,0.0031476738,
2.8325,-0.0031734961,
2.83275,-0.0051079784,
2.833,-0.0044332300,
2.83325,0.0009593159,
2.8335,0.0034886622,
2.83375,-0.0118429298,
2.834,-0.0088872174,
2.83425,0.0080613112,
2.8345,0.0015361379,
2.83475,-0.0038602175,
2.835,-0.0033584333,
2.83525,0.0003838387,
2.8355,0.0048975041,
2.83575,-0.0074813981,
2.836,-0.0042887214,
2.83625,0.0051896358,
2.8365,0.0043353769,
2.83675,-0.0018322242,
2.837,-0.0026327872,
2.83725,0.0005757036,
2.8375,0.0030644671,
2.83775,-0.0009095955,
2.838,-0.0033496749,
2.83825,0.0019476956,
2.8385,0.0004864588,
2.83875,-0.0000306609,
2.839,-0.0010812072,
2.83925,-0.0026121126,
2.8395,0.0049508181,
2.83975,0.0062928577,
2.84,0.0010293182,
2.84025,0.0002072360,
2.8405,0.0017535610,
2.84075,0.0040608188,
2.841,0.0026677372,
2.84125,-0.0008713354,
2.8415,0.0024664891,
2.84175,0.0085046412,
2.842,0.0032010521,
2.84225,-0.0057384414,
2.8425,-0.0022708960,
2.84275,0.0084059360,
2.843,0.0071551530,
2.84325,-0.0045991838,
2.8435,-0.0016000236,
2.84375,0.0055204788,
2.844,0.0033893690,
2.84425,-0.0017801984,
2.8445,-0.0017071223,
2.84475,0.0082157226,
2.845,0.0071064858,
2.84525,-0.0061026798,
2.8455,-0.0042408528,
2.84575,0.0013603392,
2.846,0.0031160614,
2.84625,-0.0012893297,
2.8465,-0.0027359729,
2.84675,0.0012520028,
2.847,-0.0010399383,
2.84725,0.0012575614,
2.8475,-0.0024809618,
2.84775,-0.0005570566,
2.848,0.0051867380,
2.84825,0.0027810594,
2.8485,0.0015527478,
2.84875,0.0005152810,
2.849,0.0033121584,
2.84925,0.0078720236,
2.8495,0.0051653422,
2.84975,-0.0064828983,
2.85,0.0031484198,
2.85025,0.0145132504,
2.8505,0.0045913449,
2.85075,-0.0070604868,
2.851,0.0038717573,
2.85125,0.0144694112,
2.8515,0.0032593319,
2.85175,-0.0051675327,
2.852,0.0016099543,
2.85225,0.0135132466,
2.8525,0.0069474499,
2.85275,-0.0042496501,
2.853,0.0062601245,
2.85325,0.0115858717,
2.8535,0.0009309073,
2.85375,-0.0007472856,
2.854,0.0035277985,
2.85425,0.0043709474,
2.8545,0.0036840034,
2.85475,0.0019126541,
2.855,0.0012614653,
2.85525,-0.0000303273,
2.8555,0.0047307727,
2.85575,0.0072838161,
2.856,0.0024068677,
2.85625,-0.0005488695,
2.8565,0.0053442386,
2.85675,0.0099205393,
2.857,-0.0013906802,
2.85725,-0.0054889303,
2.8575,0.0085860863,
2.85775,0.0077954903,
2.858,-0.0063118846,
2.85825,-0.0091213305,
2.8585,0.0062184548,
2.85875,0.0107522178,
2.859,-0.0035560599,
2.85925,-0.0104799317,
2.8595,0.0056169000,
2.85975,0.0057921866,
2.86,-0.0089789061,
2.86025,-0.0089603616,
2.8605,-0.0008445082,
2.86075,0.0025596425,
2.861,-0.0036487477,
2.86125,-0.0100858025,
2.8615,-0.0027456067,
2.86175,0.0057895151,
2.862,-0.0069940062,
2.86225,-0.0041714841,
2.8625,-0.0008061307,
2.86275,-0.0008001156,
2.863,0.0046888255,
2.86325,-0.0044429018,
2.8635,-0.0080506299,
2.86375,-0.0002302164,
2.864,0.0001468229,
2.86425,0.0026976585,
2.8645,-0.0015686331,
2.86475,-0.0036890290,
2.865,0.0062656319,
2.86525,0.0050608804,
2.8655,-0.0034674790,
2.86575,0.0034196486,
2.866,0.0097922524,
2.86625,0.0056951754,
2.8665,-0.0011227136,
2.86675,-0.0059478735,
2.867,0.0051228628,
2.86725,0.0146043748,
2.8675,-0.0037115230,
2.86775,-0.0027517313,
2.868,0.0185349826,
2.86825,0.0065971063,
2.8685,0.0039265021,
2.86875,-0.0017100016,
2.869,0.0027708253,
2.86925,0.0116005829,
2.8695,-0.0013765834,
2.86975,-0.0042202468,
2.87,0.0059140245,
2.87025,0.0052660056,
2.8705,-0.0046278872,
2.87075,-0.0039267684,
2.871,-0.0067337719,
2.87125,-0.0013098650,
2.8715,0.0022955781,
2.87175,-0.0032569107,
2.872,-0.0056549087,
2.87225,-0.0034687833,
2.8725,0.0001126504,
2.87275,-0.0017962293,
2.873,-0.0083731366,
2.87325,-0.0003591927,
2.8735,0.0021291149,
2.87375,-0.0052961526,
2.874,-0.0138126975,
2.87425,-0.0076716049,
2.8745,0.0000025678,
2.87475,-0.0020807807,
2.875,-0.0115985656,
2.87525,-0.0135635575,
2.8755,0.0029556106,
2.87575,-0.0019632946,
2.876,-0.0120255025,
2.87625,-0.0040283976,
2.8765,-0.0007059310,
2.87675,0.0024122638,
2.877,-0.0039210222,
2.87725,-0.0123262396,
2.8775,0.0057037976,
2.87775,0.0046786824,
2.878,-0.0022748413,
2.87825,-0.0031166542,
2.8785,0.0058711711,
2.87875,0.0078132786,
2.879,-0.0017757855,
2.87925,-0.0055362899,
2.8795,-0.0037889839,
2.87975,0.0050573703,
2.88,0.0023016795,
2.88025,0.0008552643,
2.8805,0.0004366969,
2.88075,0.0006445323,
2.881,0.0035180512,
2.88125,0.0020366097,
2.8815,0.0028676894,
2.88175,0.0056948774,
2.882,0.0080795502,
2.88225,0.0057293167,
2.8825,-0.0084169377,
2.88275,-0.0046575544,
2.883,0.0092988843,
2.88325,0.0080651846,
2.8835,-0.0069895219,
2.88375,-0.0029796949,
2.884,0.0109249149,
2.88425,0.0012220420,
2.8845,-0.0068663810,
2.88475,-0.0025467344,
2.885,0.0088185985,
2.88525,0.0033695044,
2.8855,-0.0125294728,
2.88575,-0.0098119285,
2.886,0.0028681497,
2.88625,0.0005899487,
2.8865,-0.0072986116,
2.88675,-0.0042493953,
2.887,0.0056752563,
2.88725,-0.0014113932,
2.8875,-0.0070135463,
2.88775,-0.0036083986,
2.888,-0.0044871476,
2.88825,0.0013309637,
2.8885,0.0052619497,
2.88875,0.0002057566,
2.889,-0.0026184157,
2.88925,0.0008748573,
2.8895,0.0005571933,
2.88975,-0.0007131330,
2.89,-0.0014439876,
2.89025,0.0018170241,
2.8905,0.0081232386,
2.89075,-0.0036537121,
2.891,-0.0119416248,
2.89125,0.0039452557,
2.8915,0.0142877288,
2.89175,0.0015116838,
2.892,-0.0066516409,
2.89225,0.0098072449,
2.8925,0.0103667239,
2.89275,0.0043234578,
2.893,-0.0004249928,
2.89325,0.0061460719,
2.8935,0.0162443724,
2.89375,0.0014813791,
2.894,-0.0027860410,
2.89425,0.0065361485,
2.8945,0.0057978784,
2.89475,0.0017485103,
2.895,-0.0018808232,
2.89525,0.0032340377,
2.8955,0.0051883534,
2.89575,0.0048552458,
2.896,-0.0018451428,
2.89625,-0.0010453132,
2.8965,0.0081857033,
2.89675,0.0057335673,
2.897,0.0114007192,
2.89725,-0.0014000772,
2.8975,-0.0012630206,
2.89775,0.0107740806,
2.898,-0.0006441249,
2.89825,-0.0010145404,
2.8985,0.0058588525,
2.89875,0.0038451734,
2.899,0.0069641536,
2.89925,-0.0010901190,
2.8995,-0.0078464840,
2.89975,0.0074423221,
2.9,0.0066429819,
2.90025,-0.0086749634,
2.9005,-0.0035150922,
2.90075,0.0045696967,
2.901,0.0066309525,
2.90125,-0.0000031239,
2.9015,-0.0047299820,
2.90175,0.0093701519,
2.902,0.0082282797,
2.90225,-0.0015753781,
2.9025,-0.0015541875,
2.90275,0.0053380094,
2.903,0.0091375057,
2.90325,0.0018126678,
2.9035,0.0031361971,
2.90375,0.0060092118,
2.904,0.0082721123,
2.90425,0.0043394831,
2.9045,0.0023995549,
2.90475,0.0065968651,
2.905,0.0026531443,
2.90525,0.0090018706,
2.9055,0.0040274430,
2.90575,-0.0007256886,
2.906,0.0086024022,
2.90625,0.0098243831,
2.9065,0.0072246194,
2.90675,0.0064661512,
2.907,0.0097275553,
2.90725,0.0117513053,
2.9075,0.0038685435,
2.90775,-0.0002538635,
2.908,0.0037223790,
2.90825,0.0101885591,
2.9085,0.0084494790,
2.90875,-0.0038494086,
2.909,0.0021140845,
2.90925,0.0110774934,
2.9095,0.0019402911,
2.90975,0.0006061869,
2.91,-0.0004673510,
2.91025,0.0004295798,
2.9105,0.0044907453,
2.91075,-0.0057294522,
2.911,-0.0051994151,
2.91125,0.0045586387,
2.9115,0.0008066867,
2.91175,-0.0060481969,
2.912,-0.0037074785,
2.91225,0.0012085937,
2.9125,0.0042581195,
2.91275,-0.0015968226,
2.913,-0.0075014890,
2.91325,-0.0041205781,
2.9135,-0.0018505122,
2.91375,-0.0031656097,
2.914,-0.0050492934,
2.91425,-0.0036926207,
2.9145,-0.0021644318,
2.91475,-0.0039257538,
2.915,-0.0054437565,
2.91525,-0.0100957472,
2.9155,0.0006438112,
2.91575,0.0032968568,
2.916,-0.0017357767,
2.91625,-0.0076533640,
2.9165,-0.0012351869,
2.91675,0.0089096008,
2.917,-0.0035012069,
2.91725,-0.0103050992,
2.9175,0.0036320253,
2.91775,0.0121118827,
2.918,0.0007615552,
2.91825,-0.0069876644,
2.9185,0.0012782116,
2.91875,0.0061292229,
2.919,-0.0039180932,
2.91925,-0.0038452165,
2.9195,0.0083044600,
2.91975,0.0099489484,
2.92,-0.0016432581,
2.92025,-0.0028594781,
2.9205,0.0015120087,
2.92075,0.0033730296,
2.921,0.0034750877,
2.92125,0.0019486903,
2.9215,0.0019815615,
2.92175,-0.0018754915,
2.922,-0.0033789217,
2.92225,0.0044150655,
2.9225,-0.0035513553,
2.92275,-0.0034430437,
2.923,0.0078592040,
2.92325,0.0003848683,
2.9235,-0.0044025951,
2.92375,-0.0007501254,
2.924,0.0033559648,
2.92425,0.0083598271,
2.9245,-0.0067136446,
2.92475,-0.0064975247,
2.925,0.0100315921,
2.92525,0.0017180820,
2.9255,-0.0135958828,
2.92575,-0.0054867761,
2.926,0.0063916501,
2.92625,0.0003352561,
2.9265,-0.0052196668,
2.92675,-0.0066841948,
2.927,0.0014727014,
2.92725,-0.0024683182,
2.9275,-0.0108951805,
2.92775,-0.0047471551,
2.928,-0.0007006709,
2.92825,-0.0020052819,
2.9285,-0.0117270909,
2.92875,-0.0106412070,
2.929,-0.0065500173,
2.92925,-0.0072318036,
2.9295,-0.0019010028,
2.92975,-0.0056201229,
2.93,-0.0096667334,
2.93025,-0.0053272825,
2.9305,-0.0117169088,
2.93075,-0.0132175982,
2.931,-0.0104029197,
2.93125,-0.0070268987,
2.9315,-0.0026031726,
2.93175,-0.0061004702,
2.932,-0.0120728975,
2.93225,-0.0024626486,
2.9325,0.0020660118,
2.93275,-0.0092451312,
2.933,-0.0058473484,
2.93325,0.0012144288,
2.9335,0.0044640717,
2.93375,-0.0012607321,
2.934,-0.0135993473,
2.93425,-0.0032957210,
2.9345,0.0066191200,
2.93475,-0.0055738166,
2.935,-0.0046537127,
2.93525,0.0042647081,
2.9355,0.0037571227,
2.93575,0.0012600629,
2.936,-0.0039136163,
2.93625,0.0006942724,
2.9365,0.0092704520,
2.93675,-0.0019763587,
2.937,-0.0035037859,
2.93725,0.0029266288,
2.9375,0.0013409867,
2.93775,0.0027061345,
2.938,-0.0007078177,
2.93825,-0.0050705960,
2.9385,-0.0000302205,
2.93875,0.0026721761,
2.939,-0.0030164912,
2.93925,-0.0021202269,
2.9395,-0.0013973354,
2.93975,-0.0024493574,
2.94,0.0005066613,
2.94025,-0.0070438702,
2.9405,-0.0029333616,
2.94075,0.0002631116,
2.941,-0.0053172098,
2.94125,-0.0077212807,
2.9415,-0.0114169018,
2.94175,-0.0023658965,
2.942,0.0002543081,
2.94225,-0.0103659639,
2.9425,-0.0092966622,
2.94275,0.0006916627,
2.943,-0.0047608661,
2.94325,-0.0072027515,
2.9435,-0.0073639918,
2.94375,-0.0061696856,
2.944,-0.0005318406,
2.94425,-0.0098539097,
2.9445,-0.0132403336,
2.94475,0.0004952205,
2.945,-0.0017593976,
2.94525,-0.0025961257,
2.9455,-0.0044158758,
2.94575,-0.0006515082,
2.946,-0.0011921946,
2.94625,0.0004008924,
2.9465,-0.0028572604,
2.94675,-0.0085750557,
2.947,0.0030606906,
2.94725,0.0023859167,
2.9475,-0.0015707152,
2.94775,0.0025011401,
2.948,0.0016911059,
2.94825,0.0026492446,
2.9485,0.0042298059,
2.94875,-0.0000265573,
2.949,0.0033613332,
2.94925,0.0098040756,
2.9495,0.0028492708,
2.94975,-0.0029204797,
2.95,0.0058003240,
2.95025,0.0089467568,
2.9505,0.0069093169,
2.95075,-0.0022047218,
2.951,0.0003226906,
2.95125,0.0129425265,
2.9515,0.0036043930,
2.95175,-0.0097361421,
2.952,0.0035958686,
2.95225,0.0066922419,
2.9525,0.0027776784,
2.95275,-0.0001096774,
2.953,0.0001510263,
2.95325,0.0081055500,
2.9535,0.0024927901,
2.95375,-0.0061512622,
2.954,-0.0015137340,
2.95425,0.0002489789,
2.9545,-0.0049835159,
2.95475,0.0020468407,
2.955,-0.0009311085,
2.95525,-0.0058162208,
2.9555,0.0027718244,
2.95575,0.0000418611,
2.956,-0.0019571763,
2.95625,-0.0015441712,
2.9565,-0.0015285331,
2.95675,0.0027035405,
2.957,-0.0052883076,
2.95725,-0.0107753985,
2.9575,0.0021810110,
2.95775,0.0033304284,
2.958,-0.0085253390,
2.95825,-0.0033403891,
2.9585,0.0042958586,
2.95875,0.0084354933,
2.959,-0.0038749331,
2.95925,-0.0092622982,
2.9595,0.0090007819,
2.95975,0.0056116725,
2.96,-0.0039515374,
2.96025,-0.0000856164,
2.9605,0.0054170908,
2.96075,0.0037199121,
2.961,-0.0007927103,
2.96125,-0.0034280496,
2.9615,0.0017137221,
2.96175,0.0061146757,
2.962,-0.0033845867,
2.96225,0.0001104965,
2.9625,0.0034708458,
2.96275,-0.0034717659,
2.963,0.0058896272,
2.96325,0.0016618300,
2.9635,-0.0056659933,
2.96375,0.0038885789,
2.964,0.0049381093,
2.96425,0.0044357898,
2.9645,0.0028039389,
2.96475,0.0024731527,
2.965,0.0067809601,
2.96525,0.0075994926,
2.9655,-0.0024997517,
2.96575,0.0036726962,
2.966,0.0111005213,
2.96625,0.0059268926,
2.9665,-0.0011379631,
2.96675,0.0006013686,
2.967,0.0096903238,
2.96725,0.0070256181,
2.9675,-0.0048703905,
2.96775,-0.0002722809,
2.968,0.0121117840,
2.96825,0.0066989576,
2.9685,-0.0031864876,
2.96875,-0.0026153382,
2.969,0.0062432718,
2.96925,0.0032998519,
2.9695,-0.0020139716,
2.96975,0.0001845327,
2.97,0.0073017594,
2.97025,0.0039718575,
2.9705,-0.0039410861,
2.97075,-0.0042358763,
2.971,-0.0019068085,
2.97125,0.0002065713,
2.9715,-0.0003782886,
2.97175,-0.0042709187,
2.972,-0.0040875790,
2.97225,-0.0047998009,
2.9725,0.0009249168,
2.97275,-0.0011518195,
2.973,-0.0046893451,
2.97325,0.0018606473,
2.9735,0.0015948525,
2.97375,-0.0030817974,
2.974,-0.0085071931,
2.97425,-0.0039142556,
2.9745,0.0039940425,
2.97475,-0.0013369131,
2.975,-0.0118819531,
2.97525,-0.0061641112,
2.9755,0.0036956831,
2.97575,-0.0043445448,
2.976,-0.0075739911,
2.97625,-0.0013167207,
2.9765,0.0088352421,
2.97675,0.0017877424,
2.977,-0.0127855409,
2.97725,-0.0063491422,
2.9775,0.0001620925,
2.97775,-0.0009869207,
2.978,-0.0044954913,
2.97825,-0.0032902756,
2.9785,0.0043320861,
2.97875,-0.0005884492,
2.979,-0.0079942904,
2.97925,-0.0028020146,
2.9795,-0.0004687004,
2.97975,-0.0005549664,
2.98,-0.0019873064,
2.98025,-0.0068258550,
2.9805,-0.0093669109,
2.98075,-0.0034441464,
2.981,0.0003705483,
2.98125,-0.0037265606,
2.9815,0.0037864645,
2.98175,0.0027974669,
2.982,0.0009956507,
2.98225,-0.0018784088,
2.9825,-0.0152514856,
2.98275,-0.0023639365,
2.983,0.0035296192,
2.98325,-0.0026928459,
2.9835,-0.0069106165,
2.98375,-0.0051405444,
2.984,0.0060822573,
2.98425,-0.0079350835,
2.9845,-0.0140396059,
2.98475,-0.0030757813,
2.985,0.0033451151,
2.98525,-0.0060503487,
2.9855,-0.0140761081,
2.98575,-0.0075553264,
2.986,0.0035019487,
2.98625,-0.0012507718,
2.9865,-0.0037606996,
2.98675,0.0041885255,
2.987,0.0057804324,
2.98725,-0.0013077843,
2.9875,-0.0041605351,
2.98775,-0.0074762814,
2.988,-0.0028240997,
2.98825,0.0010342103,
2.9885,-0.0002052043,
2.98875,-0.0012931658,
2.989,-0.0074737892,
2.98925,-0.0023070045,
2.9895,0.0037774455,
2.98975,-0.0068998830,
2.99,-0.0049082972,
2.99025,0.0077940440,
2.9905,0.0043476773,
2.99075,-0.0071513457,
2.991,-0.0023707813,
2.99125,0.0070426515,
2.9915,0.0091803065,
2.99175,-0.0027958318,
2.992,-0.0081465682,
2.99225,0.0098096384,
2.9925,0.0067577627,
2.99275,-0.0063878768,
2.993,-0.0024388803,
2.99325,0.0046676360,
2.9935,0.0031787711,
2.99375,-0.0033123500,
2.994,-0.0062159132,
2.99425,0.0020940071,
2.9945,0.0080257561,
2.99475,-0.0018067327,
2.995,-0.0023675435,
2.99525,-0.0008407413,
2.9955,0.0032117334,
2.99575,0.0015677452,
2.996,-0.0080797095,
2.99625,-0.0005932093,
2.9965,0.0003900687,
2.99675,0.0026574954,
2.997,0.0015363987,
2.99725,-0.0091401972,
2.9975,-0.0040285680,
2.99775,-0.0004234966,
2.998,-0.0026467200,
2.99825,-0.0086158821,
2.9985,-0.0052437009,
2.99875,-0.0010606162,
2.999,-0.0027121848,
2.99925,-0.0068289596,
2.9995,-0.0083472533,
2.99975,0.0084318165,