Date,2020-11-28 09:10:22
Filename,STFMK-20201105-LW19-3184_20201128_091022_004.dat
Data Label,회전체불평형
Label_No,02
Motor Spec,L-PAHU-03S, 1760,55, 105.3,
Period,3SEC
Sample Rate,4000
RMS,0.019031,
Data Length,12000,
0,-0.0077547408,
0.00025,-0.0119359652,
0.0005,0.0032881154,
0.00075,-0.0017812315,
0.001,0.0103203990,
0.00125,0.0049772649,
0.0015,0.0204895902,
0.00175,-0.0131562743,
0.002,0.0261776429,
0.00225,0.0072193048,
0.0025,0.0119900508,
0.00275,0.0098908078,
0.003,0.0194008611,
0.00325,0.0182922110,
0.0035,0.0272472482,
0.00375,0.0048997272,
0.004,0.0196648389,
0.00425,0.0173787288,
0.0045,-0.0015347647,
0.00475,0.0008473714,
0.005,0.0193735696,
0.00525,0.0025741456,
0.0055,-0.0314739123,
0.00575,-0.0138150519,
0.006,-0.0006217010,
0.00625,-0.0050336411,
0.0065,0.0024983124,
0.00675,-0.0053963549,
0.007,0.0101185972,
0.00725,0.0217485782,
0.0075,0.0030210963,
0.00775,-0.0023272026,
0.008,0.0257068686,
0.00825,-0.0159985498,
0.0085,-0.0056081265,
0.00875,0.0175845847,
0.009,-0.0162609667,
0.00925,-0.0108511131,
0.0095,0.0108118001,
0.00975,-0.0106403008,
0.01,0.0098379599,
0.01025,0.0249519031,
0.0105,-0.0339193419,
0.01075,-0.0387693569,
0.011,-0.0252627619,
0.01125,-0.0023729617,
0.0115,-0.0196115673,
0.01175,0.0047524651,
0.012,-0.0140961222,
0.01225,-0.0072206957,
0.0125,-0.0150558436,
0.01275,0.0017494255,
0.013,-0.0122642815,
0.01325,-0.0022753472,
0.0135,-0.0081351828,
0.01375,-0.0073193926,
0.014,-0.0123951975,
0.01425,0.0048928452,
0.0145,-0.0195210762,
0.01475,-0.0156123713,
0.015,-0.0012272228,
0.01525,0.0008968124,
0.0155,-0.0082510533,
0.01575,-0.0037293765,
0.016,-0.0052776658,
0.01625,-0.0030708034,
0.0165,-0.0520697050,
0.01675,-0.0420815945,
0.017,-0.0350685120,
0.01725,-0.0254450366,
0.0175,-0.0384840220,
0.01775,-0.0102343839,
0.018,0.0023805005,
0.01825,0.0010217495,
0.0185,-0.0226708651,
0.01875,-0.0219091550,
0.019,-0.0038378595,
0.01925,-0.0073780483,
0.0195,-0.0276951492,
0.01975,0.0098939436,
0.02,0.0039706458,
0.02025,-0.0205401555,
0.0205,-0.0078427587,
0.02075,0.0154970847,
0.021,-0.0097314809,
0.02125,0.0024225235,
0.0215,0.0114781428,
0.02175,-0.0205533970,
0.022,0.0055083297,
0.02225,0.0086038858,
0.0225,-0.0353496373,
0.02275,-0.0118949031,
0.023,-0.0120653920,
0.02325,-0.0159227923,
0.0235,-0.0287872739,
0.02375,-0.0074357204,
0.024,-0.0088562528,
0.02425,-0.0228494518,
0.0245,-0.0129960580,
0.02475,-0.0025148056,
0.025,-0.0109662339,
0.02525,-0.0022451605,
0.0255,-0.0108792745,
0.02575,-0.0095975641,
0.026,0.0011681509,
0.02625,0.0010181342,
0.0265,-0.0088416208,
0.02675,0.0036175854,
0.027,-0.0003578008,
0.02725,-0.0251706410,
0.0275,-0.0293773040,
0.02775,-0.0062539051,
0.028,-0.0243662372,
0.02825,-0.0230150651,
0.0285,-0.0165911503,
0.02875,0.0057789516,
0.029,0.0095315203,
0.02925,-0.0213042665,
0.0295,0.0147699248,
0.02975,0.0112659484,
0.03,-0.0065739150,
0.03025,0.0307833068,
0.0305,0.0053853663,
0.03075,0.0105885407,
0.031,0.0200409088,
0.03125,0.0106041636,
0.0315,-0.0153024271,
0.03175,0.0238044579,
0.032,0.0257243402,
0.03225,-0.0092628468,
0.0325,0.0035960961,
0.03275,0.0186333489,
0.033,-0.0027254811,
0.03325,-0.0166401751,
0.0335,0.0119197415,
0.03375,-0.0006223869,
0.034,0.0047759386,
0.03425,0.0100992816,
0.0345,0.0114270346,
0.03475,0.0252172370,
0.035,0.0106196385,
0.03525,0.0137654049,
0.0355,0.0182123594,
0.03575,0.0223569032,
0.036,0.0146515816,
0.03625,-0.0075787073,
0.0365,0.0046182927,
0.03675,0.0122734532,
0.037,-0.0079231774,
0.03725,0.0192573555,
0.0375,0.0163863804,
0.03775,0.0258171204,
0.038,0.0041608843,
0.03825,-0.0143907014,
0.0385,0.0042081033,
0.03875,-0.0004704336,
0.039,0.0119039938,
0.03925,-0.0008416187,
0.0395,0.0341162980,
0.03975,-0.0056092218,
0.04,0.0200794525,
0.04025,0.0103259981,
0.0405,-0.0108228577,
0.04075,0.0236020014,
0.041,0.0197041146,
0.04125,0.0069254357,
0.0415,0.0236916821,
0.04175,0.0420772210,
0.042,0.0041145189,
0.04225,0.0147780050,
0.0425,0.0378997661,
0.04275,0.0393783487,
0.043,0.0086769285,
0.04325,0.0211713258,
0.0435,0.0129025141,
0.04375,0.0138780838,
0.044,-0.0020700640,
0.04425,-0.0051402696,
0.0445,-0.0069166073,
0.04475,0.0059109223,
0.045,0.0020063415,
0.04525,0.0026768481,
0.0455,0.0197892282,
0.04575,0.0345515981,
0.046,0.0198734254,
0.04625,0.0162052047,
0.0465,0.0274521951,
0.04675,0.0204495005,
0.047,0.0151675828,
0.04725,0.0150646921,
0.0475,0.0204761997,
0.04775,0.0106091658,
0.048,0.0065151202,
0.04825,0.0057922276,
0.0485,-0.0020641650,
0.04875,-0.0006720893,
0.049,-0.0102967778,
0.04925,-0.0193315241,
0.0495,0.0125651071,
0.04975,0.0110280607,
0.05,-0.0032321080,
0.05025,0.0021759656,
0.0505,0.0317911319,
0.05075,0.0164693575,
0.051,-0.0088285115,
0.05125,0.0284357890,
0.0515,0.0103125954,
0.05175,-0.0129381511,
0.052,-0.0055949301,
0.05225,0.0013245312,
0.0525,-0.0044658612,
0.05275,-0.0133871976,
0.053,-0.0016228110,
0.05325,-0.0184750389,
0.0535,0.0022831876,
0.05375,0.0090809930,
0.054,-0.0263568312,
0.05425,-0.0074877595,
0.0545,-0.0045667537,
0.05475,-0.0183614194,
0.055,-0.0251146369,
0.05525,0.0012772377,
0.0555,0.0218122918,
0.05575,-0.0108003467,
0.056,-0.0131497253,
0.05625,0.0105029857,
0.0565,0.0085918754,
0.05675,0.0044103577,
0.057,0.0016677392,
0.05725,-0.0129725710,
0.0575,0.0019896214,
0.05775,0.0156250186,
0.058,-0.0202278234,
0.05825,-0.0118396441,
0.0585,0.0080112228,
0.05875,0.0041076783,
0.059,-0.0128943082,
0.05925,-0.0101753557,
0.0595,0.0030003609,
0.05975,-0.0359159932,
0.06,-0.0148447249,
0.06025,-0.0772968754,
0.0605,-0.0146509744,
0.06075,-0.0181680117,
0.061,-0.0709898993,
0.06125,-0.0050024083,
0.0615,-0.0197886843,
0.06175,0.0043967450,
0.062,-0.0197372306,
0.06225,-0.0109436009,
0.0625,-0.0260681510,
0.06275,-0.0148893967,
0.063,-0.0404286198,
0.06325,0.0017076575,
0.0635,-0.0343325436,
0.06375,-0.0914269835,
0.064,-0.0064499858,
0.06425,0.0026928685,
0.0645,-0.0174120814,
0.06475,-0.0253523812,
0.065,-0.0064733177,
0.06525,-0.0096299676,
0.0655,0.0012109502,
0.06575,-0.0155012691,
0.066,-0.0069834329,
0.06625,-0.0123312501,
0.0665,-0.0113649983,
0.06675,-0.0124886436,
0.067,-0.0026358413,
0.06725,0.0101069743,
0.0675,-0.0178167801,
0.06775,-0.0001337032,
0.068,0.0072015971,
0.06825,0.0065369862,
0.0685,0.0011115326,
0.06875,-0.0197978392,
0.069,-0.0042071217,
0.06925,0.0034120171,
0.0695,-0.0074212877,
0.06975,-0.0081473291,
0.07,-0.0001558129,
0.07025,-0.0135122417,
0.0705,-0.0170863178,
0.07075,-0.0394985601,
0.071,-0.0060761087,
0.07125,0.0129871331,
0.0715,-0.0162168704,
0.07175,-0.0129239373,
0.072,-0.0095444471,
0.07225,0.0020887763,
0.0725,0.0036278458,
0.07275,0.0057819621,
0.073,0.0013303058,
0.07325,0.0092320703,
0.0735,-0.0066864956,
0.07375,-0.0187607873,
0.074,0.0117422258,
0.07425,0.0271079317,
0.0745,0.0187243000,
0.07475,0.0221621282,
0.075,-0.0052713086,
0.07525,0.0342167839,
0.0755,0.0141577870,
0.07575,0.0107767107,
0.076,0.0031700844,
0.07625,0.0332684256,
0.0765,-0.0209668800,
0.07675,-0.0323497057,
0.077,-0.0048652650,
0.07725,0.0218436383,
0.0775,-0.0008912404,
0.07775,-0.0028528981,
0.078,-0.0073099136,
0.07825,0.0046772663,
0.0785,0.0106035126,
0.07875,0.0334493034,
0.079,0.0244996101,
0.07925,0.0132670309,
0.0795,0.0313493013,
0.07975,0.0055967830,
0.08,0.0198490005,
0.08025,0.0196787976,
0.0805,-0.0092668682,
0.08075,-0.0398901179,
0.081,-0.0153022995,
0.08125,-0.0197346136,
0.0815,-0.0053047994,
0.08175,-0.0132902516,
0.082,-0.0000263405,
0.08225,-0.0060024261,
0.0825,0.0103849769,
0.08275,-0.0361437052,
0.083,0.0028250339,
0.08325,-0.0297598261,
0.0835,-0.0985706449,
0.08375,-0.0139921084,
0.084,0.0014016533,
0.08425,-0.0238664243,
0.0845,0.0026659851,
0.08475,-0.0116992136,
0.085,-0.0028353862,
0.08525,0.0207587220,
0.0855,-0.0000796382,
0.08575,-0.0261346977,
0.086,0.0089910533,
0.08625,0.0180275664,
0.0865,0.0123316403,
0.08675,0.0157306455,
0.087,0.0253982656,
0.08725,0.0168003570,
0.0875,0.0103082508,
0.08775,-0.0055107586,
0.088,0.0095539019,
0.08825,0.0109333266,
0.0885,-0.0100665679,
0.08875,0.0165856350,
0.089,0.0283708721,
0.08925,0.0264456384,
0.0895,0.0283726696,
0.08975,0.0288102105,
0.09,0.0320696570,
0.09025,0.0188560262,
0.0905,0.0153859071,
0.09075,0.0249905735,
0.091,0.0161712710,
0.09125,0.0072616669,
0.0915,-0.0043643992,
0.09175,-0.0265083909,
0.092,0.0167661328,
0.09225,-0.0014897909,
0.0925,-0.0205583796,
0.09275,0.0105367713,
0.093,0.0126016419,
0.09325,0.0199998766,
0.0935,0.0176227130,
0.09375,0.0312774405,
0.094,0.0316408090,
0.09425,0.0309202801,
0.0945,0.0204897746,
0.09475,0.0290236101,
0.095,0.0295398664,
0.09525,0.0239955653,
0.0955,0.0034838510,
0.09575,0.0250015575,
0.096,0.0179908909,
0.09625,0.0176829081,
0.0965,0.0050569330,
0.09675,0.0177449659,
0.097,0.0006776212,
0.09725,0.0364209488,
0.0975,-0.0235779136,
0.09775,-0.0170571133,
0.098,0.0163442884,
0.09825,0.0037487326,
0.0985,-0.0041278386,
0.09875,0.0209099650,
0.099,0.0133155156,
0.09925,-0.0063032899,
0.0995,0.0087144654,
0.09975,0.0126982983,
0.1,-0.0081787528,
0.10025,-0.0070218788,
0.1005,0.0096995980,
0.10075,-0.0047960575,
0.101,-0.0016062864,
0.10125,0.0098428307,
0.1015,0.0153570101,
0.10175,-0.0022274640,
0.102,0.0152951647,
0.10225,0.0033507927,
0.1025,-0.0200997293,
0.10275,-0.0106694233,
0.103,-0.0104903113,
0.10325,-0.0276243612,
0.1035,-0.0293161329,
0.10375,-0.0055608163,
0.104,-0.0397122093,
0.10425,-0.0153544676,
0.1045,-0.0320097506,
0.10475,-0.0161232203,
0.105,-0.0070319064,
0.10525,-0.0592096969,
0.1055,-0.0207999889,
0.10575,0.0054621715,
0.106,-0.0170364715,
0.10625,-0.0505109094,
0.1065,-0.0908884779,
0.10675,0.0185096357,
0.107,-0.0120291254,
0.10725,0.0013090528,
0.1075,-0.0010018253,
0.10775,0.0068038153,
0.108,-0.0018729375,
0.10825,0.0061401352,
0.1085,-0.0297595337,
0.10875,-0.0237623882,
0.109,-0.0173633154,
0.10925,-0.0263262950,
0.1095,-0.0228385888,
0.10975,0.0133463098,
0.11,-0.0065172743,
0.11025,-0.0047256406,
0.1105,-0.0063935630,
0.11075,0.0094582690,
0.111,-0.0116301402,
0.11125,0.0029943627,
0.1115,-0.0111921243,
0.11175,-0.0039692074,
0.112,-0.0125186853,
0.11225,-0.0102989860,
0.1125,-0.0081105884,
0.11275,-0.0079155453,
0.113,-0.0473182984,
0.11325,-0.0230136868,
0.1135,-0.0218724664,
0.11375,-0.0336937383,
0.114,-0.0214949436,
0.11425,-0.0324653238,
0.1145,-0.0119582899,
0.11475,0.0028997771,
0.115,0.0128094517,
0.11525,-0.0128518119,
0.1155,0.0010767146,
0.11575,0.0232965797,
0.116,-0.0175981242,
0.11625,-0.0007504476,
0.1165,-0.0020781918,
0.11675,0.0028737297,
0.117,0.0062611052,
0.11725,0.0000201715,
0.1175,0.0042765462,
0.11775,0.0253949296,
0.118,0.0096332580,
0.11825,-0.0221340284,
0.1185,0.0118010733,
0.11875,0.0099472748,
0.119,0.0236323737,
0.11925,-0.0144194998,
0.1195,-0.0006005547,
0.11975,0.0144754257,
0.12,-0.0111148553,
0.12025,-0.0174629912,
0.1205,-0.0040325643,
0.12075,0.0170494504,
0.121,-0.0063932305,
0.12125,0.0129165556,
0.1215,0.0156910662,
0.12175,0.0034336052,
0.122,0.0044742282,
0.12225,-0.0033265185,
0.1225,0.0109301005,
0.12275,0.0176929086,
0.123,0.0120944763,
0.12325,0.0069333743,
0.1235,0.0163583625,
0.12375,-0.0190801416,
0.124,-0.0309642944,
0.12425,-0.0231551416,
0.1245,-0.0089310231,
0.12475,-0.0069666803,
0.125,-0.0129457396,
0.12525,-0.0091601359,
0.1255,0.0089982022,
0.12575,0.0244758669,
0.126,0.0114733893,
0.12625,0.0059811557,
0.1265,0.0285194647,
0.12675,0.0331563540,
0.127,-0.0059383544,
0.12725,0.0241738763,
0.1275,0.0238593947,
0.12775,0.0135786412,
0.128,-0.0050323037,
0.12825,0.0151204355,
0.1285,0.0116707291,
0.12875,0.0171131827,
0.129,-0.0180056710,
0.12925,-0.0055038799,
0.1295,0.0118001308,
0.12975,0.0155945942,
0.13,-0.0150516862,
0.13025,-0.0097559849,
0.1305,0.0083108861,
0.13075,0.0039160643,
0.131,-0.0049228272,
0.13125,-0.0115233669,
0.1315,0.0192075949,
0.13175,0.0213024467,
0.132,0.0041041402,
0.13225,0.0045769583,
0.1325,0.0271438174,
0.13275,0.0203334633,
0.133,0.0064549400,
0.13325,0.0127926953,
0.1335,0.0302636828,
0.13375,0.0000384967,
0.134,0.0133643802,
0.13425,-0.0034644995,
0.1345,-0.0155178476,
0.13475,0.0110309217,
0.135,-0.0651338845,
0.13525,-0.0334224440,
0.1355,0.0190190878,
0.13575,-0.0211515352,
0.136,-0.0024866045,
0.13625,0.0236514788,
0.1365,0.0149009200,
0.13675,0.0013047341,
0.137,0.0187726375,
0.13725,0.0185713805,
0.1375,0.0135636143,
0.13775,0.0200556200,
0.138,0.0093876468,
0.13825,0.0037300731,
0.1385,0.0204371065,
0.13875,-0.0051267995,
0.139,-0.0154218748,
0.13925,-0.0101757981,
0.1395,0.0041397749,
0.13975,0.0032419194,
0.14,-0.0105358381,
0.14025,0.0105341058,
0.1405,0.0081228036,
0.14075,0.0022272593,
0.141,-0.0092997719,
0.14125,0.0193005092,
0.1415,0.0064839730,
0.14175,0.0029775340,
0.142,-0.0078964932,
0.14225,0.0090637682,
0.1425,0.0097557176,
0.14275,0.0006863798,
0.143,0.0002750570,
0.14325,-0.0022393200,
0.1435,-0.0015039403,
0.14375,-0.0046052244,
0.144,-0.0048836498,
0.14425,0.0098510832,
0.1445,0.0190041251,
0.14475,-0.0044867680,
0.145,-0.0072681108,
0.14525,0.0166344754,
0.1455,-0.0143979266,
0.14575,-0.0303354114,
0.146,-0.0122745261,
0.14625,0.0027381626,
0.1465,-0.0195963513,
0.14675,-0.0224928707,
0.147,-0.0038395240,
0.14725,-0.0012573471,
0.1475,0.0016782550,
0.14775,0.0096613998,
0.148,0.0003653660,
0.14825,0.0213377830,
0.1485,0.0092185140,
0.14875,-0.0006365940,
0.149,0.0040582563,
0.14925,0.0114248181,
0.1495,-0.0012348843,
0.14975,-0.0116643449,
0.15,-0.0002525199,
0.15025,0.0038781106,
0.1505,0.0045491690,
0.15075,-0.0160813220,
0.151,-0.0046110940,
0.15125,0.0004199839,
0.1515,-0.0013427271,
0.15175,-0.0090816319,
0.152,-0.0002949734,
0.15225,0.0087520834,
0.1525,-0.0026212991,
0.15275,-0.0071341600,
0.153,-0.0089542009,
0.15325,0.0085512931,
0.1535,0.0022923665,
0.15375,0.0064511150,
0.154,-0.0035964381,
0.15425,-0.0072035603,
0.1545,0.0099813994,
0.15475,0.0066051539,
0.155,-0.0032036984,
0.15525,0.0241704304,
0.1555,-0.0062647834,
0.15575,0.0205248576,
0.156,-0.0096326768,
0.15625,0.0011289447,
0.1565,-0.0177265983,
0.15675,-0.0264068618,
0.157,-0.0161297843,
0.15725,0.0071024764,
0.1575,-0.0070619760,
0.15775,-0.0051263184,
0.158,0.0048599318,
0.15825,0.0211848095,
0.1585,0.0013540834,
0.15875,0.0110568888,
0.159,0.0136160888,
0.15925,0.0148779061,
0.1595,-0.0023705680,
0.15975,0.0033260793,
0.16,0.0139967017,
0.16025,0.0049686320,
0.1605,0.0095741460,
0.16075,0.0153580606,
0.161,0.0018313085,
0.16125,0.0233738702,
0.1615,0.0068061277,
0.16175,-0.0044119712,
0.162,0.0098839588,
0.16225,0.0118292812,
0.1625,-0.0175653733,
0.16275,-0.0008001184,
0.163,0.0153346816,
0.16325,0.0193434060,
0.1635,0.0062807640,
0.16375,0.0038347857,
0.164,0.0111395912,
0.16425,0.0105636064,
0.1645,0.0046922527,
0.16475,0.0058025103,
0.165,0.0095764427,
0.16525,0.0159238596,
0.1655,0.0028100512,
0.16575,0.0127761913,
0.166,0.0143983811,
0.16625,0.0150870066,
0.1665,-0.0003390388,
0.16675,0.0095512113,
0.167,0.0142026050,
0.16725,0.0105183646,
0.1675,-0.0232324339,
0.16775,-0.0035023689,
0.168,0.0196104683,
0.16825,0.0092605613,
0.1685,0.0129068596,
0.16875,0.0187495239,
0.169,0.0199989881,
0.16925,0.0361359492,
0.1695,0.0134545732,
0.16975,0.0139160845,
0.17,0.0232708976,
0.17025,0.0128673678,
0.1705,0.0083582997,
0.17075,0.0117523493,
0.171,0.0239920914,
0.17125,0.0128925219,
0.1715,0.0138046592,
0.17175,0.0070533208,
0.172,0.0285175890,
0.17225,0.0260369647,
0.1725,-0.0009149291,
0.17275,-0.0015037199,
0.173,0.0142813902,
0.17325,-0.0005381409,
0.1735,-0.0118905818,
0.17375,0.0023388602,
0.174,-0.0010956994,
0.17425,-0.0067533869,
0.1745,-0.0617550276,
0.17475,0.0081625003,
0.175,-0.0086353077,
0.17525,-0.0502719358,
0.1755,0.0060869223,
0.17575,0.0218718350,
0.176,0.0124708395,
0.17625,0.0263552032,
0.1765,-0.0146380011,
0.17675,-0.0067663332,
0.177,0.0215254314,
0.17725,-0.0356187560,
0.1775,0.0005291894,
0.17775,-0.0298056453,
0.178,-0.0467728153,
0.17825,-0.0063111596,
0.1785,0.0115090441,
0.17875,-0.0375373699,
0.179,0.0163008720,
0.17925,-0.0018685290,
0.1795,0.0060860864,
0.17975,0.0180213563,
0.18,0.0163680762,
0.18025,0.0227528363,
0.1805,0.0136506660,
0.18075,0.0278914720,
0.181,0.0077606728,
0.18125,-0.0292935185,
0.1815,-0.0006833340,
0.18175,0.0088107595,
0.182,0.0059439354,
0.18225,-0.0301580951,
0.1825,-0.0157503355,
0.18275,-0.0008818789,
0.183,0.0140486425,
0.18325,0.0009502208,
0.1835,0.0129372105,
0.18375,-0.0168489814,
0.184,-0.0082067661,
0.18425,-0.0200187452,
0.1845,-0.0201389901,
0.18475,0.0068575451,
0.185,0.0069244946,
0.18525,-0.0112805273,
0.1855,0.0036356938,
0.18575,0.0076730121,
0.186,-0.0053277607,
0.18625,-0.0040241601,
0.1865,-0.0026769119,
0.18675,-0.0064127888,
0.187,-0.0088838423,
0.18725,-0.0107405102,
0.1875,-0.0215292983,
0.18775,-0.0000884107,
0.188,-0.0315635987,
0.18825,-0.0326667018,
0.1885,-0.1244959533,
0.18875,-0.0998707935,
0.189,-0.0181238335,
0.18925,-0.0261094812,
0.1895,-0.0207946245,
0.18975,0.0036043441,
0.19,-0.0093006734,
0.19025,-0.0656412095,
0.1905,-0.0014548444,
0.19075,0.0033896768,
0.191,0.0050346954,
0.19125,0.0160143059,
0.1915,0.0117426813,
0.19175,-0.0195589438,
0.192,-0.0146384947,
0.19225,-0.0107505163,
0.1925,-0.0045790551,
0.19275,0.0194736142,
0.193,-0.0029717942,
0.19325,-0.0019539776,
0.1935,-0.0006854293,
0.19375,0.0135731893,
0.194,-0.0023254866,
0.19425,0.0031233972,
0.1945,0.0081928456,
0.19475,0.0149579383,
0.195,-0.0091326926,
0.19525,-0.0054978523,
0.1955,0.0157369096,
0.19575,0.0122891925,
0.196,-0.0132340472,
0.19625,0.0011494077,
0.1965,-0.0017351729,
0.19675,0.0246185884,
0.197,-0.0145587660,
0.19725,-0.0016297761,
0.1975,-0.0077129211,
0.19775,-0.0060902573,
0.198,-0.0668941587,
0.19825,-0.0229428783,
0.1985,-0.0084196068,
0.19875,0.0003494501,
0.199,-0.0137757510,
0.19925,-0.0296423007,
0.1995,0.0004314299,
0.19975,0.0027308906,
0.2,-0.0004577439,
0.20025,-0.0086798770,
0.2005,0.0062744576,
0.20075,0.0011235785,
0.201,0.0087685874,
0.20125,0.0159284621,
0.2015,0.0084900660,
0.20175,0.0274281185,
0.202,-0.0050776275,
0.20225,0.0114498567,
0.2025,0.0158043094,
0.20275,0.0058801575,
0.203,0.0160628259,
0.20325,-0.0065307636,
0.2035,0.0125471931,
0.20375,0.0229190439,
0.204,0.0137610501,
0.20425,0.0122024100,
0.2045,0.0096219592,
0.20475,0.0082349004,
0.205,0.0142069245,
0.20525,-0.0056800004,
0.2055,0.0257201307,
0.20575,0.0090544419,
0.206,-0.0235998034,
0.20625,0.0047650528,
0.2065,0.0157482661,
0.20675,0.0188841149,
0.207,0.0030899525,
0.20725,0.0280585103,
0.2075,0.0219692588,
0.20775,0.0132883936,
0.208,0.0018376380,
0.20825,0.0240179151,
0.2085,0.0037423396,
0.20875,0.0074709626,
0.209,-0.0064165108,
0.20925,0.0228985697,
0.2095,0.0024666330,
0.20975,-0.0008386555,
0.21,-0.0011962071,
0.21025,0.0035657755,
0.2105,0.0244977511,
0.21075,0.0231867936,
0.211,0.0049184705,
0.21125,0.0092200851,
0.2115,0.0201106779,
0.21175,0.0084829191,
0.212,-0.0029297625,
0.21225,0.0277328659,
0.2125,0.0170688629,
0.21275,0.0080059916,
0.213,0.0095355920,
0.21325,0.0217216052,
0.2135,0.0069872853,
0.21375,0.0061459607,
0.214,-0.0094709443,
0.21425,0.0008564148,
0.2145,0.0226963237,
0.21475,0.0249410719,
0.215,0.0066475384,
0.21525,0.0068784310,
0.2155,0.0319091193,
0.21575,0.0111748539,
0.216,0.0001213366,
0.21625,0.0088836970,
0.2165,0.0217808206,
0.21675,-0.0128626274,
0.217,-0.0009594618,
0.21725,0.0078776889,
0.2175,0.0174031351,
0.21775,-0.0077511813,
0.218,-0.0136063211,
0.21825,0.0063954196,
0.2185,-0.0016485316,
0.21875,-0.0121164713,
0.219,0.0203764439,
0.21925,0.0060506403,
0.2195,0.0160042644,
0.21975,0.0182239786,
0.22,0.0103745880,
0.22025,-0.0081664631,
0.2205,-0.0152577218,
0.22075,-0.0026378264,
0.221,-0.0272529721,
0.22125,-0.0147455828,
0.2215,-0.0185520891,
0.22175,-0.0493563339,
0.222,-0.0193083212,
0.22225,0.0021964754,
0.2225,0.0008266093,
0.22275,-0.0059170839,
0.223,-0.0122104725,
0.22325,-0.0006225577,
0.2235,0.0158461984,
0.22375,-0.0470621511,
0.224,0.0183908194,
0.22425,-0.0089242849,
0.2245,-0.0527320616,
0.22475,0.0013507206,
0.225,-0.0150369238,
0.22525,-0.0061824759,
0.2255,-0.0138247767,
0.22575,-0.0114232507,
0.226,0.0024295852,
0.22625,-0.0078431694,
0.2265,0.0117772873,
0.22675,-0.0058411323,
0.227,-0.0113036875,
0.22725,0.0000635424,
0.2275,-0.0026729298,
0.22775,-0.0143173886,
0.228,0.0069333562,
0.22825,-0.0305408314,
0.2285,-0.0165930465,
0.22875,-0.0098061245,
0.229,0.0118312202,
0.22925,-0.0067301956,
0.2295,-0.0282743946,
0.22975,-0.0260147639,
0.23,-0.0499568917,
0.23025,-0.0452677608,
0.2305,-0.0286344439,
0.23075,-0.0147551149,
0.231,0.0029581927,
0.23125,-0.0276514031,
0.2315,-0.0260585472,
0.23175,-0.0373116359,
0.232,-0.0333312117,
0.23225,-0.0360494889,
0.2325,-0.0464205146,
0.23275,-0.0160056427,
0.233,-0.0028788147,
0.23325,-0.0069665508,
0.2335,0.0013296902,
0.23375,-0.0108421724,
0.234,-0.0040029893,
0.23425,-0.0034283251,
0.2345,-0.0099013522,
0.23475,-0.0038344776,
0.235,0.0047297524,
0.23525,0.0041828733,
0.2355,0.0037478753,
0.23575,-0.0148422141,
0.236,-0.0090128770,
0.23625,-0.0004401302,
0.2365,-0.0022359390,
0.23675,-0.0290591083,
0.237,0.0003463062,
0.23725,0.0079290494,
0.2375,-0.0160291083,
0.23775,-0.0197666902,
0.238,0.0029369572,
0.23825,-0.0007538697,
0.2385,-0.0282453280,
0.23875,-0.0076814932,
0.239,0.0001445522,
0.23925,-0.0135771362,
0.2395,-0.0136431716,
0.23975,-0.0017769362,
0.24,-0.0111556575,
0.24025,0.0063669891,
0.2405,-0.0108587351,
0.24075,-0.0187076051,
0.241,0.0146256946,
0.24125,0.0180877019,
0.2415,-0.0084678195,
0.24175,-0.0087310690,
0.242,0.0076581584,
0.24225,-0.0179260112,
0.2425,-0.0136220641,
0.24275,-0.0060948073,
0.243,-0.0164863542,
0.24325,0.0133999418,
0.2435,0.0203519892,
0.24375,-0.0065188380,
0.244,0.0137901166,
0.24425,0.0182994101,
0.2445,-0.0112310974,
0.24475,0.0060725044,
0.245,0.0221580938,
0.24525,0.0021157647,
0.2455,0.0122649586,
0.24575,0.0167255942,
0.246,0.0051091290,
0.24625,0.0017156131,
0.2465,-0.0028668256,
0.24675,0.0053680474,
0.247,0.0123704057,
0.24725,0.0305371080,
0.2475,0.0044021099,
0.24775,0.0039984281,
0.248,0.0220505483,
0.24825,0.0176503137,
0.2485,0.0048494241,
0.24875,-0.0008568608,
0.249,0.0066951453,
0.24925,0.0059358478,
0.2495,0.0051550502,
0.24975,-0.0031496920,
0.25,0.0206252914,
0.25025,-0.0055746688,
0.2505,0.0030714993,
0.25075,0.0261964016,
0.251,0.0197665319,
0.25125,0.0049869833,
0.2515,0.0366257392,
0.25175,0.0213716812,
0.252,0.0149678895,
0.25225,0.0299368519,
0.2525,0.0323687568,
0.25275,0.0062573426,
0.253,0.0274664555,
0.25325,0.0227293652,
0.2535,-0.0205115043,
0.25375,0.0058439067,
0.254,0.0114662480,
0.25425,-0.0237245280,
0.2545,0.0126687884,
0.25475,0.0251509044,
0.255,-0.0051700389,
0.25525,0.0244589224,
0.2555,0.0206392296,
0.25575,0.0272047259,
0.256,0.0245567188,
0.25625,0.0155311897,
0.2565,0.0215856470,
0.25675,0.0286095850,
0.257,0.0383054428,
0.25725,0.0124655589,
0.2575,0.0191915147,
0.25775,0.0340412334,
0.258,0.0225442685,
0.25825,0.0130495317,
0.2585,0.0014652761,
0.25875,0.0189804547,
0.259,0.0051393504,
0.25925,-0.0010371291,
0.2595,-0.0026114052,
0.25975,0.0263398048,
0.26,0.0307440739,
0.26025,0.0193340741,
0.2605,0.0196498334,
0.26075,0.0312903449,
0.261,0.0065564369,
0.26125,0.0191695578,
0.2615,-0.0049454011,
0.26175,0.0164768770,
0.262,0.0266690291,
0.26225,0.0015318776,
0.2625,0.0081231538,
0.26275,0.0314394198,
0.263,0.0062997779,
0.26325,-0.0023187459,
0.2635,0.0127297724,
0.26375,0.0218447037,
0.264,-0.0287600681,
0.26425,-0.0258939378,
0.2645,0.0017144324,
0.26475,0.0034935297,
0.265,0.0063543762,
0.26525,0.0068599363,
0.2655,0.0012766549,
0.26575,0.0127893984,
0.266,0.0120711215,
0.26625,0.0155898612,
0.2665,0.0107586486,
0.26675,0.0262480751,
0.267,0.0062036309,
0.26725,0.0004504706,
0.2675,0.0146981906,
0.26775,0.0191420354,
0.268,0.0082983989,
0.26825,0.0175911859,
0.2685,0.0087083671,
0.26875,0.0097008040,
0.269,0.0052775266,
0.26925,-0.0136021040,
0.2695,-0.0001230062,
0.26975,-0.0050960304,
0.27,-0.0010796750,
0.27025,-0.0193569567,
0.2705,0.0007948314,
0.27075,0.0171498321,
0.271,0.0220123399,
0.27125,-0.0097325435,
0.2715,-0.0111251604,
0.27175,0.0148718096,
0.272,-0.0164684430,
0.27225,-0.0209696945,
0.2725,0.0079840831,
0.27275,0.0074741626,
0.273,-0.0110790841,
0.27325,0.0018462089,
0.2735,-0.0013901660,
0.27375,-0.0111435363,
0.274,0.0051109265,
0.27425,-0.0016630769,
0.2745,-0.0251986384,
0.27475,0.0032821505,
0.275,0.0073457649,
0.27525,-0.0601927191,
0.2755,-0.0011374058,
0.27575,-0.0021957958,
0.276,-0.0208603796,
0.27625,-0.0184652936,
0.2765,-0.0036835535,
0.27675,0.0042420337,
0.277,-0.0070780092,
0.27725,-0.0083326586,
0.2775,0.0116747785,
0.27775,0.0000469470,
0.278,-0.0027043987,
0.27825,-0.0083045932,
0.2785,-0.0056747398,
0.27875,0.0135046514,
0.279,-0.0220762771,
0.27925,-0.0140702371,
0.2795,-0.0084778648,
0.27975,0.0055620112,
0.28,-0.0113954581,
0.28025,-0.0123543115,
0.2805,-0.0048018415,
0.28075,-0.0061389068,
0.281,-0.0450112633,
0.28125,-0.0225198064,
0.2815,0.0057924176,
0.28175,-0.0023793061,
0.282,-0.0413783826,
0.28225,-0.0190945584,
0.2825,0.0113124792,
0.28275,-0.0183302201,
0.283,-0.0291695558,
0.28325,-0.0269682612,
0.2835,-0.0050371345,
0.28375,-0.0174339656,
0.284,-0.0158494413,
0.28425,-0.0162737928,
0.2845,0.0099519119,
0.28475,-0.0452991799,
0.285,-0.0057565374,
0.28525,-0.0037268561,
0.2855,0.0104463696,
0.28575,-0.0274142250,
0.286,-0.0162410811,
0.28625,-0.0061115786,
0.2865,0.0086855963,
0.28675,0.0001270059,
0.287,0.0234441012,
0.28725,-0.0021060503,
0.2875,-0.0001839579,
0.28775,0.0196442492,
0.288,0.0042023407,
0.28825,0.0088380324,
0.2885,0.0120383911,
0.28875,0.0065784939,
0.289,0.0016694400,
0.28925,0.0084836213,
0.2895,0.0295885205,
0.28975,0.0014234607,
0.29,-0.0006848195,
0.29025,0.0189136658,
0.2905,0.0202288665,
0.29075,0.0068767346,
0.291,0.0181009863,
0.29125,0.0075334753,
0.2915,0.0096808821,
0.29175,0.0042824065,
0.292,-0.0022394275,
0.29225,0.0178307500,
0.2925,0.0064216945,
0.29275,0.0127432607,
0.293,0.0303982385,
0.29325,-0.0412053280,
0.2935,0.0085207205,
0.29375,0.0076192133,
0.294,-0.0233937223,
0.29425,0.0262087602,
0.2945,-0.0068056202,
0.29475,-0.0054353201,
0.295,0.0216112304,
0.29525,0.0287540965,
0.2955,0.0169801321,
0.29575,0.0021641923,
0.296,0.0078195035,
0.29625,-0.0199683402,
0.2965,0.0158377755,
0.29675,0.0031595356,
0.297,-0.0076027745,
0.29725,0.0249708332,
0.2975,0.0311858505,
0.29775,0.0129678901,
0.298,0.0132123185,
0.29825,0.0231452323,
0.2985,0.0163868740,
0.29875,0.0133898016,
0.299,0.0276263170,
0.29925,0.0229529813,
0.2995,0.0205320287,
0.29975,0.0170875415,
0.3,0.0200649742,
0.30025,0.0195319932,
0.3005,0.0100630559,
0.30075,0.0153289624,
0.301,0.0237664599,
0.30125,0.0201530550,
0.3015,0.0258234367,
0.30175,0.0188877545,
0.302,-0.0045012729,
0.30225,-0.0038072281,
0.3025,0.0090201711,
0.30275,-0.0125189694,
0.303,-0.0163676385,
0.30325,0.0139017943,
0.3035,0.0105858054,
0.30375,-0.0214077011,
0.304,-0.0133245802,
0.30425,0.0286553353,
0.3045,-0.0249809213,
0.30475,0.0211814046,
0.305,-0.0095337732,
0.30525,-0.0365276411,
0.3055,0.0141862212,
0.30575,0.0046742829,
0.306,-0.0179888569,
0.30625,0.0042137071,
0.3065,-0.0038920413,
0.30675,-0.0604155287,
0.307,0.0114552993,
0.30725,0.0217606463,
0.3075,-0.0386758484,
0.30775,-0.0211080275,
0.308,-0.0072131194,
0.30825,-0.0081075300,
0.3085,0.0307502300,
0.30875,-0.0332573093,
0.309,-0.0010561612,
0.30925,0.0108676106,
0.3095,0.0301940534,
0.30975,-0.0013875897,
0.31,-0.0026603299,
0.31025,0.0080366535,
0.3105,0.0102861598,
0.31075,-0.0093420241,
0.311,-0.0038322015,
0.31125,0.0191106666,
0.3115,0.0088728918,
0.31175,-0.0025179433,
0.312,-0.0004097226,
0.31225,0.0200831052,
0.3125,-0.0111282254,
0.31275,-0.0083355792,
0.313,-0.0361073017,
0.31325,0.0070566167,
0.3135,-0.0202610418,
0.31375,-0.0245641209,
0.314,0.0054093967,
0.31425,0.0047595240,
0.3145,-0.0416032523,
0.31475,-0.0168670639,
0.315,-0.0106291976,
0.31525,-0.0163807925,
0.3155,-0.0246160626,
0.31575,-0.0162373837,
0.316,-0.0085842088,
0.31625,0.0116926059,
0.3165,-0.0118859969,
0.31675,-0.0369231179,
0.317,0.0042936536,
0.31725,-0.0297988188,
0.3175,-0.0085897567,
0.31775,-0.0158473141,
0.318,-0.0181632694,
0.31825,-0.0145294936,
0.3185,-0.0121747926,
0.31875,-0.0404326953,
0.319,-0.0289346445,
0.31925,0.0112758009,
0.3195,-0.0265394598,
0.31975,-0.0088988636,
0.32,0.0004952151,
0.32025,-0.0004473088,
0.3205,-0.0142058088,
0.32075,-0.0162421037,
0.321,-0.0044768346,
0.32125,-0.0107614314,
0.3215,-0.0074399640,
0.32175,-0.0116075529,
0.322,-0.0000773074,
0.32225,-0.0064767776,
0.3225,-0.0009097157,
0.32275,-0.0323155671,
0.323,-0.0120288059,
0.32325,-0.0017417197,
0.3235,-0.0248805545,
0.32375,-0.0249207374,
0.324,0.0009922781,
0.32425,-0.0139826396,
0.3245,-0.0363110900,
0.32475,-0.0235109869,
0.325,-0.0109437853,
0.32525,-0.0138463033,
0.3255,-0.0205945782,
0.32575,-0.0193117969,
0.326,-0.0028805577,
0.32625,-0.0016008479,
0.3265,-0.0136524821,
0.32675,-0.0075523187,
0.327,-0.0160751976,
0.32725,0.0061413851,
0.3275,-0.0025013313,
0.32775,-0.0123650162,
0.328,0.0024662297,
0.32825,-0.0223994479,
0.3285,-0.0518995002,
0.32875,-0.0288539659,
0.329,-0.0278414879,
0.32925,-0.0222103000,
0.3295,-0.0325343423,
0.32975,0.0063665980,
0.33,-0.0007522097,
0.33025,-0.0053327647,
0.3305,-0.0031764302,
0.33075,0.0041958829,
0.331,-0.0022736830,
0.33125,0.0020173797,
0.3315,0.0050304681,
0.33175,0.0055337320,
0.332,-0.0006657111,
0.33225,0.0084677879,
0.3325,-0.0128911147,
0.33275,0.0044418792,
0.333,0.0086947745,
0.33325,0.0049210149,
0.3335,-0.0217989627,
0.33375,-0.0109545384,
0.334,0.0106594265,
0.33425,-0.0027966660,
0.3345,-0.0235593710,
0.33475,-0.0047139246,
0.335,0.0006363309,
0.33525,-0.0189831425,
0.3355,-0.0516801476,
0.33575,-0.0115886666,
0.336,-0.0013205821,
0.33625,-0.0218833257,
0.3365,0.0100007933,
0.33675,0.0050918376,
0.337,0.0023945926,
0.33725,0.0099240057,
0.3375,-0.0079504941,
0.33775,-0.0072045205,
0.338,0.0118090203,
0.33825,0.0069095977,
0.3385,-0.0079244794,
0.33875,0.0082737030,
0.339,-0.0024539470,
0.33925,-0.0027685331,
0.3395,-0.0253095813,
0.33975,-0.0061355093,
0.34,0.0109677594,
0.34025,-0.0000228933,
0.3405,0.0131299477,
0.34075,0.0247939676,
0.341,0.0162964575,
0.34125,0.0137483468,
0.3415,0.0036873412,
0.34175,0.0077746487,
0.342,0.0120176673,
0.34225,0.0078717405,
0.3425,0.0158552900,
0.34275,0.0110965921,
0.343,0.0153489187,
0.34325,-0.0015819741,
0.3435,0.0080621084,
0.34375,0.0270987954,
0.344,0.0238567609,
0.34425,0.0177550558,
0.3445,-0.0079739969,
0.34475,0.0373274870,
0.345,-0.0067416281,
0.34525,-0.0141654992,
0.3455,-0.0267288815,
0.34575,0.0292269699,
0.346,-0.0288446546,
0.34625,-0.0087126605,
0.3465,0.0445049554,
0.34675,0.0044963956,
0.347,0.0121363169,
0.34725,0.0173202287,
0.3475,0.0004694379,
0.34775,-0.0075850217,
0.348,0.0223330595,
0.34825,0.0176482052,
0.3485,0.0012689667,
0.34875,0.0394041315,
0.349,0.0032111052,
0.34925,-0.0212246180,
0.3495,0.0050394582,
0.34975,0.0002966902,
0.35,-0.0046798517,
0.35025,-0.0099398345,
0.3505,-0.0070308545,
0.35075,-0.0044091758,
0.351,0.0192956906,
0.35125,0.0126826447,
0.3515,0.0075867395,
0.35175,0.0279699992,
0.352,0.0156188495,
0.35225,0.0129709318,
0.3525,0.0233497284,
0.35275,0.0274704099,
0.353,0.0079061622,
0.35325,0.0203822479,
0.3535,0.0226172395,
0.35375,0.0200496018,
0.354,0.0149816973,
0.35425,0.0119222719,
0.3545,0.0094291940,
0.35475,0.0225171745,
0.355,0.0255316384,
0.35525,0.0073698834,
0.3555,0.0270803552,
0.35575,0.0039800238,
0.356,0.0000332616,
0.35625,-0.0074809967,
0.3565,-0.0153237777,
0.35675,0.0082354583,
0.357,0.0183444917,
0.35725,0.0099090757,
0.3575,0.0101035126,
0.35775,0.0066737900,
0.358,0.0032619548,
0.35825,-0.0128055746,
0.3585,0.0209724568,
0.35875,0.0159485172,
0.359,-0.0190444160,
0.35925,0.0242189616,
0.3595,0.0145911314,
0.35975,-0.0074315090,
0.36,0.0024509800,
0.36025,0.0009086231,
0.3605,-0.0013558047,
0.36075,-0.0002262192,
0.361,-0.0130190253,
0.36125,-0.0167195164,
0.3615,-0.0057495385,
0.36175,-0.0054328907,
0.362,-0.0019006145,
0.36225,-0.0042145723,
0.3625,0.0048500281,
0.36275,-0.0005904827,
0.363,-0.0023315889,
0.36325,0.0013726000,
0.3635,0.0229781084,
0.36375,0.0075926753,
0.364,-0.0001485143,
0.36425,0.0022577241,
0.3645,0.0040803403,
0.36475,0.0081140976,
0.365,-0.0099127004,
0.36525,0.0012078168,
0.3655,0.0006486155,
0.36575,0.0101173110,
0.366,0.0009643530,
0.36625,-0.0094035883,
0.3665,0.0020788957,
0.36675,0.0002532056,
0.367,-0.0286787823,
0.36725,-0.0173755456,
0.3675,0.0098029729,
0.36775,-0.0198562369,
0.368,-0.0080631282,
0.36825,0.0254113581,
0.3685,0.0062927641,
0.36875,-0.0215712599,
0.369,0.0043087755,
0.36925,0.0010899154,
0.3695,0.0011446942,
0.36975,-0.0040110471,
0.37,-0.0089809913,
0.37025,-0.0001735350,
0.3705,0.0012330355,
0.37075,-0.0095931757,
0.371,-0.0196977817,
0.37125,-0.0015896448,
0.3715,-0.0029948056,
0.37175,-0.0378887393,
0.372,-0.0330927745,
0.37225,-0.0003852514,
0.3725,0.0065227803,
0.37275,-0.0083715115,
0.373,0.0120628029,
0.37325,0.0033913995,
0.3735,-0.0096475706,
0.37375,0.0008576495,
0.374,0.0124706309,
0.37425,0.0039488003,
0.3745,0.0169519447,
0.37475,-0.0020892071,
0.375,-0.0155011024,
0.37525,0.0201215316,
0.3755,0.0144747449,
0.37575,0.0058585303,
0.376,0.0169297922,
0.37625,0.0306884274,
0.3765,0.0224279277,
0.37675,0.0004168676,
0.377,0.0058252653,
0.37725,0.0262580588,
0.3775,-0.0113231298,
0.37775,-0.0112854280,
0.378,-0.0155340433,
0.37825,0.0097565288,
0.3785,-0.0107827187,
0.37875,0.0004955730,
0.379,-0.0008278917,
0.37925,0.0044119377,
0.3795,0.0017276872,
0.37975,0.0275305808,
0.38,0.0079556638,
0.38025,0.0206368770,
0.3805,0.0150368782,
0.38075,0.0064652357,
0.381,0.0162894614,
0.38125,0.0095475679,
0.3815,-0.0031268843,
0.38175,-0.0009924551,
0.382,-0.0017070287,
0.38225,-0.0114078959,
0.3825,-0.0007903757,
0.38275,-0.0130875055,
0.383,-0.0153114647,
0.38325,0.0152908992,
0.3835,0.0158370566,
0.38375,0.0094901826,
0.384,0.0079590697,
0.38425,0.0314572491,
0.3845,0.0164986383,
0.38475,0.0179264396,
0.385,0.0236379709,
0.38525,0.0296513475,
0.3855,0.0103466492,
0.38575,0.0032535247,
0.386,0.0199910700,
0.38625,0.0200723112,
0.3865,0.0154721411,
0.38675,-0.0046852902,
0.387,0.0250206105,
0.38725,0.0268241502,
0.3875,0.0166916270,
0.38775,0.0139725097,
0.388,0.0052338662,
0.38825,0.0203872211,
0.3885,0.0097580459,
0.38875,0.0036158892,
0.389,-0.0079541197,
0.38925,0.0168892257,
0.3895,0.0146017168,
0.38975,-0.0041088481,
0.39,0.0161050316,
0.39025,0.0185242780,
0.3905,0.0199171752,
0.39075,0.0088481670,
0.391,0.0022062873,
0.39125,-0.0073143700,
0.3915,0.0172679015,
0.39175,0.0067766481,
0.392,0.0276673958,
0.39225,0.0079335421,
0.3925,0.0034965277,
0.39275,0.0069549065,
0.393,0.0091264928,
0.39325,-0.0097613037,
0.3935,-0.0169214904,
0.39375,0.0150339203,
0.394,0.0070538735,
0.39425,0.0276791528,
0.3945,0.0056328243,
0.39475,0.0140179135,
0.395,0.0247564614,
0.39525,0.0205421746,
0.3955,0.0080195237,
0.39575,0.0213510934,
0.396,0.0106037296,
0.39625,-0.0013922247,
0.3965,-0.0017811763,
0.39675,0.0084439805,
0.397,-0.0034216603,
0.39725,0.0208439119,
0.3975,-0.0100175980,
0.39775,-0.0063481098,
0.398,-0.0004832223,
0.39825,-0.0026627835,
0.3985,0.0124180978,
0.39875,0.0074556046,
0.399,-0.0099158389,
0.39925,0.0136292595,
0.3995,-0.0307090618,
0.39975,-0.0184064843,
0.4,0.0238401983,
0.40025,-0.0041549429,
0.4005,-0.0132461041,
0.40075,-0.0109220631,
0.401,0.0075099040,
0.40125,-0.0040707868,
0.4015,-0.0051667988,
0.40175,-0.0058501940,
0.402,-0.0209847614,
0.40225,-0.0006139650,
0.4025,-0.0008997027,
0.40275,0.0160745885,
0.403,0.0192195214,
0.40325,0.0156142563,
0.4035,-0.0132900486,
0.40375,-0.0107412050,
0.404,-0.0026767808,
0.40425,-0.0035985005,
0.4045,-0.0230696648,
0.40475,-0.0076712826,
0.405,0.0011242027,
0.40525,-0.0124982269,
0.4055,-0.0152348252,
0.40575,-0.0062409001,
0.406,0.0107969977,
0.40625,-0.0069775721,
0.4065,0.0094375592,
0.40675,-0.0131081278,
0.407,0.0160664283,
0.40725,-0.0173445679,
0.4075,-0.0156540629,
0.40775,-0.0130058601,
0.408,-0.0058751502,
0.40825,-0.0387847833,
0.4085,-0.0494524054,
0.40875,0.0033899269,
0.409,-0.0052514123,
0.40925,-0.0239645466,
0.4095,-0.0183643475,
0.40975,-0.0452240705,
0.41,-0.0170454495,
0.41025,-0.0257166140,
0.4105,-0.0106697455,
0.41075,-0.0191341378,
0.411,-0.0080100447,
0.41125,-0.0107741281,
0.4115,-0.0148928827,
0.41175,-0.0187264793,
0.412,-0.0116517004,
0.41225,-0.0057274271,
0.4125,-0.0204735417,
0.41275,-0.0009946260,
0.413,-0.0052347006,
0.41325,-0.0223690439,
0.4135,-0.0069455388,
0.41375,-0.0171608869,
0.414,-0.0281091854,
0.41425,-0.0477978811,
0.4145,-0.0567401014,
0.41475,-0.0250602178,
0.415,-0.0190991666,
0.41525,-0.0409251302,
0.4155,-0.0140845384,
0.41575,0.0032306579,
0.416,0.0126049090,
0.41625,-0.0052019432,
0.4165,-0.0084620416,
0.41675,-0.0057806349,
0.417,0.0022461389,
0.41725,0.0018947142,
0.4175,-0.0003513272,
0.41775,-0.0019392013,
0.418,-0.0031478498,
0.41825,-0.0009503940,
0.4185,-0.0036334330,
0.41875,0.0121026067,
0.419,0.0110483468,
0.41925,-0.0029794960,
0.4195,0.0237147398,
0.41975,-0.0180701464,
0.42,-0.0149090700,
0.42025,-0.0116898846,
0.4205,0.0000014165,
0.42075,-0.0214297045,
0.421,-0.0164225623,
0.42125,-0.0566028021,
0.4215,-0.0313503444,
0.42175,-0.0003390185,
0.422,-0.0231266208,
0.42225,-0.0204158127,
0.4225,-0.0038158519,
0.42275,0.0041702557,
0.423,0.0047425320,
0.42325,-0.0040139435,
0.4235,0.0018028400,
0.42375,-0.0001194986,
0.424,0.0141288470,
0.42425,0.0208553653,
0.4245,-0.0008482279,
0.42475,0.0042641563,
0.425,-0.0027943661,
0.42525,-0.0242975000,
0.4255,-0.0235966686,
0.42575,-0.0011950531,
0.426,-0.0074222591,
0.42625,-0.0098072495,
0.4265,0.0053935908,
0.42675,0.0268563908,
0.427,-0.0027988795,
0.42725,-0.0120713199,
0.4275,0.0077372454,
0.42775,0.0026373952,
0.428,0.0146936029,
0.42825,0.0173058212,
0.4285,0.0193068907,
0.42875,0.0206730049,
0.429,-0.0029677455,
0.42925,-0.0001530291,
0.4295,0.0020641924,
0.42975,0.0068265386,
0.43,0.0023535551,
0.43025,-0.0008147577,
0.4305,-0.0049789781,
0.43075,0.0228663553,
0.431,0.0012342415,
0.43125,0.0019725775,
0.4315,-0.0082216514,
0.43175,-0.0065437928,
0.432,-0.0209948905,
0.43225,0.0014720222,
0.4325,0.0211279728,
0.43275,0.0083117941,
0.433,0.0052689626,
0.43325,0.0086386260,
0.4335,-0.0019092025,
0.43375,0.0042809388,
0.434,-0.0124077583,
0.43425,-0.0091242464,
0.4345,0.0010833626,
0.43475,0.0064849067,
0.435,0.0066544367,
0.43525,-0.0035265866,
0.4355,0.0169893578,
0.43575,-0.0054266886,
0.436,-0.0451778285,
0.43625,-0.0320336297,
0.4365,0.0189317781,
0.43675,-0.0135251489,
0.437,0.0029404876,
0.43725,0.0110994009,
0.4375,0.0073208758,
0.43775,0.0058461558,
0.438,-0.0062261340,
0.43825,0.0070436560,
0.4385,0.0206623618,
0.43875,0.0091141397,
0.439,0.0116140200,
0.43925,0.0202324633,
0.4395,0.0194557905,
0.43975,0.0154383620,
0.44,0.0129617862,
0.44025,-0.0065471614,
0.4405,-0.0053914124,
0.44075,-0.0092692468,
0.441,-0.0182432178,
0.44125,-0.0228917636,
0.4415,-0.0022618202,
0.44175,-0.0006432750,
0.442,0.0276303757,
0.44225,0.0067417296,
0.4425,0.0184620544,
0.44275,-0.0033277213,
0.443,-0.0000408716,
0.44325,-0.0196686462,
0.4435,0.0116042867,
0.44375,-0.0147198746,
0.444,-0.0143037941,
0.44425,-0.0347371064,
0.4445,-0.0138576431,
0.44475,-0.0250425488,
0.445,-0.0328512527,
0.44525,-0.0149837611,
0.4455,-0.0185820628,
0.44575,-0.0118699623,
0.446,0.0015634613,
0.44625,0.0005997058,
0.4465,-0.0000753139,
0.44675,-0.0214820616,
0.447,-0.0145321628,
0.44725,-0.0351767205,
0.4475,-0.0177868735,
0.44775,-0.0239382144,
0.448,-0.0197146107,
0.44825,0.0003494714,
0.4485,0.0044605653,
0.44875,-0.0084199170,
0.449,-0.0094249863,
0.44925,0.0050961236,
0.4495,0.0056210370,
0.44975,-0.0016084894,
0.45,-0.0062753749,
0.45025,0.0121708410,
0.4505,0.0100693423,
0.45075,-0.0038352993,
0.451,0.0008666617,
0.45125,0.0146654062,
0.4515,0.0167358276,
0.45175,-0.0112998001,
0.452,-0.0101275379,
0.45225,-0.0073465798,
0.4525,0.0118730972,
0.45275,-0.0105998563,
0.453,-0.0079558613,
0.45325,-0.0278641917,
0.4535,-0.0122882761,
0.45375,-0.0261809155,
0.454,-0.0126516744,
0.45425,-0.0057553803,
0.4545,0.0125982147,
0.45475,-0.0129531305,
0.455,-0.0018170691,
0.45525,0.0017809641,
0.4555,0.0124342274,
0.45575,-0.0137944315,
0.456,-0.0084087830,
0.45625,0.0178680774,
0.4565,-0.0007986451,
0.45675,0.0013329823,
0.457,-0.0090423077,
0.45725,-0.0100543164,
0.4575,0.0086872457,
0.45775,-0.0378612950,
0.458,-0.0196099542,
0.45825,0.0040845540,
0.4585,0.0206470378,
0.45875,-0.0171230566,
0.459,-0.0108003160,
0.45925,0.0058013070,
0.4595,0.0127197951,
0.45975,-0.0096913381,
0.46,0.0352594256,
0.46025,0.0104660084,
0.4605,0.0112792766,
0.46075,0.0107337702,
0.461,0.0045384751,
0.46125,0.0019679361,
0.4615,0.0230760425,
0.46175,-0.0194317009,
0.462,-0.0144545026,
0.46225,0.0234055892,
0.4625,0.0034822209,
0.46275,-0.0022773361,
0.463,0.0051841494,
0.46325,0.0088668447,
0.4635,-0.0026717174,
0.46375,-0.0059943646,
0.464,-0.0107092215,
0.46425,-0.0048202309,
0.4645,0.0158989318,
0.46475,0.0035089073,
0.465,0.0072102533,
0.46525,0.0175592359,
0.4655,0.0043999734,
0.46575,-0.0080234138,
0.466,0.0059486628,
0.46625,0.0077141938,
0.4665,0.0031104507,
0.46675,0.0027057983,
0.467,0.0294236764,
0.46725,0.0114226481,
0.4675,0.0081896046,
0.46775,0.0210492052,
0.468,0.0223240424,
0.46825,0.0372686535,
0.4685,-0.0144613925,
0.46875,-0.0008947073,
0.469,0.0181693230,
0.46925,0.0153869074,
0.4695,0.0020297668,
0.46975,0.0123994090,
0.47,0.0158095770,
0.47025,0.0177524723,
0.4705,0.0162274241,
0.47075,0.0033377216,
0.471,0.0213283747,
0.47125,0.0440465212,
0.4715,0.0106846457,
0.47175,-0.0168240778,
0.472,0.0340083279,
0.47225,-0.0052386234,
0.4725,-0.0143793542,
0.47275,-0.0087907799,
0.473,0.0180213545,
0.47325,-0.0169853624,
0.4735,0.0149447201,
0.47375,0.0131507237,
0.474,-0.0103503931,
0.47425,0.0041520824,
0.4745,0.0170116462,
0.47475,-0.0246018432,
0.475,0.0299440809,
0.47525,0.0202509984,
0.4755,0.0004963757,
0.47575,0.0092163840,
0.476,0.0325421803,
0.47625,0.0099460147,
0.4765,-0.0070899837,
0.47675,0.0206148140,
0.477,0.0132414401,
0.47725,0.0058232844,
0.4775,-0.0119240806,
0.47775,-0.0191717912,
0.478,0.0110731693,
0.47825,-0.0028902639,
0.4785,-0.0169025939,
0.47875,-0.0219740644,
0.479,0.0340024717,
0.47925,-0.0103685772,
0.4795,-0.0281984732,
0.47975,0.0311202966,
0.48,0.0182330646,
0.48025,0.0198537111,
0.4805,0.0116661955,
0.48075,0.0112699382,
0.481,0.0127699003,
0.48125,0.0061715976,
0.4815,0.0148315635,
0.48175,0.0262690745,
0.482,0.0167237464,
0.48225,-0.0100823669,
0.4825,0.0137372734,
0.48275,0.0187885296,
0.483,0.0053010364,
0.48325,0.0323184244,
0.4835,0.0048753275,
0.48375,-0.0065934462,
0.484,0.0053320443,
0.48425,0.0251608491,
0.4845,-0.0259718895,
0.48475,-0.0198118668,
0.485,0.0261395965,
0.48525,-0.0036330926,
0.4855,0.0095937047,
0.48575,0.0274157878,
0.486,0.0011876449,
0.48625,-0.0035616814,
0.4865,0.0144578097,
0.48675,-0.0041129291,
0.487,0.0041026208,
0.48725,0.0066620614,
0.4875,0.0063967472,
0.48775,0.0001818829,
0.488,0.0214261115,
0.48825,-0.0170168709,
0.4885,-0.0016269970,
0.48875,0.0088488450,
0.489,0.0104211727,
0.48925,-0.0002782135,
0.4895,0.0021700005,
0.48975,0.0079793232,
0.49,0.0011037840,
0.49025,-0.0115858614,
0.4905,-0.0002602361,
0.49075,-0.0024275004,
0.491,0.0001545213,
0.49125,-0.0073594735,
0.4915,-0.0176076386,
0.49175,-0.0143494513,
0.492,0.0156063819,
0.49225,0.0030325318,
0.4925,0.0075012194,
0.49275,0.0009412022,
0.493,0.0341636501,
0.49325,0.0013851682,
0.4935,0.0033297660,
0.49375,0.0211698096,
0.494,0.0168564711,
0.49425,-0.0179057047,
0.4945,0.0038916194,
0.49475,0.0190726779,
0.495,-0.0016344809,
0.49525,-0.0161620025,
0.4955,-0.0142200831,
0.49575,-0.0102360127,
0.496,0.0022500867,
0.49625,-0.0102900993,
0.4965,-0.0110403644,
0.49675,0.0071173711,
0.497,0.0051477267,
0.49725,-0.0054525542,
0.4975,-0.0059559294,
0.49775,0.0022344855,
0.498,0.0004930217,
0.49825,-0.0070893094,
0.4985,0.0038640937,
0.49875,0.0096167633,
0.499,-0.0104401177,
0.49925,0.0040016705,
0.4995,0.0184617545,
0.49975,-0.0148274461,
0.5,0.0062359599,
0.50025,-0.0070057288,
0.5005,-0.0149284769,
0.50075,-0.0051361425,
0.501,-0.0062039220,
0.50125,-0.0133294007,
0.5015,-0.0106654046,
0.50175,-0.0004698067,
0.502,-0.0219840202,
0.50225,-0.0284713991,
0.5025,0.0163321532,
0.50275,-0.0011999531,
0.503,0.0029299268,
0.50325,0.0021701634,
0.5035,0.0072537400,
0.50375,0.0054483507,
0.504,-0.0218778029,
0.50425,-0.0260651093,
0.5045,0.0142719429,
0.50475,0.0127490591,
0.505,0.0058562933,
0.50525,-0.0048897667,
0.5055,-0.0057651456,
0.50575,-0.0062835654,
0.506,0.0009595846,
0.50625,-0.0351301543,
0.5065,-0.0241377782,
0.50675,-0.0122061642,
0.507,-0.0049878806,
0.50725,-0.0011800333,
0.5075,0.0096507315,
0.50775,0.0186262354,
0.508,0.0209415369,
0.50825,0.0161345005,
0.5085,0.0073107667,
0.50875,0.0042633349,
0.509,0.0198810287,
0.50925,0.0085868966,
0.5095,0.0065807723,
0.50975,0.0089188404,
0.51,-0.0009825731,
0.51025,0.0059972196,
0.5105,0.0106179547,
0.51075,0.0047018826,
0.511,-0.0053159609,
0.51125,-0.0136556365,
0.5115,-0.0038775550,
0.51175,-0.0010449244,
0.512,-0.0104777338,
0.51225,0.0071300990,
0.5125,0.0112324255,
0.51275,0.0131493704,
0.513,0.0171472281,
0.51325,0.0063548279,
0.5135,0.0163419899,
0.51375,0.0109680844,
0.514,-0.0124998195,
0.51425,-0.0563437566,
0.5145,-0.0298869703,
0.51475,-0.0106890369,
0.515,-0.0091104833,
0.51525,-0.0242284425,
0.5155,0.0052716052,
0.51575,-0.0216236599,
0.516,-0.0060554617,
0.51625,0.0141511504,
0.5165,0.0206929650,
0.51675,0.0177388061,
0.517,-0.0218916684,
0.51725,-0.0000159302,
0.5175,0.0090901311,
0.51775,-0.0107529676,
0.518,-0.0166367218,
0.51825,-0.0051364293,
0.5185,0.0079068821,
0.51875,-0.0108407009,
0.519,0.0113246441,
0.51925,0.0002734124,
0.5195,-0.0022644578,
0.51975,0.0041502076,
0.52,-0.0040784609,
0.52025,-0.0051982664,
0.5205,0.0043384805,
0.52075,0.0034627630,
0.521,0.0037315986,
0.52125,0.0106905410,
0.5215,-0.0060306732,
0.52175,-0.0146457823,
0.522,-0.0518265180,
0.52225,-0.0443821996,
0.5225,-0.0340050496,
0.52275,-0.0359328762,
0.523,-0.0070854370,
0.52325,0.0028771209,
0.5235,0.0095512709,
0.52375,-0.0200594589,
0.524,-0.0181795768,
0.52425,-0.0126346769,
0.5245,-0.0064761867,
0.52475,-0.0059832889,
0.525,0.0111465333,
0.52525,-0.0181293637,
0.5255,0.0117623806,
0.52575,0.0017104105,
0.526,-0.0390112326,
0.52625,-0.0588508025,
0.5265,-0.0007457752,
0.52675,-0.0420319065,
0.527,-0.0120510906,
0.52725,0.0017336454,
0.5275,-0.0097245360,
0.52775,-0.0008412793,
0.528,-0.0180528238,
0.52825,-0.0055853091,
0.5285,-0.0604476631,
0.52875,-0.0016137266,
0.529,-0.0308807772,
0.52925,0.0026698972,
0.5295,0.0086296173,
0.52975,0.0108707435,
0.53,0.0043846234,
0.53025,0.0071424320,
0.5305,0.0129869841,
0.53075,0.0075213215,
0.531,-0.0198891219,
0.53125,-0.0203993823,
0.5315,0.0063118404,
0.53175,-0.0140394624,
0.532,-0.0191089846,
0.53225,-0.0138626304,
0.5325,-0.0061269309,
0.53275,-0.0411629304,
0.533,-0.0234931074,
0.53325,-0.0120953470,
0.5335,-0.0163027439,
0.53375,-0.0208440814,
0.534,-0.0211616699,
0.53425,-0.0017481798,
0.5345,-0.0067994185,
0.53475,-0.0114535838,
0.535,-0.0243296959,
0.53525,-0.0045875176,
0.5355,0.0024823195,
0.53575,-0.0027349752,
0.536,-0.0131975776,
0.53625,0.0014925121,
0.5365,0.0089353351,
0.53675,-0.0176261384,
0.537,-0.0120495623,
0.53725,0.0143635785,
0.5375,0.0026089661,
0.53775,-0.0039325194,
0.538,-0.0006284568,
0.53825,0.0087998211,
0.5385,0.0029722357,
0.53875,-0.0086488258,
0.539,-0.0023034636,
0.53925,-0.0031446621,
0.5395,-0.0145535739,
0.53975,-0.0218202807,
0.54,-0.0188024640,
0.54025,-0.0067976494,
0.5405,-0.0116634453,
0.54075,-0.0120048895,
0.541,-0.0225690361,
0.54125,-0.0006221950,
0.5415,-0.0116339335,
0.54175,-0.0210712440,
0.542,-0.0159139279,
0.54225,0.0044269282,
0.5425,-0.0140962945,
0.54275,0.0000320228,
0.543,-0.0221161451,
0.54325,-0.0273358673,
0.5435,-0.0428142436,
0.54375,-0.0485541821,
0.544,-0.0199563522,
0.54425,-0.0059281439,
0.5445,-0.0039876131,
0.54475,0.0063198078,
0.545,-0.0092936950,
0.54525,0.0083881030,
0.5455,0.0002606312,
0.54575,-0.0070490781,
0.546,0.0163479280,
0.54625,0.0119227208,
0.5465,-0.0015276998,
0.54675,-0.0221762694,
0.547,-0.0028554676,
0.54725,-0.0050568483,
0.5475,-0.0029452546,
0.54775,-0.0094213514,
0.548,0.0073004258,
0.54825,0.0168482941,
0.5485,0.0133025162,
0.54875,0.0015940934,
0.549,0.0127824480,
0.54925,0.0119113643,
0.5495,0.0039926707,
0.54975,-0.0003268871,
0.55,0.0097619873,
0.55025,0.0011926162,
0.5505,0.0011769359,
0.55075,-0.0099890046,
0.551,0.0057087233,
0.55125,-0.0044242768,
0.5515,-0.0009369248,
0.55175,0.0009525223,
0.552,0.0020098216,
0.55225,0.0179259870,
0.5525,0.0230684318,
0.55275,0.0081561431,
0.553,0.0319422185,
0.55325,0.0273334086,
0.5535,0.0148079228,
0.55375,0.0124101732,
0.554,0.0248408969,
0.55425,0.0094472021,
0.5545,-0.0041419850,
0.55475,0.0099124005,
0.555,-0.0085851112,
0.55525,-0.0010766818,
0.5555,-0.0124871191,
0.55575,0.0156251993,
0.556,0.0167515855,
0.55625,-0.0009736163,
0.5565,0.0244363397,
0.55675,0.0212670639,
0.557,0.0148695093,
0.55725,0.0278860070,
0.5575,0.0160586201,
0.55775,0.0122448904,
0.558,0.0311402623,
0.55825,0.0277139693,
0.5585,0.0216796715,
0.55875,0.0078258580,
0.559,0.0459891967,
0.55925,0.0185744185,
0.5595,0.0079203751,
0.55975,0.0197073538,
0.56,0.0087823626,
0.56025,0.0135995178,
0.5605,0.0205796044,
0.56075,0.0016577314,
0.561,0.0345600136,
0.56125,0.0042446582,
0.5615,-0.0022599895,
0.56175,0.0104659069,
0.562,0.0139964037,
0.56225,0.0079479367,
0.5625,-0.0201389492,
0.56275,0.0089934207,
0.563,0.0262604207,
0.56325,0.0214743093,
0.5635,0.0081743682,
0.56375,0.0174361914,
0.564,0.0231422223,
0.56425,0.0071788556,
0.5645,0.0149540659,
0.56475,0.0136165833,
0.565,0.0055497847,
0.56525,-0.0089474665,
0.5655,-0.0199008528,
0.56575,0.0056021516,
0.566,0.0200831611,
0.56625,0.0156593286,
0.5665,-0.0061721485,
0.56675,-0.0030432129,
0.567,-0.0006205114,
0.56725,0.0045208535,
0.5675,-0.0234517492,
0.56775,0.0318362527,
0.568,0.0131405294,
0.56825,0.0081171570,
0.5685,0.0155409016,
0.56875,0.0251957849,
0.569,0.0137945097,
0.56925,0.0288079530,
0.5695,-0.0070321867,
0.56975,0.0060403352,
0.57,0.0253158417,
0.57025,0.0277358107,
0.5705,-0.0080682784,
0.57075,0.0008434563,
0.571,0.0146102514,
0.57125,-0.0182833634,
0.5715,0.0047644046,
0.57175,-0.0032479318,
0.572,0.0121329175,
0.57225,-0.0087865107,
0.5725,-0.0038977265,
0.57275,0.0190825090,
0.573,0.0105454875,
0.57325,0.0006503403,
0.5735,0.0075850571,
0.57375,0.0023629405,
0.574,0.0153426873,
0.57425,-0.0007573320,
0.5745,-0.0045602247,
0.57475,-0.0155813880,
0.575,-0.0026817620,
0.57525,0.0018170535,
0.5755,-0.0122778565,
0.57575,0.0058996649,
0.576,0.0005246893,
0.57625,-0.0416860953,
0.5765,-0.0092846574,
0.57675,0.0046220566,
0.577,-0.0289319977,
0.57725,-0.0256905444,
0.5775,0.0188397374,
0.57775,-0.0063542724,
0.578,-0.0013616970,
0.57825,0.0223438106,
0.5785,-0.0017251205,
0.57875,0.0043417788,
0.579,0.0234995764,
0.57925,-0.0064691389,
0.5795,-0.0123336641,
0.57975,0.0204258524,
0.58,-0.0001736027,
0.58025,-0.0181277767,
0.5805,-0.0071560242,
0.58075,0.0290925801,
0.581,-0.0184432063,
0.58125,0.0054609827,
0.5815,-0.0005776564,
0.58175,0.0087148640,
0.582,-0.0231074374,
0.58225,-0.0109364921,
0.5825,-0.0073682535,
0.58275,-0.0085772742,
0.583,-0.0094403978,
0.58325,-0.0107407011,
0.5835,-0.0101545732,
0.58375,0.0034943093,
0.584,-0.0138541600,
0.58425,-0.0259667262,
0.5845,-0.0123028876,
0.58475,0.0202619080,
0.585,-0.0087581519,
0.58525,-0.0179602001,
0.5855,0.0058158832,
0.58575,-0.0010299181,
0.586,-0.0365066379,
0.58625,-0.0175404027,
0.5865,0.0027247667,
0.58675,-0.0151955914,
0.587,-0.0180917606,
0.58725,-0.0393950567,
0.5875,-0.0296653695,
0.58775,-0.0045687738,
0.588,0.0110187698,
0.58825,-0.0302830786,
0.5885,0.0032131402,
0.58875,0.0226543136,
0.589,-0.0045208186,
0.58925,-0.0042259418,
0.5895,0.0259416644,
0.58975,-0.0031937230,
0.59,-0.0288368594,
0.59025,0.0031882217,
0.5905,0.0129905883,
0.59075,-0.0156688262,
0.591,0.0163252484,
0.59125,0.0010343911,
0.5915,-0.0042217779,
0.59175,0.0201560929,
0.592,0.0066311527,
0.59225,-0.0212669540,
0.5925,0.0052721472,
0.59275,0.0003267314,
0.593,-0.0068873190,
0.59325,0.0008546601,
0.5935,0.0094796829,
0.59375,-0.0042972635,
0.594,-0.0043925210,
0.59425,-0.0133059602,
0.5945,-0.0196388513,
0.59475,0.0005369249,
0.595,0.0020274499,
0.59525,0.0041019400,
0.5955,0.0094173253,
0.59575,0.0135079175,
0.596,-0.0057700300,
0.59625,0.0167271700,
0.5965,0.0153506957,
0.59675,0.0204987489,
0.597,-0.0051415083,
0.59725,0.0101707783,
0.5975,0.0247330498,
0.59775,0.0168345701,
0.598,-0.0176559985,
0.59825,-0.0118698729,
0.5985,0.0040975292,
0.59875,-0.0042683990,
0.599,0.0012168776,
0.59925,0.0110314656,
0.5995,0.0070174322,
0.59975,0.0123913269,
0.6,0.0103184711,
0.60025,0.0220997464,
0.6005,0.0147336163,
0.60075,0.0290113483,
0.601,-0.0032915978,
0.60125,0.0184482168,
0.6015,0.0188831873,
0.60175,0.0228590742,
0.602,-0.0005957030,
0.60225,0.0200437456,
0.6025,0.0154816508,
0.60275,0.0020511793,
0.603,-0.0093870955,
0.60325,-0.0020318578,
0.6035,0.0135582695,
0.60375,0.0080809221,
0.604,0.0082677407,
0.60425,0.0155078005,
0.6045,0.0283501633,
0.60475,0.0110746277,
0.605,0.0223509558,
0.60525,0.0194993187,
0.6055,0.0300552137,
0.60575,0.0222626589,
0.606,0.0236798152,
0.60625,0.0193242840,
0.6065,0.0237768721,
0.60675,0.0113917664,
0.607,0.0181109086,
0.60725,0.0255747102,
0.6075,-0.0032669329,
0.60775,0.0140490653,
0.608,0.0059272218,
0.60825,0.0196581706,
0.6085,-0.0063470746,
0.60875,-0.0083282506,
0.609,0.0060266014,
0.60925,0.0061971517,
0.6095,0.0181948803,
0.60975,0.0310757235,
0.61,-0.0016990852,
0.61025,0.0027304091,
0.6105,0.0149490638,
0.61075,0.0165459029,
0.611,0.0018798596,
0.61125,0.0180042908,
0.6115,0.0185392592,
0.61175,0.0006232507,
0.612,0.0102191465,
0.61225,0.0261951648,
0.6125,-0.0157654379,
0.61275,-0.0013490511,
0.613,0.0259126537,
0.61325,0.0199194271,
0.6135,0.0030014382,
0.61375,-0.0000318642,
0.614,-0.0236163642,
0.61425,0.0156747587,
0.6145,-0.0396075286,
0.61475,-0.0139641128,
0.615,-0.0088468976,
0.61525,0.0026946622,
0.6155,-0.0009563713,
0.61575,0.0008576463,
0.616,0.0022151198,
0.61625,0.0031968062,
0.6165,0.0060148207,
0.61675,-0.0053085061,
0.617,-0.0017550613,
0.61725,0.0078686597,
0.6175,0.0054751663,
0.61775,0.0042230436,
0.618,0.0038214321,
0.61825,0.0052276384,
0.6185,0.0043603424,
0.61875,-0.0262219459,
0.619,-0.0178209860,
0.61925,-0.0430686623,
0.6195,0.0045348154,
0.61975,-0.0101205781,
0.62,-0.0294609461,
0.62025,-0.0000316471,
0.6205,-0.0085046794,
0.62075,-0.0127201891,
0.621,-0.0194663219,
0.62125,-0.0125999842,
0.6215,-0.0145347137,
0.62175,-0.0079118563,
0.622,-0.0202887896,
0.62225,-0.0061407425,
0.6225,-0.0131028164,
0.62275,-0.0523751304,
0.623,-0.0172744617,
0.62325,-0.0088081611,
0.6235,0.0029610419,
0.62375,-0.0269799102,
0.624,0.0057957666,
0.62425,0.0046723429,
0.6245,-0.0047237049,
0.62475,-0.0149166193,
0.625,-0.0054878020,
0.62525,-0.0155991828,
0.6255,-0.0395249426,
0.62575,-0.0195854250,
0.626,-0.0112438202,
0.62625,-0.0032917196,
0.6265,-0.0824561566,
0.62675,-0.0221948698,
0.627,-0.0180328097,
0.62725,-0.0116378367,
0.6275,-0.0082132164,
0.62775,-0.0201554988,
0.628,-0.0170215052,
0.62825,0.0094650332,
0.6285,-0.0384090729,
0.62875,0.0073279841,
0.629,-0.0110767167,
0.62925,-0.0027783215,
0.6295,-0.0625312179,
0.62975,-0.0047829170,
0.63,-0.1320112646,
0.63025,-0.1173586845,
0.6305,-0.0039850245,
0.63075,-0.0354194380,
0.631,0.0008454366,
0.63125,-0.0167845786,
0.6315,-0.0034840610,
0.63175,-0.0215192232,
0.632,0.0139916772,
0.63225,0.0017770180,
0.6325,-0.0123675736,
0.63275,-0.0045710141,
0.633,-0.0065488606,
0.63325,-0.0132602602,
0.6335,-0.0175573621,
0.63375,-0.0105042979,
0.634,0.0029112780,
0.63425,0.0022883632,
0.6345,-0.0061776992,
0.63475,0.0025823747,
0.635,0.0104629323,
0.63525,0.0080475593,
0.6355,-0.0018104528,
0.63575,-0.0051592435,
0.636,-0.0079984022,
0.63625,-0.0354045257,
0.6365,-0.0201729294,
0.63675,-0.0132042654,
0.637,-0.0019380793,
0.63725,-0.0044377469,
0.6375,-0.0008338515,
0.63775,-0.0041745473,
0.638,0.0021669464,
0.63825,-0.0092680454,
0.6385,0.0067853164,
0.63875,-0.0002091510,
0.639,0.0163310189,
0.63925,0.0057808305,
0.6395,0.0105404314,
0.63975,0.0051403255,
0.64,0.0122793010,
0.64025,-0.0080051348,
0.6405,-0.0126231462,
0.64075,-0.0106919603,
0.641,-0.0167742409,
0.64125,-0.0354194790,
0.6415,-0.0276468806,
0.64175,-0.0068801399,
0.642,0.0116816526,
0.64225,0.0004819018,
0.6425,-0.0019428228,
0.64275,0.0011459236,
0.643,-0.0025986023,
0.64325,0.0047965101,
0.6435,0.0121253319,
0.64375,0.0032451744,
0.644,0.0322158337,
0.64425,0.0178663880,
0.6445,0.0106265172,
0.64475,0.0216732007,
0.645,0.0149002010,
0.64525,0.0061555323,
0.6455,-0.0044405721,
0.64575,0.0258169360,
0.646,0.0098539088,
0.64625,0.0214980561,
0.6465,0.0094382875,
0.64675,0.0097760987,
0.647,0.0119645512,
0.64725,0.0144931227,
0.6475,-0.0033540025,
0.64775,0.0084066261,
0.648,0.0117296400,
0.64825,0.0147814946,
0.6485,0.0147892861,
0.64875,0.0382297784,
0.649,0.0310935844,
0.64925,0.0133360121,
0.6495,0.0007418927,
0.64975,0.0124128647,
0.65,-0.0042537753,
0.65025,0.0214695521,
0.6505,0.0139280241,
0.65075,0.0201719776,
0.651,-0.0170405712,
0.65125,-0.0496798903,
0.6515,-0.0710763484,
0.65175,-0.0270584188,
0.652,-0.0223500933,
0.65225,-0.0185793824,
0.6525,0.0356365368,
0.65275,0.0076737441,
0.653,0.0210713502,
0.65325,0.0010644798,
0.6535,-0.0040818355,
0.65375,0.0318914279,
0.654,0.0258993395,
0.65425,0.0051122420,
0.6545,-0.0190903563,
0.65475,0.0147181274,
0.655,0.0404277369,
0.65525,-0.0008271319,
0.6555,0.0357797407,
0.65575,0.0263133291,
0.656,0.0419225357,
0.65625,0.0105429776,
0.6565,0.0206412934,
0.65675,0.0063997805,
0.657,0.0243928134,
0.65725,-0.0056628180,
0.6575,0.0055789487,
0.65775,-0.0109899780,
0.658,-0.0053366823,
0.65825,0.0034199320,
0.6585,0.0083179334,
0.65875,0.0162191056,
0.659,0.0180865861,
0.65925,0.0101664932,
0.6595,0.0224694796,
0.65975,0.0218551047,
0.66,0.0283898022,
0.66025,0.0029868940,
0.6605,0.0133596826,
0.66075,0.0108013153,
0.661,-0.0060081566,
0.66125,0.0135594616,
0.6615,0.0100008585,
0.66175,0.0130772330,
0.662,0.0018129600,
0.66225,-0.0061870483,
0.6625,-0.0014298151,
0.66275,-0.0152878938,
0.663,-0.0133854114,
0.66325,-0.0235478580,
0.6635,0.0109311175,
0.66375,0.0120762037,
0.664,0.0230852775,
0.66425,0.0151965264,
0.6645,0.0262393877,
0.66475,0.0189369470,
0.665,0.0039919522,
0.66525,-0.0024722915,
0.6655,0.0123783294,
0.66575,0.0085559506,
0.666,-0.0102434391,
0.66625,0.0029295865,
0.6665,-0.0106828650,
0.66675,0.0122120231,
0.667,-0.0148525219,
0.66725,-0.0244032871,
0.6675,-0.0035674125,
0.66775,-0.0108587332,
0.668,-0.0114041362,
0.66825,-0.0129961949,
0.6685,0.0140275350,
0.66875,-0.0008561437,
0.669,-0.0018163811,
0.66925,-0.0070246216,
0.6695,0.0081791012,
0.66975,-0.0040656766,
0.67,-0.0060547101,
0.67025,-0.0103899939,
0.6705,0.0147166373,
0.67075,0.0080571398,
0.671,0.0102325007,
0.67125,0.0005535177,
0.6715,0.0215361528,
0.67175,-0.0522658974,
0.672,-0.0330415033,
0.67225,-0.0570004396,
0.6725,-0.1000451446,
0.67275,-0.0357268602,
0.673,-0.1864553094,
0.67325,-0.0748035982,
0.6735,-0.0722132549,
0.67375,-0.0304071810,
0.674,-0.0695024133,
0.67425,-0.0481213033,
0.6745,0.0067194505,
0.67475,-0.0109394565,
0.675,-0.0121074691,
0.67525,-0.0140499100,
0.6755,0.0275486112,
0.67575,-0.0168015640,
0.676,-0.0128464643,
0.67625,-0.0014948712,
0.6765,-0.0155199459,
0.67675,-0.0174191501,
0.677,0.0071548107,
0.67725,-0.0140649267,
0.6775,-0.0126107130,
0.67775,0.0066553345,
0.678,-0.0064014019,
0.67825,-0.0268478300,
0.6785,0.0141475182,
0.67875,-0.0115355495,
0.679,-0.0218922924,
0.67925,0.0082800295,
0.6795,0.0133343190,
0.67975,0.0008386599,
0.68,-0.0177239161,
0.68025,0.0042378288,
0.6805,0.0064247590,
0.68075,0.0083386693,
0.681,0.0004153035,
0.68125,-0.0173702259,
0.6815,-0.0072878804,
0.68175,0.0015730718,
0.682,0.0092985164,
0.68225,0.0048217094,
0.6825,-0.0036036721,
0.68275,0.0260924511,
0.683,-0.0155817699,
0.68325,-0.0109082926,
0.6835,0.0091136349,
0.68375,-0.0209035389,
0.684,-0.0240531173,
0.68425,0.0198881980,
0.6845,0.0135473944,
0.68475,-0.0116953170,
0.685,0.0160787478,
0.68525,0.0284875911,
0.6855,0.0016041991,
0.68575,0.0162920207,
0.686,0.0250367541,
0.68625,0.0133459698,
0.6865,-0.0066404073,
0.68675,0.0340660773,
0.687,-0.0136117255,
0.68725,0.0220842101,
0.6875,0.0179802775,
0.68775,0.0247838181,
0.688,-0.0070624892,
0.68825,0.0241865944,
0.6885,0.0294929352,
0.68875,0.0071905376,
0.689,0.0107897557,
0.68925,0.0220283009,
0.6895,0.0180240441,
0.68975,0.0046019321,
0.69,0.0138790645,
0.69025,0.0192664042,
0.6905,0.0247205514,
0.69075,0.0064358274,
0.691,0.0213923231,
0.69125,0.0253030211,
0.6915,0.0093116630,
0.69175,0.0149982665,
0.692,0.0268680416,
0.69225,0.0278749298,
0.6925,0.0191478524,
0.69275,-0.0027060574,
0.693,0.0283105969,
0.69325,0.0303325895,
0.6935,0.0068247132,
0.69375,-0.0250661019,
0.694,0.0205355622,
0.69425,0.0080015194,
0.6945,-0.0088526690,
0.69475,0.0065135867,
0.695,0.0195082482,
0.69525,0.0379872397,
0.6955,0.0419682637,
0.69575,0.0190058202,
0.696,0.0189395808,
0.69625,0.0227957815,
0.6965,0.0067341886,
0.69675,0.0161383227,
0.697,0.0232388452,
0.69725,0.0138586992,
0.6975,0.0017097964,
0.69775,-0.0090814587,
0.698,0.0202363394,
0.69825,0.0141526302,
0.6985,0.0170370415,
0.69875,0.0216948166,
0.699,0.0074715717,
0.69925,0.0267337412,
0.6995,0.0254319031,
0.69975,0.0194266774,
0.7,0.0051255608,
0.70025,0.0345748588,
0.7005,0.0117755756,
0.70075,-0.0051739016,
0.701,0.0161373634,
0.70125,0.0231760368,
0.7015,-0.0099211764,
0.70175,0.0115804421,
0.702,0.0131857442,
0.70225,0.0020665370,
0.7025,0.0071942573,
0.70275,0.0095904358,
0.703,0.0124641173,
0.70325,-0.0059085190,
0.7035,0.0078036957,
0.70375,0.0176930521,
0.704,-0.0005248939,
0.70425,0.0133340973,
0.7045,0.0098474473,
0.70475,-0.0125208637,
0.705,0.0090968255,
0.70525,0.0069260905,
0.7055,-0.0129004363,
0.70575,-0.0147808800,
0.706,0.0100100823,
0.70625,-0.0001662963,
0.7065,-0.0041457084,
0.70675,0.0055623995,
0.707,0.0047837109,
0.70725,0.0072781313,
0.7075,-0.0005383283,
0.70775,0.0115626780,
0.708,0.0094252620,
0.70825,0.0024472643,
0.7085,0.0141847776,
0.70875,-0.0067919986,
0.709,0.0195887983,
0.70925,0.0175705161,
0.7095,0.0017102680,
0.70975,-0.0078461543,
0.71,0.0163522288,
0.71025,0.0079571689,
0.7105,-0.0042235604,
0.71075,-0.0146971624,
0.711,-0.0009516659,
0.71125,-0.0155676519,
0.7115,-0.0226767082,
0.71175,-0.0083873663,
0.712,0.0159836672,
0.71225,-0.0002812316,
0.7125,-0.0034914843,
0.71275,0.0098832240,
0.713,0.0025085448,
0.71325,0.0099480981,
0.7135,-0.0210916996,
0.71375,-0.0193794295,
0.714,0.0025985963,
0.71425,0.0068002543,
0.7145,-0.0332466997,
0.71475,0.0009984843,
0.715,-0.0038902182,
0.71525,-0.0277215261,
0.7155,-0.0210421048,
0.71575,-0.0019169796,
0.716,-0.0012867379,
0.71625,-0.0420855656,
0.7165,-0.0371852480,
0.71675,-0.0128462166,
0.717,-0.0152752586,
0.71725,0.0077307313,
0.7175,-0.0125212083,
0.71775,-0.0191724505,
0.718,0.0090739485,
0.71825,0.0017598573,
0.7185,-0.0161915328,
0.71875,0.0022987772,
0.719,0.0147867305,
0.71925,-0.0018955999,
0.7195,-0.0070902710,
0.71975,0.0061867433,
0.72,0.0156526435,
0.72025,-0.0029874921,
0.7205,-0.0036854409,
0.72075,0.0077498471,
0.721,-0.0125890058,
0.72125,-0.0009986355,
0.7215,-0.0065023489,
0.72175,-0.0260834303,
0.722,0.0033402196,
0.72225,-0.0120272953,
0.7225,-0.0135219609,
0.72275,-0.0007604955,
0.723,0.0145093109,
0.72325,-0.0116310036,
0.7235,-0.0103528993,
0.72375,0.0041254465,
0.724,0.0069559487,
0.72425,-0.0182153881,
0.7245,-0.0098955492,
0.72475,-0.0040627937,
0.725,-0.0020758733,
0.72525,0.0017612763,
0.7255,0.0091093676,
0.72575,0.0038323586,
0.726,-0.0062887371,
0.72625,-0.0015858109,
0.7265,-0.0446613431,
0.72675,-0.0242763348,
0.727,0.0109010227,
0.72725,-0.0101214591,
0.7275,-0.0216327254,
0.72775,-0.0041765948,
0.728,0.0021503982,
0.72825,-0.0127521306,
0.7285,0.0022205848,
0.72875,0.0062024589,
0.729,0.0049141431,
0.72925,0.0090929065,
0.7295,0.0157545451,
0.72975,0.0208618902,
0.73,0.0160265826,
0.73025,-0.0075205816,
0.7305,-0.0158623047,
0.73075,0.0182561390,
0.731,0.0136499479,
0.73125,0.0020041249,
0.7315,-0.0013278383,
0.73175,0.0089401109,
0.732,0.0081848623,
0.73225,-0.0078107719,
0.7325,-0.0136009026,
0.73275,0.0091295158,
0.733,0.0027350707,
0.73325,-0.0071740714,
0.7335,-0.0121085811,
0.73375,0.0176218897,
0.734,-0.0039267680,
0.73425,0.0051632654,
0.7345,-0.0035701776,
0.73475,0.0054645976,
0.735,0.0079447255,
0.73525,-0.0102503430,
0.7355,0.0080610318,
0.73575,-0.0072777383,
0.736,0.0096453615,
0.73625,0.0063980878,
0.7365,0.0066785282,
0.73675,0.0111282375,
0.737,0.0084599787,
0.73725,-0.0066797696,
0.7375,-0.0092599085,
0.73775,0.0177633762,
0.738,-0.0484932996,
0.73825,-0.0377021916,
0.7385,-0.0050628968,
0.73875,-0.0270115547,
0.739,-0.0000716286,
0.73925,-0.0151595250,
0.7395,0.0090391766,
0.73975,0.0155652976,
0.74,-0.0002097321,
0.74025,0.0174897760,
0.7405,0.0123925358,
0.74075,0.0191076118,
0.741,0.0229204223,
0.74125,0.0050260890,
0.7415,0.0151867615,
0.74175,0.0201663636,
0.742,0.0111977486,
0.74225,-0.0145461187,
0.7425,0.0038947293,
0.74275,0.0055142203,
0.743,-0.0060680220,
0.74325,-0.0139463041,
0.7435,-0.0031632895,
0.74375,0.0161692798,
0.744,0.0039375569,
0.74425,-0.0106566157,
0.7445,0.0045389072,
0.74475,0.0265772659,
0.745,0.0077267038,
0.74525,0.0022473901,
0.7455,-0.0001483994,
0.74575,0.0054354509,
0.746,-0.0051022391,
0.74625,-0.0011946751,
0.7465,0.0061395555,
0.74675,0.0188935809,
0.747,-0.0067791431,
0.74725,0.0228032749,
0.7475,0.0119694965,
0.74775,0.0047732741,
0.748,-0.0131069329,
0.74825,-0.0204854999,
0.7485,-0.0125288265,
0.74875,-0.0045621824,
0.749,-0.0394397005,
0.74925,-0.0161644220,
0.7495,-0.0088922288,
0.74975,0.0049572443,
0.75,-0.0139288753,
0.75025,0.0135479365,
0.7505,0.0184693914,
0.75075,0.0046628057,
0.751,-0.0009453908,
0.75125,0.0145526649,
0.7515,0.0206165351,
0.75175,0.0098092901,
0.752,0.0083536208,
0.75225,-0.0141399028,
0.7525,0.0008641689,
0.75275,0.0205080230,
0.753,-0.0045818775,
0.75325,-0.0154915340,
0.7535,0.0216310807,
0.75375,-0.0369136557,
0.754,-0.0125379078,
0.75425,0.0035168552,
0.7545,0.0086403526,
0.75475,-0.0078421384,
0.755,-0.0131991412,
0.75525,-0.0052071894,
0.7555,0.0030110786,
0.75575,0.0147370342,
0.756,-0.0376932658,
0.75625,-0.0332375802,
0.7565,-0.0259207524,
0.75675,-0.0551423654,
0.757,-0.0025533875,
0.75725,-0.0403881483,
0.7575,-0.0607894734,
0.75775,0.0067801354,
0.758,-0.0565242842,
0.75825,-0.0247914121,
0.7585,0.0368132107,
0.75875,-0.0527123325,
0.759,-0.0428618677,
0.75925,-0.0411537252,
0.7595,-0.0039967978,
0.75975,-0.0556887351,
0.76,-0.0278326012,
0.76025,-0.0141119948,
0.7605,-0.0122172888,
0.76075,-0.0325530432,
0.761,0.0070699900,
0.76125,0.0030062231,
0.7615,-0.0105913132,
0.76175,0.0048333420,
0.762,0.0098975711,
0.76225,-0.0163614266,
0.7625,0.0140843261,
0.76275,-0.0088830804,
0.763,-0.0036729940,
0.76325,-0.0019323063,
0.7635,0.0143877976,
0.76375,-0.0009064961,
0.764,-0.0182582848,
0.76425,0.0017204158,
0.7645,0.0045022909,
0.76475,-0.0106350994,
0.765,0.0093024420,
0.76525,0.0126762642,
0.7655,0.0027911542,
0.76575,-0.0031182868,
0.766,-0.0073523056,
0.76625,0.0066371476,
0.7665,0.0318250358,
0.76675,0.0079382984,
0.767,0.0118211266,
0.76725,0.0184470937,
0.7675,0.0168000106,
0.76775,0.0050440691,
0.768,0.0070940070,
0.76825,0.0044889655,
0.7685,-0.0036018067,
0.76875,-0.0089447051,
0.769,0.0052840314,
0.76925,-0.0127369175,
0.7695,0.0046899980,
0.76975,-0.0249045622,
0.77,-0.0257397797,
0.77025,0.0043312060,
0.7705,0.0251406319,
0.77075,0.0066719539,
0.771,0.0019441942,
0.77125,0.0175763778,
0.7715,0.0196326151,
0.77175,0.0053037591,
0.772,0.0262252912,
0.77225,0.0194827169,
0.7725,-0.0067567546,
0.77275,-0.0157035813,
0.773,0.0190025754,
0.77325,0.0085628508,
0.7735,0.0191442743,
0.77375,0.0129980426,
0.774,0.0166529156,
0.77425,0.0254460685,
0.7745,0.0433545783,
0.77475,0.0063807047,
0.775,0.0011650753,
0.77525,0.0320899189,
0.7755,0.0118821030,
0.77575,-0.0039065438,
0.776,0.0181772783,
0.77625,0.0192504395,
0.7765,-0.0050501861,
0.77675,-0.0011841031,
0.777,0.0232237000,
0.77725,0.0084002428,
0.7775,0.0164676663,
0.77775,0.0163449012,
0.778,0.0256985445,
0.77825,0.0273060594,
0.7785,0.0246455073,
0.77875,0.0208216626,
0.779,0.0160337240,
0.77925,0.0139448242,
0.7795,0.0082058320,
0.77975,0.0112712439,
0.78,0.0079986481,
0.78025,0.0071151080,
0.7805,-0.0328565799,
0.78075,-0.0120990612,
0.781,0.0037963893,
0.78125,0.0138264652,
0.7815,0.0071386551,
0.78175,0.0207481906,
0.782,0.0240402222,
0.78225,0.0178806521,
0.7825,0.0092426194,
0.78275,0.0196219347,
0.783,0.0198877268,
0.78325,0.0176025406,
0.7835,0.0028903848,
0.78375,0.0070924759,
0.784,0.0159143321,
0.78425,0.0251973514,
0.7845,-0.0038170437,
0.78475,0.0232212804,
0.785,0.0078434097,
0.78525,0.0110073956,
0.7855,0.0079744160,
0.78575,0.0137230661,
0.786,-0.0038043633,
0.78625,-0.0001030779,
0.7865,-0.0159958340,
0.78675,-0.0021677869,
0.787,0.0227900632,
0.78725,0.0165195130,
0.7875,0.0059601939,
0.78775,0.0061478931,
0.788,0.0083604902,
0.78825,-0.0183692202,
0.7885,-0.0090693692,
0.78875,0.0084264325,
0.789,-0.0028278530,
0.78925,0.0123423906,
0.7895,0.0066122948,
0.78975,0.0033214050,
0.79,-0.0098854816,
0.79025,-0.0046385219,
0.7905,-0.0207631886,
0.79075,0.0060350774,
0.791,0.0017910763,
0.79125,0.0005310783,
0.7915,-0.0274065807,
0.79175,-0.0105031906,
0.792,-0.0045309179,
0.79225,-0.0062963953,
0.7925,0.0027905782,
0.79275,-0.0031676814,
0.793,-0.0013540272,
0.79325,-0.0056956699,
0.7935,-0.0032465728,
0.79375,0.0055582537,
0.794,0.0220630504,
0.79425,0.0023621013,
0.7945,0.0005154273,
0.79475,0.0104219615,
0.795,0.0128276516,
0.79525,0.0071751876,
0.7955,0.0061065853,
0.79575,0.0026641146,
0.796,0.0137556288,
0.79625,0.0039112447,
0.7965,-0.0118145728,
0.79675,-0.0190983042,
0.797,-0.0014090172,
0.79725,0.0004048729,
0.7975,-0.0213101618,
0.79775,0.0052251644,
0.798,-0.0097427610,
0.79825,-0.0164743308,
0.7985,-0.0029217734,
0.79875,-0.0076612365,
0.799,-0.0099681793,
0.79925,0.0093900776,
0.7995,-0.0175990574,
0.79975,-0.0147024915,
0.8,-0.0102886055,
0.80025,0.0027732337,
0.8005,-0.0245950893,
0.80075,0.0011439396,
0.801,0.0154299475,
0.80125,-0.0125069730,
0.8015,-0.0040735640,
0.80175,-0.0020457073,
0.802,-0.0140570579,
0.80225,-0.0186301917,
0.8025,-0.0244014487,
0.80275,-0.0153479967,
0.803,-0.0062691942,
0.80325,-0.0107940305,
0.8035,-0.0038902529,
0.80375,0.0105456403,
0.804,0.0014576683,
0.80425,0.0028493183,
0.8045,-0.0029564414,
0.80475,0.0117219621,
0.805,-0.0096723894,
0.80525,0.0043971292,
0.8055,-0.0022082606,
0.80575,0.0103757624,
0.806,0.0276981629,
0.80625,-0.0073714610,
0.8065,-0.0073782057,
0.80675,0.0288748574,
0.807,-0.0019013849,
0.80725,-0.0055109016,
0.8075,0.0031007985,
0.80775,0.0033677940,
0.808,-0.0056472234,
0.80825,-0.0035829977,
0.8085,0.0089240121,
0.80875,-0.0129851438,
0.809,0.0076960949,
0.80925,-0.0061472137,
0.8095,-0.0153450742,
0.80975,0.0086765410,
0.81,0.0173791368,
0.81025,-0.0108531173,
0.8105,0.0152523480,
0.81075,0.0311946664,
0.811,-0.0031037075,
0.81125,0.0080421092,
0.8115,0.0193312615,
0.81175,-0.0003340530,
0.812,0.0063040527,
0.81225,-0.0013186401,
0.8125,-0.0261751041,
0.81275,-0.0076711280,
0.813,-0.0142950751,
0.81325,-0.0355544165,
0.8135,-0.0082693342,
0.81375,0.0208017379,
0.814,0.0024347128,
0.81425,0.0030645730,
0.8145,0.0303084012,
0.81475,0.0128610525,
0.815,0.0159747694,
0.81525,0.0220752899,
0.8155,0.0190252177,
0.81575,0.0130569143,
0.816,0.0213551242,
0.81625,-0.0107006580,
0.8165,-0.0082689244,
0.81675,0.0245623104,
0.817,-0.0052765706,
0.81725,-0.0016812540,
0.8175,0.0260750409,
0.81775,0.0326248072,
0.818,0.0104097556,
0.81825,0.0212603714,
0.8185,0.0154691804,
0.81875,0.0150837190,
0.819,-0.0144919734,
0.81925,-0.0146587677,
0.8195,-0.0037105593,
0.81975,0.0264321938,
0.82,-0.0191642027,
0.82025,-0.0037324945,
0.8205,0.0199070964,
0.82075,0.0161598399,
0.821,0.0075567123,
0.82125,0.0123198470,
0.8215,0.0139596360,
0.82175,0.0205142703,
0.822,0.0337073468,
0.82225,0.0138770789,
0.8225,0.0235809181,
0.82275,0.0196276493,
0.823,-0.0149060618,
0.82325,-0.0067490032,
0.8235,0.0027151275,
0.82375,-0.0244786665,
0.824,-0.0265361890,
0.82425,-0.0001857921,
0.8245,0.0068168025,
0.82475,0.0106347920,
0.825,0.0144942477,
0.82525,0.0045220484,
0.8255,0.0155435922,
0.82575,0.0317348689,
0.826,0.0122437421,
0.82625,0.0067294007,
0.8265,0.0234591607,
0.82675,0.0018180702,
0.827,-0.0025638032,
0.82725,-0.0133684194,
0.8275,0.0129671171,
0.82775,0.0035470296,
0.828,-0.0014707794,
0.82825,-0.0007255343,
0.8285,0.0180402957,
0.82875,0.0081801433,
0.829,0.0034609376,
0.82925,0.0033849294,
0.8295,0.0014985098,
0.82975,-0.0033318913,
0.83,-0.0091440957,
0.83025,0.0074030748,
0.8305,0.0060582762,
0.83075,-0.0034684800,
0.831,-0.0042262068,
0.83125,0.0022447892,
0.8315,0.0075988565,
0.83175,-0.0015364239,
0.832,0.0004345113,
0.83225,-0.0293340907,
0.8325,0.0086050024,
0.83275,0.0118667092,
0.833,-0.0155705260,
0.83325,-0.0182943605,
0.8335,-0.0054005468,
0.83375,-0.0494956449,
0.834,-0.0515439399,
0.83425,-0.0125080701,
0.8345,-0.0075252522,
0.83475,-0.0099516837,
0.835,-0.0136372093,
0.83525,-0.0277302228,
0.8355,0.0010451444,
0.83575,0.0107348226,
0.836,-0.0311599858,
0.83625,0.0110659320,
0.8365,0.0080408473,
0.83675,-0.0028018099,
0.837,-0.0166526772,
0.83725,0.0209321547,
0.8375,-0.0074407449,
0.83775,-0.0116656795,
0.838,-0.0287583470,
0.83825,-0.0058442564,
0.8385,0.0011268231,
0.83875,-0.0083290944,
0.839,-0.0213398375,
0.83925,-0.0101790754,
0.8395,0.0037306012,
0.83975,-0.0098106507,
0.84,-0.0105924951,
0.84025,-0.0261293706,
0.8405,-0.0097973924,
0.84075,-0.0086046038,
0.841,-0.0316072144,
0.84125,-0.0050147464,
0.8415,-0.0012007485,
0.84175,-0.0066994452,
0.842,-0.0210162047,
0.84225,-0.0063146581,
0.8425,-0.0123760160,
0.84275,-0.0174498558,
0.843,-0.0251969509,
0.84325,-0.0235832930,
0.8435,-0.0188476704,
0.84375,-0.0189739279,
0.844,-0.0304262526,
0.84425,-0.0088696349,
0.8445,-0.0163688008,
0.84475,-0.0432777926,
0.845,-0.0356835909,
0.84525,-0.0137377242,
0.8455,-0.0077033159,
0.84575,-0.0154508874,
0.846,-0.0154855372,
0.84625,0.0159345903,
0.8465,0.0035016004,
0.84675,-0.0146349417,
0.847,-0.0155132925,
0.84725,-0.0005371977,
0.8475,-0.0059023425,
0.84775,0.0005987206,
0.848,-0.0076377783,
0.84825,-0.0177049246,
0.8485,0.0040788809,
0.84875,-0.0028800401,
0.849,-0.0175133497,
0.84925,0.0159075931,
0.8495,0.0150126517,
0.84975,0.0128909405,
0.85,-0.0269880705,
0.85025,0.0254637301,
0.8505,-0.0053279670,
0.85075,-0.0034319262,
0.851,-0.0557418503,
0.85125,-0.2209710777,
0.8515,-0.0466665849,
0.85175,-0.0196050089,
0.852,-0.0081370790,
0.85225,-0.0263786390,
0.8525,-0.0093196062,
0.85275,0.0046050856,
0.853,-0.0177958142,
0.85325,0.0080653112,
0.8535,0.0033436832,
0.85375,-0.0086043626,
0.854,0.0126217129,
0.85425,0.0190672427,
0.8545,-0.0095456243,
0.85475,-0.0177793577,
0.855,0.0160859786,
0.85525,0.0022210667,
0.8555,-0.0076776678,
0.85575,-0.0041318755,
0.856,0.0048905993,
0.85625,-0.0198274739,
0.8565,-0.0387076326,
0.85675,-0.0290754903,
0.857,0.0155616598,
0.85725,0.0003958645,
0.8575,0.0116159571,
0.85775,0.0117153134,
0.858,0.0331599042,
0.85825,0.0175052118,
0.8585,0.0173080936,
0.85875,0.0060633803,
0.859,0.0211861506,
0.85925,0.0079801604,
0.8595,-0.0056776386,
0.85975,-0.0109501593,
0.86,0.0193572063,
0.86025,0.0226811133,
0.8605,0.0280604511,
0.86075,-0.0176891517,
0.861,0.0089785513,
0.86125,0.0123345992,
0.8615,-0.0202128962,
0.86175,-0.0172587484,
0.862,-0.0203783847,
0.86225,-0.0119396914,
0.8625,0.0175640322,
0.86275,0.0421348810,
0.863,-0.0033719274,
0.86325,0.0140274987,
0.8635,0.0388275348,
0.86375,0.0040212930,
0.864,0.0150338318,
0.86425,0.0132762212,
0.8645,0.0071865651,
0.86475,-0.0261672325,
0.865,0.0038862559,
0.86525,0.0325434953,
0.8655,0.0119275227,
0.86575,0.0216263235,
0.866,0.0314921960,
0.86625,-0.0117789591,
0.8665,-0.0342853032,
0.86675,-0.0290956013,
0.867,0.0087793916,
0.86725,-0.0000860354,
0.8675,-0.0065602418,
0.86775,0.0369502306,
0.868,0.0312495343,
0.86825,0.0198889896,
0.8685,0.0189239159,
0.86875,0.0165474173,
0.869,0.0297008101,
0.86925,0.0339679718,
0.8695,0.0047106370,
0.86975,0.0125981783,
0.87,0.0260149539,
0.87025,0.0298591703,
0.8705,-0.0142274927,
0.87075,0.0236314423,
0.871,0.0175159853,
0.87125,0.0303115901,
0.8715,0.0165397860,
0.87175,0.0173901059,
0.872,0.0247411840,
0.87225,0.0329587013,
0.8725,0.0165336654,
0.87275,0.0157275982,
0.873,0.0268447585,
0.87325,0.0261147395,
0.8735,0.0051049232,
0.87375,0.0178251769,
0.874,0.0203134213,
0.87425,0.0102175819,
0.8745,0.0211557522,
0.87475,0.0176264867,
0.875,0.0173935015,
0.87525,0.0039392612,
0.8755,0.0089910645,
0.87575,0.0239464175,
0.876,0.0100811096,
0.87625,0.0135819595,
0.8765,0.0105005745,
0.87675,0.0132541070,
0.877,0.0053937403,
0.87725,-0.0103660598,
0.8775,-0.0193842389,
0.87775,-0.0187529325,
0.878,-0.0058564222,
0.87825,-0.0128389876,
0.8785,0.0047070477,
0.87875,0.0118720438,
0.879,-0.0136970580,
0.87925,0.0135075301,
0.8795,-0.0047036121,
0.87975,0.0005018717,
0.88,0.0135266678,
0.88025,0.0138878468,
0.8805,-0.0072392682,
0.88075,0.0071634939,
0.881,0.0153980982,
0.88125,-0.0168228727,
0.8815,-0.0238885451,
0.88175,0.0098150400,
0.882,0.0030536656,
0.88225,-0.0071829534,
0.8825,-0.0134809827,
0.88275,0.0079687703,
0.883,-0.0233092606,
0.88325,-0.0205562916,
0.8835,-0.0316117741,
0.88375,-0.0444181338,
0.884,-0.0173451714,
0.88425,-0.0536506772,
0.8845,0.0311637521,
0.88475,-0.0333537981,
0.885,-0.0254305229,
0.88525,0.0009565827,
0.8855,-0.0425636694,
0.88575,-0.0571035556,
0.886,-0.0538342595,
0.88625,0.0060007931,
0.8865,-0.0314407721,
0.88675,0.0056928676,
0.887,-0.0101482673,
0.88725,-0.0057124305,
0.8875,-0.0215658993,
0.88775,-0.0582995042,
0.888,-0.0502453521,
0.88825,-0.0493609942,
0.8885,-0.0020526219,
0.88875,-0.0042752153,
0.889,-0.0267844107,
0.88925,-0.0357995667,
0.8895,-0.0005350733,
0.88975,0.0013773274,
0.89,-0.0069138897,
0.89025,-0.0143271359,
0.8905,0.0075222459,
0.89075,-0.0099799633,
0.891,-0.0058634118,
0.89125,-0.0159997623,
0.8915,0.0077774897,
0.89175,0.0094272122,
0.892,0.0092789726,
0.89225,-0.0042673950,
0.8925,0.0091852546,
0.89275,0.0009748462,
0.893,0.0165618155,
0.89325,-0.0106508089,
0.8935,0.0021165265,
0.89375,-0.0048185987,
0.894,-0.0207735393,
0.89425,-0.0677005202,
0.8945,-0.0350263864,
0.89475,-0.0104485452,
0.895,-0.0123569425,
0.89525,-0.0077328319,
0.8955,0.0043793740,
0.89575,0.0033662417,
0.896,-0.0071074218,
0.89625,-0.0277905632,
0.8965,-0.0294812694,
0.89675,0.0023424085,
0.897,-0.0359383263,
0.89725,0.0041116932,
0.8975,0.0152499592,
0.89775,0.0088123465,
0.898,0.0018685744,
0.89825,0.0195838157,
0.8985,0.0057292352,
0.89875,0.0077698668,
0.899,0.0079486463,
0.89925,-0.0170375090,
0.8995,0.0050255815,
0.89975,0.0089231394,
0.9,-0.0301983058,
0.90025,0.0079538990,
0.9005,0.0187678803,
0.90075,0.0123736551,
0.901,-0.0143700968,
0.90125,0.0352227427,
0.9015,0.0220349059,
0.90175,0.0166707132,
0.902,-0.0140888877,
0.90225,0.0075264117,
0.9025,0.0186005887,
0.90275,0.0341560245,
0.903,0.0108921845,
0.90325,0.0052247997,
0.9035,-0.0003781338,
0.90375,0.0264210254,
0.904,0.0003759813,
0.90425,-0.0069477698,
0.9045,0.0229802709,
0.90475,0.0029290020,
0.905,0.0135968886,
0.90525,0.0048388327,
0.9055,0.0238350444,
0.90575,0.0258397758,
0.906,0.0137730213,
0.90625,0.0321953222,
0.9065,0.0386806503,
0.90675,0.0201194845,
0.907,0.0339135379,
0.90725,0.0264389794,
0.9075,0.0050026597,
0.90775,0.0099749314,
0.908,0.0190960206,
0.90825,-0.0049179429,
0.9085,0.0216184705,
0.90875,0.0215373468,
0.909,0.0247987453,
0.90925,-0.0003069661,
0.9095,0.0014033751,
0.90975,0.0201329812,
0.91,0.0017052346,
0.91025,0.0066883443,
0.9105,0.0138799548,
0.91075,0.0056074550,
0.911,-0.0008379847,
0.91125,0.0227262676,
0.9115,0.0234856680,
0.91175,0.0200631544,
0.912,0.0190946441,
0.91225,0.0157727487,
0.9125,-0.0041476912,
0.91275,0.0113081187,
0.913,0.0245813914,
0.91325,0.0182697773,
0.9135,0.0180701222,
0.91375,0.0263148565,
0.914,0.0262491982,
0.91425,-0.0247167721,
0.9145,0.0274432618,
0.91475,0.0265714321,
0.915,-0.0119106052,
0.91525,0.0279908348,
0.9155,0.0320163816,
0.91575,-0.0024582737,
0.916,0.0059833275,
0.91625,0.0198337175,
0.9165,-0.0030866216,
0.91675,0.0052143172,
0.917,0.0332575701,
0.91725,0.0074858190,
0.9175,0.0244033448,
0.91775,0.0280812662,
0.918,-0.0046907589,
0.91825,0.0041384189,
0.9185,-0.0021809833,
0.91875,-0.0125317760,
0.919,0.0011206118,
0.91925,0.0115473941,
0.9195,-0.0005893726,
0.91975,-0.0016828194,
0.92,0.0116873356,
0.92025,-0.0056650452,
0.9205,0.0148968762,
0.92075,-0.0183614511,
0.921,-0.0383832268,
0.92125,-0.0104029253,
0.9215,0.0150404861,
0.92175,0.0061874110,
0.922,-0.0063224412,
0.92225,0.0027623421,
0.9225,0.0020249696,
0.92275,-0.0178651400,
0.923,-0.0042491830,
0.92325,0.0035159495,
0.9235,-0.0056920778,
0.92375,-0.0104050571,
0.924,0.0050456123,
0.92425,0.0037034019,
0.9245,-0.0085315630,
0.92475,-0.0226896089,
0.925,-0.0132702440,
0.92525,-0.0102523193,
0.9255,-0.0129033728,
0.92575,0.0022019793,
0.926,-0.0150410626,
0.92625,-0.0153041221,
0.9265,0.0008157606,
0.92675,-0.0246465281,
0.927,-0.0284182876,
0.92725,-0.0142088300,
0.9275,-0.0071056178,
0.92775,-0.0207438339,
0.928,-0.0193550233,
0.92825,0.0033537438,
0.9285,-0.0105095897,
0.92875,-0.0244270675,
0.929,-0.0103113698,
0.92925,-0.0280963462,
0.9295,-0.0239330903,
0.92975,-0.0080459444,
0.93,-0.0180348866,
0.93025,-0.0117886495,
0.9305,-0.0087145790,
0.93075,-0.0295330677,
0.931,-0.0141438302,
0.93125,-0.0090249293,
0.9315,-0.0394453071,
0.93175,-0.0498176143,
0.932,-0.0106249144,
0.93225,0.0029606032,
0.9325,-0.0204698835,
0.93275,-0.0231768955,
0.933,-0.0173523184,
0.93325,-0.0130462106,
0.9335,-0.0141587937,
0.93375,-0.0071549178,
0.934,-0.0041820002,
0.93425,-0.0093673691,
0.9345,-0.0037032764,
0.93475,0.0002334248,
0.935,-0.0011025136,
0.93525,0.0025279783,
0.9355,-0.0126187280,
0.93575,-0.0004428360,
0.936,-0.0285424739,
0.93625,0.0152644478,
0.9365,-0.0157951117,
0.93675,-0.0240581576,
0.937,-0.0143240867,
0.93725,0.0069116224,
0.9375,-0.0193835963,
0.93775,-0.0183073785,
0.938,0.0059803533,
0.93825,-0.0035892245,
0.9385,-0.0082540158,
0.93875,-0.0098524112,
0.939,-0.0047388091,
0.93925,-0.0075801024,
0.9395,-0.0189117268,
0.93975,-0.0260699522,
0.94,-0.0141619062,
0.94025,-0.0060141231,
0.9405,0.0018479659,
0.94075,-0.0127270967,
0.941,0.0174390674,
0.94125,0.0115200030,
0.9415,-0.0170574114,
0.94175,-0.0149682593,
0.942,0.0058302912,
0.94225,0.0008100001,
0.9425,-0.0188509468,
0.94275,-0.0127256438,
0.943,-0.0013141723,
0.94325,0.0049249320,
0.9435,-0.0029783428,
0.94375,-0.0020641207,
0.944,-0.0007877967,
0.94425,0.0168272406,
0.9445,0.0088755107,
0.94475,-0.0099539496,
0.945,0.0293029286,
0.94525,0.0104028462,
0.9455,-0.0000892041,
0.94575,-0.0154784592,
0.946,0.0255724750,
0.94625,0.0208987016,
0.9465,-0.0068702404,
0.94675,-0.0071288757,
0.947,0.0204085670,
0.94725,0.0096547296,
0.9475,-0.0017946739,
0.94775,0.0030105209,
0.948,0.0008213692,
0.94825,0.0009183496,
0.9485,-0.0086641712,
0.94875,0.0148456153,
0.949,0.0040405123,
0.94925,0.0243655387,
0.9495,0.0174805541,
0.94975,-0.0021930810,
0.95,0.0181865133,
0.95025,0.0316873975,
0.9505,-0.0060995854,
0.95075,0.0289123692,
0.951,0.0291463509,
0.95125,0.0197940208,
0.9515,0.0100386739,
0.95175,0.0200809184,
0.952,0.0154261068,
0.95225,-0.0078484425,
0.9525,-0.0151301362,
0.95275,0.0051544514,
0.953,-0.0006845945,
0.95325,-0.0001119388,
0.9535,-0.0109114954,
0.95375,0.0102083189,
0.954,0.0189508945,
0.95425,0.0264913794,
0.9545,0.0074859238,
0.95475,0.0293962508,
0.955,0.0261825696,
0.95525,0.0193150323,
0.9555,0.0178045556,
0.95575,0.0369720943,
0.956,0.0152739193,
0.95625,0.0113032004,
0.9565,0.0168681312,
0.95675,0.0175662469,
0.957,0.0045028133,
0.95725,-0.0051645539,
0.9575,-0.0015651369,
0.95775,0.0103349527,
0.958,0.0316294059,
0.95825,-0.0062124687,
0.9585,0.0202393625,
0.95875,0.0130474931,
0.959,0.0032016514,
0.95925,0.0273409784,
0.9595,0.0203423183,
0.95975,0.0183630195,
0.96,0.0250802096,
0.96025,0.0068452400,
0.9605,0.0031212335,
0.96075,0.0162377134,
0.961,0.0211402550,
0.96125,-0.0016105728,
0.9615,0.0003834422,
0.96175,0.0132392552,
0.962,0.0182593819,
0.96225,0.0227504876,
0.9625,0.0321992151,
0.96275,0.0279238485,
0.963,0.0201602075,
0.96325,-0.0250926409,
0.9635,-0.0176301170,
0.96375,-0.0022212982,
0.964,0.0086541418,
0.96425,-0.0145814866,
0.9645,0.0166540891,
0.96475,0.0096981339,
0.965,0.0099272979,
0.96525,0.0048903148,
0.9655,0.0128371557,
0.96575,0.0082953190,
0.966,0.0304056797,
0.96625,0.0014460792,
0.9665,0.0197979622,
0.96675,0.0058756485,
0.967,0.0285251979,
0.96725,-0.0729512870,
0.9675,-0.0899766013,
0.96775,-0.0240052454,
0.968,0.0144202728,
0.96825,-0.0164750554,
0.9685,-0.0680118576,
0.96875,0.0036431281,
0.969,-0.0563406274,
0.96925,-0.0127813518,
0.9695,-0.0430428088,
0.96975,-0.0086238347,
0.97,-0.0258582644,
0.97025,-0.0206214916,
0.9705,0.0099254688,
0.97075,0.0081322975,
0.971,-0.0077783451,
0.97125,-0.0479381867,
0.9715,-0.0144067639,
0.97175,0.0123957442,
0.972,-0.0032521426,
0.97225,-0.0034857483,
0.9725,0.0120608117,
0.97275,0.0199893881,
0.973,0.0074698990,
0.97325,0.0058596488,
0.9735,0.0048947493,
0.97375,-0.0057535060,
0.974,-0.0512394384,
0.97425,-0.0334013961,
0.9745,-0.0060857316,
0.97475,-0.0184412431,
0.975,-0.0265826676,
0.97525,-0.0368502773,
0.9755,-0.0144044580,
0.97575,-0.0104382653,
0.976,-0.0057640676,
0.97625,-0.0064592133,
0.9765,0.0017923444,
0.97675,-0.0011795979,
0.977,-0.0096223634,
0.97725,-0.0306001008,
0.9775,-0.0113624334,
0.97775,-0.0124310106,
0.978,-0.0067492928,
0.97825,-0.0022854418,
0.9785,0.0215561781,
0.97875,-0.0011096847,
0.979,0.0270844549,
0.97925,-0.0007138704,
0.9795,0.0029966605,
0.97975,0.0012912019,
0.98,-0.0090315938,
0.98025,-0.0364785045,
0.9805,-0.0039823595,
0.98075,0.0051998417,
0.981,-0.0113362735,
0.98125,-0.0160175841,
0.9815,0.0164512154,
0.98175,-0.0109561300,
0.982,-0.0010083104,
0.98225,-0.0116005708,
0.9825,-0.0063087423,
0.98275,0.0025169514,
0.983,-0.0098088803,
0.98325,0.0071314005,
0.9835,-0.0126996832,
0.98375,-0.0141110457,
0.984,-0.0042466503,
0.98425,-0.0096411109,
0.9845,-0.0018549182,
0.98475,-0.0186624117,
0.985,-0.0386376977,
0.98525,-0.0143195670,
0.9855,-0.0040644119,
0.98575,0.0005431646,
0.986,-0.0021550320,
0.98625,0.0096379705,
0.9865,0.0221694410,
0.98675,0.0127624776,
0.987,-0.0012848329,
0.98725,0.0148572624,
0.9875,0.0170907900,
0.98775,0.0247520693,
0.988,-0.0317036025,
0.98825,0.0194534622,
0.9885,0.0056405338,
0.98875,-0.0844408944,
0.989,-0.0048057260,
0.98925,-0.0063076569,
0.9895,-0.0687420070,
0.98975,-0.0254897568,
0.99,0.0070257164,
0.99025,0.0137113389,
0.9905,-0.0023438607,
0.99075,0.0099131428,
0.991,0.0017638600,
0.99125,-0.0009575882,
0.9915,0.0319382064,
0.99175,-0.0196155086,
0.992,-0.0276504662,
0.99225,0.0267357212,
0.9925,0.0155276954,
0.99275,-0.0147737060,
0.993,-0.0147816306,
0.99325,0.0172066633,
0.9935,0.0228118934,
0.99375,0.0102114808,
0.994,0.0138039608,
0.99425,0.0259704553,
0.9945,0.0102253351,
0.99475,-0.0086908340,
0.995,0.0163199827,
0.99525,0.0285262167,
0.9955,0.0022350946,
0.99575,-0.0063290126,
0.996,-0.0139945047,
0.99625,0.0038746330,
0.9965,0.0126319230,
0.99675,0.0209330134,
0.997,-0.0157069825,
0.99725,0.0098121082,
0.9975,0.0270568840,
0.99775,0.0115866298,
0.998,0.0238472745,
0.99825,0.0085208109,
0.9985,0.0380614102,
0.99875,0.0143954810,
0.999,0.0196748134,
0.99925,0.0370738693,
0.9995,0.0365983061,
0.99975,0.0134474495,
1,0.0162264816,
1.00025,0.0246736947,
1.0005,0.0252182409,
1.00075,0.0035063785,
1.001,0.0117099574,
1.00125,0.0059968829,
1.0015,0.0115058180,
1.00175,-0.0105835767,
1.002,-0.0406634994,
1.00225,0.0295529142,
1.0025,0.0076988321,
1.00275,0.0148385586,
1.003,0.0057928609,
1.00325,0.0193953812,
1.0035,0.0170355104,
1.00375,0.0066801859,
1.004,0.0027615216,
1.00425,0.0360972956,
1.0045,-0.0183306672,
1.00475,-0.0147480564,
1.005,0.0115019837,
1.00525,0.0070621762,
1.0055,0.0042234501,
1.00575,-0.0089491559,
1.006,-0.0124721741,
1.00625,0.0311787874,
1.0065,-0.0064373072,
1.00675,0.0046581351,
1.007,-0.0241886862,
1.00725,0.0032816411,
1.0075,0.0018259335,
1.00775,0.0090386569,
1.008,-0.0059885876,
1.00825,0.0170583539,
1.0085,-0.0030165354,
1.00875,-0.0019514088,
1.009,-0.0010732721,
1.00925,0.0106263496,
1.0095,-0.0316520147,
1.00975,-0.0085220179,
1.01,-0.0831240416,
1.01025,-0.0185109898,
1.0105,-0.0062243761,
1.01075,-0.0066876877,
1.011,0.0064315316,
1.01125,0.0017476839,
1.0115,0.0041565909,
1.01175,-0.0024597766,
1.012,0.0058163423,
1.01225,0.0027458994,
1.0125,-0.0218357500,
1.01275,-0.0378747284,
1.013,-0.0178454183,
1.01325,-0.0059321406,
1.0135,0.0070715486,
1.01375,-0.0281294528,
1.014,-0.0139219258,
1.01425,-0.0489455462,
1.0145,0.0071935821,
1.01475,-0.0121546434,
1.015,0.0065205665,
1.01525,-0.0027701922,
1.0155,-0.0099218683,
1.01575,-0.0065590260,
1.016,0.0015754484,
1.01625,0.0044549997,
1.0165,-0.0077083283,
1.01675,-0.0004104239,
1.017,-0.0077265589,
1.01725,-0.0089144334,
1.0175,-0.0171570145,
1.01775,-0.0264576543,
1.018,-0.0320221186,
1.01825,-0.0169297736,
1.0185,-0.0067448015,
1.01875,-0.0108097736,
1.019,-0.0064123445,
1.01925,0.0046265083,
1.0195,0.0080980565,
1.01975,-0.0023524957,
1.02,0.0089944769,
1.02025,0.0060233776,
1.0205,-0.0392594412,
1.02075,-0.0081568602,
1.021,0.0049768011,
1.02125,0.0031541099,
1.0215,-0.0186138749,
1.02175,-0.0087354388,
1.022,-0.0037366385,
1.02225,-0.0082333693,
1.0225,0.0003503431,
1.02275,-0.0178250745,
1.023,-0.0016986876,
1.02325,-0.0083818696,
1.0235,-0.0032645389,
1.02375,-0.0342376791,
1.024,0.0252862647,
1.02425,0.0020378698,
1.0245,-0.0115412138,
1.02475,-0.0110489884,
1.025,0.0103166942,
1.02525,-0.0036287822,
1.0255,0.0010763715,
1.02575,-0.0125506260,
1.026,-0.0105728600,
1.02625,-0.0118359551,
1.0265,-0.0039393306,
1.02675,-0.0089396760,
1.027,0.0095846532,
1.02725,0.0116250711,
1.0275,-0.0035272317,
1.02775,-0.0033201047,
1.028,0.0228383616,
1.02825,-0.0296375938,
1.0285,-0.0289633237,
1.02875,-0.0219381154,
1.029,-0.0102699595,
1.02925,-0.0095788967,
1.0295,0.0028687632,
1.02975,0.0058990880,
1.03,0.0070719142,
1.03025,-0.0088197663,
1.0305,0.0163005777,
1.03075,-0.0202792175,
1.031,0.0131871067,
1.03125,0.0085030776,
1.0315,-0.0027885439,
1.03175,0.0014305220,
1.032,0.0283058379,
1.03225,0.0085477997,
1.0325,-0.0191308334,
1.03275,0.0006890515,
1.033,0.0204529446,
1.03325,-0.0044452134,
1.0335,-0.0021812636,
1.03375,0.0169593114,
1.034,-0.0065223044,
1.03425,0.0077797426,
1.0345,0.0025130438,
1.03475,0.0083986586,
1.035,0.0030166118,
1.03525,0.0089062192,
1.0355,0.0070678904,
1.03575,0.0072534839,
1.036,0.0163813084,
1.03625,0.0162138157,
1.0365,-0.0112622371,
1.03675,0.0142556597,
1.037,0.0058204224,
1.03725,0.0072183441,
1.0375,0.0073220953,
1.03775,0.0206357203,
1.038,0.0048981579,
1.03825,-0.0139298989,
1.0385,-0.0109306183,
1.03875,0.0016470694,
1.039,-0.0071975915,
1.03925,-0.0092417970,
1.0395,-0.0034021419,
1.03975,0.0048712404,
1.04,0.0111498488,
1.04025,0.0187815987,
1.0405,-0.0041109212,
1.04075,-0.0026271837,
1.041,0.0239853915,
1.04125,0.0032721302,
1.0415,0.0034982478,
1.04175,0.0202916041,
1.042,-0.0018340715,
1.04225,0.0063061770,
1.0425,0.0258714519,
1.04275,0.0224758312,
1.043,0.0159345008,
1.04325,0.0388197377,
1.0435,0.0259434767,
1.04375,0.0111230891,
1.044,0.0371042341,
1.04425,0.0066497261,
1.0445,-0.0165534150,
1.04475,-0.0100991391,
1.045,-0.0046784985,
1.04525,-0.0058927536,
1.0455,0.0013241825,
1.04575,-0.0036345983,
1.046,-0.0036584442,
1.04625,0.0245751143,
1.0465,0.0157966074,
1.04675,-0.0000669937,
1.047,0.0199466199,
1.04725,-0.0022657209,
1.0475,0.0114245452,
1.04775,0.0048552351,
1.048,0.0038119368,
1.04825,0.0164747071,
1.0485,0.0084775491,
1.04875,-0.0020695643,
1.049,-0.0113264946,
1.04925,-0.0142018395,
1.0495,-0.0131915715,
1.04975,-0.0080867009,
1.05,-0.0093838880,
1.05025,-0.0231256913,
1.0505,0.0062882742,
1.05075,0.0222320706,
1.051,-0.0123696113,
1.05125,-0.0101167234,
1.0515,0.0215926375,
1.05175,0.0060950988,
1.052,-0.0047928337,
1.05225,0.0146791190,
1.0525,-0.0015700328,
1.05275,0.0097019458,
1.053,0.0020378151,
1.05325,0.0152867418,
1.0535,0.0021069914,
1.05375,0.0175560508,
1.054,0.0108974511,
1.05425,0.0068061678,
1.0545,0.0008334577,
1.05475,0.0266946573,
1.055,-0.0208386332,
1.05525,-0.0116397459,
1.0555,-0.0081345756,
1.05575,-0.0124800308,
1.056,-0.0327728689,
1.05625,-0.0219423659,
1.0565,0.0031748111,
1.05675,0.0043794718,
1.057,0.0080265207,
1.05725,-0.0046589635,
1.0575,0.0004747950,
1.05775,0.0033563979,
1.058,-0.0044754804,
1.05825,-0.0104841394,
1.0585,0.0119588636,
1.05875,0.0044695041,
1.059,0.0151834674,
1.05925,-0.0061400104,
1.0595,0.0096050659,
1.05975,-0.0222117491,
1.06,-0.0309294909,
1.06025,-0.0170172639,
1.0605,-0.0007186283,
1.06075,-0.0179240443,
1.061,-0.0150309075,
1.06125,-0.0017773982,
1.0615,0.0113740396,
1.06175,-0.0028021655,
1.062,0.0125229973,
1.06225,0.0119445091,
1.0625,0.0153179113,
1.06275,0.0084301224,
1.063,0.0003496297,
1.06325,-0.0077203317,
1.0635,0.0188298617,
1.06375,0.0077295909,
1.064,-0.0116343377,
1.06425,0.0027432358,
1.0645,0.0233704690,
1.06475,-0.0051481668,
1.065,0.0117749106,
1.06525,0.0028840627,
1.0655,0.0047649816,
1.06575,0.0074359584,
1.066,0.0032237549,
1.06625,-0.0065697269,
1.0665,0.0114699136,
1.06675,0.0117427651,
1.067,-0.0127013018,
1.06725,0.0110024419,
1.0675,0.0171040222,
1.06775,0.0028419220,
1.068,0.0068574562,
1.06825,0.0080603827,
1.0685,0.0038150081,
1.06875,0.0051488513,
1.069,-0.0098533602,
1.06925,0.0104007693,
1.0695,0.0098930681,
1.06975,0.0022853368,
1.07,0.0189220607,
1.07025,0.0088327704,
1.0705,0.0122614624,
1.07075,-0.0131848073,
1.071,-0.0060056918,
1.07125,0.0103688408,
1.0715,0.0206624158,
1.07175,-0.0011555107,
1.072,-0.0007765522,
1.07225,0.0212666057,
1.0725,0.0035278474,
1.07275,-0.0170424562,
1.073,0.0059417095,
1.07325,0.0049803266,
1.0735,0.0129883848,
1.07375,0.0201909393,
1.074,0.0016281358,
1.07425,0.0191909280,
1.0745,0.0265716724,
1.07475,0.0228027795,
1.075,-0.0060618487,
1.07525,0.0279145874,
1.0755,0.0385009944,
1.07575,0.0002598801,
1.076,0.0078486595,
1.07625,0.0185208004,
1.0765,0.0112296827,
1.07675,-0.0045628888,
1.077,0.0087193884,
1.07725,0.0030096415,
1.0775,0.0115420939,
1.07775,-0.0151501056,
1.078,-0.0077189943,
1.07825,0.0128985103,
1.0785,0.0279891528,
1.07875,0.0099264169,
1.079,0.0161628034,
1.07925,0.0281122699,
1.0795,0.0291849636,
1.07975,0.0161282923,
1.08,0.0066477507,
1.08025,0.0194040071,
1.0805,0.0287047364,
1.08075,-0.0049672485,
1.081,0.0042117350,
1.08125,0.0061088027,
1.0815,-0.0090303821,
1.08175,-0.0542352721,
1.082,-0.0055610547,
1.08225,0.0139679816,
1.0825,0.0143189346,
1.08275,0.0201710425,
1.083,0.0187824145,
1.08325,0.0107099358,
1.0835,0.0243751686,
1.08375,0.0102611184,
1.084,0.0225452874,
1.08425,0.0165118426,
1.0845,0.0316828862,
1.08475,0.0058592674,
1.085,0.0106636528,
1.08525,0.0250467286,
1.0855,0.0258563850,
1.08575,0.0047871210,
1.086,0.0145074911,
1.08625,0.0277330317,
1.0865,0.0175311249,
1.08675,0.0021018307,
1.087,-0.0109026004,
1.08725,0.0032170143,
1.0875,0.0216877069,
1.08775,-0.0195630901,
1.088,-0.0075624846,
1.08825,0.0057333205,
1.0885,0.0016726195,
1.08875,-0.0034745680,
1.089,0.0199221987,
1.08925,-0.0004544220,
1.0895,-0.0210091937,
1.08975,0.0030692494,
1.09,0.0176269747,
1.09025,-0.0007916959,
1.0905,0.0141312359,
1.09075,0.0175898969,
1.091,0.0058214143,
1.09125,0.0130173340,
1.0915,-0.0171389170,
1.09175,-0.0302385092,
1.092,0.0164102297,
1.09225,-0.0230586603,
1.0925,-0.0120982071,
1.09275,0.0080652963,
1.093,0.0165992677,
1.09325,-0.0006615623,
1.0935,0.0036085981,
1.09375,-0.0386643335,
1.094,-0.0605237857,
1.09425,-0.0118311290,
1.0945,-0.0025826222,
1.09475,-0.0002377192,
1.095,-0.0538685247,
1.09525,0.0143139344,
1.0955,-0.0202487633,
1.09575,-0.0013315799,
1.096,0.0209103636,
1.09625,-0.0152723063,
1.0965,-0.0370834321,
1.09675,-0.0326845758,
1.097,-0.0054587191,
1.09725,0.0033721812,
1.0975,-0.0098427571,
1.09775,0.0127319796,
1.098,-0.0173746198,
1.09825,-0.0043833433,
1.0985,0.0165937636,
1.09875,-0.0479880273,
1.099,-0.0113382079,
1.09925,-0.0052626240,
1.0995,-0.0113815293,
1.09975,0.0046752710,
1.1,-0.0043002046,
1.10025,0.0000558850,
1.1005,-0.0114767402,
1.10075,-0.0171754081,
1.101,0.0057130214,
1.10125,0.0140271261,
1.1015,-0.0136209708,
1.10175,-0.0036824849,
1.102,0.0130988564,
1.10225,-0.0101960786,
1.1025,-0.0099431714,
1.10275,-0.0099121314,
1.103,0.0055355839,
1.10325,-0.0035717266,
1.1035,-0.0267406553,
1.10375,-0.0282116681,
1.104,0.0049093394,
1.10425,-0.0023009370,
1.1045,-0.0278409217,
1.10475,0.0036275585,
1.105,0.0047591347,
1.10525,0.0082357181,
1.1055,-0.0030400013,
1.10575,0.0084884213,
1.106,-0.0079525085,
1.10625,-0.0043631275,
1.1065,-0.0179853346,
1.10675,-0.0031901265,
1.107,0.0087714028,
1.10725,0.0060522747,
1.1075,-0.0188646354,
1.10775,-0.0138365058,
1.108,-0.0062791286,
1.10825,0.0138424002,
1.1085,-0.0183422528,
1.10875,-0.0024397159,
1.109,0.0080312239,
1.10925,0.0092503643,
1.1095,-0.0293661002,
1.10975,-0.0200299937,
1.11,0.0228838287,
1.11025,-0.0158580840,
1.1105,-0.0049716425,
1.11075,-0.0145499222,
1.111,0.0096610663,
1.11125,0.0040826085,
1.1115,0.0015313987,
1.11175,0.0003976203,
1.112,0.0091449656,
1.11225,-0.0203086920,
1.1125,-0.0039219847,
1.11275,0.0034619370,
1.113,0.0075142267,
1.11325,0.0013668519,
1.1135,-0.0098303538,
1.11375,0.0032958551,
1.114,0.0192788038,
1.11425,-0.0247510709,
1.1145,-0.0100222649,
1.11475,0.0028594760,
1.115,-0.0110136867,
1.11525,-0.0110417800,
1.1155,-0.0125825917,
1.11575,0.0084730322,
1.116,0.0062701809,
1.11625,0.0051996605,
1.1165,0.0174985677,
1.11675,0.0130719598,
1.117,0.0106472233,
1.11725,0.0096717933,
1.1175,0.0030673600,
1.11775,0.0031307430,
1.118,0.0134796146,
1.11825,-0.0010881710,
1.1185,-0.0048623220,
1.11875,0.0238085017,
1.119,0.0113414247,
1.11925,-0.0069895322,
1.1195,-0.0107572880,
1.11975,0.0143206529,
1.12,0.0019111468,
1.12025,0.0011002795,
1.1205,0.0023171206,
1.12075,0.0231175106,
1.121,0.0077763624,
1.12125,0.0097156987,
1.1215,0.0093491562,
1.12175,0.0133089144,
1.122,0.0128604602,
1.12225,0.0156620108,
1.1225,0.0106141195,
1.12275,0.0195158217,
1.123,0.0089918654,
1.12325,0.0006904895,
1.1235,0.0259519760,
1.12375,-0.0043233195,
1.124,0.0017592729,
1.12425,-0.0004219176,
1.1245,0.0009785143,
1.12475,0.0174672343,
1.125,-0.0205425471,
1.12525,-0.0237905700,
1.1255,0.0160066914,
1.12575,-0.0108239725,
1.126,0.0213285740,
1.12625,-0.0012543323,
1.1265,0.0095423087,
1.12675,0.0194204859,
1.127,0.0170727540,
1.12725,0.0163126327,
1.1275,0.0167568382,
1.12775,-0.0040874006,
1.128,0.0046340269,
1.12825,-0.0081153233,
1.1285,0.0005595246,
1.12875,0.0049243825,
1.129,0.0162097793,
1.12925,-0.0084686205,
1.1295,0.0190942716,
1.12975,0.0011160024,
1.13,0.0002867562,
1.13025,-0.0018387171,
1.1305,0.0004503752,
1.13075,-0.0017637049,
1.131,-0.0018042278,
1.13125,0.0103018265,
1.1315,0.0034350201,
1.13175,0.0200274978,
1.132,-0.0200238563,
1.13225,-0.0046362733,
1.1325,-0.0032674803,
1.13275,0.0028447437,
1.133,-0.0099734263,
1.13325,-0.0070227906,
1.1335,-0.0464731902,
1.13375,-0.0061127688,
1.134,-0.0230997633,
1.13425,-0.0063834549,
1.1345,0.0090349177,
1.13475,0.0014547578,
1.135,-0.0404699184,
1.13525,-0.0165784191,
1.1355,-0.0191464871,
1.13575,-0.0118104788,
1.136,-0.0448987633,
1.13625,-0.0250407662,
1.1365,0.0025835240,
1.13675,0.0162773002,
1.137,-0.0033083749,
1.13725,-0.0078213383,
1.1375,0.0012072925,
1.13775,0.0036454890,
1.138,-0.0011546080,
1.13825,0.0068884119,
1.1385,-0.0080538150,
1.13875,0.0088131046,
1.139,-0.0126363887,
1.13925,-0.0152456444,
1.1395,-0.0074838614,
1.13975,0.0134641938,
1.14,-0.0285007916,
1.14025,-0.0069577415,
1.1405,-0.0178924128,
1.14075,-0.0062414077,
1.141,-0.0261934269,
1.14125,-0.0268735643,
1.1415,-0.0135991341,
1.14175,-0.0076192273,
1.142,-0.0319627151,
1.14225,-0.0141127910,
1.1425,0.0110033071,
1.14275,-0.0129661513,
1.143,-0.0015654101,
1.14325,-0.0035518087,
1.1435,-0.0078408206,
1.14375,-0.0144317085,
1.144,-0.0089770760,
1.14425,-0.0321393386,
1.1445,-0.0052024792,
1.14475,-0.0015775127,
1.145,-0.0035394474,
1.14525,-0.0178854186,
1.1455,-0.0050870939,
1.14575,0.0066227750,
1.146,-0.0473874509,
1.14625,-0.0279989932,
1.1465,0.0088085365,
1.14675,-0.0547312535,
1.147,-0.0279463809,
1.14725,0.0054016178,
1.1475,-0.0278233923,
1.14775,-0.0046675708,
1.148,0.0056928797,
1.14825,-0.0096717356,
1.1485,-0.0023424136,
1.14875,0.0097424379,
1.149,-0.0060862140,
1.14925,-0.0180041082,
1.1495,0.0141260829,
1.14975,0.0011642328,
1.15,-0.0203773379,
1.15025,-0.0030975488,
1.1505,0.0025863375,
1.15075,-0.0209780782,
1.151,-0.0116598383,
1.15125,-0.0104704415,
1.1515,-0.0130281616,
1.15175,-0.0103251226,
1.152,-0.0089908000,
1.15225,-0.0090570394,
1.1525,-0.0141141061,
1.15275,-0.0148329744,
1.153,-0.0135823078,
1.15325,0.0065268758,
1.1535,0.0178109650,
1.15375,-0.0040423665,
1.154,0.0088035073,
1.15425,-0.0071026543,
1.1545,-0.0062708366,
1.15475,-0.0049655423,
1.155,-0.0229622237,
1.15525,0.0031105455,
1.1555,0.0040361779,
1.15575,0.0016722422,
1.156,0.0161000472,
1.15625,0.0050278539,
1.1565,0.0004265016,
1.15675,-0.0126739517,
1.157,-0.0106059480,
1.15725,-0.0190078355,
1.1575,-0.0023629589,
1.15775,0.0061925873,
1.158,-0.0261188317,
1.15825,-0.0017859758,
1.1585,0.0196310580,
1.15875,0.0090633370,
1.159,-0.0104943290,
1.15925,0.0294858702,
1.1595,0.0184728801,
1.15975,-0.0004976213,
1.16,0.0173839480,
1.16025,0.0273344759,
1.1605,0.0039230436,
1.16075,0.0009258162,
1.161,0.0058402000,
1.16125,0.0073485775,
1.1615,0.0119549418,
1.16175,0.0054650102,
1.162,-0.0064017945,
1.16225,0.0036742697,
1.1625,0.0116609782,
1.16275,0.0037163734,
1.163,-0.0038367240,
1.16325,0.0147574572,
1.1635,0.0181653798,
1.16375,-0.0191216357,
1.164,0.0196617879,
1.16425,0.0378175192,
1.1645,0.0092625897,
1.16475,0.0093020592,
1.165,0.0242611859,
1.16525,0.0305962749,
1.1655,0.0171198789,
1.16575,0.0220818073,
1.166,0.0095275845,
1.16625,0.0199767202,
1.1665,0.0156355686,
1.16675,0.0189811531,
1.167,0.0079590231,
1.16725,0.0184839983,
1.1675,0.0249905884,
1.16775,-0.0353727713,
1.168,-0.0045449235,
1.16825,0.0113440203,
1.1685,-0.0092038680,
1.16875,-0.0204837602,
1.169,0.0227139443,
1.16925,0.0234061144,
1.1695,0.0110616572,
1.16975,0.0176978633,
1.17,0.0358104855,
1.17025,0.0225269999,
1.1705,0.0163164996,
1.17075,0.0194260180,
1.171,0.0181040987,
1.17125,0.0336914621,
1.1715,0.0166653134,
1.17175,0.0131194564,
1.172,-0.0000215670,
1.17225,0.0439498499,
1.1725,-0.0005200640,
1.17275,0.0079475399,
1.173,0.0350746810,
1.17325,0.0372570790,
1.1735,-0.0018054862,
1.17375,0.0212547723,
1.174,0.0407031327,
1.17425,-0.0168244019,
1.1745,0.0154174166,
1.17475,0.0064532533,
1.175,0.0288358331,
1.17525,0.0303187706,
1.1755,0.0217662267,
1.17575,0.0069118827,
1.176,0.0275557321,
1.17625,0.0249686688,
1.1765,0.0125703877,
1.17675,-0.0027156239,
1.177,0.0344479531,
1.17725,0.0163480509,
1.1775,-0.0039241347,
1.17775,0.0125408173,
1.178,0.0181945171,
1.17825,0.0056814523,
1.1785,-0.0161626060,
1.17875,0.0025278726,
1.179,0.0016081940,
1.17925,-0.0057034544,
1.1795,-0.0095948102,
1.17975,-0.0068104323,
1.18,0.0214856304,
1.18025,0.0149980411,
1.1805,0.0191126969,
1.18075,0.0121211084,
1.181,0.0236420222,
1.18125,0.0032785276,
1.1815,0.0133107686,
1.18175,-0.0015302435,
1.182,0.0341324657,
1.18225,0.0072823241,
1.1825,0.0013736878,
1.18275,-0.0079626124,
1.183,0.0203720480,
1.18325,0.0105479751,
1.1835,0.0104308091,
1.18375,-0.0112335104,
1.184,0.0124120992,
1.18425,0.0017892459,
1.1845,-0.0117570125,
1.18475,-0.0047443113,
1.185,0.0229268689,
1.18525,0.0065297801,
1.1855,-0.0156083377,
1.18575,-0.0019073104,
1.186,0.0147745591,
1.18625,-0.0027708574,
1.1865,0.0003669596,
1.18675,-0.0067151706,
1.187,-0.0027151711,
1.18725,0.0034338995,
1.1875,-0.0032380549,
1.18775,-0.0036777998,
1.188,-0.0036018486,
1.18825,-0.0001110741,
1.1885,-0.0203383118,
1.18875,-0.0181026440,
1.189,-0.0198517274,
1.18925,-0.0933450460,
1.1895,-0.0912816003,
1.18975,-0.0489545800,
1.19,-0.0115661500,
1.19025,-0.0124732088,
1.1905,-0.0506051630,
1.19075,-0.0022267064,
1.191,-0.0175481886,
1.19125,0.0075294804,
1.1915,0.0009811738,
1.19175,0.0042501399,
1.192,-0.0090028010,
1.19225,0.0190379303,
1.1925,-0.0148023330,
1.19275,0.0141071752,
1.193,0.0039843526,
1.19325,0.0126425251,
1.1935,-0.0253026970,
1.19375,-0.0045353225,
1.194,0.0125027876,
1.19425,-0.0169068910,
1.1945,-0.0169290453,
1.19475,-0.0052030566,
1.195,-0.0086460067,
1.19525,-0.0237564761,
1.1955,-0.0136397127,
1.19575,0.0026228605,
1.196,-0.0124042192,
1.19625,-0.0163215511,
1.1965,-0.0182219613,
1.19675,-0.0145454602,
1.197,-0.0016051648,
1.19725,-0.0018953584,
1.1975,-0.0062744170,
1.19775,0.0098777292,
1.198,-0.0019743557,
1.19825,-0.0104135945,
1.1985,-0.0132013839,
1.19875,-0.0039739041,
1.199,-0.0031321486,
1.19925,-0.0262034107,
1.1995,0.0072859544,
1.19975,0.0006723232,
1.2,-0.0153569281,
1.20025,-0.0983778387,
1.2005,-0.0333125591,
1.20075,-0.0339976996,
1.201,-0.0078220852,
1.20125,-0.0186201036,
1.2015,-0.0256955978,
1.20175,0.0121539589,
1.202,0.0005400165,
1.20225,-0.0275273100,
1.2025,-0.0097398926,
1.20275,-0.0096877553,
1.203,-0.0079909544,
1.20325,-0.0024235193,
1.2035,-0.0082627535,
1.20375,0.0124674430,
1.204,-0.0100809475,
1.20425,-0.0090518733,
1.2045,-0.0143047925,
1.20475,0.0078447955,
1.205,0.0115124155,
1.20525,0.0056345114,
1.2055,-0.0104643349,
1.20575,-0.0053047808,
1.206,0.0162835140,
1.20625,-0.0065826438,
1.2065,-0.0042841518,
1.20675,0.0204710327,
1.207,-0.0088614551,
1.20725,-0.0082531851,
1.2075,0.0039726794,
1.20775,0.0161352623,
1.208,-0.0161389355,
1.20825,-0.0097733419,
1.2085,-0.0136368554,
1.20875,0.0021883005,
1.209,-0.0090710511,
1.20925,-0.0004856043,
1.2095,0.0133426683,
1.20975,0.0015509619,
1.21,0.0086736176,
1.21025,0.0024838676,
1.2105,0.0060569141,
1.21075,0.0213623624,
1.211,-0.0162856281,
1.21125,-0.0153945163,
1.2115,-0.0093517732,
1.21175,0.0200947393,
1.212,-0.0090905782,
1.21225,-0.0148308417,
1.2125,0.0046149627,
1.21275,-0.0018086110,
1.213,0.0018908590,
1.21325,0.0048965332,
1.2135,0.0125113297,
1.21375,-0.0031741397,
1.214,0.0056615653,
1.21425,-0.0366203412,
1.2145,0.0202566963,
1.21475,0.0298148040,
1.215,0.0219813250,
1.21525,0.0106677599,
1.2155,0.0333458856,
1.21575,0.0345727094,
1.216,0.0182191171,
1.21625,0.0111802761,
1.2165,0.0144987591,
1.21675,-0.0109942928,
1.217,-0.0366765335,
1.21725,0.0087344171,
1.2175,0.0072232988,
1.21775,0.0034006105,
1.218,-0.0069988277,
1.21825,0.0086871842,
1.2185,-0.0129769407,
1.21875,0.0150084291,
1.219,0.0112023260,
1.21925,0.0197901428,
1.2195,0.0138761308,
1.21975,0.0223220419,
1.22,-0.0221028086,
1.22025,0.0148205319,
1.2205,-0.0089320894,
1.22075,-0.0000554433,
1.221,-0.0075275833,
1.22125,-0.0064006420,
1.2215,0.0002124046,
1.22175,-0.0459138602,
1.222,-0.0256273542,
1.22225,-0.0180967152,
1.2225,-0.0701847002,
1.22275,-0.0841844007,
1.223,0.0073079085,
1.22325,-0.0207638536,
1.2235,0.0182138458,
1.22375,-0.0049571814,
1.224,-0.0014718233,
1.22425,0.0032864660,
1.2245,0.0102194287,
1.22475,0.0037301234,
1.225,-0.0246249624,
1.22525,-0.0027181022,
1.2255,0.0016125748,
1.22575,-0.0041190516,
1.226,0.0082659619,
1.22625,0.0028148957,
1.2265,0.0025276775,
1.22675,-0.0262696669,
1.227,-0.0141431494,
1.22725,-0.0105403867,
1.2275,-0.0005480378,
1.22775,-0.0191310216,
1.228,-0.0170897841,
1.22825,-0.0106356721,
1.2285,0.0160273612,
1.22875,-0.0160344429,
1.229,0.0002649692,
1.22925,0.0087816259,
1.2295,0.0100682722,
1.22975,-0.0199337713,
1.23,-0.0095284395,
1.23025,-0.0031216813,
1.2305,-0.0255781878,
1.23075,-0.0283671245,
1.231,0.0120990248,
1.23125,-0.0057425066,
1.2315,-0.0096508460,
1.23175,-0.0144543611,
1.232,-0.0154482489,
1.23225,-0.0155184586,
1.2325,-0.0223579817,
1.23275,-0.0074913101,
1.233,-0.0247986019,
1.23325,-0.0100672320,
1.2335,0.0099608004,
1.23375,-0.0294280052,
1.234,-0.0063744206,
1.23425,0.0031348183,
1.2345,-0.0131785944,
1.23475,-0.0130445380,
1.235,-0.0022654394,
1.23525,-0.0081211915,
1.2355,0.0084066633,
1.23575,-0.0160646457,
1.236,-0.0185422953,
1.23625,0.0149542606,
1.2365,0.0105201416,
1.23675,-0.0152206738,
1.237,-0.0057560671,
1.23725,0.0041276924,
1.2375,-0.0179314185,
1.23775,-0.0100581981,
1.238,-0.0221081842,
1.23825,-0.0113133304,
1.2385,-0.0126546547,
1.23875,-0.0300178882,
1.239,-0.0158432145,
1.23925,0.0087400703,
1.2395,-0.0113328686,
1.23975,-0.0238759294,
1.24,0.0088211531,
1.24025,-0.0027048250,
1.2405,-0.0061618704,
1.24075,-0.0107260598,
1.241,-0.0861229450,
1.24125,-0.0213832874,
1.2415,-0.0549484268,
1.24175,-0.0530165620,
1.242,-0.0117248213,
1.24225,-0.0502449237,
1.2425,-0.0033571923,
1.24275,-0.0706837848,
1.243,-0.0685091168,
1.24325,-0.0137402806,
1.2435,-0.0174013544,
1.24375,-0.0281792805,
1.244,0.0002035602,
1.24425,0.0082633868,
1.2445,-0.0040568174,
1.24475,-0.0142531991,
1.245,0.0082217241,
1.24525,-0.0104537345,
1.2455,0.0025576199,
1.24575,0.0009555594,
1.246,-0.0034066695,
1.24625,0.0017125295,
1.2465,-0.0055036345,
1.24675,-0.0162175056,
1.247,0.0053331517,
1.24725,0.0027933286,
1.2475,0.0083881347,
1.24775,-0.0034033158,
1.248,0.0151252830,
1.24825,0.0043394971,
1.2485,0.0189109314,
1.24875,-0.0108202379,
1.249,0.0073623825,
1.24925,0.0002766444,
1.2495,-0.0145985289,
1.24975,-0.0109058442,
1.25,0.0053217774,
1.25025,0.0008597385,
1.2505,0.0000152877,
1.25075,0.0024330711,
1.251,0.0309128854,
1.25125,0.0135249412,
1.2515,-0.0067517231,
1.25175,-0.0056084776,
1.252,-0.0022332892,
1.25225,0.0098589854,
1.2525,0.0194189921,
1.25275,-0.0072329305,
1.253,0.0145279616,
1.25325,-0.0050300634,
1.2535,-0.0538911447,
1.25375,-0.0237471443,
1.254,0.0163074899,
1.25425,0.0100649949,
1.2545,-0.0237070490,
1.25475,0.0093375705,
1.255,0.0255768336,
1.25525,0.0159632489,
1.2555,0.0153476335,
1.25575,0.0224353578,
1.256,0.0209269002,
1.25625,0.0183377881,
1.2565,0.0086606005,
1.25675,0.0236879811,
1.257,0.0138617530,
1.25725,0.0327101275,
1.2575,0.0179760512,
1.25775,0.0059619038,
1.258,0.0262476578,
1.25825,0.0315061770,
1.2585,0.0202114880,
1.25875,0.0212534517,
1.259,0.0428167805,
1.25925,0.0279024057,
1.2595,0.0062421765,
1.25975,0.0095581068,
1.26,0.0215478502,
1.26025,0.0012336782,
1.2605,-0.0037983037,
1.26075,0.0108586578,
1.261,0.0212556385,
1.26125,0.0262157600,
1.2615,0.0133138327,
1.26175,0.0076010665,
1.262,0.0155814942,
1.26225,0.0282601658,
1.2625,0.0042012921,
1.26275,0.0099886432,
1.263,0.0426108949,
1.26325,0.0116625717,
1.2635,0.0121292062,
1.26375,0.0348008126,
1.264,0.0251539163,
1.26425,0.0040043793,
1.2645,-0.0015518572,
1.26475,-0.0034414649,
1.265,0.0091068149,
1.26525,0.0180770271,
1.2655,-0.0015061235,
1.26575,0.0009642931,
1.266,0.0321639068,
1.26625,0.0113656083,
1.2665,0.0098138824,
1.26675,0.0172649175,
1.267,0.0196058713,
1.26725,0.0179719366,
1.2675,0.0305394363,
1.26775,0.0260122959,
1.268,0.0337101817,
1.26825,0.0186363123,
1.2685,0.0304782987,
1.26875,0.0117505230,
1.269,0.0329218954,
1.26925,0.0238490384,
1.2695,-0.0038576068,
1.26975,0.0124978414,
1.27,0.0144773293,
1.27025,0.0107964762,
1.2705,-0.0008923651,
1.27075,0.0095322318,
1.271,-0.0034530144,
1.27125,-0.0188500900,
1.2715,-0.0138622560,
1.27175,0.0061200815,
1.272,0.0290732831,
1.27225,0.0015335446,
1.2725,-0.0102258995,
1.27275,0.0340661332,
1.273,0.0241956227,
1.27325,0.0085435454,
1.2735,0.0179758556,
1.27375,0.0039322097,
1.274,0.0045758481,
1.27425,0.0062647108,
1.2745,-0.0033993479,
1.27475,-0.0012418737,
1.275,0.0210206769,
1.27525,-0.0058898986,
1.2755,-0.0113592874,
1.27575,0.0129950810,
1.276,0.0026074508,
1.27625,-0.0183960404,
1.2765,-0.0127256215,
1.27675,0.0076093101,
1.277,0.0080456315,
1.27725,-0.0275542811,
1.2775,-0.0355520025,
1.27775,0.0134813208,
1.278,-0.0063818954,
1.27825,0.0124157853,
1.2785,-0.0052875518,
1.27875,0.0107576288,
1.279,0.0098753590,
1.27925,-0.0059446618,
1.2795,-0.0098586036,
1.27975,0.0203656219,
1.28,0.0256827828,
1.28025,-0.0198774766,
1.2805,-0.0025990533,
1.28075,0.0191040915,
1.281,-0.0011719730,
1.28125,-0.0366392657,
1.2815,-0.0048138662,
1.28175,-0.0005163155,
1.282,-0.0141739110,
1.28225,-0.0085236384,
1.2825,-0.0101671070,
1.28275,0.0027954862,
1.283,-0.0049925027,
1.28325,-0.0013276375,
1.2835,-0.0128764743,
1.28375,-0.0043337252,
1.284,0.0054882751,
1.28425,0.0004490980,
1.2845,-0.0111554982,
1.28475,0.0132860355,
1.285,0.0013287062,
1.28525,-0.0117759574,
1.2855,-0.0003074493,
1.28575,0.0069956300,
1.286,-0.0228382628,
1.28625,-0.0188480224,
1.2865,0.0050839684,
1.28675,-0.0098833954,
1.287,-0.0166758560,
1.28725,-0.0150341317,
1.2875,-0.0062769661,
1.28775,0.0070533212,
1.288,0.0095124273,
1.28825,-0.0005518748,
1.2885,0.0105948020,
1.28875,0.0136096422,
1.289,-0.0019197506,
1.28925,-0.0075911428,
1.2895,0.0056312596,
1.28975,0.0164296124,
1.29,-0.0076919245,
1.29025,0.0112236124,
1.2905,0.0051397234,
1.29075,0.0154883880,
1.291,0.0004125792,
1.29125,-0.0091507714,
1.2915,-0.0061852178,
1.29175,0.0161517635,
1.292,-0.0086715342,
1.29225,-0.0129700210,
1.2925,0.0148943420,
1.29275,0.0030034631,
1.293,-0.0191919841,
1.29325,-0.0057021803,
1.2935,0.0255192984,
1.29375,-0.0074442839,
1.294,0.0133404657,
1.29425,0.0106265433,
1.2945,0.0050352756,
1.29475,0.0024457844,
1.295,0.0078090322,
1.29525,-0.0058550490,
1.2955,0.0196298063,
1.29575,0.0115594883,
1.296,0.0059514772,
1.29625,0.0008946133,
1.2965,0.0086492766,
1.29675,0.0029391935,
1.297,-0.0364931971,
1.29725,-0.0322766453,
1.2975,-0.0056715021,
1.29775,0.0064134826,
1.298,-0.0030051193,
1.29825,0.0124017978,
1.2985,0.0003873228,
1.29875,-0.0000363261,
1.299,-0.0018725860,
1.29925,0.0175189562,
1.2995,0.0232773386,
1.29975,0.0202637948,
1.3,0.0032315750,
1.30025,0.0114993304,
1.3005,0.0284697115,
1.30075,0.0213968903,
1.301,0.0100878198,
1.30125,-0.0030174886,
1.3015,-0.0010168380,
1.30175,-0.0024680253,
1.302,-0.0282692797,
1.30225,0.0075291693,
1.3025,-0.0314426124,
1.30275,-0.0548572876,
1.303,-0.0278294235,
1.30325,-0.0059491564,
1.3035,-0.0170170721,
1.30375,-0.0479942746,
1.304,-0.0196473878,
1.30425,-0.0252195634,
1.3045,0.0063200546,
1.30475,-0.0541494004,
1.305,0.0279625058,
1.30525,-0.0755997524,
1.3055,-0.0727870762,
1.30575,0.0289847776,
1.306,-0.0593230575,
1.30625,0.0153387580,
1.3065,-0.0189460143,
1.30675,-0.0229021907,
1.307,-0.0042463276,
1.30725,0.0168435574,
1.3075,-0.0025470001,
1.30775,-0.0214673914,
1.308,0.0021866760,
1.30825,-0.0379968286,
1.3085,-0.0096593145,
1.30875,-0.0046764053,
1.309,-0.0011287339,
1.30925,-0.0108140334,
1.3095,0.0128628705,
1.30975,-0.0086127073,
1.31,0.0072631752,
1.31025,0.0101334462,
1.3105,0.0095076375,
1.31075,0.0222800281,
1.311,0.0155688077,
1.31125,0.0223570671,
1.3115,0.0251957923,
1.31175,0.0125406636,
1.312,0.0038721371,
1.31225,0.0101291519,
1.3125,0.0134558547,
1.31275,-0.0148185203,
1.313,-0.0272791982,
1.31325,-0.0169586521,
1.3135,0.0017502145,
1.31375,-0.0166793223,
1.314,-0.0033959162,
1.31425,-0.0121031152,
1.3145,0.0139829284,
1.31475,-0.0525181405,
1.315,-0.0086690215,
1.31525,0.0157148037,
1.3155,0.0111835860,
1.31575,0.0153685128,
1.316,0.0057942974,
1.31625,0.0172784477,
1.3165,0.0190260336,
1.31675,-0.0027518012,
1.317,-0.0030754497,
1.31725,0.0157155097,
1.3175,0.0052303281,
1.31775,-0.0031450691,
1.318,0.0070124324,
1.31825,0.0048527792,
1.3185,0.0119294710,
1.31875,-0.0771748200,
1.319,-0.0138870347,
1.31925,0.0038060085,
1.3195,-0.0337036811,
1.31975,0.0026551236,
1.32,-0.0208575353,
1.32025,-0.0058854222,
1.3205,0.0026133806,
1.32075,0.0002159678,
1.321,-0.0038013915,
1.32125,0.0110486131,
1.3215,-0.0142021272,
1.32175,-0.0057029538,
1.322,-0.0008359987,
1.32225,0.0187974162,
1.3225,0.0003829457,
1.32275,0.0038506640,
1.323,0.0012130763,
1.32325,0.0145759564,
1.3235,-0.0022204896,
1.32375,-0.0091625480,
1.324,-0.0269191861,
1.32425,0.0089855809,
1.3245,-0.0171972234,
1.32475,-0.0116009004,
1.325,-0.0240144730,
1.32525,0.0133991065,
1.3255,-0.0610824898,
1.32575,-0.0289265346,
1.326,-0.1345707625,
1.32625,-0.0710747838,
1.3265,-0.0344764143,
1.32675,-0.0132479016,
1.327,-0.0098678265,
1.32725,-0.0170729347,
1.3275,0.0007548002,
1.32775,-0.0099063553,
1.328,-0.0325204097,
1.32825,0.0123331305,
1.3285,-0.0211414602,
1.32875,-0.0280159134,
1.329,0.0071529304,
1.32925,-0.0357453786,
1.3295,-0.0188771412,
1.32975,-0.0225719064,
1.33,0.0016879234,
1.33025,-0.0083249025,
1.3305,-0.0033264491,
1.33075,0.0085226391,
1.331,0.0064993724,
1.33125,0.0060802517,
1.3315,0.0163014717,
1.33175,0.0103865396,
1.332,0.0031441415,
1.33225,0.0001315193,
1.3325,-0.0148816071,
1.33275,-0.0226799510,
1.333,-0.0071724169,
1.33325,-0.0013869845,
1.3335,-0.0044893152,
1.33375,0.0034721666,
1.334,0.0095393611,
1.33425,0.0010096423,
1.3345,-0.0206172075,
1.33475,-0.0183472112,
1.335,-0.0152309239,
1.33525,0.0078924689,
1.3355,-0.0126579488,
1.33575,0.0027835206,
1.336,-0.0054424759,
1.33625,0.0041065500,
1.3365,-0.0110987192,
1.33675,-0.0037677931,
1.337,0.0062460289,
1.33725,0.0039722249,
1.3375,-0.0078869602,
1.33775,0.0058354354,
1.338,0.0094595477,
1.33825,0.0198433474,
1.3385,-0.0020139543,
1.33875,0.0221060310,
1.339,0.0022168732,
1.33925,-0.0041627502,
1.3395,-0.0087012965,
1.33975,0.0097326608,
1.34,-0.0005831103,
1.34025,-0.0018830926,
1.3405,-0.0271531940,
1.34075,0.0093049891,
1.341,0.0058450364,
1.34125,0.0032959580,
1.3415,-0.0011952324,
1.34175,0.0110421237,
1.342,0.0242302194,
1.34225,0.0100977449,
1.3425,-0.0070266128,
1.34275,0.0219414588,
1.343,0.0101457825,
1.34325,0.0232031774,
1.3435,-0.0156489406,
1.34375,0.0115723545,
1.344,0.0142265297,
1.34425,0.0087227896,
1.3445,0.0061123772,
1.34475,0.0112385256,
1.345,0.0041159210,
1.34525,0.0158622954,
1.3455,0.0038165310,
1.34575,-0.0015458157,
1.346,0.0242884997,
1.34625,-0.0181065574,
1.3465,0.0103308707,
1.34675,0.0203038976,
1.347,0.0182229802,
1.34725,0.0043870280,
1.3475,0.0207336154,
1.34775,0.0128672365,
1.348,0.0280580856,
1.34825,0.0101243276,
1.3485,0.0259070937,
1.34875,0.0249072444,
1.349,0.0284571666,
1.34925,0.0098000113,
1.3495,0.0077260407,
1.34975,0.0143331280,
1.35,0.0155708585,
1.35025,0.0091529265,
1.3505,0.0005734202,
1.35075,-0.0007144858,
1.351,-0.0165286995,
1.35125,-0.0256410632,
1.3515,-0.0136193829,
1.35175,0.0077207643,
1.352,0.0133225694,
1.35225,0.0104855001,
1.3525,0.0121875247,
1.35275,0.0252697505,
1.353,0.0045719459,
1.35325,0.0112753920,
1.3535,0.0280182343,
1.35375,0.0207985844,
1.354,0.0145763308,
1.35425,0.0160946641,
1.3545,0.0155703668,
1.35475,-0.0061987629,
1.355,0.0156081198,
1.35525,0.0100927623,
1.3555,-0.0058651571,
1.35575,0.0156688094,
1.356,0.0189528987,
1.35625,0.0038776249,
1.3565,-0.0177971721,
1.35675,0.0011057516,
1.357,-0.0188243352,
1.35725,-0.0262778420,
1.3575,-0.0020492794,
1.35775,0.0079637477,
1.358,-0.0066198576,
1.35825,-0.0113457441,
1.3585,0.0001504275,
1.35875,0.0063122809,
1.359,-0.0112583032,
1.35925,0.0047576842,
1.3595,0.0030580154,
1.35975,0.0079712756,
1.36,0.0093050618,
1.36025,0.0042392197,
1.3605,-0.0018352702,
1.36075,0.0145727014,
1.361,-0.0141313067,
1.36125,-0.0254619420,
1.3615,-0.0284399372,
1.36175,0.0125978384,
1.362,-0.0093859397,
1.36225,-0.0254387688,
1.3625,0.0052482937,
1.36275,0.0084735770,
1.363,0.0017231207,
1.36325,-0.0329408906,
1.3635,-0.0037547250,
1.36375,0.0087405024,
1.364,-0.0265495479,
1.36425,0.0087539833,
1.3645,0.0093698995,
1.36475,0.0174357165,
1.365,0.0032119465,
1.36525,-0.0091098705,
1.3655,0.0067122402,
1.36575,0.0003377927,
1.366,0.0175000075,
1.36625,-0.0111140832,
1.3665,0.0032484778,
1.36675,0.0104697691,
1.367,0.0138893612,
1.36725,-0.0247805919,
1.3675,-0.0202921517,
1.36775,0.0078668389,
1.368,-0.0189306382,
1.36825,-0.0014788551,
1.3685,0.0165071283,
1.36875,0.0174586084,
1.369,-0.0135269370,
1.36925,0.0139770098,
1.3695,0.0183806214,
1.36975,-0.0208031647,
1.37,0.0134391328,
1.37025,0.0177694187,
1.3705,0.0029183656,
1.37075,0.0116335405,
1.371,-0.0022238840,
1.37125,-0.0032157851,
1.3715,0.0161303394,
1.37175,-0.0027840533,
1.372,-0.0231472589,
1.37225,-0.0082747648,
1.3725,0.0044250758,
1.37275,-0.0092674317,
1.373,-0.0002192777,
1.37325,0.0098673496,
1.3735,0.0097302357,
1.37375,0.0116433240,
1.374,0.0148767512,
1.37425,0.0062219240,
1.3745,0.0204246882,
1.37475,0.0182361919,
1.375,0.0015200118,
1.37525,0.0108934231,
1.3755,0.0110273240,
1.37575,0.0050559826,
1.376,-0.0071430067,
1.37625,0.0132832639,
1.3765,0.0246613435,
1.37675,0.0231805965,
1.377,0.0057212627,
1.37725,-0.0014137650,
1.3775,0.0227588248,
1.37775,0.0102934698,
1.378,-0.0279453807,
1.37825,0.0010524546,
1.3785,0.0085451566,
1.37875,-0.0023534198,
1.379,0.0122728469,
1.37925,0.0077579347,
1.3795,0.0099902563,
1.37975,0.0274369381,
1.38,0.0122635011,
1.38025,0.0048390073,
1.3805,0.0258351639,
1.38075,0.0143154617,
1.381,-0.0055828691,
1.38125,0.0132235717,
1.3815,0.0209059380,
1.38175,0.0139307361,
1.382,0.0012244855,
1.38225,0.0089564612,
1.3825,-0.0040058848,
1.38275,-0.0192319266,
1.383,-0.0241600238,
1.38325,-0.0128547056,
1.3835,0.0119485846,
1.38375,0.0129985390,
1.384,0.0109936716,
1.38425,0.0062109875,
1.3845,0.0405311957,
1.38475,0.0290584005,
1.385,0.0214522779,
1.38525,0.0340819992,
1.3855,0.0360481739,
1.38575,0.0090463627,
1.386,0.0174214058,
1.38625,0.0227868855,
1.3865,0.0257674940,
1.38675,0.0103963818,
1.387,0.0247060582,
1.38725,0.0126200896,
1.3875,0.0304328557,
1.38775,0.0213631764,
1.388,-0.0255672485,
1.38825,0.0218181033,
1.3885,0.0087820636,
1.38875,0.0120552033,
1.389,0.0099739330,
1.38925,0.0179001708,
1.3895,0.0229246691,
1.38975,0.0236943457,
1.39,0.0024536303,
1.39025,0.0113529582,
1.3905,0.0267451461,
1.39075,0.0097484346,
1.391,0.0032189609,
1.39125,0.0316435136,
1.3915,0.0194270220,
1.39175,0.0090702381,
1.392,0.0310377497,
1.39225,0.0041932082,
1.3925,0.0171963666,
1.39275,0.0224715658,
1.393,-0.0041249492,
1.39325,0.0258832965,
1.3935,-0.0035443199,
1.39375,-0.0166798122,
1.394,0.0009250450,
1.39425,0.0216709357,
1.3945,0.0178980660,
1.39475,-0.0031961466,
1.395,0.0320290066,
1.39525,0.0210781544,
1.3955,0.0147589017,
1.39575,0.0291056111,
1.396,0.0190518275,
1.39625,0.0259796511,
1.3965,0.0122955805,
1.39675,0.0133462865,
1.397,0.0006547571,
1.39725,0.0134223457,
1.3975,0.0140315704,
1.39775,-0.0042642439,
1.398,0.0177398957,
1.39825,0.0238977596,
1.3985,0.0182079282,
1.39875,0.0080151763,
1.399,0.0009309674,
1.39925,0.0111652426,
1.3995,0.0025786539,
1.39975,-0.0147583699,
1.4,-0.0130994599,
1.40025,0.0093302950,
1.4005,-0.0111359544,
1.40075,-0.0064271549,
1.401,0.0104103442,
1.40125,-0.0179761909,
1.4015,0.0000999667,
1.40175,0.0007558041,
1.402,-0.0047803139,
1.40225,0.0092279678,
1.4025,0.0042479266,
1.40275,-0.0140815610,
1.403,0.0023479043,
1.40325,0.0127639864,
1.4035,-0.0015932402,
1.40375,-0.0089787487,
1.404,-0.0026288580,
1.40425,-0.0156018175,
1.4045,-0.0431261547,
1.40475,-0.0358543918,
1.405,-0.0205521639,
1.40525,-0.0084989164,
1.4055,-0.0032756240,
1.40575,-0.0062590735,
1.406,-0.0044856444,
1.40625,-0.0025852954,
1.4065,-0.0060840063,
1.40675,-0.0019746597,
1.407,0.0034498412,
1.40725,0.0187895000,
1.4075,-0.0169870425,
1.40775,-0.0135835307,
1.408,0.0151237482,
1.40825,-0.0115745198,
1.4085,-0.0105476901,
1.40875,0.0128329629,
1.409,-0.0088184271,
1.40925,-0.0036530332,
1.4095,-0.0034772416,
1.40975,-0.0040279701,
1.41,-0.0132378517,
1.41025,-0.0005392062,
1.4105,-0.0253314786,
1.41075,-0.0284003858,
1.411,-0.0114671607,
1.41125,-0.0062489677,
1.4115,-0.0143078798,
1.41175,-0.0059162644,
1.412,-0.0080107413,
1.41225,-0.0217504948,
1.4125,-0.0181559511,
1.41275,-0.0015161177,
1.413,-0.0144241340,
1.41325,-0.0049122507,
1.4135,-0.0202293899,
1.41375,-0.0024832268,
1.414,-0.0144818928,
1.41425,0.0155978827,
1.4145,-0.0036376438,
1.41475,0.0102912355,
1.415,-0.0150925517,
1.41525,-0.0182100367,
1.4155,-0.0947537646,
1.41575,-0.0672058687,
1.416,0.0207042657,
1.41625,-0.0267070159,
1.4165,-0.0015151367,
1.41675,-0.0037065581,
1.417,0.0042882091,
1.41725,-0.0019318683,
1.4175,-0.0131763462,
1.41775,-0.0083436249,
1.418,-0.0044227857,
1.41825,-0.0076900464,
1.4185,-0.0007301318,
1.41875,-0.0053701578,
1.419,0.0157489013,
1.41925,0.0080958996,
1.4195,-0.0092029702,
1.41975,0.0058332602,
1.42,0.0024729418,
1.42025,0.0042300606,
1.4205,0.0026885523,
1.42075,-0.0315734334,
1.421,-0.0144570470,
1.42125,-0.0190164689,
1.4215,-0.0338942595,
1.42175,0.0130300615,
1.422,-0.0276932772,
1.42225,-0.0158384498,
1.4225,-0.0147354472,
1.42275,0.0048584901,
1.423,0.0096812043,
1.42325,-0.0023205117,
1.4235,0.0209010243,
1.42375,0.0099739665,
1.424,0.0082462439,
1.42425,0.0199676659,
1.4245,0.0025966326,
1.42475,-0.0008317712,
1.425,0.0054240348,
1.42525,-0.0127844457,
1.4255,-0.0384316705,
1.42575,-0.0118048061,
1.426,-0.0246565510,
1.42625,-0.0413732566,
1.4265,-0.0259770900,
1.42675,-0.0125840437,
1.427,0.0097578075,
1.42725,0.0059808698,
1.4275,0.0165249910,
1.42775,0.0267332699,
1.428,0.0275345519,
1.42825,0.0256523117,
1.4285,0.0226267539,
1.42875,0.0292064417,
1.429,0.0246535260,
1.42925,0.0005035669,
1.4295,0.0054186331,
1.42975,0.0115073510,
1.43,-0.0096349129,
1.43025,0.0168567318,
1.4305,0.0019994061,
1.43075,0.0234597288,
1.431,-0.0256391689,
1.43125,-0.0562263839,
1.4315,-0.0548664145,
1.43175,-0.0489743873,
1.432,0.0410114788,
1.43225,-0.0643571615,
1.4325,-0.0592248179,
1.43275,-0.0358067490,
1.433,-0.0764223039,
1.43325,-0.0395961702,
1.4335,-0.0055523245,
1.43375,-0.0524262302,
1.434,-0.0085939774,
1.43425,0.0026399964,
1.4345,-0.0127791129,
1.43475,0.0085861385,
1.435,0.0118916985,
1.43525,-0.0257149916,
1.4355,-0.0011708225,
1.43575,0.0193932652,
1.436,0.0019589947,
1.43625,-0.0581289791,
1.4365,0.0011284631,
1.43675,0.0124256685,
1.437,0.0026166160,
1.43725,-0.0009308968,
1.4375,0.0200326461,
1.43775,0.0137753543,
1.438,-0.0217035059,
1.43825,-0.0062720692,
1.4385,0.0254627150,
1.43875,0.0006571796,
1.439,-0.0076184804,
1.43925,0.0215245057,
1.4395,0.0115055600,
1.43975,-0.0075507858,
1.44,0.0123899234,
1.44025,-0.0063901907,
1.4405,0.0021349615,
1.44075,0.0079540573,
1.441,0.0105061568,
1.44125,0.0026085465,
1.4415,0.0040412145,
1.44175,0.0161532052,
1.442,0.0139240827,
1.44225,-0.0014674491,
1.4425,0.0072455867,
1.44275,0.0206229612,
1.443,-0.0040732808,
1.44325,-0.0110182855,
1.4435,0.0023337340,
1.44375,0.0080552474,
1.444,-0.0073145106,
1.44425,-0.0072192587,
1.4445,0.0075474288,
1.44475,0.0036144969,
1.445,-0.0001085358,
1.44525,0.0028365341,
1.4455,-0.0096574277,
1.44575,-0.0113184573,
1.446,0.0054873847,
1.44625,-0.0029868297,
1.4465,-0.0022896361,
1.44675,0.0051181307,
1.447,0.0052293064,
1.44725,-0.0211509895,
1.4475,-0.0132372892,
1.44775,-0.0108341035,
1.448,-0.0240375753,
1.44825,-0.0139870504,
1.4485,0.0029766976,
1.44875,-0.0077767083,
1.449,-0.0191126782,
1.44925,-0.0187309701,
1.4495,-0.0101197995,
1.44975,0.0004027367,
1.45,0.0009115966,
1.45025,-0.0022306447,
1.4505,-0.0012700179,
1.45075,-0.0020456829,
1.451,0.0075530591,
1.45125,-0.0246538222,
1.4515,0.0001214256,
1.45175,0.0099763814,
1.452,-0.0084214248,
1.45225,-0.0287390668,
1.4525,0.0017827442,
1.45275,-0.0034544342,
1.453,-0.0434270576,
1.45325,-0.0206361972,
1.4535,-0.0325992331,
1.45375,-0.0344425850,
1.454,-0.0551483706,
1.45425,-0.0366515517,
1.4545,-0.0051105930,
1.45475,-0.0002217929,
1.455,-0.0113070803,
1.45525,-0.0330023207,
1.4555,-0.0295423698,
1.45575,-0.0066156690,
1.456,-0.0157285538,
1.45625,-0.0019871648,
1.4565,-0.0108138379,
1.45675,0.0021552602,
1.457,-0.0238003731,
1.45725,-0.0024726903,
1.4575,-0.0008544970,
1.45775,0.0041213389,
1.458,-0.0012356166,
1.45825,-0.0459083170,
1.4585,-0.0107193012,
1.45875,-0.0177439917,
1.459,-0.0386524722,
1.45925,-0.0082679288,
1.4595,0.0008135487,
1.45975,-0.0174887888,
1.46,-0.0084484946,
1.46025,0.0182917528,
1.4605,0.0025732524,
1.46075,-0.0010568816,
1.461,0.0109909652,
1.46125,0.0055687106,
1.4615,0.0033940081,
1.46175,0.0012418537,
1.462,-0.0053728721,
1.46225,0.0116969692,
1.4625,0.0098769553,
1.46275,0.0101714116,
1.463,0.0073757078,
1.46325,0.0103032682,
1.4635,0.0239765085,
1.46375,0.0068112537,
1.464,0.0025388577,
1.46425,-0.0065138713,
1.4645,0.0230112933,
1.46475,-0.0186573304,
1.465,-0.0005930917,
1.46525,0.0087700207,
1.4655,0.0158076063,
1.46575,-0.0039307284,
1.466,-0.0010604003,
1.46625,0.0148979519,
1.4665,0.0167953707,
1.46675,-0.0027951514,
1.467,0.0068273419,
1.46725,0.0191837195,
1.4675,0.0168520734,
1.46775,0.0150457192,
1.468,0.0054099308,
1.46825,0.0081482008,
1.4685,0.0117768729,
1.46875,-0.0276130736,
1.469,-0.0045953738,
1.46925,0.0173395742,
1.4695,0.0073268488,
1.46975,-0.0015628636,
1.47,0.0038474682,
1.47025,0.0244611576,
1.4705,0.0252542421,
1.47075,0.0103406049,
1.471,0.0088605350,
1.47125,0.0377070606,
1.4715,0.0268886331,
1.47175,0.0176646896,
1.472,0.0230115615,
1.47225,0.0555128418,
1.4725,0.0177438408,
1.47275,0.0196440611,
1.473,0.0425412096,
1.47325,0.0284179673,
1.4735,0.0134476293,
1.47375,0.0384485945,
1.474,0.0019932741,
1.47425,0.0301430784,
1.4745,-0.0038743336,
1.47475,0.0032796382,
1.475,-0.0108958920,
1.47525,0.0342269465,
1.4755,0.0229720771,
1.47575,0.0105015282,
1.476,0.0245748255,
1.47625,0.0260393880,
1.4765,0.0074184332,
1.47675,0.0167171434,
1.477,0.0357240774,
1.47725,0.0122295842,
1.4775,0.0036439933,
1.47775,0.0213559549,
1.478,0.0296207257,
1.47825,0.0255563948,
1.4785,0.0210328363,
1.47875,0.0171680506,
1.479,0.0270875450,
1.47925,0.0220840722,
1.4795,-0.0054502678,
1.47975,-0.0079361079,
1.48,0.0065062852,
1.48025,0.0283966474,
1.4805,0.0158267170,
1.48075,0.0033988552,
1.481,0.0178552195,
1.48125,0.0201243758,
1.4815,0.0136951590,
1.48175,0.0174691174,
1.482,0.0319418944,
1.48225,0.0289297942,
1.4825,0.0100163091,
1.48275,0.0163291078,
1.483,0.0292912293,
1.48325,-0.0049624643,
1.4835,0.0210381933,
1.48375,0.0081944494,
1.484,0.0169742070,
1.48425,0.0326267444,
1.4845,0.0439912230,
1.48475,-0.0458597019,
1.485,0.0031282578,
1.48525,0.0292494111,
1.4855,-0.0044136709,
1.48575,0.0015901419,
1.486,0.0299139358,
1.48625,0.0182274953,
1.4865,-0.0017717469,
1.48675,0.0110481754,
1.487,0.0136484662,
1.48725,0.0054863817,
1.4875,0.0016480770,
1.48775,0.0024709892,
1.488,-0.0020039959,
1.48825,-0.0027826310,
1.4885,-0.0034408951,
1.48875,0.0070289532,
1.489,0.0214487147,
1.48925,0.0199109502,
1.4895,-0.0028043627,
1.48975,0.0003674192,
1.49,0.0107513694,
1.49025,-0.0073353969,
1.4905,-0.0068623596,
1.49075,-0.0161748156,
1.491,-0.0060256030,
1.49125,-0.0175754614,
1.4915,-0.0495692715,
1.49175,-0.0165706817,
1.492,-0.0018975487,
1.49225,0.0059601543,
1.4925,-0.0167698190,
1.49275,0.0044834269,
1.493,0.0135389073,
1.49325,0.0101590473,
1.4935,-0.0107654240,
1.49375,0.0000757306,
1.494,0.0101451157,
1.49425,0.0072959615,
1.4945,-0.0099195270,
1.49475,0.0095352316,
1.495,0.0169594437,
1.49525,0.0033262933,
1.4955,-0.0058441749,
1.49575,0.0020422917,
1.496,0.0012121327,
1.49625,-0.0142820720,
1.4965,-0.0205993615,
1.49675,-0.0321679711,
1.497,-0.0092642158,
1.49725,-0.0062914416,
1.4975,-0.0167574640,
1.49775,-0.0083337296,
1.498,0.0065530362,
1.49825,-0.0154497754,
1.4985,-0.0181905534,
1.49875,-0.0050323620,
1.499,0.0029753754,
1.49925,-0.0305586830,
1.4995,-0.0073885648,
1.49975,0.0048455265,
1.5,-0.0125009464,
1.50025,0.0067087035,
1.5005,-0.0210493635,
1.50075,-0.0158287734,
1.501,-0.0054320190,
1.50125,-0.0208371971,
1.5015,-0.0455634333,
1.50175,-0.0116915619,
1.502,0.0137814749,
1.50225,-0.0281927194,
1.5025,-0.0092270598,
1.50275,0.0027974797,
1.503,0.0001157497,
1.50325,-0.0071034050,
1.5035,0.0023585570,
1.50375,0.0052327174,
1.504,0.0178498290,
1.50425,-0.0196578074,
1.5045,-0.0235000141,
1.50475,0.0151171088,
1.505,-0.0133667514,
1.50525,-0.0083398996,
1.5055,-0.0026209815,
1.50575,0.0037324741,
1.506,0.0097678592,
1.50625,0.0181257781,
1.5065,-0.0117295505,
1.50675,-0.0039418931,
1.507,0.0143928686,
1.50725,-0.0070836633,
1.5075,-0.0231020711,
1.50775,-0.0008627733,
1.508,0.0169974621,
1.50825,0.0020476112,
1.5085,-0.0077304482,
1.50875,0.0212064907,
1.509,0.0005901146,
1.50925,0.0071843509,
1.5095,0.0040197526,
1.50975,0.0043405076,
1.51,0.0038482668,
1.51025,0.0099722063,
1.5105,-0.0051599387,
1.51075,0.0135759786,
1.511,0.0072981631,
1.51125,-0.0136958081,
1.5115,0.0011719405,
1.51175,0.0136589408,
1.512,-0.0216412544,
1.51225,-0.0322071761,
1.5125,-0.0148148276,
1.51275,0.0214731507,
1.513,0.0021465216,
1.51325,0.0072698253,
1.5135,0.0131212780,
1.51375,0.0146809518,
1.514,0.0191766005,
1.51425,0.0250819717,
1.5145,-0.0016644606,
1.51475,0.0155327246,
1.515,0.0202149432,
1.51525,-0.0063368492,
1.5155,0.0032719485,
1.51575,0.0200992990,
1.516,0.0162604805,
1.51625,-0.0082225613,
1.5165,0.0083546694,
1.51675,0.0424646363,
1.517,0.0200391784,
1.51725,0.0008669776,
1.5175,0.0229160674,
1.51775,0.0137517191,
1.518,0.0146354502,
1.51825,-0.0055047153,
1.5185,0.0009358565,
1.51875,0.0186687913,
1.519,0.0118327383,
1.51925,0.0086217923,
1.5195,0.0178959686,
1.51975,0.0233127568,
1.52,0.0099332118,
1.52025,0.0131104710,
1.5205,0.0200610980,
1.52075,0.0142203663,
1.521,-0.0044917855,
1.52125,0.0134572806,
1.5215,0.0146700665,
1.52175,0.0125357592,
1.522,0.0166223533,
1.52225,0.0143862478,
1.5225,0.0151577219,
1.52275,0.0040279045,
1.523,-0.0205978230,
1.52325,-0.0094916075,
1.5235,-0.0106882323,
1.52375,0.0097153625,
1.524,-0.0060372190,
1.52425,-0.0109003875,
1.5245,0.0126111098,
1.52475,0.0131138097,
1.525,0.0011629188,
1.52525,0.0013887710,
1.5255,0.0239753518,
1.52575,0.0188953280,
1.526,-0.0034812281,
1.52625,0.0247581974,
1.5265,0.0147090200,
1.52675,0.0182153843,
1.527,0.0069845011,
1.52725,-0.0045251665,
1.5275,-0.0184377730,
1.52775,0.0059165410,
1.528,0.0005335935,
1.52825,-0.0210729893,
1.5285,-0.0305296313,
1.52875,0.0195389614,
1.529,-0.0274791215,
1.52925,-0.0029735826,
1.5295,0.0169725195,
1.52975,0.0046077203,
1.53,0.0046429588,
1.53025,0.0028555540,
1.5305,0.0134867048,
1.53075,0.0011856069,
1.531,-0.0147771314,
1.53125,-0.0112955552,
1.5315,-0.0154676083,
1.53175,-0.0028745763,
1.532,-0.0221404880,
1.53225,-0.0254142508,
1.5325,-0.0341875255,
1.53275,0.0068398928,
1.533,-0.0270625018,
1.53325,-0.0194473788,
1.5335,-0.0059725586,
1.53375,-0.0223531369,
1.534,-0.0295902248,
1.53425,-0.0296588782,
1.5345,0.0028661974,
1.53475,-0.0061131385,
1.535,-0.0305593759,
1.53525,-0.0181560423,
1.5355,-0.0069609368,
1.53575,-0.0236218162,
1.536,-0.0341520831,
1.53625,-0.0185616650,
1.5365,-0.0051751570,
1.53675,-0.0323529355,
1.537,-0.0059714704,
1.53725,-0.0006362044,
1.5375,-0.0112083219,
1.53775,0.0351770818,
1.538,-0.0395481437,
1.53825,-0.0148543324,
1.5385,-0.0048381356,
1.53875,-0.0079702912,
1.539,-0.0280082021,
1.53925,-0.0479663573,
1.5395,-0.0295807961,
1.53975,-0.0481626838,
1.54,-0.0667519942,
1.54025,-0.0057894979,
1.5405,0.0036644931,
1.54075,-0.0133827878,
1.541,0.0069884565,
1.54125,-0.0309735127,
1.5415,-0.0269157290,
1.54175,-0.0128469206,
1.542,-0.0185300298,
1.54225,-0.0108772013,
1.5425,-0.0118635204,
1.54275,-0.0146115571,
1.543,-0.0045804279,
1.54325,-0.0269335527,
1.5435,0.0118933823,
1.54375,-0.0199883766,
1.544,-0.0511947088,
1.54425,-0.0147913247,
1.5445,0.0025241999,
1.54475,-0.0252887588,
1.545,-0.0038912122,
1.54525,0.0093353335,
1.5455,-0.0047380659,
1.54575,-0.0175531991,
1.546,0.0036471561,
1.54625,-0.0146783786,
1.5465,-0.0136275887,
1.54675,0.0042475997,
1.547,-0.0185224656,
1.54725,-0.0089583993,
1.5475,-0.0155341625,
1.54775,-0.0177656319,
1.548,-0.0079956809,
1.54825,0.0029759919,
1.5485,-0.0042047687,
1.54875,-0.0088469489,
1.549,0.0032216820,
1.54925,-0.0020955440,
1.5495,0.0183583349,
1.54975,-0.0170084760,
1.55,-0.0151983090,
1.55025,-0.0141170453,
1.5505,-0.0110621434,
1.55075,-0.0300221518,
1.551,-0.0139288334,
1.55125,-0.0006792158,
1.5515,-0.0241914019,
1.55175,-0.0132508771,
1.552,-0.0150534129,
1.55225,0.0045171599,
1.5525,0.0037163696,
1.55275,0.0014749857,
1.553,0.0154509880,
1.55325,0.0097788982,
1.5535,0.0079025002,
1.55375,0.0200002119,
1.554,0.0129953725,
1.55425,0.0159967635,
1.5545,-0.0050035976,
1.55475,-0.0054606209,
1.555,-0.0011383181,
1.55525,0.0000167910,
1.5555,-0.0072298758,
1.55575,-0.0167624969,
1.556,-0.0272794478,
1.55625,0.0095604723,
1.5565,0.0037316233,
1.55675,-0.0004231478,
1.557,-0.0033491149,
1.55725,0.0164845940,
1.5575,0.0030618603,
1.55775,-0.0290113520,
1.558,-0.0222074874,
1.55825,0.0010535228,
1.5585,-0.0011324298,
1.55875,-0.0130147403,
1.559,0.0161841400,
1.55925,0.0020638816,
1.5595,-0.0326739959,
1.55975,-0.0054733036,
1.56,-0.0074702897,
1.56025,0.0157951340,
1.5605,-0.0242693257,
1.56075,-0.0298107006,
1.561,-0.0059931129,
1.56125,0.0134935863,
1.5615,0.0141582526,
1.56175,0.0186506882,
1.562,-0.0155389905,
1.56225,0.0072382786,
1.5625,0.0181881376,
1.56275,0.0232204627,
1.563,0.0082145799,
1.56325,0.0265485831,
1.5635,0.0261708926,
1.56375,0.0000608514,
1.564,0.0059426674,
1.56425,0.0335810669,
1.5645,0.0299749970,
1.56475,0.0145583022,
1.565,0.0257643312,
1.56525,0.0334568322,
1.5655,-0.0033187745,
1.56575,-0.0000475496,
1.566,0.0003703909,
1.56625,0.0361396484,
1.5665,-0.0122089079,
1.56675,-0.0064856368,
1.567,0.0207324959,
1.56725,-0.0015004005,
1.5675,-0.0120582562,
1.56775,-0.0051357271,
1.568,0.0226905234,
1.56825,0.0174895152,
1.5685,0.0358466133,
1.56875,0.0002487901,
1.569,0.0331047885,
1.56925,0.0282648318,
1.5695,0.0164654683,
1.56975,0.0221873410,
1.57,0.0409567319,
1.57025,0.0231098533,
1.5705,0.0216095783,
1.57075,0.0107616615,
1.571,0.0258542821,
1.57125,0.0095628798,
1.5715,-0.0058554728,
1.57175,-0.0016472277,
1.572,-0.0116641214,
1.57225,0.0113609107,
1.5725,0.0107610794,
1.57275,0.0162726473,
1.573,0.0172069427,
1.57325,0.0276670828,
1.5735,0.0215330813,
1.57375,0.0146960318,
1.574,0.0113733523,
1.57425,0.0223502871,
1.5745,-0.0046391198,
1.57475,0.0089096073,
1.575,0.0156794488,
1.57525,0.0193928219,
1.5755,-0.0029847594,
1.57575,0.0036905999,
1.576,-0.0029125176,
1.57625,-0.0274136774,
1.5765,-0.0314904526,
1.57675,-0.0062818271,
1.577,-0.0063695451,
1.57725,-0.0042402451,
1.5775,-0.0031724931,
1.57775,0.0224559661,
1.578,0.0163739566,
1.57825,0.0087087788,
1.5785,0.0023416539,
1.57875,0.0140470415,
1.579,0.0057337522,
1.57925,-0.0106547028,
1.5795,-0.0383204035,
1.57975,0.0053240005,
1.58,0.0187731087,
1.58025,0.0050526578,
1.5805,-0.0100436537,
1.58075,-0.0004004250,
1.581,0.0121857403,
1.58125,-0.0078734811,
1.5815,0.0003019930,
1.58175,0.0099009471,
1.582,0.0244130082,
1.58225,0.0046294695,
1.5825,0.0034135138,
1.58275,-0.0097781317,
1.583,-0.0141426548,
1.58325,-0.0022827021,
1.5835,-0.0030443014,
1.58375,0.0023184409,
1.584,-0.0160253793,
1.58425,0.0013456697,
1.5845,0.0007105241,
1.58475,-0.0046718009,
1.585,0.0022792688,
1.58525,-0.0017402370,
1.5855,-0.0107977409,
1.58575,0.0031391876,
1.586,0.0060612066,
1.58625,-0.0009929349,
1.5865,-0.0041588377,
1.58675,0.0207457803,
1.587,-0.0035473499,
1.58725,-0.0238502175,
1.5875,-0.0210684463,
1.58775,0.0042213271,
1.588,-0.0046678130,
1.58825,-0.0149504878,
1.5885,0.0153061673,
1.58875,-0.0195292793,
1.589,-0.0302166957,
1.58925,-0.0249572769,
1.5895,-0.0311173238,
1.58975,0.0103081353,
1.59,0.0204092991,
1.59025,-0.0258456934,
1.5905,0.0007310213,
1.59075,-0.0049329940,
1.591,-0.0236258749,
1.59125,-0.0386644304,
1.5915,0.0009220610,
1.59175,0.0121033480,
1.592,-0.0057461946,
1.59225,0.0092193652,
1.5925,0.0012979737,
1.59275,-0.0012261886,
1.593,0.0134295681,
1.59325,-0.0158794858,
1.5935,-0.0197095443,
1.59375,-0.0069940202,
1.594,-0.0021072719,
1.59425,-0.0047644498,
1.5945,0.0089034680,
1.59475,0.0079655778,
1.595,-0.0017834520,
1.59525,-0.0028315871,
1.5955,-0.0010091540,
1.59575,0.0103392471,
1.596,0.0083404183,
1.59625,0.0007325389,
1.5965,0.0196362175,
1.59675,0.0280305166,
1.597,0.0170780607,
1.59725,0.0041493392,
1.5975,0.0072367201,
1.59775,0.0064883591,
1.598,-0.0169281624,
1.59825,-0.0168693680,
1.5985,0.0117964018,
1.59875,0.0067686574,
1.599,-0.0142031386,
1.59925,-0.0226162653,
1.5995,-0.0081926836,
1.59975,0.0024825810,
1.6,-0.0180518087,
1.60025,0.0227935519,
1.6005,0.0333701633,
1.60075,0.0103900023,
1.601,0.0259406939,
1.60125,0.0184119605,
1.6015,0.0151025178,
1.60175,0.0330759883,
1.602,0.0481845997,
1.60225,-0.0043978933,
1.6025,0.0188290849,
1.60275,0.0492873453,
1.603,0.0002922160,
1.60325,-0.0163529199,
1.6035,0.0140504437,
1.60375,-0.0112504326,
1.604,-0.0255412515,
1.60425,0.0065820529,
1.6045,0.0177636091,
1.60475,0.0099333916,
1.605,0.0098077636,
1.60525,0.0278883390,
1.6055,0.0141142216,
1.60575,0.0011368077,
1.606,0.0191329829,
1.60625,0.0050156419,
1.6065,-0.0114416778,
1.60675,0.0138112400,
1.607,-0.0044560586,
1.60725,0.0026529520,
1.6075,-0.0123929055,
1.60775,-0.0024884453,
1.608,0.0026281537,
1.60825,-0.0011313502,
1.6085,0.0271932390,
1.60875,0.0090283584,
1.609,-0.0058493181,
1.60925,0.0190758035,
1.6095,0.0124901198,
1.60975,-0.0224488825,
1.61,-0.0065744752,
1.61025,0.0144288046,
1.6105,-0.0042837691,
1.61075,0.0155236749,
1.611,0.0089013781,
1.61125,0.0100349970,
1.6115,0.0209028833,
1.61175,0.0135929901,
1.612,-0.0042400360,
1.61225,0.0204716176,
1.6125,0.0252570473,
1.61275,0.0166154969,
1.613,-0.0078880657,
1.61325,0.0083683869,
1.6135,0.0230516940,
1.61375,0.0110302968,
1.614,0.0094166342,
1.61425,0.0019366912,
1.6145,0.0000892334,
1.61475,-0.0037945127,
1.615,-0.0152244419,
1.61525,-0.0188277587,
1.6155,0.0021389059,
1.61575,-0.0154239414,
1.616,-0.0062460937,
1.61625,0.0005907542,
1.6165,0.0192229208,
1.61675,-0.0053639901,
1.617,0.0064797020,
1.61725,0.0077765593,
1.6175,0.0088262297,
1.61775,0.0020607088,
1.618,-0.0034016583,
1.61825,-0.0095579261,
1.6185,-0.0049158363,
1.61875,-0.0144452797,
1.619,-0.0133798281,
1.61925,-0.0118477074,
1.6195,-0.0103944810,
1.61975,-0.0555791408,
1.62,-0.0192283224,
1.62025,-0.0067202086,
1.6205,-0.0094100963,
1.62075,0.0052024908,
1.621,-0.0278268941,
1.62125,0.0140152108,
1.6215,-0.0019380513,
1.62175,-0.0120380009,
1.622,0.0081873350,
1.62225,0.0132182427,
1.6225,-0.0120654320,
1.62275,-0.0139486715,
1.623,-0.0064699049,
1.62325,-0.0083490815,
1.6235,0.0005060578,
1.62375,0.0076594073,
1.624,-0.0279207695,
1.62425,0.0042566173,
1.6245,0.0222991239,
1.62475,-0.0024803518,
1.625,-0.0220308043,
1.62525,0.0205425844,
1.6255,-0.0091276579,
1.62575,-0.0273849834,
1.626,-0.0199362747,
1.62625,0.0066290889,
1.6265,-0.0130566442,
1.62675,-0.0179192461,
1.627,-0.0105238166,
1.62725,-0.0208716113,
1.6275,-0.0063509801,
1.62775,0.0020810878,
1.628,-0.0145481424,
1.62825,0.0036141472,
1.6285,0.0032415008,
1.62875,-0.0087381341,
1.629,0.0116269328,
1.62925,0.0035205923,
1.6295,-0.0099954829,
1.62975,-0.0167419091,
1.63,0.0013079287,
1.63025,-0.0098959217,
1.6305,-0.0196965691,
1.63075,-0.0269785430,
1.631,-0.0223669503,
1.63125,-0.0258865431,
1.6315,-0.0056255725,
1.63175,-0.0192462355,
1.632,-0.0144759770,
1.63225,0.0101915579,
1.6325,-0.0041259583,
1.63275,0.0069421972,
1.633,0.0001868210,
1.63325,-0.0096779373,
1.6335,-0.0085134450,
1.63375,-0.0098264460,
1.634,0.0001296771,
1.63425,-0.0041964417,
1.6345,0.0032149327,
1.63475,-0.0177270286,
1.635,0.0066813817,
1.63525,-0.0003510914,
1.6355,0.0031959587,
1.63575,-0.0101861646,
1.636,-0.0009397621,
1.63625,-0.0117203230,
1.6365,-0.0160040949,
1.63675,0.0013488324,
1.637,-0.0060103266,
1.63725,0.0022966957,
1.6375,-0.0020617461,
1.63775,-0.0039471323,
1.638,-0.0066609597,
1.63825,-0.0036540374,
1.6385,-0.0048155212,
1.63875,-0.0148466239,
1.639,0.0047220653,
1.63925,0.0141194258,
1.6395,-0.0134889502,
1.63975,0.0117636798,
1.64,0.0054929527,
1.64025,0.0074545257,
1.6405,-0.0044466606,
1.64075,-0.0260882378,
1.641,0.0053882040,
1.64125,-0.0275414400,
1.6415,-0.1155811474,
1.64175,0.0167561434,
1.642,-0.0200566016,
1.64225,0.0063874209,
1.6425,0.0102871265,
1.64275,-0.0209835451,
1.643,-0.0175187346,
1.64325,0.0110748550,
1.6435,0.0042086812,
1.64375,0.0092281699,
1.644,0.0090925610,
1.64425,0.0070725298,
1.6445,-0.0257985685,
1.64475,-0.0046748347,
1.645,0.0112618329,
1.64525,0.0180888008,
1.6455,0.0118780611,
1.64575,0.0089725908,
1.646,0.0140828751,
1.64625,0.0293109603,
1.6465,0.0092364727,
1.64675,-0.0041182660,
1.647,0.0077700564,
1.64725,0.0053492626,
1.6475,-0.0062727253,
1.64775,-0.0067818668,
1.648,0.0180123150,
1.64825,0.0037657870,
1.6485,-0.0002579537,
1.64875,0.0137143340,
1.649,0.0246301927,
1.64925,0.0213144552,
1.6495,0.0391857475,
1.64975,0.0139111374,
1.65,0.0065714642,
1.65025,0.0136214402,
1.6505,0.0137578454,
1.65075,0.0057856790,
1.651,0.0252386145,
1.65125,0.0123526668,
1.6515,-0.0028982870,
1.65175,-0.0031178861,
1.652,0.0058002425,
1.65225,-0.0206769258,
1.6525,-0.0742861927,
1.65275,-0.0447309688,
1.653,-0.0004086011,
1.65325,0.0014374447,
1.6535,0.0108810002,
1.65375,0.0133740734,
1.654,0.0100438483,
1.65425,-0.0271150675,
1.6545,0.0140037434,
1.65475,-0.0086425375,
1.655,0.0140821794,
1.65525,0.0056603453,
1.6555,-0.0005473112,
1.65575,0.0165322404,
1.656,0.0216181688,
1.65625,-0.0001875808,
1.6565,0.0010497142,
1.65675,0.0175274536,
1.657,0.0050243065,
1.65725,0.0044960883,
1.6575,-0.0015106354,
1.65775,-0.0049370714,
1.658,0.0117666554,
1.65825,0.0101832468,
1.6585,-0.0067404509,
1.65875,0.0111417901,
1.659,0.0040356158,
1.65925,-0.0005780220,
1.6595,-0.0034043351,
1.65975,-0.0078157037,
1.66,0.0099685267,
1.66025,0.0187262911,
1.6605,0.0088443216,
1.66075,0.0074971691,
1.661,0.0188758355,
1.66125,0.0072862897,
1.6615,-0.0032940437,
1.66175,-0.0173012987,
1.662,0.0272962563,
1.66225,-0.0446317755,
1.6625,-0.0329746008,
1.66275,-0.0523596033,
1.663,-0.0718272552,
1.66325,-0.0704068020,
1.6635,-0.0372060463,
1.66375,-0.0369092301,
1.664,0.0108686108,
1.66425,-0.0052974280,
1.6645,-0.0134073664,
1.66475,0.0110357637,
1.665,0.0063840486,
1.66525,-0.0316035412,
1.6655,-0.0338805802,
1.66575,0.0256821476,
1.666,-0.0108898710,
1.66625,-0.0447665676,
1.6665,-0.0217495877,
1.66675,-0.0113184387,
1.667,0.0069973478,
1.66725,-0.0215130392,
1.6675,-0.0317550525,
1.66775,-0.0375789478,
1.668,0.0054897000,
1.66825,-0.0309171714,
1.6685,-0.0061899377,
1.66875,0.0028327289,
1.669,0.0129896589,
1.66925,-0.0199977867,
1.6695,-0.0024663147,
1.66975,0.0101253847,
1.67,0.0048295306,
1.67025,0.0008644828,
1.6705,-0.0066451128,
1.67075,0.0036803412,
1.671,0.0000371927,
1.67125,-0.0057305936,
1.6715,-0.0012335939,
1.67175,0.0064574839,
1.672,0.0015773471,
1.67225,0.0005029560,
1.6725,0.0056987773,
1.67275,0.0127383601,
1.673,-0.0139388256,
1.67325,-0.0832262263,
1.6735,-0.0212536175,
1.67375,-0.0011913033,
1.674,-0.0059400806,
1.67425,-0.0192666836,
1.6745,0.0001995306,
1.67475,0.0142194945,
1.675,-0.0022086382,
1.67525,-0.0046993345,
1.6755,0.0075436458,
1.67575,0.0207950268,
1.676,0.0085952934,
1.67625,0.0126059391,
1.6765,0.0103655132,
1.67675,0.0210563187,
1.677,0.0028894036,
1.67725,0.0091284998,
1.6775,0.0048196716,
1.67775,0.0169026311,
1.678,0.0097393645,
1.67825,0.0046714246,
1.6785,-0.0046770740,
1.67875,0.0232428126,
1.679,-0.0204756018,
1.67925,-0.0069444682,
1.6795,0.0027906036,
1.67975,0.0160032306,
1.68,-0.0095542306,
1.68025,-0.0204323083,
1.6805,0.0140343588,
1.68075,0.0225914735,
1.681,0.0201415345,
1.68125,0.0082319183,
1.6815,0.0122832423,
1.68175,0.0161852576,
1.682,0.0069913594,
1.68225,0.0005204455,
1.6825,0.0308111832,
1.68275,0.0110496907,
1.683,0.0193906371,
1.68325,0.0059464555,
1.6835,0.0276370011,
1.68375,-0.0257276259,
1.684,-0.0011712392,
1.68425,0.0013211464,
1.6845,-0.0343507938,
1.68475,-0.0020227029,
1.685,-0.0355532169,
1.68525,-0.0068261558,
1.6855,-0.0021545028,
1.68575,0.0231532454,
1.686,0.0096933134,
1.68625,0.0188613422,
1.6865,0.0264503956,
1.68675,0.0243926086,
1.687,0.0254958570,
1.68725,0.0147592761,
1.6875,0.0319304168,
1.68775,0.0415962227,
1.688,0.0153680416,
1.68825,0.0106408251,
1.6885,0.0288724266,
1.68875,0.0246319380,
1.689,0.0083638281,
1.68925,0.0181534030,
1.6895,0.0230416004,
1.68975,0.0144988205,
1.69,0.0199027844,
1.69025,0.0077657765,
1.6905,0.0147726471,
1.69075,0.0234047920,
1.691,0.0051391209,
1.69125,0.0253927261,
1.6915,0.0337180570,
1.69175,0.0211752839,
1.692,0.0222644564,
1.69225,0.0261060596,
1.6925,0.0288648307,
1.69275,0.0158427842,
1.693,0.0057577742,
1.69325,0.0162153095,
1.6935,0.0252117775,
1.69375,0.0033527820,
1.694,0.0195052121,
1.69425,0.0118809985,
1.6945,0.0159691479,
1.69475,-0.0421101265,
1.695,-0.0384503193,
1.69525,0.0003339298,
1.6955,0.0021815342,
1.69575,0.0122288847,
1.696,-0.0150356675,
1.69625,0.0274537951,
1.6965,0.0011048343,
1.69675,0.0173766352,
1.697,0.0021659825,
1.69725,0.0185108408,
1.6975,0.0201687105,
1.69775,0.0054320693,
1.698,0.0112699354,
1.69825,0.0263681170,
1.6985,0.0180280171,
1.69875,0.0018618373,
1.699,0.0014333141,
1.69925,0.0138787562,
1.6995,0.0240964275,
1.69975,-0.0117905913,
1.7,-0.0033824795,
1.70025,0.0146802999,
1.7005,0.0185149331,
1.70075,-0.0037210484,
1.701,0.0027879144,
1.70125,-0.0063303504,
1.7015,0.0006984139,
1.70175,-0.0191182010,
1.702,0.0038865050,
1.70225,0.0061936323,
1.7025,0.0074628238,
1.70275,0.0015318354,
1.703,-0.0104972627,
1.70325,-0.0106847994,
1.7035,0.0111257527,
1.70375,-0.0030252067,
1.704,0.0027786656,
1.70425,0.0100965044,
1.7045,-0.0105994046,
1.70475,-0.0235741027,
1.705,-0.0252203811,
1.70525,-0.0123589532,
1.7055,0.0106221167,
1.70575,-0.0157775711,
1.706,-0.0092346668,
1.70625,0.0229911506,
1.7065,0.0038802265,
1.70675,-0.0121231088,
1.707,-0.0020478182,
1.70725,0.0118996240,
1.7075,-0.0272512455,
1.70775,-0.0199920721,
1.708,0.0093053272,
1.70825,0.0036164778,
1.7085,-0.0170022864,
1.70875,-0.0090699289,
1.709,-0.0110942218,
1.70925,0.0090590008,
1.7095,-0.0141765978,
1.70975,-0.0117926253,
1.71,-0.0056865155,
1.71025,0.0034955363,
1.7105,0.0016923352,
1.71075,-0.0185824428,
1.711,-0.0080347545,
1.71125,0.0041626561,
1.7115,-0.0242249668,
1.71175,-0.0198204331,
1.712,-0.0256514754,
1.71225,0.0005428168,
1.7125,-0.0032439644,
1.71275,-0.0191887692,
1.713,-0.0050072395,
1.71325,0.0151855974,
1.7135,-0.0102018295,
1.71375,-0.0046477416,
1.714,-0.0172984768,
1.71425,-0.0216374844,
1.7145,-0.0305413865,
1.71475,-0.0088560078,
1.715,-0.0203695055,
1.71525,-0.0233785324,
1.7155,-0.0091111902,
1.71575,-0.0278390534,
1.716,-0.0149335787,
1.71625,0.0242750365,
1.7165,-0.0427319854,
1.71675,-0.0310416874,
1.717,0.0060889735,
1.71725,0.0036928998,
1.7175,-0.0389810801,
1.71775,-0.0121543854,
1.718,0.0099351164,
1.71825,-0.0069699520,
1.7185,-0.0089967651,
1.71875,-0.0106518585,
1.719,0.0055086990,
1.71925,-0.0002075297,
1.7195,-0.0182781480,
1.71975,-0.0205622967,
1.72,0.0147525771,
1.72025,-0.0054622544,
1.7205,0.0094466060,
1.72075,0.0046376004,
1.721,0.0160235725,
1.72125,0.0113840699,
1.7215,0.0141814854,
1.72175,-0.0021119055,
1.722,-0.0036261887,
1.72225,0.0008062865,
1.7225,-0.0270453822,
1.72275,-0.0212936737,
1.723,0.0020416668,
1.72325,0.0069779386,
1.7235,-0.0219576024,
1.72375,0.0023847683,
1.724,0.0128888795,
1.72425,-0.0086956341,
1.7245,0.0071167527,
1.72475,0.0162778627,
1.725,0.0142401913,
1.72525,0.0247120969,
1.7255,-0.0047906060,
1.72575,-0.0013019081,
1.726,0.0171277598,
1.72625,-0.0177349187,
1.7265,-0.0221300386,
1.72675,0.0005474010,
1.727,0.0029907054,
1.72725,-0.0159911830,
1.7275,-0.0085683679,
1.72775,-0.0031651205,
1.728,-0.0079012448,
1.72825,0.0173804425,
1.7285,0.0035716640,
1.72875,-0.0034440893,
1.729,0.0159302521,
1.72925,0.0231457427,
1.7295,-0.0019035505,
1.72975,0.0280530341,
1.73,0.0133887623,
1.73025,-0.0015388982,
1.7305,-0.0140390117,
1.73075,0.0119911283,
1.731,0.0070448164,
1.73125,0.0268768705,
1.7315,0.0060286750,
1.73175,0.0087759048,
1.732,0.0204732120,
1.73225,0.0273736920,
1.7325,-0.0137432590,
1.73275,-0.0087643377,
1.733,0.0233556107,
1.73325,-0.0183617361,
1.7335,-0.0056557618,
1.73375,0.0079261120,
1.734,0.0255665947,
1.73425,0.0035877165,
1.7345,0.0117824217,
1.73475,0.0173567887,
1.735,0.0220660381,
1.73525,0.0283078402,
1.7355,0.0097550070,
1.73575,0.0114168040,
1.736,0.0215855166,
1.73625,0.0009737186,
1.7365,0.0035161297,
1.73675,0.0272919349,
1.737,0.0205639601,
1.73725,0.0025657939,
1.7375,0.0028123423,
1.73775,0.0083513260,
1.738,0.0260885656,
1.73825,-0.0127732232,
1.7385,0.0122205550,
1.73875,0.0275488123,
1.739,0.0219198465,
1.73925,0.0208399110,
1.7395,-0.0182588771,
1.73975,-0.0035129236,
1.74,0.0200968515,
1.74025,-0.0227598306,
1.7405,0.0064785448,
1.74075,0.0069983238,
1.741,0.0100057218,
1.74125,-0.0025946323,
1.7415,0.0094299009,
1.74175,0.0196882058,
1.742,0.0122816619,
1.74225,0.0027276992,
1.7425,0.0071280939,
1.74275,0.0182479955,
1.743,0.0109594129,
1.74325,0.0037492441,
1.7435,-0.0131107410,
1.74375,-0.0065324251,
1.744,-0.0020695103,
1.74425,-0.0080613587,
1.7445,-0.0192138329,
1.74475,0.0052162195,
1.745,0.0065801940,
1.74525,0.0109941708,
1.7455,0.0000255839,
1.74575,0.0084801568,
1.746,0.0077035176,
1.74625,0.0023888519,
1.7465,-0.0038922767,
1.74675,0.0055081034,
1.747,0.0076524685,
1.74725,-0.0008370082,
1.7475,0.0039958446,
1.74775,-0.0115775075,
1.748,-0.0012531200,
1.74825,-0.0245425031,
1.7485,-0.0206863619,
1.74875,0.0074099367,
1.749,-0.0197425447,
1.74925,-0.0308144912,
1.7495,-0.0521902703,
1.74975,0.0098881684,
1.75,-0.0006940588,
1.75025,-0.0228041075,
1.7505,0.0037943234,
1.75075,0.0079315975,
1.751,-0.0071000010,
1.75125,0.0134432781,
1.7515,0.0099865682,
1.75175,0.0002122854,
1.752,0.0074953213,
1.75225,0.0025318342,
1.7525,-0.0049860291,
1.75275,0.0083446633,
1.753,0.0168953985,
1.75325,-0.0233853161,
1.7535,-0.0057879267,
1.75375,-0.0019590505,
1.754,-0.0024299317,
1.75425,-0.0274500512,
1.7545,-0.0275131464,
1.75475,-0.0058527412,
1.755,-0.0116445040,
1.75525,-0.0156301092,
1.7555,0.0002383337,
1.75575,0.0163789820,
1.756,-0.0029141072,
1.75625,0.0066448189,
1.7565,0.0031573381,
1.75675,-0.0007557430,
1.757,-0.0199881271,
1.75725,-0.0164573286,
1.7575,-0.0156405158,
1.75775,-0.0030993645,
1.758,-0.0007275992,
1.75825,-0.0130795632,
1.7585,-0.0054740217,
1.75875,-0.0253267959,
1.759,-0.0501540639,
1.75925,-0.0598856509,
1.7595,-0.0374494530,
1.75975,-0.0034150577,
1.76,-0.0259109400,
1.76025,-0.0096142013,
1.7605,-0.0076883929,
1.76075,0.0082608489,
1.761,-0.0169353597,
1.76125,-0.0039665648,
1.7615,-0.0158856586,
1.76175,-0.0005424474,
1.762,0.0024105771,
1.76225,-0.0177421439,
1.7625,-0.0175538044,
1.76275,0.0213765763,
1.763,-0.0265648756,
1.76325,-0.0038202552,
1.7635,-0.0047706352,
1.76375,0.0042135175,
1.764,-0.0622262880,
1.76425,-0.0169406720,
1.7645,-0.0123960227,
1.76475,-0.0065497220,
1.765,-0.0315377228,
1.76525,-0.0261356905,
1.7655,-0.0004096651,
1.76575,-0.0125890542,
1.766,-0.0049258256,
1.76625,-0.0029184157,
1.7665,0.0274563972,
1.76675,0.0027627652,
1.767,-0.0028715548,
1.76725,0.0098350607,
1.7675,0.0070114322,
1.76775,0.0015012779,
1.768,-0.0238672048,
1.76825,0.0003243097,
1.7685,-0.0390055254,
1.76875,-0.0452388227,
1.769,-0.0143063869,
1.76925,-0.0299728382,
1.7695,-0.0568951108,
1.76975,0.0474737212,
1.77,-0.1930686682,
1.77025,-0.1318717897,
1.7705,0.0400741324,
1.77075,-0.0611267015,
1.771,-0.0024830785,
1.77125,-0.0002503540,
1.7715,-0.0085098343,
1.77175,-0.0104691721,
1.772,0.0169697683,
1.77225,-0.0184693597,
1.7725,-0.0065621273,
1.77275,-0.0026097870,
1.773,0.0175606422,
1.77325,-0.0687311813,
1.7735,0.0317288339,
1.77375,0.0104226936,
1.774,0.0227155015,
1.77425,-0.0079329032,
1.7745,0.0381152257,
1.77475,0.0146184508,
1.775,0.0142674632,
1.77525,0.0169034954,
1.7755,0.0198992826,
1.77575,0.0089615760,
1.776,-0.0084180981,
1.77625,0.0031416628,
1.7765,0.0181967597,
1.77675,-0.0012011554,
1.777,0.0136296470,
1.77725,0.0252008978,
1.7775,0.0334852487,
1.77775,0.0145952255,
1.778,0.0268598422,
1.77825,0.0256748348,
1.7785,0.0248561464,
1.77875,0.0120293200,
1.779,0.0245380048,
1.77925,0.0147571638,
1.7795,0.0248743594,
1.77975,0.0267832819,
1.78,0.0383185782,
1.78025,0.0119886175,
1.7805,0.0067005609,
1.78075,0.0014294160,
1.781,-0.0054691052,
1.78125,0.0145625398,
1.7815,0.0130858850,
1.78175,-0.0011095747,
1.782,0.0086930301,
1.78225,0.0360845104,
1.7825,0.0388712361,
1.78275,0.0144636268,
1.783,0.0132307401,
1.78325,0.0371298343,
1.7835,0.0194062497,
1.78375,0.0137707219,
1.784,0.0322747529,
1.78425,0.0266827084,
1.7845,0.0157726910,
1.78475,0.0178775378,
1.785,0.0164145119,
1.78525,0.0231192466,
1.7855,0.0412001424,
1.78575,0.0187916290,
1.786,0.0190965962,
1.78625,0.0297740288,
1.7865,0.0416313186,
1.78675,0.0122019835,
1.787,0.0173799712,
1.78725,0.0205807686,
1.7875,0.0066980273,
1.78775,-0.0052264123,
1.788,0.0095355501,
1.78825,0.0185870565,
1.7885,0.0242922548,
1.78875,0.0137700783,
1.789,0.0252227597,
1.78925,0.0121133383,
1.7895,0.0257085171,
1.78975,0.0237903148,
1.79,0.0135165863,
1.79025,0.0238514505,
1.7905,0.0302994438,
1.79075,-0.0132582933,
1.791,0.0035342076,
1.79125,-0.0044721812,
1.7915,-0.0257040523,
1.79175,-0.0274078008,
1.792,-0.0114296861,
1.79225,0.0163362976,
1.7925,0.0072718952,
1.79275,-0.0139918318,
1.793,0.0021994112,
1.79325,0.0270948950,
1.7935,0.0113558872,
1.79375,-0.0027277181,
1.794,0.0275585465,
1.79425,0.0099295173,
1.7945,0.0114786178,
1.79475,0.0186012052,
1.795,0.0009249919,
1.79525,0.0125285415,
1.7955,0.0111122616,
1.79575,-0.0055771926,
1.796,-0.0097761396,
1.79625,0.0216758419,
1.7965,0.0050244350,
1.79675,-0.0138030751,
1.797,0.0087930942,
1.79725,0.0252490379,
1.7975,-0.0045318101,
1.79775,-0.0028051136,
1.798,0.0065460503,
1.79825,0.0047165090,
1.7985,-0.0067918240,
1.79875,-0.0159209557,
1.799,0.0071078045,
1.79925,0.0018412014,
1.7995,-0.0060171578,
1.79975,-0.0050206613,
1.8,-0.0382287130,
1.80025,-0.0104073146,
1.8005,-0.0054594041,
1.80075,-0.0245050490,
1.801,0.0154320225,
1.80125,-0.0110559929,
1.8015,-0.0073666247,
1.80175,0.0034322282,
1.802,0.0005669572,
1.80225,-0.0011946964,
1.8025,-0.0416835099,
1.80275,-0.0194187891,
1.803,0.0016719790,
1.80325,-0.0219774693,
1.8035,-0.0105659096,
1.80375,-0.0090661962,
1.804,-0.0065088058,
1.80425,-0.0292873122,
1.8045,-0.0074683949,
1.80475,-0.0186752100,
1.805,-0.0296736863,
1.80525,-0.0064243148,
1.8055,-0.0166434161,
1.80575,-0.0134078227,
1.806,-0.0054904209,
1.80625,-0.0114863068,
1.8065,-0.0250851102,
1.80675,0.0001547084,
1.807,0.0133203948,
1.80725,0.0051766359,
1.8075,-0.0154024092,
1.80775,-0.0110266646,
1.808,-0.0096376063,
1.80825,-0.0093507804,
1.8085,-0.0119302059,
1.80875,-0.0051231496,
1.809,0.0099014202,
1.80925,0.0145300366,
1.8095,-0.0097161764,
1.80975,-0.0103376769,
1.81,0.0118780034,
1.81025,-0.0123821963,
1.8105,-0.0321775340,
1.81075,0.0056126663,
1.811,-0.0077322428,
1.81125,0.0031646190,
1.8115,0.0103244288,
1.81175,-0.0054307953,
1.812,-0.0135531416,
1.81225,0.0003895477,
1.8125,-0.0028169034,
1.81275,-0.0269227400,
1.813,0.0148876123,
1.81325,0.0043802564,
1.8135,-0.0370198376,
1.81375,0.0046501243,
1.814,0.0008933106,
1.81425,-0.0210790504,
1.8145,-0.0053617740,
1.81475,-0.0043172128,
1.815,-0.0101646241,
1.81525,-0.0060503795,
1.8155,-0.0049421866,
1.81575,0.0085617919,
1.816,0.0034883283,
1.81625,0.0029836786,
1.8165,-0.0020390269,
1.81675,0.0131172892,
1.817,0.0210521631,
1.81725,0.0031972046,
1.8175,0.0127233611,
1.81775,0.0211262293,
1.818,0.0275753513,
1.81825,0.0138914594,
1.8185,-0.0009806538,
1.81875,-0.0017330783,
1.819,0.0037715137,
1.81925,-0.0222613215,
1.8195,-0.0105120782,
1.81975,0.0072373222,
1.82,0.0298367161,
1.82025,-0.0307754017,
1.8205,-0.0130292447,
1.82075,0.0158985388,
1.821,-0.0114050172,
1.82125,0.0015288210,
1.8215,0.0266657975,
1.82175,-0.0057390220,
1.822,0.0274850465,
1.82225,0.0205958970,
1.8225,0.0075732036,
1.82275,0.0113687981,
1.823,0.0051894807,
1.82325,0.0150343301,
1.8235,-0.0358112492,
1.82375,-0.0198605191,
1.824,-0.0325853378,
1.82425,-0.0184575059,
1.8245,0.0044648601,
1.82475,-0.0083054146,
1.825,-0.0004260934,
1.82525,0.0030036266,
1.8255,0.0087736705,
1.82575,0.0083683794,
1.826,0.0306203738,
1.82625,0.0037296163,
1.8265,0.0077963248,
1.82675,0.0291045289,
1.827,0.0102966018,
1.82725,0.0099205086,
1.8275,0.0090570264,
1.82775,0.0100130783,
1.828,0.0127671584,
1.82825,0.0093938550,
1.8285,-0.0152372858,
1.82875,0.0195722263,
1.829,0.0073148049,
1.82925,0.0045573441,
1.8295,0.0101539865,
1.82975,0.0195738226,
1.83,-0.0093981791,
1.83025,0.0022307101,
1.8305,0.0228249058,
1.83075,0.0035781823,
1.831,-0.0010356242,
1.83125,0.0105905440,
1.8315,-0.0076565617,
1.83175,0.0032407639,
1.832,0.0057323687,
1.83225,-0.0123889223,
1.8325,-0.0062289694,
1.83275,0.0292610526,
1.833,0.0105949771,
1.83325,0.0014914590,
1.8335,0.0370870307,
1.83375,0.0206793807,
1.834,-0.0175919589,
1.83425,0.0115271555,
1.8345,0.0018774344,
1.83475,-0.0006560297,
1.835,-0.0263283197,
1.83525,-0.0352722444,
1.8355,-0.0038591265,
1.83575,-0.0060595367,
1.836,-0.0018311526,
1.83625,-0.0124474540,
1.8365,0.0119216694,
1.83675,0.0103843445,
1.837,0.0097795343,
1.83725,0.0014889501,
1.8375,0.0266709588,
1.83775,-0.0157054123,
1.838,-0.0164919589,
1.83825,-0.0061766193,
1.8385,0.0130823925,
1.83875,0.0043841703,
1.839,0.0117865652,
1.83925,-0.0267314259,
1.8395,0.0049321963,
1.83975,0.0017105440,
1.84,0.0053241109,
1.84025,-0.0364850052,
1.8405,-0.0094713047,
1.84075,-0.0050548920,
1.841,-0.0213093515,
1.84125,-0.0089010168,
1.8415,-0.0021413311,
1.84175,0.0020495749,
1.842,-0.0332090817,
1.84225,-0.0073846066,
1.8425,0.0023429734,
1.84275,-0.0270551704,
1.843,-0.0091243610,
1.84325,-0.0001165276,
1.8435,-0.0236773677,
1.84375,-0.0345786251,
1.844,-0.0081425291,
1.84425,-0.0129913529,
1.8445,0.0000895028,
1.84475,0.0044906880,
1.845,-0.0099455547,
1.84525,-0.0226884112,
1.8455,0.0072107790,
1.84575,-0.0187553037,
1.846,-0.0373576880,
1.84625,-0.0175697524,
1.8465,0.0027532140,
1.84675,-0.0034815371,
1.847,-0.0110049723,
1.84725,0.0048625092,
1.8475,0.0052755633,
1.84775,-0.0013336004,
1.848,-0.0006386798,
1.84825,-0.0045948415,
1.8485,-0.0200593211,
1.84875,-0.0072819549,
1.849,-0.0180205889,
1.84925,-0.0046207272,
1.8495,-0.0001253198,
1.84975,-0.0029957423,
1.85,0.0011131268,
1.85025,-0.0024320737,
1.8505,0.0173396170,
1.85075,0.0118955709,
1.851,-0.0080710212,
1.85125,0.0024193476,
1.8515,0.0025940891,
1.85175,-0.0109647494,
1.852,-0.0294434205,
1.85225,0.0054558218,
1.8525,0.0014873836,
1.85275,-0.0237000585,
1.853,0.0047828825,
1.85325,0.0040025776,
1.8535,0.0069203186,
1.85375,0.0194480326,
1.854,0.0027242219,
1.85425,0.0016680057,
1.8545,0.0184992906,
1.85475,0.0006919372,
1.855,0.0032290004,
1.85525,0.0042718956,
1.8555,-0.0037841080,
1.85575,-0.0107107442,
1.856,-0.0286286846,
1.85625,-0.0195151176,
1.8565,-0.0130214868,
1.85675,-0.0234157927,
1.857,-0.0125344982,
1.85725,-0.0008133036,
1.8575,0.0083053168,
1.85775,0.0063624000,
1.858,0.0141620077,
1.85825,0.0165999457,
1.8585,0.0207128767,
1.85875,0.0118568894,
1.859,0.0124637354,
1.85925,-0.0026838437,
1.8595,0.0099664796,
1.85975,-0.0112471348,
1.86,-0.0078597283,
1.86025,0.0111894784,
1.8605,0.0094397012,
1.86075,-0.0004437339,
1.861,0.0063190842,
1.86125,0.0079996511,
1.8615,-0.0007209735,
1.86175,0.0279798470,
1.862,0.0154203074,
1.86225,0.0203842074,
1.8625,0.0291485041,
1.86275,0.0068966723,
1.863,0.0130679533,
1.86325,0.0180633757,
1.8635,0.0157362986,
1.86375,0.0027149129,
1.864,0.0102455085,
1.86425,0.0188219659,
1.8645,0.0079359133,
1.86475,0.0089667058,
1.865,0.0272565708,
1.86525,0.0253412575,
1.8655,-0.0085408855,
1.86575,0.0077778264,
1.866,-0.0057732644,
1.86625,0.0340168662,
1.8665,-0.0431822315,
1.86675,-0.0600205772,
1.867,0.0183678586,
1.86725,-0.0053961575,
1.8675,0.0019316694,
1.86775,-0.0168983787,
1.868,-0.0026763056,
1.86825,0.0245584659,
1.8685,0.0132072680,
1.86875,0.0036803272,
1.869,0.0222182497,
1.86925,0.0195558257,
1.8695,0.0193569921,
1.86975,0.0205969401,
1.87,0.0332094319,
1.87025,0.0281717107,
1.8705,0.0070714667,
1.87075,0.0220488943,
1.871,0.0159858856,
1.87125,0.0232978202,
1.8715,0.0208924916,
1.87175,0.0166403074,
1.872,0.0191404335,
1.87225,0.0274452921,
1.8725,0.0204603542,
1.87275,-0.0031822524,
1.873,-0.0179475807,
1.87325,-0.0077654892,
1.8735,0.0097764526,
1.87375,-0.0247455090,
1.874,-0.0119495904,
1.87425,-0.0073267510,
1.8745,-0.0737307817,
1.87475,-0.0324030444,
1.875,0.0182691459,
1.87525,-0.0476199239,
1.8755,-0.0490239672,
1.87575,-0.0298045855,
1.876,-0.0528280586,
1.87625,0.0271327384,
1.8765,0.0080308607,
1.87675,0.0138550811,
1.877,-0.0124956928,
1.87725,0.0196914952,
1.8775,0.0131506482,
1.87775,-0.0377550609,
1.878,-0.0064557884,
1.87825,-0.0022198956,
1.8785,-0.0672647431,
1.87875,0.0122243017,
1.879,0.0133533543,
1.87925,0.0376831964,
1.8795,0.0036805870,
1.87975,0.0122716613,
1.88,0.0312459376,
1.88025,0.0117048724,
1.8805,0.0096980100,
1.88075,0.0261437166,
1.881,0.0070522767,
1.88125,0.0211214740,
1.8815,0.0126719149,
1.88175,0.0061912313,
1.882,0.0057765823,
1.88225,0.0320213214,
1.8825,0.0024810359,
1.88275,0.0005586980,
1.883,0.0077569555,
1.88325,0.0034475015,
1.8835,-0.0074900771,
1.88375,0.0006043650,
1.884,0.0273946933,
1.88425,-0.0047247391,
1.8845,0.0037143601,
1.88475,-0.0085214851,
1.885,0.0178944096,
1.88525,0.0002807910,
1.8855,0.0045911535,
1.88575,0.0054081464,
1.886,0.0044978647,
1.88625,0.0066335360,
1.8865,0.0004956881,
1.88675,-0.0155279133,
1.887,0.0120825274,
1.88725,0.0012275723,
1.8875,0.0046762116,
1.88775,0.0064046597,
1.888,0.0060249595,
1.88825,-0.0092817089,
1.8885,-0.0145063130,
1.88875,-0.0017689617,
1.889,0.0009499111,
1.88925,0.0004649626,
1.8895,0.0023497595,
1.88975,-0.0019195965,
1.89,0.0254937336,
1.89025,-0.0111377556,
1.8905,-0.0065398468,
1.89075,0.0111506125,
1.891,0.0167788919,
1.89125,-0.0050000437,
1.8915,0.0188998096,
1.89175,0.0134457266,
1.892,0.0132167693,
1.89225,0.0022434811,
1.8925,0.0048389696,
1.89275,0.0067982548,
1.893,0.0129433079,
1.89325,0.0121923741,
1.8935,-0.0200938843,
1.89375,0.0081750266,
1.894,0.0053524906,
1.89425,-0.0003948396,
1.8945,-0.0171120353,
1.89475,0.0098589752,
1.895,-0.0345933810,
1.89525,-0.0387336388,
1.8955,0.0024330323,
1.89575,-0.0039039450,
1.896,0.0243103914,
1.89625,-0.0047295359,
1.8965,-0.0034995095,
1.89675,0.0134533187,
1.897,0.0107043721,
1.89725,-0.0127547411,
1.8975,0.0109607130,
1.89775,0.0069752564,
1.898,0.0046117748,
1.89825,0.0019766730,
1.8985,0.0072865915,
1.89875,-0.0027698663,
1.899,-0.0058502322,
1.89925,-0.0280079972,
1.8995,-0.0521368906,
1.89975,-0.0366699621,
1.9,-0.0162219144,
1.90025,-0.0297260452,
1.9005,0.0033069707,
1.90075,0.0043814788,
1.901,-0.0051613855,
1.90125,-0.0050746705,
1.9015,0.0232175589,
1.90175,0.0259068683,
1.902,0.0141873397,
1.90225,0.0029468609,
1.9025,0.0220529269,
1.90275,0.0079599991,
1.903,0.0219923817,
1.90325,-0.0015206618,
1.9035,-0.0008717639,
1.90375,-0.0019484148,
1.904,0.0172243360,
1.90425,-0.0144556593,
1.9045,-0.0081914552,
1.90475,0.0084568607,
1.905,0.0156902317,
1.90525,-0.0372183397,
1.9055,0.0109831048,
1.90575,0.0244636107,
1.906,0.0112157678,
1.90625,0.0044771461,
1.9065,0.0110738408,
1.90675,0.0069625396,
1.907,-0.0008094382,
1.90725,0.0083624935,
1.9075,-0.0209856797,
1.90775,-0.0464144722,
1.908,0.0097369468,
1.90825,-0.0197227113,
1.9085,-0.0187828653,
1.90875,0.0117654335,
1.909,0.0214519147,
1.90925,0.0076613673,
1.9095,0.0127357515,
1.90975,0.0215367191,
1.91,-0.0113569619,
1.91025,0.0096327085,
1.9105,0.0313549526,
1.91075,0.0177501589,
1.911,-0.0009472942,
1.91125,-0.0063978271,
1.9115,0.0010243417,
1.91175,-0.0040547475,
1.912,0.0189023614,
1.91225,-0.0163947809,
1.9125,0.0101634320,
1.91275,0.0114420047,
1.913,0.0130486200,
1.91325,-0.0011252064,
1.9135,0.0113997469,
1.91375,0.0163828656,
1.914,0.0033961632,
1.91425,0.0136207743,
1.9145,0.0082470123,
1.91475,0.0274052992,
1.915,0.0007766851,
1.91525,-0.0162229799,
1.9155,-0.0052249655,
1.91575,-0.0203272179,
1.916,-0.0070522493,
1.91625,-0.0243528020,
1.9165,0.0240737051,
1.91675,-0.0160280764,
1.917,-0.0182980187,
1.91725,0.0002338676,
1.9175,0.0243347622,
1.91775,-0.0001185567,
1.918,0.0031309319,
1.91825,-0.0134107294,
1.9185,0.0002611151,
1.91875,-0.0028042211,
1.919,0.0049206014,
1.91925,-0.0065849889,
1.9195,0.0181274898,
1.91975,-0.0174284056,
1.92,-0.0032077904,
1.92025,-0.0008361391,
1.9205,0.0076495847,
1.92075,-0.0209809579,
1.921,-0.0033153456,
1.92125,-0.0050216052,
1.9215,-0.0254855137,
1.92175,-0.0231494494,
1.922,-0.0169430058,
1.92225,-0.0014191952,
1.9225,-0.0265115052,
1.92275,-0.0126380669,
1.923,-0.0121979583,
1.92325,-0.0041984809,
1.9235,-0.0108593982,
1.92375,-0.0148203745,
1.924,0.0008773968,
1.92425,-0.0002409331,
1.9245,0.0078209536,
1.92475,-0.0077648796,
1.925,0.0059655560,
1.92525,-0.0055879327,
1.9255,0.0003737896,
1.92575,0.0283115711,
1.926,-0.0352485180,
1.92625,-0.0334638804,
1.9265,0.0099833412,
1.92675,-0.0200737249,
1.927,-0.0613243319,
1.92725,0.0033020214,
1.9275,-0.0007879518,
1.92775,0.0110475896,
1.928,-0.0072358032,
1.92825,-0.0042553889,
1.9285,-0.0093316277,
1.92875,0.0228215586,
1.929,0.0008874944,
1.92925,-0.0052482141,
1.9295,0.0041785389,
1.92975,-0.0211910997,
1.93,-0.0344148874,
1.93025,-0.0034332350,
1.9305,-0.0146427993,
1.93075,-0.0164912585,
1.931,-0.0289486982,
1.93125,-0.0310102757,
1.9315,-0.0208303668,
1.93175,-0.0348288789,
1.932,-0.0326269977,
1.93225,0.0043371306,
1.9325,0.0068667531,
1.93275,-0.0144330710,
1.933,-0.0089964280,
1.93325,-0.0202608705,
1.9335,-0.0159784555,
1.93375,-0.0016761291,
1.934,-0.0101659223,
1.93425,0.0009472434,
1.9345,-0.0142801693,
1.93475,-0.0041878372,
1.935,-0.0172717180,
1.93525,0.0042779222,
1.9355,0.0057068416,
1.93575,-0.0082839876,
1.936,0.0123784356,
1.93625,0.0120065464,
1.9365,-0.0081265550,
1.93675,0.0033275015,
1.937,-0.0049640732,
1.93725,-0.0253958721,
1.9375,0.0094292555,
1.93775,-0.0506630689,
1.938,-0.0250845701,
1.93825,0.0109027373,
1.9385,0.0147734480,
1.93875,-0.0212966260,
1.939,-0.0069315876,
1.93925,0.0287894178,
1.9395,0.0072752959,
1.93975,-0.0036330586,
1.94,0.0224119425,
1.94025,-0.0051536462,
1.9405,-0.0078714518,
1.94075,-0.0077147130,
1.941,-0.0052290834,
1.94125,-0.0254404768,
1.9415,0.0004917612,
1.94175,-0.0086415550,
1.942,-0.0194231030,
1.94225,-0.0098446840,
1.9425,0.0073909229,
1.94275,-0.0243224651,
1.943,-0.0005030416,
1.94325,0.0126740513,
1.9435,0.0091093723,
1.94375,-0.0045687435,
1.944,0.0101290327,
1.94425,0.0077899937,
1.9445,0.0274042636,
1.94475,-0.0056977076,
1.945,0.0132409539,
1.94525,0.0181987733,
1.9455,0.0051036128,
1.94575,0.0051237177,
1.946,0.0214656834,
1.94625,0.0190376975,
1.9465,0.0301363841,
1.94675,0.0227308832,
1.947,-0.0133000892,
1.94725,0.0138952713,
1.9475,0.0186703242,
1.94775,-0.0086816438,
1.948,0.0068182568,
1.94825,-0.0037008801,
1.9485,-0.0059763337,
1.94875,-0.0005509355,
1.949,0.0127205197,
1.94925,0.0334483646,
1.9495,0.0134684667,
1.94975,0.0167034548,
1.95,0.0337175131,
1.95025,0.0201927908,
1.9505,0.0055722510,
1.95075,0.0030196367,
1.951,0.0048712110,
1.95125,0.0011081715,
1.9515,0.0083014304,
1.95175,0.0077749062,
1.952,0.0045908960,
1.95225,0.0221315604,
1.9525,-0.0078849448,
1.95275,-0.0192763079,
1.953,-0.0420432128,
1.95325,-0.0018516439,
1.9535,-0.0245739613,
1.95375,-0.0155107481,
1.954,0.0090977876,
1.95425,0.0247135479,
1.9545,0.0065867626,
1.95475,-0.0002053668,
1.955,0.0234294087,
1.95525,0.0156468377,
1.9555,0.0133059360,
1.95575,0.0090576168,
1.956,0.0297935791,
1.95625,0.0130316140,
1.9565,0.0209426023,
1.95675,0.0070018698,
1.957,0.0273574851,
1.95725,0.0173006635,
1.9575,-0.0010136846,
1.95775,-0.0029305834,
1.958,0.0229978971,
1.95825,-0.0018941865,
1.9585,0.0133976433,
1.95875,0.0086604822,
1.959,0.0117693637,
1.95925,0.0126177426,
1.9595,-0.0006680940,
1.95975,0.0050468440,
1.96,0.0064783199,
1.96025,0.0241458137,
1.9605,0.0163561217,
1.96075,0.0089290198,
1.961,0.0329890698,
1.96125,0.0147737786,
1.9615,-0.0212514009,
1.96175,-0.0223382451,
1.962,-0.0242962800,
1.96225,0.0022766916,
1.9625,-0.0058511687,
1.96275,-0.0000902971,
1.963,0.0037675560,
1.96325,0.0032644984,
1.9635,-0.0018940973,
1.96375,-0.0200949833,
1.964,0.0105724074,
1.96425,0.0046591596,
1.9645,-0.0105355568,
1.96475,0.0092783766,
1.965,0.0056356443,
1.96525,0.0083903484,
1.9655,-0.0101991910,
1.96575,-0.0099707991,
1.966,-0.0048448094,
1.96625,0.0023006091,
1.9665,-0.0141410986,
1.96675,0.0119864047,
1.967,0.0022121326,
1.96725,0.0076572872,
1.9675,0.0130173210,
1.96775,0.0050600707,
1.968,0.0246309265,
1.96825,0.0038018425,
1.9685,0.0003981644,
1.96875,-0.0177375395,
1.969,-0.0175946932,
1.96925,-0.0113530867,
1.9695,-0.0061100298,
1.96975,-0.0159020144,
1.97,0.0045795492,
1.97025,-0.0440718271,
1.9705,-0.0216864720,
1.97075,-0.0024656528,
1.971,0.0176513810,
1.97125,-0.0049059168,
1.9715,-0.0156675018,
1.97175,0.0156753901,
1.972,-0.0081084780,
1.97225,-0.0079347193,
1.9725,-0.0145284291,
1.97275,0.0069623725,
1.973,0.0117082438,
1.97325,-0.0018287862,
1.9735,-0.0079843551,
1.97375,0.0075818803,
1.974,0.0036891436,
1.97425,-0.0054417746,
1.9745,-0.0194542632,
1.97475,-0.0028384659,
1.975,-0.0047791079,
1.97525,-0.0259319432,
1.9755,-0.0293857884,
1.97575,-0.0239734184,
1.976,0.0132512590,
1.97625,-0.0184940137,
1.9765,-0.0077784178,
1.97675,-0.0046041445,
1.977,0.0063466518,
1.97725,0.0017900611,
1.9775,0.0137701733,
1.97775,0.0016661626,
1.978,0.0315579697,
1.97825,-0.0024682051,
1.9785,0.0033119277,
1.97875,0.0008674329,
1.979,0.0061913785,
1.97925,0.0262645222,
1.9795,-0.0311712623,
1.97975,0.0020097627,
1.98,0.0056300433,
1.98025,0.0014237054,
1.9805,-0.0107927546,
1.98075,0.0087921862,
1.981,0.0089487638,
1.98125,-0.0173411462,
1.9815,-0.0094011258,
1.98175,0.0088979499,
1.982,-0.0036372310,
1.98225,0.0042934013,
1.9825,0.0112118199,
1.98275,0.0096396431,
1.983,0.0086076194,
1.98325,0.0056109503,
1.9835,0.0065450249,
1.98375,0.0150669329,
1.984,0.0037461941,
1.98425,-0.0118021313,
1.9845,0.0082640788,
1.98475,0.0147936223,
1.985,-0.0134610804,
1.98525,-0.0347418673,
1.9855,-0.0147136301,
1.98575,-0.0024861458,
1.986,0.0027458044,
1.98625,-0.0021033720,
1.9865,0.0164530966,
1.98675,0.0228294060,
1.987,0.0079490077,
1.98725,0.0063185282,
1.9875,0.0241714735,
1.98775,0.0355432779,
1.988,0.0055616302,
1.98825,0.0221791025,
1.9885,0.0288326275,
1.98875,0.0129010342,
1.989,0.0202756654,
1.98925,0.0053655053,
1.9895,0.0173506830,
1.98975,0.0176639203,
1.99,0.0371399671,
1.99025,-0.0000926832,
1.9905,0.0117842667,
1.99075,0.0278349370,
1.991,0.0038842023,
1.99125,-0.0231970306,
1.9915,0.0173214991,
1.99175,0.0231757611,
1.992,0.0044153901,
1.99225,0.0116934106,
1.9925,0.0177453998,
1.99275,0.0241451301,
1.993,0.0177818201,
1.99325,0.0089881159,
1.9935,0.0155596640,
1.99375,0.0358159281,
1.994,0.0115661565,
1.99425,0.0051834267,
1.9945,0.0128715588,
1.99475,0.0372564085,
1.995,0.0220067818,
1.99525,0.0354057066,
1.9955,0.0354308188,
1.99575,0.0104587432,
1.996,-0.0084188199,
1.99625,-0.0153656844,
1.9965,0.0045543564,
1.99675,0.0080580600,
1.997,-0.0110788001,
1.99725,0.0018076340,
1.9975,0.0158923641,
1.99775,0.0094088931,
1.998,0.0041636815,
1.99825,0.0238294322,
1.9985,0.0240569767,
1.99875,0.0267628320,
1.999,0.0187203363,
1.99925,0.0340782776,
1.9995,0.0128187146,
1.99975,-0.0516992807,
2,-0.0152222486,
2.00025,-0.0346089192,
2.0005,-0.0664422736,
2.00075,-0.0038941330,
2.001,-0.0649820939,
2.00125,-0.0045441845,
2.0015,0.0355848707,
2.00175,-0.0610787459,
2.002,-0.0135031063,
2.00225,0.0008791881,
2.0025,-0.0093942005,
2.00275,-0.0112058762,
2.003,-0.0003599091,
2.00325,0.0033821070,
2.0035,0.0077483053,
2.00375,0.0051960200,
2.004,-0.0075859260,
2.00425,0.0090921046,
2.0045,0.0069903331,
2.00475,-0.0024592285,
2.005,-0.0048532891,
2.00525,-0.0164576545,
2.0055,-0.0082408534,
2.00575,0.0073871766,
2.006,-0.0232792422,
2.00625,-0.0065488834,
2.0065,-0.0107092215,
2.00675,-0.0146147897,
2.007,-0.0451830626,
2.00725,-0.0355554149,
2.0075,-0.0002722127,
2.00775,-0.0073376186,
2.008,0.0072550736,
2.00825,0.0146705741,
2.0085,0.0074450253,
2.00875,0.0084721129,
2.009,0.0050298003,
2.00925,-0.0067170542,
2.0095,0.0121238558,
2.00975,-0.0098748822,
2.01,-0.0073771803,
2.01025,0.0033129056,
2.0105,0.0034718006,
2.01075,-0.0218032040,
2.011,-0.0077474304,
2.01125,0.0031871104,
2.0115,0.0072460566,
2.01175,0.0058509270,
2.012,-0.0018326136,
2.01225,0.0030648333,
2.0125,0.0169389658,
2.01275,-0.0043792552,
2.013,-0.0206743572,
2.01325,0.0012288189,
2.0135,-0.0002077510,
2.01375,-0.0166865103,
2.014,-0.0089194505,
2.01425,-0.0079791797,
2.0145,-0.0091465116,
2.01475,-0.0423871353,
2.015,0.0106861927,
2.01525,-0.0391608328,
2.0155,-0.0351369716,
2.01575,-0.0046129376,
2.016,-0.0142083131,
2.01625,-0.0189209655,
2.0165,0.0032700594,
2.01675,-0.0093957391,
2.017,-0.0134926755,
2.01725,-0.0129186688,
2.0175,-0.0161545482,
2.01775,-0.0500567183,
2.018,-0.0423051976,
2.01825,-0.0248268433,
2.0185,-0.0354452580,
2.01875,-0.0295190923,
2.019,-0.0063532121,
2.01925,-0.0160154719,
2.0195,-0.0009281226,
2.01975,-0.0033765254,
2.02,-0.0188678186,
2.02025,0.0124982372,
2.0205,-0.0109471269,
2.02075,-0.0313194767,
2.021,-0.0059389737,
2.02125,-0.0055660163,
2.0215,-0.0082030669,
2.02175,-0.0071114386,
2.022,-0.0041180272,
2.02225,-0.0053947801,
2.0225,0.0044787852,
2.02275,-0.0276458729,
2.023,-0.0197605155,
2.02325,-0.0084241331,
2.0235,0.0083235446,
2.02375,-0.0406423621,
2.024,-0.0243980456,
2.02425,0.0129976701,
2.0245,-0.0102633843,
2.02475,-0.0173258577,
2.025,-0.0100996494,
2.02525,0.0023789713,
2.0255,-0.0127057554,
2.02575,-0.0108413137,
2.026,-0.0113949627,
2.02625,-0.0040949630,
2.0265,-0.0056837872,
2.02675,0.0004354848,
2.027,-0.0267880261,
2.02725,-0.0017100137,
2.0275,-0.0035211439,
2.02775,-0.0179730095,
2.028,-0.0147272665,
2.02825,-0.0126089882,
2.0285,-0.0336468294,
2.02875,-0.0273680966,
2.029,0.0073995898,
2.02925,0.0097720642,
2.0295,-0.0035675345,
2.02975,0.0062358500,
2.03,-0.0011839778,
2.03025,0.0061555430,
2.0305,0.0047944724,
2.03075,0.0245278925,
2.031,-0.0134682264,
2.03125,-0.0125340912,
2.0315,-0.0527573079,
2.03175,-0.0617989935,
2.032,-0.0044505512,
2.03225,-0.0235912278,
2.0325,-0.0212431699,
2.03275,-0.0156600066,
2.033,0.0043331310,
2.03325,0.0055264817,
2.0335,-0.0061445469,
2.03375,0.0049625253,
2.034,0.0005183776,
2.03425,0.0112385163,
2.0345,-0.0242365114,
2.03475,-0.0070558540,
2.035,0.0073476108,
2.03525,-0.0112123396,
2.0355,0.0068445727,
2.03575,-0.0106205679,
2.036,0.0191551745,
2.03625,-0.0079654986,
2.0365,0.0096590333,
2.03675,0.0028828457,
2.037,0.0103512211,
2.03725,0.0086178500,
2.0375,0.0126501173,
2.03775,0.0095594320,
2.038,0.0132740559,
2.03825,0.0197369810,
2.0385,-0.0053083953,
2.03875,0.0011971807,
2.039,0.0219231509,
2.03925,0.0050597540,
2.0395,-0.0223795306,
2.03975,-0.0110276053,
2.04,0.0225874260,
2.04025,0.0045783496,
2.0405,0.0046386155,
2.04075,0.0132900868,
2.041,0.0276746415,
2.04125,0.0077040177,
2.0415,-0.0024872506,
2.04175,0.0181666035,
2.042,0.0050078076,
2.04225,-0.0174614713,
2.0425,0.0139774811,
2.04275,0.0222470611,
2.043,0.0224484224,
2.04325,0.0212325864,
2.0435,0.0229482725,
2.04375,0.0316476747,
2.044,0.0158553980,
2.04425,0.0435948931,
2.0445,0.0160549972,
2.04475,0.0002361190,
2.045,0.0410034545,
2.04525,0.0239392780,
2.0455,-0.0147720873,
2.04575,0.0076500289,
2.046,0.0170175694,
2.04625,0.0019435489,
2.0465,0.0030888768,
2.04675,0.0276714787,
2.047,0.0287426729,
2.04725,0.0116190491,
2.0475,0.0095325671,
2.04775,0.0156803727,
2.048,0.0120909624,
2.04825,0.0043266676,
2.0485,0.0175225977,
2.04875,0.0227038730,
2.049,0.0118514141,
2.04925,0.0031005712,
2.0495,0.0108685335,
2.04975,-0.0109689506,
2.05,-0.0149734979,
2.05025,-0.0096702706,
2.0505,-0.0141214710,
2.05075,-0.0001165574,
2.051,0.0151051003,
2.05125,0.0008518826,
2.0515,-0.0088161658,
2.05175,0.0293753650,
2.052,0.0068453196,
2.05225,-0.0076852404,
2.0525,0.0201352332,
2.05275,-0.0040428634,
2.053,-0.0096501075,
2.05325,0.0133207589,
2.0535,-0.0207012109,
2.05375,-0.0029817645,
2.054,0.0391313620,
2.05425,-0.0090334779,
2.0545,-0.0077974047,
2.05475,0.0231913868,
2.055,0.0200647227,
2.05525,-0.0127973538,
2.0555,0.0102293072,
2.05575,-0.0087463427,
2.056,-0.0064421371,
2.05625,-0.0292212404,
2.0565,-0.0239816383,
2.05675,-0.0072171390,
2.057,0.0036358277,
2.05725,-0.0259777233,
2.0575,-0.0056880899,
2.05775,0.0012139133,
2.058,-0.0038699443,
2.05825,-0.0060156872,
2.0585,0.0033703279,
2.05875,-0.0071723922,
2.059,0.0020029969,
2.05925,0.0053034751,
2.0595,-0.0067330706,
2.05975,-0.0056220144,
2.06,0.0128877684,
2.06025,-0.0352746695,
2.0605,-0.0182555392,
2.06075,-0.0184012074,
2.061,-0.0334300622,
2.06125,-0.0495273471,
2.0615,-0.0176302511,
2.06175,0.0001440290,
2.062,0.0068592769,
2.06225,-0.0133981965,
2.0625,0.0020265721,
2.06275,-0.0138176801,
2.063,0.0135470051,
2.06325,-0.0155051798,
2.0635,-0.0201876070,
2.06375,0.0218412243,
2.064,0.0000013231,
2.06425,-0.0229800772,
2.0645,-0.0035426589,
2.06475,0.0100998105,
2.065,-0.0318724290,
2.06525,-0.0037510842,
2.0655,0.0126555888,
2.06575,-0.0006647657,
2.066,-0.0089232456,
2.06625,-0.0130308885,
2.0665,-0.0130020231,
2.06675,-0.0149716288,
2.067,-0.0020726183,
2.06725,-0.0064349216,
2.0675,-0.0262373220,
2.06775,-0.0187505931,
2.068,0.0006590913,
2.06825,-0.0028773549,
2.0685,-0.0072410125,
2.06875,0.0060211313,
2.069,-0.0124167297,
2.06925,0.0066502397,
2.0695,0.0108583746,
2.06975,0.0151035059,
2.07,0.0027737815,
2.07025,-0.0007893821,
2.0705,0.0055581294,
2.07075,-0.0042396467,
2.071,-0.0352173336,
2.07125,-0.0232791863,
2.0715,-0.0352759995,
2.07175,0.0152462423,
2.072,-0.0379280224,
2.07225,-0.0383567438,
2.0725,0.0011334966,
2.07275,0.0115823746,
2.073,0.0172007792,
2.07325,-0.0236516465,
2.0735,0.0246550925,
2.07375,0.0051783035,
2.074,0.0066749421,
2.07425,0.0214397088,
2.0745,0.0166453756,
2.07475,0.0013956579,
2.075,0.0285803080,
2.07525,0.0078466479,
2.0755,0.0144595783,
2.07575,0.0233811662,
2.076,0.0328302570,
2.07625,-0.0032147756,
2.0765,0.0135723781,
2.07675,0.0193606466,
2.077,-0.0132501554,
2.07725,-0.0040363697,
2.0775,0.0146090370,
2.07775,0.0039690146,
2.078,-0.0024643505,
2.07825,0.0118784839,
2.0785,0.0107684964,
2.07875,0.0175704751,
2.079,0.0124310050,
2.07925,0.0056847553,
2.0795,0.0154684493,
2.07975,0.0269888435,
2.08,0.0146240760,
2.08025,0.0127419028,
2.0805,0.0159285832,
2.08075,0.0234420523,
2.081,0.0064407154,
2.08125,0.0049333829,
2.0815,0.0284979641,
2.08175,0.0001484865,
2.082,-0.0004703471,
2.08225,0.0105855474,
2.0825,0.0262047015,
2.08275,-0.0036769742,
2.083,0.0008369802,
2.08325,0.0141188614,
2.0835,0.0311510675,
2.08375,0.0133756921,
2.084,0.0184402782,
2.08425,0.0328288488,
2.0845,0.0226619244,
2.08475,0.0129002659,
2.085,0.0101821870,
2.08525,0.0135943517,
2.0855,0.0165227000,
2.08575,0.0232284814,
2.086,0.0099171130,
2.08625,0.0275515914,
2.0865,0.0342376865,
2.08675,0.0235485993,
2.087,0.0151375597,
2.08725,0.0220259354,
2.0875,0.0339398570,
2.08775,0.0023494679,
2.088,-0.0064485110,
2.08825,-0.0400953777,
2.0885,-0.0163147431,
2.08875,0.0005362449,
2.089,0.0023137548,
2.08925,0.0006312956,
2.0895,0.0265065916,
2.08975,0.0249847658,
2.09,0.0278016943,
2.09025,0.0322517529,
2.0905,0.0551583171,
2.09075,0.0039528520,
2.091,0.0120277852,
2.09125,0.0437871367,
2.0915,0.0203628670,
2.09175,0.0302664340,
2.092,0.0097946171,
2.09225,0.0015480702,
2.0925,-0.0024336388,
2.09275,-0.0652442127,
2.093,-0.0402106158,
2.09325,-0.0054693357,
2.0935,0.0043072300,
2.09375,-0.0104326122,
2.094,0.0052804365,
2.09425,0.0214311816,
2.0945,0.0360240750,
2.09475,0.0308765769,
2.095,0.0118396897,
2.09525,0.0074592563,
2.0955,0.0254516099,
2.09575,0.0062180851,
2.096,0.0018619914,
2.09625,0.0141462646,
2.0965,0.0214260053,
2.09675,-0.0224148482,
2.097,-0.0061039622,
2.09725,0.0120215435,
2.0975,0.0031140258,
2.09775,0.0145577034,
2.098,0.0052413661,
2.09825,0.0187989883,
2.0985,0.0159419496,
2.09875,0.0203270391,
2.099,0.0086337924,
2.09925,0.0107685430,
2.0995,-0.0023895716,
2.09975,-0.0093192253,
2.1,0.0063430243,
2.10025,-0.0052725384,
2.1005,0.0084461914,
2.10075,-0.0089627430,
2.101,0.0035766608,
2.10125,0.0117535414,
2.1015,0.0063422024,
2.10175,-0.0118927425,
2.102,0.0084683662,
2.10225,0.0165314712,
2.1025,0.0078084283,
2.10275,-0.0100109996,
2.103,0.0131583568,
2.10325,0.0037456756,
2.1035,-0.0021318372,
2.10375,-0.0029009413,
2.104,-0.0071101310,
2.10425,0.0022531324,
2.1045,-0.0351644754,
2.10475,-0.0782577619,
2.105,-0.0521201231,
2.10525,-0.0729723573,
2.1055,-0.0552289039,
2.10575,-0.0347396322,
2.106,-0.0514857993,
2.10625,0.0043280418,
2.1065,-0.0306916572,
2.10675,-0.0518647954,
2.107,-0.0354441032,
2.10725,-0.0126822740,
2.1075,-0.0121407825,
2.10775,-0.0145996092,
2.108,-0.0086328769,
2.10825,-0.0039558713,
2.1085,0.0006323878,
2.10875,-0.0087298974,
2.109,-0.0186209735,
2.10925,0.0009911563,
2.1095,-0.0003071931,
2.10975,-0.0861893147,
2.11,-0.0434968248,
2.11025,-0.0138645358,
2.1105,-0.0744832903,
2.11075,-0.0230700169,
2.111,-0.0179064125,
2.11125,-0.0508560278,
2.1115,-0.0361060649,
2.11175,-0.0079266643,
2.112,0.0047587007,
2.11225,-0.0107667260,
2.1125,-0.0248964094,
2.11275,0.0036379220,
2.113,0.0058753127,
2.11325,0.0008165080,
2.1135,0.0028655441,
2.11375,-0.0012474637,
2.114,0.0102418251,
2.11425,-0.0050965049,
2.1145,-0.0430078767,
2.11475,-0.0504536852,
2.115,-0.0077283084,
2.11525,-0.0152526703,
2.1155,-0.0347022116,
2.11575,-0.0054543801,
2.116,-0.0117171854,
2.11625,-0.0243710894,
2.1165,-0.0038903523,
2.11675,-0.0119032757,
2.117,-0.0109792510,
2.11725,-0.0000038621,
2.1175,0.0014788462,
2.11775,-0.0134929558,
2.118,0.0193069261,
2.11825,0.0182528161,
2.1185,-0.0168553498,
2.11875,0.0026979679,
2.119,0.0110803843,
2.11925,0.0005876859,
2.1195,-0.0070966696,
2.11975,0.0092541687,
2.12,0.0127663705,
2.12025,-0.0102171004,
2.1205,-0.0007286632,
2.12075,-0.0005510082,
2.121,0.0167736001,
2.12125,0.0038578878,
2.1215,-0.0003937327,
2.12175,0.0002542343,
2.122,0.0126986587,
2.12225,0.0040063686,
2.1225,0.0099357953,
2.12275,0.0043944269,
2.123,0.0159195047,
2.12325,-0.0024423930,
2.1235,-0.0041293325,
2.12375,0.0069530606,
2.124,-0.0099339532,
2.12425,0.0105717825,
2.1245,0.0036775405,
2.12475,0.0084024305,
2.125,0.0020392621,
2.12525,0.0043567340,
2.1255,-0.0226106122,
2.12575,-0.0546183139,
2.126,-0.0477980822,
2.12625,-0.0041188495,
2.1265,-0.0833709911,
2.12675,-0.0433547981,
2.127,-0.0218408145,
2.12725,-0.0180244893,
2.1275,-0.0109612346,
2.12775,-0.0142155718,
2.128,0.0018790615,
2.12825,-0.0105441287,
2.1285,-0.0378701761,
2.12875,0.0191992689,
2.129,-0.0036595138,
2.12925,-0.0062858444,
2.1295,0.0031269460,
2.12975,0.0009408125,
2.13,-0.0017235737,
2.13025,0.0132435411,
2.1305,0.0068325521,
2.13075,0.0039162105,
2.131,0.0176375117,
2.13125,0.0164405275,
2.1315,-0.0358409472,
2.13175,0.0238359366,
2.132,-0.0404791348,
2.13225,-0.0558372289,
2.1325,0.0191914067,
2.13275,0.0126799457,
2.133,0.0260992460,
2.13325,-0.0071039898,
2.1335,0.0004055933,
2.13375,0.0024442899,
2.134,-0.0177288111,
2.13425,-0.0045160945,
2.1345,0.0001922290,
2.13475,0.0030384166,
2.135,0.0024107329,
2.13525,-0.0078483131,
2.1355,0.0001257540,
2.13575,-0.0064657172,
2.136,-0.0011682018,
2.13625,-0.0055822833,
2.1365,0.0068585244,
2.13675,0.0029169531,
2.137,-0.0042562056,
2.13725,-0.0177777354,
2.1375,0.0019987030,
2.13775,0.0124499444,
2.138,0.0016975111,
2.13825,0.0000307778,
2.1385,0.0176611338,
2.13875,0.0084851943,
2.139,0.0160625447,
2.13925,0.0073312391,
2.1395,0.0046770340,
2.13975,0.0089482311,
2.14,0.0179945584,
2.14025,-0.0000510381,
2.1405,0.0042216657,
2.14075,0.0134430928,
2.141,0.0084589049,
2.14125,-0.0519352406,
2.1415,-0.0101915477,
2.14175,0.0158701222,
2.142,0.0039676148,
2.14225,-0.0340143256,
2.1425,-0.0226295907,
2.14275,0.0084067676,
2.143,-0.0144601576,
2.14325,-0.0140888430,
2.1435,-0.0294849575,
2.14375,0.0002246660,
2.144,-0.0076245619,
2.14425,0.0064828051,
2.1445,-0.0339484550,
2.14475,-0.0170932338,
2.145,-0.0129699409,
2.14525,0.0060749059,
2.1455,-0.0015529150,
2.14575,0.0163920280,
2.146,0.0015366026,
2.14625,-0.0155190229,
2.1465,-0.0054724924,
2.14675,-0.0106204748,
2.147,-0.0354358256,
2.14725,-0.0306781232,
2.1475,-0.0033760185,
2.14775,-0.0181482472,
2.148,-0.0289705750,
2.14825,-0.0071785315,
2.1485,-0.0085080285,
2.14875,0.0138793085,
2.149,-0.0081227738,
2.14925,0.0168497656,
2.1495,-0.0174939428,
2.14975,0.0009845943,
2.15,0.0050255074,
2.15025,-0.0060617942,
2.1505,-0.0183810871,
2.15075,0.0147324614,
2.151,-0.0213212371,
2.15125,-0.0174198486,
2.1515,0.0099132378,
2.15175,-0.0236383360,
2.152,-0.0064291130,
2.15225,-0.0042166789,
2.1525,-0.0170904323,
2.15275,0.0084932651,
2.153,-0.0198966861,
2.15325,-0.0182030760,
2.1535,-0.0090480223,
2.15375,-0.0013629475,
2.154,-0.0013412432,
2.15425,-0.0377977304,
2.1545,-0.0026445312,
2.15475,0.0128617054,
2.155,0.0026247909,
2.15525,-0.0087417122,
2.1555,-0.0091421194,
2.15575,-0.0147131290,
2.156,-0.0005884768,
2.15625,-0.0018071518,
2.1565,0.0098601123,
2.15675,-0.0066763852,
2.157,-0.0130419657,
2.15725,0.0022590742,
2.1575,-0.0128928591,
2.15775,-0.0017144623,
2.158,0.0068699853,
2.15825,-0.0174405389,
2.1585,0.0065577803,
2.15875,0.0215814374,
2.159,-0.0253820419,
2.15925,0.0077878339,
2.1595,0.0153475171,
2.15975,0.0044455733,
2.16,0.0083406568,
2.16025,0.0345845856,
2.1605,0.0025386645,
2.16075,-0.0009446027,
2.161,0.0167575870,
2.16125,0.0078657605,
2.1615,0.0214813240,
2.16175,0.0241241418,
2.162,0.0009344445,
2.16225,-0.0088384077,
2.1625,0.0063824300,
2.16275,0.0149372797,
2.163,-0.0039685215,
2.16325,-0.0004716600,
2.1635,0.0100366473,
2.16375,0.0139062274,
2.164,-0.0130797327,
2.16425,0.0191659238,
2.1645,0.0290790051,
2.16475,0.0150345592,
2.165,0.0080212122,
2.16525,0.0187808480,
2.1655,0.0214661248,
2.16575,0.0048598871,
2.166,0.0051195044,
2.16625,-0.0023681696,
2.1665,0.0012098182,
2.16675,0.0137447715,
2.167,0.0109783653,
2.16725,0.0149478344,
2.1675,0.0334387682,
2.16775,-0.0037437263,
2.168,-0.0117853880,
2.16825,0.0251304824,
2.1685,0.0325378068,
2.16875,-0.0235918686,
2.169,0.0084973434,
2.16925,0.0235409699,
2.1695,0.0066229766,
2.16975,0.0071664904,
2.17,0.0161810946,
2.17025,0.0138264438,
2.1705,-0.0069799884,
2.17075,0.0467876382,
2.171,0.0169543866,
2.17125,0.0168937426,
2.1715,0.0446488634,
2.17175,0.0055400794,
2.172,0.0039350330,
2.17225,0.0307012256,
2.1725,0.0159439575,
2.17275,0.0212472472,
2.173,0.0026752809,
2.17325,0.0195655748,
2.1735,0.0195410699,
2.17375,0.0094442572,
2.174,0.0182991661,
2.17425,0.0109880278,
2.1745,0.0266473778,
2.17475,-0.0380112678,
2.175,0.0177434422,
2.17525,0.0367158055,
2.1755,0.0185489766,
2.17575,0.0105727976,
2.176,0.0139582194,
2.17625,0.0154857729,
2.1765,0.0260407478,
2.17675,0.0208613165,
2.177,-0.0096126860,
2.17725,-0.0026305001,
2.1775,0.0159858819,
2.17775,0.0215597916,
2.178,0.0128405076,
2.17825,0.0416572727,
2.1785,-0.0152774863,
2.17875,-0.0211228952,
2.179,0.0106673138,
2.17925,-0.0233091824,
2.1795,0.0110912248,
2.17975,0.0230117664,
2.18,-0.0089437310,
2.18025,0.0223059598,
2.1805,0.0474207066,
2.18075,0.0020252150,
2.181,0.0110680014,
2.18125,0.0309638567,
2.1815,0.0068246005,
2.18175,0.0062338654,
2.182,0.0208966248,
2.18225,0.0080731716,
2.1825,0.0089295888,
2.18275,0.0069298265,
2.183,0.0119311912,
2.18325,0.0279872343,
2.1835,0.0043000090,
2.18375,0.0199664664,
2.184,-0.0065038493,
2.18425,0.0184745807,
2.1845,0.0166809969,
2.18475,0.0031741955,
2.185,0.0048308875,
2.18525,0.0196527094,
2.1855,-0.0027417513,
2.18575,0.0020967789,
2.186,0.0017639360,
2.18625,0.0122777317,
2.1865,-0.0014654517,
2.18675,0.0064800037,
2.187,-0.0116441660,
2.18725,-0.0041562952,
2.1875,0.0160226766,
2.18775,0.0000915559,
2.188,-0.0163020622,
2.18825,0.0223202854,
2.1885,0.0207251757,
2.18875,0.0062791216,
2.189,-0.0021591792,
2.18925,0.0131178200,
2.1895,0.0035273286,
2.18975,-0.0168236010,
2.19,-0.0013341592,
2.19025,0.0124514941,
2.1905,-0.0326214358,
2.19075,-0.0135561321,
2.191,0.0271131694,
2.19125,0.0021669725,
2.1915,-0.0038019568,
2.19175,0.0176308006,
2.192,0.0179214105,
2.19225,-0.0033781447,
2.1925,0.0211331099,
2.19275,-0.0035850168,
2.193,0.0005565681,
2.19325,0.0054794382,
2.1935,-0.0074711954,
2.19375,0.0048879264,
2.194,0.0087950034,
2.19425,0.0005897445,
2.1945,-0.0059530577,
2.19475,-0.0113268942,
2.195,0.0108732274,
2.19525,0.0165735036,
2.1955,-0.0205718242,
2.19575,-0.0013690647,
2.196,-0.0089621190,
2.19625,-0.0017176184,
2.1965,-0.0242430680,
2.19675,0.0096096182,
2.197,0.0064791874,
2.19725,0.0063455710,
2.1975,-0.0101309344,
2.19775,0.0003460541,
2.198,0.0113310833,
2.19825,0.0143949641,
2.1985,-0.0147686563,
2.19875,0.0073960559,
2.199,0.0167916566,
2.19925,0.0082190800,
2.1995,0.0106986556,
2.19975,-0.0042100507,
2.2,-0.0058858492,
2.20025,-0.0095430650,
2.2005,0.0063162446,
2.20075,-0.0366261937,
2.201,-0.0168793481,
2.20125,-0.0275915284,
2.2015,-0.0186228417,
2.20175,-0.0051174052,
2.202,0.0227448083,
2.20225,-0.0068086386,
2.2025,-0.0034014815,
2.20275,0.0202367008,
2.203,0.0256466083,
2.20325,0.0020467779,
2.2035,0.0135240462,
2.20375,0.0041282731,
2.204,-0.0241608005,
2.20425,-0.0324793048,
2.2045,-0.0052276691,
2.20475,0.0153462347,
2.205,-0.0054762838,
2.20525,0.0178185087,
2.2055,-0.0058702379,
2.20575,-0.0023168577,
2.206,0.0218014307,
2.20625,0.0075618150,
2.2065,-0.0065899170,
2.20675,-0.0090904646,
2.207,0.0192835350,
2.20725,-0.0082071647,
2.2075,0.0061275102,
2.20775,0.0409501493,
2.208,-0.0043178597,
2.20825,-0.0062148832,
2.2085,0.0197270513,
2.20875,-0.0093930988,
2.209,-0.0012219650,
2.20925,0.0062888553,
2.2095,-0.0081082694,
2.20975,0.0026515238,
2.21,-0.0009162936,
2.21025,0.0213774871,
2.2105,0.0045250701,
2.21075,-0.0176777244,
2.211,0.0277636051,
2.21125,-0.0168370195,
2.2115,-0.0186184645,
2.21175,0.0397565141,
2.212,0.0164076053,
2.21225,-0.0290354565,
2.2125,-0.0311056674,
2.21275,-0.0146253519,
2.213,-0.0247962251,
2.21325,-0.0145687489,
2.2135,0.0084405942,
2.21375,-0.0028409017,
2.214,0.0308354404,
2.21425,-0.0012762009,
2.2145,0.0099432599,
2.21475,0.0287275929,
2.215,0.0002032509,
2.21525,-0.0163271893,
2.2155,0.0202523097,
2.21575,0.0109453136,
2.216,0.0249396004,
2.21625,0.0333233885,
2.2165,-0.0077908412,
2.21675,0.0021105488,
2.217,-0.0103120552,
2.21725,-0.0195688792,
2.2175,0.0179967210,
2.21775,0.0165875182,
2.218,0.0176851600,
2.21825,-0.0178264342,
2.2185,0.0186024811,
2.21875,-0.0070527983,
2.219,0.0142637827,
2.21925,-0.0016273409,
2.2195,0.0108937789,
2.21975,0.0106367320,
2.22,0.0145543236,
2.22025,-0.0043797079,
2.2205,-0.0114620375,
2.22075,-0.0017796033,
2.221,-0.0503962934,
2.22125,-0.0515574962,
2.2215,-0.0181477983,
2.22175,-0.0104071554,
2.222,0.0094036302,
2.22225,-0.0170842391,
2.2225,-0.0149369948,
2.22275,-0.0115992520,
2.223,-0.0046978137,
2.22325,-0.0339202061,
2.2235,0.0140826134,
2.22375,0.0161068272,
2.224,0.0031454074,
2.22425,0.0040920144,
2.2245,0.0311179813,
2.22475,-0.0098986411,
2.225,-0.0092674857,
2.22525,-0.0086908620,
2.2255,-0.0083924588,
2.22575,0.0014263439,
2.226,0.0158668011,
2.22625,-0.0169535186,
2.2265,-0.0093940841,
2.22675,0.0039619412,
2.227,-0.0100894822,
2.22725,-0.0588453859,
2.2275,-0.0134415161,
2.22775,-0.0032180212,
2.228,-0.0474608466,
2.22825,-0.0075021125,
2.2285,-0.0169153120,
2.22875,0.0069361255,
2.229,-0.0212052688,
2.22925,-0.0152792651,
2.2295,0.0044270083,
2.22975,0.0015190602,
2.23,-0.0303633288,
2.23025,0.0175528713,
2.2305,-0.0059855706,
2.23075,0.0044099526,
2.231,-0.0178890508,
2.23125,-0.0184407383,
2.2315,-0.0385983586,
2.23175,-0.0418181643,
2.232,-0.0067222067,
2.23225,-0.0757891536,
2.2325,-0.0108749988,
2.23275,-0.0223836079,
2.233,-0.0338565633,
2.23325,-0.0909862667,
2.2335,-0.0277818851,
2.23375,0.0024236031,
2.234,-0.0667051673,
2.23425,0.0090417434,
2.2345,-0.0033875201,
2.23475,-0.0047640093,
2.235,-0.0473616645,
2.23525,0.0160664581,
2.2355,-0.0089883534,
2.23575,-0.0114600137,
2.236,-0.0264759529,
2.23625,-0.0048328242,
2.2365,0.0060712965,
2.23675,-0.0121481633,
2.237,-0.0170761030,
2.23725,-0.0036189118,
2.2375,-0.0028753635,
2.23775,-0.0121957976,
2.238,-0.0273951702,
2.23825,-0.0078341560,
2.2385,-0.0173097122,
2.23875,-0.0171944760,
2.239,-0.0198785663,
2.23925,0.0041072699,
2.2395,-0.0075090937,
2.23975,-0.0037213822,
2.24,-0.0231754296,
2.24025,-0.0057665822,
2.2405,0.0040071988,
2.24075,-0.0136751346,
2.241,-0.0094586341,
2.24125,-0.0078501236,
2.2415,-0.0106710391,
2.24175,0.0000472260,
2.242,-0.0201196130,
2.24225,0.0104557397,
2.2425,-0.0170672368,
2.24275,-0.0077154180,
2.243,-0.0182150267,
2.24325,0.0045587826,
2.2435,-0.0109772533,
2.24375,-0.0221884456,
2.244,-0.0545502231,
2.24425,-0.0424536914,
2.2445,0.0122549813,
2.24475,0.0075952196,
2.245,0.0099416245,
2.24525,0.0220798347,
2.2455,0.0108596217,
2.24575,0.0034821148,
2.246,0.0229353625,
2.24625,0.0091612041,
2.2465,0.0142717343,
2.24675,-0.0141509436,
2.247,0.0077204360,
2.24725,-0.0060968976,
2.2475,0.0217833742,
2.24775,0.0086822528,
2.248,-0.0256612524,
2.24825,0.0091604134,
2.2485,0.0145896859,
2.24875,0.0013198368,
2.249,-0.0040904549,
2.24925,-0.0282013491,
2.2495,-0.0120577132,
2.24975,-0.0314792544,
2.25,-0.0154133150,
2.25025,-0.0158080664,
2.2505,0.0121099418,
2.25075,0.0050375173,
2.251,0.0031921258,
2.25125,0.0038961775,
2.2515,0.0300298445,
2.25175,0.0073526702,
2.252,-0.0030117440,
2.25225,-0.0542382114,
2.2525,-0.0123504540,
2.25275,-0.0440913364,
2.253,-0.0071887108,
2.25325,-0.0613422766,
2.2535,0.0016052411,
2.25375,-0.0074434904,
2.254,-0.0841824561,
2.25425,-0.0145277707,
2.2545,-0.0352347791,
2.25475,-0.0295275003,
2.255,0.0415228903,
2.25525,-0.0127003863,
2.2555,0.0048596426,
2.25575,0.0112033971,
2.256,0.0183702298,
2.25625,0.0196002275,
2.2565,-0.0337178074,
2.25675,0.0034214612,
2.257,0.0028394992,
2.25725,-0.0455844589,
2.2575,-0.0244184937,
2.25775,0.0058574434,
2.258,-0.0336781517,
2.25825,-0.0278457925,
2.2585,-0.0007078410,
2.25875,-0.0692100152,
2.259,-0.0120571107,
2.25925,-0.0304962918,
2.2595,-0.0825259760,
2.25975,-0.0036460911,
2.26,-0.0001872470,
2.26025,0.0159316249,
2.2605,-0.1431062222,
2.26075,0.0331351236,
2.261,-0.0046385825,
2.26125,0.0076763658,
2.2615,-0.0208153669,
2.26175,0.0445863158,
2.262,0.0166677348,
2.26225,0.0332294703,
2.2625,0.0173334014,
2.26275,0.0066503487,
2.263,0.0095869899,
2.26325,0.0046829390,
2.2635,-0.0273975618,
2.26375,0.0167855658,
2.264,0.0018460497,
2.26425,0.0029383393,
2.2645,-0.0039280513,
2.26475,-0.0200536381,
2.265,0.0067452444,
2.26525,0.0089441380,
2.2655,-0.0155674815,
2.26575,-0.0349739082,
2.266,0.0158096571,
2.26625,0.0293676723,
2.2665,0.0059516639,
2.26675,0.0271997750,
2.267,-0.0089608328,
2.26725,0.0204005111,
2.2675,0.0043013790,
2.26775,0.0118747558,
2.268,0.0248763133,
2.26825,0.0159165785,
2.2685,-0.0017787011,
2.26875,0.0203700718,
2.269,0.0075834482,
2.26925,0.0236247778,
2.2695,-0.0015422999,
2.26975,0.0307355598,
2.27,-0.0025470238,
2.27025,0.0348835662,
2.2705,0.0100988159,
2.27075,-0.0107655842,
2.271,-0.0027366802,
2.27125,0.0131173860,
2.2715,0.0065138000,
2.27175,-0.0024524373,
2.272,0.0289839692,
2.27225,0.0030582421,
2.2725,-0.0035752405,
2.27275,0.0253302809,
2.273,-0.0028203633,
2.27325,-0.0016725452,
2.2735,0.0082936799,
2.27375,0.0013668131,
2.274,-0.0086563295,
2.27425,0.0198046379,
2.2745,-0.0048802993,
2.27475,0.0112532396,
2.275,0.0144358827,
2.27525,0.0088187726,
2.2755,-0.0373719037,
2.27575,-0.0019382115,
2.276,-0.0006708432,
2.27625,-0.0006239951,
2.2765,-0.0052314047,
2.27675,-0.0184831396,
2.277,0.0092445323,
2.27725,-0.0164520219,
2.2775,-0.0136866625,
2.27775,-0.0027996199,
2.278,-0.0005698458,
2.27825,-0.0110617634,
2.2785,0.0087868525,
2.27875,0.0073460145,
2.279,0.0160925686,
2.27925,0.0011575591,
2.2795,-0.0033417183,
2.27975,0.0025423323,
2.28,0.0041611786,
2.28025,0.0119227404,
2.2805,0.0002357537,
2.28075,0.0065028332,
2.281,0.0119249225,
2.28125,0.0047089309,
2.2815,-0.0186359007,
2.28175,0.0099935560,
2.282,-0.0151518621,
2.28225,-0.0229400732,
2.2825,-0.0270534679,
2.28275,0.0105002448,
2.283,-0.0124732051,
2.28325,0.0323738009,
2.2835,-0.0085090129,
2.28375,-0.0004862316,
2.284,0.0443102755,
2.28425,-0.0023823024,
2.2845,-0.0197091475,
2.28475,0.0258385222,
2.285,-0.0069935797,
2.28525,-0.0011249199,
2.2855,0.0259833615,
2.28575,0.0147731714,
2.286,-0.0110900132,
2.28625,0.0015623129,
2.2865,-0.0089469869,
2.28675,-0.0039847908,
2.287,0.0036962791,
2.28725,-0.0092888288,
2.2875,0.0010474650,
2.28775,0.0247033574,
2.288,0.0063308650,
2.28825,0.0183213744,
2.2885,0.0052234931,
2.28875,0.0206956044,
2.289,0.0195025634,
2.28925,0.0215324219,
2.2895,0.0164253823,
2.28975,0.0287056603,
2.29,0.0237818137,
2.29025,0.0035957026,
2.2905,0.0065988936,
2.29075,0.0347826481,
2.291,0.0250050798,
2.29125,0.0131887160,
2.2915,0.0245537162,
2.29175,0.0239590760,
2.292,0.0341421254,
2.29225,-0.0049250228,
2.2925,0.0084404256,
2.29275,0.0122739477,
2.293,-0.0050765956,
2.29325,-0.0034868335,
2.2935,0.0037363833,
2.29375,0.0334499553,
2.294,0.0065177032,
2.29425,-0.0107763754,
2.2945,0.0441413336,
2.29475,-0.0016505090,
2.295,0.0237267446,
2.29525,0.0305615142,
2.2955,0.0250423290,
2.29575,0.0213917866,
2.296,0.0366100147,
2.29625,0.0331858695,
2.2965,-0.0016965014,
2.29675,0.0354462825,
2.297,0.0367347784,
2.29725,-0.0268124696,
2.2975,0.0090758912,
2.29775,0.0246774796,
2.298,-0.0030454970,
2.29825,0.0167852491,
2.2985,0.0302493405,
2.29875,0.0279574618,
2.299,0.0248078518,
2.29925,0.0021731080,
2.2995,0.0086382050,
2.29975,0.0383359604,
2.3,0.0093154497,
2.30025,0.0302748661,
2.3005,0.0276635587,
2.30075,0.0421432033,
2.301,0.0238354299,
2.30125,0.0139485169,
2.3015,0.0217523072,
2.30175,0.0399319381,
2.302,0.0155897988,
2.30225,0.0115022045,
2.3025,0.0047184443,
2.30275,0.0425132327,
2.303,0.0236932095,
2.30325,0.0257053878,
2.3035,0.0174354184,
2.30375,0.0278323907,
2.304,0.0217812546,
2.30425,0.0035357368,
2.3045,0.0136793070,
2.30475,0.0265262313,
2.305,-0.0083930707,
2.30525,0.0059074587,
2.3055,0.0200564042,
2.30575,0.0246976055,
2.306,0.0047333562,
2.30625,-0.0014673989,
2.3065,0.0080120852,
2.30675,0.0154302372,
2.307,0.0057793884,
2.30725,0.0096186846,
2.3075,0.0226806495,
2.30775,0.0242713802,
2.308,-0.0006578814,
2.30825,-0.0089029204,
2.3085,0.0105560590,
2.30875,0.0078842314,
2.309,0.0071372334,
2.30925,0.0108031463,
2.3095,-0.0053889030,
2.30975,0.0172279980,
2.31,-0.0100841969,
2.31025,0.0030351824,
2.3105,-0.0013536384,
2.31075,-0.0003137871,
2.311,0.0151709802,
2.31125,0.0077021038,
2.3115,0.0232308637,
2.31175,0.0135491211,
2.312,0.0043772566,
2.31225,0.0092074955,
2.3125,0.0010149037,
2.31275,0.0200741366,
2.313,0.0088789109,
2.31325,-0.0142072057,
2.3135,-0.0074742991,
2.31375,0.0098569235,
2.314,-0.0180843268,
2.31425,-0.0140053909,
2.3145,-0.0045921262,
2.31475,-0.0037005453,
2.315,-0.0211681202,
2.31525,0.0042968565,
2.3155,0.0114676869,
2.31575,-0.0113667715,
2.316,-0.0118649006,
2.31625,-0.0204131566,
2.3165,-0.0297553502,
2.31675,-0.0104402322,
2.317,-0.0194829963,
2.31725,-0.0087343659,
2.3175,-0.0423859060,
2.31775,-0.0185861662,
2.318,-0.0234397501,
2.31825,-0.0219658129,
2.3185,-0.0253520738,
2.31875,-0.0418983921,
2.319,-0.0210815221,
2.31925,-0.0255085416,
2.3195,-0.0004636822,
2.31975,-0.0199345089,
2.32,-0.0097645903,
2.32025,-0.0484920107,
2.3205,-0.0059732213,
2.32075,-0.0224538445,
2.321,-0.0329053812,
2.32125,0.0057342956,
2.3215,-0.0011247436,
2.32175,-0.0309844520,
2.322,0.0094255079,
2.32225,0.0028807754,
2.3225,-0.0081965597,
2.32275,-0.0170898791,
2.323,-0.0125011299,
2.32325,-0.0076803309,
2.3235,0.0131180957,
2.32375,-0.0179700311,
2.324,-0.0186420251,
2.32425,-0.0084562525,
2.3245,-0.0077143265,
2.32475,-0.0133674350,
2.325,-0.0308650210,
2.32525,-0.0130451703,
2.3255,-0.0090056332,
2.32575,-0.0362392254,
2.326,-0.0093941567,
2.32625,0.0062687062,
2.3265,-0.0019419284,
2.32675,-0.0117640905,
2.327,-0.0032883561,
2.32725,-0.0173524600,
2.3275,-0.0019972371,
2.32775,-0.0118937176,
2.328,-0.0269537717,
2.32825,-0.0021351490,
2.3285,-0.0034604520,
2.32875,-0.0174273979,
2.329,-0.0171845760,
2.32925,-0.0104496917,
2.3295,-0.0102443397,
2.32975,-0.0609537065,
2.33,-0.0241507590,
2.33025,-0.0079105990,
2.3305,0.0007569360,
2.33075,-0.0398349836,
2.331,-0.0196796879,
2.33125,0.0228022300,
2.3315,-0.0034103454,
2.33175,-0.0094459141,
2.332,0.0059315008,
2.33225,0.0165856034,
2.3325,-0.0263634771,
2.33275,-0.0049235667,
2.333,0.0059036310,
2.33325,-0.0038327188,
2.3335,-0.0021655045,
2.33375,0.0086457469,
2.334,-0.0183489639,
2.33425,0.0163629130,
2.3345,0.0164501239,
2.33475,0.0066677667,
2.335,-0.0212904587,
2.33525,0.0067288959,
2.3355,-0.0158083215,
2.33575,-0.0076093222,
2.336,-0.0002291190,
2.33625,-0.0132857841,
2.3365,-0.0115007870,
2.33675,-0.0140006104,
2.337,-0.0677163750,
2.33725,0.0034112954,
2.3375,-0.0195664279,
2.33775,-0.0027337938,
2.338,0.0173320323,
2.33825,-0.0032149246,
2.3385,0.0011810011,
2.33875,-0.0052163899,
2.339,0.0027504298,
2.33925,0.0075459974,
2.3395,0.0285270289,
2.33975,0.0073591741,
2.34,-0.0253913887,
2.34025,0.0367638133,
2.3405,-0.0245101769,
2.34075,-0.0435769707,
2.341,0.0098708319,
2.34125,0.0073113926,
2.3415,0.0012685242,
2.34175,-0.0135774808,
2.342,0.0198976249,
2.34225,0.0258753374,
2.3425,0.0126963845,
2.34275,0.0060879155,
2.343,0.0393022411,
2.34325,0.0045213634,
2.3435,0.0135352844,
2.34375,0.0174492579,
2.344,0.0261425134,
2.34425,0.0159540735,
2.3445,0.0346936025,
2.34475,-0.0015957897,
2.345,0.0178890750,
2.34525,0.0270296428,
2.3455,0.0174086429,
2.34575,0.0051547117,
2.346,0.0121064708,
2.34625,0.0164816305,
2.3465,0.0061929245,
2.34675,-0.0201264303,
2.347,0.0202489253,
2.34725,0.0319851600,
2.3475,-0.0132867247,
2.34775,0.0136921965,
2.348,0.0124171283,
2.34825,-0.0156710558,
2.3485,0.0055141244,
2.34875,0.0043128170,
2.349,-0.0094683291,
2.34925,0.0148373237,
2.3495,0.0094859917,
2.34975,0.0341331288,
2.35,0.0111505967,
2.35025,0.0184910130,
2.3505,0.0043965452,
2.35075,-0.0097734164,
2.351,-0.0091892490,
2.35125,-0.0228125006,
2.3515,-0.0043531577,
2.35175,-0.0083433939,
2.352,0.0080535151,
2.35225,0.0021457165,
2.3525,-0.0038188198,
2.35275,0.0055566989,
2.353,0.0171045139,
2.35325,0.0126732737,
2.3535,0.0035020020,
2.35375,0.0242023133,
2.354,0.0271346122,
2.35425,0.0065218885,
2.3545,0.0142769739,
2.35475,0.0107207112,
2.355,0.0120982639,
2.35525,0.0284455698,
2.3555,0.0042257793,
2.35575,0.0080964481,
2.356,0.0124217803,
2.35625,0.0248575509,
2.3565,-0.0032629105,
2.35675,-0.0082207080,
2.357,0.0236261804,
2.35725,0.0028898614,
2.3575,-0.0208335184,
2.35775,-0.0005079784,
2.358,-0.0056357551,
2.35825,-0.0179174803,
2.3585,-0.0011687367,
2.35875,-0.0165526271,
2.359,-0.0629974157,
2.35925,-0.0200446993,
2.3595,-0.0530643202,
2.35975,-0.0605912469,
2.36,0.0063047600,
2.36025,-0.0337359384,
2.3605,0.0224548746,
2.36075,-0.0008228340,
2.361,0.0082391212,
2.36125,0.0031222105,
2.3615,-0.0024404500,
2.36175,-0.0165226310,
2.362,-0.0132700326,
2.36225,-0.0500387326,
2.3625,-0.0280887149,
2.36275,-0.0349123403,
2.363,0.0157109816,
2.36325,-0.0625094175,
2.3635,-0.0267702527,
2.36375,-0.0067614526,
2.364,-0.0195091832,
2.36425,-0.0014434748,
2.3645,-0.0126099139,
2.36475,-0.0285375379,
2.365,0.0103430133,
2.36525,-0.0116334474,
2.3655,-0.0047320426,
2.36575,0.0040617525,
2.366,-0.0016315532,
2.36625,-0.0165143404,
2.3665,-0.0336780697,
2.36675,-0.0021629671,
2.367,0.0002512296,
2.36725,-0.0065577845,
2.3675,-0.0045938035,
2.36775,-0.0279557966,
2.368,-0.0114494544,
2.36825,-0.0019009120,
2.3685,-0.0578987636,
2.36875,0.0193958562,
2.369,-0.0024742496,
2.36925,-0.0189460330,
2.3695,-0.0149109112,
2.36975,0.0120706912,
2.37,0.0016302732,
2.37025,0.0027164626,
2.3705,-0.0160314124,
2.37075,-0.0125461398,
2.371,-0.0000264985,
2.37125,0.0008673875,
2.3715,0.0134990811,
2.37175,-0.0218031406,
2.372,0.0152282044,
2.37225,-0.0112577258,
2.3725,-0.0459840111,
2.37275,0.0138588054,
2.373,-0.0120923193,
2.37325,-0.0299104750,
2.3735,0.0106916428,
2.37375,0.0017333978,
2.374,0.0066682459,
2.37425,0.0028155304,
2.3745,0.0036142957,
2.37475,0.0102484394,
2.375,0.0013871031,
2.37525,0.0129686100,
2.3755,0.0118425321,
2.37575,0.0103407819,
2.376,0.0202036463,
2.37625,-0.0055787875,
2.3765,0.0197795108,
2.37675,0.0201938953,
2.377,0.0233462919,
2.37725,0.0096912049,
2.3775,0.0134006571,
2.37775,-0.0125110662,
2.378,0.0280155130,
2.37825,-0.0274033565,
2.3785,-0.0392615832,
2.37875,-0.0071063982,
2.379,-0.0364499055,
2.37925,-0.0280552097,
2.3795,0.0182992183,
2.37975,0.0010008659,
2.38,0.0121465046,
2.38025,0.0229506642,
2.3805,0.0260975175,
2.38075,-0.0015740762,
2.381,0.0300828256,
2.38125,0.0177180991,
2.3815,0.0009732278,
2.38175,0.0346684270,
2.382,0.0365002118,
2.38225,0.0050433995,
2.3825,0.0137591651,
2.38275,0.0270755626,
2.383,-0.0007071987,
2.38325,-0.0170774497,
2.3835,0.0050846022,
2.38375,0.0104513578,
2.384,-0.0248357188,
2.38425,0.0204119869,
2.3845,0.0200165436,
2.38475,0.0335688479,
2.385,-0.0083055375,
2.38525,0.0241298024,
2.3855,0.0150476992,
2.38575,-0.0003351313,
2.386,0.0114115058,
2.38625,0.0264507718,
2.3865,-0.0031337626,
2.38675,0.0209203623,
2.387,0.0176537186,
2.38725,0.0125459479,
2.3875,0.0239909217,
2.38775,0.0281889755,
2.388,0.0191978198,
2.38825,0.0121252947,
2.3885,0.0279674791,
2.38875,0.0140534975,
2.389,-0.0004659475,
2.38925,0.0250979308,
2.3895,-0.0327504762,
2.38975,-0.0043572201,
2.39,0.0346080549,
2.39025,0.0055862819,
2.3905,-0.0000995928,
2.39075,0.0405986756,
2.391,0.0214687511,
2.39125,-0.0067652301,
2.3915,0.0412172452,
2.39175,0.0367005989,
2.392,-0.0084490320,
2.39225,0.0058245910,
2.3925,0.0319171287,
2.39275,0.0216075853,
2.393,0.0280745607,
2.39325,0.0128157753,
2.3935,0.0141506046,
2.39375,-0.0018200862,
2.394,-0.0280899350,
2.39425,0.0044945781,
2.3945,0.0176201630,
2.39475,-0.0204090327,
2.395,-0.0010792341,
2.39525,0.0202148389,
2.3955,0.0078749731,
2.39575,0.0222981367,
2.396,0.0296344534,
2.39625,0.0269159004,
2.3965,0.0244450308,
2.39675,0.0318388678,
2.397,0.0328323096,
2.39725,0.0198877808,
2.3975,0.0179322138,
2.39775,0.0266893934,
2.398,0.0062529743,
2.39825,0.0101910345,
2.3985,0.0424575135,
2.39875,0.0181008466,
2.399,0.0043231426,
2.39925,0.0115221124,
2.3995,-0.0002268569,
2.39975,0.0372116715,
2.4,0.0037295255,
2.40025,-0.0176862217,
2.4005,0.0210960489,
2.40075,0.0144464523,
2.401,-0.0052524125,
2.40125,0.0236433093,
2.4015,0.0356026776,
2.40175,-0.0031267339,
2.402,0.0121126641,
2.40225,0.0345372297,
2.4025,0.0078307586,
2.40275,0.0093917865,
2.403,0.0314633399,
2.40325,0.0110016037,
2.4035,0.0057450999,
2.40375,-0.0018194262,
2.404,0.0048684464,
2.40425,-0.0120584685,
2.4045,0.0083655715,
2.40475,-0.0121471304,
2.405,-0.0316238701,
2.40525,-0.0107612377,
2.4055,0.0041964836,
2.40575,-0.0075091911,
2.406,-0.0118347611,
2.40625,0.0145424902,
2.4065,0.0072554229,
2.40675,0.0083598504,
2.407,-0.0041786907,
2.40725,0.0119663551,
2.4075,0.0082919439,
2.40775,-0.0054754512,
2.408,-0.0067635435,
2.40825,0.0168275014,
2.4085,-0.0093562175,
2.40875,-0.0115808118,
2.409,0.0087635349,
2.40925,0.0085465889,
2.4095,0.0136413416,
2.40975,0.0083579579,
2.41,-0.0281067919,
2.41025,0.0117179081,
2.4105,-0.0070716823,
2.41075,-0.0323749445,
2.411,-0.0169895608,
2.41125,-0.0031615938,
2.4115,-0.0221145507,
2.41175,-0.0116423462,
2.412,0.0001141764,
2.41225,-0.0148141375,
2.4125,-0.0032095776,
2.41275,-0.0085294051,
2.413,-0.0019919816,
2.41325,-0.0014160237,
2.4135,0.0138317365,
2.41375,-0.0082386173,
2.414,-0.0034458498,
2.41425,0.0097086616,
2.4145,0.0031123569,
2.41475,-0.0212845951,
2.415,-0.0006102130,
2.41525,0.0005744356,
2.4155,-0.0198703911,
2.41575,-0.0521478057,
2.416,-0.0143946148,
2.41625,-0.0016071828,
2.4165,-0.0250892546,
2.41675,-0.0116979592,
2.417,-0.0061859800,
2.41725,0.0042939661,
2.4175,-0.0050610658,
2.41775,0.0001397476,
2.418,0.0084180627,
2.41825,0.0109561775,
2.4185,-0.0114112487,
2.41875,-0.0105360895,
2.419,0.0104847904,
2.41925,0.0048102587,
2.4195,-0.0008299490,
2.41975,0.0204137731,
2.42,-0.0084670903,
2.42025,0.0222961381,
2.4205,0.0059628617,
2.42075,-0.0101088649,
2.421,-0.0072963093,
2.42125,-0.0220279656,
2.4215,-0.0467269942,
2.42175,-0.0271581821,
2.422,0.0012365144,
2.42225,-0.0052604266,
2.4225,-0.0085593984,
2.42275,-0.0239277296,
2.423,-0.0076029049,
2.42325,0.0135672279,
2.4235,-0.0041390844,
2.42375,-0.0015812811,
2.424,0.0157555025,
2.42425,0.0048138727,
2.4245,-0.0216188263,
2.42475,0.0021847093,
2.425,0.0185677577,
2.42525,0.0084303059,
2.4255,-0.0045937309,
2.42575,-0.0087815607,
2.426,-0.0004223086,
2.42625,-0.0143555747,
2.4265,-0.0433528945,
2.42675,-0.0266026873,
2.427,0.0025376698,
2.42725,-0.0047544269,
2.4275,-0.0234137774,
2.42775,-0.0148161184,
2.428,0.0253221989,
2.42825,0.0189137310,
2.4285,0.0167068616,
2.42875,0.0221838411,
2.429,0.0320256837,
2.42925,0.0146317249,
2.4295,0.0327185318,
2.42975,0.0004852244,
2.43,0.0233979300,
2.43025,0.0158225764,
2.4305,-0.0046730074,
2.43075,-0.0309045017,
2.431,-0.0020811253,
2.43125,-0.0268679075,
2.4315,-0.0019505196,
2.43175,0.0041047162,
2.432,0.0092654843,
2.43225,-0.0074914307,
2.4325,-0.0141583150,
2.43275,0.0148046371,
2.433,0.0206238981,
2.43325,0.0168757346,
2.4335,-0.0116472645,
2.43375,0.0023428968,
2.434,0.0215094872,
2.43425,-0.0015147926,
2.4345,-0.0000275618,
2.43475,-0.0038409957,
2.435,0.0174795631,
2.43525,-0.0004960918,
2.4355,-0.0005622447,
2.43575,0.0061352644,
2.436,-0.0147853047,
2.43625,-0.0072658970,
2.4365,0.0052431901,
2.43675,0.0098453630,
2.437,0.0171135217,
2.43725,0.0094008390,
2.4375,-0.0066514090,
2.43775,0.0052035982,
2.438,0.0249591470,
2.43825,0.0184011664,
2.4385,-0.0177336056,
2.43875,0.0083413394,
2.439,-0.0037275639,
2.43925,-0.0020873579,
2.4395,0.0067606471,
2.43975,0.0273552556,
2.44,-0.0100090206,
2.44025,-0.0235063843,
2.4405,0.0031476014,
2.44075,0.0059149107,
2.441,0.0002129873,
2.44125,0.0190751664,
2.4415,0.0146321310,
2.44175,-0.0049217348,
2.442,0.0008575013,
2.44225,0.0144848898,
2.4425,-0.0297222473,
2.44275,-0.0134948809,
2.443,-0.0400165506,
2.44325,-0.0277047269,
2.4435,-0.0007210849,
2.44375,-0.0354241803,
2.444,0.0070233014,
2.44425,-0.0296531320,
2.4445,-0.0225011352,
2.44475,-0.0454179421,
2.445,-0.0167468116,
2.44525,-0.0157097038,
2.4455,0.0006635806,
2.44575,-0.0035110603,
2.446,0.0050980207,
2.44625,-0.0405256823,
2.4465,-0.0340119340,
2.44675,0.0119048441,
2.447,-0.0157537013,
2.44725,-0.0512964278,
2.4475,-0.0125067038,
2.44775,0.0119539211,
2.448,-0.0097967582,
2.44825,-0.0020938823,
2.4485,-0.0033509047,
2.44875,0.0038575989,
2.449,0.0078054373,
2.44925,0.0045019062,
2.4495,-0.0050255568,
2.44975,-0.0092602307,
2.45,0.0129017979,
2.45025,-0.0348688997,
2.4505,-0.0042078942,
2.45075,0.0035496219,
2.451,0.0020232282,
2.45125,-0.0045921332,
2.4515,-0.0205075387,
2.45175,0.0242059343,
2.452,-0.0213438366,
2.45225,-0.0019982147,
2.4525,0.0087991906,
2.45275,0.0133347195,
2.453,-0.0150931673,
2.45325,-0.0210160483,
2.4535,-0.0093352785,
2.45375,-0.0111942906,
2.454,-0.0131233446,
2.45425,-0.0243601929,
2.4545,-0.0226667300,
2.45475,0.0026657793,
2.455,0.0010561657,
2.45525,-0.0129366461,
2.4555,0.0150427083,
2.45575,-0.0017504438,
2.456,0.0022684429,
2.45625,0.0005325658,
2.4565,0.0091066025,
2.45675,0.0228949003,
2.457,-0.0153481364,
2.45725,-0.0310929939,
2.4575,0.0127697354,
2.45775,-0.0066565471,
2.458,-0.0214499012,
2.45825,-0.0176241174,
2.4585,0.0222981684,
2.45875,-0.0047011441,
2.459,-0.0015088164,
2.45925,0.0086584864,
2.4595,0.0025897687,
2.45975,0.0012961439,
2.46,0.0111517170,
2.46025,0.0083088195,
2.4605,0.0076683755,
2.46075,0.0143580250,
2.461,0.0091906497,
2.46125,0.0023315011,
2.4615,0.0158702042,
2.46175,0.0101869386,
2.462,-0.0062355935,
2.46225,0.0045926874,
2.4625,0.0060496391,
2.46275,0.0022576372,
2.463,0.0181865655,
2.46325,-0.0024974695,
2.4635,0.0319752544,
2.46375,-0.0038218128,
2.464,-0.0054423781,
2.46425,0.0264674202,
2.4645,-0.0313302204,
2.46475,-0.0394066647,
2.465,0.0041375817,
2.46525,-0.0078847501,
2.4655,0.0171426795,
2.46575,0.0010879854,
2.466,-0.0256822091,
2.46625,-0.0082355049,
2.4665,0.0073686959,
2.46675,-0.0049109762,
2.467,-0.0029364969,
2.46725,-0.0121303611,
2.4675,0.0069939895,
2.46775,-0.0093102446,
2.468,0.0168780256,
2.46825,-0.0034749208,
2.4685,0.0102231698,
2.46875,0.0089219343,
2.469,0.0046651093,
2.46925,-0.0092860125,
2.4695,0.0187588371,
2.46975,0.0108225169,
2.47,-0.0583336838,
2.47025,0.0057401732,
2.4705,-0.0100649195,
2.47075,0.0041685961,
2.471,0.0027982472,
2.47125,-0.0079144472,
2.4715,-0.0198948681,
2.47175,0.0083783679,
2.472,0.0161714889,
2.47225,0.0091710752,
2.4725,0.0059593790,
2.47275,-0.0008365809,
2.473,-0.0170993228,
2.47325,-0.0032455826,
2.4735,0.0288012736,
2.47375,0.0106829964,
2.474,-0.0014186904,
2.47425,0.0089636035,
2.4745,-0.0077715265,
2.47475,0.0003397528,
2.475,0.0178526007,
2.47525,-0.0180041771,
2.4755,-0.0100159170,
2.47575,-0.0136421630,
2.476,-0.0002564634,
2.47625,-0.0169330053,
2.4765,0.0250561610,
2.47675,0.0110189468,
2.477,0.0254871659,
2.47725,0.0189030617,
2.4775,0.0335889682,
2.47775,-0.0032227593,
2.478,0.0257499348,
2.47825,0.0181038417,
2.4785,-0.0162664317,
2.47875,-0.0026177000,
2.479,0.0066768853,
2.47925,0.0130199380,
2.4795,0.0331582092,
2.47975,-0.0262389444,
2.48,0.0056921416,
2.48025,-0.0057190489,
2.4805,0.0396517478,
2.48075,-0.1313536018,
2.481,-0.0255833752,
2.48125,0.0160043798,
2.4815,0.0131246718,
2.48175,-0.0317977965,
2.482,-0.0055678263,
2.48225,0.0247388035,
2.4825,0.0203002039,
2.48275,0.0285828095,
2.483,0.0149098085,
2.48325,0.0102028400,
2.4835,0.0234619882,
2.48375,-0.0026986282,
2.484,-0.0020199064,
2.48425,0.0362080298,
2.4845,0.0150242997,
2.48475,0.0165934246,
2.485,0.0018531921,
2.48525,-0.0003926465,
2.4855,-0.0035526403,
2.48575,-0.0013013369,
2.486,-0.0063681891,
2.48625,0.0196646713,
2.4865,0.0247556977,
2.48675,-0.0013872941,
2.487,-0.0031268445,
2.48725,0.0261506606,
2.4875,0.0260182004,
2.48775,0.0093007805,
2.488,0.0068386821,
2.48825,0.0065977043,
2.4885,-0.0167594682,
2.48875,-0.0108464845,
2.489,-0.0046997885,
2.48925,0.0121261757,
2.4895,0.0015279757,
2.48975,-0.0080180438,
2.49,-0.0101452870,
2.49025,-0.0316820368,
2.4905,-0.0285232347,
2.49075,-0.0348697118,
2.491,-0.0171868410,
2.49125,0.0014931234,
2.4915,-0.0158834029,
2.49175,-0.0236000642,
2.492,-0.0247103162,
2.49225,0.0118524712,
2.4925,0.0103555378,
2.49275,0.0035891831,
2.493,0.0002588088,
2.49325,0.0025651569,
2.4935,-0.0026560389,
2.49375,0.0000798893,
2.494,0.0217158571,
2.49425,-0.0001086005,
2.4945,0.0209163278,
2.49475,-0.0072014872,
2.495,-0.0180713795,
2.49525,0.0242241863,
2.4955,0.0429671332,
2.49575,-0.0357729346,
2.496,0.0092407204,
2.49625,0.0253567863,
2.4965,-0.0063267509,
2.49675,-0.0115583651,
2.497,0.0102334237,
2.49725,-0.0183897167,
2.4975,-0.0174760092,
2.49775,0.0035761134,
2.498,-0.0017329050,
2.49825,0.0113044670,
2.4985,0.0067810579,
2.49875,-0.0048513338,
2.499,-0.0017024664,
2.49925,0.0078045554,
2.4995,-0.0116797965,
2.49975,0.0003131167,
2.5,-0.0030261639,
2.50025,0.0173006449,
2.5005,0.0191580802,
2.50075,0.0096188765,
2.501,0.0103240693,
2.50125,0.0173135512,
2.5015,-0.0146603817,
2.50175,-0.0461154394,
2.502,-0.0010228122,
2.50225,0.0194528177,
2.5025,-0.0033518195,
2.50275,0.0109787984,
2.503,0.0110586267,
2.50325,0.0017697131,
2.5035,-0.0215767361,
2.50375,0.0050881556,
2.504,0.0133777764,
2.50425,0.0251709558,
2.5045,0.0070234570,
2.50475,-0.0111653237,
2.505,0.0011611964,
2.50525,0.0343022645,
2.5055,-0.0413040221,
2.50575,-0.0052295635,
2.506,0.0341561697,
2.50625,0.0036127793,
2.5065,0.0106279943,
2.50675,0.0107384147,
2.507,0.0033352675,
2.50725,-0.0090473993,
2.5075,0.0254621245,
2.50775,-0.0051153521,
2.508,-0.0038887595,
2.50825,0.0163074732,
2.5085,0.0100399377,
2.50875,-0.0021148529,
2.509,0.0165387969,
2.50925,0.0120713292,
2.5095,-0.0048003336,
2.50975,0.0049482342,
2.51,0.0097790305,
2.51025,0.0113520725,
2.5105,0.0044612428,
2.51075,0.0035632646,
2.511,0.0128783798,
2.51125,0.0169355832,
2.5115,0.0057974039,
2.51175,0.0185881406,
2.512,0.0165527742,
2.51225,-0.0015969201,
2.5125,-0.0175758265,
2.51275,-0.0072810594,
2.513,-0.0070024086,
2.51325,0.0113091394,
2.5135,0.0099161780,
2.51375,0.0023046250,
2.514,0.0279853586,
2.51425,0.0108253537,
2.5145,-0.0073629906,
2.51475,0.0185304768,
2.515,0.0349743366,
2.51525,-0.0239931569,
2.5155,0.0074292226,
2.51575,0.0226507075,
2.516,-0.0086365286,
2.51625,0.0201659258,
2.5165,0.0249069333,
2.51675,0.0025677725,
2.517,0.0254693851,
2.51725,0.0480433330,
2.5175,-0.0158093944,
2.51775,0.0071015060,
2.518,0.0418293849,
2.51825,-0.0039966507,
2.5185,-0.0187156405,
2.51875,0.0202330835,
2.519,-0.0042231232,
2.51925,-0.0141260568,
2.5195,-0.0029321695,
2.51975,0.0101431282,
2.52,0.0089061288,
2.52025,0.0028572741,
2.5205,0.0189449396,
2.52075,0.0165048204,
2.521,0.0178014487,
2.52125,0.0148952464,
2.5215,0.0085629607,
2.52175,0.0010341739,
2.522,0.0153661622,
2.52225,-0.0050519155,
2.5225,-0.0016239675,
2.52275,-0.0060035605,
2.523,0.0009385024,
2.52325,-0.0275136046,
2.5235,-0.0090417527,
2.52375,-0.0117522022,
2.524,-0.0110915676,
2.52425,0.0015028086,
2.5245,-0.0120232077,
2.52475,-0.0054096822,
2.525,0.0175464656,
2.52525,-0.0003893001,
2.5255,0.0136168497,
2.52575,0.0119520314,
2.526,-0.0097323535,
2.52625,0.0085279690,
2.5265,-0.0185986441,
2.52675,0.0026378096,
2.527,0.0105906660,
2.52725,0.0006797040,
2.5275,0.0004804039,
2.52775,0.0196466818,
2.528,0.0185184069,
2.52825,-0.0132888267,
2.5285,-0.0146991070,
2.52875,-0.0090146055,
2.529,-0.0162631795,
2.52925,-0.0085949963,
2.5295,-0.0231742505,
2.52975,0.0012897049,
2.53,0.0052250745,
2.53025,-0.0110510383,
2.5305,0.0001233133,
2.53075,-0.0000996701,
2.531,0.0070234798,
2.53125,-0.0055213803,
2.5315,-0.0101499772,
2.53175,-0.0090850983,
2.532,-0.0144418925,
2.53225,-0.0221874155,
2.5325,-0.0090625938,
2.53275,-0.0109892171,
2.533,-0.0143604912,
2.53325,-0.0081439773,
2.5335,-0.0021956263,
2.53375,-0.0123792971,
2.534,-0.0036883724,
2.53425,-0.0079854354,
2.5345,-0.0114350356,
2.53475,-0.0054504215,
2.535,-0.0039041545,
2.53525,-0.0220007915,
2.5355,-0.0197139569,
2.53575,0.0156581029,
2.536,-0.0184525345,
2.53625,-0.0167782493,
2.5365,0.0017950579,
2.53675,0.0055355988,
2.537,-0.0245482642,
2.53725,-0.0277512968,
2.5375,-0.0062753358,
2.53775,-0.0139335366,
2.538,0.0005736231,
2.53825,-0.0061856080,
2.5385,-0.0009002629,
2.53875,-0.0180065241,
2.539,-0.0152192190,
2.53925,-0.0163763799,
2.5395,-0.0359383076,
2.53975,0.0131808920,
2.54,-0.0253745373,
2.54025,-0.0463158414,
2.5405,-0.0046879402,
2.54075,-0.0135097476,
2.541,-0.0078384569,
2.54125,0.0055231010,
2.5415,0.0060843620,
2.54175,-0.0028754908,
2.542,-0.0212444458,
2.54225,-0.0057630539,
2.5425,-0.0064781099,
2.54275,-0.0017166905,
2.543,-0.0074549895,
2.54325,-0.0093726059,
2.5435,0.0057331570,
2.54375,-0.0016934321,
2.544,-0.0040176725,
2.54425,-0.0080800718,
2.5445,-0.0005672849,
2.54475,0.0077113826,
2.545,-0.0267392676,
2.54525,-0.0165372081,
2.5455,0.0145344101,
2.54575,0.0070154504,
2.546,-0.0113184145,
2.54625,-0.0150771700,
2.5465,0.0084878476,
2.54675,-0.0100817112,
2.547,-0.0015572407,
2.54725,-0.0218256451,
2.5475,-0.0024767509,
2.54775,-0.0637615621,
2.548,-0.0840419233,
2.54825,-0.0258221552,
2.5485,-0.0153062223,
2.54875,0.0210289955,
2.549,-0.0305407513,
2.54925,0.0003776563,
2.5495,0.0201663766,
2.54975,-0.0319297537,
2.55,0.0188575052,
2.55025,-0.0086887106,
2.5505,-0.0166730620,
2.55075,-0.0086088069,
2.551,0.0064488631,
2.55125,-0.0011264944,
2.5515,0.0142780356,
2.55175,0.0081468942,
2.552,-0.0066761631,
2.55225,0.0024863472,
2.5525,0.0167228635,
2.55275,0.0101567013,
2.553,0.0066369516,
2.55325,0.0194325466,
2.5535,0.0258092377,
2.55375,-0.0020105282,
2.554,-0.0317316651,
2.55425,-0.0070059560,
2.5545,0.0100185946,
2.55475,-0.0078311544,
2.555,-0.0062443078,
2.55525,0.0076535530,
2.5555,0.0157044102,
2.55575,-0.0032524490,
2.556,0.0150558120,
2.55625,-0.0087804794,
2.5565,0.0185892582,
2.55675,0.0219549034,
2.557,0.0049693133,
2.55725,0.0183779262,
2.5575,0.0002602297,
2.55775,-0.0064457711,
2.558,0.0003873049,
2.55825,0.0323536918,
2.5585,0.0278636552,
2.55875,0.0120515898,
2.559,0.0065925848,
2.55925,0.0165673271,
2.5595,0.0284890812,
2.55975,0.0058163186,
2.56,0.0154396147,
2.56025,0.0234785844,
2.5605,0.0204833820,
2.56075,0.0149208326,
2.561,0.0122906035,
2.56125,0.0071055060,
2.5615,0.0315224156,
2.56175,-0.0088595012,
2.562,0.0049405876,
2.56225,0.0222810898,
2.5625,0.0024690526,
2.56275,-0.0003047295,
2.563,0.0137842204,
2.56325,0.0236171875,
2.5635,0.0154046491,
2.56375,0.0084980847,
2.564,0.0263753198,
2.56425,0.0186180845,
2.5645,0.0241142977,
2.56475,0.0217897147,
2.565,0.0144434497,
2.56525,0.0338149890,
2.5655,0.0218300894,
2.56575,-0.0015937882,
2.566,0.0002685394,
2.56625,0.0118435035,
2.5665,0.0057054707,
2.56675,-0.0445673987,
2.567,-0.0218313579,
2.56725,0.0058906786,
2.5675,-0.0240844581,
2.56775,0.0221725628,
2.568,-0.0061252834,
2.56825,0.0097495951,
2.5685,0.0210428070,
2.56875,-0.0353935808,
2.569,-0.0199631136,
2.56925,0.0647887439,
2.5695,-0.0383719020,
2.56975,-0.0594891608,
2.57,0.0083129508,
2.57025,0.0443346389,
2.5705,-0.0131518934,
2.57075,0.0057842126,
2.571,-0.0003678147,
2.57125,-0.0299838651,
2.5715,-0.0326569229,
2.57175,-0.0143125448,
2.572,0.0041776015,
2.57225,-0.0294591449,
2.5725,0.0322283283,
2.57275,-0.0116447648,
2.573,-0.0081616212,
2.57325,0.0189792253,
2.5735,0.0158525892,
2.57375,-0.0071189906,
2.574,0.0195367169,
2.57425,0.0146709429,
2.5745,-0.0025701409,
2.57475,-0.0176931955,
2.575,-0.0278710555,
2.57525,0.0023751203,
2.5755,-0.0121965166,
2.57575,-0.0028636202,
2.576,0.0018461104,
2.57625,0.0082231518,
2.5765,-0.0123916529,
2.57675,-0.0178692807,
2.577,-0.0273427945,
2.57725,-0.0113308346,
2.5775,0.0008210773,
2.57775,-0.0087006502,
2.578,-0.0244500749,
2.57825,0.0051853573,
2.5785,-0.0239906274,
2.57875,-0.0316014923,
2.579,-0.0159875918,
2.57925,-0.0385394059,
2.5795,-0.0115322471,
2.57975,-0.0313995481,
2.58,0.0010677715,
2.58025,-0.0430381596,
2.5805,-0.0146463364,
2.58075,-0.0471119061,
2.581,-0.0133904442,
2.58125,0.0031661682,
2.5815,-0.0044446867,
2.58175,-0.0105830301,
2.582,-0.0036433353,
2.58225,-0.0199790578,
2.5825,0.0032034963,
2.58275,-0.0058256127,
2.583,0.0058358163,
2.58325,0.0020534380,
2.5835,-0.0230216775,
2.58375,-0.0679553598,
2.584,-0.0340422541,
2.58425,0.0003556895,
2.5845,-0.0141337281,
2.58475,-0.0016399146,
2.585,-0.0072435299,
2.58525,0.0252732597,
2.5855,-0.0088998284,
2.58575,-0.0177796483,
2.586,0.0069010789,
2.58625,0.0119332075,
2.5865,-0.0307020824,
2.58675,0.0128696496,
2.587,-0.0181857534,
2.58725,-0.0125040384,
2.5875,-0.0210026503,
2.58775,-0.0102394242,
2.588,-0.0127761336,
2.58825,-0.0034696446,
2.5885,-0.0167629961,
2.58875,0.0128802368,
2.589,-0.0114687122,
2.58925,0.0022503582,
2.5895,-0.0136656575,
2.58975,0.0108142756,
2.59,0.0144540314,
2.59025,0.0098741651,
2.5905,-0.0021618088,
2.59075,0.0071017933,
2.591,-0.0038685740,
2.59125,-0.0092121735,
2.5915,-0.0359583609,
2.59175,-0.0282751396,
2.592,0.0188139807,
2.59225,0.0003683519,
2.5925,-0.0195311736,
2.59275,-0.0103913695,
2.593,0.0246107001,
2.59325,-0.0038626906,
2.5935,0.0191391055,
2.59375,-0.0065883053,
2.594,0.0284853466,
2.59425,-0.0104631940,
2.5945,-0.0079899542,
2.59475,-0.0153588112,
2.595,0.0132930782,
2.59525,0.0072296998,
2.5955,0.0089886487,
2.59575,-0.0074288594,
2.596,0.0323439986,
2.59625,-0.0087678703,
2.5965,0.0138122514,
2.59675,0.0184557047,
2.597,0.0388938561,
2.59725,0.0156880245,
2.5975,0.0275187362,
2.59775,0.0165422913,
2.598,0.0225903075,
2.59825,0.0038555379,
2.5985,0.0064578149,
2.59875,0.0016041037,
2.599,0.0185196940,
2.59925,-0.0034691100,
2.5995,-0.0128136212,
2.59975,0.0013346876,
2.6,-0.0072161388,
2.60025,0.0075481697,
2.6005,0.0011923364,
2.60075,0.0119869038,
2.601,0.0290843137,
2.60125,0.0110308733,
2.6015,0.0061975140,
2.60175,0.0216166768,
2.602,-0.0006766053,
2.60225,0.0027726297,
2.6025,-0.0288063679,
2.60275,-0.0055465898,
2.603,-0.0044337069,
2.60325,0.0025044836,
2.6035,0.0127300788,
2.60375,0.0176004488,
2.604,0.0282074772,
2.60425,0.0065154992,
2.6045,0.0067265984,
2.60475,0.0311744772,
2.605,0.0323675014,
2.60525,-0.0153035307,
2.6055,0.0134638958,
2.60575,0.0364162102,
2.606,0.0235314220,
2.60625,0.0156218335,
2.6065,0.0358716771,
2.60675,0.0250259396,
2.607,0.0291466620,
2.60725,0.0182316508,
2.6075,0.0207321979,
2.60775,0.0089985402,
2.608,0.0437157638,
2.60825,0.0153719625,
2.6085,0.0158356801,
2.60875,0.0264737550,
2.609,0.0239298902,
2.60925,-0.0099595748,
2.6095,0.0169381313,
2.60975,0.0212735683,
2.61,-0.0420992263,
2.61025,-0.0146626048,
2.6105,0.0283115637,
2.61075,-0.0082055135,
2.611,0.0140555128,
2.61125,0.0224344805,
2.6115,0.0158595555,
2.61175,0.0116125643,
2.612,0.0247557573,
2.61225,-0.0100483354,
2.6125,0.0132741798,
2.61275,0.0382284671,
2.613,0.0130727962,
2.61325,0.0063620713,
2.6135,0.0320054553,
2.61375,0.0114694610,
2.614,0.0206529256,
2.61425,0.0036688196,
2.6145,-0.0016502674,
2.61475,-0.0060177431,
2.615,0.0145786637,
2.61525,-0.0204799995,
2.6155,0.0133822598,
2.61575,0.0107133277,
2.616,-0.0079695219,
2.61625,0.0123940958,
2.6165,0.0073739439,
2.61675,0.0074953749,
2.617,0.0102860061,
2.61725,-0.0015109662,
2.6175,0.0078750383,
2.61775,0.0189347938,
2.618,0.0018409971,
2.61825,-0.0108582824,
2.6185,0.0083982134,
2.61875,0.0011080489,
2.619,-0.0128234262,
2.61925,-0.0023726274,
2.6195,-0.0020419296,
2.61975,-0.0126446467,
2.62,-0.0135410195,
2.62025,-0.0296941027,
2.6205,-0.0512117185,
2.62075,0.0061680656,
2.621,0.0045216344,
2.62125,-0.0389712565,
2.6215,0.0192138609,
2.62175,0.0155704934,
2.622,-0.0295285489,
2.62225,-0.0030142446,
2.6225,0.0267438870,
2.62275,-0.0128056146,
2.623,-0.0191143826,
2.62325,0.0109654851,
2.6235,-0.0092735430,
2.62375,-0.0146946143,
2.624,-0.0093748597,
2.62425,-0.0278965365,
2.6245,-0.0030714341,
2.62475,0.0004503123,
2.625,-0.0077684186,
2.62525,-0.0094346087,
2.6255,-0.0022319909,
2.62575,0.0102010109,
2.626,-0.0121961366,
2.62625,-0.0306130536,
2.6265,0.0033501894,
2.62675,-0.0173455328,
2.627,-0.0276948996,
2.62725,-0.0175726376,
2.6275,0.0032785735,
2.62775,-0.0167510975,
2.628,-0.0217957087,
2.62825,-0.0308934133,
2.6285,-0.0096154902,
2.62875,-0.0281738471,
2.629,-0.0210261643,
2.62925,-0.0118168835,
2.6295,-0.0003714485,
2.62975,-0.0214266255,
2.63,-0.0185827017,
2.63025,-0.0018258445,
2.6305,-0.0182203352,
2.63075,-0.0047406219,
2.631,-0.0503916629,
2.63125,-0.0278943703,
2.6315,-0.0104859015,
2.63175,-0.0423636809,
2.632,-0.0174770895,
2.63225,0.0050337282,
2.6325,-0.0027761390,
2.63275,-0.0192102920,
2.633,0.0188417528,
2.63325,-0.0056026042,
2.6335,-0.0128612481,
2.63375,0.0056423950,
2.634,-0.0124713173,
2.63425,-0.0204573274,
2.6345,0.0128974682,
2.63475,-0.0067283874,
2.635,-0.0235273335,
2.63525,0.0105248438,
2.6355,-0.0013269564,
2.63575,0.0006525790,
2.636,-0.0278579444,
2.63625,0.0078536384,
2.6365,0.0017248017,
2.63675,-0.0048687505,
2.637,-0.0301724318,
2.63725,0.0000382093,
2.6375,-0.0050315489,
2.63775,-0.0021954086,
2.638,-0.0040454282,
2.63825,0.0033242200,
2.6385,-0.0182851106,
2.63875,-0.0124079026,
2.639,-0.0081906486,
2.63925,0.0031192086,
2.6395,-0.0028239479,
2.63975,-0.0014070105,
2.64,-0.0068481704,
2.64025,0.0010709522,
2.6405,0.0073316460,
2.64075,0.0106357113,
2.641,-0.0061782198,
2.64125,0.0022713991,
2.6415,-0.0081413155,
2.64175,-0.0021194983,
2.642,-0.0387379192,
2.64225,-0.0072430545,
2.6425,-0.0149262408,
2.64275,-0.0196477473,
2.643,0.0039015349,
2.64325,-0.0035094630,
2.6435,0.0164511390,
2.64375,0.0029232968,
2.644,-0.0000856883,
2.64425,0.0170138571,
2.6445,0.0136321494,
2.64475,-0.0028263037,
2.645,0.0105197374,
2.64525,0.0184239130,
2.6455,0.0184384938,
2.64575,-0.0037984920,
2.646,0.0072841458,
2.64625,0.0165850557,
2.6465,0.0113325054,
2.64675,0.0243965015,
2.647,0.0048487755,
2.64725,0.0073967986,
2.6475,0.0067021968,
2.64775,0.0069286996,
2.648,0.0016765820,
2.64825,0.0202699564,
2.6485,0.0026948438,
2.64875,-0.0051918514,
2.649,0.0240956768,
2.64925,0.0198734626,
2.6495,0.0127549199,
2.64975,0.0247385018,
2.65,0.0325179808,
2.65025,0.0312283933,
2.6505,0.0203489065,
2.65075,0.0096717933,
2.651,-0.0041703321,
2.65125,0.0116360663,
2.6515,0.0149020310,
2.65175,-0.0162443146,
2.652,-0.0031342795,
2.65225,0.0263739377,
2.6525,-0.0163628329,
2.65275,-0.0110484371,
2.653,-0.0293091312,
2.65325,-0.0208197758,
2.6535,0.0209888406,
2.65375,0.0072635002,
2.654,0.0153826540,
2.65425,-0.0160144474,
2.6545,-0.0031898399,
2.65475,0.0189800467,
2.655,0.0329192095,
2.65525,0.0022382457,
2.6555,-0.0024035263,
2.65575,0.0146785509,
2.656,0.0177210402,
2.65625,0.0162878837,
2.6565,0.0257070698,
2.65675,0.0152504239,
2.657,0.0065603731,
2.65725,0.0274283923,
2.6575,0.0172457676,
2.65775,0.0175081957,
2.658,0.0043172124,
2.65825,0.0275135562,
2.6585,0.0064550736,
2.65875,-0.0087317666,
2.659,0.0057574492,
2.65925,0.0189715587,
2.6595,0.0066286940,
2.65975,0.0136612179,
2.66,0.0200097654,
2.66025,0.0139935138,
2.6605,0.0153834820,
2.66075,0.0132460892,
2.661,0.0250171851,
2.66125,0.0193978958,
2.6615,0.0130348513,
2.66175,0.0171810128,
2.662,0.0261169765,
2.66225,0.0114022605,
2.6625,0.0025503759,
2.66275,-0.0041111941,
2.663,0.0000754505,
2.66325,0.0062233508,
2.6635,0.0010151220,
2.66375,0.0004505158,
2.664,0.0149105536,
2.66425,0.0136430459,
2.6645,0.0028872699,
2.66475,0.0076664048,
2.665,0.0091103613,
2.66525,0.0111784749,
2.6655,0.0125653381,
2.66575,0.0114449412,
2.666,-0.0010015271,
2.66625,0.0092219738,
2.6665,-0.0039201751,
2.66675,-0.0106899161,
2.667,-0.0144050876,
2.66725,-0.0323702693,
2.6675,-0.0464548506,
2.66775,-0.0041536931,
2.668,0.0079071783,
2.66825,-0.0323895812,
2.6685,-0.0342876799,
2.66875,-0.0130885169,
2.669,-0.0123844221,
2.66925,0.0168323778,
2.6695,-0.0260783061,
2.66975,-0.0005660658,
2.67,-0.0080428123,
2.67025,-0.0166810974,
2.6705,-0.0079865465,
2.67075,-0.0056583602,
2.671,-0.0119341668,
2.67125,-0.0084799090,
2.6715,-0.0052793128,
2.67175,0.0064782556,
2.672,0.0042602401,
2.67225,-0.0206030235,
2.6725,0.0197967123,
2.67275,-0.0034650790,
2.673,0.0192104597,
2.67325,-0.0093528153,
2.6735,-0.0046480177,
2.67375,-0.0332479812,
2.674,-0.0259295087,
2.67425,-0.0594481118,
2.6745,-0.1162246540,
2.67475,-0.0836585015,
2.675,-0.0019400329,
2.67525,-0.0194495954,
2.6755,-0.0616207905,
2.67575,-0.0234213024,
2.676,-0.0210157502,
2.67625,-0.0279203616,
2.6765,-0.0293100961,
2.67675,0.0080648959,
2.677,-0.0147825396,
2.67725,-0.0444897078,
2.6775,0.0163405631,
2.67775,-0.0004322688,
2.678,0.0076000025,
2.67825,-0.0105731701,
2.6785,-0.0120980050,
2.67875,-0.0168052725,
2.679,0.0065778783,
2.67925,-0.0220397748,
2.6795,-0.0343385525,
2.67975,-0.0187338050,
2.68,0.0233764760,
2.68025,-0.0215825271,
2.6805,0.0007019317,
2.68075,0.0145367431,
2.681,0.0230324417,
2.68125,-0.0070044622,
2.6815,0.0062758327,
2.68175,0.0173037741,
2.682,0.0143191386,
2.68225,0.0044114366,
2.6825,-0.0083875936,
2.68275,-0.0111559583,
2.683,0.0164834410,
2.68325,0.0004406020,
2.6835,0.0193981249,
2.68375,0.0156398751,
2.684,-0.0109061450,
2.68425,-0.0080630379,
2.6845,-0.0212088153,
2.68475,-0.0218767822,
2.685,0.0011130569,
2.68525,0.0000523341,
2.6855,0.0047394806,
2.68575,-0.0077982205,
2.686,0.0144199077,
2.68625,-0.0054197223,
2.6865,0.0064161369,
2.68675,0.0132128419,
2.687,0.0235009920,
2.68725,0.0046416880,
2.6875,0.0131486431,
2.68775,0.0090290103,
2.688,0.0163811874,
2.68825,-0.0071974332,
2.6885,0.0140889874,
2.68875,0.0025528602,
2.689,0.0311350916,
2.68925,0.0090238545,
2.6895,0.0161304716,
2.68975,0.0261368789,
2.69,0.0283429679,
2.69025,0.0145455692,
2.6905,0.0263323262,
2.69075,-0.0047414880,
2.691,-0.0090522794,
2.69125,0.0057202163,
2.6915,0.0169504844,
2.69175,0.0222074538,
2.692,0.0124642793,
2.69225,0.0179418288,
2.6925,0.0155709358,
2.69275,0.0115342606,
2.693,0.0207112897,
2.69325,0.0043396554,
2.6935,-0.0092435610,
2.69375,0.0147882644,
2.694,0.0387687497,
2.69425,0.0200694427,
2.6945,0.0180094372,
2.69475,0.0169277955,
2.695,-0.0230357684,
2.69525,-0.0528966188,
2.6955,-0.0351986028,
2.69575,-0.0287941955,
2.696,-0.0701063573,
2.69625,-0.0141794616,
2.6965,-0.0887868106,
2.69675,0.0098074321,
2.697,0.0192086753,
2.69725,0.0084802993,
2.6975,0.0187802296,
2.69775,0.0130368257,
2.698,0.0219177939,
2.69825,-0.0375582017,
2.6985,0.0252025388,
2.69875,0.0141642066,
2.699,-0.0124725709,
2.69925,0.0309634861,
2.6995,0.0365929566,
2.69975,0.0332409702,
2.7,0.0115195438,
2.70025,0.0148427757,
2.7005,0.0237868093,
2.70075,0.0263577905,
2.701,0.0266357623,
2.70125,-0.0256471671,
2.7015,0.0040033930,
2.70175,0.0183928553,
2.702,-0.0049536610,
2.70225,0.0209304225,
2.7025,0.0138955731,
2.70275,0.0337803438,
2.703,0.0079937540,
2.70325,0.0200632196,
2.7035,0.0257729068,
2.70375,0.0385277942,
2.704,-0.0063287364,
2.70425,0.0225416459,
2.7045,0.0260511022,
2.70475,0.0219113603,
2.705,0.0056417603,
2.70525,-0.0071505206,
2.7055,0.0287848171,
2.70575,0.0030919556,
2.706,-0.0392015055,
2.70625,-0.0226870645,
2.7065,-0.0034342601,
2.70675,0.0186007898,
2.707,-0.0191958770,
2.70725,0.0022292449,
2.7075,0.0180366393,
2.70775,0.0078686057,
2.708,0.0074243494,
2.70825,0.0136366561,
2.7085,0.0203338657,
2.70875,0.0096433302,
2.709,0.0100726336,
2.70925,0.0141678285,
2.7095,0.0208252333,
2.70975,0.0056383642,
2.71,0.0078452490,
2.71025,0.0045686564,
2.7105,0.0112326816,
2.71075,-0.0031017200,
2.711,0.0003417078,
2.71125,-0.0076391799,
2.7115,0.0020285123,
2.71175,-0.0268145688,
2.712,-0.0258425027,
2.71225,0.0013851268,
2.7125,0.0048294561,
2.71275,-0.0222112089,
2.713,-0.0170321800,
2.71325,0.0017157174,
2.7135,-0.0129085910,
2.71375,-0.0131188901,
2.714,0.0106574874,
2.71425,-0.0076117390,
2.7145,0.0011419794,
2.71475,-0.0060094516,
2.715,-0.0103749391,
2.71525,-0.0108032916,
2.7155,-0.0376183838,
2.71575,-0.0232868176,
2.716,-0.0227017310,
2.71625,-0.0230575334,
2.7165,-0.0696197972,
2.71675,-0.0599764138,
2.717,-0.0649566650,
2.71725,-0.0249645561,
2.7175,-0.0147669017,
2.71775,-0.0348581895,
2.718,-0.0113513283,
2.71825,0.0150160231,
2.7185,0.0012937963,
2.71875,-0.0233447775,
2.719,0.0084193908,
2.71925,-0.0004860821,
2.7195,-0.0054558180,
2.71975,-0.0219659582,
2.72,-0.0307186786,
2.72025,-0.0067446106,
2.7205,-0.0049220836,
2.72075,-0.0184021629,
2.721,0.0083664563,
2.72125,0.0200810935,
2.7215,-0.0021564178,
2.72175,-0.0016287341,
2.722,-0.0178282745,
2.72225,-0.0050632008,
2.7225,0.0059569259,
2.72275,-0.0033252572,
2.723,-0.0115749743,
2.72325,-0.0036687963,
2.7235,-0.0000644940,
2.72375,-0.0064812968,
2.724,-0.0092432871,
2.72425,-0.0106615713,
2.7245,-0.0311054178,
2.72475,-0.0093838740,
2.725,-0.0139636509,
2.72525,0.0050490978,
2.7255,-0.0020282113,
2.72575,0.0113995895,
2.726,-0.0072646178,
2.72625,0.0035477220,
2.7265,0.0188036021,
2.72675,-0.0186179914,
2.727,0.0022848956,
2.72725,0.0294468086,
2.7275,-0.0360332690,
2.72775,-0.0203325991,
2.728,0.0162637606,
2.72825,-0.0039362805,
2.7285,-0.0159965809,
2.72875,0.0156074027,
2.729,0.0087888669,
2.72925,-0.0155510660,
2.7295,0.0054635201,
2.72975,-0.0233042203,
2.73,0.0036166897,
2.73025,0.0124589950,
2.7305,-0.0130545245,
2.73075,-0.0169032980,
2.731,0.0176487267,
2.73125,0.0117436470,
2.7315,0.0247350559,
2.73175,-0.0028197328,
2.732,-0.0019431737,
2.73225,0.0065223756,
2.7325,-0.0050311778,
2.73275,-0.0281708892,
2.733,-0.0010474650,
2.73325,0.0274804961,
2.7335,-0.0055679120,
2.73375,-0.0126667414,
2.734,0.0038231330,
2.73425,-0.0013444392,
2.7345,-0.0073199850,
2.73475,-0.0001600189,
2.735,0.0158992130,
2.73525,0.0017924513,
2.7355,0.0037846486,
2.73575,0.0157017093,
2.736,-0.0044579557,
2.73625,0.0231770240,
2.7365,-0.0116751632,
2.73675,-0.0134122558,
2.737,0.0315680727,
2.73725,0.0046302010,
2.7375,-0.0083146524,
2.73775,0.0261742249,
2.738,0.0130836656,
2.73825,-0.0052320771,
2.7385,-0.0277929716,
2.73875,-0.0000554253,
2.739,-0.0201992653,
2.73925,-0.0025932982,
2.7395,-0.0203791000,
2.73975,-0.0152396876,
2.74,0.0117793288,
2.74025,0.0132140713,
2.7405,-0.0078110467,
2.74075,0.0150164915,
2.741,0.0081279511,
2.74125,0.0037674289,
2.7415,-0.0048511201,
2.74175,0.0006866150,
2.742,0.0172381308,
2.74225,0.0208293758,
2.7425,0.0002265239,
2.74275,0.0184084829,
2.743,0.0311591197,
2.74325,0.0209124051,
2.7435,-0.0007105561,
2.74375,0.0083683217,
2.744,0.0090718614,
2.74425,-0.0017286300,
2.7445,0.0139563112,
2.74475,0.0041712057,
2.745,0.0107789952,
2.74525,0.0216284227,
2.7455,0.0076264008,
2.74575,0.0098627014,
2.746,0.0114736147,
2.74625,0.0143994298,
2.7465,0.0193225238,
2.74675,0.0122919511,
2.747,0.0289361328,
2.74725,-0.0158435442,
2.7475,0.0325229988,
2.74775,-0.0003058071,
2.748,0.0078600869,
2.74825,0.0163585301,
2.7485,-0.0293642320,
2.74875,-0.0223802440,
2.749,0.0262993015,
2.74925,0.0047082743,
2.7495,-0.0405781940,
2.74975,-0.0163125396,
2.75,0.0256040730,
2.75025,-0.0191881992,
2.7505,0.0029549268,
2.75075,0.0004572131,
2.751,0.0004770991,
2.75125,-0.0022454150,
2.7515,0.0150953690,
2.75175,0.0142920436,
2.752,0.0051044119,
2.75225,-0.0003028879,
2.7525,0.0006761437,
2.75275,0.0098983999,
2.753,0.0104828104,
2.75325,0.0149462540,
2.7535,0.0008586471,
2.75375,0.0071689864,
2.754,0.0135281384,
2.75425,-0.0046694777,
2.7545,-0.0099073630,
2.75475,0.0033297983,
2.755,-0.0004424895,
2.75525,-0.0093196407,
2.7555,-0.0052936147,
2.75575,0.0163505208,
2.756,0.0030202463,
2.75625,0.0057267542,
2.7565,0.0019223785,
2.75675,0.0027767152,
2.757,0.0179453976,
2.75725,-0.0055940757,
2.7575,-0.0044641113,
2.75775,0.0072764209,
2.758,0.0158237088,
2.75825,-0.0051882351,
2.7585,-0.0063342932,
2.75875,-0.0050452165,
2.759,-0.0079694474,
2.75925,-0.0180391241,
2.7595,-0.0092574153,
2.75975,0.0073445826,
2.76,-0.0060626003,
2.76025,-0.0181507729,
2.7605,-0.0154755404,
2.76075,0.0076973038,
2.761,-0.0064645498,
2.76125,-0.0200300291,
2.7615,0.0085098753,
2.76175,0.0041747037,
2.762,-0.0076346635,
2.76225,-0.0312919430,
2.7625,0.0027879805,
2.76275,-0.0012702995,
2.763,-0.0046251342,
2.76325,-0.0099957790,
2.7635,0.0189817715,
2.76375,0.0084213838,
2.764,0.0208814479,
2.76425,-0.0233016051,
2.7645,-0.0090256436,
2.76475,-0.0119373668,
2.765,0.0114019867,
2.76525,-0.0633678287,
2.7655,-0.0150302248,
2.76575,0.0136500681,
2.766,-0.0039491002,
2.76625,-0.0166087393,
2.7665,-0.0049783336,
2.76675,0.0181336757,
2.767,-0.0036805184,
2.76725,-0.0023279153,
2.7675,0.0187772922,
2.76775,0.0116828941,
2.768,0.0067634205,
2.76825,0.0018231142,
2.7685,-0.0433736071,
2.76875,0.0069311587,
2.769,0.0037231138,
2.76925,0.0029651858,
2.7695,0.0104478616,
2.76975,0.0211318936,
2.77,0.0189365093,
2.77025,-0.0131309489,
2.7705,-0.0034567795,
2.77075,0.0078938538,
2.771,-0.0125736101,
2.77125,-0.0040317397,
2.7715,0.0102640670,
2.77175,0.0131491963,
2.772,0.0061308029,
2.77225,-0.0057516964,
2.7725,0.0069944533,
2.77275,0.0135570811,
2.773,0.0087887207,
2.77325,0.0110389367,
2.7735,0.0183168054,
2.77375,-0.0068390509,
2.774,0.0107511450,
2.77425,0.0313538164,
2.7745,0.0250279885,
2.77475,0.0302037522,
2.775,0.0064856228,
2.77525,0.0174334422,
2.7755,0.0053481068,
2.77575,0.0196548831,
2.776,0.0077726557,
2.77625,-0.0119477566,
2.7765,0.0102459220,
2.77675,0.0080279298,
2.777,-0.0129567012,
2.77725,-0.0115235327,
2.7775,0.0137431286,
2.77775,0.0103501044,
2.778,0.0011373762,
2.77825,0.0269245617,
2.7785,0.0105642797,
2.77875,0.0054575000,
2.779,-0.0134865474,
2.77925,0.0043236087,
2.7795,0.0019796549,
2.77975,0.0140391868,
2.78,-0.0214995332,
2.78025,-0.0146585070,
2.7805,-0.0036602849,
2.78075,-0.0011563404,
2.781,-0.0118341381,
2.78125,-0.0685819611,
2.7815,0.0067520817,
2.78175,-0.0728301853,
2.782,-0.1061911061,
2.78225,-0.0665919855,
2.7825,0.0097552687,
2.78275,0.0141931437,
2.783,-0.0189454015,
2.78325,0.0036140580,
2.7835,-0.0070076012,
2.78375,-0.0146021470,
2.784,-0.0000625121,
2.78425,0.0236875471,
2.7845,-0.0173392277,
2.78475,0.0106782978,
2.785,0.0418588668,
2.78525,-0.0169596393,
2.7855,0.0054612784,
2.78575,0.0165156256,
2.786,-0.0195520781,
2.78625,-0.0130533753,
2.7865,0.0323112197,
2.78675,0.0186816808,
2.787,-0.0160414744,
2.78725,0.0054010004,
2.7875,0.0154665476,
2.78775,0.0117280446,
2.788,-0.0005837307,
2.78825,0.0323726162,
2.7885,-0.0125266761,
2.78875,0.0130815413,
2.789,0.0153277209,
2.78925,0.0202965252,
2.7895,0.0208033212,
2.78975,0.0235418640,
2.79,-0.0028762952,
2.79025,0.0035373776,
2.7905,0.0157126095,
2.79075,0.0096994182,
2.791,-0.0015512708,
2.79125,0.0120330788,
2.7915,0.0207367931,
2.79175,0.0097235050,
2.792,-0.0213562548,
2.79225,0.0104632368,
2.7925,0.0072669694,
2.79275,0.0048999698,
2.793,-0.0093165264,
2.79325,0.0027728069,
2.7935,-0.0081874859,
2.79375,-0.0074429675,
2.794,-0.0289677940,
2.79425,0.0328835845,
2.7945,-0.0234358534,
2.79475,-0.0089003034,
2.795,0.0274956785,
2.79525,0.0034887902,
2.7955,0.0128666926,
2.79575,-0.0428499989,
2.796,0.0067913057,
2.79625,0.0228988640,
2.7965,0.0034036473,
2.79675,0.0158643797,
2.797,-0.0131275030,
2.79725,-0.0184093844,
2.7975,0.0248307567,
2.79775,-0.0204068124,
2.798,-0.0166887194,
2.79825,-0.0078061274,
2.7985,-0.0064555323,
2.79875,-0.0045142900,
2.799,-0.0104737785,
2.79925,0.0014802383,
2.7995,-0.0103591550,
2.79975,-0.0512663424,
2.8,0.0038239199,
2.80025,-0.0128844855,
2.8005,0.0039628851,
2.80075,-0.0192075204,
2.801,-0.0515457168,
2.80125,-0.0229341686,
2.8015,-0.0263566859,
2.80175,-0.0304937903,
2.802,-0.0355572663,
2.80225,-0.0081515349,
2.8025,-0.0123190032,
2.80275,-0.0557989851,
2.803,-0.0039458591,
2.80325,-0.0012824993,
2.8035,-0.0436125249,
2.80375,-0.0202893373,
2.804,-0.0074507738,
2.80425,0.0213170126,
2.8045,0.0045719966,
2.80475,-0.0148760146,
2.805,-0.0009876462,
2.80525,0.0093628271,
2.8055,-0.0101375300,
2.80575,0.0155209741,
2.806,0.0045745769,
2.80625,0.0028029592,
2.8065,-0.0243380517,
2.80675,-0.0164592229,
2.807,0.0214589909,
2.80725,0.0175658111,
2.8075,0.0120717827,
2.80775,0.0053029070,
2.808,-0.0146475537,
2.80825,0.0101273153,
2.8085,-0.0242205523,
2.80875,-0.0442975983,
2.809,0.0012536253,
2.80925,-0.0085295746,
2.8095,-0.0054191742,
2.80975,-0.0194800925,
2.81,0.0134691186,
2.81025,0.0091360519,
2.8105,0.0100186449,
2.81075,0.0075120497,
2.811,0.0080889435,
2.81125,0.0131663531,
2.8115,0.0110719912,
2.81175,0.0081356391,
2.812,0.0000440896,
2.81225,0.0040743467,
2.8125,0.0171730015,
2.81275,0.0030346350,
2.813,-0.0200696290,
2.81325,-0.0049631726,
2.8135,-0.0371122397,
2.81375,-0.0278410055,
2.814,-0.0119111175,
2.81425,0.0116515122,
2.8145,-0.0197347086,
2.81475,-0.0187038686,
2.815,0.0448275805,
2.81525,-0.0070074550,
2.8155,0.0023941374,
2.81575,0.0216196552,
2.816,0.0065723090,
2.81625,0.0244236179,
2.8165,0.0125948945,
2.81675,-0.0017636066,
2.817,0.0079076868,
2.81725,0.0242162719,
2.8175,-0.0070768185,
2.81775,0.0110477228,
2.818,0.0091052195,
2.81825,0.0243016686,
2.8185,0.0007575658,
2.81875,0.0177054871,
2.819,0.0233823434,
2.81925,0.0320665278,
2.8195,0.0056831767,
2.81975,0.0186732039,
2.82,-0.0023559723,
2.82025,0.0018173459,
2.8205,-0.0218539163,
2.82075,-0.0413365997,
2.821,0.0109966081,
2.82125,-0.0083916252,
2.8215,-0.0442975983,
2.82175,-0.0352430940,
2.822,0.0051032980,
2.82225,0.0069035925,
2.8225,-0.0339995399,
2.82275,-0.0037351428,
2.823,0.0178630315,
2.82325,0.0183416735,
2.8235,-0.0231608674,
2.82375,-0.0424146578,
2.824,0.0011043793,
2.82425,-0.0089407461,
2.8245,-0.0304178447,
2.82475,-0.0104293777,
2.825,-0.0213488638,
2.82525,-0.0244854987,
2.8255,0.0028494161,
2.82575,-0.0204544477,
2.826,0.0230805669,
2.82625,0.0055184402,
2.8265,0.0054223891,
2.82675,0.0105362860,
2.827,-0.0251162611,
2.82725,-0.0553784966,
2.8275,-0.0676266998,
2.82775,-0.0234661177,
2.828,-0.0107517270,
2.82825,0.0095372219,
2.8285,-0.0043233712,
2.82875,0.0092753721,
2.829,0.0163205825,
2.82925,0.0120012555,
2.8295,0.0089174528,
2.82975,0.0049838070,
2.83,0.0120387953,
2.83025,0.0272768456,
2.8305,-0.0066953013,
2.83075,0.0038694739,
2.831,0.0088394424,
2.83125,-0.0363932215,
2.8315,0.0012108739,
2.83175,0.0164778139,
2.832,-0.0373609327,
2.83225,-0.0014245632,
2.8325,0.0017988059,
2.83275,-0.0353305265,
2.833,0.0081890319,
2.83325,0.0021376808,
2.8335,-0.0325991660,
2.83375,-0.0214187428,
2.834,0.0007432576,
2.83425,-0.0137151675,
2.8345,0.0031557688,
2.83475,0.0214819759,
2.835,-0.0021117064,
2.83525,-0.0120588578,
2.8355,-0.0379790403,
2.83575,-0.0295148585,
2.836,-0.0132926609,
2.83625,-0.0147342132,
2.8365,0.0033578288,
2.83675,0.0050414265,
2.837,-0.0041490649,
2.83725,-0.0105092032,
2.8375,-0.0000471293,
2.83775,-0.0081266984,
2.838,0.0123774000,
2.83825,0.0065921480,
2.8385,-0.0202424843,
2.83875,0.0097951395,
2.839,0.0103966575,
2.83925,0.0063542328,
2.8395,-0.0169857256,
2.83975,0.0195340905,
2.84,-0.0059206900,
2.84025,-0.0320303999,
2.8405,-0.0210447032,
2.84075,0.0093258843,
2.841,-0.0302563906,
2.84125,-0.0199311599,
2.8415,-0.0323414057,
2.84175,-0.0239922889,
2.842,-0.0037045777,
2.84225,-0.0074279290,
2.8425,-0.0339228511,
2.84275,0.0062688943,
2.843,0.0007526362,
2.84325,-0.0185703021,
2.8435,-0.0002395020,
2.84375,0.0133504514,
2.844,-0.0037139284,
2.84425,-0.0310260989,
2.8445,0.0084137078,
2.84475,-0.0162661299,
2.845,-0.0169750694,
2.84525,-0.0132027268,
2.8455,-0.0102733029,
2.84575,-0.0211331155,
2.846,-0.0319884792,
2.84625,-0.0278448518,
2.8465,0.0019523348,
2.84675,-0.0108206002,
2.847,-0.0028485460,
2.84725,-0.0114002964,
2.8475,0.0063105901,
2.84775,0.0014381605,
2.848,-0.0047480483,
2.84825,-0.0056358124,
2.8485,-0.0021038875,
2.84875,-0.0027658858,
2.849,0.0035902204,
2.84925,-0.0310493074,
2.8495,0.0312683508,
2.84975,0.0108169215,
2.85,0.0074528339,
2.85025,-0.0000992483,
2.8505,0.0178711452,
2.85075,0.0138602965,
2.851,0.0085237613,
2.85125,0.0017384531,
2.8515,-0.0055684941,
2.85175,0.0006091264,
2.852,-0.0303007439,
2.85225,-0.0364404656,
2.8525,0.0106244767,
2.85275,-0.0091605205,
2.853,-0.0322757438,
2.85325,0.0140787577,
2.8535,0.0175189525,
2.85375,-0.0060684551,
2.854,0.0313677378,
2.85425,0.0434577316,
2.8545,0.0043685231,
2.85475,0.0385237038,
2.855,0.0264600012,
2.85525,0.0052613211,
2.8555,0.0149170347,
2.85575,0.0169687867,
2.856,-0.0018568167,
2.85625,-0.0034008026,
2.8565,-0.0027583730,
2.85675,-0.0040783100,
2.857,-0.0176449697,
2.85725,-0.0136682289,
2.8575,0.0073530148,
2.85775,0.0188335441,
2.858,0.0051495084,
2.85825,0.0341691226,
2.8585,0.0325329006,
2.85875,0.0295594539,
2.859,0.0163461640,
2.85925,0.0470478311,
2.8595,0.0260818414,
2.85975,0.0040287822,
2.86,0.0055992645,
2.86025,0.0111673949,
2.8605,0.0087922569,
2.86075,0.0074728914,
2.861,0.0045492300,
2.86125,0.0160591565,
2.8615,0.0205792934,
2.86175,0.0124481861,
2.862,0.0369895287,
2.86225,0.0057758195,
2.8625,0.0410899818,
2.86275,-0.0152592473,
2.863,0.0203662328,
2.86325,0.0161237679,
2.8635,0.0260813385,
2.86375,0.0244984366,
2.864,0.0205600113,
2.86425,-0.0472969376,
2.8645,0.0289150421,
2.86475,0.0046223560,
2.865,-0.0159120951,
2.86525,-0.0035106691,
2.8655,0.0147843817,
2.86575,0.0213968121,
2.866,-0.0054339855,
2.86625,0.0359858349,
2.8665,0.0063109985,
2.86675,0.0007180710,
2.867,-0.0297559313,
2.86725,0.0222852007,
2.8675,-0.0200937241,
2.86775,-0.0221192688,
2.868,-0.0225341655,
2.86825,-0.0139107378,
2.8685,-0.0107223298,
2.86875,0.0120178787,
2.869,0.0108301649,
2.86925,0.0086432090,
2.8695,-0.0010267631,
2.86975,0.0258843433,
2.87,0.0199657883,
2.87025,0.0353224427,
2.8705,0.0330721214,
2.87075,0.0071544116,
2.871,0.0165719762,
2.87125,0.0291784331,
2.8715,0.0190299526,
2.87175,0.0166450143,
2.872,0.0225541163,
2.87225,0.0262871832,
2.8725,0.0378293097,
2.87275,0.0339500830,
2.873,0.0064630313,
2.87325,0.0182435587,
2.8735,0.0092802877,
2.87375,0.0045195031,
2.874,0.0192412995,
2.87425,0.0276919715,
2.8745,0.0203660093,
2.87475,0.0059364941,
2.875,-0.0049623717,
2.87525,0.0119518125,
2.8755,0.0221291594,
2.87575,0.0083200810,
2.876,0.0107642766,
2.87625,0.0128957918,
2.8765,0.0014014432,
2.87675,-0.0092399735,
2.877,0.0354433656,
2.87725,0.0080650197,
2.8775,0.0240275543,
2.87775,-0.0144257788,
2.878,0.0295650586,
2.87825,-0.1324635446,
2.8785,-0.0702666566,
2.87875,-0.0424563289,
2.879,-0.0188537911,
2.87925,0.0247468594,
2.8795,-0.0030349432,
2.87975,-0.0068427087,
2.88,-0.0147231026,
2.88025,0.0187456403,
2.8805,0.0001331323,
2.88075,-0.0210476387,
2.881,0.0106797479,
2.88125,0.0104212705,
2.8815,-0.0080636675,
2.88175,-0.0216738526,
2.882,0.0122528207,
2.88225,0.0004245676,
2.8825,0.0249487702,
2.88275,-0.0026413905,
2.883,0.0221507549,
2.88325,0.0031460812,
2.8835,-0.0047029909,
2.88375,-0.0310539976,
2.884,0.0003186023,
2.88425,-0.0287539922,
2.8845,-0.0559787117,
2.88475,-0.0617670491,
2.885,-0.0675948709,
2.88525,0.0223267097,
2.8855,-0.0681050271,
2.88575,0.0058101281,
2.886,-0.0090706768,
2.88625,-0.0331439450,
2.8865,0.0022266880,
2.88675,0.0005434837,
2.887,-0.0076179886,
2.88725,-0.0009508095,
2.8875,-0.0197033510,
2.88775,-0.0086097792,
2.888,-0.0364505798,
2.88825,-0.0103652868,
2.8885,-0.0417768434,
2.88875,-0.0356605202,
2.889,-0.0180723630,
2.88925,-0.0217478164,
2.8895,-0.0528993644,
2.88975,-0.0126127545,
2.89,-0.0335096419,
2.89025,0.0057074297,
2.8905,0.0028678770,
2.89075,-0.0097153550,
2.891,-0.0055972664,
2.89125,-0.0010032183,
2.8915,0.0107279979,
2.89175,-0.0000075537,
2.892,0.0122817233,
2.89225,0.0052048727,
2.8925,-0.0048349872,
2.89275,-0.0024679615,
2.893,0.0100358110,
2.89325,0.0017856814,
2.8935,-0.0019602133,
2.89375,0.0031990013,
2.894,-0.0041880137,
2.89425,-0.0378329270,
2.8945,-0.0377114564,
2.89475,-0.0682783052,
2.895,0.0071041123,
2.89525,0.0019179942,
2.8955,0.0044414094,
2.89575,-0.0220183004,
2.896,0.0219839625,
2.89625,-0.0064596664,
2.8965,0.0154651850,
2.89675,0.0086399335,
2.897,0.0258842018,
2.89725,0.0178556722,
2.8975,0.0260333698,
2.89775,0.0052833720,
2.898,0.0165377893,
2.89825,0.0243075006,
2.8985,0.0134973601,
2.89875,-0.0090729501,
2.899,0.0376327001,
2.89925,-0.0522006489,
2.8995,-0.0333525389,
2.89975,0.0024290872,
2.9,-0.0366964526,
2.90025,-0.0279252678,
2.9005,0.0021851205,
2.90075,0.0047296095,
2.901,0.0064679752,
2.90125,0.0398076102,
2.9015,0.0091954097,
2.90175,0.0294891763,
2.902,0.0415060595,
2.90225,0.0254572667,
2.9025,0.0205293931,
2.90275,0.0308789704,
2.903,0.0231320970,
2.90325,0.0264030024,
2.9035,0.0107988361,
2.90375,0.0314323083,
2.904,0.0184587426,
2.90425,0.0157134961,
2.9045,0.0119530000,
2.90475,-0.0028649853,
2.905,0.0088923164,
2.90525,0.0032041580,
2.9055,-0.0220490620,
2.90575,-0.0171609316,
2.906,0.0140931448,
2.90625,0.0114598265,
2.9065,-0.0258395523,
2.90675,0.0110735390,
2.907,0.0114684086,
2.90725,0.0050498797,
2.9075,0.0132361883,
2.90775,0.0004266014,
2.908,0.0205638912,
2.90825,0.0142164854,
2.9085,-0.0008730399,
2.90875,0.0027792291,
2.909,0.0168905817,
2.90925,0.0281209964,
2.9095,0.0048830681,
2.90975,0.0320970193,
2.91,0.0161196813,
2.91025,0.0011360805,
2.9105,-0.0002533563,
2.91075,0.0255846791,
2.911,0.0144203706,
2.91125,0.0081286952,
2.9115,0.0213543326,
2.91175,0.0018995667,
2.912,0.0023647223,
2.91225,0.0076656574,
2.9125,0.0263324678,
2.91275,0.0325114429,
2.913,0.0256192777,
2.91325,0.0238925777,
2.9135,0.0143752620,
2.91375,0.0130416779,
2.914,0.0437688828,
2.91425,-0.0182500537,
2.9145,0.0005958023,
2.91475,0.0242029671,
2.915,0.0077313771,
2.91525,0.0114096086,
2.9155,0.0212622453,
2.91575,0.0093986690,
2.916,0.0065053608,
2.91625,0.0226420891,
2.9165,0.0047447877,
2.91675,0.0028761122,
2.917,0.0109440070,
2.91725,-0.0001746807,
2.9175,0.0054471325,
2.91775,0.0246782769,
2.918,0.0104846256,
2.91825,0.0014368694,
2.9185,0.0208660997,
2.91875,-0.0009374081,
2.919,-0.0035654826,
2.91925,0.0028317901,
2.9195,0.0119642159,
2.91975,-0.0013253491,
2.92,-0.0070400699,
2.92025,0.0031584084,
2.9205,0.0045493012,
2.92075,0.0066583208,
2.921,0.0197447073,
2.92125,0.0028170142,
2.9215,0.0065961583,
2.92175,0.0090484079,
2.922,0.0084294369,
2.92225,-0.0074035926,
2.9225,0.0052733212,
2.92275,0.0057945312,
2.923,-0.0171343498,
2.92325,-0.0121438270,
2.9235,-0.0135932779,
2.92375,-0.0057254210,
2.924,-0.0090323128,
2.92425,0.0009978663,
2.9245,0.0071071181,
2.92475,0.0148014147,
2.925,-0.0043732636,
2.92525,-0.0159752276,
2.9255,-0.0050358605,
2.92575,-0.0179280918,
2.926,-0.0532341823,
2.92625,-0.0670194700,
2.9265,-0.0957396626,
2.92675,-0.0716582760,
2.927,-0.0465854444,
2.92725,-0.0706929341,
2.9275,0.0133879203,
2.92775,-0.0431463085,
2.928,-0.0275668539,
2.92825,-0.0375391394,
2.9285,-0.0044146832,
2.92875,-0.0267365016,
2.929,-0.0379639156,
2.92925,0.0010757147,
2.9295,-0.0160812400,
2.92975,0.0043670735,
2.93,-0.0158261731,
2.93025,-0.0364130698,
2.9305,-0.0253516734,
2.93075,-0.0123972353,
2.931,-0.0051180250,
2.93125,-0.0128895026,
2.9315,-0.0045996839,
2.93175,-0.0429711640,
2.932,-0.0467083193,
2.93225,-0.0243575852,
2.9325,-0.0823353976,
2.93275,0.0137909679,
2.933,-0.0389326960,
2.93325,-0.0315526985,
2.9335,-0.0022380736,
2.93375,-0.0111353863,
2.934,-0.0171043500,
2.93425,-0.0124661382,
2.9345,0.0059424522,
2.93475,-0.0093781948,
2.935,-0.0084472578,
2.93525,-0.0089838719,
2.9355,0.0066426303,
2.93575,-0.0049037808,
2.936,-0.0000843535,
2.93625,0.0064575062,
2.9365,0.0110336542,
2.93675,0.0130310319,
2.937,-0.0008238220,
2.93725,-0.0417331681,
2.9375,-0.0079642031,
2.93775,-0.0028612628,
2.938,-0.0060257823,
2.93825,-0.0304952003,
2.9385,-0.0059142588,
2.93875,-0.0039067371,
2.939,-0.0204353333,
2.93925,-0.0096477810,
2.9395,0.0087337866,
2.93975,0.0022868083,
2.94,-0.0102622155,
2.94025,0.0098304991,
2.9405,-0.0135538615,
2.94075,-0.0224259887,
2.941,-0.0266671758,
2.94125,-0.0067152404,
2.9415,0.0075747753,
2.94175,0.0129223466,
2.942,0.0086150095,
2.94225,0.0031437417,
2.9425,0.0068313675,
2.94275,-0.0159231331,
2.943,-0.0441327132,
2.94325,-0.0032707278,
2.9435,0.0076819817,
2.94375,-0.0014681804,
2.944,-0.0293937288,
2.94425,0.0202889834,
2.9445,0.0128950197,
2.94475,0.0149885835,
2.945,-0.0028356563,
2.94525,0.0227326248,
2.9455,0.0027719946,
2.94575,0.0149580259,
2.946,-0.0028274972,
2.94625,0.0282407459,
2.9465,0.0275878198,
2.94675,-0.0083506703,
2.947,-0.0007585412,
2.94725,0.0193110593,
2.9475,0.0175096709,
2.94775,0.0199637860,
2.948,0.0077167666,
2.94825,-0.0012552477,
2.9485,0.0239873268,
2.94875,0.0075272210,
2.949,0.0045014154,
2.94925,-0.0067200419,
2.9495,0.0363363475,
2.94975,-0.0014795236,
2.95,-0.0011343347,
2.95025,0.0288814753,
2.9505,0.0308148786,
2.95075,0.0128001533,
2.951,0.0188848544,
2.95125,0.0229913741,
2.9515,0.0151101276,
2.95175,0.0025763824,
2.952,0.0157693475,
2.95225,0.0431796350,
2.9525,0.0233780313,
2.95275,0.0065367664,
2.953,0.0074897232,
2.95325,0.0190070216,
2.9535,0.0102425171,
2.95375,0.0031244569,
2.954,0.0043397686,
2.95425,-0.0084638745,
2.9545,0.0258875079,
2.95475,0.0061623808,
2.955,0.0084616784,
2.95525,0.0279360153,
2.9555,0.0286005046,
2.95575,0.0157516226,
2.956,0.0298138298,
2.95625,0.0277084894,
2.9565,0.0249423180,
2.95675,0.0228274222,
2.957,0.0377182364,
2.95725,-0.0100933090,
2.9575,0.0105599323,
2.95775,0.0254588369,
2.958,-0.0260039829,
2.95825,0.0429123044,
2.9585,0.0286780465,
2.95875,-0.0074753873,
2.959,0.0131049249,
2.95925,0.0570274219,
2.9595,-0.0036242136,
2.95975,-0.0007572288,
2.96,0.0295633338,
2.96025,0.0067426329,
2.9605,0.0228358060,
2.96075,0.0192912593,
2.961,0.0096610226,
2.96125,0.0234333761,
2.9615,0.0082911961,
2.96175,0.0057490459,
2.962,0.0047028866,
2.96225,0.0057049636,
2.9625,0.0124346940,
2.96275,0.0124976216,
2.963,0.0234301165,
2.96325,0.0254110545,
2.9635,0.0179754235,
2.96375,0.0035997136,
2.964,0.0138294930,
2.96425,0.0299549568,
2.9645,-0.0008000107,
2.96475,-0.0240507051,
2.965,0.0119538903,
2.96525,-0.0001847458,
2.9655,0.0226336457,
2.96575,0.0010622302,
2.966,-0.0022200807,
2.96625,0.0215916410,
2.9665,0.0064647142,
2.96675,-0.0036910158,
2.967,0.0266898219,
2.96725,0.0072090467,
2.9675,0.0257537421,
2.96775,-0.0166627653,
2.968,0.0170397591,
2.96825,0.0369931981,
2.9685,0.0015485770,
2.96875,0.0092900228,
2.969,0.0213955529,
2.96925,0.0033480781,
2.9695,0.0001171036,
2.96975,0.0161201376,
2.97,0.0051644892,
2.97025,-0.0027791448,
2.9705,0.0068332292,
2.97075,-0.0132909585,
2.971,-0.0007623895,
2.97125,0.0208760276,
2.9715,0.0012545941,
2.97175,-0.0007428863,
2.972,0.0200825762,
2.97225,0.0050675701,
2.9725,0.0141631011,
2.97275,0.0040866458,
2.973,-0.0035210748,
2.97325,-0.0031249071,
2.9735,-0.0055711675,
2.97375,-0.0037466430,
2.974,0.0075636562,
2.97425,-0.0038295267,
2.9745,-0.0092840046,
2.97475,-0.0293029938,
2.975,-0.0058267890,
2.97525,-0.0335394070,
2.9755,-0.0357579738,
2.97575,-0.0165465679,
2.976,-0.0042754421,
2.97625,-0.0032768282,
2.9765,-0.0057711871,
2.97675,0.0070193456,
2.977,0.0100952443,
2.97725,0.0087376190,
2.9775,0.0010339330,
2.97775,0.0102778077,
2.978,0.0127684027,
2.97825,-0.0028622660,
2.9785,-0.0038514659,
2.97875,0.0206930283,
2.979,-0.0108563639,
2.97925,0.0099019939,
2.9795,0.0055973954,
2.97975,0.0044606249,
2.98,-0.0033600796,
2.98025,0.0175991580,
2.9805,-0.0010270749,
2.98075,-0.0394401997,
2.981,0.0310152024,
2.98125,-0.0136634223,
2.9815,-0.0146089550,
2.98175,0.0011360440,
2.982,0.0152069107,
2.98225,-0.0161093678,
2.9825,-0.0045596710,
2.98275,-0.0040362445,
2.983,-0.0051797470,
2.98325,-0.0032376426,
2.9835,0.0141347088,
2.98375,-0.0067493552,
2.984,0.0038987733,
2.98425,-0.0029016421,
2.9845,-0.0048047183,
2.98475,0.0020965450,
2.985,0.0129886959,
2.98525,-0.0025264975,
2.9855,-0.0147464545,
2.98575,-0.0251276232,
2.986,0.0068538352,
2.98625,-0.0189930163,
2.9865,-0.0030219285,
2.98675,-0.0041240589,
2.987,0.0166473761,
2.98725,-0.0032650521,
2.9875,0.0109961526,
2.98775,0.0105522033,
2.988,0.0313841663,
2.98825,0.0090512186,
2.9885,0.0163960867,
2.98875,0.0212572962,
2.989,0.0212294441,
2.98925,0.0013536237,
2.9895,-0.0180120002,
2.98975,0.0175772831,
2.99,0.0075163078,
2.99025,-0.0003709106,
2.9905,0.0036445830,
2.99075,-0.0032907608,
2.991,0.0072785709,
2.99125,0.0073711271,
2.9915,-0.0214808472,
2.99175,0.0026190013,
2.992,0.0026261662,
2.99225,-0.0031619009,
2.9925,-0.0127488673,
2.99275,0.0083221197,
2.993,0.0168666355,
2.99325,-0.0125868144,
2.9935,-0.0027797879,
2.99375,0.0139513612,
2.994,0.0161274336,
2.99425,0.0055382778,
2.9945,-0.0075496105,
2.99475,0.0172397103,
2.995,0.0295359530,
2.99525,0.0142562157,
2.9955,-0.0111264186,
2.99575,0.0538468771,
2.996,-0.0464428738,
2.99625,-0.0189904608,
2.9965,-0.0545743816,
2.99675,-0.0009168135,
2.997,0.0269558616,
2.99725,0.0026287725,
2.9975,-0.0087521793,
2.99775,-0.0126607921,
2.998,-0.0036385139,
2.99825,0.0113917878,
2.9985,0.0183188934,
2.99875,0.0311938655,
2.999,0.0281614885,
2.99925,0.0357662514,
2.9995,0.0116234450,
2.99975,0.0317159072,